
2026-08-05 00:59:32 ======================================================================
2026-08-05 00:59:32 training_loop_mp launched | N=2 board=9x9 | sims=600 games/iter=40 | self_play=parallel workers=8 vec_games=0
2026-08-05 00:59:32 checkpoint_dir=/tf/dl-quoridor/runs/n2_9x9_v7 | eval=160+40+40 greedy | accept_margin=0.08 | buffer=100000
2026-08-05 00:59:32 train_steps=600 max_moves=160 explore_moves=20 warmup=5000 discount=0.99/round leaf_batch=16 vloss=1.0
2026-08-05 00:59:32 resources: 16 usable cpus (cgroup quota), 128 GB limit (host 1623 GB), gpu: NVIDIA RTX PRO 6000 Blackwell Server Edition, 22 GB, rss=1.58 GB at launch
2026-08-05 00:59:32 ======================================================================
2026-08-05 00:59:32 Config frozen -> /tf/dl-quoridor/runs/n2_9x9_v7/config.json
2026-08-05 00:59:32 Champion initialised from the starting model -> /tf/dl-quoridor/runs/n2_9x9_v7/best.pt
2026-08-05 00:59:32 Starting N=2 training: 60 iterations, 40 games/iter, 600 sims
2026-08-05 00:59:32 [iter 1/60] self-play starting (40 games, 600 sims, MIXED 20/40 race-only)...
2026-08-05 00:59:32 [PARALLEL-MP] 8 workers spawned (40 games, sims=600), GPU batcher starting...
2026-08-05 00:59:42   [GPU] 50,047 evals (788 batches, avg 64/batch = 12% of 512, 5087 evals/s, 338 msg/s, 15.0 leaves/msg, 10s)
2026-08-05 00:59:50   [GPU] 100,005 evals (1582 batches, avg 63/batch = 12% of 512, 5512 evals/s, 369 msg/s, 15.0 leaves/msg, 18s)
2026-08-05 00:59:56 [iter 1/60] self-play: 5/40 games...
2026-08-05 00:59:58   [GPU] 150,024 evals (2385 batches, avg 63/batch = 12% of 512, 5718 evals/s, 385 msg/s, 14.8 leaves/msg, 26s)
2026-08-05 01:00:06   [GPU] 200,050 evals (3187 batches, avg 63/batch = 12% of 512, 5840 evals/s, 393 msg/s, 14.9 leaves/msg, 34s)
2026-08-05 01:00:13   [GPU] 250,034 evals (3851 batches, avg 65/batch = 13% of 512, 6067 evals/s, 408 msg/s, 14.9 leaves/msg, 41s)
2026-08-05 01:00:20   [GPU] 300,004 evals (4488 batches, avg 67/batch = 13% of 512, 6254 evals/s, 421 msg/s, 14.9 leaves/msg, 48s)
2026-08-05 01:00:26   [GPU] 350,063 evals (5079 batches, avg 69/batch = 13% of 512, 6467 evals/s, 435 msg/s, 14.9 leaves/msg, 54s)
2026-08-05 01:00:32   [GPU] 400,086 evals (5649 batches, avg 71/batch = 14% of 512, 6667 evals/s, 450 msg/s, 14.8 leaves/msg, 60s)
2026-08-05 01:00:38   [GPU] 450,094 evals (6188 batches, avg 73/batch = 14% of 512, 6849 evals/s, 462 msg/s, 14.8 leaves/msg, 66s)
2026-08-05 01:00:43   [GPU] 500,031 evals (6730 batches, avg 74/batch = 15% of 512, 6992 evals/s, 471 msg/s, 14.8 leaves/msg, 72s)
2026-08-05 01:00:49   [GPU] 550,061 evals (7254 batches, avg 76/batch = 15% of 512, 7121 evals/s, 480 msg/s, 14.8 leaves/msg, 77s)
2026-08-05 01:00:55   [GPU] 600,073 evals (7806 batches, avg 77/batch = 15% of 512, 7235 evals/s, 488 msg/s, 14.8 leaves/msg, 83s)
2026-08-05 01:01:00   [GPU] 650,012 evals (8323 batches, avg 78/batch = 15% of 512, 7342 evals/s, 495 msg/s, 14.8 leaves/msg, 89s)
2026-08-05 01:01:06   [GPU] 700,005 evals (8769 batches, avg 80/batch = 16% of 512, 7466 evals/s, 503 msg/s, 14.8 leaves/msg, 94s)
2026-08-05 01:01:07 [iter 1/60] self-play: 10/40 games...
2026-08-05 01:01:11   [GPU] 750,080 evals (9286 batches, avg 81/batch = 16% of 512, 7541 evals/s, 511 msg/s, 14.8 leaves/msg, 99s)
2026-08-05 01:01:16 [iter 1/60] self-play: 15/40 games...
2026-08-05 01:01:18   [GPU] 800,050 evals (9910 batches, avg 81/batch = 16% of 512, 7549 evals/s, 511 msg/s, 14.8 leaves/msg, 106s)
2026-08-05 01:01:25   [GPU] 850,042 evals (10580 batches, avg 80/batch = 16% of 512, 7532 evals/s, 510 msg/s, 14.8 leaves/msg, 113s)
2026-08-05 01:01:32   [GPU] 900,035 evals (11204 batches, avg 80/batch = 16% of 512, 7524 evals/s, 509 msg/s, 14.8 leaves/msg, 120s)
2026-08-05 01:01:38   [GPU] 950,045 evals (11848 batches, avg 80/batch = 16% of 512, 7517 evals/s, 508 msg/s, 14.8 leaves/msg, 126s)
2026-08-05 01:01:39 [iter 1/60] self-play: 20/40 games...
2026-08-05 01:01:45   [GPU] 1,000,073 evals (12557 batches, avg 80/batch = 16% of 512, 7492 evals/s, 507 msg/s, 14.8 leaves/msg, 133s)
2026-08-05 01:01:52   [GPU] 1,050,021 evals (13224 batches, avg 79/batch = 16% of 512, 7486 evals/s, 506 msg/s, 14.8 leaves/msg, 140s)
2026-08-05 01:01:59   [GPU] 1,100,069 evals (13915 batches, avg 79/batch = 15% of 512, 7480 evals/s, 505 msg/s, 14.8 leaves/msg, 147s)
2026-08-05 01:02:06   [GPU] 1,150,044 evals (14603 batches, avg 79/batch = 15% of 512, 7465 evals/s, 505 msg/s, 14.8 leaves/msg, 154s)
2026-08-05 01:02:06 [iter 1/60] self-play: 25/40 games...
2026-08-05 01:02:13   [GPU] 1,200,083 evals (15288 batches, avg 78/batch = 15% of 512, 7458 evals/s, 504 msg/s, 14.8 leaves/msg, 161s)
2026-08-05 01:02:19   [GPU] 1,250,108 evals (15864 batches, avg 79/batch = 15% of 512, 7474 evals/s, 505 msg/s, 14.8 leaves/msg, 167s)
2026-08-05 01:02:25   [GPU] 1,300,045 evals (16455 batches, avg 79/batch = 15% of 512, 7490 evals/s, 506 msg/s, 14.8 leaves/msg, 174s)
2026-08-05 01:02:32   [GPU] 1,350,008 evals (17052 batches, avg 79/batch = 15% of 512, 7507 evals/s, 507 msg/s, 14.8 leaves/msg, 180s)
2026-08-05 01:02:38   [GPU] 1,400,011 evals (17658 batches, avg 79/batch = 15% of 512, 7531 evals/s, 509 msg/s, 14.8 leaves/msg, 186s)
2026-08-05 01:02:43   [GPU] 1,450,002 evals (18202 batches, avg 80/batch = 16% of 512, 7571 evals/s, 511 msg/s, 14.8 leaves/msg, 192s)
2026-08-05 01:02:49   [GPU] 1,500,080 evals (18688 batches, avg 80/batch = 16% of 512, 7621 evals/s, 515 msg/s, 14.8 leaves/msg, 197s)
2026-08-05 01:02:54   [GPU] 1,550,074 evals (19199 batches, avg 81/batch = 16% of 512, 7653 evals/s, 517 msg/s, 14.8 leaves/msg, 203s)
2026-08-05 01:03:01   [GPU] 1,600,030 evals (19785 batches, avg 81/batch = 16% of 512, 7667 evals/s, 517 msg/s, 14.8 leaves/msg, 209s)
2026-08-05 01:03:02 [iter 1/60] self-play: 30/40 games...
2026-08-05 01:03:07   [GPU] 1,650,044 evals (20355 batches, avg 81/batch = 16% of 512, 7689 evals/s, 519 msg/s, 14.8 leaves/msg, 215s)
2026-08-05 01:03:13   [GPU] 1,700,014 evals (20949 batches, avg 81/batch = 16% of 512, 7698 evals/s, 519 msg/s, 14.8 leaves/msg, 221s)
2026-08-05 01:03:19   [GPU] 1,750,006 evals (21549 batches, avg 81/batch = 16% of 512, 7701 evals/s, 520 msg/s, 14.8 leaves/msg, 227s)
2026-08-05 01:03:23 [iter 1/60] self-play: 35/40 games...
2026-08-05 01:03:30   [GPU] 1,800,003 evals (22501 batches, avg 80/batch = 16% of 512, 7559 evals/s, 510 msg/s, 14.8 leaves/msg, 238s)
2026-08-05 01:03:42   [GPU] 1,850,003 evals (23498 batches, avg 79/batch = 15% of 512, 7390 evals/s, 499 msg/s, 14.8 leaves/msg, 250s)
2026-08-05 01:03:57   [GPU] 1,900,005 evals (24669 batches, avg 77/batch = 15% of 512, 7160 evals/s, 483 msg/s, 14.8 leaves/msg, 265s)
2026-08-05 01:04:20   [GPU] 1,950,020 evals (26368 batches, avg 74/batch = 14% of 512, 6780 evals/s, 458 msg/s, 14.8 leaves/msg, 288s)
2026-08-05 01:04:44   [GPU] 2,000,007 evals (28227 batches, avg 71/batch = 14% of 512, 6412 evals/s, 433 msg/s, 14.8 leaves/msg, 312s)
2026-08-05 01:04:53 [iter 1/60] self-play: 40/40 games...
2026-08-05 01:04:53 [iter 1/60] self-play done: 40 games (321s) | wins: P0=13, P1=14, draw=13 | draw_rate=32% avg_len~33
2026-08-05 01:04:53 [iter 1/60] WARNING: draw_rate 32% > 20% — games timing out at max_game_moves=160 (weak value signal).
2026-08-05 01:04:53 [iter 1/60] training (600 steps, lr=1.00e-03)...
2026-08-05 01:04:53 [iter 1/60] training skipped — buffer 2668 < warmup 5000 (filling)
2026-08-05 01:04:53 [iter 1/60] training done: loss_p=0.000 loss_v=0.000 (0s)
2026-08-05 01:04:54 [iter 1/60] data: policy_wall_mass=0.057 walled_states=18% walls_on_board=5.2 value_mae walled=0.717 free=0.795
2026-08-05 01:04:54 [iter 1/60] eval skipped (eval_every=4)
2026-08-05 01:04:54 >>> iter 1 | loss_p=0.000 loss_v=0.000 | vs_best=n/a (not evaluated) | vs_rand=n/a | draw=32% | buf=2668 | rss=1.66GB | sp=321s train=0s eval_best=0s eval_rand=0s | total=323s
2026-08-05 01:04:54 [iter 2/60] self-play starting (40 games, 600 sims, MIXED 20/40 race-only)...
2026-08-05 01:04:54 [PARALLEL-MP] 8 workers spawned (40 games, sims=600), GPU batcher starting...
2026-08-05 01:05:04   [GPU] 50,007 evals (796 batches, avg 63/batch = 12% of 512, 5009 evals/s, 334 msg/s, 15.0 leaves/msg, 10s)
2026-08-05 01:05:13   [GPU] 100,043 evals (1609 batches, avg 62/batch = 12% of 512, 5449 evals/s, 362 msg/s, 15.1 leaves/msg, 18s)
2026-08-05 01:05:19 [iter 2/60] self-play: 5/40 games...
2026-08-05 01:05:21   [GPU] 150,022 evals (2417 batches, avg 62/batch = 12% of 512, 5632 evals/s, 379 msg/s, 14.9 leaves/msg, 27s)
2026-08-05 01:05:29   [GPU] 200,039 evals (3158 batches, avg 63/batch = 12% of 512, 5847 evals/s, 394 msg/s, 14.8 leaves/msg, 34s)
2026-08-05 01:05:36   [GPU] 250,044 evals (3870 batches, avg 65/batch = 13% of 512, 6027 evals/s, 406 msg/s, 14.9 leaves/msg, 41s)
2026-08-05 01:05:43   [GPU] 300,057 evals (4572 batches, avg 66/batch = 13% of 512, 6223 evals/s, 419 msg/s, 14.9 leaves/msg, 48s)
2026-08-05 01:05:49   [GPU] 350,055 evals (5139 batches, avg 68/batch = 13% of 512, 6383 evals/s, 429 msg/s, 14.9 leaves/msg, 55s)
2026-08-05 01:05:56   [GPU] 400,019 evals (5744 batches, avg 70/batch = 14% of 512, 6467 evals/s, 435 msg/s, 14.9 leaves/msg, 62s)
2026-08-05 01:06:00 [iter 2/60] self-play: 10/40 games...
2026-08-05 01:06:04   [GPU] 450,036 evals (6354 batches, avg 71/batch = 14% of 512, 6501 evals/s, 440 msg/s, 14.8 leaves/msg, 69s)
2026-08-05 01:06:12   [GPU] 500,066 evals (7069 batches, avg 71/batch = 14% of 512, 6431 evals/s, 437 msg/s, 14.7 leaves/msg, 78s)
2026-08-05 01:06:21   [GPU] 550,013 evals (7828 batches, avg 70/batch = 14% of 512, 6357 evals/s, 432 msg/s, 14.7 leaves/msg, 87s)
2026-08-05 01:06:30   [GPU] 600,022 evals (8575 batches, avg 70/batch = 14% of 512, 6296 evals/s, 427 msg/s, 14.7 leaves/msg, 95s)
2026-08-05 01:06:38   [GPU] 650,106 evals (9273 batches, avg 70/batch = 14% of 512, 6288 evals/s, 426 msg/s, 14.8 leaves/msg, 103s)
2026-08-05 01:06:44 [iter 2/60] self-play: 15/40 games...
2026-08-05 01:06:45   [GPU] 700,117 evals (9877 batches, avg 71/batch = 14% of 512, 6326 evals/s, 429 msg/s, 14.8 leaves/msg, 111s)
2026-08-05 01:06:52   [GPU] 750,016 evals (10478 batches, avg 72/batch = 14% of 512, 6360 evals/s, 431 msg/s, 14.8 leaves/msg, 118s)
2026-08-05 01:07:00   [GPU] 800,033 evals (11178 batches, avg 72/batch = 14% of 512, 6349 evals/s, 430 msg/s, 14.8 leaves/msg, 126s)
2026-08-05 01:07:08   [GPU] 850,023 evals (11831 batches, avg 72/batch = 14% of 512, 6359 evals/s, 430 msg/s, 14.8 leaves/msg, 134s)
2026-08-05 01:07:11 [iter 2/60] self-play: 20/40 games...
2026-08-05 01:07:16   [GPU] 900,089 evals (12507 batches, avg 72/batch = 14% of 512, 6350 evals/s, 430 msg/s, 14.8 leaves/msg, 142s)
2026-08-05 01:07:25   [GPU] 950,003 evals (13219 batches, avg 72/batch = 14% of 512, 6332 evals/s, 429 msg/s, 14.8 leaves/msg, 150s)
2026-08-05 01:07:32   [GPU] 1,000,033 evals (13902 batches, avg 72/batch = 14% of 512, 6332 evals/s, 428 msg/s, 14.8 leaves/msg, 158s)
2026-08-05 01:07:40   [GPU] 1,050,108 evals (14580 batches, avg 72/batch = 14% of 512, 6327 evals/s, 428 msg/s, 14.8 leaves/msg, 166s)
2026-08-05 01:07:46 [iter 2/60] self-play: 25/40 games...
2026-08-05 01:07:48   [GPU] 1,100,025 evals (15253 batches, avg 72/batch = 14% of 512, 6326 evals/s, 429 msg/s, 14.8 leaves/msg, 174s)
2026-08-05 01:07:57   [GPU] 1,150,003 evals (16033 batches, avg 72/batch = 14% of 512, 6294 evals/s, 427 msg/s, 14.7 leaves/msg, 183s)
2026-08-05 01:08:02 [iter 2/60] self-play: 30/40 games...
2026-08-05 01:08:06   [GPU] 1,200,030 evals (16788 batches, avg 71/batch = 14% of 512, 6272 evals/s, 426 msg/s, 14.7 leaves/msg, 191s)
2026-08-05 01:08:15   [GPU] 1,250,031 evals (17557 batches, avg 71/batch = 14% of 512, 6242 evals/s, 424 msg/s, 14.7 leaves/msg, 200s)
2026-08-05 01:08:25   [GPU] 1,300,078 evals (18427 batches, avg 71/batch = 14% of 512, 6164 evals/s, 418 msg/s, 14.7 leaves/msg, 211s)
2026-08-05 01:08:36   [GPU] 1,350,015 evals (19322 batches, avg 70/batch = 14% of 512, 6088 evals/s, 413 msg/s, 14.7 leaves/msg, 222s)
2026-08-05 01:08:45   [GPU] 1,400,082 evals (20029 batches, avg 70/batch = 14% of 512, 6068 evals/s, 412 msg/s, 14.7 leaves/msg, 231s)
2026-08-05 01:08:53 [iter 2/60] self-play: 35/40 games...
2026-08-05 01:08:54   [GPU] 1,450,064 evals (20668 batches, avg 70/batch = 14% of 512, 6058 evals/s, 411 msg/s, 14.7 leaves/msg, 239s)
2026-08-05 01:09:04   [GPU] 1,500,005 evals (21380 batches, avg 70/batch = 14% of 512, 6011 evals/s, 408 msg/s, 14.7 leaves/msg, 250s)
2026-08-05 01:09:15   [GPU] 1,550,018 evals (22176 batches, avg 70/batch = 14% of 512, 5943 evals/s, 403 msg/s, 14.7 leaves/msg, 261s)
2026-08-05 01:09:28   [GPU] 1,600,038 evals (23025 batches, avg 69/batch = 14% of 512, 5856 evals/s, 397 msg/s, 14.7 leaves/msg, 273s)
2026-08-05 01:09:42   [GPU] 1,650,000 evals (24021 batches, avg 69/batch = 13% of 512, 5733 evals/s, 389 msg/s, 14.7 leaves/msg, 288s)
2026-08-05 01:10:05 [iter 2/60] self-play: 40/40 games...
2026-08-05 01:10:05 [iter 2/60] self-play done: 40 games (311s) | wins: P0=10, P1=19, draw=11 | draw_rate=28% avg_len~29
2026-08-05 01:10:05 [iter 2/60] WARNING: draw_rate 28% > 20% — games timing out at max_game_moves=160 (weak value signal).
2026-08-05 01:10:05 [iter 2/60] training (600 steps, lr=9.99e-04)...
2026-08-05 01:10:05 [iter 2/60] training skipped — buffer 4954 < warmup 5000 (filling)
2026-08-05 01:10:05 [iter 2/60] training done: loss_p=0.000 loss_v=0.000 (0s)
2026-08-05 01:10:10 [iter 2/60] data: policy_wall_mass=0.107 walled_states=33% walls_on_board=10.0 value_mae walled=0.774 free=0.834
2026-08-05 01:10:10 [iter 2/60] eval skipped (eval_every=4)
2026-08-05 01:10:10 >>> iter 2 | loss_p=0.000 loss_v=0.000 | vs_best=n/a (not evaluated) | vs_rand=n/a | draw=28% | buf=4954 | rss=1.70GB | sp=311s train=0s eval_best=0s eval_rand=0s | total=315s
2026-08-05 01:10:10 [iter 3/60] self-play starting (40 games, 600 sims, MIXED 20/40 race-only)...
2026-08-05 01:10:10 [PARALLEL-MP] 8 workers spawned (40 games, sims=600), GPU batcher starting...
2026-08-05 01:10:22   [GPU] 50,050 evals (835 batches, avg 60/batch = 12% of 512, 4109 evals/s, 274 msg/s, 15.0 leaves/msg, 12s)
2026-08-05 01:10:32   [GPU] 100,035 evals (1659 batches, avg 60/batch = 12% of 512, 4570 evals/s, 303 msg/s, 15.1 leaves/msg, 22s)
2026-08-05 01:10:41   [GPU] 150,027 evals (2452 batches, avg 61/batch = 12% of 512, 4795 evals/s, 321 msg/s, 15.0 leaves/msg, 31s)
2026-08-05 01:10:42 [iter 3/60] self-play: 5/40 games...
2026-08-05 01:10:50   [GPU] 200,058 evals (3261 batches, avg 61/batch = 12% of 512, 4919 evals/s, 329 msg/s, 15.0 leaves/msg, 41s)
2026-08-05 01:10:59   [GPU] 250,076 evals (3997 batches, avg 63/batch = 12% of 512, 5080 evals/s, 340 msg/s, 14.9 leaves/msg, 49s)
2026-08-05 01:11:07   [GPU] 300,067 evals (4724 batches, avg 64/batch = 12% of 512, 5215 evals/s, 351 msg/s, 14.9 leaves/msg, 58s)
2026-08-05 01:11:15   [GPU] 350,033 evals (5406 batches, avg 65/batch = 13% of 512, 5344 evals/s, 359 msg/s, 14.9 leaves/msg, 66s)
2026-08-05 01:11:23   [GPU] 400,060 evals (6062 batches, avg 66/batch = 13% of 512, 5488 evals/s, 371 msg/s, 14.8 leaves/msg, 73s)
2026-08-05 01:11:29   [GPU] 450,053 evals (6600 batches, avg 68/batch = 13% of 512, 5640 evals/s, 381 msg/s, 14.8 leaves/msg, 80s)
2026-08-05 01:11:32 [iter 3/60] self-play: 10/40 games...
2026-08-05 01:11:37   [GPU] 500,086 evals (7238 batches, avg 69/batch = 13% of 512, 5711 evals/s, 387 msg/s, 14.8 leaves/msg, 88s)
2026-08-05 01:11:45   [GPU] 550,013 evals (7892 batches, avg 70/batch = 14% of 512, 5754 evals/s, 389 msg/s, 14.8 leaves/msg, 96s)
2026-08-05 01:11:53   [GPU] 600,054 evals (8543 batches, avg 70/batch = 14% of 512, 5790 evals/s, 391 msg/s, 14.8 leaves/msg, 104s)
2026-08-05 01:12:01   [GPU] 650,001 evals (9202 batches, avg 71/batch = 14% of 512, 5824 evals/s, 393 msg/s, 14.8 leaves/msg, 112s)
2026-08-05 01:12:09   [GPU] 700,013 evals (9869 batches, avg 71/batch = 14% of 512, 5868 evals/s, 396 msg/s, 14.8 leaves/msg, 119s)
2026-08-05 01:12:17   [GPU] 750,055 evals (10506 batches, avg 71/batch = 14% of 512, 5905 evals/s, 399 msg/s, 14.8 leaves/msg, 127s)
2026-08-05 01:12:23 [iter 3/60] self-play: 15/40 games...
2026-08-05 01:12:24   [GPU] 800,080 evals (11130 batches, avg 72/batch = 14% of 512, 5939 evals/s, 401 msg/s, 14.8 leaves/msg, 135s)
2026-08-05 01:12:32   [GPU] 850,051 evals (11753 batches, avg 72/batch = 14% of 512, 5958 evals/s, 402 msg/s, 14.8 leaves/msg, 143s)
2026-08-05 01:12:41   [GPU] 900,008 evals (12496 batches, avg 72/batch = 14% of 512, 5941 evals/s, 401 msg/s, 14.8 leaves/msg, 151s)
2026-08-05 01:12:45 [iter 3/60] self-play: 20/40 games...
2026-08-05 01:12:50   [GPU] 950,029 evals (13241 batches, avg 72/batch = 14% of 512, 5938 evals/s, 401 msg/s, 14.8 leaves/msg, 160s)
2026-08-05 01:12:58   [GPU] 1,000,007 evals (13953 batches, avg 72/batch = 14% of 512, 5930 evals/s, 400 msg/s, 14.8 leaves/msg, 169s)
2026-08-05 01:13:07   [GPU] 1,050,003 evals (14640 batches, avg 72/batch = 14% of 512, 5932 evals/s, 400 msg/s, 14.8 leaves/msg, 177s)
2026-08-05 01:13:14   [GPU] 1,100,028 evals (15280 batches, avg 72/batch = 14% of 512, 5952 evals/s, 402 msg/s, 14.8 leaves/msg, 185s)
2026-08-05 01:13:23   [GPU] 1,150,050 evals (15949 batches, avg 72/batch = 14% of 512, 5962 evals/s, 403 msg/s, 14.8 leaves/msg, 193s)
2026-08-05 01:13:30   [GPU] 1,200,097 evals (16587 batches, avg 72/batch = 14% of 512, 5980 evals/s, 404 msg/s, 14.8 leaves/msg, 201s)
2026-08-05 01:13:36 [iter 3/60] self-play: 25/40 games...
2026-08-05 01:13:38   [GPU] 1,250,035 evals (17194 batches, avg 73/batch = 14% of 512, 6008 evals/s, 406 msg/s, 14.8 leaves/msg, 208s)
2026-08-05 01:13:46   [GPU] 1,300,064 evals (17837 batches, avg 73/batch = 14% of 512, 6020 evals/s, 406 msg/s, 14.8 leaves/msg, 216s)
2026-08-05 01:13:54   [GPU] 1,350,019 evals (18521 batches, avg 73/batch = 14% of 512, 6024 evals/s, 407 msg/s, 14.8 leaves/msg, 224s)
2026-08-05 01:14:02   [GPU] 1,400,023 evals (19212 batches, avg 73/batch = 14% of 512, 6025 evals/s, 407 msg/s, 14.8 leaves/msg, 232s)
2026-08-05 01:14:10   [GPU] 1,450,071 evals (19936 batches, avg 73/batch = 14% of 512, 6021 evals/s, 407 msg/s, 14.8 leaves/msg, 241s)
2026-08-05 01:14:11 [iter 3/60] self-play: 30/40 games...
2026-08-05 01:14:18   [GPU] 1,500,014 evals (20581 batches, avg 73/batch = 14% of 512, 6035 evals/s, 408 msg/s, 14.8 leaves/msg, 249s)
2026-08-05 01:14:27   [GPU] 1,550,053 evals (21346 batches, avg 73/batch = 14% of 512, 6017 evals/s, 407 msg/s, 14.8 leaves/msg, 258s)
2026-08-05 01:14:37   [GPU] 1,600,033 evals (22121 batches, avg 72/batch = 14% of 512, 5993 evals/s, 405 msg/s, 14.8 leaves/msg, 267s)
2026-08-05 01:14:46   [GPU] 1,650,062 evals (22901 batches, avg 72/batch = 14% of 512, 5964 evals/s, 403 msg/s, 14.8 leaves/msg, 277s)
2026-08-05 01:14:55   [GPU] 1,700,014 evals (23561 batches, avg 72/batch = 14% of 512, 5958 evals/s, 403 msg/s, 14.8 leaves/msg, 285s)
2026-08-05 01:14:56 [iter 3/60] self-play: 35/40 games...
2026-08-05 01:15:05   [GPU] 1,750,003 evals (24297 batches, avg 72/batch = 14% of 512, 5924 evals/s, 401 msg/s, 14.8 leaves/msg, 295s)
2026-08-05 01:15:18   [GPU] 1,800,007 evals (25158 batches, avg 72/batch = 14% of 512, 5841 evals/s, 395 msg/s, 14.8 leaves/msg, 308s)
2026-08-05 01:15:34   [GPU] 1,850,014 evals (26276 batches, avg 70/batch = 14% of 512, 5695 evals/s, 385 msg/s, 14.8 leaves/msg, 325s)
2026-08-05 01:15:57   [GPU] 1,900,012 evals (27811 batches, avg 68/batch = 13% of 512, 5470 evals/s, 370 msg/s, 14.8 leaves/msg, 347s)
2026-08-05 01:16:13 [iter 3/60] self-play: 40/40 games...
2026-08-05 01:16:14 [iter 3/60] self-play done: 40 games (364s) | wins: P0=12, P1=14, draw=14 | draw_rate=35% avg_len~26
2026-08-05 01:16:14 [iter 3/60] WARNING: draw_rate 35% > 20% — games timing out at max_game_moves=160 (weak value signal).
2026-08-05 01:16:14 [iter 3/60] training (600 steps, lr=9.98e-04)...
2026-08-05 01:16:23 [iter 3/60] training done: loss_p=1.783 loss_v=0.290 (9s)
2026-08-05 01:16:27 [iter 3/60] data: policy_wall_mass=0.055 walled_states=7% walls_on_board=0.9 value_mae walled=0.040 free=0.490
2026-08-05 01:16:27 [iter 3/60] eval skipped (eval_every=4)
2026-08-05 01:16:27 >>> iter 3 | loss_p=1.783 loss_v=0.290 | vs_best=n/a (not evaluated) | vs_rand=n/a | draw=35% | buf=7006 | rss=2.20GB | sp=364s train=9s eval_best=0s eval_rand=0s | total=378s
2026-08-05 01:16:27 [iter 4/60] self-play starting (40 games, 600 sims, MIXED 20/40 race-only)...
2026-08-05 01:16:27 [PARALLEL-MP] 8 workers spawned (40 games, sims=600), GPU batcher starting...
2026-08-05 01:16:40   [GPU] 50,015 evals (949 batches, avg 53/batch = 10% of 512, 3746 evals/s, 281 msg/s, 13.3 leaves/msg, 13s)
2026-08-05 01:16:44 [iter 4/60] self-play: 5/40 games...
2026-08-05 01:16:54   [GPU] 100,000 evals (2135 batches, avg 47/batch = 9% of 512, 3707 evals/s, 277 msg/s, 13.4 leaves/msg, 27s)
2026-08-05 01:16:56 [iter 4/60] self-play: 10/40 games...
2026-08-05 01:17:09   [GPU] 150,019 evals (3492 batches, avg 43/batch = 8% of 512, 3548 evals/s, 262 msg/s, 13.5 leaves/msg, 42s)
2026-08-05 01:17:22   [GPU] 200,024 evals (4723 batches, avg 42/batch = 8% of 512, 3673 evals/s, 264 msg/s, 13.9 leaves/msg, 54s)
2026-08-05 01:17:31   [GPU] 250,014 evals (5739 batches, avg 44/batch = 9% of 512, 3889 evals/s, 275 msg/s, 14.1 leaves/msg, 64s)
2026-08-05 01:17:40   [GPU] 300,076 evals (6603 batches, avg 45/batch = 9% of 512, 4135 evals/s, 290 msg/s, 14.2 leaves/msg, 73s)
2026-08-05 01:17:48   [GPU] 350,085 evals (7432 batches, avg 47/batch = 9% of 512, 4350 evals/s, 304 msg/s, 14.3 leaves/msg, 80s)
2026-08-05 01:17:55   [GPU] 400,030 evals (8140 batches, avg 49/batch = 10% of 512, 4561 evals/s, 317 msg/s, 14.4 leaves/msg, 88s)
2026-08-05 01:18:02   [GPU] 450,040 evals (8870 batches, avg 51/batch = 10% of 512, 4744 evals/s, 328 msg/s, 14.4 leaves/msg, 95s)
2026-08-05 01:18:09   [GPU] 500,051 evals (9637 batches, avg 52/batch = 10% of 512, 4903 evals/s, 338 msg/s, 14.5 leaves/msg, 102s)
2026-08-05 01:18:16   [GPU] 550,030 evals (10416 batches, avg 53/batch = 10% of 512, 5044 evals/s, 349 msg/s, 14.4 leaves/msg, 109s)
2026-08-05 01:18:18 [iter 4/60] self-play: 15/40 games...
2026-08-05 01:18:24   [GPU] 600,040 evals (11217 batches, avg 53/batch = 10% of 512, 5146 evals/s, 357 msg/s, 14.4 leaves/msg, 117s)
2026-08-05 01:18:32   [GPU] 650,018 evals (12084 batches, avg 54/batch = 11% of 512, 5216 evals/s, 363 msg/s, 14.4 leaves/msg, 125s)
2026-08-05 01:18:33 [iter 4/60] self-play: 20/40 games...
2026-08-05 01:18:41   [GPU] 700,007 evals (13109 batches, avg 53/batch = 10% of 512, 5213 evals/s, 364 msg/s, 14.3 leaves/msg, 134s)
2026-08-05 01:18:48 [iter 4/60] self-play: 25/40 games...
2026-08-05 01:18:52   [GPU] 750,010 evals (14247 batches, avg 53/batch = 10% of 512, 5162 evals/s, 361 msg/s, 14.3 leaves/msg, 145s)
2026-08-05 01:19:04   [GPU] 800,019 evals (15441 batches, avg 52/batch = 10% of 512, 5090 evals/s, 356 msg/s, 14.3 leaves/msg, 157s)
2026-08-05 01:19:09 [iter 4/60] self-play: 30/40 games...
2026-08-05 01:19:17   [GPU] 850,027 evals (16696 batches, avg 51/batch = 10% of 512, 5005 evals/s, 350 msg/s, 14.3 leaves/msg, 170s)
2026-08-05 01:19:30   [GPU] 900,021 evals (17948 batches, avg 50/batch = 10% of 512, 4935 evals/s, 343 msg/s, 14.4 leaves/msg, 182s)
2026-08-05 01:19:38   [GPU] 950,020 evals (18909 batches, avg 50/batch = 10% of 512, 4967 evals/s, 345 msg/s, 14.4 leaves/msg, 191s)
2026-08-05 01:19:47   [GPU] 1,000,001 evals (19844 batches, avg 50/batch = 10% of 512, 5003 evals/s, 348 msg/s, 14.4 leaves/msg, 200s)
2026-08-05 01:19:59   [GPU] 1,050,000 evals (21028 batches, avg 50/batch = 10% of 512, 4967 evals/s, 345 msg/s, 14.4 leaves/msg, 211s)
2026-08-05 01:20:00 [iter 4/60] self-play: 35/40 games...
2026-08-05 01:20:11   [GPU] 1,100,010 evals (22298 batches, avg 49/batch = 10% of 512, 4911 evals/s, 340 msg/s, 14.4 leaves/msg, 224s)
2026-08-05 01:20:23   [GPU] 1,150,012 evals (23522 batches, avg 49/batch = 10% of 512, 4873 evals/s, 337 msg/s, 14.5 leaves/msg, 236s)
2026-08-05 01:20:35   [GPU] 1,200,001 evals (24738 batches, avg 49/batch = 9% of 512, 4842 evals/s, 335 msg/s, 14.5 leaves/msg, 248s)
2026-08-05 01:20:49   [GPU] 1,250,000 evals (26095 batches, avg 48/batch = 9% of 512, 4772 evals/s, 329 msg/s, 14.5 leaves/msg, 262s)
2026-08-05 01:21:03   [GPU] 1,300,003 evals (27441 batches, avg 47/batch = 9% of 512, 4712 evals/s, 325 msg/s, 14.5 leaves/msg, 276s)
2026-08-05 01:21:28   [GPU] 1,350,005 evals (29294 batches, avg 46/batch = 9% of 512, 4482 evals/s, 309 msg/s, 14.5 leaves/msg, 301s)
2026-08-05 01:21:45 [iter 4/60] self-play: 40/40 games...
2026-08-05 01:21:46 [iter 4/60] self-play done: 40 games (319s) | wins: P0=20, P1=9, draw=11 | draw_rate=28% avg_len~16
2026-08-05 01:21:46 [iter 4/60] WARNING: draw_rate 28% > 20% — games timing out at max_game_moves=160 (weak value signal).
2026-08-05 01:21:46 [iter 4/60] training (600 steps, lr=9.94e-04)...
2026-08-05 01:21:52 [iter 4/60] training done: loss_p=1.544 loss_v=0.219 (6s)
2026-08-05 01:21:54 [iter 4/60] data: policy_wall_mass=0.152 walled_states=53% walls_on_board=14.7 value_mae walled=0.062 free=0.330
2026-08-05 01:21:54 [iter 4/60] eval vs best (160 games, 200 sims)...
2026-08-05 01:21:54 [EVAL-MP] 8 workers spawned (160 vs_best games, sims=200), GPU batcher starting...
2026-08-05 01:22:11   [GPU] 50,054 evals (1211 batches, avg 41/batch = 8% of 512, 2857 evals/s, 200 msg/s, 14.3 leaves/msg, 18s)
2026-08-05 01:22:24   [GPU] 100,041 evals (2320 batches, avg 43/batch = 8% of 512, 3337 evals/s, 236 msg/s, 14.1 leaves/msg, 30s)
2026-08-05 01:22:36   [GPU] 150,075 evals (3428 batches, avg 44/batch = 9% of 512, 3543 evals/s, 252 msg/s, 14.1 leaves/msg, 42s)
2026-08-05 01:22:49   [GPU] 200,031 evals (4512 batches, avg 44/batch = 9% of 512, 3646 evals/s, 259 msg/s, 14.1 leaves/msg, 55s)
2026-08-05 01:23:03   [GPU] 250,034 evals (5774 batches, avg 43/batch = 8% of 512, 3602 evals/s, 256 msg/s, 14.1 leaves/msg, 69s)
2026-08-05 01:23:05 [iter 4/60] eval vs best: 5/160 games (72s, cand 0%)
2026-08-05 01:23:17   [GPU] 300,012 evals (6940 batches, avg 43/batch = 8% of 512, 3618 evals/s, 257 msg/s, 14.1 leaves/msg, 83s)
2026-08-05 01:23:29   [GPU] 350,059 evals (8073 batches, avg 43/batch = 8% of 512, 3663 evals/s, 260 msg/s, 14.1 leaves/msg, 96s)
2026-08-05 01:23:42   [GPU] 400,049 evals (9147 batches, avg 44/batch = 9% of 512, 3704 evals/s, 264 msg/s, 14.0 leaves/msg, 108s)
2026-08-05 01:23:53 [iter 4/60] eval vs best: 10/160 games (119s, cand 0%)
2026-08-05 01:23:54   [GPU] 450,039 evals (10243 batches, avg 44/batch = 9% of 512, 3734 evals/s, 266 msg/s, 14.0 leaves/msg, 121s)
2026-08-05 01:24:08   [GPU] 500,021 evals (11452 batches, avg 44/batch = 9% of 512, 3727 evals/s, 266 msg/s, 14.0 leaves/msg, 134s)
2026-08-05 01:24:22   [GPU] 550,017 evals (12629 batches, avg 44/batch = 9% of 512, 3723 evals/s, 266 msg/s, 14.0 leaves/msg, 148s)
2026-08-05 01:24:34   [GPU] 600,030 evals (13747 batches, avg 44/batch = 9% of 512, 3736 evals/s, 267 msg/s, 14.0 leaves/msg, 161s)
2026-08-05 01:24:39 [iter 4/60] eval vs best: 15/160 games (165s, cand 0%)
2026-08-05 01:24:47   [GPU] 650,042 evals (14865 batches, avg 44/batch = 9% of 512, 3747 evals/s, 268 msg/s, 14.0 leaves/msg, 173s)
2026-08-05 01:25:01   [GPU] 700,017 evals (16052 batches, avg 44/batch = 9% of 512, 3746 evals/s, 268 msg/s, 14.0 leaves/msg, 187s)
2026-08-05 01:25:14   [GPU] 750,031 evals (17195 batches, avg 44/batch = 9% of 512, 3746 evals/s, 267 msg/s, 14.0 leaves/msg, 200s)
2026-08-05 01:25:18 [iter 4/60] eval vs best: 20/160 games (204s, cand 0%)
2026-08-05 01:25:27   [GPU] 800,039 evals (18334 batches, avg 44/batch = 9% of 512, 3746 evals/s, 267 msg/s, 14.0 leaves/msg, 214s)
2026-08-05 01:25:41   [GPU] 850,032 evals (19522 batches, avg 44/batch = 9% of 512, 3741 evals/s, 267 msg/s, 14.0 leaves/msg, 227s)
2026-08-05 01:25:43 [iter 4/60] eval vs best: 25/160 games (229s, cand 0%)
2026-08-05 01:25:55   [GPU] 900,014 evals (20747 batches, avg 43/batch = 8% of 512, 3727 evals/s, 266 msg/s, 14.0 leaves/msg, 241s)
2026-08-05 01:26:12   [GPU] 950,029 evals (21932 batches, avg 43/batch = 8% of 512, 3681 evals/s, 262 msg/s, 14.0 leaves/msg, 258s)
2026-08-05 01:26:29   [GPU] 1,000,045 evals (23063 batches, avg 43/batch = 8% of 512, 3640 evals/s, 259 msg/s, 14.0 leaves/msg, 275s)
2026-08-05 01:26:34 [iter 4/60] eval vs best: 30/160 games (280s, cand 0%)
2026-08-05 01:26:46   [GPU] 1,050,005 evals (24229 batches, avg 43/batch = 8% of 512, 3595 evals/s, 256 msg/s, 14.0 leaves/msg, 292s)
2026-08-05 01:27:02   [GPU] 1,100,024 evals (25345 batches, avg 43/batch = 8% of 512, 3570 evals/s, 255 msg/s, 14.0 leaves/msg, 308s)
2026-08-05 01:27:16 [iter 4/60] eval vs best: 35/160 games (323s, cand 0%)
2026-08-05 01:27:18   [GPU] 1,150,018 evals (26459 batches, avg 43/batch = 8% of 512, 3548 evals/s, 253 msg/s, 14.0 leaves/msg, 324s)
2026-08-05 01:27:34   [GPU] 1,200,009 evals (27532 batches, avg 44/batch = 9% of 512, 3532 evals/s, 252 msg/s, 14.0 leaves/msg, 340s)
2026-08-05 01:27:48   [GPU] 1,250,033 evals (28558 batches, avg 44/batch = 9% of 512, 3525 evals/s, 252 msg/s, 14.0 leaves/msg, 355s)
2026-08-05 01:27:58 [iter 4/60] eval vs best: 40/160 games (364s, cand 0%)
2026-08-05 01:28:04   [GPU] 1,300,006 evals (29646 batches, avg 44/batch = 9% of 512, 3510 evals/s, 251 msg/s, 14.0 leaves/msg, 370s)
2026-08-05 01:28:19   [GPU] 1,350,040 evals (30652 batches, avg 44/batch = 9% of 512, 3505 evals/s, 250 msg/s, 14.0 leaves/msg, 385s)
2026-08-05 01:28:33   [GPU] 1,400,054 evals (31667 batches, avg 44/batch = 9% of 512, 3503 evals/s, 250 msg/s, 14.0 leaves/msg, 400s)
2026-08-05 01:28:48   [GPU] 1,450,029 evals (32697 batches, avg 44/batch = 9% of 512, 3497 evals/s, 250 msg/s, 14.0 leaves/msg, 415s)
2026-08-05 01:29:01 [iter 4/60] eval vs best: 45/160 games (427s, cand 0%)
2026-08-05 01:29:03   [GPU] 1,500,000 evals (33711 batches, avg 44/batch = 9% of 512, 3493 evals/s, 250 msg/s, 14.0 leaves/msg, 429s)
2026-08-05 01:29:20   [GPU] 1,550,030 evals (34851 batches, avg 44/batch = 9% of 512, 3474 evals/s, 248 msg/s, 14.0 leaves/msg, 446s)
2026-08-05 01:29:36   [GPU] 1,600,014 evals (35933 batches, avg 45/batch = 9% of 512, 3463 evals/s, 248 msg/s, 14.0 leaves/msg, 462s)
2026-08-05 01:29:40 [iter 4/60] eval vs best: 50/160 games (466s, cand 25%)
2026-08-05 01:29:51   [GPU] 1,650,019 evals (36994 batches, avg 45/batch = 9% of 512, 3457 evals/s, 247 msg/s, 14.0 leaves/msg, 477s)
2026-08-05 01:30:06   [GPU] 1,700,051 evals (38062 batches, avg 45/batch = 9% of 512, 3451 evals/s, 247 msg/s, 14.0 leaves/msg, 493s)
2026-08-05 01:30:16 [iter 4/60] eval vs best: 55/160 games (502s, cand 20%)
2026-08-05 01:30:23   [GPU] 1,750,002 evals (39200 batches, avg 45/batch = 9% of 512, 3436 evals/s, 246 msg/s, 14.0 leaves/msg, 509s)
2026-08-05 01:30:40   [GPU] 1,800,016 evals (40365 batches, avg 45/batch = 9% of 512, 3419 evals/s, 244 msg/s, 14.0 leaves/msg, 526s)
2026-08-05 01:30:57   [GPU] 1,850,039 evals (41495 batches, avg 45/batch = 9% of 512, 3408 evals/s, 244 msg/s, 14.0 leaves/msg, 543s)
2026-08-05 01:31:13   [GPU] 1,900,045 evals (42614 batches, avg 45/batch = 9% of 512, 3400 evals/s, 243 msg/s, 14.0 leaves/msg, 559s)
2026-08-05 01:31:25 [iter 4/60] eval vs best: 60/160 games (571s, cand 20%)
2026-08-05 01:31:29   [GPU] 1,950,010 evals (43755 batches, avg 45/batch = 9% of 512, 3390 evals/s, 243 msg/s, 14.0 leaves/msg, 575s)
2026-08-05 01:31:46   [GPU] 2,000,026 evals (44916 batches, avg 45/batch = 9% of 512, 3379 evals/s, 242 msg/s, 14.0 leaves/msg, 592s)
2026-08-05 01:32:00   [GPU] 2,050,025 evals (46025 batches, avg 45/batch = 9% of 512, 3380 evals/s, 242 msg/s, 14.0 leaves/msg, 607s)
2026-08-05 01:32:16   [GPU] 2,100,021 evals (47053 batches, avg 45/batch = 9% of 512, 3377 evals/s, 242 msg/s, 14.0 leaves/msg, 622s)
2026-08-05 01:32:17 [iter 4/60] eval vs best: 65/160 games (623s, cand 20%)
2026-08-05 01:32:31   [GPU] 2,150,041 evals (48152 batches, avg 45/batch = 9% of 512, 3373 evals/s, 241 msg/s, 14.0 leaves/msg, 637s)
2026-08-05 01:32:47   [GPU] 2,200,019 evals (49259 batches, avg 45/batch = 9% of 512, 3366 evals/s, 241 msg/s, 14.0 leaves/msg, 654s)
2026-08-05 01:32:50 [iter 4/60] eval vs best: 70/160 games (656s, cand 20%)
2026-08-05 01:33:05   [GPU] 2,250,021 evals (50472 batches, avg 45/batch = 9% of 512, 3351 evals/s, 240 msg/s, 14.0 leaves/msg, 672s)
2026-08-05 01:33:22   [GPU] 2,300,047 evals (51644 batches, avg 45/batch = 9% of 512, 3340 evals/s, 239 msg/s, 14.0 leaves/msg, 689s)
2026-08-05 01:33:39   [GPU] 2,350,002 evals (52745 batches, avg 45/batch = 9% of 512, 3334 evals/s, 239 msg/s, 14.0 leaves/msg, 705s)
2026-08-05 01:33:54   [GPU] 2,400,020 evals (53849 batches, avg 45/batch = 9% of 512, 3331 evals/s, 238 msg/s, 14.0 leaves/msg, 721s)
2026-08-05 01:34:01 [iter 4/60] eval vs best: 75/160 games (727s, cand 17%)
2026-08-05 01:34:10   [GPU] 2,450,083 evals (54959 batches, avg 45/batch = 9% of 512, 3326 evals/s, 238 msg/s, 14.0 leaves/msg, 737s)
2026-08-05 01:34:22 [iter 4/60] eval vs best: 80/160 games (748s, cand 17%)
2026-08-05 01:34:28   [GPU] 2,500,012 evals (56155 batches, avg 45/batch = 9% of 512, 3315 evals/s, 237 msg/s, 14.0 leaves/msg, 754s)
2026-08-05 01:34:45   [GPU] 2,550,012 evals (57320 batches, avg 44/batch = 9% of 512, 3308 evals/s, 237 msg/s, 14.0 leaves/msg, 771s)
2026-08-05 01:35:02   [GPU] 2,600,021 evals (58497 batches, avg 44/batch = 9% of 512, 3299 evals/s, 236 msg/s, 14.0 leaves/msg, 788s)
2026-08-05 01:35:20   [GPU] 2,650,051 evals (59727 batches, avg 44/batch = 9% of 512, 3288 evals/s, 235 msg/s, 14.0 leaves/msg, 806s)
2026-08-05 01:35:38   [GPU] 2,700,020 evals (61020 batches, avg 44/batch = 9% of 512, 3275 evals/s, 234 msg/s, 14.0 leaves/msg, 824s)
2026-08-05 01:35:42 [iter 4/60] eval vs best: 85/160 games (828s, cand 17%)
2026-08-05 01:35:56   [GPU] 2,750,028 evals (62225 batches, avg 44/batch = 9% of 512, 3266 evals/s, 233 msg/s, 14.0 leaves/msg, 842s)
2026-08-05 01:36:13   [GPU] 2,800,007 evals (63405 batches, avg 44/batch = 9% of 512, 3260 evals/s, 233 msg/s, 14.0 leaves/msg, 859s)
2026-08-05 01:36:29   [GPU] 2,850,005 evals (64503 batches, avg 44/batch = 9% of 512, 3256 evals/s, 232 msg/s, 14.0 leaves/msg, 875s)
2026-08-05 01:36:37 [iter 4/60] eval vs best: 90/160 games (883s, cand 17%)
2026-08-05 01:36:45   [GPU] 2,900,049 evals (65618 batches, avg 44/batch = 9% of 512, 3253 evals/s, 232 msg/s, 14.0 leaves/msg, 892s)
2026-08-05 01:37:02   [GPU] 2,950,002 evals (66745 batches, avg 44/batch = 9% of 512, 3249 evals/s, 232 msg/s, 14.0 leaves/msg, 908s)
2026-08-05 01:37:19   [GPU] 3,000,015 evals (67882 batches, avg 44/batch = 9% of 512, 3244 evals/s, 232 msg/s, 14.0 leaves/msg, 925s)
2026-08-05 01:37:19 [iter 4/60] eval vs best: 95/160 games (926s, cand 17%)
2026-08-05 01:37:36   [GPU] 3,050,000 evals (69042 batches, avg 44/batch = 9% of 512, 3238 evals/s, 231 msg/s, 14.0 leaves/msg, 942s)
2026-08-05 01:37:50   [GPU] 3,100,026 evals (70213 batches, avg 44/batch = 9% of 512, 3242 evals/s, 231 msg/s, 14.0 leaves/msg, 956s)
2026-08-05 01:38:05   [GPU] 3,150,039 evals (71458 batches, avg 44/batch = 9% of 512, 3243 evals/s, 232 msg/s, 14.0 leaves/msg, 971s)
2026-08-05 01:38:11 [iter 4/60] eval vs best: 100/160 games (978s, cand 17%)
2026-08-05 01:38:19   [GPU] 3,200,080 evals (72701 batches, avg 44/batch = 9% of 512, 3247 evals/s, 232 msg/s, 14.0 leaves/msg, 986s)
2026-08-05 01:38:33   [GPU] 3,250,021 evals (73851 batches, avg 44/batch = 9% of 512, 3251 evals/s, 232 msg/s, 14.0 leaves/msg, 1000s)
2026-08-05 01:38:47   [GPU] 3,300,006 evals (74953 batches, avg 44/batch = 9% of 512, 3256 evals/s, 233 msg/s, 14.0 leaves/msg, 1014s)
2026-08-05 01:38:48 [iter 4/60] eval vs best: 105/160 games (1014s, cand 14%)
2026-08-05 01:39:01   [GPU] 3,350,003 evals (76113 batches, avg 44/batch = 9% of 512, 3262 evals/s, 233 msg/s, 14.0 leaves/msg, 1027s)
2026-08-05 01:39:15   [GPU] 3,400,031 evals (77271 batches, avg 44/batch = 9% of 512, 3266 evals/s, 233 msg/s, 14.0 leaves/msg, 1041s)
2026-08-05 01:39:29   [GPU] 3,450,006 evals (78451 batches, avg 44/batch = 9% of 512, 3271 evals/s, 234 msg/s, 14.0 leaves/msg, 1055s)
2026-08-05 01:39:36 [iter 4/60] eval vs best: 110/160 games (1063s, cand 14%)
2026-08-05 01:39:42   [GPU] 3,500,004 evals (79620 batches, avg 44/batch = 9% of 512, 3276 evals/s, 234 msg/s, 14.0 leaves/msg, 1068s)
2026-08-05 01:39:56   [GPU] 3,550,018 evals (80794 batches, avg 44/batch = 9% of 512, 3281 evals/s, 234 msg/s, 14.0 leaves/msg, 1082s)
2026-08-05 01:40:10   [GPU] 3,600,057 evals (81996 batches, avg 44/batch = 9% of 512, 3284 evals/s, 235 msg/s, 14.0 leaves/msg, 1096s)
2026-08-05 01:40:11 [iter 4/60] eval vs best: 115/160 games (1097s, cand 14%)
2026-08-05 01:40:24   [GPU] 3,650,008 evals (83173 batches, avg 44/batch = 9% of 512, 3289 evals/s, 235 msg/s, 14.0 leaves/msg, 1110s)
2026-08-05 01:40:37   [GPU] 3,700,008 evals (84315 batches, avg 44/batch = 9% of 512, 3294 evals/s, 235 msg/s, 14.0 leaves/msg, 1123s)
2026-08-05 01:40:50   [GPU] 3,750,047 evals (85428 batches, avg 44/batch = 9% of 512, 3301 evals/s, 236 msg/s, 14.0 leaves/msg, 1136s)
2026-08-05 01:41:03 [iter 4/60] eval vs best: 120/160 games (1149s, cand 14%)
2026-08-05 01:41:03   [GPU] 3,800,021 evals (86568 batches, avg 44/batch = 9% of 512, 3307 evals/s, 236 msg/s, 14.0 leaves/msg, 1149s)
2026-08-05 01:41:17   [GPU] 3,850,018 evals (87782 batches, avg 44/batch = 9% of 512, 3310 evals/s, 236 msg/s, 14.0 leaves/msg, 1163s)
2026-08-05 01:41:26 [iter 4/60] eval vs best: 125/160 games (1172s, cand 12%)
2026-08-05 01:41:33   [GPU] 3,900,021 evals (89091 batches, avg 44/batch = 9% of 512, 3309 evals/s, 236 msg/s, 14.0 leaves/msg, 1179s)
2026-08-05 01:41:48   [GPU] 3,950,009 evals (90394 batches, avg 44/batch = 9% of 512, 3307 evals/s, 236 msg/s, 14.0 leaves/msg, 1194s)
2026-08-05 01:42:03   [GPU] 4,000,041 evals (91623 batches, avg 44/batch = 9% of 512, 3308 evals/s, 236 msg/s, 14.0 leaves/msg, 1209s)
2026-08-05 01:42:17   [GPU] 4,050,025 evals (92817 batches, avg 44/batch = 9% of 512, 3311 evals/s, 236 msg/s, 14.0 leaves/msg, 1223s)
2026-08-05 01:42:31   [GPU] 4,100,014 evals (94048 batches, avg 44/batch = 9% of 512, 3313 evals/s, 236 msg/s, 14.0 leaves/msg, 1238s)
2026-08-05 01:42:34 [iter 4/60] eval vs best: 130/160 games (1240s, cand 11%)
2026-08-05 01:42:48   [GPU] 4,150,029 evals (95425 batches, avg 43/batch = 8% of 512, 3308 evals/s, 236 msg/s, 14.0 leaves/msg, 1254s)
2026-08-05 01:42:49 [iter 4/60] eval vs best: 135/160 games (1255s, cand 11%)
2026-08-05 01:43:07   [GPU] 4,200,000 evals (96952 batches, avg 43/batch = 8% of 512, 3298 evals/s, 235 msg/s, 14.0 leaves/msg, 1274s)
2026-08-05 01:43:27   [GPU] 4,250,009 evals (98449 batches, avg 43/batch = 8% of 512, 3288 evals/s, 235 msg/s, 14.0 leaves/msg, 1293s)
2026-08-05 01:43:47   [GPU] 4,300,023 evals (99981 batches, avg 43/batch = 8% of 512, 3274 evals/s, 234 msg/s, 14.0 leaves/msg, 1313s)
2026-08-05 01:44:01 [iter 4/60] eval vs best: 140/160 games (1327s, cand 11%)
2026-08-05 01:44:09   [GPU] 4,350,016 evals (101625 batches, avg 43/batch = 8% of 512, 3258 evals/s, 232 msg/s, 14.0 leaves/msg, 1335s)
2026-08-05 01:44:31   [GPU] 4,400,032 evals (103373 batches, avg 43/batch = 8% of 512, 3241 evals/s, 231 msg/s, 14.0 leaves/msg, 1358s)
2026-08-05 01:44:55   [GPU] 4,450,034 evals (105163 batches, avg 42/batch = 8% of 512, 3222 evals/s, 230 msg/s, 14.0 leaves/msg, 1381s)
2026-08-05 01:45:19   [GPU] 4,500,018 evals (106984 batches, avg 42/batch = 8% of 512, 3202 evals/s, 228 msg/s, 14.0 leaves/msg, 1406s)
2026-08-05 01:45:21 [iter 4/60] eval vs best: 145/160 games (1408s, cand 11%)
2026-08-05 01:45:42   [GPU] 4,550,022 evals (108807 batches, avg 42/batch = 8% of 512, 3185 evals/s, 227 msg/s, 14.0 leaves/msg, 1429s)
2026-08-05 01:46:04   [GPU] 4,600,003 evals (110533 batches, avg 42/batch = 8% of 512, 3172 evals/s, 226 msg/s, 14.0 leaves/msg, 1450s)
2026-08-05 01:46:31 [iter 4/60] eval vs best: 150/160 games (1477s, cand 11%)
2026-08-05 01:46:35   [GPU] 4,650,012 evals (112571 batches, avg 41/batch = 8% of 512, 3140 evals/s, 224 msg/s, 14.0 leaves/msg, 1481s)
2026-08-05 01:47:07   [GPU] 4,700,036 evals (114626 batches, avg 41/batch = 8% of 512, 3106 evals/s, 221 msg/s, 14.0 leaves/msg, 1513s)
2026-08-05 01:47:37   [GPU] 4,750,007 evals (116588 batches, avg 41/batch = 8% of 512, 3078 evals/s, 219 msg/s, 14.0 leaves/msg, 1543s)
2026-08-05 01:48:03 [iter 4/60] eval vs best: 155/160 games (1569s, cand 11%)
2026-08-05 01:48:09   [GPU] 4,800,010 evals (118622 batches, avg 40/batch = 8% of 512, 3048 evals/s, 217 msg/s, 14.0 leaves/msg, 1575s)
2026-08-05 01:48:40   [GPU] 4,850,020 evals (120616 batches, avg 40/batch = 8% of 512, 3020 evals/s, 215 msg/s, 14.0 leaves/msg, 1606s)
2026-08-05 01:49:23   [GPU] 4,900,009 evals (123076 batches, avg 40/batch = 8% of 512, 2971 evals/s, 212 msg/s, 14.0 leaves/msg, 1649s)
2026-08-05 01:50:11 [iter 4/60] eval vs best: 160/160 games (1697s, cand 11%)
2026-08-05 01:50:11 [iter 4/60] eval vs best done: 11.1% of 9 decided reject (only 9/160 games decided — too few to gate on) (1697s)
2026-08-05 01:50:11 [iter 4/60] eval vs random (40 games, 200 sims)...
2026-08-05 01:50:11 [EVAL-MP] 8 workers spawned (40 vs_random games, sims=200), GPU batcher starting...
2026-08-05 01:50:27   [GPU] 50,010 evals (1170 batches, avg 43/batch = 8% of 512, 3190 evals/s, 227 msg/s, 14.1 leaves/msg, 16s)
2026-08-05 01:50:38   [GPU] 100,015 evals (2215 batches, avg 45/batch = 9% of 512, 3685 evals/s, 264 msg/s, 14.0 leaves/msg, 27s)
2026-08-05 01:50:39 [iter 4/60] eval vs random: 5/40 games (28s, cand 100%)
2026-08-05 01:50:49 [iter 4/60] eval vs random: 10/40 games (38s, cand 80%)
2026-08-05 01:50:50   [GPU] 150,008 evals (3255 batches, avg 46/batch = 9% of 512, 3901 evals/s, 280 msg/s, 14.0 leaves/msg, 38s)
2026-08-05 01:51:02   [GPU] 200,078 evals (4333 batches, avg 46/batch = 9% of 512, 3976 evals/s, 287 msg/s, 13.9 leaves/msg, 50s)
2026-08-05 01:51:13   [GPU] 250,051 evals (5347 batches, avg 47/batch = 9% of 512, 4073 evals/s, 293 msg/s, 13.9 leaves/msg, 61s)
2026-08-05 01:51:14 [iter 4/60] eval vs random: 15/40 games (63s, cand 57%)
2026-08-05 01:51:24   [GPU] 300,004 evals (6360 batches, avg 47/batch = 9% of 512, 4138 evals/s, 297 msg/s, 13.9 leaves/msg, 72s)
2026-08-05 01:51:24 [iter 4/60] eval vs random: 20/40 games (73s, cand 57%)
2026-08-05 01:51:35   [GPU] 350,036 evals (7403 batches, avg 47/batch = 9% of 512, 4177 evals/s, 299 msg/s, 14.0 leaves/msg, 84s)
2026-08-05 01:51:44 [iter 4/60] eval vs random: 25/40 games (93s, cand 50%)
2026-08-05 01:51:46   [GPU] 400,003 evals (8416 batches, avg 48/batch = 9% of 512, 4225 evals/s, 302 msg/s, 14.0 leaves/msg, 95s)
2026-08-05 01:51:58   [GPU] 450,023 evals (9534 batches, avg 47/batch = 9% of 512, 4215 evals/s, 302 msg/s, 14.0 leaves/msg, 107s)
2026-08-05 01:51:59 [iter 4/60] eval vs random: 30/40 games (108s, cand 50%)
2026-08-05 01:52:12   [GPU] 500,010 evals (10796 batches, avg 46/batch = 9% of 512, 4148 evals/s, 297 msg/s, 14.0 leaves/msg, 121s)
2026-08-05 01:52:21 [iter 4/60] eval vs random: 35/40 games (130s, cand 56%)
2026-08-05 01:52:41   [GPU] 550,008 evals (12838 batches, avg 43/batch = 8% of 512, 3683 evals/s, 264 msg/s, 14.0 leaves/msg, 149s)
2026-08-05 01:52:56 [iter 4/60] eval vs random: 40/40 games (164s, cand 64%)
2026-08-05 01:52:56 [iter 4/60] eval vs random done: 63.6% (165s)
2026-08-05 01:52:56 [iter 4/60] eval vs greedy (40 games, 200 sims)...
2026-08-05 01:52:56 [EVAL-MP] 8 workers spawned (40 vs_greedy games, sims=200), GPU batcher starting...
2026-08-05 01:53:04 [iter 4/60] eval vs greedy: 5/40 games (8s, cand 0%)
2026-08-05 01:53:09 [iter 4/60] eval vs greedy: 10/40 games (13s, cand 0%)
2026-08-05 01:53:11 [iter 4/60] eval vs greedy: 15/40 games (15s, cand 0%)
2026-08-05 01:53:14   [GPU] 50,026 evals (1309 batches, avg 38/batch = 7% of 512, 2792 evals/s, 203 msg/s, 13.7 leaves/msg, 18s)
2026-08-05 01:53:17 [iter 4/60] eval vs greedy: 20/40 games (21s, cand 0%)
2026-08-05 01:53:20 [iter 4/60] eval vs greedy: 25/40 games (24s, cand 0%)
2026-08-05 01:53:24 [iter 4/60] eval vs greedy: 30/40 games (28s, cand 0%)
2026-08-05 01:53:26 [iter 4/60] eval vs greedy: 35/40 games (30s, cand 0%)
2026-08-05 01:53:34 [iter 4/60] eval vs greedy: 40/40 games (38s, cand 0%)
2026-08-05 01:53:34 [iter 4/60] eval vs greedy done: 0.0% of 40 decided [seat0:0/20 seat1:0/20] (38s)
2026-08-05 01:53:34 [iter 4/60] eval vs minimax (depth 2, 40 games)...
2026-08-05 01:53:34 [EVAL-MP] 8 workers spawned (40 vs_minimax games, sims=200), GPU batcher starting...
2026-08-05 01:53:49 [iter 4/60] eval vs minimax: 5/40 games (0%)
2026-08-05 01:53:53   [GPU] 50,003 evals (1335 batches, avg 37/batch = 7% of 512, 2761 evals/s, 199 msg/s, 13.9 leaves/msg, 18s)
2026-08-05 01:54:01 [iter 4/60] eval vs minimax: 10/40 games (0%)
2026-08-05 01:54:06   [GPU] 100,015 evals (2549 batches, avg 39/batch = 8% of 512, 3128 evals/s, 225 msg/s, 13.9 leaves/msg, 32s)
2026-08-05 01:54:10 [iter 4/60] eval vs minimax: 15/40 games (0%)
2026-08-05 01:54:18 [iter 4/60] eval vs minimax: 20/40 games (0%)
2026-08-05 01:54:22   [GPU] 150,019 evals (3901 batches, avg 38/batch = 8% of 512, 3135 evals/s, 226 msg/s, 13.9 leaves/msg, 48s)
2026-08-05 01:54:30 [iter 4/60] eval vs minimax: 25/40 games (0%)
2026-08-05 01:54:37   [GPU] 200,057 evals (5202 batches, avg 38/batch = 8% of 512, 3185 evals/s, 230 msg/s, 13.9 leaves/msg, 63s)
2026-08-05 01:54:39 [iter 4/60] eval vs minimax: 30/40 games (0%)
2026-08-05 01:54:52 [iter 4/60] eval vs minimax: 35/40 games (0%)
2026-08-05 01:55:03   [GPU] 250,005 evals (7073 batches, avg 35/batch = 7% of 512, 2815 evals/s, 203 msg/s, 13.8 leaves/msg, 89s)
2026-08-05 01:55:11 [iter 4/60] eval vs minimax: 40/40 games (0%)
2026-08-05 01:55:12 [iter 4/60] eval vs minimax done: 0.0% of 32 decided [seat0:0/20 seat1:0/20] (97s)
2026-08-05 01:55:12 >>> iter 4 | loss_p=1.544 loss_v=0.219 | vs_best=11.1% reject | vs_rand=63.6% | draw=28% | buf=8272 | rss=2.29GB | sp=319s train=6s eval_best=1697s eval_rand=165s | total=2325s
2026-08-05 01:55:12 [iter 5/60] self-play starting (40 games, 600 sims, MIXED 20/40 race-only)...
2026-08-05 01:55:12 [PARALLEL-MP] 8 workers spawned (40 games, sims=600), GPU batcher starting...
2026-08-05 01:55:26   [GPU] 50,029 evals (1018 batches, avg 49/batch = 10% of 512, 3562 evals/s, 286 msg/s, 12.5 leaves/msg, 14s)
2026-08-05 01:55:28 [iter 5/60] self-play: 5/40 games...
2026-08-05 01:55:41   [GPU] 100,004 evals (2287 batches, avg 44/batch = 9% of 512, 3485 evals/s, 269 msg/s, 13.0 leaves/msg, 29s)
2026-08-05 01:55:47 [iter 5/60] self-play: 10/40 games...
2026-08-05 01:55:57   [GPU] 150,012 evals (3645 batches, avg 41/batch = 8% of 512, 3348 evals/s, 251 msg/s, 13.3 leaves/msg, 45s)
2026-08-05 01:56:14   [GPU] 200,017 evals (4994 batches, avg 40/batch = 8% of 512, 3222 evals/s, 235 msg/s, 13.7 leaves/msg, 62s)
2026-08-05 01:56:32   [GPU] 250,055 evals (6455 batches, avg 39/batch = 8% of 512, 3131 evals/s, 223 msg/s, 14.0 leaves/msg, 80s)
2026-08-05 01:56:49   [GPU] 300,007 evals (7852 batches, avg 38/batch = 7% of 512, 3090 evals/s, 217 msg/s, 14.2 leaves/msg, 97s)
2026-08-05 01:57:05   [GPU] 350,008 evals (9236 batches, avg 38/batch = 7% of 512, 3108 evals/s, 216 msg/s, 14.4 leaves/msg, 113s)
2026-08-05 01:57:17   [GPU] 400,005 evals (10499 batches, avg 38/batch = 7% of 512, 3185 evals/s, 220 msg/s, 14.5 leaves/msg, 126s)
2026-08-05 01:57:29   [GPU] 450,041 evals (11673 batches, avg 39/batch = 8% of 512, 3278 evals/s, 225 msg/s, 14.6 leaves/msg, 137s)
2026-08-05 01:57:40   [GPU] 500,022 evals (12814 batches, avg 39/batch = 8% of 512, 3368 evals/s, 231 msg/s, 14.6 leaves/msg, 148s)
2026-08-05 01:57:51   [GPU] 550,059 evals (13945 batches, avg 39/batch = 8% of 512, 3451 evals/s, 236 msg/s, 14.7 leaves/msg, 159s)
2026-08-05 01:58:02   [GPU] 600,028 evals (15064 batches, avg 40/batch = 8% of 512, 3527 evals/s, 240 msg/s, 14.7 leaves/msg, 170s)
2026-08-05 01:58:10 [iter 5/60] self-play: 15/40 games...
2026-08-05 01:58:12   [GPU] 650,035 evals (16095 batches, avg 40/batch = 8% of 512, 3605 evals/s, 246 msg/s, 14.7 leaves/msg, 180s)
2026-08-05 01:58:23   [GPU] 700,020 evals (17153 batches, avg 41/batch = 8% of 512, 3663 evals/s, 251 msg/s, 14.6 leaves/msg, 191s)
2026-08-05 01:58:27 [iter 5/60] self-play: 20/40 games...
2026-08-05 01:58:34   [GPU] 750,006 evals (18261 batches, avg 41/batch = 8% of 512, 3706 evals/s, 255 msg/s, 14.5 leaves/msg, 202s)
2026-08-05 01:58:48   [GPU] 800,051 evals (19594 batches, avg 41/batch = 8% of 512, 3694 evals/s, 255 msg/s, 14.5 leaves/msg, 217s)
2026-08-05 01:58:54 [iter 5/60] self-play: 25/40 games...
2026-08-05 01:59:03   [GPU] 850,000 evals (20917 batches, avg 41/batch = 8% of 512, 3677 evals/s, 254 msg/s, 14.5 leaves/msg, 231s)
2026-08-05 01:59:17   [GPU] 900,005 evals (22220 batches, avg 41/batch = 8% of 512, 3675 evals/s, 254 msg/s, 14.5 leaves/msg, 245s)
2026-08-05 01:59:31   [GPU] 950,051 evals (23505 batches, avg 40/batch = 8% of 512, 3674 evals/s, 253 msg/s, 14.5 leaves/msg, 259s)
2026-08-05 01:59:45   [GPU] 1,000,027 evals (24840 batches, avg 40/batch = 8% of 512, 3662 evals/s, 252 msg/s, 14.5 leaves/msg, 273s)
2026-08-05 01:59:49 [iter 5/60] self-play: 30/40 games...
2026-08-05 01:59:59   [GPU] 1,050,043 evals (26140 batches, avg 40/batch = 8% of 512, 3661 evals/s, 252 msg/s, 14.5 leaves/msg, 287s)
2026-08-05 02:00:12   [GPU] 1,100,041 evals (27416 batches, avg 40/batch = 8% of 512, 3663 evals/s, 252 msg/s, 14.6 leaves/msg, 300s)
2026-08-05 02:00:25   [GPU] 1,150,000 evals (28694 batches, avg 40/batch = 8% of 512, 3672 evals/s, 252 msg/s, 14.6 leaves/msg, 313s)
2026-08-05 02:00:38   [GPU] 1,200,000 evals (30013 batches, avg 40/batch = 8% of 512, 3674 evals/s, 252 msg/s, 14.6 leaves/msg, 327s)
2026-08-05 02:00:51   [GPU] 1,250,021 evals (31214 batches, avg 40/batch = 8% of 512, 3691 evals/s, 253 msg/s, 14.6 leaves/msg, 339s)
2026-08-05 02:00:59 [iter 5/60] self-play: 35/40 games...
2026-08-05 02:01:03   [GPU] 1,300,022 evals (32435 batches, avg 40/batch = 8% of 512, 3707 evals/s, 253 msg/s, 14.6 leaves/msg, 351s)
2026-08-05 02:01:19   [GPU] 1,350,015 evals (33977 batches, avg 40/batch = 8% of 512, 3682 evals/s, 252 msg/s, 14.6 leaves/msg, 367s)
2026-08-05 02:01:55   [GPU] 1,400,004 evals (36482 batches, avg 38/batch = 7% of 512, 3470 evals/s, 237 msg/s, 14.6 leaves/msg, 403s)
2026-08-05 02:02:41 [iter 5/60] self-play: 40/40 games...
2026-08-05 02:02:41 [iter 5/60] self-play done: 40 games (449s) | wins: P0=17, P1=12, draw=11 | draw_rate=28% avg_len~19
2026-08-05 02:02:41 [iter 5/60] WARNING: draw_rate 28% > 20% — games timing out at max_game_moves=160 (weak value signal).
2026-08-05 02:02:41 [iter 5/60] training (600 steps, lr=9.90e-04)...
2026-08-05 02:02:48 [iter 5/60] training done: loss_p=1.470 loss_v=0.200 (7s)
2026-08-05 02:02:50 [iter 5/60] data: policy_wall_mass=0.119 walled_states=63% walls_on_board=17.8 value_mae walled=0.088 free=0.307
2026-08-05 02:02:50 [iter 5/60] eval skipped (eval_every=4)
2026-08-05 02:02:50 >>> iter 5 | loss_p=1.470 loss_v=0.200 | vs_best=n/a (not evaluated) | vs_rand=n/a | draw=28% | buf=9820 | rss=2.32GB | sp=449s train=7s eval_best=0s eval_rand=0s | total=458s
2026-08-05 02:02:50 [iter 6/60] self-play starting (40 games, 600 sims, MIXED 20/40 race-only)...
2026-08-05 02:02:50 [PARALLEL-MP] 8 workers spawned (40 games, sims=600), GPU batcher starting...
2026-08-05 02:03:02   [GPU] 50,004 evals (1020 batches, avg 49/batch = 10% of 512, 4096 evals/s, 338 msg/s, 12.1 leaves/msg, 12s)
2026-08-05 02:03:03 [iter 6/60] self-play: 5/40 games...
2026-08-05 02:03:15   [GPU] 100,005 evals (2264 batches, avg 44/batch = 9% of 512, 4018 evals/s, 316 msg/s, 12.7 leaves/msg, 25s)
2026-08-05 02:03:17 [iter 6/60] self-play: 10/40 games...
2026-08-05 02:03:30   [GPU] 150,023 evals (3642 batches, avg 41/batch = 8% of 512, 3778 evals/s, 286 msg/s, 13.2 leaves/msg, 40s)
2026-08-05 02:03:46   [GPU] 200,012 evals (4994 batches, avg 40/batch = 8% of 512, 3578 evals/s, 263 msg/s, 13.6 leaves/msg, 56s)
2026-08-05 02:04:02   [GPU] 250,009 evals (6375 batches, avg 39/batch = 8% of 512, 3455 evals/s, 248 msg/s, 13.9 leaves/msg, 72s)
2026-08-05 02:04:18   [GPU] 300,012 evals (7721 batches, avg 39/batch = 8% of 512, 3396 evals/s, 240 msg/s, 14.1 leaves/msg, 88s)
2026-08-05 02:04:33   [GPU] 350,000 evals (8964 batches, avg 39/batch = 8% of 512, 3405 evals/s, 239 msg/s, 14.2 leaves/msg, 103s)
2026-08-05 02:04:41 [iter 6/60] self-play: 15/40 games...
2026-08-05 02:04:49   [GPU] 400,026 evals (10303 batches, avg 39/batch = 8% of 512, 3369 evals/s, 237 msg/s, 14.2 leaves/msg, 119s)
2026-08-05 02:05:05   [GPU] 450,030 evals (11667 batches, avg 39/batch = 8% of 512, 3329 evals/s, 233 msg/s, 14.3 leaves/msg, 135s)
2026-08-05 02:05:21   [GPU] 500,046 evals (13036 batches, avg 38/batch = 7% of 512, 3302 evals/s, 230 msg/s, 14.3 leaves/msg, 151s)
2026-08-05 02:05:39   [GPU] 550,033 evals (14457 batches, avg 38/batch = 7% of 512, 3257 evals/s, 226 msg/s, 14.4 leaves/msg, 169s)
2026-08-05 02:05:56   [GPU] 600,005 evals (15911 batches, avg 38/batch = 7% of 512, 3223 evals/s, 223 msg/s, 14.5 leaves/msg, 186s)
2026-08-05 02:06:13   [GPU] 650,049 evals (17342 batches, avg 37/batch = 7% of 512, 3199 evals/s, 220 msg/s, 14.5 leaves/msg, 203s)
2026-08-05 02:06:29   [GPU] 700,015 evals (18700 batches, avg 37/batch = 7% of 512, 3193 evals/s, 220 msg/s, 14.5 leaves/msg, 219s)
2026-08-05 02:06:44   [GPU] 750,028 evals (19997 batches, avg 38/batch = 7% of 512, 3201 evals/s, 220 msg/s, 14.6 leaves/msg, 234s)
2026-08-05 02:06:58   [GPU] 800,013 evals (21264 batches, avg 38/batch = 7% of 512, 3220 evals/s, 220 msg/s, 14.6 leaves/msg, 248s)
2026-08-05 02:07:05 [iter 6/60] self-play: 20/40 games...
2026-08-05 02:07:11   [GPU] 850,022 evals (22454 batches, avg 38/batch = 7% of 512, 3250 evals/s, 223 msg/s, 14.6 leaves/msg, 262s)
2026-08-05 02:07:21 [iter 6/60] self-play: 25/40 games...
2026-08-05 02:07:26   [GPU] 900,015 evals (23752 batches, avg 38/batch = 7% of 512, 3258 evals/s, 225 msg/s, 14.5 leaves/msg, 276s)
2026-08-05 02:07:41   [GPU] 950,032 evals (25035 batches, avg 38/batch = 7% of 512, 3267 evals/s, 226 msg/s, 14.4 leaves/msg, 291s)
2026-08-05 02:07:45 [iter 6/60] self-play: 30/40 games...
2026-08-05 02:07:54 [iter 6/60] self-play: 35/40 games...
2026-08-05 02:08:00   [GPU] 1,000,005 evals (26548 batches, avg 38/batch = 7% of 512, 3228 evals/s, 224 msg/s, 14.4 leaves/msg, 310s)
2026-08-05 02:08:28   [GPU] 1,050,032 evals (28468 batches, avg 37/batch = 7% of 512, 3104 evals/s, 215 msg/s, 14.5 leaves/msg, 338s)
2026-08-05 02:08:55   [GPU] 1,100,012 evals (30338 batches, avg 36/batch = 7% of 512, 3014 evals/s, 208 msg/s, 14.5 leaves/msg, 365s)
2026-08-05 02:09:18   [GPU] 1,150,046 evals (32134 batches, avg 36/batch = 7% of 512, 2966 evals/s, 204 msg/s, 14.5 leaves/msg, 388s)
2026-08-05 02:09:40   [GPU] 1,200,018 evals (33894 batches, avg 35/batch = 7% of 512, 2923 evals/s, 201 msg/s, 14.6 leaves/msg, 411s)
2026-08-05 02:10:03   [GPU] 1,250,028 evals (35646 batches, avg 35/batch = 7% of 512, 2886 evals/s, 198 msg/s, 14.6 leaves/msg, 433s)
2026-08-05 02:10:28   [GPU] 1,300,011 evals (37507 batches, avg 35/batch = 7% of 512, 2839 evals/s, 195 msg/s, 14.6 leaves/msg, 458s)
2026-08-05 02:11:08   [GPU] 1,350,028 evals (39675 batches, avg 34/batch = 7% of 512, 2711 evals/s, 185 msg/s, 14.6 leaves/msg, 498s)
2026-08-05 02:12:01 [iter 6/60] self-play: 40/40 games...
2026-08-05 02:12:01 [iter 6/60] self-play done: 40 games (552s) | wins: P0=8, P1=23, draw=9 | draw_rate=22% avg_len~25
2026-08-05 02:12:01 [iter 6/60] WARNING: draw_rate 22% > 20% — games timing out at max_game_moves=160 (weak value signal).
2026-08-05 02:12:01 [iter 6/60] training (600 steps, lr=9.85e-04)...
2026-08-05 02:12:11 [iter 6/60] training done: loss_p=1.406 loss_v=0.186 (10s)
2026-08-05 02:12:15 [iter 6/60] data: policy_wall_mass=0.120 walled_states=68% walls_on_board=17.0 value_mae walled=0.115 free=0.292
2026-08-05 02:12:15 [iter 6/60] eval skipped (eval_every=4)
2026-08-05 02:12:15 >>> iter 6 | loss_p=1.406 loss_v=0.186 | vs_best=n/a (not evaluated) | vs_rand=n/a | draw=22% | buf=11846 | rss=2.34GB | sp=552s train=10s eval_best=0s eval_rand=0s | total=565s
2026-08-05 02:12:15 [iter 7/60] self-play starting (40 games, 600 sims, MIXED 20/40 race-only)...
2026-08-05 02:12:15 [PARALLEL-MP] 8 workers spawned (40 games, sims=600), GPU batcher starting...
2026-08-05 02:12:29   [GPU] 50,026 evals (939 batches, avg 53/batch = 10% of 512, 3754 evals/s, 287 msg/s, 13.1 leaves/msg, 13s)
2026-08-05 02:12:29 [iter 7/60] self-play: 5/40 games...
2026-08-05 02:12:43   [GPU] 100,036 evals (2200 batches, avg 45/batch = 9% of 512, 3577 evals/s, 273 msg/s, 13.1 leaves/msg, 28s)
2026-08-05 02:12:48 [iter 7/60] self-play: 10/40 games...
2026-08-05 02:12:59   [GPU] 150,051 evals (3528 batches, avg 43/batch = 8% of 512, 3435 evals/s, 258 msg/s, 13.3 leaves/msg, 44s)
2026-08-05 02:13:16   [GPU] 200,051 evals (4879 batches, avg 41/batch = 8% of 512, 3304 evals/s, 240 msg/s, 13.8 leaves/msg, 61s)
2026-08-05 02:13:32   [GPU] 250,023 evals (6266 batches, avg 40/batch = 8% of 512, 3250 evals/s, 232 msg/s, 14.0 leaves/msg, 77s)
2026-08-05 02:13:42 [iter 7/60] self-play: 15/40 games...
2026-08-05 02:13:49   [GPU] 300,019 evals (7644 batches, avg 39/batch = 8% of 512, 3221 evals/s, 230 msg/s, 14.0 leaves/msg, 93s)
2026-08-05 02:14:05   [GPU] 350,004 evals (8994 batches, avg 39/batch = 8% of 512, 3187 evals/s, 225 msg/s, 14.2 leaves/msg, 110s)
2026-08-05 02:14:20   [GPU] 400,021 evals (10282 batches, avg 39/batch = 8% of 512, 3203 evals/s, 225 msg/s, 14.2 leaves/msg, 125s)
2026-08-05 02:14:35   [GPU] 450,029 evals (11563 batches, avg 39/batch = 8% of 512, 3217 evals/s, 225 msg/s, 14.3 leaves/msg, 140s)
2026-08-05 02:14:50   [GPU] 500,001 evals (12839 batches, avg 39/batch = 8% of 512, 3236 evals/s, 225 msg/s, 14.4 leaves/msg, 154s)
2026-08-05 02:15:03   [GPU] 550,040 evals (14148 batches, avg 39/batch = 8% of 512, 3277 evals/s, 227 msg/s, 14.5 leaves/msg, 168s)
2026-08-05 02:15:16   [GPU] 600,008 evals (15413 batches, avg 39/batch = 8% of 512, 3317 evals/s, 229 msg/s, 14.5 leaves/msg, 181s)
2026-08-05 02:15:28   [GPU] 650,049 evals (16624 batches, avg 39/batch = 8% of 512, 3368 evals/s, 232 msg/s, 14.5 leaves/msg, 193s)
2026-08-05 02:15:42   [GPU] 700,003 evals (17933 batches, avg 39/batch = 8% of 512, 3389 evals/s, 233 msg/s, 14.6 leaves/msg, 207s)
2026-08-05 02:15:55   [GPU] 750,059 evals (19230 batches, avg 39/batch = 8% of 512, 3408 evals/s, 233 msg/s, 14.6 leaves/msg, 220s)
2026-08-05 02:16:09   [GPU] 800,014 evals (20498 batches, avg 39/batch = 8% of 512, 3429 evals/s, 234 msg/s, 14.6 leaves/msg, 233s)
2026-08-05 02:16:16 [iter 7/60] self-play: 20/40 games...
2026-08-05 02:16:21   [GPU] 850,051 evals (21740 batches, avg 39/batch = 8% of 512, 3460 evals/s, 236 msg/s, 14.6 leaves/msg, 246s)
2026-08-05 02:16:29 [iter 7/60] self-play: 25/40 games...
2026-08-05 02:16:35   [GPU] 900,026 evals (23038 batches, avg 39/batch = 8% of 512, 3473 evals/s, 238 msg/s, 14.6 leaves/msg, 259s)
2026-08-05 02:16:48   [GPU] 950,060 evals (24309 batches, avg 39/batch = 8% of 512, 3489 evals/s, 239 msg/s, 14.6 leaves/msg, 272s)
2026-08-05 02:16:54 [iter 7/60] self-play: 30/40 games...
2026-08-05 02:17:02   [GPU] 1,000,004 evals (25674 batches, avg 39/batch = 8% of 512, 3488 evals/s, 240 msg/s, 14.5 leaves/msg, 287s)
2026-08-05 02:17:23   [GPU] 1,050,002 evals (27366 batches, avg 38/batch = 7% of 512, 3409 evals/s, 234 msg/s, 14.6 leaves/msg, 308s)
2026-08-05 02:17:25 [iter 7/60] self-play: 35/40 games...
2026-08-05 02:17:45   [GPU] 1,100,011 evals (29160 batches, avg 38/batch = 7% of 512, 3337 evals/s, 229 msg/s, 14.6 leaves/msg, 330s)
2026-08-05 02:18:06   [GPU] 1,150,011 evals (30960 batches, avg 37/batch = 7% of 512, 3278 evals/s, 224 msg/s, 14.6 leaves/msg, 351s)
2026-08-05 02:18:28   [GPU] 1,200,012 evals (32770 batches, avg 37/batch = 7% of 512, 3223 evals/s, 220 msg/s, 14.6 leaves/msg, 372s)
2026-08-05 02:18:49   [GPU] 1,250,004 evals (34561 batches, avg 36/batch = 7% of 512, 3175 evals/s, 217 msg/s, 14.7 leaves/msg, 394s)
2026-08-05 02:19:11   [GPU] 1,300,009 evals (36383 batches, avg 36/batch = 7% of 512, 3131 evals/s, 213 msg/s, 14.7 leaves/msg, 415s)
2026-08-05 02:19:42   [GPU] 1,350,011 evals (38570 batches, avg 35/batch = 7% of 512, 3024 evals/s, 206 msg/s, 14.7 leaves/msg, 446s)
2026-08-05 02:20:26   [GPU] 1,400,010 evals (41002 batches, avg 34/batch = 7% of 512, 2854 evals/s, 194 msg/s, 14.7 leaves/msg, 491s)
2026-08-05 02:21:29 [iter 7/60] self-play: 40/40 games...
2026-08-05 02:21:30 [iter 7/60] self-play done: 40 games (554s) | wins: P0=4, P1=23, draw=13 | draw_rate=32% avg_len~10
2026-08-05 02:21:30 [iter 7/60] WARNING: draw_rate 32% > 20% — games timing out at max_game_moves=160 (weak value signal).
2026-08-05 02:21:30 [iter 7/60] training (600 steps, lr=9.78e-04)...
2026-08-05 02:21:36 [iter 7/60] training done: loss_p=1.356 loss_v=0.193 (7s)
2026-08-05 02:21:38 [iter 7/60] data: policy_wall_mass=0.138 walled_states=30% walls_on_board=4.0 value_mae walled=0.101 free=0.450
2026-08-05 02:21:38 [iter 7/60] eval skipped (eval_every=4)
2026-08-05 02:21:38 >>> iter 7 | loss_p=1.356 loss_v=0.193 | vs_best=n/a (not evaluated) | vs_rand=n/a | draw=32% | buf=12676 | rss=2.35GB | sp=554s train=7s eval_best=0s eval_rand=0s | total=563s
2026-08-05 02:21:38 [iter 8/60] self-play starting (40 games, 600 sims, MIXED 20/40 race-only)...
2026-08-05 02:21:38 [PARALLEL-MP] 8 workers spawned (40 games, sims=600), GPU batcher starting...
2026-08-05 02:21:49   [GPU] 50,043 evals (960 batches, avg 52/batch = 10% of 512, 4352 evals/s, 353 msg/s, 12.3 leaves/msg, 11s)
2026-08-05 02:21:51 [iter 8/60] self-play: 5/40 games...
2026-08-05 02:22:01   [GPU] 100,004 evals (2112 batches, avg 47/batch = 9% of 512, 4341 evals/s, 336 msg/s, 12.9 leaves/msg, 23s)
2026-08-05 02:22:11 [iter 8/60] self-play: 10/40 games...
2026-08-05 02:22:14   [GPU] 150,066 evals (3396 batches, avg 44/batch = 9% of 512, 4200 evals/s, 321 msg/s, 13.1 leaves/msg, 36s)
2026-08-05 02:22:28   [GPU] 200,017 evals (4761 batches, avg 42/batch = 8% of 512, 3986 evals/s, 295 msg/s, 13.5 leaves/msg, 50s)
2026-08-05 02:22:42   [GPU] 250,005 evals (6099 batches, avg 41/batch = 8% of 512, 3879 evals/s, 280 msg/s, 13.8 leaves/msg, 64s)
2026-08-05 02:22:55   [GPU] 300,039 evals (7385 batches, avg 41/batch = 8% of 512, 3874 evals/s, 276 msg/s, 14.1 leaves/msg, 77s)
2026-08-05 02:23:08   [GPU] 350,058 evals (8597 batches, avg 41/batch = 8% of 512, 3894 evals/s, 274 msg/s, 14.2 leaves/msg, 90s)
2026-08-05 02:23:17 [iter 8/60] self-play: 15/40 games...
2026-08-05 02:23:20   [GPU] 400,001 evals (9788 batches, avg 41/batch = 8% of 512, 3932 evals/s, 277 msg/s, 14.2 leaves/msg, 102s)
2026-08-05 02:23:31   [GPU] 450,032 evals (10962 batches, avg 41/batch = 8% of 512, 3963 evals/s, 278 msg/s, 14.3 leaves/msg, 114s)
2026-08-05 02:23:44   [GPU] 500,057 evals (12264 batches, avg 41/batch = 8% of 512, 3958 evals/s, 279 msg/s, 14.2 leaves/msg, 126s)
2026-08-05 02:23:57   [GPU] 550,022 evals (13553 batches, avg 41/batch = 8% of 512, 3943 evals/s, 276 msg/s, 14.3 leaves/msg, 139s)
2026-08-05 02:24:12   [GPU] 600,000 evals (14824 batches, avg 40/batch = 8% of 512, 3891 evals/s, 272 msg/s, 14.3 leaves/msg, 154s)
2026-08-05 02:24:27   [GPU] 650,020 evals (16084 batches, avg 40/batch = 8% of 512, 3848 evals/s, 268 msg/s, 14.4 leaves/msg, 169s)
2026-08-05 02:24:41   [GPU] 700,023 evals (17326 batches, avg 40/batch = 8% of 512, 3816 evals/s, 264 msg/s, 14.4 leaves/msg, 183s)
2026-08-05 02:24:54 [iter 8/60] self-play: 20/40 games...
2026-08-05 02:24:56   [GPU] 750,002 evals (18576 batches, avg 40/batch = 8% of 512, 3788 evals/s, 262 msg/s, 14.5 leaves/msg, 198s)
2026-08-05 02:25:10   [GPU] 800,025 evals (19789 batches, avg 40/batch = 8% of 512, 3772 evals/s, 261 msg/s, 14.4 leaves/msg, 212s)
2026-08-05 02:25:20 [iter 8/60] self-play: 25/40 games...
2026-08-05 02:25:26   [GPU] 850,012 evals (21131 batches, avg 40/batch = 8% of 512, 3731 evals/s, 258 msg/s, 14.4 leaves/msg, 228s)
2026-08-05 02:25:40   [GPU] 900,005 evals (22398 batches, avg 40/batch = 8% of 512, 3712 evals/s, 258 msg/s, 14.4 leaves/msg, 242s)
2026-08-05 02:25:54   [GPU] 950,011 evals (23600 batches, avg 40/batch = 8% of 512, 3706 evals/s, 257 msg/s, 14.4 leaves/msg, 256s)
2026-08-05 02:25:56 [iter 8/60] self-play: 30/40 games...
2026-08-05 02:26:12   [GPU] 1,000,011 evals (25068 batches, avg 40/batch = 8% of 512, 3642 evals/s, 253 msg/s, 14.4 leaves/msg, 275s)
2026-08-05 02:26:14 [iter 8/60] self-play: 35/40 games...
2026-08-05 02:26:44   [GPU] 1,050,029 evals (27113 batches, avg 39/batch = 8% of 512, 3425 evals/s, 237 msg/s, 14.4 leaves/msg, 307s)
2026-08-05 02:27:17   [GPU] 1,100,000 evals (29182 batches, avg 38/batch = 7% of 512, 3246 evals/s, 224 msg/s, 14.5 leaves/msg, 339s)
2026-08-05 02:27:48   [GPU] 1,150,030 evals (31201 batches, avg 37/batch = 7% of 512, 3108 evals/s, 214 msg/s, 14.5 leaves/msg, 370s)
2026-08-05 02:28:24   [GPU] 1,200,008 evals (33355 batches, avg 36/batch = 7% of 512, 2957 evals/s, 203 msg/s, 14.5 leaves/msg, 406s)
2026-08-05 02:29:01   [GPU] 1,250,010 evals (35618 batches, avg 35/batch = 7% of 512, 2820 evals/s, 194 msg/s, 14.6 leaves/msg, 443s)
2026-08-05 02:30:03 [iter 8/60] self-play: 40/40 games...
2026-08-05 02:30:03 [iter 8/60] self-play done: 40 games (505s) | wins: P0=6, P1=23, draw=11 | draw_rate=28% avg_len~13
2026-08-05 02:30:03 [iter 8/60] WARNING: draw_rate 28% > 20% — games timing out at max_game_moves=160 (weak value signal).
2026-08-05 02:30:03 [iter 8/60] training (600 steps, lr=9.70e-04)...
2026-08-05 02:30:13 [iter 8/60] training done: loss_p=1.337 loss_v=0.194 (10s)
2026-08-05 02:30:17 [iter 8/60] data: policy_wall_mass=0.111 walled_states=32% walls_on_board=2.5 value_mae walled=0.066 free=0.342
2026-08-05 02:30:17 [iter 8/60] eval vs best (160 games, 200 sims)...
2026-08-05 02:30:17 [EVAL-MP] 8 workers spawned (160 vs_best games, sims=200), GPU batcher starting...
2026-08-05 02:30:37   [GPU] 50,051 evals (1185 batches, avg 42/batch = 8% of 512, 2600 evals/s, 184 msg/s, 14.2 leaves/msg, 19s)
2026-08-05 02:30:53   [GPU] 100,053 evals (2259 batches, avg 44/batch = 9% of 512, 2840 evals/s, 205 msg/s, 13.9 leaves/msg, 35s)
2026-08-05 02:31:08   [GPU] 150,045 evals (3317 batches, avg 45/batch = 9% of 512, 2959 evals/s, 214 msg/s, 13.8 leaves/msg, 51s)
2026-08-05 02:31:24   [GPU] 200,044 evals (4369 batches, avg 46/batch = 9% of 512, 3026 evals/s, 219 msg/s, 13.8 leaves/msg, 66s)
2026-08-05 02:31:40 [iter 8/60] eval vs best: 5/160 games (82s, cand 0%)
2026-08-05 02:31:41   [GPU] 250,003 evals (5517 batches, avg 45/batch = 9% of 512, 2998 evals/s, 217 msg/s, 13.8 leaves/msg, 83s)
2026-08-05 02:31:59   [GPU] 300,016 evals (6738 batches, avg 45/batch = 9% of 512, 2952 evals/s, 213 msg/s, 13.8 leaves/msg, 102s)
2026-08-05 02:32:17   [GPU] 350,063 evals (7943 batches, avg 44/batch = 9% of 512, 2935 evals/s, 213 msg/s, 13.8 leaves/msg, 119s)
2026-08-05 02:32:33   [GPU] 400,014 evals (9067 batches, avg 44/batch = 9% of 512, 2949 evals/s, 214 msg/s, 13.8 leaves/msg, 136s)
2026-08-05 02:32:45 [iter 8/60] eval vs best: 10/160 games (147s, cand 0%)
2026-08-05 02:32:50   [GPU] 450,039 evals (10206 batches, avg 44/batch = 9% of 512, 2957 evals/s, 215 msg/s, 13.7 leaves/msg, 152s)
2026-08-05 02:33:06   [GPU] 500,000 evals (11356 batches, avg 44/batch = 9% of 512, 2962 evals/s, 216 msg/s, 13.7 leaves/msg, 169s)
2026-08-05 02:33:22 [iter 8/60] eval vs best: 15/160 games (184s, cand 0%)
2026-08-05 02:33:24   [GPU] 550,019 evals (12533 batches, avg 44/batch = 9% of 512, 2956 evals/s, 215 msg/s, 13.7 leaves/msg, 186s)
2026-08-05 02:33:41   [GPU] 600,027 evals (13696 batches, avg 44/batch = 9% of 512, 2956 evals/s, 215 msg/s, 13.7 leaves/msg, 203s)
2026-08-05 02:33:56   [GPU] 650,008 evals (14784 batches, avg 44/batch = 9% of 512, 2970 evals/s, 216 msg/s, 13.7 leaves/msg, 219s)
2026-08-05 02:34:12   [GPU] 700,036 evals (15891 batches, avg 44/batch = 9% of 512, 2980 evals/s, 217 msg/s, 13.8 leaves/msg, 235s)
2026-08-05 02:34:20 [iter 8/60] eval vs best: 20/160 games (243s, cand 0%)
2026-08-05 02:34:29   [GPU] 750,035 evals (17011 batches, avg 44/batch = 9% of 512, 2986 evals/s, 217 msg/s, 13.8 leaves/msg, 251s)
2026-08-05 02:34:44 [iter 8/60] eval vs best: 25/160 games (266s, cand 25%)
2026-08-05 02:34:45   [GPU] 800,018 evals (18168 batches, avg 44/batch = 9% of 512, 2987 evals/s, 217 msg/s, 13.8 leaves/msg, 268s)
2026-08-05 02:35:01   [GPU] 850,064 evals (19256 batches, avg 44/batch = 9% of 512, 2994 evals/s, 217 msg/s, 13.8 leaves/msg, 284s)
2026-08-05 02:35:18   [GPU] 900,030 evals (20371 batches, avg 44/batch = 9% of 512, 2995 evals/s, 217 msg/s, 13.8 leaves/msg, 301s)
2026-08-05 02:35:33   [GPU] 950,001 evals (21517 batches, avg 44/batch = 9% of 512, 3012 evals/s, 218 msg/s, 13.8 leaves/msg, 315s)
2026-08-05 02:35:36 [iter 8/60] eval vs best: 30/160 games (318s, cand 25%)
2026-08-05 02:35:46   [GPU] 1,000,021 evals (22695 batches, avg 44/batch = 9% of 512, 3040 evals/s, 220 msg/s, 13.8 leaves/msg, 329s)
2026-08-05 02:36:01   [GPU] 1,050,001 evals (23935 batches, avg 44/batch = 9% of 512, 3060 evals/s, 221 msg/s, 13.8 leaves/msg, 343s)
2026-08-05 02:36:14 [iter 8/60] eval vs best: 35/160 games (357s, cand 40%)
2026-08-05 02:36:15   [GPU] 1,100,001 evals (25179 batches, avg 44/batch = 9% of 512, 3078 evals/s, 222 msg/s, 13.9 leaves/msg, 357s)
2026-08-05 02:36:29   [GPU] 1,150,032 evals (26395 batches, avg 44/batch = 9% of 512, 3097 evals/s, 224 msg/s, 13.9 leaves/msg, 371s)
2026-08-05 02:36:42   [GPU] 1,200,013 evals (27595 batches, avg 43/batch = 8% of 512, 3118 evals/s, 225 msg/s, 13.9 leaves/msg, 385s)
2026-08-05 02:36:46 [iter 8/60] eval vs best: 40/160 games (389s, cand 33%)
2026-08-05 02:36:56   [GPU] 1,250,001 evals (28784 batches, avg 43/batch = 8% of 512, 3138 evals/s, 226 msg/s, 13.9 leaves/msg, 398s)
2026-08-05 02:37:09   [GPU] 1,300,022 evals (29915 batches, avg 43/batch = 8% of 512, 3156 evals/s, 228 msg/s, 13.9 leaves/msg, 412s)
2026-08-05 02:37:22   [GPU] 1,350,021 evals (31044 batches, avg 43/batch = 8% of 512, 3178 evals/s, 229 msg/s, 13.9 leaves/msg, 425s)
2026-08-05 02:37:35   [GPU] 1,400,036 evals (32190 batches, avg 43/batch = 8% of 512, 3198 evals/s, 231 msg/s, 13.9 leaves/msg, 438s)
2026-08-05 02:37:38 [iter 8/60] eval vs best: 45/160 games (440s, cand 33%)
2026-08-05 02:37:49   [GPU] 1,450,004 evals (33399 batches, avg 43/batch = 8% of 512, 3211 evals/s, 231 msg/s, 13.9 leaves/msg, 452s)
2026-08-05 02:38:03   [GPU] 1,500,000 evals (34633 batches, avg 43/batch = 8% of 512, 3222 evals/s, 232 msg/s, 13.9 leaves/msg, 466s)
2026-08-05 02:38:08 [iter 8/60] eval vs best: 50/160 games (471s, cand 33%)
2026-08-05 02:38:17   [GPU] 1,550,025 evals (35858 batches, avg 43/batch = 8% of 512, 3231 evals/s, 233 msg/s, 13.9 leaves/msg, 480s)
2026-08-05 02:38:30   [GPU] 1,600,043 evals (37010 batches, avg 43/batch = 8% of 512, 3246 evals/s, 234 msg/s, 13.9 leaves/msg, 493s)
2026-08-05 02:38:43   [GPU] 1,650,045 evals (38115 batches, avg 43/batch = 8% of 512, 3264 evals/s, 235 msg/s, 13.9 leaves/msg, 505s)
2026-08-05 02:38:56   [GPU] 1,700,043 evals (39246 batches, avg 43/batch = 8% of 512, 3278 evals/s, 236 msg/s, 13.9 leaves/msg, 519s)
2026-08-05 02:39:04 [iter 8/60] eval vs best: 55/160 games (526s, cand 33%)
2026-08-05 02:39:09   [GPU] 1,750,041 evals (40407 batches, avg 43/batch = 8% of 512, 3290 evals/s, 237 msg/s, 13.9 leaves/msg, 532s)
2026-08-05 02:39:22   [GPU] 1,800,016 evals (41532 batches, avg 43/batch = 8% of 512, 3305 evals/s, 238 msg/s, 13.9 leaves/msg, 545s)
2026-08-05 02:39:35   [GPU] 1,850,000 evals (42624 batches, avg 43/batch = 8% of 512, 3321 evals/s, 239 msg/s, 13.9 leaves/msg, 557s)
2026-08-05 02:39:48   [GPU] 1,900,009 evals (43775 batches, avg 43/batch = 8% of 512, 3333 evals/s, 240 msg/s, 13.9 leaves/msg, 570s)
2026-08-05 02:39:53 [iter 8/60] eval vs best: 60/160 games (576s, cand 33%)
2026-08-05 02:40:01   [GPU] 1,950,011 evals (44909 batches, avg 43/batch = 8% of 512, 3344 evals/s, 241 msg/s, 13.9 leaves/msg, 583s)
2026-08-05 02:40:15   [GPU] 2,000,000 evals (46153 batches, avg 43/batch = 8% of 512, 3345 evals/s, 241 msg/s, 13.9 leaves/msg, 598s)
2026-08-05 02:40:17 [iter 8/60] eval vs best: 65/160 games (600s, cand 33%)
2026-08-05 02:40:30   [GPU] 2,050,033 evals (47394 batches, avg 43/batch = 8% of 512, 3348 evals/s, 242 msg/s, 13.9 leaves/msg, 612s)
2026-08-05 02:40:45   [GPU] 2,100,012 evals (48674 batches, avg 43/batch = 8% of 512, 3349 evals/s, 242 msg/s, 13.9 leaves/msg, 627s)
2026-08-05 02:41:00   [GPU] 2,150,022 evals (49953 batches, avg 43/batch = 8% of 512, 3348 evals/s, 241 msg/s, 13.9 leaves/msg, 642s)
2026-08-05 02:41:00 [iter 8/60] eval vs best: 70/160 games (643s, cand 38%)
2026-08-05 02:41:15   [GPU] 2,200,021 evals (51251 batches, avg 43/batch = 8% of 512, 3346 evals/s, 241 msg/s, 13.9 leaves/msg, 657s)
2026-08-05 02:41:30   [GPU] 2,250,036 evals (52567 batches, avg 43/batch = 8% of 512, 3344 evals/s, 241 msg/s, 13.9 leaves/msg, 673s)
2026-08-05 02:41:42 [iter 8/60] eval vs best: 75/160 games (685s, cand 33%)
2026-08-05 02:41:46   [GPU] 2,300,016 evals (53899 batches, avg 43/batch = 8% of 512, 3342 evals/s, 240 msg/s, 13.9 leaves/msg, 688s)
2026-08-05 02:42:01   [GPU] 2,350,017 evals (55196 batches, avg 43/batch = 8% of 512, 3342 evals/s, 240 msg/s, 13.9 leaves/msg, 703s)
2026-08-05 02:42:14   [GPU] 2,400,013 evals (56393 batches, avg 43/batch = 8% of 512, 3347 evals/s, 241 msg/s, 13.9 leaves/msg, 717s)
2026-08-05 02:42:23 [iter 8/60] eval vs best: 80/160 games (726s, cand 30%)
2026-08-05 02:42:28   [GPU] 2,450,002 evals (57606 batches, avg 43/batch = 8% of 512, 3353 evals/s, 241 msg/s, 13.9 leaves/msg, 731s)
2026-08-05 02:42:43   [GPU] 2,500,003 evals (58859 batches, avg 42/batch = 8% of 512, 3356 evals/s, 241 msg/s, 13.9 leaves/msg, 745s)
2026-08-05 02:42:57   [GPU] 2,550,002 evals (60108 batches, avg 42/batch = 8% of 512, 3359 evals/s, 241 msg/s, 13.9 leaves/msg, 759s)
2026-08-05 02:42:59 [iter 8/60] eval vs best: 85/160 games (762s, cand 27%)
2026-08-05 02:43:10   [GPU] 2,600,042 evals (61283 batches, avg 42/batch = 8% of 512, 3366 evals/s, 242 msg/s, 13.9 leaves/msg, 772s)
2026-08-05 02:43:24   [GPU] 2,650,018 evals (62529 batches, avg 42/batch = 8% of 512, 3368 evals/s, 242 msg/s, 13.9 leaves/msg, 787s)
2026-08-05 02:43:38   [GPU] 2,700,025 evals (63732 batches, avg 42/batch = 8% of 512, 3373 evals/s, 242 msg/s, 13.9 leaves/msg, 801s)
2026-08-05 02:43:39 [iter 8/60] eval vs best: 90/160 games (801s, cand 33%)
2026-08-05 02:43:53   [GPU] 2,750,040 evals (65012 batches, avg 42/batch = 8% of 512, 3373 evals/s, 242 msg/s, 13.9 leaves/msg, 815s)
2026-08-05 02:44:07   [GPU] 2,800,007 evals (66211 batches, avg 42/batch = 8% of 512, 3378 evals/s, 243 msg/s, 13.9 leaves/msg, 829s)
2026-08-05 02:44:21   [GPU] 2,850,009 evals (67446 batches, avg 42/batch = 8% of 512, 3380 evals/s, 243 msg/s, 13.9 leaves/msg, 843s)
2026-08-05 02:44:33 [iter 8/60] eval vs best: 95/160 games (856s, cand 33%)
2026-08-05 02:44:35   [GPU] 2,900,005 evals (68631 batches, avg 42/batch = 8% of 512, 3381 evals/s, 243 msg/s, 13.9 leaves/msg, 858s)
2026-08-05 02:44:50   [GPU] 2,950,022 evals (69885 batches, avg 42/batch = 8% of 512, 3382 evals/s, 244 msg/s, 13.9 leaves/msg, 872s)
2026-08-05 02:45:05   [GPU] 3,000,008 evals (71039 batches, avg 42/batch = 8% of 512, 3381 evals/s, 244 msg/s, 13.9 leaves/msg, 887s)
2026-08-05 02:45:07 [iter 8/60] eval vs best: 100/160 games (889s, cand 31%)
2026-08-05 02:45:21   [GPU] 3,050,040 evals (72156 batches, avg 42/batch = 8% of 512, 3375 evals/s, 243 msg/s, 13.9 leaves/msg, 904s)
2026-08-05 02:45:37   [GPU] 3,100,032 evals (73240 batches, avg 42/batch = 8% of 512, 3372 evals/s, 243 msg/s, 13.9 leaves/msg, 919s)
2026-08-05 02:45:46 [iter 8/60] eval vs best: 105/160 games (928s, cand 29%)
2026-08-05 02:45:53   [GPU] 3,150,023 evals (74374 batches, avg 42/batch = 8% of 512, 3366 evals/s, 243 msg/s, 13.9 leaves/msg, 936s)
2026-08-05 02:46:10   [GPU] 3,200,036 evals (75527 batches, avg 42/batch = 8% of 512, 3360 evals/s, 242 msg/s, 13.9 leaves/msg, 952s)
2026-08-05 02:46:27   [GPU] 3,250,024 evals (76686 batches, avg 42/batch = 8% of 512, 3353 evals/s, 242 msg/s, 13.9 leaves/msg, 969s)
2026-08-05 02:46:44   [GPU] 3,300,026 evals (77848 batches, avg 42/batch = 8% of 512, 3346 evals/s, 241 msg/s, 13.9 leaves/msg, 986s)
2026-08-05 02:46:49 [iter 8/60] eval vs best: 110/160 games (991s, cand 29%)
2026-08-05 02:47:00   [GPU] 3,350,016 evals (78984 batches, avg 42/batch = 8% of 512, 3340 evals/s, 241 msg/s, 13.9 leaves/msg, 1003s)
2026-08-05 02:47:18   [GPU] 3,400,008 evals (80167 batches, avg 42/batch = 8% of 512, 3333 evals/s, 240 msg/s, 13.9 leaves/msg, 1020s)
2026-08-05 02:47:34   [GPU] 3,450,019 evals (81302 batches, avg 42/batch = 8% of 512, 3327 evals/s, 240 msg/s, 13.9 leaves/msg, 1037s)
2026-08-05 02:47:37 [iter 8/60] eval vs best: 115/160 games (1040s, cand 29%)
2026-08-05 02:47:51   [GPU] 3,500,034 evals (82439 batches, avg 42/batch = 8% of 512, 3323 evals/s, 239 msg/s, 13.9 leaves/msg, 1053s)
2026-08-05 02:48:07   [GPU] 3,550,003 evals (83577 batches, avg 42/batch = 8% of 512, 3318 evals/s, 239 msg/s, 13.9 leaves/msg, 1070s)
2026-08-05 02:48:14 [iter 8/60] eval vs best: 120/160 games (1076s, cand 31%)
2026-08-05 02:48:24   [GPU] 3,600,001 evals (84687 batches, avg 43/batch = 8% of 512, 3315 evals/s, 239 msg/s, 13.9 leaves/msg, 1086s)
2026-08-05 02:48:41   [GPU] 3,650,048 evals (85827 batches, avg 43/batch = 8% of 512, 3309 evals/s, 239 msg/s, 13.9 leaves/msg, 1103s)
2026-08-05 02:48:57   [GPU] 3,700,026 evals (86917 batches, avg 43/batch = 8% of 512, 3305 evals/s, 238 msg/s, 13.9 leaves/msg, 1119s)
2026-08-05 02:49:08 [iter 8/60] eval vs best: 125/160 games (1130s, cand 31%)
2026-08-05 02:49:13   [GPU] 3,750,014 evals (88018 batches, avg 43/batch = 8% of 512, 3303 evals/s, 238 msg/s, 13.9 leaves/msg, 1135s)
2026-08-05 02:49:29   [GPU] 3,800,044 evals (89132 batches, avg 43/batch = 8% of 512, 3300 evals/s, 238 msg/s, 13.9 leaves/msg, 1152s)
2026-08-05 02:49:44 [iter 8/60] eval vs best: 130/160 games (1167s, cand 29%)
2026-08-05 02:49:47   [GPU] 3,850,027 evals (90356 batches, avg 43/batch = 8% of 512, 3292 evals/s, 238 msg/s, 13.9 leaves/msg, 1169s)
2026-08-05 02:50:08   [GPU] 3,900,029 evals (91804 batches, avg 42/batch = 8% of 512, 3277 evals/s, 236 msg/s, 13.9 leaves/msg, 1190s)
2026-08-05 02:50:30   [GPU] 3,950,002 evals (93293 batches, avg 42/batch = 8% of 512, 3259 evals/s, 235 msg/s, 13.9 leaves/msg, 1212s)
2026-08-05 02:50:51 [iter 8/60] eval vs best: 135/160 games (1234s, cand 29%)
2026-08-05 02:50:55   [GPU] 4,000,027 evals (95062 batches, avg 42/batch = 8% of 512, 3231 evals/s, 233 msg/s, 13.9 leaves/msg, 1238s)
2026-08-05 02:51:21   [GPU] 4,050,005 evals (96861 batches, avg 42/batch = 8% of 512, 3204 evals/s, 231 msg/s, 13.9 leaves/msg, 1264s)
2026-08-05 02:51:46 [iter 8/60] eval vs best: 140/160 games (1288s, cand 33%)
2026-08-05 02:51:49   [GPU] 4,100,011 evals (98667 batches, avg 42/batch = 8% of 512, 3175 evals/s, 229 msg/s, 13.9 leaves/msg, 1291s)
2026-08-05 02:52:15   [GPU] 4,150,012 evals (100412 batches, avg 41/batch = 8% of 512, 3149 evals/s, 227 msg/s, 13.9 leaves/msg, 1318s)
2026-08-05 02:52:45   [GPU] 4,200,013 evals (102295 batches, avg 41/batch = 8% of 512, 3116 evals/s, 224 msg/s, 13.9 leaves/msg, 1348s)
2026-08-05 02:53:15 [iter 8/60] eval vs best: 145/160 games (1377s, cand 33%)
2026-08-05 02:53:18   [GPU] 4,250,000 evals (104364 batches, avg 41/batch = 8% of 512, 3078 evals/s, 222 msg/s, 13.9 leaves/msg, 1381s)
2026-08-05 02:53:51   [GPU] 4,300,007 evals (106466 batches, avg 40/batch = 8% of 512, 3043 evals/s, 219 msg/s, 13.9 leaves/msg, 1413s)
2026-08-05 02:54:24   [GPU] 4,350,024 evals (108486 batches, avg 40/batch = 8% of 512, 3008 evals/s, 216 msg/s, 13.9 leaves/msg, 1446s)
2026-08-05 02:54:58   [GPU] 4,400,007 evals (110616 batches, avg 40/batch = 8% of 512, 2973 evals/s, 214 msg/s, 13.9 leaves/msg, 1480s)
2026-08-05 02:55:14 [iter 8/60] eval vs best: 150/160 games (1496s, cand 33%)
2026-08-05 02:55:30   [GPU] 4,450,008 evals (112660 batches, avg 39/batch = 8% of 512, 2943 evals/s, 212 msg/s, 13.9 leaves/msg, 1512s)
2026-08-05 02:56:01   [GPU] 4,500,003 evals (114702 batches, avg 39/batch = 8% of 512, 2915 evals/s, 210 msg/s, 13.9 leaves/msg, 1544s)
2026-08-05 02:56:35   [GPU] 4,550,010 evals (116811 batches, avg 39/batch = 8% of 512, 2885 evals/s, 207 msg/s, 13.9 leaves/msg, 1577s)
2026-08-05 02:56:42 [iter 8/60] eval vs best: 155/160 games (1585s, cand 33%)
2026-08-05 02:57:09   [GPU] 4,600,034 evals (118936 batches, avg 39/batch = 8% of 512, 2855 evals/s, 205 msg/s, 13.9 leaves/msg, 1611s)
2026-08-05 02:57:48   [GPU] 4,650,017 evals (121257 batches, avg 38/batch = 7% of 512, 2817 evals/s, 202 msg/s, 13.9 leaves/msg, 1651s)
2026-08-05 02:59:22 [iter 8/60] eval vs best: 160/160 games (1744s, cand 33%)
2026-08-05 02:59:22 [iter 8/60] eval vs best done: 33.3% of 18 decided reject (only 18/160 games decided — too few to gate on) (1745s)
2026-08-05 02:59:22 [iter 8/60] eval vs random (40 games, 200 sims)...
2026-08-05 02:59:22 [EVAL-MP] 8 workers spawned (40 vs_random games, sims=200), GPU batcher starting...
2026-08-05 02:59:31 [iter 8/60] eval vs random: 5/40 games (9s, cand 100%)
2026-08-05 02:59:37   [GPU] 50,034 evals (1261 batches, avg 40/batch = 8% of 512, 3489 evals/s, 255 msg/s, 13.7 leaves/msg, 14s)
2026-08-05 02:59:38 [iter 8/60] eval vs random: 10/40 games (16s, cand 100%)
2026-08-05 02:59:47 [iter 8/60] eval vs random: 15/40 games (25s, cand 100%)
2026-08-05 02:59:47   [GPU] 100,025 evals (2376 batches, avg 42/batch = 8% of 512, 3980 evals/s, 289 msg/s, 13.8 leaves/msg, 25s)
2026-08-05 02:59:53 [iter 8/60] eval vs random: 20/40 games (31s, cand 100%)
2026-08-05 03:00:04   [GPU] 150,006 evals (3884 batches, avg 39/batch = 8% of 512, 3637 evals/s, 264 msg/s, 13.8 leaves/msg, 41s)
2026-08-05 03:00:13 [iter 8/60] eval vs random: 25/40 games (50s, cand 100%)
2026-08-05 03:00:23   [GPU] 200,022 evals (5598 batches, avg 36/batch = 7% of 512, 3314 evals/s, 240 msg/s, 13.8 leaves/msg, 60s)
2026-08-05 03:00:24 [iter 8/60] eval vs random: 30/40 games (62s, cand 100%)
2026-08-05 03:00:46   [GPU] 250,004 evals (7511 batches, avg 33/batch = 7% of 512, 2978 evals/s, 214 msg/s, 13.9 leaves/msg, 84s)
2026-08-05 03:01:02 [iter 8/60] eval vs random: 35/40 games (100s, cand 100%)
2026-08-05 03:01:09   [GPU] 300,014 evals (9431 batches, avg 32/batch = 6% of 512, 2801 evals/s, 201 msg/s, 13.9 leaves/msg, 107s)
2026-08-05 03:01:48 [iter 8/60] eval vs random: 40/40 games (146s, cand 100%)
2026-08-05 03:01:49 [iter 8/60] eval vs random done: 100.0% (146s)
2026-08-05 03:01:49 [iter 8/60] eval vs greedy (40 games, 200 sims)...
2026-08-05 03:01:49 [EVAL-MP] 8 workers spawned (40 vs_greedy games, sims=200), GPU batcher starting...
2026-08-05 03:01:54 [iter 8/60] eval vs greedy: 5/40 games (5s, cand 40%)
2026-08-05 03:01:57 [iter 8/60] eval vs greedy: 10/40 games (8s, cand 30%)
2026-08-05 03:01:58 [iter 8/60] eval vs greedy: 15/40 games (9s, cand 33%)
2026-08-05 03:02:01 [iter 8/60] eval vs greedy: 20/40 games (12s, cand 40%)
2026-08-05 03:02:03   [GPU] 50,008 evals (1279 batches, avg 39/batch = 8% of 512, 3407 evals/s, 256 msg/s, 13.3 leaves/msg, 15s)
2026-08-05 03:02:04 [iter 8/60] eval vs greedy: 25/40 games (15s, cand 36%)
2026-08-05 03:02:05 [iter 8/60] eval vs greedy: 30/40 games (17s, cand 37%)
2026-08-05 03:02:08 [iter 8/60] eval vs greedy: 35/40 games (19s, cand 34%)
2026-08-05 03:02:10 [iter 8/60] eval vs greedy: 40/40 games (22s, cand 35%)
2026-08-05 03:02:11 [iter 8/60] eval vs greedy done: 35.0% of 40 decided [seat0:14/20 seat1:0/20] (22s)
2026-08-05 03:02:11 [iter 8/60] eval vs minimax (depth 2, 40 games)...
2026-08-05 03:02:11 [EVAL-MP] 8 workers spawned (40 vs_minimax games, sims=200), GPU batcher starting...
2026-08-05 03:02:22 [iter 8/60] eval vs minimax: 5/40 games (0%)
2026-08-05 03:02:27   [GPU] 50,008 evals (1350 batches, avg 37/batch = 7% of 512, 3121 evals/s, 229 msg/s, 13.6 leaves/msg, 16s)
2026-08-05 03:02:30 [iter 8/60] eval vs minimax: 10/40 games (0%)
2026-08-05 03:02:36 [iter 8/60] eval vs minimax: 15/40 games (0%)
2026-08-05 03:02:40   [GPU] 100,035 evals (2708 batches, avg 37/batch = 7% of 512, 3369 evals/s, 250 msg/s, 13.5 leaves/msg, 30s)
2026-08-05 03:02:42 [iter 8/60] eval vs minimax: 20/40 games (0%)
2026-08-05 03:02:53 [iter 8/60] eval vs minimax: 25/40 games (0%)
2026-08-05 03:02:53   [GPU] 150,021 evals (3974 batches, avg 38/batch = 7% of 512, 3542 evals/s, 263 msg/s, 13.5 leaves/msg, 42s)
2026-08-05 03:03:00 [iter 8/60] eval vs minimax: 30/40 games (0%)
2026-08-05 03:03:09   [GPU] 200,004 evals (5439 batches, avg 37/batch = 7% of 512, 3463 evals/s, 257 msg/s, 13.5 leaves/msg, 58s)
2026-08-05 03:03:17 [iter 8/60] eval vs minimax: 35/40 games (0%)
2026-08-05 03:03:41   [GPU] 250,012 evals (7692 batches, avg 33/batch = 6% of 512, 2765 evals/s, 205 msg/s, 13.5 leaves/msg, 90s)
2026-08-05 03:04:37 [iter 8/60] eval vs minimax: 40/40 games (0%)
2026-08-05 03:04:37 [iter 8/60] eval vs minimax done: 0.0% of 30 decided [seat0:0/20 seat1:0/20] (147s)
2026-08-05 03:04:37 >>> iter 8 | loss_p=1.337 loss_v=0.194 | vs_best=33.3% reject | vs_rand=100.0% | draw=28% | buf=13722 | rss=2.42GB | sp=505s train=10s eval_best=1745s eval_rand=146s | total=2579s
2026-08-05 03:04:37 [iter 9/60] self-play starting (40 games, 600 sims, MIXED 20/40 race-only)...
2026-08-05 03:04:37 [PARALLEL-MP] 8 workers spawned (40 games, sims=600), GPU batcher starting...
2026-08-05 03:04:48   [GPU] 50,056 evals (885 batches, avg 57/batch = 11% of 512, 4613 evals/s, 375 msg/s, 12.3 leaves/msg, 11s)
2026-08-05 03:04:49 [iter 9/60] self-play: 5/40 games...
2026-08-05 03:04:58   [GPU] 100,000 evals (1898 batches, avg 53/batch = 10% of 512, 4737 evals/s, 380 msg/s, 12.5 leaves/msg, 21s)
2026-08-05 03:05:04 [iter 9/60] self-play: 10/40 games...
2026-08-05 03:05:10   [GPU] 150,018 evals (3006 batches, avg 50/batch = 10% of 512, 4650 evals/s, 366 msg/s, 12.7 leaves/msg, 32s)
2026-08-05 03:05:22   [GPU] 200,002 evals (4240 batches, avg 47/batch = 9% of 512, 4490 evals/s, 344 msg/s, 13.0 leaves/msg, 45s)
2026-08-05 03:05:28 [iter 9/60] self-play: 15/40 games...
2026-08-05 03:05:34   [GPU] 250,000 evals (5449 batches, avg 46/batch = 9% of 512, 4431 evals/s, 338 msg/s, 13.1 leaves/msg, 56s)
2026-08-05 03:05:46   [GPU] 300,058 evals (6700 batches, avg 45/batch = 9% of 512, 4348 evals/s, 330 msg/s, 13.2 leaves/msg, 69s)
2026-08-05 03:05:58 [iter 9/60] self-play: 20/40 games...
2026-08-05 03:06:00   [GPU] 350,046 evals (7959 batches, avg 44/batch = 9% of 512, 4248 evals/s, 318 msg/s, 13.4 leaves/msg, 82s)
2026-08-05 03:06:13   [GPU] 400,015 evals (9153 batches, avg 44/batch = 9% of 512, 4166 evals/s, 310 msg/s, 13.5 leaves/msg, 96s)
2026-08-05 03:06:27   [GPU] 450,047 evals (10348 batches, avg 43/batch = 8% of 512, 4113 evals/s, 304 msg/s, 13.5 leaves/msg, 109s)
2026-08-05 03:06:33 [iter 9/60] self-play: 25/40 games...
2026-08-05 03:06:41   [GPU] 500,049 evals (11596 batches, avg 43/batch = 8% of 512, 4043 evals/s, 298 msg/s, 13.6 leaves/msg, 124s)
2026-08-05 03:06:54   [GPU] 550,005 evals (12762 batches, avg 43/batch = 8% of 512, 4014 evals/s, 294 msg/s, 13.7 leaves/msg, 137s)
2026-08-05 03:07:06   [GPU] 600,076 evals (13804 batches, avg 43/batch = 8% of 512, 4036 evals/s, 294 msg/s, 13.7 leaves/msg, 149s)
2026-08-05 03:07:12 [iter 9/60] self-play: 30/40 games...
2026-08-05 03:07:19   [GPU] 650,004 evals (14915 batches, avg 44/batch = 9% of 512, 4027 evals/s, 296 msg/s, 13.6 leaves/msg, 161s)
2026-08-05 03:07:35   [GPU] 700,003 evals (16252 batches, avg 43/batch = 8% of 512, 3948 evals/s, 288 msg/s, 13.7 leaves/msg, 177s)
2026-08-05 03:07:52   [GPU] 750,028 evals (17722 batches, avg 42/batch = 8% of 512, 3843 evals/s, 279 msg/s, 13.8 leaves/msg, 195s)
2026-08-05 03:08:06 [iter 9/60] self-play: 35/40 games...
2026-08-05 03:08:12   [GPU] 800,000 evals (19264 batches, avg 42/batch = 8% of 512, 3731 evals/s, 270 msg/s, 13.8 leaves/msg, 214s)
2026-08-05 03:08:45   [GPU] 850,000 evals (21455 batches, avg 40/batch = 8% of 512, 3429 evals/s, 247 msg/s, 13.9 leaves/msg, 248s)
2026-08-05 03:10:09   [GPU] 900,000 evals (24630 batches, avg 37/batch = 7% of 512, 2715 evals/s, 195 msg/s, 14.0 leaves/msg, 332s)
2026-08-05 03:10:37 [iter 9/60] self-play: 40/40 games...
2026-08-05 03:10:37 [iter 9/60] self-play done: 40 games (360s) | wins: P0=15, P1=20, draw=5 | draw_rate=12% avg_len~22
2026-08-05 03:10:37 [iter 9/60] training (600 steps, lr=9.61e-04)...
2026-08-05 03:10:47 [iter 9/60] training done: loss_p=1.312 loss_v=0.198 (10s)
2026-08-05 03:10:52 [iter 9/60] data: policy_wall_mass=0.091 walled_states=51% walls_on_board=5.9 value_mae walled=0.105 free=0.349
2026-08-05 03:10:52 [iter 9/60] eval skipped (eval_every=4)
2026-08-05 03:10:52 >>> iter 9 | loss_p=1.312 loss_v=0.198 | vs_best=n/a (not evaluated) | vs_rand=n/a | draw=12% | buf=15490 | rss=2.44GB | sp=360s train=10s eval_best=0s eval_rand=0s | total=375s
2026-08-05 03:10:52 [iter 10/60] self-play starting (40 games, 600 sims, MIXED 20/40 race-only)...
2026-08-05 03:10:52 [PARALLEL-MP] 8 workers spawned (40 games, sims=600), GPU batcher starting...
2026-08-05 03:11:05   [GPU] 50,017 evals (909 batches, avg 55/batch = 11% of 512, 3866 evals/s, 313 msg/s, 12.4 leaves/msg, 13s)
2026-08-05 03:11:07 [iter 10/60] self-play: 5/40 games...
2026-08-05 03:11:17   [GPU] 100,039 evals (1965 batches, avg 51/batch = 10% of 512, 3975 evals/s, 323 msg/s, 12.3 leaves/msg, 25s)
2026-08-05 03:11:24 [iter 10/60] self-play: 10/40 games...
2026-08-05 03:11:30   [GPU] 150,047 evals (3114 batches, avg 48/batch = 9% of 512, 3930 evals/s, 314 msg/s, 12.5 leaves/msg, 38s)
2026-08-05 03:11:42   [GPU] 200,013 evals (4261 batches, avg 47/batch = 9% of 512, 3976 evals/s, 309 msg/s, 12.9 leaves/msg, 50s)
2026-08-05 03:11:45 [iter 10/60] self-play: 15/40 games...
2026-08-05 03:11:55   [GPU] 250,014 evals (5383 batches, avg 46/batch = 9% of 512, 3986 evals/s, 308 msg/s, 13.0 leaves/msg, 63s)
2026-08-05 03:12:08   [GPU] 300,041 evals (6560 batches, avg 46/batch = 9% of 512, 3950 evals/s, 301 msg/s, 13.1 leaves/msg, 76s)
2026-08-05 03:12:16 [iter 10/60] self-play: 20/40 games...
2026-08-05 03:12:21   [GPU] 350,024 evals (7728 batches, avg 45/batch = 9% of 512, 3932 evals/s, 296 msg/s, 13.3 leaves/msg, 89s)
2026-08-05 03:12:35   [GPU] 400,041 evals (9019 batches, avg 44/batch = 9% of 512, 3872 evals/s, 292 msg/s, 13.2 leaves/msg, 103s)
2026-08-05 03:12:47   [GPU] 450,016 evals (10139 batches, avg 44/batch = 9% of 512, 3900 evals/s, 295 msg/s, 13.2 leaves/msg, 115s)
2026-08-05 03:12:52 [iter 10/60] self-play: 25/40 games...
2026-08-05 03:13:01   [GPU] 500,047 evals (11363 batches, avg 44/batch = 9% of 512, 3877 evals/s, 293 msg/s, 13.2 leaves/msg, 129s)
2026-08-05 03:13:15   [GPU] 550,022 evals (12605 batches, avg 44/batch = 9% of 512, 3845 evals/s, 290 msg/s, 13.3 leaves/msg, 143s)
2026-08-05 03:13:30   [GPU] 600,021 evals (13895 batches, avg 43/batch = 8% of 512, 3800 evals/s, 285 msg/s, 13.3 leaves/msg, 158s)
2026-08-05 03:13:44   [GPU] 650,052 evals (15158 batches, avg 43/batch = 8% of 512, 3771 evals/s, 283 msg/s, 13.3 leaves/msg, 172s)
2026-08-05 03:13:58   [GPU] 700,007 evals (16401 batches, avg 43/batch = 8% of 512, 3754 evals/s, 280 msg/s, 13.4 leaves/msg, 186s)
2026-08-05 03:14:12   [GPU] 750,040 evals (17629 batches, avg 43/batch = 8% of 512, 3743 evals/s, 280 msg/s, 13.4 leaves/msg, 200s)
2026-08-05 03:14:26   [GPU] 800,002 evals (18894 batches, avg 42/batch = 8% of 512, 3728 evals/s, 278 msg/s, 13.4 leaves/msg, 215s)
2026-08-05 03:14:32 [iter 10/60] self-play: 30/40 games...
2026-08-05 03:14:41   [GPU] 850,018 evals (20171 batches, avg 42/batch = 8% of 512, 3710 evals/s, 278 msg/s, 13.4 leaves/msg, 229s)
2026-08-05 03:14:55   [GPU] 900,037 evals (21431 batches, avg 42/batch = 8% of 512, 3702 evals/s, 276 msg/s, 13.4 leaves/msg, 243s)
2026-08-05 03:15:10   [GPU] 950,024 evals (22729 batches, avg 42/batch = 8% of 512, 3685 evals/s, 275 msg/s, 13.4 leaves/msg, 258s)
2026-08-05 03:15:27   [GPU] 1,000,000 evals (24200 batches, avg 41/batch = 8% of 512, 3635 evals/s, 272 msg/s, 13.4 leaves/msg, 275s)
2026-08-05 03:15:29 [iter 10/60] self-play: 35/40 games...
2026-08-05 03:15:50   [GPU] 1,050,000 evals (25997 batches, avg 40/batch = 8% of 512, 3525 evals/s, 263 msg/s, 13.4 leaves/msg, 298s)
2026-08-05 03:16:24   [GPU] 1,100,026 evals (28239 batches, avg 39/batch = 8% of 512, 3313 evals/s, 247 msg/s, 13.4 leaves/msg, 332s)
2026-08-05 03:17:09   [GPU] 1,150,002 evals (30988 batches, avg 37/batch = 7% of 512, 3048 evals/s, 227 msg/s, 13.4 leaves/msg, 377s)
2026-08-05 03:18:14 [iter 10/60] self-play: 40/40 games...
2026-08-05 03:18:14 [iter 10/60] self-play done: 40 games (442s) | wins: P0=8, P1=22, draw=10 | draw_rate=25% avg_len~14
2026-08-05 03:18:14 [iter 10/60] WARNING: draw_rate 25% > 20% — games timing out at max_game_moves=160 (weak value signal).
2026-08-05 03:18:14 [iter 10/60] training (600 steps, lr=9.51e-04)...
2026-08-05 03:18:22 [iter 10/60] training done: loss_p=1.270 loss_v=0.197 (7s)
2026-08-05 03:18:23 [iter 10/60] data: policy_wall_mass=0.086 walled_states=31% walls_on_board=3.4 value_mae walled=0.121 free=0.308
2026-08-05 03:18:23 [iter 10/60] eval skipped (eval_every=4)
2026-08-05 03:18:23 >>> iter 10 | loss_p=1.270 loss_v=0.197 | vs_best=n/a (not evaluated) | vs_rand=n/a | draw=25% | buf=16606 | rss=2.46GB | sp=442s train=7s eval_best=0s eval_rand=0s | total=451s
2026-08-05 03:18:23 [iter 11/60] self-play starting (40 games, 600 sims, MIXED 20/40 race-only)...
2026-08-05 03:18:23 [PARALLEL-MP] 8 workers spawned (40 games, sims=600), GPU batcher starting...
2026-08-05 03:18:33   [GPU] 50,066 evals (817 batches, avg 61/batch = 12% of 512, 4866 evals/s, 369 msg/s, 13.2 leaves/msg, 10s)
2026-08-05 03:18:37 [iter 11/60] self-play: 5/40 games...
2026-08-05 03:18:43   [GPU] 100,020 evals (1818 batches, avg 55/batch = 11% of 512, 4959 evals/s, 396 msg/s, 12.5 leaves/msg, 20s)
2026-08-05 03:18:47 [iter 11/60] self-play: 10/40 games...
2026-08-05 03:18:55   [GPU] 150,041 evals (2983 batches, avg 50/batch = 10% of 512, 4723 evals/s, 368 msg/s, 12.8 leaves/msg, 32s)
2026-08-05 03:18:59 [iter 11/60] self-play: 15/40 games...
2026-08-05 03:19:06   [GPU] 200,002 evals (4105 batches, avg 49/batch = 10% of 512, 4688 evals/s, 358 msg/s, 13.1 leaves/msg, 43s)
2026-08-05 03:19:16 [iter 11/60] self-play: 20/40 games...
2026-08-05 03:19:17   [GPU] 250,042 evals (5229 batches, avg 48/batch = 9% of 512, 4682 evals/s, 358 msg/s, 13.1 leaves/msg, 53s)
2026-08-05 03:19:27   [GPU] 300,007 evals (6318 batches, avg 47/batch = 9% of 512, 4686 evals/s, 355 msg/s, 13.2 leaves/msg, 64s)
2026-08-05 03:19:34 [iter 11/60] self-play: 25/40 games...
2026-08-05 03:19:39   [GPU] 350,022 evals (7528 batches, avg 46/batch = 9% of 512, 4615 evals/s, 352 msg/s, 13.1 leaves/msg, 76s)
2026-08-05 03:19:50 [iter 11/60] self-play: 30/40 games...
2026-08-05 03:19:50   [GPU] 400,003 evals (8689 batches, avg 46/batch = 9% of 512, 4585 evals/s, 348 msg/s, 13.2 leaves/msg, 87s)
2026-08-05 03:20:03   [GPU] 450,021 evals (9936 batches, avg 45/batch = 9% of 512, 4511 evals/s, 340 msg/s, 13.3 leaves/msg, 100s)
2026-08-05 03:20:16   [GPU] 500,023 evals (11258 batches, avg 44/batch = 9% of 512, 4416 evals/s, 328 msg/s, 13.4 leaves/msg, 113s)
2026-08-05 03:20:31   [GPU] 550,026 evals (12626 batches, avg 44/batch = 9% of 512, 4311 evals/s, 318 msg/s, 13.6 leaves/msg, 128s)
2026-08-05 03:20:47   [GPU] 600,021 evals (14103 batches, avg 43/batch = 8% of 512, 4181 evals/s, 306 msg/s, 13.7 leaves/msg, 143s)
2026-08-05 03:20:55 [iter 11/60] self-play: 35/40 games...
2026-08-05 03:21:05   [GPU] 650,005 evals (15702 batches, avg 41/batch = 8% of 512, 4017 evals/s, 292 msg/s, 13.7 leaves/msg, 162s)
2026-08-05 03:21:25   [GPU] 700,021 evals (17424 batches, avg 40/batch = 8% of 512, 3846 evals/s, 278 msg/s, 13.8 leaves/msg, 182s)
2026-08-05 03:21:46   [GPU] 750,007 evals (19128 batches, avg 39/batch = 8% of 512, 3704 evals/s, 266 msg/s, 13.9 leaves/msg, 202s)
2026-08-05 03:22:06   [GPU] 800,010 evals (20896 batches, avg 38/batch = 7% of 512, 3583 evals/s, 256 msg/s, 14.0 leaves/msg, 223s)
2026-08-05 03:22:40   [GPU] 850,009 evals (23136 batches, avg 37/batch = 7% of 512, 3313 evals/s, 236 msg/s, 14.0 leaves/msg, 257s)
2026-08-05 03:22:48 [iter 11/60] self-play: 40/40 games...
2026-08-05 03:22:49 [iter 11/60] self-play done: 40 games (265s) | wins: P0=14, P1=21, draw=5 | draw_rate=12% avg_len~19
2026-08-05 03:22:49 [iter 11/60] training (600 steps, lr=9.40e-04)...
2026-08-05 03:22:56 [iter 11/60] training done: loss_p=1.239 loss_v=0.199 (8s)
2026-08-05 03:22:58 [iter 11/60] data: policy_wall_mass=0.098 walled_states=47% walls_on_board=4.7 value_mae walled=0.068 free=0.325
2026-08-05 03:22:58 [iter 11/60] eval skipped (eval_every=4)
2026-08-05 03:22:58 >>> iter 11 | loss_p=1.239 loss_v=0.199 | vs_best=n/a (not evaluated) | vs_rand=n/a | draw=12% | buf=18156 | rss=2.49GB | sp=265s train=8s eval_best=0s eval_rand=0s | total=275s
2026-08-05 03:22:58 [iter 12/60] self-play starting (40 games, 600 sims, MIXED 20/40 race-only)...
2026-08-05 03:22:58 [PARALLEL-MP] 8 workers spawned (40 games, sims=600), GPU batcher starting...
2026-08-05 03:23:09   [GPU] 50,001 evals (926 batches, avg 54/batch = 11% of 512, 4605 evals/s, 380 msg/s, 12.1 leaves/msg, 11s)
2026-08-05 03:23:11 [iter 12/60] self-play: 5/40 games...
2026-08-05 03:23:20   [GPU] 100,015 evals (2064 batches, avg 48/batch = 9% of 512, 4510 evals/s, 374 msg/s, 12.1 leaves/msg, 22s)
2026-08-05 03:23:21 [iter 12/60] self-play: 10/40 games...
2026-08-05 03:23:33   [GPU] 150,045 evals (3319 batches, avg 45/batch = 9% of 512, 4283 evals/s, 340 msg/s, 12.6 leaves/msg, 35s)
2026-08-05 03:23:45   [GPU] 200,005 evals (4514 batches, avg 44/batch = 9% of 512, 4273 evals/s, 336 msg/s, 12.7 leaves/msg, 47s)
2026-08-05 03:23:45 [iter 12/60] self-play: 15/40 games...
2026-08-05 03:23:56   [GPU] 250,063 evals (5728 batches, avg 44/batch = 9% of 512, 4266 evals/s, 329 msg/s, 13.0 leaves/msg, 59s)
2026-08-05 03:24:09   [GPU] 300,032 evals (6943 batches, avg 43/batch = 8% of 512, 4242 evals/s, 326 msg/s, 13.0 leaves/msg, 71s)
2026-08-05 03:24:20   [GPU] 350,010 evals (8172 batches, avg 43/batch = 8% of 512, 4233 evals/s, 322 msg/s, 13.1 leaves/msg, 83s)
2026-08-05 03:24:31   [GPU] 400,026 evals (9337 batches, avg 43/batch = 8% of 512, 4270 evals/s, 323 msg/s, 13.2 leaves/msg, 94s)
2026-08-05 03:24:37 [iter 12/60] self-play: 20/40 games...
2026-08-05 03:24:42   [GPU] 450,035 evals (10439 batches, avg 43/batch = 8% of 512, 4329 evals/s, 328 msg/s, 13.2 leaves/msg, 104s)
2026-08-05 03:24:52   [GPU] 500,022 evals (11563 batches, avg 43/batch = 8% of 512, 4366 evals/s, 335 msg/s, 13.0 leaves/msg, 115s)
2026-08-05 03:24:57 [iter 12/60] self-play: 25/40 games...
2026-08-05 03:25:04   [GPU] 550,009 evals (12794 batches, avg 43/batch = 8% of 512, 4363 evals/s, 339 msg/s, 12.9 leaves/msg, 126s)
2026-08-05 03:25:15   [GPU] 600,018 evals (13985 batches, avg 43/batch = 8% of 512, 4359 evals/s, 338 msg/s, 12.9 leaves/msg, 138s)
2026-08-05 03:25:28   [GPU] 650,029 evals (15095 batches, avg 43/batch = 8% of 512, 4337 evals/s, 335 msg/s, 12.9 leaves/msg, 150s)
2026-08-05 03:25:41   [GPU] 700,043 evals (16266 batches, avg 43/batch = 8% of 512, 4297 evals/s, 332 msg/s, 12.9 leaves/msg, 163s)
2026-08-05 03:25:43 [iter 12/60] self-play: 30/40 games...
2026-08-05 03:25:54   [GPU] 750,036 evals (17472 batches, avg 43/batch = 8% of 512, 4257 evals/s, 328 msg/s, 13.0 leaves/msg, 176s)
2026-08-05 03:26:10 [iter 12/60] self-play: 35/40 games...
2026-08-05 03:26:11   [GPU] 800,016 evals (18955 batches, avg 42/batch = 8% of 512, 4139 evals/s, 319 msg/s, 13.0 leaves/msg, 193s)
2026-08-05 03:26:33   [GPU] 850,046 evals (20730 batches, avg 41/batch = 8% of 512, 3941 evals/s, 302 msg/s, 13.1 leaves/msg, 216s)
2026-08-05 03:27:06   [GPU] 900,013 evals (22923 batches, avg 39/batch = 8% of 512, 3633 evals/s, 276 msg/s, 13.2 leaves/msg, 248s)
2026-08-05 03:27:43   [GPU] 950,007 evals (25328 batches, avg 38/batch = 7% of 512, 3326 evals/s, 251 msg/s, 13.2 leaves/msg, 286s)
2026-08-05 03:28:36   [GPU] 1,000,016 evals (28071 batches, avg 36/batch = 7% of 512, 2960 evals/s, 222 msg/s, 13.3 leaves/msg, 338s)
2026-08-05 03:28:51 [iter 12/60] self-play: 40/40 games...
2026-08-05 03:28:51 [iter 12/60] self-play done: 40 games (353s) | wins: P0=15, P1=18, draw=7 | draw_rate=18% avg_len~19
2026-08-05 03:28:51 [iter 12/60] training (600 steps, lr=9.27e-04)...
2026-08-05 03:29:01 [iter 12/60] training done: loss_p=1.216 loss_v=0.192 (10s)
2026-08-05 03:29:06 [iter 12/60] data: policy_wall_mass=0.103 walled_states=50% walls_on_board=6.8 value_mae walled=0.089 free=0.267
2026-08-05 03:29:06 [iter 12/60] eval vs best (160 games, 200 sims)...
2026-08-05 03:29:06 [EVAL-MP] 8 workers spawned (160 vs_best games, sims=200), GPU batcher starting...
2026-08-05 03:29:25   [GPU] 50,019 evals (1200 batches, avg 42/batch = 8% of 512, 2570 evals/s, 181 msg/s, 14.2 leaves/msg, 19s)
2026-08-05 03:29:41   [GPU] 100,005 evals (2285 batches, avg 44/batch = 9% of 512, 2826 evals/s, 206 msg/s, 13.7 leaves/msg, 35s)
2026-08-05 03:29:57   [GPU] 150,003 evals (3358 batches, avg 45/batch = 9% of 512, 2934 evals/s, 218 msg/s, 13.4 leaves/msg, 51s)
2026-08-05 03:30:13   [GPU] 200,056 evals (4456 batches, avg 45/batch = 9% of 512, 2987 evals/s, 224 msg/s, 13.3 leaves/msg, 67s)
2026-08-05 03:30:29   [GPU] 250,015 evals (5610 batches, avg 45/batch = 9% of 512, 2989 evals/s, 224 msg/s, 13.3 leaves/msg, 84s)
2026-08-05 03:30:34 [iter 12/60] eval vs best: 5/160 games (88s, cand 0%)
2026-08-05 03:30:47   [GPU] 300,009 evals (6804 batches, avg 44/batch = 9% of 512, 2978 evals/s, 222 msg/s, 13.4 leaves/msg, 101s)
2026-08-05 03:31:02   [GPU] 350,017 evals (7941 batches, avg 44/batch = 9% of 512, 3015 evals/s, 223 msg/s, 13.5 leaves/msg, 116s)
2026-08-05 03:31:18   [GPU] 400,042 evals (9029 batches, avg 44/batch = 9% of 512, 3037 evals/s, 225 msg/s, 13.5 leaves/msg, 132s)
2026-08-05 03:31:33   [GPU] 450,021 evals (10096 batches, avg 45/batch = 9% of 512, 3050 evals/s, 226 msg/s, 13.5 leaves/msg, 148s)
2026-08-05 03:31:40 [iter 12/60] eval vs best: 10/160 games (155s, cand 100%)
2026-08-05 03:31:49   [GPU] 500,028 evals (11179 batches, avg 45/batch = 9% of 512, 3064 evals/s, 227 msg/s, 13.5 leaves/msg, 163s)
2026-08-05 03:31:54 [iter 12/60] eval vs best: 15/160 games (168s, cand 100%)
2026-08-05 03:32:06   [GPU] 550,071 evals (12328 batches, avg 45/batch = 9% of 512, 3054 evals/s, 225 msg/s, 13.6 leaves/msg, 180s)
2026-08-05 03:32:22   [GPU] 600,010 evals (13433 batches, avg 45/batch = 9% of 512, 3062 evals/s, 225 msg/s, 13.6 leaves/msg, 196s)
2026-08-05 03:32:38   [GPU] 650,012 evals (14541 batches, avg 45/batch = 9% of 512, 3066 evals/s, 225 msg/s, 13.6 leaves/msg, 212s)
2026-08-05 03:32:54   [GPU] 700,048 evals (15642 batches, avg 45/batch = 9% of 512, 3070 evals/s, 225 msg/s, 13.6 leaves/msg, 228s)
2026-08-05 03:33:08 [iter 12/60] eval vs best: 20/160 games (243s, cand 100%)
2026-08-05 03:33:10   [GPU] 750,016 evals (16735 batches, avg 45/batch = 9% of 512, 3076 evals/s, 226 msg/s, 13.6 leaves/msg, 244s)
2026-08-05 03:33:26   [GPU] 800,009 evals (17890 batches, avg 45/batch = 9% of 512, 3069 evals/s, 225 msg/s, 13.7 leaves/msg, 261s)
2026-08-05 03:33:28 [iter 12/60] eval vs best: 25/160 games (262s, cand 100%)
2026-08-05 03:33:42   [GPU] 850,007 evals (18981 batches, avg 45/batch = 9% of 512, 3075 evals/s, 226 msg/s, 13.6 leaves/msg, 276s)
2026-08-05 03:33:58   [GPU] 900,027 evals (20081 batches, avg 45/batch = 9% of 512, 3079 evals/s, 227 msg/s, 13.6 leaves/msg, 292s)
2026-08-05 03:34:14   [GPU] 950,008 evals (21162 batches, avg 45/batch = 9% of 512, 3084 evals/s, 227 msg/s, 13.6 leaves/msg, 308s)
2026-08-05 03:34:29   [GPU] 1,000,042 evals (22225 batches, avg 45/batch = 9% of 512, 3094 evals/s, 228 msg/s, 13.6 leaves/msg, 323s)
2026-08-05 03:34:29 [iter 12/60] eval vs best: 30/160 games (324s, cand 100%)
2026-08-05 03:34:45   [GPU] 1,050,005 evals (23331 batches, avg 45/batch = 9% of 512, 3094 evals/s, 228 msg/s, 13.6 leaves/msg, 339s)
2026-08-05 03:35:01   [GPU] 1,100,006 evals (24441 batches, avg 45/batch = 9% of 512, 3093 evals/s, 228 msg/s, 13.6 leaves/msg, 356s)
2026-08-05 03:35:04 [iter 12/60] eval vs best: 35/160 games (358s, cand 100%)
2026-08-05 03:35:18   [GPU] 1,150,016 evals (25599 batches, avg 45/batch = 9% of 512, 3086 evals/s, 227 msg/s, 13.6 leaves/msg, 373s)
2026-08-05 03:35:36   [GPU] 1,200,047 evals (26762 batches, avg 45/batch = 9% of 512, 3077 evals/s, 227 msg/s, 13.6 leaves/msg, 390s)
2026-08-05 03:35:52   [GPU] 1,250,007 evals (27928 batches, avg 45/batch = 9% of 512, 3074 evals/s, 226 msg/s, 13.6 leaves/msg, 407s)
2026-08-05 03:36:10   [GPU] 1,300,006 evals (29127 batches, avg 45/batch = 9% of 512, 3068 evals/s, 226 msg/s, 13.6 leaves/msg, 424s)
2026-08-05 03:36:10 [iter 12/60] eval vs best: 40/160 games (424s, cand 100%)
2026-08-05 03:36:26   [GPU] 1,350,027 evals (30309 batches, avg 45/batch = 9% of 512, 3066 evals/s, 226 msg/s, 13.6 leaves/msg, 440s)
2026-08-05 03:36:41 [iter 12/60] eval vs best: 45/160 games (455s, cand 80%)
2026-08-05 03:36:43   [GPU] 1,400,015 evals (31518 batches, avg 44/batch = 9% of 512, 3065 evals/s, 226 msg/s, 13.6 leaves/msg, 457s)
2026-08-05 03:36:56   [GPU] 1,450,017 evals (32789 batches, avg 44/batch = 9% of 512, 3083 evals/s, 227 msg/s, 13.6 leaves/msg, 470s)
2026-08-05 03:37:10   [GPU] 1,500,030 evals (33942 batches, avg 44/batch = 9% of 512, 3101 evals/s, 229 msg/s, 13.6 leaves/msg, 484s)
2026-08-05 03:37:22   [GPU] 1,550,048 evals (35087 batches, avg 44/batch = 9% of 512, 3122 evals/s, 230 msg/s, 13.5 leaves/msg, 497s)
2026-08-05 03:37:35   [GPU] 1,600,014 evals (36209 batches, avg 44/batch = 9% of 512, 3143 evals/s, 232 msg/s, 13.5 leaves/msg, 509s)
2026-08-05 03:37:35 [iter 12/60] eval vs best: 50/160 games (510s, cand 80%)
2026-08-05 03:37:50   [GPU] 1,650,034 evals (37418 batches, avg 44/batch = 9% of 512, 3151 evals/s, 233 msg/s, 13.5 leaves/msg, 524s)
2026-08-05 03:38:00 [iter 12/60] eval vs best: 55/160 games (534s, cand 80%)
2026-08-05 03:38:04   [GPU] 1,700,001 evals (38658 batches, avg 44/batch = 9% of 512, 3161 evals/s, 234 msg/s, 13.5 leaves/msg, 538s)
2026-08-05 03:38:18   [GPU] 1,750,020 evals (39883 batches, avg 44/batch = 9% of 512, 3171 evals/s, 234 msg/s, 13.5 leaves/msg, 552s)
2026-08-05 03:38:31   [GPU] 1,800,048 evals (41082 batches, avg 44/batch = 9% of 512, 3184 evals/s, 235 msg/s, 13.5 leaves/msg, 565s)
2026-08-05 03:38:44   [GPU] 1,850,047 evals (42227 batches, avg 44/batch = 9% of 512, 3200 evals/s, 236 msg/s, 13.5 leaves/msg, 578s)
2026-08-05 03:38:57   [GPU] 1,900,029 evals (43400 batches, avg 44/batch = 9% of 512, 3212 evals/s, 237 msg/s, 13.6 leaves/msg, 591s)
2026-08-05 03:39:00 [iter 12/60] eval vs best: 60/160 games (594s, cand 80%)
2026-08-05 03:39:11   [GPU] 1,950,000 evals (44564 batches, avg 44/batch = 9% of 512, 3223 evals/s, 238 msg/s, 13.6 leaves/msg, 605s)
2026-08-05 03:39:25   [GPU] 2,000,009 evals (45804 batches, avg 44/batch = 9% of 512, 3229 evals/s, 238 msg/s, 13.6 leaves/msg, 619s)
2026-08-05 03:39:38   [GPU] 2,050,084 evals (46946 batches, avg 44/batch = 9% of 512, 3242 evals/s, 239 msg/s, 13.6 leaves/msg, 632s)
2026-08-05 03:39:39 [iter 12/60] eval vs best: 65/160 games (633s, cand 80%)
2026-08-05 03:39:52   [GPU] 2,100,018 evals (48174 batches, avg 44/batch = 9% of 512, 3249 evals/s, 239 msg/s, 13.6 leaves/msg, 646s)
2026-08-05 03:40:06   [GPU] 2,150,024 evals (49369 batches, avg 44/batch = 9% of 512, 3257 evals/s, 240 msg/s, 13.6 leaves/msg, 660s)
2026-08-05 03:40:19 [iter 12/60] eval vs best: 70/160 games (674s, cand 83%)
2026-08-05 03:40:20   [GPU] 2,200,003 evals (50620 batches, avg 43/batch = 8% of 512, 3262 evals/s, 240 msg/s, 13.6 leaves/msg, 674s)
2026-08-05 03:40:35   [GPU] 2,250,021 evals (51884 batches, avg 43/batch = 8% of 512, 3265 evals/s, 240 msg/s, 13.6 leaves/msg, 689s)
2026-08-05 03:40:49   [GPU] 2,300,017 evals (53080 batches, avg 43/batch = 8% of 512, 3272 evals/s, 240 msg/s, 13.6 leaves/msg, 703s)
2026-08-05 03:40:52 [iter 12/60] eval vs best: 75/160 games (706s, cand 83%)
2026-08-05 03:41:02   [GPU] 2,350,001 evals (54261 batches, avg 43/batch = 8% of 512, 3281 evals/s, 241 msg/s, 13.6 leaves/msg, 716s)
2026-08-05 03:41:15   [GPU] 2,400,018 evals (55396 batches, avg 43/batch = 8% of 512, 3293 evals/s, 242 msg/s, 13.6 leaves/msg, 729s)
2026-08-05 03:41:28   [GPU] 2,450,026 evals (56528 batches, avg 43/batch = 8% of 512, 3303 evals/s, 242 msg/s, 13.6 leaves/msg, 742s)
2026-08-05 03:41:39 [iter 12/60] eval vs best: 80/160 games (753s, cand 88%)
2026-08-05 03:41:41   [GPU] 2,500,015 evals (57686 batches, avg 43/batch = 8% of 512, 3311 evals/s, 243 msg/s, 13.7 leaves/msg, 755s)
2026-08-05 03:41:55   [GPU] 2,550,001 evals (58881 batches, avg 43/batch = 8% of 512, 3316 evals/s, 243 msg/s, 13.7 leaves/msg, 769s)
2026-08-05 03:42:06 [iter 12/60] eval vs best: 85/160 games (780s, cand 88%)
2026-08-05 03:42:09   [GPU] 2,600,022 evals (60115 batches, avg 43/batch = 8% of 512, 3320 evals/s, 243 msg/s, 13.7 leaves/msg, 783s)
2026-08-05 03:42:23   [GPU] 2,650,041 evals (61333 batches, avg 43/batch = 8% of 512, 3325 evals/s, 243 msg/s, 13.7 leaves/msg, 797s)
2026-08-05 03:42:36   [GPU] 2,700,028 evals (62499 batches, avg 43/batch = 8% of 512, 3332 evals/s, 244 msg/s, 13.7 leaves/msg, 810s)
2026-08-05 03:42:45 [iter 12/60] eval vs best: 90/160 games (819s, cand 80%)
2026-08-05 03:42:50   [GPU] 2,750,011 evals (63698 batches, avg 43/batch = 8% of 512, 3338 evals/s, 244 msg/s, 13.7 leaves/msg, 824s)
2026-08-05 03:43:03   [GPU] 2,800,052 evals (64838 batches, avg 43/batch = 8% of 512, 3346 evals/s, 245 msg/s, 13.7 leaves/msg, 837s)
2026-08-05 03:43:14 [iter 12/60] eval vs best: 95/160 games (848s, cand 80%)
2026-08-05 03:43:16   [GPU] 2,850,018 evals (65969 batches, avg 43/batch = 8% of 512, 3354 evals/s, 245 msg/s, 13.7 leaves/msg, 850s)
2026-08-05 03:43:29   [GPU] 2,900,000 evals (67106 batches, avg 43/batch = 8% of 512, 3361 evals/s, 246 msg/s, 13.7 leaves/msg, 863s)
2026-08-05 03:43:42   [GPU] 2,950,038 evals (68274 batches, avg 43/batch = 8% of 512, 3367 evals/s, 246 msg/s, 13.7 leaves/msg, 876s)
2026-08-05 03:43:55   [GPU] 3,000,055 evals (69409 batches, avg 43/batch = 8% of 512, 3375 evals/s, 247 msg/s, 13.7 leaves/msg, 889s)
2026-08-05 03:44:01 [iter 12/60] eval vs best: 100/160 games (895s, cand 82%)
2026-08-05 03:44:08   [GPU] 3,050,009 evals (70558 batches, avg 43/batch = 8% of 512, 3382 evals/s, 247 msg/s, 13.7 leaves/msg, 902s)
2026-08-05 03:44:22   [GPU] 3,100,063 evals (71734 batches, avg 43/batch = 8% of 512, 3384 evals/s, 248 msg/s, 13.7 leaves/msg, 916s)
2026-08-05 03:44:24 [iter 12/60] eval vs best: 105/160 games (918s, cand 77%)
2026-08-05 03:44:36   [GPU] 3,150,011 evals (72953 batches, avg 43/batch = 8% of 512, 3386 evals/s, 248 msg/s, 13.7 leaves/msg, 930s)
2026-08-05 03:44:50   [GPU] 3,200,032 evals (74135 batches, avg 43/batch = 8% of 512, 3389 evals/s, 248 msg/s, 13.7 leaves/msg, 944s)
2026-08-05 03:45:04   [GPU] 3,250,044 evals (75346 batches, avg 43/batch = 8% of 512, 3392 evals/s, 248 msg/s, 13.7 leaves/msg, 958s)
2026-08-05 03:45:06 [iter 12/60] eval vs best: 110/160 games (960s, cand 73%)
2026-08-05 03:45:19   [GPU] 3,300,004 evals (76609 batches, avg 43/batch = 8% of 512, 3391 evals/s, 248 msg/s, 13.7 leaves/msg, 973s)
2026-08-05 03:45:33   [GPU] 3,350,029 evals (77867 batches, avg 43/batch = 8% of 512, 3392 evals/s, 248 msg/s, 13.7 leaves/msg, 988s)
2026-08-05 03:45:39 [iter 12/60] eval vs best: 115/160 games (993s, cand 73%)
2026-08-05 03:45:48   [GPU] 3,400,036 evals (79125 batches, avg 43/batch = 8% of 512, 3393 evals/s, 248 msg/s, 13.7 leaves/msg, 1002s)
2026-08-05 03:46:01   [GPU] 3,450,001 evals (80310 batches, avg 43/batch = 8% of 512, 3398 evals/s, 248 msg/s, 13.7 leaves/msg, 1015s)
2026-08-05 03:46:14   [GPU] 3,500,044 evals (81480 batches, avg 43/batch = 8% of 512, 3403 evals/s, 248 msg/s, 13.7 leaves/msg, 1029s)
2026-08-05 03:46:29   [GPU] 3,550,001 evals (82546 batches, avg 43/batch = 8% of 512, 3404 evals/s, 248 msg/s, 13.7 leaves/msg, 1043s)
2026-08-05 03:46:37 [iter 12/60] eval vs best: 120/160 games (1052s, cand 73%)
2026-08-05 03:46:44   [GPU] 3,600,100 evals (83595 batches, avg 43/batch = 8% of 512, 3403 evals/s, 248 msg/s, 13.7 leaves/msg, 1058s)
2026-08-05 03:46:59   [GPU] 3,650,032 evals (84695 batches, avg 43/batch = 8% of 512, 3400 evals/s, 248 msg/s, 13.7 leaves/msg, 1074s)
2026-08-05 03:47:04 [iter 12/60] eval vs best: 125/160 games (1079s, cand 75%)
2026-08-05 03:47:17   [GPU] 3,700,020 evals (85828 batches, avg 43/batch = 8% of 512, 3392 evals/s, 247 msg/s, 13.7 leaves/msg, 1091s)
2026-08-05 03:47:33   [GPU] 3,750,010 evals (86953 batches, avg 43/batch = 8% of 512, 3387 evals/s, 247 msg/s, 13.7 leaves/msg, 1107s)
2026-08-05 03:47:49   [GPU] 3,800,037 evals (88097 batches, avg 43/batch = 8% of 512, 3383 evals/s, 247 msg/s, 13.7 leaves/msg, 1123s)
2026-08-05 03:48:07   [GPU] 3,850,026 evals (89326 batches, avg 43/batch = 8% of 512, 3374 evals/s, 246 msg/s, 13.7 leaves/msg, 1141s)
2026-08-05 03:48:14 [iter 12/60] eval vs best: 130/160 games (1148s, cand 71%)
2026-08-05 03:48:26   [GPU] 3,900,029 evals (90657 batches, avg 43/batch = 8% of 512, 3361 evals/s, 245 msg/s, 13.7 leaves/msg, 1160s)
2026-08-05 03:48:36 [iter 12/60] eval vs best: 135/160 games (1170s, cand 72%)
2026-08-05 03:48:46   [GPU] 3,950,015 evals (92020 batches, avg 43/batch = 8% of 512, 3347 evals/s, 244 msg/s, 13.7 leaves/msg, 1180s)
2026-08-05 03:49:07   [GPU] 4,000,043 evals (93506 batches, avg 43/batch = 8% of 512, 3329 evals/s, 243 msg/s, 13.7 leaves/msg, 1202s)
2026-08-05 03:49:30   [GPU] 4,050,022 evals (95104 batches, avg 43/batch = 8% of 512, 3308 evals/s, 241 msg/s, 13.7 leaves/msg, 1224s)
2026-08-05 03:49:47 [iter 12/60] eval vs best: 140/160 games (1241s, cand 72%)
2026-08-05 03:49:58   [GPU] 4,100,000 evals (96881 batches, avg 42/batch = 8% of 512, 3276 evals/s, 239 msg/s, 13.7 leaves/msg, 1252s)
2026-08-05 03:50:28   [GPU] 4,150,010 evals (98864 batches, avg 42/batch = 8% of 512, 3235 evals/s, 236 msg/s, 13.7 leaves/msg, 1283s)
2026-08-05 03:51:01   [GPU] 4,200,006 evals (100927 batches, avg 42/batch = 8% of 512, 3192 evals/s, 233 msg/s, 13.7 leaves/msg, 1316s)
2026-08-05 03:51:13 [iter 12/60] eval vs best: 145/160 games (1327s, cand 74%)
2026-08-05 03:51:36   [GPU] 4,250,010 evals (102975 batches, avg 41/batch = 8% of 512, 3147 evals/s, 229 msg/s, 13.7 leaves/msg, 1351s)
2026-08-05 03:52:06   [GPU] 4,300,024 evals (104963 batches, avg 41/batch = 8% of 512, 3115 evals/s, 227 msg/s, 13.7 leaves/msg, 1380s)
2026-08-05 03:52:38   [GPU] 4,350,004 evals (107009 batches, avg 41/batch = 8% of 512, 3080 evals/s, 224 msg/s, 13.7 leaves/msg, 1413s)
2026-08-05 03:52:48 [iter 12/60] eval vs best: 150/160 games (1422s, cand 74%)
2026-08-05 03:53:13   [GPU] 4,400,015 evals (109061 batches, avg 40/batch = 8% of 512, 3040 evals/s, 221 msg/s, 13.7 leaves/msg, 1447s)
2026-08-05 03:53:44   [GPU] 4,450,028 evals (111109 batches, avg 40/batch = 8% of 512, 3010 evals/s, 219 msg/s, 13.7 leaves/msg, 1478s)
2026-08-05 03:54:06 [iter 12/60] eval vs best: 155/160 games (1500s, cand 75%)
2026-08-05 03:54:18   [GPU] 4,500,001 evals (113288 batches, avg 40/batch = 8% of 512, 2975 evals/s, 217 msg/s, 13.7 leaves/msg, 1513s)
2026-08-05 03:55:14   [GPU] 4,550,013 evals (116176 batches, avg 39/batch = 8% of 512, 2901 evals/s, 211 msg/s, 13.7 leaves/msg, 1568s)
2026-08-05 03:56:26 [iter 12/60] eval vs best: 160/160 games (1640s, cand 76%)
2026-08-05 03:56:26 [iter 12/60] eval vs best done: 76.2% of 21 decided reject (only 21/160 games decided — too few to gate on) (1640s)
2026-08-05 03:56:26 [iter 12/60] eval vs random (40 games, 200 sims)...
2026-08-05 03:56:26 [EVAL-MP] 8 workers spawned (40 vs_random games, sims=200), GPU batcher starting...
2026-08-05 03:56:39 [iter 12/60] eval vs random: 5/40 games (13s, cand 100%)
2026-08-05 03:56:42   [GPU] 50,021 evals (1199 batches, avg 42/batch = 8% of 512, 3092 evals/s, 225 msg/s, 13.7 leaves/msg, 16s)
2026-08-05 03:56:45 [iter 12/60] eval vs random: 10/40 games (19s, cand 100%)
2026-08-05 03:56:52 [iter 12/60] eval vs random: 15/40 games (25s, cand 100%)
2026-08-05 03:56:56   [GPU] 100,007 evals (2390 batches, avg 42/batch = 8% of 512, 3377 evals/s, 247 msg/s, 13.7 leaves/msg, 30s)
2026-08-05 03:56:59 [iter 12/60] eval vs random: 20/40 games (33s, cand 100%)
2026-08-05 03:57:13   [GPU] 150,017 evals (3892 batches, avg 39/batch = 8% of 512, 3172 evals/s, 231 msg/s, 13.7 leaves/msg, 47s)
2026-08-05 03:57:22 [iter 12/60] eval vs random: 25/40 games (56s, cand 100%)
2026-08-05 03:57:34   [GPU] 200,014 evals (5563 batches, avg 36/batch = 7% of 512, 2940 evals/s, 214 msg/s, 13.7 leaves/msg, 68s)
2026-08-05 03:57:43 [iter 12/60] eval vs random: 30/40 games (77s, cand 100%)
2026-08-05 03:57:57   [GPU] 250,006 evals (7467 batches, avg 33/batch = 7% of 512, 2768 evals/s, 201 msg/s, 13.7 leaves/msg, 90s)
2026-08-05 03:58:14 [iter 12/60] eval vs random: 35/40 games (108s, cand 100%)
2026-08-05 03:58:19   [GPU] 300,028 evals (9321 batches, avg 32/batch = 6% of 512, 2661 evals/s, 193 msg/s, 13.8 leaves/msg, 113s)
2026-08-05 03:58:59 [iter 12/60] eval vs random: 40/40 games (153s, cand 100%)
2026-08-05 03:59:00 [iter 12/60] eval vs random done: 100.0% (153s)
2026-08-05 03:59:00 [iter 12/60] eval vs greedy (40 games, 200 sims)...
2026-08-05 03:59:00 [EVAL-MP] 8 workers spawned (40 vs_greedy games, sims=200), GPU batcher starting...
2026-08-05 03:59:05 [iter 12/60] eval vs greedy: 5/40 games (6s, cand 60%)
2026-08-05 03:59:08 [iter 12/60] eval vs greedy: 10/40 games (8s, cand 40%)
2026-08-05 03:59:10 [iter 12/60] eval vs greedy: 15/40 games (10s, cand 47%)
2026-08-05 03:59:13 [iter 12/60] eval vs greedy: 20/40 games (13s, cand 50%)
2026-08-05 03:59:14   [GPU] 50,067 evals (1260 batches, avg 40/batch = 8% of 512, 3425 evals/s, 264 msg/s, 13.0 leaves/msg, 15s)
2026-08-05 03:59:15 [iter 12/60] eval vs greedy: 25/40 games (16s, cand 48%)
2026-08-05 03:59:18 [iter 12/60] eval vs greedy: 30/40 games (19s, cand 50%)
2026-08-05 03:59:20 [iter 12/60] eval vs greedy: 35/40 games (20s, cand 49%)
2026-08-05 03:59:29 [iter 12/60] eval vs greedy: 40/40 games (29s, cand 45%)
2026-08-05 03:59:29 [iter 12/60] eval vs greedy done: 45.0% of 40 decided [seat0:18/20 seat1:0/20] (30s)
2026-08-05 03:59:29 [iter 12/60] eval vs minimax (depth 2, 40 games)...
2026-08-05 03:59:29 [EVAL-MP] 8 workers spawned (40 vs_minimax games, sims=200), GPU batcher starting...
2026-08-05 03:59:44   [GPU] 50,036 evals (1279 batches, avg 39/batch = 8% of 512, 3325 evals/s, 254 msg/s, 13.1 leaves/msg, 15s)
2026-08-05 03:59:45 [iter 12/60] eval vs minimax: 5/40 games (0%)
2026-08-05 03:59:57   [GPU] 100,029 evals (2508 batches, avg 40/batch = 8% of 512, 3647 evals/s, 280 msg/s, 13.0 leaves/msg, 27s)
2026-08-05 03:59:58 [iter 12/60] eval vs minimax: 10/40 games (0%)
2026-08-05 04:00:06 [iter 12/60] eval vs minimax: 15/40 games (0%)
2026-08-05 04:00:10   [GPU] 150,069 evals (3810 batches, avg 39/batch = 8% of 512, 3678 evals/s, 284 msg/s, 13.0 leaves/msg, 41s)
2026-08-05 04:00:18 [iter 12/60] eval vs minimax: 20/40 games (0%)
2026-08-05 04:00:24   [GPU] 200,046 evals (5160 batches, avg 39/batch = 8% of 512, 3651 evals/s, 284 msg/s, 12.9 leaves/msg, 55s)
2026-08-05 04:00:27 [iter 12/60] eval vs minimax: 25/40 games (0%)
2026-08-05 04:00:37 [iter 12/60] eval vs minimax: 30/40 games (0%)
2026-08-05 04:00:42   [GPU] 250,031 evals (6773 batches, avg 37/batch = 7% of 512, 3452 evals/s, 269 msg/s, 12.8 leaves/msg, 72s)
2026-08-05 04:00:48 [iter 12/60] eval vs minimax: 35/40 games (0%)
2026-08-05 04:01:25 [iter 12/60] eval vs minimax: 40/40 games (0%)
2026-08-05 04:01:26 [iter 12/60] eval vs minimax done: 0.0% of 30 decided [seat0:0/20 seat1:0/20] (116s)
2026-08-05 04:01:26 >>> iter 12 | loss_p=1.216 loss_v=0.192 | vs_best=76.2% reject | vs_rand=100.0% | draw=18% | buf=19642 | rss=2.55GB | sp=353s train=10s eval_best=1640s eval_rand=153s | total=2308s
2026-08-05 04:01:26 [iter 13/60] self-play starting (40 games, 600 sims, MIXED 20/40 race-only)...
2026-08-05 04:01:26 [PARALLEL-MP] 8 workers spawned (40 games, sims=600), GPU batcher starting...
2026-08-05 04:01:37   [GPU] 50,001 evals (974 batches, avg 51/batch = 10% of 512, 4256 evals/s, 354 msg/s, 12.0 leaves/msg, 12s)
2026-08-05 04:01:39 [iter 13/60] self-play: 5/40 games...
2026-08-05 04:01:49   [GPU] 100,043 evals (2109 batches, avg 47/batch = 9% of 512, 4335 evals/s, 354 msg/s, 12.2 leaves/msg, 23s)
2026-08-05 04:01:53 [iter 13/60] self-play: 10/40 games...
2026-08-05 04:02:02   [GPU] 150,024 evals (3473 batches, avg 43/batch = 8% of 512, 4083 evals/s, 329 msg/s, 12.4 leaves/msg, 37s)
2026-08-05 04:02:16   [GPU] 200,013 evals (4791 batches, avg 42/batch = 8% of 512, 3945 evals/s, 304 msg/s, 13.0 leaves/msg, 51s)
2026-08-05 04:02:26 [iter 13/60] self-play: 15/40 games...
2026-08-05 04:02:29   [GPU] 250,019 evals (6037 batches, avg 41/batch = 8% of 512, 3963 evals/s, 301 msg/s, 13.2 leaves/msg, 63s)
2026-08-05 04:02:40   [GPU] 300,003 evals (7160 batches, avg 42/batch = 8% of 512, 4060 evals/s, 308 msg/s, 13.2 leaves/msg, 74s)
2026-08-05 04:02:40 [iter 13/60] self-play: 20/40 games...
2026-08-05 04:02:51   [GPU] 350,035 evals (8313 batches, avg 42/batch = 8% of 512, 4109 evals/s, 312 msg/s, 13.2 leaves/msg, 85s)
2026-08-05 04:03:00 [iter 13/60] self-play: 25/40 games...
2026-08-05 04:03:02   [GPU] 400,024 evals (9497 batches, avg 42/batch = 8% of 512, 4143 evals/s, 314 msg/s, 13.2 leaves/msg, 97s)
2026-08-05 04:03:14   [GPU] 450,025 evals (10677 batches, avg 42/batch = 8% of 512, 4163 evals/s, 314 msg/s, 13.3 leaves/msg, 108s)
2026-08-05 04:03:26   [GPU] 500,027 evals (11877 batches, avg 42/batch = 8% of 512, 4169 evals/s, 312 msg/s, 13.4 leaves/msg, 120s)
2026-08-05 04:03:37   [GPU] 550,028 evals (13056 batches, avg 42/batch = 8% of 512, 4184 evals/s, 311 msg/s, 13.4 leaves/msg, 131s)
2026-08-05 04:03:49   [GPU] 600,011 evals (14253 batches, avg 42/batch = 8% of 512, 4194 evals/s, 310 msg/s, 13.5 leaves/msg, 143s)
2026-08-05 04:03:50 [iter 13/60] self-play: 30/40 games...
2026-08-05 04:04:01   [GPU] 650,023 evals (15463 batches, avg 42/batch = 8% of 512, 4191 evals/s, 308 msg/s, 13.6 leaves/msg, 155s)
2026-08-05 04:04:13   [GPU] 700,012 evals (16705 batches, avg 42/batch = 8% of 512, 4179 evals/s, 306 msg/s, 13.7 leaves/msg, 168s)
2026-08-05 04:04:28   [GPU] 750,009 evals (18092 batches, avg 41/batch = 8% of 512, 4114 evals/s, 300 msg/s, 13.7 leaves/msg, 182s)
2026-08-05 04:04:45   [GPU] 800,005 evals (19520 batches, avg 41/batch = 8% of 512, 4017 evals/s, 292 msg/s, 13.7 leaves/msg, 199s)
2026-08-05 04:05:04   [GPU] 850,031 evals (21126 batches, avg 40/batch = 8% of 512, 3887 evals/s, 282 msg/s, 13.8 leaves/msg, 219s)
2026-08-05 04:05:15 [iter 13/60] self-play: 35/40 games...
2026-08-05 04:05:26   [GPU] 900,017 evals (22858 batches, avg 39/batch = 8% of 512, 3740 evals/s, 271 msg/s, 13.8 leaves/msg, 241s)
2026-08-05 04:06:00   [GPU] 950,004 evals (25119 batches, avg 38/batch = 7% of 512, 3465 evals/s, 251 msg/s, 13.8 leaves/msg, 274s)
2026-08-05 04:07:17   [GPU] 1,000,008 evals (28181 batches, avg 35/batch = 7% of 512, 2847 evals/s, 207 msg/s, 13.8 leaves/msg, 351s)
2026-08-05 04:07:32 [iter 13/60] self-play: 40/40 games...
2026-08-05 04:07:33 [iter 13/60] self-play done: 40 games (367s) | wins: P0=14, P1=19, draw=7 | draw_rate=18% avg_len~18
2026-08-05 04:07:33 [iter 13/60] training (600 steps, lr=9.14e-04)...
2026-08-05 04:07:44 [iter 13/60] training done: loss_p=1.193 loss_v=0.193 (11s)
2026-08-05 04:07:48 [iter 13/60] data: policy_wall_mass=0.111 walled_states=49% walls_on_board=6.0 value_mae walled=0.084 free=0.314
2026-08-05 04:07:48 [iter 13/60] eval skipped (eval_every=4)
2026-08-05 04:07:48 >>> iter 13 | loss_p=1.193 loss_v=0.193 | vs_best=n/a (not evaluated) | vs_rand=n/a | draw=18% | buf=21086 | rss=2.57GB | sp=367s train=11s eval_best=0s eval_rand=0s | total=382s
2026-08-05 04:07:48 [iter 14/60] self-play starting (40 games, 600 sims, MIXED 20/40 race-only)...
2026-08-05 04:07:48 [PARALLEL-MP] 8 workers spawned (40 games, sims=600), GPU batcher starting...
2026-08-05 04:08:02   [GPU] 50,041 evals (980 batches, avg 51/batch = 10% of 512, 3715 evals/s, 316 msg/s, 11.7 leaves/msg, 13s)
2026-08-05 04:08:02 [iter 14/60] self-play: 5/40 games...
2026-08-05 04:08:14   [GPU] 100,007 evals (2070 batches, avg 48/batch = 9% of 512, 3877 evals/s, 314 msg/s, 12.3 leaves/msg, 26s)
2026-08-05 04:08:17 [iter 14/60] self-play: 10/40 games...
2026-08-05 04:08:27   [GPU] 150,019 evals (3263 batches, avg 46/batch = 9% of 512, 3835 evals/s, 303 msg/s, 12.6 leaves/msg, 39s)
2026-08-05 04:08:36 [iter 14/60] self-play: 15/40 games...
2026-08-05 04:08:40   [GPU] 200,015 evals (4436 batches, avg 45/batch = 9% of 512, 3844 evals/s, 299 msg/s, 12.9 leaves/msg, 52s)
2026-08-05 04:08:53   [GPU] 250,004 evals (5618 batches, avg 45/batch = 9% of 512, 3845 evals/s, 299 msg/s, 12.9 leaves/msg, 65s)
2026-08-05 04:08:56 [iter 14/60] self-play: 20/40 games...
2026-08-05 04:09:06   [GPU] 300,051 evals (6796 batches, avg 44/batch = 9% of 512, 3850 evals/s, 298 msg/s, 12.9 leaves/msg, 78s)
2026-08-05 04:09:19   [GPU] 350,069 evals (7958 batches, avg 44/batch = 9% of 512, 3851 evals/s, 295 msg/s, 13.0 leaves/msg, 91s)
2026-08-05 04:09:21 [iter 14/60] self-play: 25/40 games...
2026-08-05 04:09:33   [GPU] 400,022 evals (9193 batches, avg 44/batch = 8% of 512, 3828 evals/s, 294 msg/s, 13.0 leaves/msg, 104s)
2026-08-05 04:09:47   [GPU] 450,062 evals (10436 batches, avg 43/batch = 8% of 512, 3799 evals/s, 291 msg/s, 13.1 leaves/msg, 118s)
2026-08-05 04:09:53 [iter 14/60] self-play: 30/40 games...
2026-08-05 04:10:01   [GPU] 500,007 evals (11695 batches, avg 43/batch = 8% of 512, 3754 evals/s, 285 msg/s, 13.2 leaves/msg, 133s)
2026-08-05 04:10:16   [GPU] 550,003 evals (12992 batches, avg 42/batch = 8% of 512, 3725 evals/s, 281 msg/s, 13.3 leaves/msg, 148s)
2026-08-05 04:10:32   [GPU] 600,000 evals (14361 batches, avg 42/batch = 8% of 512, 3660 evals/s, 274 msg/s, 13.3 leaves/msg, 164s)
2026-08-05 04:10:51   [GPU] 650,009 evals (15877 batches, avg 41/batch = 8% of 512, 3556 evals/s, 264 msg/s, 13.5 leaves/msg, 183s)
2026-08-05 04:11:10   [GPU] 700,012 evals (17434 batches, avg 40/batch = 8% of 512, 3471 evals/s, 256 msg/s, 13.6 leaves/msg, 202s)
2026-08-05 04:11:28   [GPU] 750,015 evals (18925 batches, avg 40/batch = 8% of 512, 3412 evals/s, 250 msg/s, 13.6 leaves/msg, 220s)
2026-08-05 04:11:34 [iter 14/60] self-play: 35/40 games...
2026-08-05 04:11:48   [GPU] 800,018 evals (20557 batches, avg 39/batch = 8% of 512, 3331 evals/s, 243 msg/s, 13.7 leaves/msg, 240s)
2026-08-05 04:12:13   [GPU] 850,020 evals (22425 batches, avg 38/batch = 7% of 512, 3207 evals/s, 233 msg/s, 13.8 leaves/msg, 265s)
2026-08-05 04:12:46   [GPU] 900,006 evals (24586 batches, avg 37/batch = 7% of 512, 3018 evals/s, 218 msg/s, 13.8 leaves/msg, 298s)
2026-08-05 04:13:24 [iter 14/60] self-play: 40/40 games...
2026-08-05 04:13:24 [iter 14/60] self-play done: 40 games (336s) | wins: P0=10, P1=25, draw=5 | draw_rate=12% avg_len~23
2026-08-05 04:13:24 [iter 14/60] training (600 steps, lr=9.00e-04)...
2026-08-05 04:13:36 [iter 14/60] training done: loss_p=1.177 loss_v=0.190 (11s)
2026-08-05 04:13:40 [iter 14/60] data: policy_wall_mass=0.109 walled_states=60% walls_on_board=7.8 value_mae walled=0.115 free=0.328
2026-08-05 04:13:40 [iter 14/60] eval skipped (eval_every=4)
2026-08-05 04:13:40 >>> iter 14 | loss_p=1.177 loss_v=0.190 | vs_best=n/a (not evaluated) | vs_rand=n/a | draw=12% | buf=22942 | rss=2.60GB | sp=336s train=11s eval_best=0s eval_rand=0s | total=352s
2026-08-05 04:13:40 [iter 15/60] self-play starting (40 games, 600 sims, MIXED 20/40 race-only)...
2026-08-05 04:13:40 [PARALLEL-MP] 8 workers spawned (40 games, sims=600), GPU batcher starting...
2026-08-05 04:13:54   [GPU] 50,018 evals (1011 batches, avg 49/batch = 10% of 512, 3542 evals/s, 294 msg/s, 12.1 leaves/msg, 14s)
2026-08-05 04:13:56 [iter 15/60] self-play: 5/40 games...
2026-08-05 04:14:07   [GPU] 100,034 evals (2154 batches, avg 46/batch = 9% of 512, 3689 evals/s, 298 msg/s, 12.4 leaves/msg, 27s)
2026-08-05 04:14:16 [iter 15/60] self-play: 10/40 games...
2026-08-05 04:14:22   [GPU] 150,014 evals (3432 batches, avg 44/batch = 9% of 512, 3584 evals/s, 285 msg/s, 12.6 leaves/msg, 42s)
2026-08-05 04:14:37   [GPU] 200,031 evals (4741 batches, avg 42/batch = 8% of 512, 3511 evals/s, 270 msg/s, 13.0 leaves/msg, 57s)
2026-08-05 04:14:50   [GPU] 250,017 evals (5926 batches, avg 42/batch = 8% of 512, 3563 evals/s, 270 msg/s, 13.2 leaves/msg, 70s)
2026-08-05 04:14:54 [iter 15/60] self-play: 15/40 games...
2026-08-05 04:15:03   [GPU] 300,017 evals (7114 batches, avg 42/batch = 8% of 512, 3590 evals/s, 270 msg/s, 13.3 leaves/msg, 84s)
2026-08-05 04:15:17   [GPU] 350,036 evals (8349 batches, avg 42/batch = 8% of 512, 3597 evals/s, 270 msg/s, 13.3 leaves/msg, 97s)
2026-08-05 04:15:31   [GPU] 400,039 evals (9583 batches, avg 42/batch = 8% of 512, 3596 evals/s, 267 msg/s, 13.5 leaves/msg, 111s)
2026-08-05 04:15:42 [iter 15/60] self-play: 20/40 games...
2026-08-05 04:15:45   [GPU] 450,008 evals (10805 batches, avg 42/batch = 8% of 512, 3605 evals/s, 267 msg/s, 13.5 leaves/msg, 125s)
2026-08-05 04:15:59   [GPU] 500,060 evals (12048 batches, avg 42/batch = 8% of 512, 3607 evals/s, 265 msg/s, 13.6 leaves/msg, 139s)
2026-08-05 04:16:11   [GPU] 550,041 evals (13295 batches, avg 41/batch = 8% of 512, 3646 evals/s, 267 msg/s, 13.7 leaves/msg, 151s)
2026-08-05 04:16:23   [GPU] 600,071 evals (14597 batches, avg 41/batch = 8% of 512, 3670 evals/s, 270 msg/s, 13.6 leaves/msg, 163s)
2026-08-05 04:16:25 [iter 15/60] self-play: 25/40 games...
2026-08-05 04:16:37   [GPU] 650,039 evals (15949 batches, avg 41/batch = 8% of 512, 3673 evals/s, 269 msg/s, 13.7 leaves/msg, 177s)
2026-08-05 04:16:50   [GPU] 700,028 evals (17224 batches, avg 41/batch = 8% of 512, 3686 evals/s, 269 msg/s, 13.7 leaves/msg, 190s)
2026-08-05 04:17:04   [GPU] 750,002 evals (18599 batches, avg 40/batch = 8% of 512, 3672 evals/s, 268 msg/s, 13.7 leaves/msg, 204s)
2026-08-05 04:17:17   [GPU] 800,037 evals (19889 batches, avg 40/batch = 8% of 512, 3687 evals/s, 270 msg/s, 13.7 leaves/msg, 217s)
2026-08-05 04:17:31   [GPU] 850,011 evals (21311 batches, avg 40/batch = 8% of 512, 3675 evals/s, 269 msg/s, 13.7 leaves/msg, 231s)
2026-08-05 04:17:45   [GPU] 900,020 evals (22700 batches, avg 40/batch = 8% of 512, 3669 evals/s, 268 msg/s, 13.7 leaves/msg, 245s)
2026-08-05 04:17:58 [iter 15/60] self-play: 30/40 games...
2026-08-05 04:17:59   [GPU] 950,015 evals (24073 batches, avg 39/batch = 8% of 512, 3666 evals/s, 268 msg/s, 13.7 leaves/msg, 259s)
2026-08-05 04:18:10 [iter 15/60] self-play: 35/40 games...
2026-08-05 04:18:17   [GPU] 1,000,043 evals (25739 batches, avg 39/batch = 8% of 512, 3604 evals/s, 264 msg/s, 13.6 leaves/msg, 278s)
2026-08-05 04:18:41   [GPU] 1,050,017 evals (27706 batches, avg 38/batch = 7% of 512, 3490 evals/s, 255 msg/s, 13.7 leaves/msg, 301s)
2026-08-05 04:19:02   [GPU] 1,100,022 evals (29596 batches, avg 37/batch = 7% of 512, 3416 evals/s, 249 msg/s, 13.7 leaves/msg, 322s)
2026-08-05 04:19:36 [iter 15/60] self-play: 40/40 games...
2026-08-05 04:19:36 [iter 15/60] self-play done: 40 games (356s) | wins: P0=5, P1=27, draw=8 | draw_rate=20% avg_len~18
2026-08-05 04:19:36 [iter 15/60] training (600 steps, lr=8.84e-04)...
2026-08-05 04:19:45 [iter 15/60] training done: loss_p=1.156 loss_v=0.191 (9s)
2026-08-05 04:19:46 [iter 15/60] data: policy_wall_mass=0.116 walled_states=54% walls_on_board=8.6 value_mae walled=0.090 free=0.241
2026-08-05 04:19:46 [iter 15/60] eval skipped (eval_every=4)
2026-08-05 04:19:46 >>> iter 15 | loss_p=1.156 loss_v=0.191 | vs_best=n/a (not evaluated) | vs_rand=n/a | draw=20% | buf=24410 | rss=2.62GB | sp=356s train=9s eval_best=0s eval_rand=0s | total=366s
2026-08-05 04:19:46 [iter 16/60] self-play starting (40 games, 600 sims, MIXED 20/40 race-only)...
2026-08-05 04:19:46 [PARALLEL-MP] 8 workers spawned (40 games, sims=600), GPU batcher starting...
2026-08-05 04:19:58   [GPU] 50,036 evals (954 batches, avg 52/batch = 10% of 512, 4392 evals/s, 366 msg/s, 12.0 leaves/msg, 11s)
2026-08-05 04:20:03 [iter 16/60] self-play: 5/40 games...
2026-08-05 04:20:08   [GPU] 100,012 evals (2069 batches, avg 48/batch = 9% of 512, 4483 evals/s, 377 msg/s, 11.9 leaves/msg, 22s)
2026-08-05 04:20:12 [iter 16/60] self-play: 10/40 games...
2026-08-05 04:20:22   [GPU] 150,003 evals (3364 batches, avg 45/batch = 9% of 512, 4244 evals/s, 340 msg/s, 12.5 leaves/msg, 35s)
2026-08-05 04:20:35   [GPU] 200,019 evals (4660 batches, avg 43/batch = 8% of 512, 4121 evals/s, 317 msg/s, 13.0 leaves/msg, 49s)
2026-08-05 04:20:41 [iter 16/60] self-play: 15/40 games...
2026-08-05 04:20:48   [GPU] 250,061 evals (5977 batches, avg 42/batch = 8% of 512, 4071 evals/s, 315 msg/s, 12.9 leaves/msg, 61s)
2026-08-05 04:21:01   [GPU] 300,009 evals (7284 batches, avg 41/batch = 8% of 512, 4025 evals/s, 310 msg/s, 13.0 leaves/msg, 75s)
2026-08-05 04:21:15   [GPU] 350,016 evals (8645 batches, avg 40/batch = 8% of 512, 3949 evals/s, 298 msg/s, 13.3 leaves/msg, 89s)
2026-08-05 04:21:29   [GPU] 400,006 evals (9981 batches, avg 40/batch = 8% of 512, 3905 evals/s, 291 msg/s, 13.4 leaves/msg, 102s)
2026-08-05 04:21:42   [GPU] 450,011 evals (11308 batches, avg 40/batch = 8% of 512, 3875 evals/s, 286 msg/s, 13.6 leaves/msg, 116s)
2026-08-05 04:21:50 [iter 16/60] self-play: 20/40 games...
2026-08-05 04:21:55   [GPU] 500,041 evals (12564 batches, avg 40/batch = 8% of 512, 3890 evals/s, 287 msg/s, 13.5 leaves/msg, 129s)
2026-08-05 04:22:06 [iter 16/60] self-play: 25/40 games...
2026-08-05 04:22:07   [GPU] 550,034 evals (13763 batches, avg 40/batch = 8% of 512, 3917 evals/s, 291 msg/s, 13.4 leaves/msg, 140s)
2026-08-05 04:22:19   [GPU] 600,009 evals (14978 batches, avg 40/batch = 8% of 512, 3934 evals/s, 292 msg/s, 13.5 leaves/msg, 153s)
2026-08-05 04:22:31   [GPU] 650,000 evals (16222 batches, avg 40/batch = 8% of 512, 3940 evals/s, 291 msg/s, 13.5 leaves/msg, 165s)
2026-08-05 04:22:39 [iter 16/60] self-play: 30/40 games...
2026-08-05 04:22:44   [GPU] 700,034 evals (17501 batches, avg 40/batch = 8% of 512, 3937 evals/s, 291 msg/s, 13.5 leaves/msg, 178s)
2026-08-05 04:22:58   [GPU] 750,008 evals (18853 batches, avg 40/batch = 8% of 512, 3909 evals/s, 287 msg/s, 13.6 leaves/msg, 192s)
2026-08-05 04:23:12   [GPU] 800,011 evals (20198 batches, avg 40/batch = 8% of 512, 3893 evals/s, 285 msg/s, 13.7 leaves/msg, 205s)
2026-08-05 04:23:26   [GPU] 850,001 evals (21588 batches, avg 39/batch = 8% of 512, 3872 evals/s, 282 msg/s, 13.7 leaves/msg, 220s)
2026-08-05 04:23:46   [GPU] 900,016 evals (23307 batches, avg 39/batch = 8% of 512, 3751 evals/s, 272 msg/s, 13.8 leaves/msg, 240s)
2026-08-05 04:23:54 [iter 16/60] self-play: 35/40 games...
2026-08-05 04:24:12   [GPU] 950,008 evals (25158 batches, avg 38/batch = 7% of 512, 3577 evals/s, 259 msg/s, 13.8 leaves/msg, 266s)
2026-08-05 04:24:40   [GPU] 1,000,009 evals (27206 batches, avg 37/batch = 7% of 512, 3407 evals/s, 246 msg/s, 13.9 leaves/msg, 293s)
2026-08-05 04:25:17   [GPU] 1,050,001 evals (29539 batches, avg 36/batch = 7% of 512, 3176 evals/s, 228 msg/s, 13.9 leaves/msg, 331s)
2026-08-05 04:26:03   [GPU] 1,100,011 evals (32107 batches, avg 34/batch = 7% of 512, 2917 evals/s, 209 msg/s, 14.0 leaves/msg, 377s)
2026-08-05 04:26:13 [iter 16/60] self-play: 40/40 games...
2026-08-05 04:26:14 [iter 16/60] self-play done: 40 games (388s) | wins: P0=10, P1=22, draw=8 | draw_rate=20% avg_len~18
2026-08-05 04:26:14 [iter 16/60] training (600 steps, lr=8.68e-04)...
2026-08-05 04:26:25 [iter 16/60] training done: loss_p=1.144 loss_v=0.184 (11s)
2026-08-05 04:26:29 [iter 16/60] data: policy_wall_mass=0.128 walled_states=52% walls_on_board=6.8 value_mae walled=0.132 free=0.224
2026-08-05 04:26:29 [iter 16/60] eval vs best (160 games, 200 sims)...
2026-08-05 04:26:29 [EVAL-MP] 8 workers spawned (160 vs_best games, sims=200), GPU batcher starting...
2026-08-05 04:26:49   [GPU] 50,036 evals (1207 batches, avg 41/batch = 8% of 512, 2543 evals/s, 179 msg/s, 14.2 leaves/msg, 20s)
2026-08-05 04:27:05   [GPU] 100,010 evals (2314 batches, avg 43/batch = 8% of 512, 2811 evals/s, 203 msg/s, 13.8 leaves/msg, 36s)
2026-08-05 04:27:21   [GPU] 150,052 evals (3391 batches, avg 44/batch = 9% of 512, 2935 evals/s, 216 msg/s, 13.6 leaves/msg, 51s)
2026-08-05 04:27:35   [GPU] 200,022 evals (4435 batches, avg 45/batch = 9% of 512, 3027 evals/s, 225 msg/s, 13.5 leaves/msg, 66s)
2026-08-05 04:27:50 [iter 16/60] eval vs best: 5/160 games (81s, cand 50%)
2026-08-05 04:27:51   [GPU] 250,010 evals (5508 batches, avg 45/batch = 9% of 512, 3073 evals/s, 229 msg/s, 13.4 leaves/msg, 81s)
2026-08-05 04:28:07   [GPU] 300,021 evals (6640 batches, avg 45/batch = 9% of 512, 3077 evals/s, 228 msg/s, 13.5 leaves/msg, 97s)
2026-08-05 04:28:16 [iter 16/60] eval vs best: 10/160 games (106s, cand 50%)
2026-08-05 04:28:22   [GPU] 350,025 evals (7665 batches, avg 46/batch = 9% of 512, 3119 evals/s, 231 msg/s, 13.5 leaves/msg, 112s)
2026-08-05 04:28:36   [GPU] 400,012 evals (8691 batches, avg 46/batch = 9% of 512, 3151 evals/s, 233 msg/s, 13.5 leaves/msg, 127s)
2026-08-05 04:28:51   [GPU] 450,004 evals (9710 batches, avg 46/batch = 9% of 512, 3179 evals/s, 234 msg/s, 13.6 leaves/msg, 142s)
2026-08-05 04:29:08   [GPU] 500,028 evals (10807 batches, avg 46/batch = 9% of 512, 3160 evals/s, 232 msg/s, 13.6 leaves/msg, 158s)
2026-08-05 04:29:11 [iter 16/60] eval vs best: 15/160 games (162s, cand 67%)
2026-08-05 04:29:24   [GPU] 550,057 evals (11966 batches, avg 46/batch = 9% of 512, 3150 evals/s, 231 msg/s, 13.6 leaves/msg, 175s)
2026-08-05 04:29:40   [GPU] 600,034 evals (13098 batches, avg 46/batch = 9% of 512, 3150 evals/s, 232 msg/s, 13.6 leaves/msg, 190s)
2026-08-05 04:29:55   [GPU] 650,031 evals (14176 batches, avg 46/batch = 9% of 512, 3158 evals/s, 233 msg/s, 13.6 leaves/msg, 206s)
2026-08-05 04:30:11   [GPU] 700,026 evals (15257 batches, avg 46/batch = 9% of 512, 3165 evals/s, 234 msg/s, 13.5 leaves/msg, 221s)
2026-08-05 04:30:11 [iter 16/60] eval vs best: 20/160 games (222s, cand 67%)
2026-08-05 04:30:26   [GPU] 750,030 evals (16346 batches, avg 46/batch = 9% of 512, 3165 evals/s, 234 msg/s, 13.5 leaves/msg, 237s)
2026-08-05 04:30:32 [iter 16/60] eval vs best: 25/160 games (243s, cand 75%)
2026-08-05 04:30:42   [GPU] 800,014 evals (17472 batches, avg 46/batch = 9% of 512, 3164 evals/s, 234 msg/s, 13.5 leaves/msg, 253s)
2026-08-05 04:30:58   [GPU] 850,024 evals (18552 batches, avg 46/batch = 9% of 512, 3165 evals/s, 233 msg/s, 13.6 leaves/msg, 269s)
2026-08-05 04:31:09 [iter 16/60] eval vs best: 30/160 games (280s, cand 71%)
2026-08-05 04:31:14   [GPU] 900,056 evals (19666 batches, avg 46/batch = 9% of 512, 3165 evals/s, 233 msg/s, 13.6 leaves/msg, 284s)
2026-08-05 04:31:29   [GPU] 950,014 evals (20807 batches, avg 46/batch = 9% of 512, 3173 evals/s, 233 msg/s, 13.6 leaves/msg, 299s)
2026-08-05 04:31:45   [GPU] 1,000,013 evals (21912 batches, avg 46/batch = 9% of 512, 3172 evals/s, 232 msg/s, 13.6 leaves/msg, 315s)
2026-08-05 04:31:55 [iter 16/60] eval vs best: 35/160 games (326s, cand 75%)
2026-08-05 04:32:00   [GPU] 1,050,054 evals (22952 batches, avg 46/batch = 9% of 512, 3179 evals/s, 233 msg/s, 13.7 leaves/msg, 330s)
2026-08-05 04:32:15   [GPU] 1,100,015 evals (23998 batches, avg 46/batch = 9% of 512, 3184 evals/s, 233 msg/s, 13.7 leaves/msg, 345s)
2026-08-05 04:32:31   [GPU] 1,150,021 evals (25085 batches, avg 46/batch = 9% of 512, 3184 evals/s, 233 msg/s, 13.7 leaves/msg, 361s)
2026-08-05 04:32:35 [iter 16/60] eval vs best: 40/160 games (365s, cand 78%)
2026-08-05 04:32:47   [GPU] 1,200,037 evals (26242 batches, avg 46/batch = 9% of 512, 3174 evals/s, 232 msg/s, 13.7 leaves/msg, 378s)
2026-08-05 04:33:04   [GPU] 1,250,004 evals (27381 batches, avg 46/batch = 9% of 512, 3171 evals/s, 232 msg/s, 13.7 leaves/msg, 394s)
2026-08-05 04:33:19   [GPU] 1,300,014 evals (28457 batches, avg 46/batch = 9% of 512, 3173 evals/s, 232 msg/s, 13.7 leaves/msg, 410s)
2026-08-05 04:33:35   [GPU] 1,350,016 evals (29528 batches, avg 46/batch = 9% of 512, 3176 evals/s, 232 msg/s, 13.7 leaves/msg, 425s)
2026-08-05 04:33:36 [iter 16/60] eval vs best: 45/160 games (427s, cand 78%)
2026-08-05 04:33:51   [GPU] 1,400,014 evals (30641 batches, avg 46/batch = 9% of 512, 3174 evals/s, 232 msg/s, 13.7 leaves/msg, 441s)
2026-08-05 04:34:03 [iter 16/60] eval vs best: 50/160 games (454s, cand 78%)
2026-08-05 04:34:07   [GPU] 1,450,020 evals (31799 batches, avg 46/batch = 9% of 512, 3167 evals/s, 232 msg/s, 13.7 leaves/msg, 458s)
2026-08-05 04:34:23   [GPU] 1,500,021 evals (32904 batches, avg 46/batch = 9% of 512, 3165 evals/s, 231 msg/s, 13.7 leaves/msg, 474s)
2026-08-05 04:34:39   [GPU] 1,550,037 evals (33997 batches, avg 46/batch = 9% of 512, 3166 evals/s, 231 msg/s, 13.7 leaves/msg, 490s)
2026-08-05 04:34:55   [GPU] 1,600,022 evals (35073 batches, avg 46/batch = 9% of 512, 3167 evals/s, 231 msg/s, 13.7 leaves/msg, 505s)
2026-08-05 04:35:09 [iter 16/60] eval vs best: 55/160 games (520s, cand 80%)
2026-08-05 04:35:11   [GPU] 1,650,039 evals (36205 batches, avg 46/batch = 9% of 512, 3164 evals/s, 231 msg/s, 13.7 leaves/msg, 522s)
2026-08-05 04:35:28   [GPU] 1,700,011 evals (37393 batches, avg 45/batch = 9% of 512, 3154 evals/s, 230 msg/s, 13.7 leaves/msg, 539s)
2026-08-05 04:35:31 [iter 16/60] eval vs best: 60/160 games (541s, cand 80%)
2026-08-05 04:35:46   [GPU] 1,750,031 evals (38610 batches, avg 45/batch = 9% of 512, 3144 evals/s, 230 msg/s, 13.7 leaves/msg, 557s)
2026-08-05 04:36:04   [GPU] 1,800,044 evals (39878 batches, avg 45/batch = 9% of 512, 3131 evals/s, 230 msg/s, 13.6 leaves/msg, 575s)
2026-08-05 04:36:23   [GPU] 1,850,019 evals (41144 batches, avg 45/batch = 9% of 512, 3118 evals/s, 229 msg/s, 13.6 leaves/msg, 593s)
2026-08-05 04:36:42 [iter 16/60] eval vs best: 65/160 games (612s, cand 82%)
2026-08-05 04:36:42   [GPU] 1,900,013 evals (42479 batches, avg 45/batch = 9% of 512, 3102 evals/s, 229 msg/s, 13.6 leaves/msg, 613s)
2026-08-05 04:37:01   [GPU] 1,950,012 evals (43798 batches, avg 45/batch = 9% of 512, 3086 evals/s, 228 msg/s, 13.5 leaves/msg, 632s)
2026-08-05 04:37:19   [GPU] 2,000,057 evals (45039 batches, avg 44/batch = 9% of 512, 3079 evals/s, 228 msg/s, 13.5 leaves/msg, 650s)
2026-08-05 04:37:32   [GPU] 2,050,053 evals (46283 batches, avg 44/batch = 9% of 512, 3093 evals/s, 230 msg/s, 13.5 leaves/msg, 663s)
2026-08-05 04:37:42 [iter 16/60] eval vs best: 70/160 games (672s, cand 82%)
2026-08-05 04:37:46   [GPU] 2,100,024 evals (47459 batches, avg 44/batch = 9% of 512, 3105 evals/s, 231 msg/s, 13.5 leaves/msg, 676s)
2026-08-05 04:38:01   [GPU] 2,150,012 evals (48804 batches, avg 44/batch = 9% of 512, 3109 evals/s, 231 msg/s, 13.5 leaves/msg, 692s)
2026-08-05 04:38:16   [GPU] 2,200,003 evals (50125 batches, avg 44/batch = 9% of 512, 3115 evals/s, 232 msg/s, 13.4 leaves/msg, 706s)
2026-08-05 04:38:19 [iter 16/60] eval vs best: 75/160 games (710s, cand 83%)
2026-08-05 04:38:31   [GPU] 2,250,037 evals (51449 batches, avg 44/batch = 9% of 512, 3120 evals/s, 232 msg/s, 13.4 leaves/msg, 721s)
2026-08-05 04:38:46   [GPU] 2,300,019 evals (52794 batches, avg 44/batch = 9% of 512, 3123 evals/s, 233 msg/s, 13.4 leaves/msg, 736s)
2026-08-05 04:38:56 [iter 16/60] eval vs best: 80/160 games (746s, cand 85%)
2026-08-05 04:39:01   [GPU] 2,350,026 evals (54137 batches, avg 43/batch = 8% of 512, 3126 evals/s, 233 msg/s, 13.4 leaves/msg, 752s)
2026-08-05 04:39:17   [GPU] 2,400,001 evals (55431 batches, avg 43/batch = 8% of 512, 3128 evals/s, 234 msg/s, 13.4 leaves/msg, 767s)
2026-08-05 04:39:31   [GPU] 2,450,005 evals (56656 batches, avg 43/batch = 8% of 512, 3136 evals/s, 235 msg/s, 13.4 leaves/msg, 781s)
2026-08-05 04:39:37 [iter 16/60] eval vs best: 85/160 games (787s, cand 86%)
2026-08-05 04:39:45   [GPU] 2,500,026 evals (57883 batches, avg 43/batch = 8% of 512, 3144 evals/s, 235 msg/s, 13.4 leaves/msg, 795s)
2026-08-05 04:39:59   [GPU] 2,550,003 evals (59153 batches, avg 43/batch = 8% of 512, 3150 evals/s, 236 msg/s, 13.3 leaves/msg, 810s)
2026-08-05 04:40:06 [iter 16/60] eval vs best: 90/160 games (817s, cand 86%)
2026-08-05 04:40:13   [GPU] 2,600,046 evals (60373 batches, avg 43/batch = 8% of 512, 3157 evals/s, 236 msg/s, 13.4 leaves/msg, 824s)
2026-08-05 04:40:26   [GPU] 2,650,012 evals (61520 batches, avg 43/batch = 8% of 512, 3168 evals/s, 237 msg/s, 13.4 leaves/msg, 837s)
2026-08-05 04:40:39   [GPU] 2,700,019 evals (62665 batches, avg 43/batch = 8% of 512, 3178 evals/s, 237 msg/s, 13.4 leaves/msg, 850s)
2026-08-05 04:40:52   [GPU] 2,750,011 evals (63872 batches, avg 43/batch = 8% of 512, 3186 evals/s, 238 msg/s, 13.4 leaves/msg, 863s)
2026-08-05 04:40:59 [iter 16/60] eval vs best: 95/160 games (869s, cand 86%)
2026-08-05 04:41:06   [GPU] 2,800,041 evals (65096 batches, avg 43/batch = 8% of 512, 3193 evals/s, 238 msg/s, 13.4 leaves/msg, 877s)
2026-08-05 04:41:21   [GPU] 2,850,032 evals (66343 batches, avg 43/batch = 8% of 512, 3197 evals/s, 238 msg/s, 13.4 leaves/msg, 891s)
2026-08-05 04:41:34   [GPU] 2,900,017 evals (67529 batches, avg 43/batch = 8% of 512, 3205 evals/s, 239 msg/s, 13.4 leaves/msg, 905s)
2026-08-05 04:41:48   [GPU] 2,950,019 evals (68714 batches, avg 43/batch = 8% of 512, 3213 evals/s, 240 msg/s, 13.4 leaves/msg, 918s)
2026-08-05 04:41:56 [iter 16/60] eval vs best: 100/160 games (927s, cand 86%)
2026-08-05 04:42:01   [GPU] 3,000,012 evals (69912 batches, avg 43/batch = 8% of 512, 3219 evals/s, 240 msg/s, 13.4 leaves/msg, 932s)
2026-08-05 04:42:10 [iter 16/60] eval vs best: 105/160 games (941s, cand 87%)
2026-08-05 04:42:15   [GPU] 3,050,071 evals (71136 batches, avg 43/batch = 8% of 512, 3224 evals/s, 240 msg/s, 13.4 leaves/msg, 946s)
2026-08-05 04:42:29   [GPU] 3,100,044 evals (72357 batches, avg 43/batch = 8% of 512, 3229 evals/s, 241 msg/s, 13.4 leaves/msg, 960s)
2026-08-05 04:42:43   [GPU] 3,150,002 evals (73525 batches, avg 43/batch = 8% of 512, 3237 evals/s, 241 msg/s, 13.4 leaves/msg, 973s)
2026-08-05 04:42:56   [GPU] 3,200,039 evals (74690 batches, avg 43/batch = 8% of 512, 3244 evals/s, 242 msg/s, 13.4 leaves/msg, 986s)
2026-08-05 04:43:04 [iter 16/60] eval vs best: 110/160 games (994s, cand 88%)
2026-08-05 04:43:09   [GPU] 3,250,062 evals (75906 batches, avg 43/batch = 8% of 512, 3250 evals/s, 242 msg/s, 13.4 leaves/msg, 1000s)
2026-08-05 04:43:23   [GPU] 3,300,047 evals (77109 batches, avg 43/batch = 8% of 512, 3256 evals/s, 243 msg/s, 13.4 leaves/msg, 1014s)
2026-08-05 04:43:30 [iter 16/60] eval vs best: 115/160 games (1021s, cand 88%)
2026-08-05 04:43:36   [GPU] 3,350,061 evals (78277 batches, avg 43/batch = 8% of 512, 3262 evals/s, 243 msg/s, 13.4 leaves/msg, 1027s)
2026-08-05 04:43:49   [GPU] 3,400,025 evals (79452 batches, avg 43/batch = 8% of 512, 3269 evals/s, 244 msg/s, 13.4 leaves/msg, 1040s)
2026-08-05 04:44:04   [GPU] 3,450,036 evals (80706 batches, avg 43/batch = 8% of 512, 3272 evals/s, 244 msg/s, 13.4 leaves/msg, 1054s)
2026-08-05 04:44:09 [iter 16/60] eval vs best: 120/160 games (1059s, cand 78%)
2026-08-05 04:44:20   [GPU] 3,500,057 evals (82112 batches, avg 43/batch = 8% of 512, 3269 evals/s, 244 msg/s, 13.4 leaves/msg, 1071s)
2026-08-05 04:44:36   [GPU] 3,550,021 evals (83506 batches, avg 43/batch = 8% of 512, 3266 evals/s, 243 msg/s, 13.4 leaves/msg, 1087s)
2026-08-05 04:44:52   [GPU] 3,600,016 evals (84893 batches, avg 42/batch = 8% of 512, 3264 evals/s, 243 msg/s, 13.4 leaves/msg, 1103s)
2026-08-05 04:44:55 [iter 16/60] eval vs best: 125/160 games (1105s, cand 79%)
2026-08-05 04:45:08   [GPU] 3,650,011 evals (86243 batches, avg 42/batch = 8% of 512, 3263 evals/s, 243 msg/s, 13.4 leaves/msg, 1118s)
2026-08-05 04:45:22   [GPU] 3,700,000 evals (87501 batches, avg 42/batch = 8% of 512, 3266 evals/s, 244 msg/s, 13.4 leaves/msg, 1133s)
2026-08-05 04:45:32 [iter 16/60] eval vs best: 130/160 games (1143s, cand 79%)
2026-08-05 04:45:37   [GPU] 3,750,023 evals (88813 batches, avg 42/batch = 8% of 512, 3267 evals/s, 244 msg/s, 13.4 leaves/msg, 1148s)
2026-08-05 04:45:52   [GPU] 3,800,028 evals (90063 batches, avg 42/batch = 8% of 512, 3270 evals/s, 244 msg/s, 13.4 leaves/msg, 1162s)
2026-08-05 04:46:04   [GPU] 3,850,019 evals (91195 batches, avg 42/batch = 8% of 512, 3277 evals/s, 244 msg/s, 13.4 leaves/msg, 1175s)
2026-08-05 04:46:18   [GPU] 3,900,031 evals (92389 batches, avg 42/batch = 8% of 512, 3281 evals/s, 244 msg/s, 13.4 leaves/msg, 1189s)
2026-08-05 04:46:20 [iter 16/60] eval vs best: 135/160 games (1191s, cand 80%)
2026-08-05 04:46:32   [GPU] 3,950,022 evals (93665 batches, avg 42/batch = 8% of 512, 3284 evals/s, 244 msg/s, 13.4 leaves/msg, 1203s)
2026-08-05 04:46:47   [GPU] 4,000,016 evals (94961 batches, avg 42/batch = 8% of 512, 3285 evals/s, 244 msg/s, 13.4 leaves/msg, 1218s)
2026-08-05 04:47:01   [GPU] 4,050,000 evals (96202 batches, avg 42/batch = 8% of 512, 3287 evals/s, 245 msg/s, 13.4 leaves/msg, 1232s)
2026-08-05 04:47:15 [iter 16/60] eval vs best: 140/160 games (1246s, cand 80%)
2026-08-05 04:47:17   [GPU] 4,100,005 evals (97399 batches, avg 42/batch = 8% of 512, 3288 evals/s, 245 msg/s, 13.4 leaves/msg, 1247s)
2026-08-05 04:47:36   [GPU] 4,150,029 evals (98771 batches, avg 42/batch = 8% of 512, 3277 evals/s, 244 msg/s, 13.4 leaves/msg, 1267s)
2026-08-05 04:47:37 [iter 16/60] eval vs best: 145/160 games (1268s, cand 76%)
2026-08-05 04:47:59   [GPU] 4,200,012 evals (100323 batches, avg 42/batch = 8% of 512, 3257 evals/s, 242 msg/s, 13.4 leaves/msg, 1290s)
2026-08-05 04:48:21   [GPU] 4,250,029 evals (101888 batches, avg 42/batch = 8% of 512, 3240 evals/s, 241 msg/s, 13.4 leaves/msg, 1312s)
2026-08-05 04:48:43   [GPU] 4,300,008 evals (103424 batches, avg 42/batch = 8% of 512, 3224 evals/s, 240 msg/s, 13.4 leaves/msg, 1334s)
2026-08-05 04:48:57 [iter 16/60] eval vs best: 150/160 games (1348s, cand 76%)
2026-08-05 04:49:08   [GPU] 4,350,017 evals (105147 batches, avg 41/batch = 8% of 512, 3203 evals/s, 238 msg/s, 13.4 leaves/msg, 1358s)
2026-08-05 04:49:39   [GPU] 4,400,012 evals (107210 batches, avg 41/batch = 8% of 512, 3167 evals/s, 236 msg/s, 13.4 leaves/msg, 1389s)
2026-08-05 04:50:12 [iter 16/60] eval vs best: 155/160 games (1423s, cand 76%)
2026-08-05 04:50:17   [GPU] 4,450,015 evals (109551 batches, avg 41/batch = 8% of 512, 3117 evals/s, 232 msg/s, 13.4 leaves/msg, 1428s)
2026-08-05 04:50:56   [GPU] 4,500,004 evals (111928 batches, avg 40/batch = 8% of 512, 3069 evals/s, 228 msg/s, 13.4 leaves/msg, 1466s)
2026-08-05 04:51:41   [GPU] 4,550,022 evals (114494 batches, avg 40/batch = 8% of 512, 3009 evals/s, 224 msg/s, 13.5 leaves/msg, 1512s)
2026-08-05 04:52:46 [iter 16/60] eval vs best: 160/160 games (1576s, cand 76%)
2026-08-05 04:52:46 [iter 16/60] eval vs best done: 76.2% of 21 decided reject (only 21/160 games decided — too few to gate on) (1577s)
2026-08-05 04:52:46 [iter 16/60] eval vs random (40 games, 200 sims)...
2026-08-05 04:52:46 [EVAL-MP] 8 workers spawned (40 vs_random games, sims=200), GPU batcher starting...
2026-08-05 04:52:54 [iter 16/60] eval vs random: 5/40 games (8s, cand 100%)
2026-08-05 04:53:02 [iter 16/60] eval vs random: 10/40 games (16s, cand 100%)
2026-08-05 04:53:04   [GPU] 50,039 evals (1281 batches, avg 39/batch = 8% of 512, 2904 evals/s, 215 msg/s, 13.5 leaves/msg, 17s)
2026-08-05 04:53:17   [GPU] 100,023 evals (2438 batches, avg 41/batch = 8% of 512, 3267 evals/s, 240 msg/s, 13.6 leaves/msg, 31s)
2026-08-05 04:53:17 [iter 16/60] eval vs random: 15/40 games (31s, cand 100%)
2026-08-05 04:53:28 [iter 16/60] eval vs random: 20/40 games (41s, cand 100%)
2026-08-05 04:53:32   [GPU] 150,039 evals (3739 batches, avg 40/batch = 8% of 512, 3289 evals/s, 242 msg/s, 13.6 leaves/msg, 46s)
2026-08-05 04:53:46   [GPU] 200,038 evals (4985 batches, avg 40/batch = 8% of 512, 3353 evals/s, 247 msg/s, 13.6 leaves/msg, 60s)
2026-08-05 04:53:48 [iter 16/60] eval vs random: 25/40 games (61s, cand 100%)
2026-08-05 04:54:00 [iter 16/60] eval vs random: 30/40 games (74s, cand 100%)
2026-08-05 04:54:05   [GPU] 250,037 evals (6531 batches, avg 38/batch = 7% of 512, 3179 evals/s, 234 msg/s, 13.6 leaves/msg, 79s)
2026-08-05 04:54:20 [iter 16/60] eval vs random: 35/40 games (93s, cand 100%)
2026-08-05 04:54:44   [GPU] 300,014 evals (8993 batches, avg 33/batch = 7% of 512, 2544 evals/s, 186 msg/s, 13.7 leaves/msg, 118s)
2026-08-05 04:55:01 [iter 16/60] eval vs random: 40/40 games (134s, cand 100%)
2026-08-05 04:55:01 [iter 16/60] eval vs random done: 100.0% (135s)
2026-08-05 04:55:01 [iter 16/60] eval vs greedy (40 games, 200 sims)...
2026-08-05 04:55:01 [EVAL-MP] 8 workers spawned (40 vs_greedy games, sims=200), GPU batcher starting...
2026-08-05 04:55:11 [iter 16/60] eval vs greedy: 5/40 games (10s, cand 80%)
2026-08-05 04:55:14 [iter 16/60] eval vs greedy: 10/40 games (13s, cand 60%)
2026-08-05 04:55:17 [iter 16/60] eval vs greedy: 15/40 games (16s, cand 60%)
2026-08-05 04:55:17   [GPU] 50,054 evals (1221 batches, avg 41/batch = 8% of 512, 3081 evals/s, 233 msg/s, 13.2 leaves/msg, 16s)
2026-08-05 04:55:20 [iter 16/60] eval vs greedy: 20/40 games (19s, cand 55%)
2026-08-05 04:55:25 [iter 16/60] eval vs greedy: 25/40 games (24s, cand 56%)
2026-08-05 04:55:28 [iter 16/60] eval vs greedy: 30/40 games (27s, cand 57%)
2026-08-05 04:55:32   [GPU] 100,005 evals (2510 batches, avg 40/batch = 8% of 512, 3214 evals/s, 245 msg/s, 13.1 leaves/msg, 31s)
2026-08-05 04:55:34 [iter 16/60] eval vs greedy: 35/40 games (33s, cand 54%)
2026-08-05 04:55:43 [iter 16/60] eval vs greedy: 40/40 games (42s, cand 48%)
2026-08-05 04:55:44 [iter 16/60] eval vs greedy done: 47.5% of 40 decided [seat0:19/20 seat1:0/20] (43s)
2026-08-05 04:55:44 [iter 16/60] eval vs minimax (depth 2, 40 games)...
2026-08-05 04:55:44 [EVAL-MP] 8 workers spawned (40 vs_minimax games, sims=200), GPU batcher starting...
2026-08-05 04:56:00   [GPU] 50,000 evals (1240 batches, avg 40/batch = 8% of 512, 2994 evals/s, 220 msg/s, 13.6 leaves/msg, 17s)
2026-08-05 04:56:08 [iter 16/60] eval vs minimax: 5/40 games (0%)
2026-08-05 04:56:14   [GPU] 100,010 evals (2451 batches, avg 41/batch = 8% of 512, 3287 evals/s, 244 msg/s, 13.5 leaves/msg, 30s)
2026-08-05 04:56:21 [iter 16/60] eval vs minimax: 10/40 games (0%)
2026-08-05 04:56:29   [GPU] 150,047 evals (3793 batches, avg 40/batch = 8% of 512, 3290 evals/s, 250 msg/s, 13.2 leaves/msg, 46s)
2026-08-05 04:56:33 [iter 16/60] eval vs minimax: 15/40 games (10%)
2026-08-05 04:56:42   [GPU] 200,002 evals (4941 batches, avg 40/batch = 8% of 512, 3410 evals/s, 258 msg/s, 13.2 leaves/msg, 59s)
2026-08-05 04:56:44 [iter 16/60] eval vs minimax: 20/40 games (7%)
2026-08-05 04:56:51 [iter 16/60] eval vs minimax: 25/40 games (6%)
2026-08-05 04:56:56   [GPU] 250,029 evals (6192 batches, avg 40/batch = 8% of 512, 3441 evals/s, 262 msg/s, 13.1 leaves/msg, 73s)
2026-08-05 04:57:02 [iter 16/60] eval vs minimax: 30/40 games (5%)
2026-08-05 04:57:12 [iter 16/60] eval vs minimax: 35/40 games (4%)
2026-08-05 04:57:16   [GPU] 300,007 evals (7808 batches, avg 38/batch = 8% of 512, 3237 evals/s, 247 msg/s, 13.1 leaves/msg, 93s)
2026-08-05 04:58:04 [iter 16/60] eval vs minimax: 40/40 games (4%)
2026-08-05 04:58:05 [iter 16/60] eval vs minimax done: 3.7% of 27 decided [seat0:0/20 seat1:1/20] (141s)
2026-08-05 04:58:05 >>> iter 16 | loss_p=1.144 loss_v=0.184 | vs_best=76.2% reject | vs_rand=100.0% | draw=20% | buf=25850 | rss=2.69GB | sp=388s train=11s eval_best=1577s eval_rand=135s | total=2299s
2026-08-05 04:58:05 [iter 17/60] self-play starting (40 games, 600 sims, MIXED 20/40 race-only)...
2026-08-05 04:58:05 [PARALLEL-MP] 8 workers spawned (40 games, sims=600), GPU batcher starting...
2026-08-05 04:58:18   [GPU] 50,028 evals (980 batches, avg 51/batch = 10% of 512, 3912 evals/s, 301 msg/s, 13.0 leaves/msg, 13s)
2026-08-05 04:58:20 [iter 17/60] self-play: 5/40 games...
2026-08-05 04:58:28   [GPU] 100,004 evals (2080 batches, avg 48/batch = 9% of 512, 4260 evals/s, 334 msg/s, 12.8 leaves/msg, 23s)
2026-08-05 04:58:32 [iter 17/60] self-play: 10/40 games...
2026-08-05 04:58:41   [GPU] 150,006 evals (3370 batches, avg 45/batch = 9% of 512, 4119 evals/s, 316 msg/s, 13.0 leaves/msg, 36s)
2026-08-05 04:58:55   [GPU] 200,012 evals (4679 batches, avg 43/batch = 8% of 512, 4019 evals/s, 300 msg/s, 13.4 leaves/msg, 50s)
2026-08-05 04:59:07   [GPU] 250,016 evals (5912 batches, avg 42/batch = 8% of 512, 4035 evals/s, 296 msg/s, 13.6 leaves/msg, 62s)
2026-08-05 04:59:11 [iter 17/60] self-play: 15/40 games...
2026-08-05 04:59:18   [GPU] 300,015 evals (7090 batches, avg 42/batch = 8% of 512, 4091 evals/s, 301 msg/s, 13.6 leaves/msg, 73s)
2026-08-05 04:59:28 [iter 17/60] self-play: 20/40 games...
2026-08-05 04:59:31   [GPU] 350,022 evals (8331 batches, avg 42/batch = 8% of 512, 4081 evals/s, 299 msg/s, 13.6 leaves/msg, 86s)
2026-08-05 04:59:45   [GPU] 400,029 evals (9720 batches, avg 41/batch = 8% of 512, 4005 evals/s, 294 msg/s, 13.6 leaves/msg, 100s)
2026-08-05 04:59:58   [GPU] 450,028 evals (11018 batches, avg 41/batch = 8% of 512, 3988 evals/s, 292 msg/s, 13.6 leaves/msg, 113s)
2026-08-05 05:00:05 [iter 17/60] self-play: 25/40 games...
2026-08-05 05:00:12   [GPU] 500,014 evals (12389 batches, avg 40/batch = 8% of 512, 3935 evals/s, 287 msg/s, 13.7 leaves/msg, 127s)
2026-08-05 05:00:26   [GPU] 550,042 evals (13762 batches, avg 40/batch = 8% of 512, 3888 evals/s, 281 msg/s, 13.8 leaves/msg, 141s)
2026-08-05 05:00:40   [GPU] 600,022 evals (15103 batches, avg 40/batch = 8% of 512, 3861 evals/s, 277 msg/s, 13.9 leaves/msg, 155s)
2026-08-05 05:00:55   [GPU] 650,058 evals (16435 batches, avg 40/batch = 8% of 512, 3834 evals/s, 274 msg/s, 14.0 leaves/msg, 170s)
2026-08-05 05:01:08   [GPU] 700,008 evals (17741 batches, avg 39/batch = 8% of 512, 3817 evals/s, 271 msg/s, 14.1 leaves/msg, 183s)
2026-08-05 05:01:21   [GPU] 750,061 evals (18964 batches, avg 40/batch = 8% of 512, 3834 evals/s, 272 msg/s, 14.1 leaves/msg, 196s)
2026-08-05 05:01:33   [GPU] 800,039 evals (20196 batches, avg 40/batch = 8% of 512, 3845 evals/s, 272 msg/s, 14.1 leaves/msg, 208s)
2026-08-05 05:01:44   [GPU] 850,017 evals (21374 batches, avg 40/batch = 8% of 512, 3875 evals/s, 274 msg/s, 14.1 leaves/msg, 219s)
2026-08-05 05:01:52 [iter 17/60] self-play: 30/40 games...
2026-08-05 05:01:57   [GPU] 900,036 evals (22656 batches, avg 40/batch = 8% of 512, 3883 evals/s, 274 msg/s, 14.2 leaves/msg, 232s)
2026-08-05 05:02:09 [iter 17/60] self-play: 35/40 games...
2026-08-05 05:02:11   [GPU] 950,042 evals (24076 batches, avg 39/batch = 8% of 512, 3857 evals/s, 273 msg/s, 14.2 leaves/msg, 246s)
2026-08-05 05:02:32   [GPU] 1,000,033 evals (25815 batches, avg 39/batch = 8% of 512, 3744 evals/s, 264 msg/s, 14.2 leaves/msg, 267s)
2026-08-05 05:02:53   [GPU] 1,050,023 evals (27627 batches, avg 38/batch = 7% of 512, 3643 evals/s, 256 msg/s, 14.2 leaves/msg, 288s)
2026-08-05 05:03:22   [GPU] 1,100,013 evals (29642 batches, avg 37/batch = 7% of 512, 3464 evals/s, 243 msg/s, 14.3 leaves/msg, 318s)
2026-08-05 05:04:48   [GPU] 1,150,013 evals (32783 batches, avg 35/batch = 7% of 512, 2853 evals/s, 200 msg/s, 14.2 leaves/msg, 403s)
2026-08-05 05:05:35 [iter 17/60] self-play: 40/40 games...
2026-08-05 05:05:35 [iter 17/60] self-play done: 40 games (450s) | wins: P0=9, P1=23, draw=8 | draw_rate=20% avg_len~21
2026-08-05 05:05:35 [iter 17/60] training (600 steps, lr=8.51e-04)...
2026-08-05 05:05:44 [iter 17/60] training done: loss_p=1.134 loss_v=0.178 (9s)
2026-08-05 05:05:45 [iter 17/60] data: policy_wall_mass=0.131 walled_states=60% walls_on_board=9.1 value_mae walled=0.123 free=0.208
2026-08-05 05:05:45 [iter 17/60] eval skipped (eval_every=4)
2026-08-05 05:05:45 >>> iter 17 | loss_p=1.134 loss_v=0.178 | vs_best=n/a (not evaluated) | vs_rand=n/a | draw=20% | buf=27494 | rss=2.71GB | sp=450s train=9s eval_best=0s eval_rand=0s | total=460s
2026-08-05 05:05:45 [iter 18/60] self-play starting (40 games, 600 sims, MIXED 20/40 race-only)...
2026-08-05 05:05:45 [PARALLEL-MP] 8 workers spawned (40 games, sims=600), GPU batcher starting...
2026-08-05 05:05:57   [GPU] 50,061 evals (992 batches, avg 50/batch = 10% of 512, 4259 evals/s, 363 msg/s, 11.7 leaves/msg, 12s)
2026-08-05 05:06:00 [iter 18/60] self-play: 5/40 games...
2026-08-05 05:06:08   [GPU] 100,029 evals (2095 batches, avg 48/batch = 9% of 512, 4441 evals/s, 355 msg/s, 12.5 leaves/msg, 23s)
2026-08-05 05:06:16 [iter 18/60] self-play: 10/40 games...
2026-08-05 05:06:20   [GPU] 150,015 evals (3259 batches, avg 46/batch = 9% of 512, 4392 evals/s, 349 msg/s, 12.6 leaves/msg, 34s)
2026-08-05 05:06:36   [GPU] 200,021 evals (4738 batches, avg 42/batch = 8% of 512, 3949 evals/s, 301 msg/s, 13.1 leaves/msg, 51s)
2026-08-05 05:06:51   [GPU] 250,002 evals (6112 batches, avg 41/batch = 8% of 512, 3840 evals/s, 286 msg/s, 13.4 leaves/msg, 65s)
2026-08-05 05:07:03   [GPU] 300,019 evals (7370 batches, avg 41/batch = 8% of 512, 3876 evals/s, 284 msg/s, 13.7 leaves/msg, 77s)
2026-08-05 05:07:13   [GPU] 350,023 evals (8476 batches, avg 41/batch = 8% of 512, 3982 evals/s, 288 msg/s, 13.8 leaves/msg, 88s)
2026-08-05 05:07:24   [GPU] 400,046 evals (9559 batches, avg 42/batch = 8% of 512, 4076 evals/s, 293 msg/s, 13.9 leaves/msg, 98s)
2026-08-05 05:07:34   [GPU] 450,043 evals (10627 batches, avg 42/batch = 8% of 512, 4161 evals/s, 297 msg/s, 14.0 leaves/msg, 108s)
2026-08-05 05:07:43   [GPU] 500,050 evals (11695 batches, avg 43/batch = 8% of 512, 4240 evals/s, 302 msg/s, 14.1 leaves/msg, 118s)
2026-08-05 05:07:53   [GPU] 550,007 evals (12742 batches, avg 43/batch = 8% of 512, 4307 evals/s, 306 msg/s, 14.1 leaves/msg, 128s)
2026-08-05 05:08:04   [GPU] 600,030 evals (13769 batches, avg 44/batch = 9% of 512, 4320 evals/s, 306 msg/s, 14.1 leaves/msg, 139s)
2026-08-05 05:08:16   [GPU] 650,027 evals (14802 batches, avg 44/batch = 9% of 512, 4326 evals/s, 307 msg/s, 14.1 leaves/msg, 150s)
2026-08-05 05:08:19 [iter 18/60] self-play: 15/40 games...
2026-08-05 05:08:27   [GPU] 700,022 evals (15836 batches, avg 44/batch = 9% of 512, 4330 evals/s, 307 msg/s, 14.1 leaves/msg, 162s)
2026-08-05 05:08:39   [GPU] 750,023 evals (16880 batches, avg 44/batch = 9% of 512, 4327 evals/s, 307 msg/s, 14.1 leaves/msg, 173s)
2026-08-05 05:08:42 [iter 18/60] self-play: 20/40 games...
2026-08-05 05:08:52   [GPU] 800,020 evals (18086 batches, avg 44/batch = 9% of 512, 4283 evals/s, 304 msg/s, 14.1 leaves/msg, 187s)
2026-08-05 05:09:02 [iter 18/60] self-play: 25/40 games...
2026-08-05 05:09:06   [GPU] 850,041 evals (19303 batches, avg 44/batch = 9% of 512, 4234 evals/s, 301 msg/s, 14.1 leaves/msg, 201s)
2026-08-05 05:09:21   [GPU] 900,004 evals (20600 batches, avg 44/batch = 9% of 512, 4172 evals/s, 297 msg/s, 14.1 leaves/msg, 216s)
2026-08-05 05:09:34   [GPU] 950,044 evals (21771 batches, avg 44/batch = 9% of 512, 4152 evals/s, 295 msg/s, 14.1 leaves/msg, 229s)
2026-08-05 05:09:37 [iter 18/60] self-play: 30/40 games...
2026-08-05 05:09:49   [GPU] 1,000,035 evals (23049 batches, avg 43/batch = 8% of 512, 4110 evals/s, 292 msg/s, 14.1 leaves/msg, 243s)
2026-08-05 05:10:03   [GPU] 1,050,035 evals (24316 batches, avg 43/batch = 8% of 512, 4073 evals/s, 289 msg/s, 14.1 leaves/msg, 258s)
2026-08-05 05:10:17   [GPU] 1,100,044 evals (25514 batches, avg 43/batch = 8% of 512, 4052 evals/s, 286 msg/s, 14.2 leaves/msg, 271s)
2026-08-05 05:10:30   [GPU] 1,150,011 evals (26719 batches, avg 43/batch = 8% of 512, 4038 evals/s, 285 msg/s, 14.2 leaves/msg, 285s)
2026-08-05 05:10:47   [GPU] 1,200,014 evals (28129 batches, avg 43/batch = 8% of 512, 3982 evals/s, 280 msg/s, 14.2 leaves/msg, 301s)
2026-08-05 05:11:03   [GPU] 1,250,045 evals (29530 batches, avg 42/batch = 8% of 512, 3934 evals/s, 276 msg/s, 14.2 leaves/msg, 318s)
2026-08-05 05:11:19   [GPU] 1,300,011 evals (30934 batches, avg 42/batch = 8% of 512, 3892 evals/s, 273 msg/s, 14.3 leaves/msg, 334s)
2026-08-05 05:11:21 [iter 18/60] self-play: 35/40 games...
2026-08-05 05:11:41   [GPU] 1,350,011 evals (32617 batches, avg 41/batch = 8% of 512, 3796 evals/s, 266 msg/s, 14.3 leaves/msg, 356s)
2026-08-05 05:12:21   [GPU] 1,400,006 evals (34944 batches, avg 40/batch = 8% of 512, 3541 evals/s, 247 msg/s, 14.3 leaves/msg, 395s)
2026-08-05 05:13:04   [GPU] 1,450,007 evals (37331 batches, avg 39/batch = 8% of 512, 3303 evals/s, 230 msg/s, 14.3 leaves/msg, 439s)
2026-08-05 05:14:44 [iter 18/60] self-play: 40/40 games...
2026-08-05 05:14:45 [iter 18/60] self-play done: 40 games (540s) | wins: P0=5, P1=22, draw=13 | draw_rate=32% avg_len~14
2026-08-05 05:14:45 [iter 18/60] WARNING: draw_rate 32% > 20% — games timing out at max_game_moves=160 (weak value signal).
2026-08-05 05:14:45 [iter 18/60] training (600 steps, lr=8.33e-04)...
2026-08-05 05:14:57 [iter 18/60] training done: loss_p=1.114 loss_v=0.176 (12s)
2026-08-05 05:15:01 [iter 18/60] data: policy_wall_mass=0.094 walled_states=34% walls_on_board=6.3 value_mae walled=0.199 free=0.219
2026-08-05 05:15:01 [iter 18/60] eval skipped (eval_every=4)
2026-08-05 05:15:01 >>> iter 18 | loss_p=1.114 loss_v=0.176 | vs_best=n/a (not evaluated) | vs_rand=n/a | draw=32% | buf=28600 | rss=2.73GB | sp=540s train=12s eval_best=0s eval_rand=0s | total=556s
2026-08-05 05:15:01 [iter 19/60] self-play starting (40 games, 600 sims, MIXED 20/40 race-only)...
2026-08-05 05:15:01 [PARALLEL-MP] 8 workers spawned (40 games, sims=600), GPU batcher starting...
2026-08-05 05:15:15   [GPU] 50,025 evals (989 batches, avg 51/batch = 10% of 512, 3704 evals/s, 291 msg/s, 12.7 leaves/msg, 14s)
2026-08-05 05:15:19 [iter 19/60] self-play: 5/40 games...
2026-08-05 05:15:28   [GPU] 100,063 evals (2167 batches, avg 46/batch = 9% of 512, 3708 evals/s, 298 msg/s, 12.5 leaves/msg, 27s)
2026-08-05 05:15:37 [iter 19/60] self-play: 10/40 games...
2026-08-05 05:15:44   [GPU] 150,022 evals (3470 batches, avg 43/batch = 8% of 512, 3571 evals/s, 279 msg/s, 12.8 leaves/msg, 42s)
2026-08-05 05:16:01   [GPU] 200,007 evals (4872 batches, avg 41/batch = 8% of 512, 3371 evals/s, 253 msg/s, 13.3 leaves/msg, 59s)
2026-08-05 05:16:17   [GPU] 250,022 evals (6230 batches, avg 40/batch = 8% of 512, 3325 evals/s, 248 msg/s, 13.4 leaves/msg, 75s)
2026-08-05 05:16:18 [iter 19/60] self-play: 15/40 games...
2026-08-05 05:16:33   [GPU] 300,004 evals (7604 batches, avg 39/batch = 8% of 512, 3274 evals/s, 241 msg/s, 13.6 leaves/msg, 92s)
2026-08-05 05:16:48   [GPU] 350,014 evals (8866 batches, avg 39/batch = 8% of 512, 3291 evals/s, 241 msg/s, 13.7 leaves/msg, 106s)
2026-08-05 05:17:04   [GPU] 400,057 evals (10273 batches, avg 39/batch = 8% of 512, 3253 evals/s, 238 msg/s, 13.7 leaves/msg, 123s)
2026-08-05 05:17:21   [GPU] 450,009 evals (11639 batches, avg 39/batch = 8% of 512, 3229 evals/s, 234 msg/s, 13.8 leaves/msg, 139s)
2026-08-05 05:17:37   [GPU] 500,000 evals (12989 batches, avg 38/batch = 8% of 512, 3222 evals/s, 232 msg/s, 13.9 leaves/msg, 155s)
2026-08-05 05:17:44 [iter 19/60] self-play: 20/40 games...
2026-08-05 05:17:52   [GPU] 550,021 evals (14290 batches, avg 38/batch = 8% of 512, 3235 evals/s, 233 msg/s, 13.9 leaves/msg, 170s)
2026-08-05 05:18:06   [GPU] 600,003 evals (15585 batches, avg 38/batch = 8% of 512, 3246 evals/s, 236 msg/s, 13.7 leaves/msg, 185s)
2026-08-05 05:18:17 [iter 19/60] self-play: 25/40 games...
2026-08-05 05:18:22   [GPU] 650,046 evals (16917 batches, avg 38/batch = 8% of 512, 3248 evals/s, 238 msg/s, 13.7 leaves/msg, 200s)
2026-08-05 05:18:38   [GPU] 700,007 evals (18315 batches, avg 38/batch = 7% of 512, 3235 evals/s, 236 msg/s, 13.7 leaves/msg, 216s)
2026-08-05 05:18:54   [GPU] 750,023 evals (19695 batches, avg 38/batch = 7% of 512, 3225 evals/s, 235 msg/s, 13.7 leaves/msg, 233s)
2026-08-05 05:19:09   [GPU] 800,011 evals (21054 batches, avg 38/batch = 7% of 512, 3226 evals/s, 235 msg/s, 13.7 leaves/msg, 248s)
2026-08-05 05:19:22   [GPU] 850,019 evals (22283 batches, avg 38/batch = 7% of 512, 3260 evals/s, 238 msg/s, 13.7 leaves/msg, 261s)
2026-08-05 05:19:33   [GPU] 900,018 evals (23390 batches, avg 38/batch = 8% of 512, 3318 evals/s, 242 msg/s, 13.7 leaves/msg, 271s)
2026-08-05 05:19:36 [iter 19/60] self-play: 30/40 games...
2026-08-05 05:19:47   [GPU] 950,008 evals (24762 batches, avg 38/batch = 7% of 512, 3328 evals/s, 243 msg/s, 13.7 leaves/msg, 285s)
2026-08-05 05:19:49 [iter 19/60] self-play: 35/40 games...
2026-08-05 05:20:22   [GPU] 1,000,000 evals (26936 batches, avg 37/batch = 7% of 512, 3125 evals/s, 227 msg/s, 13.8 leaves/msg, 320s)
2026-08-05 05:21:06   [GPU] 1,050,007 evals (29420 batches, avg 36/batch = 7% of 512, 2877 evals/s, 208 msg/s, 13.8 leaves/msg, 365s)
2026-08-05 05:22:00   [GPU] 1,100,014 evals (32314 batches, avg 34/batch = 7% of 512, 2626 evals/s, 191 msg/s, 13.8 leaves/msg, 419s)
2026-08-05 05:22:54   [GPU] 1,150,005 evals (35219 batches, avg 33/batch = 6% of 512, 2433 evals/s, 177 msg/s, 13.7 leaves/msg, 473s)
2026-08-05 05:23:54   [GPU] 1,200,001 evals (38449 batches, avg 31/batch = 6% of 512, 2254 evals/s, 165 msg/s, 13.7 leaves/msg, 532s)
2026-08-05 05:24:46 [iter 19/60] self-play: 40/40 games...
2026-08-05 05:24:47 [iter 19/60] self-play done: 40 games (585s) | wins: P0=6, P1=25, draw=9 | draw_rate=22% avg_len~18
2026-08-05 05:24:47 [iter 19/60] WARNING: draw_rate 22% > 20% — games timing out at max_game_moves=160 (weak value signal).
2026-08-05 05:24:47 [iter 19/60] training (600 steps, lr=8.15e-04)...
2026-08-05 05:24:56 [iter 19/60] training done: loss_p=1.107 loss_v=0.172 (10s)
2026-08-05 05:24:58 [iter 19/60] data: policy_wall_mass=0.126 walled_states=51% walls_on_board=8.4 value_mae walled=0.116 free=0.187
2026-08-05 05:24:58 [iter 19/60] eval skipped (eval_every=4)
2026-08-05 05:24:58 >>> iter 19 | loss_p=1.107 loss_v=0.172 | vs_best=n/a (not evaluated) | vs_rand=n/a | draw=22% | buf=30068 | rss=2.75GB | sp=585s train=10s eval_best=0s eval_rand=0s | total=596s
2026-08-05 05:24:58 [iter 20/60] self-play starting (40 games, 600 sims, MIXED 20/40 race-only)...
2026-08-05 05:24:58 [PARALLEL-MP] 8 workers spawned (40 games, sims=600), GPU batcher starting...
2026-08-05 05:25:09   [GPU] 50,012 evals (953 batches, avg 52/batch = 10% of 512, 4385 evals/s, 355 msg/s, 12.4 leaves/msg, 11s)
2026-08-05 05:25:11 [iter 20/60] self-play: 5/40 games...
2026-08-05 05:25:20   [GPU] 100,033 evals (2060 batches, avg 49/batch = 9% of 512, 4487 evals/s, 357 msg/s, 12.6 leaves/msg, 22s)
2026-08-05 05:25:25 [iter 20/60] self-play: 10/40 games...
2026-08-05 05:25:33   [GPU] 150,007 evals (3327 batches, avg 45/batch = 9% of 512, 4306 evals/s, 334 msg/s, 12.9 leaves/msg, 35s)
2026-08-05 05:25:47   [GPU] 200,000 evals (4680 batches, avg 43/batch = 8% of 512, 4064 evals/s, 305 msg/s, 13.3 leaves/msg, 49s)
2026-08-05 05:26:01   [GPU] 250,025 evals (6048 batches, avg 41/batch = 8% of 512, 3936 evals/s, 289 msg/s, 13.6 leaves/msg, 64s)
2026-08-05 05:26:14   [GPU] 300,002 evals (7337 batches, avg 41/batch = 8% of 512, 3925 evals/s, 284 msg/s, 13.8 leaves/msg, 76s)
2026-08-05 05:26:27   [GPU] 350,016 evals (8626 batches, avg 41/batch = 8% of 512, 3926 evals/s, 283 msg/s, 13.9 leaves/msg, 89s)
2026-08-05 05:26:40   [GPU] 400,040 evals (9887 batches, avg 40/batch = 8% of 512, 3930 evals/s, 280 msg/s, 14.0 leaves/msg, 102s)
2026-08-05 05:26:52   [GPU] 450,003 evals (11143 batches, avg 40/batch = 8% of 512, 3933 evals/s, 279 msg/s, 14.1 leaves/msg, 114s)
2026-08-05 05:27:05   [GPU] 500,010 evals (12383 batches, avg 40/batch = 8% of 512, 3937 evals/s, 277 msg/s, 14.2 leaves/msg, 127s)
2026-08-05 05:27:17   [GPU] 550,015 evals (13624 batches, avg 40/batch = 8% of 512, 3947 evals/s, 277 msg/s, 14.3 leaves/msg, 139s)
2026-08-05 05:27:29   [GPU] 600,032 evals (14804 batches, avg 41/batch = 8% of 512, 3977 evals/s, 278 msg/s, 14.3 leaves/msg, 151s)
2026-08-05 05:27:40   [GPU] 650,021 evals (15985 batches, avg 41/batch = 8% of 512, 4005 evals/s, 279 msg/s, 14.4 leaves/msg, 162s)
2026-08-05 05:27:48 [iter 20/60] self-play: 15/40 games...
2026-08-05 05:27:51   [GPU] 700,000 evals (17132 batches, avg 41/batch = 8% of 512, 4031 evals/s, 281 msg/s, 14.3 leaves/msg, 174s)
2026-08-05 05:28:03   [GPU] 750,003 evals (18333 batches, avg 41/batch = 8% of 512, 4042 evals/s, 282 msg/s, 14.3 leaves/msg, 186s)
2026-08-05 05:28:15   [GPU] 800,034 evals (19517 batches, avg 41/batch = 8% of 512, 4059 evals/s, 284 msg/s, 14.3 leaves/msg, 197s)
2026-08-05 05:28:16 [iter 20/60] self-play: 20/40 games...
2026-08-05 05:28:28   [GPU] 850,024 evals (20864 batches, avg 41/batch = 8% of 512, 4038 evals/s, 284 msg/s, 14.2 leaves/msg, 210s)
2026-08-05 05:28:40 [iter 20/60] self-play: 25/40 games...
2026-08-05 05:28:42   [GPU] 900,011 evals (22193 batches, avg 41/batch = 8% of 512, 4013 evals/s, 282 msg/s, 14.2 leaves/msg, 224s)
2026-08-05 05:28:54   [GPU] 950,008 evals (23373 batches, avg 41/batch = 8% of 512, 4024 evals/s, 283 msg/s, 14.2 leaves/msg, 236s)
2026-08-05 05:29:04 [iter 20/60] self-play: 30/40 games...
2026-08-05 05:29:07   [GPU] 1,000,022 evals (24690 batches, avg 41/batch = 8% of 512, 4010 evals/s, 282 msg/s, 14.2 leaves/msg, 249s)
2026-08-05 05:29:24   [GPU] 1,050,031 evals (26083 batches, avg 40/batch = 8% of 512, 3944 evals/s, 277 msg/s, 14.2 leaves/msg, 266s)
2026-08-05 05:29:44   [GPU] 1,100,022 evals (27635 batches, avg 40/batch = 8% of 512, 3844 evals/s, 269 msg/s, 14.3 leaves/msg, 286s)
2026-08-05 05:30:04   [GPU] 1,150,006 evals (29237 batches, avg 39/batch = 8% of 512, 3755 evals/s, 263 msg/s, 14.3 leaves/msg, 306s)
2026-08-05 05:30:24   [GPU] 1,200,021 evals (30799 batches, avg 39/batch = 8% of 512, 3683 evals/s, 257 msg/s, 14.3 leaves/msg, 326s)
2026-08-05 05:30:34 [iter 20/60] self-play: 35/40 games...
2026-08-05 05:30:45   [GPU] 1,250,008 evals (32471 batches, avg 38/batch = 8% of 512, 3595 evals/s, 250 msg/s, 14.4 leaves/msg, 348s)
2026-08-05 05:31:10   [GPU] 1,300,022 evals (34295 batches, avg 38/batch = 7% of 512, 3491 evals/s, 243 msg/s, 14.4 leaves/msg, 372s)
2026-08-05 05:31:34   [GPU] 1,350,011 evals (36006 batches, avg 37/batch = 7% of 512, 3407 evals/s, 237 msg/s, 14.4 leaves/msg, 396s)
2026-08-05 05:32:01   [GPU] 1,400,016 evals (37873 batches, avg 37/batch = 7% of 512, 3306 evals/s, 229 msg/s, 14.4 leaves/msg, 423s)
2026-08-05 05:33:12   [GPU] 1,450,000 evals (40805 batches, avg 36/batch = 7% of 512, 2935 evals/s, 203 msg/s, 14.4 leaves/msg, 494s)
2026-08-05 05:33:45 [iter 20/60] self-play: 40/40 games...
2026-08-05 05:33:45 [iter 20/60] self-play done: 40 games (527s) | wins: P0=4, P1=23, draw=13 | draw_rate=32% avg_len~12
2026-08-05 05:33:45 [iter 20/60] WARNING: draw_rate 32% > 20% — games timing out at max_game_moves=160 (weak value signal).
2026-08-05 05:33:45 [iter 20/60] training (600 steps, lr=7.95e-04)...
2026-08-05 05:33:58 [iter 20/60] training done: loss_p=1.090 loss_v=0.169 (13s)
2026-08-05 05:34:02 [iter 20/60] data: policy_wall_mass=0.109 walled_states=34% walls_on_board=4.9 value_mae walled=0.134 free=0.206
2026-08-05 05:34:03 [iter 20/60] eval vs best (160 games, 200 sims)...
2026-08-05 05:34:03 [EVAL-MP] 8 workers spawned (160 vs_best games, sims=200), GPU batcher starting...
2026-08-05 05:34:23   [GPU] 50,008 evals (1210 batches, avg 41/batch = 8% of 512, 2501 evals/s, 176 msg/s, 14.2 leaves/msg, 20s)
2026-08-05 05:34:39   [GPU] 100,031 evals (2338 batches, avg 43/batch = 8% of 512, 2764 evals/s, 199 msg/s, 13.9 leaves/msg, 36s)
2026-08-05 05:34:54   [GPU] 150,026 evals (3439 batches, avg 44/batch = 9% of 512, 2944 evals/s, 214 msg/s, 13.8 leaves/msg, 51s)
2026-08-05 05:35:09   [GPU] 200,036 evals (4512 batches, avg 44/batch = 9% of 512, 3016 evals/s, 220 msg/s, 13.7 leaves/msg, 66s)
2026-08-05 05:35:25   [GPU] 250,042 evals (5641 batches, avg 44/batch = 9% of 512, 3030 evals/s, 221 msg/s, 13.7 leaves/msg, 83s)
2026-08-05 05:35:27 [iter 20/60] eval vs best: 5/160 games (85s, cand 100%)
2026-08-05 05:35:41   [GPU] 300,028 evals (6763 batches, avg 44/batch = 9% of 512, 3038 evals/s, 220 msg/s, 13.8 leaves/msg, 99s)
2026-08-05 05:35:44 [iter 20/60] eval vs best: 10/160 games (102s, cand 100%)
2026-08-05 05:35:57   [GPU] 350,036 evals (7825 batches, avg 45/batch = 9% of 512, 3057 evals/s, 222 msg/s, 13.8 leaves/msg, 114s)
2026-08-05 05:36:12   [GPU] 400,000 evals (8875 batches, avg 45/batch = 9% of 512, 3082 evals/s, 224 msg/s, 13.7 leaves/msg, 130s)
2026-08-05 05:36:27   [GPU] 450,013 evals (9882 batches, avg 46/batch = 9% of 512, 3115 evals/s, 227 msg/s, 13.7 leaves/msg, 144s)
2026-08-05 05:36:42   [GPU] 500,075 evals (10917 batches, avg 46/batch = 9% of 512, 3132 evals/s, 229 msg/s, 13.7 leaves/msg, 160s)
2026-08-05 05:36:43 [iter 20/60] eval vs best: 15/160 games (161s, cand 100%)
2026-08-05 05:36:58   [GPU] 550,019 evals (12004 batches, avg 46/batch = 9% of 512, 3130 evals/s, 228 msg/s, 13.7 leaves/msg, 176s)
2026-08-05 05:37:14   [GPU] 600,073 evals (13042 batches, avg 46/batch = 9% of 512, 3140 evals/s, 229 msg/s, 13.7 leaves/msg, 191s)
2026-08-05 05:37:28   [GPU] 650,009 evals (14051 batches, avg 46/batch = 9% of 512, 3157 evals/s, 230 msg/s, 13.7 leaves/msg, 206s)
2026-08-05 05:37:43   [GPU] 700,005 evals (15047 batches, avg 47/batch = 9% of 512, 3173 evals/s, 231 msg/s, 13.7 leaves/msg, 221s)
2026-08-05 05:37:44 [iter 20/60] eval vs best: 20/160 games (222s, cand 100%)
2026-08-05 05:37:59   [GPU] 750,045 evals (16127 batches, avg 47/batch = 9% of 512, 3175 evals/s, 231 msg/s, 13.7 leaves/msg, 236s)
2026-08-05 05:38:09 [iter 20/60] eval vs best: 25/160 games (246s, cand 100%)
2026-08-05 05:38:16   [GPU] 800,052 evals (17320 batches, avg 46/batch = 9% of 512, 3160 evals/s, 230 msg/s, 13.7 leaves/msg, 253s)
2026-08-05 05:38:32   [GPU] 850,015 evals (18447 batches, avg 46/batch = 9% of 512, 3152 evals/s, 229 msg/s, 13.7 leaves/msg, 270s)
2026-08-05 05:38:37 [iter 20/60] eval vs best: 30/160 games (274s, cand 86%)
2026-08-05 05:38:48   [GPU] 900,037 evals (19567 batches, avg 46/batch = 9% of 512, 3151 evals/s, 229 msg/s, 13.7 leaves/msg, 286s)
2026-08-05 05:39:03   [GPU] 950,012 evals (20623 batches, avg 46/batch = 9% of 512, 3159 evals/s, 230 msg/s, 13.8 leaves/msg, 301s)
2026-08-05 05:39:18   [GPU] 1,000,021 evals (21684 batches, avg 46/batch = 9% of 512, 3167 evals/s, 230 msg/s, 13.8 leaves/msg, 316s)
2026-08-05 05:39:26 [iter 20/60] eval vs best: 35/160 games (323s, cand 86%)
2026-08-05 05:39:34   [GPU] 1,050,038 evals (22766 batches, avg 46/batch = 9% of 512, 3172 evals/s, 231 msg/s, 13.8 leaves/msg, 331s)
2026-08-05 05:39:49   [GPU] 1,100,035 evals (23827 batches, avg 46/batch = 9% of 512, 3180 evals/s, 231 msg/s, 13.8 leaves/msg, 346s)
2026-08-05 05:40:04   [GPU] 1,150,014 evals (24965 batches, avg 46/batch = 9% of 512, 3178 evals/s, 231 msg/s, 13.8 leaves/msg, 362s)
2026-08-05 05:40:13 [iter 20/60] eval vs best: 40/160 games (371s, cand 88%)
2026-08-05 05:40:20   [GPU] 1,200,008 evals (26088 batches, avg 46/batch = 9% of 512, 3177 evals/s, 230 msg/s, 13.8 leaves/msg, 378s)
2026-08-05 05:40:36   [GPU] 1,250,025 evals (27202 batches, avg 46/batch = 9% of 512, 3176 evals/s, 230 msg/s, 13.8 leaves/msg, 394s)
2026-08-05 05:40:51   [GPU] 1,300,003 evals (28338 batches, avg 46/batch = 9% of 512, 3187 evals/s, 231 msg/s, 13.8 leaves/msg, 408s)
2026-08-05 05:41:02 [iter 20/60] eval vs best: 45/160 games (419s, cand 88%)
2026-08-05 05:41:03   [GPU] 1,350,004 evals (29482 batches, avg 46/batch = 9% of 512, 3210 evals/s, 233 msg/s, 13.8 leaves/msg, 421s)
2026-08-05 05:41:17   [GPU] 1,400,003 evals (30661 batches, avg 46/batch = 9% of 512, 3225 evals/s, 234 msg/s, 13.8 leaves/msg, 434s)
2026-08-05 05:41:25 [iter 20/60] eval vs best: 50/160 games (442s, cand 90%)
2026-08-05 05:41:31   [GPU] 1,450,007 evals (31911 batches, avg 45/batch = 9% of 512, 3235 evals/s, 234 msg/s, 13.8 leaves/msg, 448s)
2026-08-05 05:41:45   [GPU] 1,500,007 evals (33134 batches, avg 45/batch = 9% of 512, 3247 evals/s, 235 msg/s, 13.8 leaves/msg, 462s)
2026-08-05 05:41:58   [GPU] 1,550,010 evals (34344 batches, avg 45/batch = 9% of 512, 3257 evals/s, 235 msg/s, 13.8 leaves/msg, 476s)
2026-08-05 05:42:12   [GPU] 1,600,001 evals (35530 batches, avg 45/batch = 9% of 512, 3272 evals/s, 236 msg/s, 13.8 leaves/msg, 489s)
2026-08-05 05:42:13 [iter 20/60] eval vs best: 55/160 games (491s, cand 90%)
2026-08-05 05:42:25   [GPU] 1,650,001 evals (36720 batches, avg 45/batch = 9% of 512, 3283 evals/s, 237 msg/s, 13.9 leaves/msg, 503s)
2026-08-05 05:42:39   [GPU] 1,700,030 evals (37907 batches, avg 45/batch = 9% of 512, 3293 evals/s, 238 msg/s, 13.9 leaves/msg, 516s)
2026-08-05 05:42:52   [GPU] 1,750,025 evals (39110 batches, avg 45/batch = 9% of 512, 3304 evals/s, 239 msg/s, 13.9 leaves/msg, 530s)
2026-08-05 05:43:05   [GPU] 1,800,039 evals (40243 batches, avg 45/batch = 9% of 512, 3319 evals/s, 240 msg/s, 13.8 leaves/msg, 542s)
2026-08-05 05:43:05 [iter 20/60] eval vs best: 60/160 games (543s, cand 90%)
2026-08-05 05:43:18   [GPU] 1,850,006 evals (41399 batches, avg 45/batch = 9% of 512, 3331 evals/s, 241 msg/s, 13.8 leaves/msg, 555s)
2026-08-05 05:43:31 [iter 20/60] eval vs best: 65/160 games (569s, cand 91%)
2026-08-05 05:43:32   [GPU] 1,900,030 evals (42581 batches, avg 45/batch = 9% of 512, 3339 evals/s, 242 msg/s, 13.8 leaves/msg, 569s)
2026-08-05 05:43:46   [GPU] 1,950,029 evals (43824 batches, avg 44/batch = 9% of 512, 3344 evals/s, 242 msg/s, 13.8 leaves/msg, 583s)
2026-08-05 05:43:51 [iter 20/60] eval vs best: 70/160 games (589s, cand 92%)
2026-08-05 05:44:00   [GPU] 2,000,009 evals (45079 batches, avg 44/batch = 9% of 512, 3349 evals/s, 243 msg/s, 13.8 leaves/msg, 597s)
2026-08-05 05:44:13   [GPU] 2,050,037 evals (46251 batches, avg 44/batch = 9% of 512, 3359 evals/s, 244 msg/s, 13.8 leaves/msg, 610s)
2026-08-05 05:44:26   [GPU] 2,100,031 evals (47421 batches, avg 44/batch = 9% of 512, 3368 evals/s, 244 msg/s, 13.8 leaves/msg, 624s)
2026-08-05 05:44:39   [GPU] 2,150,024 evals (48570 batches, avg 44/batch = 9% of 512, 3378 evals/s, 245 msg/s, 13.8 leaves/msg, 636s)
2026-08-05 05:44:48 [iter 20/60] eval vs best: 75/160 games (645s, cand 92%)
2026-08-05 05:44:52   [GPU] 2,200,035 evals (49717 batches, avg 44/batch = 9% of 512, 3388 evals/s, 245 msg/s, 13.8 leaves/msg, 649s)
2026-08-05 05:45:05   [GPU] 2,250,046 evals (50876 batches, avg 44/batch = 9% of 512, 3396 evals/s, 246 msg/s, 13.8 leaves/msg, 662s)
2026-08-05 05:45:13 [iter 20/60] eval vs best: 80/160 games (671s, cand 93%)
2026-08-05 05:45:17   [GPU] 2,300,058 evals (51942 batches, avg 44/batch = 9% of 512, 3410 evals/s, 247 msg/s, 13.8 leaves/msg, 675s)
2026-08-05 05:45:29   [GPU] 2,350,020 evals (53026 batches, avg 44/batch = 9% of 512, 3424 evals/s, 248 msg/s, 13.8 leaves/msg, 686s)
2026-08-05 05:45:41 [iter 20/60] eval vs best: 85/160 games (698s, cand 93%)
2026-08-05 05:45:42   [GPU] 2,400,024 evals (54189 batches, avg 44/batch = 9% of 512, 3431 evals/s, 250 msg/s, 13.7 leaves/msg, 700s)
2026-08-05 05:45:56   [GPU] 2,450,028 evals (55400 batches, avg 44/batch = 9% of 512, 3434 evals/s, 250 msg/s, 13.7 leaves/msg, 714s)
2026-08-05 05:46:10   [GPU] 2,500,019 evals (56596 batches, avg 44/batch = 9% of 512, 3439 evals/s, 250 msg/s, 13.7 leaves/msg, 727s)
2026-08-05 05:46:23   [GPU] 2,550,035 evals (57798 batches, avg 44/batch = 9% of 512, 3444 evals/s, 250 msg/s, 13.7 leaves/msg, 740s)
2026-08-05 05:46:35 [iter 20/60] eval vs best: 90/160 games (752s, cand 93%)
2026-08-05 05:46:37   [GPU] 2,600,006 evals (58998 batches, avg 44/batch = 9% of 512, 3447 evals/s, 251 msg/s, 13.8 leaves/msg, 754s)
2026-08-05 05:46:50   [GPU] 2,650,049 evals (60156 batches, avg 44/batch = 9% of 512, 3452 evals/s, 251 msg/s, 13.8 leaves/msg, 768s)
2026-08-05 05:47:03   [GPU] 2,700,039 evals (61306 batches, avg 44/batch = 9% of 512, 3458 evals/s, 251 msg/s, 13.8 leaves/msg, 781s)
2026-08-05 05:47:15 [iter 20/60] eval vs best: 95/160 games (793s, cand 93%)
2026-08-05 05:47:16   [GPU] 2,750,035 evals (62415 batches, avg 44/batch = 9% of 512, 3466 evals/s, 252 msg/s, 13.8 leaves/msg, 793s)
2026-08-05 05:47:28   [GPU] 2,800,024 evals (63534 batches, avg 44/batch = 9% of 512, 3475 evals/s, 252 msg/s, 13.8 leaves/msg, 806s)
2026-08-05 05:47:41   [GPU] 2,850,032 evals (64622 batches, avg 44/batch = 9% of 512, 3484 evals/s, 253 msg/s, 13.8 leaves/msg, 818s)
2026-08-05 05:47:51 [iter 20/60] eval vs best: 100/160 games (829s, cand 94%)
2026-08-05 05:47:53   [GPU] 2,900,021 evals (65740 batches, avg 44/batch = 9% of 512, 3492 evals/s, 254 msg/s, 13.8 leaves/msg, 831s)
2026-08-05 05:48:06 [iter 20/60] eval vs best: 105/160 games (843s, cand 94%)
2026-08-05 05:48:06   [GPU] 2,950,004 evals (66917 batches, avg 44/batch = 9% of 512, 3496 evals/s, 254 msg/s, 13.8 leaves/msg, 844s)
2026-08-05 05:48:20   [GPU] 3,000,022 evals (68114 batches, avg 44/batch = 9% of 512, 3499 evals/s, 254 msg/s, 13.8 leaves/msg, 857s)
2026-08-05 05:48:34   [GPU] 3,050,035 evals (69316 batches, avg 44/batch = 9% of 512, 3501 evals/s, 255 msg/s, 13.7 leaves/msg, 871s)
2026-08-05 05:48:47   [GPU] 3,100,005 evals (70516 batches, avg 44/batch = 9% of 512, 3503 evals/s, 255 msg/s, 13.7 leaves/msg, 885s)
2026-08-05 05:49:01   [GPU] 3,150,041 evals (71730 batches, avg 44/batch = 9% of 512, 3505 evals/s, 256 msg/s, 13.7 leaves/msg, 899s)
2026-08-05 05:49:05 [iter 20/60] eval vs best: 110/160 games (902s, cand 94%)
2026-08-05 05:49:15   [GPU] 3,200,020 evals (72928 batches, avg 44/batch = 9% of 512, 3508 evals/s, 256 msg/s, 13.7 leaves/msg, 912s)
2026-08-05 05:49:27   [GPU] 3,250,063 evals (74032 batches, avg 44/batch = 9% of 512, 3515 evals/s, 256 msg/s, 13.7 leaves/msg, 925s)
2026-08-05 05:49:40   [GPU] 3,300,009 evals (75136 batches, avg 44/batch = 9% of 512, 3522 evals/s, 257 msg/s, 13.7 leaves/msg, 937s)
2026-08-05 05:49:44 [iter 20/60] eval vs best: 115/160 games (942s, cand 94%)
2026-08-05 05:49:53   [GPU] 3,350,001 evals (76292 batches, avg 44/batch = 9% of 512, 3527 evals/s, 257 msg/s, 13.7 leaves/msg, 950s)
2026-08-05 05:50:05   [GPU] 3,400,049 evals (77415 batches, avg 44/batch = 9% of 512, 3533 evals/s, 258 msg/s, 13.7 leaves/msg, 962s)
2026-08-05 05:50:13 [iter 20/60] eval vs best: 120/160 games (970s, cand 94%)
2026-08-05 05:50:19   [GPU] 3,450,017 evals (78599 batches, avg 44/batch = 9% of 512, 3535 evals/s, 258 msg/s, 13.7 leaves/msg, 976s)
2026-08-05 05:50:34   [GPU] 3,500,009 evals (79726 batches, avg 44/batch = 9% of 512, 3530 evals/s, 258 msg/s, 13.7 leaves/msg, 992s)
2026-08-05 05:50:50   [GPU] 3,550,010 evals (80838 batches, avg 44/batch = 9% of 512, 3523 evals/s, 257 msg/s, 13.7 leaves/msg, 1008s)
2026-08-05 05:50:51 [iter 20/60] eval vs best: 125/160 games (1008s, cand 90%)
2026-08-05 05:51:06   [GPU] 3,600,019 evals (81946 batches, avg 44/batch = 9% of 512, 3517 evals/s, 257 msg/s, 13.7 leaves/msg, 1024s)
2026-08-05 05:51:24   [GPU] 3,650,026 evals (83144 batches, avg 44/batch = 9% of 512, 3506 evals/s, 256 msg/s, 13.7 leaves/msg, 1041s)
2026-08-05 05:51:29 [iter 20/60] eval vs best: 130/160 games (1046s, cand 86%)
2026-08-05 05:51:42   [GPU] 3,700,003 evals (84448 batches, avg 44/batch = 9% of 512, 3491 evals/s, 255 msg/s, 13.7 leaves/msg, 1060s)
2026-08-05 05:52:02   [GPU] 3,750,004 evals (85789 batches, avg 44/batch = 9% of 512, 3475 evals/s, 254 msg/s, 13.7 leaves/msg, 1079s)
2026-08-05 05:52:23   [GPU] 3,800,044 evals (87251 batches, avg 44/batch = 9% of 512, 3453 evals/s, 252 msg/s, 13.7 leaves/msg, 1100s)
2026-08-05 05:52:39 [iter 20/60] eval vs best: 135/160 games (1116s, cand 86%)
2026-08-05 05:52:44   [GPU] 3,850,054 evals (88671 batches, avg 43/batch = 8% of 512, 3434 evals/s, 251 msg/s, 13.7 leaves/msg, 1121s)
2026-08-05 05:53:04   [GPU] 3,900,047 evals (90077 batches, avg 43/batch = 8% of 512, 3418 evals/s, 250 msg/s, 13.7 leaves/msg, 1141s)
2026-08-05 05:53:22 [iter 20/60] eval vs best: 140/160 games (1160s, cand 86%)
2026-08-05 05:53:24   [GPU] 3,950,028 evals (91509 batches, avg 43/batch = 8% of 512, 3400 evals/s, 248 msg/s, 13.7 leaves/msg, 1162s)
2026-08-05 05:53:47   [GPU] 4,000,000 evals (93096 batches, avg 43/batch = 8% of 512, 3378 evals/s, 247 msg/s, 13.7 leaves/msg, 1184s)
2026-08-05 05:54:16   [GPU] 4,050,002 evals (95043 batches, avg 43/batch = 8% of 512, 3338 evals/s, 244 msg/s, 13.7 leaves/msg, 1213s)
2026-08-05 05:54:38 [iter 20/60] eval vs best: 145/160 games (1236s, cand 86%)
2026-08-05 05:54:48   [GPU] 4,100,028 evals (97105 batches, avg 42/batch = 8% of 512, 3291 evals/s, 240 msg/s, 13.7 leaves/msg, 1246s)
2026-08-05 05:55:22   [GPU] 4,150,009 evals (99105 batches, avg 42/batch = 8% of 512, 3244 evals/s, 237 msg/s, 13.7 leaves/msg, 1279s)
2026-08-05 05:55:54   [GPU] 4,200,003 evals (101123 batches, avg 42/batch = 8% of 512, 3203 evals/s, 234 msg/s, 13.7 leaves/msg, 1311s)
2026-08-05 05:56:22 [iter 20/60] eval vs best: 150/160 games (1339s, cand 86%)
2026-08-05 05:56:25   [GPU] 4,250,013 evals (103167 batches, avg 41/batch = 8% of 512, 3167 evals/s, 231 msg/s, 13.7 leaves/msg, 1342s)
2026-08-05 05:56:56   [GPU] 4,300,012 evals (105218 batches, avg 41/batch = 8% of 512, 3131 evals/s, 228 msg/s, 13.7 leaves/msg, 1373s)
2026-08-05 05:57:29   [GPU] 4,350,001 evals (107312 batches, avg 41/batch = 8% of 512, 3094 evals/s, 225 msg/s, 13.7 leaves/msg, 1406s)
2026-08-05 05:57:57 [iter 20/60] eval vs best: 155/160 games (1434s, cand 87%)
2026-08-05 05:58:03   [GPU] 4,400,001 evals (109461 batches, avg 40/batch = 8% of 512, 3055 evals/s, 223 msg/s, 13.7 leaves/msg, 1440s)
2026-08-05 05:59:07   [GPU] 4,450,018 evals (112283 batches, avg 40/batch = 8% of 512, 2959 evals/s, 215 msg/s, 13.7 leaves/msg, 1504s)
2026-08-05 05:59:51 [iter 20/60] eval vs best: 160/160 games (1549s, cand 88%)
2026-08-05 05:59:52 [iter 20/60] eval vs best done: 87.5% of 24 decided reject (only 24/160 games decided — too few to gate on) (1549s)
2026-08-05 05:59:52 [iter 20/60] eval vs random (40 games, 200 sims)...
2026-08-05 05:59:52 [EVAL-MP] 8 workers spawned (40 vs_random games, sims=200), GPU batcher starting...
2026-08-05 06:00:03 [iter 20/60] eval vs random: 5/40 games (11s, cand 100%)
2026-08-05 06:00:08 [iter 20/60] eval vs random: 10/40 games (16s, cand 100%)
2026-08-05 06:00:09   [GPU] 50,045 evals (1251 batches, avg 40/batch = 8% of 512, 2918 evals/s, 213 msg/s, 13.7 leaves/msg, 17s)
2026-08-05 06:00:15 [iter 20/60] eval vs random: 15/40 games (23s, cand 100%)
2026-08-05 06:00:18 [iter 20/60] eval vs random: 20/40 games (26s, cand 100%)
2026-08-05 06:00:24   [GPU] 100,034 evals (2511 batches, avg 40/batch = 8% of 512, 3152 evals/s, 231 msg/s, 13.7 leaves/msg, 32s)
2026-08-05 06:00:24 [iter 20/60] eval vs random: 25/40 games (32s, cand 100%)
2026-08-05 06:00:37 [iter 20/60] eval vs random: 30/40 games (45s, cand 100%)
2026-08-05 06:00:48   [GPU] 150,012 evals (4360 batches, avg 34/batch = 7% of 512, 2685 evals/s, 195 msg/s, 13.7 leaves/msg, 56s)
2026-08-05 06:01:15   [GPU] 200,000 evals (6388 batches, avg 31/batch = 6% of 512, 2399 evals/s, 174 msg/s, 13.8 leaves/msg, 83s)
2026-08-05 06:01:22 [iter 20/60] eval vs random: 35/40 games (90s, cand 97%)
2026-08-05 06:02:11 [iter 20/60] eval vs random: 40/40 games (139s, cand 97%)
2026-08-05 06:02:11 [iter 20/60] eval vs random done: 97.0% (139s)
2026-08-05 06:02:11 [iter 20/60] eval vs greedy (40 games, 200 sims)...
2026-08-05 06:02:11 [EVAL-MP] 8 workers spawned (40 vs_greedy games, sims=200), GPU batcher starting...
2026-08-05 06:02:20 [iter 20/60] eval vs greedy: 5/40 games (9s, cand 60%)
2026-08-05 06:02:22 [iter 20/60] eval vs greedy: 10/40 games (11s, cand 50%)
2026-08-05 06:02:27 [iter 20/60] eval vs greedy: 15/40 games (15s, cand 60%)
2026-08-05 06:02:27   [GPU] 50,014 evals (1263 batches, avg 40/batch = 8% of 512, 3222 evals/s, 243 msg/s, 13.3 leaves/msg, 16s)
2026-08-05 06:02:29 [iter 20/60] eval vs greedy: 20/40 games (18s, cand 60%)
2026-08-05 06:02:34 [iter 20/60] eval vs greedy: 25/40 games (23s, cand 56%)
2026-08-05 06:02:35 [iter 20/60] eval vs greedy: 30/40 games (24s, cand 57%)
2026-08-05 06:02:42 [iter 20/60] eval vs greedy: 35/40 games (30s, cand 54%)
2026-08-05 06:02:44   [GPU] 100,017 evals (2744 batches, avg 36/batch = 7% of 512, 3093 evals/s, 237 msg/s, 13.1 leaves/msg, 32s)
2026-08-05 06:02:49 [iter 20/60] eval vs greedy: 40/40 games (38s, cand 48%)
2026-08-05 06:02:50 [iter 20/60] eval vs greedy done: 47.5% of 40 decided [seat0:18/20 seat1:1/20] (38s)
2026-08-05 06:02:50 [iter 20/60] eval vs minimax (depth 2, 40 games)...
2026-08-05 06:02:50 [EVAL-MP] 8 workers spawned (40 vs_minimax games, sims=200), GPU batcher starting...
2026-08-05 06:03:06   [GPU] 50,052 evals (1315 batches, avg 38/batch = 7% of 512, 3053 evals/s, 229 msg/s, 13.3 leaves/msg, 16s)
2026-08-05 06:03:06 [iter 20/60] eval vs minimax: 5/40 games (0%)
2026-08-05 06:03:19   [GPU] 100,041 evals (2555 batches, avg 39/batch = 8% of 512, 3366 evals/s, 255 msg/s, 13.2 leaves/msg, 30s)
2026-08-05 06:03:22 [iter 20/60] eval vs minimax: 10/40 games (0%)
2026-08-05 06:03:32 [iter 20/60] eval vs minimax: 15/40 games (0%)
2026-08-05 06:03:34   [GPU] 150,000 evals (3850 batches, avg 39/batch = 8% of 512, 3422 evals/s, 257 msg/s, 13.3 leaves/msg, 44s)
2026-08-05 06:03:40 [iter 20/60] eval vs minimax: 20/40 games (0%)
2026-08-05 06:03:48   [GPU] 200,024 evals (5206 batches, avg 38/batch = 8% of 512, 3422 evals/s, 257 msg/s, 13.3 leaves/msg, 58s)
2026-08-05 06:03:49 [iter 20/60] eval vs minimax: 25/40 games (0%)
2026-08-05 06:03:59 [iter 20/60] eval vs minimax: 30/40 games (0%)
2026-08-05 06:04:06   [GPU] 250,002 evals (6744 batches, avg 37/batch = 7% of 512, 3292 evals/s, 248 msg/s, 13.3 leaves/msg, 76s)
2026-08-05 06:04:10 [iter 20/60] eval vs minimax: 35/40 games (0%)
2026-08-05 06:04:28 [iter 20/60] eval vs minimax: 40/40 games (0%)
2026-08-05 06:04:28 [iter 20/60] eval vs minimax done: 0.0% of 34 decided [seat0:0/20 seat1:0/20] (99s)
2026-08-05 06:04:28 >>> iter 20 | loss_p=1.090 loss_v=0.169 | vs_best=87.5% reject | vs_rand=97.0% | draw=32% | buf=31040 | rss=2.81GB | sp=527s train=13s eval_best=1549s eval_rand=139s | total=2371s
2026-08-05 06:04:28 [iter 21/60] self-play starting (40 games, 600 sims, MIXED 20/40 race-only)...
2026-08-05 06:04:28 [PARALLEL-MP] 8 workers spawned (40 games, sims=600), GPU batcher starting...
2026-08-05 06:04:41   [GPU] 50,075 evals (979 batches, avg 51/batch = 10% of 512, 4124 evals/s, 342 msg/s, 12.1 leaves/msg, 12s)
2026-08-05 06:04:42 [iter 21/60] self-play: 5/40 games...
2026-08-05 06:04:52   [GPU] 100,021 evals (2065 batches, avg 48/batch = 9% of 512, 4190 evals/s, 339 msg/s, 12.3 leaves/msg, 24s)
2026-08-05 06:04:59 [iter 21/60] self-play: 10/40 games...
2026-08-05 06:05:06   [GPU] 150,038 evals (3324 batches, avg 45/batch = 9% of 512, 3999 evals/s, 325 msg/s, 12.3 leaves/msg, 38s)
2026-08-05 06:05:21   [GPU] 200,021 evals (4676 batches, avg 43/batch = 8% of 512, 3812 evals/s, 296 msg/s, 12.9 leaves/msg, 52s)
2026-08-05 06:05:35   [GPU] 250,008 evals (6010 batches, avg 42/batch = 8% of 512, 3735 evals/s, 282 msg/s, 13.2 leaves/msg, 67s)
2026-08-05 06:05:46 [iter 21/60] self-play: 15/40 games...
2026-08-05 06:05:49   [GPU] 300,015 evals (7286 batches, avg 41/batch = 8% of 512, 3724 evals/s, 279 msg/s, 13.4 leaves/msg, 81s)
2026-08-05 06:06:00   [GPU] 350,043 evals (8390 batches, avg 42/batch = 8% of 512, 3803 evals/s, 284 msg/s, 13.4 leaves/msg, 92s)
2026-08-05 06:06:14   [GPU] 400,051 evals (9646 batches, avg 41/batch = 8% of 512, 3799 evals/s, 284 msg/s, 13.4 leaves/msg, 105s)
2026-08-05 06:06:27   [GPU] 450,022 evals (10928 batches, avg 41/batch = 8% of 512, 3785 evals/s, 280 msg/s, 13.5 leaves/msg, 119s)
2026-08-05 06:06:41   [GPU] 500,041 evals (12209 batches, avg 41/batch = 8% of 512, 3778 evals/s, 277 msg/s, 13.7 leaves/msg, 132s)
2026-08-05 06:06:54   [GPU] 550,048 evals (13456 batches, avg 41/batch = 8% of 512, 3782 evals/s, 275 msg/s, 13.7 leaves/msg, 145s)
2026-08-05 06:07:02 [iter 21/60] self-play: 20/40 games...
2026-08-05 06:07:06   [GPU] 600,017 evals (14592 batches, avg 41/batch = 8% of 512, 3802 evals/s, 275 msg/s, 13.8 leaves/msg, 158s)
2026-08-05 06:07:19   [GPU] 650,015 evals (15742 batches, avg 41/batch = 8% of 512, 3821 evals/s, 276 msg/s, 13.8 leaves/msg, 170s)
2026-08-05 06:07:31   [GPU] 700,010 evals (16914 batches, avg 41/batch = 8% of 512, 3834 evals/s, 277 msg/s, 13.8 leaves/msg, 183s)
2026-08-05 06:07:38 [iter 21/60] self-play: 25/40 games...
2026-08-05 06:07:45   [GPU] 750,027 evals (18225 batches, avg 41/batch = 8% of 512, 3811 evals/s, 275 msg/s, 13.8 leaves/msg, 197s)
2026-08-05 06:07:59   [GPU] 800,020 evals (19512 batches, avg 41/batch = 8% of 512, 3793 evals/s, 273 msg/s, 13.9 leaves/msg, 211s)
2026-08-05 06:08:13   [GPU] 850,043 evals (20748 batches, avg 41/batch = 8% of 512, 3790 evals/s, 273 msg/s, 13.9 leaves/msg, 224s)
2026-08-05 06:08:21 [iter 21/60] self-play: 30/40 games...
2026-08-05 06:08:27   [GPU] 900,013 evals (22011 batches, avg 41/batch = 8% of 512, 3777 evals/s, 273 msg/s, 13.9 leaves/msg, 238s)
2026-08-05 06:08:41   [GPU] 950,013 evals (23299 batches, avg 41/batch = 8% of 512, 3759 evals/s, 270 msg/s, 13.9 leaves/msg, 253s)
2026-08-05 06:08:55   [GPU] 1,000,018 evals (24556 batches, avg 41/batch = 8% of 512, 3752 evals/s, 269 msg/s, 14.0 leaves/msg, 267s)
2026-08-05 06:09:03 [iter 21/60] self-play: 35/40 games...
2026-08-05 06:09:15   [GPU] 1,050,001 evals (26251 batches, avg 40/batch = 8% of 512, 3663 evals/s, 263 msg/s, 13.9 leaves/msg, 287s)
2026-08-05 06:09:45   [GPU] 1,100,006 evals (28412 batches, avg 39/batch = 8% of 512, 3475 evals/s, 249 msg/s, 14.0 leaves/msg, 317s)
2026-08-05 06:10:21   [GPU] 1,150,011 evals (30798 batches, avg 37/batch = 7% of 512, 3265 evals/s, 233 msg/s, 14.0 leaves/msg, 352s)
2026-08-05 06:10:57   [GPU] 1,200,004 evals (33190 batches, avg 36/batch = 7% of 512, 3090 evals/s, 220 msg/s, 14.0 leaves/msg, 388s)
2026-08-05 06:12:37   [GPU] 1,250,001 evals (36260 batches, avg 34/batch = 7% of 512, 2557 evals/s, 182 msg/s, 14.1 leaves/msg, 489s)
2026-08-05 06:13:05 [iter 21/60] self-play: 40/40 games...
2026-08-05 06:13:05 [iter 21/60] self-play done: 40 games (516s) | wins: P0=9, P1=22, draw=9 | draw_rate=22% avg_len~21
2026-08-05 06:13:05 [iter 21/60] WARNING: draw_rate 22% > 20% — games timing out at max_game_moves=160 (weak value signal).
2026-08-05 06:13:05 [iter 21/60] training (600 steps, lr=7.75e-04)...
2026-08-05 06:13:18 [iter 21/60] training done: loss_p=1.080 loss_v=0.168 (13s)
2026-08-05 06:13:22 [iter 21/60] data: policy_wall_mass=0.097 walled_states=51% walls_on_board=9.1 value_mae walled=0.103 free=0.200
2026-08-05 06:13:22 [iter 21/60] eval skipped (eval_every=4)
2026-08-05 06:13:22 >>> iter 21 | loss_p=1.080 loss_v=0.168 | vs_best=n/a (not evaluated) | vs_rand=n/a | draw=22% | buf=32684 | rss=2.83GB | sp=516s train=13s eval_best=0s eval_rand=0s | total=534s
2026-08-05 06:13:22 [iter 22/60] self-play starting (40 games, 600 sims, MIXED 20/40 race-only)...
2026-08-05 06:13:22 [PARALLEL-MP] 8 workers spawned (40 games, sims=600), GPU batcher starting...
2026-08-05 06:13:35   [GPU] 50,011 evals (1007 batches, avg 50/batch = 10% of 512, 3910 evals/s, 335 msg/s, 11.7 leaves/msg, 13s)
2026-08-05 06:13:37 [iter 22/60] self-play: 5/40 games...
2026-08-05 06:13:47   [GPU] 100,025 evals (2156 batches, avg 46/batch = 9% of 512, 3989 evals/s, 324 msg/s, 12.3 leaves/msg, 25s)
2026-08-05 06:13:53 [iter 22/60] self-play: 10/40 games...
2026-08-05 06:14:01   [GPU] 150,004 evals (3397 batches, avg 44/batch = 9% of 512, 3894 evals/s, 310 msg/s, 12.5 leaves/msg, 39s)
2026-08-05 06:14:17   [GPU] 200,017 evals (4797 batches, avg 42/batch = 8% of 512, 3682 evals/s, 283 msg/s, 13.0 leaves/msg, 54s)
2026-08-05 06:14:31   [GPU] 250,025 evals (6104 batches, avg 41/batch = 8% of 512, 3647 evals/s, 274 msg/s, 13.3 leaves/msg, 69s)
2026-08-05 06:14:44   [GPU] 300,006 evals (7288 batches, avg 41/batch = 8% of 512, 3694 evals/s, 275 msg/s, 13.4 leaves/msg, 81s)
2026-08-05 06:14:50 [iter 22/60] self-play: 15/40 games...
2026-08-05 06:14:55   [GPU] 350,034 evals (8394 batches, avg 42/batch = 8% of 512, 3774 evals/s, 282 msg/s, 13.4 leaves/msg, 93s)
2026-08-05 06:15:03 [iter 22/60] self-play: 20/40 games...
2026-08-05 06:15:06   [GPU] 400,002 evals (9474 batches, avg 42/batch = 8% of 512, 3842 evals/s, 288 msg/s, 13.3 leaves/msg, 104s)
2026-08-05 06:15:18   [GPU] 450,053 evals (10588 batches, avg 43/batch = 8% of 512, 3876 evals/s, 288 msg/s, 13.4 leaves/msg, 116s)
2026-08-05 06:15:30   [GPU] 500,033 evals (11647 batches, avg 43/batch = 8% of 512, 3928 evals/s, 290 msg/s, 13.6 leaves/msg, 127s)
2026-08-05 06:15:41   [GPU] 550,036 evals (12755 batches, avg 43/batch = 8% of 512, 3962 evals/s, 291 msg/s, 13.6 leaves/msg, 139s)
2026-08-05 06:15:53   [GPU] 600,015 evals (13880 batches, avg 43/batch = 8% of 512, 3982 evals/s, 291 msg/s, 13.7 leaves/msg, 151s)
2026-08-05 06:16:05   [GPU] 650,028 evals (14994 batches, avg 43/batch = 8% of 512, 4002 evals/s, 290 msg/s, 13.8 leaves/msg, 162s)
2026-08-05 06:16:14 [iter 22/60] self-play: 25/40 games...
2026-08-05 06:16:17   [GPU] 700,041 evals (16087 batches, avg 44/batch = 8% of 512, 4010 evals/s, 290 msg/s, 13.8 leaves/msg, 175s)
2026-08-05 06:16:29   [GPU] 750,007 evals (17245 batches, avg 43/batch = 8% of 512, 4011 evals/s, 290 msg/s, 13.8 leaves/msg, 187s)
2026-08-05 06:16:35 [iter 22/60] self-play: 30/40 games...
2026-08-05 06:16:42   [GPU] 800,018 evals (18459 batches, avg 43/batch = 8% of 512, 4002 evals/s, 290 msg/s, 13.8 leaves/msg, 200s)
2026-08-05 06:16:59   [GPU] 850,001 evals (19885 batches, avg 43/batch = 8% of 512, 3915 evals/s, 283 msg/s, 13.8 leaves/msg, 217s)
2026-08-05 06:17:10 [iter 22/60] self-play: 35/40 games...
2026-08-05 06:17:24   [GPU] 900,001 evals (21732 batches, avg 41/batch = 8% of 512, 3726 evals/s, 268 msg/s, 13.9 leaves/msg, 242s)
2026-08-05 06:17:54   [GPU] 950,006 evals (23838 batches, avg 40/batch = 8% of 512, 3498 evals/s, 251 msg/s, 13.9 leaves/msg, 272s)
2026-08-05 06:18:22   [GPU] 1,000,010 evals (25894 batches, avg 39/batch = 8% of 512, 3334 evals/s, 238 msg/s, 14.0 leaves/msg, 300s)
2026-08-05 06:18:50   [GPU] 1,050,012 evals (27922 batches, avg 38/batch = 7% of 512, 3204 evals/s, 229 msg/s, 14.0 leaves/msg, 328s)
2026-08-05 06:19:17   [GPU] 1,100,008 evals (29919 batches, avg 37/batch = 7% of 512, 3105 evals/s, 221 msg/s, 14.1 leaves/msg, 354s)
2026-08-05 06:19:54   [GPU] 1,150,003 evals (32227 batches, avg 36/batch = 7% of 512, 2938 evals/s, 209 msg/s, 14.1 leaves/msg, 391s)
2026-08-05 06:20:16 [iter 22/60] self-play: 40/40 games...
2026-08-05 06:20:16 [iter 22/60] self-play done: 40 games (414s) | wins: P0=9, P1=22, draw=9 | draw_rate=22% avg_len~16
2026-08-05 06:20:16 [iter 22/60] WARNING: draw_rate 22% > 20% — games timing out at max_game_moves=160 (weak value signal).
2026-08-05 06:20:16 [iter 22/60] training (600 steps, lr=7.54e-04)...
2026-08-05 06:20:30 [iter 22/60] training done: loss_p=1.064 loss_v=0.169 (13s)
2026-08-05 06:20:34 [iter 22/60] data: policy_wall_mass=0.114 walled_states=46% walls_on_board=5.0 value_mae walled=0.137 free=0.264
2026-08-05 06:20:34 [iter 22/60] eval skipped (eval_every=4)
2026-08-05 06:20:34 >>> iter 22 | loss_p=1.064 loss_v=0.169 | vs_best=n/a (not evaluated) | vs_rand=n/a | draw=22% | buf=33988 | rss=2.85GB | sp=414s train=13s eval_best=0s eval_rand=0s | total=432s
2026-08-05 06:20:34 [iter 23/60] self-play starting (40 games, 600 sims, MIXED 20/40 race-only)...
2026-08-05 06:20:34 [PARALLEL-MP] 8 workers spawned (40 games, sims=600), GPU batcher starting...
2026-08-05 06:20:48   [GPU] 50,047 evals (1021 batches, avg 49/batch = 10% of 512, 3627 evals/s, 294 msg/s, 12.3 leaves/msg, 14s)
2026-08-05 06:20:53 [iter 23/60] self-play: 5/40 games...
2026-08-05 06:21:01   [GPU] 100,023 evals (2161 batches, avg 46/batch = 9% of 512, 3734 evals/s, 295 msg/s, 12.7 leaves/msg, 27s)
2026-08-05 06:21:14 [iter 23/60] self-play: 10/40 games...
2026-08-05 06:21:14   [GPU] 150,021 evals (3320 batches, avg 45/batch = 9% of 512, 3739 evals/s, 292 msg/s, 12.8 leaves/msg, 40s)
2026-08-05 06:21:29   [GPU] 200,011 evals (4620 batches, avg 43/batch = 8% of 512, 3659 evals/s, 283 msg/s, 12.9 leaves/msg, 55s)
2026-08-05 06:21:30 [iter 23/60] self-play: 15/40 games...
2026-08-05 06:21:43   [GPU] 250,039 evals (5849 batches, avg 43/batch = 8% of 512, 3632 evals/s, 278 msg/s, 13.1 leaves/msg, 69s)
2026-08-05 06:21:58   [GPU] 300,008 evals (7124 batches, avg 42/batch = 8% of 512, 3585 evals/s, 272 msg/s, 13.2 leaves/msg, 84s)
2026-08-05 06:22:13   [GPU] 350,010 evals (8420 batches, avg 42/batch = 8% of 512, 3543 evals/s, 264 msg/s, 13.4 leaves/msg, 99s)
2026-08-05 06:22:27   [GPU] 400,010 evals (9680 batches, avg 41/batch = 8% of 512, 3537 evals/s, 260 msg/s, 13.6 leaves/msg, 113s)
2026-08-05 06:22:29 [iter 23/60] self-play: 20/40 games...
2026-08-05 06:22:41   [GPU] 450,016 evals (10912 batches, avg 41/batch = 8% of 512, 3542 evals/s, 261 msg/s, 13.6 leaves/msg, 127s)
2026-08-05 06:22:54   [GPU] 500,040 evals (12044 batches, avg 42/batch = 8% of 512, 3572 evals/s, 261 msg/s, 13.7 leaves/msg, 140s)
2026-08-05 06:23:07   [GPU] 550,020 evals (13201 batches, avg 42/batch = 8% of 512, 3592 evals/s, 262 msg/s, 13.7 leaves/msg, 153s)
2026-08-05 06:23:20   [GPU] 600,057 evals (14354 batches, avg 42/batch = 8% of 512, 3608 evals/s, 261 msg/s, 13.8 leaves/msg, 166s)
2026-08-05 06:23:33   [GPU] 650,006 evals (15443 batches, avg 42/batch = 8% of 512, 3640 evals/s, 262 msg/s, 13.9 leaves/msg, 179s)
2026-08-05 06:23:44   [GPU] 700,054 evals (16463 batches, avg 43/batch = 8% of 512, 3687 evals/s, 265 msg/s, 13.9 leaves/msg, 190s)
2026-08-05 06:23:56   [GPU] 750,012 evals (17530 batches, avg 43/batch = 8% of 512, 3722 evals/s, 268 msg/s, 13.9 leaves/msg, 202s)
2026-08-05 06:23:56 [iter 23/60] self-play: 25/40 games...
2026-08-05 06:24:07   [GPU] 800,004 evals (18581 batches, avg 43/batch = 8% of 512, 3755 evals/s, 271 msg/s, 13.9 leaves/msg, 213s)
2026-08-05 06:24:16 [iter 23/60] self-play: 30/40 games...
2026-08-05 06:24:20   [GPU] 850,034 evals (19700 batches, avg 43/batch = 8% of 512, 3771 evals/s, 273 msg/s, 13.8 leaves/msg, 225s)
2026-08-05 06:24:35   [GPU] 900,021 evals (21005 batches, avg 43/batch = 8% of 512, 3743 evals/s, 270 msg/s, 13.8 leaves/msg, 240s)
2026-08-05 06:24:53   [GPU] 950,030 evals (22518 batches, avg 42/batch = 8% of 512, 3667 evals/s, 264 msg/s, 13.9 leaves/msg, 259s)
2026-08-05 06:25:06 [iter 23/60] self-play: 35/40 games...
2026-08-05 06:25:16   [GPU] 1,000,013 evals (24348 batches, avg 41/batch = 8% of 512, 3550 evals/s, 256 msg/s, 13.8 leaves/msg, 282s)
2026-08-05 06:27:16   [GPU] 1,050,006 evals (27466 batches, avg 38/batch = 7% of 512, 2609 evals/s, 188 msg/s, 13.9 leaves/msg, 402s)
2026-08-05 06:29:09 [iter 23/60] self-play: 40/40 games...
2026-08-05 06:29:10 [iter 23/60] self-play done: 40 games (515s) | wins: P0=7, P1=25, draw=8 | draw_rate=20% avg_len~17
2026-08-05 06:29:10 [iter 23/60] training (600 steps, lr=7.33e-04)...
2026-08-05 06:29:24 [iter 23/60] training done: loss_p=1.071 loss_v=0.166 (14s)
2026-08-05 06:29:28 [iter 23/60] data: policy_wall_mass=0.146 walled_states=49% walls_on_board=6.6 value_mae walled=0.161 free=0.157
2026-08-05 06:29:28 [iter 23/60] eval skipped (eval_every=4)
2026-08-05 06:29:28 >>> iter 23 | loss_p=1.071 loss_v=0.166 | vs_best=n/a (not evaluated) | vs_rand=n/a | draw=20% | buf=35382 | rss=2.87GB | sp=515s train=14s eval_best=0s eval_rand=0s | total=534s
2026-08-05 06:29:28 [iter 24/60] self-play starting (40 games, 600 sims, MIXED 20/40 race-only)...
2026-08-05 06:29:28 [PARALLEL-MP] 8 workers spawned (40 games, sims=600), GPU batcher starting...
2026-08-05 06:29:43   [GPU] 50,012 evals (1073 batches, avg 47/batch = 9% of 512, 3458 evals/s, 309 msg/s, 11.2 leaves/msg, 14s)
2026-08-05 06:29:45 [iter 24/60] self-play: 5/40 games...
2026-08-05 06:29:55   [GPU] 100,029 evals (2154 batches, avg 46/batch = 9% of 512, 3729 evals/s, 316 msg/s, 11.8 leaves/msg, 27s)
2026-08-05 06:30:03 [iter 24/60] self-play: 10/40 games...
2026-08-05 06:30:08   [GPU] 150,013 evals (3291 batches, avg 46/batch = 9% of 512, 3773 evals/s, 309 msg/s, 12.2 leaves/msg, 40s)
2026-08-05 06:30:24   [GPU] 200,036 evals (4616 batches, avg 43/batch = 8% of 512, 3587 evals/s, 284 msg/s, 12.6 leaves/msg, 56s)
2026-08-05 06:30:38   [GPU] 250,026 evals (5865 batches, avg 43/batch = 8% of 512, 3562 evals/s, 275 msg/s, 13.0 leaves/msg, 70s)
2026-08-05 06:30:45 [iter 24/60] self-play: 15/40 games...
2026-08-05 06:30:54   [GPU] 300,010 evals (7237 batches, avg 41/batch = 8% of 512, 3482 evals/s, 268 msg/s, 13.0 leaves/msg, 86s)
2026-08-05 06:31:09   [GPU] 350,003 evals (8537 batches, avg 41/batch = 8% of 512, 3462 evals/s, 266 msg/s, 13.0 leaves/msg, 101s)
2026-08-05 06:31:25   [GPU] 400,019 evals (9911 batches, avg 40/batch = 8% of 512, 3435 evals/s, 261 msg/s, 13.2 leaves/msg, 116s)
2026-08-05 06:31:40   [GPU] 450,020 evals (11240 batches, avg 40/batch = 8% of 512, 3417 evals/s, 257 msg/s, 13.3 leaves/msg, 132s)
2026-08-05 06:31:56   [GPU] 500,003 evals (12549 batches, avg 40/batch = 8% of 512, 3394 evals/s, 252 msg/s, 13.5 leaves/msg, 147s)
2026-08-05 06:32:11   [GPU] 550,002 evals (13853 batches, avg 40/batch = 8% of 512, 3382 evals/s, 249 msg/s, 13.6 leaves/msg, 163s)
2026-08-05 06:32:26   [GPU] 600,045 evals (15164 batches, avg 40/batch = 8% of 512, 3373 evals/s, 247 msg/s, 13.7 leaves/msg, 178s)
2026-08-05 06:32:41   [GPU] 650,017 evals (16474 batches, avg 39/batch = 8% of 512, 3370 evals/s, 247 msg/s, 13.7 leaves/msg, 193s)
2026-08-05 06:32:56   [GPU] 700,059 evals (17760 batches, avg 39/batch = 8% of 512, 3366 evals/s, 246 msg/s, 13.7 leaves/msg, 208s)
2026-08-05 06:33:08 [iter 24/60] self-play: 20/40 games...
2026-08-05 06:33:11   [GPU] 750,011 evals (19032 batches, avg 39/batch = 8% of 512, 3367 evals/s, 245 msg/s, 13.7 leaves/msg, 223s)
2026-08-05 06:33:26   [GPU] 800,006 evals (20280 batches, avg 39/batch = 8% of 512, 3369 evals/s, 246 msg/s, 13.7 leaves/msg, 237s)
2026-08-05 06:33:35 [iter 24/60] self-play: 25/40 games...
2026-08-05 06:33:39   [GPU] 850,030 evals (21454 batches, avg 40/batch = 8% of 512, 3385 evals/s, 247 msg/s, 13.7 leaves/msg, 251s)
2026-08-05 06:33:53   [GPU] 900,009 evals (22658 batches, avg 40/batch = 8% of 512, 3395 evals/s, 248 msg/s, 13.7 leaves/msg, 265s)
2026-08-05 06:34:01 [iter 24/60] self-play: 30/40 games...
2026-08-05 06:34:08   [GPU] 950,034 evals (23951 batches, avg 40/batch = 8% of 512, 3392 evals/s, 248 msg/s, 13.7 leaves/msg, 280s)
2026-08-05 06:34:28 [iter 24/60] self-play: 35/40 games...
2026-08-05 06:34:30   [GPU] 1,000,036 evals (25653 batches, avg 39/batch = 8% of 512, 3309 evals/s, 241 msg/s, 13.7 leaves/msg, 302s)
2026-08-05 06:34:55   [GPU] 1,050,041 evals (27495 batches, avg 38/batch = 7% of 512, 3214 evals/s, 233 msg/s, 13.8 leaves/msg, 327s)
2026-08-05 06:35:19   [GPU] 1,100,002 evals (29335 batches, avg 37/batch = 7% of 512, 3139 evals/s, 228 msg/s, 13.8 leaves/msg, 350s)
2026-08-05 06:35:46   [GPU] 1,150,005 evals (31357 batches, avg 37/batch = 7% of 512, 3048 evals/s, 221 msg/s, 13.8 leaves/msg, 377s)
2026-08-05 06:36:12   [GPU] 1,200,010 evals (33308 batches, avg 36/batch = 7% of 512, 2971 evals/s, 215 msg/s, 13.8 leaves/msg, 404s)
2026-08-05 06:36:48   [GPU] 1,250,015 evals (35669 batches, avg 35/batch = 7% of 512, 2845 evals/s, 206 msg/s, 13.8 leaves/msg, 439s)
2026-08-05 06:37:33   [GPU] 1,300,002 evals (38377 batches, avg 34/batch = 7% of 512, 2679 evals/s, 194 msg/s, 13.8 leaves/msg, 485s)
2026-08-05 06:38:13 [iter 24/60] self-play: 40/40 games...
2026-08-05 06:38:13 [iter 24/60] self-play done: 40 games (525s) | wins: P0=8, P1=22, draw=10 | draw_rate=25% avg_len~19
2026-08-05 06:38:13 [iter 24/60] WARNING: draw_rate 25% > 20% — games timing out at max_game_moves=160 (weak value signal).
2026-08-05 06:38:13 [iter 24/60] training (600 steps, lr=7.11e-04)...
2026-08-05 06:38:28 [iter 24/60] training done: loss_p=1.056 loss_v=0.164 (15s)
2026-08-05 06:38:32 [iter 24/60] data: policy_wall_mass=0.106 walled_states=51% walls_on_board=8.0 value_mae walled=0.159 free=0.185
2026-08-05 06:38:33 [iter 24/60] eval vs best (160 games, 200 sims)...
2026-08-05 06:38:33 [EVAL-MP] 8 workers spawned (160 vs_best games, sims=200), GPU batcher starting...
2026-08-05 06:38:52   [GPU] 50,008 evals (1200 batches, avg 42/batch = 8% of 512, 2509 evals/s, 176 msg/s, 14.3 leaves/msg, 20s)
2026-08-05 06:39:09   [GPU] 100,078 evals (2359 batches, avg 42/batch = 8% of 512, 2736 evals/s, 194 msg/s, 14.1 leaves/msg, 37s)
2026-08-05 06:39:26   [GPU] 150,007 evals (3495 batches, avg 43/batch = 8% of 512, 2823 evals/s, 201 msg/s, 14.1 leaves/msg, 53s)
2026-08-05 06:39:42   [GPU] 200,033 evals (4638 batches, avg 43/batch = 8% of 512, 2883 evals/s, 205 msg/s, 14.0 leaves/msg, 69s)
2026-08-05 06:39:58 [iter 24/60] eval vs best: 5/160 games (85s, cand 100%)
2026-08-05 06:40:00   [GPU] 250,039 evals (5825 batches, avg 43/batch = 8% of 512, 2873 evals/s, 204 msg/s, 14.1 leaves/msg, 87s)
2026-08-05 06:40:17   [GPU] 300,002 evals (7000 batches, avg 43/batch = 8% of 512, 2864 evals/s, 203 msg/s, 14.1 leaves/msg, 105s)
2026-08-05 06:40:18 [iter 24/60] eval vs best: 10/160 games (105s, cand 33%)
2026-08-05 06:40:34   [GPU] 350,035 evals (8141 batches, avg 43/batch = 8% of 512, 2878 evals/s, 205 msg/s, 14.0 leaves/msg, 122s)
2026-08-05 06:40:51   [GPU] 400,032 evals (9307 batches, avg 43/batch = 8% of 512, 2883 evals/s, 207 msg/s, 14.0 leaves/msg, 139s)
2026-08-05 06:41:08   [GPU] 450,034 evals (10448 batches, avg 43/batch = 8% of 512, 2894 evals/s, 208 msg/s, 13.9 leaves/msg, 155s)
2026-08-05 06:41:13 [iter 24/60] eval vs best: 15/160 games (160s, cand 40%)
2026-08-05 06:41:25   [GPU] 500,025 evals (11628 batches, avg 43/batch = 8% of 512, 2898 evals/s, 208 msg/s, 13.9 leaves/msg, 173s)
2026-08-05 06:41:41   [GPU] 550,039 evals (12743 batches, avg 43/batch = 8% of 512, 2912 evals/s, 209 msg/s, 13.9 leaves/msg, 189s)
2026-08-05 06:41:58   [GPU] 600,074 evals (13853 batches, avg 43/batch = 8% of 512, 2920 evals/s, 210 msg/s, 13.9 leaves/msg, 205s)
2026-08-05 06:42:01 [iter 24/60] eval vs best: 20/160 games (208s, cand 40%)
2026-08-05 06:42:14   [GPU] 650,036 evals (14976 batches, avg 43/batch = 8% of 512, 2930 evals/s, 210 msg/s, 13.9 leaves/msg, 222s)
2026-08-05 06:42:31   [GPU] 700,040 evals (16083 batches, avg 44/batch = 9% of 512, 2941 evals/s, 211 msg/s, 13.9 leaves/msg, 238s)
2026-08-05 06:42:46   [GPU] 750,010 evals (17147 batches, avg 44/batch = 9% of 512, 2958 evals/s, 213 msg/s, 13.9 leaves/msg, 254s)
2026-08-05 06:42:50 [iter 24/60] eval vs best: 25/160 games (258s, cand 57%)
2026-08-05 06:43:04   [GPU] 800,002 evals (18372 batches, avg 44/batch = 9% of 512, 2950 evals/s, 213 msg/s, 13.9 leaves/msg, 271s)
2026-08-05 06:43:22   [GPU] 850,012 evals (19626 batches, avg 43/batch = 8% of 512, 2935 evals/s, 212 msg/s, 13.8 leaves/msg, 290s)
2026-08-05 06:43:27 [iter 24/60] eval vs best: 30/160 games (295s, cand 57%)
2026-08-05 06:43:40   [GPU] 900,004 evals (20962 batches, avg 43/batch = 8% of 512, 2926 evals/s, 212 msg/s, 13.8 leaves/msg, 308s)
2026-08-05 06:43:56   [GPU] 950,035 evals (22303 batches, avg 43/batch = 8% of 512, 2933 evals/s, 213 msg/s, 13.8 leaves/msg, 324s)
2026-08-05 06:44:14   [GPU] 1,000,079 evals (23588 batches, avg 42/batch = 8% of 512, 2925 evals/s, 212 msg/s, 13.8 leaves/msg, 342s)
2026-08-05 06:44:32   [GPU] 1,050,031 evals (24856 batches, avg 42/batch = 8% of 512, 2919 evals/s, 212 msg/s, 13.8 leaves/msg, 360s)
2026-08-05 06:44:39 [iter 24/60] eval vs best: 35/160 games (366s, cand 57%)
2026-08-05 06:44:51   [GPU] 1,100,022 evals (26182 batches, avg 42/batch = 8% of 512, 2907 evals/s, 212 msg/s, 13.7 leaves/msg, 378s)
2026-08-05 06:45:07   [GPU] 1,150,028 evals (27373 batches, avg 42/batch = 8% of 512, 2912 evals/s, 213 msg/s, 13.7 leaves/msg, 395s)
2026-08-05 06:45:24   [GPU] 1,200,019 evals (28532 batches, avg 42/batch = 8% of 512, 2917 evals/s, 213 msg/s, 13.7 leaves/msg, 411s)
2026-08-05 06:45:35 [iter 24/60] eval vs best: 40/160 games (422s, cand 62%)
2026-08-05 06:45:40   [GPU] 1,250,002 evals (29699 batches, avg 42/batch = 8% of 512, 2923 evals/s, 214 msg/s, 13.6 leaves/msg, 428s)
2026-08-05 06:45:58   [GPU] 1,300,015 evals (30936 batches, avg 42/batch = 8% of 512, 2921 evals/s, 214 msg/s, 13.6 leaves/msg, 445s)
2026-08-05 06:46:09 [iter 24/60] eval vs best: 45/160 games (457s, cand 62%)
2026-08-05 06:46:15   [GPU] 1,350,013 evals (32188 batches, avg 42/batch = 8% of 512, 2921 evals/s, 214 msg/s, 13.6 leaves/msg, 462s)
2026-08-05 06:46:31   [GPU] 1,400,026 evals (33349 batches, avg 42/batch = 8% of 512, 2926 evals/s, 215 msg/s, 13.6 leaves/msg, 478s)
2026-08-05 06:46:47   [GPU] 1,450,038 evals (34489 batches, avg 42/batch = 8% of 512, 2934 evals/s, 216 msg/s, 13.6 leaves/msg, 494s)
2026-08-05 06:47:03   [GPU] 1,500,002 evals (35632 batches, avg 42/batch = 8% of 512, 2940 evals/s, 217 msg/s, 13.6 leaves/msg, 510s)
2026-08-05 06:47:12 [iter 24/60] eval vs best: 50/160 games (520s, cand 62%)
2026-08-05 06:47:19   [GPU] 1,550,014 evals (36824 batches, avg 42/batch = 8% of 512, 2944 evals/s, 218 msg/s, 13.5 leaves/msg, 526s)
2026-08-05 06:47:37   [GPU] 1,600,013 evals (38074 batches, avg 42/batch = 8% of 512, 2940 evals/s, 217 msg/s, 13.5 leaves/msg, 544s)
2026-08-05 06:47:53   [GPU] 1,650,022 evals (39275 batches, avg 42/batch = 8% of 512, 2942 evals/s, 218 msg/s, 13.5 leaves/msg, 561s)
2026-08-05 06:48:10   [GPU] 1,700,071 evals (40454 batches, avg 42/batch = 8% of 512, 2943 evals/s, 218 msg/s, 13.5 leaves/msg, 578s)
2026-08-05 06:48:20 [iter 24/60] eval vs best: 55/160 games (588s, cand 62%)
2026-08-05 06:48:27   [GPU] 1,750,029 evals (41666 batches, avg 42/batch = 8% of 512, 2944 evals/s, 218 msg/s, 13.5 leaves/msg, 595s)
2026-08-05 06:48:46   [GPU] 1,800,030 evals (42980 batches, avg 42/batch = 8% of 512, 2935 evals/s, 218 msg/s, 13.5 leaves/msg, 613s)
2026-08-05 06:48:50 [iter 24/60] eval vs best: 60/160 games (617s, cand 62%)
2026-08-05 06:49:04   [GPU] 1,850,032 evals (44264 batches, avg 42/batch = 8% of 512, 2928 evals/s, 218 msg/s, 13.4 leaves/msg, 632s)
2026-08-05 06:49:22   [GPU] 1,900,049 evals (45546 batches, avg 42/batch = 8% of 512, 2924 evals/s, 218 msg/s, 13.4 leaves/msg, 650s)
2026-08-05 06:49:40   [GPU] 1,950,039 evals (46772 batches, avg 42/batch = 8% of 512, 2923 evals/s, 218 msg/s, 13.4 leaves/msg, 667s)
2026-08-05 06:49:57   [GPU] 2,000,004 evals (48019 batches, avg 42/batch = 8% of 512, 2920 evals/s, 218 msg/s, 13.4 leaves/msg, 685s)
2026-08-05 06:50:01 [iter 24/60] eval vs best: 65/160 games (688s, cand 62%)
2026-08-05 06:50:15   [GPU] 2,050,002 evals (49279 batches, avg 42/batch = 8% of 512, 2916 evals/s, 218 msg/s, 13.4 leaves/msg, 703s)
2026-08-05 06:50:34   [GPU] 2,100,001 evals (50564 batches, avg 42/batch = 8% of 512, 2912 evals/s, 218 msg/s, 13.4 leaves/msg, 721s)
2026-08-05 06:50:50   [GPU] 2,150,019 evals (51735 batches, avg 42/batch = 8% of 512, 2915 evals/s, 218 msg/s, 13.4 leaves/msg, 738s)
2026-08-05 06:50:53 [iter 24/60] eval vs best: 70/160 games (740s, cand 62%)
2026-08-05 06:51:07   [GPU] 2,200,000 evals (52930 batches, avg 42/batch = 8% of 512, 2915 evals/s, 218 msg/s, 13.4 leaves/msg, 755s)
2026-08-05 06:51:23   [GPU] 2,250,019 evals (54096 batches, avg 42/batch = 8% of 512, 2919 evals/s, 218 msg/s, 13.4 leaves/msg, 771s)
2026-08-05 06:51:39   [GPU] 2,300,079 evals (55224 batches, avg 42/batch = 8% of 512, 2925 evals/s, 218 msg/s, 13.4 leaves/msg, 786s)
2026-08-05 06:51:42 [iter 24/60] eval vs best: 75/160 games (790s, cand 62%)
2026-08-05 06:51:54   [GPU] 2,350,039 evals (56324 batches, avg 42/batch = 8% of 512, 2931 evals/s, 218 msg/s, 13.4 leaves/msg, 802s)
2026-08-05 06:52:09   [GPU] 2,400,006 evals (57371 batches, avg 42/batch = 8% of 512, 2940 evals/s, 219 msg/s, 13.4 leaves/msg, 816s)
2026-08-05 06:52:09 [iter 24/60] eval vs best: 80/160 games (816s, cand 67%)
2026-08-05 06:52:24   [GPU] 2,450,019 evals (58453 batches, avg 42/batch = 8% of 512, 2946 evals/s, 219 msg/s, 13.4 leaves/msg, 832s)
2026-08-05 06:52:39   [GPU] 2,500,053 evals (59508 batches, avg 42/batch = 8% of 512, 2954 evals/s, 220 msg/s, 13.4 leaves/msg, 846s)
2026-08-05 06:52:54   [GPU] 2,550,034 evals (60572 batches, avg 42/batch = 8% of 512, 2961 evals/s, 221 msg/s, 13.4 leaves/msg, 861s)
2026-08-05 06:52:58 [iter 24/60] eval vs best: 85/160 games (865s, cand 70%)
2026-08-05 06:53:09   [GPU] 2,600,009 evals (61695 batches, avg 42/batch = 8% of 512, 2965 evals/s, 221 msg/s, 13.4 leaves/msg, 877s)
2026-08-05 06:53:25   [GPU] 2,650,025 evals (62819 batches, avg 42/batch = 8% of 512, 2969 evals/s, 221 msg/s, 13.4 leaves/msg, 893s)
2026-08-05 06:53:38 [iter 24/60] eval vs best: 90/160 games (905s, cand 70%)
2026-08-05 06:53:40   [GPU] 2,700,041 evals (63886 batches, avg 42/batch = 8% of 512, 2975 evals/s, 222 msg/s, 13.4 leaves/msg, 908s)
2026-08-05 06:53:55   [GPU] 2,750,048 evals (64911 batches, avg 42/batch = 8% of 512, 2983 evals/s, 222 msg/s, 13.4 leaves/msg, 922s)
2026-08-05 06:54:08   [GPU] 2,800,076 evals (65882 batches, avg 43/batch = 8% of 512, 2993 evals/s, 223 msg/s, 13.4 leaves/msg, 936s)
2026-08-05 06:54:23   [GPU] 2,850,014 evals (66949 batches, avg 43/batch = 8% of 512, 2999 evals/s, 224 msg/s, 13.4 leaves/msg, 950s)
2026-08-05 06:54:31 [iter 24/60] eval vs best: 95/160 games (958s, cand 70%)
2026-08-05 06:54:37   [GPU] 2,900,021 evals (67990 batches, avg 43/batch = 8% of 512, 3007 evals/s, 224 msg/s, 13.4 leaves/msg, 964s)
2026-08-05 06:54:52   [GPU] 2,950,019 evals (69047 batches, avg 43/batch = 8% of 512, 3013 evals/s, 225 msg/s, 13.4 leaves/msg, 979s)
2026-08-05 06:55:06   [GPU] 3,000,047 evals (70081 batches, avg 43/batch = 8% of 512, 3020 evals/s, 225 msg/s, 13.4 leaves/msg, 993s)
2026-08-05 06:55:14 [iter 24/60] eval vs best: 100/160 games (1001s, cand 73%)
2026-08-05 06:55:20   [GPU] 3,050,001 evals (71106 batches, avg 43/batch = 8% of 512, 3027 evals/s, 226 msg/s, 13.4 leaves/msg, 1007s)
2026-08-05 06:55:35   [GPU] 3,100,039 evals (72159 batches, avg 43/batch = 8% of 512, 3033 evals/s, 226 msg/s, 13.4 leaves/msg, 1022s)
2026-08-05 06:55:49   [GPU] 3,150,050 evals (73214 batches, avg 43/batch = 8% of 512, 3039 evals/s, 227 msg/s, 13.4 leaves/msg, 1037s)
2026-08-05 06:55:51 [iter 24/60] eval vs best: 105/160 games (1039s, cand 73%)
2026-08-05 06:56:05   [GPU] 3,200,016 evals (74376 batches, avg 43/batch = 8% of 512, 3041 evals/s, 227 msg/s, 13.4 leaves/msg, 1052s)
2026-08-05 06:56:20   [GPU] 3,250,010 evals (75500 batches, avg 43/batch = 8% of 512, 3044 evals/s, 227 msg/s, 13.4 leaves/msg, 1068s)
2026-08-05 06:56:31 [iter 24/60] eval vs best: 110/160 games (1078s, cand 77%)
2026-08-05 06:56:36   [GPU] 3,300,005 evals (76630 batches, avg 43/batch = 8% of 512, 3047 evals/s, 227 msg/s, 13.4 leaves/msg, 1083s)
2026-08-05 06:56:51   [GPU] 3,350,025 evals (77766 batches, avg 43/batch = 8% of 512, 3050 evals/s, 227 msg/s, 13.4 leaves/msg, 1098s)
2026-08-05 06:57:07   [GPU] 3,400,020 evals (78910 batches, avg 43/batch = 8% of 512, 3052 evals/s, 227 msg/s, 13.4 leaves/msg, 1114s)
2026-08-05 06:57:22   [GPU] 3,450,001 evals (80035 batches, avg 43/batch = 8% of 512, 3055 evals/s, 227 msg/s, 13.4 leaves/msg, 1129s)
2026-08-05 06:57:36 [iter 24/60] eval vs best: 115/160 games (1143s, cand 77%)
2026-08-05 06:57:37   [GPU] 3,500,031 evals (81122 batches, avg 43/batch = 8% of 512, 3058 evals/s, 228 msg/s, 13.4 leaves/msg, 1144s)
2026-08-05 06:57:52   [GPU] 3,550,057 evals (82222 batches, avg 43/batch = 8% of 512, 3061 evals/s, 228 msg/s, 13.4 leaves/msg, 1160s)
2026-08-05 06:57:55 [iter 24/60] eval vs best: 120/160 games (1163s, cand 80%)
2026-08-05 06:58:08   [GPU] 3,600,007 evals (83352 batches, avg 43/batch = 8% of 512, 3063 evals/s, 228 msg/s, 13.4 leaves/msg, 1175s)
2026-08-05 06:58:23   [GPU] 3,650,021 evals (84432 batches, avg 43/batch = 8% of 512, 3066 evals/s, 228 msg/s, 13.4 leaves/msg, 1190s)
2026-08-05 06:58:38   [GPU] 3,700,029 evals (85499 batches, avg 43/batch = 8% of 512, 3069 evals/s, 228 msg/s, 13.4 leaves/msg, 1205s)
2026-08-05 06:58:52 [iter 24/60] eval vs best: 125/160 games (1219s, cand 81%)
2026-08-05 06:58:53   [GPU] 3,750,023 evals (86568 batches, avg 43/batch = 8% of 512, 3073 evals/s, 228 msg/s, 13.5 leaves/msg, 1220s)
2026-08-05 06:59:09   [GPU] 3,800,027 evals (87734 batches, avg 43/batch = 8% of 512, 3074 evals/s, 228 msg/s, 13.5 leaves/msg, 1236s)
2026-08-05 06:59:29   [GPU] 3,850,011 evals (89191 batches, avg 43/batch = 8% of 512, 3064 evals/s, 228 msg/s, 13.5 leaves/msg, 1257s)
2026-08-05 06:59:32 [iter 24/60] eval vs best: 130/160 games (1259s, cand 81%)
2026-08-05 06:59:51   [GPU] 3,900,005 evals (90779 batches, avg 43/batch = 8% of 512, 3050 evals/s, 227 msg/s, 13.5 leaves/msg, 1279s)
2026-08-05 07:00:06 [iter 24/60] eval vs best: 135/160 games (1293s, cand 82%)
2026-08-05 07:00:15   [GPU] 3,950,027 evals (92452 batches, avg 43/batch = 8% of 512, 3033 evals/s, 225 msg/s, 13.5 leaves/msg, 1303s)
2026-08-05 07:00:41   [GPU] 4,000,026 evals (94135 batches, avg 42/batch = 8% of 512, 3011 evals/s, 224 msg/s, 13.5 leaves/msg, 1328s)
2026-08-05 07:01:06   [GPU] 4,050,030 evals (95863 batches, avg 42/batch = 8% of 512, 2991 evals/s, 222 msg/s, 13.5 leaves/msg, 1354s)
2026-08-05 07:01:22 [iter 24/60] eval vs best: 140/160 games (1369s, cand 83%)
2026-08-05 07:01:33   [GPU] 4,100,024 evals (97676 batches, avg 42/batch = 8% of 512, 2970 evals/s, 220 msg/s, 13.5 leaves/msg, 1380s)
2026-08-05 07:01:59   [GPU] 4,150,048 evals (99454 batches, avg 42/batch = 8% of 512, 2951 evals/s, 219 msg/s, 13.5 leaves/msg, 1406s)
2026-08-05 07:02:24   [GPU] 4,200,060 evals (101201 batches, avg 42/batch = 8% of 512, 2935 evals/s, 218 msg/s, 13.5 leaves/msg, 1431s)
2026-08-05 07:02:50   [GPU] 4,250,034 evals (102961 batches, avg 41/batch = 8% of 512, 2917 evals/s, 216 msg/s, 13.5 leaves/msg, 1457s)
2026-08-05 07:02:55 [iter 24/60] eval vs best: 145/160 games (1463s, cand 83%)
2026-08-05 07:03:17   [GPU] 4,300,023 evals (104736 batches, avg 41/batch = 8% of 512, 2898 evals/s, 215 msg/s, 13.5 leaves/msg, 1484s)
2026-08-05 07:03:41   [GPU] 4,350,024 evals (106368 batches, avg 41/batch = 8% of 512, 2884 evals/s, 213 msg/s, 13.5 leaves/msg, 1508s)
2026-08-05 07:04:04   [GPU] 4,400,018 evals (107942 batches, avg 41/batch = 8% of 512, 2874 evals/s, 213 msg/s, 13.5 leaves/msg, 1531s)
2026-08-05 07:04:09 [iter 24/60] eval vs best: 150/160 games (1537s, cand 83%)
2026-08-05 07:04:30   [GPU] 4,450,007 evals (109700 batches, avg 41/batch = 8% of 512, 2857 evals/s, 211 msg/s, 13.5 leaves/msg, 1558s)
2026-08-05 07:04:57   [GPU] 4,500,010 evals (111500 batches, avg 40/batch = 8% of 512, 2840 evals/s, 210 msg/s, 13.5 leaves/msg, 1585s)
2026-08-05 07:05:25   [GPU] 4,550,006 evals (113297 batches, avg 40/batch = 8% of 512, 2822 evals/s, 209 msg/s, 13.5 leaves/msg, 1612s)
2026-08-05 07:05:45 [iter 24/60] eval vs best: 155/160 games (1632s, cand 83%)
2026-08-05 07:06:10   [GPU] 4,600,026 evals (115927 batches, avg 40/batch = 8% of 512, 2775 evals/s, 205 msg/s, 13.5 leaves/msg, 1657s)
2026-08-05 07:07:15   [GPU] 4,650,000 evals (119203 batches, avg 39/batch = 8% of 512, 2700 evals/s, 200 msg/s, 13.5 leaves/msg, 1722s)
2026-08-05 07:07:48 [iter 24/60] eval vs best: 160/160 games (1755s, cand 83%)
2026-08-05 07:07:48 [iter 24/60] eval vs best done: 83.3% of 18 decided reject (only 18/160 games decided — too few to gate on) (1756s)
2026-08-05 07:07:48 [iter 24/60] eval vs random (40 games, 200 sims)...
2026-08-05 07:07:48 [EVAL-MP] 8 workers spawned (40 vs_random games, sims=200), GPU batcher starting...
2026-08-05 07:08:01 [iter 24/60] eval vs random: 5/40 games (13s, cand 100%)
2026-08-05 07:08:05   [GPU] 50,008 evals (1190 batches, avg 42/batch = 8% of 512, 3078 evals/s, 225 msg/s, 13.7 leaves/msg, 16s)
2026-08-05 07:08:07 [iter 24/60] eval vs random: 10/40 games (19s, cand 100%)
2026-08-05 07:08:15 [iter 24/60] eval vs random: 15/40 games (27s, cand 100%)
2026-08-05 07:08:18   [GPU] 100,011 evals (2408 batches, avg 42/batch = 8% of 512, 3327 evals/s, 248 msg/s, 13.4 leaves/msg, 30s)
2026-08-05 07:08:25 [iter 24/60] eval vs random: 20/40 games (36s, cand 100%)
2026-08-05 07:08:34 [iter 24/60] eval vs random: 25/40 games (46s, cand 100%)
2026-08-05 07:08:37   [GPU] 150,011 evals (3958 batches, avg 38/batch = 7% of 512, 3069 evals/s, 230 msg/s, 13.3 leaves/msg, 49s)
2026-08-05 07:08:45 [iter 24/60] eval vs random: 30/40 games (56s, cand 100%)
2026-08-05 07:09:01   [GPU] 200,051 evals (5782 batches, avg 35/batch = 7% of 512, 2760 evals/s, 205 msg/s, 13.5 leaves/msg, 72s)
2026-08-05 07:09:16 [iter 24/60] eval vs random: 35/40 games (88s, cand 100%)
2026-08-05 07:09:26   [GPU] 250,014 evals (7684 batches, avg 33/batch = 6% of 512, 2557 evals/s, 188 msg/s, 13.6 leaves/msg, 98s)
2026-08-05 07:10:11 [iter 24/60] eval vs random: 40/40 games (143s, cand 100%)
2026-08-05 07:10:12 [iter 24/60] eval vs random done: 100.0% (143s)
2026-08-05 07:10:12 [iter 24/60] eval vs greedy (40 games, 200 sims)...
2026-08-05 07:10:12 [EVAL-MP] 8 workers spawned (40 vs_greedy games, sims=200), GPU batcher starting...
2026-08-05 07:10:20 [iter 24/60] eval vs greedy: 5/40 games (8s, cand 40%)
2026-08-05 07:10:24 [iter 24/60] eval vs greedy: 10/40 games (12s, cand 60%)
2026-08-05 07:10:28   [GPU] 50,010 evals (1238 batches, avg 40/batch = 8% of 512, 3087 evals/s, 234 msg/s, 13.2 leaves/msg, 16s)
2026-08-05 07:10:30 [iter 24/60] eval vs greedy: 15/40 games (18s, cand 67%)
2026-08-05 07:10:35 [iter 24/60] eval vs greedy: 20/40 games (23s, cand 65%)
2026-08-05 07:10:38 [iter 24/60] eval vs greedy: 25/40 games (26s, cand 64%)
2026-08-05 07:10:43   [GPU] 100,010 evals (2562 batches, avg 39/batch = 8% of 512, 3203 evals/s, 248 msg/s, 12.9 leaves/msg, 31s)
2026-08-05 07:10:43 [iter 24/60] eval vs greedy: 30/40 games (32s, cand 63%)
2026-08-05 07:10:56 [iter 24/60] eval vs greedy: 35/40 games (44s, cand 57%)
2026-08-05 07:11:21 [iter 24/60] eval vs greedy: 40/40 games (69s, cand 50%)
2026-08-05 07:11:21 [iter 24/60] eval vs greedy done: 50.0% of 40 decided [seat0:20/20 seat1:0/20] (69s)
2026-08-05 07:11:21 [iter 24/60] eval vs minimax (depth 2, 40 games)...
2026-08-05 07:11:21 [EVAL-MP] 8 workers spawned (40 vs_minimax games, sims=200), GPU batcher starting...
2026-08-05 07:11:35 [iter 24/60] eval vs minimax: 5/40 games (0%)
2026-08-05 07:11:39   [GPU] 50,017 evals (1334 batches, avg 37/batch = 7% of 512, 2825 evals/s, 208 msg/s, 13.6 leaves/msg, 18s)
2026-08-05 07:11:46 [iter 24/60] eval vs minimax: 10/40 games (0%)
2026-08-05 07:11:52   [GPU] 100,018 evals (2512 batches, avg 40/batch = 8% of 512, 3212 evals/s, 235 msg/s, 13.7 leaves/msg, 31s)
2026-08-05 07:11:58 [iter 24/60] eval vs minimax: 15/40 games (0%)
2026-08-05 07:12:07   [GPU] 150,030 evals (3771 batches, avg 40/batch = 8% of 512, 3292 evals/s, 243 msg/s, 13.6 leaves/msg, 46s)
2026-08-05 07:12:07 [iter 24/60] eval vs minimax: 20/40 games (0%)
2026-08-05 07:12:11 [iter 24/60] eval vs minimax: 25/40 games (0%)
2026-08-05 07:12:21 [iter 24/60] eval vs minimax: 30/40 games (0%)
2026-08-05 07:12:23   [GPU] 200,043 evals (5140 batches, avg 39/batch = 8% of 512, 3236 evals/s, 240 msg/s, 13.5 leaves/msg, 62s)
2026-08-05 07:12:28 [iter 24/60] eval vs minimax: 35/40 games (0%)
2026-08-05 07:13:00   [GPU] 250,005 evals (7479 batches, avg 33/batch = 7% of 512, 2539 evals/s, 188 msg/s, 13.5 leaves/msg, 98s)
2026-08-05 07:13:01 [iter 24/60] eval vs minimax: 40/40 games (0%)
2026-08-05 07:13:01 [iter 24/60] eval vs minimax done: 0.0% of 35 decided [seat0:0/20 seat1:0/20] (100s)
2026-08-05 07:13:01 >>> iter 24 | loss_p=1.056 loss_v=0.164 | vs_best=83.3% reject | vs_rand=100.0% | draw=25% | buf=36904 | rss=2.94GB | sp=525s train=15s eval_best=1756s eval_rand=143s | total=2613s
2026-08-05 07:13:01 [iter 25/60] self-play starting (40 games, 600 sims, MIXED 20/40 race-only)...
2026-08-05 07:13:01 [PARALLEL-MP] 8 workers spawned (40 games, sims=600), GPU batcher starting...
2026-08-05 07:13:14   [GPU] 50,015 evals (963 batches, avg 52/batch = 10% of 512, 3767 evals/s, 290 msg/s, 13.0 leaves/msg, 13s)
2026-08-05 07:13:20 [iter 25/60] self-play: 5/40 games...
2026-08-05 07:13:28   [GPU] 100,034 evals (2131 batches, avg 47/batch = 9% of 512, 3759 evals/s, 296 msg/s, 12.7 leaves/msg, 27s)
2026-08-05 07:13:39 [iter 25/60] self-play: 10/40 games...
2026-08-05 07:13:40   [GPU] 150,011 evals (3237 batches, avg 46/batch = 9% of 512, 3815 evals/s, 299 msg/s, 12.8 leaves/msg, 39s)
2026-08-05 07:13:57   [GPU] 200,035 evals (4585 batches, avg 44/batch = 9% of 512, 3597 evals/s, 276 msg/s, 13.0 leaves/msg, 56s)
2026-08-05 07:14:12   [GPU] 250,039 evals (5880 batches, avg 43/batch = 8% of 512, 3517 evals/s, 263 msg/s, 13.4 leaves/msg, 71s)
2026-08-05 07:14:23 [iter 25/60] self-play: 15/40 games...
2026-08-05 07:14:26   [GPU] 300,045 evals (7157 batches, avg 42/batch = 8% of 512, 3515 evals/s, 262 msg/s, 13.4 leaves/msg, 85s)
2026-08-05 07:14:42   [GPU] 350,010 evals (8412 batches, avg 42/batch = 8% of 512, 3479 evals/s, 255 msg/s, 13.6 leaves/msg, 101s)
2026-08-05 07:14:57   [GPU] 400,070 evals (9716 batches, avg 41/batch = 8% of 512, 3456 evals/s, 253 msg/s, 13.6 leaves/msg, 116s)
2026-08-05 07:15:11 [iter 25/60] self-play: 20/40 games...
2026-08-05 07:15:12   [GPU] 450,002 evals (11017 batches, avg 41/batch = 8% of 512, 3440 evals/s, 253 msg/s, 13.6 leaves/msg, 131s)
2026-08-05 07:15:25   [GPU] 500,022 evals (12165 batches, avg 41/batch = 8% of 512, 3476 evals/s, 254 msg/s, 13.7 leaves/msg, 144s)
2026-08-05 07:15:39   [GPU] 550,010 evals (13419 batches, avg 41/batch = 8% of 512, 3480 evals/s, 253 msg/s, 13.7 leaves/msg, 158s)
2026-08-05 07:15:52   [GPU] 600,032 evals (14545 batches, avg 41/batch = 8% of 512, 3515 evals/s, 255 msg/s, 13.8 leaves/msg, 171s)
2026-08-05 07:16:06   [GPU] 650,003 evals (15774 batches, avg 41/batch = 8% of 512, 3518 evals/s, 255 msg/s, 13.8 leaves/msg, 185s)
2026-08-05 07:16:20   [GPU] 700,061 evals (17044 batches, avg 41/batch = 8% of 512, 3511 evals/s, 254 msg/s, 13.8 leaves/msg, 199s)
2026-08-05 07:16:31 [iter 25/60] self-play: 25/40 games...
2026-08-05 07:16:35   [GPU] 750,009 evals (18329 batches, avg 41/batch = 8% of 512, 3501 evals/s, 253 msg/s, 13.9 leaves/msg, 214s)
2026-08-05 07:16:51   [GPU] 800,041 evals (19620 batches, avg 41/batch = 8% of 512, 3487 evals/s, 251 msg/s, 13.9 leaves/msg, 229s)
2026-08-05 07:17:05   [GPU] 850,062 evals (20839 batches, avg 41/batch = 8% of 512, 3490 evals/s, 250 msg/s, 14.0 leaves/msg, 244s)
2026-08-05 07:17:18   [GPU] 900,041 evals (22017 batches, avg 41/batch = 8% of 512, 3504 evals/s, 251 msg/s, 14.0 leaves/msg, 257s)
2026-08-05 07:17:22 [iter 25/60] self-play: 30/40 games...
2026-08-05 07:17:33   [GPU] 950,014 evals (23311 batches, avg 41/batch = 8% of 512, 3496 evals/s, 251 msg/s, 13.9 leaves/msg, 272s)
2026-08-05 07:17:51   [GPU] 1,000,017 evals (24790 batches, avg 40/batch = 8% of 512, 3453 evals/s, 247 msg/s, 14.0 leaves/msg, 290s)
2026-08-05 07:17:54 [iter 25/60] self-play: 35/40 games...
2026-08-05 07:18:14   [GPU] 1,050,001 evals (26575 batches, avg 40/batch = 8% of 512, 3354 evals/s, 239 msg/s, 14.0 leaves/msg, 313s)
2026-08-05 07:18:42   [GPU] 1,100,023 evals (28603 batches, avg 38/batch = 8% of 512, 3224 evals/s, 229 msg/s, 14.0 leaves/msg, 341s)
2026-08-05 07:19:16   [GPU] 1,150,000 evals (30963 batches, avg 37/batch = 7% of 512, 3067 evals/s, 218 msg/s, 14.1 leaves/msg, 375s)
2026-08-05 07:20:00 [iter 25/60] self-play: 40/40 games...
2026-08-05 07:20:01 [iter 25/60] self-play done: 40 games (419s) | wins: P0=7, P1=25, draw=8 | draw_rate=20% avg_len~21
2026-08-05 07:20:01 [iter 25/60] training (600 steps, lr=6.89e-04)...
2026-08-05 07:20:16 [iter 25/60] training done: loss_p=1.049 loss_v=0.163 (15s)
2026-08-05 07:20:20 [iter 25/60] data: policy_wall_mass=0.123 walled_states=54% walls_on_board=9.0 value_mae walled=0.149 free=0.187
2026-08-05 07:20:20 [iter 25/60] eval skipped (eval_every=4)
2026-08-05 07:20:20 >>> iter 25 | loss_p=1.049 loss_v=0.163 | vs_best=n/a (not evaluated) | vs_rand=n/a | draw=20% | buf=38590 | rss=2.96GB | sp=419s train=15s eval_best=0s eval_rand=0s | total=439s
2026-08-05 07:20:20 [iter 26/60] self-play starting (40 games, 600 sims, MIXED 20/40 race-only)...
2026-08-05 07:20:20 [PARALLEL-MP] 8 workers spawned (40 games, sims=600), GPU batcher starting...
2026-08-05 07:20:35   [GPU] 50,000 evals (1051 batches, avg 48/batch = 9% of 512, 3494 evals/s, 294 msg/s, 11.9 leaves/msg, 14s)
2026-08-05 07:20:36 [iter 26/60] self-play: 5/40 games...
2026-08-05 07:20:47   [GPU] 100,071 evals (2155 batches, avg 46/batch = 9% of 512, 3728 evals/s, 297 msg/s, 12.5 leaves/msg, 27s)
2026-08-05 07:21:00 [iter 26/60] self-play: 10/40 games...
2026-08-05 07:21:01   [GPU] 150,020 evals (3369 batches, avg 45/batch = 9% of 512, 3648 evals/s, 286 msg/s, 12.8 leaves/msg, 41s)
2026-08-05 07:21:18   [GPU] 200,002 evals (4733 batches, avg 42/batch = 8% of 512, 3496 evals/s, 267 msg/s, 13.1 leaves/msg, 57s)
2026-08-05 07:21:33   [GPU] 250,015 evals (6030 batches, avg 41/batch = 8% of 512, 3450 evals/s, 257 msg/s, 13.4 leaves/msg, 72s)
2026-08-05 07:21:48   [GPU] 300,000 evals (7360 batches, avg 41/batch = 8% of 512, 3409 evals/s, 250 msg/s, 13.6 leaves/msg, 88s)
2026-08-05 07:22:03   [GPU] 350,001 evals (8614 batches, avg 41/batch = 8% of 512, 3409 evals/s, 248 msg/s, 13.7 leaves/msg, 103s)
2026-08-05 07:22:10 [iter 26/60] self-play: 15/40 games...
2026-08-05 07:22:16   [GPU] 400,029 evals (9741 batches, avg 41/batch = 8% of 512, 3461 evals/s, 253 msg/s, 13.7 leaves/msg, 116s)
2026-08-05 07:22:29   [GPU] 450,039 evals (10936 batches, avg 41/batch = 8% of 512, 3486 evals/s, 255 msg/s, 13.7 leaves/msg, 129s)
2026-08-05 07:22:45   [GPU] 500,055 evals (12245 batches, avg 41/batch = 8% of 512, 3466 evals/s, 252 msg/s, 13.8 leaves/msg, 144s)
2026-08-05 07:23:00   [GPU] 550,027 evals (13538 batches, avg 41/batch = 8% of 512, 3454 evals/s, 250 msg/s, 13.8 leaves/msg, 159s)
2026-08-05 07:23:14   [GPU] 600,030 evals (14801 batches, avg 41/batch = 8% of 512, 3447 evals/s, 248 msg/s, 13.9 leaves/msg, 174s)
2026-08-05 07:23:15 [iter 26/60] self-play: 20/40 games...
2026-08-05 07:23:28   [GPU] 650,011 evals (16004 batches, avg 41/batch = 8% of 512, 3456 evals/s, 248 msg/s, 13.9 leaves/msg, 188s)
2026-08-05 07:23:43   [GPU] 700,013 evals (17296 batches, avg 40/batch = 8% of 512, 3452 evals/s, 248 msg/s, 13.9 leaves/msg, 203s)
2026-08-05 07:23:57   [GPU] 750,013 evals (18500 batches, avg 41/batch = 8% of 512, 3458 evals/s, 248 msg/s, 13.9 leaves/msg, 217s)
2026-08-05 07:23:58 [iter 26/60] self-play: 25/40 games...
2026-08-05 07:24:12   [GPU] 800,025 evals (19795 batches, avg 40/batch = 8% of 512, 3453 evals/s, 249 msg/s, 13.9 leaves/msg, 232s)
2026-08-05 07:24:28   [GPU] 850,009 evals (21118 batches, avg 40/batch = 8% of 512, 3438 evals/s, 247 msg/s, 13.9 leaves/msg, 247s)
2026-08-05 07:24:43   [GPU] 900,000 evals (22438 batches, avg 40/batch = 8% of 512, 3429 evals/s, 247 msg/s, 13.9 leaves/msg, 262s)
2026-08-05 07:24:47 [iter 26/60] self-play: 30/40 games...
2026-08-05 07:24:58   [GPU] 950,052 evals (23798 batches, avg 40/batch = 8% of 512, 3415 evals/s, 246 msg/s, 13.9 leaves/msg, 278s)
2026-08-05 07:25:16   [GPU] 1,000,007 evals (25286 batches, avg 40/batch = 8% of 512, 3379 evals/s, 244 msg/s, 13.9 leaves/msg, 296s)
2026-08-05 07:25:34   [GPU] 1,050,014 evals (26771 batches, avg 39/batch = 8% of 512, 3346 evals/s, 241 msg/s, 13.9 leaves/msg, 314s)
2026-08-05 07:25:47 [iter 26/60] self-play: 35/40 games...
2026-08-05 07:25:55   [GPU] 1,100,014 evals (28436 batches, avg 39/batch = 8% of 512, 3286 evals/s, 236 msg/s, 13.9 leaves/msg, 335s)
2026-08-05 07:26:20   [GPU] 1,150,022 evals (30296 batches, avg 38/batch = 7% of 512, 3195 evals/s, 230 msg/s, 13.9 leaves/msg, 360s)
2026-08-05 07:26:46   [GPU] 1,200,019 evals (32228 batches, avg 37/batch = 7% of 512, 3111 evals/s, 223 msg/s, 13.9 leaves/msg, 386s)
2026-08-05 07:27:17   [GPU] 1,250,001 evals (34355 batches, avg 36/batch = 7% of 512, 3001 evals/s, 215 msg/s, 14.0 leaves/msg, 417s)
2026-08-05 07:27:48   [GPU] 1,300,011 evals (36442 batches, avg 36/batch = 7% of 512, 2905 evals/s, 208 msg/s, 14.0 leaves/msg, 448s)
2026-08-05 07:28:21   [GPU] 1,350,014 evals (38593 batches, avg 35/batch = 7% of 512, 2811 evals/s, 201 msg/s, 14.0 leaves/msg, 480s)
2026-08-05 07:28:43 [iter 26/60] self-play: 40/40 games...
2026-08-05 07:28:43 [iter 26/60] self-play done: 40 games (503s) | wins: P0=2, P1=27, draw=11 | draw_rate=28% avg_len~16
2026-08-05 07:28:43 [iter 26/60] WARNING: draw_rate 28% > 20% — games timing out at max_game_moves=160 (weak value signal).
2026-08-05 07:28:43 [iter 26/60] training (600 steps, lr=6.66e-04)...
2026-08-05 07:28:58 [iter 26/60] training done: loss_p=1.037 loss_v=0.158 (15s)
2026-08-05 07:29:02 [iter 26/60] data: policy_wall_mass=0.121 walled_states=43% walls_on_board=8.1 value_mae walled=0.114 free=0.174
2026-08-05 07:29:02 [iter 26/60] eval skipped (eval_every=4)
2026-08-05 07:29:02 >>> iter 26 | loss_p=1.037 loss_v=0.158 | vs_best=n/a (not evaluated) | vs_rand=n/a | draw=28% | buf=39862 | rss=2.98GB | sp=503s train=15s eval_best=0s eval_rand=0s | total=522s
2026-08-05 07:29:02 [iter 27/60] self-play starting (40 games, 600 sims, MIXED 20/40 race-only)...
2026-08-05 07:29:02 [PARALLEL-MP] 8 workers spawned (40 games, sims=600), GPU batcher starting...
2026-08-05 07:29:14   [GPU] 50,044 evals (966 batches, avg 52/batch = 10% of 512, 4142 evals/s, 341 msg/s, 12.2 leaves/msg, 12s)
2026-08-05 07:29:16 [iter 27/60] self-play: 5/40 games...
2026-08-05 07:29:27   [GPU] 100,024 evals (2179 batches, avg 46/batch = 9% of 512, 4023 evals/s, 327 msg/s, 12.3 leaves/msg, 25s)
2026-08-05 07:29:39 [iter 27/60] self-play: 10/40 games...
2026-08-05 07:29:40   [GPU] 150,070 evals (3329 batches, avg 45/batch = 9% of 512, 4025 evals/s, 312 msg/s, 12.9 leaves/msg, 37s)
2026-08-05 07:29:55   [GPU] 200,020 evals (4659 batches, avg 43/batch = 8% of 512, 3833 evals/s, 290 msg/s, 13.2 leaves/msg, 52s)
2026-08-05 07:30:09   [GPU] 250,021 evals (5955 batches, avg 42/batch = 8% of 512, 3756 evals/s, 277 msg/s, 13.6 leaves/msg, 67s)
2026-08-05 07:30:22   [GPU] 300,008 evals (7152 batches, avg 42/batch = 8% of 512, 3784 evals/s, 278 msg/s, 13.6 leaves/msg, 79s)
2026-08-05 07:30:33   [GPU] 350,018 evals (8220 batches, avg 43/batch = 8% of 512, 3872 evals/s, 284 msg/s, 13.6 leaves/msg, 90s)
2026-08-05 07:30:33 [iter 27/60] self-play: 15/40 games...
2026-08-05 07:30:45   [GPU] 400,028 evals (9405 batches, avg 43/batch = 8% of 512, 3898 evals/s, 287 msg/s, 13.6 leaves/msg, 103s)
2026-08-05 07:30:58   [GPU] 450,052 evals (10620 batches, avg 42/batch = 8% of 512, 3901 evals/s, 288 msg/s, 13.5 leaves/msg, 115s)
2026-08-05 07:31:04 [iter 27/60] self-play: 20/40 games...
2026-08-05 07:31:10   [GPU] 500,042 evals (11827 batches, avg 42/batch = 8% of 512, 3905 evals/s, 288 msg/s, 13.5 leaves/msg, 128s)
2026-08-05 07:31:24   [GPU] 550,015 evals (13035 batches, avg 42/batch = 8% of 512, 3895 evals/s, 287 msg/s, 13.6 leaves/msg, 141s)
2026-08-05 07:31:36   [GPU] 600,058 evals (14172 batches, avg 42/batch = 8% of 512, 3917 evals/s, 288 msg/s, 13.6 leaves/msg, 153s)
2026-08-05 07:31:48   [GPU] 650,015 evals (15392 batches, avg 42/batch = 8% of 512, 3922 evals/s, 289 msg/s, 13.6 leaves/msg, 166s)
2026-08-05 07:32:00   [GPU] 700,011 evals (16584 batches, avg 42/batch = 8% of 512, 3931 evals/s, 289 msg/s, 13.6 leaves/msg, 178s)
2026-08-05 07:32:01 [iter 27/60] self-play: 25/40 games...
2026-08-05 07:32:15   [GPU] 750,004 evals (17911 batches, avg 42/batch = 8% of 512, 3896 evals/s, 285 msg/s, 13.6 leaves/msg, 193s)
2026-08-05 07:32:29   [GPU] 800,012 evals (19179 batches, avg 42/batch = 8% of 512, 3877 evals/s, 283 msg/s, 13.7 leaves/msg, 206s)
2026-08-05 07:32:43   [GPU] 850,008 evals (20517 batches, avg 41/batch = 8% of 512, 3849 evals/s, 281 msg/s, 13.7 leaves/msg, 221s)
2026-08-05 07:32:57   [GPU] 900,027 evals (21776 batches, avg 41/batch = 8% of 512, 3840 evals/s, 280 msg/s, 13.7 leaves/msg, 234s)
2026-08-05 07:33:01 [iter 27/60] self-play: 30/40 games...
2026-08-05 07:33:12   [GPU] 950,011 evals (23160 batches, avg 41/batch = 8% of 512, 3804 evals/s, 278 msg/s, 13.7 leaves/msg, 250s)
2026-08-05 07:33:29   [GPU] 1,000,000 evals (24581 batches, avg 41/batch = 8% of 512, 3753 evals/s, 273 msg/s, 13.7 leaves/msg, 266s)
2026-08-05 07:33:48   [GPU] 1,050,015 evals (26162 batches, avg 40/batch = 8% of 512, 3677 evals/s, 267 msg/s, 13.8 leaves/msg, 286s)
2026-08-05 07:34:06   [GPU] 1,100,013 evals (27688 batches, avg 40/batch = 8% of 512, 3629 evals/s, 263 msg/s, 13.8 leaves/msg, 303s)
2026-08-05 07:34:21   [GPU] 1,150,011 evals (29139 batches, avg 39/batch = 8% of 512, 3604 evals/s, 260 msg/s, 13.8 leaves/msg, 319s)
2026-08-05 07:34:34 [iter 27/60] self-play: 35/40 games...
2026-08-05 07:34:37   [GPU] 1,200,013 evals (30559 batches, avg 39/batch = 8% of 512, 3586 evals/s, 258 msg/s, 13.9 leaves/msg, 335s)
2026-08-05 07:34:55   [GPU] 1,250,010 evals (32162 batches, avg 39/batch = 8% of 512, 3542 evals/s, 255 msg/s, 13.9 leaves/msg, 353s)
2026-08-05 07:35:19   [GPU] 1,300,006 evals (34060 batches, avg 38/batch = 7% of 512, 3456 evals/s, 248 msg/s, 13.9 leaves/msg, 376s)
2026-08-05 07:35:39 [iter 27/60] self-play: 40/40 games...
2026-08-05 07:35:39 [iter 27/60] self-play done: 40 games (397s) | wins: P0=7, P1=24, draw=9 | draw_rate=22% avg_len~23
2026-08-05 07:35:39 [iter 27/60] WARNING: draw_rate 22% > 20% — games timing out at max_game_moves=160 (weak value signal).
2026-08-05 07:35:39 [iter 27/60] training (600 steps, lr=6.44e-04)...
2026-08-05 07:35:55 [iter 27/60] training done: loss_p=1.034 loss_v=0.157 (16s)
2026-08-05 07:35:59 [iter 27/60] data: policy_wall_mass=0.108 walled_states=60% walls_on_board=11.5 value_mae walled=0.125 free=0.179
2026-08-05 07:35:59 [iter 27/60] eval skipped (eval_every=4)
2026-08-05 07:35:59 >>> iter 27 | loss_p=1.034 loss_v=0.157 | vs_best=n/a (not evaluated) | vs_rand=n/a | draw=22% | buf=41682 | rss=3.00GB | sp=397s train=16s eval_best=0s eval_rand=0s | total=417s
2026-08-05 07:35:59 [iter 28/60] self-play starting (40 games, 600 sims, MIXED 20/40 race-only)...
2026-08-05 07:35:59 [PARALLEL-MP] 8 workers spawned (40 games, sims=600), GPU batcher starting...
2026-08-05 07:36:12   [GPU] 50,029 evals (1039 batches, avg 48/batch = 9% of 512, 3970 evals/s, 333 msg/s, 11.9 leaves/msg, 13s)
2026-08-05 07:36:15 [iter 28/60] self-play: 5/40 games...
2026-08-05 07:36:24   [GPU] 100,031 evals (2210 batches, avg 45/batch = 9% of 512, 3992 evals/s, 327 msg/s, 12.2 leaves/msg, 25s)
2026-08-05 07:36:33 [iter 28/60] self-play: 10/40 games...
2026-08-05 07:36:38   [GPU] 150,004 evals (3434 batches, avg 44/batch = 9% of 512, 3922 evals/s, 306 msg/s, 12.8 leaves/msg, 38s)
2026-08-05 07:36:53   [GPU] 200,015 evals (4787 batches, avg 42/batch = 8% of 512, 3698 evals/s, 280 msg/s, 13.2 leaves/msg, 54s)
2026-08-05 07:37:09   [GPU] 250,028 evals (6151 batches, avg 41/batch = 8% of 512, 3592 evals/s, 266 msg/s, 13.5 leaves/msg, 70s)
2026-08-05 07:37:22   [GPU] 300,006 evals (7409 batches, avg 40/batch = 8% of 512, 3612 evals/s, 264 msg/s, 13.7 leaves/msg, 83s)
2026-08-05 07:37:35   [GPU] 350,023 evals (8641 batches, avg 41/batch = 8% of 512, 3649 evals/s, 266 msg/s, 13.7 leaves/msg, 96s)
2026-08-05 07:37:44 [iter 28/60] self-play: 15/40 games...
2026-08-05 07:37:47   [GPU] 400,054 evals (9792 batches, avg 41/batch = 8% of 512, 3713 evals/s, 272 msg/s, 13.6 leaves/msg, 108s)
2026-08-05 07:37:59   [GPU] 450,050 evals (10934 batches, avg 41/batch = 8% of 512, 3760 evals/s, 277 msg/s, 13.6 leaves/msg, 120s)
2026-08-05 07:38:12   [GPU] 500,025 evals (12194 batches, avg 41/batch = 8% of 512, 3761 evals/s, 277 msg/s, 13.6 leaves/msg, 133s)
2026-08-05 07:38:26   [GPU] 550,036 evals (13454 batches, avg 41/batch = 8% of 512, 3758 evals/s, 275 msg/s, 13.6 leaves/msg, 146s)
2026-08-05 07:38:39   [GPU] 600,033 evals (14714 batches, avg 41/batch = 8% of 512, 3760 evals/s, 274 msg/s, 13.7 leaves/msg, 160s)
2026-08-05 07:38:43 [iter 28/60] self-play: 20/40 games...
2026-08-05 07:38:51   [GPU] 650,005 evals (15845 batches, avg 41/batch = 8% of 512, 3792 evals/s, 276 msg/s, 13.7 leaves/msg, 171s)
2026-08-05 07:39:04   [GPU] 700,049 evals (17110 batches, avg 41/batch = 8% of 512, 3792 evals/s, 277 msg/s, 13.7 leaves/msg, 185s)
2026-08-05 07:39:16   [GPU] 750,001 evals (18253 batches, avg 41/batch = 8% of 512, 3813 evals/s, 278 msg/s, 13.7 leaves/msg, 197s)
2026-08-05 07:39:29   [GPU] 800,015 evals (19452 batches, avg 41/batch = 8% of 512, 3823 evals/s, 280 msg/s, 13.7 leaves/msg, 209s)
2026-08-05 07:39:40 [iter 28/60] self-play: 25/40 games...
2026-08-05 07:39:42   [GPU] 850,028 evals (20673 batches, avg 41/batch = 8% of 512, 3826 evals/s, 279 msg/s, 13.7 leaves/msg, 222s)
2026-08-05 07:39:54 [iter 28/60] self-play: 30/40 games...
2026-08-05 07:39:54   [GPU] 900,071 evals (21883 batches, avg 41/batch = 8% of 512, 3828 evals/s, 280 msg/s, 13.7 leaves/msg, 235s)
2026-08-05 07:40:11   [GPU] 950,019 evals (23272 batches, avg 41/batch = 8% of 512, 3781 evals/s, 276 msg/s, 13.7 leaves/msg, 251s)
2026-08-05 07:40:28   [GPU] 1,000,019 evals (24744 batches, avg 40/batch = 8% of 512, 3726 evals/s, 271 msg/s, 13.8 leaves/msg, 268s)
2026-08-05 07:40:47   [GPU] 1,050,009 evals (26372 batches, avg 40/batch = 8% of 512, 3650 evals/s, 264 msg/s, 13.8 leaves/msg, 288s)
2026-08-05 07:40:58 [iter 28/60] self-play: 35/40 games...
2026-08-05 07:41:07   [GPU] 1,100,041 evals (28050 batches, avg 39/batch = 8% of 512, 3574 evals/s, 259 msg/s, 13.8 leaves/msg, 308s)
2026-08-05 07:41:29   [GPU] 1,150,008 evals (29804 batches, avg 39/batch = 8% of 512, 3487 evals/s, 252 msg/s, 13.8 leaves/msg, 330s)
2026-08-05 07:41:51   [GPU] 1,200,022 evals (31543 batches, avg 38/batch = 7% of 512, 3416 evals/s, 246 msg/s, 13.9 leaves/msg, 351s)
2026-08-05 07:42:13   [GPU] 1,250,017 evals (33370 batches, avg 37/batch = 7% of 512, 3343 evals/s, 241 msg/s, 13.9 leaves/msg, 374s)
2026-08-05 07:42:35   [GPU] 1,300,016 evals (35167 batches, avg 37/batch = 7% of 512, 3286 evals/s, 237 msg/s, 13.9 leaves/msg, 396s)
2026-08-05 07:43:05   [GPU] 1,350,024 evals (37348 batches, avg 36/batch = 7% of 512, 3169 evals/s, 228 msg/s, 13.9 leaves/msg, 426s)
2026-08-05 07:43:49 [iter 28/60] self-play: 40/40 games...
2026-08-05 07:43:50 [iter 28/60] self-play done: 40 games (470s) | wins: P0=3, P1=26, draw=11 | draw_rate=28% avg_len~17
2026-08-05 07:43:50 [iter 28/60] WARNING: draw_rate 28% > 20% — games timing out at max_game_moves=160 (weak value signal).
2026-08-05 07:43:50 [iter 28/60] training (600 steps, lr=6.20e-04)...
2026-08-05 07:44:06 [iter 28/60] training done: loss_p=1.023 loss_v=0.155 (16s)
2026-08-05 07:44:10 [iter 28/60] data: policy_wall_mass=0.100 walled_states=49% walls_on_board=9.5 value_mae walled=0.137 free=0.143
2026-08-05 07:44:11 [iter 28/60] eval vs best (160 games, 200 sims)...
2026-08-05 07:44:11 [EVAL-MP] 8 workers spawned (160 vs_best games, sims=200), GPU batcher starting...
2026-08-05 07:44:29   [GPU] 50,011 evals (1187 batches, avg 42/batch = 8% of 512, 2696 evals/s, 189 msg/s, 14.3 leaves/msg, 19s)
2026-08-05 07:44:45   [GPU] 100,040 evals (2292 batches, avg 44/batch = 9% of 512, 2940 evals/s, 213 msg/s, 13.8 leaves/msg, 34s)
2026-08-05 07:45:00   [GPU] 150,030 evals (3392 batches, avg 44/batch = 9% of 512, 3052 evals/s, 225 msg/s, 13.6 leaves/msg, 49s)
2026-08-05 07:45:15   [GPU] 200,048 evals (4469 batches, avg 45/batch = 9% of 512, 3112 evals/s, 231 msg/s, 13.5 leaves/msg, 64s)
2026-08-05 07:45:30   [GPU] 250,028 evals (5568 batches, avg 45/batch = 9% of 512, 3130 evals/s, 233 msg/s, 13.4 leaves/msg, 80s)
2026-08-05 07:45:33 [iter 28/60] eval vs best: 5/160 games (82s, cand 0%)
2026-08-05 07:45:48   [GPU] 300,002 evals (6775 batches, avg 44/batch = 9% of 512, 3083 evals/s, 228 msg/s, 13.5 leaves/msg, 97s)
2026-08-05 07:46:04   [GPU] 350,049 evals (7854 batches, avg 45/batch = 9% of 512, 3090 evals/s, 230 msg/s, 13.4 leaves/msg, 113s)
2026-08-05 07:46:20   [GPU] 400,060 evals (8919 batches, avg 45/batch = 9% of 512, 3098 evals/s, 231 msg/s, 13.4 leaves/msg, 129s)
2026-08-05 07:46:35   [GPU] 450,050 evals (9990 batches, avg 45/batch = 9% of 512, 3107 evals/s, 233 msg/s, 13.3 leaves/msg, 145s)
2026-08-05 07:46:44 [iter 28/60] eval vs best: 10/160 games (154s, cand 0%)
2026-08-05 07:46:52   [GPU] 500,018 evals (11123 batches, avg 45/batch = 9% of 512, 3099 evals/s, 232 msg/s, 13.3 leaves/msg, 161s)
2026-08-05 07:47:10   [GPU] 550,028 evals (12297 batches, avg 45/batch = 9% of 512, 3075 evals/s, 230 msg/s, 13.3 leaves/msg, 179s)
2026-08-05 07:47:13 [iter 28/60] eval vs best: 15/160 games (182s, cand 0%)
2026-08-05 07:47:27   [GPU] 600,021 evals (13432 batches, avg 45/batch = 9% of 512, 3058 evals/s, 230 msg/s, 13.3 leaves/msg, 196s)
2026-08-05 07:47:43   [GPU] 650,056 evals (14568 batches, avg 45/batch = 9% of 512, 3054 evals/s, 230 msg/s, 13.3 leaves/msg, 213s)
2026-08-05 07:48:00   [GPU] 700,019 evals (15714 batches, avg 45/batch = 9% of 512, 3046 evals/s, 230 msg/s, 13.2 leaves/msg, 230s)
2026-08-05 07:48:10 [iter 28/60] eval vs best: 20/160 games (239s, cand 100%)
2026-08-05 07:48:18   [GPU] 750,053 evals (16877 batches, avg 44/batch = 9% of 512, 3036 evals/s, 230 msg/s, 13.2 leaves/msg, 247s)
2026-08-05 07:48:37   [GPU] 800,006 evals (18169 batches, avg 44/batch = 9% of 512, 3008 evals/s, 228 msg/s, 13.2 leaves/msg, 266s)
2026-08-05 07:48:54   [GPU] 850,014 evals (19346 batches, avg 44/batch = 9% of 512, 2996 evals/s, 227 msg/s, 13.2 leaves/msg, 284s)
2026-08-05 07:48:58 [iter 28/60] eval vs best: 25/160 games (287s, cand 100%)
2026-08-05 07:49:11   [GPU] 900,024 evals (20468 batches, avg 44/batch = 9% of 512, 2999 evals/s, 227 msg/s, 13.2 leaves/msg, 300s)
2026-08-05 07:49:27   [GPU] 950,057 evals (21576 batches, avg 44/batch = 9% of 512, 3005 evals/s, 228 msg/s, 13.2 leaves/msg, 316s)
2026-08-05 07:49:44   [GPU] 1,000,029 evals (22717 batches, avg 44/batch = 9% of 512, 3004 evals/s, 227 msg/s, 13.2 leaves/msg, 333s)
2026-08-05 07:49:53 [iter 28/60] eval vs best: 30/160 games (342s, cand 100%)
2026-08-05 07:50:01   [GPU] 1,050,002 evals (23909 batches, avg 44/batch = 9% of 512, 3000 evals/s, 226 msg/s, 13.3 leaves/msg, 350s)
2026-08-05 07:50:17   [GPU] 1,100,019 evals (25049 batches, avg 44/batch = 9% of 512, 3000 evals/s, 226 msg/s, 13.3 leaves/msg, 367s)
2026-08-05 07:50:32 [iter 28/60] eval vs best: 35/160 games (381s, cand 100%)
2026-08-05 07:50:34   [GPU] 1,150,005 evals (26168 batches, avg 44/batch = 9% of 512, 3002 evals/s, 225 msg/s, 13.3 leaves/msg, 383s)
2026-08-05 07:50:50   [GPU] 1,200,046 evals (27264 batches, avg 44/batch = 9% of 512, 3008 evals/s, 225 msg/s, 13.3 leaves/msg, 399s)
2026-08-05 07:51:05   [GPU] 1,250,013 evals (28339 batches, avg 44/batch = 9% of 512, 3016 evals/s, 226 msg/s, 13.4 leaves/msg, 414s)
2026-08-05 07:51:20 [iter 28/60] eval vs best: 40/160 games (429s, cand 100%)
2026-08-05 07:51:21   [GPU] 1,300,040 evals (29453 batches, avg 44/batch = 9% of 512, 3020 evals/s, 226 msg/s, 13.4 leaves/msg, 431s)
2026-08-05 07:51:37   [GPU] 1,350,024 evals (30538 batches, avg 44/batch = 9% of 512, 3026 evals/s, 226 msg/s, 13.4 leaves/msg, 446s)
2026-08-05 07:51:53   [GPU] 1,400,027 evals (31655 batches, avg 44/batch = 9% of 512, 3027 evals/s, 226 msg/s, 13.4 leaves/msg, 463s)
2026-08-05 07:52:10   [GPU] 1,450,012 evals (32789 batches, avg 44/batch = 9% of 512, 3028 evals/s, 226 msg/s, 13.4 leaves/msg, 479s)
2026-08-05 07:52:14 [iter 28/60] eval vs best: 45/160 games (484s, cand 100%)
2026-08-05 07:52:26   [GPU] 1,500,017 evals (33925 batches, avg 44/batch = 9% of 512, 3027 evals/s, 226 msg/s, 13.4 leaves/msg, 496s)
2026-08-05 07:52:42   [GPU] 1,550,003 evals (35013 batches, avg 44/batch = 9% of 512, 3032 evals/s, 226 msg/s, 13.4 leaves/msg, 511s)
2026-08-05 07:52:58   [GPU] 1,600,001 evals (36103 batches, avg 44/batch = 9% of 512, 3036 evals/s, 226 msg/s, 13.4 leaves/msg, 527s)
2026-08-05 07:53:13   [GPU] 1,650,009 evals (37162 batches, avg 44/batch = 9% of 512, 3042 evals/s, 226 msg/s, 13.4 leaves/msg, 542s)
2026-08-05 07:53:16 [iter 28/60] eval vs best: 50/160 games (545s, cand 100%)
2026-08-05 07:53:29   [GPU] 1,700,024 evals (38224 batches, avg 44/batch = 9% of 512, 3047 evals/s, 227 msg/s, 13.4 leaves/msg, 558s)
2026-08-05 07:53:45   [GPU] 1,750,027 evals (39320 batches, avg 45/batch = 9% of 512, 3049 evals/s, 227 msg/s, 13.4 leaves/msg, 574s)
2026-08-05 07:53:56 [iter 28/60] eval vs best: 55/160 games (585s, cand 100%)
2026-08-05 07:54:01   [GPU] 1,800,077 evals (40448 batches, avg 45/batch = 9% of 512, 3049 evals/s, 227 msg/s, 13.4 leaves/msg, 590s)
2026-08-05 07:54:18   [GPU] 1,850,041 evals (41649 batches, avg 44/batch = 9% of 512, 3044 evals/s, 227 msg/s, 13.4 leaves/msg, 608s)
2026-08-05 07:54:36   [GPU] 1,900,020 evals (42834 batches, avg 44/batch = 9% of 512, 3039 evals/s, 227 msg/s, 13.4 leaves/msg, 625s)
2026-08-05 07:54:50 [iter 28/60] eval vs best: 60/160 games (640s, cand 100%)
2026-08-05 07:54:53   [GPU] 1,950,016 evals (44000 batches, avg 44/batch = 9% of 512, 3036 evals/s, 227 msg/s, 13.4 leaves/msg, 642s)
2026-08-05 07:55:10   [GPU] 2,000,041 evals (45194 batches, avg 44/batch = 9% of 512, 3031 evals/s, 226 msg/s, 13.4 leaves/msg, 660s)
2026-08-05 07:55:27 [iter 28/60] eval vs best: 65/160 games (677s, cand 100%)
2026-08-05 07:55:28   [GPU] 2,050,001 evals (46375 batches, avg 44/batch = 9% of 512, 3027 evals/s, 226 msg/s, 13.4 leaves/msg, 677s)
2026-08-05 07:55:45   [GPU] 2,100,001 evals (47571 batches, avg 44/batch = 9% of 512, 3023 evals/s, 226 msg/s, 13.4 leaves/msg, 695s)
2026-08-05 07:56:02   [GPU] 2,150,020 evals (48676 batches, avg 44/batch = 9% of 512, 3024 evals/s, 225 msg/s, 13.4 leaves/msg, 711s)
2026-08-05 07:56:17   [GPU] 2,200,024 evals (49757 batches, avg 44/batch = 9% of 512, 3027 evals/s, 226 msg/s, 13.4 leaves/msg, 727s)
2026-08-05 07:56:33   [GPU] 2,250,030 evals (50856 batches, avg 44/batch = 9% of 512, 3030 evals/s, 226 msg/s, 13.4 leaves/msg, 743s)
2026-08-05 07:56:36 [iter 28/60] eval vs best: 70/160 games (745s, cand 100%)
2026-08-05 07:56:50   [GPU] 2,300,029 evals (51995 batches, avg 44/batch = 9% of 512, 3030 evals/s, 226 msg/s, 13.4 leaves/msg, 759s)
2026-08-05 07:57:05   [GPU] 2,350,040 evals (53081 batches, avg 44/batch = 9% of 512, 3033 evals/s, 226 msg/s, 13.4 leaves/msg, 775s)
2026-08-05 07:57:21   [GPU] 2,400,005 evals (54117 batches, avg 44/batch = 9% of 512, 3038 evals/s, 226 msg/s, 13.4 leaves/msg, 790s)
2026-08-05 07:57:23 [iter 28/60] eval vs best: 75/160 games (792s, cand 100%)
2026-08-05 07:57:37   [GPU] 2,450,007 evals (55215 batches, avg 44/batch = 9% of 512, 3040 evals/s, 227 msg/s, 13.4 leaves/msg, 806s)
2026-08-05 07:57:47 [iter 28/60] eval vs best: 80/160 games (817s, cand 100%)
2026-08-05 07:57:53   [GPU] 2,500,041 evals (56314 batches, avg 44/batch = 9% of 512, 3041 evals/s, 227 msg/s, 13.4 leaves/msg, 822s)
2026-08-05 07:58:05 [iter 28/60] eval vs best: 85/160 games (835s, cand 89%)
2026-08-05 07:58:08   [GPU] 2,550,063 evals (57451 batches, avg 44/batch = 9% of 512, 3045 evals/s, 227 msg/s, 13.4 leaves/msg, 838s)
2026-08-05 07:58:23   [GPU] 2,600,030 evals (58486 batches, avg 44/batch = 9% of 512, 3049 evals/s, 227 msg/s, 13.4 leaves/msg, 853s)
2026-08-05 07:58:38   [GPU] 2,650,038 evals (59483 batches, avg 45/batch = 9% of 512, 3054 evals/s, 227 msg/s, 13.4 leaves/msg, 868s)
2026-08-05 07:58:54   [GPU] 2,700,063 evals (60528 batches, avg 45/batch = 9% of 512, 3058 evals/s, 227 msg/s, 13.4 leaves/msg, 883s)
2026-08-05 07:59:03 [iter 28/60] eval vs best: 90/160 games (892s, cand 90%)
2026-08-05 07:59:10   [GPU] 2,750,037 evals (61621 batches, avg 45/batch = 9% of 512, 3058 evals/s, 227 msg/s, 13.5 leaves/msg, 899s)
2026-08-05 07:59:27   [GPU] 2,800,047 evals (62752 batches, avg 45/batch = 9% of 512, 3057 evals/s, 227 msg/s, 13.5 leaves/msg, 916s)
2026-08-05 07:59:43   [GPU] 2,850,002 evals (63856 batches, avg 45/batch = 9% of 512, 3057 evals/s, 227 msg/s, 13.5 leaves/msg, 932s)
2026-08-05 07:59:58   [GPU] 2,900,034 evals (64900 batches, avg 45/batch = 9% of 512, 3060 evals/s, 227 msg/s, 13.5 leaves/msg, 948s)
2026-08-05 08:00:09 [iter 28/60] eval vs best: 95/160 games (958s, cand 90%)
2026-08-05 08:00:14   [GPU] 2,950,007 evals (65975 batches, avg 45/batch = 9% of 512, 3061 evals/s, 227 msg/s, 13.5 leaves/msg, 964s)
2026-08-05 08:00:31   [GPU] 3,000,029 evals (67103 batches, avg 45/batch = 9% of 512, 3060 evals/s, 227 msg/s, 13.5 leaves/msg, 980s)
2026-08-05 08:00:44 [iter 28/60] eval vs best: 100/160 games (993s, cand 90%)
2026-08-05 08:00:47   [GPU] 3,050,009 evals (68188 batches, avg 45/batch = 9% of 512, 3062 evals/s, 227 msg/s, 13.5 leaves/msg, 996s)
2026-08-05 08:01:04   [GPU] 3,100,051 evals (69391 batches, avg 45/batch = 9% of 512, 3058 evals/s, 227 msg/s, 13.5 leaves/msg, 1014s)
2026-08-05 08:01:23   [GPU] 3,150,008 evals (70633 batches, avg 45/batch = 9% of 512, 3052 evals/s, 227 msg/s, 13.5 leaves/msg, 1032s)
2026-08-05 08:01:37 [iter 28/60] eval vs best: 105/160 games (1047s, cand 90%)
2026-08-05 08:01:42   [GPU] 3,200,018 evals (71930 batches, avg 44/batch = 9% of 512, 3044 evals/s, 226 msg/s, 13.5 leaves/msg, 1051s)
2026-08-05 08:02:01   [GPU] 3,250,005 evals (73212 batches, avg 44/batch = 9% of 512, 3036 evals/s, 226 msg/s, 13.5 leaves/msg, 1070s)
2026-08-05 08:02:20   [GPU] 3,300,004 evals (74499 batches, avg 44/batch = 9% of 512, 3030 evals/s, 225 msg/s, 13.5 leaves/msg, 1089s)
2026-08-05 08:02:38   [GPU] 3,350,002 evals (75795 batches, avg 44/batch = 9% of 512, 3024 evals/s, 225 msg/s, 13.4 leaves/msg, 1108s)
2026-08-05 08:02:50 [iter 28/60] eval vs best: 110/160 games (1120s, cand 90%)
2026-08-05 08:02:58   [GPU] 3,400,020 evals (77098 batches, avg 44/batch = 9% of 512, 3017 evals/s, 224 msg/s, 13.4 leaves/msg, 1127s)
2026-08-05 08:03:16   [GPU] 3,450,007 evals (78346 batches, avg 44/batch = 9% of 512, 3013 evals/s, 224 msg/s, 13.4 leaves/msg, 1145s)
2026-08-05 08:03:37   [GPU] 3,500,045 evals (79696 batches, avg 44/batch = 9% of 512, 3002 evals/s, 223 msg/s, 13.4 leaves/msg, 1166s)
2026-08-05 08:03:48 [iter 28/60] eval vs best: 115/160 games (1177s, cand 91%)
2026-08-05 08:03:57   [GPU] 3,550,011 evals (81064 batches, avg 44/batch = 9% of 512, 2992 evals/s, 223 msg/s, 13.4 leaves/msg, 1187s)
2026-08-05 08:04:18   [GPU] 3,600,003 evals (82457 batches, avg 44/batch = 9% of 512, 2981 evals/s, 222 msg/s, 13.4 leaves/msg, 1208s)
2026-08-05 08:04:38   [GPU] 3,650,006 evals (83808 batches, avg 44/batch = 9% of 512, 2974 evals/s, 222 msg/s, 13.4 leaves/msg, 1227s)
2026-08-05 08:04:47 [iter 28/60] eval vs best: 120/160 games (1236s, cand 91%)
2026-08-05 08:04:57   [GPU] 3,700,011 evals (85126 batches, avg 43/batch = 8% of 512, 2968 evals/s, 222 msg/s, 13.4 leaves/msg, 1247s)
2026-08-05 08:05:16   [GPU] 3,750,017 evals (86419 batches, avg 43/batch = 8% of 512, 2963 evals/s, 221 msg/s, 13.4 leaves/msg, 1266s)
2026-08-05 08:05:24 [iter 28/60] eval vs best: 125/160 games (1273s, cand 91%)
2026-08-05 08:05:35   [GPU] 3,800,010 evals (87720 batches, avg 43/batch = 8% of 512, 2958 evals/s, 221 msg/s, 13.4 leaves/msg, 1285s)
2026-08-05 08:05:56   [GPU] 3,850,013 evals (89055 batches, avg 43/batch = 8% of 512, 2950 evals/s, 220 msg/s, 13.4 leaves/msg, 1305s)
2026-08-05 08:06:16   [GPU] 3,900,046 evals (90385 batches, avg 43/batch = 8% of 512, 2944 evals/s, 220 msg/s, 13.4 leaves/msg, 1325s)
2026-08-05 08:06:33 [iter 28/60] eval vs best: 130/160 games (1343s, cand 92%)
2026-08-05 08:06:34   [GPU] 3,950,004 evals (91684 batches, avg 43/batch = 8% of 512, 2940 evals/s, 220 msg/s, 13.4 leaves/msg, 1343s)
2026-08-05 08:06:53   [GPU] 4,000,024 evals (92959 batches, avg 43/batch = 8% of 512, 2937 evals/s, 219 msg/s, 13.4 leaves/msg, 1362s)
2026-08-05 08:07:01 [iter 28/60] eval vs best: 135/160 games (1371s, cand 92%)
2026-08-05 08:07:12   [GPU] 4,050,019 evals (94274 batches, avg 43/batch = 8% of 512, 2933 evals/s, 219 msg/s, 13.4 leaves/msg, 1381s)
2026-08-05 08:07:30   [GPU] 4,100,057 evals (95562 batches, avg 43/batch = 8% of 512, 2930 evals/s, 219 msg/s, 13.4 leaves/msg, 1400s)
2026-08-05 08:07:48   [GPU] 4,150,001 evals (96801 batches, avg 43/batch = 8% of 512, 2927 evals/s, 219 msg/s, 13.4 leaves/msg, 1418s)
2026-08-05 08:08:08   [GPU] 4,200,020 evals (98121 batches, avg 43/batch = 8% of 512, 2923 evals/s, 218 msg/s, 13.4 leaves/msg, 1437s)
2026-08-05 08:08:23 [iter 28/60] eval vs best: 140/160 games (1452s, cand 92%)
2026-08-05 08:08:28   [GPU] 4,250,011 evals (99500 batches, avg 43/batch = 8% of 512, 2917 evals/s, 218 msg/s, 13.4 leaves/msg, 1457s)
2026-08-05 08:08:50   [GPU] 4,300,026 evals (100972 batches, avg 43/batch = 8% of 512, 2908 evals/s, 217 msg/s, 13.4 leaves/msg, 1479s)
2026-08-05 08:09:07 [iter 28/60] eval vs best: 145/160 games (1497s, cand 92%)
2026-08-05 08:09:14   [GPU] 4,350,040 evals (102614 batches, avg 42/batch = 8% of 512, 2894 evals/s, 216 msg/s, 13.4 leaves/msg, 1503s)
2026-08-05 08:09:39   [GPU] 4,400,008 evals (104316 batches, avg 42/batch = 8% of 512, 2879 evals/s, 215 msg/s, 13.4 leaves/msg, 1528s)
2026-08-05 08:10:04   [GPU] 4,450,007 evals (106026 batches, avg 42/batch = 8% of 512, 2865 evals/s, 214 msg/s, 13.4 leaves/msg, 1553s)
2026-08-05 08:10:28   [GPU] 4,500,031 evals (107671 batches, avg 42/batch = 8% of 512, 2853 evals/s, 214 msg/s, 13.4 leaves/msg, 1577s)
2026-08-05 08:10:32 [iter 28/60] eval vs best: 150/160 games (1581s, cand 92%)
2026-08-05 08:10:47   [GPU] 4,550,002 evals (109241 batches, avg 42/batch = 8% of 512, 2850 evals/s, 214 msg/s, 13.3 leaves/msg, 1596s)
2026-08-05 08:11:09   [GPU] 4,600,014 evals (110772 batches, avg 42/batch = 8% of 512, 2843 evals/s, 213 msg/s, 13.3 leaves/msg, 1618s)
2026-08-05 08:11:34   [GPU] 4,650,019 evals (112509 batches, avg 41/batch = 8% of 512, 2829 evals/s, 212 msg/s, 13.4 leaves/msg, 1643s)
2026-08-05 08:11:54 [iter 28/60] eval vs best: 155/160 games (1663s, cand 92%)
2026-08-05 08:12:00   [GPU] 4,700,014 evals (114321 batches, avg 41/batch = 8% of 512, 2815 evals/s, 211 msg/s, 13.4 leaves/msg, 1670s)
2026-08-05 08:13:02   [GPU] 4,750,006 evals (117120 batches, avg 41/batch = 8% of 512, 2743 evals/s, 205 msg/s, 13.4 leaves/msg, 1732s)
2026-08-05 08:13:46 [iter 28/60] eval vs best: 160/160 games (1775s, cand 92%)
2026-08-05 08:13:46 [iter 28/60] eval vs best done: 92.3% of 13 decided reject (only 13/160 games decided — too few to gate on) (1776s)
2026-08-05 08:13:46 [iter 28/60] eval vs random (40 games, 200 sims)...
2026-08-05 08:13:46 [EVAL-MP] 8 workers spawned (40 vs_random games, sims=200), GPU batcher starting...
2026-08-05 08:13:56 [iter 28/60] eval vs random: 5/40 games (10s, cand 100%)
2026-08-05 08:14:01   [GPU] 50,018 evals (1210 batches, avg 41/batch = 8% of 512, 3330 evals/s, 246 msg/s, 13.5 leaves/msg, 15s)
2026-08-05 08:14:02 [iter 28/60] eval vs random: 10/40 games (16s, cand 100%)
2026-08-05 08:14:07 [iter 28/60] eval vs random: 15/40 games (21s, cand 100%)
2026-08-05 08:14:14   [GPU] 100,038 evals (2388 batches, avg 42/batch = 8% of 512, 3638 evals/s, 267 msg/s, 13.6 leaves/msg, 28s)
2026-08-05 08:14:15 [iter 28/60] eval vs random: 20/40 games (29s, cand 100%)
2026-08-05 08:14:28 [iter 28/60] eval vs random: 25/40 games (42s, cand 100%)
2026-08-05 08:14:32   [GPU] 150,018 evals (3968 batches, avg 38/batch = 7% of 512, 3265 evals/s, 238 msg/s, 13.7 leaves/msg, 46s)
2026-08-05 08:14:48 [iter 28/60] eval vs random: 30/40 games (61s, cand 100%)
2026-08-05 08:14:55   [GPU] 200,006 evals (5811 batches, avg 34/batch = 7% of 512, 2910 evals/s, 213 msg/s, 13.6 leaves/msg, 69s)
2026-08-05 08:15:16 [iter 28/60] eval vs random: 35/40 games (90s, cand 100%)
2026-08-05 08:15:23   [GPU] 250,013 evals (7896 batches, avg 32/batch = 6% of 512, 2585 evals/s, 191 msg/s, 13.5 leaves/msg, 97s)
2026-08-05 08:16:18 [iter 28/60] eval vs random: 40/40 games (152s, cand 100%)
2026-08-05 08:16:18 [iter 28/60] eval vs random done: 100.0% (152s)
2026-08-05 08:16:18 [iter 28/60] eval vs greedy (40 games, 200 sims)...
2026-08-05 08:16:18 [EVAL-MP] 8 workers spawned (40 vs_greedy games, sims=200), GPU batcher starting...
2026-08-05 08:16:27 [iter 28/60] eval vs greedy: 5/40 games (8s, cand 80%)
2026-08-05 08:16:31 [iter 28/60] eval vs greedy: 10/40 games (12s, cand 70%)
2026-08-05 08:16:33   [GPU] 50,003 evals (1244 batches, avg 40/batch = 8% of 512, 3363 evals/s, 255 msg/s, 13.2 leaves/msg, 15s)
2026-08-05 08:16:35 [iter 28/60] eval vs greedy: 15/40 games (17s, cand 67%)
2026-08-05 08:16:40 [iter 28/60] eval vs greedy: 20/40 games (21s, cand 60%)
2026-08-05 08:16:44 [iter 28/60] eval vs greedy: 25/40 games (26s, cand 64%)
2026-08-05 08:16:47   [GPU] 100,031 evals (2532 batches, avg 40/batch = 8% of 512, 3522 evals/s, 270 msg/s, 13.1 leaves/msg, 28s)
2026-08-05 08:16:48 [iter 28/60] eval vs greedy: 30/40 games (29s, cand 60%)
2026-08-05 08:16:56 [iter 28/60] eval vs greedy: 35/40 games (38s, cand 51%)
2026-08-05 08:17:10 [iter 28/60] eval vs greedy: 40/40 games (51s, cand 45%)
2026-08-05 08:17:10 [iter 28/60] eval vs greedy done: 45.0% of 40 decided [seat0:18/20 seat1:0/20] (51s)
2026-08-05 08:17:10 [iter 28/60] eval vs minimax (depth 2, 40 games)...
2026-08-05 08:17:10 [EVAL-MP] 8 workers spawned (40 vs_minimax games, sims=200), GPU batcher starting...
2026-08-05 08:17:23 [iter 28/60] eval vs minimax: 5/40 games (0%)
2026-08-05 08:17:26   [GPU] 50,004 evals (1328 batches, avg 38/batch = 7% of 512, 3047 evals/s, 223 msg/s, 13.7 leaves/msg, 16s)
2026-08-05 08:17:32 [iter 28/60] eval vs minimax: 10/40 games (0%)
2026-08-05 08:17:40   [GPU] 100,028 evals (2586 batches, avg 39/batch = 8% of 512, 3376 evals/s, 255 msg/s, 13.3 leaves/msg, 30s)
2026-08-05 08:17:43 [iter 28/60] eval vs minimax: 15/40 games (0%)
2026-08-05 08:17:53 [iter 28/60] eval vs minimax: 20/40 games (0%)
2026-08-05 08:17:54   [GPU] 150,023 evals (3927 batches, avg 38/batch = 7% of 512, 3428 evals/s, 266 msg/s, 12.9 leaves/msg, 44s)
2026-08-05 08:18:00 [iter 28/60] eval vs minimax: 25/40 games (0%)
2026-08-05 08:18:11   [GPU] 200,000 evals (5500 batches, avg 36/batch = 7% of 512, 3261 evals/s, 254 msg/s, 12.8 leaves/msg, 61s)
2026-08-05 08:18:15 [iter 28/60] eval vs minimax: 30/40 games (0%)
2026-08-05 08:18:33 [iter 28/60] eval vs minimax: 35/40 games (0%)
2026-08-05 08:18:36   [GPU] 250,004 evals (7526 batches, avg 33/batch = 6% of 512, 2909 evals/s, 229 msg/s, 12.7 leaves/msg, 86s)
2026-08-05 08:19:01 [iter 28/60] eval vs minimax: 40/40 games (0%)
2026-08-05 08:19:01 [iter 28/60] eval vs minimax done: 0.0% of 31 decided [seat0:0/20 seat1:0/20] (111s)
2026-08-05 08:19:01 >>> iter 28 | loss_p=1.023 loss_v=0.155 | vs_best=92.3% reject | vs_rand=100.0% | draw=28% | buf=43038 | rss=3.07GB | sp=470s train=16s eval_best=1776s eval_rand=152s | total=2582s
2026-08-05 08:19:01 [iter 29/60] self-play starting (40 games, 600 sims, MIXED 20/40 race-only)...
2026-08-05 08:19:01 [PARALLEL-MP] 8 workers spawned (40 games, sims=600), GPU batcher starting...
2026-08-05 08:19:13   [GPU] 50,030 evals (912 batches, avg 55/batch = 11% of 512, 4230 evals/s, 331 msg/s, 12.8 leaves/msg, 12s)
2026-08-05 08:19:17 [iter 29/60] self-play: 5/40 games...
2026-08-05 08:19:25   [GPU] 100,009 evals (2060 batches, avg 49/batch = 9% of 512, 4132 evals/s, 335 msg/s, 12.3 leaves/msg, 24s)
2026-08-05 08:19:32 [iter 29/60] self-play: 10/40 games...
2026-08-05 08:19:40   [GPU] 150,018 evals (3365 batches, avg 45/batch = 9% of 512, 3896 evals/s, 313 msg/s, 12.4 leaves/msg, 39s)
2026-08-05 08:19:56   [GPU] 200,006 evals (4717 batches, avg 42/batch = 8% of 512, 3663 evals/s, 281 msg/s, 13.0 leaves/msg, 55s)
2026-08-05 08:20:11   [GPU] 250,035 evals (6078 batches, avg 41/batch = 8% of 512, 3574 evals/s, 269 msg/s, 13.3 leaves/msg, 70s)
2026-08-05 08:20:21 [iter 29/60] self-play: 15/40 games...
2026-08-05 08:20:25   [GPU] 300,002 evals (7337 batches, avg 41/batch = 8% of 512, 3586 evals/s, 271 msg/s, 13.3 leaves/msg, 84s)
2026-08-05 08:20:39   [GPU] 350,022 evals (8634 batches, avg 41/batch = 8% of 512, 3567 evals/s, 267 msg/s, 13.3 leaves/msg, 98s)
2026-08-05 08:20:55   [GPU] 400,026 evals (10022 batches, avg 40/batch = 8% of 512, 3506 evals/s, 259 msg/s, 13.5 leaves/msg, 114s)
2026-08-05 08:21:11   [GPU] 450,046 evals (11361 batches, avg 40/batch = 8% of 512, 3471 evals/s, 253 msg/s, 13.7 leaves/msg, 130s)
2026-08-05 08:21:26   [GPU] 500,028 evals (12653 batches, avg 40/batch = 8% of 512, 3464 evals/s, 251 msg/s, 13.8 leaves/msg, 144s)
2026-08-05 08:21:39   [GPU] 550,034 evals (13898 batches, avg 40/batch = 8% of 512, 3488 evals/s, 251 msg/s, 13.9 leaves/msg, 158s)
2026-08-05 08:21:52   [GPU] 600,004 evals (15145 batches, avg 40/batch = 8% of 512, 3518 evals/s, 252 msg/s, 14.0 leaves/msg, 171s)
2026-08-05 08:22:05   [GPU] 650,027 evals (16387 batches, avg 40/batch = 8% of 512, 3543 evals/s, 252 msg/s, 14.0 leaves/msg, 183s)
2026-08-05 08:22:18   [GPU] 700,046 evals (17613 batches, avg 40/batch = 8% of 512, 3566 evals/s, 253 msg/s, 14.1 leaves/msg, 196s)
2026-08-05 08:22:24 [iter 29/60] self-play: 20/40 games...
2026-08-05 08:22:30   [GPU] 750,011 evals (18830 batches, avg 40/batch = 8% of 512, 3586 evals/s, 255 msg/s, 14.1 leaves/msg, 209s)
2026-08-05 08:22:43   [GPU] 800,013 evals (20042 batches, avg 40/batch = 8% of 512, 3605 evals/s, 257 msg/s, 14.0 leaves/msg, 222s)
2026-08-05 08:22:49 [iter 29/60] self-play: 25/40 games...
2026-08-05 08:22:56   [GPU] 850,029 evals (21260 batches, avg 40/batch = 8% of 512, 3622 evals/s, 259 msg/s, 14.0 leaves/msg, 235s)
2026-08-05 08:23:09   [GPU] 900,007 evals (22478 batches, avg 40/batch = 8% of 512, 3631 evals/s, 259 msg/s, 14.0 leaves/msg, 248s)
2026-08-05 08:23:19 [iter 29/60] self-play: 30/40 games...
2026-08-05 08:23:24   [GPU] 950,007 evals (23811 batches, avg 40/batch = 8% of 512, 3622 evals/s, 259 msg/s, 14.0 leaves/msg, 262s)
2026-08-05 08:23:35 [iter 29/60] self-play: 35/40 games...
2026-08-05 08:23:47   [GPU] 1,000,021 evals (25562 batches, avg 39/batch = 8% of 512, 3494 evals/s, 249 msg/s, 14.0 leaves/msg, 286s)
2026-08-05 08:24:15   [GPU] 1,050,030 evals (27556 batches, avg 38/batch = 7% of 512, 3350 evals/s, 238 msg/s, 14.1 leaves/msg, 313s)
2026-08-05 08:24:43   [GPU] 1,100,007 evals (29688 batches, avg 37/batch = 7% of 512, 3219 evals/s, 229 msg/s, 14.1 leaves/msg, 342s)
2026-08-05 08:25:12   [GPU] 1,150,029 evals (31877 batches, avg 36/batch = 7% of 512, 3100 evals/s, 220 msg/s, 14.1 leaves/msg, 371s)
2026-08-05 08:25:39   [GPU] 1,200,003 evals (34015 batches, avg 35/batch = 7% of 512, 3018 evals/s, 213 msg/s, 14.1 leaves/msg, 398s)
2026-08-05 08:27:19 [iter 29/60] self-play: 40/40 games...
2026-08-05 08:27:19 [iter 29/60] self-play done: 40 games (498s) | wins: P0=6, P1=25, draw=9 | draw_rate=22% avg_len~20
2026-08-05 08:27:19 [iter 29/60] WARNING: draw_rate 22% > 20% — games timing out at max_game_moves=160 (weak value signal).
2026-08-05 08:27:19 [iter 29/60] training (600 steps, lr=5.97e-04)...
2026-08-05 08:27:36 [iter 29/60] training done: loss_p=1.014 loss_v=0.149 (16s)
2026-08-05 08:27:40 [iter 29/60] data: policy_wall_mass=0.125 walled_states=53% walls_on_board=10.4 value_mae walled=0.141 free=0.166
2026-08-05 08:27:40 [iter 29/60] eval skipped (eval_every=4)
2026-08-05 08:27:40 >>> iter 29 | loss_p=1.014 loss_v=0.149 | vs_best=n/a (not evaluated) | vs_rand=n/a | draw=22% | buf=44638 | rss=3.09GB | sp=498s train=16s eval_best=0s eval_rand=0s | total=519s
2026-08-05 08:27:40 [iter 30/60] self-play starting (40 games, 600 sims, MIXED 20/40 race-only)...
2026-08-05 08:27:40 [PARALLEL-MP] 8 workers spawned (40 games, sims=600), GPU batcher starting...
2026-08-05 08:27:53   [GPU] 50,004 evals (978 batches, avg 51/batch = 10% of 512, 4035 evals/s, 325 msg/s, 12.4 leaves/msg, 12s)
2026-08-05 08:27:55 [iter 30/60] self-play: 5/40 games...
2026-08-05 08:28:05   [GPU] 100,030 evals (2101 batches, avg 48/batch = 9% of 512, 4122 evals/s, 337 msg/s, 12.2 leaves/msg, 24s)
2026-08-05 08:28:11 [iter 30/60] self-play: 10/40 games...
2026-08-05 08:28:18   [GPU] 150,036 evals (3280 batches, avg 46/batch = 9% of 512, 4019 evals/s, 319 msg/s, 12.6 leaves/msg, 37s)
2026-08-05 08:28:32   [GPU] 200,046 evals (4590 batches, avg 44/batch = 9% of 512, 3843 evals/s, 295 msg/s, 13.0 leaves/msg, 52s)
2026-08-05 08:28:47   [GPU] 250,017 evals (5900 batches, avg 42/batch = 8% of 512, 3746 evals/s, 280 msg/s, 13.4 leaves/msg, 67s)
2026-08-05 08:29:01   [GPU] 300,024 evals (7175 batches, avg 42/batch = 8% of 512, 3719 evals/s, 275 msg/s, 13.5 leaves/msg, 81s)
2026-08-05 08:29:03 [iter 30/60] self-play: 15/40 games...
2026-08-05 08:29:15   [GPU] 350,056 evals (8499 batches, avg 41/batch = 8% of 512, 3699 evals/s, 272 msg/s, 13.6 leaves/msg, 95s)
2026-08-05 08:29:28   [GPU] 400,026 evals (9752 batches, avg 41/batch = 8% of 512, 3710 evals/s, 274 msg/s, 13.6 leaves/msg, 108s)
2026-08-05 08:29:42   [GPU] 450,008 evals (11043 batches, avg 41/batch = 8% of 512, 3692 evals/s, 271 msg/s, 13.6 leaves/msg, 122s)
2026-08-05 08:29:57   [GPU] 500,003 evals (12378 batches, avg 40/batch = 8% of 512, 3666 evals/s, 271 msg/s, 13.5 leaves/msg, 136s)
2026-08-05 08:30:12   [GPU] 550,029 evals (13698 batches, avg 40/batch = 8% of 512, 3638 evals/s, 268 msg/s, 13.6 leaves/msg, 151s)
2026-08-05 08:30:26   [GPU] 600,038 evals (14987 batches, avg 40/batch = 8% of 512, 3629 evals/s, 266 msg/s, 13.6 leaves/msg, 165s)
2026-08-05 08:30:39   [GPU] 650,012 evals (16235 batches, avg 40/batch = 8% of 512, 3639 evals/s, 267 msg/s, 13.6 leaves/msg, 179s)
2026-08-05 08:30:51   [GPU] 700,005 evals (17379 batches, avg 40/batch = 8% of 512, 3673 evals/s, 269 msg/s, 13.6 leaves/msg, 191s)
2026-08-05 08:31:04   [GPU] 750,013 evals (18568 batches, avg 40/batch = 8% of 512, 3688 evals/s, 271 msg/s, 13.6 leaves/msg, 203s)
2026-08-05 08:31:08 [iter 30/60] self-play: 20/40 games...
2026-08-05 08:31:16   [GPU] 800,002 evals (19742 batches, avg 41/batch = 8% of 512, 3710 evals/s, 273 msg/s, 13.6 leaves/msg, 216s)
2026-08-05 08:31:28   [GPU] 850,039 evals (20906 batches, avg 41/batch = 8% of 512, 3727 evals/s, 275 msg/s, 13.6 leaves/msg, 228s)
2026-08-05 08:31:30 [iter 30/60] self-play: 25/40 games...
2026-08-05 08:31:43   [GPU] 900,028 evals (22212 batches, avg 41/batch = 8% of 512, 3714 evals/s, 274 msg/s, 13.5 leaves/msg, 242s)
2026-08-05 08:31:58   [GPU] 950,059 evals (23576 batches, avg 40/batch = 8% of 512, 3691 evals/s, 272 msg/s, 13.6 leaves/msg, 257s)
2026-08-05 08:32:06 [iter 30/60] self-play: 30/40 games...
2026-08-05 08:32:10   [GPU] 1,000,011 evals (24736 batches, avg 40/batch = 8% of 512, 3705 evals/s, 273 msg/s, 13.6 leaves/msg, 270s)
2026-08-05 08:32:14 [iter 30/60] self-play: 35/40 games...
2026-08-05 08:32:39   [GPU] 1,050,027 evals (26748 batches, avg 39/batch = 8% of 512, 3520 evals/s, 260 msg/s, 13.6 leaves/msg, 298s)
2026-08-05 08:33:11   [GPU] 1,100,025 evals (28943 batches, avg 38/batch = 7% of 512, 3331 evals/s, 245 msg/s, 13.6 leaves/msg, 330s)
2026-08-05 08:33:48   [GPU] 1,150,010 evals (31289 batches, avg 37/batch = 7% of 512, 3129 evals/s, 230 msg/s, 13.6 leaves/msg, 367s)
2026-08-05 08:34:42   [GPU] 1,200,003 evals (33940 batches, avg 35/batch = 7% of 512, 2848 evals/s, 209 msg/s, 13.6 leaves/msg, 421s)
2026-08-05 08:36:41 [iter 30/60] self-play: 40/40 games...
2026-08-05 08:36:41 [iter 30/60] self-play done: 40 games (541s) | wins: P0=6, P1=24, draw=10 | draw_rate=25% avg_len~16
2026-08-05 08:36:41 [iter 30/60] WARNING: draw_rate 25% > 20% — games timing out at max_game_moves=160 (weak value signal).
2026-08-05 08:36:41 [iter 30/60] training (600 steps, lr=5.74e-04)...
2026-08-05 08:36:59 [iter 30/60] training done: loss_p=1.010 loss_v=0.151 (18s)
2026-08-05 08:37:03 [iter 30/60] data: policy_wall_mass=0.125 walled_states=45% walls_on_board=8.2 value_mae walled=0.110 free=0.177
2026-08-05 08:37:04 [iter 30/60] eval skipped (eval_every=4)
2026-08-05 08:37:04 >>> iter 30 | loss_p=1.010 loss_v=0.151 | vs_best=n/a (not evaluated) | vs_rand=n/a | draw=25% | buf=45920 | rss=3.11GB | sp=541s train=18s eval_best=0s eval_rand=0s | total=563s
2026-08-05 08:37:04 [iter 31/60] self-play starting (40 games, 600 sims, MIXED 20/40 race-only)...
2026-08-05 08:37:04 [PARALLEL-MP] 8 workers spawned (40 games, sims=600), GPU batcher starting...
2026-08-05 08:37:16   [GPU] 50,021 evals (996 batches, avg 50/batch = 10% of 512, 4081 evals/s, 333 msg/s, 12.2 leaves/msg, 12s)
2026-08-05 08:37:16 [iter 31/60] self-play: 5/40 games...
2026-08-05 08:37:28   [GPU] 100,045 evals (2114 batches, avg 47/batch = 9% of 512, 4141 evals/s, 331 msg/s, 12.5 leaves/msg, 24s)
2026-08-05 08:37:31 [iter 31/60] self-play: 10/40 games...
2026-08-05 08:37:42   [GPU] 150,000 evals (3419 batches, avg 44/batch = 9% of 512, 3858 evals/s, 299 msg/s, 12.9 leaves/msg, 39s)
2026-08-05 08:37:56   [GPU] 200,069 evals (4698 batches, avg 43/batch = 8% of 512, 3783 evals/s, 285 msg/s, 13.3 leaves/msg, 53s)
2026-08-05 08:38:10   [GPU] 250,015 evals (5968 batches, avg 42/batch = 8% of 512, 3747 evals/s, 276 msg/s, 13.6 leaves/msg, 67s)
2026-08-05 08:38:24   [GPU] 300,003 evals (7239 batches, avg 41/batch = 8% of 512, 3733 evals/s, 273 msg/s, 13.7 leaves/msg, 80s)
2026-08-05 08:38:38   [GPU] 350,008 evals (8520 batches, avg 41/batch = 8% of 512, 3724 evals/s, 275 msg/s, 13.6 leaves/msg, 94s)
2026-08-05 08:38:38 [iter 31/60] self-play: 15/40 games...
2026-08-05 08:38:53   [GPU] 400,010 evals (9961 batches, avg 40/batch = 8% of 512, 3639 evals/s, 268 msg/s, 13.6 leaves/msg, 110s)
2026-08-05 08:39:09   [GPU] 450,000 evals (11394 batches, avg 39/batch = 8% of 512, 3579 evals/s, 265 msg/s, 13.5 leaves/msg, 126s)
2026-08-05 08:39:26   [GPU] 500,056 evals (12883 batches, avg 39/batch = 8% of 512, 3506 evals/s, 260 msg/s, 13.5 leaves/msg, 143s)
2026-08-05 08:39:42   [GPU] 550,004 evals (14337 batches, avg 38/batch = 7% of 512, 3469 evals/s, 257 msg/s, 13.5 leaves/msg, 159s)
2026-08-05 08:39:58   [GPU] 600,044 evals (15783 batches, avg 38/batch = 7% of 512, 3445 evals/s, 255 msg/s, 13.5 leaves/msg, 174s)
2026-08-05 08:40:13   [GPU] 650,039 evals (17162 batches, avg 38/batch = 7% of 512, 3440 evals/s, 255 msg/s, 13.5 leaves/msg, 189s)
2026-08-05 08:40:14 [iter 31/60] self-play: 20/40 games...
2026-08-05 08:40:26   [GPU] 700,010 evals (18420 batches, avg 38/batch = 7% of 512, 3462 evals/s, 258 msg/s, 13.4 leaves/msg, 202s)
2026-08-05 08:40:31 [iter 31/60] self-play: 25/40 games...
2026-08-05 08:40:41   [GPU] 750,029 evals (19825 batches, avg 38/batch = 7% of 512, 3456 evals/s, 260 msg/s, 13.3 leaves/msg, 217s)
2026-08-05 08:40:55   [GPU] 800,041 evals (21205 batches, avg 38/batch = 7% of 512, 3453 evals/s, 259 msg/s, 13.3 leaves/msg, 232s)
2026-08-05 08:41:07   [GPU] 850,004 evals (22357 batches, avg 38/batch = 7% of 512, 3489 evals/s, 262 msg/s, 13.3 leaves/msg, 244s)
2026-08-05 08:41:09 [iter 31/60] self-play: 30/40 games...
2026-08-05 08:41:21   [GPU] 900,011 evals (23647 batches, avg 38/batch = 7% of 512, 3498 evals/s, 263 msg/s, 13.3 leaves/msg, 257s)
2026-08-05 08:41:35   [GPU] 950,038 evals (24957 batches, avg 38/batch = 7% of 512, 3501 evals/s, 263 msg/s, 13.3 leaves/msg, 271s)
2026-08-05 08:41:55   [GPU] 1,000,004 evals (26691 batches, avg 37/batch = 7% of 512, 3427 evals/s, 257 msg/s, 13.3 leaves/msg, 292s)
2026-08-05 08:41:57 [iter 31/60] self-play: 35/40 games...
2026-08-05 08:42:19   [GPU] 1,050,017 evals (28622 batches, avg 37/batch = 7% of 512, 3327 evals/s, 250 msg/s, 13.3 leaves/msg, 316s)
2026-08-05 08:42:45   [GPU] 1,100,005 evals (30641 batches, avg 36/batch = 7% of 512, 3221 evals/s, 242 msg/s, 13.3 leaves/msg, 341s)
2026-08-05 08:43:11   [GPU] 1,150,010 evals (32646 batches, avg 35/batch = 7% of 512, 3128 evals/s, 235 msg/s, 13.3 leaves/msg, 368s)
2026-08-05 08:43:43   [GPU] 1,200,015 evals (34922 batches, avg 34/batch = 7% of 512, 3004 evals/s, 226 msg/s, 13.3 leaves/msg, 399s)
2026-08-05 08:44:24   [GPU] 1,250,007 evals (37491 batches, avg 33/batch = 7% of 512, 2836 evals/s, 214 msg/s, 13.2 leaves/msg, 441s)
2026-08-05 08:45:44 [iter 31/60] self-play: 40/40 games...
2026-08-05 08:45:45 [iter 31/60] self-play done: 40 games (521s) | wins: P0=3, P1=27, draw=10 | draw_rate=25% avg_len~18
2026-08-05 08:45:45 [iter 31/60] WARNING: draw_rate 25% > 20% — games timing out at max_game_moves=160 (weak value signal).
2026-08-05 08:45:45 [iter 31/60] training (600 steps, lr=5.50e-04)...
2026-08-05 08:46:03 [iter 31/60] training done: loss_p=0.998 loss_v=0.149 (18s)
2026-08-05 08:46:07 [iter 31/60] data: policy_wall_mass=0.112 walled_states=55% walls_on_board=10.0 value_mae walled=0.115 free=0.164
2026-08-05 08:46:08 [iter 31/60] eval skipped (eval_every=4)
2026-08-05 08:46:08 >>> iter 31 | loss_p=0.998 loss_v=0.149 | vs_best=n/a (not evaluated) | vs_rand=n/a | draw=25% | buf=47356 | rss=3.13GB | sp=521s train=18s eval_best=0s eval_rand=0s | total=544s
2026-08-05 08:46:08 [iter 32/60] self-play starting (40 games, 600 sims, MIXED 20/40 race-only)...
2026-08-05 08:46:08 [PARALLEL-MP] 8 workers spawned (40 games, sims=600), GPU batcher starting...
2026-08-05 08:46:21   [GPU] 50,007 evals (988 batches, avg 51/batch = 10% of 512, 3751 evals/s, 307 msg/s, 12.2 leaves/msg, 13s)
2026-08-05 08:46:21 [iter 32/60] self-play: 5/40 games...
2026-08-05 08:46:34   [GPU] 100,036 evals (2134 batches, avg 47/batch = 9% of 512, 3790 evals/s, 297 msg/s, 12.8 leaves/msg, 26s)
2026-08-05 08:46:46 [iter 32/60] self-play: 10/40 games...
2026-08-05 08:46:48   [GPU] 150,004 evals (3368 batches, avg 45/batch = 9% of 512, 3688 evals/s, 289 msg/s, 12.8 leaves/msg, 41s)
2026-08-05 08:47:04   [GPU] 200,047 evals (4703 batches, avg 43/batch = 8% of 512, 3530 evals/s, 269 msg/s, 13.1 leaves/msg, 57s)
2026-08-05 08:47:20   [GPU] 250,004 evals (6047 batches, avg 41/batch = 8% of 512, 3439 evals/s, 255 msg/s, 13.5 leaves/msg, 73s)
2026-08-05 08:47:37   [GPU] 300,026 evals (7371 batches, avg 41/batch = 8% of 512, 3375 evals/s, 246 msg/s, 13.7 leaves/msg, 89s)
2026-08-05 08:47:50 [iter 32/60] self-play: 15/40 games...
2026-08-05 08:47:52   [GPU] 350,034 evals (8679 batches, avg 40/batch = 8% of 512, 3367 evals/s, 245 msg/s, 13.7 leaves/msg, 104s)
2026-08-05 08:48:08   [GPU] 400,000 evals (9996 batches, avg 40/batch = 8% of 512, 3337 evals/s, 241 msg/s, 13.9 leaves/msg, 120s)
2026-08-05 08:48:20   [GPU] 450,039 evals (11151 batches, avg 40/batch = 8% of 512, 3389 evals/s, 244 msg/s, 13.9 leaves/msg, 133s)
2026-08-05 08:48:35   [GPU] 500,018 evals (12450 batches, avg 40/batch = 8% of 512, 3391 evals/s, 243 msg/s, 13.9 leaves/msg, 147s)
2026-08-05 08:48:50   [GPU] 550,018 evals (13769 batches, avg 40/batch = 8% of 512, 3390 evals/s, 244 msg/s, 13.9 leaves/msg, 162s)
2026-08-05 08:49:05   [GPU] 600,017 evals (15049 batches, avg 40/batch = 8% of 512, 3391 evals/s, 242 msg/s, 14.0 leaves/msg, 177s)
2026-08-05 08:49:19   [GPU] 650,003 evals (16331 batches, avg 40/batch = 8% of 512, 3390 evals/s, 241 msg/s, 14.0 leaves/msg, 192s)
2026-08-05 08:49:34   [GPU] 700,016 evals (17622 batches, avg 40/batch = 8% of 512, 3390 evals/s, 241 msg/s, 14.1 leaves/msg, 207s)
2026-08-05 08:49:46 [iter 32/60] self-play: 20/40 games...
2026-08-05 08:49:49   [GPU] 750,033 evals (18884 batches, avg 40/batch = 8% of 512, 3396 evals/s, 241 msg/s, 14.1 leaves/msg, 221s)
2026-08-05 08:50:04   [GPU] 800,037 evals (20177 batches, avg 40/batch = 8% of 512, 3386 evals/s, 240 msg/s, 14.1 leaves/msg, 236s)
2026-08-05 08:50:19   [GPU] 850,045 evals (21445 batches, avg 40/batch = 8% of 512, 3388 evals/s, 241 msg/s, 14.1 leaves/msg, 251s)
2026-08-05 08:50:33 [iter 32/60] self-play: 25/40 games...
2026-08-05 08:50:34   [GPU] 900,026 evals (22783 batches, avg 40/batch = 8% of 512, 3375 evals/s, 239 msg/s, 14.1 leaves/msg, 267s)
2026-08-05 08:50:48   [GPU] 950,019 evals (23974 batches, avg 40/batch = 8% of 512, 3393 evals/s, 240 msg/s, 14.1 leaves/msg, 280s)
2026-08-05 08:50:49 [iter 32/60] self-play: 30/40 games...
2026-08-05 08:51:04   [GPU] 1,000,023 evals (25317 batches, avg 40/batch = 8% of 512, 3379 evals/s, 241 msg/s, 14.0 leaves/msg, 296s)
2026-08-05 08:51:24   [GPU] 1,050,036 evals (26970 batches, avg 39/batch = 8% of 512, 3315 evals/s, 235 msg/s, 14.1 leaves/msg, 317s)
2026-08-05 08:51:46   [GPU] 1,100,027 evals (28697 batches, avg 38/batch = 7% of 512, 3248 evals/s, 230 msg/s, 14.1 leaves/msg, 339s)
2026-08-05 08:51:56 [iter 32/60] self-play: 35/40 games...
2026-08-05 08:52:12   [GPU] 1,150,004 evals (30563 batches, avg 38/batch = 7% of 512, 3159 evals/s, 224 msg/s, 14.1 leaves/msg, 364s)
2026-08-05 08:52:39   [GPU] 1,200,007 evals (32527 batches, avg 37/batch = 7% of 512, 3063 evals/s, 217 msg/s, 14.1 leaves/msg, 392s)
2026-08-05 08:53:14   [GPU] 1,250,001 evals (34808 batches, avg 36/batch = 7% of 512, 2930 evals/s, 208 msg/s, 14.1 leaves/msg, 427s)
2026-08-05 08:53:45   [GPU] 1,300,018 evals (36928 batches, avg 35/batch = 7% of 512, 2842 evals/s, 201 msg/s, 14.1 leaves/msg, 457s)
2026-08-05 08:54:21   [GPU] 1,350,015 evals (39235 batches, avg 34/batch = 7% of 512, 2738 evals/s, 193 msg/s, 14.2 leaves/msg, 493s)
2026-08-05 08:55:26   [GPU] 1,400,009 evals (41989 batches, avg 33/batch = 7% of 512, 2507 evals/s, 177 msg/s, 14.2 leaves/msg, 558s)
2026-08-05 08:55:44 [iter 32/60] self-play: 40/40 games...
2026-08-05 08:55:45 [iter 32/60] self-play done: 40 games (577s) | wins: P0=5, P1=23, draw=12 | draw_rate=30% avg_len~14
2026-08-05 08:55:45 [iter 32/60] WARNING: draw_rate 30% > 20% — games timing out at max_game_moves=160 (weak value signal).
2026-08-05 08:55:45 [iter 32/60] training (600 steps, lr=5.26e-04)...
2026-08-05 08:56:03 [iter 32/60] training done: loss_p=0.984 loss_v=0.146 (18s)
2026-08-05 08:56:07 [iter 32/60] data: policy_wall_mass=0.092 walled_states=33% walls_on_board=5.7 value_mae walled=0.126 free=0.156
2026-08-05 08:56:08 [iter 32/60] eval vs best (160 games, 200 sims)...
2026-08-05 08:56:08 [EVAL-MP] 8 workers spawned (160 vs_best games, sims=200), GPU batcher starting...
2026-08-05 08:56:28   [GPU] 50,015 evals (1169 batches, avg 43/batch = 8% of 512, 2470 evals/s, 174 msg/s, 14.2 leaves/msg, 20s)
2026-08-05 08:56:44   [GPU] 100,035 evals (2251 batches, avg 44/batch = 9% of 512, 2766 evals/s, 198 msg/s, 14.0 leaves/msg, 36s)
2026-08-05 08:57:00   [GPU] 150,066 evals (3319 batches, avg 45/batch = 9% of 512, 2888 evals/s, 208 msg/s, 13.9 leaves/msg, 52s)
2026-08-05 08:57:15   [GPU] 200,023 evals (4397 batches, avg 45/batch = 9% of 512, 2972 evals/s, 214 msg/s, 13.9 leaves/msg, 67s)
2026-08-05 08:57:31   [GPU] 250,001 evals (5526 batches, avg 45/batch = 9% of 512, 2992 evals/s, 216 msg/s, 13.9 leaves/msg, 84s)
2026-08-05 08:57:37 [iter 32/60] eval vs best: 5/160 games (89s, cand 0%)
2026-08-05 08:57:48   [GPU] 300,004 evals (6683 batches, avg 45/batch = 9% of 512, 2990 evals/s, 215 msg/s, 13.9 leaves/msg, 100s)
2026-08-05 08:58:04   [GPU] 350,012 evals (7817 batches, avg 45/batch = 9% of 512, 3002 evals/s, 215 msg/s, 13.9 leaves/msg, 117s)
2026-08-05 08:58:20   [GPU] 400,055 evals (8902 batches, avg 45/batch = 9% of 512, 3020 evals/s, 217 msg/s, 13.9 leaves/msg, 132s)
2026-08-05 08:58:36   [GPU] 450,014 evals (10006 batches, avg 45/batch = 9% of 512, 3029 evals/s, 217 msg/s, 13.9 leaves/msg, 149s)
2026-08-05 08:58:38 [iter 32/60] eval vs best: 10/160 games (150s, cand 0%)
2026-08-05 08:58:53   [GPU] 500,018 evals (11181 batches, avg 45/batch = 9% of 512, 3020 evals/s, 216 msg/s, 14.0 leaves/msg, 166s)
2026-08-05 08:59:09   [GPU] 550,002 evals (12252 batches, avg 45/batch = 9% of 512, 3032 evals/s, 218 msg/s, 13.9 leaves/msg, 181s)
2026-08-05 08:59:16 [iter 32/60] eval vs best: 15/160 games (188s, cand 0%)
2026-08-05 08:59:25   [GPU] 600,010 evals (13315 batches, avg 45/batch = 9% of 512, 3041 evals/s, 218 msg/s, 13.9 leaves/msg, 197s)
2026-08-05 08:59:40   [GPU] 650,037 evals (14367 batches, avg 45/batch = 9% of 512, 3059 evals/s, 220 msg/s, 13.9 leaves/msg, 212s)
2026-08-05 08:59:56   [GPU] 700,049 evals (15461 batches, avg 45/batch = 9% of 512, 3068 evals/s, 220 msg/s, 13.9 leaves/msg, 228s)
2026-08-05 09:00:02 [iter 32/60] eval vs best: 20/160 games (235s, cand 0%)
2026-08-05 09:00:12   [GPU] 750,046 evals (16607 batches, avg 45/batch = 9% of 512, 3065 evals/s, 220 msg/s, 13.9 leaves/msg, 245s)
2026-08-05 09:00:28   [GPU] 800,007 evals (17721 batches, avg 45/batch = 9% of 512, 3069 evals/s, 220 msg/s, 13.9 leaves/msg, 261s)
2026-08-05 09:00:44   [GPU] 850,062 evals (18824 batches, avg 45/batch = 9% of 512, 3071 evals/s, 220 msg/s, 13.9 leaves/msg, 277s)
2026-08-05 09:00:58 [iter 32/60] eval vs best: 25/160 games (290s, cand 100%)
2026-08-05 09:01:01   [GPU] 900,048 evals (19968 batches, avg 45/batch = 9% of 512, 3068 evals/s, 220 msg/s, 13.9 leaves/msg, 293s)
2026-08-05 09:01:18   [GPU] 950,013 evals (21094 batches, avg 45/batch = 9% of 512, 3062 evals/s, 220 msg/s, 13.9 leaves/msg, 310s)
2026-08-05 09:01:34   [GPU] 1,000,020 evals (22225 batches, avg 45/batch = 9% of 512, 3062 evals/s, 221 msg/s, 13.9 leaves/msg, 327s)
2026-08-05 09:01:45 [iter 32/60] eval vs best: 30/160 games (338s, cand 50%)
2026-08-05 09:01:50   [GPU] 1,050,010 evals (23285 batches, avg 45/batch = 9% of 512, 3070 evals/s, 221 msg/s, 13.9 leaves/msg, 342s)
2026-08-05 09:02:05   [GPU] 1,100,011 evals (24328 batches, avg 45/batch = 9% of 512, 3076 evals/s, 222 msg/s, 13.9 leaves/msg, 358s)
2026-08-05 09:02:21   [GPU] 1,150,021 evals (25419 batches, avg 45/batch = 9% of 512, 3077 evals/s, 222 msg/s, 13.9 leaves/msg, 374s)
2026-08-05 09:02:25 [iter 32/60] eval vs best: 35/160 games (377s, cand 50%)
2026-08-05 09:02:39   [GPU] 1,200,043 evals (26584 batches, avg 45/batch = 9% of 512, 3070 evals/s, 221 msg/s, 13.9 leaves/msg, 391s)
2026-08-05 09:02:54   [GPU] 1,250,021 evals (27647 batches, avg 45/batch = 9% of 512, 3077 evals/s, 222 msg/s, 13.9 leaves/msg, 406s)
2026-08-05 09:03:09   [GPU] 1,300,014 evals (28679 batches, avg 45/batch = 9% of 512, 3084 evals/s, 223 msg/s, 13.8 leaves/msg, 422s)
2026-08-05 09:03:25   [GPU] 1,350,014 evals (29730 batches, avg 45/batch = 9% of 512, 3090 evals/s, 223 msg/s, 13.8 leaves/msg, 437s)
2026-08-05 09:03:29 [iter 32/60] eval vs best: 40/160 games (441s, cand 50%)
2026-08-05 09:03:40   [GPU] 1,400,019 evals (30825 batches, avg 45/batch = 9% of 512, 3092 evals/s, 223 msg/s, 13.8 leaves/msg, 453s)
2026-08-05 09:03:45 [iter 32/60] eval vs best: 45/160 games (457s, cand 67%)
2026-08-05 09:03:58   [GPU] 1,450,046 evals (31992 batches, avg 45/batch = 9% of 512, 3086 evals/s, 223 msg/s, 13.8 leaves/msg, 470s)
2026-08-05 09:04:13   [GPU] 1,500,016 evals (33078 batches, avg 45/batch = 9% of 512, 3088 evals/s, 223 msg/s, 13.8 leaves/msg, 486s)
2026-08-05 09:04:29   [GPU] 1,550,021 evals (34125 batches, avg 45/batch = 9% of 512, 3094 evals/s, 224 msg/s, 13.8 leaves/msg, 501s)
2026-08-05 09:04:44   [GPU] 1,600,000 evals (35156 batches, avg 46/batch = 9% of 512, 3100 evals/s, 224 msg/s, 13.8 leaves/msg, 516s)
2026-08-05 09:04:56 [iter 32/60] eval vs best: 50/160 games (529s, cand 50%)
2026-08-05 09:05:00   [GPU] 1,650,019 evals (36262 batches, avg 46/batch = 9% of 512, 3100 evals/s, 224 msg/s, 13.8 leaves/msg, 532s)
2026-08-05 09:05:16   [GPU] 1,700,003 evals (37397 batches, avg 45/batch = 9% of 512, 3098 evals/s, 224 msg/s, 13.8 leaves/msg, 549s)
2026-08-05 09:05:17 [iter 32/60] eval vs best: 55/160 games (549s, cand 67%)
2026-08-05 09:05:32   [GPU] 1,750,037 evals (38464 batches, avg 45/batch = 9% of 512, 3102 evals/s, 224 msg/s, 13.8 leaves/msg, 564s)
2026-08-05 09:05:47   [GPU] 1,800,028 evals (39450 batches, avg 46/batch = 9% of 512, 3110 evals/s, 225 msg/s, 13.8 leaves/msg, 579s)
2026-08-05 09:06:02   [GPU] 1,850,012 evals (40480 batches, avg 46/batch = 9% of 512, 3114 evals/s, 226 msg/s, 13.8 leaves/msg, 594s)
2026-08-05 09:06:08 [iter 32/60] eval vs best: 60/160 games (600s, cand 71%)
2026-08-05 09:06:18   [GPU] 1,900,035 evals (41569 batches, avg 46/batch = 9% of 512, 3114 evals/s, 226 msg/s, 13.8 leaves/msg, 610s)
2026-08-05 09:06:35   [GPU] 1,950,023 evals (42705 batches, avg 46/batch = 9% of 512, 3111 evals/s, 226 msg/s, 13.8 leaves/msg, 627s)
2026-08-05 09:06:35 [iter 32/60] eval vs best: 65/160 games (627s, cand 75%)
2026-08-05 09:06:52   [GPU] 2,000,034 evals (43908 batches, avg 46/batch = 9% of 512, 3104 evals/s, 226 msg/s, 13.8 leaves/msg, 644s)
2026-08-05 09:07:09   [GPU] 2,050,008 evals (45070 batches, avg 45/batch = 9% of 512, 3100 evals/s, 226 msg/s, 13.7 leaves/msg, 661s)
2026-08-05 09:07:23   [GPU] 2,100,072 evals (46296 batches, avg 45/batch = 9% of 512, 3111 evals/s, 227 msg/s, 13.7 leaves/msg, 675s)
2026-08-05 09:07:38   [GPU] 2,150,058 evals (47385 batches, avg 45/batch = 9% of 512, 3115 evals/s, 227 msg/s, 13.7 leaves/msg, 690s)
2026-08-05 09:07:40 [iter 32/60] eval vs best: 70/160 games (692s, cand 75%)
2026-08-05 09:07:53   [GPU] 2,200,020 evals (48481 batches, avg 45/batch = 9% of 512, 3119 evals/s, 227 msg/s, 13.7 leaves/msg, 705s)
2026-08-05 09:08:08   [GPU] 2,250,009 evals (49570 batches, avg 45/batch = 9% of 512, 3124 evals/s, 228 msg/s, 13.7 leaves/msg, 720s)
2026-08-05 09:08:16 [iter 32/60] eval vs best: 75/160 games (728s, cand 78%)
2026-08-05 09:08:23   [GPU] 2,300,019 evals (50692 batches, avg 45/batch = 9% of 512, 3126 evals/s, 228 msg/s, 13.7 leaves/msg, 736s)
2026-08-05 09:08:39   [GPU] 2,350,015 evals (51847 batches, avg 45/batch = 9% of 512, 3127 evals/s, 228 msg/s, 13.7 leaves/msg, 752s)
2026-08-05 09:08:54   [GPU] 2,400,005 evals (52905 batches, avg 45/batch = 9% of 512, 3133 evals/s, 229 msg/s, 13.7 leaves/msg, 766s)
2026-08-05 09:09:02 [iter 32/60] eval vs best: 80/160 games (774s, cand 70%)
2026-08-05 09:09:08   [GPU] 2,450,017 evals (53909 batches, avg 45/batch = 9% of 512, 3142 evals/s, 230 msg/s, 13.7 leaves/msg, 780s)
2026-08-05 09:09:22   [GPU] 2,500,040 evals (54917 batches, avg 46/batch = 9% of 512, 3149 evals/s, 230 msg/s, 13.7 leaves/msg, 794s)
2026-08-05 09:09:35 [iter 32/60] eval vs best: 85/160 games (807s, cand 70%)
2026-08-05 09:09:37   [GPU] 2,550,007 evals (56039 batches, avg 46/batch = 9% of 512, 3150 evals/s, 230 msg/s, 13.7 leaves/msg, 809s)
2026-08-05 09:09:53   [GPU] 2,600,013 evals (57205 batches, avg 45/batch = 9% of 512, 3149 evals/s, 230 msg/s, 13.7 leaves/msg, 826s)
2026-08-05 09:10:09   [GPU] 2,650,025 evals (58311 batches, avg 45/batch = 9% of 512, 3150 evals/s, 230 msg/s, 13.7 leaves/msg, 841s)
2026-08-05 09:10:24   [GPU] 2,700,000 evals (59436 batches, avg 45/batch = 9% of 512, 3151 evals/s, 230 msg/s, 13.7 leaves/msg, 857s)
2026-08-05 09:10:40   [GPU] 2,750,007 evals (60521 batches, avg 45/batch = 9% of 512, 3154 evals/s, 230 msg/s, 13.7 leaves/msg, 872s)
2026-08-05 09:10:43 [iter 32/60] eval vs best: 90/160 games (875s, cand 70%)
2026-08-05 09:10:56   [GPU] 2,800,040 evals (61690 batches, avg 45/batch = 9% of 512, 3152 evals/s, 230 msg/s, 13.7 leaves/msg, 888s)
2026-08-05 09:11:07 [iter 32/60] eval vs best: 95/160 games (899s, cand 67%)
2026-08-05 09:11:11   [GPU] 2,850,026 evals (62785 batches, avg 45/batch = 9% of 512, 3155 evals/s, 230 msg/s, 13.7 leaves/msg, 903s)
2026-08-05 09:11:26   [GPU] 2,900,038 evals (63902 batches, avg 45/batch = 9% of 512, 3157 evals/s, 230 msg/s, 13.7 leaves/msg, 919s)
2026-08-05 09:11:42   [GPU] 2,950,040 evals (65059 batches, avg 45/batch = 9% of 512, 3158 evals/s, 230 msg/s, 13.7 leaves/msg, 934s)
2026-08-05 09:11:58   [GPU] 3,000,049 evals (66237 batches, avg 45/batch = 9% of 512, 3156 evals/s, 230 msg/s, 13.7 leaves/msg, 951s)
2026-08-05 09:12:01 [iter 32/60] eval vs best: 100/160 games (953s, cand 69%)
2026-08-05 09:12:15   [GPU] 3,050,023 evals (67410 batches, avg 45/batch = 9% of 512, 3154 evals/s, 230 msg/s, 13.7 leaves/msg, 967s)
2026-08-05 09:12:30   [GPU] 3,100,007 evals (68513 batches, avg 45/batch = 9% of 512, 3156 evals/s, 230 msg/s, 13.7 leaves/msg, 982s)
2026-08-05 09:12:45   [GPU] 3,150,037 evals (69582 batches, avg 45/batch = 9% of 512, 3160 evals/s, 230 msg/s, 13.7 leaves/msg, 997s)
2026-08-05 09:12:45 [iter 32/60] eval vs best: 105/160 games (998s, cand 69%)
2026-08-05 09:12:59   [GPU] 3,200,010 evals (70631 batches, avg 45/batch = 9% of 512, 3164 evals/s, 230 msg/s, 13.7 leaves/msg, 1011s)
2026-08-05 09:13:14   [GPU] 3,250,010 evals (71690 batches, avg 45/batch = 9% of 512, 3167 evals/s, 231 msg/s, 13.7 leaves/msg, 1026s)
2026-08-05 09:13:16 [iter 32/60] eval vs best: 110/160 games (1028s, cand 71%)
2026-08-05 09:13:29   [GPU] 3,300,039 evals (72819 batches, avg 45/batch = 9% of 512, 3168 evals/s, 231 msg/s, 13.7 leaves/msg, 1042s)
2026-08-05 09:13:45   [GPU] 3,350,033 evals (73960 batches, avg 45/batch = 9% of 512, 3169 evals/s, 231 msg/s, 13.7 leaves/msg, 1057s)
2026-08-05 09:13:56 [iter 32/60] eval vs best: 115/160 games (1068s, cand 75%)
2026-08-05 09:14:01   [GPU] 3,400,045 evals (75108 batches, avg 45/batch = 9% of 512, 3169 evals/s, 232 msg/s, 13.7 leaves/msg, 1073s)
2026-08-05 09:14:16   [GPU] 3,450,009 evals (76189 batches, avg 45/batch = 9% of 512, 3171 evals/s, 232 msg/s, 13.7 leaves/msg, 1088s)
2026-08-05 09:14:31   [GPU] 3,500,031 evals (77288 batches, avg 45/batch = 9% of 512, 3173 evals/s, 232 msg/s, 13.7 leaves/msg, 1103s)
2026-08-05 09:14:34 [iter 32/60] eval vs best: 120/160 games (1107s, cand 72%)
2026-08-05 09:14:47   [GPU] 3,550,003 evals (78419 batches, avg 45/batch = 9% of 512, 3173 evals/s, 232 msg/s, 13.7 leaves/msg, 1119s)
2026-08-05 09:15:03   [GPU] 3,600,010 evals (79627 batches, avg 45/batch = 9% of 512, 3170 evals/s, 232 msg/s, 13.7 leaves/msg, 1136s)
2026-08-05 09:15:11 [iter 32/60] eval vs best: 125/160 games (1143s, cand 74%)
2026-08-05 09:15:21   [GPU] 3,650,034 evals (80866 batches, avg 45/batch = 9% of 512, 3165 evals/s, 231 msg/s, 13.7 leaves/msg, 1153s)
2026-08-05 09:15:38   [GPU] 3,700,031 evals (82086 batches, avg 45/batch = 9% of 512, 3162 evals/s, 231 msg/s, 13.7 leaves/msg, 1170s)
2026-08-05 09:15:55   [GPU] 3,750,035 evals (83334 batches, avg 45/batch = 9% of 512, 3159 evals/s, 231 msg/s, 13.7 leaves/msg, 1187s)
2026-08-05 09:16:11 [iter 32/60] eval vs best: 130/160 games (1204s, cand 75%)
2026-08-05 09:16:13   [GPU] 3,800,013 evals (84594 batches, avg 45/batch = 9% of 512, 3154 evals/s, 231 msg/s, 13.6 leaves/msg, 1205s)
2026-08-05 09:16:33   [GPU] 3,850,019 evals (86041 batches, avg 45/batch = 9% of 512, 3142 evals/s, 231 msg/s, 13.6 leaves/msg, 1225s)
2026-08-05 09:16:55   [GPU] 3,900,038 evals (87560 batches, avg 45/batch = 9% of 512, 3127 evals/s, 230 msg/s, 13.6 leaves/msg, 1247s)
2026-08-05 09:16:55 [iter 32/60] eval vs best: 135/160 games (1248s, cand 76%)
2026-08-05 09:17:20   [GPU] 3,950,000 evals (89251 batches, avg 44/batch = 9% of 512, 3106 evals/s, 228 msg/s, 13.6 leaves/msg, 1272s)
2026-08-05 09:17:50 [iter 32/60] eval vs best: 140/160 games (1302s, cand 77%)
2026-08-05 09:17:51   [GPU] 4,000,027 evals (91294 batches, avg 44/batch = 9% of 512, 3070 evals/s, 226 msg/s, 13.6 leaves/msg, 1303s)
2026-08-05 09:18:22   [GPU] 4,050,019 evals (93328 batches, avg 43/batch = 8% of 512, 3035 evals/s, 223 msg/s, 13.6 leaves/msg, 1334s)
2026-08-05 09:18:55   [GPU] 4,100,025 evals (95397 batches, avg 43/batch = 8% of 512, 2999 evals/s, 220 msg/s, 13.6 leaves/msg, 1367s)
2026-08-05 09:19:26   [GPU] 4,150,002 evals (97395 batches, avg 43/batch = 8% of 512, 2969 evals/s, 218 msg/s, 13.6 leaves/msg, 1398s)
2026-08-05 09:19:28 [iter 32/60] eval vs best: 145/160 games (1400s, cand 77%)
2026-08-05 09:19:58   [GPU] 4,200,010 evals (99344 batches, avg 42/batch = 8% of 512, 2937 evals/s, 215 msg/s, 13.6 leaves/msg, 1430s)
2026-08-05 09:20:31   [GPU] 4,250,027 evals (101264 batches, avg 42/batch = 8% of 512, 2904 evals/s, 213 msg/s, 13.6 leaves/msg, 1464s)
2026-08-05 09:20:59 [iter 32/60] eval vs best: 150/160 games (1491s, cand 77%)
2026-08-05 09:21:04   [GPU] 4,300,022 evals (103357 batches, avg 42/batch = 8% of 512, 2873 evals/s, 211 msg/s, 13.6 leaves/msg, 1497s)
2026-08-05 09:21:35   [GPU] 4,350,005 evals (105394 batches, avg 41/batch = 8% of 512, 2847 evals/s, 209 msg/s, 13.6 leaves/msg, 1528s)
2026-08-05 09:22:05   [GPU] 4,400,015 evals (107379 batches, avg 41/batch = 8% of 512, 2825 evals/s, 207 msg/s, 13.6 leaves/msg, 1558s)
2026-08-05 09:22:16 [iter 32/60] eval vs best: 155/160 games (1569s, cand 78%)
2026-08-05 09:22:41   [GPU] 4,450,020 evals (109540 batches, avg 41/batch = 8% of 512, 2793 evals/s, 205 msg/s, 13.6 leaves/msg, 1593s)
2026-08-05 09:23:50   [GPU] 4,500,012 evals (112457 batches, avg 40/batch = 8% of 512, 2707 evals/s, 198 msg/s, 13.7 leaves/msg, 1662s)
2026-08-05 09:25:05 [iter 32/60] eval vs best: 160/160 games (1738s, cand 79%)
2026-08-05 09:25:06 [iter 32/60] eval vs best done: 79.2% of 24 decided reject (only 24/160 games decided — too few to gate on) (1738s)
2026-08-05 09:25:06 [iter 32/60] eval vs random (40 games, 200 sims)...
2026-08-05 09:25:06 [EVAL-MP] 8 workers spawned (40 vs_random games, sims=200), GPU batcher starting...
2026-08-05 09:25:17 [iter 32/60] eval vs random: 5/40 games (11s, cand 100%)
2026-08-05 09:25:20   [GPU] 50,016 evals (1192 batches, avg 42/batch = 8% of 512, 3380 evals/s, 246 msg/s, 13.7 leaves/msg, 15s)
2026-08-05 09:25:25 [iter 32/60] eval vs random: 10/40 games (19s, cand 100%)
2026-08-05 09:25:29 [iter 32/60] eval vs random: 15/40 games (23s, cand 100%)
2026-08-05 09:25:33 [iter 32/60] eval vs random: 20/40 games (28s, cand 100%)
2026-08-05 09:25:34   [GPU] 100,041 evals (2449 batches, avg 41/batch = 8% of 512, 3564 evals/s, 266 msg/s, 13.4 leaves/msg, 28s)
2026-08-05 09:25:44 [iter 32/60] eval vs random: 25/40 games (39s, cand 100%)
2026-08-05 09:25:54   [GPU] 150,028 evals (4135 batches, avg 36/batch = 7% of 512, 3093 evals/s, 228 msg/s, 13.6 leaves/msg, 49s)
2026-08-05 09:26:13 [iter 32/60] eval vs random: 30/40 games (67s, cand 100%)
2026-08-05 09:26:20   [GPU] 200,015 evals (6050 batches, avg 33/batch = 6% of 512, 2704 evals/s, 197 msg/s, 13.7 leaves/msg, 74s)
2026-08-05 09:26:44   [GPU] 250,003 evals (7961 batches, avg 31/batch = 6% of 512, 2536 evals/s, 184 msg/s, 13.8 leaves/msg, 99s)
2026-08-05 09:26:49 [iter 32/60] eval vs random: 35/40 games (104s, cand 100%)
2026-08-05 09:27:12   [GPU] 300,011 evals (9984 batches, avg 30/batch = 6% of 512, 2382 evals/s, 173 msg/s, 13.8 leaves/msg, 126s)
2026-08-05 09:27:37 [iter 32/60] eval vs random: 40/40 games (151s, cand 100%)
2026-08-05 09:27:37 [iter 32/60] eval vs random done: 100.0% (151s)
2026-08-05 09:27:37 [iter 32/60] eval vs greedy (40 games, 200 sims)...
2026-08-05 09:27:37 [EVAL-MP] 8 workers spawned (40 vs_greedy games, sims=200), GPU batcher starting...
2026-08-05 09:27:48 [iter 32/60] eval vs greedy: 5/40 games (10s, cand 100%)
2026-08-05 09:27:49 [iter 32/60] eval vs greedy: 10/40 games (12s, cand 100%)
2026-08-05 09:27:53   [GPU] 50,082 evals (1217 batches, avg 41/batch = 8% of 512, 3109 evals/s, 236 msg/s, 13.2 leaves/msg, 16s)
2026-08-05 09:27:56 [iter 32/60] eval vs greedy: 15/40 games (18s, cand 87%)
2026-08-05 09:28:00 [iter 32/60] eval vs greedy: 20/40 games (23s, cand 75%)
2026-08-05 09:28:03 [iter 32/60] eval vs greedy: 25/40 games (25s, cand 76%)
2026-08-05 09:28:08   [GPU] 100,037 evals (2523 batches, avg 40/batch = 8% of 512, 3223 evals/s, 250 msg/s, 12.9 leaves/msg, 31s)
2026-08-05 09:28:09 [iter 32/60] eval vs greedy: 30/40 games (32s, cand 80%)
2026-08-05 09:28:17 [iter 32/60] eval vs greedy: 35/40 games (40s, cand 69%)
2026-08-05 09:28:37 [iter 32/60] eval vs greedy: 40/40 games (60s, cand 68%)
2026-08-05 09:28:37 [iter 32/60] eval vs greedy done: 67.5% of 40 decided [seat0:18/20 seat1:9/20] (60s)
2026-08-05 09:28:37 [iter 32/60] eval vs minimax (depth 2, 40 games)...
2026-08-05 09:28:37 [EVAL-MP] 8 workers spawned (40 vs_minimax games, sims=200), GPU batcher starting...
2026-08-05 09:28:52 [iter 32/60] eval vs minimax: 5/40 games (0%)
2026-08-05 09:28:55   [GPU] 50,025 evals (1358 batches, avg 37/batch = 7% of 512, 2804 evals/s, 212 msg/s, 13.2 leaves/msg, 18s)
2026-08-05 09:29:01 [iter 32/60] eval vs minimax: 10/40 games (0%)
2026-08-05 09:29:10   [GPU] 100,034 evals (2653 batches, avg 38/batch = 7% of 512, 3099 evals/s, 238 msg/s, 13.0 leaves/msg, 32s)
2026-08-05 09:29:14 [iter 32/60] eval vs minimax: 15/40 games (0%)
2026-08-05 09:29:19 [iter 32/60] eval vs minimax: 20/40 games (0%)
2026-08-05 09:29:23   [GPU] 150,024 evals (3870 batches, avg 39/batch = 8% of 512, 3265 evals/s, 251 msg/s, 13.0 leaves/msg, 46s)
2026-08-05 09:29:33 [iter 32/60] eval vs minimax: 25/40 games (0%)
2026-08-05 09:29:37   [GPU] 200,004 evals (5105 batches, avg 39/batch = 8% of 512, 3342 evals/s, 256 msg/s, 13.0 leaves/msg, 60s)
2026-08-05 09:29:52 [iter 32/60] eval vs minimax: 30/40 games (0%)
2026-08-05 09:29:53   [GPU] 250,004 evals (6494 batches, avg 38/batch = 8% of 512, 3290 evals/s, 252 msg/s, 13.1 leaves/msg, 76s)
2026-08-05 09:30:15 [iter 32/60] eval vs minimax: 35/40 games (0%)
2026-08-05 09:30:17   [GPU] 300,028 evals (8410 batches, avg 36/batch = 7% of 512, 2999 evals/s, 229 msg/s, 13.1 leaves/msg, 100s)
2026-08-05 09:30:37 [iter 32/60] eval vs minimax: 40/40 games (0%)
2026-08-05 09:30:38 [iter 32/60] eval vs minimax done: 0.0% of 29 decided [seat0:0/20 seat1:0/20] (120s)
2026-08-05 09:30:38 >>> iter 32 | loss_p=0.984 loss_v=0.146 | vs_best=79.2% reject | vs_rand=100.0% | draw=30% | buf=48456 | rss=3.20GB | sp=577s train=18s eval_best=1738s eval_rand=151s | total=2670s
2026-08-05 09:30:38 [iter 33/60] self-play starting (40 games, 600 sims, MIXED 20/40 race-only)...
2026-08-05 09:30:38 [PARALLEL-MP] 8 workers spawned (40 games, sims=600), GPU batcher starting...
2026-08-05 09:30:51   [GPU] 50,008 evals (985 batches, avg 51/batch = 10% of 512, 3856 evals/s, 299 msg/s, 12.9 leaves/msg, 13s)
2026-08-05 09:30:55 [iter 33/60] self-play: 5/40 games...
2026-08-05 09:31:03   [GPU] 100,037 evals (2070 batches, avg 48/batch = 9% of 512, 3969 evals/s, 309 msg/s, 12.9 leaves/msg, 25s)
2026-08-05 09:31:09 [iter 33/60] self-play: 10/40 games...
2026-08-05 09:31:17   [GPU] 150,028 evals (3296 batches, avg 46/batch = 9% of 512, 3830 evals/s, 299 msg/s, 12.8 leaves/msg, 39s)
2026-08-05 09:31:33   [GPU] 200,013 evals (4638 batches, avg 43/batch = 8% of 512, 3636 evals/s, 275 msg/s, 13.2 leaves/msg, 55s)
2026-08-05 09:31:48   [GPU] 250,004 evals (5993 batches, avg 42/batch = 8% of 512, 3540 evals/s, 263 msg/s, 13.5 leaves/msg, 71s)
2026-08-05 09:32:03   [GPU] 300,005 evals (7300 batches, avg 41/batch = 8% of 512, 3508 evals/s, 258 msg/s, 13.6 leaves/msg, 86s)
2026-08-05 09:32:12 [iter 33/60] self-play: 15/40 games...
2026-08-05 09:32:18   [GPU] 350,015 evals (8556 batches, avg 41/batch = 8% of 512, 3502 evals/s, 258 msg/s, 13.6 leaves/msg, 100s)
2026-08-05 09:32:33   [GPU] 400,001 evals (9908 batches, avg 40/batch = 8% of 512, 3473 evals/s, 256 msg/s, 13.6 leaves/msg, 115s)
2026-08-05 09:32:50   [GPU] 450,019 evals (11352 batches, avg 40/batch = 8% of 512, 3408 evals/s, 253 msg/s, 13.5 leaves/msg, 132s)
2026-08-05 09:33:07   [GPU] 500,042 evals (12801 batches, avg 39/batch = 8% of 512, 3343 evals/s, 248 msg/s, 13.5 leaves/msg, 150s)
2026-08-05 09:33:18 [iter 33/60] self-play: 20/40 games...
2026-08-05 09:33:24   [GPU] 550,040 evals (14219 batches, avg 39/batch = 8% of 512, 3312 evals/s, 247 msg/s, 13.4 leaves/msg, 166s)
2026-08-05 09:33:39   [GPU] 600,008 evals (15576 batches, avg 39/batch = 8% of 512, 3299 evals/s, 246 msg/s, 13.4 leaves/msg, 182s)
2026-08-05 09:33:54   [GPU] 650,004 evals (16839 batches, avg 39/batch = 8% of 512, 3313 evals/s, 247 msg/s, 13.4 leaves/msg, 196s)
2026-08-05 09:33:59 [iter 33/60] self-play: 25/40 games...
2026-08-05 09:34:12   [GPU] 700,011 evals (18319 batches, avg 38/batch = 7% of 512, 3271 evals/s, 245 msg/s, 13.4 leaves/msg, 214s)
2026-08-05 09:34:29   [GPU] 750,015 evals (19754 batches, avg 38/batch = 7% of 512, 3247 evals/s, 243 msg/s, 13.4 leaves/msg, 231s)
2026-08-05 09:34:45   [GPU] 800,004 evals (21155 batches, avg 38/batch = 7% of 512, 3232 evals/s, 242 msg/s, 13.4 leaves/msg, 248s)
2026-08-05 09:35:01   [GPU] 850,029 evals (22516 batches, avg 38/batch = 7% of 512, 3226 evals/s, 242 msg/s, 13.4 leaves/msg, 263s)
2026-08-05 09:35:14 [iter 33/60] self-play: 30/40 games...
2026-08-05 09:35:15   [GPU] 900,020 evals (23762 batches, avg 38/batch = 7% of 512, 3244 evals/s, 244 msg/s, 13.3 leaves/msg, 277s)
2026-08-05 09:35:36   [GPU] 950,002 evals (25425 batches, avg 37/batch = 7% of 512, 3185 evals/s, 241 msg/s, 13.2 leaves/msg, 298s)
2026-08-05 09:35:44 [iter 33/60] self-play: 35/40 games...
2026-08-05 09:36:05   [GPU] 1,000,009 evals (27501 batches, avg 36/batch = 7% of 512, 3058 evals/s, 231 msg/s, 13.2 leaves/msg, 327s)
2026-08-05 09:39:45 [iter 33/60] self-play: 40/40 games...
2026-08-05 09:39:45 [iter 33/60] self-play done: 40 games (548s) | wins: P0=5, P1=28, draw=7 | draw_rate=18% avg_len~20
2026-08-05 09:39:45 [iter 33/60] training (600 steps, lr=5.03e-04)...
2026-08-05 09:40:04 [iter 33/60] training done: loss_p=0.998 loss_v=0.147 (19s)
2026-08-05 09:40:09 [iter 33/60] data: policy_wall_mass=0.137 walled_states=53% walls_on_board=9.2 value_mae walled=0.176 free=0.167
2026-08-05 09:40:09 [iter 33/60] eval skipped (eval_every=4)
2026-08-05 09:40:09 >>> iter 33 | loss_p=0.998 loss_v=0.147 | vs_best=n/a (not evaluated) | vs_rand=n/a | draw=18% | buf=50086 | rss=3.22GB | sp=548s train=19s eval_best=0s eval_rand=0s | total=572s
2026-08-05 09:40:09 [iter 34/60] self-play starting (40 games, 600 sims, MIXED 20/40 race-only)...
2026-08-05 09:40:09 [PARALLEL-MP] 8 workers spawned (40 games, sims=600), GPU batcher starting...
2026-08-05 09:40:23   [GPU] 50,032 evals (992 batches, avg 50/batch = 10% of 512, 3719 evals/s, 296 msg/s, 12.6 leaves/msg, 13s)
2026-08-05 09:40:26 [iter 34/60] self-play: 5/40 games...
2026-08-05 09:40:36   [GPU] 100,035 evals (2149 batches, avg 47/batch = 9% of 512, 3776 evals/s, 304 msg/s, 12.4 leaves/msg, 26s)
2026-08-05 09:40:45 [iter 34/60] self-play: 10/40 games...
2026-08-05 09:40:50   [GPU] 150,013 evals (3389 batches, avg 44/batch = 9% of 512, 3693 evals/s, 295 msg/s, 12.5 leaves/msg, 41s)
2026-08-05 09:41:05   [GPU] 200,006 evals (4682 batches, avg 43/batch = 8% of 512, 3577 evals/s, 277 msg/s, 12.9 leaves/msg, 56s)
2026-08-05 09:41:20   [GPU] 250,023 evals (5973 batches, avg 42/batch = 8% of 512, 3527 evals/s, 265 msg/s, 13.3 leaves/msg, 71s)
2026-08-05 09:41:35   [GPU] 300,030 evals (7229 batches, avg 42/batch = 8% of 512, 3499 evals/s, 258 msg/s, 13.5 leaves/msg, 86s)
2026-08-05 09:41:49 [iter 34/60] self-play: 15/40 games...
2026-08-05 09:41:50   [GPU] 350,018 evals (8504 batches, avg 41/batch = 8% of 512, 3488 evals/s, 258 msg/s, 13.5 leaves/msg, 100s)
2026-08-05 09:42:03   [GPU] 400,004 evals (9674 batches, avg 41/batch = 8% of 512, 3520 evals/s, 259 msg/s, 13.6 leaves/msg, 114s)
2026-08-05 09:42:16   [GPU] 450,031 evals (10859 batches, avg 41/batch = 8% of 512, 3539 evals/s, 260 msg/s, 13.6 leaves/msg, 127s)
2026-08-05 09:42:32   [GPU] 500,010 evals (12163 batches, avg 41/batch = 8% of 512, 3506 evals/s, 256 msg/s, 13.7 leaves/msg, 143s)
2026-08-05 09:42:47   [GPU] 550,005 evals (13453 batches, avg 41/batch = 8% of 512, 3488 evals/s, 253 msg/s, 13.8 leaves/msg, 158s)
2026-08-05 09:43:02   [GPU] 600,050 evals (14750 batches, avg 41/batch = 8% of 512, 3473 evals/s, 251 msg/s, 13.8 leaves/msg, 173s)
2026-08-05 09:43:13 [iter 34/60] self-play: 20/40 games...
2026-08-05 09:43:17   [GPU] 650,000 evals (16040 batches, avg 41/batch = 8% of 512, 3465 evals/s, 250 msg/s, 13.8 leaves/msg, 188s)
2026-08-05 09:43:31   [GPU] 700,031 evals (17319 batches, avg 40/batch = 8% of 512, 3460 evals/s, 250 msg/s, 13.8 leaves/msg, 202s)
2026-08-05 09:43:46   [GPU] 750,044 evals (18562 batches, avg 40/batch = 8% of 512, 3458 evals/s, 250 msg/s, 13.8 leaves/msg, 217s)
2026-08-05 09:43:57 [iter 34/60] self-play: 25/40 games...
2026-08-05 09:44:01   [GPU] 800,033 evals (19875 batches, avg 40/batch = 8% of 512, 3447 evals/s, 250 msg/s, 13.8 leaves/msg, 232s)
2026-08-05 09:44:17   [GPU] 850,011 evals (21184 batches, avg 40/batch = 8% of 512, 3436 evals/s, 248 msg/s, 13.9 leaves/msg, 247s)
2026-08-05 09:44:29 [iter 34/60] self-play: 30/40 games...
2026-08-05 09:44:32   [GPU] 900,015 evals (22487 batches, avg 40/batch = 8% of 512, 3428 evals/s, 249 msg/s, 13.8 leaves/msg, 263s)
2026-08-05 09:44:50   [GPU] 950,017 evals (23977 batches, avg 40/batch = 8% of 512, 3383 evals/s, 245 msg/s, 13.8 leaves/msg, 281s)
2026-08-05 09:44:55 [iter 34/60] self-play: 35/40 games...
2026-08-05 09:45:18   [GPU] 1,000,014 evals (25940 batches, avg 39/batch = 8% of 512, 3237 evals/s, 234 msg/s, 13.9 leaves/msg, 309s)
2026-08-05 09:45:57   [GPU] 1,050,001 evals (28458 batches, avg 37/batch = 7% of 512, 3015 evals/s, 218 msg/s, 13.8 leaves/msg, 348s)
2026-08-05 09:46:50   [GPU] 1,100,005 evals (31416 batches, avg 35/batch = 7% of 512, 2745 evals/s, 200 msg/s, 13.8 leaves/msg, 401s)
2026-08-05 09:47:42   [GPU] 1,150,013 evals (34294 batches, avg 34/batch = 7% of 512, 2540 evals/s, 185 msg/s, 13.7 leaves/msg, 453s)
2026-08-05 09:48:49   [GPU] 1,200,006 evals (37821 batches, avg 32/batch = 6% of 512, 2306 evals/s, 170 msg/s, 13.6 leaves/msg, 520s)
2026-08-05 09:52:16 [iter 34/60] self-play: 40/40 games...
2026-08-05 09:52:17 [iter 34/60] self-play done: 40 games (727s) | wins: P0=7, P1=23, draw=10 | draw_rate=25% avg_len~16
2026-08-05 09:52:17 [iter 34/60] WARNING: draw_rate 25% > 20% — games timing out at max_game_moves=160 (weak value signal).
2026-08-05 09:52:17 [iter 34/60] training (600 steps, lr=4.80e-04)...
2026-08-05 09:52:36 [iter 34/60] training done: loss_p=0.982 loss_v=0.146 (19s)
2026-08-05 09:52:40 [iter 34/60] data: policy_wall_mass=0.117 walled_states=43% walls_on_board=5.3 value_mae walled=0.131 free=0.145
2026-08-05 09:52:41 [iter 34/60] eval skipped (eval_every=4)
2026-08-05 09:52:41 >>> iter 34 | loss_p=0.982 loss_v=0.146 | vs_best=n/a (not evaluated) | vs_rand=n/a | draw=25% | buf=51336 | rss=3.24GB | sp=727s train=19s eval_best=0s eval_rand=0s | total=751s
2026-08-05 09:52:41 [iter 35/60] self-play starting (40 games, 600 sims, MIXED 20/40 race-only)...
2026-08-05 09:52:41 [PARALLEL-MP] 8 workers spawned (40 games, sims=600), GPU batcher starting...
2026-08-05 09:52:51   [GPU] 50,038 evals (850 batches, avg 59/batch = 11% of 512, 4631 evals/s, 332 msg/s, 14.0 leaves/msg, 11s)
2026-08-05 09:52:55 [iter 35/60] self-play: 5/40 games...
2026-08-05 09:53:04   [GPU] 100,047 evals (2002 batches, avg 50/batch = 10% of 512, 4347 evals/s, 343 msg/s, 12.7 leaves/msg, 23s)
2026-08-05 09:53:12 [iter 35/60] self-play: 10/40 games...
2026-08-05 09:53:16   [GPU] 150,024 evals (3154 batches, avg 48/batch = 9% of 512, 4262 evals/s, 333 msg/s, 12.8 leaves/msg, 35s)
2026-08-05 09:53:31   [GPU] 200,045 evals (4471 batches, avg 45/batch = 9% of 512, 3964 evals/s, 300 msg/s, 13.2 leaves/msg, 50s)
2026-08-05 09:53:47   [GPU] 250,025 evals (5836 batches, avg 43/batch = 8% of 512, 3780 evals/s, 278 msg/s, 13.6 leaves/msg, 66s)
2026-08-05 09:54:02   [GPU] 300,015 evals (7194 batches, avg 42/batch = 8% of 512, 3668 evals/s, 265 msg/s, 13.8 leaves/msg, 82s)
2026-08-05 09:54:18   [GPU] 350,016 evals (8563 batches, avg 41/batch = 8% of 512, 3586 evals/s, 256 msg/s, 14.0 leaves/msg, 98s)
2026-08-05 09:54:34   [GPU] 400,005 evals (9936 batches, avg 40/batch = 8% of 512, 3535 evals/s, 250 msg/s, 14.1 leaves/msg, 113s)
2026-08-05 09:54:49   [GPU] 450,009 evals (11289 batches, avg 40/batch = 8% of 512, 3507 evals/s, 247 msg/s, 14.2 leaves/msg, 128s)
2026-08-05 09:55:04   [GPU] 500,031 evals (12615 batches, avg 40/batch = 8% of 512, 3490 evals/s, 244 msg/s, 14.3 leaves/msg, 143s)
2026-08-05 09:55:19   [GPU] 550,030 evals (13940 batches, avg 39/batch = 8% of 512, 3473 evals/s, 242 msg/s, 14.4 leaves/msg, 158s)
2026-08-05 09:55:34   [GPU] 600,013 evals (15270 batches, avg 39/batch = 8% of 512, 3464 evals/s, 240 msg/s, 14.4 leaves/msg, 173s)
2026-08-05 09:55:48   [GPU] 650,000 evals (16584 batches, avg 39/batch = 8% of 512, 3463 evals/s, 240 msg/s, 14.4 leaves/msg, 188s)
2026-08-05 09:56:02   [GPU] 700,015 evals (17861 batches, avg 39/batch = 8% of 512, 3468 evals/s, 240 msg/s, 14.4 leaves/msg, 202s)
2026-08-05 09:56:10 [iter 35/60] self-play: 15/40 games...
2026-08-05 09:56:17   [GPU] 750,043 evals (19142 batches, avg 39/batch = 8% of 512, 3473 evals/s, 241 msg/s, 14.4 leaves/msg, 216s)
2026-08-05 09:56:30   [GPU] 800,000 evals (20364 batches, avg 39/batch = 8% of 512, 3488 evals/s, 243 msg/s, 14.4 leaves/msg, 229s)
2026-08-05 09:56:39 [iter 35/60] self-play: 20/40 games...
2026-08-05 09:56:44   [GPU] 850,042 evals (21659 batches, avg 39/batch = 8% of 512, 3489 evals/s, 243 msg/s, 14.4 leaves/msg, 244s)
2026-08-05 09:56:57   [GPU] 900,013 evals (22836 batches, avg 39/batch = 8% of 512, 3517 evals/s, 245 msg/s, 14.4 leaves/msg, 256s)
2026-08-05 09:57:02 [iter 35/60] self-play: 25/40 games...
2026-08-05 09:57:10   [GPU] 950,019 evals (24110 batches, avg 39/batch = 8% of 512, 3522 evals/s, 246 msg/s, 14.3 leaves/msg, 270s)
2026-08-05 09:57:23 [iter 35/60] self-play: 30/40 games...
2026-08-05 09:57:23   [GPU] 1,000,017 evals (25243 batches, avg 40/batch = 8% of 512, 3545 evals/s, 248 msg/s, 14.3 leaves/msg, 282s)
2026-08-05 09:57:38   [GPU] 1,050,021 evals (26584 batches, avg 39/batch = 8% of 512, 3536 evals/s, 248 msg/s, 14.3 leaves/msg, 297s)
2026-08-05 09:57:44 [iter 35/60] self-play: 35/40 games...
2026-08-05 09:58:03   [GPU] 1,100,008 evals (28430 batches, avg 39/batch = 8% of 512, 3417 evals/s, 240 msg/s, 14.3 leaves/msg, 322s)
2026-08-05 09:58:31   [GPU] 1,150,016 evals (30370 batches, avg 38/batch = 7% of 512, 3287 evals/s, 230 msg/s, 14.3 leaves/msg, 350s)
2026-08-05 09:59:00   [GPU] 1,200,008 evals (32413 batches, avg 37/batch = 7% of 512, 3161 evals/s, 221 msg/s, 14.3 leaves/msg, 380s)
2026-08-05 09:59:39   [GPU] 1,250,001 evals (34743 batches, avg 36/batch = 7% of 512, 2989 evals/s, 208 msg/s, 14.3 leaves/msg, 418s)
2026-08-05 10:00:53   [GPU] 1,300,010 evals (37661 batches, avg 35/batch = 7% of 512, 2640 evals/s, 184 msg/s, 14.4 leaves/msg, 492s)
2026-08-05 10:01:17 [iter 35/60] self-play: 40/40 games...
2026-08-05 10:01:18 [iter 35/60] self-play done: 40 games (517s) | wins: P0=4, P1=26, draw=10 | draw_rate=25% avg_len~18
2026-08-05 10:01:18 [iter 35/60] WARNING: draw_rate 25% > 20% — games timing out at max_game_moves=160 (weak value signal).
2026-08-05 10:01:18 [iter 35/60] training (600 steps, lr=4.56e-04)...
2026-08-05 10:01:37 [iter 35/60] training done: loss_p=0.981 loss_v=0.142 (20s)
2026-08-05 10:01:41 [iter 35/60] data: policy_wall_mass=0.103 walled_states=47% walls_on_board=8.0 value_mae walled=0.127 free=0.141
2026-08-05 10:01:42 [iter 35/60] eval skipped (eval_every=4)
2026-08-05 10:01:42 >>> iter 35 | loss_p=0.981 loss_v=0.142 | vs_best=n/a (not evaluated) | vs_rand=n/a | draw=25% | buf=52780 | rss=3.26GB | sp=517s train=20s eval_best=0s eval_rand=0s | total=541s
2026-08-05 10:01:42 [iter 36/60] self-play starting (40 games, 600 sims, MIXED 20/40 race-only)...
2026-08-05 10:01:42 [PARALLEL-MP] 8 workers spawned (40 games, sims=600), GPU batcher starting...
2026-08-05 10:01:54   [GPU] 50,018 evals (919 batches, avg 54/batch = 11% of 512, 4169 evals/s, 331 msg/s, 12.6 leaves/msg, 12s)
2026-08-05 10:01:59 [iter 36/60] self-play: 5/40 games...
2026-08-05 10:02:05   [GPU] 100,032 evals (2006 batches, avg 50/batch = 10% of 512, 4244 evals/s, 331 msg/s, 12.8 leaves/msg, 24s)
2026-08-05 10:02:10 [iter 36/60] self-play: 10/40 games...
2026-08-05 10:02:20   [GPU] 150,014 evals (3284 batches, avg 46/batch = 9% of 512, 3989 evals/s, 310 msg/s, 12.9 leaves/msg, 38s)
2026-08-05 10:02:36   [GPU] 200,023 evals (4672 batches, avg 43/batch = 8% of 512, 3726 evals/s, 281 msg/s, 13.3 leaves/msg, 54s)
2026-08-05 10:02:52   [GPU] 250,036 evals (6057 batches, avg 41/batch = 8% of 512, 3583 evals/s, 264 msg/s, 13.6 leaves/msg, 70s)
2026-08-05 10:03:07   [GPU] 300,000 evals (7453 batches, avg 40/batch = 8% of 512, 3516 evals/s, 258 msg/s, 13.6 leaves/msg, 85s)
2026-08-05 10:03:13 [iter 36/60] self-play: 15/40 games...
2026-08-05 10:03:22   [GPU] 350,011 evals (8784 batches, avg 40/batch = 8% of 512, 3497 evals/s, 259 msg/s, 13.5 leaves/msg, 100s)
2026-08-05 10:03:34 [iter 36/60] self-play: 20/40 games...
2026-08-05 10:03:37   [GPU] 400,015 evals (10114 batches, avg 40/batch = 8% of 512, 3478 evals/s, 258 msg/s, 13.5 leaves/msg, 115s)
2026-08-05 10:03:53   [GPU] 450,079 evals (11497 batches, avg 39/batch = 8% of 512, 3435 evals/s, 254 msg/s, 13.5 leaves/msg, 131s)
2026-08-05 10:04:08   [GPU] 500,011 evals (12867 batches, avg 39/batch = 8% of 512, 3414 evals/s, 252 msg/s, 13.6 leaves/msg, 146s)
2026-08-05 10:04:25   [GPU] 550,019 evals (14335 batches, avg 38/batch = 7% of 512, 3363 evals/s, 247 msg/s, 13.6 leaves/msg, 164s)
2026-08-05 10:04:42 [iter 36/60] self-play: 25/40 games...
2026-08-05 10:04:43   [GPU] 600,040 evals (15831 batches, avg 38/batch = 7% of 512, 3322 evals/s, 245 msg/s, 13.6 leaves/msg, 181s)
2026-08-05 10:04:58   [GPU] 650,027 evals (17213 batches, avg 38/batch = 7% of 512, 3309 evals/s, 244 msg/s, 13.6 leaves/msg, 196s)
2026-08-05 10:05:15   [GPU] 700,011 evals (18644 batches, avg 38/batch = 7% of 512, 3292 evals/s, 243 msg/s, 13.6 leaves/msg, 213s)
2026-08-05 10:05:24 [iter 36/60] self-play: 30/40 games...
2026-08-05 10:05:30   [GPU] 750,004 evals (20032 batches, avg 37/batch = 7% of 512, 3286 evals/s, 243 msg/s, 13.5 leaves/msg, 228s)
2026-08-05 10:05:47   [GPU] 800,011 evals (21514 batches, avg 37/batch = 7% of 512, 3263 evals/s, 241 msg/s, 13.5 leaves/msg, 245s)
2026-08-05 10:06:03   [GPU] 850,017 evals (22909 batches, avg 37/batch = 7% of 512, 3257 evals/s, 240 msg/s, 13.6 leaves/msg, 261s)
2026-08-05 10:06:18   [GPU] 900,010 evals (24287 batches, avg 37/batch = 7% of 512, 3255 evals/s, 239 msg/s, 13.6 leaves/msg, 276s)
2026-08-05 10:06:34   [GPU] 950,025 evals (25688 batches, avg 37/batch = 7% of 512, 3251 evals/s, 239 msg/s, 13.6 leaves/msg, 292s)
2026-08-05 10:06:53   [GPU] 1,000,029 evals (27346 batches, avg 37/batch = 7% of 512, 3214 evals/s, 237 msg/s, 13.5 leaves/msg, 311s)
2026-08-05 10:07:05 [iter 36/60] self-play: 35/40 games...
2026-08-05 10:07:11   [GPU] 1,050,007 evals (28908 batches, avg 36/batch = 7% of 512, 3195 evals/s, 236 msg/s, 13.5 leaves/msg, 329s)
2026-08-05 10:08:26   [GPU] 1,100,003 evals (31606 batches, avg 35/batch = 7% of 512, 2722 evals/s, 202 msg/s, 13.5 leaves/msg, 404s)
2026-08-05 10:09:12 [iter 36/60] self-play: 40/40 games...
2026-08-05 10:09:12 [iter 36/60] self-play done: 40 games (450s) | wins: P0=7, P1=26, draw=7 | draw_rate=18% avg_len~22
2026-08-05 10:09:12 [iter 36/60] training (600 steps, lr=4.34e-04)...
2026-08-05 10:09:33 [iter 36/60] training done: loss_p=0.974 loss_v=0.144 (21s)
2026-08-05 10:09:37 [iter 36/60] data: policy_wall_mass=0.127 walled_states=61% walls_on_board=10.7 value_mae walled=0.147 free=0.248
2026-08-05 10:09:38 [iter 36/60] eval vs best (160 games, 200 sims)...
2026-08-05 10:09:38 [EVAL-MP] 8 workers spawned (160 vs_best games, sims=200), GPU batcher starting...
2026-08-05 10:09:57   [GPU] 50,058 evals (1171 batches, avg 43/batch = 8% of 512, 2562 evals/s, 179 msg/s, 14.3 leaves/msg, 20s)
2026-08-05 10:10:14   [GPU] 100,025 evals (2340 batches, avg 43/batch = 8% of 512, 2757 evals/s, 195 msg/s, 14.1 leaves/msg, 36s)
2026-08-05 10:10:30   [GPU] 150,012 evals (3488 batches, avg 43/batch = 8% of 512, 2849 evals/s, 202 msg/s, 14.1 leaves/msg, 53s)
2026-08-05 10:10:47   [GPU] 200,033 evals (4642 batches, avg 43/batch = 8% of 512, 2888 evals/s, 205 msg/s, 14.1 leaves/msg, 69s)
2026-08-05 10:11:04   [GPU] 250,067 evals (5884 batches, avg 42/batch = 8% of 512, 2885 evals/s, 205 msg/s, 14.1 leaves/msg, 87s)
2026-08-05 10:11:09 [iter 36/60] eval vs best: 5/160 games (92s, cand 0%)
2026-08-05 10:11:23   [GPU] 300,004 evals (7178 batches, avg 42/batch = 8% of 512, 2850 evals/s, 204 msg/s, 14.0 leaves/msg, 105s)
2026-08-05 10:11:41   [GPU] 350,035 evals (8475 batches, avg 41/batch = 8% of 512, 2836 evals/s, 205 msg/s, 13.8 leaves/msg, 123s)
2026-08-05 10:11:59   [GPU] 400,002 evals (9738 batches, avg 41/batch = 8% of 512, 2834 evals/s, 206 msg/s, 13.8 leaves/msg, 141s)
2026-08-05 10:12:17   [GPU] 450,010 evals (11002 batches, avg 41/batch = 8% of 512, 2827 evals/s, 206 msg/s, 13.7 leaves/msg, 159s)
2026-08-05 10:12:25 [iter 36/60] eval vs best: 10/160 games (167s, cand 0%)
2026-08-05 10:12:35   [GPU] 500,006 evals (12284 batches, avg 41/batch = 8% of 512, 2814 evals/s, 206 msg/s, 13.6 leaves/msg, 178s)
2026-08-05 10:12:47 [iter 36/60] eval vs best: 15/160 games (189s, cand 100%)
2026-08-05 10:12:54   [GPU] 550,007 evals (13572 batches, avg 41/batch = 8% of 512, 2804 evals/s, 206 msg/s, 13.6 leaves/msg, 196s)
2026-08-05 10:13:12   [GPU] 600,011 evals (14828 batches, avg 40/batch = 8% of 512, 2796 evals/s, 206 msg/s, 13.5 leaves/msg, 215s)
2026-08-05 10:13:30   [GPU] 650,041 evals (16074 batches, avg 40/batch = 8% of 512, 2801 evals/s, 207 msg/s, 13.6 leaves/msg, 232s)
2026-08-05 10:13:46 [iter 36/60] eval vs best: 20/160 games (249s, cand 100%)
2026-08-05 10:13:47   [GPU] 700,036 evals (17302 batches, avg 40/batch = 8% of 512, 2803 evals/s, 207 msg/s, 13.6 leaves/msg, 250s)
2026-08-05 10:14:05   [GPU] 750,034 evals (18529 batches, avg 40/batch = 8% of 512, 2804 evals/s, 207 msg/s, 13.6 leaves/msg, 267s)
2026-08-05 10:14:22   [GPU] 800,079 evals (19731 batches, avg 41/batch = 8% of 512, 2810 evals/s, 207 msg/s, 13.6 leaves/msg, 285s)
2026-08-05 10:14:24 [iter 36/60] eval vs best: 25/160 games (286s, cand 100%)
2026-08-05 10:14:39   [GPU] 850,030 evals (20896 batches, avg 41/batch = 8% of 512, 2819 evals/s, 208 msg/s, 13.6 leaves/msg, 301s)
2026-08-05 10:14:55   [GPU] 900,021 evals (21979 batches, avg 41/batch = 8% of 512, 2837 evals/s, 209 msg/s, 13.6 leaves/msg, 317s)
2026-08-05 10:15:11   [GPU] 950,020 evals (23062 batches, avg 41/batch = 8% of 512, 2854 evals/s, 211 msg/s, 13.5 leaves/msg, 333s)
2026-08-05 10:15:25   [GPU] 1,000,050 evals (24083 batches, avg 42/batch = 8% of 512, 2877 evals/s, 213 msg/s, 13.5 leaves/msg, 348s)
2026-08-05 10:15:30 [iter 36/60] eval vs best: 30/160 games (352s, cand 100%)
2026-08-05 10:15:41   [GPU] 1,050,018 evals (25200 batches, avg 42/batch = 8% of 512, 2888 evals/s, 214 msg/s, 13.5 leaves/msg, 364s)
2026-08-05 10:15:57   [GPU] 1,100,018 evals (26306 batches, avg 42/batch = 8% of 512, 2901 evals/s, 215 msg/s, 13.5 leaves/msg, 379s)
2026-08-05 10:16:02 [iter 36/60] eval vs best: 35/160 games (384s, cand 100%)
2026-08-05 10:16:12   [GPU] 1,150,075 evals (27386 batches, avg 42/batch = 8% of 512, 2915 evals/s, 216 msg/s, 13.5 leaves/msg, 395s)
2026-08-05 10:16:27   [GPU] 1,200,030 evals (28440 batches, avg 42/batch = 8% of 512, 2930 evals/s, 218 msg/s, 13.5 leaves/msg, 410s)
2026-08-05 10:16:42   [GPU] 1,250,028 evals (29506 batches, avg 42/batch = 8% of 512, 2944 evals/s, 219 msg/s, 13.4 leaves/msg, 425s)
2026-08-05 10:16:51 [iter 36/60] eval vs best: 40/160 games (433s, cand 100%)
2026-08-05 10:16:58   [GPU] 1,300,028 evals (30590 batches, avg 42/batch = 8% of 512, 2955 evals/s, 220 msg/s, 13.4 leaves/msg, 440s)
2026-08-05 10:17:13   [GPU] 1,350,015 evals (31689 batches, avg 43/batch = 8% of 512, 2964 evals/s, 220 msg/s, 13.5 leaves/msg, 456s)
2026-08-05 10:17:21 [iter 36/60] eval vs best: 45/160 games (464s, cand 100%)
2026-08-05 10:17:29   [GPU] 1,400,017 evals (32783 batches, avg 43/batch = 8% of 512, 2972 evals/s, 221 msg/s, 13.5 leaves/msg, 471s)
2026-08-05 10:17:44   [GPU] 1,450,009 evals (33878 batches, avg 43/batch = 8% of 512, 2980 evals/s, 221 msg/s, 13.5 leaves/msg, 487s)
2026-08-05 10:18:00   [GPU] 1,500,083 evals (34994 batches, avg 43/batch = 8% of 512, 2987 evals/s, 222 msg/s, 13.5 leaves/msg, 502s)
2026-08-05 10:18:15 [iter 36/60] eval vs best: 50/160 games (517s, cand 100%)
2026-08-05 10:18:16   [GPU] 1,550,019 evals (36104 batches, avg 43/batch = 8% of 512, 2992 evals/s, 222 msg/s, 13.4 leaves/msg, 518s)
2026-08-05 10:18:31   [GPU] 1,600,047 evals (37214 batches, avg 43/batch = 8% of 512, 2997 evals/s, 223 msg/s, 13.5 leaves/msg, 534s)
2026-08-05 10:18:47   [GPU] 1,650,007 evals (38333 batches, avg 43/batch = 8% of 512, 3001 evals/s, 223 msg/s, 13.5 leaves/msg, 550s)
2026-08-05 10:18:58 [iter 36/60] eval vs best: 55/160 games (560s, cand 86%)
2026-08-05 10:19:03   [GPU] 1,700,008 evals (39438 batches, avg 43/batch = 8% of 512, 3007 evals/s, 223 msg/s, 13.5 leaves/msg, 565s)
2026-08-05 10:19:18   [GPU] 1,750,050 evals (40514 batches, avg 43/batch = 8% of 512, 3014 evals/s, 224 msg/s, 13.5 leaves/msg, 581s)
2026-08-05 10:19:34   [GPU] 1,800,031 evals (41603 batches, avg 43/batch = 8% of 512, 3019 evals/s, 224 msg/s, 13.5 leaves/msg, 596s)
2026-08-05 10:19:45 [iter 36/60] eval vs best: 60/160 games (608s, cand 88%)
2026-08-05 10:19:49   [GPU] 1,850,031 evals (42706 batches, avg 43/batch = 8% of 512, 3024 evals/s, 224 msg/s, 13.5 leaves/msg, 612s)
2026-08-05 10:20:05   [GPU] 1,900,012 evals (43795 batches, avg 43/batch = 8% of 512, 3030 evals/s, 224 msg/s, 13.5 leaves/msg, 627s)
2026-08-05 10:20:06 [iter 36/60] eval vs best: 65/160 games (628s, cand 80%)
2026-08-05 10:20:21   [GPU] 1,950,060 evals (44921 batches, avg 43/batch = 8% of 512, 3032 evals/s, 224 msg/s, 13.5 leaves/msg, 643s)
2026-08-05 10:20:36   [GPU] 2,000,047 evals (46008 batches, avg 43/batch = 8% of 512, 3037 evals/s, 225 msg/s, 13.5 leaves/msg, 659s)
2026-08-05 10:20:51   [GPU] 2,050,026 evals (47085 batches, avg 44/batch = 9% of 512, 3042 evals/s, 225 msg/s, 13.5 leaves/msg, 674s)
2026-08-05 10:21:07   [GPU] 2,100,040 evals (48199 batches, avg 44/batch = 9% of 512, 3047 evals/s, 225 msg/s, 13.5 leaves/msg, 689s)
2026-08-05 10:21:18 [iter 36/60] eval vs best: 70/160 games (700s, cand 80%)
2026-08-05 10:21:23   [GPU] 2,150,031 evals (49309 batches, avg 44/batch = 9% of 512, 3050 evals/s, 225 msg/s, 13.5 leaves/msg, 705s)
2026-08-05 10:21:39   [GPU] 2,200,022 evals (50499 batches, avg 44/batch = 9% of 512, 3051 evals/s, 225 msg/s, 13.6 leaves/msg, 721s)
2026-08-05 10:21:51 [iter 36/60] eval vs best: 75/160 games (734s, cand 80%)
2026-08-05 10:21:54   [GPU] 2,250,013 evals (51589 batches, avg 44/batch = 9% of 512, 3054 evals/s, 225 msg/s, 13.6 leaves/msg, 737s)
2026-08-05 10:22:09   [GPU] 2,300,002 evals (52653 batches, avg 44/batch = 9% of 512, 3060 evals/s, 226 msg/s, 13.6 leaves/msg, 752s)
2026-08-05 10:22:24   [GPU] 2,350,047 evals (53715 batches, avg 44/batch = 9% of 512, 3065 evals/s, 226 msg/s, 13.6 leaves/msg, 767s)
2026-08-05 10:22:40   [GPU] 2,400,039 evals (54787 batches, avg 44/batch = 9% of 512, 3069 evals/s, 226 msg/s, 13.6 leaves/msg, 782s)
2026-08-05 10:22:40 [iter 36/60] eval vs best: 80/160 games (783s, cand 80%)
2026-08-05 10:22:56   [GPU] 2,450,032 evals (55942 batches, avg 44/batch = 9% of 512, 3068 evals/s, 226 msg/s, 13.6 leaves/msg, 798s)
2026-08-05 10:23:12   [GPU] 2,500,007 evals (57062 batches, avg 44/batch = 9% of 512, 3069 evals/s, 226 msg/s, 13.6 leaves/msg, 814s)
2026-08-05 10:23:28   [GPU] 2,550,008 evals (58187 batches, avg 44/batch = 9% of 512, 3071 evals/s, 226 msg/s, 13.6 leaves/msg, 830s)
2026-08-05 10:23:43   [GPU] 2,600,009 evals (59256 batches, avg 44/batch = 9% of 512, 3075 evals/s, 226 msg/s, 13.6 leaves/msg, 846s)
2026-08-05 10:23:47 [iter 36/60] eval vs best: 85/160 games (849s, cand 80%)
2026-08-05 10:23:59   [GPU] 2,650,048 evals (60331 batches, avg 44/batch = 9% of 512, 3078 evals/s, 226 msg/s, 13.6 leaves/msg, 861s)
2026-08-05 10:24:14   [GPU] 2,700,038 evals (61387 batches, avg 44/batch = 9% of 512, 3082 evals/s, 227 msg/s, 13.6 leaves/msg, 876s)
2026-08-05 10:24:21 [iter 36/60] eval vs best: 90/160 games (883s, cand 80%)
2026-08-05 10:24:29   [GPU] 2,750,019 evals (62460 batches, avg 44/batch = 9% of 512, 3085 evals/s, 227 msg/s, 13.6 leaves/msg, 892s)
2026-08-05 10:24:45   [GPU] 2,800,002 evals (63549 batches, avg 44/batch = 9% of 512, 3087 evals/s, 227 msg/s, 13.6 leaves/msg, 907s)
2026-08-05 10:25:00   [GPU] 2,850,000 evals (64666 batches, avg 44/batch = 9% of 512, 3089 evals/s, 227 msg/s, 13.6 leaves/msg, 923s)
2026-08-05 10:25:03 [iter 36/60] eval vs best: 95/160 games (925s, cand 83%)
2026-08-05 10:25:17   [GPU] 2,900,047 evals (65842 batches, avg 44/batch = 9% of 512, 3087 evals/s, 227 msg/s, 13.6 leaves/msg, 939s)
2026-08-05 10:25:34   [GPU] 2,950,004 evals (67067 batches, avg 44/batch = 9% of 512, 3083 evals/s, 227 msg/s, 13.6 leaves/msg, 957s)
2026-08-05 10:25:42 [iter 36/60] eval vs best: 100/160 games (964s, cand 77%)
2026-08-05 10:25:53   [GPU] 3,000,004 evals (68342 batches, avg 44/batch = 9% of 512, 3076 evals/s, 227 msg/s, 13.6 leaves/msg, 975s)
2026-08-05 10:26:12   [GPU] 3,050,012 evals (69626 batches, avg 44/batch = 9% of 512, 3069 evals/s, 227 msg/s, 13.5 leaves/msg, 994s)
2026-08-05 10:26:26 [iter 36/60] eval vs best: 105/160 games (1008s, cand 80%)
2026-08-05 10:26:30   [GPU] 3,100,035 evals (70923 batches, avg 44/batch = 9% of 512, 3062 evals/s, 227 msg/s, 13.5 leaves/msg, 1013s)
2026-08-05 10:26:49   [GPU] 3,150,027 evals (72196 batches, avg 44/batch = 9% of 512, 3055 evals/s, 227 msg/s, 13.5 leaves/msg, 1031s)
2026-08-05 10:27:06   [GPU] 3,200,024 evals (73421 batches, avg 44/batch = 9% of 512, 3052 evals/s, 226 msg/s, 13.5 leaves/msg, 1049s)
2026-08-05 10:27:23   [GPU] 3,250,000 evals (74592 batches, avg 44/batch = 9% of 512, 3050 evals/s, 226 msg/s, 13.5 leaves/msg, 1066s)
2026-08-05 10:27:25 [iter 36/60] eval vs best: 110/160 games (1067s, cand 81%)
2026-08-05 10:27:41   [GPU] 3,300,006 evals (75788 batches, avg 44/batch = 9% of 512, 3047 evals/s, 226 msg/s, 13.5 leaves/msg, 1083s)
2026-08-05 10:27:58   [GPU] 3,350,017 evals (76983 batches, avg 44/batch = 8% of 512, 3045 evals/s, 226 msg/s, 13.5 leaves/msg, 1100s)
2026-08-05 10:28:16   [GPU] 3,400,005 evals (78203 batches, avg 43/batch = 8% of 512, 3041 evals/s, 226 msg/s, 13.4 leaves/msg, 1118s)
2026-08-05 10:28:16 [iter 36/60] eval vs best: 115/160 games (1118s, cand 81%)
2026-08-05 10:28:32   [GPU] 3,450,051 evals (79366 batches, avg 43/batch = 8% of 512, 3041 evals/s, 226 msg/s, 13.4 leaves/msg, 1134s)
2026-08-05 10:28:48   [GPU] 3,500,014 evals (80495 batches, avg 43/batch = 8% of 512, 3043 evals/s, 227 msg/s, 13.4 leaves/msg, 1150s)
2026-08-05 10:28:55 [iter 36/60] eval vs best: 120/160 games (1158s, cand 82%)
2026-08-05 10:29:05   [GPU] 3,550,012 evals (81658 batches, avg 43/batch = 8% of 512, 3042 evals/s, 227 msg/s, 13.4 leaves/msg, 1167s)
2026-08-05 10:29:21   [GPU] 3,600,029 evals (82806 batches, avg 43/batch = 8% of 512, 3043 evals/s, 227 msg/s, 13.4 leaves/msg, 1183s)
2026-08-05 10:29:37   [GPU] 3,650,013 evals (83957 batches, avg 43/batch = 8% of 512, 3043 evals/s, 226 msg/s, 13.4 leaves/msg, 1199s)
2026-08-05 10:29:53   [GPU] 3,700,040 evals (85077 batches, avg 43/batch = 8% of 512, 3044 evals/s, 226 msg/s, 13.4 leaves/msg, 1215s)
2026-08-05 10:29:57 [iter 36/60] eval vs best: 125/160 games (1219s, cand 82%)
2026-08-05 10:30:09   [GPU] 3,750,015 evals (86220 batches, avg 43/batch = 8% of 512, 3045 evals/s, 226 msg/s, 13.5 leaves/msg, 1232s)
2026-08-05 10:30:26   [GPU] 3,800,020 evals (87398 batches, avg 43/batch = 8% of 512, 3044 evals/s, 226 msg/s, 13.5 leaves/msg, 1248s)
2026-08-05 10:30:30 [iter 36/60] eval vs best: 130/160 games (1252s, cand 83%)
2026-08-05 10:30:42   [GPU] 3,850,033 evals (88532 batches, avg 43/batch = 8% of 512, 3045 evals/s, 226 msg/s, 13.5 leaves/msg, 1264s)
2026-08-05 10:30:59   [GPU] 3,900,005 evals (89695 batches, avg 43/batch = 8% of 512, 3044 evals/s, 226 msg/s, 13.5 leaves/msg, 1281s)
2026-08-05 10:31:14   [GPU] 3,950,007 evals (90782 batches, avg 44/batch = 8% of 512, 3047 evals/s, 226 msg/s, 13.5 leaves/msg, 1296s)
2026-08-05 10:31:21 [iter 36/60] eval vs best: 135/160 games (1304s, cand 79%)
2026-08-05 10:31:32   [GPU] 4,000,041 evals (92022 batches, avg 43/batch = 8% of 512, 3043 evals/s, 226 msg/s, 13.5 leaves/msg, 1314s)
2026-08-05 10:31:50   [GPU] 4,050,001 evals (93270 batches, avg 43/batch = 8% of 512, 3040 evals/s, 226 msg/s, 13.5 leaves/msg, 1332s)
2026-08-05 10:32:04 [iter 36/60] eval vs best: 140/160 games (1347s, cand 79%)
2026-08-05 10:32:08   [GPU] 4,100,002 evals (94575 batches, avg 43/batch = 8% of 512, 3035 evals/s, 225 msg/s, 13.5 leaves/msg, 1351s)
2026-08-05 10:32:26   [GPU] 4,150,016 evals (95770 batches, avg 43/batch = 8% of 512, 3033 evals/s, 225 msg/s, 13.5 leaves/msg, 1368s)
2026-08-05 10:32:43   [GPU] 4,200,012 evals (96995 batches, avg 43/batch = 8% of 512, 3032 evals/s, 225 msg/s, 13.5 leaves/msg, 1385s)
2026-08-05 10:33:02   [GPU] 4,250,032 evals (98318 batches, avg 43/batch = 8% of 512, 3026 evals/s, 225 msg/s, 13.5 leaves/msg, 1404s)
2026-08-05 10:33:17 [iter 36/60] eval vs best: 145/160 games (1419s, cand 79%)
2026-08-05 10:33:25   [GPU] 4,300,007 evals (99880 batches, avg 43/batch = 8% of 512, 3013 evals/s, 224 msg/s, 13.5 leaves/msg, 1427s)
2026-08-05 10:33:50   [GPU] 4,350,043 evals (101647 batches, avg 43/batch = 8% of 512, 2995 evals/s, 223 msg/s, 13.4 leaves/msg, 1453s)
2026-08-05 10:34:13   [GPU] 4,400,030 evals (103388 batches, avg 43/batch = 8% of 512, 2982 evals/s, 222 msg/s, 13.4 leaves/msg, 1475s)
2026-08-05 10:34:27 [iter 36/60] eval vs best: 150/160 games (1490s, cand 79%)
2026-08-05 10:34:39   [GPU] 4,450,019 evals (105153 batches, avg 42/batch = 8% of 512, 2965 evals/s, 221 msg/s, 13.4 leaves/msg, 1501s)
2026-08-05 10:35:06   [GPU] 4,500,005 evals (107048 batches, avg 42/batch = 8% of 512, 2944 evals/s, 220 msg/s, 13.4 leaves/msg, 1529s)
2026-08-05 10:35:12 [iter 36/60] eval vs best: 155/160 games (1534s, cand 81%)
2026-08-05 10:35:40   [GPU] 4,550,001 evals (109271 batches, avg 42/batch = 8% of 512, 2913 evals/s, 217 msg/s, 13.4 leaves/msg, 1562s)
2026-08-05 10:36:29   [GPU] 4,600,000 evals (112104 batches, avg 41/batch = 8% of 512, 2855 evals/s, 213 msg/s, 13.4 leaves/msg, 1611s)
2026-08-05 10:36:52 [iter 36/60] eval vs best: 160/160 games (1634s, cand 81%)
2026-08-05 10:36:52 [iter 36/60] eval vs best done: 81.0% of 21 decided reject (only 21/160 games decided — too few to gate on) (1634s)
2026-08-05 10:36:52 [iter 36/60] eval vs random (40 games, 200 sims)...
2026-08-05 10:36:52 [EVAL-MP] 8 workers spawned (40 vs_random games, sims=200), GPU batcher starting...
2026-08-05 10:37:02 [iter 36/60] eval vs random: 5/40 games (10s, cand 100%)
2026-08-05 10:37:07   [GPU] 50,005 evals (1212 batches, avg 41/batch = 8% of 512, 3345 evals/s, 245 msg/s, 13.6 leaves/msg, 15s)
2026-08-05 10:37:19   [GPU] 100,008 evals (2333 batches, avg 43/batch = 8% of 512, 3754 evals/s, 278 msg/s, 13.5 leaves/msg, 27s)
2026-08-05 10:37:19 [iter 36/60] eval vs random: 10/40 games (27s, cand 100%)
2026-08-05 10:37:28 [iter 36/60] eval vs random: 15/40 games (36s, cand 100%)
2026-08-05 10:37:31   [GPU] 150,011 evals (3544 batches, avg 42/batch = 8% of 512, 3814 evals/s, 285 msg/s, 13.4 leaves/msg, 39s)
2026-08-05 10:37:37 [iter 36/60] eval vs random: 20/40 games (45s, cand 100%)
2026-08-05 10:37:45   [GPU] 200,057 evals (4810 batches, avg 42/batch = 8% of 512, 3795 evals/s, 284 msg/s, 13.4 leaves/msg, 53s)
2026-08-05 10:37:45 [iter 36/60] eval vs random: 25/40 games (53s, cand 100%)
2026-08-05 10:37:56 [iter 36/60] eval vs random: 30/40 games (64s, cand 100%)
2026-08-05 10:38:07   [GPU] 250,016 evals (6596 batches, avg 38/batch = 7% of 512, 3324 evals/s, 247 msg/s, 13.4 leaves/msg, 75s)
2026-08-05 10:38:29 [iter 36/60] eval vs random: 35/40 games (97s, cand 100%)
2026-08-05 10:38:30   [GPU] 300,024 evals (8406 batches, avg 36/batch = 7% of 512, 3052 evals/s, 225 msg/s, 13.5 leaves/msg, 98s)
2026-08-05 10:39:32 [iter 36/60] eval vs random: 40/40 games (160s, cand 100%)
2026-08-05 10:39:33 [iter 36/60] eval vs random done: 100.0% (161s)
2026-08-05 10:39:33 [iter 36/60] eval vs greedy (40 games, 200 sims)...
2026-08-05 10:39:33 [EVAL-MP] 8 workers spawned (40 vs_greedy games, sims=200), GPU batcher starting...
2026-08-05 10:39:43 [iter 36/60] eval vs greedy: 5/40 games (11s, cand 100%)
2026-08-05 10:39:46 [iter 36/60] eval vs greedy: 10/40 games (13s, cand 60%)
2026-08-05 10:39:47   [GPU] 50,024 evals (1222 batches, avg 41/batch = 8% of 512, 3387 evals/s, 274 msg/s, 12.4 leaves/msg, 15s)
2026-08-05 10:39:52 [iter 36/60] eval vs greedy: 15/40 games (20s, cand 67%)
2026-08-05 10:39:55 [iter 36/60] eval vs greedy: 20/40 games (22s, cand 55%)
2026-08-05 10:40:00 [iter 36/60] eval vs greedy: 25/40 games (27s, cand 60%)
2026-08-05 10:40:00   [GPU] 100,042 evals (2446 batches, avg 41/batch = 8% of 512, 3635 evals/s, 292 msg/s, 12.5 leaves/msg, 28s)
2026-08-05 10:40:03 [iter 36/60] eval vs greedy: 30/40 games (31s, cand 57%)
2026-08-05 10:40:13 [iter 36/60] eval vs greedy: 35/40 games (41s, cand 51%)
2026-08-05 10:40:25 [iter 36/60] eval vs greedy: 40/40 games (52s, cand 45%)
2026-08-05 10:40:25 [iter 36/60] eval vs greedy done: 45.0% of 40 decided [seat0:18/20 seat1:0/20] (52s)
2026-08-05 10:40:25 [iter 36/60] eval vs minimax (depth 2, 40 games)...
2026-08-05 10:40:25 [EVAL-MP] 8 workers spawned (40 vs_minimax games, sims=200), GPU batcher starting...
2026-08-05 10:40:39 [iter 36/60] eval vs minimax: 5/40 games (0%)
2026-08-05 10:40:42   [GPU] 50,035 evals (1376 batches, avg 36/batch = 7% of 512, 2892 evals/s, 228 msg/s, 12.7 leaves/msg, 17s)
2026-08-05 10:40:48 [iter 36/60] eval vs minimax: 10/40 games (0%)
2026-08-05 10:40:58   [GPU] 100,014 evals (2800 batches, avg 36/batch = 7% of 512, 3032 evals/s, 238 msg/s, 12.7 leaves/msg, 33s)
2026-08-05 10:40:58 [iter 36/60] eval vs minimax: 15/40 games (0%)
2026-08-05 10:41:06 [iter 36/60] eval vs minimax: 20/40 games (0%)
2026-08-05 10:41:12   [GPU] 150,010 evals (4058 batches, avg 37/batch = 7% of 512, 3226 evals/s, 247 msg/s, 13.1 leaves/msg, 47s)
2026-08-05 10:41:20 [iter 36/60] eval vs minimax: 25/40 games (0%)
2026-08-05 10:41:26   [GPU] 200,015 evals (5359 batches, avg 37/batch = 7% of 512, 3299 evals/s, 250 msg/s, 13.2 leaves/msg, 61s)
2026-08-05 10:41:33 [iter 36/60] eval vs minimax: 30/40 games (0%)
2026-08-05 10:41:47   [GPU] 250,009 evals (7110 batches, avg 35/batch = 7% of 512, 3047 evals/s, 230 msg/s, 13.3 leaves/msg, 82s)
2026-08-05 10:41:47 [iter 36/60] eval vs minimax: 35/40 games (0%)
2026-08-05 10:42:22 [iter 36/60] eval vs minimax: 40/40 games (0%)
2026-08-05 10:42:22 [iter 36/60] eval vs minimax done: 0.0% of 31 decided [seat0:0/20 seat1:0/20] (117s)
2026-08-05 10:42:22 >>> iter 36 | loss_p=0.974 loss_v=0.144 | vs_best=81.0% reject | vs_rand=100.0% | draw=18% | buf=54540 | rss=3.33GB | sp=450s train=21s eval_best=1634s eval_rand=161s | total=2440s
2026-08-05 10:42:22 [iter 37/60] self-play starting (40 games, 600 sims, MIXED 20/40 race-only)...
2026-08-05 10:42:22 [PARALLEL-MP] 8 workers spawned (40 games, sims=600), GPU batcher starting...
2026-08-05 10:42:34   [GPU] 50,008 evals (881 batches, avg 57/batch = 11% of 512, 4412 evals/s, 328 msg/s, 13.5 leaves/msg, 11s)
2026-08-05 10:42:37 [iter 37/60] self-play: 5/40 games...
2026-08-05 10:42:45   [GPU] 100,018 evals (1918 batches, avg 52/batch = 10% of 512, 4452 evals/s, 342 msg/s, 13.0 leaves/msg, 22s)
2026-08-05 10:42:52 [iter 37/60] self-play: 10/40 games...
2026-08-05 10:42:57   [GPU] 150,000 evals (3097 batches, avg 48/batch = 9% of 512, 4275 evals/s, 330 msg/s, 12.9 leaves/msg, 35s)
2026-08-05 10:43:13   [GPU] 200,013 evals (4435 batches, avg 45/batch = 9% of 512, 3962 evals/s, 296 msg/s, 13.4 leaves/msg, 50s)
2026-08-05 10:43:28   [GPU] 250,033 evals (5744 batches, avg 44/batch = 9% of 512, 3833 evals/s, 280 msg/s, 13.7 leaves/msg, 65s)
2026-08-05 10:43:41   [GPU] 300,002 evals (7011 batches, avg 43/batch = 8% of 512, 3804 evals/s, 279 msg/s, 13.6 leaves/msg, 79s)
2026-08-05 10:43:44 [iter 37/60] self-play: 15/40 games...
2026-08-05 10:43:56   [GPU] 350,011 evals (8357 batches, avg 42/batch = 8% of 512, 3727 evals/s, 273 msg/s, 13.6 leaves/msg, 94s)
2026-08-05 10:44:10   [GPU] 400,006 evals (9600 batches, avg 42/batch = 8% of 512, 3722 evals/s, 274 msg/s, 13.6 leaves/msg, 107s)
2026-08-05 10:44:26   [GPU] 450,021 evals (10974 batches, avg 41/batch = 8% of 512, 3648 evals/s, 267 msg/s, 13.7 leaves/msg, 123s)
2026-08-05 10:44:42   [GPU] 500,000 evals (12366 batches, avg 40/batch = 8% of 512, 3591 evals/s, 261 msg/s, 13.8 leaves/msg, 139s)
2026-08-05 10:44:57   [GPU] 550,015 evals (13753 batches, avg 40/batch = 8% of 512, 3547 evals/s, 256 msg/s, 13.8 leaves/msg, 155s)
2026-08-05 10:45:13   [GPU] 600,007 evals (15161 batches, avg 40/batch = 8% of 512, 3506 evals/s, 253 msg/s, 13.8 leaves/msg, 171s)
2026-08-05 10:45:30   [GPU] 650,041 evals (16646 batches, avg 39/batch = 8% of 512, 3456 evals/s, 250 msg/s, 13.8 leaves/msg, 188s)
2026-08-05 10:45:47   [GPU] 700,030 evals (18125 batches, avg 39/batch = 8% of 512, 3417 evals/s, 248 msg/s, 13.8 leaves/msg, 205s)
2026-08-05 10:45:51 [iter 37/60] self-play: 20/40 games...
2026-08-05 10:46:02   [GPU] 750,033 evals (19529 batches, avg 38/batch = 8% of 512, 3407 evals/s, 249 msg/s, 13.7 leaves/msg, 220s)
2026-08-05 10:46:14 [iter 37/60] self-play: 25/40 games...
2026-08-05 10:46:18   [GPU] 800,035 evals (20972 batches, avg 38/batch = 7% of 512, 3388 evals/s, 249 msg/s, 13.6 leaves/msg, 236s)
2026-08-05 10:46:34   [GPU] 850,008 evals (22375 batches, avg 38/batch = 7% of 512, 3376 evals/s, 249 msg/s, 13.6 leaves/msg, 252s)
2026-08-05 10:46:51   [GPU] 900,023 evals (23851 batches, avg 38/batch = 7% of 512, 3355 evals/s, 249 msg/s, 13.5 leaves/msg, 268s)
2026-08-05 10:46:56 [iter 37/60] self-play: 30/40 games...
2026-08-05 10:47:07   [GPU] 950,013 evals (25384 batches, avg 37/batch = 7% of 512, 3334 evals/s, 249 msg/s, 13.4 leaves/msg, 285s)
2026-08-05 10:47:31   [GPU] 1,000,012 evals (27319 batches, avg 37/batch = 7% of 512, 3243 evals/s, 245 msg/s, 13.3 leaves/msg, 308s)
2026-08-05 10:47:40 [iter 37/60] self-play: 35/40 games...
2026-08-05 10:48:04   [GPU] 1,050,004 evals (29776 batches, avg 35/batch = 7% of 512, 3075 evals/s, 234 msg/s, 13.2 leaves/msg, 341s)
2026-08-05 10:48:38   [GPU] 1,100,031 evals (32267 batches, avg 34/batch = 7% of 512, 2930 evals/s, 224 msg/s, 13.1 leaves/msg, 375s)
2026-08-05 10:49:09   [GPU] 1,150,026 evals (34702 batches, avg 33/batch = 6% of 512, 2827 evals/s, 218 msg/s, 13.0 leaves/msg, 407s)
2026-08-05 10:49:51   [GPU] 1,200,018 evals (37695 batches, avg 32/batch = 6% of 512, 2676 evals/s, 209 msg/s, 12.8 leaves/msg, 448s)
2026-08-05 10:57:29 [iter 37/60] self-play: 40/40 games...
2026-08-05 10:57:29 [iter 37/60] self-play done: 40 games (907s) | wins: P0=8, P1=25, draw=7 | draw_rate=18% avg_len~29
2026-08-05 10:57:29 [iter 37/60] training (600 steps, lr=4.11e-04)...
2026-08-05 10:57:51 [iter 37/60] training done: loss_p=0.973 loss_v=0.143 (22s)
2026-08-05 10:57:55 [iter 37/60] data: policy_wall_mass=0.112 walled_states=66% walls_on_board=13.2 value_mae walled=0.164 free=0.175
2026-08-05 10:57:56 [iter 37/60] eval skipped (eval_every=4)
2026-08-05 10:57:56 >>> iter 37 | loss_p=0.973 loss_v=0.143 | vs_best=n/a (not evaluated) | vs_rand=n/a | draw=18% | buf=56822 | rss=3.35GB | sp=907s train=22s eval_best=0s eval_rand=0s | total=933s
2026-08-05 10:57:56 [iter 38/60] self-play starting (40 games, 600 sims, MIXED 20/40 race-only)...
2026-08-05 10:57:56 [PARALLEL-MP] 8 workers spawned (40 games, sims=600), GPU batcher starting...
2026-08-05 10:58:09   [GPU] 50,025 evals (971 batches, avg 52/batch = 10% of 512, 3908 evals/s, 297 msg/s, 13.2 leaves/msg, 13s)
2026-08-05 10:58:12 [iter 38/60] self-play: 5/40 games...
2026-08-05 10:58:21   [GPU] 100,031 evals (2105 batches, avg 48/batch = 9% of 512, 3974 evals/s, 309 msg/s, 12.9 leaves/msg, 25s)
2026-08-05 10:58:27 [iter 38/60] self-play: 10/40 games...
2026-08-05 10:58:35   [GPU] 150,016 evals (3361 batches, avg 45/batch = 9% of 512, 3781 evals/s, 297 msg/s, 12.7 leaves/msg, 40s)
2026-08-05 10:58:51   [GPU] 200,016 evals (4685 batches, avg 43/batch = 8% of 512, 3603 evals/s, 272 msg/s, 13.3 leaves/msg, 56s)
2026-08-05 10:59:08   [GPU] 250,015 evals (6095 batches, avg 41/batch = 8% of 512, 3473 evals/s, 257 msg/s, 13.5 leaves/msg, 72s)
2026-08-05 10:59:24   [GPU] 300,007 evals (7523 batches, avg 40/batch = 8% of 512, 3404 evals/s, 254 msg/s, 13.4 leaves/msg, 88s)
2026-08-05 10:59:24 [iter 38/60] self-play: 15/40 games...
2026-08-05 10:59:37   [GPU] 350,020 evals (8734 batches, avg 40/batch = 8% of 512, 3448 evals/s, 257 msg/s, 13.4 leaves/msg, 102s)
2026-08-05 10:59:52   [GPU] 400,020 evals (10022 batches, avg 40/batch = 8% of 512, 3453 evals/s, 259 msg/s, 13.3 leaves/msg, 116s)
2026-08-05 10:59:52 [iter 38/60] self-play: 20/40 games...
2026-08-05 11:00:07   [GPU] 450,029 evals (11366 batches, avg 40/batch = 8% of 512, 3423 evals/s, 257 msg/s, 13.3 leaves/msg, 131s)
2026-08-05 11:00:21   [GPU] 500,003 evals (12616 batches, avg 40/batch = 8% of 512, 3438 evals/s, 256 msg/s, 13.4 leaves/msg, 145s)
2026-08-05 11:00:35   [GPU] 550,000 evals (13829 batches, avg 40/batch = 8% of 512, 3466 evals/s, 259 msg/s, 13.4 leaves/msg, 159s)
2026-08-05 11:00:47 [iter 38/60] self-play: 25/40 games...
2026-08-05 11:00:49   [GPU] 600,000 evals (15105 batches, avg 40/batch = 8% of 512, 3472 evals/s, 260 msg/s, 13.4 leaves/msg, 173s)
2026-08-05 11:01:03   [GPU] 650,052 evals (16346 batches, avg 40/batch = 8% of 512, 3481 evals/s, 260 msg/s, 13.4 leaves/msg, 187s)
2026-08-05 11:01:16   [GPU] 700,008 evals (17548 batches, avg 40/batch = 8% of 512, 3497 evals/s, 261 msg/s, 13.4 leaves/msg, 200s)
2026-08-05 11:01:17 [iter 38/60] self-play: 30/40 games...
2026-08-05 11:01:32   [GPU] 750,011 evals (18930 batches, avg 40/batch = 8% of 512, 3469 evals/s, 257 msg/s, 13.5 leaves/msg, 216s)
2026-08-05 11:01:48   [GPU] 800,029 evals (20276 batches, avg 39/batch = 8% of 512, 3441 evals/s, 253 msg/s, 13.6 leaves/msg, 232s)
2026-08-05 11:02:04   [GPU] 850,007 evals (21593 batches, avg 39/batch = 8% of 512, 3428 evals/s, 251 msg/s, 13.7 leaves/msg, 248s)
2026-08-05 11:02:20   [GPU] 900,012 evals (22965 batches, avg 39/batch = 8% of 512, 3409 evals/s, 249 msg/s, 13.7 leaves/msg, 264s)
2026-08-05 11:02:39   [GPU] 950,038 evals (24513 batches, avg 39/batch = 8% of 512, 3358 evals/s, 244 msg/s, 13.8 leaves/msg, 283s)
2026-08-05 11:02:56 [iter 38/60] self-play: 35/40 games...
2026-08-05 11:02:58   [GPU] 1,000,012 evals (26077 batches, avg 38/batch = 7% of 512, 3309 evals/s, 239 msg/s, 13.8 leaves/msg, 302s)
2026-08-05 11:03:26   [GPU] 1,050,029 evals (28002 batches, avg 37/batch = 7% of 512, 3181 evals/s, 229 msg/s, 13.9 leaves/msg, 330s)
2026-08-05 11:03:53   [GPU] 1,100,016 evals (29975 batches, avg 37/batch = 7% of 512, 3076 evals/s, 221 msg/s, 13.9 leaves/msg, 358s)
2026-08-05 11:04:26   [GPU] 1,150,026 evals (32074 batches, avg 36/batch = 7% of 512, 2950 evals/s, 211 msg/s, 14.0 leaves/msg, 390s)
2026-08-05 11:05:16 [iter 38/60] self-play: 40/40 games...
2026-08-05 11:05:16 [iter 38/60] self-play done: 40 games (441s) | wins: P0=6, P1=26, draw=8 | draw_rate=20% avg_len~22
2026-08-05 11:05:16 [iter 38/60] training (600 steps, lr=3.89e-04)...
2026-08-05 11:05:39 [iter 38/60] training done: loss_p=0.967 loss_v=0.140 (22s)
2026-08-05 11:05:43 [iter 38/60] data: policy_wall_mass=0.127 walled_states=52% walls_on_board=9.9 value_mae walled=0.172 free=0.202
2026-08-05 11:05:43 [iter 38/60] eval skipped (eval_every=4)
2026-08-05 11:05:43 >>> iter 38 | loss_p=0.967 loss_v=0.140 | vs_best=n/a (not evaluated) | vs_rand=n/a | draw=20% | buf=58550 | rss=3.37GB | sp=441s train=22s eval_best=0s eval_rand=0s | total=468s
2026-08-05 11:05:43 [iter 39/60] self-play starting (40 games, 600 sims, MIXED 20/40 race-only)...
2026-08-05 11:05:43 [PARALLEL-MP] 8 workers spawned (40 games, sims=600), GPU batcher starting...
2026-08-05 11:05:56   [GPU] 50,008 evals (963 batches, avg 52/batch = 10% of 512, 3992 evals/s, 319 msg/s, 12.5 leaves/msg, 13s)
2026-08-05 11:05:59 [iter 39/60] self-play: 5/40 games...
2026-08-05 11:06:07   [GPU] 100,013 evals (1995 batches, avg 50/batch = 10% of 512, 4177 evals/s, 329 msg/s, 12.7 leaves/msg, 24s)
2026-08-05 11:06:20   [GPU] 150,059 evals (3149 batches, avg 48/batch = 9% of 512, 4050 evals/s, 318 msg/s, 12.7 leaves/msg, 37s)
2026-08-05 11:06:21 [iter 39/60] self-play: 10/40 games...
2026-08-05 11:06:37   [GPU] 200,021 evals (4591 batches, avg 44/batch = 9% of 512, 3718 evals/s, 289 msg/s, 12.8 leaves/msg, 54s)
2026-08-05 11:06:55   [GPU] 250,032 evals (6115 batches, avg 41/batch = 8% of 512, 3488 evals/s, 267 msg/s, 13.1 leaves/msg, 72s)
2026-08-05 11:07:08 [iter 39/60] self-play: 15/40 games...
2026-08-05 11:07:11   [GPU] 300,001 evals (7533 batches, avg 40/batch = 8% of 512, 3417 evals/s, 261 msg/s, 13.1 leaves/msg, 88s)
2026-08-05 11:07:27   [GPU] 350,015 evals (8968 batches, avg 39/batch = 8% of 512, 3361 evals/s, 258 msg/s, 13.0 leaves/msg, 104s)
2026-08-05 11:07:45   [GPU] 400,009 evals (10494 batches, avg 38/batch = 7% of 512, 3283 evals/s, 251 msg/s, 13.1 leaves/msg, 122s)
2026-08-05 11:08:02   [GPU] 450,020 evals (11971 batches, avg 38/batch = 7% of 512, 3237 evals/s, 245 msg/s, 13.2 leaves/msg, 139s)
2026-08-05 11:08:19   [GPU] 500,014 evals (13399 batches, avg 37/batch = 7% of 512, 3218 evals/s, 242 msg/s, 13.3 leaves/msg, 155s)
2026-08-05 11:08:33   [GPU] 550,047 evals (14728 batches, avg 37/batch = 7% of 512, 3234 evals/s, 242 msg/s, 13.4 leaves/msg, 170s)
2026-08-05 11:08:48   [GPU] 600,001 evals (16024 batches, avg 37/batch = 7% of 512, 3252 evals/s, 242 msg/s, 13.4 leaves/msg, 184s)
2026-08-05 11:09:02   [GPU] 650,020 evals (17322 batches, avg 38/batch = 7% of 512, 3268 evals/s, 243 msg/s, 13.5 leaves/msg, 199s)
2026-08-05 11:09:17   [GPU] 700,014 evals (18637 batches, avg 38/batch = 7% of 512, 3275 evals/s, 242 msg/s, 13.5 leaves/msg, 214s)
2026-08-05 11:09:31   [GPU] 750,009 evals (19942 batches, avg 38/batch = 7% of 512, 3288 evals/s, 243 msg/s, 13.5 leaves/msg, 228s)
2026-08-05 11:09:32 [iter 39/60] self-play: 20/40 games...
2026-08-05 11:09:45   [GPU] 800,033 evals (21158 batches, avg 38/batch = 7% of 512, 3317 evals/s, 245 msg/s, 13.5 leaves/msg, 241s)
2026-08-05 11:09:58 [iter 39/60] self-play: 25/40 games...
2026-08-05 11:09:58   [GPU] 850,028 evals (22427 batches, avg 38/batch = 7% of 512, 3336 evals/s, 248 msg/s, 13.5 leaves/msg, 255s)
2026-08-05 11:10:14   [GPU] 900,010 evals (23836 batches, avg 38/batch = 7% of 512, 3325 evals/s, 248 msg/s, 13.4 leaves/msg, 271s)
2026-08-05 11:10:22 [iter 39/60] self-play: 30/40 games...
2026-08-05 11:10:32   [GPU] 950,003 evals (25386 batches, avg 37/batch = 7% of 512, 3290 evals/s, 246 msg/s, 13.4 leaves/msg, 289s)
2026-08-05 11:10:55   [GPU] 1,000,010 evals (27155 batches, avg 37/batch = 7% of 512, 3212 evals/s, 239 msg/s, 13.4 leaves/msg, 311s)
2026-08-05 11:11:21   [GPU] 1,050,016 evals (29178 batches, avg 36/batch = 7% of 512, 3105 evals/s, 232 msg/s, 13.4 leaves/msg, 338s)
2026-08-05 11:11:22 [iter 39/60] self-play: 35/40 games...
2026-08-05 11:11:54   [GPU] 1,100,023 evals (31533 batches, avg 35/batch = 7% of 512, 2964 evals/s, 222 msg/s, 13.4 leaves/msg, 371s)
2026-08-05 11:12:27   [GPU] 1,150,017 evals (33859 batches, avg 34/batch = 7% of 512, 2848 evals/s, 214 msg/s, 13.3 leaves/msg, 404s)
2026-08-05 11:12:57   [GPU] 1,200,009 evals (36079 batches, avg 33/batch = 6% of 512, 2768 evals/s, 208 msg/s, 13.3 leaves/msg, 434s)
2026-08-05 11:13:25   [GPU] 1,250,006 evals (38197 batches, avg 33/batch = 6% of 512, 2710 evals/s, 204 msg/s, 13.3 leaves/msg, 461s)
2026-08-05 11:14:13   [GPU] 1,300,009 evals (41052 batches, avg 32/batch = 6% of 512, 2553 evals/s, 193 msg/s, 13.2 leaves/msg, 509s)
2026-08-05 11:22:13   [GPU] 1,350,003 evals (51465 batches, avg 26/batch = 5% of 512, 1364 evals/s, 110 msg/s, 12.4 leaves/msg, 990s)
2026-08-05 11:23:49 [iter 39/60] self-play: 40/40 games...
2026-08-05 11:23:50 [iter 39/60] self-play done: 40 games (1086s) | wins: P0=3, P1=25, draw=12 | draw_rate=30% avg_len~13
2026-08-05 11:23:50 [iter 39/60] WARNING: draw_rate 30% > 20% — games timing out at max_game_moves=160 (weak value signal).
2026-08-05 11:23:50 [iter 39/60] training (600 steps, lr=3.67e-04)...
2026-08-05 11:24:12 [iter 39/60] training done: loss_p=0.949 loss_v=0.141 (23s)
2026-08-05 11:24:17 [iter 39/60] data: policy_wall_mass=0.087 walled_states=34% walls_on_board=4.7 value_mae walled=0.233 free=0.144
2026-08-05 11:24:17 [iter 39/60] eval skipped (eval_every=4)
2026-08-05 11:24:17 >>> iter 39 | loss_p=0.949 loss_v=0.141 | vs_best=n/a (not evaluated) | vs_rand=n/a | draw=30% | buf=59616 | rss=3.39GB | sp=1086s train=23s eval_best=0s eval_rand=0s | total=1114s
2026-08-05 11:24:17 [iter 40/60] self-play starting (40 games, 600 sims, MIXED 20/40 race-only)...
2026-08-05 11:24:17 [PARALLEL-MP] 8 workers spawned (40 games, sims=600), GPU batcher starting...
2026-08-05 11:24:29   [GPU] 50,002 evals (917 batches, avg 55/batch = 11% of 512, 4245 evals/s, 336 msg/s, 12.6 leaves/msg, 12s)
2026-08-05 11:24:33 [iter 40/60] self-play: 5/40 games...
2026-08-05 11:24:41   [GPU] 100,035 evals (2041 batches, avg 49/batch = 10% of 512, 4203 evals/s, 328 msg/s, 12.8 leaves/msg, 24s)
2026-08-05 11:24:46 [iter 40/60] self-play: 10/40 games...
2026-08-05 11:24:55   [GPU] 150,020 evals (3340 batches, avg 45/batch = 9% of 512, 3982 evals/s, 308 msg/s, 12.9 leaves/msg, 38s)
2026-08-05 11:25:10   [GPU] 200,010 evals (4653 batches, avg 43/batch = 8% of 512, 3769 evals/s, 281 msg/s, 13.4 leaves/msg, 53s)
2026-08-05 11:25:25   [GPU] 250,005 evals (5965 batches, avg 42/batch = 8% of 512, 3693 evals/s, 270 msg/s, 13.7 leaves/msg, 68s)
2026-08-05 11:25:31 [iter 40/60] self-play: 15/40 games...
2026-08-05 11:25:38   [GPU] 300,015 evals (7186 batches, avg 42/batch = 8% of 512, 3718 evals/s, 276 msg/s, 13.5 leaves/msg, 81s)
2026-08-05 11:25:49 [iter 40/60] self-play: 20/40 games...
2026-08-05 11:25:51   [GPU] 350,035 evals (8452 batches, avg 41/batch = 8% of 512, 3721 evals/s, 278 msg/s, 13.4 leaves/msg, 94s)
2026-08-05 11:26:04   [GPU] 400,028 evals (9702 batches, avg 41/batch = 8% of 512, 3729 evals/s, 279 msg/s, 13.4 leaves/msg, 107s)
2026-08-05 11:26:17   [GPU] 450,058 evals (10909 batches, avg 41/batch = 8% of 512, 3747 evals/s, 279 msg/s, 13.4 leaves/msg, 120s)
2026-08-05 11:26:19 [iter 40/60] self-play: 25/40 games...
2026-08-05 11:26:32   [GPU] 500,027 evals (12216 batches, avg 41/batch = 8% of 512, 3712 evals/s, 275 msg/s, 13.5 leaves/msg, 135s)
2026-08-05 11:26:45   [GPU] 550,026 evals (13456 batches, avg 41/batch = 8% of 512, 3710 evals/s, 272 msg/s, 13.6 leaves/msg, 148s)
2026-08-05 11:26:59   [GPU] 600,064 evals (14711 batches, avg 41/batch = 8% of 512, 3707 evals/s, 271 msg/s, 13.7 leaves/msg, 162s)
2026-08-05 11:27:12   [GPU] 650,012 evals (15948 batches, avg 41/batch = 8% of 512, 3705 evals/s, 269 msg/s, 13.8 leaves/msg, 175s)
2026-08-05 11:27:26   [GPU] 700,013 evals (17198 batches, avg 41/batch = 8% of 512, 3711 evals/s, 270 msg/s, 13.8 leaves/msg, 189s)
2026-08-05 11:27:37   [GPU] 750,035 evals (18338 batches, avg 41/batch = 8% of 512, 3743 evals/s, 272 msg/s, 13.8 leaves/msg, 200s)
2026-08-05 11:27:50   [GPU] 800,036 evals (19565 batches, avg 41/batch = 8% of 512, 3752 evals/s, 274 msg/s, 13.7 leaves/msg, 213s)
2026-08-05 11:27:55 [iter 40/60] self-play: 30/40 games...
2026-08-05 11:28:04   [GPU] 850,007 evals (20830 batches, avg 41/batch = 8% of 512, 3747 evals/s, 273 msg/s, 13.7 leaves/msg, 227s)
2026-08-05 11:28:18   [GPU] 900,032 evals (22131 batches, avg 41/batch = 8% of 512, 3738 evals/s, 272 msg/s, 13.8 leaves/msg, 241s)
2026-08-05 11:28:34   [GPU] 950,042 evals (23595 batches, avg 40/batch = 8% of 512, 3698 evals/s, 268 msg/s, 13.8 leaves/msg, 257s)
2026-08-05 11:28:50   [GPU] 1,000,048 evals (25031 batches, avg 40/batch = 8% of 512, 3661 evals/s, 265 msg/s, 13.8 leaves/msg, 273s)
2026-08-05 11:28:56 [iter 40/60] self-play: 35/40 games...
2026-08-05 11:29:11   [GPU] 1,050,029 evals (26766 batches, avg 39/batch = 8% of 512, 3568 evals/s, 258 msg/s, 13.8 leaves/msg, 294s)
2026-08-05 11:30:13   [GPU] 1,100,011 evals (29728 batches, avg 37/batch = 7% of 512, 3087 evals/s, 223 msg/s, 13.8 leaves/msg, 356s)
2026-08-05 11:31:17 [iter 40/60] self-play: 40/40 games...
2026-08-05 11:31:17 [iter 40/60] self-play done: 40 games (420s) | wins: P0=8, P1=25, draw=7 | draw_rate=18% avg_len~23
2026-08-05 11:31:17 [iter 40/60] training (600 steps, lr=3.46e-04)...
2026-08-05 11:31:41 [iter 40/60] training done: loss_p=0.952 loss_v=0.140 (24s)
2026-08-05 11:31:45 [iter 40/60] data: policy_wall_mass=0.146 walled_states=64% walls_on_board=13.7 value_mae walled=0.136 free=0.174
2026-08-05 11:31:46 [iter 40/60] eval vs best (160 games, 200 sims)...
2026-08-05 11:31:46 [EVAL-MP] 8 workers spawned (160 vs_best games, sims=200), GPU batcher starting...
2026-08-05 11:32:04   [GPU] 50,035 evals (1149 batches, avg 44/batch = 9% of 512, 2791 evals/s, 198 msg/s, 14.1 leaves/msg, 18s)
2026-08-05 11:32:19   [GPU] 100,015 evals (2282 batches, avg 44/batch = 9% of 512, 2986 evals/s, 217 msg/s, 13.8 leaves/msg, 33s)
2026-08-05 11:32:35   [GPU] 150,032 evals (3416 batches, avg 44/batch = 9% of 512, 3036 evals/s, 223 msg/s, 13.6 leaves/msg, 49s)
2026-08-05 11:32:51   [GPU] 200,045 evals (4562 batches, avg 44/batch = 9% of 512, 3054 evals/s, 226 msg/s, 13.5 leaves/msg, 66s)
2026-08-05 11:33:08   [GPU] 250,045 evals (5795 batches, avg 43/batch = 8% of 512, 3035 evals/s, 226 msg/s, 13.5 leaves/msg, 82s)
2026-08-05 11:33:13 [iter 40/60] eval vs best: 5/160 games (87s, cand 50%)
2026-08-05 11:33:26   [GPU] 300,013 evals (7050 batches, avg 43/batch = 8% of 512, 3000 evals/s, 225 msg/s, 13.3 leaves/msg, 100s)
2026-08-05 11:33:35 [iter 40/60] eval vs best: 10/160 games (109s, cand 67%)
2026-08-05 11:33:43   [GPU] 350,019 evals (8238 batches, avg 42/batch = 8% of 512, 2997 evals/s, 225 msg/s, 13.3 leaves/msg, 117s)
2026-08-05 11:33:58   [GPU] 400,023 evals (9354 batches, avg 43/batch = 8% of 512, 3026 evals/s, 227 msg/s, 13.3 leaves/msg, 132s)
2026-08-05 11:34:13   [GPU] 450,026 evals (10419 batches, avg 43/batch = 8% of 512, 3059 evals/s, 229 msg/s, 13.4 leaves/msg, 147s)
2026-08-05 11:34:28   [GPU] 500,003 evals (11478 batches, avg 44/batch = 9% of 512, 3091 evals/s, 231 msg/s, 13.4 leaves/msg, 162s)
2026-08-05 11:34:39 [iter 40/60] eval vs best: 15/160 games (173s, cand 67%)
2026-08-05 11:34:42   [GPU] 550,009 evals (12544 batches, avg 44/batch = 9% of 512, 3116 evals/s, 233 msg/s, 13.4 leaves/msg, 177s)
2026-08-05 11:34:58   [GPU] 600,008 evals (13668 batches, avg 44/batch = 9% of 512, 3119 evals/s, 233 msg/s, 13.4 leaves/msg, 192s)
2026-08-05 11:35:12 [iter 40/60] eval vs best: 20/160 games (206s, cand 67%)
2026-08-05 11:35:14   [GPU] 650,070 evals (14777 batches, avg 44/batch = 9% of 512, 3124 evals/s, 233 msg/s, 13.4 leaves/msg, 208s)
2026-08-05 11:35:29   [GPU] 700,047 evals (15818 batches, avg 44/batch = 9% of 512, 3136 evals/s, 235 msg/s, 13.4 leaves/msg, 223s)
2026-08-05 11:35:44   [GPU] 750,075 evals (16877 batches, avg 44/batch = 9% of 512, 3146 evals/s, 235 msg/s, 13.4 leaves/msg, 238s)
2026-08-05 11:36:00   [GPU] 800,021 evals (17970 batches, avg 45/batch = 9% of 512, 3152 evals/s, 235 msg/s, 13.4 leaves/msg, 254s)
2026-08-05 11:36:12 [iter 40/60] eval vs best: 25/160 games (266s, cand 67%)
2026-08-05 11:36:16   [GPU] 850,007 evals (19110 batches, avg 44/batch = 9% of 512, 3149 evals/s, 235 msg/s, 13.4 leaves/msg, 270s)
2026-08-05 11:36:33   [GPU] 900,039 evals (20308 batches, avg 44/batch = 9% of 512, 3138 evals/s, 233 msg/s, 13.4 leaves/msg, 287s)
2026-08-05 11:36:48 [iter 40/60] eval vs best: 30/160 games (302s, cand 75%)
2026-08-05 11:36:49   [GPU] 950,006 evals (21481 batches, avg 44/batch = 9% of 512, 3130 evals/s, 233 msg/s, 13.4 leaves/msg, 304s)
2026-08-05 11:37:06   [GPU] 1,000,033 evals (22614 batches, avg 44/batch = 9% of 512, 3128 evals/s, 233 msg/s, 13.4 leaves/msg, 320s)
2026-08-05 11:37:22   [GPU] 1,050,034 evals (23752 batches, avg 44/batch = 9% of 512, 3128 evals/s, 233 msg/s, 13.4 leaves/msg, 336s)
2026-08-05 11:37:37   [GPU] 1,100,047 evals (24883 batches, avg 44/batch = 9% of 512, 3131 evals/s, 233 msg/s, 13.4 leaves/msg, 351s)
2026-08-05 11:37:43 [iter 40/60] eval vs best: 35/160 games (357s, cand 75%)
2026-08-05 11:37:53   [GPU] 1,150,040 evals (26019 batches, avg 44/batch = 9% of 512, 3132 evals/s, 233 msg/s, 13.5 leaves/msg, 367s)
2026-08-05 11:38:09   [GPU] 1,200,028 evals (27182 batches, avg 44/batch = 9% of 512, 3129 evals/s, 232 msg/s, 13.5 leaves/msg, 384s)
2026-08-05 11:38:25   [GPU] 1,250,026 evals (28319 batches, avg 44/batch = 9% of 512, 3130 evals/s, 232 msg/s, 13.5 leaves/msg, 399s)
2026-08-05 11:38:27 [iter 40/60] eval vs best: 40/160 games (401s, cand 83%)
2026-08-05 11:38:42   [GPU] 1,300,018 evals (29488 batches, avg 44/batch = 9% of 512, 3125 evals/s, 232 msg/s, 13.5 leaves/msg, 416s)
2026-08-05 11:38:59   [GPU] 1,350,025 evals (30666 batches, avg 44/batch = 9% of 512, 3120 evals/s, 231 msg/s, 13.5 leaves/msg, 433s)
2026-08-05 11:39:08 [iter 40/60] eval vs best: 45/160 games (442s, cand 86%)
2026-08-05 11:39:16   [GPU] 1,400,007 evals (31849 batches, avg 44/batch = 9% of 512, 3111 evals/s, 231 msg/s, 13.5 leaves/msg, 450s)
2026-08-05 11:39:34   [GPU] 1,450,032 evals (33075 batches, avg 44/batch = 9% of 512, 3101 evals/s, 231 msg/s, 13.4 leaves/msg, 468s)
2026-08-05 11:39:52   [GPU] 1,500,018 evals (34313 batches, avg 44/batch = 9% of 512, 3088 evals/s, 231 msg/s, 13.4 leaves/msg, 486s)
2026-08-05 11:40:08 [iter 40/60] eval vs best: 50/160 games (502s, cand 86%)
2026-08-05 11:40:13   [GPU] 1,550,052 evals (35765 batches, avg 43/batch = 8% of 512, 3059 evals/s, 230 msg/s, 13.3 leaves/msg, 507s)
2026-08-05 11:40:31   [GPU] 1,600,008 evals (36998 batches, avg 43/batch = 8% of 512, 3049 evals/s, 230 msg/s, 13.3 leaves/msg, 525s)
2026-08-05 11:40:45 [iter 40/60] eval vs best: 55/160 games (539s, cand 89%)
2026-08-05 11:40:48   [GPU] 1,650,036 evals (38209 batches, avg 43/batch = 8% of 512, 3042 evals/s, 229 msg/s, 13.3 leaves/msg, 542s)
2026-08-05 11:41:06   [GPU] 1,700,002 evals (39417 batches, avg 43/batch = 8% of 512, 3037 evals/s, 229 msg/s, 13.3 leaves/msg, 560s)
2026-08-05 11:41:22   [GPU] 1,750,024 evals (40541 batches, avg 43/batch = 8% of 512, 3038 evals/s, 229 msg/s, 13.3 leaves/msg, 576s)
2026-08-05 11:41:37   [GPU] 1,800,027 evals (41603 batches, avg 43/batch = 8% of 512, 3046 evals/s, 229 msg/s, 13.3 leaves/msg, 591s)
2026-08-05 11:41:37 [iter 40/60] eval vs best: 60/160 games (591s, cand 89%)
2026-08-05 11:41:53   [GPU] 1,850,034 evals (42703 batches, avg 43/batch = 8% of 512, 3049 evals/s, 229 msg/s, 13.3 leaves/msg, 607s)
2026-08-05 11:42:07   [GPU] 1,900,074 evals (43750 batches, avg 43/batch = 8% of 512, 3057 evals/s, 230 msg/s, 13.3 leaves/msg, 621s)
2026-08-05 11:42:23   [GPU] 1,950,033 evals (44874 batches, avg 43/batch = 8% of 512, 3059 evals/s, 230 msg/s, 13.3 leaves/msg, 637s)
2026-08-05 11:42:27 [iter 40/60] eval vs best: 65/160 games (641s, cand 89%)
2026-08-05 11:42:39   [GPU] 2,000,021 evals (45998 batches, avg 43/batch = 8% of 512, 3061 evals/s, 230 msg/s, 13.3 leaves/msg, 653s)
2026-08-05 11:42:55   [GPU] 2,050,001 evals (47140 batches, avg 43/batch = 8% of 512, 3063 evals/s, 230 msg/s, 13.3 leaves/msg, 669s)
2026-08-05 11:43:11   [GPU] 2,100,033 evals (48223 batches, avg 44/batch = 9% of 512, 3068 evals/s, 230 msg/s, 13.3 leaves/msg, 685s)
2026-08-05 11:43:26 [iter 40/60] eval vs best: 70/160 games (700s, cand 89%)
2026-08-05 11:43:26   [GPU] 2,150,026 evals (49302 batches, avg 44/batch = 9% of 512, 3071 evals/s, 230 msg/s, 13.3 leaves/msg, 700s)
2026-08-05 11:43:42   [GPU] 2,200,079 evals (50388 batches, avg 44/batch = 9% of 512, 3072 evals/s, 230 msg/s, 13.4 leaves/msg, 716s)
2026-08-05 11:43:56 [iter 40/60] eval vs best: 75/160 games (730s, cand 89%)
2026-08-05 11:43:58   [GPU] 2,250,012 evals (51524 batches, avg 44/batch = 9% of 512, 3073 evals/s, 230 msg/s, 13.4 leaves/msg, 732s)
2026-08-05 11:44:14   [GPU] 2,300,001 evals (52678 batches, avg 44/batch = 9% of 512, 3073 evals/s, 230 msg/s, 13.4 leaves/msg, 748s)
2026-08-05 11:44:31   [GPU] 2,350,031 evals (53816 batches, avg 44/batch = 9% of 512, 3074 evals/s, 230 msg/s, 13.4 leaves/msg, 765s)
2026-08-05 11:44:47   [GPU] 2,400,061 evals (54980 batches, avg 44/batch = 9% of 512, 3072 evals/s, 230 msg/s, 13.4 leaves/msg, 781s)
2026-08-05 11:45:01 [iter 40/60] eval vs best: 80/160 games (795s, cand 90%)
2026-08-05 11:45:04   [GPU] 2,450,010 evals (56161 batches, avg 44/batch = 9% of 512, 3069 evals/s, 230 msg/s, 13.4 leaves/msg, 798s)
2026-08-05 11:45:22   [GPU] 2,500,026 evals (57377 batches, avg 44/batch = 9% of 512, 3064 evals/s, 229 msg/s, 13.4 leaves/msg, 816s)
2026-08-05 11:45:31 [iter 40/60] eval vs best: 85/160 games (825s, cand 91%)
2026-08-05 11:45:38   [GPU] 2,550,024 evals (58522 batches, avg 44/batch = 9% of 512, 3064 evals/s, 229 msg/s, 13.4 leaves/msg, 832s)
2026-08-05 11:45:54   [GPU] 2,600,012 evals (59649 batches, avg 44/batch = 9% of 512, 3064 evals/s, 229 msg/s, 13.4 leaves/msg, 849s)
2026-08-05 11:46:10   [GPU] 2,650,002 evals (60753 batches, avg 44/batch = 9% of 512, 3066 evals/s, 229 msg/s, 13.4 leaves/msg, 864s)
2026-08-05 11:46:16 [iter 40/60] eval vs best: 90/160 games (870s, cand 93%)
2026-08-05 11:46:27   [GPU] 2,700,068 evals (61922 batches, avg 44/batch = 9% of 512, 3065 evals/s, 229 msg/s, 13.4 leaves/msg, 881s)
2026-08-05 11:46:40 [iter 40/60] eval vs best: 95/160 games (894s, cand 93%)
2026-08-05 11:46:44   [GPU] 2,750,034 evals (63075 batches, avg 44/batch = 9% of 512, 3064 evals/s, 229 msg/s, 13.4 leaves/msg, 898s)
2026-08-05 11:47:00   [GPU] 2,800,008 evals (64223 batches, avg 44/batch = 9% of 512, 3063 evals/s, 229 msg/s, 13.4 leaves/msg, 914s)
2026-08-05 11:47:17   [GPU] 2,850,033 evals (65383 batches, avg 44/batch = 9% of 512, 3062 evals/s, 229 msg/s, 13.4 leaves/msg, 931s)
2026-08-05 11:47:34   [GPU] 2,900,014 evals (66577 batches, avg 44/batch = 9% of 512, 3060 evals/s, 229 msg/s, 13.3 leaves/msg, 948s)
2026-08-05 11:47:36 [iter 40/60] eval vs best: 100/160 games (950s, cand 94%)
2026-08-05 11:47:51   [GPU] 2,950,032 evals (67830 batches, avg 43/batch = 8% of 512, 3058 evals/s, 229 msg/s, 13.3 leaves/msg, 965s)
2026-08-05 11:48:08   [GPU] 3,000,001 evals (69000 batches, avg 43/batch = 8% of 512, 3056 evals/s, 229 msg/s, 13.3 leaves/msg, 982s)
2026-08-05 11:48:09 [iter 40/60] eval vs best: 105/160 games (983s, cand 94%)
2026-08-05 11:48:25   [GPU] 3,050,027 evals (70186 batches, avg 43/batch = 8% of 512, 3053 evals/s, 229 msg/s, 13.3 leaves/msg, 999s)
2026-08-05 11:48:41   [GPU] 3,100,004 evals (71335 batches, avg 43/batch = 8% of 512, 3053 evals/s, 229 msg/s, 13.3 leaves/msg, 1015s)
2026-08-05 11:49:00   [GPU] 3,150,027 evals (72626 batches, avg 43/batch = 8% of 512, 3047 evals/s, 229 msg/s, 13.3 leaves/msg, 1034s)
2026-08-05 11:49:18   [GPU] 3,200,018 evals (73900 batches, avg 43/batch = 8% of 512, 3041 evals/s, 228 msg/s, 13.3 leaves/msg, 1052s)
2026-08-05 11:49:19 [iter 40/60] eval vs best: 110/160 games (1053s, cand 94%)
2026-08-05 11:49:37   [GPU] 3,250,005 evals (75209 batches, avg 43/batch = 8% of 512, 3033 evals/s, 228 msg/s, 13.3 leaves/msg, 1072s)
2026-08-05 11:49:56   [GPU] 3,300,013 evals (76529 batches, avg 43/batch = 8% of 512, 3028 evals/s, 228 msg/s, 13.3 leaves/msg, 1090s)
2026-08-05 11:50:15   [GPU] 3,350,028 evals (77817 batches, avg 43/batch = 8% of 512, 3022 evals/s, 227 msg/s, 13.3 leaves/msg, 1109s)
2026-08-05 11:50:17 [iter 40/60] eval vs best: 115/160 games (1111s, cand 94%)
2026-08-05 11:50:34   [GPU] 3,400,003 evals (79157 batches, avg 43/batch = 8% of 512, 3014 evals/s, 227 msg/s, 13.3 leaves/msg, 1128s)
2026-08-05 11:50:53   [GPU] 3,450,009 evals (80483 batches, avg 43/batch = 8% of 512, 3008 evals/s, 226 msg/s, 13.3 leaves/msg, 1147s)
2026-08-05 11:51:07 [iter 40/60] eval vs best: 120/160 games (1161s, cand 94%)
2026-08-05 11:51:11   [GPU] 3,500,003 evals (81753 batches, avg 43/batch = 8% of 512, 3004 evals/s, 226 msg/s, 13.3 leaves/msg, 1165s)
2026-08-05 11:51:30   [GPU] 3,550,016 evals (83053 batches, avg 43/batch = 8% of 512, 2999 evals/s, 226 msg/s, 13.3 leaves/msg, 1184s)
2026-08-05 11:51:50   [GPU] 3,600,055 evals (84470 batches, avg 43/batch = 8% of 512, 2990 evals/s, 225 msg/s, 13.3 leaves/msg, 1204s)
2026-08-05 11:51:58 [iter 40/60] eval vs best: 125/160 games (1212s, cand 95%)
2026-08-05 11:52:10   [GPU] 3,650,046 evals (85880 batches, avg 43/batch = 8% of 512, 2981 evals/s, 225 msg/s, 13.3 leaves/msg, 1224s)
2026-08-05 11:52:30   [GPU] 3,700,040 evals (87202 batches, avg 42/batch = 8% of 512, 2975 evals/s, 225 msg/s, 13.2 leaves/msg, 1244s)
2026-08-05 11:52:49   [GPU] 3,750,015 evals (88546 batches, avg 42/batch = 8% of 512, 2969 evals/s, 225 msg/s, 13.2 leaves/msg, 1263s)
2026-08-05 11:52:58 [iter 40/60] eval vs best: 130/160 games (1272s, cand 95%)
2026-08-05 11:53:07   [GPU] 3,800,041 evals (89800 batches, avg 42/batch = 8% of 512, 2966 evals/s, 225 msg/s, 13.2 leaves/msg, 1281s)
2026-08-05 11:53:26   [GPU] 3,850,001 evals (91128 batches, avg 42/batch = 8% of 512, 2961 evals/s, 225 msg/s, 13.2 leaves/msg, 1300s)
2026-08-05 11:53:45   [GPU] 3,900,063 evals (92483 batches, avg 42/batch = 8% of 512, 2956 evals/s, 225 msg/s, 13.2 leaves/msg, 1319s)
2026-08-05 11:53:57 [iter 40/60] eval vs best: 135/160 games (1331s, cand 95%)
2026-08-05 11:54:05   [GPU] 3,950,042 evals (93816 batches, avg 42/batch = 8% of 512, 2950 evals/s, 224 msg/s, 13.1 leaves/msg, 1339s)
2026-08-05 11:54:23   [GPU] 4,000,007 evals (95084 batches, avg 42/batch = 8% of 512, 2947 evals/s, 224 msg/s, 13.1 leaves/msg, 1357s)
2026-08-05 11:54:41   [GPU] 4,050,009 evals (96297 batches, avg 42/batch = 8% of 512, 2946 evals/s, 224 msg/s, 13.1 leaves/msg, 1375s)
2026-08-05 11:54:51 [iter 40/60] eval vs best: 140/160 games (1385s, cand 95%)
2026-08-05 11:55:00   [GPU] 4,100,036 evals (97615 batches, avg 42/batch = 8% of 512, 2941 evals/s, 224 msg/s, 13.1 leaves/msg, 1394s)
2026-08-05 11:55:18   [GPU] 4,150,023 evals (98910 batches, avg 42/batch = 8% of 512, 2938 evals/s, 224 msg/s, 13.1 leaves/msg, 1412s)
2026-08-05 11:55:25 [iter 40/60] eval vs best: 145/160 games (1419s, cand 95%)
2026-08-05 11:55:39   [GPU] 4,200,012 evals (100346 batches, avg 42/batch = 8% of 512, 2931 evals/s, 223 msg/s, 13.1 leaves/msg, 1433s)
2026-08-05 11:56:01   [GPU] 4,250,019 evals (101858 batches, avg 42/batch = 8% of 512, 2921 evals/s, 222 msg/s, 13.1 leaves/msg, 1455s)
2026-08-05 11:56:27   [GPU] 4,300,011 evals (103626 batches, avg 41/batch = 8% of 512, 2904 evals/s, 221 msg/s, 13.1 leaves/msg, 1481s)
2026-08-05 11:56:38 [iter 40/60] eval vs best: 150/160 games (1492s, cand 95%)
2026-08-05 11:56:53   [GPU] 4,350,015 evals (105403 batches, avg 41/batch = 8% of 512, 2886 evals/s, 220 msg/s, 13.1 leaves/msg, 1507s)
2026-08-05 11:57:18   [GPU] 4,400,040 evals (107111 batches, avg 41/batch = 8% of 512, 2873 evals/s, 219 msg/s, 13.1 leaves/msg, 1532s)
2026-08-05 11:57:41   [GPU] 4,450,006 evals (108724 batches, avg 41/batch = 8% of 512, 2862 evals/s, 218 msg/s, 13.1 leaves/msg, 1555s)
2026-08-05 11:57:44 [iter 40/60] eval vs best: 155/160 games (1558s, cand 95%)
2026-08-05 11:58:38   [GPU] 4,500,026 evals (111443 batches, avg 40/batch = 8% of 512, 2792 evals/s, 212 msg/s, 13.2 leaves/msg, 1612s)
2026-08-05 11:59:50   [GPU] 4,550,007 evals (114475 batches, avg 40/batch = 8% of 512, 2701 evals/s, 205 msg/s, 13.2 leaves/msg, 1684s)
2026-08-05 12:00:53 [iter 40/60] eval vs best: 160/160 games (1747s, cand 95%)
2026-08-05 12:00:53 [iter 40/60] eval vs best done: 95.5% of 22 decided reject (only 22/160 games decided — too few to gate on) (1747s)
2026-08-05 12:00:53 [iter 40/60] eval vs random (40 games, 200 sims)...
2026-08-05 12:00:53 [EVAL-MP] 8 workers spawned (40 vs_random games, sims=200), GPU batcher starting...
2026-08-05 12:01:06 [iter 40/60] eval vs random: 5/40 games (13s, cand 100%)
2026-08-05 12:01:07   [GPU] 50,002 evals (1126 batches, avg 44/batch = 9% of 512, 3561 evals/s, 257 msg/s, 13.8 leaves/msg, 14s)
2026-08-05 12:01:15 [iter 40/60] eval vs random: 10/40 games (22s, cand 100%)
2026-08-05 12:01:18   [GPU] 100,018 evals (2224 batches, avg 45/batch = 9% of 512, 3952 evals/s, 294 msg/s, 13.5 leaves/msg, 25s)
2026-08-05 12:01:22 [iter 40/60] eval vs random: 15/40 games (29s, cand 100%)
2026-08-05 12:01:28 [iter 40/60] eval vs random: 20/40 games (35s, cand 100%)
2026-08-05 12:01:32   [GPU] 150,022 evals (3483 batches, avg 43/batch = 8% of 512, 3859 evals/s, 286 msg/s, 13.5 leaves/msg, 39s)
2026-08-05 12:01:40 [iter 40/60] eval vs random: 25/40 games (47s, cand 100%)
2026-08-05 12:01:49   [GPU] 200,006 evals (4970 batches, avg 40/batch = 8% of 512, 3568 evals/s, 263 msg/s, 13.6 leaves/msg, 56s)
2026-08-05 12:02:04 [iter 40/60] eval vs random: 30/40 games (71s, cand 100%)
2026-08-05 12:02:08   [GPU] 250,012 evals (6608 batches, avg 38/batch = 7% of 512, 3316 evals/s, 244 msg/s, 13.6 leaves/msg, 75s)
2026-08-05 12:02:16 [iter 40/60] eval vs random: 35/40 games (83s, cand 100%)
2026-08-05 12:02:37   [GPU] 300,003 evals (8624 batches, avg 35/batch = 7% of 512, 2895 evals/s, 212 msg/s, 13.7 leaves/msg, 104s)
2026-08-05 12:02:54 [iter 40/60] eval vs random: 40/40 games (121s, cand 100%)
2026-08-05 12:02:54 [iter 40/60] eval vs random done: 100.0% (121s)
2026-08-05 12:02:54 [iter 40/60] eval vs greedy (40 games, 200 sims)...
2026-08-05 12:02:54 [EVAL-MP] 8 workers spawned (40 vs_greedy games, sims=200), GPU batcher starting...
2026-08-05 12:03:01 [iter 40/60] eval vs greedy: 5/40 games (7s, cand 60%)
2026-08-05 12:03:06 [iter 40/60] eval vs greedy: 10/40 games (12s, cand 70%)
2026-08-05 12:03:09   [GPU] 50,057 evals (1253 batches, avg 40/batch = 8% of 512, 3302 evals/s, 259 msg/s, 12.8 leaves/msg, 15s)
2026-08-05 12:03:10 [iter 40/60] eval vs greedy: 15/40 games (16s, cand 60%)
2026-08-05 12:03:12 [iter 40/60] eval vs greedy: 20/40 games (18s, cand 70%)
2026-08-05 12:03:17 [iter 40/60] eval vs greedy: 25/40 games (23s, cand 76%)
2026-08-05 12:03:21 [iter 40/60] eval vs greedy: 30/40 games (27s, cand 80%)
2026-08-05 12:03:24   [GPU] 100,011 evals (2620 batches, avg 38/batch = 7% of 512, 3350 evals/s, 269 msg/s, 12.4 leaves/msg, 30s)
2026-08-05 12:03:25 [iter 40/60] eval vs greedy: 35/40 games (31s, cand 74%)
2026-08-05 12:03:34 [iter 40/60] eval vs greedy: 40/40 games (39s, cand 72%)
2026-08-05 12:03:34 [iter 40/60] eval vs greedy done: 72.5% of 40 decided [seat0:19/20 seat1:10/20] (40s)
2026-08-05 12:03:34 [iter 40/60] eval vs minimax (depth 2, 40 games)...
2026-08-05 12:03:34 [EVAL-MP] 8 workers spawned (40 vs_minimax games, sims=200), GPU batcher starting...
2026-08-05 12:03:47 [iter 40/60] eval vs minimax: 5/40 games (0%)
2026-08-05 12:03:51   [GPU] 50,015 evals (1354 batches, avg 37/batch = 7% of 512, 2954 evals/s, 227 msg/s, 13.0 leaves/msg, 17s)
2026-08-05 12:03:58 [iter 40/60] eval vs minimax: 10/40 games (0%)
2026-08-05 12:04:06 [iter 40/60] eval vs minimax: 15/40 games (0%)
2026-08-05 12:04:06   [GPU] 100,030 evals (2741 batches, avg 36/batch = 7% of 512, 3086 evals/s, 242 msg/s, 12.7 leaves/msg, 32s)
2026-08-05 12:04:12 [iter 40/60] eval vs minimax: 20/40 games (0%)
2026-08-05 12:04:21   [GPU] 150,052 evals (4104 batches, avg 37/batch = 7% of 512, 3166 evals/s, 248 msg/s, 12.8 leaves/msg, 47s)
2026-08-05 12:04:22 [iter 40/60] eval vs minimax: 25/40 games (0%)
2026-08-05 12:04:34 [iter 40/60] eval vs minimax: 30/40 games (0%)
2026-08-05 12:04:37   [GPU] 200,009 evals (5542 batches, avg 36/batch = 7% of 512, 3164 evals/s, 249 msg/s, 12.7 leaves/msg, 63s)
2026-08-05 12:04:56 [iter 40/60] eval vs minimax: 35/40 games (0%)
2026-08-05 12:05:03   [GPU] 250,016 evals (7594 batches, avg 33/batch = 6% of 512, 2805 evals/s, 220 msg/s, 12.8 leaves/msg, 89s)
2026-08-05 12:06:49 [iter 40/60] eval vs minimax: 40/40 games (0%)
2026-08-05 12:06:49 [iter 40/60] eval vs minimax done: 0.0% of 30 decided [seat0:0/20 seat1:0/20] (195s)
2026-08-05 12:06:49 >>> iter 40 | loss_p=0.952 loss_v=0.140 | vs_best=95.5% reject | vs_rand=100.0% | draw=18% | buf=61472 | rss=3.46GB | sp=420s train=24s eval_best=1747s eval_rand=121s | total=2552s
2026-08-05 12:06:49 [iter 41/60] self-play starting (40 games, 600 sims, MIXED 20/40 race-only)...
2026-08-05 12:06:49 [PARALLEL-MP] 8 workers spawned (40 games, sims=600), GPU batcher starting...
2026-08-05 12:07:02   [GPU] 50,015 evals (989 batches, avg 51/batch = 10% of 512, 4044 evals/s, 334 msg/s, 12.1 leaves/msg, 12s)
2026-08-05 12:07:05 [iter 41/60] self-play: 5/40 games...
2026-08-05 12:07:14   [GPU] 100,039 evals (2184 batches, avg 46/batch = 9% of 512, 3998 evals/s, 323 msg/s, 12.4 leaves/msg, 25s)
2026-08-05 12:07:21 [iter 41/60] self-play: 10/40 games...
2026-08-05 12:07:27   [GPU] 150,011 evals (3346 batches, avg 45/batch = 9% of 512, 3988 evals/s, 314 msg/s, 12.7 leaves/msg, 38s)
2026-08-05 12:07:41   [GPU] 200,029 evals (4620 batches, avg 43/batch = 8% of 512, 3868 evals/s, 292 msg/s, 13.2 leaves/msg, 52s)
2026-08-05 12:07:54   [GPU] 250,028 evals (5865 batches, avg 43/batch = 8% of 512, 3844 evals/s, 286 msg/s, 13.5 leaves/msg, 65s)
2026-08-05 12:08:02 [iter 41/60] self-play: 15/40 games...
2026-08-05 12:08:08   [GPU] 300,058 evals (7105 batches, avg 42/batch = 8% of 512, 3833 evals/s, 287 msg/s, 13.4 leaves/msg, 78s)
2026-08-05 12:08:21   [GPU] 350,007 evals (8349 batches, avg 42/batch = 8% of 512, 3832 evals/s, 287 msg/s, 13.4 leaves/msg, 91s)
2026-08-05 12:08:34 [iter 41/60] self-play: 20/40 games...
2026-08-05 12:08:35   [GPU] 400,025 evals (9698 batches, avg 41/batch = 8% of 512, 3780 evals/s, 285 msg/s, 13.3 leaves/msg, 106s)
2026-08-05 12:08:50   [GPU] 450,018 evals (11060 batches, avg 41/batch = 8% of 512, 3729 evals/s, 281 msg/s, 13.3 leaves/msg, 121s)
2026-08-05 12:09:05   [GPU] 500,029 evals (12423 batches, avg 40/batch = 8% of 512, 3696 evals/s, 280 msg/s, 13.2 leaves/msg, 135s)
2026-08-05 12:09:12 [iter 41/60] self-play: 25/40 games...
2026-08-05 12:09:20   [GPU] 550,019 evals (13847 batches, avg 40/batch = 8% of 512, 3655 evals/s, 279 msg/s, 13.1 leaves/msg, 150s)
2026-08-05 12:09:36   [GPU] 600,014 evals (15324 batches, avg 39/batch = 8% of 512, 3595 evals/s, 275 msg/s, 13.1 leaves/msg, 167s)
2026-08-05 12:09:51   [GPU] 650,010 evals (16651 batches, avg 39/batch = 8% of 512, 3586 evals/s, 275 msg/s, 13.0 leaves/msg, 181s)
2026-08-05 12:10:05   [GPU] 700,008 evals (18008 batches, avg 39/batch = 8% of 512, 3576 evals/s, 275 msg/s, 13.0 leaves/msg, 196s)
2026-08-05 12:10:17   [GPU] 750,000 evals (19186 batches, avg 39/batch = 8% of 512, 3604 evals/s, 276 msg/s, 13.0 leaves/msg, 208s)
2026-08-05 12:10:32   [GPU] 800,033 evals (20549 batches, avg 39/batch = 8% of 512, 3596 evals/s, 277 msg/s, 13.0 leaves/msg, 222s)
2026-08-05 12:10:33 [iter 41/60] self-play: 30/40 games...
2026-08-05 12:10:46   [GPU] 850,016 evals (21910 batches, avg 39/batch = 8% of 512, 3591 evals/s, 277 msg/s, 13.0 leaves/msg, 237s)
2026-08-05 12:11:04   [GPU] 900,035 evals (23484 batches, avg 38/batch = 7% of 512, 3539 evals/s, 273 msg/s, 13.0 leaves/msg, 254s)
2026-08-05 12:11:23   [GPU] 950,044 evals (25180 batches, avg 38/batch = 7% of 512, 3470 evals/s, 267 msg/s, 13.0 leaves/msg, 274s)
2026-08-05 12:11:38 [iter 41/60] self-play: 35/40 games...
2026-08-05 12:11:43   [GPU] 1,000,002 evals (26900 batches, avg 37/batch = 7% of 512, 3400 evals/s, 261 msg/s, 13.0 leaves/msg, 294s)
2026-08-05 12:12:09   [GPU] 1,050,013 evals (28909 batches, avg 36/batch = 7% of 512, 3287 evals/s, 253 msg/s, 13.0 leaves/msg, 319s)
2026-08-05 12:12:36   [GPU] 1,100,017 evals (31033 batches, avg 35/batch = 7% of 512, 3177 evals/s, 245 msg/s, 13.0 leaves/msg, 346s)
2026-08-05 12:13:24   [GPU] 1,150,003 evals (34082 batches, avg 34/batch = 7% of 512, 2912 evals/s, 225 msg/s, 12.9 leaves/msg, 395s)
2026-08-05 12:13:37 [iter 41/60] self-play: 40/40 games...
2026-08-05 12:13:37 [iter 41/60] self-play done: 40 games (408s) | wins: P0=8, P1=25, draw=7 | draw_rate=18% avg_len~25
2026-08-05 12:13:37 [iter 41/60] training (600 steps, lr=3.25e-04)...
2026-08-05 12:14:03 [iter 41/60] training done: loss_p=0.950 loss_v=0.141 (25s)
2026-08-05 12:14:07 [iter 41/60] data: policy_wall_mass=0.134 walled_states=61% walls_on_board=12.7 value_mae walled=0.148 free=0.154
2026-08-05 12:14:08 [iter 41/60] eval skipped (eval_every=4)
2026-08-05 12:14:08 >>> iter 41 | loss_p=0.950 loss_v=0.141 | vs_best=n/a (not evaluated) | vs_rand=n/a | draw=18% | buf=63444 | rss=3.43GB | sp=408s train=25s eval_best=0s eval_rand=0s | total=438s
2026-08-05 12:14:08 [iter 42/60] self-play starting (40 games, 600 sims, MIXED 20/40 race-only)...
2026-08-05 12:14:08 [PARALLEL-MP] 8 workers spawned (40 games, sims=600), GPU batcher starting...
2026-08-05 12:14:19   [GPU] 50,016 evals (948 batches, avg 53/batch = 10% of 512, 4232 evals/s, 338 msg/s, 12.5 leaves/msg, 12s)
2026-08-05 12:14:22 [iter 42/60] self-play: 5/40 games...
2026-08-05 12:14:31   [GPU] 100,016 evals (2037 batches, avg 49/batch = 10% of 512, 4295 evals/s, 345 msg/s, 12.5 leaves/msg, 23s)
2026-08-05 12:14:42 [iter 42/60] self-play: 10/40 games...
2026-08-05 12:14:43   [GPU] 150,032 evals (3135 batches, avg 48/batch = 9% of 512, 4287 evals/s, 340 msg/s, 12.6 leaves/msg, 35s)
2026-08-05 12:14:56   [GPU] 200,002 evals (4369 batches, avg 46/batch = 9% of 512, 4138 evals/s, 320 msg/s, 12.9 leaves/msg, 48s)
2026-08-05 12:15:10   [GPU] 250,018 evals (5652 batches, avg 44/batch = 9% of 512, 4008 evals/s, 302 msg/s, 13.3 leaves/msg, 62s)
2026-08-05 12:15:22   [GPU] 300,046 evals (6785 batches, avg 44/batch = 9% of 512, 4032 evals/s, 301 msg/s, 13.4 leaves/msg, 74s)
2026-08-05 12:15:23 [iter 42/60] self-play: 15/40 games...
2026-08-05 12:15:34   [GPU] 350,020 evals (7930 batches, avg 44/batch = 9% of 512, 4057 evals/s, 301 msg/s, 13.5 leaves/msg, 86s)
2026-08-05 12:15:45   [GPU] 400,036 evals (9031 batches, avg 44/batch = 9% of 512, 4103 evals/s, 310 msg/s, 13.3 leaves/msg, 98s)
2026-08-05 12:15:46 [iter 42/60] self-play: 20/40 games...
2026-08-05 12:15:57   [GPU] 450,027 evals (10142 batches, avg 44/batch = 9% of 512, 4123 evals/s, 310 msg/s, 13.3 leaves/msg, 109s)
2026-08-05 12:16:10   [GPU] 500,034 evals (11385 batches, avg 44/batch = 9% of 512, 4086 evals/s, 306 msg/s, 13.4 leaves/msg, 122s)
2026-08-05 12:16:23   [GPU] 550,000 evals (12576 batches, avg 44/batch = 9% of 512, 4077 evals/s, 305 msg/s, 13.4 leaves/msg, 135s)
2026-08-05 12:16:36   [GPU] 600,022 evals (13866 batches, avg 43/batch = 8% of 512, 4039 evals/s, 301 msg/s, 13.4 leaves/msg, 149s)
2026-08-05 12:16:50   [GPU] 650,017 evals (15123 batches, avg 43/batch = 8% of 512, 4010 evals/s, 297 msg/s, 13.5 leaves/msg, 162s)
2026-08-05 12:17:03   [GPU] 700,053 evals (16408 batches, avg 43/batch = 8% of 512, 3982 evals/s, 295 msg/s, 13.5 leaves/msg, 176s)
2026-08-05 12:17:17   [GPU] 750,004 evals (17741 batches, avg 42/batch = 8% of 512, 3952 evals/s, 293 msg/s, 13.5 leaves/msg, 190s)
2026-08-05 12:17:18 [iter 42/60] self-play: 25/40 games...
2026-08-05 12:17:32   [GPU] 800,008 evals (19079 batches, avg 42/batch = 8% of 512, 3916 evals/s, 292 msg/s, 13.4 leaves/msg, 204s)
2026-08-05 12:17:42 [iter 42/60] self-play: 30/40 games...
2026-08-05 12:17:45   [GPU] 850,050 evals (20300 batches, avg 42/batch = 8% of 512, 3910 evals/s, 291 msg/s, 13.4 leaves/msg, 217s)
2026-08-05 12:17:59   [GPU] 900,020 evals (21603 batches, avg 42/batch = 8% of 512, 3885 evals/s, 289 msg/s, 13.5 leaves/msg, 232s)
2026-08-05 12:18:14   [GPU] 950,013 evals (23000 batches, avg 41/batch = 8% of 512, 3849 evals/s, 285 msg/s, 13.5 leaves/msg, 247s)
2026-08-05 12:18:27 [iter 42/60] self-play: 35/40 games...
2026-08-05 12:18:31   [GPU] 1,000,004 evals (24528 batches, avg 41/batch = 8% of 512, 3792 evals/s, 280 msg/s, 13.5 leaves/msg, 264s)
2026-08-05 12:18:50   [GPU] 1,050,012 evals (26204 batches, avg 40/batch = 8% of 512, 3716 evals/s, 274 msg/s, 13.6 leaves/msg, 283s)
2026-08-05 12:19:13   [GPU] 1,100,021 evals (28056 batches, avg 39/batch = 8% of 512, 3601 evals/s, 265 msg/s, 13.6 leaves/msg, 305s)
2026-08-05 12:19:49   [GPU] 1,150,007 evals (30557 batches, avg 38/batch = 7% of 512, 3369 evals/s, 248 msg/s, 13.6 leaves/msg, 341s)
2026-08-05 12:21:04   [GPU] 1,200,005 evals (33932 batches, avg 35/batch = 7% of 512, 2881 evals/s, 212 msg/s, 13.6 leaves/msg, 416s)
2026-08-05 12:21:13 [iter 42/60] self-play: 40/40 games...
2026-08-05 12:21:13 [iter 42/60] self-play done: 40 games (425s) | wins: P0=9, P1=22, draw=9 | draw_rate=22% avg_len~18
2026-08-05 12:21:13 [iter 42/60] WARNING: draw_rate 22% > 20% — games timing out at max_game_moves=160 (weak value signal).
2026-08-05 12:21:13 [iter 42/60] training (600 steps, lr=3.05e-04)...
2026-08-05 12:21:39 [iter 42/60] training done: loss_p=0.949 loss_v=0.143 (27s)
2026-08-05 12:21:43 [iter 42/60] data: policy_wall_mass=0.145 walled_states=49% walls_on_board=9.6 value_mae walled=0.275 free=0.206
2026-08-05 12:21:44 [iter 42/60] eval skipped (eval_every=4)
2026-08-05 12:21:44 >>> iter 42 | loss_p=0.949 loss_v=0.143 | vs_best=n/a (not evaluated) | vs_rand=n/a | draw=22% | buf=64888 | rss=3.47GB | sp=425s train=27s eval_best=0s eval_rand=0s | total=456s
2026-08-05 12:21:44 [iter 43/60] self-play starting (40 games, 600 sims, MIXED 20/40 race-only)...
2026-08-05 12:21:44 [PARALLEL-MP] 8 workers spawned (40 games, sims=600), GPU batcher starting...
2026-08-05 12:21:56   [GPU] 50,030 evals (933 batches, avg 54/batch = 10% of 512, 4017 evals/s, 309 msg/s, 13.0 leaves/msg, 12s)
2026-08-05 12:22:03 [iter 43/60] self-play: 5/40 games...
2026-08-05 12:22:07   [GPU] 100,007 evals (1911 batches, avg 52/batch = 10% of 512, 4346 evals/s, 335 msg/s, 13.0 leaves/msg, 23s)
2026-08-05 12:22:20   [GPU] 150,029 evals (3075 batches, avg 49/batch = 10% of 512, 4188 evals/s, 324 msg/s, 12.9 leaves/msg, 36s)
2026-08-05 12:22:22 [iter 43/60] self-play: 10/40 games...
2026-08-05 12:22:34   [GPU] 200,006 evals (4359 batches, avg 46/batch = 9% of 512, 3971 evals/s, 302 msg/s, 13.1 leaves/msg, 50s)
2026-08-05 12:22:49   [GPU] 250,020 evals (5653 batches, avg 44/batch = 9% of 512, 3859 evals/s, 293 msg/s, 13.2 leaves/msg, 65s)
2026-08-05 12:22:54 [iter 43/60] self-play: 15/40 games...
2026-08-05 12:23:03   [GPU] 300,016 evals (6919 batches, avg 43/batch = 8% of 512, 3803 evals/s, 288 msg/s, 13.2 leaves/msg, 79s)
2026-08-05 12:23:15   [GPU] 350,024 evals (8080 batches, avg 43/batch = 8% of 512, 3827 evals/s, 289 msg/s, 13.3 leaves/msg, 91s)
2026-08-05 12:23:29   [GPU] 400,006 evals (9296 batches, avg 43/batch = 8% of 512, 3813 evals/s, 287 msg/s, 13.3 leaves/msg, 105s)
2026-08-05 12:23:42   [GPU] 450,008 evals (10493 batches, avg 43/batch = 8% of 512, 3804 evals/s, 283 msg/s, 13.5 leaves/msg, 118s)
2026-08-05 12:23:55   [GPU] 500,044 evals (11643 batches, avg 43/batch = 8% of 512, 3820 evals/s, 281 msg/s, 13.6 leaves/msg, 131s)
2026-08-05 12:24:07   [GPU] 550,074 evals (12791 batches, avg 43/batch = 8% of 512, 3840 evals/s, 281 msg/s, 13.7 leaves/msg, 143s)
2026-08-05 12:24:20   [GPU] 600,003 evals (13960 batches, avg 43/batch = 8% of 512, 3854 evals/s, 282 msg/s, 13.6 leaves/msg, 156s)
2026-08-05 12:24:25 [iter 43/60] self-play: 20/40 games...
2026-08-05 12:24:32   [GPU] 650,003 evals (15100 batches, avg 43/batch = 8% of 512, 3875 evals/s, 285 msg/s, 13.6 leaves/msg, 168s)
2026-08-05 12:24:43   [GPU] 700,020 evals (16198 batches, avg 43/batch = 8% of 512, 3902 evals/s, 287 msg/s, 13.6 leaves/msg, 179s)
2026-08-05 12:24:52 [iter 43/60] self-play: 25/40 games...
2026-08-05 12:24:56   [GPU] 750,005 evals (17360 batches, avg 43/batch = 8% of 512, 3909 evals/s, 289 msg/s, 13.5 leaves/msg, 192s)
2026-08-05 12:25:10   [GPU] 800,012 evals (18651 batches, avg 43/batch = 8% of 512, 3885 evals/s, 287 msg/s, 13.5 leaves/msg, 206s)
2026-08-05 12:25:24   [GPU] 850,044 evals (19903 batches, avg 43/batch = 8% of 512, 3871 evals/s, 286 msg/s, 13.6 leaves/msg, 220s)
2026-08-05 12:25:27 [iter 43/60] self-play: 30/40 games...
2026-08-05 12:25:40   [GPU] 900,018 evals (21380 batches, avg 42/batch = 8% of 512, 3807 evals/s, 283 msg/s, 13.5 leaves/msg, 236s)
2026-08-05 12:25:59   [GPU] 950,046 evals (22983 batches, avg 41/batch = 8% of 512, 3721 evals/s, 277 msg/s, 13.4 leaves/msg, 255s)
2026-08-05 12:26:18 [iter 43/60] self-play: 35/40 games...
2026-08-05 12:26:22   [GPU] 1,000,012 evals (24892 batches, avg 40/batch = 8% of 512, 3595 evals/s, 268 msg/s, 13.4 leaves/msg, 278s)
2026-08-05 12:26:52   [GPU] 1,050,000 evals (27151 batches, avg 39/batch = 8% of 512, 3410 evals/s, 256 msg/s, 13.3 leaves/msg, 308s)
2026-08-05 12:27:28   [GPU] 1,100,013 evals (29737 batches, avg 37/batch = 7% of 512, 3198 evals/s, 241 msg/s, 13.3 leaves/msg, 344s)
2026-08-05 12:28:31   [GPU] 1,150,006 evals (33315 batches, avg 35/batch = 7% of 512, 2828 evals/s, 216 msg/s, 13.1 leaves/msg, 407s)
2026-08-05 12:31:35   [GPU] 1,200,014 evals (38537 batches, avg 31/batch = 6% of 512, 2029 evals/s, 158 msg/s, 12.8 leaves/msg, 591s)
2026-08-05 12:35:18 [iter 43/60] self-play: 40/40 games...
2026-08-05 12:35:18 [iter 43/60] self-play done: 40 games (814s) | wins: P0=8, P1=23, draw=9 | draw_rate=22% avg_len~20
2026-08-05 12:35:18 [iter 43/60] WARNING: draw_rate 22% > 20% — games timing out at max_game_moves=160 (weak value signal).
2026-08-05 12:35:18 [iter 43/60] training (600 steps, lr=2.85e-04)...
2026-08-05 12:35:46 [iter 43/60] training done: loss_p=0.939 loss_v=0.140 (28s)
2026-08-05 12:35:50 [iter 43/60] data: policy_wall_mass=0.133 walled_states=51% walls_on_board=10.8 value_mae walled=0.211 free=0.129
2026-08-05 12:35:51 [iter 43/60] eval skipped (eval_every=4)
2026-08-05 12:35:51 >>> iter 43 | loss_p=0.939 loss_v=0.140 | vs_best=n/a (not evaluated) | vs_rand=n/a | draw=22% | buf=66454 | rss=3.49GB | sp=814s train=28s eval_best=0s eval_rand=0s | total=847s
2026-08-05 12:35:51 [iter 44/60] self-play starting (40 games, 600 sims, MIXED 20/40 race-only)...
2026-08-05 12:35:51 [PARALLEL-MP] 8 workers spawned (40 games, sims=600), GPU batcher starting...
2026-08-05 12:36:04   [GPU] 50,016 evals (1006 batches, avg 50/batch = 10% of 512, 3852 evals/s, 326 msg/s, 11.8 leaves/msg, 13s)
2026-08-05 12:36:08 [iter 44/60] self-play: 5/40 games...
2026-08-05 12:36:16   [GPU] 100,018 evals (2098 batches, avg 48/batch = 9% of 512, 3998 evals/s, 332 msg/s, 12.0 leaves/msg, 25s)
2026-08-05 12:36:24 [iter 44/60] self-play: 10/40 games...
2026-08-05 12:36:29   [GPU] 150,014 evals (3314 batches, avg 45/batch = 9% of 512, 3898 evals/s, 317 msg/s, 12.3 leaves/msg, 38s)
2026-08-05 12:36:46   [GPU] 200,015 evals (4709 batches, avg 42/batch = 8% of 512, 3646 evals/s, 286 msg/s, 12.7 leaves/msg, 55s)
2026-08-05 12:37:02   [GPU] 250,026 evals (6142 batches, avg 41/batch = 8% of 512, 3515 evals/s, 273 msg/s, 12.9 leaves/msg, 71s)
2026-08-05 12:37:16   [GPU] 300,013 evals (7390 batches, avg 41/batch = 8% of 512, 3528 evals/s, 272 msg/s, 13.0 leaves/msg, 85s)
2026-08-05 12:37:18 [iter 44/60] self-play: 15/40 games...
2026-08-05 12:37:29   [GPU] 350,013 evals (8638 batches, avg 41/batch = 8% of 512, 3551 evals/s, 273 msg/s, 13.0 leaves/msg, 99s)
2026-08-05 12:37:43   [GPU] 400,081 evals (9853 batches, avg 41/batch = 8% of 512, 3568 evals/s, 274 msg/s, 13.0 leaves/msg, 112s)
2026-08-05 12:37:55 [iter 44/60] self-play: 20/40 games...
2026-08-05 12:37:57   [GPU] 450,009 evals (11152 batches, avg 40/batch = 8% of 512, 3565 evals/s, 274 msg/s, 13.0 leaves/msg, 126s)
2026-08-05 12:38:10   [GPU] 500,003 evals (12321 batches, avg 41/batch = 8% of 512, 3595 evals/s, 275 msg/s, 13.1 leaves/msg, 139s)
2026-08-05 12:38:23 [iter 44/60] self-play: 25/40 games...
2026-08-05 12:38:23   [GPU] 550,045 evals (13522 batches, avg 41/batch = 8% of 512, 3613 evals/s, 277 msg/s, 13.0 leaves/msg, 152s)
2026-08-05 12:38:35   [GPU] 600,014 evals (14658 batches, avg 41/batch = 8% of 512, 3651 evals/s, 280 msg/s, 13.0 leaves/msg, 164s)
2026-08-05 12:38:47   [GPU] 650,018 evals (15817 batches, avg 41/batch = 8% of 512, 3681 evals/s, 282 msg/s, 13.1 leaves/msg, 177s)
2026-08-05 12:38:52 [iter 44/60] self-play: 30/40 games...
2026-08-05 12:39:00   [GPU] 700,010 evals (16974 batches, avg 41/batch = 8% of 512, 3703 evals/s, 284 msg/s, 13.0 leaves/msg, 189s)
2026-08-05 12:39:11 [iter 44/60] self-play: 35/40 games...
2026-08-05 12:39:19   [GPU] 750,020 evals (18587 batches, avg 40/batch = 8% of 512, 3595 evals/s, 274 msg/s, 13.1 leaves/msg, 209s)
2026-08-05 12:39:44   [GPU] 800,018 evals (20296 batches, avg 39/batch = 8% of 512, 3435 evals/s, 260 msg/s, 13.2 leaves/msg, 233s)
2026-08-05 12:40:09   [GPU] 850,002 evals (22159 batches, avg 38/batch = 7% of 512, 3292 evals/s, 248 msg/s, 13.3 leaves/msg, 258s)
2026-08-05 12:40:38   [GPU] 900,020 evals (24230 batches, avg 37/batch = 7% of 512, 3129 evals/s, 234 msg/s, 13.4 leaves/msg, 288s)
2026-08-05 12:41:08   [GPU] 950,000 evals (26301 batches, avg 36/batch = 7% of 512, 2993 evals/s, 223 msg/s, 13.4 leaves/msg, 317s)
2026-08-05 12:41:38   [GPU] 1,000,006 evals (28388 batches, avg 35/batch = 7% of 512, 2878 evals/s, 213 msg/s, 13.5 leaves/msg, 348s)
2026-08-05 12:42:08   [GPU] 1,050,013 evals (30464 batches, avg 34/batch = 7% of 512, 2785 evals/s, 205 msg/s, 13.6 leaves/msg, 377s)
2026-08-05 12:43:16 [iter 44/60] self-play: 40/40 games...
2026-08-05 12:43:16 [iter 44/60] self-play done: 40 games (445s) | wins: P0=10, P1=25, draw=5 | draw_rate=12% avg_len~30
2026-08-05 12:43:16 [iter 44/60] training (600 steps, lr=2.67e-04)...
2026-08-05 12:43:45 [iter 44/60] training done: loss_p=0.937 loss_v=0.139 (29s)
2026-08-05 12:43:49 [iter 44/60] data: policy_wall_mass=0.152 walled_states=68% walls_on_board=15.1 value_mae walled=0.180 free=0.201
2026-08-05 12:43:49 [iter 44/60] eval vs best (160 games, 200 sims)...
2026-08-05 12:43:49 [EVAL-MP] 8 workers spawned (160 vs_best games, sims=200), GPU batcher starting...
2026-08-05 12:44:07   [GPU] 50,003 evals (1227 batches, avg 41/batch = 8% of 512, 2735 evals/s, 193 msg/s, 14.2 leaves/msg, 18s)
2026-08-05 12:44:22   [GPU] 100,021 evals (2303 batches, avg 43/batch = 8% of 512, 3064 evals/s, 220 msg/s, 13.9 leaves/msg, 33s)
2026-08-05 12:44:36   [GPU] 150,020 evals (3343 batches, avg 45/batch = 9% of 512, 3210 evals/s, 232 msg/s, 13.8 leaves/msg, 47s)
2026-08-05 12:44:50   [GPU] 200,014 evals (4390 batches, avg 46/batch = 9% of 512, 3294 evals/s, 239 msg/s, 13.8 leaves/msg, 61s)
2026-08-05 12:45:05   [GPU] 250,003 evals (5506 batches, avg 45/batch = 9% of 512, 3304 evals/s, 240 msg/s, 13.8 leaves/msg, 76s)
2026-08-05 12:45:07 [iter 44/60] eval vs best: 5/160 games (78s, cand 100%)
2026-08-05 12:45:20   [GPU] 300,014 evals (6658 batches, avg 45/batch = 9% of 512, 3289 evals/s, 238 msg/s, 13.8 leaves/msg, 91s)
2026-08-05 12:45:35   [GPU] 350,044 evals (7721 batches, avg 45/batch = 9% of 512, 3319 evals/s, 240 msg/s, 13.8 leaves/msg, 105s)
2026-08-05 12:45:48   [GPU] 400,064 evals (8764 batches, avg 46/batch = 9% of 512, 3354 evals/s, 243 msg/s, 13.8 leaves/msg, 119s)
2026-08-05 12:45:51 [iter 44/60] eval vs best: 10/160 games (121s, cand 100%)
2026-08-05 12:46:03   [GPU] 450,015 evals (9830 batches, avg 46/batch = 9% of 512, 3371 evals/s, 245 msg/s, 13.8 leaves/msg, 133s)
2026-08-05 12:46:17   [GPU] 500,041 evals (10908 batches, avg 46/batch = 9% of 512, 3382 evals/s, 246 msg/s, 13.8 leaves/msg, 148s)
2026-08-05 12:46:30 [iter 44/60] eval vs best: 15/160 games (161s, cand 100%)
2026-08-05 12:46:32   [GPU] 550,023 evals (12049 batches, avg 46/batch = 9% of 512, 3372 evals/s, 245 msg/s, 13.8 leaves/msg, 163s)
2026-08-05 12:46:48   [GPU] 600,033 evals (13229 batches, avg 45/batch = 9% of 512, 3354 evals/s, 244 msg/s, 13.8 leaves/msg, 179s)
2026-08-05 12:47:03   [GPU] 650,049 evals (14367 batches, avg 45/batch = 9% of 512, 3353 evals/s, 244 msg/s, 13.8 leaves/msg, 194s)
2026-08-05 12:47:18   [GPU] 700,021 evals (15514 batches, avg 45/batch = 9% of 512, 3346 evals/s, 243 msg/s, 13.7 leaves/msg, 209s)
2026-08-05 12:47:24 [iter 44/60] eval vs best: 20/160 games (215s, cand 100%)
2026-08-05 12:47:33   [GPU] 750,001 evals (16657 batches, avg 45/batch = 9% of 512, 3345 evals/s, 244 msg/s, 13.7 leaves/msg, 224s)
2026-08-05 12:47:48   [GPU] 800,011 evals (17779 batches, avg 45/batch = 9% of 512, 3343 evals/s, 243 msg/s, 13.7 leaves/msg, 239s)
2026-08-05 12:47:54 [iter 44/60] eval vs best: 25/160 games (245s, cand 100%)
2026-08-05 12:48:04   [GPU] 850,032 evals (18931 batches, avg 45/batch = 9% of 512, 3341 evals/s, 243 msg/s, 13.7 leaves/msg, 254s)
2026-08-05 12:48:18   [GPU] 900,046 evals (19993 batches, avg 45/batch = 9% of 512, 3348 evals/s, 244 msg/s, 13.7 leaves/msg, 269s)
2026-08-05 12:48:33   [GPU] 950,041 evals (21099 batches, avg 45/batch = 9% of 512, 3350 evals/s, 244 msg/s, 13.8 leaves/msg, 284s)
2026-08-05 12:48:48 [iter 44/60] eval vs best: 30/160 games (299s, cand 100%)
2026-08-05 12:48:48   [GPU] 1,000,003 evals (22225 batches, avg 45/batch = 9% of 512, 3347 evals/s, 243 msg/s, 13.8 leaves/msg, 299s)
2026-08-05 12:49:04   [GPU] 1,050,000 evals (23397 batches, avg 45/batch = 9% of 512, 3338 evals/s, 242 msg/s, 13.8 leaves/msg, 315s)
2026-08-05 12:49:19   [GPU] 1,100,049 evals (24543 batches, avg 45/batch = 9% of 512, 3334 evals/s, 242 msg/s, 13.8 leaves/msg, 330s)
2026-08-05 12:49:24 [iter 44/60] eval vs best: 35/160 games (335s, cand 100%)
2026-08-05 12:49:35   [GPU] 1,150,012 evals (25692 batches, avg 45/batch = 9% of 512, 3329 evals/s, 242 msg/s, 13.8 leaves/msg, 345s)
2026-08-05 12:49:49   [GPU] 1,200,060 evals (26809 batches, avg 45/batch = 9% of 512, 3331 evals/s, 242 msg/s, 13.8 leaves/msg, 360s)
2026-08-05 12:50:05   [GPU] 1,250,025 evals (27979 batches, avg 45/batch = 9% of 512, 3328 evals/s, 242 msg/s, 13.8 leaves/msg, 376s)
2026-08-05 12:50:07 [iter 44/60] eval vs best: 40/160 games (378s, cand 100%)
2026-08-05 12:50:19   [GPU] 1,300,056 evals (29045 batches, avg 45/batch = 9% of 512, 3332 evals/s, 242 msg/s, 13.8 leaves/msg, 390s)
2026-08-05 12:50:34   [GPU] 1,350,011 evals (30152 batches, avg 45/batch = 9% of 512, 3333 evals/s, 242 msg/s, 13.8 leaves/msg, 405s)
2026-08-05 12:50:49   [GPU] 1,400,008 evals (31274 batches, avg 45/batch = 9% of 512, 3334 evals/s, 242 msg/s, 13.8 leaves/msg, 420s)
2026-08-05 12:50:49 [iter 44/60] eval vs best: 45/160 games (420s, cand 67%)
2026-08-05 12:51:05   [GPU] 1,450,009 evals (32462 batches, avg 45/batch = 9% of 512, 3329 evals/s, 242 msg/s, 13.8 leaves/msg, 436s)
2026-08-05 12:51:20   [GPU] 1,500,051 evals (33622 batches, avg 45/batch = 9% of 512, 3326 evals/s, 242 msg/s, 13.8 leaves/msg, 451s)
2026-08-05 12:51:35 [iter 44/60] eval vs best: 50/160 games (466s, cand 71%)
2026-08-05 12:51:36   [GPU] 1,550,002 evals (34776 batches, avg 45/batch = 9% of 512, 3322 evals/s, 242 msg/s, 13.7 leaves/msg, 467s)
2026-08-05 12:51:51   [GPU] 1,600,011 evals (35923 batches, avg 45/batch = 9% of 512, 3320 evals/s, 242 msg/s, 13.7 leaves/msg, 482s)
2026-08-05 12:52:06   [GPU] 1,650,026 evals (36995 batches, avg 45/batch = 9% of 512, 3325 evals/s, 243 msg/s, 13.7 leaves/msg, 496s)
2026-08-05 12:52:06 [iter 44/60] eval vs best: 55/160 games (496s, cand 71%)
2026-08-05 12:52:20   [GPU] 1,700,015 evals (38106 batches, avg 45/batch = 9% of 512, 3326 evals/s, 243 msg/s, 13.7 leaves/msg, 511s)
2026-08-05 12:52:35   [GPU] 1,750,018 evals (39169 batches, avg 45/batch = 9% of 512, 3331 evals/s, 244 msg/s, 13.7 leaves/msg, 525s)
2026-08-05 12:52:49   [GPU] 1,800,002 evals (40267 batches, avg 45/batch = 9% of 512, 3333 evals/s, 244 msg/s, 13.7 leaves/msg, 540s)
2026-08-05 12:53:05   [GPU] 1,850,022 evals (41392 batches, avg 45/batch = 9% of 512, 3331 evals/s, 244 msg/s, 13.7 leaves/msg, 555s)
2026-08-05 12:53:08 [iter 44/60] eval vs best: 60/160 games (559s, cand 75%)
2026-08-05 12:53:18 [iter 44/60] eval vs best: 65/160 games (569s, cand 67%)
2026-08-05 12:53:20   [GPU] 1,900,040 evals (42524 batches, avg 45/batch = 9% of 512, 3329 evals/s, 244 msg/s, 13.6 leaves/msg, 571s)
2026-08-05 12:53:35   [GPU] 1,950,026 evals (43682 batches, avg 45/batch = 9% of 512, 3326 evals/s, 244 msg/s, 13.6 leaves/msg, 586s)
2026-08-05 12:53:50   [GPU] 2,000,025 evals (44757 batches, avg 45/batch = 9% of 512, 3330 evals/s, 244 msg/s, 13.6 leaves/msg, 601s)
2026-08-05 12:54:04   [GPU] 2,050,053 evals (45827 batches, avg 45/batch = 9% of 512, 3335 evals/s, 244 msg/s, 13.6 leaves/msg, 615s)
2026-08-05 12:54:19   [GPU] 2,100,044 evals (46953 batches, avg 45/batch = 9% of 512, 3335 evals/s, 244 msg/s, 13.6 leaves/msg, 630s)
2026-08-05 12:54:20 [iter 44/60] eval vs best: 70/160 games (631s, cand 70%)
2026-08-05 12:54:35   [GPU] 2,150,063 evals (48153 batches, avg 45/batch = 9% of 512, 3329 evals/s, 244 msg/s, 13.6 leaves/msg, 646s)
2026-08-05 12:54:51   [GPU] 2,200,011 evals (49362 batches, avg 45/batch = 9% of 512, 3323 evals/s, 244 msg/s, 13.6 leaves/msg, 662s)
2026-08-05 12:55:07   [GPU] 2,250,064 evals (50509 batches, avg 45/batch = 9% of 512, 3320 evals/s, 244 msg/s, 13.6 leaves/msg, 678s)
2026-08-05 12:55:20 [iter 44/60] eval vs best: 75/160 games (691s, cand 70%)
2026-08-05 12:55:22   [GPU] 2,300,009 evals (51645 batches, avg 45/batch = 9% of 512, 3318 evals/s, 244 msg/s, 13.6 leaves/msg, 693s)
2026-08-05 12:55:38   [GPU] 2,350,037 evals (52791 batches, avg 45/batch = 9% of 512, 3316 evals/s, 244 msg/s, 13.6 leaves/msg, 709s)
2026-08-05 12:55:50 [iter 44/60] eval vs best: 80/160 games (721s, cand 64%)
2026-08-05 12:55:54   [GPU] 2,400,043 evals (53967 batches, avg 44/batch = 9% of 512, 3312 evals/s, 244 msg/s, 13.6 leaves/msg, 725s)
2026-08-05 12:56:11   [GPU] 2,450,041 evals (55240 batches, avg 44/batch = 9% of 512, 3305 evals/s, 244 msg/s, 13.5 leaves/msg, 741s)
2026-08-05 12:56:25 [iter 44/60] eval vs best: 85/160 games (756s, cand 69%)
2026-08-05 12:56:26   [GPU] 2,500,019 evals (56401 batches, avg 44/batch = 9% of 512, 3303 evals/s, 244 msg/s, 13.5 leaves/msg, 757s)
2026-08-05 12:56:41   [GPU] 2,550,013 evals (57538 batches, avg 44/batch = 9% of 512, 3303 evals/s, 245 msg/s, 13.5 leaves/msg, 772s)
2026-08-05 12:56:56 [iter 44/60] eval vs best: 90/160 games (787s, cand 75%)
2026-08-05 12:56:58   [GPU] 2,600,013 evals (58767 batches, avg 44/batch = 9% of 512, 3297 evals/s, 245 msg/s, 13.5 leaves/msg, 788s)
2026-08-05 12:57:15   [GPU] 2,650,018 evals (60048 batches, avg 44/batch = 9% of 512, 3289 evals/s, 244 msg/s, 13.5 leaves/msg, 806s)
2026-08-05 12:57:32   [GPU] 2,700,018 evals (61313 batches, avg 44/batch = 9% of 512, 3282 evals/s, 244 msg/s, 13.4 leaves/msg, 823s)
2026-08-05 12:57:48   [GPU] 2,750,075 evals (62537 batches, avg 44/batch = 9% of 512, 3277 evals/s, 244 msg/s, 13.4 leaves/msg, 839s)
2026-08-05 12:57:50 [iter 44/60] eval vs best: 95/160 games (841s, cand 76%)
2026-08-05 12:58:05   [GPU] 2,800,012 evals (63772 batches, avg 44/batch = 9% of 512, 3273 evals/s, 244 msg/s, 13.4 leaves/msg, 855s)
2026-08-05 12:58:22   [GPU] 2,850,067 evals (65059 batches, avg 44/batch = 9% of 512, 3266 evals/s, 244 msg/s, 13.4 leaves/msg, 873s)
2026-08-05 12:58:28 [iter 44/60] eval vs best: 100/160 games (878s, cand 78%)
2026-08-05 12:58:38   [GPU] 2,900,026 evals (66255 batches, avg 44/batch = 9% of 512, 3263 evals/s, 243 msg/s, 13.4 leaves/msg, 889s)
2026-08-05 12:58:54   [GPU] 2,950,056 evals (67414 batches, avg 44/batch = 9% of 512, 3261 evals/s, 243 msg/s, 13.4 leaves/msg, 905s)
2026-08-05 12:59:09   [GPU] 3,000,031 evals (68507 batches, avg 44/batch = 9% of 512, 3263 evals/s, 243 msg/s, 13.4 leaves/msg, 919s)
2026-08-05 12:59:17 [iter 44/60] eval vs best: 105/160 games (928s, cand 78%)
2026-08-05 12:59:24   [GPU] 3,050,004 evals (69636 batches, avg 44/batch = 9% of 512, 3262 evals/s, 243 msg/s, 13.4 leaves/msg, 935s)
2026-08-05 12:59:39   [GPU] 3,100,011 evals (70713 batches, avg 44/batch = 9% of 512, 3264 evals/s, 243 msg/s, 13.4 leaves/msg, 950s)
2026-08-05 12:59:56   [GPU] 3,150,000 evals (71928 batches, avg 44/batch = 9% of 512, 3259 evals/s, 243 msg/s, 13.4 leaves/msg, 966s)
2026-08-05 13:00:11 [iter 44/60] eval vs best: 110/160 games (982s, cand 78%)
2026-08-05 13:00:11   [GPU] 3,200,014 evals (73086 batches, avg 44/batch = 9% of 512, 3258 evals/s, 243 msg/s, 13.4 leaves/msg, 982s)
2026-08-05 13:00:28   [GPU] 3,250,015 evals (74269 batches, avg 44/batch = 9% of 512, 3255 evals/s, 243 msg/s, 13.4 leaves/msg, 999s)
2026-08-05 13:00:44   [GPU] 3,300,058 evals (75452 batches, avg 44/batch = 9% of 512, 3251 evals/s, 243 msg/s, 13.4 leaves/msg, 1015s)
2026-08-05 13:00:48 [iter 44/60] eval vs best: 115/160 games (1019s, cand 79%)
2026-08-05 13:01:01   [GPU] 3,350,013 evals (76651 batches, avg 44/batch = 9% of 512, 3247 evals/s, 243 msg/s, 13.4 leaves/msg, 1032s)
2026-08-05 13:01:17   [GPU] 3,400,022 evals (77841 batches, avg 44/batch = 9% of 512, 3245 evals/s, 243 msg/s, 13.4 leaves/msg, 1048s)
2026-08-05 13:01:31 [iter 44/60] eval vs best: 120/160 games (1061s, cand 80%)
2026-08-05 13:01:34   [GPU] 3,450,029 evals (79037 batches, avg 44/batch = 9% of 512, 3241 evals/s, 243 msg/s, 13.3 leaves/msg, 1064s)
2026-08-05 13:01:51   [GPU] 3,500,028 evals (80281 batches, avg 44/batch = 9% of 512, 3236 evals/s, 243 msg/s, 13.3 leaves/msg, 1082s)
2026-08-05 13:02:07   [GPU] 3,550,062 evals (81475 batches, avg 44/batch = 9% of 512, 3233 evals/s, 242 msg/s, 13.3 leaves/msg, 1098s)
2026-08-05 13:02:25   [GPU] 3,600,025 evals (82727 batches, avg 44/batch = 8% of 512, 3227 evals/s, 242 msg/s, 13.3 leaves/msg, 1115s)
2026-08-05 13:02:37 [iter 44/60] eval vs best: 125/160 games (1128s, cand 80%)
2026-08-05 13:02:42   [GPU] 3,650,015 evals (84008 batches, avg 43/batch = 8% of 512, 3221 evals/s, 242 msg/s, 13.3 leaves/msg, 1133s)
2026-08-05 13:03:01   [GPU] 3,700,046 evals (85336 batches, avg 43/batch = 8% of 512, 3212 evals/s, 242 msg/s, 13.3 leaves/msg, 1152s)
2026-08-05 13:03:18   [GPU] 3,750,038 evals (86550 batches, avg 43/batch = 8% of 512, 3209 evals/s, 242 msg/s, 13.3 leaves/msg, 1169s)
2026-08-05 13:03:34 [iter 44/60] eval vs best: 130/160 games (1185s, cand 81%)
2026-08-05 13:03:34   [GPU] 3,800,041 evals (87740 batches, avg 43/batch = 8% of 512, 3207 evals/s, 242 msg/s, 13.3 leaves/msg, 1185s)
2026-08-05 13:03:51   [GPU] 3,850,066 evals (88936 batches, avg 43/batch = 8% of 512, 3204 evals/s, 242 msg/s, 13.3 leaves/msg, 1201s)
2026-08-05 13:04:06 [iter 44/60] eval vs best: 135/160 games (1217s, cand 81%)
2026-08-05 13:04:07   [GPU] 3,900,030 evals (90091 batches, avg 43/batch = 8% of 512, 3203 evals/s, 242 msg/s, 13.2 leaves/msg, 1217s)
2026-08-05 13:04:23   [GPU] 3,950,023 evals (91274 batches, avg 43/batch = 8% of 512, 3202 evals/s, 242 msg/s, 13.2 leaves/msg, 1234s)
2026-08-05 13:04:37   [GPU] 4,000,026 evals (92313 batches, avg 43/batch = 8% of 512, 3206 evals/s, 242 msg/s, 13.2 leaves/msg, 1248s)
2026-08-05 13:04:52   [GPU] 4,050,047 evals (93429 batches, avg 43/batch = 8% of 512, 3206 evals/s, 242 msg/s, 13.2 leaves/msg, 1263s)
2026-08-05 13:05:10   [GPU] 4,100,004 evals (94678 batches, avg 43/batch = 8% of 512, 3202 evals/s, 242 msg/s, 13.2 leaves/msg, 1280s)
2026-08-05 13:05:14 [iter 44/60] eval vs best: 140/160 games (1285s, cand 81%)
2026-08-05 13:05:31   [GPU] 4,150,016 evals (96185 batches, avg 43/batch = 8% of 512, 3189 evals/s, 241 msg/s, 13.2 leaves/msg, 1301s)
2026-08-05 13:05:33 [iter 44/60] eval vs best: 145/160 games (1304s, cand 81%)
2026-08-05 13:05:51   [GPU] 4,200,001 evals (97682 batches, avg 43/batch = 8% of 512, 3177 evals/s, 240 msg/s, 13.2 leaves/msg, 1322s)
2026-08-05 13:06:11   [GPU] 4,250,012 evals (99141 batches, avg 43/batch = 8% of 512, 3167 evals/s, 239 msg/s, 13.2 leaves/msg, 1342s)
2026-08-05 13:06:31   [GPU] 4,300,036 evals (100553 batches, avg 43/batch = 8% of 512, 3158 evals/s, 239 msg/s, 13.2 leaves/msg, 1362s)
2026-08-05 13:06:35 [iter 44/60] eval vs best: 150/160 games (1366s, cand 83%)
2026-08-05 13:06:56   [GPU] 4,350,021 evals (102265 batches, avg 43/batch = 8% of 512, 3138 evals/s, 237 msg/s, 13.2 leaves/msg, 1386s)
2026-08-05 13:07:26   [GPU] 4,400,018 evals (104290 batches, avg 42/batch = 8% of 512, 3105 evals/s, 234 msg/s, 13.3 leaves/msg, 1417s)
2026-08-05 13:07:43 [iter 44/60] eval vs best: 155/160 games (1434s, cand 83%)
2026-08-05 13:07:58   [GPU] 4,450,008 evals (106349 batches, avg 42/batch = 8% of 512, 3071 evals/s, 232 msg/s, 13.3 leaves/msg, 1449s)
2026-08-05 13:08:31   [GPU] 4,500,009 evals (108345 batches, avg 42/batch = 8% of 512, 3036 evals/s, 229 msg/s, 13.3 leaves/msg, 1482s)
2026-08-05 13:09:57   [GPU] 4,550,014 evals (111768 batches, avg 41/batch = 8% of 512, 2901 evals/s, 219 msg/s, 13.3 leaves/msg, 1568s)
2026-08-05 13:09:59 [iter 44/60] eval vs best: 160/160 games (1570s, cand 83%)
2026-08-05 13:10:00 [iter 44/60] eval vs best done: 82.6% of 23 decided reject (only 23/160 games decided — too few to gate on) (1570s)
2026-08-05 13:10:00 [iter 44/60] eval vs random (40 games, 200 sims)...
2026-08-05 13:10:00 [EVAL-MP] 8 workers spawned (40 vs_random games, sims=200), GPU batcher starting...
2026-08-05 13:10:12 [iter 44/60] eval vs random: 5/40 games (12s, cand 100%)
2026-08-05 13:10:15   [GPU] 50,047 evals (1189 batches, avg 42/batch = 8% of 512, 3178 evals/s, 232 msg/s, 13.7 leaves/msg, 16s)
2026-08-05 13:10:21 [iter 44/60] eval vs random: 10/40 games (21s, cand 100%)
2026-08-05 13:10:28   [GPU] 100,023 evals (2309 batches, avg 43/batch = 8% of 512, 3574 evals/s, 262 msg/s, 13.6 leaves/msg, 28s)
2026-08-05 13:10:30 [iter 44/60] eval vs random: 15/40 games (30s, cand 100%)
2026-08-05 13:10:43   [GPU] 150,007 evals (3670 batches, avg 41/batch = 8% of 512, 3453 evals/s, 254 msg/s, 13.6 leaves/msg, 43s)
2026-08-05 13:10:46 [iter 44/60] eval vs random: 20/40 games (47s, cand 100%)
2026-08-05 13:10:55 [iter 44/60] eval vs random: 25/40 games (55s, cand 100%)
2026-08-05 13:11:01   [GPU] 200,015 evals (5180 batches, avg 39/batch = 8% of 512, 3264 evals/s, 240 msg/s, 13.6 leaves/msg, 61s)
2026-08-05 13:11:04 [iter 44/60] eval vs random: 30/40 games (64s, cand 100%)
2026-08-05 13:11:31   [GPU] 250,029 evals (7295 batches, avg 34/batch = 7% of 512, 2750 evals/s, 201 msg/s, 13.7 leaves/msg, 91s)
2026-08-05 13:11:41 [iter 44/60] eval vs random: 35/40 games (102s, cand 100%)
2026-08-05 13:12:12   [GPU] 300,006 evals (9808 batches, avg 31/batch = 6% of 512, 2276 evals/s, 166 msg/s, 13.7 leaves/msg, 132s)
2026-08-05 13:12:28 [iter 44/60] eval vs random: 40/40 games (148s, cand 96%)
2026-08-05 13:12:28 [iter 44/60] eval vs random done: 96.3% (148s)
2026-08-05 13:12:28 [iter 44/60] eval vs greedy (40 games, 200 sims)...
2026-08-05 13:12:28 [EVAL-MP] 8 workers spawned (40 vs_greedy games, sims=200), GPU batcher starting...
2026-08-05 13:12:38 [iter 44/60] eval vs greedy: 5/40 games (10s, cand 100%)
2026-08-05 13:12:40 [iter 44/60] eval vs greedy: 10/40 games (12s, cand 100%)
2026-08-05 13:12:43 [iter 44/60] eval vs greedy: 15/40 games (15s, cand 87%)
2026-08-05 13:12:44   [GPU] 50,015 evals (1244 batches, avg 40/batch = 8% of 512, 3098 evals/s, 241 msg/s, 12.8 leaves/msg, 16s)
2026-08-05 13:12:47 [iter 44/60] eval vs greedy: 20/40 games (19s, cand 85%)
2026-08-05 13:12:52 [iter 44/60] eval vs greedy: 25/40 games (24s, cand 88%)
2026-08-05 13:12:54 [iter 44/60] eval vs greedy: 30/40 games (26s, cand 87%)
2026-08-05 13:13:02   [GPU] 100,017 evals (2725 batches, avg 37/batch = 7% of 512, 2970 evals/s, 233 msg/s, 12.7 leaves/msg, 34s)
2026-08-05 13:13:05 [iter 44/60] eval vs greedy: 35/40 games (37s, cand 83%)
2026-08-05 13:13:23 [iter 44/60] eval vs greedy: 40/40 games (55s, cand 85%)
2026-08-05 13:13:23 [iter 44/60] eval vs greedy done: 85.0% of 40 decided [seat0:19/20 seat1:15/20] (55s)
2026-08-05 13:13:23 [iter 44/60] eval vs minimax (depth 2, 40 games)...
2026-08-05 13:13:23 [EVAL-MP] 8 workers spawned (40 vs_minimax games, sims=200), GPU batcher starting...
2026-08-05 13:13:40   [GPU] 50,031 evals (1264 batches, avg 40/batch = 8% of 512, 2985 evals/s, 225 msg/s, 13.2 leaves/msg, 17s)
2026-08-05 13:13:42 [iter 44/60] eval vs minimax: 5/40 games (20%)
2026-08-05 13:13:54 [iter 44/60] eval vs minimax: 10/40 games (10%)
2026-08-05 13:13:55   [GPU] 100,008 evals (2645 batches, avg 38/batch = 7% of 512, 3130 evals/s, 249 msg/s, 12.6 leaves/msg, 32s)
2026-08-05 13:14:08 [iter 44/60] eval vs minimax: 15/40 games (7%)
2026-08-05 13:14:09   [GPU] 150,032 evals (3952 batches, avg 38/batch = 7% of 512, 3254 evals/s, 261 msg/s, 12.5 leaves/msg, 46s)
2026-08-05 13:14:18 [iter 44/60] eval vs minimax: 20/40 games (6%)
2026-08-05 13:14:23   [GPU] 200,019 evals (5184 batches, avg 39/batch = 8% of 512, 3346 evals/s, 264 msg/s, 12.7 leaves/msg, 60s)
2026-08-05 13:14:31 [iter 44/60] eval vs minimax: 25/40 games (5%)
2026-08-05 13:14:37   [GPU] 250,005 evals (6423 batches, avg 39/batch = 8% of 512, 3400 evals/s, 268 msg/s, 12.7 leaves/msg, 74s)
2026-08-05 13:14:51 [iter 44/60] eval vs minimax: 30/40 games (4%)
2026-08-05 13:14:54   [GPU] 300,027 evals (7944 batches, avg 38/batch = 7% of 512, 3297 evals/s, 260 msg/s, 12.7 leaves/msg, 91s)
2026-08-05 13:15:08 [iter 44/60] eval vs minimax: 35/40 games (4%)
2026-08-05 13:15:31   [GPU] 350,002 evals (10460 batches, avg 33/batch = 7% of 512, 2739 evals/s, 217 msg/s, 12.6 leaves/msg, 128s)
2026-08-05 13:15:44 [iter 44/60] eval vs minimax: 40/40 games (4%)
2026-08-05 13:15:45 [iter 44/60] eval vs minimax done: 3.7% of 27 decided [seat0:0/20 seat1:1/20] (142s)
2026-08-05 13:15:45 >>> iter 44 | loss_p=0.937 loss_v=0.139 | vs_best=82.6% reject | vs_rand=96.3% | draw=12% | buf=68814 | rss=3.56GB | sp=445s train=29s eval_best=1570s eval_rand=148s | total=2394s
2026-08-05 13:15:45 [iter 45/60] self-play starting (40 games, 600 sims, MIXED 20/40 race-only)...
2026-08-05 13:15:45 [PARALLEL-MP] 8 workers spawned (40 games, sims=600), GPU batcher starting...
2026-08-05 13:15:58   [GPU] 50,023 evals (937 batches, avg 53/batch = 10% of 512, 3994 evals/s, 303 msg/s, 13.2 leaves/msg, 13s)
2026-08-05 13:16:02 [iter 45/60] self-play: 5/40 games...
2026-08-05 13:16:10   [GPU] 100,001 evals (2094 batches, avg 48/batch = 9% of 512, 3993 evals/s, 315 msg/s, 12.7 leaves/msg, 25s)
2026-08-05 13:16:20 [iter 45/60] self-play: 10/40 games...
2026-08-05 13:16:23   [GPU] 150,023 evals (3273 batches, avg 46/batch = 9% of 512, 3927 evals/s, 305 msg/s, 12.9 leaves/msg, 38s)
2026-08-05 13:16:39   [GPU] 200,010 evals (4627 batches, avg 43/batch = 8% of 512, 3703 evals/s, 279 msg/s, 13.3 leaves/msg, 54s)
2026-08-05 13:16:55   [GPU] 250,005 evals (6036 batches, avg 41/batch = 8% of 512, 3556 evals/s, 261 msg/s, 13.6 leaves/msg, 70s)
2026-08-05 13:17:11   [GPU] 300,034 evals (7382 batches, avg 41/batch = 8% of 512, 3491 evals/s, 253 msg/s, 13.8 leaves/msg, 86s)
2026-08-05 13:17:27   [GPU] 350,039 evals (8768 batches, avg 40/batch = 8% of 512, 3448 evals/s, 251 msg/s, 13.7 leaves/msg, 102s)
2026-08-05 13:17:30 [iter 45/60] self-play: 15/40 games...
2026-08-05 13:17:41   [GPU] 400,000 evals (10021 batches, avg 40/batch = 8% of 512, 3456 evals/s, 253 msg/s, 13.6 leaves/msg, 116s)
2026-08-05 13:17:55   [GPU] 450,014 evals (11260 batches, avg 40/batch = 8% of 512, 3471 evals/s, 255 msg/s, 13.6 leaves/msg, 130s)
2026-08-05 13:18:10   [GPU] 500,017 evals (12614 batches, avg 40/batch = 8% of 512, 3438 evals/s, 250 msg/s, 13.7 leaves/msg, 145s)
2026-08-05 13:18:26   [GPU] 550,020 evals (13981 batches, avg 39/batch = 8% of 512, 3407 evals/s, 246 msg/s, 13.8 leaves/msg, 161s)
2026-08-05 13:18:42   [GPU] 600,019 evals (15325 batches, avg 39/batch = 8% of 512, 3388 evals/s, 244 msg/s, 13.9 leaves/msg, 177s)
2026-08-05 13:18:57   [GPU] 650,051 evals (16667 batches, avg 39/batch = 8% of 512, 3378 evals/s, 243 msg/s, 13.9 leaves/msg, 192s)
2026-08-05 13:19:03 [iter 45/60] self-play: 20/40 games...
2026-08-05 13:19:11   [GPU] 700,060 evals (17889 batches, avg 39/batch = 8% of 512, 3400 evals/s, 245 msg/s, 13.9 leaves/msg, 206s)
2026-08-05 13:19:24   [GPU] 750,039 evals (19114 batches, avg 39/batch = 8% of 512, 3420 evals/s, 247 msg/s, 13.9 leaves/msg, 219s)
2026-08-05 13:19:36 [iter 45/60] self-play: 25/40 games...
2026-08-05 13:19:37   [GPU] 800,005 evals (20400 batches, avg 39/batch = 8% of 512, 3448 evals/s, 250 msg/s, 13.8 leaves/msg, 232s)
2026-08-05 13:19:51   [GPU] 850,018 evals (21735 batches, avg 39/batch = 8% of 512, 3454 evals/s, 250 msg/s, 13.8 leaves/msg, 246s)
2026-08-05 13:20:04   [GPU] 900,024 evals (22955 batches, avg 39/batch = 8% of 512, 3475 evals/s, 251 msg/s, 13.8 leaves/msg, 259s)
2026-08-05 13:20:16   [GPU] 950,026 evals (24109 batches, avg 39/batch = 8% of 512, 3505 evals/s, 254 msg/s, 13.8 leaves/msg, 271s)
2026-08-05 13:20:23 [iter 45/60] self-play: 30/40 games...
2026-08-05 13:20:28   [GPU] 1,000,012 evals (25242 batches, avg 40/batch = 8% of 512, 3535 evals/s, 257 msg/s, 13.7 leaves/msg, 283s)
2026-08-05 13:20:43 [iter 45/60] self-play: 35/40 games...
2026-08-05 13:20:44   [GPU] 1,050,012 evals (26722 batches, avg 39/batch = 8% of 512, 3514 evals/s, 256 msg/s, 13.7 leaves/msg, 299s)
2026-08-05 13:21:09   [GPU] 1,100,000 evals (28677 batches, avg 38/batch = 7% of 512, 3399 evals/s, 247 msg/s, 13.8 leaves/msg, 324s)
2026-08-05 13:21:32   [GPU] 1,150,029 evals (30578 batches, avg 38/batch = 7% of 512, 3316 evals/s, 240 msg/s, 13.8 leaves/msg, 347s)
2026-08-05 13:21:56   [GPU] 1,200,032 evals (32537 batches, avg 37/batch = 7% of 512, 3237 evals/s, 234 msg/s, 13.8 leaves/msg, 371s)
2026-08-05 13:22:48   [GPU] 1,250,002 evals (35466 batches, avg 35/batch = 7% of 512, 2957 evals/s, 214 msg/s, 13.8 leaves/msg, 423s)
2026-08-05 13:23:53   [GPU] 1,300,008 evals (38838 batches, avg 33/batch = 7% of 512, 2662 evals/s, 193 msg/s, 13.8 leaves/msg, 488s)
2026-08-05 13:24:43 [iter 45/60] self-play: 40/40 games...
2026-08-05 13:24:43 [iter 45/60] self-play done: 40 games (538s) | wins: P0=10, P1=20, draw=10 | draw_rate=25% avg_len~19
2026-08-05 13:24:43 [iter 45/60] WARNING: draw_rate 25% > 20% — games timing out at max_game_moves=160 (weak value signal).
2026-08-05 13:24:43 [iter 45/60] training (600 steps, lr=2.49e-04)...
2026-08-05 13:25:13 [iter 45/60] training done: loss_p=0.924 loss_v=0.135 (30s)
2026-08-05 13:25:17 [iter 45/60] data: policy_wall_mass=0.128 walled_states=53% walls_on_board=9.5 value_mae walled=0.188 free=0.193
2026-08-05 13:25:17 [iter 45/60] eval skipped (eval_every=4)
2026-08-05 13:25:17 >>> iter 45 | loss_p=0.924 loss_v=0.135 | vs_best=n/a (not evaluated) | vs_rand=n/a | draw=25% | buf=70306 | rss=3.58GB | sp=538s train=30s eval_best=0s eval_rand=0s | total=572s
2026-08-05 13:25:17 [iter 46/60] self-play starting (40 games, 600 sims, MIXED 20/40 race-only)...
2026-08-05 13:25:17 [PARALLEL-MP] 8 workers spawned (40 games, sims=600), GPU batcher starting...
2026-08-05 13:25:30   [GPU] 50,019 evals (1004 batches, avg 50/batch = 10% of 512, 4049 evals/s, 339 msg/s, 11.9 leaves/msg, 12s)
2026-08-05 13:25:35 [iter 46/60] self-play: 5/40 games...
2026-08-05 13:25:42   [GPU] 100,001 evals (2202 batches, avg 45/batch = 9% of 512, 3978 evals/s, 327 msg/s, 12.1 leaves/msg, 25s)
2026-08-05 13:25:55 [iter 46/60] self-play: 10/40 games...
2026-08-05 13:25:56   [GPU] 150,036 evals (3461 batches, avg 43/batch = 8% of 512, 3889 evals/s, 314 msg/s, 12.4 leaves/msg, 39s)
2026-08-05 13:26:11   [GPU] 200,011 evals (4874 batches, avg 41/batch = 8% of 512, 3696 evals/s, 294 msg/s, 12.6 leaves/msg, 54s)
2026-08-05 13:26:28   [GPU] 250,009 evals (6386 batches, avg 39/batch = 8% of 512, 3534 evals/s, 275 msg/s, 12.8 leaves/msg, 71s)
2026-08-05 13:26:44   [GPU] 300,010 evals (7839 batches, avg 38/batch = 7% of 512, 3452 evals/s, 266 msg/s, 13.0 leaves/msg, 87s)
2026-08-05 13:26:59   [GPU] 350,002 evals (9209 batches, avg 38/batch = 7% of 512, 3442 evals/s, 263 msg/s, 13.1 leaves/msg, 102s)
2026-08-05 13:27:14   [GPU] 400,026 evals (10575 batches, avg 38/batch = 7% of 512, 3435 evals/s, 261 msg/s, 13.1 leaves/msg, 116s)
2026-08-05 13:27:28   [GPU] 450,017 evals (11951 batches, avg 38/batch = 7% of 512, 3431 evals/s, 260 msg/s, 13.2 leaves/msg, 131s)
2026-08-05 13:27:43   [GPU] 500,039 evals (13315 batches, avg 38/batch = 7% of 512, 3426 evals/s, 259 msg/s, 13.2 leaves/msg, 146s)
2026-08-05 13:27:58   [GPU] 550,014 evals (14680 batches, avg 37/batch = 7% of 512, 3423 evals/s, 258 msg/s, 13.3 leaves/msg, 161s)
2026-08-05 13:28:13   [GPU] 600,037 evals (16038 batches, avg 37/batch = 7% of 512, 3420 evals/s, 257 msg/s, 13.3 leaves/msg, 175s)
2026-08-05 13:28:27   [GPU] 650,013 evals (17396 batches, avg 37/batch = 7% of 512, 3419 evals/s, 256 msg/s, 13.4 leaves/msg, 190s)
2026-08-05 13:28:42   [GPU] 700,046 evals (18784 batches, avg 37/batch = 7% of 512, 3416 evals/s, 256 msg/s, 13.4 leaves/msg, 205s)
2026-08-05 13:28:52 [iter 46/60] self-play: 15/40 games...
2026-08-05 13:28:56   [GPU] 750,055 evals (20068 batches, avg 37/batch = 7% of 512, 3431 evals/s, 257 msg/s, 13.3 leaves/msg, 219s)
2026-08-05 13:29:07 [iter 46/60] self-play: 20/40 games...
2026-08-05 13:29:08   [GPU] 800,005 evals (21229 batches, avg 38/batch = 7% of 512, 3464 evals/s, 261 msg/s, 13.3 leaves/msg, 231s)
2026-08-05 13:29:22   [GPU] 850,035 evals (22528 batches, avg 38/batch = 7% of 512, 3471 evals/s, 262 msg/s, 13.2 leaves/msg, 245s)
2026-08-05 13:29:30 [iter 46/60] self-play: 25/40 games...
2026-08-05 13:29:36   [GPU] 900,038 evals (23832 batches, avg 38/batch = 7% of 512, 3477 evals/s, 263 msg/s, 13.2 leaves/msg, 259s)
2026-08-05 13:29:50   [GPU] 950,040 evals (25163 batches, avg 38/batch = 7% of 512, 3477 evals/s, 262 msg/s, 13.3 leaves/msg, 273s)
2026-08-05 13:29:57 [iter 46/60] self-play: 30/40 games...
2026-08-05 13:30:04   [GPU] 1,000,031 evals (26447 batches, avg 38/batch = 7% of 512, 3488 evals/s, 264 msg/s, 13.2 leaves/msg, 287s)
2026-08-05 13:30:18   [GPU] 1,050,010 evals (27776 batches, avg 38/batch = 7% of 512, 3487 evals/s, 263 msg/s, 13.3 leaves/msg, 301s)
2026-08-05 13:30:33 [iter 46/60] self-play: 35/40 games...
2026-08-05 13:30:34   [GPU] 1,100,015 evals (29265 batches, avg 38/batch = 7% of 512, 3467 evals/s, 262 msg/s, 13.2 leaves/msg, 317s)
2026-08-05 13:30:54   [GPU] 1,150,022 evals (30961 batches, avg 37/batch = 7% of 512, 3411 evals/s, 257 msg/s, 13.3 leaves/msg, 337s)
2026-08-05 13:31:13   [GPU] 1,200,003 evals (32597 batches, avg 37/batch = 7% of 512, 3372 evals/s, 253 msg/s, 13.3 leaves/msg, 356s)
2026-08-05 13:31:32   [GPU] 1,250,021 evals (34293 batches, avg 36/batch = 7% of 512, 3334 evals/s, 250 msg/s, 13.3 leaves/msg, 375s)
2026-08-05 13:32:10   [GPU] 1,300,013 evals (36910 batches, avg 35/batch = 7% of 512, 3152 evals/s, 236 msg/s, 13.3 leaves/msg, 412s)
2026-08-05 13:32:39 [iter 46/60] self-play: 40/40 games...
2026-08-05 13:32:39 [iter 46/60] self-play done: 40 games (442s) | wins: P0=6, P1=25, draw=9 | draw_rate=22% avg_len~24
2026-08-05 13:32:39 [iter 46/60] WARNING: draw_rate 22% > 20% — games timing out at max_game_moves=160 (weak value signal).
2026-08-05 13:32:39 [iter 46/60] training (600 steps, lr=2.32e-04)...
2026-08-05 13:33:11 [iter 46/60] training done: loss_p=0.917 loss_v=0.135 (32s)
2026-08-05 13:33:15 [iter 46/60] data: policy_wall_mass=0.118 walled_states=60% walls_on_board=13.6 value_mae walled=0.161 free=0.102
2026-08-05 13:33:16 [iter 46/60] eval skipped (eval_every=4)
2026-08-05 13:33:16 >>> iter 46 | loss_p=0.917 loss_v=0.135 | vs_best=n/a (not evaluated) | vs_rand=n/a | draw=22% | buf=72188 | rss=3.60GB | sp=442s train=32s eval_best=0s eval_rand=0s | total=478s
2026-08-05 13:33:16 [iter 47/60] self-play starting (40 games, 600 sims, MIXED 20/40 race-only)...
2026-08-05 13:33:16 [PARALLEL-MP] 8 workers spawned (40 games, sims=600), GPU batcher starting...
2026-08-05 13:33:28   [GPU] 50,031 evals (948 batches, avg 53/batch = 10% of 512, 4147 evals/s, 335 msg/s, 12.4 leaves/msg, 12s)
2026-08-05 13:33:33 [iter 47/60] self-play: 5/40 games...
2026-08-05 13:33:40   [GPU] 100,046 evals (2127 batches, avg 47/batch = 9% of 512, 4052 evals/s, 341 msg/s, 11.9 leaves/msg, 25s)
2026-08-05 13:33:43 [iter 47/60] self-play: 10/40 games...
2026-08-05 13:33:55   [GPU] 150,014 evals (3462 batches, avg 43/batch = 8% of 512, 3821 evals/s, 308 msg/s, 12.4 leaves/msg, 39s)
2026-08-05 13:34:10   [GPU] 200,032 evals (4800 batches, avg 42/batch = 8% of 512, 3655 evals/s, 281 msg/s, 13.0 leaves/msg, 55s)
2026-08-05 13:34:25   [GPU] 250,012 evals (6080 batches, avg 41/batch = 8% of 512, 3608 evals/s, 271 msg/s, 13.3 leaves/msg, 69s)
2026-08-05 13:34:39   [GPU] 300,016 evals (7332 batches, avg 41/batch = 8% of 512, 3590 evals/s, 265 msg/s, 13.6 leaves/msg, 84s)
2026-08-05 13:34:52   [GPU] 350,031 evals (8471 batches, avg 41/batch = 8% of 512, 3649 evals/s, 267 msg/s, 13.7 leaves/msg, 96s)
2026-08-05 13:34:56 [iter 47/60] self-play: 15/40 games...
2026-08-05 13:35:05   [GPU] 400,033 evals (9727 batches, avg 41/batch = 8% of 512, 3648 evals/s, 267 msg/s, 13.6 leaves/msg, 110s)
2026-08-05 13:35:17   [GPU] 450,023 evals (10847 batches, avg 41/batch = 8% of 512, 3696 evals/s, 271 msg/s, 13.6 leaves/msg, 122s)
2026-08-05 13:35:31   [GPU] 500,024 evals (12082 batches, avg 41/batch = 8% of 512, 3697 evals/s, 273 msg/s, 13.5 leaves/msg, 135s)
2026-08-05 13:35:45   [GPU] 550,038 evals (13368 batches, avg 41/batch = 8% of 512, 3677 evals/s, 270 msg/s, 13.6 leaves/msg, 150s)
2026-08-05 13:35:59   [GPU] 600,018 evals (14652 batches, avg 41/batch = 8% of 512, 3664 evals/s, 268 msg/s, 13.7 leaves/msg, 164s)
2026-08-05 13:36:12   [GPU] 650,012 evals (15851 batches, avg 41/batch = 8% of 512, 3679 evals/s, 269 msg/s, 13.7 leaves/msg, 177s)
2026-08-05 13:36:18 [iter 47/60] self-play: 20/40 games...
2026-08-05 13:36:24   [GPU] 700,006 evals (16957 batches, avg 41/batch = 8% of 512, 3710 evals/s, 271 msg/s, 13.7 leaves/msg, 189s)
2026-08-05 13:36:38   [GPU] 750,029 evals (18171 batches, avg 41/batch = 8% of 512, 3712 evals/s, 272 msg/s, 13.6 leaves/msg, 202s)
2026-08-05 13:36:50 [iter 47/60] self-play: 25/40 games...
2026-08-05 13:36:51   [GPU] 800,022 evals (19456 batches, avg 41/batch = 8% of 512, 3709 evals/s, 274 msg/s, 13.5 leaves/msg, 216s)
2026-08-05 13:37:05   [GPU] 850,025 evals (20740 batches, avg 41/batch = 8% of 512, 3699 evals/s, 275 msg/s, 13.4 leaves/msg, 230s)
2026-08-05 13:37:21   [GPU] 900,068 evals (22169 batches, avg 41/batch = 8% of 512, 3665 evals/s, 274 msg/s, 13.4 leaves/msg, 246s)
2026-08-05 13:37:36   [GPU] 950,010 evals (23519 batches, avg 40/batch = 8% of 512, 3651 evals/s, 275 msg/s, 13.3 leaves/msg, 260s)
2026-08-05 13:37:36 [iter 47/60] self-play: 30/40 games...
2026-08-05 13:37:52   [GPU] 1,000,023 evals (24990 batches, avg 40/batch = 8% of 512, 3618 evals/s, 273 msg/s, 13.2 leaves/msg, 276s)
2026-08-05 13:38:10   [GPU] 1,050,007 evals (26558 batches, avg 40/batch = 8% of 512, 3569 evals/s, 270 msg/s, 13.2 leaves/msg, 294s)
2026-08-05 13:38:34   [GPU] 1,100,032 evals (28509 batches, avg 39/batch = 8% of 512, 3451 evals/s, 262 msg/s, 13.2 leaves/msg, 319s)
2026-08-05 13:38:53 [iter 47/60] self-play: 35/40 games...
2026-08-05 13:38:58   [GPU] 1,150,019 evals (30399 batches, avg 38/batch = 7% of 512, 3358 evals/s, 255 msg/s, 13.2 leaves/msg, 342s)
2026-08-05 13:39:21   [GPU] 1,200,028 evals (32294 batches, avg 37/batch = 7% of 512, 3285 evals/s, 249 msg/s, 13.2 leaves/msg, 365s)
2026-08-05 13:39:54   [GPU] 1,250,003 evals (34698 batches, avg 36/batch = 7% of 512, 3135 evals/s, 239 msg/s, 13.1 leaves/msg, 399s)
2026-08-05 13:41:20 [iter 47/60] self-play: 40/40 games...
2026-08-05 13:41:20 [iter 47/60] self-play done: 40 games (485s) | wins: P0=5, P1=25, draw=10 | draw_rate=25% avg_len~17
2026-08-05 13:41:20 [iter 47/60] WARNING: draw_rate 25% > 20% — games timing out at max_game_moves=160 (weak value signal).
2026-08-05 13:41:20 [iter 47/60] training (600 steps, lr=2.16e-04)...
2026-08-05 13:41:54 [iter 47/60] training done: loss_p=0.917 loss_v=0.132 (34s)
2026-08-05 13:41:58 [iter 47/60] data: policy_wall_mass=0.123 walled_states=48% walls_on_board=9.5 value_mae walled=0.182 free=0.130
2026-08-05 13:41:58 [iter 47/60] eval skipped (eval_every=4)
2026-08-05 13:41:58 >>> iter 47 | loss_p=0.917 loss_v=0.132 | vs_best=n/a (not evaluated) | vs_rand=n/a | draw=25% | buf=73584 | rss=3.62GB | sp=485s train=34s eval_best=0s eval_rand=0s | total=523s
2026-08-05 13:41:58 [iter 48/60] self-play starting (40 games, 600 sims, MIXED 20/40 race-only)...
2026-08-05 13:41:58 [PARALLEL-MP] 8 workers spawned (40 games, sims=600), GPU batcher starting...
2026-08-05 13:42:10   [GPU] 50,049 evals (865 batches, avg 58/batch = 11% of 512, 4101 evals/s, 306 msg/s, 13.4 leaves/msg, 12s)
2026-08-05 13:42:18 [iter 48/60] self-play: 5/40 games...
2026-08-05 13:42:22   [GPU] 100,068 evals (1937 batches, avg 52/batch = 10% of 512, 4153 evals/s, 320 msg/s, 13.0 leaves/msg, 24s)
2026-08-05 13:42:34   [GPU] 150,022 evals (3008 batches, avg 50/batch = 10% of 512, 4165 evals/s, 315 msg/s, 13.2 leaves/msg, 36s)
2026-08-05 13:42:39 [iter 48/60] self-play: 10/40 games...
2026-08-05 13:42:49   [GPU] 200,001 evals (4283 batches, avg 47/batch = 9% of 512, 3977 evals/s, 304 msg/s, 13.1 leaves/msg, 50s)
2026-08-05 13:43:04   [GPU] 250,009 evals (5634 batches, avg 44/batch = 9% of 512, 3828 evals/s, 286 msg/s, 13.4 leaves/msg, 65s)
2026-08-05 13:43:18   [GPU] 300,005 evals (6912 batches, avg 43/batch = 8% of 512, 3761 evals/s, 276 msg/s, 13.6 leaves/msg, 80s)
2026-08-05 13:43:32   [GPU] 350,027 evals (8153 batches, avg 43/batch = 8% of 512, 3746 evals/s, 272 msg/s, 13.8 leaves/msg, 93s)
2026-08-05 13:43:45   [GPU] 400,038 evals (9338 batches, avg 43/batch = 8% of 512, 3760 evals/s, 272 msg/s, 13.8 leaves/msg, 106s)
2026-08-05 13:43:54 [iter 48/60] self-play: 15/40 games...
2026-08-05 13:43:57   [GPU] 450,000 evals (10438 batches, avg 43/batch = 8% of 512, 3806 evals/s, 275 msg/s, 13.8 leaves/msg, 118s)
2026-08-05 13:44:09   [GPU] 500,013 evals (11571 batches, avg 43/batch = 8% of 512, 3831 evals/s, 276 msg/s, 13.9 leaves/msg, 131s)
2026-08-05 13:44:21   [GPU] 550,036 evals (12724 batches, avg 43/batch = 8% of 512, 3845 evals/s, 279 msg/s, 13.8 leaves/msg, 143s)
2026-08-05 13:44:36   [GPU] 600,041 evals (14061 batches, avg 43/batch = 8% of 512, 3800 evals/s, 278 msg/s, 13.7 leaves/msg, 158s)
2026-08-05 13:44:51   [GPU] 650,062 evals (15375 batches, avg 42/batch = 8% of 512, 3766 evals/s, 275 msg/s, 13.7 leaves/msg, 173s)
2026-08-05 13:44:58 [iter 48/60] self-play: 20/40 games...
2026-08-05 13:45:05   [GPU] 700,008 evals (16589 batches, avg 42/batch = 8% of 512, 3759 evals/s, 275 msg/s, 13.7 leaves/msg, 186s)
2026-08-05 13:45:20   [GPU] 750,025 evals (17921 batches, avg 42/batch = 8% of 512, 3724 evals/s, 272 msg/s, 13.7 leaves/msg, 201s)
2026-08-05 13:45:33   [GPU] 800,025 evals (19134 batches, avg 42/batch = 8% of 512, 3729 evals/s, 272 msg/s, 13.7 leaves/msg, 215s)
2026-08-05 13:45:46   [GPU] 850,068 evals (20293 batches, avg 42/batch = 8% of 512, 3741 evals/s, 273 msg/s, 13.7 leaves/msg, 227s)
2026-08-05 13:45:51 [iter 48/60] self-play: 25/40 games...
2026-08-05 13:45:57   [GPU] 900,021 evals (21408 batches, avg 42/batch = 8% of 512, 3765 evals/s, 274 msg/s, 13.7 leaves/msg, 239s)
2026-08-05 13:46:08   [GPU] 950,014 evals (22442 batches, avg 42/batch = 8% of 512, 3799 evals/s, 276 msg/s, 13.8 leaves/msg, 250s)
2026-08-05 13:46:20   [GPU] 1,000,052 evals (23555 batches, avg 42/batch = 8% of 512, 3819 evals/s, 278 msg/s, 13.7 leaves/msg, 262s)
2026-08-05 13:46:32 [iter 48/60] self-play: 30/40 games...
2026-08-05 13:46:33   [GPU] 1,050,027 evals (24776 batches, avg 42/batch = 8% of 512, 3817 evals/s, 278 msg/s, 13.7 leaves/msg, 275s)
2026-08-05 13:46:50   [GPU] 1,100,006 evals (26235 batches, avg 42/batch = 8% of 512, 3770 evals/s, 274 msg/s, 13.7 leaves/msg, 292s)
2026-08-05 13:47:10   [GPU] 1,150,001 evals (27896 batches, avg 41/batch = 8% of 512, 3685 evals/s, 268 msg/s, 13.8 leaves/msg, 312s)
2026-08-05 13:47:24 [iter 48/60] self-play: 35/40 games...
2026-08-05 13:47:32   [GPU] 1,200,023 evals (29635 batches, avg 40/batch = 8% of 512, 3593 evals/s, 261 msg/s, 13.8 leaves/msg, 334s)
2026-08-05 13:48:02   [GPU] 1,250,009 evals (31817 batches, avg 39/batch = 8% of 512, 3438 evals/s, 250 msg/s, 13.8 leaves/msg, 364s)
2026-08-05 13:48:50   [GPU] 1,300,003 evals (34381 batches, avg 38/batch = 7% of 512, 3157 evals/s, 229 msg/s, 13.8 leaves/msg, 412s)
2026-08-05 13:49:38   [GPU] 1,350,002 evals (36902 batches, avg 37/batch = 7% of 512, 2934 evals/s, 212 msg/s, 13.8 leaves/msg, 460s)
2026-08-05 13:51:04   [GPU] 1,400,004 evals (39853 batches, avg 35/batch = 7% of 512, 2566 evals/s, 185 msg/s, 13.9 leaves/msg, 546s)
2026-08-05 13:51:16 [iter 48/60] self-play: 40/40 games...
2026-08-05 13:51:16 [iter 48/60] self-play done: 40 games (558s) | wins: P0=5, P1=24, draw=11 | draw_rate=28% avg_len~18
2026-08-05 13:51:16 [iter 48/60] WARNING: draw_rate 28% > 20% — games timing out at max_game_moves=160 (weak value signal).
2026-08-05 13:51:16 [iter 48/60] training (600 steps, lr=2.00e-04)...
2026-08-05 13:51:51 [iter 48/60] training done: loss_p=0.912 loss_v=0.132 (35s)
2026-08-05 13:51:55 [iter 48/60] data: policy_wall_mass=0.121 walled_states=52% walls_on_board=11.8 value_mae walled=0.219 free=0.073
2026-08-05 13:51:56 [iter 48/60] eval vs best (160 games, 200 sims)...
2026-08-05 13:51:56 [EVAL-MP] 8 workers spawned (160 vs_best games, sims=200), GPU batcher starting...
2026-08-05 13:52:15   [GPU] 50,054 evals (1184 batches, avg 42/batch = 8% of 512, 2671 evals/s, 188 msg/s, 14.2 leaves/msg, 19s)
2026-08-05 13:52:29   [GPU] 100,002 evals (2250 batches, avg 44/batch = 9% of 512, 3008 evals/s, 216 msg/s, 13.9 leaves/msg, 33s)
2026-08-05 13:52:44   [GPU] 150,027 evals (3315 batches, avg 45/batch = 9% of 512, 3133 evals/s, 227 msg/s, 13.8 leaves/msg, 48s)
2026-08-05 13:52:58   [GPU] 200,021 evals (4361 batches, avg 46/batch = 9% of 512, 3216 evals/s, 234 msg/s, 13.7 leaves/msg, 62s)
2026-08-05 13:53:13   [GPU] 250,006 evals (5453 batches, avg 46/batch = 9% of 512, 3243 evals/s, 237 msg/s, 13.7 leaves/msg, 77s)
2026-08-05 13:53:13 [iter 48/60] eval vs best: 5/160 games (77s, cand 100%)
2026-08-05 13:53:30   [GPU] 300,062 evals (6643 batches, avg 45/batch = 9% of 512, 3196 evals/s, 232 msg/s, 13.8 leaves/msg, 94s)
2026-08-05 13:53:39 [iter 48/60] eval vs best: 10/160 games (103s, cand 100%)
2026-08-05 13:53:45   [GPU] 350,023 evals (7747 batches, avg 45/batch = 9% of 512, 3207 evals/s, 233 msg/s, 13.8 leaves/msg, 109s)
2026-08-05 13:54:00   [GPU] 400,019 evals (8833 batches, avg 45/batch = 9% of 512, 3227 evals/s, 235 msg/s, 13.7 leaves/msg, 124s)
2026-08-05 13:54:14   [GPU] 450,004 evals (9897 batches, avg 45/batch = 9% of 512, 3251 evals/s, 237 msg/s, 13.7 leaves/msg, 138s)
2026-08-05 13:54:29   [GPU] 500,007 evals (10978 batches, avg 46/batch = 9% of 512, 3265 evals/s, 239 msg/s, 13.7 leaves/msg, 153s)
2026-08-05 13:54:32 [iter 48/60] eval vs best: 15/160 games (157s, cand 100%)
2026-08-05 13:54:44   [GPU] 550,007 evals (12106 batches, avg 45/batch = 9% of 512, 3263 evals/s, 239 msg/s, 13.6 leaves/msg, 169s)
2026-08-05 13:54:50 [iter 48/60] eval vs best: 20/160 games (174s, cand 100%)
2026-08-05 13:55:00   [GPU] 600,022 evals (13312 batches, avg 45/batch = 9% of 512, 3266 evals/s, 240 msg/s, 13.6 leaves/msg, 184s)
2026-08-05 13:55:14   [GPU] 650,035 evals (14430 batches, avg 45/batch = 9% of 512, 3285 evals/s, 241 msg/s, 13.6 leaves/msg, 198s)
2026-08-05 13:55:28   [GPU] 700,010 evals (15503 batches, avg 45/batch = 9% of 512, 3296 evals/s, 242 msg/s, 13.6 leaves/msg, 212s)
2026-08-05 13:55:37 [iter 48/60] eval vs best: 25/160 games (221s, cand 100%)
2026-08-05 13:55:43   [GPU] 750,046 evals (16595 batches, avg 45/batch = 9% of 512, 3301 evals/s, 242 msg/s, 13.6 leaves/msg, 227s)
2026-08-05 13:55:57   [GPU] 800,066 evals (17670 batches, avg 45/batch = 9% of 512, 3314 evals/s, 243 msg/s, 13.6 leaves/msg, 241s)
2026-08-05 13:56:08 [iter 48/60] eval vs best: 30/160 games (252s, cand 100%)
2026-08-05 13:56:12   [GPU] 850,001 evals (18810 batches, avg 45/batch = 9% of 512, 3315 evals/s, 243 msg/s, 13.6 leaves/msg, 256s)
2026-08-05 13:56:26   [GPU] 900,026 evals (19841 batches, avg 45/batch = 9% of 512, 3331 evals/s, 244 msg/s, 13.6 leaves/msg, 270s)
2026-08-05 13:56:40   [GPU] 950,040 evals (20894 batches, avg 45/batch = 9% of 512, 3344 evals/s, 245 msg/s, 13.6 leaves/msg, 284s)
2026-08-05 13:56:55   [GPU] 1,000,072 evals (21996 batches, avg 45/batch = 9% of 512, 3347 evals/s, 245 msg/s, 13.7 leaves/msg, 299s)
2026-08-05 13:57:07 [iter 48/60] eval vs best: 35/160 games (311s, cand 100%)
2026-08-05 13:57:09   [GPU] 1,050,006 evals (23069 batches, avg 46/batch = 9% of 512, 3353 evals/s, 246 msg/s, 13.7 leaves/msg, 313s)
2026-08-05 13:57:24   [GPU] 1,100,038 evals (24204 batches, avg 45/batch = 9% of 512, 3353 evals/s, 245 msg/s, 13.7 leaves/msg, 328s)
2026-08-05 13:57:31 [iter 48/60] eval vs best: 40/160 games (335s, cand 100%)
2026-08-05 13:57:40   [GPU] 1,150,047 evals (25362 batches, avg 45/batch = 9% of 512, 3346 evals/s, 245 msg/s, 13.7 leaves/msg, 344s)
2026-08-05 13:57:55   [GPU] 1,200,041 evals (26526 batches, avg 45/batch = 9% of 512, 3341 evals/s, 245 msg/s, 13.6 leaves/msg, 359s)
2026-08-05 13:58:10   [GPU] 1,250,006 evals (27672 batches, avg 45/batch = 9% of 512, 3338 evals/s, 245 msg/s, 13.6 leaves/msg, 374s)
2026-08-05 13:58:21 [iter 48/60] eval vs best: 45/160 games (385s, cand 100%)
2026-08-05 13:58:25   [GPU] 1,300,006 evals (28791 batches, avg 45/batch = 9% of 512, 3338 evals/s, 246 msg/s, 13.6 leaves/msg, 389s)
2026-08-05 13:58:40   [GPU] 1,350,033 evals (29909 batches, avg 45/batch = 9% of 512, 3338 evals/s, 246 msg/s, 13.6 leaves/msg, 404s)
2026-08-05 13:58:55   [GPU] 1,400,025 evals (31042 batches, avg 45/batch = 9% of 512, 3339 evals/s, 247 msg/s, 13.5 leaves/msg, 419s)
2026-08-05 13:59:10   [GPU] 1,450,042 evals (32136 batches, avg 45/batch = 9% of 512, 3341 evals/s, 247 msg/s, 13.5 leaves/msg, 434s)
2026-08-05 13:59:10 [iter 48/60] eval vs best: 50/160 games (434s, cand 100%)
2026-08-05 13:59:24   [GPU] 1,500,013 evals (33171 batches, avg 45/batch = 9% of 512, 3348 evals/s, 248 msg/s, 13.5 leaves/msg, 448s)
2026-08-05 13:59:38   [GPU] 1,550,041 evals (34219 batches, avg 45/batch = 9% of 512, 3355 evals/s, 249 msg/s, 13.5 leaves/msg, 462s)
2026-08-05 13:59:49 [iter 48/60] eval vs best: 55/160 games (473s, cand 100%)
2026-08-05 13:59:52   [GPU] 1,600,020 evals (35256 batches, avg 45/batch = 9% of 512, 3362 evals/s, 249 msg/s, 13.5 leaves/msg, 476s)
2026-08-05 14:00:07   [GPU] 1,650,024 evals (36367 batches, avg 45/batch = 9% of 512, 3360 evals/s, 249 msg/s, 13.5 leaves/msg, 491s)
2026-08-05 14:00:22   [GPU] 1,700,010 evals (37493 batches, avg 45/batch = 9% of 512, 3357 evals/s, 249 msg/s, 13.5 leaves/msg, 506s)
2026-08-05 14:00:26 [iter 48/60] eval vs best: 60/160 games (510s, cand 100%)
2026-08-05 14:00:37   [GPU] 1,750,011 evals (38616 batches, avg 45/batch = 9% of 512, 3355 evals/s, 248 msg/s, 13.5 leaves/msg, 522s)
2026-08-05 14:00:52   [GPU] 1,800,004 evals (39699 batches, avg 45/batch = 9% of 512, 3357 evals/s, 249 msg/s, 13.5 leaves/msg, 536s)
2026-08-05 14:01:07   [GPU] 1,850,000 evals (40782 batches, avg 45/batch = 9% of 512, 3360 evals/s, 249 msg/s, 13.5 leaves/msg, 551s)
2026-08-05 14:01:22 [iter 48/60] eval vs best: 65/160 games (566s, cand 100%)
2026-08-05 14:01:22   [GPU] 1,900,026 evals (41911 batches, avg 45/batch = 9% of 512, 3359 evals/s, 249 msg/s, 13.5 leaves/msg, 566s)
2026-08-05 14:01:37   [GPU] 1,950,058 evals (43069 batches, avg 45/batch = 9% of 512, 3357 evals/s, 249 msg/s, 13.5 leaves/msg, 581s)
2026-08-05 14:01:48 [iter 48/60] eval vs best: 70/160 games (592s, cand 100%)
2026-08-05 14:01:51   [GPU] 2,000,000 evals (44156 batches, avg 45/batch = 9% of 512, 3359 evals/s, 249 msg/s, 13.5 leaves/msg, 595s)
2026-08-05 14:02:06   [GPU] 2,050,019 evals (45252 batches, avg 45/batch = 9% of 512, 3360 evals/s, 249 msg/s, 13.5 leaves/msg, 610s)
2026-08-05 14:02:20   [GPU] 2,100,000 evals (46322 batches, avg 45/batch = 9% of 512, 3363 evals/s, 249 msg/s, 13.5 leaves/msg, 624s)
2026-08-05 14:02:35   [GPU] 2,150,010 evals (47450 batches, avg 45/batch = 9% of 512, 3362 evals/s, 248 msg/s, 13.5 leaves/msg, 640s)
2026-08-05 14:02:41 [iter 48/60] eval vs best: 75/160 games (645s, cand 100%)
2026-08-05 14:02:51   [GPU] 2,200,003 evals (48613 batches, avg 45/batch = 9% of 512, 3358 evals/s, 248 msg/s, 13.6 leaves/msg, 655s)
2026-08-05 14:03:07   [GPU] 2,250,041 evals (49777 batches, avg 45/batch = 9% of 512, 3355 evals/s, 248 msg/s, 13.6 leaves/msg, 671s)
2026-08-05 14:03:08 [iter 48/60] eval vs best: 80/160 games (672s, cand 100%)
2026-08-05 14:03:23   [GPU] 2,300,019 evals (50965 batches, avg 45/batch = 9% of 512, 3349 evals/s, 248 msg/s, 13.5 leaves/msg, 687s)
2026-08-05 14:03:39   [GPU] 2,350,008 evals (52161 batches, avg 45/batch = 9% of 512, 3344 evals/s, 248 msg/s, 13.5 leaves/msg, 703s)
2026-08-05 14:03:55   [GPU] 2,400,010 evals (53387 batches, avg 45/batch = 9% of 512, 3337 evals/s, 248 msg/s, 13.5 leaves/msg, 719s)
2026-08-05 14:04:12   [GPU] 2,450,011 evals (54617 batches, avg 45/batch = 9% of 512, 3330 evals/s, 248 msg/s, 13.5 leaves/msg, 736s)
2026-08-05 14:04:13 [iter 48/60] eval vs best: 85/160 games (737s, cand 100%)
2026-08-05 14:04:29   [GPU] 2,500,016 evals (55909 batches, avg 45/batch = 9% of 512, 3319 evals/s, 247 msg/s, 13.4 leaves/msg, 753s)
2026-08-05 14:04:47   [GPU] 2,550,033 evals (57224 batches, avg 45/batch = 9% of 512, 3307 evals/s, 247 msg/s, 13.4 leaves/msg, 771s)
2026-08-05 14:05:05   [GPU] 2,600,005 evals (58577 batches, avg 44/batch = 9% of 512, 3294 evals/s, 246 msg/s, 13.4 leaves/msg, 789s)
2026-08-05 14:05:23   [GPU] 2,650,034 evals (59921 batches, avg 44/batch = 9% of 512, 3282 evals/s, 246 msg/s, 13.3 leaves/msg, 808s)
2026-08-05 14:05:25 [iter 48/60] eval vs best: 90/160 games (809s, cand 100%)
2026-08-05 14:05:41   [GPU] 2,700,012 evals (61204 batches, avg 44/batch = 9% of 512, 3272 evals/s, 245 msg/s, 13.3 leaves/msg, 825s)
2026-08-05 14:05:43 [iter 48/60] eval vs best: 95/160 games (827s, cand 100%)
2026-08-05 14:05:59   [GPU] 2,750,005 evals (62492 batches, avg 44/batch = 9% of 512, 3263 evals/s, 245 msg/s, 13.3 leaves/msg, 843s)
2026-08-05 14:06:15   [GPU] 2,800,020 evals (63703 batches, avg 44/batch = 9% of 512, 3260 evals/s, 245 msg/s, 13.3 leaves/msg, 859s)
2026-08-05 14:06:30 [iter 48/60] eval vs best: 100/160 games (874s, cand 94%)
2026-08-05 14:06:30   [GPU] 2,850,015 evals (64884 batches, avg 44/batch = 9% of 512, 3259 evals/s, 245 msg/s, 13.3 leaves/msg, 875s)
2026-08-05 14:06:46   [GPU] 2,900,036 evals (66047 batches, avg 44/batch = 9% of 512, 3257 evals/s, 245 msg/s, 13.3 leaves/msg, 890s)
2026-08-05 14:07:03   [GPU] 2,950,017 evals (67315 batches, avg 44/batch = 9% of 512, 3251 evals/s, 245 msg/s, 13.3 leaves/msg, 907s)
2026-08-05 14:07:16 [iter 48/60] eval vs best: 105/160 games (920s, cand 94%)
2026-08-05 14:07:23   [GPU] 3,000,060 evals (68761 batches, avg 44/batch = 9% of 512, 3236 evals/s, 245 msg/s, 13.2 leaves/msg, 927s)
2026-08-05 14:07:42   [GPU] 3,050,022 evals (70175 batches, avg 43/batch = 8% of 512, 3224 evals/s, 244 msg/s, 13.2 leaves/msg, 946s)
2026-08-05 14:08:01   [GPU] 3,100,038 evals (71575 batches, avg 43/batch = 8% of 512, 3212 evals/s, 243 msg/s, 13.2 leaves/msg, 965s)
2026-08-05 14:08:20   [GPU] 3,150,028 evals (72964 batches, avg 43/batch = 8% of 512, 3202 evals/s, 243 msg/s, 13.2 leaves/msg, 984s)
2026-08-05 14:08:27 [iter 48/60] eval vs best: 110/160 games (992s, cand 94%)
2026-08-05 14:08:39   [GPU] 3,200,010 evals (74385 batches, avg 43/batch = 8% of 512, 3190 evals/s, 243 msg/s, 13.1 leaves/msg, 1003s)
2026-08-05 14:08:56   [GPU] 3,250,016 evals (75600 batches, avg 43/batch = 8% of 512, 3187 evals/s, 242 msg/s, 13.1 leaves/msg, 1020s)
2026-08-05 14:09:12   [GPU] 3,300,015 evals (76791 batches, avg 43/batch = 8% of 512, 3186 evals/s, 243 msg/s, 13.1 leaves/msg, 1036s)
2026-08-05 14:09:26 [iter 48/60] eval vs best: 115/160 games (1050s, cand 94%)
2026-08-05 14:09:28   [GPU] 3,350,013 evals (78037 batches, avg 43/batch = 8% of 512, 3184 evals/s, 243 msg/s, 13.1 leaves/msg, 1052s)
2026-08-05 14:09:46   [GPU] 3,400,015 evals (79378 batches, avg 43/batch = 8% of 512, 3177 evals/s, 242 msg/s, 13.1 leaves/msg, 1070s)
2026-08-05 14:10:06   [GPU] 3,450,023 evals (80840 batches, avg 43/batch = 8% of 512, 3166 evals/s, 242 msg/s, 13.1 leaves/msg, 1090s)
2026-08-05 14:10:12 [iter 48/60] eval vs best: 120/160 games (1096s, cand 94%)
2026-08-05 14:10:26   [GPU] 3,500,006 evals (82328 batches, avg 43/batch = 8% of 512, 3152 evals/s, 241 msg/s, 13.1 leaves/msg, 1110s)
2026-08-05 14:10:46   [GPU] 3,550,035 evals (83748 batches, avg 42/batch = 8% of 512, 3142 evals/s, 241 msg/s, 13.1 leaves/msg, 1130s)
2026-08-05 14:11:06   [GPU] 3,600,003 evals (85175 batches, avg 42/batch = 8% of 512, 3131 evals/s, 240 msg/s, 13.0 leaves/msg, 1150s)
2026-08-05 14:11:23 [iter 48/60] eval vs best: 125/160 games (1167s, cand 94%)
2026-08-05 14:11:24   [GPU] 3,650,049 evals (86520 batches, avg 42/batch = 8% of 512, 3124 evals/s, 240 msg/s, 13.0 leaves/msg, 1168s)
2026-08-05 14:11:42   [GPU] 3,700,032 evals (87777 batches, avg 42/batch = 8% of 512, 3120 evals/s, 239 msg/s, 13.0 leaves/msg, 1186s)
2026-08-05 14:11:59   [GPU] 3,750,078 evals (89002 batches, avg 42/batch = 8% of 512, 3118 evals/s, 239 msg/s, 13.0 leaves/msg, 1203s)
2026-08-05 14:12:00 [iter 48/60] eval vs best: 130/160 games (1204s, cand 95%)
2026-08-05 14:12:16   [GPU] 3,800,007 evals (90272 batches, avg 42/batch = 8% of 512, 3114 evals/s, 239 msg/s, 13.0 leaves/msg, 1220s)
2026-08-05 14:12:35   [GPU] 3,850,011 evals (91568 batches, avg 42/batch = 8% of 512, 3108 evals/s, 238 msg/s, 13.0 leaves/msg, 1239s)
2026-08-05 14:12:56   [GPU] 3,900,015 evals (93028 batches, avg 42/batch = 8% of 512, 3096 evals/s, 238 msg/s, 13.0 leaves/msg, 1260s)
2026-08-05 14:12:56 [iter 48/60] eval vs best: 135/160 games (1260s, cand 95%)
2026-08-05 14:13:17   [GPU] 3,950,034 evals (94527 batches, avg 42/batch = 8% of 512, 3084 evals/s, 237 msg/s, 13.0 leaves/msg, 1281s)
2026-08-05 14:13:37   [GPU] 4,000,007 evals (95989 batches, avg 42/batch = 8% of 512, 3074 evals/s, 236 msg/s, 13.0 leaves/msg, 1301s)
2026-08-05 14:14:00   [GPU] 4,050,036 evals (97670 batches, avg 41/batch = 8% of 512, 3058 evals/s, 235 msg/s, 13.0 leaves/msg, 1324s)
2026-08-05 14:14:03 [iter 48/60] eval vs best: 140/160 games (1327s, cand 95%)
2026-08-05 14:14:29   [GPU] 4,100,043 evals (99617 batches, avg 41/batch = 8% of 512, 3031 evals/s, 233 msg/s, 13.0 leaves/msg, 1353s)
2026-08-05 14:14:58   [GPU] 4,150,001 evals (101651 batches, avg 41/batch = 8% of 512, 3003 evals/s, 231 msg/s, 13.0 leaves/msg, 1382s)
2026-08-05 14:15:04 [iter 48/60] eval vs best: 145/160 games (1388s, cand 95%)
2026-08-05 14:15:25   [GPU] 4,200,031 evals (103491 batches, avg 41/batch = 8% of 512, 2981 evals/s, 229 msg/s, 13.0 leaves/msg, 1409s)
2026-08-05 14:15:47   [GPU] 4,250,002 evals (105072 batches, avg 40/batch = 8% of 512, 2970 evals/s, 228 msg/s, 13.0 leaves/msg, 1431s)
2026-08-05 14:16:09   [GPU] 4,300,017 evals (106676 batches, avg 40/batch = 8% of 512, 2959 evals/s, 227 msg/s, 13.0 leaves/msg, 1453s)
2026-08-05 14:16:13 [iter 48/60] eval vs best: 150/160 games (1457s, cand 95%)
2026-08-05 14:16:40   [GPU] 4,350,006 evals (108673 batches, avg 40/batch = 8% of 512, 2932 evals/s, 225 msg/s, 13.0 leaves/msg, 1484s)
2026-08-05 14:17:10   [GPU] 4,400,024 evals (110707 batches, avg 40/batch = 8% of 512, 2905 evals/s, 223 msg/s, 13.0 leaves/msg, 1514s)
2026-08-05 14:17:36 [iter 48/60] eval vs best: 155/160 games (1540s, cand 95%)
2026-08-05 14:17:50   [GPU] 4,450,014 evals (113090 batches, avg 39/batch = 8% of 512, 2863 evals/s, 219 msg/s, 13.0 leaves/msg, 1555s)
2026-08-05 14:18:29   [GPU] 4,500,002 evals (115511 batches, avg 39/batch = 8% of 512, 2825 evals/s, 216 msg/s, 13.1 leaves/msg, 1593s)
2026-08-05 14:19:47   [GPU] 4,550,002 evals (119123 batches, avg 38/batch = 7% of 512, 2723 evals/s, 209 msg/s, 13.0 leaves/msg, 1671s)
2026-08-05 14:20:33 [iter 48/60] eval vs best: 160/160 games (1717s, cand 95%)
2026-08-05 14:20:33 [iter 48/60] eval vs best done: 95.2% of 21 decided reject (only 21/160 games decided — too few to gate on) (1718s)
2026-08-05 14:20:33 [iter 48/60] eval vs random (40 games, 200 sims)...
2026-08-05 14:20:33 [EVAL-MP] 8 workers spawned (40 vs_random games, sims=200), GPU batcher starting...
2026-08-05 14:20:47 [iter 48/60] eval vs random: 5/40 games (13s, cand 100%)
2026-08-05 14:20:49   [GPU] 50,006 evals (1228 batches, avg 41/batch = 8% of 512, 3138 evals/s, 228 msg/s, 13.7 leaves/msg, 16s)
2026-08-05 14:20:56 [iter 48/60] eval vs random: 10/40 games (23s, cand 100%)
2026-08-05 14:21:02   [GPU] 100,021 evals (2407 batches, avg 42/batch = 8% of 512, 3489 evals/s, 258 msg/s, 13.5 leaves/msg, 29s)
2026-08-05 14:21:05 [iter 48/60] eval vs random: 15/40 games (32s, cand 100%)
2026-08-05 14:21:13 [iter 48/60] eval vs random: 20/40 games (39s, cand 100%)
2026-08-05 14:21:19   [GPU] 150,031 evals (3852 batches, avg 39/batch = 8% of 512, 3330 evals/s, 248 msg/s, 13.4 leaves/msg, 45s)
2026-08-05 14:21:27 [iter 48/60] eval vs random: 25/40 games (53s, cand 100%)
2026-08-05 14:21:36   [GPU] 200,016 evals (5350 batches, avg 37/batch = 7% of 512, 3197 evals/s, 237 msg/s, 13.5 leaves/msg, 63s)
2026-08-05 14:21:50 [iter 48/60] eval vs random: 30/40 games (76s, cand 100%)
2026-08-05 14:21:57   [GPU] 250,003 evals (7061 batches, avg 35/batch = 7% of 512, 2999 evals/s, 222 msg/s, 13.5 leaves/msg, 83s)
2026-08-05 14:22:06 [iter 48/60] eval vs random: 35/40 games (92s, cand 100%)
2026-08-05 14:22:30   [GPU] 300,028 evals (9295 batches, avg 32/batch = 6% of 512, 2580 evals/s, 190 msg/s, 13.6 leaves/msg, 116s)
2026-08-05 14:22:50 [iter 48/60] eval vs random: 40/40 games (136s, cand 100%)
2026-08-05 14:22:50 [iter 48/60] eval vs random done: 100.0% (137s)
2026-08-05 14:22:50 [iter 48/60] eval vs greedy (40 games, 200 sims)...
2026-08-05 14:22:50 [EVAL-MP] 8 workers spawned (40 vs_greedy games, sims=200), GPU batcher starting...
2026-08-05 14:23:00 [iter 48/60] eval vs greedy: 5/40 games (9s, cand 100%)
2026-08-05 14:23:02 [iter 48/60] eval vs greedy: 10/40 games (12s, cand 70%)
2026-08-05 14:23:06   [GPU] 50,045 evals (1218 batches, avg 41/batch = 8% of 512, 3163 evals/s, 240 msg/s, 13.2 leaves/msg, 16s)
2026-08-05 14:23:07 [iter 48/60] eval vs greedy: 15/40 games (16s, cand 73%)
2026-08-05 14:23:12 [iter 48/60] eval vs greedy: 20/40 games (21s, cand 65%)
2026-08-05 14:23:16 [iter 48/60] eval vs greedy: 25/40 games (26s, cand 68%)
2026-08-05 14:23:18 [iter 48/60] eval vs greedy: 30/40 games (28s, cand 70%)
2026-08-05 14:23:21   [GPU] 100,025 evals (2558 batches, avg 39/batch = 8% of 512, 3262 evals/s, 255 msg/s, 12.8 leaves/msg, 31s)
2026-08-05 14:23:25 [iter 48/60] eval vs greedy: 35/40 games (35s, cand 69%)
2026-08-05 14:23:34 [iter 48/60] eval vs greedy: 40/40 games (44s, cand 60%)
2026-08-05 14:23:34 [iter 48/60] eval vs greedy done: 60.0% of 40 decided [seat0:20/20 seat1:4/20] (44s)
2026-08-05 14:23:34 [iter 48/60] eval vs minimax (depth 2, 40 games)...
2026-08-05 14:23:34 [EVAL-MP] 8 workers spawned (40 vs_minimax games, sims=200), GPU batcher starting...
2026-08-05 14:23:52 [iter 48/60] eval vs minimax: 5/40 games (0%)
2026-08-05 14:23:52   [GPU] 50,027 evals (1323 batches, avg 38/batch = 7% of 512, 2861 evals/s, 216 msg/s, 13.3 leaves/msg, 17s)
2026-08-05 14:24:04 [iter 48/60] eval vs minimax: 10/40 games (0%)
2026-08-05 14:24:06   [GPU] 100,026 evals (2619 batches, avg 38/batch = 7% of 512, 3150 evals/s, 242 msg/s, 13.0 leaves/msg, 32s)
2026-08-05 14:24:16 [iter 48/60] eval vs minimax: 15/40 games (0%)
2026-08-05 14:24:22   [GPU] 150,060 evals (4039 batches, avg 37/batch = 7% of 512, 3163 evals/s, 251 msg/s, 12.6 leaves/msg, 47s)
2026-08-05 14:24:26 [iter 48/60] eval vs minimax: 20/40 games (0%)
2026-08-05 14:24:38   [GPU] 200,018 evals (5494 batches, avg 36/batch = 7% of 512, 3156 evals/s, 259 msg/s, 12.2 leaves/msg, 63s)
2026-08-05 14:24:38 [iter 48/60] eval vs minimax: 25/40 games (0%)
2026-08-05 14:24:54   [GPU] 250,041 evals (7034 batches, avg 36/batch = 7% of 512, 3120 evals/s, 262 msg/s, 11.9 leaves/msg, 80s)
2026-08-05 14:24:58 [iter 48/60] eval vs minimax: 30/40 games (0%)
2026-08-05 14:25:17 [iter 48/60] eval vs minimax: 35/40 games (0%)
2026-08-05 14:25:24   [GPU] 300,004 evals (9306 batches, avg 32/batch = 6% of 512, 2727 evals/s, 235 msg/s, 11.6 leaves/msg, 110s)
2026-08-05 14:26:29 [iter 48/60] eval vs minimax: 40/40 games (0%)
2026-08-05 14:26:30 [iter 48/60] eval vs minimax done: 0.0% of 29 decided [seat0:0/20 seat1:0/20] (176s)
2026-08-05 14:26:30 >>> iter 48 | loss_p=0.912 loss_v=0.132 | vs_best=95.2% reject | vs_rand=100.0% | draw=28% | buf=75028 | rss=3.69GB | sp=558s train=35s eval_best=1718s eval_rand=137s | total=2671s
2026-08-05 14:26:30 [iter 49/60] self-play starting (40 games, 600 sims, MIXED 20/40 race-only)...
2026-08-05 14:26:30 [PARALLEL-MP] 8 workers spawned (40 games, sims=600), GPU batcher starting...
2026-08-05 14:26:42   [GPU] 50,017 evals (927 batches, avg 54/batch = 11% of 512, 4016 evals/s, 307 msg/s, 13.1 leaves/msg, 12s)
2026-08-05 14:26:48 [iter 49/60] self-play: 5/40 games...
2026-08-05 14:26:54   [GPU] 100,030 evals (1994 batches, avg 50/batch = 10% of 512, 4115 evals/s, 333 msg/s, 12.4 leaves/msg, 24s)
2026-08-05 14:27:06 [iter 49/60] self-play: 10/40 games...
2026-08-05 14:27:07   [GPU] 150,003 evals (3181 batches, avg 47/batch = 9% of 512, 3986 evals/s, 320 msg/s, 12.4 leaves/msg, 38s)
2026-08-05 14:27:22   [GPU] 200,020 evals (4462 batches, avg 45/batch = 9% of 512, 3830 evals/s, 301 msg/s, 12.7 leaves/msg, 52s)
2026-08-05 14:27:36   [GPU] 250,009 evals (5686 batches, avg 44/batch = 9% of 512, 3783 evals/s, 293 msg/s, 12.9 leaves/msg, 66s)
2026-08-05 14:27:36 [iter 49/60] self-play: 15/40 games...
2026-08-05 14:27:51   [GPU] 300,004 evals (7005 batches, avg 43/batch = 8% of 512, 3710 evals/s, 283 msg/s, 13.1 leaves/msg, 81s)
2026-08-05 14:28:05   [GPU] 350,043 evals (8284 batches, avg 42/batch = 8% of 512, 3689 evals/s, 280 msg/s, 13.2 leaves/msg, 95s)
2026-08-05 14:28:20   [GPU] 400,009 evals (9677 batches, avg 41/batch = 8% of 512, 3619 evals/s, 277 msg/s, 13.1 leaves/msg, 111s)
2026-08-05 14:28:36   [GPU] 450,007 evals (11081 batches, avg 41/batch = 8% of 512, 3578 evals/s, 276 msg/s, 13.0 leaves/msg, 126s)
2026-08-05 14:28:51   [GPU] 500,014 evals (12489 batches, avg 40/batch = 8% of 512, 3541 evals/s, 274 msg/s, 12.9 leaves/msg, 141s)
2026-08-05 14:29:06   [GPU] 550,046 evals (13882 batches, avg 40/batch = 8% of 512, 3516 evals/s, 272 msg/s, 12.9 leaves/msg, 156s)
2026-08-05 14:29:21   [GPU] 600,051 evals (15239 batches, avg 39/batch = 8% of 512, 3499 evals/s, 272 msg/s, 12.9 leaves/msg, 171s)
2026-08-05 14:29:36   [GPU] 650,034 evals (16565 batches, avg 39/batch = 8% of 512, 3492 evals/s, 271 msg/s, 12.9 leaves/msg, 186s)
2026-08-05 14:29:41 [iter 49/60] self-play: 20/40 games...
2026-08-05 14:29:49   [GPU] 700,001 evals (17802 batches, avg 39/batch = 8% of 512, 3507 evals/s, 273 msg/s, 12.8 leaves/msg, 200s)
2026-08-05 14:30:03   [GPU] 750,030 evals (19088 batches, avg 39/batch = 8% of 512, 3513 evals/s, 276 msg/s, 12.7 leaves/msg, 213s)
2026-08-05 14:30:08 [iter 49/60] self-play: 25/40 games...
2026-08-05 14:30:18   [GPU] 800,021 evals (20409 batches, avg 39/batch = 8% of 512, 3506 evals/s, 277 msg/s, 12.7 leaves/msg, 228s)
2026-08-05 14:30:34   [GPU] 850,021 evals (21796 batches, avg 39/batch = 8% of 512, 3488 evals/s, 275 msg/s, 12.7 leaves/msg, 244s)
2026-08-05 14:30:40 [iter 49/60] self-play: 30/40 games...
2026-08-05 14:30:49   [GPU] 900,023 evals (23214 batches, avg 39/batch = 8% of 512, 3469 evals/s, 274 msg/s, 12.6 leaves/msg, 259s)
2026-08-05 14:31:08 [iter 49/60] self-play: 35/40 games...
2026-08-05 14:31:09   [GPU] 950,019 evals (24856 batches, avg 38/batch = 7% of 512, 3405 evals/s, 269 msg/s, 12.6 leaves/msg, 279s)
2026-08-05 14:31:38   [GPU] 1,000,016 evals (27205 batches, avg 37/batch = 7% of 512, 3247 evals/s, 258 msg/s, 12.6 leaves/msg, 308s)
2026-08-05 14:32:03   [GPU] 1,050,004 evals (29327 batches, avg 36/batch = 7% of 512, 3155 evals/s, 252 msg/s, 12.5 leaves/msg, 333s)
2026-08-05 14:32:23   [GPU] 1,100,040 evals (31110 batches, avg 35/batch = 7% of 512, 3115 evals/s, 248 msg/s, 12.6 leaves/msg, 353s)
2026-08-05 14:32:43   [GPU] 1,150,000 evals (32874 batches, avg 35/batch = 7% of 512, 3080 evals/s, 244 msg/s, 12.6 leaves/msg, 373s)
2026-08-05 14:33:03   [GPU] 1,200,024 evals (34552 batches, avg 35/batch = 7% of 512, 3050 evals/s, 241 msg/s, 12.7 leaves/msg, 393s)
2026-08-05 14:33:26 [iter 49/60] self-play: 40/40 games...
2026-08-05 14:33:26 [iter 49/60] self-play done: 40 games (417s) | wins: P0=11, P1=21, draw=8 | draw_rate=20% avg_len~23
2026-08-05 14:33:26 [iter 49/60] training (600 steps, lr=1.86e-04)...
2026-08-05 14:34:03 [iter 49/60] training done: loss_p=0.914 loss_v=0.133 (37s)
2026-08-05 14:34:07 [iter 49/60] data: policy_wall_mass=0.150 walled_states=59% walls_on_board=12.9 value_mae walled=0.158 free=0.174
2026-08-05 14:34:07 [iter 49/60] eval skipped (eval_every=4)
2026-08-05 14:34:07 >>> iter 49 | loss_p=0.914 loss_v=0.133 | vs_best=n/a (not evaluated) | vs_rand=n/a | draw=20% | buf=76838 | rss=3.71GB | sp=417s train=37s eval_best=0s eval_rand=0s | total=458s
2026-08-05 14:34:07 [iter 50/60] self-play starting (40 games, 600 sims, MIXED 20/40 race-only)...
2026-08-05 14:34:08 [PARALLEL-MP] 8 workers spawned (40 games, sims=600), GPU batcher starting...
2026-08-05 14:34:20   [GPU] 50,023 evals (967 batches, avg 52/batch = 10% of 512, 4121 evals/s, 340 msg/s, 12.1 leaves/msg, 12s)
2026-08-05 14:34:25 [iter 50/60] self-play: 5/40 games...
2026-08-05 14:34:31   [GPU] 100,007 evals (2069 batches, avg 48/batch = 9% of 512, 4208 evals/s, 337 msg/s, 12.5 leaves/msg, 24s)
2026-08-05 14:34:40 [iter 50/60] self-play: 10/40 games...
2026-08-05 14:34:44   [GPU] 150,031 evals (3223 batches, avg 47/batch = 9% of 512, 4167 evals/s, 333 msg/s, 12.5 leaves/msg, 36s)
2026-08-05 14:34:58   [GPU] 200,038 evals (4559 batches, avg 44/batch = 9% of 512, 3953 evals/s, 304 msg/s, 13.0 leaves/msg, 51s)
2026-08-05 14:35:12   [GPU] 250,012 evals (5859 batches, avg 43/batch = 8% of 512, 3862 evals/s, 290 msg/s, 13.3 leaves/msg, 65s)
2026-08-05 14:35:24   [GPU] 300,039 evals (7011 batches, avg 43/batch = 8% of 512, 3908 evals/s, 291 msg/s, 13.4 leaves/msg, 77s)
2026-08-05 14:35:34 [iter 50/60] self-play: 15/40 games...
2026-08-05 14:35:35   [GPU] 350,015 evals (8091 batches, avg 43/batch = 8% of 512, 3998 evals/s, 300 msg/s, 13.3 leaves/msg, 88s)
2026-08-05 14:35:45   [GPU] 400,039 evals (9022 batches, avg 44/batch = 9% of 512, 4115 evals/s, 307 msg/s, 13.4 leaves/msg, 97s)
2026-08-05 14:35:55   [GPU] 450,040 evals (10039 batches, avg 45/batch = 9% of 512, 4184 evals/s, 315 msg/s, 13.3 leaves/msg, 108s)
2026-08-05 14:36:07   [GPU] 500,007 evals (11228 batches, avg 45/batch = 9% of 512, 4171 evals/s, 316 msg/s, 13.2 leaves/msg, 120s)
2026-08-05 14:36:08 [iter 50/60] self-play: 20/40 games...
2026-08-05 14:36:20   [GPU] 550,000 evals (12442 batches, avg 44/batch = 9% of 512, 4156 evals/s, 317 msg/s, 13.1 leaves/msg, 132s)
2026-08-05 14:36:33   [GPU] 600,018 evals (13682 batches, avg 44/batch = 9% of 512, 4132 evals/s, 316 msg/s, 13.1 leaves/msg, 145s)
2026-08-05 14:36:39 [iter 50/60] self-play: 25/40 games...
2026-08-05 14:36:48   [GPU] 650,036 evals (15115 batches, avg 43/batch = 8% of 512, 4050 evals/s, 312 msg/s, 13.0 leaves/msg, 160s)
2026-08-05 14:37:03   [GPU] 700,089 evals (16547 batches, avg 42/batch = 8% of 512, 3983 evals/s, 308 msg/s, 12.9 leaves/msg, 176s)
2026-08-05 14:37:18   [GPU] 750,015 evals (17906 batches, avg 42/batch = 8% of 512, 3946 evals/s, 306 msg/s, 12.9 leaves/msg, 190s)
2026-08-05 14:37:33   [GPU] 800,016 evals (19341 batches, avg 41/batch = 8% of 512, 3897 evals/s, 302 msg/s, 12.9 leaves/msg, 205s)
2026-08-05 14:37:47   [GPU] 850,022 evals (20677 batches, avg 41/batch = 8% of 512, 3877 evals/s, 303 msg/s, 12.8 leaves/msg, 219s)
2026-08-05 14:37:48 [iter 50/60] self-play: 30/40 games...
2026-08-05 14:38:05   [GPU] 900,031 evals (22363 batches, avg 40/batch = 8% of 512, 3797 evals/s, 300 msg/s, 12.7 leaves/msg, 237s)
2026-08-05 14:38:25   [GPU] 950,003 evals (24182 batches, avg 39/batch = 8% of 512, 3692 evals/s, 293 msg/s, 12.6 leaves/msg, 257s)
2026-08-05 14:38:48   [GPU] 1,000,002 evals (26138 batches, avg 38/batch = 7% of 512, 3568 evals/s, 284 msg/s, 12.6 leaves/msg, 280s)
2026-08-05 14:39:14   [GPU] 1,050,020 evals (28292 batches, avg 37/batch = 7% of 512, 3427 evals/s, 274 msg/s, 12.5 leaves/msg, 306s)
2026-08-05 14:39:40   [GPU] 1,100,017 evals (30465 batches, avg 36/batch = 7% of 512, 3307 evals/s, 265 msg/s, 12.5 leaves/msg, 333s)
2026-08-05 14:40:04   [GPU] 1,150,001 evals (32474 batches, avg 35/batch = 7% of 512, 3229 evals/s, 259 msg/s, 12.5 leaves/msg, 356s)
2026-08-05 14:40:17 [iter 50/60] self-play: 35/40 games...
2026-08-05 14:40:29   [GPU] 1,200,011 evals (34640 batches, avg 35/batch = 7% of 512, 3143 evals/s, 253 msg/s, 12.4 leaves/msg, 382s)
2026-08-05 14:40:55   [GPU] 1,250,033 evals (36763 batches, avg 34/batch = 7% of 512, 3070 evals/s, 248 msg/s, 12.4 leaves/msg, 407s)
2026-08-05 14:41:57 [iter 50/60] self-play: 40/40 games...
2026-08-05 14:41:57 [iter 50/60] self-play done: 40 games (470s) | wins: P0=8, P1=22, draw=10 | draw_rate=25% avg_len~18
2026-08-05 14:41:57 [iter 50/60] WARNING: draw_rate 25% > 20% — games timing out at max_game_moves=160 (weak value signal).
2026-08-05 14:41:57 [iter 50/60] training (600 steps, lr=1.73e-04)...
2026-08-05 14:42:35 [iter 50/60] training done: loss_p=0.904 loss_v=0.129 (38s)
2026-08-05 14:42:39 [iter 50/60] data: policy_wall_mass=0.132 walled_states=46% walls_on_board=8.3 value_mae walled=0.154 free=0.122
2026-08-05 14:42:39 [iter 50/60] eval skipped (eval_every=4)
2026-08-05 14:42:39 >>> iter 50 | loss_p=0.904 loss_v=0.129 | vs_best=n/a (not evaluated) | vs_rand=n/a | draw=25% | buf=78254 | rss=3.73GB | sp=470s train=38s eval_best=0s eval_rand=0s | total=512s
2026-08-05 14:42:39 [iter 51/60] self-play starting (40 games, 600 sims, MIXED 20/40 race-only)...
2026-08-05 14:42:39 [PARALLEL-MP] 8 workers spawned (40 games, sims=600), GPU batcher starting...
2026-08-05 14:42:51   [GPU] 50,016 evals (957 batches, avg 52/batch = 10% of 512, 4108 evals/s, 339 msg/s, 12.1 leaves/msg, 12s)
2026-08-05 14:42:55 [iter 51/60] self-play: 5/40 games...
2026-08-05 14:43:03   [GPU] 100,004 evals (2046 batches, avg 49/batch = 10% of 512, 4212 evals/s, 339 msg/s, 12.4 leaves/msg, 24s)
2026-08-05 14:43:16   [GPU] 150,018 evals (3247 batches, avg 46/batch = 9% of 512, 4098 evals/s, 321 msg/s, 12.8 leaves/msg, 37s)
2026-08-05 14:43:16 [iter 51/60] self-play: 10/40 games...
2026-08-05 14:43:31   [GPU] 200,028 evals (4638 batches, avg 43/batch = 8% of 512, 3884 evals/s, 299 msg/s, 13.0 leaves/msg, 51s)
2026-08-05 14:43:46   [GPU] 250,033 evals (6057 batches, avg 41/batch = 8% of 512, 3732 evals/s, 281 msg/s, 13.3 leaves/msg, 67s)
2026-08-05 14:44:02   [GPU] 300,007 evals (7515 batches, avg 40/batch = 8% of 512, 3608 evals/s, 270 msg/s, 13.4 leaves/msg, 83s)
2026-08-05 14:44:17   [GPU] 350,004 evals (8891 batches, avg 39/batch = 8% of 512, 3571 evals/s, 265 msg/s, 13.5 leaves/msg, 98s)
2026-08-05 14:44:33   [GPU] 400,020 evals (10336 batches, avg 39/batch = 8% of 512, 3526 evals/s, 263 msg/s, 13.4 leaves/msg, 113s)
2026-08-05 14:44:45 [iter 51/60] self-play: 15/40 games...
2026-08-05 14:44:46   [GPU] 450,011 evals (11648 batches, avg 39/batch = 8% of 512, 3543 evals/s, 266 msg/s, 13.3 leaves/msg, 127s)
2026-08-05 14:45:00   [GPU] 500,035 evals (12950 batches, avg 39/batch = 8% of 512, 3554 evals/s, 265 msg/s, 13.4 leaves/msg, 141s)
2026-08-05 14:45:11   [GPU] 550,020 evals (14047 batches, avg 39/batch = 8% of 512, 3616 evals/s, 269 msg/s, 13.4 leaves/msg, 152s)
2026-08-05 14:45:25   [GPU] 600,032 evals (15358 batches, avg 39/batch = 8% of 512, 3621 evals/s, 269 msg/s, 13.5 leaves/msg, 166s)
2026-08-05 14:45:39   [GPU] 650,026 evals (16654 batches, avg 39/batch = 8% of 512, 3624 evals/s, 268 msg/s, 13.5 leaves/msg, 179s)
2026-08-05 14:45:47 [iter 51/60] self-play: 20/40 games...
2026-08-05 14:45:52   [GPU] 700,009 evals (17895 batches, avg 39/batch = 8% of 512, 3639 evals/s, 269 msg/s, 13.5 leaves/msg, 192s)
2026-08-05 14:46:05   [GPU] 750,049 evals (19151 batches, avg 39/batch = 8% of 512, 3643 evals/s, 269 msg/s, 13.5 leaves/msg, 206s)
2026-08-05 14:46:18 [iter 51/60] self-play: 25/40 games...
2026-08-05 14:46:19   [GPU] 800,004 evals (20425 batches, avg 39/batch = 8% of 512, 3642 evals/s, 270 msg/s, 13.5 leaves/msg, 220s)
2026-08-05 14:46:33   [GPU] 850,030 evals (21724 batches, avg 39/batch = 8% of 512, 3632 evals/s, 269 msg/s, 13.5 leaves/msg, 234s)
2026-08-05 14:46:49   [GPU] 900,018 evals (23158 batches, avg 39/batch = 8% of 512, 3599 evals/s, 268 msg/s, 13.4 leaves/msg, 250s)
2026-08-05 14:47:01 [iter 51/60] self-play: 30/40 games...
2026-08-05 14:47:03   [GPU] 950,035 evals (24451 batches, avg 39/batch = 8% of 512, 3597 evals/s, 269 msg/s, 13.4 leaves/msg, 264s)
2026-08-05 14:47:24   [GPU] 1,000,036 evals (26126 batches, avg 38/batch = 7% of 512, 3511 evals/s, 262 msg/s, 13.4 leaves/msg, 285s)
2026-08-05 14:47:44   [GPU] 1,050,011 evals (27819 batches, avg 38/batch = 7% of 512, 3439 evals/s, 256 msg/s, 13.4 leaves/msg, 305s)
2026-08-05 14:48:04   [GPU] 1,100,001 evals (29410 batches, avg 37/batch = 7% of 512, 3390 evals/s, 252 msg/s, 13.5 leaves/msg, 325s)
2026-08-05 14:48:19 [iter 51/60] self-play: 35/40 games...
2026-08-05 14:48:23   [GPU] 1,150,003 evals (31045 batches, avg 37/batch = 7% of 512, 3343 evals/s, 249 msg/s, 13.4 leaves/msg, 344s)
2026-08-05 14:48:44   [GPU] 1,200,001 evals (32805 batches, avg 37/batch = 7% of 512, 3287 evals/s, 244 msg/s, 13.5 leaves/msg, 365s)
2026-08-05 14:49:07   [GPU] 1,250,009 evals (34701 batches, avg 36/batch = 7% of 512, 3226 evals/s, 240 msg/s, 13.4 leaves/msg, 388s)
2026-08-05 14:49:30   [GPU] 1,300,021 evals (36656 batches, avg 35/batch = 7% of 512, 3162 evals/s, 235 msg/s, 13.4 leaves/msg, 411s)
2026-08-05 14:50:46   [GPU] 1,350,006 evals (39444 batches, avg 34/batch = 7% of 512, 2775 evals/s, 206 msg/s, 13.4 leaves/msg, 487s)
2026-08-05 14:51:19 [iter 51/60] self-play: 40/40 games...
2026-08-05 14:51:19 [iter 51/60] self-play done: 40 games (520s) | wins: P0=6, P1=23, draw=11 | draw_rate=28% avg_len~17
2026-08-05 14:51:19 [iter 51/60] WARNING: draw_rate 28% > 20% — games timing out at max_game_moves=160 (weak value signal).
2026-08-05 14:51:19 [iter 51/60] training (600 steps, lr=1.60e-04)...
2026-08-05 14:51:59 [iter 51/60] training done: loss_p=0.895 loss_v=0.130 (40s)
2026-08-05 14:52:03 [iter 51/60] data: policy_wall_mass=0.122 walled_states=44% walls_on_board=9.2 value_mae walled=0.133 free=0.171
2026-08-05 14:52:04 [iter 51/60] eval skipped (eval_every=4)
2026-08-05 14:52:04 >>> iter 51 | loss_p=0.895 loss_v=0.130 | vs_best=n/a (not evaluated) | vs_rand=n/a | draw=28% | buf=79582 | rss=3.75GB | sp=520s train=40s eval_best=0s eval_rand=0s | total=565s
2026-08-05 14:52:04 [iter 52/60] self-play starting (40 games, 600 sims, MIXED 20/40 race-only)...
2026-08-05 14:52:04 [PARALLEL-MP] 8 workers spawned (40 games, sims=600), GPU batcher starting...
2026-08-05 14:52:16   [GPU] 50,032 evals (927 batches, avg 54/batch = 11% of 512, 4053 evals/s, 301 msg/s, 13.4 leaves/msg, 12s)
2026-08-05 14:52:21 [iter 52/60] self-play: 5/40 games...
2026-08-05 14:52:28   [GPU] 100,031 evals (2019 batches, avg 50/batch = 10% of 512, 4083 evals/s, 318 msg/s, 12.8 leaves/msg, 25s)
2026-08-05 14:52:41   [GPU] 150,028 evals (3156 batches, avg 48/batch = 9% of 512, 4035 evals/s, 309 msg/s, 13.1 leaves/msg, 37s)
2026-08-05 14:52:42 [iter 52/60] self-play: 10/40 games...
2026-08-05 14:52:56   [GPU] 200,063 evals (4444 batches, avg 45/batch = 9% of 512, 3854 evals/s, 295 msg/s, 13.1 leaves/msg, 52s)
2026-08-05 14:53:09   [GPU] 250,038 evals (5684 batches, avg 44/batch = 9% of 512, 3807 evals/s, 288 msg/s, 13.2 leaves/msg, 66s)
2026-08-05 14:53:14 [iter 52/60] self-play: 15/40 games...
2026-08-05 14:53:25   [GPU] 300,029 evals (7079 batches, avg 42/batch = 8% of 512, 3706 evals/s, 283 msg/s, 13.1 leaves/msg, 81s)
2026-08-05 14:53:39   [GPU] 350,035 evals (8330 batches, avg 42/batch = 8% of 512, 3691 evals/s, 281 msg/s, 13.1 leaves/msg, 95s)
2026-08-05 14:53:54   [GPU] 400,006 evals (9665 batches, avg 41/batch = 8% of 512, 3643 evals/s, 277 msg/s, 13.1 leaves/msg, 110s)
2026-08-05 14:54:10   [GPU] 450,027 evals (11056 batches, avg 41/batch = 8% of 512, 3577 evals/s, 270 msg/s, 13.2 leaves/msg, 126s)
2026-08-05 14:54:27   [GPU] 500,066 evals (12571 batches, avg 40/batch = 8% of 512, 3484 evals/s, 263 msg/s, 13.2 leaves/msg, 144s)
2026-08-05 14:54:45   [GPU] 550,004 evals (14119 batches, avg 39/batch = 8% of 512, 3410 evals/s, 259 msg/s, 13.2 leaves/msg, 161s)
2026-08-05 14:54:49 [iter 52/60] self-play: 20/40 games...
2026-08-05 14:55:02   [GPU] 600,026 evals (15645 batches, avg 38/batch = 7% of 512, 3361 evals/s, 258 msg/s, 13.0 leaves/msg, 179s)
2026-08-05 14:55:20   [GPU] 650,002 evals (17170 batches, avg 38/batch = 7% of 512, 3319 evals/s, 256 msg/s, 13.0 leaves/msg, 196s)
2026-08-05 14:55:36   [GPU] 700,051 evals (18623 batches, avg 38/batch = 7% of 512, 3301 evals/s, 257 msg/s, 12.9 leaves/msg, 212s)
2026-08-05 14:55:52   [GPU] 750,046 evals (20084 batches, avg 37/batch = 7% of 512, 3287 evals/s, 257 msg/s, 12.8 leaves/msg, 228s)
2026-08-05 14:56:07   [GPU] 800,000 evals (21460 batches, avg 37/batch = 7% of 512, 3288 evals/s, 258 msg/s, 12.8 leaves/msg, 243s)
2026-08-05 14:56:14 [iter 52/60] self-play: 25/40 games...
2026-08-05 14:56:23   [GPU] 850,043 evals (22944 batches, avg 37/batch = 7% of 512, 3280 evals/s, 259 msg/s, 12.7 leaves/msg, 259s)
2026-08-05 14:56:40   [GPU] 900,029 evals (24505 batches, avg 37/batch = 7% of 512, 3257 evals/s, 258 msg/s, 12.6 leaves/msg, 276s)
2026-08-05 14:56:55   [GPU] 950,000 evals (25868 batches, avg 37/batch = 7% of 512, 3260 evals/s, 260 msg/s, 12.5 leaves/msg, 291s)
2026-08-05 14:56:55 [iter 52/60] self-play: 30/40 games...
2026-08-05 14:57:14   [GPU] 1,000,013 evals (27465 batches, avg 36/batch = 7% of 512, 3225 evals/s, 258 msg/s, 12.5 leaves/msg, 310s)
2026-08-05 14:57:32   [GPU] 1,050,001 evals (29028 batches, avg 36/batch = 7% of 512, 3202 evals/s, 256 msg/s, 12.5 leaves/msg, 328s)
2026-08-05 14:57:38 [iter 52/60] self-play: 35/40 games...
2026-08-05 14:57:53   [GPU] 1,100,030 evals (30850 batches, avg 36/batch = 7% of 512, 3150 evals/s, 251 msg/s, 12.5 leaves/msg, 349s)
2026-08-05 14:58:18   [GPU] 1,150,031 evals (32881 batches, avg 35/batch = 7% of 512, 3072 evals/s, 244 msg/s, 12.6 leaves/msg, 374s)
2026-08-05 14:58:45   [GPU] 1,200,017 evals (34991 batches, avg 34/batch = 7% of 512, 2989 evals/s, 236 msg/s, 12.7 leaves/msg, 401s)
2026-08-05 14:59:21   [GPU] 1,250,012 evals (37358 batches, avg 33/batch = 7% of 512, 2862 evals/s, 224 msg/s, 12.8 leaves/msg, 437s)
2026-08-05 14:59:53 [iter 52/60] self-play: 40/40 games...
2026-08-05 14:59:54 [iter 52/60] self-play done: 40 games (470s) | wins: P0=6, P1=24, draw=10 | draw_rate=25% avg_len~18
2026-08-05 14:59:54 [iter 52/60] WARNING: draw_rate 25% > 20% — games timing out at max_game_moves=160 (weak value signal).
2026-08-05 14:59:54 [iter 52/60] training (600 steps, lr=1.49e-04)...
2026-08-05 15:00:37 [iter 52/60] training done: loss_p=0.890 loss_v=0.127 (43s)
2026-08-05 15:00:41 [iter 52/60] data: policy_wall_mass=0.131 walled_states=47% walls_on_board=9.9 value_mae walled=0.163 free=0.161
2026-08-05 15:00:42 [iter 52/60] eval vs best (160 games, 200 sims)...
2026-08-05 15:00:42 [EVAL-MP] 8 workers spawned (160 vs_best games, sims=200), GPU batcher starting...
2026-08-05 15:01:01   [GPU] 50,029 evals (1158 batches, avg 43/batch = 8% of 512, 2594 evals/s, 183 msg/s, 14.2 leaves/msg, 19s)
2026-08-05 15:01:16   [GPU] 100,021 evals (2247 batches, avg 45/batch = 9% of 512, 2919 evals/s, 209 msg/s, 14.0 leaves/msg, 34s)
2026-08-05 15:01:31   [GPU] 150,026 evals (3331 batches, avg 45/batch = 9% of 512, 3048 evals/s, 219 msg/s, 13.9 leaves/msg, 49s)
2026-08-05 15:01:46   [GPU] 200,041 evals (4424 batches, avg 45/batch = 9% of 512, 3120 evals/s, 225 msg/s, 13.9 leaves/msg, 64s)
2026-08-05 15:02:02   [GPU] 250,036 evals (5618 batches, avg 45/batch = 9% of 512, 3109 evals/s, 224 msg/s, 13.9 leaves/msg, 80s)
2026-08-05 15:02:05 [iter 52/60] eval vs best: 5/160 games (84s, cand 100%)
2026-08-05 15:02:19   [GPU] 300,023 evals (6865 batches, avg 44/batch = 9% of 512, 3085 evals/s, 221 msg/s, 13.9 leaves/msg, 97s)
2026-08-05 15:02:27 [iter 52/60] eval vs best: 10/160 games (105s, cand 100%)
2026-08-05 15:02:34   [GPU] 350,017 evals (7983 batches, avg 44/batch = 9% of 512, 3116 evals/s, 224 msg/s, 13.9 leaves/msg, 112s)
2026-08-05 15:02:48   [GPU] 400,026 evals (9007 batches, avg 44/batch = 9% of 512, 3168 evals/s, 228 msg/s, 13.9 leaves/msg, 126s)
2026-08-05 15:03:02   [GPU] 450,061 evals (10046 batches, avg 45/batch = 9% of 512, 3206 evals/s, 231 msg/s, 13.9 leaves/msg, 140s)
2026-08-05 15:03:17   [GPU] 500,024 evals (11091 batches, avg 45/batch = 9% of 512, 3223 evals/s, 232 msg/s, 13.9 leaves/msg, 155s)
2026-08-05 15:03:24 [iter 52/60] eval vs best: 15/160 games (163s, cand 100%)
2026-08-05 15:03:33   [GPU] 550,013 evals (12285 batches, avg 45/batch = 9% of 512, 3204 evals/s, 232 msg/s, 13.8 leaves/msg, 172s)
2026-08-05 15:03:51   [GPU] 600,016 evals (13555 batches, avg 44/batch = 9% of 512, 3174 evals/s, 231 msg/s, 13.8 leaves/msg, 189s)
2026-08-05 15:04:05 [iter 52/60] eval vs best: 20/160 games (204s, cand 100%)
2026-08-05 15:04:07   [GPU] 650,044 evals (14738 batches, avg 44/batch = 9% of 512, 3166 evals/s, 231 msg/s, 13.7 leaves/msg, 205s)
2026-08-05 15:04:23   [GPU] 700,015 evals (15898 batches, avg 44/batch = 9% of 512, 3167 evals/s, 232 msg/s, 13.7 leaves/msg, 221s)
2026-08-05 15:04:38   [GPU] 750,004 evals (17020 batches, avg 44/batch = 9% of 512, 3174 evals/s, 233 msg/s, 13.6 leaves/msg, 236s)
2026-08-05 15:04:47 [iter 52/60] eval vs best: 25/160 games (245s, cand 100%)
2026-08-05 15:04:53   [GPU] 800,015 evals (18127 batches, avg 44/batch = 9% of 512, 3181 evals/s, 234 msg/s, 13.6 leaves/msg, 252s)
2026-08-05 15:05:09   [GPU] 850,007 evals (19241 batches, avg 44/batch = 9% of 512, 3183 evals/s, 234 msg/s, 13.6 leaves/msg, 267s)
2026-08-05 15:05:23   [GPU] 900,088 evals (20288 batches, avg 44/batch = 9% of 512, 3197 evals/s, 235 msg/s, 13.6 leaves/msg, 282s)
2026-08-05 15:05:33 [iter 52/60] eval vs best: 30/160 games (291s, cand 100%)
2026-08-05 15:05:38   [GPU] 950,008 evals (21372 batches, avg 44/batch = 9% of 512, 3203 evals/s, 236 msg/s, 13.6 leaves/msg, 297s)
2026-08-05 15:05:54   [GPU] 1,000,031 evals (22515 batches, avg 44/batch = 9% of 512, 3203 evals/s, 236 msg/s, 13.6 leaves/msg, 312s)
2026-08-05 15:06:10   [GPU] 1,050,014 evals (23718 batches, avg 44/batch = 9% of 512, 3193 evals/s, 235 msg/s, 13.6 leaves/msg, 329s)
2026-08-05 15:06:15 [iter 52/60] eval vs best: 35/160 games (333s, cand 100%)
2026-08-05 15:06:29   [GPU] 1,100,030 evals (25029 batches, avg 44/batch = 9% of 512, 3169 evals/s, 235 msg/s, 13.5 leaves/msg, 347s)
2026-08-05 15:06:46   [GPU] 1,150,027 evals (26290 batches, avg 44/batch = 9% of 512, 3153 evals/s, 234 msg/s, 13.5 leaves/msg, 365s)
2026-08-05 15:07:04   [GPU] 1,200,009 evals (27574 batches, avg 44/batch = 8% of 512, 3140 evals/s, 233 msg/s, 13.5 leaves/msg, 382s)
2026-08-05 15:07:17 [iter 52/60] eval vs best: 40/160 games (395s, cand 100%)
2026-08-05 15:07:19   [GPU] 1,250,012 evals (28865 batches, avg 43/batch = 8% of 512, 3143 evals/s, 234 msg/s, 13.5 leaves/msg, 398s)
2026-08-05 15:07:35   [GPU] 1,300,031 evals (30052 batches, avg 43/batch = 8% of 512, 3143 evals/s, 234 msg/s, 13.4 leaves/msg, 414s)
2026-08-05 15:07:50   [GPU] 1,350,048 evals (31183 batches, avg 43/batch = 8% of 512, 3148 evals/s, 235 msg/s, 13.4 leaves/msg, 429s)
2026-08-05 15:08:02 [iter 52/60] eval vs best: 45/160 games (440s, cand 100%)
2026-08-05 15:08:06   [GPU] 1,400,007 evals (32339 batches, avg 43/batch = 8% of 512, 3150 evals/s, 236 msg/s, 13.4 leaves/msg, 444s)
2026-08-05 15:08:20   [GPU] 1,450,042 evals (33403 batches, avg 43/batch = 8% of 512, 3161 evals/s, 237 msg/s, 13.4 leaves/msg, 459s)
2026-08-05 15:08:33 [iter 52/60] eval vs best: 50/160 games (471s, cand 100%)
2026-08-05 15:08:34   [GPU] 1,500,003 evals (34454 batches, avg 44/batch = 9% of 512, 3172 evals/s, 237 msg/s, 13.4 leaves/msg, 473s)
2026-08-05 15:08:49   [GPU] 1,550,008 evals (35512 batches, avg 44/batch = 9% of 512, 3182 evals/s, 238 msg/s, 13.4 leaves/msg, 487s)
2026-08-05 15:09:02   [GPU] 1,600,062 evals (36546 batches, avg 44/batch = 9% of 512, 3194 evals/s, 239 msg/s, 13.4 leaves/msg, 501s)
2026-08-05 15:09:17   [GPU] 1,650,067 evals (37654 batches, avg 44/batch = 9% of 512, 3201 evals/s, 239 msg/s, 13.4 leaves/msg, 516s)
2026-08-05 15:09:21 [iter 52/60] eval vs best: 55/160 games (519s, cand 100%)
2026-08-05 15:09:32   [GPU] 1,700,020 evals (38802 batches, avg 44/batch = 9% of 512, 3203 evals/s, 240 msg/s, 13.4 leaves/msg, 531s)
2026-08-05 15:09:48   [GPU] 1,750,047 evals (39961 batches, avg 44/batch = 9% of 512, 3204 evals/s, 240 msg/s, 13.4 leaves/msg, 546s)
2026-08-05 15:09:49 [iter 52/60] eval vs best: 60/160 games (548s, cand 100%)
2026-08-05 15:10:03   [GPU] 1,800,015 evals (41120 batches, avg 44/batch = 9% of 512, 3205 evals/s, 240 msg/s, 13.4 leaves/msg, 562s)
2026-08-05 15:10:19   [GPU] 1,850,034 evals (42253 batches, avg 44/batch = 9% of 512, 3206 evals/s, 240 msg/s, 13.4 leaves/msg, 577s)
2026-08-05 15:10:33   [GPU] 1,900,000 evals (43352 batches, avg 44/batch = 9% of 512, 3210 evals/s, 240 msg/s, 13.4 leaves/msg, 592s)
2026-08-05 15:10:46 [iter 52/60] eval vs best: 65/160 games (605s, cand 100%)
2026-08-05 15:10:49   [GPU] 1,950,032 evals (44503 batches, avg 44/batch = 9% of 512, 3211 evals/s, 240 msg/s, 13.4 leaves/msg, 607s)
2026-08-05 15:11:04 [iter 52/60] eval vs best: 70/160 games (622s, cand 100%)
2026-08-05 15:11:05   [GPU] 2,000,031 evals (45680 batches, avg 44/batch = 9% of 512, 3209 evals/s, 240 msg/s, 13.4 leaves/msg, 623s)
2026-08-05 15:11:19   [GPU] 2,050,050 evals (46786 batches, avg 44/batch = 9% of 512, 3214 evals/s, 241 msg/s, 13.4 leaves/msg, 638s)
2026-08-05 15:11:33   [GPU] 2,100,015 evals (47818 batches, avg 44/batch = 9% of 512, 3222 evals/s, 241 msg/s, 13.4 leaves/msg, 652s)
2026-08-05 15:11:47   [GPU] 2,150,037 evals (48858 batches, avg 44/batch = 9% of 512, 3229 evals/s, 242 msg/s, 13.4 leaves/msg, 666s)
2026-08-05 15:12:00 [iter 52/60] eval vs best: 75/160 games (679s, cand 100%)
2026-08-05 15:12:02   [GPU] 2,200,050 evals (49961 batches, avg 44/batch = 9% of 512, 3234 evals/s, 242 msg/s, 13.4 leaves/msg, 680s)
2026-08-05 15:12:18   [GPU] 2,250,009 evals (51148 batches, avg 44/batch = 9% of 512, 3233 evals/s, 242 msg/s, 13.4 leaves/msg, 696s)
2026-08-05 15:12:33   [GPU] 2,300,012 evals (52345 batches, avg 44/batch = 9% of 512, 3231 evals/s, 242 msg/s, 13.4 leaves/msg, 712s)
2026-08-05 15:12:43 [iter 52/60] eval vs best: 80/160 games (722s, cand 100%)
2026-08-05 15:12:48   [GPU] 2,350,047 evals (53432 batches, avg 44/batch = 9% of 512, 3235 evals/s, 242 msg/s, 13.3 leaves/msg, 726s)
2026-08-05 15:13:02   [GPU] 2,400,027 evals (54503 batches, avg 44/batch = 9% of 512, 3239 evals/s, 243 msg/s, 13.3 leaves/msg, 741s)
2026-08-05 15:13:17   [GPU] 2,450,046 evals (55575 batches, avg 44/batch = 9% of 512, 3244 evals/s, 244 msg/s, 13.3 leaves/msg, 755s)
2026-08-05 15:13:29 [iter 52/60] eval vs best: 85/160 games (767s, cand 100%)
2026-08-05 15:13:33   [GPU] 2,500,036 evals (56782 batches, avg 44/batch = 9% of 512, 3241 evals/s, 243 msg/s, 13.3 leaves/msg, 771s)
2026-08-05 15:13:48   [GPU] 2,550,026 evals (57903 batches, avg 44/batch = 9% of 512, 3241 evals/s, 243 msg/s, 13.3 leaves/msg, 787s)
2026-08-05 15:14:03   [GPU] 2,600,056 evals (59011 batches, avg 44/batch = 9% of 512, 3244 evals/s, 243 msg/s, 13.3 leaves/msg, 802s)
2026-08-05 15:14:18   [GPU] 2,650,001 evals (60130 batches, avg 44/batch = 9% of 512, 3245 evals/s, 244 msg/s, 13.3 leaves/msg, 817s)
2026-08-05 15:14:33   [GPU] 2,700,068 evals (61259 batches, avg 44/batch = 9% of 512, 3246 evals/s, 244 msg/s, 13.3 leaves/msg, 832s)
2026-08-05 15:14:37 [iter 52/60] eval vs best: 90/160 games (835s, cand 100%)
2026-08-05 15:14:50   [GPU] 2,750,031 evals (62489 batches, avg 44/batch = 9% of 512, 3243 evals/s, 244 msg/s, 13.3 leaves/msg, 848s)
2026-08-05 15:14:53 [iter 52/60] eval vs best: 95/160 games (851s, cand 100%)
2026-08-05 15:15:06   [GPU] 2,800,031 evals (63678 batches, avg 44/batch = 9% of 512, 3241 evals/s, 243 msg/s, 13.3 leaves/msg, 864s)
2026-08-05 15:15:20   [GPU] 2,850,010 evals (64790 batches, avg 44/batch = 9% of 512, 3243 evals/s, 243 msg/s, 13.3 leaves/msg, 879s)
2026-08-05 15:15:35   [GPU] 2,900,015 evals (65906 batches, avg 44/batch = 9% of 512, 3245 evals/s, 244 msg/s, 13.3 leaves/msg, 894s)
2026-08-05 15:15:50   [GPU] 2,950,020 evals (66998 batches, avg 44/batch = 9% of 512, 3248 evals/s, 244 msg/s, 13.3 leaves/msg, 908s)
2026-08-05 15:16:02 [iter 52/60] eval vs best: 100/160 games (921s, cand 100%)
2026-08-05 15:16:05   [GPU] 3,000,018 evals (68150 batches, avg 44/batch = 9% of 512, 3248 evals/s, 244 msg/s, 13.3 leaves/msg, 924s)
2026-08-05 15:16:15 [iter 52/60] eval vs best: 105/160 games (934s, cand 100%)
2026-08-05 15:16:21   [GPU] 3,050,036 evals (69317 batches, avg 44/batch = 9% of 512, 3247 evals/s, 243 msg/s, 13.3 leaves/msg, 939s)
2026-08-05 15:16:35   [GPU] 3,100,026 evals (70422 batches, avg 44/batch = 9% of 512, 3250 evals/s, 244 msg/s, 13.3 leaves/msg, 954s)
2026-08-05 15:16:50   [GPU] 3,150,030 evals (71519 batches, avg 44/batch = 9% of 512, 3253 evals/s, 244 msg/s, 13.3 leaves/msg, 968s)
2026-08-05 15:17:05   [GPU] 3,200,017 evals (72618 batches, avg 44/batch = 9% of 512, 3255 evals/s, 244 msg/s, 13.3 leaves/msg, 983s)
2026-08-05 15:17:18 [iter 52/60] eval vs best: 110/160 games (997s, cand 100%)
2026-08-05 15:17:20   [GPU] 3,250,024 evals (73738 batches, avg 44/batch = 9% of 512, 3256 evals/s, 244 msg/s, 13.3 leaves/msg, 998s)
2026-08-05 15:17:35   [GPU] 3,300,042 evals (74899 batches, avg 44/batch = 9% of 512, 3257 evals/s, 244 msg/s, 13.3 leaves/msg, 1013s)
2026-08-05 15:17:49   [GPU] 3,350,001 evals (75934 batches, avg 44/batch = 9% of 512, 3261 evals/s, 244 msg/s, 13.4 leaves/msg, 1027s)
2026-08-05 15:17:49 [iter 52/60] eval vs best: 115/160 games (1028s, cand 100%)
2026-08-05 15:18:03   [GPU] 3,400,043 evals (76985 batches, avg 44/batch = 9% of 512, 3265 evals/s, 245 msg/s, 13.4 leaves/msg, 1041s)
2026-08-05 15:18:17   [GPU] 3,450,029 evals (78048 batches, avg 44/batch = 9% of 512, 3269 evals/s, 245 msg/s, 13.4 leaves/msg, 1055s)
2026-08-05 15:18:25 [iter 52/60] eval vs best: 120/160 games (1063s, cand 100%)
2026-08-05 15:18:32   [GPU] 3,500,025 evals (79195 batches, avg 44/batch = 9% of 512, 3268 evals/s, 245 msg/s, 13.3 leaves/msg, 1071s)
2026-08-05 15:18:48   [GPU] 3,550,002 evals (80397 batches, avg 44/batch = 9% of 512, 3266 evals/s, 245 msg/s, 13.3 leaves/msg, 1087s)
2026-08-05 15:19:04   [GPU] 3,600,037 evals (81567 batches, avg 44/batch = 9% of 512, 3265 evals/s, 245 msg/s, 13.3 leaves/msg, 1103s)
2026-08-05 15:19:14 [iter 52/60] eval vs best: 125/160 games (1113s, cand 100%)
2026-08-05 15:19:19   [GPU] 3,650,022 evals (82712 batches, avg 44/batch = 9% of 512, 3265 evals/s, 245 msg/s, 13.3 leaves/msg, 1118s)
2026-08-05 15:19:35   [GPU] 3,700,008 evals (83880 batches, avg 44/batch = 9% of 512, 3265 evals/s, 245 msg/s, 13.3 leaves/msg, 1133s)
2026-08-05 15:19:46 [iter 52/60] eval vs best: 130/160 games (1145s, cand 100%)
2026-08-05 15:19:50   [GPU] 3,750,028 evals (85048 batches, avg 44/batch = 9% of 512, 3265 evals/s, 245 msg/s, 13.3 leaves/msg, 1149s)
2026-08-05 15:20:05   [GPU] 3,800,039 evals (86180 batches, avg 44/batch = 9% of 512, 3265 evals/s, 245 msg/s, 13.3 leaves/msg, 1164s)
2026-08-05 15:20:21   [GPU] 3,850,000 evals (87337 batches, avg 44/batch = 9% of 512, 3264 evals/s, 245 msg/s, 13.3 leaves/msg, 1179s)
2026-08-05 15:20:37 [iter 52/60] eval vs best: 135/160 games (1195s, cand 100%)
2026-08-05 15:20:38   [GPU] 3,900,072 evals (88596 batches, avg 44/batch = 9% of 512, 3260 evals/s, 245 msg/s, 13.3 leaves/msg, 1196s)
2026-08-05 15:20:55   [GPU] 3,950,007 evals (89861 batches, avg 44/batch = 9% of 512, 3256 evals/s, 245 msg/s, 13.3 leaves/msg, 1213s)
2026-08-05 15:21:12   [GPU] 4,000,041 evals (91103 batches, avg 44/batch = 9% of 512, 3252 evals/s, 244 msg/s, 13.3 leaves/msg, 1230s)
2026-08-05 15:21:16 [iter 52/60] eval vs best: 140/160 games (1235s, cand 100%)
2026-08-05 15:21:28   [GPU] 4,050,021 evals (92360 batches, avg 44/batch = 9% of 512, 3248 evals/s, 244 msg/s, 13.3 leaves/msg, 1247s)
2026-08-05 15:21:46   [GPU] 4,100,012 evals (93660 batches, avg 44/batch = 9% of 512, 3243 evals/s, 244 msg/s, 13.3 leaves/msg, 1264s)
2026-08-05 15:22:06   [GPU] 4,150,022 evals (95142 batches, avg 44/batch = 9% of 512, 3230 evals/s, 243 msg/s, 13.3 leaves/msg, 1285s)
2026-08-05 15:22:09 [iter 52/60] eval vs best: 145/160 games (1287s, cand 100%)
2026-08-05 15:22:27   [GPU] 4,200,009 evals (96662 batches, avg 43/batch = 8% of 512, 3217 evals/s, 242 msg/s, 13.3 leaves/msg, 1306s)
2026-08-05 15:22:51   [GPU] 4,250,002 evals (98351 batches, avg 43/batch = 8% of 512, 3197 evals/s, 241 msg/s, 13.3 leaves/msg, 1329s)
2026-08-05 15:23:13   [GPU] 4,300,019 evals (99934 batches, avg 43/batch = 8% of 512, 3182 evals/s, 240 msg/s, 13.3 leaves/msg, 1351s)
2026-08-05 15:23:20 [iter 52/60] eval vs best: 150/160 games (1359s, cand 100%)
2026-08-05 15:23:36   [GPU] 4,350,000 evals (101612 batches, avg 43/batch = 8% of 512, 3164 evals/s, 238 msg/s, 13.3 leaves/msg, 1375s)
2026-08-05 15:23:51 [iter 52/60] eval vs best: 155/160 games (1389s, cand 100%)
2026-08-05 15:24:46   [GPU] 4,400,004 evals (105021 batches, avg 42/batch = 8% of 512, 3047 evals/s, 230 msg/s, 13.2 leaves/msg, 1444s)
2026-08-05 15:26:18   [GPU] 4,450,009 evals (108429 batches, avg 41/batch = 8% of 512, 2896 evals/s, 219 msg/s, 13.2 leaves/msg, 1536s)
2026-08-05 15:27:15 [iter 52/60] eval vs best: 160/160 games (1594s, cand 100%)
2026-08-05 15:27:16 [iter 52/60] eval vs best done: 100.0% of 26 decided reject (only 26/160 games decided — too few to gate on) (1594s)
2026-08-05 15:27:16 [iter 52/60] eval vs random (40 games, 200 sims)...
2026-08-05 15:27:16 [EVAL-MP] 8 workers spawned (40 vs_random games, sims=200), GPU batcher starting...
2026-08-05 15:27:26 [iter 52/60] eval vs random: 5/40 games (10s, cand 100%)
2026-08-05 15:27:32   [GPU] 50,011 evals (1229 batches, avg 41/batch = 8% of 512, 3119 evals/s, 226 msg/s, 13.8 leaves/msg, 16s)
2026-08-05 15:27:38 [iter 52/60] eval vs random: 10/40 games (22s, cand 100%)
2026-08-05 15:27:45   [GPU] 100,021 evals (2398 batches, avg 42/batch = 8% of 512, 3456 evals/s, 252 msg/s, 13.7 leaves/msg, 29s)
2026-08-05 15:27:48 [iter 52/60] eval vs random: 15/40 games (32s, cand 100%)
2026-08-05 15:27:57 [iter 52/60] eval vs random: 20/40 games (41s, cand 100%)
2026-08-05 15:28:01   [GPU] 150,006 evals (3822 batches, avg 39/batch = 8% of 512, 3334 evals/s, 243 msg/s, 13.7 leaves/msg, 45s)
2026-08-05 15:28:04 [iter 52/60] eval vs random: 25/40 games (48s, cand 100%)
2026-08-05 15:28:11 [iter 52/60] eval vs random: 30/40 games (55s, cand 100%)
2026-08-05 15:28:23   [GPU] 200,027 evals (5622 batches, avg 36/batch = 7% of 512, 2967 evals/s, 218 msg/s, 13.6 leaves/msg, 67s)
2026-08-05 15:28:47   [GPU] 250,031 evals (7464 batches, avg 33/batch = 7% of 512, 2757 evals/s, 201 msg/s, 13.7 leaves/msg, 91s)
2026-08-05 15:28:47 [iter 52/60] eval vs random: 35/40 games (92s, cand 100%)
2026-08-05 15:29:23 [iter 52/60] eval vs random: 40/40 games (127s, cand 100%)
2026-08-05 15:29:24 [iter 52/60] eval vs random done: 100.0% (128s)
2026-08-05 15:29:24 [iter 52/60] eval vs greedy (40 games, 200 sims)...
2026-08-05 15:29:24 [EVAL-MP] 8 workers spawned (40 vs_greedy games, sims=200), GPU batcher starting...
2026-08-05 15:29:32 [iter 52/60] eval vs greedy: 5/40 games (8s, cand 80%)
2026-08-05 15:29:36 [iter 52/60] eval vs greedy: 10/40 games (12s, cand 70%)
2026-08-05 15:29:39   [GPU] 50,040 evals (1208 batches, avg 41/batch = 8% of 512, 3191 evals/s, 241 msg/s, 13.2 leaves/msg, 16s)
2026-08-05 15:29:41 [iter 52/60] eval vs greedy: 15/40 games (17s, cand 67%)
2026-08-05 15:29:44 [iter 52/60] eval vs greedy: 20/40 games (20s, cand 60%)
2026-08-05 15:29:49 [iter 52/60] eval vs greedy: 25/40 games (25s, cand 64%)
2026-08-05 15:29:53   [GPU] 100,005 evals (2461 batches, avg 41/batch = 8% of 512, 3392 evals/s, 258 msg/s, 13.2 leaves/msg, 29s)
2026-08-05 15:29:56 [iter 52/60] eval vs greedy: 30/40 games (32s, cand 63%)
2026-08-05 15:29:58 [iter 52/60] eval vs greedy: 35/40 games (34s, cand 63%)
2026-08-05 15:30:11 [iter 52/60] eval vs greedy: 40/40 games (47s, cand 57%)
2026-08-05 15:30:12 [iter 52/60] eval vs greedy done: 57.5% of 40 decided [seat0:13/20 seat1:10/20] (48s)
2026-08-05 15:30:12 [iter 52/60] eval vs minimax (depth 2, 40 games)...
2026-08-05 15:30:12 [EVAL-MP] 8 workers spawned (40 vs_minimax games, sims=200), GPU batcher starting...
2026-08-05 15:30:29   [GPU] 50,014 evals (1363 batches, avg 37/batch = 7% of 512, 2814 evals/s, 228 msg/s, 12.3 leaves/msg, 18s)
2026-08-05 15:30:34 [iter 52/60] eval vs minimax: 5/40 games (0%)
2026-08-05 15:30:45   [GPU] 100,037 evals (2813 batches, avg 36/batch = 7% of 512, 2973 evals/s, 254 msg/s, 11.7 leaves/msg, 34s)
2026-08-05 15:30:53 [iter 52/60] eval vs minimax: 10/40 games (0%)
2026-08-05 15:30:59   [GPU] 150,009 evals (4114 batches, avg 36/batch = 7% of 512, 3142 evals/s, 265 msg/s, 11.9 leaves/msg, 48s)
2026-08-05 15:31:06 [iter 52/60] eval vs minimax: 15/40 games (0%)
2026-08-05 15:31:14   [GPU] 200,004 evals (5454 batches, avg 37/batch = 7% of 512, 3187 evals/s, 262 msg/s, 12.2 leaves/msg, 63s)
2026-08-05 15:31:17 [iter 52/60] eval vs minimax: 20/40 games (0%)
2026-08-05 15:31:27 [iter 52/60] eval vs minimax: 25/40 games (0%)
2026-08-05 15:31:29   [GPU] 250,034 evals (6765 batches, avg 37/batch = 7% of 512, 3235 evals/s, 263 msg/s, 12.3 leaves/msg, 77s)
2026-08-05 15:31:33 [iter 52/60] eval vs minimax: 30/40 games (0%)
2026-08-05 15:31:49 [iter 52/60] eval vs minimax: 35/40 games (0%)
2026-08-05 15:31:52   [GPU] 300,010 evals (8571 batches, avg 35/batch = 7% of 512, 2992 evals/s, 242 msg/s, 12.4 leaves/msg, 100s)
2026-08-05 15:32:24 [iter 52/60] eval vs minimax: 40/40 games (0%)
2026-08-05 15:32:25 [iter 52/60] eval vs minimax done: 0.0% of 28 decided [seat0:0/20 seat1:0/20] (133s)
2026-08-05 15:32:25 [iter 52/60] WARNING: racing decay — best seat 65% is 35 pts below the peak 100% (1/2 evals)
2026-08-05 15:32:25 >>> iter 52 | loss_p=0.890 loss_v=0.127 | vs_best=100.0% reject | vs_rand=100.0% | draw=25% | buf=80986 | rss=3.81GB | sp=470s train=43s eval_best=1594s eval_rand=128s | total=2421s
2026-08-05 15:32:25 [iter 53/60] self-play starting (40 games, 600 sims, MIXED 20/40 race-only)...
2026-08-05 15:32:25 [PARALLEL-MP] 8 workers spawned (40 games, sims=600), GPU batcher starting...
2026-08-05 15:32:38   [GPU] 50,030 evals (952 batches, avg 53/batch = 10% of 512, 3895 evals/s, 310 msg/s, 12.6 leaves/msg, 13s)
2026-08-05 15:32:43 [iter 53/60] self-play: 5/40 games...
2026-08-05 15:32:50   [GPU] 100,039 evals (2125 batches, avg 47/batch = 9% of 512, 3908 evals/s, 308 msg/s, 12.7 leaves/msg, 26s)
2026-08-05 15:32:58 [iter 53/60] self-play: 10/40 games...
2026-08-05 15:33:04   [GPU] 150,029 evals (3355 batches, avg 45/batch = 9% of 512, 3793 evals/s, 296 msg/s, 12.8 leaves/msg, 40s)
2026-08-05 15:33:20   [GPU] 200,009 evals (4707 batches, avg 42/batch = 8% of 512, 3632 evals/s, 277 msg/s, 13.1 leaves/msg, 55s)
2026-08-05 15:33:35   [GPU] 250,014 evals (6045 batches, avg 41/batch = 8% of 512, 3556 evals/s, 265 msg/s, 13.4 leaves/msg, 70s)
2026-08-05 15:33:50   [GPU] 300,012 evals (7321 batches, avg 41/batch = 8% of 512, 3534 evals/s, 260 msg/s, 13.6 leaves/msg, 85s)
2026-08-05 15:34:04 [iter 53/60] self-play: 15/40 games...
2026-08-05 15:34:06   [GPU] 350,008 evals (8757 batches, avg 40/batch = 8% of 512, 3461 evals/s, 259 msg/s, 13.4 leaves/msg, 101s)
2026-08-05 15:34:23   [GPU] 400,013 evals (10287 batches, avg 39/batch = 8% of 512, 3375 evals/s, 255 msg/s, 13.2 leaves/msg, 119s)
2026-08-05 15:34:41   [GPU] 450,019 evals (11824 batches, avg 38/batch = 7% of 512, 3295 evals/s, 249 msg/s, 13.2 leaves/msg, 137s)
2026-08-05 15:34:51 [iter 53/60] self-play: 20/40 games...
2026-08-05 15:34:57   [GPU] 500,009 evals (13202 batches, avg 38/batch = 7% of 512, 3283 evals/s, 248 msg/s, 13.2 leaves/msg, 152s)
2026-08-05 15:35:12   [GPU] 550,058 evals (14517 batches, avg 38/batch = 7% of 512, 3292 evals/s, 248 msg/s, 13.3 leaves/msg, 167s)
2026-08-05 15:35:26   [GPU] 600,011 evals (15775 batches, avg 38/batch = 7% of 512, 3318 evals/s, 250 msg/s, 13.3 leaves/msg, 181s)
2026-08-05 15:35:38   [GPU] 650,002 evals (16909 batches, avg 38/batch = 8% of 512, 3360 evals/s, 253 msg/s, 13.3 leaves/msg, 193s)
2026-08-05 15:35:40 [iter 53/60] self-play: 25/40 games...
2026-08-05 15:35:53   [GPU] 700,043 evals (18204 batches, avg 38/batch = 8% of 512, 3369 evals/s, 253 msg/s, 13.3 leaves/msg, 208s)
2026-08-05 15:36:07   [GPU] 750,025 evals (19478 batches, avg 39/batch = 8% of 512, 3382 evals/s, 253 msg/s, 13.3 leaves/msg, 222s)
2026-08-05 15:36:22   [GPU] 800,030 evals (20821 batches, avg 38/batch = 8% of 512, 3378 evals/s, 253 msg/s, 13.4 leaves/msg, 237s)
2026-08-05 15:36:37   [GPU] 850,002 evals (22171 batches, avg 38/batch = 7% of 512, 3364 evals/s, 251 msg/s, 13.4 leaves/msg, 253s)
2026-08-05 15:36:45 [iter 53/60] self-play: 30/40 games...
2026-08-05 15:36:52   [GPU] 900,005 evals (23438 batches, avg 38/batch = 7% of 512, 3367 evals/s, 251 msg/s, 13.4 leaves/msg, 267s)
2026-08-05 15:37:09   [GPU] 950,036 evals (24903 batches, avg 38/batch = 7% of 512, 3347 evals/s, 250 msg/s, 13.4 leaves/msg, 284s)
2026-08-05 15:37:26   [GPU] 1,000,043 evals (26413 batches, avg 38/batch = 7% of 512, 3325 evals/s, 248 msg/s, 13.4 leaves/msg, 301s)
2026-08-05 15:37:28 [iter 53/60] self-play: 35/40 games...
2026-08-05 15:37:51   [GPU] 1,050,011 evals (28441 batches, avg 37/batch = 7% of 512, 3222 evals/s, 240 msg/s, 13.5 leaves/msg, 326s)
2026-08-05 15:38:23   [GPU] 1,100,015 evals (30754 batches, avg 36/batch = 7% of 512, 3073 evals/s, 228 msg/s, 13.5 leaves/msg, 358s)
2026-08-05 15:39:13   [GPU] 1,150,013 evals (33479 batches, avg 34/batch = 7% of 512, 2819 evals/s, 210 msg/s, 13.5 leaves/msg, 408s)
2026-08-05 15:39:54   [GPU] 1,200,014 evals (36259 batches, avg 33/batch = 6% of 512, 2672 evals/s, 198 msg/s, 13.5 leaves/msg, 449s)
2026-08-05 15:41:22 [iter 53/60] self-play: 40/40 games...
2026-08-05 15:41:22 [iter 53/60] self-play done: 40 games (537s) | wins: P0=4, P1=27, draw=9 | draw_rate=22% avg_len~19
2026-08-05 15:41:22 [iter 53/60] WARNING: draw_rate 22% > 20% — games timing out at max_game_moves=160 (weak value signal).
2026-08-05 15:41:22 [iter 53/60] training (600 steps, lr=1.39e-04)...
2026-08-05 15:42:07 [iter 53/60] training done: loss_p=0.895 loss_v=0.123 (45s)
2026-08-05 15:42:11 [iter 53/60] data: policy_wall_mass=0.148 walled_states=58% walls_on_board=11.4 value_mae walled=0.150 free=0.087
2026-08-05 15:42:11 [iter 53/60] eval skipped (eval_every=4)
2026-08-05 15:42:11 >>> iter 53 | loss_p=0.895 loss_v=0.123 | vs_best=n/a (not evaluated) | vs_rand=n/a | draw=22% | buf=82516 | rss=3.83GB | sp=537s train=45s eval_best=0s eval_rand=0s | total=587s
2026-08-05 15:42:11 [iter 54/60] self-play starting (40 games, 600 sims, MIXED 20/40 race-only)...
2026-08-05 15:42:11 [PARALLEL-MP] 8 workers spawned (40 games, sims=600), GPU batcher starting...
2026-08-05 15:42:24   [GPU] 50,059 evals (936 batches, avg 53/batch = 10% of 512, 4021 evals/s, 301 msg/s, 13.4 leaves/msg, 12s)
2026-08-05 15:42:31 [iter 54/60] self-play: 5/40 games...
2026-08-05 15:42:36   [GPU] 100,051 evals (2043 batches, avg 49/batch = 10% of 512, 4040 evals/s, 314 msg/s, 12.9 leaves/msg, 25s)
2026-08-05 15:42:47 [iter 54/60] self-play: 10/40 games...
2026-08-05 15:42:49   [GPU] 150,024 evals (3237 batches, avg 46/batch = 9% of 512, 3956 evals/s, 308 msg/s, 12.8 leaves/msg, 38s)
2026-08-05 15:43:03   [GPU] 200,026 evals (4449 batches, avg 45/batch = 9% of 512, 3873 evals/s, 297 msg/s, 13.0 leaves/msg, 52s)
2026-08-05 15:43:12 [iter 54/60] self-play: 15/40 games...
2026-08-05 15:43:16   [GPU] 250,031 evals (5734 batches, avg 44/batch = 9% of 512, 3875 evals/s, 294 msg/s, 13.2 leaves/msg, 65s)
2026-08-05 15:43:28   [GPU] 300,006 evals (6928 batches, avg 43/batch = 8% of 512, 3895 evals/s, 292 msg/s, 13.4 leaves/msg, 77s)
2026-08-05 15:43:41   [GPU] 350,020 evals (8142 batches, avg 43/batch = 8% of 512, 3901 evals/s, 294 msg/s, 13.3 leaves/msg, 90s)
2026-08-05 15:43:54   [GPU] 400,007 evals (9354 batches, avg 43/batch = 8% of 512, 3908 evals/s, 293 msg/s, 13.3 leaves/msg, 102s)
2026-08-05 15:43:57 [iter 54/60] self-play: 20/40 games...
2026-08-05 15:44:06   [GPU] 450,056 evals (10513 batches, avg 43/batch = 8% of 512, 3935 evals/s, 295 msg/s, 13.3 leaves/msg, 114s)
2026-08-05 15:44:19   [GPU] 500,016 evals (11749 batches, avg 43/batch = 8% of 512, 3929 evals/s, 294 msg/s, 13.4 leaves/msg, 127s)
2026-08-05 15:44:21 [iter 54/60] self-play: 25/40 games...
2026-08-05 15:44:33   [GPU] 550,041 evals (13090 batches, avg 42/batch = 8% of 512, 3875 evals/s, 288 msg/s, 13.5 leaves/msg, 142s)
2026-08-05 15:44:48   [GPU] 600,025 evals (14395 batches, avg 42/batch = 8% of 512, 3839 evals/s, 283 msg/s, 13.6 leaves/msg, 156s)
2026-08-05 15:45:01   [GPU] 650,001 evals (15624 batches, avg 42/batch = 8% of 512, 3836 evals/s, 281 msg/s, 13.6 leaves/msg, 169s)
2026-08-05 15:45:14   [GPU] 700,026 evals (16844 batches, avg 42/batch = 8% of 512, 3836 evals/s, 282 msg/s, 13.6 leaves/msg, 182s)
2026-08-05 15:45:26   [GPU] 750,005 evals (17990 batches, avg 42/batch = 8% of 512, 3854 evals/s, 283 msg/s, 13.6 leaves/msg, 195s)
2026-08-05 15:45:27 [iter 54/60] self-play: 30/40 games...
2026-08-05 15:45:41   [GPU] 800,030 evals (19341 batches, avg 41/batch = 8% of 512, 3816 evals/s, 280 msg/s, 13.6 leaves/msg, 210s)
2026-08-05 15:45:58   [GPU] 850,014 evals (20860 batches, avg 41/batch = 8% of 512, 3745 evals/s, 274 msg/s, 13.7 leaves/msg, 227s)
2026-08-05 15:46:15   [GPU] 900,028 evals (22331 batches, avg 40/batch = 8% of 512, 3694 evals/s, 270 msg/s, 13.7 leaves/msg, 244s)
2026-08-05 15:46:20 [iter 54/60] self-play: 35/40 games...
2026-08-05 15:46:38   [GPU] 950,014 evals (24168 batches, avg 39/batch = 8% of 512, 3568 evals/s, 260 msg/s, 13.7 leaves/msg, 266s)
2026-08-05 15:47:08   [GPU] 1,000,020 evals (26471 batches, avg 38/batch = 7% of 512, 3370 evals/s, 246 msg/s, 13.7 leaves/msg, 297s)
2026-08-05 15:47:53   [GPU] 1,050,002 evals (29171 batches, avg 36/batch = 7% of 512, 3072 evals/s, 225 msg/s, 13.7 leaves/msg, 342s)
2026-08-05 15:48:47   [GPU] 1,100,012 evals (32099 batches, avg 34/batch = 7% of 512, 2784 evals/s, 204 msg/s, 13.7 leaves/msg, 395s)
2026-08-05 15:49:53 [iter 54/60] self-play: 40/40 games...
2026-08-05 15:49:53 [iter 54/60] self-play done: 40 games (462s) | wins: P0=10, P1=22, draw=8 | draw_rate=20% avg_len~20
2026-08-05 15:49:53 [iter 54/60] training (600 steps, lr=1.30e-04)...
2026-08-05 15:50:40 [iter 54/60] training done: loss_p=0.894 loss_v=0.125 (46s)
2026-08-05 15:50:43 [iter 54/60] data: policy_wall_mass=0.162 walled_states=51% walls_on_board=11.1 value_mae walled=0.149 free=0.139
2026-08-05 15:50:44 [iter 54/60] eval skipped (eval_every=4)
2026-08-05 15:50:44 >>> iter 54 | loss_p=0.894 loss_v=0.125 | vs_best=n/a (not evaluated) | vs_rand=n/a | draw=20% | buf=84086 | rss=3.85GB | sp=462s train=46s eval_best=0s eval_rand=0s | total=513s
2026-08-05 15:50:44 [iter 55/60] self-play starting (40 games, 600 sims, MIXED 20/40 race-only)...
2026-08-05 15:50:44 [PARALLEL-MP] 8 workers spawned (40 games, sims=600), GPU batcher starting...
2026-08-05 15:50:55   [GPU] 50,005 evals (870 batches, avg 57/batch = 11% of 512, 4445 evals/s, 317 msg/s, 14.0 leaves/msg, 11s)
2026-08-05 15:51:02 [iter 55/60] self-play: 5/40 games...
2026-08-05 15:51:06   [GPU] 100,012 evals (1871 batches, avg 53/batch = 10% of 512, 4552 evals/s, 348 msg/s, 13.1 leaves/msg, 22s)
2026-08-05 15:51:16 [iter 55/60] self-play: 10/40 games...
2026-08-05 15:51:19   [GPU] 150,024 evals (3063 batches, avg 49/batch = 10% of 512, 4316 evals/s, 338 msg/s, 12.8 leaves/msg, 35s)
2026-08-05 15:51:35   [GPU] 200,046 evals (4489 batches, avg 45/batch = 9% of 512, 3947 evals/s, 300 msg/s, 13.1 leaves/msg, 51s)
2026-08-05 15:51:49   [GPU] 250,001 evals (5824 batches, avg 43/batch = 8% of 512, 3823 evals/s, 283 msg/s, 13.5 leaves/msg, 65s)
2026-08-05 15:52:02   [GPU] 300,032 evals (7019 batches, avg 43/batch = 8% of 512, 3837 evals/s, 280 msg/s, 13.7 leaves/msg, 78s)
2026-08-05 15:52:14   [GPU] 350,061 evals (8116 batches, avg 43/batch = 8% of 512, 3908 evals/s, 283 msg/s, 13.8 leaves/msg, 90s)
2026-08-05 15:52:25   [GPU] 400,006 evals (9171 batches, avg 44/batch = 9% of 512, 3978 evals/s, 286 msg/s, 13.9 leaves/msg, 101s)
2026-08-05 15:52:35   [GPU] 450,053 evals (10195 batches, avg 44/batch = 9% of 512, 4048 evals/s, 294 msg/s, 13.8 leaves/msg, 111s)
2026-08-05 15:52:36 [iter 55/60] self-play: 15/40 games...
2026-08-05 15:52:47   [GPU] 500,009 evals (11321 batches, avg 44/batch = 9% of 512, 4071 evals/s, 297 msg/s, 13.7 leaves/msg, 123s)
2026-08-05 15:52:58   [GPU] 550,061 evals (12393 batches, avg 44/batch = 9% of 512, 4114 evals/s, 304 msg/s, 13.6 leaves/msg, 134s)
2026-08-05 15:53:10   [GPU] 600,025 evals (13578 batches, avg 44/batch = 9% of 512, 4109 evals/s, 306 msg/s, 13.4 leaves/msg, 146s)
2026-08-05 15:53:14 [iter 55/60] self-play: 20/40 games...
2026-08-05 15:53:24   [GPU] 650,028 evals (14868 batches, avg 44/batch = 9% of 512, 4070 evals/s, 305 msg/s, 13.4 leaves/msg, 160s)
2026-08-05 15:53:39   [GPU] 700,011 evals (16286 batches, avg 43/batch = 8% of 512, 4008 evals/s, 301 msg/s, 13.3 leaves/msg, 175s)
2026-08-05 15:53:51   [GPU] 750,002 evals (17494 batches, avg 43/batch = 8% of 512, 4002 evals/s, 302 msg/s, 13.3 leaves/msg, 187s)
2026-08-05 15:54:05   [GPU] 800,012 evals (18777 batches, avg 43/batch = 8% of 512, 3983 evals/s, 300 msg/s, 13.3 leaves/msg, 201s)
2026-08-05 15:54:11 [iter 55/60] self-play: 25/40 games...
2026-08-05 15:54:19   [GPU] 850,008 evals (20082 batches, avg 42/batch = 8% of 512, 3961 evals/s, 299 msg/s, 13.3 leaves/msg, 215s)
2026-08-05 15:54:33   [GPU] 900,032 evals (21417 batches, avg 42/batch = 8% of 512, 3930 evals/s, 296 msg/s, 13.3 leaves/msg, 229s)
2026-08-05 15:54:47   [GPU] 950,013 evals (22733 batches, avg 42/batch = 8% of 512, 3910 evals/s, 294 msg/s, 13.3 leaves/msg, 243s)
2026-08-05 15:54:59   [GPU] 1,000,019 evals (23863 batches, avg 42/batch = 8% of 512, 3924 evals/s, 296 msg/s, 13.3 leaves/msg, 255s)
2026-08-05 15:55:12   [GPU] 1,050,013 evals (25097 batches, avg 42/batch = 8% of 512, 3923 evals/s, 296 msg/s, 13.3 leaves/msg, 268s)
2026-08-05 15:55:24   [GPU] 1,100,030 evals (26257 batches, avg 42/batch = 8% of 512, 3935 evals/s, 297 msg/s, 13.2 leaves/msg, 280s)
2026-08-05 15:55:27 [iter 55/60] self-play: 30/40 games...
2026-08-05 15:55:38   [GPU] 1,150,004 evals (27637 batches, avg 42/batch = 8% of 512, 3911 evals/s, 297 msg/s, 13.2 leaves/msg, 294s)
2026-08-05 15:55:53   [GPU] 1,200,000 evals (29030 batches, avg 41/batch = 8% of 512, 3889 evals/s, 296 msg/s, 13.1 leaves/msg, 309s)
2026-08-05 15:56:10   [GPU] 1,250,008 evals (30660 batches, avg 41/batch = 8% of 512, 3831 evals/s, 292 msg/s, 13.1 leaves/msg, 326s)
2026-08-05 15:56:19 [iter 55/60] self-play: 35/40 games...
2026-08-05 15:56:31   [GPU] 1,300,037 evals (32499 batches, avg 40/batch = 8% of 512, 3749 evals/s, 286 msg/s, 13.1 leaves/msg, 347s)
2026-08-05 15:56:53   [GPU] 1,350,007 evals (34461 batches, avg 39/batch = 8% of 512, 3662 evals/s, 281 msg/s, 13.0 leaves/msg, 369s)
2026-08-05 15:57:49   [GPU] 1,400,006 evals (38171 batches, avg 37/batch = 7% of 512, 3295 evals/s, 254 msg/s, 13.0 leaves/msg, 425s)
2026-08-05 16:08:12   [GPU] 1,450,000 evals (50391 batches, avg 29/batch = 6% of 512, 1384 evals/s, 115 msg/s, 12.0 leaves/msg, 1048s)
2026-08-05 16:09:30 [iter 55/60] self-play: 40/40 games...
2026-08-05 16:09:30 [iter 55/60] self-play done: 40 games (1126s) | wins: P0=4, P1=23, draw=13 | draw_rate=32% avg_len~13
2026-08-05 16:09:30 [iter 55/60] WARNING: draw_rate 32% > 20% — games timing out at max_game_moves=160 (weak value signal).
2026-08-05 16:09:30 [iter 55/60] training (600 steps, lr=1.22e-04)...
2026-08-05 16:10:20 [iter 55/60] training done: loss_p=0.888 loss_v=0.125 (50s)
2026-08-05 16:10:24 [iter 55/60] data: policy_wall_mass=0.083 walled_states=25% walls_on_board=3.8 value_mae walled=0.221 free=0.086
2026-08-05 16:10:25 [iter 55/60] eval skipped (eval_every=4)
2026-08-05 16:10:25 >>> iter 55 | loss_p=0.888 loss_v=0.125 | vs_best=n/a (not evaluated) | vs_rand=n/a | draw=32% | buf=85116 | rss=3.87GB | sp=1126s train=50s eval_best=0s eval_rand=0s | total=1180s
2026-08-05 16:10:25 [iter 56/60] self-play starting (40 games, 600 sims, MIXED 20/40 race-only)...
2026-08-05 16:10:25 [PARALLEL-MP] 8 workers spawned (40 games, sims=600), GPU batcher starting...
2026-08-05 16:10:37   [GPU] 50,003 evals (960 batches, avg 52/batch = 10% of 512, 3907 evals/s, 302 msg/s, 12.9 leaves/msg, 13s)
2026-08-05 16:10:42 [iter 56/60] self-play: 5/40 games...
2026-08-05 16:10:50   [GPU] 100,020 evals (2062 batches, avg 49/batch = 9% of 512, 4010 evals/s, 314 msg/s, 12.8 leaves/msg, 25s)
2026-08-05 16:10:58 [iter 56/60] self-play: 10/40 games...
2026-08-05 16:11:03   [GPU] 150,042 evals (3272 batches, avg 46/batch = 9% of 512, 3886 evals/s, 302 msg/s, 12.9 leaves/msg, 39s)
2026-08-05 16:11:19   [GPU] 200,007 evals (4599 batches, avg 43/batch = 8% of 512, 3700 evals/s, 279 msg/s, 13.2 leaves/msg, 54s)
2026-08-05 16:11:32   [GPU] 250,023 evals (5786 batches, avg 43/batch = 8% of 512, 3722 evals/s, 276 msg/s, 13.5 leaves/msg, 67s)
2026-08-05 16:11:45   [GPU] 300,008 evals (6988 batches, avg 43/batch = 8% of 512, 3741 evals/s, 275 msg/s, 13.6 leaves/msg, 80s)
2026-08-05 16:11:58   [GPU] 350,025 evals (8171 batches, avg 43/batch = 8% of 512, 3753 evals/s, 273 msg/s, 13.7 leaves/msg, 93s)
2026-08-05 16:12:11   [GPU] 400,008 evals (9356 batches, avg 43/batch = 8% of 512, 3757 evals/s, 272 msg/s, 13.8 leaves/msg, 106s)
2026-08-05 16:12:24   [GPU] 450,005 evals (10504 batches, avg 43/batch = 8% of 512, 3768 evals/s, 272 msg/s, 13.9 leaves/msg, 119s)
2026-08-05 16:12:37   [GPU] 500,036 evals (11702 batches, avg 43/batch = 8% of 512, 3776 evals/s, 274 msg/s, 13.8 leaves/msg, 132s)
2026-08-05 16:12:48 [iter 56/60] self-play: 15/40 games...
2026-08-05 16:12:48   [GPU] 550,016 evals (12754 batches, avg 43/batch = 8% of 512, 3825 evals/s, 279 msg/s, 13.7 leaves/msg, 144s)
2026-08-05 16:13:00   [GPU] 600,025 evals (13772 batches, avg 44/batch = 9% of 512, 3873 evals/s, 283 msg/s, 13.7 leaves/msg, 155s)
2026-08-05 16:13:12   [GPU] 650,066 evals (14843 batches, avg 44/batch = 9% of 512, 3894 evals/s, 286 msg/s, 13.6 leaves/msg, 167s)
2026-08-05 16:13:14 [iter 56/60] self-play: 20/40 games...
2026-08-05 16:13:24   [GPU] 700,070 evals (15932 batches, avg 44/batch = 9% of 512, 3911 evals/s, 286 msg/s, 13.7 leaves/msg, 179s)
2026-08-05 16:13:37   [GPU] 750,017 evals (17106 batches, avg 44/batch = 9% of 512, 3905 evals/s, 286 msg/s, 13.6 leaves/msg, 192s)
2026-08-05 16:13:53   [GPU] 800,004 evals (18499 batches, avg 43/batch = 8% of 512, 3846 evals/s, 283 msg/s, 13.6 leaves/msg, 208s)
2026-08-05 16:13:54 [iter 56/60] self-play: 25/40 games...
2026-08-05 16:14:07   [GPU] 850,019 evals (19761 batches, avg 43/batch = 8% of 512, 3829 evals/s, 282 msg/s, 13.6 leaves/msg, 222s)
2026-08-05 16:14:20   [GPU] 900,042 evals (20997 batches, avg 43/batch = 8% of 512, 3819 evals/s, 281 msg/s, 13.6 leaves/msg, 236s)
2026-08-05 16:14:33   [GPU] 950,010 evals (22164 batches, avg 43/batch = 8% of 512, 3826 evals/s, 282 msg/s, 13.6 leaves/msg, 248s)
2026-08-05 16:14:35 [iter 56/60] self-play: 30/40 games...
2026-08-05 16:14:46   [GPU] 1,000,043 evals (23392 batches, avg 43/batch = 8% of 512, 3822 evals/s, 282 msg/s, 13.6 leaves/msg, 262s)
2026-08-05 16:15:02   [GPU] 1,050,023 evals (24760 batches, avg 42/batch = 8% of 512, 3787 evals/s, 280 msg/s, 13.5 leaves/msg, 277s)
2026-08-05 16:15:06 [iter 56/60] self-play: 35/40 games...
2026-08-05 16:15:27   [GPU] 1,100,055 evals (26625 batches, avg 41/batch = 8% of 512, 3635 evals/s, 269 msg/s, 13.5 leaves/msg, 303s)
2026-08-05 16:15:55   [GPU] 1,150,008 evals (28847 batches, avg 40/batch = 8% of 512, 3482 evals/s, 259 msg/s, 13.4 leaves/msg, 330s)
2026-08-05 16:16:18   [GPU] 1,200,004 evals (30816 batches, avg 39/batch = 8% of 512, 3394 evals/s, 254 msg/s, 13.4 leaves/msg, 354s)
2026-08-05 16:16:40   [GPU] 1,250,040 evals (32664 batches, avg 38/batch = 7% of 512, 3331 evals/s, 250 msg/s, 13.3 leaves/msg, 375s)
2026-08-05 16:17:00   [GPU] 1,300,026 evals (34422 batches, avg 38/batch = 7% of 512, 3288 evals/s, 248 msg/s, 13.3 leaves/msg, 395s)
2026-08-05 16:17:30   [GPU] 1,350,012 evals (36723 batches, avg 37/batch = 7% of 512, 3172 evals/s, 240 msg/s, 13.2 leaves/msg, 426s)
2026-08-05 16:18:10 [iter 56/60] self-play: 40/40 games...
2026-08-05 16:18:10 [iter 56/60] self-play done: 40 games (465s) | wins: P0=8, P1=24, draw=8 | draw_rate=20% avg_len~29
2026-08-05 16:18:10 [iter 56/60] training (600 steps, lr=1.15e-04)...
2026-08-05 16:19:03 [iter 56/60] training done: loss_p=0.890 loss_v=0.125 (53s)
2026-08-05 16:19:07 [iter 56/60] data: policy_wall_mass=0.127 walled_states=69% walls_on_board=19.6 value_mae walled=0.154 free=0.103
2026-08-05 16:19:08 [iter 56/60] eval vs best (160 games, 200 sims)...
2026-08-05 16:19:08 [EVAL-MP] 8 workers spawned (160 vs_best games, sims=200), GPU batcher starting...
2026-08-05 16:19:26   [GPU] 50,011 evals (1159 batches, avg 43/batch = 8% of 512, 2726 evals/s, 195 msg/s, 14.0 leaves/msg, 18s)
2026-08-05 16:19:41   [GPU] 100,032 evals (2269 batches, avg 44/batch = 9% of 512, 3003 evals/s, 222 msg/s, 13.5 leaves/msg, 33s)
2026-08-05 16:19:56   [GPU] 150,019 evals (3378 batches, avg 44/batch = 9% of 512, 3111 evals/s, 233 msg/s, 13.4 leaves/msg, 48s)
2026-08-05 16:20:11   [GPU] 200,016 evals (4484 batches, avg 45/batch = 9% of 512, 3159 evals/s, 238 msg/s, 13.3 leaves/msg, 63s)
2026-08-05 16:20:25 [iter 56/60] eval vs best: 5/160 games (78s, cand 100%)
2026-08-05 16:20:26   [GPU] 250,025 evals (5611 batches, avg 45/batch = 9% of 512, 3181 evals/s, 239 msg/s, 13.3 leaves/msg, 79s)
2026-08-05 16:20:43   [GPU] 300,044 evals (6841 batches, avg 44/batch = 9% of 512, 3149 evals/s, 234 msg/s, 13.4 leaves/msg, 95s)
2026-08-05 16:20:47 [iter 56/60] eval vs best: 10/160 games (99s, cand 50%)
2026-08-05 16:20:58   [GPU] 350,026 evals (7963 batches, avg 44/batch = 9% of 512, 3177 evals/s, 235 msg/s, 13.5 leaves/msg, 110s)
2026-08-05 16:21:12   [GPU] 400,023 evals (9021 batches, avg 44/batch = 9% of 512, 3221 evals/s, 238 msg/s, 13.5 leaves/msg, 124s)
2026-08-05 16:21:26   [GPU] 450,021 evals (10092 batches, avg 45/batch = 9% of 512, 3249 evals/s, 239 msg/s, 13.6 leaves/msg, 139s)
2026-08-05 16:21:40   [GPU] 500,011 evals (11141 batches, avg 45/batch = 9% of 512, 3279 evals/s, 241 msg/s, 13.6 leaves/msg, 153s)
2026-08-05 16:21:42 [iter 56/60] eval vs best: 15/160 games (154s, cand 75%)
2026-08-05 16:21:55   [GPU] 550,039 evals (12276 batches, avg 45/batch = 9% of 512, 3277 evals/s, 241 msg/s, 13.6 leaves/msg, 168s)
2026-08-05 16:21:59 [iter 56/60] eval vs best: 20/160 games (171s, cand 67%)
2026-08-05 16:22:11   [GPU] 600,031 evals (13412 batches, avg 45/batch = 9% of 512, 3273 evals/s, 240 msg/s, 13.6 leaves/msg, 183s)
2026-08-05 16:22:25 [iter 56/60] eval vs best: 25/160 games (198s, cand 78%)
2026-08-05 16:22:27   [GPU] 650,019 evals (14592 batches, avg 45/batch = 9% of 512, 3266 evals/s, 240 msg/s, 13.6 leaves/msg, 199s)
2026-08-05 16:22:41   [GPU] 700,022 evals (15707 batches, avg 45/batch = 9% of 512, 3276 evals/s, 241 msg/s, 13.6 leaves/msg, 214s)
2026-08-05 16:22:56   [GPU] 750,057 evals (16842 batches, avg 45/batch = 9% of 512, 3279 evals/s, 241 msg/s, 13.6 leaves/msg, 229s)
2026-08-05 16:23:11   [GPU] 800,049 evals (17945 batches, avg 45/batch = 9% of 512, 3286 evals/s, 241 msg/s, 13.6 leaves/msg, 243s)
2026-08-05 16:23:23 [iter 56/60] eval vs best: 30/160 games (255s, cand 78%)
2026-08-05 16:23:26   [GPU] 850,048 evals (19099 batches, avg 45/batch = 9% of 512, 3284 evals/s, 241 msg/s, 13.6 leaves/msg, 259s)
2026-08-05 16:23:42   [GPU] 900,016 evals (20271 batches, avg 44/batch = 9% of 512, 3281 evals/s, 240 msg/s, 13.7 leaves/msg, 274s)
2026-08-05 16:23:54 [iter 56/60] eval vs best: 35/160 games (286s, cand 80%)
2026-08-05 16:23:58   [GPU] 950,017 evals (21497 batches, avg 44/batch = 9% of 512, 3266 evals/s, 239 msg/s, 13.7 leaves/msg, 291s)
2026-08-05 16:24:15   [GPU] 1,000,013 evals (22732 batches, avg 44/batch = 9% of 512, 3255 evals/s, 239 msg/s, 13.6 leaves/msg, 307s)
2026-08-05 16:24:32   [GPU] 1,050,017 evals (24000 batches, avg 44/batch = 9% of 512, 3237 evals/s, 239 msg/s, 13.5 leaves/msg, 324s)
2026-08-05 16:24:49   [GPU] 1,100,003 evals (25271 batches, avg 44/batch = 9% of 512, 3222 evals/s, 239 msg/s, 13.5 leaves/msg, 341s)
2026-08-05 16:24:59 [iter 56/60] eval vs best: 40/160 games (351s, cand 82%)
2026-08-05 16:25:06   [GPU] 1,150,004 evals (26534 batches, avg 43/batch = 8% of 512, 3210 evals/s, 239 msg/s, 13.4 leaves/msg, 358s)
2026-08-05 16:25:21   [GPU] 1,200,030 evals (27684 batches, avg 43/batch = 8% of 512, 3211 evals/s, 239 msg/s, 13.4 leaves/msg, 374s)
2026-08-05 16:25:32 [iter 56/60] eval vs best: 45/160 games (385s, cand 83%)
2026-08-05 16:25:36   [GPU] 1,250,001 evals (28826 batches, avg 43/batch = 8% of 512, 3214 evals/s, 240 msg/s, 13.4 leaves/msg, 389s)
2026-08-05 16:25:51   [GPU] 1,300,045 evals (29911 batches, avg 43/batch = 8% of 512, 3223 evals/s, 240 msg/s, 13.4 leaves/msg, 403s)
2026-08-05 16:26:02 [iter 56/60] eval vs best: 50/160 games (414s, cand 86%)
2026-08-05 16:26:06   [GPU] 1,350,033 evals (31021 batches, avg 44/batch = 8% of 512, 3229 evals/s, 240 msg/s, 13.5 leaves/msg, 418s)
2026-08-05 16:26:21   [GPU] 1,400,017 evals (32188 batches, avg 43/batch = 8% of 512, 3226 evals/s, 240 msg/s, 13.4 leaves/msg, 434s)
2026-08-05 16:26:38   [GPU] 1,450,056 evals (33390 batches, avg 43/batch = 8% of 512, 3222 evals/s, 240 msg/s, 13.4 leaves/msg, 450s)
2026-08-05 16:26:53   [GPU] 1,500,011 evals (34530 batches, avg 43/batch = 8% of 512, 3223 evals/s, 240 msg/s, 13.4 leaves/msg, 465s)
2026-08-05 16:27:00 [iter 56/60] eval vs best: 55/160 games (473s, cand 87%)
2026-08-05 16:27:08   [GPU] 1,550,034 evals (35666 batches, avg 43/batch = 8% of 512, 3225 evals/s, 241 msg/s, 13.4 leaves/msg, 481s)
2026-08-05 16:27:23   [GPU] 1,600,004 evals (36789 batches, avg 43/batch = 8% of 512, 3228 evals/s, 241 msg/s, 13.4 leaves/msg, 496s)
2026-08-05 16:27:25 [iter 56/60] eval vs best: 60/160 games (497s, cand 81%)
2026-08-05 16:27:38   [GPU] 1,650,009 evals (37910 batches, avg 44/batch = 9% of 512, 3231 evals/s, 241 msg/s, 13.4 leaves/msg, 511s)
2026-08-05 16:27:53   [GPU] 1,700,005 evals (38997 batches, avg 44/batch = 9% of 512, 3237 evals/s, 241 msg/s, 13.4 leaves/msg, 525s)
2026-08-05 16:28:02 [iter 56/60] eval vs best: 65/160 games (534s, cand 83%)
2026-08-05 16:28:06   [GPU] 1,750,007 evals (39993 batches, avg 44/batch = 9% of 512, 3248 evals/s, 242 msg/s, 13.4 leaves/msg, 539s)
2026-08-05 16:28:20   [GPU] 1,800,003 evals (41018 batches, avg 44/batch = 9% of 512, 3258 evals/s, 243 msg/s, 13.4 leaves/msg, 552s)
2026-08-05 16:28:34   [GPU] 1,850,032 evals (42040 batches, avg 44/batch = 9% of 512, 3268 evals/s, 244 msg/s, 13.4 leaves/msg, 566s)
2026-08-05 16:28:37 [iter 56/60] eval vs best: 70/160 games (569s, cand 84%)
2026-08-05 16:28:48   [GPU] 1,900,004 evals (43123 batches, avg 44/batch = 9% of 512, 3272 evals/s, 244 msg/s, 13.4 leaves/msg, 581s)
2026-08-05 16:29:03   [GPU] 1,950,011 evals (44223 batches, avg 44/batch = 9% of 512, 3277 evals/s, 245 msg/s, 13.4 leaves/msg, 595s)
2026-08-05 16:29:17   [GPU] 2,000,045 evals (45290 batches, avg 44/batch = 9% of 512, 3282 evals/s, 245 msg/s, 13.4 leaves/msg, 609s)
2026-08-05 16:29:28 [iter 56/60] eval vs best: 75/160 games (620s, cand 84%)
2026-08-05 16:29:32   [GPU] 2,050,026 evals (46395 batches, avg 44/batch = 9% of 512, 3283 evals/s, 245 msg/s, 13.4 leaves/msg, 624s)
2026-08-05 16:29:47   [GPU] 2,100,024 evals (47530 batches, avg 44/batch = 9% of 512, 3283 evals/s, 245 msg/s, 13.4 leaves/msg, 640s)
2026-08-05 16:29:54 [iter 56/60] eval vs best: 80/160 games (647s, cand 86%)
2026-08-05 16:30:02   [GPU] 2,150,012 evals (48622 batches, avg 44/batch = 9% of 512, 3285 evals/s, 245 msg/s, 13.4 leaves/msg, 654s)
2026-08-05 16:30:17   [GPU] 2,200,019 evals (49732 batches, avg 44/batch = 9% of 512, 3287 evals/s, 246 msg/s, 13.4 leaves/msg, 669s)
2026-08-05 16:30:26 [iter 56/60] eval vs best: 85/160 games (678s, cand 86%)
2026-08-05 16:30:31   [GPU] 2,250,010 evals (50792 batches, avg 44/batch = 9% of 512, 3292 evals/s, 246 msg/s, 13.4 leaves/msg, 683s)
2026-08-05 16:30:45   [GPU] 2,300,026 evals (51840 batches, avg 44/batch = 9% of 512, 3298 evals/s, 247 msg/s, 13.4 leaves/msg, 697s)
2026-08-05 16:30:59   [GPU] 2,350,012 evals (52874 batches, avg 44/batch = 9% of 512, 3303 evals/s, 247 msg/s, 13.4 leaves/msg, 711s)
2026-08-05 16:31:13   [GPU] 2,400,026 evals (53914 batches, avg 45/batch = 9% of 512, 3308 evals/s, 247 msg/s, 13.4 leaves/msg, 726s)
2026-08-05 16:31:14 [iter 56/60] eval vs best: 90/160 games (726s, cand 87%)
2026-08-05 16:31:27   [GPU] 2,450,020 evals (54989 batches, avg 45/batch = 9% of 512, 3311 evals/s, 248 msg/s, 13.4 leaves/msg, 740s)
2026-08-05 16:31:31 [iter 56/60] eval vs best: 95/160 games (744s, cand 88%)
2026-08-05 16:31:42   [GPU] 2,500,009 evals (56090 batches, avg 45/batch = 9% of 512, 3312 evals/s, 247 msg/s, 13.4 leaves/msg, 755s)
2026-08-05 16:31:57   [GPU] 2,550,002 evals (57156 batches, avg 45/batch = 9% of 512, 3315 evals/s, 247 msg/s, 13.4 leaves/msg, 769s)
2026-08-05 16:32:11   [GPU] 2,600,013 evals (58223 batches, avg 45/batch = 9% of 512, 3317 evals/s, 248 msg/s, 13.4 leaves/msg, 784s)
2026-08-05 16:32:26   [GPU] 2,650,013 evals (59295 batches, avg 45/batch = 9% of 512, 3320 evals/s, 248 msg/s, 13.4 leaves/msg, 798s)
2026-08-05 16:32:32 [iter 56/60] eval vs best: 100/160 games (804s, cand 85%)
2026-08-05 16:32:41   [GPU] 2,700,028 evals (60417 batches, avg 45/batch = 9% of 512, 3321 evals/s, 248 msg/s, 13.4 leaves/msg, 813s)
2026-08-05 16:32:53 [iter 56/60] eval vs best: 105/160 games (825s, cand 85%)
2026-08-05 16:32:56   [GPU] 2,750,027 evals (61569 batches, avg 45/batch = 9% of 512, 3318 evals/s, 248 msg/s, 13.4 leaves/msg, 829s)
2026-08-05 16:33:12   [GPU] 2,800,040 evals (62768 batches, avg 45/batch = 9% of 512, 3314 evals/s, 247 msg/s, 13.4 leaves/msg, 845s)
2026-08-05 16:33:29   [GPU] 2,850,015 evals (63997 batches, avg 45/batch = 9% of 512, 3308 evals/s, 247 msg/s, 13.4 leaves/msg, 861s)
2026-08-05 16:33:46   [GPU] 2,900,026 evals (65255 batches, avg 44/batch = 9% of 512, 3301 evals/s, 247 msg/s, 13.4 leaves/msg, 879s)
2026-08-05 16:34:04   [GPU] 2,950,015 evals (66607 batches, avg 44/batch = 9% of 512, 3292 evals/s, 246 msg/s, 13.4 leaves/msg, 896s)
2026-08-05 16:34:12 [iter 56/60] eval vs best: 110/160 games (904s, cand 85%)
2026-08-05 16:34:22   [GPU] 3,000,015 evals (67975 batches, avg 44/batch = 9% of 512, 3279 evals/s, 246 msg/s, 13.3 leaves/msg, 915s)
2026-08-05 16:34:40   [GPU] 3,050,057 evals (69281 batches, avg 44/batch = 9% of 512, 3270 evals/s, 245 msg/s, 13.3 leaves/msg, 933s)
2026-08-05 16:34:49 [iter 56/60] eval vs best: 115/160 games (942s, cand 86%)
2026-08-05 16:34:58   [GPU] 3,100,014 evals (70586 batches, avg 44/batch = 9% of 512, 3261 evals/s, 245 msg/s, 13.3 leaves/msg, 951s)
2026-08-05 16:35:16   [GPU] 3,150,058 evals (71900 batches, avg 44/batch = 9% of 512, 3252 evals/s, 245 msg/s, 13.3 leaves/msg, 969s)
2026-08-05 16:35:36   [GPU] 3,200,024 evals (73351 batches, avg 44/batch = 9% of 512, 3237 evals/s, 245 msg/s, 13.2 leaves/msg, 989s)
2026-08-05 16:35:40 [iter 56/60] eval vs best: 120/160 games (992s, cand 86%)
2026-08-05 16:35:56   [GPU] 3,250,042 evals (74796 batches, avg 43/batch = 8% of 512, 3222 evals/s, 244 msg/s, 13.2 leaves/msg, 1009s)
2026-08-05 16:36:14   [GPU] 3,300,022 evals (76114 batches, avg 43/batch = 8% of 512, 3214 evals/s, 243 msg/s, 13.2 leaves/msg, 1027s)
2026-08-05 16:36:21 [iter 56/60] eval vs best: 125/160 games (1034s, cand 84%)
2026-08-05 16:36:31   [GPU] 3,350,008 evals (77317 batches, avg 43/batch = 8% of 512, 3209 evals/s, 243 msg/s, 13.2 leaves/msg, 1044s)
2026-08-05 16:36:49   [GPU] 3,400,032 evals (78556 batches, avg 43/batch = 8% of 512, 3203 evals/s, 243 msg/s, 13.2 leaves/msg, 1061s)
2026-08-05 16:36:58 [iter 56/60] eval vs best: 130/160 games (1070s, cand 84%)
2026-08-05 16:37:09   [GPU] 3,450,042 evals (79948 batches, avg 43/batch = 8% of 512, 3191 evals/s, 242 msg/s, 13.2 leaves/msg, 1081s)
2026-08-05 16:37:29   [GPU] 3,500,057 evals (81426 batches, avg 43/batch = 8% of 512, 3177 evals/s, 241 msg/s, 13.2 leaves/msg, 1102s)
2026-08-05 16:37:49   [GPU] 3,550,028 evals (82825 batches, avg 43/batch = 8% of 512, 3166 evals/s, 240 msg/s, 13.2 leaves/msg, 1121s)
2026-08-05 16:38:04 [iter 56/60] eval vs best: 135/160 games (1137s, cand 85%)
2026-08-05 16:38:08   [GPU] 3,600,020 evals (84196 batches, avg 43/batch = 8% of 512, 3157 evals/s, 240 msg/s, 13.2 leaves/msg, 1140s)
2026-08-05 16:38:28   [GPU] 3,650,052 evals (85595 batches, avg 43/batch = 8% of 512, 3146 evals/s, 239 msg/s, 13.1 leaves/msg, 1160s)
2026-08-05 16:38:44 [iter 56/60] eval vs best: 140/160 games (1177s, cand 85%)
2026-08-05 16:38:47   [GPU] 3,700,027 evals (86901 batches, avg 43/batch = 8% of 512, 3138 evals/s, 239 msg/s, 13.1 leaves/msg, 1179s)
2026-08-05 16:39:05   [GPU] 3,750,010 evals (88236 batches, avg 42/batch = 8% of 512, 3131 evals/s, 238 msg/s, 13.1 leaves/msg, 1198s)
2026-08-05 16:39:25   [GPU] 3,800,000 evals (89673 batches, avg 42/batch = 8% of 512, 3120 evals/s, 237 msg/s, 13.1 leaves/msg, 1218s)
2026-08-05 16:39:46 [iter 56/60] eval vs best: 145/160 games (1239s, cand 86%)
2026-08-05 16:39:48   [GPU] 3,850,004 evals (91253 batches, avg 42/batch = 8% of 512, 3105 evals/s, 236 msg/s, 13.1 leaves/msg, 1240s)
2026-08-05 16:40:12   [GPU] 3,900,016 evals (92968 batches, avg 42/batch = 8% of 512, 3084 evals/s, 235 msg/s, 13.1 leaves/msg, 1265s)
2026-08-05 16:40:35   [GPU] 3,950,003 evals (94612 batches, avg 42/batch = 8% of 512, 3068 evals/s, 234 msg/s, 13.1 leaves/msg, 1287s)
2026-08-05 16:40:53 [iter 56/60] eval vs best: 150/160 games (1305s, cand 86%)
2026-08-05 16:40:58   [GPU] 4,000,004 evals (96323 batches, avg 42/batch = 8% of 512, 3051 evals/s, 233 msg/s, 13.1 leaves/msg, 1311s)
2026-08-05 16:41:27   [GPU] 4,050,003 evals (98394 batches, avg 41/batch = 8% of 512, 3023 evals/s, 231 msg/s, 13.1 leaves/msg, 1340s)
2026-08-05 16:41:45 [iter 56/60] eval vs best: 155/160 games (1357s, cand 86%)
2026-08-05 16:41:58   [GPU] 4,100,012 evals (100513 batches, avg 41/batch = 8% of 512, 2992 evals/s, 229 msg/s, 13.1 leaves/msg, 1370s)
2026-08-05 16:42:39   [GPU] 4,150,007 evals (102995 batches, avg 40/batch = 8% of 512, 2940 evals/s, 224 msg/s, 13.1 leaves/msg, 1412s)
2026-08-05 16:42:57 [iter 56/60] eval vs best: 160/160 games (1430s, cand 86%)
2026-08-05 16:42:58 [iter 56/60] eval vs best done: 86.5% of 37 decided reject (only 37/160 games decided — too few to gate on) (1430s)
2026-08-05 16:42:58 [iter 56/60] eval vs random (40 games, 200 sims)...
2026-08-05 16:42:58 [EVAL-MP] 8 workers spawned (40 vs_random games, sims=200), GPU batcher starting...
2026-08-05 16:43:09 [iter 56/60] eval vs random: 5/40 games (11s, cand 100%)
2026-08-05 16:43:13 [iter 56/60] eval vs random: 10/40 games (16s, cand 100%)
2026-08-05 16:43:14   [GPU] 50,010 evals (1265 batches, avg 40/batch = 8% of 512, 3006 evals/s, 226 msg/s, 13.3 leaves/msg, 17s)
2026-08-05 16:43:19 [iter 56/60] eval vs random: 15/40 games (21s, cand 100%)
2026-08-05 16:43:24 [iter 56/60] eval vs random: 20/40 games (26s, cand 100%)
2026-08-05 16:43:28   [GPU] 100,041 evals (2523 batches, avg 40/batch = 8% of 512, 3259 evals/s, 245 msg/s, 13.3 leaves/msg, 31s)
2026-08-05 16:43:34 [iter 56/60] eval vs random: 25/40 games (36s, cand 100%)
2026-08-05 16:43:44   [GPU] 150,021 evals (3894 batches, avg 39/batch = 8% of 512, 3257 evals/s, 244 msg/s, 13.3 leaves/msg, 46s)
2026-08-05 16:43:46 [iter 56/60] eval vs random: 30/40 games (48s, cand 100%)
2026-08-05 16:44:06   [GPU] 200,023 evals (5644 batches, avg 35/batch = 7% of 512, 2948 evals/s, 221 msg/s, 13.4 leaves/msg, 68s)
2026-08-05 16:44:07 [iter 56/60] eval vs random: 35/40 games (69s, cand 100%)
2026-08-05 16:45:15 [iter 56/60] eval vs random: 40/40 games (137s, cand 100%)
2026-08-05 16:45:15 [iter 56/60] eval vs random done: 100.0% (138s)
2026-08-05 16:45:15 [iter 56/60] eval vs greedy (40 games, 200 sims)...
2026-08-05 16:45:15 [EVAL-MP] 8 workers spawned (40 vs_greedy games, sims=200), GPU batcher starting...
2026-08-05 16:45:26 [iter 56/60] eval vs greedy: 5/40 games (11s, cand 80%)
2026-08-05 16:45:28 [iter 56/60] eval vs greedy: 10/40 games (13s, cand 70%)
2026-08-05 16:45:31   [GPU] 50,042 evals (1218 batches, avg 41/batch = 8% of 512, 3152 evals/s, 244 msg/s, 12.9 leaves/msg, 16s)
2026-08-05 16:45:33 [iter 56/60] eval vs greedy: 15/40 games (18s, cand 80%)
2026-08-05 16:45:37 [iter 56/60] eval vs greedy: 20/40 games (22s, cand 75%)
2026-08-05 16:45:40 [iter 56/60] eval vs greedy: 25/40 games (24s, cand 72%)
2026-08-05 16:45:46 [iter 56/60] eval vs greedy: 30/40 games (30s, cand 70%)
2026-08-05 16:45:46   [GPU] 100,044 evals (2623 batches, avg 38/batch = 7% of 512, 3229 evals/s, 256 msg/s, 12.6 leaves/msg, 31s)
2026-08-05 16:45:56 [iter 56/60] eval vs greedy: 35/40 games (41s, cand 60%)
2026-08-05 16:46:08 [iter 56/60] eval vs greedy: 40/40 games (53s, cand 52%)
2026-08-05 16:46:08 [iter 56/60] eval vs greedy done: 52.5% of 40 decided [seat0:20/20 seat1:1/20] (53s)
2026-08-05 16:46:08 [iter 56/60] eval vs minimax (depth 2, 40 games)...
2026-08-05 16:46:08 [EVAL-MP] 8 workers spawned (40 vs_minimax games, sims=200), GPU batcher starting...
2026-08-05 16:46:21 [iter 56/60] eval vs minimax: 5/40 games (0%)
2026-08-05 16:46:26   [GPU] 50,007 evals (1389 batches, avg 36/batch = 7% of 512, 2923 evals/s, 230 msg/s, 12.7 leaves/msg, 17s)
2026-08-05 16:46:39   [GPU] 100,011 evals (2663 batches, avg 38/batch = 7% of 512, 3263 evals/s, 266 msg/s, 12.3 leaves/msg, 31s)
2026-08-05 16:46:40 [iter 56/60] eval vs minimax: 10/40 games (0%)
2026-08-05 16:46:53 [iter 56/60] eval vs minimax: 15/40 games (0%)
2026-08-05 16:46:54   [GPU] 150,013 evals (3990 batches, avg 38/batch = 7% of 512, 3319 evals/s, 267 msg/s, 12.5 leaves/msg, 45s)
2026-08-05 16:47:02 [iter 56/60] eval vs minimax: 20/40 games (0%)
2026-08-05 16:47:09   [GPU] 200,002 evals (5331 batches, avg 38/batch = 7% of 512, 3316 evals/s, 263 msg/s, 12.6 leaves/msg, 60s)
2026-08-05 16:47:15 [iter 56/60] eval vs minimax: 25/40 games (0%)
2026-08-05 16:47:29 [iter 56/60] eval vs minimax: 30/40 games (5%)
2026-08-05 16:47:29   [GPU] 250,027 evals (7074 batches, avg 35/batch = 7% of 512, 3092 evals/s, 245 msg/s, 12.6 leaves/msg, 81s)
2026-08-05 16:47:41 [iter 56/60] eval vs minimax: 35/40 games (4%)
2026-08-05 16:48:22   [GPU] 300,011 evals (10013 batches, avg 30/batch = 6% of 512, 2248 evals/s, 179 msg/s, 12.5 leaves/msg, 133s)
2026-08-05 16:48:37 [iter 56/60] eval vs minimax: 40/40 games (3%)
2026-08-05 16:48:38 [iter 56/60] eval vs minimax done: 3.3% of 30 decided [seat0:0/20 seat1:1/20] (149s)
2026-08-05 16:48:38 >>> iter 56 | loss_p=0.890 loss_v=0.125 | vs_best=86.5% reject | vs_rand=100.0% | draw=20% | buf=87470 | rss=3.94GB | sp=465s train=53s eval_best=1430s eval_rand=138s | total=2293s
2026-08-05 16:48:38 [iter 57/60] self-play starting (40 games, 600 sims, MIXED 20/40 race-only)...
2026-08-05 16:48:38 [PARALLEL-MP] 8 workers spawned (40 games, sims=600), GPU batcher starting...
2026-08-05 16:48:50   [GPU] 50,025 evals (942 batches, avg 53/batch = 10% of 512, 4020 evals/s, 313 msg/s, 12.8 leaves/msg, 12s)
2026-08-05 16:48:57 [iter 57/60] self-play: 5/40 games...
2026-08-05 16:49:02   [GPU] 100,042 evals (2098 batches, avg 48/batch = 9% of 512, 4031 evals/s, 320 msg/s, 12.6 leaves/msg, 25s)
2026-08-05 16:49:10 [iter 57/60] self-play: 10/40 games...
2026-08-05 16:49:16   [GPU] 150,008 evals (3348 batches, avg 45/batch = 9% of 512, 3861 evals/s, 305 msg/s, 12.6 leaves/msg, 39s)
2026-08-05 16:49:33   [GPU] 200,043 evals (4718 batches, avg 42/batch = 8% of 512, 3637 evals/s, 278 msg/s, 13.1 leaves/msg, 55s)
2026-08-05 16:49:46 [iter 57/60] self-play: 15/40 games...
2026-08-05 16:49:47   [GPU] 250,044 evals (6018 batches, avg 42/batch = 8% of 512, 3597 evals/s, 270 msg/s, 13.3 leaves/msg, 70s)
2026-08-05 16:50:00   [GPU] 300,020 evals (7213 batches, avg 42/batch = 8% of 512, 3643 evals/s, 273 msg/s, 13.3 leaves/msg, 82s)
2026-08-05 16:50:14   [GPU] 350,020 evals (8501 batches, avg 41/batch = 8% of 512, 3636 evals/s, 273 msg/s, 13.3 leaves/msg, 96s)
2026-08-05 16:50:27   [GPU] 400,000 evals (9692 batches, avg 41/batch = 8% of 512, 3666 evals/s, 273 msg/s, 13.4 leaves/msg, 109s)
2026-08-05 16:50:38   [GPU] 450,001 evals (10796 batches, avg 42/batch = 8% of 512, 3724 evals/s, 276 msg/s, 13.5 leaves/msg, 121s)
2026-08-05 16:50:49   [GPU] 500,033 evals (11799 batches, avg 42/batch = 8% of 512, 3809 evals/s, 281 msg/s, 13.6 leaves/msg, 131s)
2026-08-05 16:50:59   [GPU] 550,045 evals (12810 batches, avg 43/batch = 8% of 512, 3878 evals/s, 285 msg/s, 13.6 leaves/msg, 142s)
2026-08-05 16:51:02 [iter 57/60] self-play: 20/40 games...
2026-08-05 16:51:09   [GPU] 600,019 evals (13749 batches, avg 44/batch = 9% of 512, 3961 evals/s, 292 msg/s, 13.6 leaves/msg, 151s)
2026-08-05 16:51:19   [GPU] 650,036 evals (14682 batches, avg 44/batch = 9% of 512, 4036 evals/s, 297 msg/s, 13.6 leaves/msg, 161s)
2026-08-05 16:51:28   [GPU] 700,025 evals (15627 batches, avg 45/batch = 9% of 512, 4102 evals/s, 302 msg/s, 13.6 leaves/msg, 171s)
2026-08-05 16:51:29 [iter 57/60] self-play: 25/40 games...
2026-08-05 16:51:39   [GPU] 750,046 evals (16704 batches, avg 45/batch = 9% of 512, 4123 evals/s, 305 msg/s, 13.5 leaves/msg, 182s)
2026-08-05 16:51:51   [GPU] 800,006 evals (17834 batches, avg 45/batch = 9% of 512, 4128 evals/s, 306 msg/s, 13.5 leaves/msg, 194s)
2026-08-05 16:52:02   [GPU] 850,004 evals (18885 batches, avg 45/batch = 9% of 512, 4153 evals/s, 308 msg/s, 13.5 leaves/msg, 205s)
2026-08-05 16:52:09 [iter 57/60] self-play: 30/40 games...
2026-08-05 16:52:14   [GPU] 900,020 evals (20041 batches, avg 45/batch = 9% of 512, 4153 evals/s, 311 msg/s, 13.3 leaves/msg, 217s)
2026-08-05 16:52:31   [GPU] 950,014 evals (21571 batches, avg 44/batch = 9% of 512, 4065 evals/s, 305 msg/s, 13.3 leaves/msg, 234s)
2026-08-05 16:52:38 [iter 57/60] self-play: 35/40 games...
2026-08-05 16:52:56   [GPU] 1,000,006 evals (23566 batches, avg 42/batch = 8% of 512, 3864 evals/s, 290 msg/s, 13.3 leaves/msg, 259s)
2026-08-05 16:54:10   [GPU] 1,050,008 evals (27176 batches, avg 39/batch = 8% of 512, 3158 evals/s, 237 msg/s, 13.3 leaves/msg, 332s)
2026-08-05 16:54:58 [iter 57/60] self-play: 40/40 games...
2026-08-05 16:54:59 [iter 57/60] self-play done: 40 games (381s) | wins: P0=9, P1=24, draw=7 | draw_rate=18% avg_len~21
2026-08-05 16:54:59 [iter 57/60] training (600 steps, lr=1.10e-04)...
2026-08-05 16:55:53 [iter 57/60] training done: loss_p=0.887 loss_v=0.121 (55s)
2026-08-05 16:55:57 [iter 57/60] data: policy_wall_mass=0.169 walled_states=57% walls_on_board=12.0 value_mae walled=0.187 free=0.137
2026-08-05 16:55:58 [iter 57/60] eval skipped (eval_every=4)
2026-08-05 16:55:58 >>> iter 57 | loss_p=0.887 loss_v=0.121 | vs_best=n/a (not evaluated) | vs_rand=n/a | draw=18% | buf=89156 | rss=3.96GB | sp=381s train=55s eval_best=0s eval_rand=0s | total=440s
2026-08-05 16:55:58 [iter 58/60] self-play starting (40 games, 600 sims, MIXED 20/40 race-only)...
2026-08-05 16:55:58 [PARALLEL-MP] 8 workers spawned (40 games, sims=600), GPU batcher starting...
2026-08-05 16:56:11   [GPU] 50,033 evals (985 batches, avg 51/batch = 10% of 512, 3861 evals/s, 320 msg/s, 12.1 leaves/msg, 13s)
2026-08-05 16:56:16 [iter 58/60] self-play: 5/40 games...
2026-08-05 16:56:23   [GPU] 100,032 evals (2130 batches, avg 47/batch = 9% of 512, 3928 evals/s, 327 msg/s, 12.0 leaves/msg, 25s)
2026-08-05 16:56:30 [iter 58/60] self-play: 10/40 games...
2026-08-05 16:56:39   [GPU] 150,011 evals (3537 batches, avg 42/batch = 8% of 512, 3663 evals/s, 300 msg/s, 12.2 leaves/msg, 41s)
2026-08-05 16:56:55   [GPU] 200,027 evals (4927 batches, avg 41/batch = 8% of 512, 3483 evals/s, 272 msg/s, 12.8 leaves/msg, 57s)
2026-08-05 16:57:11   [GPU] 250,006 evals (6325 batches, avg 40/batch = 8% of 512, 3404 evals/s, 259 msg/s, 13.1 leaves/msg, 73s)
2026-08-05 16:57:25   [GPU] 300,019 evals (7600 batches, avg 39/batch = 8% of 512, 3425 evals/s, 256 msg/s, 13.4 leaves/msg, 88s)
2026-08-05 16:57:37   [GPU] 350,023 evals (8704 batches, avg 40/batch = 8% of 512, 3524 evals/s, 261 msg/s, 13.5 leaves/msg, 99s)
2026-08-05 16:57:48   [GPU] 400,028 evals (9728 batches, avg 41/batch = 8% of 512, 3631 evals/s, 271 msg/s, 13.4 leaves/msg, 110s)
2026-08-05 16:57:49 [iter 58/60] self-play: 15/40 games...
2026-08-05 16:57:59   [GPU] 450,057 evals (10740 batches, avg 42/batch = 8% of 512, 3715 evals/s, 277 msg/s, 13.4 leaves/msg, 121s)
2026-08-05 16:58:09   [GPU] 500,042 evals (11686 batches, avg 43/batch = 8% of 512, 3801 evals/s, 283 msg/s, 13.4 leaves/msg, 132s)
2026-08-05 16:58:21   [GPU] 550,044 evals (12744 batches, avg 43/batch = 8% of 512, 3845 evals/s, 286 msg/s, 13.5 leaves/msg, 143s)
2026-08-05 16:58:22 [iter 58/60] self-play: 20/40 games...
2026-08-05 16:58:33   [GPU] 600,019 evals (13888 batches, avg 43/batch = 8% of 512, 3855 evals/s, 287 msg/s, 13.4 leaves/msg, 156s)
2026-08-05 16:58:48   [GPU] 650,015 evals (15162 batches, avg 43/batch = 8% of 512, 3830 evals/s, 284 msg/s, 13.5 leaves/msg, 170s)
2026-08-05 16:58:50 [iter 58/60] self-play: 25/40 games...
2026-08-05 16:59:02   [GPU] 700,002 evals (16457 batches, avg 43/batch = 8% of 512, 3802 evals/s, 281 msg/s, 13.5 leaves/msg, 184s)
2026-08-05 16:59:15   [GPU] 750,001 evals (17659 batches, avg 42/batch = 8% of 512, 3801 evals/s, 280 msg/s, 13.6 leaves/msg, 197s)
2026-08-05 16:59:27   [GPU] 800,047 evals (18773 batches, avg 43/batch = 8% of 512, 3822 evals/s, 280 msg/s, 13.6 leaves/msg, 209s)
2026-08-05 16:59:40   [GPU] 850,020 evals (19999 batches, avg 43/batch = 8% of 512, 3818 evals/s, 281 msg/s, 13.6 leaves/msg, 223s)
2026-08-05 16:59:52 [iter 58/60] self-play: 30/40 games...
2026-08-05 16:59:53   [GPU] 900,008 evals (21140 batches, avg 43/batch = 8% of 512, 3830 evals/s, 283 msg/s, 13.6 leaves/msg, 235s)
2026-08-05 17:00:07   [GPU] 950,010 evals (22461 batches, avg 42/batch = 8% of 512, 3807 evals/s, 282 msg/s, 13.5 leaves/msg, 250s)
2026-08-05 17:00:22   [GPU] 1,000,013 evals (23786 batches, avg 42/batch = 8% of 512, 3782 evals/s, 279 msg/s, 13.5 leaves/msg, 264s)
2026-08-05 17:00:31 [iter 58/60] self-play: 35/40 games...
2026-08-05 17:00:44   [GPU] 1,050,009 evals (25508 batches, avg 41/batch = 8% of 512, 3674 evals/s, 271 msg/s, 13.6 leaves/msg, 286s)
2026-08-05 17:01:20   [GPU] 1,100,012 evals (27909 batches, avg 39/batch = 8% of 512, 3419 evals/s, 252 msg/s, 13.6 leaves/msg, 322s)
2026-08-05 17:01:57   [GPU] 1,150,010 evals (30393 batches, avg 38/batch = 7% of 512, 3200 evals/s, 235 msg/s, 13.6 leaves/msg, 359s)
2026-08-05 17:02:35   [GPU] 1,200,013 evals (32804 batches, avg 37/batch = 7% of 512, 3024 evals/s, 222 msg/s, 13.6 leaves/msg, 397s)
2026-08-05 17:03:19 [iter 58/60] self-play: 40/40 games...
2026-08-05 17:03:19 [iter 58/60] self-play done: 40 games (441s) | wins: P0=7, P1=24, draw=9 | draw_rate=22% avg_len~20
2026-08-05 17:03:19 [iter 58/60] WARNING: draw_rate 22% > 20% — games timing out at max_game_moves=160 (weak value signal).
2026-08-05 17:03:19 [iter 58/60] training (600 steps, lr=1.06e-04)...
2026-08-05 17:04:16 [iter 58/60] training done: loss_p=0.887 loss_v=0.122 (57s)
2026-08-05 17:04:20 [iter 58/60] data: policy_wall_mass=0.157 walled_states=54% walls_on_board=12.4 value_mae walled=0.185 free=0.118
2026-08-05 17:04:20 [iter 58/60] eval skipped (eval_every=4)
2026-08-05 17:04:20 >>> iter 58 | loss_p=0.887 loss_v=0.122 | vs_best=n/a (not evaluated) | vs_rand=n/a | draw=22% | buf=90746 | rss=3.98GB | sp=441s train=57s eval_best=0s eval_rand=0s | total=502s
2026-08-05 17:04:20 [iter 59/60] self-play starting (40 games, 600 sims, MIXED 20/40 race-only)...
2026-08-05 17:04:20 [PARALLEL-MP] 8 workers spawned (40 games, sims=600), GPU batcher starting...
2026-08-05 17:04:32   [GPU] 50,027 evals (970 batches, avg 52/batch = 10% of 512, 4112 evals/s, 333 msg/s, 12.3 leaves/msg, 12s)
2026-08-05 17:04:35 [iter 59/60] self-play: 5/40 games...
2026-08-05 17:04:44   [GPU] 100,004 evals (2062 batches, avg 48/batch = 9% of 512, 4219 evals/s, 337 msg/s, 12.5 leaves/msg, 24s)
2026-08-05 17:04:49 [iter 59/60] self-play: 10/40 games...
2026-08-05 17:04:57   [GPU] 150,004 evals (3314 batches, avg 45/batch = 9% of 512, 4061 evals/s, 321 msg/s, 12.7 leaves/msg, 37s)
2026-08-05 17:05:13   [GPU] 200,005 evals (4693 batches, avg 43/batch = 8% of 512, 3827 evals/s, 291 msg/s, 13.1 leaves/msg, 52s)
2026-08-05 17:05:26   [GPU] 250,033 evals (5963 batches, avg 42/batch = 8% of 512, 3819 evals/s, 285 msg/s, 13.4 leaves/msg, 65s)
2026-08-05 17:05:38   [GPU] 300,031 evals (7187 batches, avg 42/batch = 8% of 512, 3842 evals/s, 285 msg/s, 13.5 leaves/msg, 78s)
2026-08-05 17:05:51   [GPU] 350,051 evals (8419 batches, avg 42/batch = 8% of 512, 3857 evals/s, 285 msg/s, 13.5 leaves/msg, 91s)
2026-08-05 17:06:03   [GPU] 400,022 evals (9549 batches, avg 42/batch = 8% of 512, 3912 evals/s, 288 msg/s, 13.6 leaves/msg, 102s)
2026-08-05 17:06:13   [GPU] 450,044 evals (10625 batches, avg 42/batch = 8% of 512, 3979 evals/s, 294 msg/s, 13.5 leaves/msg, 113s)
2026-08-05 17:06:18 [iter 59/60] self-play: 15/40 games...
2026-08-05 17:06:24   [GPU] 500,033 evals (11697 batches, avg 43/batch = 8% of 512, 4033 evals/s, 300 msg/s, 13.5 leaves/msg, 124s)
2026-08-05 17:06:37   [GPU] 550,006 evals (12923 batches, avg 43/batch = 8% of 512, 4031 evals/s, 303 msg/s, 13.3 leaves/msg, 136s)
2026-08-05 17:06:47 [iter 59/60] self-play: 20/40 games...
2026-08-05 17:06:49   [GPU] 600,016 evals (14143 batches, avg 42/batch = 8% of 512, 4026 evals/s, 302 msg/s, 13.3 leaves/msg, 149s)
2026-08-05 17:07:02   [GPU] 650,010 evals (15335 batches, avg 42/batch = 8% of 512, 4027 evals/s, 304 msg/s, 13.3 leaves/msg, 161s)
2026-08-05 17:07:15   [GPU] 700,020 evals (16589 batches, avg 42/batch = 8% of 512, 4009 evals/s, 303 msg/s, 13.2 leaves/msg, 175s)
2026-08-05 17:07:27 [iter 59/60] self-play: 25/40 games...
2026-08-05 17:07:27   [GPU] 750,007 evals (17780 batches, avg 42/batch = 8% of 512, 4016 evals/s, 306 msg/s, 13.1 leaves/msg, 187s)
2026-08-05 17:07:40   [GPU] 800,018 evals (19055 batches, avg 42/batch = 8% of 512, 3998 evals/s, 304 msg/s, 13.1 leaves/msg, 200s)
2026-08-05 17:07:53   [GPU] 850,041 evals (20227 batches, avg 42/batch = 8% of 512, 4005 evals/s, 305 msg/s, 13.1 leaves/msg, 212s)
2026-08-05 17:08:06   [GPU] 900,001 evals (21523 batches, avg 42/batch = 8% of 512, 3985 evals/s, 304 msg/s, 13.1 leaves/msg, 226s)
2026-08-05 17:08:18   [GPU] 950,019 evals (22675 batches, avg 42/batch = 8% of 512, 4000 evals/s, 306 msg/s, 13.1 leaves/msg, 238s)
2026-08-05 17:08:22 [iter 59/60] self-play: 30/40 games...
2026-08-05 17:08:31   [GPU] 1,000,055 evals (23936 batches, avg 42/batch = 8% of 512, 3992 evals/s, 305 msg/s, 13.1 leaves/msg, 251s)
2026-08-05 17:08:47   [GPU] 1,050,040 evals (25403 batches, avg 41/batch = 8% of 512, 3942 evals/s, 299 msg/s, 13.2 leaves/msg, 266s)
2026-08-05 17:09:02   [GPU] 1,100,037 evals (26859 batches, avg 41/batch = 8% of 512, 3904 evals/s, 295 msg/s, 13.2 leaves/msg, 282s)
2026-08-05 17:09:10 [iter 59/60] self-play: 35/40 games...
2026-08-05 17:09:17   [GPU] 1,150,004 evals (28224 batches, avg 41/batch = 8% of 512, 3882 evals/s, 293 msg/s, 13.3 leaves/msg, 296s)
2026-08-05 17:09:34   [GPU] 1,200,012 evals (29726 batches, avg 40/batch = 8% of 512, 3831 evals/s, 288 msg/s, 13.3 leaves/msg, 313s)
2026-08-05 17:09:54   [GPU] 1,250,055 evals (31451 batches, avg 40/batch = 8% of 512, 3750 evals/s, 281 msg/s, 13.4 leaves/msg, 333s)
2026-08-05 17:10:14   [GPU] 1,300,014 evals (33226 batches, avg 39/batch = 8% of 512, 3671 evals/s, 274 msg/s, 13.4 leaves/msg, 354s)
2026-08-05 17:10:49   [GPU] 1,350,016 evals (35546 batches, avg 38/batch = 7% of 512, 3469 evals/s, 259 msg/s, 13.4 leaves/msg, 389s)
2026-08-05 17:11:31 [iter 59/60] self-play: 40/40 games...
2026-08-05 17:11:31 [iter 59/60] self-play done: 40 games (431s) | wins: P0=8, P1=21, draw=11 | draw_rate=28% avg_len~17
2026-08-05 17:11:31 [iter 59/60] WARNING: draw_rate 28% > 20% — games timing out at max_game_moves=160 (weak value signal).
2026-08-05 17:11:31 [iter 59/60] training (600 steps, lr=1.02e-04)...
2026-08-05 17:12:29 [iter 59/60] training done: loss_p=0.885 loss_v=0.120 (58s)
2026-08-05 17:12:33 [iter 59/60] data: policy_wall_mass=0.123 walled_states=47% walls_on_board=10.9 value_mae walled=0.161 free=0.166
2026-08-05 17:12:34 [iter 59/60] eval skipped (eval_every=4)
2026-08-05 17:12:34 >>> iter 59 | loss_p=0.885 loss_v=0.120 | vs_best=n/a (not evaluated) | vs_rand=n/a | draw=28% | buf=92126 | rss=4.00GB | sp=431s train=58s eval_best=0s eval_rand=0s | total=493s
2026-08-05 17:12:34 [iter 60/60] self-play starting (40 games, 600 sims, MIXED 20/40 race-only)...
2026-08-05 17:12:34 [PARALLEL-MP] 8 workers spawned (40 games, sims=600), GPU batcher starting...
2026-08-05 17:12:45   [GPU] 50,029 evals (901 batches, avg 56/batch = 11% of 512, 4396 evals/s, 342 msg/s, 12.8 leaves/msg, 11s)
2026-08-05 17:12:49 [iter 60/60] self-play: 5/40 games...
2026-08-05 17:12:56   [GPU] 100,027 evals (1920 batches, avg 52/batch = 10% of 512, 4537 evals/s, 350 msg/s, 13.0 leaves/msg, 22s)
2026-08-05 17:13:03 [iter 60/60] self-play: 10/40 games...
2026-08-05 17:13:07   [GPU] 150,027 evals (3038 batches, avg 49/batch = 10% of 512, 4424 evals/s, 345 msg/s, 12.8 leaves/msg, 34s)
2026-08-05 17:13:22   [GPU] 200,023 evals (4387 batches, avg 46/batch = 9% of 512, 4119 evals/s, 314 msg/s, 13.1 leaves/msg, 49s)
2026-08-05 17:13:35   [GPU] 250,032 evals (5621 batches, avg 44/batch = 9% of 512, 4089 evals/s, 308 msg/s, 13.3 leaves/msg, 61s)
2026-08-05 17:13:47   [GPU] 300,034 evals (6811 batches, avg 44/batch = 9% of 512, 4101 evals/s, 306 msg/s, 13.4 leaves/msg, 73s)
2026-08-05 17:13:59   [GPU] 350,040 evals (8001 batches, avg 44/batch = 9% of 512, 4113 evals/s, 307 msg/s, 13.4 leaves/msg, 85s)
2026-08-05 17:14:10   [GPU] 400,034 evals (9099 batches, avg 44/batch = 9% of 512, 4153 evals/s, 313 msg/s, 13.3 leaves/msg, 96s)
2026-08-05 17:14:11 [iter 60/60] self-play: 15/40 games...
2026-08-05 17:14:21   [GPU] 450,033 evals (10201 batches, avg 44/batch = 9% of 512, 4180 evals/s, 315 msg/s, 13.3 leaves/msg, 108s)
2026-08-05 17:14:33   [GPU] 500,013 evals (11323 batches, avg 44/batch = 9% of 512, 4202 evals/s, 314 msg/s, 13.4 leaves/msg, 119s)
2026-08-05 17:14:44   [GPU] 550,009 evals (12448 batches, avg 44/batch = 9% of 512, 4221 evals/s, 315 msg/s, 13.4 leaves/msg, 130s)
2026-08-05 17:14:54   [GPU] 600,039 evals (13495 batches, avg 44/batch = 9% of 512, 4264 evals/s, 317 msg/s, 13.4 leaves/msg, 141s)
2026-08-05 17:14:59 [iter 60/60] self-play: 20/40 games...
2026-08-05 17:15:05   [GPU] 650,045 evals (14536 batches, avg 45/batch = 9% of 512, 4303 evals/s, 319 msg/s, 13.5 leaves/msg, 151s)
2026-08-05 17:15:17   [GPU] 700,024 evals (15658 batches, avg 45/batch = 9% of 512, 4294 evals/s, 319 msg/s, 13.5 leaves/msg, 163s)
2026-08-05 17:15:28   [GPU] 750,032 evals (16774 batches, avg 45/batch = 9% of 512, 4288 evals/s, 318 msg/s, 13.5 leaves/msg, 175s)
2026-08-05 17:15:37 [iter 60/60] self-play: 25/40 games...
2026-08-05 17:15:41   [GPU] 800,007 evals (17930 batches, avg 45/batch = 9% of 512, 4272 evals/s, 317 msg/s, 13.5 leaves/msg, 187s)
2026-08-05 17:15:53   [GPU] 850,025 evals (19068 batches, avg 45/batch = 9% of 512, 4261 evals/s, 315 msg/s, 13.5 leaves/msg, 199s)
2026-08-05 17:16:05   [GPU] 900,037 evals (20192 batches, avg 45/batch = 9% of 512, 4255 evals/s, 315 msg/s, 13.5 leaves/msg, 212s)
2026-08-05 17:16:08 [iter 60/60] self-play: 30/40 games...
2026-08-05 17:16:20   [GPU] 950,042 evals (21562 batches, avg 44/batch = 9% of 512, 4194 evals/s, 312 msg/s, 13.4 leaves/msg, 227s)
2026-08-05 17:16:40   [GPU] 1,000,027 evals (23295 batches, avg 43/batch = 8% of 512, 4057 evals/s, 303 msg/s, 13.4 leaves/msg, 247s)
2026-08-05 17:17:02   [GPU] 1,050,037 evals (25159 batches, avg 42/batch = 8% of 512, 3912 evals/s, 294 msg/s, 13.3 leaves/msg, 268s)
2026-08-05 17:17:13 [iter 60/60] self-play: 35/40 games...
2026-08-05 17:17:30   [GPU] 1,100,018 evals (27400 batches, avg 40/batch = 8% of 512, 3717 evals/s, 282 msg/s, 13.2 leaves/msg, 296s)
2026-08-05 17:17:58   [GPU] 1,150,036 evals (29646 batches, avg 39/batch = 8% of 512, 3545 evals/s, 271 msg/s, 13.1 leaves/msg, 324s)
2026-08-05 17:18:23   [GPU] 1,200,005 evals (31666 batches, avg 38/batch = 7% of 512, 3438 evals/s, 264 msg/s, 13.0 leaves/msg, 349s)
2026-08-05 18:53:05 ======================================================================
2026-08-05 18:53:05 training_loop_mp launched | N=2 board=9x9 | sims=600 games/iter=40 | self_play=parallel workers=8 vec_games=0
2026-08-05 18:53:05 checkpoint_dir=/tf/dl-quoridor/runs/n2_9x9_v7 | eval=160+40+40 greedy | accept_margin=0.08 | buffer=100000
2026-08-05 18:53:05 train_steps=600 max_moves=160 explore_moves=20 warmup=5000 discount=0.99/round leaf_batch=16 vloss=1.0
2026-08-05 18:53:05 resources: 16 usable cpus (cgroup quota), 128 GB limit (host 1623 GB), gpu: NVIDIA RTX PRO 6000 Blackwell Server Edition, 22 GB, rss=1.59 GB at launch
2026-08-05 18:53:05 ======================================================================
2026-08-05 18:53:05 Config matches the frozen copy -> /tf/dl-quoridor/runs/n2_9x9_v7/config.json
2026-08-05 18:53:06 Resumed from iteration 59 (checkpoint: /tf/dl-quoridor/runs/n2_9x9_v7)
2026-08-05 18:53:06 Replay buffer restored: 92126 samples
2026-08-05 18:53:06 [iter 60/60] self-play starting (40 games, 600 sims, MIXED 20/40 race-only)...
2026-08-05 18:53:06 [PARALLEL-MP] 8 workers spawned (40 games, sims=600), GPU batcher starting...
2026-08-05 18:53:19   [GPU] 50,014 evals (950 batches, avg 53/batch = 10% of 512, 3857 evals/s, 301 msg/s, 12.8 leaves/msg, 13s)
2026-08-05 18:53:24 [iter 60/60] self-play: 5/40 games...
2026-08-05 18:53:31   [GPU] 100,012 evals (1973 batches, avg 51/batch = 10% of 512, 4124 evals/s, 316 msg/s, 13.1 leaves/msg, 24s)
2026-08-05 18:53:39 [iter 60/60] self-play: 10/40 games...
2026-08-05 18:53:43   [GPU] 150,001 evals (3097 batches, avg 48/batch = 9% of 512, 4095 evals/s, 317 msg/s, 12.9 leaves/msg, 37s)
2026-08-05 18:53:58   [GPU] 200,052 evals (4422 batches, avg 45/batch = 9% of 512, 3855 evals/s, 294 msg/s, 13.1 leaves/msg, 52s)
2026-08-05 18:54:11   [GPU] 250,000 evals (5580 batches, avg 45/batch = 9% of 512, 3882 evals/s, 291 msg/s, 13.3 leaves/msg, 64s)
2026-08-05 18:54:23   [GPU] 300,031 evals (6690 batches, avg 45/batch = 9% of 512, 3930 evals/s, 294 msg/s, 13.4 leaves/msg, 76s)
2026-08-05 18:54:34 [iter 60/60] self-play: 15/40 games...
2026-08-05 18:54:35   [GPU] 350,020 evals (7861 batches, avg 45/batch = 9% of 512, 3946 evals/s, 300 msg/s, 13.2 leaves/msg, 89s)
2026-08-05 18:54:47   [GPU] 400,047 evals (8976 batches, avg 45/batch = 9% of 512, 3977 evals/s, 302 msg/s, 13.2 leaves/msg, 101s)
2026-08-05 18:54:57 [iter 60/60] self-play: 20/40 games...
2026-08-05 18:55:00   [GPU] 450,019 evals (10161 batches, avg 44/batch = 9% of 512, 3977 evals/s, 302 msg/s, 13.2 leaves/msg, 113s)
2026-08-05 18:55:12   [GPU] 500,010 evals (11334 batches, avg 44/batch = 9% of 512, 3973 evals/s, 302 msg/s, 13.2 leaves/msg, 126s)
2026-08-05 18:55:24   [GPU] 550,038 evals (12423 batches, avg 44/batch = 9% of 512, 3999 evals/s, 302 msg/s, 13.2 leaves/msg, 138s)
2026-08-05 18:55:35   [GPU] 600,017 evals (13473 batches, avg 45/batch = 9% of 512, 4034 evals/s, 305 msg/s, 13.2 leaves/msg, 149s)
2026-08-05 18:55:47   [GPU] 650,035 evals (14584 batches, avg 45/batch = 9% of 512, 4050 evals/s, 304 msg/s, 13.3 leaves/msg, 161s)
2026-08-05 18:55:49 [iter 60/60] self-play: 25/40 games...
2026-08-05 18:56:00   [GPU] 700,027 evals (15752 batches, avg 44/batch = 9% of 512, 4042 evals/s, 303 msg/s, 13.4 leaves/msg, 173s)
2026-08-05 18:56:12   [GPU] 750,014 evals (16924 batches, avg 44/batch = 9% of 512, 4038 evals/s, 301 msg/s, 13.4 leaves/msg, 186s)
2026-08-05 18:56:24   [GPU] 800,043 evals (18021 batches, avg 44/batch = 9% of 512, 4050 evals/s, 301 msg/s, 13.5 leaves/msg, 198s)
2026-08-05 18:56:37   [GPU] 850,009 evals (19207 batches, avg 44/batch = 9% of 512, 4038 evals/s, 301 msg/s, 13.4 leaves/msg, 210s)
2026-08-05 18:56:48   [GPU] 900,055 evals (20278 batches, avg 44/batch = 9% of 512, 4057 evals/s, 302 msg/s, 13.4 leaves/msg, 222s)
2026-08-05 18:56:57 [iter 60/60] self-play: 30/40 games...
2026-08-05 18:56:59   [GPU] 950,000 evals (21312 batches, avg 45/batch = 9% of 512, 4082 evals/s, 305 msg/s, 13.4 leaves/msg, 233s)
2026-08-05 18:57:15   [GPU] 1,000,003 evals (22716 batches, avg 44/batch = 9% of 512, 4028 evals/s, 303 msg/s, 13.3 leaves/msg, 248s)
2026-08-05 18:57:22 [iter 60/60] self-play: 35/40 games...
2026-08-05 18:57:39   [GPU] 1,050,014 evals (24679 batches, avg 43/batch = 8% of 512, 3849 evals/s, 290 msg/s, 13.3 leaves/msg, 273s)
2026-08-05 18:58:05   [GPU] 1,100,013 evals (26733 batches, avg 41/batch = 8% of 512, 3688 evals/s, 279 msg/s, 13.2 leaves/msg, 298s)
2026-08-05 18:58:25   [GPU] 1,150,014 evals (28531 batches, avg 40/batch = 8% of 512, 3604 evals/s, 274 msg/s, 13.1 leaves/msg, 319s)
2026-08-05 18:58:51   [GPU] 1,200,020 evals (30667 batches, avg 39/batch = 8% of 512, 3478 evals/s, 265 msg/s, 13.1 leaves/msg, 345s)
2026-08-05 18:59:24   [GPU] 1,250,011 evals (33238 batches, avg 38/batch = 7% of 512, 3313 evals/s, 254 msg/s, 13.0 leaves/msg, 377s)
2026-08-05 19:00:03   [GPU] 1,300,015 evals (36238 batches, avg 36/batch = 7% of 512, 3118 evals/s, 241 msg/s, 12.9 leaves/msg, 417s)
2026-08-05 19:00:23 [iter 60/60] self-play: 40/40 games...
2026-08-05 19:00:23 [iter 60/60] self-play done: 40 games (437s) | wins: P0=9, P1=21, draw=10 | draw_rate=25% avg_len~18
2026-08-05 19:00:23 [iter 60/60] WARNING: draw_rate 25% > 20% — games timing out at max_game_moves=160 (weak value signal).
2026-08-05 19:00:23 [iter 60/60] training (600 steps, lr=1.01e-04)...
2026-08-05 19:00:34 [iter 60/60] training done: loss_p=0.885 loss_v=0.119 (10s)
2026-08-05 19:00:38 [iter 60/60] data: policy_wall_mass=0.143 walled_states=48% walls_on_board=13.4 value_mae walled=0.169 free=0.162
2026-08-05 19:00:38 [iter 60/60] eval vs best (160 games, 200 sims)...
2026-08-05 19:00:38 [EVAL-MP] 8 workers spawned (160 vs_best games, sims=200), GPU batcher starting...
2026-08-05 19:00:57   [GPU] 50,028 evals (1233 batches, avg 41/batch = 8% of 512, 2695 evals/s, 190 msg/s, 14.2 leaves/msg, 19s)
2026-08-05 19:01:12   [GPU] 100,046 evals (2351 batches, avg 43/batch = 8% of 512, 2963 evals/s, 218 msg/s, 13.6 leaves/msg, 34s)
2026-08-05 19:01:27   [GPU] 150,014 evals (3460 batches, avg 43/batch = 8% of 512, 3096 evals/s, 230 msg/s, 13.5 leaves/msg, 48s)
2026-08-05 19:01:41   [GPU] 200,068 evals (4572 batches, avg 44/batch = 9% of 512, 3176 evals/s, 237 msg/s, 13.4 leaves/msg, 63s)
2026-08-05 19:01:57   [GPU] 250,009 evals (5742 batches, avg 44/batch = 9% of 512, 3179 evals/s, 237 msg/s, 13.4 leaves/msg, 79s)
2026-08-05 19:01:58 [iter 60/60] eval vs best: 5/160 games (79s, cand 100%)
2026-08-05 19:02:14   [GPU] 300,015 evals (6997 batches, avg 43/batch = 8% of 512, 3145 evals/s, 235 msg/s, 13.4 leaves/msg, 95s)
2026-08-05 19:02:16 [iter 60/60] eval vs best: 10/160 games (98s, cand 100%)
2026-08-05 19:02:31   [GPU] 350,023 evals (8279 batches, avg 42/batch = 8% of 512, 3113 evals/s, 233 msg/s, 13.3 leaves/msg, 112s)
2026-08-05 19:02:46   [GPU] 400,005 evals (9458 batches, avg 42/batch = 8% of 512, 3123 evals/s, 235 msg/s, 13.3 leaves/msg, 128s)
2026-08-05 19:03:02   [GPU] 450,015 evals (10597 batches, avg 42/batch = 8% of 512, 3136 evals/s, 238 msg/s, 13.2 leaves/msg, 143s)
2026-08-05 19:03:17   [GPU] 500,029 evals (11772 batches, avg 42/batch = 8% of 512, 3142 evals/s, 239 msg/s, 13.1 leaves/msg, 159s)
2026-08-05 19:03:21 [iter 60/60] eval vs best: 15/160 games (163s, cand 100%)
2026-08-05 19:03:34   [GPU] 550,031 evals (13047 batches, avg 42/batch = 8% of 512, 3123 evals/s, 238 msg/s, 13.1 leaves/msg, 176s)
2026-08-05 19:03:51   [GPU] 600,032 evals (14294 batches, avg 42/batch = 8% of 512, 3109 evals/s, 238 msg/s, 13.1 leaves/msg, 193s)
2026-08-05 19:04:07   [GPU] 650,005 evals (15484 batches, avg 42/batch = 8% of 512, 3111 evals/s, 238 msg/s, 13.1 leaves/msg, 209s)
2026-08-05 19:04:15 [iter 60/60] eval vs best: 20/160 games (217s, cand 100%)
2026-08-05 19:04:24   [GPU] 700,050 evals (16731 batches, avg 42/batch = 8% of 512, 3100 evals/s, 237 msg/s, 13.1 leaves/msg, 226s)
2026-08-05 19:04:42   [GPU] 750,008 evals (18025 batches, avg 42/batch = 8% of 512, 3079 evals/s, 236 msg/s, 13.1 leaves/msg, 244s)
2026-08-05 19:04:59   [GPU] 800,029 evals (19319 batches, avg 41/batch = 8% of 512, 3064 evals/s, 234 msg/s, 13.1 leaves/msg, 261s)
2026-08-05 19:05:04 [iter 60/60] eval vs best: 25/160 games (266s, cand 100%)
2026-08-05 19:05:16   [GPU] 850,035 evals (20587 batches, avg 41/batch = 8% of 512, 3057 evals/s, 234 msg/s, 13.1 leaves/msg, 278s)
2026-08-05 19:05:31   [GPU] 900,015 evals (21682 batches, avg 42/batch = 8% of 512, 3074 evals/s, 235 msg/s, 13.1 leaves/msg, 293s)
2026-08-05 19:05:34 [iter 60/60] eval vs best: 30/160 games (295s, cand 100%)
2026-08-05 19:05:46   [GPU] 950,037 evals (22810 batches, avg 42/batch = 8% of 512, 3086 evals/s, 236 msg/s, 13.1 leaves/msg, 308s)
2026-08-05 19:06:01   [GPU] 1,000,019 evals (23935 batches, avg 42/batch = 8% of 512, 3097 evals/s, 237 msg/s, 13.1 leaves/msg, 323s)
2026-08-05 19:06:16 [iter 60/60] eval vs best: 35/160 games (338s, cand 100%)
2026-08-05 19:06:18   [GPU] 1,050,017 evals (25180 batches, avg 42/batch = 8% of 512, 3090 evals/s, 236 msg/s, 13.1 leaves/msg, 340s)
2026-08-05 19:06:35   [GPU] 1,100,037 evals (26448 batches, avg 42/batch = 8% of 512, 3082 evals/s, 236 msg/s, 13.1 leaves/msg, 357s)
2026-08-05 19:06:53   [GPU] 1,150,053 evals (27743 batches, avg 41/batch = 8% of 512, 3073 evals/s, 236 msg/s, 13.0 leaves/msg, 374s)
2026-08-05 19:07:07 [iter 60/60] eval vs best: 40/160 games (389s, cand 100%)
2026-08-05 19:07:09   [GPU] 1,200,022 evals (28965 batches, avg 41/batch = 8% of 512, 3069 evals/s, 236 msg/s, 13.0 leaves/msg, 391s)
2026-08-05 19:07:26   [GPU] 1,250,000 evals (30185 batches, avg 41/batch = 8% of 512, 3066 evals/s, 236 msg/s, 13.0 leaves/msg, 408s)
2026-08-05 19:07:42   [GPU] 1,300,020 evals (31439 batches, avg 41/batch = 8% of 512, 3065 evals/s, 237 msg/s, 12.9 leaves/msg, 424s)
2026-08-05 19:07:48 [iter 60/60] eval vs best: 45/160 games (429s, cand 100%)
2026-08-05 19:08:00   [GPU] 1,350,033 evals (32739 batches, avg 41/batch = 8% of 512, 3058 evals/s, 238 msg/s, 12.9 leaves/msg, 442s)
2026-08-05 19:08:16   [GPU] 1,400,008 evals (33936 batches, avg 41/batch = 8% of 512, 3057 evals/s, 238 msg/s, 12.8 leaves/msg, 458s)
2026-08-05 19:08:33   [GPU] 1,450,073 evals (35190 batches, avg 41/batch = 8% of 512, 3055 evals/s, 239 msg/s, 12.8 leaves/msg, 475s)
2026-08-05 19:08:50   [GPU] 1,500,002 evals (36441 batches, avg 41/batch = 8% of 512, 3052 evals/s, 239 msg/s, 12.8 leaves/msg, 491s)
2026-08-05 19:08:51 [iter 60/60] eval vs best: 50/160 games (493s, cand 100%)
2026-08-05 19:09:08   [GPU] 1,550,034 evals (37764 batches, avg 41/batch = 8% of 512, 3042 evals/s, 238 msg/s, 12.8 leaves/msg, 510s)
2026-08-05 19:09:24   [GPU] 1,600,039 evals (38952 batches, avg 41/batch = 8% of 512, 3044 evals/s, 239 msg/s, 12.7 leaves/msg, 526s)
2026-08-05 19:09:30 [iter 60/60] eval vs best: 55/160 games (532s, cand 100%)
2026-08-05 19:09:39   [GPU] 1,650,017 evals (40036 batches, avg 41/batch = 8% of 512, 3054 evals/s, 239 msg/s, 12.8 leaves/msg, 540s)
2026-08-05 19:09:53   [GPU] 1,700,079 evals (41090 batches, avg 41/batch = 8% of 512, 3067 evals/s, 240 msg/s, 12.8 leaves/msg, 554s)
2026-08-05 19:10:04 [iter 60/60] eval vs best: 60/160 games (566s, cand 100%)
2026-08-05 19:10:08   [GPU] 1,750,042 evals (42235 batches, avg 41/batch = 8% of 512, 3071 evals/s, 240 msg/s, 12.8 leaves/msg, 570s)
2026-08-05 19:10:24   [GPU] 1,800,018 evals (43392 batches, avg 41/batch = 8% of 512, 3073 evals/s, 240 msg/s, 12.8 leaves/msg, 586s)
2026-08-05 19:10:39   [GPU] 1,850,015 evals (44526 batches, avg 42/batch = 8% of 512, 3078 evals/s, 240 msg/s, 12.8 leaves/msg, 601s)
2026-08-05 19:10:55   [GPU] 1,900,037 evals (45682 batches, avg 42/batch = 8% of 512, 3081 evals/s, 240 msg/s, 12.8 leaves/msg, 617s)
2026-08-05 19:11:11   [GPU] 1,950,001 evals (46839 batches, avg 42/batch = 8% of 512, 3083 evals/s, 240 msg/s, 12.8 leaves/msg, 633s)
2026-08-05 19:11:11 [iter 60/60] eval vs best: 65/160 games (633s, cand 100%)
2026-08-05 19:11:27   [GPU] 2,000,012 evals (48070 batches, avg 42/batch = 8% of 512, 3083 evals/s, 240 msg/s, 12.9 leaves/msg, 649s)
2026-08-05 19:11:33 [iter 60/60] eval vs best: 70/160 games (655s, cand 100%)
2026-08-05 19:11:42   [GPU] 2,050,017 evals (49202 batches, avg 42/batch = 8% of 512, 3089 evals/s, 240 msg/s, 12.9 leaves/msg, 664s)
2026-08-05 19:11:56   [GPU] 2,100,003 evals (50293 batches, avg 42/batch = 8% of 512, 3097 evals/s, 240 msg/s, 12.9 leaves/msg, 678s)
2026-08-05 19:12:11   [GPU] 2,150,029 evals (51353 batches, avg 42/batch = 8% of 512, 3106 evals/s, 240 msg/s, 12.9 leaves/msg, 692s)
2026-08-05 19:12:20 [iter 60/60] eval vs best: 75/160 games (702s, cand 100%)
2026-08-05 19:12:25   [GPU] 2,200,029 evals (52466 batches, avg 42/batch = 8% of 512, 3111 evals/s, 240 msg/s, 12.9 leaves/msg, 707s)
2026-08-05 19:12:40   [GPU] 2,250,040 evals (53549 batches, avg 42/batch = 8% of 512, 3118 evals/s, 241 msg/s, 13.0 leaves/msg, 722s)
2026-08-05 19:12:48 [iter 60/60] eval vs best: 80/160 games (729s, cand 100%)
2026-08-05 19:12:54   [GPU] 2,300,009 evals (54627 batches, avg 42/batch = 8% of 512, 3125 evals/s, 241 msg/s, 13.0 leaves/msg, 736s)
2026-08-05 19:13:08   [GPU] 2,350,017 evals (55698 batches, avg 42/batch = 8% of 512, 3133 evals/s, 241 msg/s, 13.0 leaves/msg, 750s)
2026-08-05 19:13:23   [GPU] 2,400,007 evals (56785 batches, avg 42/batch = 8% of 512, 3139 evals/s, 242 msg/s, 13.0 leaves/msg, 765s)
2026-08-05 19:13:34 [iter 60/60] eval vs best: 85/160 games (776s, cand 100%)
2026-08-05 19:13:38   [GPU] 2,450,032 evals (57869 batches, avg 42/batch = 8% of 512, 3144 evals/s, 242 msg/s, 13.0 leaves/msg, 779s)
2026-08-05 19:13:53   [GPU] 2,500,018 evals (58983 batches, avg 42/batch = 8% of 512, 3148 evals/s, 242 msg/s, 13.0 leaves/msg, 794s)
2026-08-05 19:14:04 [iter 60/60] eval vs best: 90/160 games (806s, cand 100%)
2026-08-05 19:14:07   [GPU] 2,550,003 evals (60062 batches, avg 42/batch = 8% of 512, 3154 evals/s, 242 msg/s, 13.0 leaves/msg, 809s)
2026-08-05 19:14:22   [GPU] 2,600,015 evals (61169 batches, avg 43/batch = 8% of 512, 3158 evals/s, 242 msg/s, 13.0 leaves/msg, 823s)
2026-08-05 19:14:31 [iter 60/60] eval vs best: 95/160 games (833s, cand 100%)
2026-08-05 19:14:36   [GPU] 2,650,032 evals (62242 batches, avg 43/batch = 8% of 512, 3164 evals/s, 243 msg/s, 13.0 leaves/msg, 838s)
2026-08-05 19:14:50   [GPU] 2,700,014 evals (63311 batches, avg 43/batch = 8% of 512, 3170 evals/s, 243 msg/s, 13.0 leaves/msg, 852s)
2026-08-05 19:15:05   [GPU] 2,750,019 evals (64416 batches, avg 43/batch = 8% of 512, 3174 evals/s, 243 msg/s, 13.1 leaves/msg, 866s)
2026-08-05 19:15:19   [GPU] 2,800,041 evals (65469 batches, avg 43/batch = 8% of 512, 3181 evals/s, 243 msg/s, 13.1 leaves/msg, 880s)
2026-08-05 19:15:31 [iter 60/60] eval vs best: 100/160 games (892s, cand 100%)
2026-08-05 19:15:33   [GPU] 2,850,017 evals (66521 batches, avg 43/batch = 8% of 512, 3186 evals/s, 244 msg/s, 13.1 leaves/msg, 895s)
2026-08-05 19:15:50   [GPU] 2,900,040 evals (67769 batches, avg 43/batch = 8% of 512, 3182 evals/s, 244 msg/s, 13.1 leaves/msg, 911s)
2026-08-05 19:15:58 [iter 60/60] eval vs best: 105/160 games (920s, cand 100%)
2026-08-05 19:16:08   [GPU] 2,950,003 evals (69068 batches, avg 43/batch = 8% of 512, 3174 evals/s, 243 msg/s, 13.1 leaves/msg, 929s)
2026-08-05 19:16:26   [GPU] 3,000,027 evals (70365 batches, avg 43/batch = 8% of 512, 3167 evals/s, 243 msg/s, 13.0 leaves/msg, 947s)
2026-08-05 19:16:44   [GPU] 3,050,035 evals (71706 batches, avg 43/batch = 8% of 512, 3159 evals/s, 243 msg/s, 13.0 leaves/msg, 966s)
2026-08-05 19:17:03 [iter 60/60] eval vs best: 110/160 games (984s, cand 100%)
2026-08-05 19:17:03   [GPU] 3,100,041 evals (73049 batches, avg 42/batch = 8% of 512, 3150 evals/s, 243 msg/s, 13.0 leaves/msg, 984s)
2026-08-05 19:17:21   [GPU] 3,150,037 evals (74424 batches, avg 42/batch = 8% of 512, 3141 evals/s, 242 msg/s, 13.0 leaves/msg, 1003s)
2026-08-05 19:17:39   [GPU] 3,200,015 evals (75713 batches, avg 42/batch = 8% of 512, 3135 evals/s, 242 msg/s, 12.9 leaves/msg, 1021s)
2026-08-05 19:17:56   [GPU] 3,250,024 evals (76936 batches, avg 42/batch = 8% of 512, 3133 evals/s, 242 msg/s, 12.9 leaves/msg, 1037s)
2026-08-05 19:18:02 [iter 60/60] eval vs best: 115/160 games (1044s, cand 100%)
2026-08-05 19:18:12   [GPU] 3,300,040 evals (78145 batches, avg 42/batch = 8% of 512, 3132 evals/s, 242 msg/s, 12.9 leaves/msg, 1054s)
2026-08-05 19:18:28   [GPU] 3,350,004 evals (79290 batches, avg 42/batch = 8% of 512, 3132 evals/s, 242 msg/s, 12.9 leaves/msg, 1070s)
2026-08-05 19:18:41 [iter 60/60] eval vs best: 120/160 games (1083s, cand 100%)
2026-08-05 19:18:43   [GPU] 3,400,035 evals (80365 batches, avg 42/batch = 8% of 512, 3135 evals/s, 243 msg/s, 12.9 leaves/msg, 1085s)
2026-08-05 19:18:58   [GPU] 3,450,005 evals (81465 batches, avg 42/batch = 8% of 512, 3138 evals/s, 243 msg/s, 12.9 leaves/msg, 1100s)
2026-08-05 19:19:13   [GPU] 3,500,053 evals (82548 batches, avg 42/batch = 8% of 512, 3141 evals/s, 243 msg/s, 12.9 leaves/msg, 1114s)
2026-08-05 19:19:21 [iter 60/60] eval vs best: 125/160 games (1122s, cand 100%)
2026-08-05 19:19:28   [GPU] 3,550,016 evals (83631 batches, avg 42/batch = 8% of 512, 3144 evals/s, 243 msg/s, 12.9 leaves/msg, 1129s)
2026-08-05 19:19:43   [GPU] 3,600,027 evals (84716 batches, avg 42/batch = 8% of 512, 3146 evals/s, 243 msg/s, 12.9 leaves/msg, 1144s)
2026-08-05 19:19:55 [iter 60/60] eval vs best: 130/160 games (1156s, cand 100%)
2026-08-05 19:19:58   [GPU] 3,650,014 evals (85824 batches, avg 43/batch = 8% of 512, 3147 evals/s, 244 msg/s, 12.9 leaves/msg, 1160s)
2026-08-05 19:20:14   [GPU] 3,700,059 evals (87014 batches, avg 43/batch = 8% of 512, 3146 evals/s, 244 msg/s, 12.9 leaves/msg, 1176s)
2026-08-05 19:20:30   [GPU] 3,750,021 evals (88169 batches, avg 43/batch = 8% of 512, 3147 evals/s, 244 msg/s, 12.9 leaves/msg, 1192s)
2026-08-05 19:20:37 [iter 60/60] eval vs best: 135/160 games (1199s, cand 100%)
2026-08-05 19:20:46   [GPU] 3,800,017 evals (89354 batches, avg 43/batch = 8% of 512, 3146 evals/s, 243 msg/s, 12.9 leaves/msg, 1208s)
2026-08-05 19:21:01   [GPU] 3,850,050 evals (90463 batches, avg 43/batch = 8% of 512, 3148 evals/s, 243 msg/s, 12.9 leaves/msg, 1223s)
2026-08-05 19:21:14 [iter 60/60] eval vs best: 140/160 games (1236s, cand 100%)
2026-08-05 19:21:17   [GPU] 3,900,015 evals (91572 batches, avg 43/batch = 8% of 512, 3149 evals/s, 243 msg/s, 13.0 leaves/msg, 1238s)
2026-08-05 19:21:34   [GPU] 3,950,015 evals (92816 batches, avg 43/batch = 8% of 512, 3147 evals/s, 243 msg/s, 13.0 leaves/msg, 1255s)
2026-08-05 19:21:51   [GPU] 4,000,027 evals (94054 batches, avg 43/batch = 8% of 512, 3143 evals/s, 242 msg/s, 13.0 leaves/msg, 1273s)
2026-08-05 19:21:56 [iter 60/60] eval vs best: 145/160 games (1277s, cand 100%)
2026-08-05 19:22:12   [GPU] 4,050,009 evals (95489 batches, avg 42/batch = 8% of 512, 3132 evals/s, 241 msg/s, 13.0 leaves/msg, 1293s)
2026-08-05 19:22:33   [GPU] 4,100,017 evals (97003 batches, avg 42/batch = 8% of 512, 3119 evals/s, 240 msg/s, 13.0 leaves/msg, 1315s)
2026-08-05 19:22:57   [GPU] 4,150,025 evals (98671 batches, avg 42/batch = 8% of 512, 3101 evals/s, 238 msg/s, 13.0 leaves/msg, 1338s)
2026-08-05 19:23:09 [iter 60/60] eval vs best: 150/160 games (1351s, cand 100%)
2026-08-05 19:23:21   [GPU] 4,200,039 evals (100357 batches, avg 42/batch = 8% of 512, 3083 evals/s, 237 msg/s, 13.0 leaves/msg, 1362s)
2026-08-05 19:23:49   [GPU] 4,250,000 evals (102280 batches, avg 42/batch = 8% of 512, 3057 evals/s, 235 msg/s, 13.0 leaves/msg, 1390s)
2026-08-05 19:24:18   [GPU] 4,300,012 evals (104299 batches, avg 41/batch = 8% of 512, 3029 evals/s, 232 msg/s, 13.0 leaves/msg, 1420s)
2026-08-05 19:24:19 [iter 60/60] eval vs best: 155/160 games (1421s, cand 100%)
2026-08-05 19:25:11   [GPU] 4,350,014 evals (107187 batches, avg 41/batch = 8% of 512, 2953 evals/s, 226 msg/s, 13.0 leaves/msg, 1473s)
2026-08-05 19:26:29   [GPU] 4,400,005 evals (110382 batches, avg 40/batch = 8% of 512, 2838 evals/s, 217 msg/s, 13.1 leaves/msg, 1550s)
2026-08-05 19:26:41 [iter 60/60] eval vs best: 160/160 games (1563s, cand 100%)
2026-08-05 19:26:42 [iter 60/60] eval vs best done: 100.0% of 27 decided reject (only 27/160 games decided — too few to gate on) (1563s)
2026-08-05 19:26:42 [iter 60/60] eval vs random (40 games, 200 sims)...
2026-08-05 19:26:42 [EVAL-MP] 8 workers spawned (40 vs_random games, sims=200), GPU batcher starting...
2026-08-05 19:26:53 [iter 60/60] eval vs random: 5/40 games (11s, cand 100%)
2026-08-05 19:26:58 [iter 60/60] eval vs random: 10/40 games (16s, cand 100%)
2026-08-05 19:26:58   [GPU] 50,024 evals (1252 batches, avg 40/batch = 8% of 512, 3074 evals/s, 224 msg/s, 13.7 leaves/msg, 16s)
2026-08-05 19:27:03 [iter 60/60] eval vs random: 15/40 games (21s, cand 100%)
2026-08-05 19:27:07 [iter 60/60] eval vs random: 20/40 games (25s, cand 100%)
2026-08-05 19:27:13   [GPU] 100,025 evals (2532 batches, avg 40/batch = 8% of 512, 3232 evals/s, 238 msg/s, 13.6 leaves/msg, 31s)
2026-08-05 19:27:15 [iter 60/60] eval vs random: 25/40 games (34s, cand 100%)
2026-08-05 19:27:32 [iter 60/60] eval vs random: 30/40 games (51s, cand 100%)
2026-08-05 19:27:36   [GPU] 150,006 evals (4378 batches, avg 34/batch = 7% of 512, 2771 evals/s, 206 msg/s, 13.5 leaves/msg, 54s)
2026-08-05 19:28:01 [iter 60/60] eval vs random: 35/40 games (79s, cand 100%)
2026-08-05 19:28:02   [GPU] 200,011 evals (6389 batches, avg 31/batch = 6% of 512, 2502 evals/s, 186 msg/s, 13.4 leaves/msg, 80s)
2026-08-05 19:28:56 [iter 60/60] eval vs random: 40/40 games (134s, cand 100%)
2026-08-05 19:28:57 [iter 60/60] eval vs random done: 100.0% (135s)
2026-08-05 19:28:57 [iter 60/60] eval vs greedy (40 games, 200 sims)...
2026-08-05 19:28:57 [EVAL-MP] 8 workers spawned (40 vs_greedy games, sims=200), GPU batcher starting...
2026-08-05 19:29:05 [iter 60/60] eval vs greedy: 5/40 games (9s, cand 100%)
2026-08-05 19:29:09 [iter 60/60] eval vs greedy: 10/40 games (13s, cand 100%)
2026-08-05 19:29:13   [GPU] 50,016 evals (1205 batches, avg 42/batch = 8% of 512, 3132 evals/s, 235 msg/s, 13.3 leaves/msg, 16s)
2026-08-05 19:29:13 [iter 60/60] eval vs greedy: 15/40 games (16s, cand 100%)
2026-08-05 19:29:15 [iter 60/60] eval vs greedy: 20/40 games (19s, cand 100%)
2026-08-05 19:29:20 [iter 60/60] eval vs greedy: 25/40 games (23s, cand 96%)
2026-08-05 19:29:24 [iter 60/60] eval vs greedy: 30/40 games (27s, cand 93%)
2026-08-05 19:29:30 [iter 60/60] eval vs greedy: 35/40 games (33s, cand 91%)
2026-08-05 19:29:30   [GPU] 100,040 evals (2687 batches, avg 37/batch = 7% of 512, 2958 evals/s, 225 msg/s, 13.1 leaves/msg, 34s)
2026-08-05 19:29:39 [iter 60/60] eval vs greedy: 40/40 games (42s, cand 85%)
2026-08-05 19:29:39 [iter 60/60] eval vs greedy done: 85.0% of 40 decided [seat0:20/20 seat1:14/20] (43s)
2026-08-05 19:29:39 [iter 60/60] eval vs minimax (depth 2, 40 games)...
2026-08-05 19:29:39 [EVAL-MP] 8 workers spawned (40 vs_minimax games, sims=200), GPU batcher starting...
2026-08-05 19:29:54 [iter 60/60] eval vs minimax: 5/40 games (0%)
2026-08-05 19:29:57   [GPU] 50,027 evals (1326 batches, avg 38/batch = 7% of 512, 2859 evals/s, 214 msg/s, 13.3 leaves/msg, 17s)
2026-08-05 19:30:08 [iter 60/60] eval vs minimax: 10/40 games (0%)
2026-08-05 19:30:12   [GPU] 100,008 evals (2716 batches, avg 37/batch = 7% of 512, 3033 evals/s, 236 msg/s, 12.9 leaves/msg, 33s)
2026-08-05 19:30:19 [iter 60/60] eval vs minimax: 15/40 games (0%)
2026-08-05 19:30:27   [GPU] 150,014 evals (4058 batches, avg 37/batch = 7% of 512, 3145 evals/s, 254 msg/s, 12.4 leaves/msg, 48s)
2026-08-05 19:30:29 [iter 60/60] eval vs minimax: 20/40 games (0%)
2026-08-05 19:30:39 [iter 60/60] eval vs minimax: 25/40 games (0%)
2026-08-05 19:30:43   [GPU] 200,016 evals (5507 batches, avg 36/batch = 7% of 512, 3126 evals/s, 252 msg/s, 12.4 leaves/msg, 64s)
2026-08-05 19:30:59 [iter 60/60] eval vs minimax: 30/40 games (0%)
2026-08-05 19:31:04   [GPU] 250,034 evals (7277 batches, avg 34/batch = 7% of 512, 2952 evals/s, 239 msg/s, 12.3 leaves/msg, 85s)
2026-08-05 19:31:11 [iter 60/60] eval vs minimax: 35/40 games (0%)
2026-08-05 19:31:46 [iter 60/60] eval vs minimax: 40/40 games (0%)
2026-08-05 19:31:47 [iter 60/60] eval vs minimax done: 0.0% of 32 decided [seat0:0/20 seat1:0/20] (127s)
2026-08-05 19:31:47 >>> iter 60 | loss_p=0.885 loss_v=0.119 | vs_best=100.0% reject | vs_rand=100.0% | draw=25% | buf=93606 | rss=2.60GB | sp=437s train=10s eval_best=1563s eval_rand=135s | total=2320s
