2026-07-29 13:12:22 ======================================================================
2026-07-29 13:12:22 training_loop_mp launched | N=4 board=9x9 | sims=600 games/iter=70 | self_play=parallel workers=64 vec_games=0
2026-07-29 13:12:22 checkpoint_dir=/tf/dl-quoridor/runs/n4_9x9_v3 | eval=80+40 | accept_margin=0.05 | buffer=500000
2026-07-29 13:12:22 train_steps=600 max_moves=320 explore_moves=40 warmup=5000 leaf_batch=16 vloss=1.0
2026-07-29 13:12:22 ======================================================================
2026-07-29 13:12:22 Champion initialised from the starting model -> /tf/dl-quoridor/runs/n4_9x9_v3/best.pt
2026-07-29 13:12:22 Starting N=4 training: 70 iterations, 70 games/iter, 600 sims
2026-07-29 13:12:22 [iter 1/70] self-play starting (70 games, 600 sims)...
2026-07-29 13:12:24 [PARALLEL-MP] 64 workers spawned (70 games, sims=600), GPU batcher starting...
2026-07-29 13:12:37   [GPU] 50,016 evals (363 batches, avg 138/batch = 27% of 512, 3806 evals/s, 249 msg/s, 15.3 leaves/msg, 13s)
2026-07-29 13:12:45   [GPU] 100,048 evals (705 batches, avg 142/batch = 28% of 512, 4825 evals/s, 313 msg/s, 15.4 leaves/msg, 21s)
2026-07-29 13:12:53   [GPU] 150,161 evals (1060 batches, avg 142/batch = 28% of 512, 5283 evals/s, 342 msg/s, 15.4 leaves/msg, 28s)
2026-07-29 13:13:00   [GPU] 200,115 evals (1404 batches, avg 143/batch = 28% of 512, 5605 evals/s, 365 msg/s, 15.4 leaves/msg, 36s)
2026-07-29 13:13:07   [GPU] 250,128 evals (1750 batches, avg 143/batch = 28% of 512, 5814 evals/s, 378 msg/s, 15.4 leaves/msg, 43s)
2026-07-29 13:13:14   [GPU] 300,133 evals (2084 batches, avg 144/batch = 28% of 512, 5984 evals/s, 388 msg/s, 15.4 leaves/msg, 50s)
2026-07-29 13:13:21   [GPU] 350,025 evals (2424 batches, avg 144/batch = 28% of 512, 6115 evals/s, 397 msg/s, 15.4 leaves/msg, 57s)
2026-07-29 13:13:28   [GPU] 400,125 evals (2763 batches, avg 145/batch = 28% of 512, 6243 evals/s, 405 msg/s, 15.4 leaves/msg, 64s)
2026-07-29 13:13:35   [GPU] 450,041 evals (3092 batches, avg 146/batch = 28% of 512, 6357 evals/s, 413 msg/s, 15.4 leaves/msg, 71s)
2026-07-29 13:13:42   [GPU] 500,092 evals (3415 batches, avg 146/batch = 29% of 512, 6459 evals/s, 419 msg/s, 15.4 leaves/msg, 77s)
2026-07-29 13:13:48   [GPU] 550,165 evals (3729 batches, avg 148/batch = 29% of 512, 6562 evals/s, 426 msg/s, 15.4 leaves/msg, 84s)
2026-07-29 13:13:54   [GPU] 600,127 evals (4049 batches, avg 148/batch = 29% of 512, 6661 evals/s, 432 msg/s, 15.4 leaves/msg, 90s)
2026-07-29 13:14:00   [GPU] 650,131 evals (4366 batches, avg 149/batch = 29% of 512, 6770 evals/s, 440 msg/s, 15.4 leaves/msg, 96s)
2026-07-29 13:14:05   [GPU] 700,189 evals (4681 batches, avg 150/batch = 29% of 512, 6934 evals/s, 450 msg/s, 15.4 leaves/msg, 101s)
2026-07-29 13:14:10   [GPU] 750,077 evals (4996 batches, avg 150/batch = 29% of 512, 7113 evals/s, 462 msg/s, 15.4 leaves/msg, 105s)
2026-07-29 13:14:14   [GPU] 800,060 evals (5325 batches, avg 150/batch = 29% of 512, 7259 evals/s, 472 msg/s, 15.4 leaves/msg, 110s)
2026-07-29 13:14:19   [GPU] 850,064 evals (5642 batches, avg 151/batch = 29% of 512, 7409 evals/s, 483 msg/s, 15.3 leaves/msg, 115s)
2026-07-29 13:14:23   [GPU] 900,087 evals (5965 batches, avg 151/batch = 29% of 512, 7547 evals/s, 493 msg/s, 15.3 leaves/msg, 119s)
2026-07-29 13:14:28   [GPU] 950,134 evals (6292 batches, avg 151/batch = 29% of 512, 7674 evals/s, 502 msg/s, 15.3 leaves/msg, 124s)
2026-07-29 13:14:32   [GPU] 1,000,078 evals (6614 batches, avg 151/batch = 30% of 512, 7795 evals/s, 511 msg/s, 15.3 leaves/msg, 128s)
2026-07-29 13:14:37   [GPU] 1,050,135 evals (6932 batches, avg 151/batch = 30% of 512, 7915 evals/s, 519 msg/s, 15.2 leaves/msg, 133s)
2026-07-29 13:14:41   [GPU] 1,100,075 evals (7262 batches, avg 151/batch = 30% of 512, 8020 evals/s, 527 msg/s, 15.2 leaves/msg, 137s)
2026-07-29 13:14:46   [GPU] 1,150,144 evals (7595 batches, avg 151/batch = 30% of 512, 8119 evals/s, 534 msg/s, 15.2 leaves/msg, 142s)
2026-07-29 13:14:50   [GPU] 1,200,168 evals (7912 batches, avg 152/batch = 30% of 512, 8211 evals/s, 541 msg/s, 15.2 leaves/msg, 146s)
2026-07-29 13:14:55   [GPU] 1,250,153 evals (8239 batches, avg 152/batch = 30% of 512, 8293 evals/s, 546 msg/s, 15.2 leaves/msg, 151s)
2026-07-29 13:14:59   [GPU] 1,300,001 evals (8565 batches, avg 152/batch = 30% of 512, 8376 evals/s, 552 msg/s, 15.2 leaves/msg, 155s)
2026-07-29 13:15:04   [GPU] 1,350,069 evals (8884 batches, avg 152/batch = 30% of 512, 8453 evals/s, 558 msg/s, 15.2 leaves/msg, 160s)
2026-07-29 13:15:09   [GPU] 1,400,086 evals (9214 batches, avg 152/batch = 30% of 512, 8520 evals/s, 563 msg/s, 15.1 leaves/msg, 164s)
2026-07-29 13:15:13   [GPU] 1,450,062 evals (9530 batches, avg 152/batch = 30% of 512, 8593 evals/s, 568 msg/s, 15.1 leaves/msg, 169s)
2026-07-29 13:15:17   [GPU] 1,500,133 evals (9869 batches, avg 152/batch = 30% of 512, 8656 evals/s, 572 msg/s, 15.1 leaves/msg, 173s)
2026-07-29 13:15:22   [GPU] 1,550,093 evals (10196 batches, avg 152/batch = 30% of 512, 8714 evals/s, 576 msg/s, 15.1 leaves/msg, 178s)
2026-07-29 13:15:27   [GPU] 1,600,065 evals (10523 batches, avg 152/batch = 30% of 512, 8770 evals/s, 580 msg/s, 15.1 leaves/msg, 182s)
2026-07-29 13:15:31   [GPU] 1,650,066 evals (10856 batches, avg 152/batch = 30% of 512, 8816 evals/s, 584 msg/s, 15.1 leaves/msg, 187s)
2026-07-29 13:15:36   [GPU] 1,700,106 evals (11198 batches, avg 152/batch = 30% of 512, 8861 evals/s, 587 msg/s, 15.1 leaves/msg, 192s)
2026-07-29 13:15:41   [GPU] 1,750,061 evals (11530 batches, avg 152/batch = 30% of 512, 8902 evals/s, 590 msg/s, 15.1 leaves/msg, 197s)
2026-07-29 13:15:45   [GPU] 1,800,103 evals (11864 batches, avg 152/batch = 30% of 512, 8946 evals/s, 593 msg/s, 15.1 leaves/msg, 201s)
2026-07-29 13:15:50   [GPU] 1,850,037 evals (12196 batches, avg 152/batch = 30% of 512, 8986 evals/s, 596 msg/s, 15.1 leaves/msg, 206s)
2026-07-29 13:15:55   [GPU] 1,900,120 evals (12532 batches, avg 152/batch = 30% of 512, 9023 evals/s, 599 msg/s, 15.1 leaves/msg, 211s)
2026-07-29 13:15:59   [GPU] 1,950,109 evals (12876 batches, avg 151/batch = 30% of 512, 9057 evals/s, 601 msg/s, 15.1 leaves/msg, 215s)
2026-07-29 13:16:04   [GPU] 2,000,127 evals (13212 batches, avg 151/batch = 30% of 512, 9092 evals/s, 604 msg/s, 15.1 leaves/msg, 220s)
2026-07-29 13:16:09   [GPU] 2,050,037 evals (13542 batches, avg 151/batch = 30% of 512, 9128 evals/s, 606 msg/s, 15.1 leaves/msg, 225s)
2026-07-29 13:16:13   [GPU] 2,100,091 evals (13888 batches, avg 151/batch = 30% of 512, 9160 evals/s, 608 msg/s, 15.1 leaves/msg, 229s)
2026-07-29 13:16:18   [GPU] 2,150,106 evals (14232 batches, avg 151/batch = 30% of 512, 9189 evals/s, 611 msg/s, 15.1 leaves/msg, 234s)
2026-07-29 13:16:23   [GPU] 2,200,160 evals (14561 batches, avg 151/batch = 30% of 512, 9219 evals/s, 613 msg/s, 15.0 leaves/msg, 239s)
2026-07-29 13:16:27   [GPU] 2,250,230 evals (14896 batches, avg 151/batch = 30% of 512, 9252 evals/s, 615 msg/s, 15.0 leaves/msg, 243s)
2026-07-29 13:16:32   [GPU] 2,300,122 evals (15220 batches, avg 151/batch = 30% of 512, 9284 evals/s, 617 msg/s, 15.0 leaves/msg, 248s)
2026-07-29 13:16:36   [GPU] 2,350,095 evals (15550 batches, avg 151/batch = 30% of 512, 9318 evals/s, 620 msg/s, 15.0 leaves/msg, 252s)
2026-07-29 13:16:41   [GPU] 2,400,028 evals (15878 batches, avg 151/batch = 30% of 512, 9347 evals/s, 622 msg/s, 15.0 leaves/msg, 257s)
2026-07-29 13:16:45   [GPU] 2,450,184 evals (16195 batches, avg 151/batch = 30% of 512, 9379 evals/s, 624 msg/s, 15.0 leaves/msg, 261s)
2026-07-29 13:16:50   [GPU] 2,500,092 evals (16527 batches, avg 151/batch = 30% of 512, 9408 evals/s, 626 msg/s, 15.0 leaves/msg, 266s)
2026-07-29 13:16:55   [GPU] 2,550,127 evals (16857 batches, avg 151/batch = 30% of 512, 9434 evals/s, 628 msg/s, 15.0 leaves/msg, 270s)
2026-07-29 13:16:59   [GPU] 2,600,117 evals (17190 batches, avg 151/batch = 30% of 512, 9462 evals/s, 630 msg/s, 15.0 leaves/msg, 275s)
2026-07-29 13:17:03   [GPU] 2,650,020 evals (17503 batches, avg 151/batch = 30% of 512, 9489 evals/s, 632 msg/s, 15.0 leaves/msg, 279s)
2026-07-29 13:17:08   [GPU] 2,700,082 evals (17832 batches, avg 151/batch = 30% of 512, 9517 evals/s, 634 msg/s, 15.0 leaves/msg, 284s)
2026-07-29 13:17:13   [GPU] 2,750,154 evals (18163 batches, avg 151/batch = 30% of 512, 9538 evals/s, 635 msg/s, 15.0 leaves/msg, 288s)
2026-07-29 13:17:17   [GPU] 2,800,010 evals (18484 batches, avg 151/batch = 30% of 512, 9562 evals/s, 637 msg/s, 15.0 leaves/msg, 293s)
2026-07-29 13:17:22   [GPU] 2,850,148 evals (18818 batches, avg 151/batch = 30% of 512, 9580 evals/s, 638 msg/s, 15.0 leaves/msg, 298s)
2026-07-29 13:17:26   [GPU] 2,900,052 evals (19158 batches, avg 151/batch = 30% of 512, 9601 evals/s, 640 msg/s, 15.0 leaves/msg, 302s)
2026-07-29 13:17:31   [GPU] 2,950,094 evals (19496 batches, avg 151/batch = 30% of 512, 9619 evals/s, 641 msg/s, 15.0 leaves/msg, 307s)
2026-07-29 13:17:36   [GPU] 3,000,084 evals (19832 batches, avg 151/batch = 30% of 512, 9635 evals/s, 642 msg/s, 15.0 leaves/msg, 311s)
2026-07-29 13:17:40   [GPU] 3,050,100 evals (20166 batches, avg 151/batch = 30% of 512, 9653 evals/s, 644 msg/s, 15.0 leaves/msg, 316s)
2026-07-29 13:17:45   [GPU] 3,100,053 evals (20500 batches, avg 151/batch = 30% of 512, 9670 evals/s, 645 msg/s, 15.0 leaves/msg, 321s)
2026-07-29 13:17:49   [GPU] 3,150,078 evals (20846 batches, avg 151/batch = 30% of 512, 9686 evals/s, 646 msg/s, 15.0 leaves/msg, 325s)
2026-07-29 13:17:54   [GPU] 3,200,028 evals (21188 batches, avg 151/batch = 29% of 512, 9699 evals/s, 647 msg/s, 15.0 leaves/msg, 330s)
2026-07-29 13:17:59   [GPU] 3,250,012 evals (21531 batches, avg 151/batch = 29% of 512, 9713 evals/s, 649 msg/s, 15.0 leaves/msg, 335s)
2026-07-29 13:18:03 [iter 1/70] self-play: 5/70 games...
2026-07-29 13:18:04   [GPU] 3,300,125 evals (21880 batches, avg 151/batch = 29% of 512, 9725 evals/s, 650 msg/s, 15.0 leaves/msg, 339s)
2026-07-29 13:18:08   [GPU] 3,350,105 evals (22217 batches, avg 151/batch = 29% of 512, 9740 evals/s, 651 msg/s, 15.0 leaves/msg, 344s)
2026-07-29 13:18:13   [GPU] 3,400,134 evals (22555 batches, avg 151/batch = 29% of 512, 9751 evals/s, 652 msg/s, 15.0 leaves/msg, 349s)
2026-07-29 13:18:18   [GPU] 3,450,021 evals (22889 batches, avg 151/batch = 29% of 512, 9764 evals/s, 653 msg/s, 15.0 leaves/msg, 353s)
2026-07-29 13:18:22   [GPU] 3,500,166 evals (23217 batches, avg 151/batch = 29% of 512, 9778 evals/s, 654 msg/s, 15.0 leaves/msg, 358s)
2026-07-29 13:18:27   [GPU] 3,550,122 evals (23552 batches, avg 151/batch = 29% of 512, 9793 evals/s, 655 msg/s, 15.0 leaves/msg, 363s)
2026-07-29 13:18:31   [GPU] 3,600,105 evals (23887 batches, avg 151/batch = 29% of 512, 9809 evals/s, 656 msg/s, 15.0 leaves/msg, 367s)
2026-07-29 13:18:36   [GPU] 3,650,104 evals (24221 batches, avg 151/batch = 29% of 512, 9824 evals/s, 657 msg/s, 15.0 leaves/msg, 372s)
2026-07-29 13:18:40   [GPU] 3,700,099 evals (24551 batches, avg 151/batch = 29% of 512, 9837 evals/s, 658 msg/s, 15.0 leaves/msg, 376s)
2026-07-29 13:18:45   [GPU] 3,750,022 evals (24879 batches, avg 151/batch = 29% of 512, 9850 evals/s, 659 msg/s, 15.0 leaves/msg, 381s)
2026-07-29 13:18:49   [GPU] 3,800,018 evals (25210 batches, avg 151/batch = 29% of 512, 9865 evals/s, 660 msg/s, 15.0 leaves/msg, 385s)
2026-07-29 13:18:54   [GPU] 3,850,091 evals (25550 batches, avg 151/batch = 29% of 512, 9875 evals/s, 661 msg/s, 14.9 leaves/msg, 390s)
2026-07-29 13:18:59   [GPU] 3,900,043 evals (25887 batches, avg 151/batch = 29% of 512, 9884 evals/s, 662 msg/s, 14.9 leaves/msg, 395s)
2026-07-29 13:19:00 [iter 1/70] self-play: 10/70 games...
2026-07-29 13:19:03   [GPU] 3,950,001 evals (26219 batches, avg 151/batch = 29% of 512, 9894 evals/s, 662 msg/s, 14.9 leaves/msg, 399s)
2026-07-29 13:19:08   [GPU] 4,000,021 evals (26550 batches, avg 151/batch = 29% of 512, 9904 evals/s, 663 msg/s, 14.9 leaves/msg, 404s)
2026-07-29 13:19:13   [GPU] 4,050,103 evals (26883 batches, avg 151/batch = 29% of 512, 9916 evals/s, 664 msg/s, 14.9 leaves/msg, 408s)
2026-07-29 13:19:17   [GPU] 4,100,043 evals (27216 batches, avg 151/batch = 29% of 512, 9928 evals/s, 665 msg/s, 14.9 leaves/msg, 413s)
2026-07-29 13:19:22   [GPU] 4,150,035 evals (27543 batches, avg 151/batch = 29% of 512, 9941 evals/s, 666 msg/s, 14.9 leaves/msg, 417s)
2026-07-29 13:19:26   [GPU] 4,200,130 evals (27877 batches, avg 151/batch = 29% of 512, 9954 evals/s, 667 msg/s, 14.9 leaves/msg, 422s)
2026-07-29 13:19:31   [GPU] 4,250,077 evals (28215 batches, avg 151/batch = 29% of 512, 9966 evals/s, 668 msg/s, 14.9 leaves/msg, 426s)
2026-07-29 13:19:35   [GPU] 4,300,016 evals (28546 batches, avg 151/batch = 29% of 512, 9980 evals/s, 669 msg/s, 14.9 leaves/msg, 431s)
2026-07-29 13:19:40   [GPU] 4,350,056 evals (28879 batches, avg 151/batch = 29% of 512, 9992 evals/s, 670 msg/s, 14.9 leaves/msg, 435s)
2026-07-29 13:19:44   [GPU] 4,400,007 evals (29212 batches, avg 151/batch = 29% of 512, 10003 evals/s, 670 msg/s, 14.9 leaves/msg, 440s)
2026-07-29 13:19:49   [GPU] 4,450,201 evals (29546 batches, avg 151/batch = 29% of 512, 10014 evals/s, 671 msg/s, 14.9 leaves/msg, 444s)
2026-07-29 13:19:51 [iter 1/70] self-play: 15/70 games...
2026-07-29 13:19:53   [GPU] 4,500,113 evals (29872 batches, avg 151/batch = 29% of 512, 10026 evals/s, 672 msg/s, 14.9 leaves/msg, 449s)
2026-07-29 13:19:58   [GPU] 4,550,063 evals (30215 batches, avg 151/batch = 29% of 512, 10036 evals/s, 673 msg/s, 14.9 leaves/msg, 453s)
2026-07-29 13:20:02   [GPU] 4,600,054 evals (30549 batches, avg 151/batch = 29% of 512, 10046 evals/s, 674 msg/s, 14.9 leaves/msg, 458s)
2026-07-29 13:20:07   [GPU] 4,650,019 evals (30893 batches, avg 151/batch = 29% of 512, 10052 evals/s, 674 msg/s, 14.9 leaves/msg, 463s)
2026-07-29 13:20:11   [GPU] 4,700,037 evals (31221 batches, avg 151/batch = 29% of 512, 10061 evals/s, 675 msg/s, 14.9 leaves/msg, 467s)
2026-07-29 13:20:16   [GPU] 4,750,097 evals (31552 batches, avg 151/batch = 29% of 512, 10070 evals/s, 676 msg/s, 14.9 leaves/msg, 472s)
2026-07-29 13:20:20   [GPU] 4,800,104 evals (31891 batches, avg 151/batch = 29% of 512, 10078 evals/s, 677 msg/s, 14.9 leaves/msg, 476s)
2026-07-29 13:20:25   [GPU] 4,850,093 evals (32229 batches, avg 150/batch = 29% of 512, 10088 evals/s, 678 msg/s, 14.9 leaves/msg, 481s)
2026-07-29 13:20:26 [iter 1/70] self-play: 20/70 games...
2026-07-29 13:20:29   [GPU] 4,900,082 evals (32558 batches, avg 151/batch = 29% of 512, 10100 evals/s, 678 msg/s, 14.9 leaves/msg, 485s)
2026-07-29 13:20:34   [GPU] 4,950,047 evals (32893 batches, avg 150/batch = 29% of 512, 10109 evals/s, 679 msg/s, 14.9 leaves/msg, 490s)
2026-07-29 13:20:38   [GPU] 5,000,120 evals (33220 batches, avg 151/batch = 29% of 512, 10120 evals/s, 680 msg/s, 14.9 leaves/msg, 494s)
2026-07-29 13:20:43   [GPU] 5,050,168 evals (33554 batches, avg 151/batch = 29% of 512, 10129 evals/s, 680 msg/s, 14.9 leaves/msg, 499s)
2026-07-29 13:20:47   [GPU] 5,100,007 evals (33879 batches, avg 151/batch = 29% of 512, 10138 evals/s, 681 msg/s, 14.9 leaves/msg, 503s)
2026-07-29 13:20:52   [GPU] 5,150,137 evals (34214 batches, avg 151/batch = 29% of 512, 10146 evals/s, 682 msg/s, 14.9 leaves/msg, 508s)
2026-07-29 13:20:56   [GPU] 5,200,093 evals (34549 batches, avg 151/batch = 29% of 512, 10154 evals/s, 682 msg/s, 14.9 leaves/msg, 512s)
2026-07-29 13:21:01   [GPU] 5,250,055 evals (34883 batches, avg 151/batch = 29% of 512, 10160 evals/s, 683 msg/s, 14.9 leaves/msg, 517s)
2026-07-29 13:21:05   [GPU] 5,300,223 evals (35217 batches, avg 151/batch = 29% of 512, 10168 evals/s, 683 msg/s, 14.9 leaves/msg, 521s)
2026-07-29 13:21:10   [GPU] 5,350,117 evals (35550 batches, avg 150/batch = 29% of 512, 10177 evals/s, 684 msg/s, 14.9 leaves/msg, 526s)
2026-07-29 13:21:14   [GPU] 5,400,071 evals (35879 batches, avg 151/batch = 29% of 512, 10183 evals/s, 684 msg/s, 14.9 leaves/msg, 530s)
2026-07-29 13:21:19   [GPU] 5,450,027 evals (36211 batches, avg 151/batch = 29% of 512, 10192 evals/s, 685 msg/s, 14.9 leaves/msg, 535s)
2026-07-29 13:21:24   [GPU] 5,500,013 evals (36553 batches, avg 150/batch = 29% of 512, 10197 evals/s, 685 msg/s, 14.9 leaves/msg, 539s)
2026-07-29 13:21:28   [GPU] 5,550,012 evals (36890 batches, avg 150/batch = 29% of 512, 10205 evals/s, 686 msg/s, 14.9 leaves/msg, 544s)
2026-07-29 13:21:32   [GPU] 5,600,001 evals (37227 batches, avg 150/batch = 29% of 512, 10213 evals/s, 686 msg/s, 14.9 leaves/msg, 548s)
2026-07-29 13:21:37   [GPU] 5,650,052 evals (37569 batches, avg 150/batch = 29% of 512, 10222 evals/s, 687 msg/s, 14.9 leaves/msg, 553s)
2026-07-29 13:21:41   [GPU] 5,700,048 evals (37907 batches, avg 150/batch = 29% of 512, 10228 evals/s, 688 msg/s, 14.9 leaves/msg, 557s)
2026-07-29 13:21:42 [iter 1/70] self-play: 25/70 games...
2026-07-29 13:21:46   [GPU] 5,750,037 evals (38245 batches, avg 150/batch = 29% of 512, 10234 evals/s, 688 msg/s, 14.9 leaves/msg, 562s)
2026-07-29 13:21:51   [GPU] 5,800,059 evals (38588 batches, avg 150/batch = 29% of 512, 10240 evals/s, 689 msg/s, 14.9 leaves/msg, 566s)
2026-07-29 13:21:55   [GPU] 5,850,037 evals (38924 batches, avg 150/batch = 29% of 512, 10248 evals/s, 689 msg/s, 14.9 leaves/msg, 571s)
2026-07-29 13:21:59   [GPU] 5,900,009 evals (39249 batches, avg 150/batch = 29% of 512, 10256 evals/s, 690 msg/s, 14.9 leaves/msg, 575s)
2026-07-29 13:22:02 [iter 1/70] self-play: 30/70 games...
2026-07-29 13:22:04   [GPU] 5,950,146 evals (39585 batches, avg 150/batch = 29% of 512, 10262 evals/s, 691 msg/s, 14.9 leaves/msg, 580s)
2026-07-29 13:22:08   [GPU] 6,000,081 evals (39912 batches, avg 150/batch = 29% of 512, 10270 evals/s, 691 msg/s, 14.9 leaves/msg, 584s)
2026-07-29 13:22:13   [GPU] 6,050,039 evals (40248 batches, avg 150/batch = 29% of 512, 10275 evals/s, 692 msg/s, 14.9 leaves/msg, 589s)
2026-07-29 13:22:17   [GPU] 6,100,118 evals (40581 batches, avg 150/batch = 29% of 512, 10282 evals/s, 692 msg/s, 14.9 leaves/msg, 593s)
2026-07-29 13:22:22   [GPU] 6,150,050 evals (40930 batches, avg 150/batch = 29% of 512, 10287 evals/s, 693 msg/s, 14.9 leaves/msg, 598s)
2026-07-29 13:22:27   [GPU] 6,200,017 evals (41266 batches, avg 150/batch = 29% of 512, 10293 evals/s, 693 msg/s, 14.8 leaves/msg, 602s)
2026-07-29 13:22:31   [GPU] 6,250,126 evals (41606 batches, avg 150/batch = 29% of 512, 10298 evals/s, 694 msg/s, 14.8 leaves/msg, 607s)
2026-07-29 13:22:33 [iter 1/70] self-play: 35/70 games...
2026-07-29 13:22:36   [GPU] 6,300,045 evals (41938 batches, avg 150/batch = 29% of 512, 10305 evals/s, 694 msg/s, 14.8 leaves/msg, 611s)
2026-07-29 13:22:40   [GPU] 6,350,039 evals (42276 batches, avg 150/batch = 29% of 512, 10310 evals/s, 695 msg/s, 14.8 leaves/msg, 616s)
2026-07-29 13:22:45   [GPU] 6,400,053 evals (42610 batches, avg 150/batch = 29% of 512, 10314 evals/s, 695 msg/s, 14.8 leaves/msg, 621s)
2026-07-29 13:22:48 [iter 1/70] self-play: 40/70 games...
2026-07-29 13:22:49 [iter 1/70] self-play: 45/70 games...
2026-07-29 13:22:49   [GPU] 6,450,024 evals (42952 batches, avg 150/batch = 29% of 512, 10317 evals/s, 695 msg/s, 14.8 leaves/msg, 625s)
2026-07-29 13:22:51 [iter 1/70] self-play: 50/70 games...
2026-07-29 13:22:52 [iter 1/70] self-play: 55/70 games...
2026-07-29 13:22:53 [iter 1/70] self-play: 60/70 games...
2026-07-29 13:22:53 [iter 1/70] self-play: 65/70 games...
2026-07-29 13:22:58   [GPU] 6,500,014 evals (43757 batches, avg 149/batch = 29% of 512, 10257 evals/s, 692 msg/s, 14.8 leaves/msg, 634s)
2026-07-29 13:23:13   [GPU] 6,550,015 evals (45274 batches, avg 145/batch = 28% of 512, 10095 evals/s, 681 msg/s, 14.8 leaves/msg, 649s)
2026-07-29 13:23:29   [GPU] 6,600,001 evals (46755 batches, avg 141/batch = 28% of 512, 9929 evals/s, 670 msg/s, 14.8 leaves/msg, 665s)
2026-07-29 13:23:48   [GPU] 6,650,011 evals (48357 batches, avg 138/batch = 27% of 512, 9726 evals/s, 656 msg/s, 14.8 leaves/msg, 684s)
2026-07-29 13:24:05 [iter 1/70] self-play: 70/70 games...
2026-07-29 13:24:05 [iter 1/70] self-play done: 70 games (703s) | wins: P0=12, P1=3, P2=16, P3=6, draw=33 | draw_rate=47% avg_len~69
2026-07-29 13:24:05 [iter 1/70] WARNING: draw_rate 47% > 20% — games timing out at max_game_moves=320 (weak value signal).
2026-07-29 13:24:05 [iter 1/70] training (600 steps, lr=1.00e-03)...
2026-07-29 13:24:13 [iter 1/70] training done: loss_p=1.946 loss_v=0.029 (7s)
2026-07-29 13:24:13 [iter 1/70] eval skipped (eval_every=5)
2026-07-29 13:24:13 >>> iter 1 | loss_p=1.946 loss_v=0.029 | vs_best=n/a (not evaluated) | vs_rand=n/a | draw=47% | buf=9676 | sp=703s train=7s eval_best=0s eval_rand=0s | total=711s
2026-07-29 13:24:13 [iter 2/70] self-play starting (70 games, 600 sims)...
2026-07-29 13:24:15 [PARALLEL-MP] 64 workers spawned (70 games, sims=600), GPU batcher starting...
2026-07-29 13:24:28   [GPU] 50,144 evals (373 batches, avg 134/batch = 26% of 512, 3856 evals/s, 253 msg/s, 15.3 leaves/msg, 13s)
2026-07-29 13:24:36   [GPU] 100,064 evals (708 batches, avg 141/batch = 28% of 512, 4876 evals/s, 317 msg/s, 15.4 leaves/msg, 21s)
2026-07-29 13:24:43   [GPU] 150,138 evals (1051 batches, avg 143/batch = 28% of 512, 5326 evals/s, 345 msg/s, 15.4 leaves/msg, 28s)
2026-07-29 13:24:50   [GPU] 200,037 evals (1390 batches, avg 144/batch = 28% of 512, 5659 evals/s, 368 msg/s, 15.4 leaves/msg, 35s)
2026-07-29 13:24:58   [GPU] 250,048 evals (1739 batches, avg 144/batch = 28% of 512, 5850 evals/s, 380 msg/s, 15.4 leaves/msg, 43s)
2026-07-29 13:25:05   [GPU] 300,056 evals (2064 batches, avg 145/batch = 28% of 512, 6012 evals/s, 390 msg/s, 15.4 leaves/msg, 50s)
2026-07-29 13:25:12   [GPU] 350,080 evals (2393 batches, avg 146/batch = 29% of 512, 6127 evals/s, 398 msg/s, 15.4 leaves/msg, 57s)
2026-07-29 13:25:19   [GPU] 400,014 evals (2721 batches, avg 147/batch = 29% of 512, 6249 evals/s, 406 msg/s, 15.4 leaves/msg, 64s)
2026-07-29 13:25:26   [GPU] 450,151 evals (3041 batches, avg 148/batch = 29% of 512, 6363 evals/s, 413 msg/s, 15.4 leaves/msg, 71s)
2026-07-29 13:25:32   [GPU] 500,108 evals (3352 batches, avg 149/batch = 29% of 512, 6471 evals/s, 420 msg/s, 15.4 leaves/msg, 77s)
2026-07-29 13:25:39   [GPU] 550,208 evals (3668 batches, avg 150/batch = 29% of 512, 6593 evals/s, 428 msg/s, 15.4 leaves/msg, 83s)
2026-07-29 13:25:44   [GPU] 600,101 evals (3985 batches, avg 151/batch = 29% of 512, 6712 evals/s, 436 msg/s, 15.4 leaves/msg, 89s)
2026-07-29 13:25:50   [GPU] 650,143 evals (4308 batches, avg 151/batch = 29% of 512, 6843 evals/s, 444 msg/s, 15.4 leaves/msg, 95s)
2026-07-29 13:25:55   [GPU] 700,004 evals (4612 batches, avg 152/batch = 30% of 512, 7017 evals/s, 456 msg/s, 15.4 leaves/msg, 100s)
2026-07-29 13:25:59   [GPU] 750,171 evals (4926 batches, avg 152/batch = 30% of 512, 7194 evals/s, 467 msg/s, 15.4 leaves/msg, 104s)
2026-07-29 13:26:04   [GPU] 800,100 evals (5255 batches, avg 152/batch = 30% of 512, 7332 evals/s, 477 msg/s, 15.4 leaves/msg, 109s)
2026-07-29 13:26:09   [GPU] 850,091 evals (5590 batches, avg 152/batch = 30% of 512, 7466 evals/s, 487 msg/s, 15.3 leaves/msg, 114s)
2026-07-29 13:26:14   [GPU] 900,041 evals (5923 batches, avg 152/batch = 30% of 512, 7592 evals/s, 496 msg/s, 15.3 leaves/msg, 119s)
2026-07-29 13:26:18   [GPU] 950,028 evals (6246 batches, avg 152/batch = 30% of 512, 7714 evals/s, 505 msg/s, 15.3 leaves/msg, 123s)
2026-07-29 13:26:23   [GPU] 1,000,038 evals (6572 batches, avg 152/batch = 30% of 512, 7824 evals/s, 513 msg/s, 15.2 leaves/msg, 128s)
2026-07-29 13:26:27   [GPU] 1,050,181 evals (6901 batches, avg 152/batch = 30% of 512, 7935 evals/s, 521 msg/s, 15.2 leaves/msg, 132s)
2026-07-29 13:26:32   [GPU] 1,100,134 evals (7223 batches, avg 152/batch = 30% of 512, 8036 evals/s, 529 msg/s, 15.2 leaves/msg, 137s)
2026-07-29 13:26:36   [GPU] 1,150,044 evals (7557 batches, avg 152/batch = 30% of 512, 8133 evals/s, 536 msg/s, 15.2 leaves/msg, 141s)
2026-07-29 13:26:41   [GPU] 1,200,010 evals (7883 batches, avg 152/batch = 30% of 512, 8227 evals/s, 543 msg/s, 15.2 leaves/msg, 146s)
2026-07-29 13:26:45   [GPU] 1,250,069 evals (8207 batches, avg 152/batch = 30% of 512, 8315 evals/s, 549 msg/s, 15.1 leaves/msg, 150s)
2026-07-29 13:26:50   [GPU] 1,300,015 evals (8520 batches, avg 153/batch = 30% of 512, 8400 evals/s, 555 msg/s, 15.1 leaves/msg, 155s)
2026-07-29 13:26:54   [GPU] 1,350,112 evals (8855 batches, avg 152/batch = 30% of 512, 8470 evals/s, 560 msg/s, 15.1 leaves/msg, 159s)
2026-07-29 13:26:59   [GPU] 1,400,093 evals (9186 batches, avg 152/batch = 30% of 512, 8543 evals/s, 566 msg/s, 15.1 leaves/msg, 164s)
2026-07-29 13:27:04   [GPU] 1,450,066 evals (9516 batches, avg 152/batch = 30% of 512, 8601 evals/s, 570 msg/s, 15.1 leaves/msg, 169s)
2026-07-29 13:27:08   [GPU] 1,500,167 evals (9832 batches, avg 153/batch = 30% of 512, 8666 evals/s, 575 msg/s, 15.1 leaves/msg, 173s)
2026-07-29 13:27:13   [GPU] 1,550,000 evals (10152 batches, avg 153/batch = 30% of 512, 8723 evals/s, 579 msg/s, 15.1 leaves/msg, 178s)
2026-07-29 13:27:17   [GPU] 1,600,086 evals (10485 batches, avg 153/batch = 30% of 512, 8778 evals/s, 583 msg/s, 15.1 leaves/msg, 182s)
2026-07-29 13:27:22   [GPU] 1,650,067 evals (10816 batches, avg 153/batch = 30% of 512, 8826 evals/s, 587 msg/s, 15.0 leaves/msg, 187s)
2026-07-29 13:27:27   [GPU] 1,700,053 evals (11145 batches, avg 153/batch = 30% of 512, 8880 evals/s, 591 msg/s, 15.0 leaves/msg, 191s)
2026-07-29 13:27:31   [GPU] 1,750,040 evals (11465 batches, avg 153/batch = 30% of 512, 8932 evals/s, 594 msg/s, 15.0 leaves/msg, 196s)
2026-07-29 13:27:36   [GPU] 1,800,122 evals (11792 batches, avg 153/batch = 30% of 512, 8976 evals/s, 597 msg/s, 15.0 leaves/msg, 201s)
2026-07-29 13:27:40   [GPU] 1,850,038 evals (12106 batches, avg 153/batch = 30% of 512, 9028 evals/s, 601 msg/s, 15.0 leaves/msg, 205s)
2026-07-29 13:27:45   [GPU] 1,900,065 evals (12436 batches, avg 153/batch = 30% of 512, 9066 evals/s, 604 msg/s, 15.0 leaves/msg, 210s)
2026-07-29 13:27:49   [GPU] 1,950,004 evals (12762 batches, avg 153/batch = 30% of 512, 9105 evals/s, 607 msg/s, 15.0 leaves/msg, 214s)
2026-07-29 13:27:54   [GPU] 2,000,067 evals (13097 batches, avg 153/batch = 30% of 512, 9139 evals/s, 609 msg/s, 15.0 leaves/msg, 219s)
2026-07-29 13:27:58   [GPU] 2,050,011 evals (13430 batches, avg 153/batch = 30% of 512, 9178 evals/s, 612 msg/s, 15.0 leaves/msg, 223s)
2026-07-29 13:28:03   [GPU] 2,100,120 evals (13754 batches, avg 153/batch = 30% of 512, 9215 evals/s, 615 msg/s, 15.0 leaves/msg, 228s)
2026-07-29 13:28:08   [GPU] 2,150,151 evals (14086 batches, avg 153/batch = 30% of 512, 9251 evals/s, 618 msg/s, 15.0 leaves/msg, 232s)
2026-07-29 13:28:12   [GPU] 2,200,046 evals (14422 batches, avg 153/batch = 30% of 512, 9284 evals/s, 620 msg/s, 15.0 leaves/msg, 237s)
2026-07-29 13:28:17   [GPU] 2,250,017 evals (14753 batches, avg 153/batch = 30% of 512, 9312 evals/s, 622 msg/s, 15.0 leaves/msg, 242s)
2026-07-29 13:28:22   [GPU] 2,300,046 evals (15098 batches, avg 152/batch = 30% of 512, 9334 evals/s, 624 msg/s, 15.0 leaves/msg, 246s)
2026-07-29 13:28:26   [GPU] 2,350,023 evals (15433 batches, avg 152/batch = 30% of 512, 9360 evals/s, 626 msg/s, 15.0 leaves/msg, 251s)
2026-07-29 13:28:31   [GPU] 2,400,166 evals (15772 batches, avg 152/batch = 30% of 512, 9383 evals/s, 628 msg/s, 14.9 leaves/msg, 256s)
2026-07-29 13:28:36   [GPU] 2,450,044 evals (16101 batches, avg 152/batch = 30% of 512, 9408 evals/s, 630 msg/s, 14.9 leaves/msg, 260s)
2026-07-29 13:28:40   [GPU] 2,500,105 evals (16446 batches, avg 152/batch = 30% of 512, 9431 evals/s, 631 msg/s, 14.9 leaves/msg, 265s)
2026-07-29 13:28:45   [GPU] 2,550,076 evals (16779 batches, avg 152/batch = 30% of 512, 9455 evals/s, 633 msg/s, 14.9 leaves/msg, 270s)
2026-07-29 13:28:49   [GPU] 2,600,104 evals (17111 batches, avg 152/batch = 30% of 512, 9479 evals/s, 635 msg/s, 14.9 leaves/msg, 274s)
2026-07-29 13:28:54   [GPU] 2,650,160 evals (17445 batches, avg 152/batch = 30% of 512, 9502 evals/s, 637 msg/s, 14.9 leaves/msg, 279s)
2026-07-29 13:28:59   [GPU] 2,700,020 evals (17780 batches, avg 152/batch = 30% of 512, 9524 evals/s, 639 msg/s, 14.9 leaves/msg, 284s)
2026-07-29 13:29:03   [GPU] 2,750,019 evals (18120 batches, avg 152/batch = 30% of 512, 9543 evals/s, 640 msg/s, 14.9 leaves/msg, 288s)
2026-07-29 13:29:08   [GPU] 2,800,087 evals (18460 batches, avg 152/batch = 30% of 512, 9563 evals/s, 642 msg/s, 14.9 leaves/msg, 293s)
2026-07-29 13:29:13   [GPU] 2,850,092 evals (18797 batches, avg 152/batch = 30% of 512, 9581 evals/s, 643 msg/s, 14.9 leaves/msg, 297s)
2026-07-29 13:29:17   [GPU] 2,900,049 evals (19119 batches, avg 152/batch = 30% of 512, 9604 evals/s, 645 msg/s, 14.9 leaves/msg, 302s)
2026-07-29 13:29:22   [GPU] 2,950,065 evals (19450 batches, avg 152/batch = 30% of 512, 9620 evals/s, 646 msg/s, 14.9 leaves/msg, 307s)
2026-07-29 13:29:26   [GPU] 3,000,080 evals (19780 batches, avg 152/batch = 30% of 512, 9639 evals/s, 648 msg/s, 14.9 leaves/msg, 311s)
2026-07-29 13:29:31   [GPU] 3,050,022 evals (20113 batches, avg 152/batch = 30% of 512, 9653 evals/s, 649 msg/s, 14.9 leaves/msg, 316s)
2026-07-29 13:29:36   [GPU] 3,100,037 evals (20442 batches, avg 152/batch = 30% of 512, 9670 evals/s, 650 msg/s, 14.9 leaves/msg, 321s)
2026-07-29 13:29:40   [GPU] 3,150,004 evals (20776 batches, avg 152/batch = 30% of 512, 9684 evals/s, 651 msg/s, 14.9 leaves/msg, 325s)
2026-07-29 13:29:45   [GPU] 3,200,047 evals (21096 batches, avg 152/batch = 30% of 512, 9703 evals/s, 652 msg/s, 14.9 leaves/msg, 330s)
2026-07-29 13:29:50   [GPU] 3,250,125 evals (21419 batches, avg 152/batch = 30% of 512, 9718 evals/s, 653 msg/s, 14.9 leaves/msg, 334s)
2026-07-29 13:29:54   [GPU] 3,300,055 evals (21756 batches, avg 152/batch = 30% of 512, 9731 evals/s, 655 msg/s, 14.9 leaves/msg, 339s)
2026-07-29 13:29:59   [GPU] 3,350,101 evals (22097 batches, avg 152/batch = 30% of 512, 9746 evals/s, 656 msg/s, 14.9 leaves/msg, 344s)
2026-07-29 13:30:04   [GPU] 3,400,047 evals (22433 batches, avg 152/batch = 30% of 512, 9758 evals/s, 657 msg/s, 14.9 leaves/msg, 348s)
2026-07-29 13:30:08   [GPU] 3,450,041 evals (22773 batches, avg 151/batch = 30% of 512, 9766 evals/s, 657 msg/s, 14.9 leaves/msg, 353s)
2026-07-29 13:30:13   [GPU] 3,500,027 evals (23117 batches, avg 151/batch = 30% of 512, 9774 evals/s, 658 msg/s, 14.9 leaves/msg, 358s)
2026-07-29 13:30:18   [GPU] 3,550,033 evals (23462 batches, avg 151/batch = 30% of 512, 9783 evals/s, 659 msg/s, 14.8 leaves/msg, 363s)
2026-07-29 13:30:22   [GPU] 3,600,032 evals (23775 batches, avg 151/batch = 30% of 512, 9803 evals/s, 660 msg/s, 14.8 leaves/msg, 367s)
2026-07-29 13:30:27   [GPU] 3,650,099 evals (24098 batches, avg 151/batch = 30% of 512, 9819 evals/s, 662 msg/s, 14.8 leaves/msg, 372s)
2026-07-29 13:30:31   [GPU] 3,700,098 evals (24420 batches, avg 152/batch = 30% of 512, 9837 evals/s, 663 msg/s, 14.8 leaves/msg, 376s)
2026-07-29 13:30:36   [GPU] 3,750,093 evals (24751 batches, avg 152/batch = 30% of 512, 9851 evals/s, 664 msg/s, 14.8 leaves/msg, 381s)
2026-07-29 13:30:40   [GPU] 3,800,116 evals (25080 batches, avg 152/batch = 30% of 512, 9864 evals/s, 665 msg/s, 14.8 leaves/msg, 385s)
2026-07-29 13:30:45   [GPU] 3,850,078 evals (25415 batches, avg 151/batch = 30% of 512, 9875 evals/s, 666 msg/s, 14.8 leaves/msg, 390s)
2026-07-29 13:30:50   [GPU] 3,900,129 evals (25753 batches, avg 151/batch = 30% of 512, 9888 evals/s, 667 msg/s, 14.8 leaves/msg, 394s)
2026-07-29 13:30:54   [GPU] 3,950,068 evals (26088 batches, avg 151/batch = 30% of 512, 9900 evals/s, 668 msg/s, 14.8 leaves/msg, 399s)
2026-07-29 13:30:59   [GPU] 4,000,107 evals (26425 batches, avg 151/batch = 30% of 512, 9912 evals/s, 669 msg/s, 14.8 leaves/msg, 404s)
2026-07-29 13:31:02 [iter 2/70] self-play: 5/70 games...
2026-07-29 13:31:03   [GPU] 4,050,128 evals (26771 batches, avg 151/batch = 30% of 512, 9920 evals/s, 670 msg/s, 14.8 leaves/msg, 408s)
2026-07-29 13:31:08   [GPU] 4,100,128 evals (27120 batches, avg 151/batch = 30% of 512, 9929 evals/s, 671 msg/s, 14.8 leaves/msg, 413s)
2026-07-29 13:31:13   [GPU] 4,150,025 evals (27449 batches, avg 151/batch = 30% of 512, 9941 evals/s, 672 msg/s, 14.8 leaves/msg, 417s)
2026-07-29 13:31:17   [GPU] 4,200,124 evals (27785 batches, avg 151/batch = 30% of 512, 9953 evals/s, 673 msg/s, 14.8 leaves/msg, 422s)
2026-07-29 13:31:22   [GPU] 4,250,064 evals (28115 batches, avg 151/batch = 30% of 512, 9964 evals/s, 674 msg/s, 14.8 leaves/msg, 427s)
2026-07-29 13:31:26   [GPU] 4,300,045 evals (28446 batches, avg 151/batch = 30% of 512, 9976 evals/s, 674 msg/s, 14.8 leaves/msg, 431s)
2026-07-29 13:31:31   [GPU] 4,350,126 evals (28782 batches, avg 151/batch = 30% of 512, 9985 evals/s, 675 msg/s, 14.8 leaves/msg, 436s)
2026-07-29 13:31:35   [GPU] 4,400,085 evals (29116 batches, avg 151/batch = 30% of 512, 9994 evals/s, 676 msg/s, 14.8 leaves/msg, 440s)
2026-07-29 13:31:40   [GPU] 4,450,130 evals (29450 batches, avg 151/batch = 30% of 512, 10005 evals/s, 676 msg/s, 14.8 leaves/msg, 445s)
2026-07-29 13:31:45   [GPU] 4,500,092 evals (29784 batches, avg 151/batch = 30% of 512, 10013 evals/s, 677 msg/s, 14.8 leaves/msg, 449s)
2026-07-29 13:31:49   [GPU] 4,550,164 evals (30118 batches, avg 151/batch = 30% of 512, 10021 evals/s, 678 msg/s, 14.8 leaves/msg, 454s)
2026-07-29 13:31:54   [GPU] 4,600,113 evals (30448 batches, avg 151/batch = 30% of 512, 10031 evals/s, 678 msg/s, 14.8 leaves/msg, 459s)
2026-07-29 13:31:58   [GPU] 4,650,032 evals (30768 batches, avg 151/batch = 30% of 512, 10042 evals/s, 679 msg/s, 14.8 leaves/msg, 463s)
2026-07-29 13:32:03   [GPU] 4,700,120 evals (31109 batches, avg 151/batch = 30% of 512, 10050 evals/s, 680 msg/s, 14.8 leaves/msg, 468s)
2026-07-29 13:32:07   [GPU] 4,750,010 evals (31444 batches, avg 151/batch = 30% of 512, 10059 evals/s, 680 msg/s, 14.8 leaves/msg, 472s)
2026-07-29 13:32:12   [GPU] 4,800,110 evals (31777 batches, avg 151/batch = 30% of 512, 10068 evals/s, 681 msg/s, 14.8 leaves/msg, 477s)
2026-07-29 13:32:16   [GPU] 4,850,024 evals (32110 batches, avg 151/batch = 30% of 512, 10077 evals/s, 682 msg/s, 14.8 leaves/msg, 481s)
2026-07-29 13:32:21   [GPU] 4,900,078 evals (32457 batches, avg 151/batch = 29% of 512, 10082 evals/s, 682 msg/s, 14.8 leaves/msg, 486s)
2026-07-29 13:32:26   [GPU] 4,950,102 evals (32790 batches, avg 151/batch = 29% of 512, 10091 evals/s, 683 msg/s, 14.8 leaves/msg, 491s)
2026-07-29 13:32:30   [GPU] 5,000,011 evals (33121 batches, avg 151/batch = 29% of 512, 10096 evals/s, 683 msg/s, 14.8 leaves/msg, 495s)
2026-07-29 13:32:35   [GPU] 5,050,165 evals (33443 batches, avg 151/batch = 29% of 512, 10104 evals/s, 684 msg/s, 14.8 leaves/msg, 500s)
2026-07-29 13:32:40   [GPU] 5,100,165 evals (33772 batches, avg 151/batch = 29% of 512, 10111 evals/s, 684 msg/s, 14.8 leaves/msg, 504s)
2026-07-29 13:32:44   [GPU] 5,150,058 evals (34113 batches, avg 151/batch = 29% of 512, 10115 evals/s, 685 msg/s, 14.8 leaves/msg, 509s)
2026-07-29 13:32:49   [GPU] 5,200,176 evals (34446 batches, avg 151/batch = 29% of 512, 10123 evals/s, 685 msg/s, 14.8 leaves/msg, 514s)
2026-07-29 13:32:53   [GPU] 5,250,139 evals (34782 batches, avg 151/batch = 29% of 512, 10128 evals/s, 686 msg/s, 14.8 leaves/msg, 518s)
2026-07-29 13:32:58   [GPU] 5,300,123 evals (35116 batches, avg 151/batch = 29% of 512, 10137 evals/s, 686 msg/s, 14.8 leaves/msg, 523s)
2026-07-29 13:33:03   [GPU] 5,350,035 evals (35447 batches, avg 151/batch = 29% of 512, 10144 evals/s, 687 msg/s, 14.8 leaves/msg, 527s)
2026-07-29 13:33:03 [iter 2/70] self-play: 10/70 games...
2026-07-29 13:33:07   [GPU] 5,400,067 evals (35792 batches, avg 151/batch = 29% of 512, 10149 evals/s, 688 msg/s, 14.8 leaves/msg, 532s)
2026-07-29 13:33:12   [GPU] 5,450,009 evals (36122 batches, avg 151/batch = 29% of 512, 10154 evals/s, 688 msg/s, 14.8 leaves/msg, 537s)
2026-07-29 13:33:16   [GPU] 5,500,203 evals (36451 batches, avg 151/batch = 29% of 512, 10162 evals/s, 689 msg/s, 14.8 leaves/msg, 541s)
2026-07-29 13:33:21   [GPU] 5,550,015 evals (36787 batches, avg 151/batch = 29% of 512, 10167 evals/s, 689 msg/s, 14.8 leaves/msg, 546s)
2026-07-29 13:33:26   [GPU] 5,600,045 evals (37123 batches, avg 151/batch = 29% of 512, 10173 evals/s, 690 msg/s, 14.8 leaves/msg, 550s)
2026-07-29 13:33:30   [GPU] 5,650,074 evals (37463 batches, avg 151/batch = 29% of 512, 10179 evals/s, 690 msg/s, 14.7 leaves/msg, 555s)
2026-07-29 13:33:35   [GPU] 5,700,037 evals (37791 batches, avg 151/batch = 29% of 512, 10187 evals/s, 691 msg/s, 14.7 leaves/msg, 560s)
2026-07-29 13:33:39   [GPU] 5,750,066 evals (38117 batches, avg 151/batch = 29% of 512, 10195 evals/s, 691 msg/s, 14.7 leaves/msg, 564s)
2026-07-29 13:33:44   [GPU] 5,800,000 evals (38451 batches, avg 151/batch = 29% of 512, 10200 evals/s, 692 msg/s, 14.7 leaves/msg, 569s)
2026-07-29 13:33:48   [GPU] 5,850,003 evals (38779 batches, avg 151/batch = 29% of 512, 10207 evals/s, 692 msg/s, 14.7 leaves/msg, 573s)
2026-07-29 13:33:53   [GPU] 5,900,063 evals (39115 batches, avg 151/batch = 29% of 512, 10211 evals/s, 693 msg/s, 14.7 leaves/msg, 578s)
2026-07-29 13:33:57   [GPU] 5,950,000 evals (39446 batches, avg 151/batch = 29% of 512, 10217 evals/s, 693 msg/s, 14.7 leaves/msg, 582s)
2026-07-29 13:34:02   [GPU] 6,000,148 evals (39786 batches, avg 151/batch = 29% of 512, 10220 evals/s, 693 msg/s, 14.7 leaves/msg, 587s)
2026-07-29 13:34:05 [iter 2/70] self-play: 15/70 games...
2026-07-29 13:34:07   [GPU] 6,050,033 evals (40124 batches, avg 151/batch = 29% of 512, 10225 evals/s, 694 msg/s, 14.7 leaves/msg, 592s)
2026-07-29 13:34:11   [GPU] 6,100,132 evals (40457 batches, avg 151/batch = 29% of 512, 10230 evals/s, 694 msg/s, 14.7 leaves/msg, 596s)
2026-07-29 13:34:16   [GPU] 6,150,013 evals (40797 batches, avg 151/batch = 29% of 512, 10234 evals/s, 695 msg/s, 14.7 leaves/msg, 601s)
2026-07-29 13:34:21   [GPU] 6,200,042 evals (41119 batches, avg 151/batch = 29% of 512, 10239 evals/s, 695 msg/s, 14.7 leaves/msg, 606s)
2026-07-29 13:34:25   [GPU] 6,250,009 evals (41441 batches, avg 151/batch = 29% of 512, 10245 evals/s, 695 msg/s, 14.7 leaves/msg, 610s)
2026-07-29 13:34:30   [GPU] 6,300,060 evals (41785 batches, avg 151/batch = 29% of 512, 10247 evals/s, 696 msg/s, 14.7 leaves/msg, 615s)
2026-07-29 13:34:35   [GPU] 6,350,162 evals (42110 batches, avg 151/batch = 29% of 512, 10250 evals/s, 696 msg/s, 14.7 leaves/msg, 620s)
2026-07-29 13:34:39   [GPU] 6,400,020 evals (42443 batches, avg 151/batch = 29% of 512, 10254 evals/s, 696 msg/s, 14.7 leaves/msg, 624s)
2026-07-29 13:34:44   [GPU] 6,450,121 evals (42767 batches, avg 151/batch = 29% of 512, 10259 evals/s, 697 msg/s, 14.7 leaves/msg, 629s)
2026-07-29 13:34:48   [GPU] 6,500,054 evals (43073 batches, avg 151/batch = 29% of 512, 10266 evals/s, 697 msg/s, 14.7 leaves/msg, 633s)
2026-07-29 13:34:53   [GPU] 6,550,075 evals (43398 batches, avg 151/batch = 29% of 512, 10272 evals/s, 698 msg/s, 14.7 leaves/msg, 638s)
2026-07-29 13:34:57   [GPU] 6,600,200 evals (43723 batches, avg 151/batch = 29% of 512, 10280 evals/s, 698 msg/s, 14.7 leaves/msg, 642s)
2026-07-29 13:35:02   [GPU] 6,650,077 evals (44056 batches, avg 151/batch = 29% of 512, 10286 evals/s, 699 msg/s, 14.7 leaves/msg, 647s)
2026-07-29 13:35:06   [GPU] 6,700,120 evals (44383 batches, avg 151/batch = 29% of 512, 10292 evals/s, 699 msg/s, 14.7 leaves/msg, 651s)
2026-07-29 13:35:11   [GPU] 6,750,149 evals (44712 batches, avg 151/batch = 29% of 512, 10295 evals/s, 699 msg/s, 14.7 leaves/msg, 656s)
2026-07-29 13:35:15   [GPU] 6,800,054 evals (45045 batches, avg 151/batch = 29% of 512, 10299 evals/s, 700 msg/s, 14.7 leaves/msg, 660s)
2026-07-29 13:35:20   [GPU] 6,850,032 evals (45380 batches, avg 151/batch = 29% of 512, 10302 evals/s, 700 msg/s, 14.7 leaves/msg, 665s)
2026-07-29 13:35:25   [GPU] 6,900,106 evals (45724 batches, avg 151/batch = 29% of 512, 10304 evals/s, 700 msg/s, 14.7 leaves/msg, 670s)
2026-07-29 13:35:29   [GPU] 6,950,045 evals (46071 batches, avg 151/batch = 29% of 512, 10306 evals/s, 700 msg/s, 14.7 leaves/msg, 674s)
2026-07-29 13:35:34 [iter 2/70] self-play: 20/70 games...
2026-07-29 13:35:34   [GPU] 7,000,023 evals (46440 batches, avg 151/batch = 29% of 512, 10303 evals/s, 701 msg/s, 14.7 leaves/msg, 679s)
2026-07-29 13:35:37 [iter 2/70] self-play: 25/70 games...
2026-07-29 13:35:40   [GPU] 7,050,148 evals (46833 batches, avg 151/batch = 29% of 512, 10298 evals/s, 703 msg/s, 14.7 leaves/msg, 685s)
2026-07-29 13:35:40 [iter 2/70] self-play: 30/70 games...
2026-07-29 13:35:41 [iter 2/70] self-play: 35/70 games...
2026-07-29 13:35:42 [iter 2/70] self-play: 40/70 games...
2026-07-29 13:35:43 [iter 2/70] self-play: 45/70 games...
2026-07-29 13:35:43 [iter 2/70] self-play: 50/70 games...
2026-07-29 13:35:44 [iter 2/70] self-play: 55/70 games...
2026-07-29 13:35:44 [iter 2/70] self-play: 60/70 games...
2026-07-29 13:35:47   [GPU] 7,100,058 evals (47465 batches, avg 150/batch = 29% of 512, 10256 evals/s, 703 msg/s, 14.6 leaves/msg, 692s)
2026-07-29 13:35:59   [GPU] 7,150,021 evals (48543 batches, avg 147/batch = 29% of 512, 10161 evals/s, 696 msg/s, 14.6 leaves/msg, 704s)
2026-07-29 13:36:10   [GPU] 7,200,041 evals (49621 batches, avg 145/batch = 28% of 512, 10065 evals/s, 690 msg/s, 14.6 leaves/msg, 715s)
2026-07-29 13:36:22   [GPU] 7,250,018 evals (50706 batches, avg 143/batch = 28% of 512, 9973 evals/s, 683 msg/s, 14.6 leaves/msg, 727s)
2026-07-29 13:36:34   [GPU] 7,300,039 evals (51789 batches, avg 141/batch = 28% of 512, 9885 evals/s, 677 msg/s, 14.6 leaves/msg, 738s)
2026-07-29 13:36:45   [GPU] 7,350,013 evals (52867 batches, avg 139/batch = 27% of 512, 9799 evals/s, 671 msg/s, 14.6 leaves/msg, 750s)
2026-07-29 13:36:50 [iter 2/70] self-play: 65/70 games...
2026-07-29 13:37:01   [GPU] 7,400,044 evals (54370 batches, avg 136/batch = 27% of 512, 9660 evals/s, 662 msg/s, 14.6 leaves/msg, 766s)
2026-07-29 13:37:17 [iter 2/70] self-play: 70/70 games...
2026-07-29 13:37:17 [iter 2/70] self-play done: 70 games (785s) | wins: P0=6, P1=2, P2=3, P3=7, draw=52 | draw_rate=74% avg_len~34
2026-07-29 13:37:17 [iter 2/70] WARNING: draw_rate 74% > 20% — games timing out at max_game_moves=320 (weak value signal).
2026-07-29 13:37:17 [iter 2/70] training (600 steps, lr=1.00e-03)...
2026-07-29 13:37:24 [iter 2/70] training done: loss_p=1.624 loss_v=0.018 (7s)
2026-07-29 13:37:24 [iter 2/70] eval skipped (eval_every=5)
2026-07-29 13:37:24 >>> iter 2 | loss_p=1.624 loss_v=0.018 | vs_best=n/a (not evaluated) | vs_rand=n/a | draw=74% | buf=14458 | sp=785s train=7s eval_best=0s eval_rand=0s | total=791s
2026-07-29 13:37:24 [iter 3/70] self-play starting (70 games, 600 sims)...
2026-07-29 13:37:26 [PARALLEL-MP] 64 workers spawned (70 games, sims=600), GPU batcher starting...
2026-07-29 13:37:38   [GPU] 50,000 evals (367 batches, avg 136/batch = 27% of 512, 4118 evals/s, 270 msg/s, 15.3 leaves/msg, 12s)
2026-07-29 13:37:45   [GPU] 100,048 evals (692 batches, avg 145/batch = 28% of 512, 5207 evals/s, 338 msg/s, 15.4 leaves/msg, 19s)
2026-07-29 13:37:53   [GPU] 150,147 evals (1034 batches, avg 145/batch = 28% of 512, 5640 evals/s, 366 msg/s, 15.4 leaves/msg, 27s)
2026-07-29 13:38:00   [GPU] 200,035 evals (1364 batches, avg 147/batch = 29% of 512, 5964 evals/s, 388 msg/s, 15.4 leaves/msg, 34s)
2026-07-29 13:38:07   [GPU] 250,016 evals (1696 batches, avg 147/batch = 29% of 512, 6151 evals/s, 400 msg/s, 15.4 leaves/msg, 41s)
2026-07-29 13:38:14   [GPU] 300,001 evals (2023 batches, avg 148/batch = 29% of 512, 6302 evals/s, 409 msg/s, 15.4 leaves/msg, 48s)
2026-07-29 13:38:21   [GPU] 350,069 evals (2344 batches, avg 149/batch = 29% of 512, 6433 evals/s, 418 msg/s, 15.4 leaves/msg, 54s)
2026-07-29 13:38:27   [GPU] 400,232 evals (2648 batches, avg 151/batch = 30% of 512, 6565 evals/s, 426 msg/s, 15.4 leaves/msg, 61s)
2026-07-29 13:38:34   [GPU] 450,090 evals (2961 batches, avg 152/batch = 30% of 512, 6676 evals/s, 433 msg/s, 15.4 leaves/msg, 67s)
2026-07-29 13:38:40   [GPU] 500,084 evals (3274 batches, avg 153/batch = 30% of 512, 6793 evals/s, 441 msg/s, 15.4 leaves/msg, 74s)
2026-07-29 13:38:46   [GPU] 550,053 evals (3589 batches, avg 153/batch = 30% of 512, 6897 evals/s, 448 msg/s, 15.4 leaves/msg, 80s)
2026-07-29 13:38:52   [GPU] 600,013 evals (3904 batches, avg 154/batch = 30% of 512, 7004 evals/s, 455 msg/s, 15.4 leaves/msg, 86s)
2026-07-29 13:38:57   [GPU] 650,014 evals (4204 batches, avg 155/batch = 30% of 512, 7130 evals/s, 463 msg/s, 15.4 leaves/msg, 91s)
2026-07-29 13:39:02   [GPU] 700,024 evals (4514 batches, avg 155/batch = 30% of 512, 7302 evals/s, 474 msg/s, 15.4 leaves/msg, 96s)
2026-07-29 13:39:07   [GPU] 750,088 evals (4839 batches, avg 155/batch = 30% of 512, 7456 evals/s, 484 msg/s, 15.4 leaves/msg, 101s)
2026-07-29 13:39:12   [GPU] 800,101 evals (5174 batches, avg 155/batch = 30% of 512, 7576 evals/s, 493 msg/s, 15.4 leaves/msg, 106s)
2026-07-29 13:39:16   [GPU] 850,159 evals (5500 batches, avg 155/batch = 30% of 512, 7709 evals/s, 503 msg/s, 15.3 leaves/msg, 110s)
2026-07-29 13:39:21   [GPU] 900,119 evals (5828 batches, avg 154/batch = 30% of 512, 7838 evals/s, 512 msg/s, 15.3 leaves/msg, 115s)
2026-07-29 13:39:26   [GPU] 950,039 evals (6146 batches, avg 155/batch = 30% of 512, 7961 evals/s, 521 msg/s, 15.3 leaves/msg, 119s)
2026-07-29 13:39:30   [GPU] 1,000,042 evals (6472 batches, avg 155/batch = 30% of 512, 8072 evals/s, 530 msg/s, 15.2 leaves/msg, 124s)
2026-07-29 13:39:35   [GPU] 1,050,046 evals (6809 batches, avg 154/batch = 30% of 512, 8165 evals/s, 537 msg/s, 15.2 leaves/msg, 129s)
2026-07-29 13:39:39   [GPU] 1,100,112 evals (7145 batches, avg 154/batch = 30% of 512, 8259 evals/s, 544 msg/s, 15.2 leaves/msg, 133s)
2026-07-29 13:39:44   [GPU] 1,150,034 evals (7489 batches, avg 154/batch = 30% of 512, 8342 evals/s, 550 msg/s, 15.2 leaves/msg, 138s)
2026-07-29 13:39:48   [GPU] 1,200,107 evals (7814 batches, avg 154/batch = 30% of 512, 8435 evals/s, 557 msg/s, 15.1 leaves/msg, 142s)
2026-07-29 13:39:53   [GPU] 1,250,157 evals (8146 batches, avg 153/batch = 30% of 512, 8515 evals/s, 563 msg/s, 15.1 leaves/msg, 147s)
2026-07-29 13:39:58   [GPU] 1,300,077 evals (8482 batches, avg 153/batch = 30% of 512, 8589 evals/s, 569 msg/s, 15.1 leaves/msg, 151s)
2026-07-29 13:40:02   [GPU] 1,350,147 evals (8811 batches, avg 153/batch = 30% of 512, 8655 evals/s, 574 msg/s, 15.1 leaves/msg, 156s)
2026-07-29 13:40:07   [GPU] 1,400,017 evals (9149 batches, avg 153/batch = 30% of 512, 8707 evals/s, 578 msg/s, 15.1 leaves/msg, 161s)
2026-07-29 13:40:12   [GPU] 1,450,024 evals (9485 batches, avg 153/batch = 30% of 512, 8761 evals/s, 582 msg/s, 15.1 leaves/msg, 166s)
2026-07-29 13:40:16   [GPU] 1,500,179 evals (9789 batches, avg 153/batch = 30% of 512, 8828 evals/s, 587 msg/s, 15.0 leaves/msg, 170s)
2026-07-29 13:40:21   [GPU] 1,550,064 evals (10120 batches, avg 153/batch = 30% of 512, 8879 evals/s, 591 msg/s, 15.0 leaves/msg, 175s)
2026-07-29 13:40:25   [GPU] 1,600,177 evals (10454 batches, avg 153/batch = 30% of 512, 8926 evals/s, 594 msg/s, 15.0 leaves/msg, 179s)
2026-07-29 13:40:30   [GPU] 1,650,044 evals (10780 batches, avg 153/batch = 30% of 512, 8975 evals/s, 598 msg/s, 15.0 leaves/msg, 184s)
2026-07-29 13:40:35   [GPU] 1,700,006 evals (11128 batches, avg 153/batch = 30% of 512, 9012 evals/s, 601 msg/s, 15.0 leaves/msg, 189s)
2026-07-29 13:40:40   [GPU] 1,750,051 evals (11467 batches, avg 153/batch = 30% of 512, 9052 evals/s, 604 msg/s, 15.0 leaves/msg, 193s)
2026-07-29 13:40:44   [GPU] 1,800,034 evals (11810 batches, avg 152/batch = 30% of 512, 9088 evals/s, 607 msg/s, 15.0 leaves/msg, 198s)
2026-07-29 13:40:49   [GPU] 1,850,085 evals (12152 batches, avg 152/batch = 30% of 512, 9125 evals/s, 610 msg/s, 15.0 leaves/msg, 203s)
2026-07-29 13:40:54   [GPU] 1,900,043 evals (12488 batches, avg 152/batch = 30% of 512, 9159 evals/s, 612 msg/s, 15.0 leaves/msg, 207s)
2026-07-29 13:40:58   [GPU] 1,950,142 evals (12803 batches, avg 152/batch = 30% of 512, 9203 evals/s, 616 msg/s, 14.9 leaves/msg, 212s)
2026-07-29 13:41:03   [GPU] 2,000,087 evals (13126 batches, avg 152/batch = 30% of 512, 9238 evals/s, 618 msg/s, 14.9 leaves/msg, 217s)
2026-07-29 13:41:07   [GPU] 2,050,174 evals (13447 batches, avg 152/batch = 30% of 512, 9272 evals/s, 621 msg/s, 14.9 leaves/msg, 221s)
2026-07-29 13:41:12   [GPU] 2,100,080 evals (13784 batches, avg 152/batch = 30% of 512, 9297 evals/s, 623 msg/s, 14.9 leaves/msg, 226s)
2026-07-29 13:41:17   [GPU] 2,150,141 evals (14121 batches, avg 152/batch = 30% of 512, 9318 evals/s, 625 msg/s, 14.9 leaves/msg, 231s)
2026-07-29 13:41:22   [GPU] 2,200,012 evals (14450 batches, avg 152/batch = 30% of 512, 9348 evals/s, 627 msg/s, 14.9 leaves/msg, 235s)
2026-07-29 13:41:26   [GPU] 2,250,006 evals (14780 batches, avg 152/batch = 30% of 512, 9369 evals/s, 629 msg/s, 14.9 leaves/msg, 240s)
2026-07-29 13:41:31   [GPU] 2,300,128 evals (15097 batches, avg 152/batch = 30% of 512, 9400 evals/s, 632 msg/s, 14.9 leaves/msg, 245s)
2026-07-29 13:41:35   [GPU] 2,350,234 evals (15412 batches, avg 152/batch = 30% of 512, 9435 evals/s, 635 msg/s, 14.9 leaves/msg, 249s)
2026-07-29 13:41:40   [GPU] 2,400,117 evals (15737 batches, avg 153/batch = 30% of 512, 9461 evals/s, 637 msg/s, 14.9 leaves/msg, 254s)
2026-07-29 13:41:44   [GPU] 2,450,045 evals (16047 batches, avg 153/batch = 30% of 512, 9490 evals/s, 640 msg/s, 14.8 leaves/msg, 258s)
2026-07-29 13:41:49   [GPU] 2,500,111 evals (16369 batches, avg 153/batch = 30% of 512, 9516 evals/s, 642 msg/s, 14.8 leaves/msg, 263s)
2026-07-29 13:41:53   [GPU] 2,550,006 evals (16687 batches, avg 153/batch = 30% of 512, 9544 evals/s, 644 msg/s, 14.8 leaves/msg, 267s)
2026-07-29 13:41:58   [GPU] 2,600,089 evals (17001 batches, avg 153/batch = 30% of 512, 9571 evals/s, 646 msg/s, 14.8 leaves/msg, 272s)
2026-07-29 13:41:59 [iter 3/70] self-play: 5/70 games...
2026-07-29 13:42:03   [GPU] 2,650,114 evals (17338 batches, avg 153/batch = 30% of 512, 9590 evals/s, 648 msg/s, 14.8 leaves/msg, 276s)
2026-07-29 13:42:07   [GPU] 2,700,144 evals (17655 batches, avg 153/batch = 30% of 512, 9610 evals/s, 649 msg/s, 14.8 leaves/msg, 281s)
2026-07-29 13:42:12   [GPU] 2,750,130 evals (17973 batches, avg 153/batch = 30% of 512, 9631 evals/s, 651 msg/s, 14.8 leaves/msg, 286s)
2026-07-29 13:42:16   [GPU] 2,800,131 evals (18298 batches, avg 153/batch = 30% of 512, 9652 evals/s, 653 msg/s, 14.8 leaves/msg, 290s)
2026-07-29 13:42:21   [GPU] 2,850,014 evals (18614 batches, avg 153/batch = 30% of 512, 9671 evals/s, 654 msg/s, 14.8 leaves/msg, 295s)
2026-07-29 13:42:26   [GPU] 2,900,014 evals (18943 batches, avg 153/batch = 30% of 512, 9688 evals/s, 655 msg/s, 14.8 leaves/msg, 299s)
2026-07-29 13:42:30   [GPU] 2,950,084 evals (19249 batches, avg 153/batch = 30% of 512, 9714 evals/s, 657 msg/s, 14.8 leaves/msg, 304s)
2026-07-29 13:42:35   [GPU] 3,000,002 evals (19581 batches, avg 153/batch = 30% of 512, 9730 evals/s, 658 msg/s, 14.8 leaves/msg, 308s)
2026-07-29 13:42:39   [GPU] 3,050,209 evals (19911 batches, avg 153/batch = 30% of 512, 9746 evals/s, 660 msg/s, 14.8 leaves/msg, 313s)
2026-07-29 13:42:44   [GPU] 3,100,027 evals (20239 batches, avg 153/batch = 30% of 512, 9759 evals/s, 661 msg/s, 14.8 leaves/msg, 318s)
2026-07-29 13:42:48   [GPU] 3,150,122 evals (20558 batches, avg 153/batch = 30% of 512, 9773 evals/s, 662 msg/s, 14.8 leaves/msg, 322s)
2026-07-29 13:42:53   [GPU] 3,200,001 evals (20866 batches, avg 153/batch = 30% of 512, 9791 evals/s, 664 msg/s, 14.8 leaves/msg, 327s)
2026-07-29 13:42:58   [GPU] 3,250,010 evals (21188 batches, avg 153/batch = 30% of 512, 9802 evals/s, 665 msg/s, 14.7 leaves/msg, 332s)
2026-07-29 13:43:02   [GPU] 3,300,099 evals (21513 batches, avg 153/batch = 30% of 512, 9814 evals/s, 666 msg/s, 14.7 leaves/msg, 336s)
2026-07-29 13:43:07   [GPU] 3,350,084 evals (21820 batches, avg 154/batch = 30% of 512, 9832 evals/s, 667 msg/s, 14.7 leaves/msg, 341s)
2026-07-29 13:43:12   [GPU] 3,400,008 evals (22153 batches, avg 153/batch = 30% of 512, 9840 evals/s, 668 msg/s, 14.7 leaves/msg, 346s)
2026-07-29 13:43:16   [GPU] 3,450,130 evals (22493 batches, avg 153/batch = 30% of 512, 9849 evals/s, 669 msg/s, 14.7 leaves/msg, 350s)
2026-07-29 13:43:18 [iter 3/70] self-play: 10/70 games...
2026-07-29 13:43:21   [GPU] 3,500,116 evals (22840 batches, avg 153/batch = 30% of 512, 9857 evals/s, 670 msg/s, 14.7 leaves/msg, 355s)
2026-07-29 13:43:26   [GPU] 3,550,002 evals (23178 batches, avg 153/batch = 30% of 512, 9866 evals/s, 670 msg/s, 14.7 leaves/msg, 360s)
2026-07-29 13:43:31   [GPU] 3,600,086 evals (23523 batches, avg 153/batch = 30% of 512, 9873 evals/s, 671 msg/s, 14.7 leaves/msg, 365s)
2026-07-29 13:43:36   [GPU] 3,650,049 evals (23860 batches, avg 153/batch = 30% of 512, 9881 evals/s, 672 msg/s, 14.7 leaves/msg, 369s)
2026-07-29 13:43:40   [GPU] 3,700,039 evals (24199 batches, avg 153/batch = 30% of 512, 9889 evals/s, 673 msg/s, 14.7 leaves/msg, 374s)
2026-07-29 13:43:45   [GPU] 3,750,086 evals (24545 batches, avg 153/batch = 30% of 512, 9896 evals/s, 673 msg/s, 14.7 leaves/msg, 379s)
2026-07-29 13:43:50   [GPU] 3,800,164 evals (24903 batches, avg 153/batch = 30% of 512, 9901 evals/s, 674 msg/s, 14.7 leaves/msg, 384s)
2026-07-29 13:43:55   [GPU] 3,850,059 evals (25239 batches, avg 153/batch = 30% of 512, 9910 evals/s, 675 msg/s, 14.7 leaves/msg, 388s)
2026-07-29 13:43:59   [GPU] 3,900,086 evals (25580 batches, avg 152/batch = 30% of 512, 9919 evals/s, 675 msg/s, 14.7 leaves/msg, 393s)
2026-07-29 13:44:04   [GPU] 3,950,028 evals (25921 batches, avg 152/batch = 30% of 512, 9925 evals/s, 676 msg/s, 14.7 leaves/msg, 398s)
2026-07-29 13:44:09   [GPU] 4,000,066 evals (26268 batches, avg 152/batch = 30% of 512, 9934 evals/s, 677 msg/s, 14.7 leaves/msg, 403s)
2026-07-29 13:44:14   [GPU] 4,050,016 evals (26609 batches, avg 152/batch = 30% of 512, 9941 evals/s, 678 msg/s, 14.7 leaves/msg, 407s)
2026-07-29 13:44:17 [iter 3/70] self-play: 15/70 games...
2026-07-29 13:44:18   [GPU] 4,100,145 evals (26946 batches, avg 152/batch = 30% of 512, 9949 evals/s, 678 msg/s, 14.7 leaves/msg, 412s)
2026-07-29 13:44:23   [GPU] 4,150,122 evals (27275 batches, avg 152/batch = 30% of 512, 9957 evals/s, 679 msg/s, 14.7 leaves/msg, 417s)
2026-07-29 13:44:28   [GPU] 4,200,172 evals (27597 batches, avg 152/batch = 30% of 512, 9967 evals/s, 680 msg/s, 14.7 leaves/msg, 421s)
2026-07-29 13:44:32   [GPU] 4,250,078 evals (27916 batches, avg 152/batch = 30% of 512, 9976 evals/s, 681 msg/s, 14.7 leaves/msg, 426s)
2026-07-29 13:44:37   [GPU] 4,300,070 evals (28249 batches, avg 152/batch = 30% of 512, 9985 evals/s, 681 msg/s, 14.7 leaves/msg, 431s)
2026-07-29 13:44:41   [GPU] 4,350,055 evals (28569 batches, avg 152/batch = 30% of 512, 9996 evals/s, 682 msg/s, 14.6 leaves/msg, 435s)
2026-07-29 13:44:46   [GPU] 4,400,093 evals (28901 batches, avg 152/batch = 30% of 512, 10006 evals/s, 683 msg/s, 14.6 leaves/msg, 440s)
2026-07-29 13:44:51   [GPU] 4,450,073 evals (29235 batches, avg 152/batch = 30% of 512, 10013 evals/s, 684 msg/s, 14.6 leaves/msg, 444s)
2026-07-29 13:44:55   [GPU] 4,500,122 evals (29555 batches, avg 152/batch = 30% of 512, 10021 evals/s, 685 msg/s, 14.6 leaves/msg, 449s)
2026-07-29 13:45:00   [GPU] 4,550,025 evals (29884 batches, avg 152/batch = 30% of 512, 10030 evals/s, 686 msg/s, 14.6 leaves/msg, 454s)
2026-07-29 13:45:04   [GPU] 4,600,127 evals (30206 batches, avg 152/batch = 30% of 512, 10037 evals/s, 686 msg/s, 14.6 leaves/msg, 458s)
2026-07-29 13:45:07 [iter 3/70] self-play: 20/70 games...
2026-07-29 13:45:09   [GPU] 4,650,024 evals (30526 batches, avg 152/batch = 30% of 512, 10044 evals/s, 687 msg/s, 14.6 leaves/msg, 463s)
2026-07-29 13:45:14   [GPU] 4,700,126 evals (30836 batches, avg 152/batch = 30% of 512, 10053 evals/s, 687 msg/s, 14.6 leaves/msg, 468s)
2026-07-29 13:45:18   [GPU] 4,750,038 evals (31162 batches, avg 152/batch = 30% of 512, 10060 evals/s, 688 msg/s, 14.6 leaves/msg, 472s)
2026-07-29 13:45:23   [GPU] 4,800,164 evals (31483 batches, avg 152/batch = 30% of 512, 10070 evals/s, 688 msg/s, 14.6 leaves/msg, 477s)
2026-07-29 13:45:27   [GPU] 4,850,029 evals (31823 batches, avg 152/batch = 30% of 512, 10078 evals/s, 689 msg/s, 14.6 leaves/msg, 481s)
2026-07-29 13:45:32   [GPU] 4,900,022 evals (32146 batches, avg 152/batch = 30% of 512, 10086 evals/s, 690 msg/s, 14.6 leaves/msg, 486s)
2026-07-29 13:45:37   [GPU] 4,950,022 evals (32479 batches, avg 152/batch = 30% of 512, 10093 evals/s, 690 msg/s, 14.6 leaves/msg, 490s)
2026-07-29 13:45:41   [GPU] 5,000,110 evals (32827 batches, avg 152/batch = 30% of 512, 10095 evals/s, 691 msg/s, 14.6 leaves/msg, 495s)
2026-07-29 13:45:46   [GPU] 5,050,032 evals (33153 batches, avg 152/batch = 30% of 512, 10102 evals/s, 691 msg/s, 14.6 leaves/msg, 500s)
2026-07-29 13:45:51   [GPU] 5,100,172 evals (33479 batches, avg 152/batch = 30% of 512, 10108 evals/s, 692 msg/s, 14.6 leaves/msg, 505s)
2026-07-29 13:45:55   [GPU] 5,150,030 evals (33812 batches, avg 152/batch = 30% of 512, 10113 evals/s, 692 msg/s, 14.6 leaves/msg, 509s)
2026-07-29 13:46:00   [GPU] 5,200,116 evals (34150 batches, avg 152/batch = 30% of 512, 10118 evals/s, 692 msg/s, 14.6 leaves/msg, 514s)
2026-07-29 13:46:05   [GPU] 5,250,166 evals (34482 batches, avg 152/batch = 30% of 512, 10122 evals/s, 693 msg/s, 14.6 leaves/msg, 519s)
2026-07-29 13:46:10   [GPU] 5,300,079 evals (34831 batches, avg 152/batch = 30% of 512, 10122 evals/s, 693 msg/s, 14.6 leaves/msg, 524s)
2026-07-29 13:46:15   [GPU] 5,350,080 evals (35174 batches, avg 152/batch = 30% of 512, 10124 evals/s, 693 msg/s, 14.6 leaves/msg, 528s)
2026-07-29 13:46:19   [GPU] 5,400,095 evals (35512 batches, avg 152/batch = 30% of 512, 10129 evals/s, 693 msg/s, 14.6 leaves/msg, 533s)
2026-07-29 13:46:24   [GPU] 5,450,113 evals (35858 batches, avg 152/batch = 30% of 512, 10131 evals/s, 693 msg/s, 14.6 leaves/msg, 538s)
2026-07-29 13:46:29   [GPU] 5,500,005 evals (36198 batches, avg 152/batch = 30% of 512, 10134 evals/s, 694 msg/s, 14.6 leaves/msg, 543s)
2026-07-29 13:46:34   [GPU] 5,550,158 evals (36534 batches, avg 152/batch = 30% of 512, 10138 evals/s, 694 msg/s, 14.6 leaves/msg, 547s)
2026-07-29 13:46:38   [GPU] 5,600,139 evals (36878 batches, avg 152/batch = 30% of 512, 10142 evals/s, 694 msg/s, 14.6 leaves/msg, 552s)
2026-07-29 13:46:43   [GPU] 5,650,128 evals (37215 batches, avg 152/batch = 30% of 512, 10144 evals/s, 695 msg/s, 14.6 leaves/msg, 557s)
2026-07-29 13:46:48   [GPU] 5,700,153 evals (37536 batches, avg 152/batch = 30% of 512, 10153 evals/s, 696 msg/s, 14.6 leaves/msg, 561s)
2026-07-29 13:46:50 [iter 3/70] self-play: 25/70 games...
2026-07-29 13:46:52   [GPU] 5,750,219 evals (37860 batches, avg 152/batch = 30% of 512, 10159 evals/s, 696 msg/s, 14.6 leaves/msg, 566s)
2026-07-29 13:46:57   [GPU] 5,800,059 evals (38184 batches, avg 152/batch = 30% of 512, 10166 evals/s, 697 msg/s, 14.6 leaves/msg, 571s)
2026-07-29 13:47:01   [GPU] 5,850,142 evals (38517 batches, avg 152/batch = 30% of 512, 10172 evals/s, 697 msg/s, 14.6 leaves/msg, 575s)
2026-07-29 13:47:06   [GPU] 5,900,033 evals (38847 batches, avg 152/batch = 30% of 512, 10178 evals/s, 697 msg/s, 14.6 leaves/msg, 580s)
2026-07-29 13:47:11   [GPU] 5,950,045 evals (39176 batches, avg 152/batch = 30% of 512, 10182 evals/s, 698 msg/s, 14.6 leaves/msg, 584s)
2026-07-29 13:47:15   [GPU] 6,000,017 evals (39498 batches, avg 152/batch = 30% of 512, 10189 evals/s, 698 msg/s, 14.6 leaves/msg, 589s)
2026-07-29 13:47:20   [GPU] 6,050,168 evals (39842 batches, avg 152/batch = 30% of 512, 10192 evals/s, 699 msg/s, 14.6 leaves/msg, 594s)
2026-07-29 13:47:24   [GPU] 6,100,066 evals (40174 batches, avg 152/batch = 30% of 512, 10197 evals/s, 699 msg/s, 14.6 leaves/msg, 598s)
2026-07-29 13:47:29   [GPU] 6,150,009 evals (40498 batches, avg 152/batch = 30% of 512, 10203 evals/s, 700 msg/s, 14.6 leaves/msg, 603s)
2026-07-29 13:47:34   [GPU] 6,200,125 evals (40822 batches, avg 152/batch = 30% of 512, 10208 evals/s, 700 msg/s, 14.6 leaves/msg, 607s)
2026-07-29 13:47:38   [GPU] 6,250,091 evals (41152 batches, avg 152/batch = 30% of 512, 10214 evals/s, 700 msg/s, 14.6 leaves/msg, 612s)
2026-07-29 13:47:43   [GPU] 6,300,068 evals (41479 batches, avg 152/batch = 30% of 512, 10218 evals/s, 701 msg/s, 14.6 leaves/msg, 617s)
2026-07-29 13:47:47   [GPU] 6,350,018 evals (41821 batches, avg 152/batch = 30% of 512, 10221 evals/s, 701 msg/s, 14.6 leaves/msg, 621s)
2026-07-29 13:47:52   [GPU] 6,400,068 evals (42178 batches, avg 152/batch = 30% of 512, 10220 evals/s, 702 msg/s, 14.6 leaves/msg, 626s)
2026-07-29 13:47:57 [iter 3/70] self-play: 30/70 games...
2026-07-29 13:47:58   [GPU] 6,450,078 evals (42566 batches, avg 152/batch = 30% of 512, 10211 evals/s, 703 msg/s, 14.5 leaves/msg, 632s)
2026-07-29 13:47:59 [iter 3/70] self-play: 35/70 games...
2026-07-29 13:48:00 [iter 3/70] self-play: 40/70 games...
2026-07-29 13:48:01 [iter 3/70] self-play: 45/70 games...
2026-07-29 13:48:02 [iter 3/70] self-play: 50/70 games...
2026-07-29 13:48:02 [iter 3/70] self-play: 55/70 games...
2026-07-29 13:48:03 [iter 3/70] self-play: 60/70 games...
2026-07-29 13:48:04 [iter 3/70] self-play: 65/70 games...
2026-07-29 13:48:07   [GPU] 6,500,024 evals (43369 batches, avg 150/batch = 29% of 512, 10136 evals/s, 702 msg/s, 14.4 leaves/msg, 641s)
2026-07-29 13:48:24   [GPU] 6,550,024 evals (44891 batches, avg 146/batch = 28% of 512, 9959 evals/s, 690 msg/s, 14.4 leaves/msg, 658s)
2026-07-29 13:48:40   [GPU] 6,600,006 evals (46446 batches, avg 142/batch = 28% of 512, 9788 evals/s, 678 msg/s, 14.4 leaves/msg, 674s)
2026-07-29 13:48:57   [GPU] 6,650,002 evals (48088 batches, avg 138/batch = 27% of 512, 9621 evals/s, 667 msg/s, 14.4 leaves/msg, 691s)
2026-07-29 13:49:04 [iter 3/70] self-play: 70/70 games...
2026-07-29 13:49:05 [iter 3/70] self-play done: 70 games (701s) | wins: P0=9, P1=1, P2=10, P3=13, draw=37 | draw_rate=53% avg_len~59
2026-07-29 13:49:05 [iter 3/70] WARNING: draw_rate 53% > 20% — games timing out at max_game_moves=320 (weak value signal).
2026-07-29 13:49:05 [iter 3/70] training (600 steps, lr=9.98e-04)...
2026-07-29 13:49:12 [iter 3/70] training done: loss_p=1.543 loss_v=0.020 (7s)
2026-07-29 13:49:12 [iter 3/70] eval skipped (eval_every=5)
2026-07-29 13:49:12 >>> iter 3 | loss_p=1.543 loss_v=0.020 | vs_best=n/a (not evaluated) | vs_rand=n/a | draw=53% | buf=22692 | sp=701s train=7s eval_best=0s eval_rand=0s | total=708s
2026-07-29 13:49:12 [iter 4/70] self-play starting (70 games, 600 sims)...
2026-07-29 13:49:14 [PARALLEL-MP] 64 workers spawned (70 games, sims=600), GPU batcher starting...
2026-07-29 13:49:26   [GPU] 50,064 evals (379 batches, avg 132/batch = 26% of 512, 4037 evals/s, 265 msg/s, 15.3 leaves/msg, 12s)
2026-07-29 13:49:34   [GPU] 100,032 evals (713 batches, avg 140/batch = 27% of 512, 5051 evals/s, 328 msg/s, 15.4 leaves/msg, 20s)
2026-07-29 13:49:41   [GPU] 150,118 evals (1059 batches, avg 142/batch = 28% of 512, 5510 evals/s, 357 msg/s, 15.4 leaves/msg, 27s)
2026-07-29 13:49:48   [GPU] 200,048 evals (1392 batches, avg 144/batch = 28% of 512, 5842 evals/s, 380 msg/s, 15.4 leaves/msg, 34s)
2026-07-29 13:49:55   [GPU] 250,032 evals (1733 batches, avg 144/batch = 28% of 512, 6037 evals/s, 392 msg/s, 15.4 leaves/msg, 41s)
2026-07-29 13:50:02   [GPU] 300,060 evals (2057 batches, avg 146/batch = 28% of 512, 6208 evals/s, 403 msg/s, 15.4 leaves/msg, 48s)
2026-07-29 13:50:09   [GPU] 350,182 evals (2392 batches, avg 146/batch = 29% of 512, 6328 evals/s, 411 msg/s, 15.4 leaves/msg, 55s)
2026-07-29 13:50:16   [GPU] 400,088 evals (2719 batches, avg 147/batch = 29% of 512, 6443 evals/s, 418 msg/s, 15.4 leaves/msg, 62s)
2026-07-29 13:50:22   [GPU] 450,125 evals (3044 batches, avg 148/batch = 29% of 512, 6557 evals/s, 426 msg/s, 15.4 leaves/msg, 69s)
2026-07-29 13:50:29   [GPU] 500,086 evals (3371 batches, avg 148/batch = 29% of 512, 6676 evals/s, 433 msg/s, 15.4 leaves/msg, 75s)
2026-07-29 13:50:35   [GPU] 550,103 evals (3700 batches, avg 149/batch = 29% of 512, 6783 evals/s, 440 msg/s, 15.4 leaves/msg, 81s)
2026-07-29 13:50:41   [GPU] 600,004 evals (4036 batches, avg 149/batch = 29% of 512, 6904 evals/s, 448 msg/s, 15.4 leaves/msg, 87s)
2026-07-29 13:50:46   [GPU] 650,207 evals (4364 batches, avg 149/batch = 29% of 512, 7032 evals/s, 456 msg/s, 15.4 leaves/msg, 92s)
2026-07-29 13:50:51   [GPU] 700,174 evals (4687 batches, avg 149/batch = 29% of 512, 7190 evals/s, 467 msg/s, 15.4 leaves/msg, 97s)
2026-07-29 13:50:56   [GPU] 750,007 evals (5020 batches, avg 149/batch = 29% of 512, 7343 evals/s, 477 msg/s, 15.4 leaves/msg, 102s)
2026-07-29 13:51:01   [GPU] 800,123 evals (5347 batches, avg 150/batch = 29% of 512, 7474 evals/s, 487 msg/s, 15.4 leaves/msg, 107s)
2026-07-29 13:51:06   [GPU] 850,057 evals (5680 batches, avg 150/batch = 29% of 512, 7599 evals/s, 496 msg/s, 15.3 leaves/msg, 112s)
2026-07-29 13:51:10   [GPU] 900,126 evals (6015 batches, avg 150/batch = 29% of 512, 7715 evals/s, 504 msg/s, 15.3 leaves/msg, 117s)
2026-07-29 13:51:15   [GPU] 950,040 evals (6353 batches, avg 150/batch = 29% of 512, 7817 evals/s, 512 msg/s, 15.3 leaves/msg, 122s)
2026-07-29 13:51:20   [GPU] 1,000,093 evals (6693 batches, avg 149/batch = 29% of 512, 7919 evals/s, 520 msg/s, 15.2 leaves/msg, 126s)
2026-07-29 13:51:25   [GPU] 1,050,028 evals (7039 batches, avg 149/batch = 29% of 512, 8005 evals/s, 527 msg/s, 15.2 leaves/msg, 131s)
2026-07-29 13:51:30   [GPU] 1,100,070 evals (7379 batches, avg 149/batch = 29% of 512, 8092 evals/s, 533 msg/s, 15.2 leaves/msg, 136s)
2026-07-29 13:51:35   [GPU] 1,150,150 evals (7718 batches, avg 149/batch = 29% of 512, 8171 evals/s, 539 msg/s, 15.2 leaves/msg, 141s)
2026-07-29 13:51:40   [GPU] 1,200,047 evals (8064 batches, avg 149/batch = 29% of 512, 8235 evals/s, 544 msg/s, 15.1 leaves/msg, 146s)
2026-07-29 13:51:44   [GPU] 1,250,098 evals (8406 batches, avg 149/batch = 29% of 512, 8303 evals/s, 549 msg/s, 15.1 leaves/msg, 151s)
2026-07-29 13:51:49   [GPU] 1,300,107 evals (8737 batches, avg 149/batch = 29% of 512, 8376 evals/s, 555 msg/s, 15.1 leaves/msg, 155s)
2026-07-29 13:51:54   [GPU] 1,350,023 evals (9080 batches, avg 149/batch = 29% of 512, 8441 evals/s, 560 msg/s, 15.1 leaves/msg, 160s)
2026-07-29 13:51:58   [GPU] 1,400,171 evals (9410 batches, avg 149/batch = 29% of 512, 8509 evals/s, 565 msg/s, 15.1 leaves/msg, 165s)
2026-07-29 13:52:03   [GPU] 1,450,150 evals (9748 batches, avg 149/batch = 29% of 512, 8569 evals/s, 569 msg/s, 15.1 leaves/msg, 169s)
2026-07-29 13:52:08   [GPU] 1,500,112 evals (10081 batches, avg 149/batch = 29% of 512, 8633 evals/s, 574 msg/s, 15.0 leaves/msg, 174s)
2026-07-29 13:52:12   [GPU] 1,550,067 evals (10412 batches, avg 149/batch = 29% of 512, 8688 evals/s, 578 msg/s, 15.0 leaves/msg, 178s)
2026-07-29 13:52:17   [GPU] 1,600,021 evals (10747 batches, avg 149/batch = 29% of 512, 8743 evals/s, 582 msg/s, 15.0 leaves/msg, 183s)
2026-07-29 13:52:22   [GPU] 1,650,134 evals (11089 batches, avg 149/batch = 29% of 512, 8789 evals/s, 586 msg/s, 15.0 leaves/msg, 188s)
2026-07-29 13:52:26   [GPU] 1,700,020 evals (11420 batches, avg 149/batch = 29% of 512, 8835 evals/s, 589 msg/s, 15.0 leaves/msg, 192s)
2026-07-29 13:52:31   [GPU] 1,750,010 evals (11753 batches, avg 149/batch = 29% of 512, 8877 evals/s, 593 msg/s, 15.0 leaves/msg, 197s)
2026-07-29 13:52:36   [GPU] 1,800,113 evals (12082 batches, avg 149/batch = 29% of 512, 8920 evals/s, 596 msg/s, 15.0 leaves/msg, 202s)
2026-07-29 13:52:40   [GPU] 1,850,074 evals (12407 batches, avg 149/batch = 29% of 512, 8960 evals/s, 599 msg/s, 15.0 leaves/msg, 206s)
2026-07-29 13:52:45   [GPU] 1,900,121 evals (12743 batches, avg 149/batch = 29% of 512, 8996 evals/s, 602 msg/s, 15.0 leaves/msg, 211s)
2026-07-29 13:52:50   [GPU] 1,950,001 evals (13084 batches, avg 149/batch = 29% of 512, 9029 evals/s, 604 msg/s, 14.9 leaves/msg, 216s)
2026-07-29 13:52:54   [GPU] 2,000,097 evals (13422 batches, avg 149/batch = 29% of 512, 9062 evals/s, 607 msg/s, 14.9 leaves/msg, 221s)
2026-07-29 13:52:59   [GPU] 2,050,073 evals (13752 batches, avg 149/batch = 29% of 512, 9099 evals/s, 610 msg/s, 14.9 leaves/msg, 225s)
2026-07-29 13:53:04   [GPU] 2,100,037 evals (14093 batches, avg 149/batch = 29% of 512, 9132 evals/s, 612 msg/s, 14.9 leaves/msg, 230s)
2026-07-29 13:53:08   [GPU] 2,150,048 evals (14421 batches, avg 149/batch = 29% of 512, 9168 evals/s, 615 msg/s, 14.9 leaves/msg, 235s)
2026-07-29 13:53:13   [GPU] 2,200,060 evals (14759 batches, avg 149/batch = 29% of 512, 9194 evals/s, 617 msg/s, 14.9 leaves/msg, 239s)
2026-07-29 13:53:18   [GPU] 2,250,133 evals (15105 batches, avg 149/batch = 29% of 512, 9214 evals/s, 619 msg/s, 14.9 leaves/msg, 244s)
2026-07-29 13:53:23   [GPU] 2,300,020 evals (15437 batches, avg 149/batch = 29% of 512, 9238 evals/s, 622 msg/s, 14.9 leaves/msg, 249s)
2026-07-29 13:53:28   [GPU] 2,350,170 evals (15780 batches, avg 149/batch = 29% of 512, 9263 evals/s, 624 msg/s, 14.9 leaves/msg, 254s)
2026-07-29 13:53:32   [GPU] 2,400,017 evals (16121 batches, avg 149/batch = 29% of 512, 9282 evals/s, 626 msg/s, 14.8 leaves/msg, 259s)
2026-07-29 13:53:37   [GPU] 2,450,045 evals (16466 batches, avg 149/batch = 29% of 512, 9304 evals/s, 628 msg/s, 14.8 leaves/msg, 263s)
2026-07-29 13:53:42   [GPU] 2,500,088 evals (16806 batches, avg 149/batch = 29% of 512, 9326 evals/s, 630 msg/s, 14.8 leaves/msg, 268s)
2026-07-29 13:53:47   [GPU] 2,550,007 evals (17150 batches, avg 149/batch = 29% of 512, 9347 evals/s, 632 msg/s, 14.8 leaves/msg, 273s)
2026-07-29 13:53:52   [GPU] 2,600,002 evals (17495 batches, avg 149/batch = 29% of 512, 9361 evals/s, 633 msg/s, 14.8 leaves/msg, 278s)
2026-07-29 13:53:53 [iter 4/70] self-play: 5/70 games...
2026-07-29 13:53:56   [GPU] 2,650,012 evals (17846 batches, avg 148/batch = 29% of 512, 9378 evals/s, 635 msg/s, 14.8 leaves/msg, 283s)
2026-07-29 13:54:01   [GPU] 2,700,111 evals (18188 batches, avg 148/batch = 29% of 512, 9397 evals/s, 637 msg/s, 14.8 leaves/msg, 287s)
2026-07-29 13:54:06   [GPU] 2,750,081 evals (18531 batches, avg 148/batch = 29% of 512, 9414 evals/s, 638 msg/s, 14.7 leaves/msg, 292s)
2026-07-29 13:54:11   [GPU] 2,800,174 evals (18876 batches, avg 148/batch = 29% of 512, 9430 evals/s, 640 msg/s, 14.7 leaves/msg, 297s)
2026-07-29 13:54:15   [GPU] 2,850,041 evals (19213 batches, avg 148/batch = 29% of 512, 9448 evals/s, 641 msg/s, 14.7 leaves/msg, 302s)
2026-07-29 13:54:20   [GPU] 2,900,108 evals (19560 batches, avg 148/batch = 29% of 512, 9464 evals/s, 643 msg/s, 14.7 leaves/msg, 306s)
2026-07-29 13:54:25   [GPU] 2,950,167 evals (19911 batches, avg 148/batch = 29% of 512, 9478 evals/s, 644 msg/s, 14.7 leaves/msg, 311s)
2026-07-29 13:54:30   [GPU] 3,000,006 evals (20256 batches, avg 148/batch = 29% of 512, 9494 evals/s, 645 msg/s, 14.7 leaves/msg, 316s)
2026-07-29 13:54:34 [iter 4/70] self-play: 10/70 games...
2026-07-29 13:54:35   [GPU] 3,050,039 evals (20595 batches, avg 148/batch = 29% of 512, 9508 evals/s, 646 msg/s, 14.7 leaves/msg, 321s)
2026-07-29 13:54:39   [GPU] 3,100,193 evals (20947 batches, avg 148/batch = 29% of 512, 9524 evals/s, 648 msg/s, 14.7 leaves/msg, 326s)
2026-07-29 13:54:44   [GPU] 3,150,023 evals (21285 batches, avg 148/batch = 29% of 512, 9537 evals/s, 649 msg/s, 14.7 leaves/msg, 330s)
2026-07-29 13:54:49   [GPU] 3,200,051 evals (21634 batches, avg 148/batch = 29% of 512, 9550 evals/s, 650 msg/s, 14.7 leaves/msg, 335s)
2026-07-29 13:54:54   [GPU] 3,250,161 evals (21990 batches, avg 148/batch = 29% of 512, 9557 evals/s, 651 msg/s, 14.7 leaves/msg, 340s)
2026-07-29 13:54:59   [GPU] 3,300,000 evals (22334 batches, avg 148/batch = 29% of 512, 9569 evals/s, 653 msg/s, 14.7 leaves/msg, 345s)
2026-07-29 13:55:03   [GPU] 3,350,000 evals (22681 batches, avg 148/batch = 29% of 512, 9580 evals/s, 654 msg/s, 14.7 leaves/msg, 350s)
2026-07-29 13:55:08   [GPU] 3,400,103 evals (23024 batches, avg 148/batch = 29% of 512, 9588 evals/s, 654 msg/s, 14.7 leaves/msg, 355s)
2026-07-29 13:55:13   [GPU] 3,450,075 evals (23353 batches, avg 148/batch = 29% of 512, 9604 evals/s, 656 msg/s, 14.6 leaves/msg, 359s)
2026-07-29 13:55:13 [iter 4/70] self-play: 15/70 games...
2026-07-29 13:55:18   [GPU] 3,500,178 evals (23695 batches, avg 148/batch = 29% of 512, 9613 evals/s, 657 msg/s, 14.6 leaves/msg, 364s)
2026-07-29 13:55:23   [GPU] 3,550,075 evals (24038 batches, avg 148/batch = 29% of 512, 9622 evals/s, 658 msg/s, 14.6 leaves/msg, 369s)
2026-07-29 13:55:26 [iter 4/70] self-play: 20/70 games...
2026-07-29 13:55:28   [GPU] 3,600,007 evals (24371 batches, avg 148/batch = 29% of 512, 9632 evals/s, 660 msg/s, 14.6 leaves/msg, 374s)
2026-07-29 13:55:32   [GPU] 3,650,160 evals (24723 batches, avg 148/batch = 29% of 512, 9642 evals/s, 661 msg/s, 14.6 leaves/msg, 379s)
2026-07-29 13:55:37   [GPU] 3,700,032 evals (25058 batches, avg 148/batch = 29% of 512, 9656 evals/s, 662 msg/s, 14.6 leaves/msg, 383s)
2026-07-29 13:55:42   [GPU] 3,750,144 evals (25407 batches, avg 148/batch = 29% of 512, 9664 evals/s, 663 msg/s, 14.6 leaves/msg, 388s)
2026-07-29 13:55:46   [GPU] 3,800,153 evals (25737 batches, avg 148/batch = 29% of 512, 9678 evals/s, 663 msg/s, 14.6 leaves/msg, 393s)
2026-07-29 13:55:51   [GPU] 3,850,061 evals (26073 batches, avg 148/batch = 29% of 512, 9690 evals/s, 664 msg/s, 14.6 leaves/msg, 397s)
2026-07-29 13:55:56   [GPU] 3,900,002 evals (26413 batches, avg 148/batch = 29% of 512, 9701 evals/s, 665 msg/s, 14.6 leaves/msg, 402s)
2026-07-29 13:56:01   [GPU] 3,950,125 evals (26760 batches, avg 148/batch = 29% of 512, 9708 evals/s, 666 msg/s, 14.6 leaves/msg, 407s)
2026-07-29 13:56:05   [GPU] 4,000,047 evals (27101 batches, avg 148/batch = 29% of 512, 9717 evals/s, 667 msg/s, 14.6 leaves/msg, 412s)
2026-07-29 13:56:09 [iter 4/70] self-play: 25/70 games...
2026-07-29 13:56:10   [GPU] 4,050,126 evals (27456 batches, avg 148/batch = 29% of 512, 9721 evals/s, 668 msg/s, 14.6 leaves/msg, 417s)
2026-07-29 13:56:15   [GPU] 4,100,083 evals (27796 batches, avg 148/batch = 29% of 512, 9729 evals/s, 669 msg/s, 14.5 leaves/msg, 421s)
2026-07-29 13:56:20   [GPU] 4,150,123 evals (28139 batches, avg 147/batch = 29% of 512, 9735 evals/s, 669 msg/s, 14.5 leaves/msg, 426s)
2026-07-29 13:56:25   [GPU] 4,200,043 evals (28470 batches, avg 148/batch = 29% of 512, 9745 evals/s, 670 msg/s, 14.5 leaves/msg, 431s)
2026-07-29 13:56:29   [GPU] 4,250,055 evals (28802 batches, avg 148/batch = 29% of 512, 9756 evals/s, 671 msg/s, 14.5 leaves/msg, 436s)
2026-07-29 13:56:34   [GPU] 4,300,079 evals (29138 batches, avg 148/batch = 29% of 512, 9761 evals/s, 672 msg/s, 14.5 leaves/msg, 441s)
2026-07-29 13:56:37 [iter 4/70] self-play: 30/70 games...
2026-07-29 13:56:39   [GPU] 4,350,008 evals (29463 batches, avg 148/batch = 29% of 512, 9772 evals/s, 673 msg/s, 14.5 leaves/msg, 445s)
2026-07-29 13:56:43   [GPU] 4,400,108 evals (29777 batches, avg 148/batch = 29% of 512, 9787 evals/s, 674 msg/s, 14.5 leaves/msg, 450s)
2026-07-29 13:56:48   [GPU] 4,450,150 evals (30116 batches, avg 148/batch = 29% of 512, 9796 evals/s, 675 msg/s, 14.5 leaves/msg, 454s)
2026-07-29 13:56:53   [GPU] 4,500,051 evals (30427 batches, avg 148/batch = 29% of 512, 9807 evals/s, 676 msg/s, 14.5 leaves/msg, 459s)
2026-07-29 13:56:57   [GPU] 4,550,066 evals (30748 batches, avg 148/batch = 29% of 512, 9817 evals/s, 676 msg/s, 14.5 leaves/msg, 464s)
2026-07-29 13:57:02   [GPU] 4,600,122 evals (31064 batches, avg 148/batch = 29% of 512, 9828 evals/s, 677 msg/s, 14.5 leaves/msg, 468s)
2026-07-29 13:57:04 [iter 4/70] self-play: 35/70 games...
2026-07-29 13:57:06   [GPU] 4,650,023 evals (31376 batches, avg 148/batch = 29% of 512, 9841 evals/s, 678 msg/s, 14.5 leaves/msg, 472s)
2026-07-29 13:57:11   [GPU] 4,700,213 evals (31699 batches, avg 148/batch = 29% of 512, 9852 evals/s, 679 msg/s, 14.5 leaves/msg, 477s)
2026-07-29 13:57:16   [GPU] 4,750,067 evals (32031 batches, avg 148/batch = 29% of 512, 9859 evals/s, 680 msg/s, 14.5 leaves/msg, 482s)
2026-07-29 13:57:20   [GPU] 4,800,067 evals (32325 batches, avg 148/batch = 29% of 512, 9875 evals/s, 681 msg/s, 14.5 leaves/msg, 486s)
2026-07-29 13:57:25   [GPU] 4,850,061 evals (32645 batches, avg 149/batch = 29% of 512, 9884 evals/s, 682 msg/s, 14.5 leaves/msg, 491s)
2026-07-29 13:57:29   [GPU] 4,900,189 evals (32967 batches, avg 149/batch = 29% of 512, 9894 evals/s, 682 msg/s, 14.5 leaves/msg, 495s)
2026-07-29 13:57:34   [GPU] 4,950,034 evals (33294 batches, avg 149/batch = 29% of 512, 9902 evals/s, 683 msg/s, 14.5 leaves/msg, 500s)
2026-07-29 13:57:38   [GPU] 5,000,069 evals (33613 batches, avg 149/batch = 29% of 512, 9912 evals/s, 684 msg/s, 14.5 leaves/msg, 504s)
2026-07-29 13:57:43   [GPU] 5,050,028 evals (33943 batches, avg 149/batch = 29% of 512, 9919 evals/s, 684 msg/s, 14.5 leaves/msg, 509s)
2026-07-29 13:57:47   [GPU] 5,100,074 evals (34268 batches, avg 149/batch = 29% of 512, 9928 evals/s, 685 msg/s, 14.5 leaves/msg, 514s)
2026-07-29 13:57:52   [GPU] 5,150,035 evals (34566 batches, avg 149/batch = 29% of 512, 9941 evals/s, 686 msg/s, 14.5 leaves/msg, 518s)
2026-07-29 13:57:56   [GPU] 5,200,054 evals (34871 batches, avg 149/batch = 29% of 512, 9952 evals/s, 687 msg/s, 14.5 leaves/msg, 522s)
2026-07-29 13:58:01   [GPU] 5,250,193 evals (35192 batches, avg 149/batch = 29% of 512, 9961 evals/s, 688 msg/s, 14.5 leaves/msg, 527s)
2026-07-29 13:58:05   [GPU] 5,300,083 evals (35515 batches, avg 149/batch = 29% of 512, 9971 evals/s, 688 msg/s, 14.5 leaves/msg, 532s)
2026-07-29 13:58:10   [GPU] 5,350,116 evals (35842 batches, avg 149/batch = 29% of 512, 9979 evals/s, 689 msg/s, 14.5 leaves/msg, 536s)
2026-07-29 13:58:14   [GPU] 5,400,168 evals (36161 batches, avg 149/batch = 29% of 512, 9987 evals/s, 689 msg/s, 14.5 leaves/msg, 541s)
2026-07-29 13:58:19   [GPU] 5,450,096 evals (36467 batches, avg 149/batch = 29% of 512, 9999 evals/s, 690 msg/s, 14.5 leaves/msg, 545s)
2026-07-29 13:58:23   [GPU] 5,500,025 evals (36792 batches, avg 149/batch = 29% of 512, 10006 evals/s, 691 msg/s, 14.5 leaves/msg, 550s)
2026-07-29 13:58:28   [GPU] 5,550,035 evals (37112 batches, avg 150/batch = 29% of 512, 10013 evals/s, 692 msg/s, 14.5 leaves/msg, 554s)
2026-07-29 13:58:28 [iter 4/70] self-play: 40/70 games...
2026-07-29 13:58:33   [GPU] 5,600,107 evals (37483 batches, avg 149/batch = 29% of 512, 10009 evals/s, 692 msg/s, 14.5 leaves/msg, 560s)
2026-07-29 13:58:35 [iter 4/70] self-play: 45/70 games...
2026-07-29 13:58:38 [iter 4/70] self-play: 50/70 games...
2026-07-29 13:58:38 [iter 4/70] self-play: 55/70 games...
2026-07-29 13:58:39 [iter 4/70] self-play: 60/70 games...
2026-07-29 13:58:40 [iter 4/70] self-play: 65/70 games...
2026-07-29 13:58:42   [GPU] 5,650,017 evals (38204 batches, avg 148/batch = 29% of 512, 9939 evals/s, 693 msg/s, 14.4 leaves/msg, 568s)
2026-07-29 13:59:03   [GPU] 5,700,008 evals (39985 batches, avg 143/batch = 28% of 512, 9671 evals/s, 674 msg/s, 14.4 leaves/msg, 589s)
2026-07-29 13:59:24   [GPU] 5,750,009 evals (41723 batches, avg 138/batch = 27% of 512, 9421 evals/s, 656 msg/s, 14.4 leaves/msg, 610s)
2026-07-29 13:59:38 [iter 4/70] self-play: 70/70 games...
2026-07-29 13:59:39 [iter 4/70] self-play done: 70 games (627s) | wins: P0=13, P2=10, P3=19, draw=28 | draw_rate=40% avg_len~64
2026-07-29 13:59:39 [iter 4/70] WARNING: draw_rate 40% > 20% — games timing out at max_game_moves=320 (weak value signal).
2026-07-29 13:59:39 [iter 4/70] training (600 steps, lr=9.96e-04)...
2026-07-29 13:59:46 [iter 4/70] training done: loss_p=1.528 loss_v=0.024 (7s)
2026-07-29 13:59:46 [iter 4/70] eval skipped (eval_every=5)
2026-07-29 13:59:46 >>> iter 4 | loss_p=1.528 loss_v=0.024 | vs_best=n/a (not evaluated) | vs_rand=n/a | draw=40% | buf=31586 | sp=627s train=7s eval_best=0s eval_rand=0s | total=634s
2026-07-29 13:59:46 [iter 5/70] self-play starting (70 games, 600 sims)...
2026-07-29 13:59:48 [PARALLEL-MP] 64 workers spawned (70 games, sims=600), GPU batcher starting...
2026-07-29 14:00:01   [GPU] 50,080 evals (363 batches, avg 138/batch = 27% of 512, 3958 evals/s, 259 msg/s, 15.3 leaves/msg, 13s)
2026-07-29 14:00:08   [GPU] 100,096 evals (697 batches, avg 144/batch = 28% of 512, 4902 evals/s, 318 msg/s, 15.4 leaves/msg, 20s)
2026-07-29 14:00:16   [GPU] 150,004 evals (1045 batches, avg 144/batch = 28% of 512, 5365 evals/s, 348 msg/s, 15.4 leaves/msg, 28s)
2026-07-29 14:00:23   [GPU] 200,178 evals (1380 batches, avg 145/batch = 28% of 512, 5685 evals/s, 370 msg/s, 15.4 leaves/msg, 35s)
2026-07-29 14:00:31   [GPU] 250,041 evals (1723 batches, avg 145/batch = 28% of 512, 5867 evals/s, 381 msg/s, 15.4 leaves/msg, 43s)
2026-07-29 14:00:38   [GPU] 300,036 evals (2050 batches, avg 146/batch = 29% of 512, 6032 evals/s, 392 msg/s, 15.4 leaves/msg, 50s)
2026-07-29 14:00:45   [GPU] 350,068 evals (2372 batches, avg 148/batch = 29% of 512, 6167 evals/s, 400 msg/s, 15.4 leaves/msg, 57s)
2026-07-29 14:00:52   [GPU] 400,124 evals (2704 batches, avg 148/batch = 29% of 512, 6286 evals/s, 408 msg/s, 15.4 leaves/msg, 64s)
2026-07-29 14:00:58   [GPU] 450,075 evals (3028 batches, avg 149/batch = 29% of 512, 6410 evals/s, 416 msg/s, 15.4 leaves/msg, 70s)
2026-07-29 14:01:05   [GPU] 500,106 evals (3357 batches, avg 149/batch = 29% of 512, 6512 evals/s, 423 msg/s, 15.4 leaves/msg, 77s)
2026-07-29 14:01:11   [GPU] 550,154 evals (3676 batches, avg 150/batch = 29% of 512, 6616 evals/s, 429 msg/s, 15.4 leaves/msg, 83s)
2026-07-29 14:01:17   [GPU] 600,120 evals (4006 batches, avg 150/batch = 29% of 512, 6730 evals/s, 437 msg/s, 15.4 leaves/msg, 89s)
2026-07-29 14:01:23   [GPU] 650,068 evals (4326 batches, avg 150/batch = 29% of 512, 6846 evals/s, 444 msg/s, 15.4 leaves/msg, 95s)
2026-07-29 14:01:28   [GPU] 700,088 evals (4640 batches, avg 151/batch = 29% of 512, 7014 evals/s, 455 msg/s, 15.4 leaves/msg, 100s)
2026-07-29 14:01:33   [GPU] 750,022 evals (4973 batches, avg 151/batch = 29% of 512, 7174 evals/s, 466 msg/s, 15.4 leaves/msg, 105s)
2026-07-29 14:01:38   [GPU] 800,081 evals (5314 batches, avg 151/batch = 29% of 512, 7298 evals/s, 475 msg/s, 15.4 leaves/msg, 110s)
2026-07-29 14:01:43   [GPU] 850,126 evals (5641 batches, avg 151/batch = 29% of 512, 7410 evals/s, 483 msg/s, 15.3 leaves/msg, 115s)
2026-07-29 14:01:48   [GPU] 900,045 evals (5972 batches, avg 151/batch = 29% of 512, 7527 evals/s, 492 msg/s, 15.3 leaves/msg, 120s)
2026-07-29 14:01:52   [GPU] 950,047 evals (6316 batches, avg 150/batch = 29% of 512, 7632 evals/s, 500 msg/s, 15.3 leaves/msg, 124s)
2026-07-29 14:01:57   [GPU] 1,000,121 evals (6653 batches, avg 150/batch = 29% of 512, 7739 evals/s, 508 msg/s, 15.2 leaves/msg, 129s)
2026-07-29 14:02:02   [GPU] 1,050,078 evals (6983 batches, avg 150/batch = 29% of 512, 7839 evals/s, 515 msg/s, 15.2 leaves/msg, 134s)
2026-07-29 14:02:07   [GPU] 1,100,046 evals (7311 batches, avg 150/batch = 29% of 512, 7937 evals/s, 523 msg/s, 15.2 leaves/msg, 139s)
2026-07-29 14:02:11   [GPU] 1,150,158 evals (7636 batches, avg 151/batch = 29% of 512, 8032 evals/s, 530 msg/s, 15.2 leaves/msg, 143s)
2026-07-29 14:02:16   [GPU] 1,200,151 evals (7958 batches, avg 151/batch = 29% of 512, 8119 evals/s, 536 msg/s, 15.1 leaves/msg, 148s)
2026-07-29 14:02:20   [GPU] 1,250,113 evals (8286 batches, avg 151/batch = 29% of 512, 8205 evals/s, 543 msg/s, 15.1 leaves/msg, 152s)
2026-07-29 14:02:25   [GPU] 1,300,141 evals (8616 batches, avg 151/batch = 29% of 512, 8284 evals/s, 548 msg/s, 15.1 leaves/msg, 157s)
2026-07-29 14:02:29   [GPU] 1,350,087 evals (8947 batches, avg 151/batch = 29% of 512, 8359 evals/s, 554 msg/s, 15.1 leaves/msg, 162s)
2026-07-29 14:02:34   [GPU] 1,400,038 evals (9276 batches, avg 151/batch = 29% of 512, 8426 evals/s, 559 msg/s, 15.1 leaves/msg, 166s)
2026-07-29 14:02:39   [GPU] 1,450,012 evals (9600 batches, avg 151/batch = 30% of 512, 8496 evals/s, 564 msg/s, 15.1 leaves/msg, 171s)
2026-07-29 14:02:43   [GPU] 1,500,068 evals (9936 batches, avg 151/batch = 29% of 512, 8556 evals/s, 569 msg/s, 15.0 leaves/msg, 175s)
2026-07-29 14:02:48   [GPU] 1,550,127 evals (10261 batches, avg 151/batch = 30% of 512, 8618 evals/s, 573 msg/s, 15.0 leaves/msg, 180s)
2026-07-29 14:02:52   [GPU] 1,600,062 evals (10590 batches, avg 151/batch = 30% of 512, 8672 evals/s, 577 msg/s, 15.0 leaves/msg, 185s)
2026-07-29 14:02:57   [GPU] 1,650,009 evals (10932 batches, avg 151/batch = 29% of 512, 8721 evals/s, 581 msg/s, 15.0 leaves/msg, 189s)
2026-07-29 14:03:02   [GPU] 1,700,088 evals (11285 batches, avg 151/batch = 29% of 512, 8760 evals/s, 584 msg/s, 15.0 leaves/msg, 194s)
2026-07-29 14:03:07   [GPU] 1,750,043 evals (11625 batches, avg 151/batch = 29% of 512, 8801 evals/s, 588 msg/s, 15.0 leaves/msg, 199s)
2026-07-29 14:03:12   [GPU] 1,800,093 evals (11957 batches, avg 151/batch = 29% of 512, 8842 evals/s, 591 msg/s, 15.0 leaves/msg, 204s)
2026-07-29 14:03:16   [GPU] 1,850,105 evals (12280 batches, avg 151/batch = 29% of 512, 8881 evals/s, 594 msg/s, 14.9 leaves/msg, 208s)
2026-07-29 14:03:21   [GPU] 1,900,035 evals (12623 batches, avg 151/batch = 29% of 512, 8914 evals/s, 597 msg/s, 14.9 leaves/msg, 213s)
2026-07-29 14:03:26   [GPU] 1,950,080 evals (12967 batches, avg 150/batch = 29% of 512, 8948 evals/s, 600 msg/s, 14.9 leaves/msg, 218s)
2026-07-29 14:03:31   [GPU] 2,000,114 evals (13311 batches, avg 150/batch = 29% of 512, 8980 evals/s, 603 msg/s, 14.9 leaves/msg, 223s)
2026-07-29 14:03:35   [GPU] 2,050,082 evals (13659 batches, avg 150/batch = 29% of 512, 9012 evals/s, 605 msg/s, 14.9 leaves/msg, 227s)
2026-07-29 14:03:40   [GPU] 2,100,104 evals (14006 batches, avg 150/batch = 29% of 512, 9038 evals/s, 608 msg/s, 14.9 leaves/msg, 232s)
2026-07-29 14:03:45   [GPU] 2,150,148 evals (14351 batches, avg 150/batch = 29% of 512, 9068 evals/s, 610 msg/s, 14.9 leaves/msg, 237s)
2026-07-29 14:03:49 [iter 5/70] self-play: 5/70 games...
2026-07-29 14:03:50   [GPU] 2,200,169 evals (14694 batches, avg 150/batch = 29% of 512, 9098 evals/s, 613 msg/s, 14.8 leaves/msg, 242s)
2026-07-29 14:03:54   [GPU] 2,250,001 evals (15027 batches, avg 150/batch = 29% of 512, 9128 evals/s, 615 msg/s, 14.8 leaves/msg, 246s)
2026-07-29 14:03:59   [GPU] 2,300,005 evals (15365 batches, avg 150/batch = 29% of 512, 9156 evals/s, 617 msg/s, 14.8 leaves/msg, 251s)
2026-07-29 14:04:04   [GPU] 2,350,135 evals (15691 batches, avg 150/batch = 29% of 512, 9181 evals/s, 619 msg/s, 14.8 leaves/msg, 256s)
2026-07-29 14:04:09   [GPU] 2,400,169 evals (16025 batches, avg 150/batch = 29% of 512, 9206 evals/s, 622 msg/s, 14.8 leaves/msg, 261s)
2026-07-29 14:04:13   [GPU] 2,450,032 evals (16366 batches, avg 150/batch = 29% of 512, 9228 evals/s, 624 msg/s, 14.8 leaves/msg, 265s)
2026-07-29 14:04:18   [GPU] 2,500,087 evals (16724 batches, avg 149/batch = 29% of 512, 9249 evals/s, 626 msg/s, 14.8 leaves/msg, 270s)
2026-07-29 14:04:23   [GPU] 2,550,069 evals (17073 batches, avg 149/batch = 29% of 512, 9268 evals/s, 628 msg/s, 14.8 leaves/msg, 275s)
2026-07-29 14:04:24 [iter 5/70] self-play: 10/70 games...
2026-07-29 14:04:28   [GPU] 2,600,064 evals (17415 batches, avg 149/batch = 29% of 512, 9289 evals/s, 630 msg/s, 14.7 leaves/msg, 280s)
2026-07-29 14:04:33   [GPU] 2,650,081 evals (17756 batches, avg 149/batch = 29% of 512, 9308 evals/s, 632 msg/s, 14.7 leaves/msg, 285s)
2026-07-29 14:04:38   [GPU] 2,700,182 evals (18110 batches, avg 149/batch = 29% of 512, 9326 evals/s, 634 msg/s, 14.7 leaves/msg, 290s)
2026-07-29 14:04:42   [GPU] 2,750,134 evals (18454 batches, avg 149/batch = 29% of 512, 9344 evals/s, 636 msg/s, 14.7 leaves/msg, 294s)
2026-07-29 14:04:44 [iter 5/70] self-play: 15/70 games...
2026-07-29 14:04:47   [GPU] 2,800,048 evals (18801 batches, avg 149/batch = 29% of 512, 9365 evals/s, 638 msg/s, 14.7 leaves/msg, 299s)
2026-07-29 14:04:52   [GPU] 2,850,033 evals (19151 batches, avg 149/batch = 29% of 512, 9381 evals/s, 639 msg/s, 14.7 leaves/msg, 304s)
2026-07-29 14:04:56   [GPU] 2,900,057 evals (19491 batches, avg 149/batch = 29% of 512, 9402 evals/s, 641 msg/s, 14.7 leaves/msg, 308s)
2026-07-29 14:05:01   [GPU] 2,950,063 evals (19831 batches, avg 149/batch = 29% of 512, 9419 evals/s, 642 msg/s, 14.7 leaves/msg, 313s)
2026-07-29 14:05:06   [GPU] 3,000,168 evals (20168 batches, avg 149/batch = 29% of 512, 9439 evals/s, 644 msg/s, 14.7 leaves/msg, 318s)
2026-07-29 14:05:11   [GPU] 3,050,026 evals (20507 batches, avg 149/batch = 29% of 512, 9454 evals/s, 645 msg/s, 14.7 leaves/msg, 323s)
2026-07-29 14:05:15   [GPU] 3,100,005 evals (20855 batches, avg 149/batch = 29% of 512, 9469 evals/s, 646 msg/s, 14.6 leaves/msg, 327s)
2026-07-29 14:05:20   [GPU] 3,150,179 evals (21199 batches, avg 149/batch = 29% of 512, 9482 evals/s, 648 msg/s, 14.6 leaves/msg, 332s)
2026-07-29 14:05:25   [GPU] 3,200,010 evals (21539 batches, avg 149/batch = 29% of 512, 9496 evals/s, 649 msg/s, 14.6 leaves/msg, 337s)
2026-07-29 14:05:30   [GPU] 3,250,133 evals (21874 batches, avg 149/batch = 29% of 512, 9510 evals/s, 651 msg/s, 14.6 leaves/msg, 342s)
2026-07-29 14:05:31 [iter 5/70] self-play: 20/70 games...
2026-07-29 14:05:35   [GPU] 3,300,054 evals (22224 batches, avg 148/batch = 29% of 512, 9523 evals/s, 652 msg/s, 14.6 leaves/msg, 347s)
2026-07-29 14:05:39   [GPU] 3,350,031 evals (22571 batches, avg 148/batch = 29% of 512, 9535 evals/s, 653 msg/s, 14.6 leaves/msg, 351s)
2026-07-29 14:05:44   [GPU] 3,400,096 evals (22916 batches, avg 148/batch = 29% of 512, 9545 evals/s, 654 msg/s, 14.6 leaves/msg, 356s)
2026-07-29 14:05:49   [GPU] 3,450,106 evals (23260 batches, avg 148/batch = 29% of 512, 9555 evals/s, 655 msg/s, 14.6 leaves/msg, 361s)
2026-07-29 14:05:54   [GPU] 3,500,018 evals (23608 batches, avg 148/batch = 29% of 512, 9562 evals/s, 656 msg/s, 14.6 leaves/msg, 366s)
2026-07-29 14:05:59   [GPU] 3,550,097 evals (23954 batches, avg 148/batch = 29% of 512, 9572 evals/s, 657 msg/s, 14.6 leaves/msg, 371s)
2026-07-29 14:06:04   [GPU] 3,600,171 evals (24288 batches, avg 148/batch = 29% of 512, 9584 evals/s, 658 msg/s, 14.6 leaves/msg, 376s)
2026-07-29 14:06:08   [GPU] 3,650,199 evals (24629 batches, avg 148/batch = 29% of 512, 9596 evals/s, 659 msg/s, 14.6 leaves/msg, 380s)
2026-07-29 14:06:10 [iter 5/70] self-play: 25/70 games...
2026-07-29 14:06:13   [GPU] 3,700,023 evals (24964 batches, avg 148/batch = 29% of 512, 9606 evals/s, 660 msg/s, 14.6 leaves/msg, 385s)
2026-07-29 14:06:18   [GPU] 3,750,026 evals (25287 batches, avg 148/batch = 29% of 512, 9620 evals/s, 661 msg/s, 14.6 leaves/msg, 390s)
2026-07-29 14:06:22   [GPU] 3,800,016 evals (25599 batches, avg 148/batch = 29% of 512, 9637 evals/s, 662 msg/s, 14.6 leaves/msg, 394s)
2026-07-29 14:06:27   [GPU] 3,850,123 evals (25925 batches, avg 149/batch = 29% of 512, 9651 evals/s, 663 msg/s, 14.5 leaves/msg, 399s)
2026-07-29 14:06:31   [GPU] 3,900,032 evals (26260 batches, avg 149/batch = 29% of 512, 9665 evals/s, 664 msg/s, 14.5 leaves/msg, 404s)
2026-07-29 14:06:36   [GPU] 3,950,003 evals (26599 batches, avg 149/batch = 29% of 512, 9677 evals/s, 666 msg/s, 14.5 leaves/msg, 408s)
2026-07-29 14:06:41   [GPU] 4,000,001 evals (26920 batches, avg 149/batch = 29% of 512, 9691 evals/s, 667 msg/s, 14.5 leaves/msg, 413s)
2026-07-29 14:06:45   [GPU] 4,050,197 evals (27237 batches, avg 149/batch = 29% of 512, 9707 evals/s, 668 msg/s, 14.5 leaves/msg, 417s)
2026-07-29 14:06:50   [GPU] 4,100,003 evals (27560 batches, avg 149/batch = 29% of 512, 9721 evals/s, 669 msg/s, 14.5 leaves/msg, 422s)
2026-07-29 14:06:54   [GPU] 4,150,083 evals (27877 batches, avg 149/batch = 29% of 512, 9735 evals/s, 670 msg/s, 14.5 leaves/msg, 426s)
2026-07-29 14:06:59   [GPU] 4,200,045 evals (28210 batches, avg 149/batch = 29% of 512, 9747 evals/s, 670 msg/s, 14.5 leaves/msg, 431s)
2026-07-29 14:07:04   [GPU] 4,250,101 evals (28540 batches, avg 149/batch = 29% of 512, 9758 evals/s, 671 msg/s, 14.5 leaves/msg, 436s)
2026-07-29 14:07:07 [iter 5/70] self-play: 30/70 games...
2026-07-29 14:07:08   [GPU] 4,300,062 evals (28870 batches, avg 149/batch = 29% of 512, 9770 evals/s, 672 msg/s, 14.5 leaves/msg, 440s)
2026-07-29 14:07:13   [GPU] 4,350,014 evals (29207 batches, avg 149/batch = 29% of 512, 9780 evals/s, 673 msg/s, 14.5 leaves/msg, 445s)
2026-07-29 14:07:17   [GPU] 4,400,081 evals (29543 batches, avg 149/batch = 29% of 512, 9791 evals/s, 674 msg/s, 14.5 leaves/msg, 449s)
2026-07-29 14:07:22   [GPU] 4,450,023 evals (29877 batches, avg 149/batch = 29% of 512, 9800 evals/s, 675 msg/s, 14.5 leaves/msg, 454s)
2026-07-29 14:07:27   [GPU] 4,500,034 evals (30200 batches, avg 149/batch = 29% of 512, 9811 evals/s, 676 msg/s, 14.5 leaves/msg, 459s)
2026-07-29 14:07:31   [GPU] 4,550,083 evals (30538 batches, avg 149/batch = 29% of 512, 9820 evals/s, 676 msg/s, 14.5 leaves/msg, 463s)
2026-07-29 14:07:36   [GPU] 4,600,073 evals (30858 batches, avg 149/batch = 29% of 512, 9833 evals/s, 677 msg/s, 14.5 leaves/msg, 468s)
2026-07-29 14:07:40   [GPU] 4,650,154 evals (31179 batches, avg 149/batch = 29% of 512, 9843 evals/s, 678 msg/s, 14.5 leaves/msg, 472s)
2026-07-29 14:07:45   [GPU] 4,700,164 evals (31514 batches, avg 149/batch = 29% of 512, 9851 evals/s, 679 msg/s, 14.5 leaves/msg, 477s)
2026-07-29 14:07:49 [iter 5/70] self-play: 35/70 games...
2026-07-29 14:07:50   [GPU] 4,750,099 evals (31848 batches, avg 149/batch = 29% of 512, 9858 evals/s, 680 msg/s, 14.5 leaves/msg, 482s)
2026-07-29 14:07:55   [GPU] 4,800,091 evals (32186 batches, avg 149/batch = 29% of 512, 9866 evals/s, 680 msg/s, 14.5 leaves/msg, 487s)
2026-07-29 14:07:59   [GPU] 4,850,089 evals (32511 batches, avg 149/batch = 29% of 512, 9875 evals/s, 681 msg/s, 14.5 leaves/msg, 491s)
2026-07-29 14:08:04   [GPU] 4,900,136 evals (32842 batches, avg 149/batch = 29% of 512, 9880 evals/s, 682 msg/s, 14.5 leaves/msg, 496s)
2026-07-29 14:08:09   [GPU] 4,950,022 evals (33181 batches, avg 149/batch = 29% of 512, 9885 evals/s, 682 msg/s, 14.5 leaves/msg, 501s)
2026-07-29 14:08:14   [GPU] 5,000,116 evals (33522 batches, avg 149/batch = 29% of 512, 9891 evals/s, 683 msg/s, 14.5 leaves/msg, 506s)
2026-07-29 14:08:18   [GPU] 5,050,107 evals (33869 batches, avg 149/batch = 29% of 512, 9895 evals/s, 683 msg/s, 14.5 leaves/msg, 510s)
2026-07-29 14:08:21 [iter 5/70] self-play: 40/70 games...
2026-07-29 14:08:23   [GPU] 5,100,132 evals (34211 batches, avg 149/batch = 29% of 512, 9898 evals/s, 683 msg/s, 14.5 leaves/msg, 515s)
2026-07-29 14:08:28   [GPU] 5,150,000 evals (34534 batches, avg 149/batch = 29% of 512, 9905 evals/s, 684 msg/s, 14.5 leaves/msg, 520s)
2026-07-29 14:08:33   [GPU] 5,200,217 evals (34864 batches, avg 149/batch = 29% of 512, 9911 evals/s, 684 msg/s, 14.5 leaves/msg, 525s)
2026-07-29 14:08:37   [GPU] 5,250,077 evals (35193 batches, avg 149/batch = 29% of 512, 9920 evals/s, 685 msg/s, 14.5 leaves/msg, 529s)
2026-07-29 14:08:42   [GPU] 5,300,174 evals (35540 batches, avg 149/batch = 29% of 512, 9923 evals/s, 685 msg/s, 14.5 leaves/msg, 534s)
2026-07-29 14:08:47   [GPU] 5,350,016 evals (35898 batches, avg 149/batch = 29% of 512, 9926 evals/s, 685 msg/s, 14.5 leaves/msg, 539s)
2026-07-29 14:08:52   [GPU] 5,400,029 evals (36220 batches, avg 149/batch = 29% of 512, 9933 evals/s, 686 msg/s, 14.5 leaves/msg, 544s)
2026-07-29 14:08:56   [GPU] 5,450,196 evals (36547 batches, avg 149/batch = 29% of 512, 9941 evals/s, 686 msg/s, 14.5 leaves/msg, 548s)
2026-07-29 14:09:01   [GPU] 5,500,024 evals (36870 batches, avg 149/batch = 29% of 512, 9947 evals/s, 687 msg/s, 14.5 leaves/msg, 553s)
2026-07-29 14:09:04 [iter 5/70] self-play: 45/70 games...
2026-07-29 14:09:06 [iter 5/70] self-play: 50/70 games...
2026-07-29 14:09:07   [GPU] 5,550,021 evals (37336 batches, avg 149/batch = 29% of 512, 9927 evals/s, 690 msg/s, 14.4 leaves/msg, 559s)
2026-07-29 14:09:07 [iter 5/70] self-play: 55/70 games...
2026-07-29 14:09:08 [iter 5/70] self-play: 60/70 games...
2026-07-29 14:09:08 [iter 5/70] self-play: 65/70 games...
2026-07-29 14:09:37   [GPU] 5,600,000 evals (39293 batches, avg 143/batch = 28% of 512, 9509 evals/s, 662 msg/s, 14.4 leaves/msg, 589s)
2026-07-29 14:09:58 [iter 5/70] self-play: 70/70 games...
2026-07-29 14:09:59 [iter 5/70] self-play done: 70 games (613s) | wins: P0=19, P2=8, P3=14, draw=29 | draw_rate=41% avg_len~57
2026-07-29 14:09:59 [iter 5/70] WARNING: draw_rate 41% > 20% — games timing out at max_game_moves=320 (weak value signal).
2026-07-29 14:09:59 [iter 5/70] training (600 steps, lr=9.93e-04)...
2026-07-29 14:10:06 [iter 5/70] training done: loss_p=1.522 loss_v=0.024 (7s)
2026-07-29 14:10:06 [iter 5/70] eval vs best (80 games, 200 sims)...
2026-07-29 14:10:08 [EVAL-MP] 64 workers spawned (80 vs_best games, sims=200), GPU batcher starting...
2026-07-29 14:10:21   [GPU] 50,179 evals (370 batches, avg 136/batch = 26% of 512, 3799 evals/s, 264 msg/s, 14.4 leaves/msg, 13s)
2026-07-29 14:10:28   [GPU] 100,066 evals (710 batches, avg 141/batch = 28% of 512, 4990 evals/s, 348 msg/s, 14.4 leaves/msg, 20s)
2026-07-29 14:10:35   [GPU] 150,136 evals (1049 batches, avg 143/batch = 28% of 512, 5559 evals/s, 388 msg/s, 14.3 leaves/msg, 27s)
2026-07-29 14:10:42   [GPU] 200,030 evals (1382 batches, avg 145/batch = 28% of 512, 5959 evals/s, 416 msg/s, 14.3 leaves/msg, 34s)
2026-07-29 14:10:48   [GPU] 250,028 evals (1717 batches, avg 146/batch = 28% of 512, 6304 evals/s, 439 msg/s, 14.3 leaves/msg, 40s)
2026-07-29 14:10:54   [GPU] 300,081 evals (2058 batches, avg 146/batch = 28% of 512, 6571 evals/s, 458 msg/s, 14.4 leaves/msg, 46s)
2026-07-29 14:10:59   [GPU] 350,081 evals (2393 batches, avg 146/batch = 29% of 512, 6806 evals/s, 474 msg/s, 14.3 leaves/msg, 51s)
2026-07-29 14:11:05 [iter 5/70] eval vs best: 5/80 games (59s, cand 0%)
2026-07-29 14:11:05   [GPU] 400,136 evals (2725 batches, avg 147/batch = 29% of 512, 6966 evals/s, 486 msg/s, 14.3 leaves/msg, 57s)
2026-07-29 14:11:06 [iter 5/70] eval vs best: 10/80 games (60s, cand 0%)
2026-07-29 14:11:07 [iter 5/70] eval vs best: 15/80 games (61s, cand 0%)
2026-07-29 14:11:10 [iter 5/70] eval vs best: 20/80 games (64s, cand 0%)
2026-07-29 14:11:12   [GPU] 450,133 evals (3065 batches, avg 147/batch = 29% of 512, 7076 evals/s, 494 msg/s, 14.3 leaves/msg, 64s)
2026-07-29 14:11:12 [iter 5/70] eval vs best: 25/80 games (66s, cand 0%)
2026-07-29 14:11:16 [iter 5/70] eval vs best: 30/80 games (70s, cand 0%)
2026-07-29 14:11:17 [iter 5/70] eval vs best: 35/80 games (71s, cand 0%)
2026-07-29 14:11:18   [GPU] 500,080 evals (3418 batches, avg 146/batch = 29% of 512, 7180 evals/s, 503 msg/s, 14.3 leaves/msg, 70s)
2026-07-29 14:11:21 [iter 5/70] eval vs best: 40/80 games (75s, cand 0%)
2026-07-29 14:11:24   [GPU] 550,066 evals (3832 batches, avg 144/batch = 28% of 512, 7188 evals/s, 504 msg/s, 14.3 leaves/msg, 77s)
2026-07-29 14:11:26 [iter 5/70] eval vs best: 45/80 games (80s, cand 2%)
2026-07-29 14:11:32   [GPU] 600,011 evals (4302 batches, avg 139/batch = 27% of 512, 7149 evals/s, 502 msg/s, 14.2 leaves/msg, 84s)
2026-07-29 14:11:39   [GPU] 650,105 evals (4799 batches, avg 135/batch = 26% of 512, 7103 evals/s, 499 msg/s, 14.2 leaves/msg, 92s)
2026-07-29 14:11:42 [iter 5/70] eval vs best: 50/80 games (96s, cand 4%)
2026-07-29 14:11:47   [GPU] 700,061 evals (5305 batches, avg 132/batch = 26% of 512, 7044 evals/s, 495 msg/s, 14.2 leaves/msg, 99s)
2026-07-29 14:11:49 [iter 5/70] eval vs best: 55/80 games (103s, cand 4%)
2026-07-29 14:11:56   [GPU] 750,024 evals (5919 batches, avg 127/batch = 25% of 512, 6913 evals/s, 487 msg/s, 14.2 leaves/msg, 108s)
2026-07-29 14:12:06   [GPU] 800,011 evals (6604 batches, avg 121/batch = 24% of 512, 6773 evals/s, 477 msg/s, 14.2 leaves/msg, 118s)
2026-07-29 14:12:12 [iter 5/70] eval vs best: 60/80 games (126s, cand 5%)
2026-07-29 14:12:17   [GPU] 850,015 evals (7382 batches, avg 115/batch = 22% of 512, 6607 evals/s, 466 msg/s, 14.2 leaves/msg, 129s)
2026-07-29 14:12:29   [GPU] 900,019 evals (8331 batches, avg 108/batch = 21% of 512, 6379 evals/s, 450 msg/s, 14.2 leaves/msg, 141s)
2026-07-29 14:12:42   [GPU] 950,014 evals (9321 batches, avg 102/batch = 20% of 512, 6162 evals/s, 435 msg/s, 14.2 leaves/msg, 154s)
2026-07-29 14:12:56   [GPU] 1,000,081 evals (10393 batches, avg 96/batch = 19% of 512, 5944 evals/s, 419 msg/s, 14.2 leaves/msg, 168s)
2026-07-29 14:13:06 [iter 5/70] eval vs best: 65/80 games (180s, cand 5%)
2026-07-29 14:13:13   [GPU] 1,050,034 evals (11674 batches, avg 90/batch = 18% of 512, 5688 evals/s, 401 msg/s, 14.2 leaves/msg, 185s)
2026-07-29 14:13:32   [GPU] 1,100,034 evals (13182 batches, avg 83/batch = 16% of 512, 5381 evals/s, 379 msg/s, 14.2 leaves/msg, 204s)
2026-07-29 14:13:42 [iter 5/70] eval vs best: 70/80 games (216s, cand 5%)
2026-07-29 14:13:53 [iter 5/70] eval vs best: 75/80 games (228s, cand 5%)
2026-07-29 14:14:09   [GPU] 1,150,004 evals (15352 batches, avg 75/batch = 15% of 512, 4766 evals/s, 336 msg/s, 14.2 leaves/msg, 241s)
2026-07-29 14:14:48   [GPU] 1,200,021 evals (17941 batches, avg 67/batch = 13% of 512, 4289 evals/s, 303 msg/s, 14.1 leaves/msg, 280s)
2026-07-29 14:15:33 [iter 5/70] eval vs best: 80/80 games (327s, cand 5%)
2026-07-29 14:15:34 [iter 5/70] eval vs best done: 4.9% of 61 decided reject (328s)
2026-07-29 14:15:34 [iter 5/70] eval vs random (40 games, 200 sims)...
2026-07-29 14:15:35 [EVAL-MP] 40 workers spawned (40 vs_random games, sims=200), GPU batcher starting...
2026-07-29 14:15:44   [GPU] 50,098 evals (426 batches, avg 118/batch = 23% of 512, 5479 evals/s, 393 msg/s, 13.9 leaves/msg, 9s)
2026-07-29 14:15:49   [GPU] 100,019 evals (787 batches, avg 127/batch = 25% of 512, 6875 evals/s, 519 msg/s, 13.2 leaves/msg, 15s)
2026-07-29 14:15:55   [GPU] 150,060 evals (1146 batches, avg 131/batch = 26% of 512, 7588 evals/s, 590 msg/s, 12.9 leaves/msg, 20s)
2026-07-29 14:16:00   [GPU] 200,051 evals (1521 batches, avg 132/batch = 26% of 512, 7991 evals/s, 629 msg/s, 12.7 leaves/msg, 25s)
2026-07-29 14:16:05   [GPU] 250,009 evals (1889 batches, avg 132/batch = 26% of 512, 8258 evals/s, 663 msg/s, 12.5 leaves/msg, 30s)
2026-07-29 14:16:06 [iter 5/70] eval vs random: 5/40 games (32s, cand 80%)
2026-07-29 14:16:10   [GPU] 300,177 evals (2257 batches, avg 133/batch = 26% of 512, 8471 evals/s, 686 msg/s, 12.3 leaves/msg, 35s)
2026-07-29 14:16:12 [iter 5/70] eval vs random: 10/40 games (38s, cand 70%)
2026-07-29 14:16:14 [iter 5/70] eval vs random: 15/40 games (40s, cand 73%)
2026-07-29 14:16:15 [iter 5/70] eval vs random: 20/40 games (41s, cand 75%)
2026-07-29 14:16:15 [iter 5/70] eval vs random: 25/40 games (41s, cand 75%)
2026-07-29 14:16:15 [iter 5/70] eval vs random: 30/40 games (41s, cand 75%)
2026-07-29 14:16:15 [iter 5/70] eval vs random: 35/40 games (42s, cand 75%)
2026-07-29 14:16:16 [iter 5/70] eval vs random: 40/40 games (42s, cand 69%)
2026-07-29 14:16:17 [iter 5/70] eval vs random done: 69.2% (43s)
2026-07-29 14:16:17 >>> iter 5 | loss_p=1.522 loss_v=0.024 | vs_best=4.9% reject | vs_rand=69.2% | draw=41% | buf=39608 | sp=613s train=7s eval_best=328s eval_rand=43s | total=991s
2026-07-29 14:16:17 [iter 6/70] self-play starting (70 games, 600 sims)...
2026-07-29 14:16:19 [PARALLEL-MP] 64 workers spawned (70 games, sims=600), GPU batcher starting...
2026-07-29 14:16:31   [GPU] 50,080 evals (357 batches, avg 140/batch = 27% of 512, 4064 evals/s, 266 msg/s, 15.3 leaves/msg, 12s)
2026-07-29 14:16:38   [GPU] 100,112 evals (682 batches, avg 147/batch = 29% of 512, 5160 evals/s, 335 msg/s, 15.4 leaves/msg, 19s)
2026-07-29 14:16:46   [GPU] 150,245 evals (1022 batches, avg 147/batch = 29% of 512, 5616 evals/s, 364 msg/s, 15.4 leaves/msg, 27s)
2026-07-29 14:16:53   [GPU] 200,008 evals (1345 batches, avg 149/batch = 29% of 512, 5933 evals/s, 386 msg/s, 15.4 leaves/msg, 34s)
2026-07-29 14:17:00   [GPU] 250,096 evals (1668 batches, avg 150/batch = 29% of 512, 6141 evals/s, 399 msg/s, 15.4 leaves/msg, 41s)
2026-07-29 14:17:06   [GPU] 300,072 evals (1991 batches, avg 151/batch = 29% of 512, 6310 evals/s, 409 msg/s, 15.4 leaves/msg, 48s)
2026-07-29 14:17:13   [GPU] 350,091 evals (2311 batches, avg 151/batch = 30% of 512, 6440 evals/s, 418 msg/s, 15.4 leaves/msg, 54s)
2026-07-29 14:17:20   [GPU] 400,061 evals (2639 batches, avg 152/batch = 30% of 512, 6576 evals/s, 427 msg/s, 15.4 leaves/msg, 61s)
2026-07-29 14:17:26   [GPU] 450,153 evals (2961 batches, avg 152/batch = 30% of 512, 6701 evals/s, 435 msg/s, 15.4 leaves/msg, 67s)
2026-07-29 14:17:32   [GPU] 500,027 evals (3283 batches, avg 152/batch = 30% of 512, 6818 evals/s, 443 msg/s, 15.4 leaves/msg, 73s)
2026-07-29 14:17:38   [GPU] 550,189 evals (3603 batches, avg 153/batch = 30% of 512, 6946 evals/s, 451 msg/s, 15.4 leaves/msg, 79s)
2026-07-29 14:17:44   [GPU] 600,216 evals (3924 batches, avg 153/batch = 30% of 512, 7074 evals/s, 459 msg/s, 15.4 leaves/msg, 85s)
2026-07-29 14:17:49   [GPU] 650,032 evals (4241 batches, avg 153/batch = 30% of 512, 7217 evals/s, 468 msg/s, 15.4 leaves/msg, 90s)
2026-07-29 14:17:54   [GPU] 700,014 evals (4553 batches, avg 154/batch = 30% of 512, 7392 evals/s, 480 msg/s, 15.4 leaves/msg, 95s)
2026-07-29 14:17:58   [GPU] 750,032 evals (4888 batches, avg 153/batch = 30% of 512, 7535 evals/s, 490 msg/s, 15.4 leaves/msg, 100s)
2026-07-29 14:18:03   [GPU] 800,151 evals (5226 batches, avg 153/batch = 30% of 512, 7658 evals/s, 498 msg/s, 15.4 leaves/msg, 104s)
2026-07-29 14:18:08   [GPU] 850,123 evals (5556 batches, avg 153/batch = 30% of 512, 7779 evals/s, 508 msg/s, 15.3 leaves/msg, 109s)
2026-07-29 14:18:13   [GPU] 900,144 evals (5888 batches, avg 153/batch = 30% of 512, 7898 evals/s, 517 msg/s, 15.3 leaves/msg, 114s)
2026-07-29 14:18:18   [GPU] 950,015 evals (6221 batches, avg 153/batch = 30% of 512, 8005 evals/s, 525 msg/s, 15.3 leaves/msg, 119s)
2026-07-29 14:18:22   [GPU] 1,000,057 evals (6552 batches, avg 153/batch = 30% of 512, 8105 evals/s, 532 msg/s, 15.2 leaves/msg, 123s)
2026-07-29 14:18:27   [GPU] 1,050,068 evals (6888 batches, avg 152/batch = 30% of 512, 8198 evals/s, 540 msg/s, 15.2 leaves/msg, 128s)
2026-07-29 14:18:32   [GPU] 1,100,110 evals (7218 batches, avg 152/batch = 30% of 512, 8287 evals/s, 546 msg/s, 15.2 leaves/msg, 133s)
2026-07-29 14:18:36   [GPU] 1,150,126 evals (7551 batches, avg 152/batch = 30% of 512, 8372 evals/s, 553 msg/s, 15.1 leaves/msg, 137s)
2026-07-29 14:18:41   [GPU] 1,200,022 evals (7890 batches, avg 152/batch = 30% of 512, 8449 evals/s, 559 msg/s, 15.1 leaves/msg, 142s)
2026-07-29 14:18:46   [GPU] 1,250,097 evals (8224 batches, avg 152/batch = 30% of 512, 8522 evals/s, 564 msg/s, 15.1 leaves/msg, 147s)
2026-07-29 14:18:50   [GPU] 1,300,143 evals (8566 batches, avg 152/batch = 30% of 512, 8590 evals/s, 569 msg/s, 15.1 leaves/msg, 151s)
2026-07-29 14:18:55   [GPU] 1,350,123 evals (8891 batches, avg 152/batch = 30% of 512, 8657 evals/s, 574 msg/s, 15.1 leaves/msg, 156s)
2026-07-29 14:19:00   [GPU] 1,400,053 evals (9230 batches, avg 152/batch = 30% of 512, 8708 evals/s, 579 msg/s, 15.0 leaves/msg, 161s)
2026-07-29 14:19:04   [GPU] 1,450,132 evals (9575 batches, avg 151/batch = 30% of 512, 8756 evals/s, 583 msg/s, 15.0 leaves/msg, 166s)
2026-07-29 14:19:09   [GPU] 1,500,055 evals (9905 batches, avg 151/batch = 30% of 512, 8808 evals/s, 587 msg/s, 15.0 leaves/msg, 170s)
2026-07-29 14:19:14   [GPU] 1,550,059 evals (10237 batches, avg 151/batch = 30% of 512, 8857 evals/s, 590 msg/s, 15.0 leaves/msg, 175s)
2026-07-29 14:19:19   [GPU] 1,600,136 evals (10579 batches, avg 151/batch = 30% of 512, 8905 evals/s, 594 msg/s, 15.0 leaves/msg, 180s)
2026-07-29 14:19:23   [GPU] 1,650,171 evals (10910 batches, avg 151/batch = 30% of 512, 8946 evals/s, 598 msg/s, 15.0 leaves/msg, 184s)
2026-07-29 14:19:28   [GPU] 1,700,073 evals (11251 batches, avg 151/batch = 30% of 512, 8988 evals/s, 601 msg/s, 14.9 leaves/msg, 189s)
2026-07-29 14:19:33   [GPU] 1,750,195 evals (11581 batches, avg 151/batch = 30% of 512, 9027 evals/s, 605 msg/s, 14.9 leaves/msg, 194s)
2026-07-29 14:19:37   [GPU] 1,800,126 evals (11915 batches, avg 151/batch = 30% of 512, 9064 evals/s, 608 msg/s, 14.9 leaves/msg, 199s)
2026-07-29 14:19:42   [GPU] 1,850,081 evals (12254 batches, avg 151/batch = 29% of 512, 9098 evals/s, 610 msg/s, 14.9 leaves/msg, 203s)
2026-07-29 14:19:47   [GPU] 1,900,098 evals (12597 batches, avg 151/batch = 29% of 512, 9132 evals/s, 613 msg/s, 14.9 leaves/msg, 208s)
2026-07-29 14:19:52   [GPU] 1,950,078 evals (12934 batches, avg 151/batch = 29% of 512, 9160 evals/s, 616 msg/s, 14.9 leaves/msg, 213s)
2026-07-29 14:19:56   [GPU] 2,000,010 evals (13272 batches, avg 151/batch = 29% of 512, 9191 evals/s, 618 msg/s, 14.9 leaves/msg, 218s)
2026-07-29 14:20:01   [GPU] 2,050,017 evals (13619 batches, avg 151/batch = 29% of 512, 9215 evals/s, 621 msg/s, 14.8 leaves/msg, 222s)
2026-07-29 14:20:06   [GPU] 2,100,016 evals (13958 batches, avg 150/batch = 29% of 512, 9245 evals/s, 623 msg/s, 14.8 leaves/msg, 227s)
2026-07-29 14:20:11   [GPU] 2,150,017 evals (14309 batches, avg 150/batch = 29% of 512, 9264 evals/s, 626 msg/s, 14.8 leaves/msg, 232s)
2026-07-29 14:20:16   [GPU] 2,200,041 evals (14662 batches, avg 150/batch = 29% of 512, 9284 evals/s, 628 msg/s, 14.8 leaves/msg, 237s)
2026-07-29 14:20:20 [iter 6/70] self-play: 5/70 games...
2026-07-29 14:20:21   [GPU] 2,250,045 evals (15017 batches, avg 150/batch = 29% of 512, 9300 evals/s, 631 msg/s, 14.7 leaves/msg, 242s)
2026-07-29 14:20:26   [GPU] 2,300,094 evals (15366 batches, avg 150/batch = 29% of 512, 9318 evals/s, 633 msg/s, 14.7 leaves/msg, 247s)
2026-07-29 14:20:29 [iter 6/70] self-play: 10/70 games...
2026-07-29 14:20:30   [GPU] 2,350,039 evals (15704 batches, avg 150/batch = 29% of 512, 9341 evals/s, 636 msg/s, 14.7 leaves/msg, 252s)
2026-07-29 14:20:35   [GPU] 2,400,008 evals (16053 batches, avg 150/batch = 29% of 512, 9360 evals/s, 638 msg/s, 14.7 leaves/msg, 256s)
2026-07-29 14:20:40   [GPU] 2,450,089 evals (16404 batches, avg 149/batch = 29% of 512, 9377 evals/s, 640 msg/s, 14.6 leaves/msg, 261s)
2026-07-29 14:20:45   [GPU] 2,500,058 evals (16752 batches, avg 149/batch = 29% of 512, 9389 evals/s, 643 msg/s, 14.6 leaves/msg, 266s)
2026-07-29 14:20:50   [GPU] 2,550,063 evals (17103 batches, avg 149/batch = 29% of 512, 9401 evals/s, 645 msg/s, 14.6 leaves/msg, 271s)
2026-07-29 14:20:51 [iter 6/70] self-play: 15/70 games...
2026-07-29 14:20:55   [GPU] 2,600,026 evals (17462 batches, avg 149/batch = 29% of 512, 9410 evals/s, 647 msg/s, 14.5 leaves/msg, 276s)
2026-07-29 14:20:58 [iter 6/70] self-play: 20/70 games...
2026-07-29 14:21:00   [GPU] 2,650,062 evals (17815 batches, avg 149/batch = 29% of 512, 9416 evals/s, 649 msg/s, 14.5 leaves/msg, 281s)
2026-07-29 14:21:05   [GPU] 2,700,035 evals (18155 batches, avg 149/batch = 29% of 512, 9431 evals/s, 651 msg/s, 14.5 leaves/msg, 286s)
2026-07-29 14:21:10   [GPU] 2,750,130 evals (18501 batches, avg 149/batch = 29% of 512, 9448 evals/s, 652 msg/s, 14.5 leaves/msg, 291s)
2026-07-29 14:21:15   [GPU] 2,800,072 evals (18840 batches, avg 149/batch = 29% of 512, 9464 evals/s, 654 msg/s, 14.5 leaves/msg, 296s)
2026-07-29 14:21:18 [iter 6/70] self-play: 25/70 games...
2026-07-29 14:21:20   [GPU] 2,850,052 evals (19178 batches, avg 149/batch = 29% of 512, 9478 evals/s, 655 msg/s, 14.5 leaves/msg, 301s)
2026-07-29 14:21:24   [GPU] 2,900,082 evals (19525 batches, avg 149/batch = 29% of 512, 9491 evals/s, 657 msg/s, 14.4 leaves/msg, 306s)
2026-07-29 14:21:29   [GPU] 2,950,004 evals (19871 batches, avg 148/batch = 29% of 512, 9505 evals/s, 659 msg/s, 14.4 leaves/msg, 310s)
2026-07-29 14:21:31 [iter 6/70] self-play: 30/70 games...
2026-07-29 14:21:34   [GPU] 3,000,063 evals (20221 batches, avg 148/batch = 29% of 512, 9516 evals/s, 660 msg/s, 14.4 leaves/msg, 315s)
2026-07-29 14:21:39   [GPU] 3,050,112 evals (20568 batches, avg 148/batch = 29% of 512, 9530 evals/s, 662 msg/s, 14.4 leaves/msg, 320s)
2026-07-29 14:21:44   [GPU] 3,100,127 evals (20902 batches, avg 148/batch = 29% of 512, 9544 evals/s, 663 msg/s, 14.4 leaves/msg, 325s)
2026-07-29 14:21:48   [GPU] 3,150,152 evals (21246 batches, avg 148/batch = 29% of 512, 9558 evals/s, 664 msg/s, 14.4 leaves/msg, 330s)
2026-07-29 14:21:52 [iter 6/70] self-play: 35/70 games...
2026-07-29 14:21:53   [GPU] 3,200,091 evals (21583 batches, avg 148/batch = 29% of 512, 9570 evals/s, 665 msg/s, 14.4 leaves/msg, 334s)
2026-07-29 14:21:58   [GPU] 3,250,074 evals (21924 batches, avg 148/batch = 29% of 512, 9584 evals/s, 667 msg/s, 14.4 leaves/msg, 339s)
2026-07-29 14:22:03   [GPU] 3,300,018 evals (22268 batches, avg 148/batch = 29% of 512, 9596 evals/s, 668 msg/s, 14.4 leaves/msg, 344s)
2026-07-29 14:22:08   [GPU] 3,350,161 evals (22614 batches, avg 148/batch = 29% of 512, 9608 evals/s, 669 msg/s, 14.4 leaves/msg, 349s)
2026-07-29 14:22:12   [GPU] 3,400,001 evals (22960 batches, avg 148/batch = 29% of 512, 9617 evals/s, 670 msg/s, 14.3 leaves/msg, 354s)
2026-07-29 14:22:17   [GPU] 3,450,004 evals (23307 batches, avg 148/batch = 29% of 512, 9629 evals/s, 671 msg/s, 14.3 leaves/msg, 358s)
2026-07-29 14:22:18 [iter 6/70] self-play: 40/70 games...
2026-07-29 14:22:22   [GPU] 3,500,051 evals (23645 batches, avg 148/batch = 29% of 512, 9641 evals/s, 672 msg/s, 14.3 leaves/msg, 363s)
2026-07-29 14:22:26   [GPU] 3,550,054 evals (23977 batches, avg 148/batch = 29% of 512, 9659 evals/s, 674 msg/s, 14.3 leaves/msg, 368s)
2026-07-29 14:22:31   [GPU] 3,600,077 evals (24322 batches, avg 148/batch = 29% of 512, 9673 evals/s, 675 msg/s, 14.3 leaves/msg, 372s)
2026-07-29 14:22:36   [GPU] 3,650,062 evals (24660 batches, avg 148/batch = 29% of 512, 9683 evals/s, 676 msg/s, 14.3 leaves/msg, 377s)
2026-07-29 14:22:41   [GPU] 3,700,043 evals (25009 batches, avg 148/batch = 29% of 512, 9691 evals/s, 677 msg/s, 14.3 leaves/msg, 382s)
2026-07-29 14:22:42 [iter 6/70] self-play: 45/70 games...
2026-07-29 14:22:45   [GPU] 3,750,019 evals (25358 batches, avg 148/batch = 29% of 512, 9701 evals/s, 678 msg/s, 14.3 leaves/msg, 387s)
2026-07-29 14:22:50   [GPU] 3,800,039 evals (25677 batches, avg 148/batch = 29% of 512, 9716 evals/s, 680 msg/s, 14.3 leaves/msg, 391s)
2026-07-29 14:22:55   [GPU] 3,850,007 evals (26025 batches, avg 148/batch = 29% of 512, 9725 evals/s, 681 msg/s, 14.3 leaves/msg, 396s)
2026-07-29 14:22:55 [iter 6/70] self-play: 50/70 games...
2026-07-29 14:23:00   [GPU] 3,900,127 evals (26394 batches, avg 148/batch = 29% of 512, 9731 evals/s, 682 msg/s, 14.3 leaves/msg, 401s)
2026-07-29 14:23:05   [GPU] 3,950,095 evals (26765 batches, avg 148/batch = 29% of 512, 9736 evals/s, 682 msg/s, 14.3 leaves/msg, 406s)
2026-07-29 14:23:09   [GPU] 4,000,115 evals (27134 batches, avg 147/batch = 29% of 512, 9743 evals/s, 682 msg/s, 14.3 leaves/msg, 411s)
2026-07-29 14:23:15   [GPU] 4,050,004 evals (27511 batches, avg 147/batch = 29% of 512, 9744 evals/s, 683 msg/s, 14.3 leaves/msg, 416s)
2026-07-29 14:23:20   [GPU] 4,100,129 evals (27901 batches, avg 147/batch = 29% of 512, 9744 evals/s, 683 msg/s, 14.3 leaves/msg, 421s)
2026-07-29 14:23:25   [GPU] 4,150,171 evals (28298 batches, avg 147/batch = 29% of 512, 9739 evals/s, 683 msg/s, 14.3 leaves/msg, 426s)
2026-07-29 14:23:30   [GPU] 4,200,082 evals (28702 batches, avg 146/batch = 29% of 512, 9734 evals/s, 682 msg/s, 14.3 leaves/msg, 431s)
2026-07-29 14:23:36   [GPU] 4,250,098 evals (29112 batches, avg 146/batch = 29% of 512, 9732 evals/s, 682 msg/s, 14.3 leaves/msg, 437s)
2026-07-29 14:23:41   [GPU] 4,300,055 evals (29519 batches, avg 146/batch = 28% of 512, 9731 evals/s, 682 msg/s, 14.3 leaves/msg, 442s)
2026-07-29 14:23:46   [GPU] 4,350,006 evals (29923 batches, avg 145/batch = 28% of 512, 9728 evals/s, 682 msg/s, 14.3 leaves/msg, 447s)
2026-07-29 14:23:51 [iter 6/70] self-play: 55/70 games...
2026-07-29 14:23:52   [GPU] 4,400,053 evals (30370 batches, avg 145/batch = 28% of 512, 9717 evals/s, 682 msg/s, 14.2 leaves/msg, 453s)
2026-07-29 14:23:54 [iter 6/70] self-play: 60/70 games...
2026-07-29 14:23:57 [iter 6/70] self-play: 65/70 games...
2026-07-29 14:24:12   [GPU] 4,450,005 evals (31855 batches, avg 140/batch = 27% of 512, 9407 evals/s, 664 msg/s, 14.2 leaves/msg, 473s)
2026-07-29 14:24:44 [iter 6/70] self-play: 70/70 games...
2026-07-29 14:24:45 [iter 6/70] self-play done: 70 games (508s) | wins: P0=19, P1=1, P2=11, P3=24, draw=15 | draw_rate=21% avg_len~70
2026-07-29 14:24:45 [iter 6/70] WARNING: draw_rate 21% > 20% — games timing out at max_game_moves=320 (weak value signal).
2026-07-29 14:24:45 [iter 6/70] training (600 steps, lr=9.89e-04)...
2026-07-29 14:24:51 [iter 6/70] training done: loss_p=1.553 loss_v=0.028 (6s)
2026-07-29 14:24:51 [iter 6/70] eval skipped (eval_every=5)
2026-07-29 14:24:51 >>> iter 6 | loss_p=1.553 loss_v=0.028 | vs_best=n/a (not evaluated) | vs_rand=n/a | draw=21% | buf=49364 | sp=508s train=6s eval_best=0s eval_rand=0s | total=514s
2026-07-29 14:24:51 [iter 7/70] self-play starting (70 games, 600 sims)...
2026-07-29 14:24:53 [PARALLEL-MP] 64 workers spawned (70 games, sims=600), GPU batcher starting...
2026-07-29 14:25:05   [GPU] 50,048 evals (375 batches, avg 133/batch = 26% of 512, 4129 evals/s, 271 msg/s, 15.3 leaves/msg, 12s)
2026-07-29 14:25:12   [GPU] 100,096 evals (719 batches, avg 139/batch = 27% of 512, 5154 evals/s, 335 msg/s, 15.4 leaves/msg, 19s)
2026-07-29 14:25:19   [GPU] 150,215 evals (1068 batches, avg 141/batch = 27% of 512, 5602 evals/s, 363 msg/s, 15.4 leaves/msg, 27s)
2026-07-29 14:25:27   [GPU] 200,149 evals (1407 batches, avg 142/batch = 28% of 512, 5877 evals/s, 382 msg/s, 15.4 leaves/msg, 34s)
2026-07-29 14:25:34   [GPU] 250,080 evals (1741 batches, avg 144/batch = 28% of 512, 6018 evals/s, 391 msg/s, 15.4 leaves/msg, 42s)
2026-07-29 14:25:41   [GPU] 300,144 evals (2074 batches, avg 145/batch = 28% of 512, 6149 evals/s, 399 msg/s, 15.4 leaves/msg, 49s)
2026-07-29 14:25:49   [GPU] 350,027 evals (2403 batches, avg 146/batch = 28% of 512, 6266 evals/s, 407 msg/s, 15.4 leaves/msg, 56s)
2026-07-29 14:25:55   [GPU] 400,046 evals (2728 batches, avg 147/batch = 29% of 512, 6378 evals/s, 414 msg/s, 15.4 leaves/msg, 63s)
2026-07-29 14:26:02   [GPU] 450,081 evals (3051 batches, avg 148/batch = 29% of 512, 6481 evals/s, 421 msg/s, 15.4 leaves/msg, 69s)
2026-07-29 14:26:09   [GPU] 500,048 evals (3377 batches, avg 148/batch = 29% of 512, 6592 evals/s, 428 msg/s, 15.4 leaves/msg, 76s)
2026-07-29 14:26:15   [GPU] 550,091 evals (3704 batches, avg 149/batch = 29% of 512, 6691 evals/s, 434 msg/s, 15.4 leaves/msg, 82s)
2026-07-29 14:26:21   [GPU] 600,193 evals (4021 batches, avg 149/batch = 29% of 512, 6795 evals/s, 441 msg/s, 15.4 leaves/msg, 88s)
2026-07-29 14:26:27   [GPU] 650,017 evals (4334 batches, avg 150/batch = 29% of 512, 6915 evals/s, 449 msg/s, 15.4 leaves/msg, 94s)
2026-07-29 14:26:31   [GPU] 700,184 evals (4640 batches, avg 151/batch = 29% of 512, 7092 evals/s, 460 msg/s, 15.4 leaves/msg, 99s)
2026-07-29 14:26:36   [GPU] 750,068 evals (4951 batches, avg 151/batch = 30% of 512, 7257 evals/s, 472 msg/s, 15.4 leaves/msg, 103s)
2026-07-29 14:26:41   [GPU] 800,190 evals (5278 batches, avg 152/batch = 30% of 512, 7396 evals/s, 482 msg/s, 15.4 leaves/msg, 108s)
2026-07-29 14:26:46   [GPU] 850,023 evals (5604 batches, avg 152/batch = 30% of 512, 7521 evals/s, 491 msg/s, 15.3 leaves/msg, 113s)
2026-07-29 14:26:50   [GPU] 900,010 evals (5923 batches, avg 152/batch = 30% of 512, 7642 evals/s, 500 msg/s, 15.3 leaves/msg, 118s)
2026-07-29 14:26:55   [GPU] 950,013 evals (6249 batches, avg 152/batch = 30% of 512, 7764 evals/s, 509 msg/s, 15.2 leaves/msg, 122s)
2026-07-29 14:27:00   [GPU] 1,000,191 evals (6576 batches, avg 152/batch = 30% of 512, 7874 evals/s, 518 msg/s, 15.2 leaves/msg, 127s)
2026-07-29 14:27:04   [GPU] 1,050,044 evals (6898 batches, avg 152/batch = 30% of 512, 7977 evals/s, 525 msg/s, 15.2 leaves/msg, 132s)
2026-07-29 14:27:09   [GPU] 1,100,041 evals (7219 batches, avg 152/batch = 30% of 512, 8079 evals/s, 533 msg/s, 15.2 leaves/msg, 136s)
2026-07-29 14:27:13   [GPU] 1,150,049 evals (7534 batches, avg 153/batch = 30% of 512, 8175 evals/s, 540 msg/s, 15.1 leaves/msg, 141s)
2026-07-29 14:27:18   [GPU] 1,200,119 evals (7869 batches, avg 153/batch = 30% of 512, 8256 evals/s, 546 msg/s, 15.1 leaves/msg, 145s)
2026-07-29 14:27:23   [GPU] 1,250,040 evals (8189 batches, avg 153/batch = 30% of 512, 8331 evals/s, 552 msg/s, 15.1 leaves/msg, 150s)
2026-07-29 14:27:27   [GPU] 1,300,084 evals (8531 batches, avg 152/batch = 30% of 512, 8402 evals/s, 558 msg/s, 15.1 leaves/msg, 155s)
2026-07-29 14:27:32   [GPU] 1,350,106 evals (8868 batches, avg 152/batch = 30% of 512, 8466 evals/s, 563 msg/s, 15.1 leaves/msg, 159s)
2026-07-29 14:27:37   [GPU] 1,400,124 evals (9215 batches, avg 152/batch = 30% of 512, 8525 evals/s, 567 msg/s, 15.0 leaves/msg, 164s)
2026-07-29 14:27:42   [GPU] 1,450,048 evals (9557 batches, avg 152/batch = 30% of 512, 8581 evals/s, 572 msg/s, 15.0 leaves/msg, 169s)
2026-07-29 14:27:46   [GPU] 1,500,053 evals (9887 batches, avg 152/batch = 30% of 512, 8635 evals/s, 576 msg/s, 15.0 leaves/msg, 174s)
2026-07-29 14:27:51   [GPU] 1,550,127 evals (10216 batches, avg 152/batch = 30% of 512, 8688 evals/s, 580 msg/s, 15.0 leaves/msg, 178s)
2026-07-29 14:27:56   [GPU] 1,600,000 evals (10561 batches, avg 152/batch = 30% of 512, 8733 evals/s, 583 msg/s, 15.0 leaves/msg, 183s)
2026-07-29 14:28:01   [GPU] 1,650,052 evals (10900 batches, avg 151/batch = 30% of 512, 8772 evals/s, 586 msg/s, 15.0 leaves/msg, 188s)
2026-07-29 14:28:06   [GPU] 1,700,057 evals (11246 batches, avg 151/batch = 30% of 512, 8808 evals/s, 589 msg/s, 14.9 leaves/msg, 193s)
2026-07-29 14:28:11   [GPU] 1,750,162 evals (11579 batches, avg 151/batch = 30% of 512, 8847 evals/s, 592 msg/s, 14.9 leaves/msg, 198s)
2026-07-29 14:28:15   [GPU] 1,800,046 evals (11919 batches, avg 151/batch = 29% of 512, 8881 evals/s, 595 msg/s, 14.9 leaves/msg, 203s)
2026-07-29 14:28:20   [GPU] 1,850,008 evals (12249 batches, avg 151/batch = 29% of 512, 8921 evals/s, 599 msg/s, 14.9 leaves/msg, 207s)
2026-07-29 14:28:25   [GPU] 1,900,079 evals (12584 batches, avg 151/batch = 29% of 512, 8956 evals/s, 602 msg/s, 14.9 leaves/msg, 212s)
2026-07-29 14:28:30   [GPU] 1,950,004 evals (12926 batches, avg 151/batch = 29% of 512, 8989 evals/s, 605 msg/s, 14.9 leaves/msg, 217s)
2026-07-29 14:28:34   [GPU] 2,000,034 evals (13265 batches, avg 151/batch = 29% of 512, 9020 evals/s, 608 msg/s, 14.8 leaves/msg, 222s)
2026-07-29 14:28:39   [GPU] 2,050,125 evals (13618 batches, avg 151/batch = 29% of 512, 9047 evals/s, 611 msg/s, 14.8 leaves/msg, 227s)
2026-07-29 14:28:44 [iter 7/70] self-play: 5/70 games...
2026-07-29 14:28:44   [GPU] 2,100,051 evals (13966 batches, avg 150/batch = 29% of 512, 9074 evals/s, 614 msg/s, 14.8 leaves/msg, 231s)
2026-07-29 14:28:49   [GPU] 2,150,001 evals (14297 batches, avg 150/batch = 29% of 512, 9109 evals/s, 617 msg/s, 14.8 leaves/msg, 236s)
2026-07-29 14:28:53   [GPU] 2,200,146 evals (14626 batches, avg 150/batch = 29% of 512, 9139 evals/s, 620 msg/s, 14.8 leaves/msg, 241s)
2026-07-29 14:28:58   [GPU] 2,250,124 evals (14949 batches, avg 151/batch = 29% of 512, 9167 evals/s, 622 msg/s, 14.7 leaves/msg, 245s)
2026-07-29 14:29:03   [GPU] 2,300,069 evals (15286 batches, avg 150/batch = 29% of 512, 9191 evals/s, 625 msg/s, 14.7 leaves/msg, 250s)
2026-07-29 14:29:07 [iter 7/70] self-play: 10/70 games...
2026-07-29 14:29:08   [GPU] 2,350,008 evals (15619 batches, avg 150/batch = 29% of 512, 9215 evals/s, 627 msg/s, 14.7 leaves/msg, 255s)
2026-07-29 14:29:13   [GPU] 2,400,017 evals (15947 batches, avg 150/batch = 29% of 512, 9237 evals/s, 630 msg/s, 14.7 leaves/msg, 260s)
2026-07-29 14:29:17   [GPU] 2,450,018 evals (16295 batches, avg 150/batch = 29% of 512, 9257 evals/s, 633 msg/s, 14.6 leaves/msg, 265s)
2026-07-29 14:29:19 [iter 7/70] self-play: 15/70 games...
2026-07-29 14:29:22   [GPU] 2,500,022 evals (16622 batches, avg 150/batch = 29% of 512, 9278 evals/s, 635 msg/s, 14.6 leaves/msg, 269s)
2026-07-29 14:29:27   [GPU] 2,550,054 evals (16961 batches, avg 150/batch = 29% of 512, 9298 evals/s, 637 msg/s, 14.6 leaves/msg, 274s)
2026-07-29 14:29:32   [GPU] 2,600,009 evals (17298 batches, avg 150/batch = 29% of 512, 9318 evals/s, 639 msg/s, 14.6 leaves/msg, 279s)
2026-07-29 14:29:37   [GPU] 2,650,014 evals (17636 batches, avg 150/batch = 29% of 512, 9336 evals/s, 641 msg/s, 14.6 leaves/msg, 284s)
2026-07-29 14:29:41   [GPU] 2,700,136 evals (17970 batches, avg 150/batch = 29% of 512, 9358 evals/s, 643 msg/s, 14.6 leaves/msg, 289s)
2026-07-29 14:29:42 [iter 7/70] self-play: 20/70 games...
2026-07-29 14:29:46   [GPU] 2,750,025 evals (18297 batches, avg 150/batch = 29% of 512, 9379 evals/s, 645 msg/s, 14.5 leaves/msg, 293s)
2026-07-29 14:29:51   [GPU] 2,800,068 evals (18633 batches, avg 150/batch = 29% of 512, 9394 evals/s, 647 msg/s, 14.5 leaves/msg, 298s)
2026-07-29 14:29:56   [GPU] 2,850,153 evals (18982 batches, avg 150/batch = 29% of 512, 9407 evals/s, 648 msg/s, 14.5 leaves/msg, 303s)
2026-07-29 14:29:57 [iter 7/70] self-play: 25/70 games...
2026-07-29 14:30:01   [GPU] 2,900,026 evals (19339 batches, avg 150/batch = 29% of 512, 9415 evals/s, 650 msg/s, 14.5 leaves/msg, 308s)
2026-07-29 14:30:06   [GPU] 2,950,057 evals (19701 batches, avg 150/batch = 29% of 512, 9426 evals/s, 652 msg/s, 14.5 leaves/msg, 313s)
2026-07-29 14:30:11   [GPU] 3,000,013 evals (20070 batches, avg 149/batch = 29% of 512, 9431 evals/s, 653 msg/s, 14.4 leaves/msg, 318s)
2026-07-29 14:30:12 [iter 7/70] self-play: 30/70 games...
2026-07-29 14:30:16   [GPU] 3,050,077 evals (20415 batches, avg 149/batch = 29% of 512, 9441 evals/s, 654 msg/s, 14.4 leaves/msg, 323s)
2026-07-29 14:30:21   [GPU] 3,100,012 evals (20755 batches, avg 149/batch = 29% of 512, 9455 evals/s, 656 msg/s, 14.4 leaves/msg, 328s)
2026-07-29 14:30:25   [GPU] 3,150,020 evals (21095 batches, avg 149/batch = 29% of 512, 9469 evals/s, 657 msg/s, 14.4 leaves/msg, 333s)
2026-07-29 14:30:30   [GPU] 3,200,218 evals (21451 batches, avg 149/batch = 29% of 512, 9481 evals/s, 658 msg/s, 14.4 leaves/msg, 338s)
2026-07-29 14:30:30 [iter 7/70] self-play: 35/70 games...
2026-07-29 14:30:35   [GPU] 3,250,027 evals (21804 batches, avg 149/batch = 29% of 512, 9490 evals/s, 660 msg/s, 14.4 leaves/msg, 342s)
2026-07-29 14:30:40   [GPU] 3,300,037 evals (22151 batches, avg 149/batch = 29% of 512, 9504 evals/s, 661 msg/s, 14.4 leaves/msg, 347s)
2026-07-29 14:30:45   [GPU] 3,350,067 evals (22501 batches, avg 149/batch = 29% of 512, 9514 evals/s, 662 msg/s, 14.4 leaves/msg, 352s)
2026-07-29 14:30:50   [GPU] 3,400,113 evals (22843 batches, avg 149/batch = 29% of 512, 9527 evals/s, 663 msg/s, 14.4 leaves/msg, 357s)
2026-07-29 14:30:54   [GPU] 3,450,160 evals (23183 batches, avg 149/batch = 29% of 512, 9539 evals/s, 665 msg/s, 14.4 leaves/msg, 362s)
2026-07-29 14:30:56 [iter 7/70] self-play: 40/70 games...
2026-07-29 14:30:59   [GPU] 3,500,041 evals (23516 batches, avg 149/batch = 29% of 512, 9554 evals/s, 666 msg/s, 14.4 leaves/msg, 366s)
2026-07-29 14:31:04   [GPU] 3,550,009 evals (23851 batches, avg 149/batch = 29% of 512, 9569 evals/s, 667 msg/s, 14.3 leaves/msg, 371s)
2026-07-29 14:31:08   [GPU] 3,600,016 evals (24185 batches, avg 149/batch = 29% of 512, 9584 evals/s, 668 msg/s, 14.3 leaves/msg, 376s)
2026-07-29 14:31:13   [GPU] 3,650,081 evals (24521 batches, avg 149/batch = 29% of 512, 9594 evals/s, 670 msg/s, 14.3 leaves/msg, 380s)
2026-07-29 14:31:18   [GPU] 3,700,097 evals (24851 batches, avg 149/batch = 29% of 512, 9608 evals/s, 671 msg/s, 14.3 leaves/msg, 385s)
2026-07-29 14:31:22 [iter 7/70] self-play: 45/70 games...
2026-07-29 14:31:23   [GPU] 3,750,184 evals (25183 batches, avg 149/batch = 29% of 512, 9620 evals/s, 672 msg/s, 14.3 leaves/msg, 390s)
2026-07-29 14:31:27   [GPU] 3,800,191 evals (25521 batches, avg 149/batch = 29% of 512, 9631 evals/s, 674 msg/s, 14.3 leaves/msg, 395s)
2026-07-29 14:31:32   [GPU] 3,850,075 evals (25863 batches, avg 149/batch = 29% of 512, 9640 evals/s, 675 msg/s, 14.3 leaves/msg, 399s)
2026-07-29 14:31:37   [GPU] 3,900,155 evals (26216 batches, avg 149/batch = 29% of 512, 9646 evals/s, 676 msg/s, 14.3 leaves/msg, 404s)
2026-07-29 14:31:40 [iter 7/70] self-play: 50/70 games...
2026-07-29 14:31:42   [GPU] 3,950,070 evals (26563 batches, avg 149/batch = 29% of 512, 9652 evals/s, 677 msg/s, 14.3 leaves/msg, 409s)
2026-07-29 14:31:47   [GPU] 4,000,001 evals (26924 batches, avg 149/batch = 29% of 512, 9656 evals/s, 677 msg/s, 14.3 leaves/msg, 414s)
2026-07-29 14:31:52   [GPU] 4,050,048 evals (27298 batches, avg 148/batch = 29% of 512, 9653 evals/s, 677 msg/s, 14.2 leaves/msg, 420s)
2026-07-29 14:31:58   [GPU] 4,100,090 evals (27688 batches, avg 148/batch = 29% of 512, 9649 evals/s, 678 msg/s, 14.2 leaves/msg, 425s)
2026-07-29 14:32:02 [iter 7/70] self-play: 55/70 games...
2026-07-29 14:32:03   [GPU] 4,150,038 evals (28116 batches, avg 148/batch = 29% of 512, 9638 evals/s, 678 msg/s, 14.2 leaves/msg, 431s)
2026-07-29 14:32:09   [GPU] 4,200,117 evals (28551 batches, avg 147/batch = 29% of 512, 9626 evals/s, 677 msg/s, 14.2 leaves/msg, 436s)
2026-07-29 14:32:15   [GPU] 4,250,015 evals (28993 batches, avg 147/batch = 29% of 512, 9615 evals/s, 676 msg/s, 14.2 leaves/msg, 442s)
2026-07-29 14:32:20   [GPU] 4,300,004 evals (29434 batches, avg 146/batch = 29% of 512, 9606 evals/s, 675 msg/s, 14.2 leaves/msg, 448s)
2026-07-29 14:32:26   [GPU] 4,350,058 evals (29871 batches, avg 146/batch = 28% of 512, 9595 evals/s, 675 msg/s, 14.2 leaves/msg, 453s)
2026-07-29 14:32:32   [GPU] 4,400,000 evals (30331 batches, avg 145/batch = 28% of 512, 9579 evals/s, 674 msg/s, 14.2 leaves/msg, 459s)
2026-07-29 14:32:36 [iter 7/70] self-play: 60/70 games...
2026-07-29 14:32:38 [iter 7/70] self-play: 65/70 games...
2026-07-29 14:32:43 [iter 7/70] self-play: 70/70 games...
2026-07-29 14:32:44 [iter 7/70] self-play done: 70 games (473s) | wins: P0=20, P1=3, P2=13, P3=20, draw=14 | draw_rate=20% avg_len~72
2026-07-29 14:32:44 [iter 7/70] training (600 steps, lr=9.84e-04)...
2026-07-29 14:32:50 [iter 7/70] training done: loss_p=1.555 loss_v=0.030 (6s)
2026-07-29 14:32:50 [iter 7/70] eval skipped (eval_every=5)
2026-07-29 14:32:50 >>> iter 7 | loss_p=1.555 loss_v=0.030 | vs_best=n/a (not evaluated) | vs_rand=n/a | draw=20% | buf=59390 | sp=473s train=6s eval_best=0s eval_rand=0s | total=479s
2026-07-29 14:32:50 [iter 8/70] self-play starting (70 games, 600 sims)...
2026-07-29 14:32:52 [PARALLEL-MP] 64 workers spawned (70 games, sims=600), GPU batcher starting...
2026-07-29 14:33:04   [GPU] 50,048 evals (363 batches, avg 138/batch = 27% of 512, 4119 evals/s, 270 msg/s, 15.3 leaves/msg, 12s)
2026-07-29 14:33:12   [GPU] 100,016 evals (703 batches, avg 142/batch = 28% of 512, 5141 evals/s, 334 msg/s, 15.4 leaves/msg, 19s)
2026-07-29 14:33:19   [GPU] 150,049 evals (1057 batches, avg 142/batch = 28% of 512, 5591 evals/s, 363 msg/s, 15.4 leaves/msg, 27s)
2026-07-29 14:33:26   [GPU] 200,089 evals (1406 batches, avg 142/batch = 28% of 512, 5883 evals/s, 383 msg/s, 15.4 leaves/msg, 34s)
2026-07-29 14:33:33   [GPU] 250,080 evals (1738 batches, avg 144/batch = 28% of 512, 6053 evals/s, 393 msg/s, 15.4 leaves/msg, 41s)
2026-07-29 14:33:41   [GPU] 300,021 evals (2070 batches, avg 145/batch = 28% of 512, 6183 evals/s, 401 msg/s, 15.4 leaves/msg, 49s)
2026-07-29 14:33:48   [GPU] 350,081 evals (2403 batches, avg 146/batch = 28% of 512, 6316 evals/s, 410 msg/s, 15.4 leaves/msg, 55s)
2026-07-29 14:33:54   [GPU] 400,134 evals (2727 batches, avg 147/batch = 29% of 512, 6437 evals/s, 418 msg/s, 15.4 leaves/msg, 62s)
2026-07-29 14:34:01   [GPU] 450,152 evals (3057 batches, avg 147/batch = 29% of 512, 6548 evals/s, 425 msg/s, 15.4 leaves/msg, 69s)
2026-07-29 14:34:07   [GPU] 500,066 evals (3378 batches, avg 148/batch = 29% of 512, 6668 evals/s, 433 msg/s, 15.4 leaves/msg, 75s)
2026-07-29 14:34:13   [GPU] 550,035 evals (3696 batches, avg 149/batch = 29% of 512, 6780 evals/s, 440 msg/s, 15.4 leaves/msg, 81s)
2026-07-29 14:34:19   [GPU] 600,177 evals (4016 batches, avg 149/batch = 29% of 512, 6903 evals/s, 448 msg/s, 15.4 leaves/msg, 87s)
2026-07-29 14:34:25   [GPU] 650,161 evals (4354 batches, avg 149/batch = 29% of 512, 7023 evals/s, 456 msg/s, 15.4 leaves/msg, 93s)
2026-07-29 14:34:29   [GPU] 700,167 evals (4678 batches, avg 150/batch = 29% of 512, 7197 evals/s, 467 msg/s, 15.4 leaves/msg, 97s)
2026-07-29 14:34:34   [GPU] 750,071 evals (5001 batches, avg 150/batch = 29% of 512, 7355 evals/s, 478 msg/s, 15.4 leaves/msg, 102s)
2026-07-29 14:34:39   [GPU] 800,083 evals (5338 batches, avg 150/batch = 29% of 512, 7490 evals/s, 487 msg/s, 15.4 leaves/msg, 107s)
2026-07-29 14:34:44   [GPU] 850,106 evals (5669 batches, avg 150/batch = 29% of 512, 7614 evals/s, 496 msg/s, 15.3 leaves/msg, 112s)
2026-07-29 14:34:49   [GPU] 900,108 evals (5993 batches, avg 150/batch = 29% of 512, 7733 evals/s, 505 msg/s, 15.3 leaves/msg, 116s)
2026-07-29 14:34:53   [GPU] 950,216 evals (6320 batches, avg 150/batch = 29% of 512, 7843 evals/s, 513 msg/s, 15.3 leaves/msg, 121s)
2026-07-29 14:34:58   [GPU] 1,000,190 evals (6648 batches, avg 150/batch = 29% of 512, 7958 evals/s, 522 msg/s, 15.3 leaves/msg, 126s)
2026-07-29 14:35:03   [GPU] 1,050,104 evals (6979 batches, avg 150/batch = 29% of 512, 8057 evals/s, 529 msg/s, 15.2 leaves/msg, 130s)
2026-07-29 14:35:07   [GPU] 1,100,158 evals (7308 batches, avg 151/batch = 29% of 512, 8150 evals/s, 536 msg/s, 15.2 leaves/msg, 135s)
2026-07-29 14:35:12   [GPU] 1,150,026 evals (7637 batches, avg 151/batch = 29% of 512, 8236 evals/s, 542 msg/s, 15.2 leaves/msg, 140s)
2026-07-29 14:35:16   [GPU] 1,200,065 evals (7964 batches, avg 151/batch = 29% of 512, 8319 evals/s, 549 msg/s, 15.2 leaves/msg, 144s)
2026-07-29 14:35:21   [GPU] 1,250,010 evals (8293 batches, avg 151/batch = 29% of 512, 8397 evals/s, 555 msg/s, 15.1 leaves/msg, 149s)
2026-07-29 14:35:26   [GPU] 1,300,091 evals (8620 batches, avg 151/batch = 29% of 512, 8470 evals/s, 560 msg/s, 15.1 leaves/msg, 153s)
2026-07-29 14:35:30   [GPU] 1,350,075 evals (8944 batches, avg 151/batch = 29% of 512, 8545 evals/s, 566 msg/s, 15.1 leaves/msg, 158s)
2026-07-29 14:35:35   [GPU] 1,400,069 evals (9280 batches, avg 151/batch = 29% of 512, 8612 evals/s, 571 msg/s, 15.1 leaves/msg, 163s)
2026-07-29 14:35:39   [GPU] 1,450,054 evals (9607 batches, avg 151/batch = 29% of 512, 8674 evals/s, 576 msg/s, 15.1 leaves/msg, 167s)
2026-07-29 14:35:44   [GPU] 1,500,022 evals (9943 batches, avg 151/batch = 29% of 512, 8728 evals/s, 580 msg/s, 15.0 leaves/msg, 172s)
2026-07-29 14:35:49   [GPU] 1,550,080 evals (10277 batches, avg 151/batch = 29% of 512, 8781 evals/s, 584 msg/s, 15.0 leaves/msg, 177s)
2026-07-29 14:35:53   [GPU] 1,600,153 evals (10604 batches, avg 151/batch = 29% of 512, 8826 evals/s, 588 msg/s, 15.0 leaves/msg, 181s)
2026-07-29 14:35:58   [GPU] 1,650,028 evals (10953 batches, avg 151/batch = 29% of 512, 8868 evals/s, 591 msg/s, 15.0 leaves/msg, 186s)
2026-07-29 14:36:03   [GPU] 1,700,090 evals (11298 batches, avg 150/batch = 29% of 512, 8900 evals/s, 594 msg/s, 15.0 leaves/msg, 191s)
2026-07-29 14:36:08   [GPU] 1,750,182 evals (11618 batches, avg 151/batch = 29% of 512, 8944 evals/s, 598 msg/s, 15.0 leaves/msg, 196s)
2026-07-29 14:36:13   [GPU] 1,800,053 evals (11954 batches, avg 151/batch = 29% of 512, 8983 evals/s, 601 msg/s, 14.9 leaves/msg, 200s)
2026-07-29 14:36:17   [GPU] 1,850,196 evals (12291 batches, avg 151/batch = 29% of 512, 9023 evals/s, 604 msg/s, 14.9 leaves/msg, 205s)
2026-07-29 14:36:22   [GPU] 1,900,238 evals (12629 batches, avg 150/batch = 29% of 512, 9061 evals/s, 608 msg/s, 14.9 leaves/msg, 210s)
2026-07-29 14:36:27   [GPU] 1,950,082 evals (12967 batches, avg 150/batch = 29% of 512, 9097 evals/s, 611 msg/s, 14.9 leaves/msg, 214s)
2026-07-29 14:36:31   [GPU] 2,000,015 evals (13302 batches, avg 150/batch = 29% of 512, 9129 evals/s, 614 msg/s, 14.9 leaves/msg, 219s)
2026-07-29 14:36:36   [GPU] 2,050,118 evals (13631 batches, avg 150/batch = 29% of 512, 9166 evals/s, 617 msg/s, 14.8 leaves/msg, 224s)
2026-07-29 14:36:41   [GPU] 2,100,105 evals (13959 batches, avg 150/batch = 29% of 512, 9196 evals/s, 621 msg/s, 14.8 leaves/msg, 228s)
2026-07-29 14:36:45   [GPU] 2,150,097 evals (14298 batches, avg 150/batch = 29% of 512, 9222 evals/s, 625 msg/s, 14.8 leaves/msg, 233s)
2026-07-29 14:36:48 [iter 8/70] self-play: 5/70 games...
2026-07-29 14:36:50   [GPU] 2,200,007 evals (14649 batches, avg 150/batch = 29% of 512, 9243 evals/s, 628 msg/s, 14.7 leaves/msg, 238s)
2026-07-29 14:36:55   [GPU] 2,250,118 evals (15000 batches, avg 150/batch = 29% of 512, 9260 evals/s, 630 msg/s, 14.7 leaves/msg, 243s)
2026-07-29 14:37:00 [iter 8/70] self-play: 10/70 games...
2026-07-29 14:37:00   [GPU] 2,300,041 evals (15342 batches, avg 150/batch = 29% of 512, 9283 evals/s, 633 msg/s, 14.7 leaves/msg, 248s)
2026-07-29 14:37:05   [GPU] 2,350,069 evals (15682 batches, avg 150/batch = 29% of 512, 9306 evals/s, 636 msg/s, 14.6 leaves/msg, 253s)
2026-07-29 14:37:09   [GPU] 2,400,136 evals (16031 batches, avg 150/batch = 29% of 512, 9329 evals/s, 638 msg/s, 14.6 leaves/msg, 257s)
2026-07-29 14:37:14   [GPU] 2,450,087 evals (16378 batches, avg 150/batch = 29% of 512, 9345 evals/s, 641 msg/s, 14.6 leaves/msg, 262s)
2026-07-29 14:37:19   [GPU] 2,500,029 evals (16718 batches, avg 150/batch = 29% of 512, 9363 evals/s, 643 msg/s, 14.6 leaves/msg, 267s)
2026-07-29 14:37:24 [iter 8/70] self-play: 15/70 games...
2026-07-29 14:37:24   [GPU] 2,550,008 evals (17065 batches, avg 149/batch = 29% of 512, 9379 evals/s, 646 msg/s, 14.5 leaves/msg, 272s)
2026-07-29 14:37:28 [iter 8/70] self-play: 20/70 games...
2026-07-29 14:37:29   [GPU] 2,600,106 evals (17411 batches, avg 149/batch = 29% of 512, 9392 evals/s, 648 msg/s, 14.5 leaves/msg, 277s)
2026-07-29 14:37:34   [GPU] 2,650,102 evals (17738 batches, avg 149/batch = 29% of 512, 9412 evals/s, 650 msg/s, 14.5 leaves/msg, 282s)
2026-07-29 14:37:38   [GPU] 2,700,061 evals (18071 batches, avg 149/batch = 29% of 512, 9432 evals/s, 652 msg/s, 14.5 leaves/msg, 286s)
2026-07-29 14:37:43   [GPU] 2,750,000 evals (18409 batches, avg 149/batch = 29% of 512, 9449 evals/s, 654 msg/s, 14.5 leaves/msg, 291s)
2026-07-29 14:37:48   [GPU] 2,800,053 evals (18749 batches, avg 149/batch = 29% of 512, 9465 evals/s, 656 msg/s, 14.4 leaves/msg, 296s)
2026-07-29 14:37:51 [iter 8/70] self-play: 25/70 games...
2026-07-29 14:37:53   [GPU] 2,850,008 evals (19096 batches, avg 149/batch = 29% of 512, 9476 evals/s, 658 msg/s, 14.4 leaves/msg, 301s)
2026-07-29 14:37:58   [GPU] 2,900,025 evals (19450 batches, avg 149/batch = 29% of 512, 9486 evals/s, 660 msg/s, 14.4 leaves/msg, 306s)
2026-07-29 14:38:00 [iter 8/70] self-play: 30/70 games...
2026-07-29 14:38:03   [GPU] 2,950,003 evals (19789 batches, avg 149/batch = 29% of 512, 9496 evals/s, 661 msg/s, 14.4 leaves/msg, 311s)
2026-07-29 14:38:08   [GPU] 3,000,009 evals (20126 batches, avg 149/batch = 29% of 512, 9509 evals/s, 662 msg/s, 14.4 leaves/msg, 316s)
2026-07-29 14:38:13   [GPU] 3,050,130 evals (20469 batches, avg 149/batch = 29% of 512, 9520 evals/s, 663 msg/s, 14.4 leaves/msg, 320s)
2026-07-29 14:38:18   [GPU] 3,100,049 evals (20820 batches, avg 149/batch = 29% of 512, 9528 evals/s, 664 msg/s, 14.3 leaves/msg, 325s)
2026-07-29 14:38:23   [GPU] 3,150,004 evals (21169 batches, avg 149/batch = 29% of 512, 9533 evals/s, 665 msg/s, 14.3 leaves/msg, 330s)
2026-07-29 14:38:28   [GPU] 3,200,145 evals (21520 batches, avg 149/batch = 29% of 512, 9543 evals/s, 666 msg/s, 14.3 leaves/msg, 335s)
2026-07-29 14:38:30 [iter 8/70] self-play: 35/70 games...
2026-07-29 14:38:32   [GPU] 3,250,000 evals (21863 batches, avg 149/batch = 29% of 512, 9552 evals/s, 667 msg/s, 14.3 leaves/msg, 340s)
2026-07-29 14:38:37   [GPU] 3,300,047 evals (22211 batches, avg 149/batch = 29% of 512, 9562 evals/s, 668 msg/s, 14.3 leaves/msg, 345s)
2026-07-29 14:38:42   [GPU] 3,350,062 evals (22550 batches, avg 149/batch = 29% of 512, 9575 evals/s, 669 msg/s, 14.3 leaves/msg, 350s)
2026-07-29 14:38:47   [GPU] 3,400,084 evals (22886 batches, avg 149/batch = 29% of 512, 9589 evals/s, 670 msg/s, 14.3 leaves/msg, 355s)
2026-07-29 14:38:52   [GPU] 3,450,038 evals (23236 batches, avg 148/batch = 29% of 512, 9601 evals/s, 671 msg/s, 14.3 leaves/msg, 359s)
2026-07-29 14:38:56   [GPU] 3,500,025 evals (23573 batches, avg 148/batch = 29% of 512, 9614 evals/s, 672 msg/s, 14.3 leaves/msg, 364s)
2026-07-29 14:39:01   [GPU] 3,550,047 evals (23898 batches, avg 149/batch = 29% of 512, 9631 evals/s, 673 msg/s, 14.3 leaves/msg, 369s)
2026-07-29 14:39:05   [GPU] 3,600,011 evals (24229 batches, avg 149/batch = 29% of 512, 9645 evals/s, 674 msg/s, 14.3 leaves/msg, 373s)
2026-07-29 14:39:10   [GPU] 3,650,087 evals (24557 batches, avg 149/batch = 29% of 512, 9659 evals/s, 676 msg/s, 14.3 leaves/msg, 378s)
2026-07-29 14:39:15   [GPU] 3,700,154 evals (24895 batches, avg 149/batch = 29% of 512, 9670 evals/s, 677 msg/s, 14.3 leaves/msg, 383s)
2026-07-29 14:39:19   [GPU] 3,750,001 evals (25228 batches, avg 149/batch = 29% of 512, 9682 evals/s, 678 msg/s, 14.3 leaves/msg, 387s)
2026-07-29 14:39:24   [GPU] 3,800,213 evals (25570 batches, avg 149/batch = 29% of 512, 9692 evals/s, 679 msg/s, 14.3 leaves/msg, 392s)
2026-07-29 14:39:29 [iter 8/70] self-play: 40/70 games...
2026-07-29 14:39:29   [GPU] 3,850,053 evals (25915 batches, avg 149/batch = 29% of 512, 9701 evals/s, 680 msg/s, 14.3 leaves/msg, 397s)
2026-07-29 14:39:34   [GPU] 3,900,077 evals (26259 batches, avg 149/batch = 29% of 512, 9710 evals/s, 681 msg/s, 14.3 leaves/msg, 402s)
2026-07-29 14:39:39   [GPU] 3,950,035 evals (26595 batches, avg 149/batch = 29% of 512, 9721 evals/s, 683 msg/s, 14.2 leaves/msg, 406s)
2026-07-29 14:39:41 [iter 8/70] self-play: 45/70 games...
2026-07-29 14:39:43   [GPU] 4,000,036 evals (26938 batches, avg 148/batch = 29% of 512, 9728 evals/s, 684 msg/s, 14.2 leaves/msg, 411s)
2026-07-29 14:39:48   [GPU] 4,050,030 evals (27271 batches, avg 149/batch = 29% of 512, 9738 evals/s, 685 msg/s, 14.2 leaves/msg, 416s)
2026-07-29 14:39:53   [GPU] 4,100,157 evals (27606 batches, avg 149/batch = 29% of 512, 9747 evals/s, 686 msg/s, 14.2 leaves/msg, 421s)
2026-07-29 14:39:58   [GPU] 4,150,107 evals (27946 batches, avg 149/batch = 29% of 512, 9756 evals/s, 687 msg/s, 14.2 leaves/msg, 425s)
2026-07-29 14:40:02   [GPU] 4,200,067 evals (28286 batches, avg 148/batch = 29% of 512, 9762 evals/s, 688 msg/s, 14.2 leaves/msg, 430s)
2026-07-29 14:40:05 [iter 8/70] self-play: 50/70 games...
2026-07-29 14:40:07   [GPU] 4,250,059 evals (28644 batches, avg 148/batch = 29% of 512, 9764 evals/s, 688 msg/s, 14.2 leaves/msg, 435s)
2026-07-29 14:40:12   [GPU] 4,300,102 evals (29009 batches, avg 148/batch = 29% of 512, 9767 evals/s, 689 msg/s, 14.2 leaves/msg, 440s)
2026-07-29 14:40:17   [GPU] 4,350,168 evals (29367 batches, avg 148/batch = 29% of 512, 9770 evals/s, 689 msg/s, 14.2 leaves/msg, 445s)
2026-07-29 14:40:22   [GPU] 4,400,051 evals (29729 batches, avg 148/batch = 29% of 512, 9774 evals/s, 689 msg/s, 14.2 leaves/msg, 450s)
2026-07-29 14:40:27   [GPU] 4,450,103 evals (30088 batches, avg 148/batch = 29% of 512, 9779 evals/s, 690 msg/s, 14.2 leaves/msg, 455s)
2026-07-29 14:40:32   [GPU] 4,500,040 evals (30442 batches, avg 148/batch = 29% of 512, 9783 evals/s, 690 msg/s, 14.2 leaves/msg, 460s)
2026-07-29 14:40:37   [GPU] 4,550,028 evals (30803 batches, avg 148/batch = 29% of 512, 9786 evals/s, 690 msg/s, 14.2 leaves/msg, 465s)
2026-07-29 14:40:43 [iter 8/70] self-play: 55/70 games...
2026-07-29 14:40:43   [GPU] 4,600,044 evals (31246 batches, avg 147/batch = 29% of 512, 9765 evals/s, 691 msg/s, 14.1 leaves/msg, 471s)
2026-07-29 14:40:46 [iter 8/70] self-play: 60/70 games...
2026-07-29 14:40:48 [iter 8/70] self-play: 65/70 games...
2026-07-29 14:41:14 [iter 8/70] self-play: 70/70 games...
2026-07-29 14:41:15 [iter 8/70] self-play done: 70 games (505s) | wins: P0=19, P2=18, P3=16, draw=17 | draw_rate=24% avg_len~69
2026-07-29 14:41:15 [iter 8/70] WARNING: draw_rate 24% > 20% — games timing out at max_game_moves=320 (weak value signal).
2026-07-29 14:41:15 [iter 8/70] training (600 steps, lr=9.78e-04)...
2026-07-29 14:41:23 [iter 8/70] training done: loss_p=1.567 loss_v=0.031 (8s)
2026-07-29 14:41:23 [iter 8/70] eval skipped (eval_every=5)
2026-07-29 14:41:23 >>> iter 8 | loss_p=1.567 loss_v=0.031 | vs_best=n/a (not evaluated) | vs_rand=n/a | draw=24% | buf=69024 | sp=505s train=8s eval_best=0s eval_rand=0s | total=513s
2026-07-29 14:41:23 [iter 9/70] self-play starting (70 games, 600 sims)...
2026-07-29 14:41:25 [PARALLEL-MP] 64 workers spawned (70 games, sims=600), GPU batcher starting...
2026-07-29 14:41:38   [GPU] 50,032 evals (364 batches, avg 137/batch = 27% of 512, 3843 evals/s, 252 msg/s, 15.3 leaves/msg, 13s)
2026-07-29 14:41:46   [GPU] 100,112 evals (696 batches, avg 144/batch = 28% of 512, 4882 evals/s, 317 msg/s, 15.4 leaves/msg, 21s)
2026-07-29 14:41:54   [GPU] 150,084 evals (1045 batches, avg 144/batch = 28% of 512, 5333 evals/s, 346 msg/s, 15.4 leaves/msg, 28s)
2026-07-29 14:42:01   [GPU] 200,108 evals (1377 batches, avg 145/batch = 28% of 512, 5636 evals/s, 367 msg/s, 15.4 leaves/msg, 36s)
2026-07-29 14:42:08   [GPU] 250,088 evals (1716 batches, avg 146/batch = 28% of 512, 5816 evals/s, 378 msg/s, 15.4 leaves/msg, 43s)
2026-07-29 14:42:16   [GPU] 300,097 evals (2053 batches, avg 146/batch = 29% of 512, 5963 evals/s, 387 msg/s, 15.4 leaves/msg, 50s)
2026-07-29 14:42:23   [GPU] 350,039 evals (2380 batches, avg 147/batch = 29% of 512, 6083 evals/s, 395 msg/s, 15.4 leaves/msg, 58s)
2026-07-29 14:42:30   [GPU] 400,075 evals (2702 batches, avg 148/batch = 29% of 512, 6212 evals/s, 403 msg/s, 15.4 leaves/msg, 64s)
2026-07-29 14:42:37   [GPU] 450,037 evals (3025 batches, avg 149/batch = 29% of 512, 6320 evals/s, 410 msg/s, 15.4 leaves/msg, 71s)
2026-07-29 14:42:43   [GPU] 500,065 evals (3339 batches, avg 150/batch = 29% of 512, 6418 evals/s, 417 msg/s, 15.4 leaves/msg, 78s)
2026-07-29 14:42:50   [GPU] 550,182 evals (3663 batches, avg 150/batch = 29% of 512, 6531 evals/s, 424 msg/s, 15.4 leaves/msg, 84s)
2026-07-29 14:42:56   [GPU] 600,006 evals (3972 batches, avg 151/batch = 30% of 512, 6633 evals/s, 431 msg/s, 15.4 leaves/msg, 90s)
2026-07-29 14:43:02   [GPU] 650,171 evals (4285 batches, avg 152/batch = 30% of 512, 6754 evals/s, 438 msg/s, 15.4 leaves/msg, 96s)
2026-07-29 14:43:06   [GPU] 700,095 evals (4605 batches, avg 152/batch = 30% of 512, 6926 evals/s, 450 msg/s, 15.4 leaves/msg, 101s)
2026-07-29 14:43:11   [GPU] 750,180 evals (4939 batches, avg 152/batch = 30% of 512, 7080 evals/s, 460 msg/s, 15.4 leaves/msg, 106s)
2026-07-29 14:43:16   [GPU] 800,080 evals (5276 batches, avg 152/batch = 30% of 512, 7213 evals/s, 469 msg/s, 15.4 leaves/msg, 111s)
2026-07-29 14:43:21   [GPU] 850,135 evals (5611 batches, avg 152/batch = 30% of 512, 7341 evals/s, 479 msg/s, 15.3 leaves/msg, 116s)
2026-07-29 14:43:26   [GPU] 900,039 evals (5945 batches, avg 151/batch = 30% of 512, 7464 evals/s, 487 msg/s, 15.3 leaves/msg, 121s)
2026-07-29 14:43:31   [GPU] 950,039 evals (6282 batches, avg 151/batch = 30% of 512, 7576 evals/s, 495 msg/s, 15.3 leaves/msg, 125s)
2026-07-29 14:43:36   [GPU] 1,000,086 evals (6617 batches, avg 151/batch = 30% of 512, 7680 evals/s, 503 msg/s, 15.3 leaves/msg, 130s)
2026-07-29 14:43:40   [GPU] 1,050,020 evals (6952 batches, avg 151/batch = 29% of 512, 7774 evals/s, 511 msg/s, 15.2 leaves/msg, 135s)
2026-07-29 14:43:45   [GPU] 1,100,101 evals (7287 batches, avg 151/batch = 29% of 512, 7864 evals/s, 517 msg/s, 15.2 leaves/msg, 140s)
2026-07-29 14:43:50   [GPU] 1,150,115 evals (7623 batches, avg 151/batch = 29% of 512, 7954 evals/s, 524 msg/s, 15.2 leaves/msg, 145s)
2026-07-29 14:43:55   [GPU] 1,200,020 evals (7967 batches, avg 151/batch = 29% of 512, 8030 evals/s, 530 msg/s, 15.2 leaves/msg, 149s)
2026-07-29 14:44:00   [GPU] 1,250,143 evals (8304 batches, avg 151/batch = 29% of 512, 8106 evals/s, 536 msg/s, 15.1 leaves/msg, 154s)
2026-07-29 14:44:04   [GPU] 1,300,097 evals (8641 batches, avg 150/batch = 29% of 512, 8176 evals/s, 541 msg/s, 15.1 leaves/msg, 159s)
2026-07-29 14:44:09   [GPU] 1,350,016 evals (8985 batches, avg 150/batch = 29% of 512, 8241 evals/s, 546 msg/s, 15.1 leaves/msg, 164s)
2026-07-29 14:44:14   [GPU] 1,400,047 evals (9316 batches, avg 150/batch = 29% of 512, 8303 evals/s, 551 msg/s, 15.1 leaves/msg, 169s)
2026-07-29 14:44:19   [GPU] 1,450,021 evals (9652 batches, avg 150/batch = 29% of 512, 8368 evals/s, 556 msg/s, 15.1 leaves/msg, 173s)
2026-07-29 14:44:23   [GPU] 1,500,008 evals (9989 batches, avg 150/batch = 29% of 512, 8423 evals/s, 560 msg/s, 15.0 leaves/msg, 178s)
2026-07-29 14:44:28   [GPU] 1,550,022 evals (10322 batches, avg 150/batch = 29% of 512, 8482 evals/s, 564 msg/s, 15.0 leaves/msg, 183s)
2026-07-29 14:44:33   [GPU] 1,600,127 evals (10645 batches, avg 150/batch = 29% of 512, 8535 evals/s, 568 msg/s, 15.0 leaves/msg, 187s)
2026-07-29 14:44:38   [GPU] 1,650,092 evals (10989 batches, avg 150/batch = 29% of 512, 8583 evals/s, 572 msg/s, 15.0 leaves/msg, 192s)
2026-07-29 14:44:42   [GPU] 1,700,052 evals (11325 batches, avg 150/batch = 29% of 512, 8626 evals/s, 576 msg/s, 15.0 leaves/msg, 197s)
2026-07-29 14:44:47   [GPU] 1,750,067 evals (11665 batches, avg 150/batch = 29% of 512, 8671 evals/s, 580 msg/s, 15.0 leaves/msg, 202s)
2026-07-29 14:44:52   [GPU] 1,800,122 evals (12005 batches, avg 150/batch = 29% of 512, 8709 evals/s, 583 msg/s, 14.9 leaves/msg, 207s)
2026-07-29 14:44:57   [GPU] 1,850,086 evals (12344 batches, avg 150/batch = 29% of 512, 8749 evals/s, 586 msg/s, 14.9 leaves/msg, 211s)
2026-07-29 14:45:02   [GPU] 1,900,090 evals (12683 batches, avg 150/batch = 29% of 512, 8788 evals/s, 589 msg/s, 14.9 leaves/msg, 216s)
2026-07-29 14:45:06   [GPU] 1,950,172 evals (13019 batches, avg 150/batch = 29% of 512, 8829 evals/s, 593 msg/s, 14.9 leaves/msg, 221s)
2026-07-29 14:45:11   [GPU] 2,000,117 evals (13362 batches, avg 150/batch = 29% of 512, 8857 evals/s, 595 msg/s, 14.9 leaves/msg, 226s)
2026-07-29 14:45:16   [GPU] 2,050,055 evals (13696 batches, avg 150/batch = 29% of 512, 8894 evals/s, 599 msg/s, 14.9 leaves/msg, 230s)
2026-07-29 14:45:21   [GPU] 2,100,013 evals (14034 batches, avg 150/batch = 29% of 512, 8928 evals/s, 602 msg/s, 14.8 leaves/msg, 235s)
2026-07-29 14:45:25   [GPU] 2,150,071 evals (14389 batches, avg 149/batch = 29% of 512, 8958 evals/s, 605 msg/s, 14.8 leaves/msg, 240s)
2026-07-29 14:45:30   [GPU] 2,200,047 evals (14738 batches, avg 149/batch = 29% of 512, 8982 evals/s, 609 msg/s, 14.8 leaves/msg, 245s)
2026-07-29 14:45:35 [iter 9/70] self-play: 5/70 games...
2026-07-29 14:45:35   [GPU] 2,250,104 evals (15098 batches, avg 149/batch = 29% of 512, 9001 evals/s, 611 msg/s, 14.7 leaves/msg, 250s)
2026-07-29 14:45:40   [GPU] 2,300,141 evals (15455 batches, avg 149/batch = 29% of 512, 9021 evals/s, 614 msg/s, 14.7 leaves/msg, 255s)
2026-07-29 14:45:45   [GPU] 2,350,060 evals (15798 batches, avg 149/batch = 29% of 512, 9040 evals/s, 617 msg/s, 14.7 leaves/msg, 260s)
2026-07-29 14:45:48 [iter 9/70] self-play: 10/70 games...
2026-07-29 14:45:50   [GPU] 2,400,041 evals (16145 batches, avg 149/batch = 29% of 512, 9060 evals/s, 620 msg/s, 14.6 leaves/msg, 265s)
2026-07-29 14:45:55   [GPU] 2,450,125 evals (16484 batches, avg 149/batch = 29% of 512, 9081 evals/s, 622 msg/s, 14.6 leaves/msg, 270s)
2026-07-29 14:46:00   [GPU] 2,500,175 evals (16829 batches, avg 149/batch = 29% of 512, 9100 evals/s, 625 msg/s, 14.6 leaves/msg, 275s)
2026-07-29 14:46:00 [iter 9/70] self-play: 15/70 games...
2026-07-29 14:46:05   [GPU] 2,550,023 evals (17153 batches, avg 149/batch = 29% of 512, 9125 evals/s, 628 msg/s, 14.5 leaves/msg, 279s)
2026-07-29 14:46:05 [iter 9/70] self-play: 20/70 games...
2026-07-29 14:46:10   [GPU] 2,600,007 evals (17489 batches, avg 149/batch = 29% of 512, 9150 evals/s, 630 msg/s, 14.5 leaves/msg, 284s)
2026-07-29 14:46:15   [GPU] 2,650,185 evals (17841 batches, avg 149/batch = 29% of 512, 9164 evals/s, 632 msg/s, 14.5 leaves/msg, 289s)
2026-07-29 14:46:17 [iter 9/70] self-play: 25/70 games...
2026-07-29 14:46:19   [GPU] 2,700,052 evals (18177 batches, avg 149/batch = 29% of 512, 9188 evals/s, 635 msg/s, 14.5 leaves/msg, 294s)
2026-07-29 14:46:24   [GPU] 2,750,169 evals (18509 batches, avg 149/batch = 29% of 512, 9211 evals/s, 637 msg/s, 14.5 leaves/msg, 299s)
2026-07-29 14:46:29   [GPU] 2,800,172 evals (18830 batches, avg 149/batch = 29% of 512, 9236 evals/s, 639 msg/s, 14.5 leaves/msg, 303s)
2026-07-29 14:46:34   [GPU] 2,850,223 evals (19172 batches, avg 149/batch = 29% of 512, 9249 evals/s, 640 msg/s, 14.4 leaves/msg, 308s)
2026-07-29 14:46:38   [GPU] 2,900,135 evals (19504 batches, avg 149/batch = 29% of 512, 9265 evals/s, 642 msg/s, 14.4 leaves/msg, 313s)
2026-07-29 14:46:39 [iter 9/70] self-play: 30/70 games...
2026-07-29 14:46:43   [GPU] 2,950,138 evals (19841 batches, avg 149/batch = 29% of 512, 9281 evals/s, 644 msg/s, 14.4 leaves/msg, 318s)
2026-07-29 14:46:48   [GPU] 3,000,173 evals (20179 batches, avg 149/batch = 29% of 512, 9287 evals/s, 645 msg/s, 14.4 leaves/msg, 323s)
2026-07-29 14:46:53   [GPU] 3,050,033 evals (20515 batches, avg 149/batch = 29% of 512, 9301 evals/s, 646 msg/s, 14.4 leaves/msg, 328s)
2026-07-29 14:46:57 [iter 9/70] self-play: 35/70 games...
2026-07-29 14:46:58   [GPU] 3,100,019 evals (20853 batches, avg 149/batch = 29% of 512, 9316 evals/s, 648 msg/s, 14.4 leaves/msg, 333s)
2026-07-29 14:47:03   [GPU] 3,150,042 evals (21189 batches, avg 149/batch = 29% of 512, 9333 evals/s, 649 msg/s, 14.4 leaves/msg, 338s)
2026-07-29 14:47:08   [GPU] 3,200,063 evals (21525 batches, avg 149/batch = 29% of 512, 9349 evals/s, 651 msg/s, 14.4 leaves/msg, 342s)
2026-07-29 14:47:12   [GPU] 3,250,091 evals (21857 batches, avg 149/batch = 29% of 512, 9364 evals/s, 652 msg/s, 14.4 leaves/msg, 347s)
2026-07-29 14:47:17   [GPU] 3,300,083 evals (22180 batches, avg 149/batch = 29% of 512, 9382 evals/s, 653 msg/s, 14.4 leaves/msg, 352s)
2026-07-29 14:47:22   [GPU] 3,350,028 evals (22514 batches, avg 149/batch = 29% of 512, 9396 evals/s, 654 msg/s, 14.4 leaves/msg, 357s)
2026-07-29 14:47:27   [GPU] 3,400,113 evals (22845 batches, avg 149/batch = 29% of 512, 9412 evals/s, 655 msg/s, 14.4 leaves/msg, 361s)
2026-07-29 14:47:32   [GPU] 3,450,093 evals (23193 batches, avg 149/batch = 29% of 512, 9423 evals/s, 657 msg/s, 14.4 leaves/msg, 366s)
2026-07-29 14:47:33 [iter 9/70] self-play: 40/70 games...
2026-07-29 14:47:36   [GPU] 3,500,071 evals (23526 batches, avg 149/batch = 29% of 512, 9438 evals/s, 658 msg/s, 14.3 leaves/msg, 371s)
2026-07-29 14:47:41   [GPU] 3,550,026 evals (23863 batches, avg 149/batch = 29% of 512, 9453 evals/s, 659 msg/s, 14.3 leaves/msg, 376s)
2026-07-29 14:47:46   [GPU] 3,600,043 evals (24216 batches, avg 149/batch = 29% of 512, 9460 evals/s, 660 msg/s, 14.3 leaves/msg, 381s)
2026-07-29 14:47:50 [iter 9/70] self-play: 45/70 games...
2026-07-29 14:47:51   [GPU] 3,650,160 evals (24576 batches, avg 149/batch = 29% of 512, 9468 evals/s, 662 msg/s, 14.3 leaves/msg, 386s)
2026-07-29 14:47:56   [GPU] 3,700,037 evals (24923 batches, avg 148/batch = 29% of 512, 9479 evals/s, 663 msg/s, 14.3 leaves/msg, 390s)
2026-07-29 14:48:00   [GPU] 3,750,111 evals (25263 batches, avg 148/batch = 29% of 512, 9492 evals/s, 664 msg/s, 14.3 leaves/msg, 395s)
2026-07-29 14:48:05   [GPU] 3,800,023 evals (25597 batches, avg 148/batch = 29% of 512, 9504 evals/s, 665 msg/s, 14.3 leaves/msg, 400s)
2026-07-29 14:48:10   [GPU] 3,850,049 evals (25941 batches, avg 148/batch = 29% of 512, 9516 evals/s, 666 msg/s, 14.3 leaves/msg, 405s)
2026-07-29 14:48:15   [GPU] 3,900,058 evals (26285 batches, avg 148/batch = 29% of 512, 9526 evals/s, 667 msg/s, 14.3 leaves/msg, 409s)
2026-07-29 14:48:20   [GPU] 3,950,018 evals (26627 batches, avg 148/batch = 29% of 512, 9536 evals/s, 668 msg/s, 14.3 leaves/msg, 414s)
2026-07-29 14:48:24   [GPU] 4,000,115 evals (26964 batches, avg 148/batch = 29% of 512, 9545 evals/s, 669 msg/s, 14.3 leaves/msg, 419s)
2026-07-29 14:48:27 [iter 9/70] self-play: 50/70 games...
2026-07-29 14:48:29   [GPU] 4,050,025 evals (27305 batches, avg 148/batch = 29% of 512, 9556 evals/s, 669 msg/s, 14.3 leaves/msg, 424s)
2026-07-29 14:48:34   [GPU] 4,100,008 evals (27654 batches, avg 148/batch = 29% of 512, 9567 evals/s, 670 msg/s, 14.3 leaves/msg, 429s)
2026-07-29 14:48:39   [GPU] 4,150,054 evals (28011 batches, avg 148/batch = 29% of 512, 9576 evals/s, 671 msg/s, 14.3 leaves/msg, 433s)
2026-07-29 14:48:44   [GPU] 4,200,113 evals (28373 batches, avg 148/batch = 29% of 512, 9581 evals/s, 672 msg/s, 14.3 leaves/msg, 438s)
2026-07-29 14:48:49   [GPU] 4,250,000 evals (28734 batches, avg 148/batch = 29% of 512, 9587 evals/s, 672 msg/s, 14.3 leaves/msg, 443s)
2026-07-29 14:48:54   [GPU] 4,300,048 evals (29104 batches, avg 148/batch = 29% of 512, 9590 evals/s, 673 msg/s, 14.3 leaves/msg, 448s)
2026-07-29 14:48:59   [GPU] 4,350,043 evals (29486 batches, avg 148/batch = 29% of 512, 9591 evals/s, 673 msg/s, 14.3 leaves/msg, 454s)
2026-07-29 14:49:05   [GPU] 4,400,108 evals (29894 batches, avg 147/batch = 29% of 512, 9583 evals/s, 673 msg/s, 14.2 leaves/msg, 459s)
2026-07-29 14:49:05 [iter 9/70] self-play: 55/70 games...
2026-07-29 14:49:11   [GPU] 4,450,003 evals (30396 batches, avg 146/batch = 29% of 512, 9562 evals/s, 673 msg/s, 14.2 leaves/msg, 465s)
2026-07-29 14:49:12 [iter 9/70] self-play: 60/70 games...
2026-07-29 14:49:16 [iter 9/70] self-play: 65/70 games...
2026-07-29 14:49:28   [GPU] 4,500,038 evals (31815 batches, avg 141/batch = 28% of 512, 9329 evals/s, 659 msg/s, 14.2 leaves/msg, 482s)
2026-07-29 14:49:50   [GPU] 4,550,006 evals (33708 batches, avg 135/batch = 26% of 512, 9024 evals/s, 638 msg/s, 14.2 leaves/msg, 504s)
2026-07-29 14:50:06 [iter 9/70] self-play: 70/70 games...
2026-07-29 14:50:07 [iter 9/70] self-play done: 70 games (524s) | wins: P0=19, P2=13, P3=23, draw=15 | draw_rate=21% avg_len~72
2026-07-29 14:50:07 [iter 9/70] WARNING: draw_rate 21% > 20% — games timing out at max_game_moves=320 (weak value signal).
2026-07-29 14:50:07 [iter 9/70] training (600 steps, lr=9.71e-04)...
2026-07-29 14:50:15 [iter 9/70] training done: loss_p=1.576 loss_v=0.033 (8s)
2026-07-29 14:50:15 [iter 9/70] eval skipped (eval_every=5)
2026-07-29 14:50:15 >>> iter 9 | loss_p=1.576 loss_v=0.033 | vs_best=n/a (not evaluated) | vs_rand=n/a | draw=21% | buf=79172 | sp=524s train=8s eval_best=0s eval_rand=0s | total=532s
2026-07-29 14:50:15 [iter 10/70] self-play starting (70 games, 600 sims)...
2026-07-29 14:50:17 [PARALLEL-MP] 64 workers spawned (70 games, sims=600), GPU batcher starting...
2026-07-29 14:50:29   [GPU] 50,112 evals (363 batches, avg 138/batch = 27% of 512, 4104 evals/s, 269 msg/s, 15.3 leaves/msg, 12s)
2026-07-29 14:50:37   [GPU] 100,016 evals (693 batches, avg 144/batch = 28% of 512, 5071 evals/s, 329 msg/s, 15.4 leaves/msg, 20s)
2026-07-29 14:50:44   [GPU] 150,113 evals (1044 batches, avg 144/batch = 28% of 512, 5457 evals/s, 354 msg/s, 15.4 leaves/msg, 28s)
2026-07-29 14:50:52   [GPU] 200,155 evals (1390 batches, avg 144/batch = 28% of 512, 5716 evals/s, 372 msg/s, 15.4 leaves/msg, 35s)
2026-07-29 14:50:59   [GPU] 250,023 evals (1722 batches, avg 145/batch = 28% of 512, 5897 evals/s, 383 msg/s, 15.4 leaves/msg, 42s)
2026-07-29 14:51:07   [GPU] 300,049 evals (2052 batches, avg 146/batch = 29% of 512, 6036 evals/s, 392 msg/s, 15.4 leaves/msg, 50s)
2026-07-29 14:51:14   [GPU] 350,032 evals (2380 batches, avg 147/batch = 29% of 512, 6156 evals/s, 400 msg/s, 15.4 leaves/msg, 57s)
2026-07-29 14:51:21   [GPU] 400,092 evals (2704 batches, avg 148/batch = 29% of 512, 6271 evals/s, 407 msg/s, 15.4 leaves/msg, 64s)
2026-07-29 14:51:27   [GPU] 450,074 evals (3021 batches, avg 149/batch = 29% of 512, 6379 evals/s, 414 msg/s, 15.4 leaves/msg, 71s)
2026-07-29 14:51:34   [GPU] 500,019 evals (3343 batches, avg 150/batch = 29% of 512, 6473 evals/s, 420 msg/s, 15.4 leaves/msg, 77s)
2026-07-29 14:51:41   [GPU] 550,019 evals (3664 batches, avg 150/batch = 29% of 512, 6572 evals/s, 427 msg/s, 15.4 leaves/msg, 84s)
2026-07-29 14:51:47   [GPU] 600,116 evals (3978 batches, avg 151/batch = 29% of 512, 6680 evals/s, 434 msg/s, 15.4 leaves/msg, 90s)
2026-07-29 14:51:53   [GPU] 650,123 evals (4294 batches, avg 151/batch = 30% of 512, 6797 evals/s, 441 msg/s, 15.4 leaves/msg, 96s)
2026-07-29 14:51:57   [GPU] 700,001 evals (4612 batches, avg 152/batch = 30% of 512, 6973 evals/s, 453 msg/s, 15.4 leaves/msg, 100s)
2026-07-29 14:52:02   [GPU] 750,176 evals (4932 batches, avg 152/batch = 30% of 512, 7124 evals/s, 463 msg/s, 15.4 leaves/msg, 105s)
2026-07-29 14:52:07   [GPU] 800,055 evals (5269 batches, avg 152/batch = 30% of 512, 7254 evals/s, 472 msg/s, 15.4 leaves/msg, 110s)
2026-07-29 14:52:12   [GPU] 850,037 evals (5604 batches, avg 152/batch = 30% of 512, 7369 evals/s, 480 msg/s, 15.3 leaves/msg, 115s)
2026-07-29 14:52:17   [GPU] 900,087 evals (5938 batches, avg 152/batch = 30% of 512, 7483 evals/s, 489 msg/s, 15.3 leaves/msg, 120s)
2026-07-29 14:52:22   [GPU] 950,044 evals (6272 batches, avg 151/batch = 30% of 512, 7581 evals/s, 496 msg/s, 15.3 leaves/msg, 125s)
2026-07-29 14:52:27   [GPU] 1,000,160 evals (6616 batches, avg 151/batch = 30% of 512, 7674 evals/s, 503 msg/s, 15.2 leaves/msg, 130s)
2026-07-29 14:52:32   [GPU] 1,050,064 evals (6960 batches, avg 151/batch = 29% of 512, 7761 evals/s, 510 msg/s, 15.2 leaves/msg, 135s)
2026-07-29 14:52:37   [GPU] 1,100,093 evals (7304 batches, avg 151/batch = 29% of 512, 7846 evals/s, 517 msg/s, 15.2 leaves/msg, 140s)
2026-07-29 14:52:42   [GPU] 1,150,103 evals (7651 batches, avg 150/batch = 29% of 512, 7920 evals/s, 522 msg/s, 15.2 leaves/msg, 145s)
2026-07-29 14:52:47   [GPU] 1,200,051 evals (7996 batches, avg 150/batch = 29% of 512, 7995 evals/s, 528 msg/s, 15.1 leaves/msg, 150s)
2026-07-29 14:52:52   [GPU] 1,250,087 evals (8336 batches, avg 150/batch = 29% of 512, 8068 evals/s, 534 msg/s, 15.1 leaves/msg, 155s)
2026-07-29 14:52:57   [GPU] 1,300,139 evals (8676 batches, avg 150/batch = 29% of 512, 8136 evals/s, 539 msg/s, 15.1 leaves/msg, 160s)
2026-07-29 14:53:02   [GPU] 1,350,094 evals (9012 batches, avg 150/batch = 29% of 512, 8201 evals/s, 544 msg/s, 15.1 leaves/msg, 165s)
2026-07-29 14:53:06   [GPU] 1,400,025 evals (9347 batches, avg 150/batch = 29% of 512, 8266 evals/s, 549 msg/s, 15.1 leaves/msg, 169s)
2026-07-29 14:53:11   [GPU] 1,450,069 evals (9679 batches, avg 150/batch = 29% of 512, 8329 evals/s, 554 msg/s, 15.0 leaves/msg, 174s)
2026-07-29 14:53:16   [GPU] 1,500,087 evals (10019 batches, avg 150/batch = 29% of 512, 8387 evals/s, 559 msg/s, 15.0 leaves/msg, 179s)
2026-07-29 14:53:20   [GPU] 1,550,017 evals (10344 batches, avg 150/batch = 29% of 512, 8444 evals/s, 563 msg/s, 15.0 leaves/msg, 184s)
2026-07-29 14:53:25   [GPU] 1,600,028 evals (10686 batches, avg 150/batch = 29% of 512, 8492 evals/s, 567 msg/s, 15.0 leaves/msg, 188s)
2026-07-29 14:53:30   [GPU] 1,650,137 evals (11017 batches, avg 150/batch = 29% of 512, 8543 evals/s, 571 msg/s, 15.0 leaves/msg, 193s)
2026-07-29 14:53:35   [GPU] 1,700,073 evals (11353 batches, avg 150/batch = 29% of 512, 8590 evals/s, 575 msg/s, 14.9 leaves/msg, 198s)
2026-07-29 14:53:39   [GPU] 1,750,006 evals (11677 batches, avg 150/batch = 29% of 512, 8639 evals/s, 579 msg/s, 14.9 leaves/msg, 203s)
2026-07-29 14:53:44   [GPU] 1,800,014 evals (12000 batches, avg 150/batch = 29% of 512, 8686 evals/s, 583 msg/s, 14.9 leaves/msg, 207s)
2026-07-29 14:53:49   [GPU] 1,850,124 evals (12331 batches, avg 150/batch = 29% of 512, 8733 evals/s, 587 msg/s, 14.9 leaves/msg, 212s)
2026-07-29 14:53:53   [GPU] 1,900,061 evals (12663 batches, avg 150/batch = 29% of 512, 8774 evals/s, 590 msg/s, 14.9 leaves/msg, 217s)
2026-07-29 14:53:58   [GPU] 1,950,227 evals (12991 batches, avg 150/batch = 29% of 512, 8815 evals/s, 594 msg/s, 14.9 leaves/msg, 221s)
2026-07-29 14:54:03   [GPU] 2,000,015 evals (13330 batches, avg 150/batch = 29% of 512, 8852 evals/s, 597 msg/s, 14.8 leaves/msg, 226s)
2026-07-29 14:54:08   [GPU] 2,050,002 evals (13664 batches, avg 150/batch = 29% of 512, 8886 evals/s, 600 msg/s, 14.8 leaves/msg, 231s)
2026-07-29 14:54:13   [GPU] 2,100,117 evals (14006 batches, avg 150/batch = 29% of 512, 8913 evals/s, 603 msg/s, 14.8 leaves/msg, 236s)
2026-07-29 14:54:17   [GPU] 2,150,141 evals (14350 batches, avg 150/batch = 29% of 512, 8940 evals/s, 606 msg/s, 14.7 leaves/msg, 241s)
2026-07-29 14:54:22   [GPU] 2,200,173 evals (14707 batches, avg 150/batch = 29% of 512, 8960 evals/s, 609 msg/s, 14.7 leaves/msg, 246s)
2026-07-29 14:54:27 [iter 10/70] self-play: 5/70 games...
2026-07-29 14:54:27   [GPU] 2,250,177 evals (15064 batches, avg 149/batch = 29% of 512, 8979 evals/s, 612 msg/s, 14.7 leaves/msg, 251s)
2026-07-29 14:54:33   [GPU] 2,300,107 evals (15410 batches, avg 149/batch = 29% of 512, 8997 evals/s, 615 msg/s, 14.6 leaves/msg, 256s)
2026-07-29 14:54:36 [iter 10/70] self-play: 10/70 games...
2026-07-29 14:54:38   [GPU] 2,350,058 evals (15771 batches, avg 149/batch = 29% of 512, 9014 evals/s, 618 msg/s, 14.6 leaves/msg, 261s)
2026-07-29 14:54:43   [GPU] 2,400,198 evals (16129 batches, avg 149/batch = 29% of 512, 9029 evals/s, 622 msg/s, 14.5 leaves/msg, 266s)
2026-07-29 14:54:44 [iter 10/70] self-play: 15/70 games...
2026-07-29 14:54:48   [GPU] 2,450,039 evals (16463 batches, avg 149/batch = 29% of 512, 9051 evals/s, 624 msg/s, 14.5 leaves/msg, 271s)
2026-07-29 14:54:52 [iter 10/70] self-play: 20/70 games...
2026-07-29 14:54:52   [GPU] 2,500,069 evals (16805 batches, avg 149/batch = 29% of 512, 9072 evals/s, 626 msg/s, 14.5 leaves/msg, 276s)
2026-07-29 14:54:57   [GPU] 2,550,055 evals (17146 batches, avg 149/batch = 29% of 512, 9095 evals/s, 628 msg/s, 14.5 leaves/msg, 280s)
2026-07-29 14:55:02   [GPU] 2,600,105 evals (17497 batches, avg 149/batch = 29% of 512, 9113 evals/s, 630 msg/s, 14.5 leaves/msg, 285s)
2026-07-29 14:55:07   [GPU] 2,650,104 evals (17858 batches, avg 148/batch = 29% of 512, 9124 evals/s, 632 msg/s, 14.4 leaves/msg, 290s)
2026-07-29 14:55:12   [GPU] 2,700,110 evals (18219 batches, avg 148/batch = 29% of 512, 9135 evals/s, 634 msg/s, 14.4 leaves/msg, 296s)
2026-07-29 14:55:15 [iter 10/70] self-play: 25/70 games...
2026-07-29 14:55:17   [GPU] 2,750,065 evals (18585 batches, avg 148/batch = 29% of 512, 9150 evals/s, 636 msg/s, 14.4 leaves/msg, 301s)
2026-07-29 14:55:22   [GPU] 2,800,141 evals (18936 batches, avg 148/batch = 29% of 512, 9164 evals/s, 638 msg/s, 14.4 leaves/msg, 306s)
2026-07-29 14:55:27   [GPU] 2,850,065 evals (19292 batches, avg 148/batch = 29% of 512, 9177 evals/s, 640 msg/s, 14.3 leaves/msg, 311s)
2026-07-29 14:55:28 [iter 10/70] self-play: 30/70 games...
2026-07-29 14:55:32   [GPU] 2,900,104 evals (19643 batches, avg 148/batch = 29% of 512, 9189 evals/s, 642 msg/s, 14.3 leaves/msg, 316s)
2026-07-29 14:55:34 [iter 10/70] self-play: 35/70 games...
2026-07-29 14:55:37   [GPU] 2,950,026 evals (19988 batches, avg 148/batch = 29% of 512, 9203 evals/s, 644 msg/s, 14.3 leaves/msg, 321s)
2026-07-29 14:55:42   [GPU] 3,000,026 evals (20331 batches, avg 148/batch = 29% of 512, 9215 evals/s, 646 msg/s, 14.3 leaves/msg, 326s)
2026-07-29 14:55:46 [iter 10/70] self-play: 40/70 games...
2026-07-29 14:55:47   [GPU] 3,050,034 evals (20676 batches, avg 148/batch = 29% of 512, 9229 evals/s, 647 msg/s, 14.3 leaves/msg, 330s)
2026-07-29 14:55:52   [GPU] 3,100,101 evals (20999 batches, avg 148/batch = 29% of 512, 9249 evals/s, 649 msg/s, 14.3 leaves/msg, 335s)
2026-07-29 14:55:57   [GPU] 3,150,011 evals (21331 batches, avg 148/batch = 29% of 512, 9268 evals/s, 650 msg/s, 14.3 leaves/msg, 340s)
2026-07-29 14:56:02   [GPU] 3,200,162 evals (21671 batches, avg 148/batch = 29% of 512, 9284 evals/s, 651 msg/s, 14.3 leaves/msg, 345s)
2026-07-29 14:56:06   [GPU] 3,250,152 evals (22017 batches, avg 148/batch = 29% of 512, 9298 evals/s, 653 msg/s, 14.2 leaves/msg, 350s)
2026-07-29 14:56:11   [GPU] 3,300,031 evals (22349 batches, avg 148/batch = 29% of 512, 9312 evals/s, 654 msg/s, 14.2 leaves/msg, 354s)
2026-07-29 14:56:16   [GPU] 3,350,082 evals (22685 batches, avg 148/batch = 29% of 512, 9328 evals/s, 656 msg/s, 14.2 leaves/msg, 359s)
2026-07-29 14:56:21   [GPU] 3,400,024 evals (23010 batches, avg 148/batch = 29% of 512, 9343 evals/s, 657 msg/s, 14.2 leaves/msg, 364s)
2026-07-29 14:56:22 [iter 10/70] self-play: 45/70 games...
2026-07-29 14:56:26   [GPU] 3,450,056 evals (23344 batches, avg 148/batch = 29% of 512, 9357 evals/s, 658 msg/s, 14.2 leaves/msg, 369s)
2026-07-29 14:56:30   [GPU] 3,500,149 evals (23687 batches, avg 148/batch = 29% of 512, 9371 evals/s, 659 msg/s, 14.2 leaves/msg, 374s)
2026-07-29 14:56:35   [GPU] 3,550,066 evals (24028 batches, avg 148/batch = 29% of 512, 9386 evals/s, 660 msg/s, 14.2 leaves/msg, 378s)
2026-07-29 14:56:40   [GPU] 3,600,095 evals (24378 batches, avg 148/batch = 29% of 512, 9398 evals/s, 661 msg/s, 14.2 leaves/msg, 383s)
2026-07-29 14:56:45   [GPU] 3,650,096 evals (24713 batches, avg 148/batch = 29% of 512, 9407 evals/s, 662 msg/s, 14.2 leaves/msg, 388s)
2026-07-29 14:56:50   [GPU] 3,700,120 evals (25061 batches, avg 148/batch = 29% of 512, 9417 evals/s, 663 msg/s, 14.2 leaves/msg, 393s)
2026-07-29 14:56:55   [GPU] 3,750,165 evals (25412 batches, avg 148/batch = 29% of 512, 9426 evals/s, 664 msg/s, 14.2 leaves/msg, 398s)
2026-07-29 14:56:59   [GPU] 3,800,087 evals (25751 batches, avg 148/batch = 29% of 512, 9440 evals/s, 665 msg/s, 14.2 leaves/msg, 403s)
2026-07-29 14:57:04   [GPU] 3,850,129 evals (26092 batches, avg 148/batch = 29% of 512, 9451 evals/s, 666 msg/s, 14.2 leaves/msg, 407s)
2026-07-29 14:57:09   [GPU] 3,900,170 evals (26431 batches, avg 148/batch = 29% of 512, 9465 evals/s, 667 msg/s, 14.2 leaves/msg, 412s)
2026-07-29 14:57:14   [GPU] 3,950,095 evals (26773 batches, avg 148/batch = 29% of 512, 9474 evals/s, 667 msg/s, 14.2 leaves/msg, 417s)
2026-07-29 14:57:18 [iter 10/70] self-play: 50/70 games...
2026-07-29 14:57:19   [GPU] 4,000,100 evals (27120 batches, avg 147/batch = 29% of 512, 9484 evals/s, 668 msg/s, 14.2 leaves/msg, 422s)
2026-07-29 14:57:24   [GPU] 4,050,129 evals (27467 batches, avg 147/batch = 29% of 512, 9491 evals/s, 669 msg/s, 14.2 leaves/msg, 427s)
2026-07-29 14:57:29   [GPU] 4,100,093 evals (27845 batches, avg 147/batch = 29% of 512, 9492 evals/s, 670 msg/s, 14.2 leaves/msg, 432s)
2026-07-29 14:57:33 [iter 10/70] self-play: 55/70 games...
2026-07-29 14:57:35   [GPU] 4,150,040 evals (28282 batches, avg 147/batch = 29% of 512, 9483 evals/s, 670 msg/s, 14.1 leaves/msg, 438s)
2026-07-29 14:57:41   [GPU] 4,200,028 evals (28773 batches, avg 146/batch = 29% of 512, 9464 evals/s, 669 msg/s, 14.1 leaves/msg, 444s)
2026-07-29 14:57:47   [GPU] 4,250,029 evals (29278 batches, avg 145/batch = 28% of 512, 9444 evals/s, 668 msg/s, 14.1 leaves/msg, 450s)
2026-07-29 14:57:53 [iter 10/70] self-play: 60/70 games...
2026-07-29 14:57:55 [iter 10/70] self-play: 65/70 games...
2026-07-29 14:57:55   [GPU] 4,300,018 evals (29991 batches, avg 143/batch = 28% of 512, 9384 evals/s, 666 msg/s, 14.1 leaves/msg, 458s)
2026-07-29 14:58:18 [iter 10/70] self-play: 70/70 games...
2026-07-29 14:58:19 [iter 10/70] self-play done: 70 games (484s) | wins: P0=22, P1=1, P2=14, P3=22, draw=11 | draw_rate=16% avg_len~78
2026-07-29 14:58:19 [iter 10/70] training (600 steps, lr=9.64e-04)...
2026-07-29 14:58:26 [iter 10/70] training done: loss_p=1.587 loss_v=0.034 (8s)
2026-07-29 14:58:26 [iter 10/70] eval vs best (80 games, 200 sims)...
2026-07-29 14:58:28 [EVAL-MP] 64 workers spawned (80 vs_best games, sims=200), GPU batcher starting...
2026-07-29 14:58:41   [GPU] 50,017 evals (360 batches, avg 139/batch = 27% of 512, 3967 evals/s, 277 msg/s, 14.3 leaves/msg, 13s)
2026-07-29 14:58:48   [GPU] 100,030 evals (696 batches, avg 144/batch = 28% of 512, 5138 evals/s, 358 msg/s, 14.3 leaves/msg, 19s)
2026-07-29 14:58:55   [GPU] 150,088 evals (1036 batches, avg 145/batch = 28% of 512, 5726 evals/s, 399 msg/s, 14.3 leaves/msg, 26s)
2026-07-29 14:59:01   [GPU] 200,111 evals (1368 batches, avg 146/batch = 29% of 512, 6154 evals/s, 429 msg/s, 14.3 leaves/msg, 33s)
2026-07-29 14:59:07   [GPU] 250,024 evals (1701 batches, avg 147/batch = 29% of 512, 6504 evals/s, 453 msg/s, 14.3 leaves/msg, 38s)
2026-07-29 14:59:13   [GPU] 300,074 evals (2040 batches, avg 147/batch = 29% of 512, 6789 evals/s, 473 msg/s, 14.3 leaves/msg, 44s)
2026-07-29 14:59:18   [GPU] 350,064 evals (2365 batches, avg 148/batch = 29% of 512, 7002 evals/s, 488 msg/s, 14.3 leaves/msg, 50s)
2026-07-29 14:59:24   [GPU] 400,039 evals (2698 batches, avg 148/batch = 29% of 512, 7162 evals/s, 500 msg/s, 14.3 leaves/msg, 56s)
2026-07-29 14:59:25 [iter 10/70] eval vs best: 5/80 games (59s, cand 0%)
2026-07-29 14:59:26 [iter 10/70] eval vs best: 10/80 games (59s, cand 0%)
2026-07-29 14:59:27 [iter 10/70] eval vs best: 15/80 games (61s, cand 0%)
2026-07-29 14:59:29 [iter 10/70] eval vs best: 20/80 games (63s, cand 0%)
2026-07-29 14:59:30   [GPU] 450,164 evals (3029 batches, avg 149/batch = 29% of 512, 7281 evals/s, 509 msg/s, 14.3 leaves/msg, 62s)
2026-07-29 14:59:31 [iter 10/70] eval vs best: 25/80 games (64s, cand 0%)
2026-07-29 14:59:34 [iter 10/70] eval vs best: 30/80 games (67s, cand 0%)
2026-07-29 14:59:36 [iter 10/70] eval vs best: 35/80 games (70s, cand 0%)
2026-07-29 14:59:36   [GPU] 500,120 evals (3369 batches, avg 148/batch = 29% of 512, 7382 evals/s, 517 msg/s, 14.3 leaves/msg, 68s)
2026-07-29 14:59:41 [iter 10/70] eval vs best: 40/80 games (75s, cand 2%)
2026-07-29 14:59:42   [GPU] 550,172 evals (3719 batches, avg 148/batch = 29% of 512, 7461 evals/s, 524 msg/s, 14.2 leaves/msg, 74s)
2026-07-29 14:59:48   [GPU] 600,147 evals (4087 batches, avg 147/batch = 29% of 512, 7519 evals/s, 530 msg/s, 14.2 leaves/msg, 80s)
2026-07-29 14:59:54   [GPU] 650,082 evals (4448 batches, avg 146/batch = 29% of 512, 7563 evals/s, 534 msg/s, 14.2 leaves/msg, 86s)
2026-07-29 15:00:01   [GPU] 700,120 evals (4813 batches, avg 145/batch = 28% of 512, 7600 evals/s, 539 msg/s, 14.1 leaves/msg, 92s)
2026-07-29 15:00:01 [iter 10/70] eval vs best: 45/80 games (94s, cand 2%)
2026-07-29 15:00:07   [GPU] 750,047 evals (5188 batches, avg 145/batch = 28% of 512, 7619 evals/s, 541 msg/s, 14.1 leaves/msg, 98s)
2026-07-29 15:00:12 [iter 10/70] eval vs best: 50/80 games (105s, cand 4%)
2026-07-29 15:00:14   [GPU] 800,111 evals (5594 batches, avg 143/batch = 28% of 512, 7609 evals/s, 542 msg/s, 14.0 leaves/msg, 105s)
2026-07-29 15:00:20   [GPU] 850,047 evals (6003 batches, avg 142/batch = 28% of 512, 7603 evals/s, 543 msg/s, 14.0 leaves/msg, 112s)
2026-07-29 15:00:27   [GPU] 900,118 evals (6436 batches, avg 140/batch = 27% of 512, 7579 evals/s, 542 msg/s, 14.0 leaves/msg, 119s)
2026-07-29 15:00:34   [GPU] 950,009 evals (6904 batches, avg 138/batch = 27% of 512, 7546 evals/s, 541 msg/s, 13.9 leaves/msg, 126s)
2026-07-29 15:00:42   [GPU] 1,000,041 evals (7393 batches, avg 135/batch = 26% of 512, 7502 evals/s, 539 msg/s, 13.9 leaves/msg, 133s)
2026-07-29 15:00:45 [iter 10/70] eval vs best: 55/80 games (139s, cand 4%)
2026-07-29 15:00:49 [iter 10/70] eval vs best: 60/80 games (143s, cand 4%)
2026-07-29 15:00:50   [GPU] 1,050,005 evals (7995 batches, avg 131/batch = 26% of 512, 7404 evals/s, 533 msg/s, 13.9 leaves/msg, 142s)
2026-07-29 15:01:04   [GPU] 1,100,050 evals (9097 batches, avg 121/batch = 24% of 512, 7063 evals/s, 508 msg/s, 13.9 leaves/msg, 156s)
2026-07-29 15:01:18   [GPU] 1,150,017 evals (10235 batches, avg 112/batch = 22% of 512, 6773 evals/s, 487 msg/s, 13.9 leaves/msg, 170s)
2026-07-29 15:01:33   [GPU] 1,200,059 evals (11395 batches, avg 105/batch = 21% of 512, 6504 evals/s, 467 msg/s, 13.9 leaves/msg, 184s)
2026-07-29 15:01:46 [iter 10/70] eval vs best: 65/80 games (199s, cand 4%)
2026-07-29 15:01:48   [GPU] 1,250,070 evals (12573 batches, avg 99/batch = 19% of 512, 6272 evals/s, 450 msg/s, 13.9 leaves/msg, 199s)
2026-07-29 15:01:58 [iter 10/70] eval vs best: 70/80 games (212s, cand 4%)
2026-07-29 15:02:10   [GPU] 1,300,007 evals (14214 batches, avg 91/batch = 18% of 512, 5858 evals/s, 420 msg/s, 13.9 leaves/msg, 222s)
2026-07-29 15:02:14 [iter 10/70] eval vs best: 75/80 games (227s, cand 4%)
2026-07-29 15:02:59   [GPU] 1,350,003 evals (16718 batches, avg 81/batch = 16% of 512, 4989 evals/s, 357 msg/s, 14.0 leaves/msg, 271s)
2026-07-29 15:04:52 [iter 10/70] eval vs best: 80/80 games (386s, cand 5%)
2026-07-29 15:04:53 [iter 10/70] eval vs best done: 5.3% of 57 decided reject (386s)
2026-07-29 15:04:53 [iter 10/70] eval vs random (40 games, 200 sims)...
2026-07-29 15:04:54 [EVAL-MP] 40 workers spawned (40 vs_random games, sims=200), GPU batcher starting...
2026-07-29 15:05:03   [GPU] 50,042 evals (424 batches, avg 118/batch = 23% of 512, 5586 evals/s, 397 msg/s, 14.1 leaves/msg, 9s)
2026-07-29 15:05:09   [GPU] 100,045 evals (783 batches, avg 128/batch = 25% of 512, 6824 evals/s, 510 msg/s, 13.4 leaves/msg, 15s)
2026-07-29 15:05:14   [GPU] 150,161 evals (1158 batches, avg 130/batch = 25% of 512, 7554 evals/s, 582 msg/s, 13.0 leaves/msg, 20s)
2026-07-29 15:05:18 [iter 10/70] eval vs random: 5/40 games (25s, cand 100%)
2026-07-29 15:05:19   [GPU] 200,088 evals (1518 batches, avg 132/batch = 26% of 512, 7992 evals/s, 631 msg/s, 12.7 leaves/msg, 25s)
2026-07-29 15:05:20 [iter 10/70] eval vs random: 10/40 games (27s, cand 100%)
2026-07-29 15:05:24 [iter 10/70] eval vs random: 15/40 games (31s, cand 80%)
2026-07-29 15:05:24   [GPU] 250,077 evals (1886 batches, avg 133/batch = 26% of 512, 8281 evals/s, 665 msg/s, 12.4 leaves/msg, 30s)
2026-07-29 15:05:28 [iter 10/70] eval vs random: 20/40 games (36s, cand 80%)
2026-07-29 15:05:29   [GPU] 300,032 evals (2242 batches, avg 134/batch = 26% of 512, 8520 evals/s, 691 msg/s, 12.3 leaves/msg, 35s)
2026-07-29 15:05:30 [iter 10/70] eval vs random: 25/40 games (37s, cand 77%)
2026-07-29 15:05:30 [iter 10/70] eval vs random: 30/40 games (37s, cand 74%)
2026-07-29 15:05:30 [iter 10/70] eval vs random: 35/40 games (38s, cand 74%)
2026-07-29 15:05:31 [iter 10/70] eval vs random: 40/40 games (38s, cand 74%)
2026-07-29 15:05:32 [iter 10/70] eval vs random done: 73.9% (39s)
2026-07-29 15:05:32 >>> iter 10 | loss_p=1.587 loss_v=0.034 | vs_best=5.3% reject | vs_rand=73.9% | draw=16% | buf=90096 | sp=484s train=8s eval_best=386s eval_rand=39s | total=917s
2026-07-29 15:05:32 [iter 11/70] self-play starting (70 games, 600 sims)...
2026-07-29 15:05:34 [PARALLEL-MP] 64 workers spawned (70 games, sims=600), GPU batcher starting...
2026-07-29 15:05:47   [GPU] 50,000 evals (360 batches, avg 139/batch = 27% of 512, 3842 evals/s, 252 msg/s, 15.3 leaves/msg, 13s)
2026-07-29 15:05:54   [GPU] 100,048 evals (696 batches, avg 144/batch = 28% of 512, 4917 evals/s, 319 msg/s, 15.4 leaves/msg, 20s)
2026-07-29 15:06:02   [GPU] 150,035 evals (1045 batches, avg 144/batch = 28% of 512, 5352 evals/s, 347 msg/s, 15.4 leaves/msg, 28s)
2026-07-29 15:06:09   [GPU] 200,052 evals (1377 batches, avg 145/batch = 28% of 512, 5696 evals/s, 371 msg/s, 15.4 leaves/msg, 35s)
2026-07-29 15:06:17   [GPU] 250,016 evals (1714 batches, avg 146/batch = 28% of 512, 5879 evals/s, 382 msg/s, 15.4 leaves/msg, 43s)
2026-07-29 15:06:24   [GPU] 300,097 evals (2050 batches, avg 146/batch = 29% of 512, 6021 evals/s, 391 msg/s, 15.4 leaves/msg, 50s)
2026-07-29 15:06:31   [GPU] 350,111 evals (2380 batches, avg 147/batch = 29% of 512, 6149 evals/s, 399 msg/s, 15.4 leaves/msg, 57s)
2026-07-29 15:06:38   [GPU] 400,108 evals (2704 batches, avg 148/batch = 29% of 512, 6271 evals/s, 407 msg/s, 15.4 leaves/msg, 64s)
2026-07-29 15:06:45   [GPU] 450,198 evals (3027 batches, avg 149/batch = 29% of 512, 6383 evals/s, 414 msg/s, 15.4 leaves/msg, 71s)
2026-07-29 15:06:51   [GPU] 500,045 evals (3348 batches, avg 149/batch = 29% of 512, 6482 evals/s, 421 msg/s, 15.4 leaves/msg, 77s)
2026-07-29 15:06:57   [GPU] 550,071 evals (3681 batches, avg 149/batch = 29% of 512, 6594 evals/s, 428 msg/s, 15.4 leaves/msg, 83s)
2026-07-29 15:07:04   [GPU] 600,124 evals (4005 batches, avg 150/batch = 29% of 512, 6702 evals/s, 435 msg/s, 15.4 leaves/msg, 90s)
2026-07-29 15:07:09   [GPU] 650,128 evals (4331 batches, avg 150/batch = 29% of 512, 6835 evals/s, 444 msg/s, 15.4 leaves/msg, 95s)
2026-07-29 15:07:14   [GPU] 700,023 evals (4655 batches, avg 150/batch = 29% of 512, 6999 evals/s, 454 msg/s, 15.4 leaves/msg, 100s)
2026-07-29 15:07:19   [GPU] 750,110 evals (4990 batches, avg 150/batch = 29% of 512, 7151 evals/s, 464 msg/s, 15.4 leaves/msg, 105s)
2026-07-29 15:07:24   [GPU] 800,099 evals (5328 batches, avg 150/batch = 29% of 512, 7274 evals/s, 473 msg/s, 15.4 leaves/msg, 110s)
2026-07-29 15:07:29   [GPU] 850,028 evals (5667 batches, avg 150/batch = 29% of 512, 7393 evals/s, 482 msg/s, 15.3 leaves/msg, 115s)
2026-07-29 15:07:34   [GPU] 900,068 evals (5999 batches, avg 150/batch = 29% of 512, 7509 evals/s, 491 msg/s, 15.3 leaves/msg, 120s)
2026-07-29 15:07:39   [GPU] 950,008 evals (6339 batches, avg 150/batch = 29% of 512, 7611 evals/s, 499 msg/s, 15.3 leaves/msg, 125s)
2026-07-29 15:07:44   [GPU] 1,000,112 evals (6686 batches, avg 150/batch = 29% of 512, 7704 evals/s, 506 msg/s, 15.2 leaves/msg, 130s)
2026-07-29 15:07:49   [GPU] 1,050,062 evals (7029 batches, avg 149/batch = 29% of 512, 7792 evals/s, 512 msg/s, 15.2 leaves/msg, 135s)
2026-07-29 15:07:54   [GPU] 1,100,046 evals (7367 batches, avg 149/batch = 29% of 512, 7877 evals/s, 519 msg/s, 15.2 leaves/msg, 140s)
2026-07-29 15:07:59   [GPU] 1,150,022 evals (7711 batches, avg 149/batch = 29% of 512, 7953 evals/s, 525 msg/s, 15.2 leaves/msg, 145s)
2026-07-29 15:08:04   [GPU] 1,200,130 evals (8051 batches, avg 149/batch = 29% of 512, 8026 evals/s, 530 msg/s, 15.1 leaves/msg, 150s)
2026-07-29 15:08:08   [GPU] 1,250,151 evals (8379 batches, avg 149/batch = 29% of 512, 8101 evals/s, 536 msg/s, 15.1 leaves/msg, 154s)
2026-07-29 15:08:13   [GPU] 1,300,140 evals (8708 batches, avg 149/batch = 29% of 512, 8170 evals/s, 541 msg/s, 15.1 leaves/msg, 159s)
2026-07-29 15:08:18   [GPU] 1,350,063 evals (9042 batches, avg 149/batch = 29% of 512, 8239 evals/s, 547 msg/s, 15.1 leaves/msg, 164s)
2026-07-29 15:08:23   [GPU] 1,400,145 evals (9372 batches, avg 149/batch = 29% of 512, 8302 evals/s, 552 msg/s, 15.0 leaves/msg, 169s)
2026-07-29 15:08:27   [GPU] 1,450,107 evals (9705 batches, avg 149/batch = 29% of 512, 8366 evals/s, 557 msg/s, 15.0 leaves/msg, 173s)
2026-07-29 15:08:32   [GPU] 1,500,147 evals (10033 batches, avg 150/batch = 29% of 512, 8424 evals/s, 561 msg/s, 15.0 leaves/msg, 178s)
2026-07-29 15:08:37   [GPU] 1,550,083 evals (10364 batches, avg 150/batch = 29% of 512, 8482 evals/s, 566 msg/s, 15.0 leaves/msg, 183s)
2026-07-29 15:08:42   [GPU] 1,600,082 evals (10709 batches, avg 149/batch = 29% of 512, 8532 evals/s, 571 msg/s, 15.0 leaves/msg, 188s)
2026-07-29 15:08:47   [GPU] 1,650,007 evals (11060 batches, avg 149/batch = 29% of 512, 8570 evals/s, 574 msg/s, 14.9 leaves/msg, 193s)
2026-07-29 15:08:51   [GPU] 1,700,185 evals (11398 batches, avg 149/batch = 29% of 512, 8616 evals/s, 578 msg/s, 14.9 leaves/msg, 197s)
2026-07-29 15:08:56   [GPU] 1,750,065 evals (11735 batches, avg 149/batch = 29% of 512, 8662 evals/s, 581 msg/s, 14.9 leaves/msg, 202s)
2026-07-29 15:09:01   [GPU] 1,800,107 evals (12065 batches, avg 149/batch = 29% of 512, 8703 evals/s, 585 msg/s, 14.9 leaves/msg, 207s)
2026-07-29 15:09:06   [GPU] 1,850,118 evals (12403 batches, avg 149/batch = 29% of 512, 8740 evals/s, 588 msg/s, 14.9 leaves/msg, 212s)
2026-07-29 15:09:11   [GPU] 1,900,136 evals (12747 batches, avg 149/batch = 29% of 512, 8772 evals/s, 591 msg/s, 14.8 leaves/msg, 217s)
2026-07-29 15:09:16   [GPU] 1,950,088 evals (13087 batches, avg 149/batch = 29% of 512, 8801 evals/s, 594 msg/s, 14.8 leaves/msg, 222s)
2026-07-29 15:09:21   [GPU] 2,000,014 evals (13431 batches, avg 149/batch = 29% of 512, 8829 evals/s, 596 msg/s, 14.8 leaves/msg, 227s)
2026-07-29 15:09:25   [GPU] 2,050,036 evals (13778 batches, avg 149/batch = 29% of 512, 8859 evals/s, 599 msg/s, 14.8 leaves/msg, 231s)
2026-07-29 15:09:28 [iter 11/70] self-play: 5/70 games...
2026-07-29 15:09:31   [GPU] 2,100,179 evals (14130 batches, avg 149/batch = 29% of 512, 8882 evals/s, 602 msg/s, 14.8 leaves/msg, 236s)
2026-07-29 15:09:35   [GPU] 2,150,120 evals (14472 batches, avg 149/batch = 29% of 512, 8912 evals/s, 605 msg/s, 14.7 leaves/msg, 241s)
2026-07-29 15:09:40   [GPU] 2,200,025 evals (14817 batches, avg 148/batch = 29% of 512, 8937 evals/s, 608 msg/s, 14.7 leaves/msg, 246s)
2026-07-29 15:09:42 [iter 11/70] self-play: 10/70 games...
2026-07-29 15:09:45   [GPU] 2,250,021 evals (15172 batches, avg 148/batch = 29% of 512, 8962 evals/s, 610 msg/s, 14.7 leaves/msg, 251s)
2026-07-29 15:09:50   [GPU] 2,300,061 evals (15514 batches, avg 148/batch = 29% of 512, 8990 evals/s, 613 msg/s, 14.7 leaves/msg, 256s)
2026-07-29 15:09:55   [GPU] 2,350,013 evals (15845 batches, avg 148/batch = 29% of 512, 9019 evals/s, 616 msg/s, 14.7 leaves/msg, 261s)
2026-07-29 15:09:59   [GPU] 2,400,064 evals (16177 batches, avg 148/batch = 29% of 512, 9047 evals/s, 618 msg/s, 14.6 leaves/msg, 265s)
2026-07-29 15:10:03 [iter 11/70] self-play: 15/70 games...
2026-07-29 15:10:04   [GPU] 2,450,041 evals (16519 batches, avg 148/batch = 29% of 512, 9066 evals/s, 621 msg/s, 14.6 leaves/msg, 270s)
2026-07-29 15:10:09   [GPU] 2,500,072 evals (16861 batches, avg 148/batch = 29% of 512, 9083 evals/s, 623 msg/s, 14.6 leaves/msg, 275s)
2026-07-29 15:10:14   [GPU] 2,550,142 evals (17208 batches, avg 148/batch = 29% of 512, 9103 evals/s, 625 msg/s, 14.6 leaves/msg, 280s)
2026-07-29 15:10:19   [GPU] 2,600,018 evals (17558 batches, avg 148/batch = 29% of 512, 9122 evals/s, 627 msg/s, 14.6 leaves/msg, 285s)
2026-07-29 15:10:24   [GPU] 2,650,012 evals (17909 batches, avg 148/batch = 29% of 512, 9138 evals/s, 629 msg/s, 14.5 leaves/msg, 290s)
2026-07-29 15:10:29   [GPU] 2,700,067 evals (18264 batches, avg 148/batch = 29% of 512, 9158 evals/s, 631 msg/s, 14.5 leaves/msg, 295s)
2026-07-29 15:10:29 [iter 11/70] self-play: 20/70 games...
2026-07-29 15:10:34   [GPU] 2,750,030 evals (18605 batches, avg 148/batch = 29% of 512, 9175 evals/s, 633 msg/s, 14.5 leaves/msg, 300s)
2026-07-29 15:10:39   [GPU] 2,800,055 evals (18948 batches, avg 148/batch = 29% of 512, 9191 evals/s, 635 msg/s, 14.5 leaves/msg, 305s)
2026-07-29 15:10:44   [GPU] 2,850,003 evals (19294 batches, avg 148/batch = 29% of 512, 9206 evals/s, 636 msg/s, 14.5 leaves/msg, 310s)
2026-07-29 15:10:49   [GPU] 2,900,141 evals (19642 batches, avg 148/batch = 29% of 512, 9222 evals/s, 638 msg/s, 14.5 leaves/msg, 314s)
2026-07-29 15:10:53   [GPU] 2,950,092 evals (19987 batches, avg 148/batch = 29% of 512, 9236 evals/s, 639 msg/s, 14.4 leaves/msg, 319s)
2026-07-29 15:10:57 [iter 11/70] self-play: 25/70 games...
2026-07-29 15:10:58   [GPU] 3,000,141 evals (20338 batches, avg 148/batch = 29% of 512, 9252 evals/s, 641 msg/s, 14.4 leaves/msg, 324s)
2026-07-29 15:11:03   [GPU] 3,050,068 evals (20681 batches, avg 147/batch = 29% of 512, 9266 evals/s, 643 msg/s, 14.4 leaves/msg, 329s)
2026-07-29 15:11:07 [iter 11/70] self-play: 30/70 games...
2026-07-29 15:11:08   [GPU] 3,100,116 evals (21040 batches, avg 147/batch = 29% of 512, 9278 evals/s, 646 msg/s, 14.4 leaves/msg, 334s)
2026-07-29 15:11:13   [GPU] 3,150,035 evals (21405 batches, avg 147/batch = 29% of 512, 9286 evals/s, 648 msg/s, 14.3 leaves/msg, 339s)
2026-07-29 15:11:16 [iter 11/70] self-play: 35/70 games...
2026-07-29 15:11:18   [GPU] 3,200,102 evals (21763 batches, avg 147/batch = 29% of 512, 9298 evals/s, 650 msg/s, 14.3 leaves/msg, 344s)
2026-07-29 15:11:23   [GPU] 3,250,087 evals (22108 batches, avg 147/batch = 29% of 512, 9313 evals/s, 651 msg/s, 14.3 leaves/msg, 349s)
2026-07-29 15:11:28   [GPU] 3,300,150 evals (22444 batches, avg 147/batch = 29% of 512, 9330 evals/s, 652 msg/s, 14.3 leaves/msg, 354s)
2026-07-29 15:11:29 [iter 11/70] self-play: 40/70 games...
2026-07-29 15:11:33   [GPU] 3,350,007 evals (22791 batches, avg 147/batch = 29% of 512, 9342 evals/s, 654 msg/s, 14.3 leaves/msg, 359s)
2026-07-29 15:11:37   [GPU] 3,400,062 evals (23147 batches, avg 147/batch = 29% of 512, 9356 evals/s, 655 msg/s, 14.3 leaves/msg, 363s)
2026-07-29 15:11:42   [GPU] 3,450,098 evals (23483 batches, avg 147/batch = 29% of 512, 9371 evals/s, 656 msg/s, 14.3 leaves/msg, 368s)
2026-07-29 15:11:47   [GPU] 3,500,071 evals (23830 batches, avg 147/batch = 29% of 512, 9386 evals/s, 658 msg/s, 14.3 leaves/msg, 373s)
2026-07-29 15:11:52   [GPU] 3,550,022 evals (24171 batches, avg 147/batch = 29% of 512, 9401 evals/s, 659 msg/s, 14.3 leaves/msg, 378s)
2026-07-29 15:11:56   [GPU] 3,600,139 evals (24517 batches, avg 147/batch = 29% of 512, 9416 evals/s, 660 msg/s, 14.3 leaves/msg, 382s)
2026-07-29 15:11:59 [iter 11/70] self-play: 45/70 games...
2026-07-29 15:12:01   [GPU] 3,650,003 evals (24874 batches, avg 147/batch = 29% of 512, 9429 evals/s, 662 msg/s, 14.3 leaves/msg, 387s)
2026-07-29 15:12:06   [GPU] 3,700,089 evals (25215 batches, avg 147/batch = 29% of 512, 9442 evals/s, 663 msg/s, 14.2 leaves/msg, 392s)
2026-07-29 15:12:11   [GPU] 3,750,048 evals (25561 batches, avg 147/batch = 29% of 512, 9457 evals/s, 665 msg/s, 14.2 leaves/msg, 397s)
2026-07-29 15:12:15   [GPU] 3,800,123 evals (25899 batches, avg 147/batch = 29% of 512, 9472 evals/s, 666 msg/s, 14.2 leaves/msg, 401s)
2026-07-29 15:12:20   [GPU] 3,850,023 evals (26244 batches, avg 147/batch = 29% of 512, 9485 evals/s, 667 msg/s, 14.2 leaves/msg, 406s)
2026-07-29 15:12:25   [GPU] 3,900,077 evals (26595 batches, avg 147/batch = 29% of 512, 9495 evals/s, 668 msg/s, 14.2 leaves/msg, 411s)
2026-07-29 15:12:30   [GPU] 3,950,044 evals (26947 batches, avg 147/batch = 29% of 512, 9506 evals/s, 669 msg/s, 14.2 leaves/msg, 416s)
2026-07-29 15:12:33 [iter 11/70] self-play: 50/70 games...
2026-07-29 15:12:35   [GPU] 4,000,035 evals (27313 batches, avg 146/batch = 29% of 512, 9513 evals/s, 670 msg/s, 14.2 leaves/msg, 420s)
2026-07-29 15:12:39   [GPU] 4,050,080 evals (27674 batches, avg 146/batch = 29% of 512, 9522 evals/s, 671 msg/s, 14.2 leaves/msg, 425s)
2026-07-29 15:12:44   [GPU] 4,100,084 evals (28037 batches, avg 146/batch = 29% of 512, 9532 evals/s, 672 msg/s, 14.2 leaves/msg, 430s)
2026-07-29 15:12:49   [GPU] 4,150,064 evals (28411 batches, avg 146/batch = 29% of 512, 9540 evals/s, 672 msg/s, 14.2 leaves/msg, 435s)
2026-07-29 15:12:54   [GPU] 4,200,073 evals (28805 batches, avg 146/batch = 28% of 512, 9542 evals/s, 673 msg/s, 14.2 leaves/msg, 440s)
2026-07-29 15:13:00   [GPU] 4,250,003 evals (29217 batches, avg 145/batch = 28% of 512, 9538 evals/s, 673 msg/s, 14.2 leaves/msg, 446s)
2026-07-29 15:13:00 [iter 11/70] self-play: 55/70 games...
2026-07-29 15:13:05   [GPU] 4,300,043 evals (29664 batches, avg 145/batch = 28% of 512, 9528 evals/s, 673 msg/s, 14.2 leaves/msg, 451s)
2026-07-29 15:13:11   [GPU] 4,350,065 evals (30129 batches, avg 144/batch = 28% of 512, 9513 evals/s, 672 msg/s, 14.2 leaves/msg, 457s)
2026-07-29 15:13:18   [GPU] 4,400,024 evals (30680 batches, avg 143/batch = 28% of 512, 9484 evals/s, 671 msg/s, 14.1 leaves/msg, 464s)
2026-07-29 15:13:21 [iter 11/70] self-play: 60/70 games...
2026-07-29 15:13:23 [iter 11/70] self-play: 65/70 games...
2026-07-29 15:13:55   [GPU] 4,450,013 evals (33087 batches, avg 134/batch = 26% of 512, 8881 evals/s, 632 msg/s, 14.1 leaves/msg, 501s)
2026-07-29 15:14:06 [iter 11/70] self-play: 70/70 games...
2026-07-29 15:14:07 [iter 11/70] self-play done: 70 games (515s) | wins: P0=18, P1=1, P2=11, P3=27, draw=13 | draw_rate=19% avg_len~75
2026-07-29 15:14:07 [iter 11/70] training (600 steps, lr=9.55e-04)...
2026-07-29 15:14:15 [iter 11/70] training done: loss_p=1.581 loss_v=0.034 (8s)
2026-07-29 15:14:15 [iter 11/70] eval skipped (eval_every=5)
2026-07-29 15:14:15 >>> iter 11 | loss_p=1.581 loss_v=0.034 | vs_best=n/a (not evaluated) | vs_rand=n/a | draw=19% | buf=100658 | sp=515s train=8s eval_best=0s eval_rand=0s | total=523s
2026-07-29 15:14:15 [iter 12/70] self-play starting (70 games, 600 sims)...
2026-07-29 15:14:16 [PARALLEL-MP] 64 workers spawned (70 games, sims=600), GPU batcher starting...
2026-07-29 15:14:30   [GPU] 50,096 evals (355 batches, avg 141/batch = 28% of 512, 3795 evals/s, 249 msg/s, 15.3 leaves/msg, 13s)
2026-07-29 15:14:37   [GPU] 100,016 evals (692 batches, avg 145/batch = 28% of 512, 4812 evals/s, 312 msg/s, 15.4 leaves/msg, 21s)
2026-07-29 15:14:45   [GPU] 150,038 evals (1046 batches, avg 143/batch = 28% of 512, 5264 evals/s, 341 msg/s, 15.4 leaves/msg, 29s)
2026-07-29 15:14:52   [GPU] 200,116 evals (1379 batches, avg 145/batch = 28% of 512, 5587 evals/s, 364 msg/s, 15.4 leaves/msg, 36s)
2026-07-29 15:15:00   [GPU] 250,103 evals (1714 batches, avg 146/batch = 28% of 512, 5790 evals/s, 376 msg/s, 15.4 leaves/msg, 43s)
2026-07-29 15:15:07   [GPU] 300,039 evals (2045 batches, avg 147/batch = 29% of 512, 5929 evals/s, 385 msg/s, 15.4 leaves/msg, 51s)
2026-07-29 15:15:14   [GPU] 350,088 evals (2369 batches, avg 148/batch = 29% of 512, 6063 evals/s, 394 msg/s, 15.4 leaves/msg, 58s)
2026-07-29 15:15:21   [GPU] 400,135 evals (2692 batches, avg 149/batch = 29% of 512, 6183 evals/s, 402 msg/s, 15.4 leaves/msg, 65s)
2026-07-29 15:15:28   [GPU] 450,026 evals (3012 batches, avg 149/batch = 29% of 512, 6317 evals/s, 410 msg/s, 15.4 leaves/msg, 71s)
2026-07-29 15:15:34   [GPU] 500,005 evals (3339 batches, avg 150/batch = 29% of 512, 6431 evals/s, 417 msg/s, 15.4 leaves/msg, 78s)
2026-07-29 15:15:41   [GPU] 550,188 evals (3661 batches, avg 150/batch = 29% of 512, 6548 evals/s, 425 msg/s, 15.4 leaves/msg, 84s)
2026-07-29 15:15:47   [GPU] 600,049 evals (3981 batches, avg 151/batch = 29% of 512, 6666 evals/s, 433 msg/s, 15.4 leaves/msg, 90s)
2026-07-29 15:15:52   [GPU] 650,163 evals (4306 batches, avg 151/batch = 29% of 512, 6804 evals/s, 442 msg/s, 15.4 leaves/msg, 96s)
2026-07-29 15:15:57   [GPU] 700,037 evals (4627 batches, avg 151/batch = 30% of 512, 6975 evals/s, 453 msg/s, 15.4 leaves/msg, 100s)
2026-07-29 15:16:02   [GPU] 750,103 evals (4960 batches, avg 151/batch = 30% of 512, 7132 evals/s, 463 msg/s, 15.4 leaves/msg, 105s)
2026-07-29 15:16:07   [GPU] 800,145 evals (5292 batches, avg 151/batch = 30% of 512, 7266 evals/s, 473 msg/s, 15.4 leaves/msg, 110s)
2026-07-29 15:16:12   [GPU] 850,158 evals (5639 batches, avg 151/batch = 29% of 512, 7385 evals/s, 482 msg/s, 15.3 leaves/msg, 115s)
2026-07-29 15:16:16   [GPU] 900,047 evals (5974 batches, avg 151/batch = 29% of 512, 7506 evals/s, 490 msg/s, 15.3 leaves/msg, 120s)
2026-07-29 15:16:21   [GPU] 950,008 evals (6316 batches, avg 150/batch = 29% of 512, 7614 evals/s, 499 msg/s, 15.3 leaves/msg, 125s)
2026-07-29 15:16:26   [GPU] 1,000,036 evals (6648 batches, avg 150/batch = 29% of 512, 7721 evals/s, 507 msg/s, 15.2 leaves/msg, 130s)
2026-07-29 15:16:31   [GPU] 1,050,056 evals (6988 batches, avg 150/batch = 29% of 512, 7822 evals/s, 514 msg/s, 15.2 leaves/msg, 134s)
2026-07-29 15:16:35   [GPU] 1,100,009 evals (7317 batches, avg 150/batch = 29% of 512, 7919 evals/s, 522 msg/s, 15.2 leaves/msg, 139s)
2026-07-29 15:16:40   [GPU] 1,150,026 evals (7646 batches, avg 150/batch = 29% of 512, 8013 evals/s, 529 msg/s, 15.2 leaves/msg, 144s)
2026-07-29 15:16:45   [GPU] 1,200,014 evals (7979 batches, avg 150/batch = 29% of 512, 8096 evals/s, 535 msg/s, 15.1 leaves/msg, 148s)
2026-07-29 15:16:49   [GPU] 1,250,160 evals (8306 batches, avg 151/batch = 29% of 512, 8179 evals/s, 541 msg/s, 15.1 leaves/msg, 153s)
2026-07-29 15:16:54   [GPU] 1,300,185 evals (8638 batches, avg 151/batch = 29% of 512, 8248 evals/s, 547 msg/s, 15.1 leaves/msg, 158s)
2026-07-29 15:16:59   [GPU] 1,350,125 evals (8968 batches, avg 151/batch = 29% of 512, 8322 evals/s, 552 msg/s, 15.1 leaves/msg, 162s)
2026-07-29 15:17:03   [GPU] 1,400,001 evals (9305 batches, avg 150/batch = 29% of 512, 8385 evals/s, 557 msg/s, 15.1 leaves/msg, 167s)
2026-07-29 15:17:08   [GPU] 1,450,029 evals (9650 batches, avg 150/batch = 29% of 512, 8445 evals/s, 562 msg/s, 15.0 leaves/msg, 172s)
2026-07-29 15:17:13   [GPU] 1,500,098 evals (9981 batches, avg 150/batch = 29% of 512, 8502 evals/s, 567 msg/s, 15.0 leaves/msg, 176s)
2026-07-29 15:17:18   [GPU] 1,550,026 evals (10313 batches, avg 150/batch = 29% of 512, 8561 evals/s, 571 msg/s, 15.0 leaves/msg, 181s)
2026-07-29 15:17:22   [GPU] 1,600,155 evals (10641 batches, avg 150/batch = 29% of 512, 8611 evals/s, 575 msg/s, 15.0 leaves/msg, 186s)
2026-07-29 15:17:27   [GPU] 1,650,166 evals (10974 batches, avg 150/batch = 29% of 512, 8660 evals/s, 580 msg/s, 14.9 leaves/msg, 191s)
2026-07-29 15:17:32   [GPU] 1,700,056 evals (11309 batches, avg 150/batch = 29% of 512, 8704 evals/s, 584 msg/s, 14.9 leaves/msg, 195s)
2026-07-29 15:17:37   [GPU] 1,750,030 evals (11643 batches, avg 150/batch = 29% of 512, 8749 evals/s, 588 msg/s, 14.9 leaves/msg, 200s)
2026-07-29 15:17:41   [GPU] 1,800,115 evals (11979 batches, avg 150/batch = 29% of 512, 8792 evals/s, 591 msg/s, 14.9 leaves/msg, 205s)
2026-07-29 15:17:46   [GPU] 1,850,076 evals (12314 batches, avg 150/batch = 29% of 512, 8832 evals/s, 595 msg/s, 14.8 leaves/msg, 209s)
2026-07-29 15:17:51   [GPU] 1,900,103 evals (12648 batches, avg 150/batch = 29% of 512, 8868 evals/s, 598 msg/s, 14.8 leaves/msg, 214s)
2026-07-29 15:17:56   [GPU] 1,950,170 evals (12999 batches, avg 150/batch = 29% of 512, 8894 evals/s, 601 msg/s, 14.8 leaves/msg, 219s)
2026-07-29 15:18:01   [GPU] 2,000,079 evals (13348 batches, avg 150/batch = 29% of 512, 8919 evals/s, 604 msg/s, 14.8 leaves/msg, 224s)
2026-07-29 15:18:03 [iter 12/70] self-play: 5/70 games...
2026-07-29 15:18:06   [GPU] 2,050,138 evals (13699 batches, avg 150/batch = 29% of 512, 8947 evals/s, 607 msg/s, 14.7 leaves/msg, 229s)
2026-07-29 15:18:11   [GPU] 2,100,127 evals (14043 batches, avg 150/batch = 29% of 512, 8970 evals/s, 610 msg/s, 14.7 leaves/msg, 234s)
2026-07-29 15:18:16   [GPU] 2,150,093 evals (14395 batches, avg 149/batch = 29% of 512, 8994 evals/s, 614 msg/s, 14.7 leaves/msg, 239s)
2026-07-29 15:18:21   [GPU] 2,200,019 evals (14751 batches, avg 149/batch = 29% of 512, 9013 evals/s, 617 msg/s, 14.6 leaves/msg, 244s)
2026-07-29 15:18:23 [iter 12/70] self-play: 10/70 games...
2026-07-29 15:18:26   [GPU] 2,250,137 evals (15113 batches, avg 149/batch = 29% of 512, 9033 evals/s, 620 msg/s, 14.6 leaves/msg, 249s)
2026-07-29 15:18:31   [GPU] 2,300,035 evals (15468 batches, avg 149/batch = 29% of 512, 9052 evals/s, 622 msg/s, 14.5 leaves/msg, 254s)
2026-07-29 15:18:32 [iter 12/70] self-play: 15/70 games...
2026-07-29 15:18:36   [GPU] 2,350,020 evals (15826 batches, avg 148/batch = 29% of 512, 9070 evals/s, 625 msg/s, 14.5 leaves/msg, 259s)
2026-07-29 15:18:40 [iter 12/70] self-play: 20/70 games...
2026-07-29 15:18:41   [GPU] 2,400,068 evals (16186 batches, avg 148/batch = 29% of 512, 9088 evals/s, 628 msg/s, 14.5 leaves/msg, 264s)
2026-07-29 15:18:46   [GPU] 2,450,150 evals (16544 batches, avg 148/batch = 29% of 512, 9105 evals/s, 632 msg/s, 14.4 leaves/msg, 269s)
2026-07-29 15:18:46 [iter 12/70] self-play: 25/70 games...
2026-07-29 15:18:50 [iter 12/70] self-play: 30/70 games...
2026-07-29 15:18:51   [GPU] 2,500,130 evals (16897 batches, avg 148/batch = 29% of 512, 9123 evals/s, 635 msg/s, 14.4 leaves/msg, 274s)
2026-07-29 15:18:55   [GPU] 2,550,056 evals (17241 batches, avg 148/batch = 29% of 512, 9144 evals/s, 637 msg/s, 14.3 leaves/msg, 279s)
2026-07-29 15:19:00   [GPU] 2,600,015 evals (17572 batches, avg 148/batch = 29% of 512, 9168 evals/s, 639 msg/s, 14.3 leaves/msg, 284s)
2026-07-29 15:19:05   [GPU] 2,650,030 evals (17906 batches, avg 148/batch = 29% of 512, 9193 evals/s, 641 msg/s, 14.3 leaves/msg, 288s)
2026-07-29 15:19:08 [iter 12/70] self-play: 35/70 games...
2026-07-29 15:19:10   [GPU] 2,700,091 evals (18250 batches, avg 148/batch = 29% of 512, 9212 evals/s, 644 msg/s, 14.3 leaves/msg, 293s)
2026-07-29 15:19:14   [GPU] 2,750,156 evals (18582 batches, avg 148/batch = 29% of 512, 9233 evals/s, 646 msg/s, 14.3 leaves/msg, 298s)
2026-07-29 15:19:19   [GPU] 2,800,051 evals (18924 batches, avg 148/batch = 29% of 512, 9253 evals/s, 648 msg/s, 14.3 leaves/msg, 303s)
2026-07-29 15:19:22 [iter 12/70] self-play: 40/70 games...
2026-07-29 15:19:24   [GPU] 2,850,058 evals (19247 batches, avg 148/batch = 29% of 512, 9274 evals/s, 650 msg/s, 14.3 leaves/msg, 307s)
2026-07-29 15:19:28   [GPU] 2,900,181 evals (19571 batches, avg 148/batch = 29% of 512, 9297 evals/s, 651 msg/s, 14.3 leaves/msg, 312s)
2026-07-29 15:19:33   [GPU] 2,950,133 evals (19910 batches, avg 148/batch = 29% of 512, 9316 evals/s, 653 msg/s, 14.3 leaves/msg, 317s)
2026-07-29 15:19:38   [GPU] 3,000,027 evals (20253 batches, avg 148/batch = 29% of 512, 9335 evals/s, 655 msg/s, 14.2 leaves/msg, 321s)
2026-07-29 15:19:43   [GPU] 3,050,001 evals (20587 batches, avg 148/batch = 29% of 512, 9353 evals/s, 657 msg/s, 14.2 leaves/msg, 326s)
2026-07-29 15:19:47   [GPU] 3,100,186 evals (20920 batches, avg 148/batch = 29% of 512, 9373 evals/s, 658 msg/s, 14.2 leaves/msg, 331s)
2026-07-29 15:19:52   [GPU] 3,150,133 evals (21268 batches, avg 148/batch = 29% of 512, 9383 evals/s, 660 msg/s, 14.2 leaves/msg, 336s)
2026-07-29 15:19:57   [GPU] 3,200,088 evals (21630 batches, avg 148/batch = 29% of 512, 9392 evals/s, 663 msg/s, 14.2 leaves/msg, 341s)
2026-07-29 15:19:58 [iter 12/70] self-play: 45/70 games...
2026-07-29 15:20:02 [iter 12/70] self-play: 50/70 games...
2026-07-29 15:20:02   [GPU] 3,250,029 evals (21995 batches, avg 148/batch = 29% of 512, 9396 evals/s, 664 msg/s, 14.1 leaves/msg, 346s)
2026-07-29 15:20:08   [GPU] 3,300,077 evals (22374 batches, avg 147/batch = 29% of 512, 9399 evals/s, 665 msg/s, 14.1 leaves/msg, 351s)
2026-07-29 15:20:13   [GPU] 3,350,068 evals (22747 batches, avg 147/batch = 29% of 512, 9405 evals/s, 665 msg/s, 14.1 leaves/msg, 356s)
2026-07-29 15:20:18   [GPU] 3,400,097 evals (23119 batches, avg 147/batch = 29% of 512, 9411 evals/s, 666 msg/s, 14.1 leaves/msg, 361s)
2026-07-29 15:20:23   [GPU] 3,450,092 evals (23500 batches, avg 147/batch = 29% of 512, 9413 evals/s, 666 msg/s, 14.1 leaves/msg, 367s)
2026-07-29 15:20:28   [GPU] 3,500,086 evals (23899 batches, avg 146/batch = 29% of 512, 9414 evals/s, 666 msg/s, 14.1 leaves/msg, 372s)
2026-07-29 15:20:34   [GPU] 3,550,090 evals (24295 batches, avg 146/batch = 29% of 512, 9416 evals/s, 666 msg/s, 14.1 leaves/msg, 377s)
2026-07-29 15:20:39   [GPU] 3,600,049 evals (24704 batches, avg 146/batch = 28% of 512, 9416 evals/s, 667 msg/s, 14.1 leaves/msg, 382s)
2026-07-29 15:20:44   [GPU] 3,650,075 evals (25123 batches, avg 145/batch = 28% of 512, 9411 evals/s, 666 msg/s, 14.1 leaves/msg, 388s)
2026-07-29 15:20:50   [GPU] 3,700,029 evals (25557 batches, avg 145/batch = 28% of 512, 9405 evals/s, 667 msg/s, 14.1 leaves/msg, 393s)
2026-07-29 15:20:50 [iter 12/70] self-play: 55/70 games...
2026-07-29 15:20:56   [GPU] 3,750,062 evals (26020 batches, avg 144/batch = 28% of 512, 9393 evals/s, 666 msg/s, 14.1 leaves/msg, 399s)
2026-07-29 15:21:02   [GPU] 3,800,055 evals (26498 batches, avg 143/batch = 28% of 512, 9373 evals/s, 665 msg/s, 14.1 leaves/msg, 405s)
2026-07-29 15:21:08   [GPU] 3,850,065 evals (27005 batches, avg 143/batch = 28% of 512, 9354 evals/s, 664 msg/s, 14.1 leaves/msg, 412s)
2026-07-29 15:21:14   [GPU] 3,900,057 evals (27518 batches, avg 142/batch = 28% of 512, 9335 evals/s, 663 msg/s, 14.1 leaves/msg, 418s)
2026-07-29 15:21:21   [GPU] 3,950,031 evals (28113 batches, avg 141/batch = 27% of 512, 9299 evals/s, 662 msg/s, 14.0 leaves/msg, 425s)
2026-07-29 15:21:23 [iter 12/70] self-play: 60/70 games...
2026-07-29 15:21:25 [iter 12/70] self-play: 65/70 games...
2026-07-29 15:22:03   [GPU] 4,000,011 evals (30801 batches, avg 130/batch = 25% of 512, 8581 evals/s, 614 msg/s, 14.0 leaves/msg, 466s)
2026-07-29 15:22:10 [iter 12/70] self-play: 70/70 games...
2026-07-29 15:22:11 [iter 12/70] self-play done: 70 games (476s) | wins: P0=21, P1=1, P2=15, P3=21, draw=12 | draw_rate=17% avg_len~68
2026-07-29 15:22:11 [iter 12/70] training (600 steps, lr=9.46e-04)...
2026-07-29 15:22:18 [iter 12/70] training done: loss_p=1.601 loss_v=0.035 (8s)
2026-07-29 15:22:18 [iter 12/70] eval skipped (eval_every=5)
2026-07-29 15:22:18 >>> iter 12 | loss_p=1.601 loss_v=0.035 | vs_best=n/a (not evaluated) | vs_rand=n/a | draw=17% | buf=110178 | sp=476s train=8s eval_best=0s eval_rand=0s | total=484s
2026-07-29 15:22:18 [iter 13/70] self-play starting (70 games, 600 sims)...
2026-07-29 15:22:21 [PARALLEL-MP] 64 workers spawned (70 games, sims=600), GPU batcher starting...
2026-07-29 15:22:33   [GPU] 50,128 evals (378 batches, avg 133/batch = 26% of 512, 3963 evals/s, 260 msg/s, 15.3 leaves/msg, 13s)
2026-07-29 15:22:41   [GPU] 100,032 evals (718 batches, avg 139/batch = 27% of 512, 4948 evals/s, 321 msg/s, 15.4 leaves/msg, 20s)
2026-07-29 15:22:48   [GPU] 150,166 evals (1062 batches, avg 141/batch = 28% of 512, 5380 evals/s, 349 msg/s, 15.4 leaves/msg, 28s)
2026-07-29 15:22:56   [GPU] 200,072 evals (1396 batches, avg 143/batch = 28% of 512, 5684 evals/s, 370 msg/s, 15.4 leaves/msg, 35s)
2026-07-29 15:23:03   [GPU] 250,009 evals (1734 batches, avg 144/batch = 28% of 512, 5863 evals/s, 381 msg/s, 15.4 leaves/msg, 43s)
2026-07-29 15:23:10   [GPU] 300,012 evals (2055 batches, avg 146/batch = 29% of 512, 6011 evals/s, 390 msg/s, 15.4 leaves/msg, 50s)
2026-07-29 15:23:18   [GPU] 350,183 evals (2393 batches, avg 146/batch = 29% of 512, 6137 evals/s, 399 msg/s, 15.4 leaves/msg, 57s)
2026-07-29 15:23:25   [GPU] 400,142 evals (2719 batches, avg 147/batch = 29% of 512, 6247 evals/s, 406 msg/s, 15.4 leaves/msg, 64s)
2026-07-29 15:23:32   [GPU] 450,221 evals (3035 batches, avg 148/batch = 29% of 512, 6347 evals/s, 412 msg/s, 15.4 leaves/msg, 71s)
2026-07-29 15:23:38   [GPU] 500,088 evals (3358 batches, avg 149/batch = 29% of 512, 6451 evals/s, 419 msg/s, 15.4 leaves/msg, 78s)
2026-07-29 15:23:45   [GPU] 550,107 evals (3689 batches, avg 149/batch = 29% of 512, 6546 evals/s, 425 msg/s, 15.4 leaves/msg, 84s)
2026-07-29 15:23:51   [GPU] 600,068 evals (4010 batches, avg 150/batch = 29% of 512, 6650 evals/s, 432 msg/s, 15.4 leaves/msg, 90s)
2026-07-29 15:23:57   [GPU] 650,153 evals (4325 batches, avg 150/batch = 29% of 512, 6765 evals/s, 439 msg/s, 15.4 leaves/msg, 96s)
2026-07-29 15:24:02   [GPU] 700,098 evals (4643 batches, avg 151/batch = 29% of 512, 6931 evals/s, 450 msg/s, 15.4 leaves/msg, 101s)
2026-07-29 15:24:06   [GPU] 750,003 evals (4956 batches, avg 151/batch = 30% of 512, 7097 evals/s, 461 msg/s, 15.4 leaves/msg, 106s)
2026-07-29 15:24:11   [GPU] 800,072 evals (5285 batches, avg 151/batch = 30% of 512, 7236 evals/s, 471 msg/s, 15.4 leaves/msg, 111s)
2026-07-29 15:24:16   [GPU] 850,155 evals (5617 batches, avg 151/batch = 30% of 512, 7363 evals/s, 480 msg/s, 15.3 leaves/msg, 115s)
2026-07-29 15:24:21   [GPU] 900,065 evals (5951 batches, avg 151/batch = 30% of 512, 7479 evals/s, 489 msg/s, 15.3 leaves/msg, 120s)
2026-07-29 15:24:26   [GPU] 950,001 evals (6279 batches, avg 151/batch = 30% of 512, 7593 evals/s, 497 msg/s, 15.3 leaves/msg, 125s)
2026-07-29 15:24:30   [GPU] 1,000,173 evals (6618 batches, avg 151/batch = 30% of 512, 7699 evals/s, 505 msg/s, 15.2 leaves/msg, 130s)
2026-07-29 15:24:35   [GPU] 1,050,041 evals (6958 batches, avg 151/batch = 29% of 512, 7797 evals/s, 513 msg/s, 15.2 leaves/msg, 135s)
2026-07-29 15:24:40   [GPU] 1,100,077 evals (7298 batches, avg 151/batch = 29% of 512, 7885 evals/s, 519 msg/s, 15.2 leaves/msg, 140s)
2026-07-29 15:24:45   [GPU] 1,150,028 evals (7654 batches, avg 150/batch = 29% of 512, 7958 evals/s, 525 msg/s, 15.2 leaves/msg, 145s)
2026-07-29 15:24:50   [GPU] 1,200,016 evals (7993 batches, avg 150/batch = 29% of 512, 8036 evals/s, 531 msg/s, 15.1 leaves/msg, 149s)
2026-07-29 15:24:55   [GPU] 1,250,131 evals (8328 batches, avg 150/batch = 29% of 512, 8107 evals/s, 537 msg/s, 15.1 leaves/msg, 154s)
2026-07-29 15:25:00   [GPU] 1,300,056 evals (8664 batches, avg 150/batch = 29% of 512, 8172 evals/s, 541 msg/s, 15.1 leaves/msg, 159s)
2026-07-29 15:25:05   [GPU] 1,350,043 evals (9000 batches, avg 150/batch = 29% of 512, 8231 evals/s, 546 msg/s, 15.1 leaves/msg, 164s)
2026-07-29 15:25:10   [GPU] 1,400,110 evals (9347 batches, avg 150/batch = 29% of 512, 8283 evals/s, 551 msg/s, 15.0 leaves/msg, 169s)
2026-07-29 15:25:14   [GPU] 1,450,044 evals (9671 batches, avg 150/batch = 29% of 512, 8343 evals/s, 555 msg/s, 15.0 leaves/msg, 174s)
2026-07-29 15:25:19   [GPU] 1,500,085 evals (9998 batches, avg 150/batch = 29% of 512, 8403 evals/s, 560 msg/s, 15.0 leaves/msg, 179s)
2026-07-29 15:25:24   [GPU] 1,550,150 evals (10326 batches, avg 150/batch = 29% of 512, 8458 evals/s, 564 msg/s, 15.0 leaves/msg, 183s)
2026-07-29 15:25:29   [GPU] 1,600,013 evals (10656 batches, avg 150/batch = 29% of 512, 8507 evals/s, 568 msg/s, 15.0 leaves/msg, 188s)
2026-07-29 15:25:33   [GPU] 1,650,076 evals (10991 batches, avg 150/batch = 29% of 512, 8556 evals/s, 572 msg/s, 15.0 leaves/msg, 193s)
2026-07-29 15:25:38   [GPU] 1,700,004 evals (11329 batches, avg 150/batch = 29% of 512, 8603 evals/s, 576 msg/s, 14.9 leaves/msg, 198s)
2026-07-29 15:25:43   [GPU] 1,750,068 evals (11663 batches, avg 150/batch = 29% of 512, 8645 evals/s, 579 msg/s, 14.9 leaves/msg, 202s)
2026-07-29 15:25:48   [GPU] 1,800,083 evals (12001 batches, avg 150/batch = 29% of 512, 8688 evals/s, 583 msg/s, 14.9 leaves/msg, 207s)
2026-07-29 15:25:53   [GPU] 1,850,078 evals (12337 batches, avg 150/batch = 29% of 512, 8729 evals/s, 586 msg/s, 14.9 leaves/msg, 212s)
2026-07-29 15:25:57   [GPU] 1,900,013 evals (12683 batches, avg 150/batch = 29% of 512, 8766 evals/s, 590 msg/s, 14.9 leaves/msg, 217s)
2026-07-29 15:26:02   [GPU] 1,950,131 evals (13026 batches, avg 150/batch = 29% of 512, 8801 evals/s, 594 msg/s, 14.8 leaves/msg, 222s)
2026-07-29 15:26:07   [GPU] 2,000,014 evals (13374 batches, avg 150/batch = 29% of 512, 8832 evals/s, 598 msg/s, 14.8 leaves/msg, 226s)
2026-07-29 15:26:12   [GPU] 2,050,016 evals (13728 batches, avg 149/batch = 29% of 512, 8858 evals/s, 602 msg/s, 14.7 leaves/msg, 231s)
2026-07-29 15:26:17   [GPU] 2,100,015 evals (14091 batches, avg 149/batch = 29% of 512, 8880 evals/s, 606 msg/s, 14.7 leaves/msg, 236s)
2026-07-29 15:26:19 [iter 13/70] self-play: 5/70 games...
2026-07-29 15:26:22   [GPU] 2,150,166 evals (14440 batches, avg 149/batch = 29% of 512, 8906 evals/s, 609 msg/s, 14.6 leaves/msg, 241s)
2026-07-29 15:26:25 [iter 13/70] self-play: 10/70 games...
2026-07-29 15:26:27   [GPU] 2,200,010 evals (14785 batches, avg 149/batch = 29% of 512, 8935 evals/s, 613 msg/s, 14.6 leaves/msg, 246s)
2026-07-29 15:26:32   [GPU] 2,250,036 evals (15134 batches, avg 149/batch = 29% of 512, 8958 evals/s, 615 msg/s, 14.6 leaves/msg, 251s)
2026-07-29 15:26:37   [GPU] 2,300,204 evals (15477 batches, avg 149/batch = 29% of 512, 8986 evals/s, 618 msg/s, 14.5 leaves/msg, 256s)
2026-07-29 15:26:38 [iter 13/70] self-play: 15/70 games...
2026-07-29 15:26:41   [GPU] 2,350,034 evals (15814 batches, avg 149/batch = 29% of 512, 9008 evals/s, 621 msg/s, 14.5 leaves/msg, 261s)
2026-07-29 15:26:46   [GPU] 2,400,009 evals (16164 batches, avg 148/batch = 29% of 512, 9027 evals/s, 624 msg/s, 14.5 leaves/msg, 266s)
2026-07-29 15:26:51 [iter 13/70] self-play: 20/70 games...
2026-07-29 15:26:52   [GPU] 2,450,096 evals (16519 batches, avg 148/batch = 29% of 512, 9040 evals/s, 627 msg/s, 14.4 leaves/msg, 271s)
2026-07-29 15:26:57   [GPU] 2,500,079 evals (16874 batches, avg 148/batch = 29% of 512, 9056 evals/s, 629 msg/s, 14.4 leaves/msg, 276s)
2026-07-29 15:27:02   [GPU] 2,550,076 evals (17233 batches, avg 148/batch = 29% of 512, 9071 evals/s, 632 msg/s, 14.4 leaves/msg, 281s)
2026-07-29 15:27:03 [iter 13/70] self-play: 25/70 games...
2026-07-29 15:27:07 [iter 13/70] self-play: 30/70 games...
2026-07-29 15:27:07   [GPU] 2,600,133 evals (17592 batches, avg 148/batch = 29% of 512, 9085 evals/s, 635 msg/s, 14.3 leaves/msg, 286s)
2026-07-29 15:27:12   [GPU] 2,650,205 evals (17941 batches, avg 148/batch = 29% of 512, 9104 evals/s, 637 msg/s, 14.3 leaves/msg, 291s)
2026-07-29 15:27:17   [GPU] 2,700,137 evals (18298 batches, avg 148/batch = 29% of 512, 9123 evals/s, 639 msg/s, 14.3 leaves/msg, 296s)
2026-07-29 15:27:21 [iter 13/70] self-play: 35/70 games...
2026-07-29 15:27:22   [GPU] 2,750,060 evals (18665 batches, avg 147/batch = 29% of 512, 9135 evals/s, 641 msg/s, 14.3 leaves/msg, 301s)
2026-07-29 15:27:27   [GPU] 2,800,002 evals (19044 batches, avg 147/batch = 29% of 512, 9140 evals/s, 644 msg/s, 14.2 leaves/msg, 306s)
2026-07-29 15:27:28 [iter 13/70] self-play: 40/70 games...
2026-07-29 15:27:32   [GPU] 2,850,118 evals (19403 batches, avg 147/batch = 29% of 512, 9154 evals/s, 646 msg/s, 14.2 leaves/msg, 311s)
2026-07-29 15:27:34 [iter 13/70] self-play: 45/70 games...
2026-07-29 15:27:37   [GPU] 2,900,055 evals (19754 batches, avg 147/batch = 29% of 512, 9172 evals/s, 648 msg/s, 14.2 leaves/msg, 316s)
2026-07-29 15:27:42   [GPU] 2,950,020 evals (20101 batches, avg 147/batch = 29% of 512, 9188 evals/s, 649 msg/s, 14.2 leaves/msg, 321s)
2026-07-29 15:27:47   [GPU] 3,000,066 evals (20454 batches, avg 147/batch = 29% of 512, 9204 evals/s, 651 msg/s, 14.1 leaves/msg, 326s)
2026-07-29 15:27:51   [GPU] 3,050,049 evals (20795 batches, avg 147/batch = 29% of 512, 9223 evals/s, 652 msg/s, 14.1 leaves/msg, 331s)
2026-07-29 15:27:56   [GPU] 3,100,172 evals (21150 batches, avg 147/batch = 29% of 512, 9239 evals/s, 654 msg/s, 14.1 leaves/msg, 336s)
2026-07-29 15:27:57 [iter 13/70] self-play: 50/70 games...
2026-07-29 15:28:01   [GPU] 3,150,113 evals (21522 batches, avg 146/batch = 29% of 512, 9249 evals/s, 655 msg/s, 14.1 leaves/msg, 341s)
2026-07-29 15:28:06   [GPU] 3,200,035 evals (21893 batches, avg 146/batch = 29% of 512, 9260 evals/s, 656 msg/s, 14.1 leaves/msg, 346s)
2026-07-29 15:28:11   [GPU] 3,250,074 evals (22272 batches, avg 146/batch = 29% of 512, 9264 evals/s, 656 msg/s, 14.1 leaves/msg, 351s)
2026-07-29 15:28:17   [GPU] 3,300,093 evals (22678 batches, avg 146/batch = 28% of 512, 9265 evals/s, 657 msg/s, 14.1 leaves/msg, 356s)
2026-07-29 15:28:20 [iter 13/70] self-play: 55/70 games...
2026-07-29 15:28:23   [GPU] 3,350,019 evals (23141 batches, avg 145/batch = 28% of 512, 9252 evals/s, 658 msg/s, 14.1 leaves/msg, 362s)
2026-07-29 15:28:29   [GPU] 3,400,054 evals (23646 batches, avg 144/batch = 28% of 512, 9229 evals/s, 656 msg/s, 14.1 leaves/msg, 368s)
2026-07-29 15:28:36   [GPU] 3,450,012 evals (24182 batches, avg 143/batch = 28% of 512, 9199 evals/s, 654 msg/s, 14.1 leaves/msg, 375s)
2026-07-29 15:28:42   [GPU] 3,500,007 evals (24732 batches, avg 142/batch = 28% of 512, 9166 evals/s, 652 msg/s, 14.1 leaves/msg, 382s)
2026-07-29 15:28:49   [GPU] 3,550,030 evals (25283 batches, avg 140/batch = 27% of 512, 9135 evals/s, 649 msg/s, 14.1 leaves/msg, 389s)
2026-07-29 15:28:56   [GPU] 3,600,069 evals (25837 batches, avg 139/batch = 27% of 512, 9105 evals/s, 647 msg/s, 14.1 leaves/msg, 395s)
2026-07-29 15:29:03   [GPU] 3,650,080 evals (26391 batches, avg 138/batch = 27% of 512, 9077 evals/s, 645 msg/s, 14.1 leaves/msg, 402s)
2026-07-29 15:29:09   [GPU] 3,700,060 evals (26937 batches, avg 137/batch = 27% of 512, 9048 evals/s, 643 msg/s, 14.1 leaves/msg, 409s)
2026-07-29 15:29:16   [GPU] 3,750,016 evals (27493 batches, avg 136/batch = 27% of 512, 9019 evals/s, 641 msg/s, 14.1 leaves/msg, 416s)
2026-07-29 15:29:21 [iter 13/70] self-play: 60/70 games...
2026-07-29 15:29:23 [iter 13/70] self-play: 65/70 games...
2026-07-29 15:29:37   [GPU] 3,800,000 evals (29018 batches, avg 131/batch = 26% of 512, 8708 evals/s, 623 msg/s, 14.0 leaves/msg, 436s)
2026-07-29 15:30:19 [iter 13/70] self-play: 70/70 games...
2026-07-29 15:30:20 [iter 13/70] self-play done: 70 games (481s) | wins: P0=29, P1=1, P2=13, P3=15, draw=12 | draw_rate=17% avg_len~64
2026-07-29 15:30:20 [iter 13/70] training (600 steps, lr=9.36e-04)...
2026-07-29 15:30:26 [iter 13/70] training done: loss_p=1.599 loss_v=0.037 (7s)
2026-07-29 15:30:26 [iter 13/70] eval skipped (eval_every=5)
2026-07-29 15:30:26 >>> iter 13 | loss_p=1.599 loss_v=0.037 | vs_best=n/a (not evaluated) | vs_rand=n/a | draw=17% | buf=119094 | sp=481s train=7s eval_best=0s eval_rand=0s | total=488s
2026-07-29 15:30:26 [iter 14/70] self-play starting (70 games, 600 sims)...
2026-07-29 15:30:29 [PARALLEL-MP] 64 workers spawned (70 games, sims=600), GPU batcher starting...
2026-07-29 15:30:41   [GPU] 50,064 evals (374 batches, avg 134/batch = 26% of 512, 4131 evals/s, 271 msg/s, 15.3 leaves/msg, 12s)
2026-07-29 15:30:48   [GPU] 100,064 evals (715 batches, avg 140/batch = 27% of 512, 5155 evals/s, 335 msg/s, 15.4 leaves/msg, 19s)
2026-07-29 15:30:55   [GPU] 150,133 evals (1054 batches, avg 142/batch = 28% of 512, 5613 evals/s, 364 msg/s, 15.4 leaves/msg, 27s)
2026-07-29 15:31:02   [GPU] 200,104 evals (1391 batches, avg 144/batch = 28% of 512, 5916 evals/s, 385 msg/s, 15.4 leaves/msg, 34s)
2026-07-29 15:31:10   [GPU] 250,016 evals (1736 batches, avg 144/batch = 28% of 512, 6108 evals/s, 397 msg/s, 15.4 leaves/msg, 41s)
2026-07-29 15:31:16   [GPU] 300,026 evals (2067 batches, avg 145/batch = 28% of 512, 6272 evals/s, 407 msg/s, 15.4 leaves/msg, 48s)
2026-07-29 15:31:23   [GPU] 350,120 evals (2392 batches, avg 146/batch = 29% of 512, 6402 evals/s, 416 msg/s, 15.4 leaves/msg, 55s)
2026-07-29 15:31:30   [GPU] 400,092 evals (2715 batches, avg 147/batch = 29% of 512, 6526 evals/s, 424 msg/s, 15.4 leaves/msg, 61s)
2026-07-29 15:31:36   [GPU] 450,082 evals (3041 batches, avg 148/batch = 29% of 512, 6638 evals/s, 431 msg/s, 15.4 leaves/msg, 68s)
2026-07-29 15:31:43   [GPU] 500,204 evals (3364 batches, avg 149/batch = 29% of 512, 6745 evals/s, 438 msg/s, 15.4 leaves/msg, 74s)
2026-07-29 15:31:49   [GPU] 550,056 evals (3688 batches, avg 149/batch = 29% of 512, 6856 evals/s, 445 msg/s, 15.4 leaves/msg, 80s)
2026-07-29 15:31:55   [GPU] 600,095 evals (4014 batches, avg 150/batch = 29% of 512, 6961 evals/s, 452 msg/s, 15.4 leaves/msg, 86s)
2026-07-29 15:32:00   [GPU] 650,132 evals (4330 batches, avg 150/batch = 29% of 512, 7089 evals/s, 460 msg/s, 15.4 leaves/msg, 92s)
2026-07-29 15:32:05   [GPU] 700,069 evals (4646 batches, avg 151/batch = 29% of 512, 7256 evals/s, 471 msg/s, 15.4 leaves/msg, 96s)
2026-07-29 15:32:10   [GPU] 750,021 evals (4969 batches, avg 151/batch = 29% of 512, 7406 evals/s, 481 msg/s, 15.4 leaves/msg, 101s)
2026-07-29 15:32:15   [GPU] 800,130 evals (5296 batches, avg 151/batch = 30% of 512, 7540 evals/s, 491 msg/s, 15.4 leaves/msg, 106s)
2026-07-29 15:32:19   [GPU] 850,099 evals (5613 batches, avg 151/batch = 30% of 512, 7672 evals/s, 501 msg/s, 15.3 leaves/msg, 111s)
2026-07-29 15:32:24   [GPU] 900,034 evals (5935 batches, avg 152/batch = 30% of 512, 7793 evals/s, 510 msg/s, 15.3 leaves/msg, 115s)
2026-07-29 15:32:29   [GPU] 950,023 evals (6263 batches, avg 152/batch = 30% of 512, 7910 evals/s, 518 msg/s, 15.3 leaves/msg, 120s)
2026-07-29 15:32:33   [GPU] 1,000,130 evals (6586 batches, avg 152/batch = 30% of 512, 8018 evals/s, 527 msg/s, 15.2 leaves/msg, 125s)
2026-07-29 15:32:38   [GPU] 1,050,031 evals (6912 batches, avg 152/batch = 30% of 512, 8118 evals/s, 534 msg/s, 15.2 leaves/msg, 129s)
2026-07-29 15:32:42   [GPU] 1,100,047 evals (7233 batches, avg 152/batch = 30% of 512, 8218 evals/s, 542 msg/s, 15.2 leaves/msg, 134s)
2026-07-29 15:32:47   [GPU] 1,150,049 evals (7551 batches, avg 152/batch = 30% of 512, 8307 evals/s, 549 msg/s, 15.1 leaves/msg, 138s)
2026-07-29 15:32:52   [GPU] 1,200,108 evals (7880 batches, avg 152/batch = 30% of 512, 8376 evals/s, 554 msg/s, 15.1 leaves/msg, 143s)
2026-07-29 15:32:56   [GPU] 1,250,040 evals (8196 batches, avg 153/batch = 30% of 512, 8456 evals/s, 560 msg/s, 15.1 leaves/msg, 148s)
2026-07-29 15:33:01   [GPU] 1,300,131 evals (8518 batches, avg 153/batch = 30% of 512, 8532 evals/s, 566 msg/s, 15.1 leaves/msg, 152s)
2026-07-29 15:33:06   [GPU] 1,350,163 evals (8856 batches, avg 152/batch = 30% of 512, 8593 evals/s, 571 msg/s, 15.0 leaves/msg, 157s)
2026-07-29 15:33:10   [GPU] 1,400,030 evals (9190 batches, avg 152/batch = 30% of 512, 8651 evals/s, 576 msg/s, 15.0 leaves/msg, 162s)
2026-07-29 15:33:15   [GPU] 1,450,118 evals (9506 batches, avg 153/batch = 30% of 512, 8718 evals/s, 581 msg/s, 15.0 leaves/msg, 166s)
2026-07-29 15:33:19   [GPU] 1,500,166 evals (9826 batches, avg 153/batch = 30% of 512, 8785 evals/s, 586 msg/s, 15.0 leaves/msg, 171s)
2026-07-29 15:33:24   [GPU] 1,550,100 evals (10148 batches, avg 153/batch = 30% of 512, 8845 evals/s, 591 msg/s, 15.0 leaves/msg, 175s)
2026-07-29 15:33:28   [GPU] 1,600,149 evals (10465 batches, avg 153/batch = 30% of 512, 8904 evals/s, 596 msg/s, 14.9 leaves/msg, 180s)
2026-07-29 15:33:33   [GPU] 1,650,082 evals (10786 batches, avg 153/batch = 30% of 512, 8958 evals/s, 600 msg/s, 14.9 leaves/msg, 184s)
2026-07-29 15:33:37   [GPU] 1,700,012 evals (11099 batches, avg 153/batch = 30% of 512, 9015 evals/s, 605 msg/s, 14.9 leaves/msg, 189s)
2026-07-29 15:33:42   [GPU] 1,750,038 evals (11414 batches, avg 153/batch = 30% of 512, 9067 evals/s, 609 msg/s, 14.9 leaves/msg, 193s)
2026-07-29 15:33:46   [GPU] 1,800,148 evals (11738 batches, avg 153/batch = 30% of 512, 9114 evals/s, 613 msg/s, 14.9 leaves/msg, 198s)
2026-07-29 15:33:51   [GPU] 1,850,008 evals (12071 batches, avg 153/batch = 30% of 512, 9143 evals/s, 617 msg/s, 14.8 leaves/msg, 202s)
2026-07-29 15:33:56   [GPU] 1,900,194 evals (12405 batches, avg 153/batch = 30% of 512, 9180 evals/s, 620 msg/s, 14.8 leaves/msg, 207s)
2026-07-29 15:34:00   [GPU] 1,950,055 evals (12741 batches, avg 153/batch = 30% of 512, 9207 evals/s, 624 msg/s, 14.8 leaves/msg, 212s)
2026-07-29 15:34:05   [GPU] 2,000,109 evals (13084 batches, avg 153/batch = 30% of 512, 9233 evals/s, 627 msg/s, 14.7 leaves/msg, 217s)
2026-07-29 15:34:09 [iter 14/70] self-play: 5/70 games...
2026-07-29 15:34:10   [GPU] 2,050,026 evals (13422 batches, avg 153/batch = 30% of 512, 9260 evals/s, 630 msg/s, 14.7 leaves/msg, 221s)
2026-07-29 15:34:15   [GPU] 2,100,107 evals (13767 batches, avg 153/batch = 30% of 512, 9281 evals/s, 634 msg/s, 14.6 leaves/msg, 226s)
2026-07-29 15:34:20   [GPU] 2,150,101 evals (14105 batches, avg 152/batch = 30% of 512, 9311 evals/s, 637 msg/s, 14.6 leaves/msg, 231s)
2026-07-29 15:34:24   [GPU] 2,200,096 evals (14442 batches, avg 152/batch = 30% of 512, 9331 evals/s, 640 msg/s, 14.6 leaves/msg, 236s)
2026-07-29 15:34:24 [iter 14/70] self-play: 10/70 games...
2026-07-29 15:34:29   [GPU] 2,250,181 evals (14787 batches, avg 152/batch = 30% of 512, 9351 evals/s, 644 msg/s, 14.5 leaves/msg, 241s)
2026-07-29 15:34:34   [GPU] 2,300,047 evals (15152 batches, avg 152/batch = 30% of 512, 9361 evals/s, 647 msg/s, 14.5 leaves/msg, 246s)
2026-07-29 15:34:35 [iter 14/70] self-play: 15/70 games...
2026-07-29 15:34:39   [GPU] 2,350,249 evals (15515 batches, avg 151/batch = 30% of 512, 9372 evals/s, 651 msg/s, 14.4 leaves/msg, 251s)
2026-07-29 15:34:42 [iter 14/70] self-play: 20/70 games...
2026-07-29 15:34:44   [GPU] 2,400,050 evals (15874 batches, avg 151/batch = 30% of 512, 9380 evals/s, 654 msg/s, 14.3 leaves/msg, 256s)
2026-07-29 15:34:48 [iter 14/70] self-play: 25/70 games...
2026-07-29 15:34:49   [GPU] 2,450,049 evals (16223 batches, avg 151/batch = 29% of 512, 9392 evals/s, 657 msg/s, 14.3 leaves/msg, 261s)
2026-07-29 15:34:54   [GPU] 2,500,004 evals (16565 batches, avg 151/batch = 29% of 512, 9405 evals/s, 661 msg/s, 14.2 leaves/msg, 266s)
2026-07-29 15:34:57 [iter 14/70] self-play: 30/70 games...
2026-07-29 15:34:59   [GPU] 2,550,010 evals (16921 batches, avg 151/batch = 29% of 512, 9414 evals/s, 664 msg/s, 14.2 leaves/msg, 271s)
2026-07-29 15:35:02 [iter 14/70] self-play: 35/70 games...
2026-07-29 15:35:05   [GPU] 2,600,118 evals (17291 batches, avg 150/batch = 29% of 512, 9423 evals/s, 667 msg/s, 14.1 leaves/msg, 276s)
2026-07-29 15:35:09 [iter 14/70] self-play: 40/70 games...
2026-07-29 15:35:10   [GPU] 2,650,145 evals (17655 batches, avg 150/batch = 29% of 512, 9426 evals/s, 669 msg/s, 14.1 leaves/msg, 281s)
2026-07-29 15:35:15   [GPU] 2,700,120 evals (18025 batches, avg 150/batch = 29% of 512, 9428 evals/s, 671 msg/s, 14.0 leaves/msg, 286s)
2026-07-29 15:35:15 [iter 14/70] self-play: 45/70 games...
2026-07-29 15:35:20   [GPU] 2,750,007 evals (18377 batches, avg 150/batch = 29% of 512, 9441 evals/s, 673 msg/s, 14.0 leaves/msg, 291s)
2026-07-29 15:35:25   [GPU] 2,800,138 evals (18735 batches, avg 149/batch = 29% of 512, 9452 evals/s, 674 msg/s, 14.0 leaves/msg, 296s)
2026-07-29 15:35:30   [GPU] 2,850,056 evals (19096 batches, avg 149/batch = 29% of 512, 9461 evals/s, 676 msg/s, 14.0 leaves/msg, 301s)
2026-07-29 15:35:31 [iter 14/70] self-play: 50/70 games...
2026-07-29 15:35:35   [GPU] 2,900,153 evals (19457 batches, avg 149/batch = 29% of 512, 9470 evals/s, 676 msg/s, 14.0 leaves/msg, 306s)
2026-07-29 15:35:40   [GPU] 2,950,119 evals (19825 batches, avg 149/batch = 29% of 512, 9482 evals/s, 677 msg/s, 14.0 leaves/msg, 311s)
2026-07-29 15:35:45   [GPU] 3,000,034 evals (20202 batches, avg 149/batch = 29% of 512, 9490 evals/s, 678 msg/s, 14.0 leaves/msg, 316s)
2026-07-29 15:35:50   [GPU] 3,050,052 evals (20607 batches, avg 148/batch = 29% of 512, 9490 evals/s, 678 msg/s, 14.0 leaves/msg, 321s)
2026-07-29 15:35:55   [GPU] 3,100,076 evals (21021 batches, avg 147/batch = 29% of 512, 9487 evals/s, 678 msg/s, 14.0 leaves/msg, 327s)
2026-07-29 15:35:58 [iter 14/70] self-play: 55/70 games...
2026-07-29 15:36:01   [GPU] 3,150,000 evals (21489 batches, avg 147/batch = 29% of 512, 9470 evals/s, 678 msg/s, 14.0 leaves/msg, 333s)
2026-07-29 15:36:08   [GPU] 3,200,043 evals (22030 batches, avg 145/batch = 28% of 512, 9440 evals/s, 677 msg/s, 14.0 leaves/msg, 339s)
2026-07-29 15:36:14   [GPU] 3,250,066 evals (22596 batches, avg 144/batch = 28% of 512, 9408 evals/s, 675 msg/s, 13.9 leaves/msg, 345s)
2026-07-29 15:36:18 [iter 14/70] self-play: 60/70 games...
2026-07-29 15:36:21   [GPU] 3,300,031 evals (23268 batches, avg 142/batch = 28% of 512, 9351 evals/s, 672 msg/s, 13.9 leaves/msg, 353s)
2026-07-29 15:36:30   [GPU] 3,350,017 evals (24010 batches, avg 140/batch = 27% of 512, 9278 evals/s, 666 msg/s, 13.9 leaves/msg, 361s)
2026-07-29 15:36:39   [GPU] 3,400,043 evals (24833 batches, avg 137/batch = 27% of 512, 9186 evals/s, 660 msg/s, 13.9 leaves/msg, 370s)
2026-07-29 15:36:48   [GPU] 3,450,013 evals (25702 batches, avg 134/batch = 26% of 512, 9093 evals/s, 654 msg/s, 13.9 leaves/msg, 379s)
2026-07-29 15:36:59 [iter 14/70] self-play: 65/70 games...
2026-07-29 15:37:00   [GPU] 3,500,005 evals (26890 batches, avg 130/batch = 25% of 512, 8931 evals/s, 645 msg/s, 13.9 leaves/msg, 392s)
2026-07-29 15:37:04 [iter 14/70] self-play: 70/70 games...
2026-07-29 15:37:05 [iter 14/70] self-play done: 70 games (398s) | wins: P0=20, P1=3, P2=13, P3=28, draw=6 | draw_rate=9% avg_len~73
2026-07-29 15:37:05 [iter 14/70] training (600 steps, lr=9.26e-04)...
2026-07-29 15:37:13 [iter 14/70] training done: loss_p=1.612 loss_v=0.038 (8s)
2026-07-29 15:37:13 [iter 14/70] eval skipped (eval_every=5)
2026-07-29 15:37:13 >>> iter 14 | loss_p=1.612 loss_v=0.038 | vs_best=n/a (not evaluated) | vs_rand=n/a | draw=9% | buf=129360 | sp=398s train=8s eval_best=0s eval_rand=0s | total=407s
2026-07-29 15:37:13 [iter 15/70] self-play starting (70 games, 600 sims)...
2026-07-29 15:37:16 [PARALLEL-MP] 64 workers spawned (70 games, sims=600), GPU batcher starting...
2026-07-29 15:37:28   [GPU] 50,032 evals (366 batches, avg 137/batch = 27% of 512, 4023 evals/s, 264 msg/s, 15.3 leaves/msg, 12s)
2026-07-29 15:37:36   [GPU] 100,176 evals (697 batches, avg 144/batch = 28% of 512, 5019 evals/s, 326 msg/s, 15.4 leaves/msg, 20s)
2026-07-29 15:37:43   [GPU] 150,042 evals (1047 batches, avg 143/batch = 28% of 512, 5415 evals/s, 351 msg/s, 15.4 leaves/msg, 28s)
2026-07-29 15:37:51   [GPU] 200,131 evals (1393 batches, avg 144/batch = 28% of 512, 5724 evals/s, 372 msg/s, 15.4 leaves/msg, 35s)
2026-07-29 15:37:58   [GPU] 250,015 evals (1729 batches, avg 145/batch = 28% of 512, 5917 evals/s, 384 msg/s, 15.4 leaves/msg, 42s)
2026-07-29 15:38:05   [GPU] 300,023 evals (2055 batches, avg 146/batch = 29% of 512, 6082 evals/s, 395 msg/s, 15.4 leaves/msg, 49s)
2026-07-29 15:38:12   [GPU] 350,088 evals (2388 batches, avg 147/batch = 29% of 512, 6205 evals/s, 403 msg/s, 15.4 leaves/msg, 56s)
2026-07-29 15:38:19   [GPU] 400,027 evals (2713 batches, avg 147/batch = 29% of 512, 6334 evals/s, 411 msg/s, 15.4 leaves/msg, 63s)
2026-07-29 15:38:26   [GPU] 450,103 evals (3027 batches, avg 149/batch = 29% of 512, 6429 evals/s, 417 msg/s, 15.4 leaves/msg, 70s)
2026-07-29 15:38:32   [GPU] 500,159 evals (3351 batches, avg 149/batch = 29% of 512, 6521 evals/s, 423 msg/s, 15.4 leaves/msg, 77s)
2026-07-29 15:38:39   [GPU] 550,071 evals (3663 batches, avg 150/batch = 29% of 512, 6624 evals/s, 430 msg/s, 15.4 leaves/msg, 83s)
2026-07-29 15:38:45   [GPU] 600,187 evals (3983 batches, avg 151/batch = 29% of 512, 6726 evals/s, 437 msg/s, 15.4 leaves/msg, 89s)
2026-07-29 15:38:51   [GPU] 650,217 evals (4289 batches, avg 152/batch = 30% of 512, 6849 evals/s, 445 msg/s, 15.4 leaves/msg, 95s)
2026-07-29 15:38:55   [GPU] 700,206 evals (4599 batches, avg 152/batch = 30% of 512, 7024 evals/s, 456 msg/s, 15.4 leaves/msg, 100s)
2026-07-29 15:39:00   [GPU] 750,037 evals (4921 batches, avg 152/batch = 30% of 512, 7186 evals/s, 467 msg/s, 15.4 leaves/msg, 104s)
2026-07-29 15:39:05   [GPU] 800,083 evals (5250 batches, avg 152/batch = 30% of 512, 7330 evals/s, 477 msg/s, 15.4 leaves/msg, 109s)
2026-07-29 15:39:10   [GPU] 850,099 evals (5568 batches, avg 153/batch = 30% of 512, 7473 evals/s, 487 msg/s, 15.3 leaves/msg, 114s)
2026-07-29 15:39:14   [GPU] 900,140 evals (5904 batches, avg 152/batch = 30% of 512, 7597 evals/s, 496 msg/s, 15.3 leaves/msg, 118s)
2026-07-29 15:39:19   [GPU] 950,181 evals (6227 batches, avg 153/batch = 30% of 512, 7716 evals/s, 505 msg/s, 15.3 leaves/msg, 123s)
2026-07-29 15:39:24   [GPU] 1,000,120 evals (6547 batches, avg 153/batch = 30% of 512, 7826 evals/s, 513 msg/s, 15.2 leaves/msg, 128s)
2026-07-29 15:39:28   [GPU] 1,050,079 evals (6883 batches, avg 153/batch = 30% of 512, 7923 evals/s, 521 msg/s, 15.2 leaves/msg, 133s)
2026-07-29 15:39:33   [GPU] 1,100,079 evals (7222 batches, avg 152/batch = 30% of 512, 8013 evals/s, 528 msg/s, 15.2 leaves/msg, 137s)
2026-07-29 15:39:38   [GPU] 1,150,055 evals (7559 batches, avg 152/batch = 30% of 512, 8098 evals/s, 534 msg/s, 15.2 leaves/msg, 142s)
2026-07-29 15:39:43   [GPU] 1,200,070 evals (7894 batches, avg 152/batch = 30% of 512, 8170 evals/s, 540 msg/s, 15.1 leaves/msg, 147s)
2026-07-29 15:39:47   [GPU] 1,250,050 evals (8233 batches, avg 152/batch = 30% of 512, 8240 evals/s, 546 msg/s, 15.1 leaves/msg, 152s)
2026-07-29 15:39:52   [GPU] 1,300,132 evals (8571 batches, avg 152/batch = 30% of 512, 8307 evals/s, 551 msg/s, 15.1 leaves/msg, 157s)
2026-07-29 15:39:57   [GPU] 1,350,095 evals (8913 batches, avg 151/batch = 30% of 512, 8378 evals/s, 556 msg/s, 15.1 leaves/msg, 161s)
2026-07-29 15:40:02   [GPU] 1,400,126 evals (9248 batches, avg 151/batch = 30% of 512, 8442 evals/s, 561 msg/s, 15.0 leaves/msg, 166s)
2026-07-29 15:40:06   [GPU] 1,450,048 evals (9580 batches, avg 151/batch = 30% of 512, 8502 evals/s, 566 msg/s, 15.0 leaves/msg, 171s)
2026-07-29 15:40:11   [GPU] 1,500,049 evals (9921 batches, avg 151/batch = 30% of 512, 8557 evals/s, 570 msg/s, 15.0 leaves/msg, 175s)
2026-07-29 15:40:16   [GPU] 1,550,137 evals (10244 batches, avg 151/batch = 30% of 512, 8615 evals/s, 575 msg/s, 15.0 leaves/msg, 180s)
2026-07-29 15:40:20   [GPU] 1,600,169 evals (10588 batches, avg 151/batch = 30% of 512, 8664 evals/s, 579 msg/s, 15.0 leaves/msg, 185s)
2026-07-29 15:40:25   [GPU] 1,650,065 evals (10924 batches, avg 151/batch = 30% of 512, 8712 evals/s, 583 msg/s, 14.9 leaves/msg, 189s)
2026-07-29 15:40:30   [GPU] 1,700,117 evals (11262 batches, avg 151/batch = 29% of 512, 8761 evals/s, 587 msg/s, 14.9 leaves/msg, 194s)
2026-07-29 15:40:35   [GPU] 1,750,201 evals (11614 batches, avg 151/batch = 29% of 512, 8800 evals/s, 591 msg/s, 14.9 leaves/msg, 199s)
2026-07-29 15:40:39   [GPU] 1,800,105 evals (11958 batches, avg 151/batch = 29% of 512, 8839 evals/s, 594 msg/s, 14.9 leaves/msg, 204s)
2026-07-29 15:40:44   [GPU] 1,850,043 evals (12305 batches, avg 150/batch = 29% of 512, 8875 evals/s, 598 msg/s, 14.8 leaves/msg, 208s)
2026-07-29 15:40:49   [GPU] 1,900,107 evals (12655 batches, avg 150/batch = 29% of 512, 8909 evals/s, 601 msg/s, 14.8 leaves/msg, 213s)
2026-07-29 15:40:54   [GPU] 1,950,012 evals (13002 batches, avg 150/batch = 29% of 512, 8941 evals/s, 605 msg/s, 14.8 leaves/msg, 218s)
2026-07-29 15:40:59   [GPU] 2,000,134 evals (13356 batches, avg 150/batch = 29% of 512, 8971 evals/s, 608 msg/s, 14.7 leaves/msg, 223s)
2026-07-29 15:41:04   [GPU] 2,050,139 evals (13708 batches, avg 150/batch = 29% of 512, 8998 evals/s, 612 msg/s, 14.7 leaves/msg, 228s)
2026-07-29 15:41:09   [GPU] 2,100,017 evals (14073 batches, avg 149/batch = 29% of 512, 9019 evals/s, 616 msg/s, 14.7 leaves/msg, 233s)
2026-07-29 15:41:13 [iter 15/70] self-play: 5/70 games...
2026-07-29 15:41:14   [GPU] 2,150,043 evals (14454 batches, avg 149/batch = 29% of 512, 9025 evals/s, 619 msg/s, 14.6 leaves/msg, 238s)
2026-07-29 15:41:18 [iter 15/70] self-play: 10/70 games...
2026-07-29 15:41:19   [GPU] 2,200,047 evals (14824 batches, avg 148/batch = 29% of 512, 9040 evals/s, 623 msg/s, 14.5 leaves/msg, 243s)
2026-07-29 15:41:23 [iter 15/70] self-play: 15/70 games...
2026-07-29 15:41:24   [GPU] 2,250,056 evals (15194 batches, avg 148/batch = 29% of 512, 9058 evals/s, 626 msg/s, 14.5 leaves/msg, 248s)
2026-07-29 15:41:29   [GPU] 2,300,084 evals (15557 batches, avg 148/batch = 29% of 512, 9077 evals/s, 629 msg/s, 14.4 leaves/msg, 253s)
2026-07-29 15:41:34 [iter 15/70] self-play: 20/70 games...
2026-07-29 15:41:34   [GPU] 2,350,019 evals (15913 batches, avg 148/batch = 29% of 512, 9094 evals/s, 632 msg/s, 14.4 leaves/msg, 258s)
2026-07-29 15:41:39   [GPU] 2,400,069 evals (16261 batches, avg 148/batch = 29% of 512, 9116 evals/s, 635 msg/s, 14.4 leaves/msg, 263s)
2026-07-29 15:41:44   [GPU] 2,450,104 evals (16614 batches, avg 147/batch = 29% of 512, 9131 evals/s, 637 msg/s, 14.3 leaves/msg, 268s)
2026-07-29 15:41:45 [iter 15/70] self-play: 25/70 games...
2026-07-29 15:41:49   [GPU] 2,500,077 evals (16976 batches, avg 147/batch = 29% of 512, 9148 evals/s, 640 msg/s, 14.3 leaves/msg, 273s)
2026-07-29 15:41:54 [iter 15/70] self-play: 30/70 games...
2026-07-29 15:41:54   [GPU] 2,550,007 evals (17324 batches, avg 147/batch = 29% of 512, 9166 evals/s, 642 msg/s, 14.3 leaves/msg, 278s)
2026-07-29 15:41:59   [GPU] 2,600,025 evals (17678 batches, avg 147/batch = 29% of 512, 9184 evals/s, 645 msg/s, 14.2 leaves/msg, 283s)
2026-07-29 15:42:03 [iter 15/70] self-play: 35/70 games...
2026-07-29 15:42:04   [GPU] 2,650,069 evals (18032 batches, avg 147/batch = 29% of 512, 9201 evals/s, 647 msg/s, 14.2 leaves/msg, 288s)
2026-07-29 15:42:09   [GPU] 2,700,093 evals (18380 batches, avg 147/batch = 29% of 512, 9222 evals/s, 649 msg/s, 14.2 leaves/msg, 293s)
2026-07-29 15:42:13   [GPU] 2,750,025 evals (18734 batches, avg 147/batch = 29% of 512, 9238 evals/s, 651 msg/s, 14.2 leaves/msg, 298s)
2026-07-29 15:42:18   [GPU] 2,800,150 evals (19082 batches, avg 147/batch = 29% of 512, 9257 evals/s, 653 msg/s, 14.2 leaves/msg, 302s)
2026-07-29 15:42:20 [iter 15/70] self-play: 40/70 games...
2026-07-29 15:42:23   [GPU] 2,850,055 evals (19425 batches, avg 147/batch = 29% of 512, 9276 evals/s, 654 msg/s, 14.2 leaves/msg, 307s)
2026-07-29 15:42:28   [GPU] 2,900,120 evals (19765 batches, avg 147/batch = 29% of 512, 9293 evals/s, 656 msg/s, 14.2 leaves/msg, 312s)
2026-07-29 15:42:33   [GPU] 2,950,062 evals (20101 batches, avg 147/batch = 29% of 512, 9309 evals/s, 657 msg/s, 14.2 leaves/msg, 317s)
2026-07-29 15:42:38   [GPU] 3,000,014 evals (20448 batches, avg 147/batch = 29% of 512, 9323 evals/s, 659 msg/s, 14.2 leaves/msg, 322s)
2026-07-29 15:42:43   [GPU] 3,050,008 evals (20803 batches, avg 147/batch = 29% of 512, 9333 evals/s, 660 msg/s, 14.1 leaves/msg, 327s)
2026-07-29 15:42:44 [iter 15/70] self-play: 45/70 games...
2026-07-29 15:42:48   [GPU] 3,100,175 evals (21159 batches, avg 147/batch = 29% of 512, 9345 evals/s, 662 msg/s, 14.1 leaves/msg, 332s)
2026-07-29 15:42:52   [GPU] 3,150,074 evals (21507 batches, avg 146/batch = 29% of 512, 9358 evals/s, 663 msg/s, 14.1 leaves/msg, 337s)
2026-07-29 15:42:57   [GPU] 3,200,052 evals (21859 batches, avg 146/batch = 29% of 512, 9373 evals/s, 665 msg/s, 14.1 leaves/msg, 341s)
2026-07-29 15:43:02   [GPU] 3,250,136 evals (22218 batches, avg 146/batch = 29% of 512, 9386 evals/s, 666 msg/s, 14.1 leaves/msg, 346s)
2026-07-29 15:43:02 [iter 15/70] self-play: 50/70 games...
2026-07-29 15:43:07   [GPU] 3,300,030 evals (22602 batches, avg 146/batch = 29% of 512, 9392 evals/s, 668 msg/s, 14.1 leaves/msg, 351s)
2026-07-29 15:43:13   [GPU] 3,350,009 evals (23012 batches, avg 146/batch = 28% of 512, 9390 evals/s, 668 msg/s, 14.0 leaves/msg, 357s)
2026-07-29 15:43:14 [iter 15/70] self-play: 55/70 games...
2026-07-29 15:43:18   [GPU] 3,400,046 evals (23443 batches, avg 145/batch = 28% of 512, 9388 evals/s, 668 msg/s, 14.0 leaves/msg, 362s)
2026-07-29 15:43:23   [GPU] 3,450,042 evals (23879 batches, avg 144/batch = 28% of 512, 9383 evals/s, 668 msg/s, 14.0 leaves/msg, 368s)
2026-07-29 15:43:29   [GPU] 3,500,022 evals (24357 batches, avg 144/batch = 28% of 512, 9373 evals/s, 668 msg/s, 14.0 leaves/msg, 373s)
2026-07-29 15:43:35   [GPU] 3,550,066 evals (24893 batches, avg 143/batch = 28% of 512, 9349 evals/s, 667 msg/s, 14.0 leaves/msg, 380s)
2026-07-29 15:43:42   [GPU] 3,600,029 evals (25483 batches, avg 141/batch = 28% of 512, 9317 evals/s, 664 msg/s, 14.0 leaves/msg, 386s)
2026-07-29 15:43:49   [GPU] 3,650,065 evals (26082 batches, avg 140/batch = 27% of 512, 9291 evals/s, 662 msg/s, 14.0 leaves/msg, 393s)
2026-07-29 15:43:55 [iter 15/70] self-play: 60/70 games...
2026-07-29 15:43:55   [GPU] 3,700,095 evals (26701 batches, avg 139/batch = 27% of 512, 9259 evals/s, 660 msg/s, 14.0 leaves/msg, 400s)
2026-07-29 15:44:03   [GPU] 3,750,025 evals (27367 batches, avg 137/batch = 27% of 512, 9218 evals/s, 657 msg/s, 14.0 leaves/msg, 407s)
2026-07-29 15:44:11 [iter 15/70] self-play: 65/70 games...
2026-07-29 15:44:17   [GPU] 3,800,014 evals (28590 batches, avg 133/batch = 26% of 512, 9021 evals/s, 646 msg/s, 14.0 leaves/msg, 421s)
2026-07-29 15:45:03 [iter 15/70] self-play: 70/70 games...
2026-07-29 15:45:03 [iter 15/70] self-play done: 70 games (470s) | wins: P0=39, P1=2, P2=6, P3=14, draw=9 | draw_rate=13% avg_len~73
2026-07-29 15:45:03 [iter 15/70] training (600 steps, lr=9.14e-04)...
2026-07-29 15:45:11 [iter 15/70] training done: loss_p=1.605 loss_v=0.038 (8s)
2026-07-29 15:45:11 [iter 15/70] eval vs best (80 games, 200 sims)...
2026-07-29 15:45:13 [EVAL-MP] 64 workers spawned (80 vs_best games, sims=200), GPU batcher starting...
2026-07-29 15:45:26   [GPU] 50,124 evals (348 batches, avg 144/batch = 28% of 512, 3907 evals/s, 272 msg/s, 14.4 leaves/msg, 13s)
2026-07-29 15:45:33   [GPU] 100,089 evals (688 batches, avg 145/batch = 28% of 512, 5069 evals/s, 353 msg/s, 14.4 leaves/msg, 20s)
2026-07-29 15:45:40   [GPU] 150,154 evals (1027 batches, avg 146/batch = 29% of 512, 5660 evals/s, 395 msg/s, 14.3 leaves/msg, 27s)
2026-07-29 15:45:46   [GPU] 200,201 evals (1358 batches, avg 147/batch = 29% of 512, 6081 evals/s, 424 msg/s, 14.3 leaves/msg, 33s)
2026-07-29 15:45:52   [GPU] 250,171 evals (1689 batches, avg 148/batch = 29% of 512, 6426 evals/s, 448 msg/s, 14.3 leaves/msg, 39s)
2026-07-29 15:45:58   [GPU] 300,156 evals (2009 batches, avg 149/batch = 29% of 512, 6731 evals/s, 469 msg/s, 14.3 leaves/msg, 45s)
2026-07-29 15:46:04   [GPU] 350,019 evals (2333 batches, avg 150/batch = 29% of 512, 6959 evals/s, 485 msg/s, 14.3 leaves/msg, 50s)
2026-07-29 15:46:09 [iter 15/70] eval vs best: 5/80 games (58s, cand 0%)
2026-07-29 15:46:09   [GPU] 400,021 evals (2662 batches, avg 150/batch = 29% of 512, 7120 evals/s, 497 msg/s, 14.3 leaves/msg, 56s)
2026-07-29 15:46:10 [iter 15/70] eval vs best: 10/80 games (59s, cand 0%)
2026-07-29 15:46:11 [iter 15/70] eval vs best: 15/80 games (59s, cand 0%)
2026-07-29 15:46:12 [iter 15/70] eval vs best: 20/80 games (61s, cand 0%)
2026-07-29 15:46:14 [iter 15/70] eval vs best: 25/80 games (63s, cand 0%)
2026-07-29 15:46:15   [GPU] 450,083 evals (2993 batches, avg 150/batch = 29% of 512, 7245 evals/s, 506 msg/s, 14.3 leaves/msg, 62s)
2026-07-29 15:46:19 [iter 15/70] eval vs best: 30/80 games (68s, cand 0%)
2026-07-29 15:46:21   [GPU] 500,073 evals (3334 batches, avg 150/batch = 29% of 512, 7347 evals/s, 514 msg/s, 14.3 leaves/msg, 68s)
2026-07-29 15:46:23 [iter 15/70] eval vs best: 35/80 games (72s, cand 0%)
2026-07-29 15:46:27   [GPU] 550,059 evals (3681 batches, avg 149/batch = 29% of 512, 7443 evals/s, 522 msg/s, 14.3 leaves/msg, 74s)
2026-07-29 15:46:28 [iter 15/70] eval vs best: 40/80 games (77s, cand 0%)
2026-07-29 15:46:33   [GPU] 600,130 evals (4045 batches, avg 148/batch = 29% of 512, 7499 evals/s, 527 msg/s, 14.2 leaves/msg, 80s)
2026-07-29 15:46:37 [iter 15/70] eval vs best: 45/80 games (85s, cand 4%)
2026-07-29 15:46:39   [GPU] 650,110 evals (4427 batches, avg 147/batch = 29% of 512, 7549 evals/s, 532 msg/s, 14.2 leaves/msg, 86s)
2026-07-29 15:46:46   [GPU] 700,124 evals (4813 batches, avg 145/batch = 28% of 512, 7576 evals/s, 535 msg/s, 14.2 leaves/msg, 92s)
2026-07-29 15:46:49 [iter 15/70] eval vs best: 50/80 games (98s, cand 6%)
2026-07-29 15:46:52   [GPU] 750,060 evals (5222 batches, avg 144/batch = 28% of 512, 7583 evals/s, 537 msg/s, 14.1 leaves/msg, 99s)
2026-07-29 15:46:59   [GPU] 800,112 evals (5645 batches, avg 142/batch = 28% of 512, 7582 evals/s, 538 msg/s, 14.1 leaves/msg, 106s)
2026-07-29 15:47:06   [GPU] 850,031 evals (6085 batches, avg 140/batch = 27% of 512, 7554 evals/s, 537 msg/s, 14.1 leaves/msg, 113s)
2026-07-29 15:47:06 [iter 15/70] eval vs best: 55/80 games (115s, cand 7%)
2026-07-29 15:47:13   [GPU] 900,064 evals (6574 batches, avg 137/batch = 27% of 512, 7509 evals/s, 536 msg/s, 14.0 leaves/msg, 120s)
2026-07-29 15:47:21   [GPU] 950,031 evals (7086 batches, avg 134/batch = 26% of 512, 7451 evals/s, 534 msg/s, 14.0 leaves/msg, 127s)
2026-07-29 15:47:28 [iter 15/70] eval vs best: 60/80 games (137s, cand 10%)
2026-07-29 15:47:29   [GPU] 1,000,025 evals (7660 batches, avg 131/batch = 25% of 512, 7380 evals/s, 530 msg/s, 13.9 leaves/msg, 136s)
2026-07-29 15:47:37 [iter 15/70] eval vs best: 65/80 games (145s, cand 10%)
2026-07-29 15:47:40   [GPU] 1,050,028 evals (8597 batches, avg 122/batch = 24% of 512, 7135 evals/s, 513 msg/s, 13.9 leaves/msg, 147s)
2026-07-29 15:47:55   [GPU] 1,100,002 evals (9833 batches, avg 112/batch = 22% of 512, 6783 evals/s, 487 msg/s, 13.9 leaves/msg, 162s)
2026-07-29 15:48:02 [iter 15/70] eval vs best: 70/80 games (171s, cand 10%)
2026-07-29 15:48:23   [GPU] 1,150,019 evals (11789 batches, avg 98/batch = 19% of 512, 6054 evals/s, 435 msg/s, 13.9 leaves/msg, 190s)
2026-07-29 15:48:40 [iter 15/70] eval vs best: 75/80 games (209s, cand 12%)
2026-07-29 15:49:17   [GPU] 1,200,000 evals (14385 batches, avg 83/batch = 16% of 512, 4925 evals/s, 353 msg/s, 13.9 leaves/msg, 244s)
2026-07-29 15:50:18   [GPU] 1,250,024 evals (17128 batches, avg 73/batch = 14% of 512, 4104 evals/s, 294 msg/s, 14.0 leaves/msg, 305s)
2026-07-29 15:51:23 [iter 15/70] eval vs best: 80/80 games (372s, cand 12%)
2026-07-29 15:51:23 [iter 15/70] eval vs best done: 11.7% of 60 decided reject (372s)
2026-07-29 15:51:23 [iter 15/70] eval vs random (40 games, 200 sims)...
2026-07-29 15:51:24 [EVAL-MP] 40 workers spawned (40 vs_random games, sims=200), GPU batcher starting...
2026-07-29 15:51:34   [GPU] 50,022 evals (420 batches, avg 119/batch = 23% of 512, 5532 evals/s, 394 msg/s, 14.0 leaves/msg, 9s)
2026-07-29 15:51:39   [GPU] 100,093 evals (777 batches, avg 129/batch = 25% of 512, 6848 evals/s, 516 msg/s, 13.3 leaves/msg, 15s)
2026-07-29 15:51:41 [iter 15/70] eval vs random: 5/40 games (18s, cand 100%)
2026-07-29 15:51:44 [iter 15/70] eval vs random: 10/40 games (21s, cand 100%)
2026-07-29 15:51:44   [GPU] 150,055 evals (1135 batches, avg 132/batch = 26% of 512, 7555 evals/s, 593 msg/s, 12.7 leaves/msg, 20s)
2026-07-29 15:51:50   [GPU] 200,125 evals (1516 batches, avg 132/batch = 26% of 512, 7960 evals/s, 636 msg/s, 12.5 leaves/msg, 25s)
2026-07-29 15:51:55   [GPU] 250,114 evals (1903 batches, avg 131/batch = 26% of 512, 8192 evals/s, 670 msg/s, 12.2 leaves/msg, 31s)
2026-07-29 15:51:56 [iter 15/70] eval vs random: 15/40 games (33s, cand 87%)
2026-07-29 15:51:59 [iter 15/70] eval vs random: 20/40 games (36s, cand 76%)
2026-07-29 15:52:00 [iter 15/70] eval vs random: 25/40 games (36s, cand 68%)
2026-07-29 15:52:00 [iter 15/70] eval vs random: 30/40 games (36s, cand 68%)
2026-07-29 15:52:00 [iter 15/70] eval vs random: 35/40 games (37s, cand 68%)
2026-07-29 15:52:01 [iter 15/70] eval vs random: 40/40 games (38s, cand 62%)
2026-07-29 15:52:02 [iter 15/70] eval vs random done: 61.9% (39s)
2026-07-29 15:52:02 >>> iter 15 | loss_p=1.605 loss_v=0.038 | vs_best=11.7% reject | vs_rand=61.9% | draw=13% | buf=139554 | sp=470s train=8s eval_best=372s eval_rand=39s | total=889s
2026-07-29 15:52:02 [iter 16/70] self-play starting (70 games, 600 sims)...
2026-07-29 15:52:04 [PARALLEL-MP] 64 workers spawned (70 games, sims=600), GPU batcher starting...
2026-07-29 15:52:16   [GPU] 50,128 evals (366 batches, avg 137/batch = 27% of 512, 4098 evals/s, 269 msg/s, 15.3 leaves/msg, 12s)
2026-07-29 15:52:24   [GPU] 100,016 evals (686 batches, avg 146/batch = 28% of 512, 5147 evals/s, 334 msg/s, 15.4 leaves/msg, 19s)
2026-07-29 15:52:31   [GPU] 150,061 evals (1038 batches, avg 145/batch = 28% of 512, 5573 evals/s, 362 msg/s, 15.4 leaves/msg, 27s)
2026-07-29 15:52:38   [GPU] 200,003 evals (1366 batches, avg 146/batch = 29% of 512, 5882 evals/s, 383 msg/s, 15.4 leaves/msg, 34s)
2026-07-29 15:52:45   [GPU] 250,048 evals (1704 batches, avg 147/batch = 29% of 512, 6082 evals/s, 395 msg/s, 15.4 leaves/msg, 41s)
2026-07-29 15:52:52   [GPU] 300,108 evals (2035 batches, avg 147/batch = 29% of 512, 6236 evals/s, 405 msg/s, 15.4 leaves/msg, 48s)
2026-07-29 15:52:59   [GPU] 350,093 evals (2363 batches, avg 148/batch = 29% of 512, 6364 evals/s, 413 msg/s, 15.4 leaves/msg, 55s)
2026-07-29 15:53:06   [GPU] 400,086 evals (2676 batches, avg 150/batch = 29% of 512, 6482 evals/s, 421 msg/s, 15.4 leaves/msg, 62s)
2026-07-29 15:53:12   [GPU] 450,135 evals (2999 batches, avg 150/batch = 29% of 512, 6597 evals/s, 428 msg/s, 15.4 leaves/msg, 68s)
2026-07-29 15:53:19   [GPU] 500,040 evals (3313 batches, avg 151/batch = 29% of 512, 6711 evals/s, 436 msg/s, 15.4 leaves/msg, 75s)
2026-07-29 15:53:25   [GPU] 550,224 evals (3628 batches, avg 152/batch = 30% of 512, 6809 evals/s, 442 msg/s, 15.4 leaves/msg, 81s)
2026-07-29 15:53:31   [GPU] 600,197 evals (3942 batches, avg 152/batch = 30% of 512, 6903 evals/s, 448 msg/s, 15.4 leaves/msg, 87s)
2026-07-29 15:53:37   [GPU] 650,180 evals (4265 batches, avg 152/batch = 30% of 512, 7019 evals/s, 456 msg/s, 15.4 leaves/msg, 93s)
2026-07-29 15:53:42   [GPU] 700,012 evals (4586 batches, avg 153/batch = 30% of 512, 7180 evals/s, 466 msg/s, 15.4 leaves/msg, 97s)
2026-07-29 15:53:46   [GPU] 750,118 evals (4899 batches, avg 153/batch = 30% of 512, 7350 evals/s, 477 msg/s, 15.4 leaves/msg, 102s)
2026-07-29 15:53:51   [GPU] 800,112 evals (5221 batches, avg 153/batch = 30% of 512, 7489 evals/s, 487 msg/s, 15.4 leaves/msg, 107s)
2026-07-29 15:53:56   [GPU] 850,015 evals (5540 batches, avg 153/batch = 30% of 512, 7622 evals/s, 497 msg/s, 15.3 leaves/msg, 112s)
2026-07-29 15:54:00   [GPU] 900,190 evals (5868 batches, avg 153/batch = 30% of 512, 7743 evals/s, 506 msg/s, 15.3 leaves/msg, 116s)
2026-07-29 15:54:05   [GPU] 950,059 evals (6191 batches, avg 153/batch = 30% of 512, 7858 evals/s, 515 msg/s, 15.3 leaves/msg, 121s)
2026-07-29 15:54:10   [GPU] 1,000,012 evals (6517 batches, avg 153/batch = 30% of 512, 7963 evals/s, 523 msg/s, 15.2 leaves/msg, 126s)
2026-07-29 15:54:14   [GPU] 1,050,123 evals (6847 batches, avg 153/batch = 30% of 512, 8060 evals/s, 530 msg/s, 15.2 leaves/msg, 130s)
2026-07-29 15:54:19   [GPU] 1,100,001 evals (7182 batches, avg 153/batch = 30% of 512, 8149 evals/s, 537 msg/s, 15.2 leaves/msg, 135s)
2026-07-29 15:54:24   [GPU] 1,150,195 evals (7507 batches, avg 153/batch = 30% of 512, 8235 evals/s, 544 msg/s, 15.2 leaves/msg, 140s)
2026-07-29 15:54:29   [GPU] 1,200,006 evals (7843 batches, avg 153/batch = 30% of 512, 8313 evals/s, 550 msg/s, 15.1 leaves/msg, 144s)
2026-07-29 15:54:33   [GPU] 1,250,002 evals (8173 batches, avg 153/batch = 30% of 512, 8385 evals/s, 556 msg/s, 15.1 leaves/msg, 149s)
2026-07-29 15:54:38   [GPU] 1,300,024 evals (8508 batches, avg 153/batch = 30% of 512, 8450 evals/s, 561 msg/s, 15.1 leaves/msg, 154s)
2026-07-29 15:54:43   [GPU] 1,350,070 evals (8837 batches, avg 153/batch = 30% of 512, 8517 evals/s, 566 msg/s, 15.0 leaves/msg, 159s)
2026-07-29 15:54:47   [GPU] 1,400,061 evals (9162 batches, avg 153/batch = 30% of 512, 8584 evals/s, 571 msg/s, 15.0 leaves/msg, 163s)
2026-07-29 15:54:52   [GPU] 1,450,157 evals (9503 batches, avg 153/batch = 30% of 512, 8645 evals/s, 576 msg/s, 15.0 leaves/msg, 168s)
2026-07-29 15:54:57   [GPU] 1,500,036 evals (9830 batches, avg 153/batch = 30% of 512, 8701 evals/s, 581 msg/s, 15.0 leaves/msg, 172s)
2026-07-29 15:55:01   [GPU] 1,550,161 evals (10171 batches, avg 152/batch = 30% of 512, 8755 evals/s, 586 msg/s, 14.9 leaves/msg, 177s)
2026-07-29 15:55:06   [GPU] 1,600,051 evals (10500 batches, avg 152/batch = 30% of 512, 8809 evals/s, 590 msg/s, 14.9 leaves/msg, 182s)
2026-07-29 15:55:11   [GPU] 1,650,045 evals (10845 batches, avg 152/batch = 30% of 512, 8846 evals/s, 594 msg/s, 14.9 leaves/msg, 187s)
2026-07-29 15:55:15   [GPU] 1,700,058 evals (11181 batches, avg 152/batch = 30% of 512, 8891 evals/s, 598 msg/s, 14.9 leaves/msg, 191s)
2026-07-29 15:55:20   [GPU] 1,750,205 evals (11526 batches, avg 152/batch = 30% of 512, 8931 evals/s, 602 msg/s, 14.8 leaves/msg, 196s)
2026-07-29 15:55:25   [GPU] 1,800,036 evals (11869 batches, avg 152/batch = 30% of 512, 8962 evals/s, 606 msg/s, 14.8 leaves/msg, 201s)
2026-07-29 15:55:30   [GPU] 1,850,045 evals (12225 batches, avg 151/batch = 30% of 512, 8987 evals/s, 610 msg/s, 14.7 leaves/msg, 206s)
2026-07-29 15:55:35   [GPU] 1,900,009 evals (12594 batches, avg 151/batch = 29% of 512, 9003 evals/s, 614 msg/s, 14.7 leaves/msg, 211s)
2026-07-29 15:55:36 [iter 16/70] self-play: 5/70 games...
2026-07-29 15:55:40   [GPU] 1,950,054 evals (12959 batches, avg 150/batch = 29% of 512, 9017 evals/s, 617 msg/s, 14.6 leaves/msg, 216s)
2026-07-29 15:55:44 [iter 16/70] self-play: 10/70 games...
2026-07-29 15:55:46   [GPU] 2,000,044 evals (13318 batches, avg 150/batch = 29% of 512, 9035 evals/s, 621 msg/s, 14.6 leaves/msg, 221s)
2026-07-29 15:55:51   [GPU] 2,050,093 evals (13668 batches, avg 150/batch = 29% of 512, 9056 evals/s, 624 msg/s, 14.5 leaves/msg, 226s)
2026-07-29 15:55:56   [GPU] 2,100,072 evals (14029 batches, avg 150/batch = 29% of 512, 9073 evals/s, 627 msg/s, 14.5 leaves/msg, 231s)
2026-07-29 15:55:57 [iter 16/70] self-play: 15/70 games...
2026-07-29 15:56:01   [GPU] 2,150,230 evals (14379 batches, avg 150/batch = 29% of 512, 9097 evals/s, 630 msg/s, 14.4 leaves/msg, 236s)
2026-07-29 15:56:05   [GPU] 2,200,085 evals (14731 batches, avg 149/batch = 29% of 512, 9119 evals/s, 633 msg/s, 14.4 leaves/msg, 241s)
2026-07-29 15:56:11   [GPU] 2,250,042 evals (15108 batches, avg 149/batch = 29% of 512, 9132 evals/s, 636 msg/s, 14.3 leaves/msg, 246s)
2026-07-29 15:56:11 [iter 16/70] self-play: 20/70 games...
2026-07-29 15:56:16   [GPU] 2,300,149 evals (15489 batches, avg 149/batch = 29% of 512, 9135 evals/s, 640 msg/s, 14.3 leaves/msg, 252s)
2026-07-29 15:56:18 [iter 16/70] self-play: 25/70 games...
2026-07-29 15:56:21   [GPU] 2,350,058 evals (15874 batches, avg 148/batch = 29% of 512, 9133 evals/s, 643 msg/s, 14.2 leaves/msg, 257s)
2026-07-29 15:56:23 [iter 16/70] self-play: 30/70 games...
2026-07-29 15:56:27   [GPU] 2,400,085 evals (16249 batches, avg 148/batch = 29% of 512, 9146 evals/s, 648 msg/s, 14.1 leaves/msg, 262s)
2026-07-29 15:56:28 [iter 16/70] self-play: 35/70 games...
2026-07-29 15:56:32   [GPU] 2,450,088 evals (16637 batches, avg 147/batch = 29% of 512, 9150 evals/s, 651 msg/s, 14.0 leaves/msg, 268s)
2026-07-29 15:56:33 [iter 16/70] self-play: 40/70 games...
2026-07-29 15:56:36 [iter 16/70] self-play: 45/70 games...
2026-07-29 15:56:37   [GPU] 2,500,096 evals (17024 batches, avg 147/batch = 29% of 512, 9158 evals/s, 655 msg/s, 14.0 leaves/msg, 273s)
2026-07-29 15:56:42   [GPU] 2,550,134 evals (17410 batches, avg 146/batch = 29% of 512, 9170 evals/s, 657 msg/s, 14.0 leaves/msg, 278s)
2026-07-29 15:56:46 [iter 16/70] self-play: 50/70 games...
2026-07-29 15:56:48   [GPU] 2,600,025 evals (17811 batches, avg 146/batch = 29% of 512, 9176 evals/s, 658 msg/s, 13.9 leaves/msg, 283s)
2026-07-29 15:56:53   [GPU] 2,650,067 evals (18234 batches, avg 145/batch = 28% of 512, 9173 evals/s, 659 msg/s, 13.9 leaves/msg, 289s)
2026-07-29 15:56:56 [iter 16/70] self-play: 55/70 games...
2026-07-29 15:56:59   [GPU] 2,700,011 evals (18684 batches, avg 145/batch = 28% of 512, 9166 evals/s, 659 msg/s, 13.9 leaves/msg, 295s)
2026-07-29 15:57:05   [GPU] 2,750,024 evals (19180 batches, avg 143/batch = 28% of 512, 9147 evals/s, 658 msg/s, 13.9 leaves/msg, 301s)
2026-07-29 15:57:11   [GPU] 2,800,000 evals (19683 batches, avg 142/batch = 28% of 512, 9125 evals/s, 656 msg/s, 13.9 leaves/msg, 307s)
2026-07-29 15:57:17   [GPU] 2,850,046 evals (20204 batches, avg 141/batch = 28% of 512, 9106 evals/s, 655 msg/s, 13.9 leaves/msg, 313s)
2026-07-29 15:57:24   [GPU] 2,900,018 evals (20753 batches, avg 140/batch = 27% of 512, 9077 evals/s, 653 msg/s, 13.9 leaves/msg, 319s)
2026-07-29 15:57:31   [GPU] 2,950,028 evals (21352 batches, avg 138/batch = 27% of 512, 9036 evals/s, 650 msg/s, 13.9 leaves/msg, 326s)
2026-07-29 15:57:33 [iter 16/70] self-play: 60/70 games...
2026-07-29 15:57:38   [GPU] 3,000,015 evals (22010 batches, avg 136/batch = 27% of 512, 8981 evals/s, 646 msg/s, 13.9 leaves/msg, 334s)
2026-07-29 15:57:46   [GPU] 3,050,018 evals (22706 batches, avg 134/batch = 26% of 512, 8918 evals/s, 642 msg/s, 13.9 leaves/msg, 342s)
2026-07-29 15:57:55   [GPU] 3,100,002 evals (23522 batches, avg 132/batch = 26% of 512, 8829 evals/s, 636 msg/s, 13.9 leaves/msg, 351s)
2026-07-29 15:58:05   [GPU] 3,150,013 evals (24376 batches, avg 129/batch = 25% of 512, 8734 evals/s, 630 msg/s, 13.9 leaves/msg, 361s)
2026-07-29 15:58:16   [GPU] 3,200,051 evals (25452 batches, avg 126/batch = 25% of 512, 8601 evals/s, 620 msg/s, 13.9 leaves/msg, 372s)
2026-07-29 15:58:25 [iter 16/70] self-play: 65/70 games...
2026-07-29 15:58:32   [GPU] 3,250,023 evals (26953 batches, avg 121/batch = 24% of 512, 8381 evals/s, 606 msg/s, 13.8 leaves/msg, 388s)
2026-07-29 15:59:15 [iter 16/70] self-play: 70/70 games...
2026-07-29 15:59:15 [iter 16/70] self-play done: 70 games (433s) | wins: P0=35, P1=1, P2=12, P3=17, draw=5 | draw_rate=7% avg_len~72
2026-07-29 15:59:15 [iter 16/70] training (600 steps, lr=9.02e-04)...
2026-07-29 15:59:23 [iter 16/70] training done: loss_p=1.611 loss_v=0.040 (8s)
2026-07-29 15:59:23 [iter 16/70] eval skipped (eval_every=5)
2026-07-29 15:59:23 >>> iter 16 | loss_p=1.611 loss_v=0.040 | vs_best=n/a (not evaluated) | vs_rand=n/a | draw=7% | buf=149572 | sp=433s train=8s eval_best=0s eval_rand=0s | total=441s
2026-07-29 15:59:23 [iter 17/70] self-play starting (70 games, 600 sims)...
2026-07-29 15:59:25 [PARALLEL-MP] 64 workers spawned (70 games, sims=600), GPU batcher starting...
2026-07-29 15:59:39   [GPU] 50,080 evals (377 batches, avg 133/batch = 26% of 512, 3784 evals/s, 248 msg/s, 15.3 leaves/msg, 13s)
2026-07-29 15:59:46   [GPU] 100,112 evals (711 batches, avg 141/batch = 28% of 512, 4834 evals/s, 314 msg/s, 15.4 leaves/msg, 21s)
2026-07-29 15:59:54   [GPU] 150,051 evals (1060 batches, avg 142/batch = 28% of 512, 5277 evals/s, 342 msg/s, 15.4 leaves/msg, 28s)
2026-07-29 16:00:01   [GPU] 200,058 evals (1404 batches, avg 142/batch = 28% of 512, 5587 evals/s, 364 msg/s, 15.4 leaves/msg, 36s)
2026-07-29 16:00:09   [GPU] 250,089 evals (1749 batches, avg 143/batch = 28% of 512, 5785 evals/s, 376 msg/s, 15.4 leaves/msg, 43s)
2026-07-29 16:00:16   [GPU] 300,154 evals (2082 batches, avg 144/batch = 28% of 512, 5921 evals/s, 384 msg/s, 15.4 leaves/msg, 51s)
2026-07-29 16:00:23   [GPU] 350,045 evals (2422 batches, avg 145/batch = 28% of 512, 6051 evals/s, 393 msg/s, 15.4 leaves/msg, 58s)
2026-07-29 16:00:30   [GPU] 400,090 evals (2748 batches, avg 146/batch = 28% of 512, 6182 evals/s, 401 msg/s, 15.4 leaves/msg, 65s)
2026-07-29 16:00:37   [GPU] 450,015 evals (3072 batches, avg 146/batch = 29% of 512, 6300 evals/s, 409 msg/s, 15.4 leaves/msg, 71s)
2026-07-29 16:00:43   [GPU] 500,044 evals (3403 batches, avg 147/batch = 29% of 512, 6410 evals/s, 416 msg/s, 15.4 leaves/msg, 78s)
2026-07-29 16:00:50   [GPU] 550,079 evals (3723 batches, avg 148/batch = 29% of 512, 6536 evals/s, 424 msg/s, 15.4 leaves/msg, 84s)
2026-07-29 16:00:56   [GPU] 600,009 evals (4048 batches, avg 148/batch = 29% of 512, 6657 evals/s, 432 msg/s, 15.4 leaves/msg, 90s)
2026-07-29 16:01:01   [GPU] 650,175 evals (4364 batches, avg 149/batch = 29% of 512, 6799 evals/s, 441 msg/s, 15.4 leaves/msg, 96s)
2026-07-29 16:01:06   [GPU] 700,023 evals (4683 batches, avg 149/batch = 29% of 512, 6970 evals/s, 452 msg/s, 15.4 leaves/msg, 100s)
2026-07-29 16:01:11   [GPU] 750,065 evals (5003 batches, avg 150/batch = 29% of 512, 7129 evals/s, 463 msg/s, 15.4 leaves/msg, 105s)
2026-07-29 16:01:15   [GPU] 800,098 evals (5327 batches, avg 150/batch = 29% of 512, 7267 evals/s, 473 msg/s, 15.4 leaves/msg, 110s)
2026-07-29 16:01:20   [GPU] 850,160 evals (5659 batches, avg 150/batch = 29% of 512, 7391 evals/s, 482 msg/s, 15.3 leaves/msg, 115s)
2026-07-29 16:01:25   [GPU] 900,010 evals (5989 batches, avg 150/batch = 29% of 512, 7512 evals/s, 491 msg/s, 15.3 leaves/msg, 120s)
2026-07-29 16:01:30   [GPU] 950,020 evals (6323 batches, avg 150/batch = 29% of 512, 7631 evals/s, 500 msg/s, 15.3 leaves/msg, 124s)
2026-07-29 16:01:35   [GPU] 1,000,110 evals (6660 batches, avg 150/batch = 29% of 512, 7736 evals/s, 508 msg/s, 15.2 leaves/msg, 129s)
2026-07-29 16:01:39   [GPU] 1,050,072 evals (6996 batches, avg 150/batch = 29% of 512, 7834 evals/s, 515 msg/s, 15.2 leaves/msg, 134s)
2026-07-29 16:01:44   [GPU] 1,100,022 evals (7333 batches, avg 150/batch = 29% of 512, 7923 evals/s, 522 msg/s, 15.2 leaves/msg, 139s)
2026-07-29 16:01:49   [GPU] 1,150,032 evals (7675 batches, avg 150/batch = 29% of 512, 8011 evals/s, 529 msg/s, 15.1 leaves/msg, 144s)
2026-07-29 16:01:54   [GPU] 1,200,069 evals (8017 batches, avg 150/batch = 29% of 512, 8091 evals/s, 535 msg/s, 15.1 leaves/msg, 148s)
2026-07-29 16:01:58   [GPU] 1,250,108 evals (8360 batches, avg 150/batch = 29% of 512, 8170 evals/s, 541 msg/s, 15.1 leaves/msg, 153s)
2026-07-29 16:02:03   [GPU] 1,300,129 evals (8701 batches, avg 149/batch = 29% of 512, 8241 evals/s, 547 msg/s, 15.1 leaves/msg, 158s)
2026-07-29 16:02:08   [GPU] 1,350,039 evals (9039 batches, avg 149/batch = 29% of 512, 8314 evals/s, 553 msg/s, 15.0 leaves/msg, 162s)
2026-07-29 16:02:13   [GPU] 1,400,084 evals (9377 batches, avg 149/batch = 29% of 512, 8376 evals/s, 558 msg/s, 15.0 leaves/msg, 167s)
2026-07-29 16:02:17   [GPU] 1,450,008 evals (9720 batches, avg 149/batch = 29% of 512, 8439 evals/s, 563 msg/s, 15.0 leaves/msg, 172s)
2026-07-29 16:02:22   [GPU] 1,500,060 evals (10058 batches, avg 149/batch = 29% of 512, 8496 evals/s, 567 msg/s, 15.0 leaves/msg, 177s)
2026-07-29 16:02:27   [GPU] 1,550,107 evals (10401 batches, avg 149/batch = 29% of 512, 8547 evals/s, 572 msg/s, 14.9 leaves/msg, 181s)
2026-07-29 16:02:32   [GPU] 1,600,006 evals (10745 batches, avg 149/batch = 29% of 512, 8588 evals/s, 576 msg/s, 14.9 leaves/msg, 186s)
2026-07-29 16:02:36   [GPU] 1,650,033 evals (11081 batches, avg 149/batch = 29% of 512, 8634 evals/s, 580 msg/s, 14.9 leaves/msg, 191s)
2026-07-29 16:02:41   [GPU] 1,700,018 evals (11432 batches, avg 149/batch = 29% of 512, 8669 evals/s, 584 msg/s, 14.9 leaves/msg, 196s)
2026-07-29 16:02:46   [GPU] 1,750,034 evals (11776 batches, avg 149/batch = 29% of 512, 8708 evals/s, 588 msg/s, 14.8 leaves/msg, 201s)
2026-07-29 16:02:51   [GPU] 1,800,116 evals (12125 batches, avg 148/batch = 29% of 512, 8742 evals/s, 592 msg/s, 14.8 leaves/msg, 206s)
2026-07-29 16:02:56   [GPU] 1,850,121 evals (12488 batches, avg 148/batch = 29% of 512, 8769 evals/s, 596 msg/s, 14.7 leaves/msg, 211s)
2026-07-29 16:02:59 [iter 17/70] self-play: 5/70 games...
2026-07-29 16:03:01   [GPU] 1,900,139 evals (12837 batches, avg 148/batch = 29% of 512, 8802 evals/s, 600 msg/s, 14.7 leaves/msg, 216s)
2026-07-29 16:03:06   [GPU] 1,950,027 evals (13183 batches, avg 148/batch = 29% of 512, 8835 evals/s, 604 msg/s, 14.6 leaves/msg, 221s)
2026-07-29 16:03:08 [iter 17/70] self-play: 10/70 games...
2026-07-29 16:03:11   [GPU] 2,000,063 evals (13534 batches, avg 148/batch = 29% of 512, 8864 evals/s, 608 msg/s, 14.6 leaves/msg, 226s)
2026-07-29 16:03:16   [GPU] 2,050,188 evals (13888 batches, avg 148/batch = 29% of 512, 8886 evals/s, 612 msg/s, 14.5 leaves/msg, 231s)
2026-07-29 16:03:21 [iter 17/70] self-play: 15/70 games...
2026-07-29 16:03:21   [GPU] 2,100,058 evals (14248 batches, avg 147/batch = 29% of 512, 8903 evals/s, 616 msg/s, 14.5 leaves/msg, 236s)
2026-07-29 16:03:24 [iter 17/70] self-play: 20/70 games...
2026-07-29 16:03:26   [GPU] 2,150,049 evals (14613 batches, avg 147/batch = 29% of 512, 8924 evals/s, 620 msg/s, 14.4 leaves/msg, 241s)
2026-07-29 16:03:30 [iter 17/70] self-play: 25/70 games...
2026-07-29 16:03:32   [GPU] 2,200,116 evals (14987 batches, avg 147/batch = 29% of 512, 8938 evals/s, 625 msg/s, 14.3 leaves/msg, 246s)
2026-07-29 16:03:36 [iter 17/70] self-play: 30/70 games...
2026-07-29 16:03:37   [GPU] 2,250,029 evals (15351 batches, avg 147/batch = 29% of 512, 8953 evals/s, 629 msg/s, 14.2 leaves/msg, 251s)
2026-07-29 16:03:41 [iter 17/70] self-play: 35/70 games...
2026-07-29 16:03:42   [GPU] 2,300,073 evals (15712 batches, avg 146/batch = 29% of 512, 8970 evals/s, 631 msg/s, 14.2 leaves/msg, 256s)
2026-07-29 16:03:47   [GPU] 2,350,081 evals (16062 batches, avg 146/batch = 29% of 512, 8994 evals/s, 634 msg/s, 14.2 leaves/msg, 261s)
2026-07-29 16:03:52   [GPU] 2,400,060 evals (16411 batches, avg 146/batch = 29% of 512, 9014 evals/s, 636 msg/s, 14.2 leaves/msg, 266s)
2026-07-29 16:03:55 [iter 17/70] self-play: 40/70 games...
2026-07-29 16:03:57   [GPU] 2,450,010 evals (16775 batches, avg 146/batch = 29% of 512, 9029 evals/s, 640 msg/s, 14.1 leaves/msg, 271s)
2026-07-29 16:03:59 [iter 17/70] self-play: 45/70 games...
2026-07-29 16:04:02   [GPU] 2,500,094 evals (17124 batches, avg 146/batch = 29% of 512, 9050 evals/s, 642 msg/s, 14.1 leaves/msg, 276s)
2026-07-29 16:04:07   [GPU] 2,550,026 evals (17494 batches, avg 146/batch = 28% of 512, 9066 evals/s, 645 msg/s, 14.1 leaves/msg, 281s)
2026-07-29 16:04:12   [GPU] 2,600,096 evals (17856 batches, avg 146/batch = 28% of 512, 9081 evals/s, 647 msg/s, 14.0 leaves/msg, 286s)
2026-07-29 16:04:13 [iter 17/70] self-play: 50/70 games...
2026-07-29 16:04:17   [GPU] 2,650,128 evals (18223 batches, avg 145/batch = 28% of 512, 9099 evals/s, 649 msg/s, 14.0 leaves/msg, 291s)
2026-07-29 16:04:22   [GPU] 2,700,110 evals (18606 batches, avg 145/batch = 28% of 512, 9109 evals/s, 650 msg/s, 14.0 leaves/msg, 296s)
2026-07-29 16:04:26   [GPU] 2,750,060 evals (18983 batches, avg 145/batch = 28% of 512, 9133 evals/s, 651 msg/s, 14.0 leaves/msg, 301s)
2026-07-29 16:04:31   [GPU] 2,800,024 evals (19372 batches, avg 145/batch = 28% of 512, 9148 evals/s, 652 msg/s, 14.0 leaves/msg, 306s)
2026-07-29 16:04:36   [GPU] 2,850,154 evals (19764 batches, avg 144/batch = 28% of 512, 9168 evals/s, 653 msg/s, 14.0 leaves/msg, 311s)
2026-07-29 16:04:40 [iter 17/70] self-play: 55/70 games...
2026-07-29 16:04:41   [GPU] 2,900,086 evals (20178 batches, avg 144/batch = 28% of 512, 9174 evals/s, 654 msg/s, 14.0 leaves/msg, 316s)
2026-07-29 16:04:47   [GPU] 2,950,052 evals (20626 batches, avg 143/batch = 28% of 512, 9176 evals/s, 655 msg/s, 14.0 leaves/msg, 322s)
2026-07-29 16:04:53   [GPU] 3,000,019 evals (21120 batches, avg 142/batch = 28% of 512, 9163 evals/s, 654 msg/s, 14.0 leaves/msg, 327s)
2026-07-29 16:04:59   [GPU] 3,050,014 evals (21620 batches, avg 141/batch = 28% of 512, 9153 evals/s, 653 msg/s, 14.0 leaves/msg, 333s)
2026-07-29 16:05:02 [iter 17/70] self-play: 60/70 games...
2026-07-29 16:05:06   [GPU] 3,100,034 evals (22251 batches, avg 139/batch = 27% of 512, 9110 evals/s, 651 msg/s, 14.0 leaves/msg, 340s)
2026-07-29 16:05:14   [GPU] 3,150,068 evals (22982 batches, avg 137/batch = 27% of 512, 9047 evals/s, 647 msg/s, 14.0 leaves/msg, 348s)
2026-07-29 16:05:22   [GPU] 3,200,032 evals (23747 batches, avg 135/batch = 26% of 512, 8978 evals/s, 642 msg/s, 14.0 leaves/msg, 356s)
2026-07-29 16:05:31   [GPU] 3,250,020 evals (24583 batches, avg 132/batch = 26% of 512, 8891 evals/s, 635 msg/s, 14.0 leaves/msg, 366s)
2026-07-29 16:05:41   [GPU] 3,300,052 evals (25533 batches, avg 129/batch = 25% of 512, 8782 evals/s, 628 msg/s, 14.0 leaves/msg, 376s)
2026-07-29 16:05:48 [iter 17/70] self-play: 65/70 games...
2026-07-29 16:05:52 [iter 17/70] self-play: 70/70 games...
2026-07-29 16:05:53 [iter 17/70] self-play done: 70 games (390s) | wins: P0=31, P1=1, P2=6, P3=25, draw=7 | draw_rate=10% avg_len~66
2026-07-29 16:05:53 [iter 17/70] training (600 steps, lr=8.89e-04)...
2026-07-29 16:06:02 [iter 17/70] training done: loss_p=1.624 loss_v=0.039 (9s)
2026-07-29 16:06:02 [iter 17/70] eval skipped (eval_every=5)
2026-07-29 16:06:02 >>> iter 17 | loss_p=1.624 loss_v=0.039 | vs_best=n/a (not evaluated) | vs_rand=n/a | draw=10% | buf=158818 | sp=390s train=9s eval_best=0s eval_rand=0s | total=399s
2026-07-29 16:06:02 [iter 18/70] self-play starting (70 games, 600 sims)...
2026-07-29 16:06:04 [PARALLEL-MP] 64 workers spawned (70 games, sims=600), GPU batcher starting...
2026-07-29 16:06:17   [GPU] 50,016 evals (375 batches, avg 133/batch = 26% of 512, 4025 evals/s, 264 msg/s, 15.3 leaves/msg, 12s)
2026-07-29 16:06:24   [GPU] 100,176 evals (716 batches, avg 140/batch = 27% of 512, 5019 evals/s, 326 msg/s, 15.4 leaves/msg, 20s)
2026-07-29 16:06:32   [GPU] 150,141 evals (1062 batches, avg 141/batch = 28% of 512, 5420 evals/s, 352 msg/s, 15.4 leaves/msg, 28s)
2026-07-29 16:06:39   [GPU] 200,120 evals (1407 batches, avg 142/batch = 28% of 512, 5728 evals/s, 373 msg/s, 15.4 leaves/msg, 35s)
2026-07-29 16:06:47   [GPU] 250,032 evals (1748 batches, avg 143/batch = 28% of 512, 5891 evals/s, 383 msg/s, 15.4 leaves/msg, 42s)
2026-07-29 16:06:54   [GPU] 300,092 evals (2074 batches, avg 145/batch = 28% of 512, 6039 evals/s, 392 msg/s, 15.4 leaves/msg, 50s)
2026-07-29 16:07:01   [GPU] 350,040 evals (2398 batches, avg 146/batch = 29% of 512, 6146 evals/s, 399 msg/s, 15.4 leaves/msg, 57s)
2026-07-29 16:07:08   [GPU] 400,066 evals (2726 batches, avg 147/batch = 29% of 512, 6255 evals/s, 406 msg/s, 15.4 leaves/msg, 64s)
2026-07-29 16:07:15   [GPU] 450,132 evals (3054 batches, avg 147/batch = 29% of 512, 6353 evals/s, 412 msg/s, 15.4 leaves/msg, 71s)
2026-07-29 16:07:22   [GPU] 500,054 evals (3366 batches, avg 149/batch = 29% of 512, 6447 evals/s, 419 msg/s, 15.4 leaves/msg, 78s)
2026-07-29 16:07:28   [GPU] 550,003 evals (3694 batches, avg 149/batch = 29% of 512, 6546 evals/s, 425 msg/s, 15.4 leaves/msg, 84s)
2026-07-29 16:07:35   [GPU] 600,144 evals (4007 batches, avg 150/batch = 29% of 512, 6650 evals/s, 432 msg/s, 15.4 leaves/msg, 90s)
2026-07-29 16:07:40   [GPU] 650,090 evals (4317 batches, avg 151/batch = 29% of 512, 6768 evals/s, 439 msg/s, 15.4 leaves/msg, 96s)
2026-07-29 16:07:45   [GPU] 700,108 evals (4639 batches, avg 151/batch = 29% of 512, 6938 evals/s, 450 msg/s, 15.4 leaves/msg, 101s)
2026-07-29 16:07:50   [GPU] 750,050 evals (4954 batches, avg 151/batch = 30% of 512, 7097 evals/s, 461 msg/s, 15.4 leaves/msg, 106s)
2026-07-29 16:07:55   [GPU] 800,172 evals (5287 batches, avg 151/batch = 30% of 512, 7234 evals/s, 471 msg/s, 15.4 leaves/msg, 111s)
2026-07-29 16:08:00   [GPU] 850,091 evals (5614 batches, avg 151/batch = 30% of 512, 7363 evals/s, 480 msg/s, 15.3 leaves/msg, 115s)
2026-07-29 16:08:05   [GPU] 900,155 evals (5952 batches, avg 151/batch = 30% of 512, 7484 evals/s, 489 msg/s, 15.3 leaves/msg, 120s)
2026-07-29 16:08:09   [GPU] 950,045 evals (6291 batches, avg 151/batch = 29% of 512, 7594 evals/s, 497 msg/s, 15.3 leaves/msg, 125s)
2026-07-29 16:08:14   [GPU] 1,000,022 evals (6631 batches, avg 151/batch = 29% of 512, 7691 evals/s, 504 msg/s, 15.2 leaves/msg, 130s)
2026-07-29 16:08:19   [GPU] 1,050,077 evals (6977 batches, avg 151/batch = 29% of 512, 7788 evals/s, 512 msg/s, 15.2 leaves/msg, 135s)
2026-07-29 16:08:24   [GPU] 1,100,092 evals (7322 batches, avg 150/batch = 29% of 512, 7871 evals/s, 518 msg/s, 15.2 leaves/msg, 140s)
2026-07-29 16:08:29   [GPU] 1,150,026 evals (7663 batches, avg 150/batch = 29% of 512, 7952 evals/s, 525 msg/s, 15.2 leaves/msg, 145s)
2026-07-29 16:08:34   [GPU] 1,200,159 evals (8000 batches, avg 150/batch = 29% of 512, 8026 evals/s, 531 msg/s, 15.1 leaves/msg, 150s)
2026-07-29 16:08:39   [GPU] 1,250,127 evals (8338 batches, avg 150/batch = 29% of 512, 8104 evals/s, 536 msg/s, 15.1 leaves/msg, 154s)
2026-07-29 16:08:43   [GPU] 1,300,139 evals (8685 batches, avg 150/batch = 29% of 512, 8173 evals/s, 542 msg/s, 15.1 leaves/msg, 159s)
2026-07-29 16:08:48   [GPU] 1,350,044 evals (9027 batches, avg 150/batch = 29% of 512, 8242 evals/s, 547 msg/s, 15.1 leaves/msg, 164s)
2026-07-29 16:08:53   [GPU] 1,400,063 evals (9364 batches, avg 150/batch = 29% of 512, 8303 evals/s, 552 msg/s, 15.0 leaves/msg, 169s)
2026-07-29 16:08:58   [GPU] 1,450,140 evals (9697 batches, avg 150/batch = 29% of 512, 8362 evals/s, 557 msg/s, 15.0 leaves/msg, 173s)
2026-07-29 16:09:03   [GPU] 1,500,034 evals (10035 batches, avg 149/batch = 29% of 512, 8416 evals/s, 561 msg/s, 15.0 leaves/msg, 178s)
2026-07-29 16:09:07   [GPU] 1,550,091 evals (10362 batches, avg 150/batch = 29% of 512, 8473 evals/s, 566 msg/s, 15.0 leaves/msg, 183s)
2026-07-29 16:09:12   [GPU] 1,600,049 evals (10698 batches, avg 150/batch = 29% of 512, 8528 evals/s, 570 msg/s, 15.0 leaves/msg, 188s)
2026-07-29 16:09:17   [GPU] 1,650,076 evals (11038 batches, avg 149/batch = 29% of 512, 8578 evals/s, 574 msg/s, 14.9 leaves/msg, 192s)
2026-07-29 16:09:21   [GPU] 1,700,049 evals (11368 batches, avg 150/batch = 29% of 512, 8628 evals/s, 579 msg/s, 14.9 leaves/msg, 197s)
2026-07-29 16:09:26   [GPU] 1,750,031 evals (11715 batches, avg 149/batch = 29% of 512, 8674 evals/s, 583 msg/s, 14.9 leaves/msg, 202s)
2026-07-29 16:09:31   [GPU] 1,800,140 evals (12067 batches, avg 149/batch = 29% of 512, 8710 evals/s, 587 msg/s, 14.8 leaves/msg, 207s)
2026-07-29 16:09:36   [GPU] 1,850,045 evals (12409 batches, avg 149/batch = 29% of 512, 8745 evals/s, 592 msg/s, 14.8 leaves/msg, 212s)
2026-07-29 16:09:41   [GPU] 1,900,031 evals (12750 batches, avg 149/batch = 29% of 512, 8782 evals/s, 595 msg/s, 14.8 leaves/msg, 216s)
2026-07-29 16:09:46   [GPU] 1,950,078 evals (13102 batches, avg 149/batch = 29% of 512, 8814 evals/s, 599 msg/s, 14.7 leaves/msg, 221s)
2026-07-29 16:09:49 [iter 18/70] self-play: 5/70 games...
2026-07-29 16:09:50   [GPU] 2,000,019 evals (13448 batches, avg 149/batch = 29% of 512, 8845 evals/s, 602 msg/s, 14.7 leaves/msg, 226s)
2026-07-29 16:09:55   [GPU] 2,050,094 evals (13801 batches, avg 149/batch = 29% of 512, 8872 evals/s, 606 msg/s, 14.6 leaves/msg, 231s)
2026-07-29 16:10:00   [GPU] 2,100,116 evals (14151 batches, avg 148/batch = 29% of 512, 8895 evals/s, 610 msg/s, 14.6 leaves/msg, 236s)
2026-07-29 16:10:05 [iter 18/70] self-play: 10/70 games...
2026-07-29 16:10:06   [GPU] 2,150,028 evals (14509 batches, avg 148/batch = 29% of 512, 8916 evals/s, 614 msg/s, 14.5 leaves/msg, 241s)
2026-07-29 16:10:11   [GPU] 2,200,025 evals (14872 batches, avg 148/batch = 29% of 512, 8924 evals/s, 616 msg/s, 14.5 leaves/msg, 247s)
2026-07-29 16:10:14 [iter 18/70] self-play: 15/70 games...
2026-07-29 16:10:16   [GPU] 2,250,103 evals (15232 batches, avg 148/batch = 29% of 512, 8943 evals/s, 620 msg/s, 14.4 leaves/msg, 252s)
2026-07-29 16:10:21   [GPU] 2,300,140 evals (15601 batches, avg 147/batch = 29% of 512, 8957 evals/s, 624 msg/s, 14.4 leaves/msg, 257s)
2026-07-29 16:10:22 [iter 18/70] self-play: 20/70 games...
2026-07-29 16:10:25 [iter 18/70] self-play: 25/70 games...
2026-07-29 16:10:26   [GPU] 2,350,011 evals (15956 batches, avg 147/batch = 29% of 512, 8975 evals/s, 627 msg/s, 14.3 leaves/msg, 262s)
2026-07-29 16:10:31   [GPU] 2,400,072 evals (16301 batches, avg 147/batch = 29% of 512, 8994 evals/s, 630 msg/s, 14.3 leaves/msg, 267s)
2026-07-29 16:10:36   [GPU] 2,450,042 evals (16662 batches, avg 147/batch = 29% of 512, 9007 evals/s, 633 msg/s, 14.2 leaves/msg, 272s)
2026-07-29 16:10:37 [iter 18/70] self-play: 30/70 games...
2026-07-29 16:10:42   [GPU] 2,500,071 evals (17015 batches, avg 147/batch = 29% of 512, 9020 evals/s, 636 msg/s, 14.2 leaves/msg, 277s)
2026-07-29 16:10:45 [iter 18/70] self-play: 35/70 games...
2026-07-29 16:10:47   [GPU] 2,550,137 evals (17377 batches, avg 147/batch = 29% of 512, 9034 evals/s, 639 msg/s, 14.1 leaves/msg, 282s)
2026-07-29 16:10:50 [iter 18/70] self-play: 40/70 games...
2026-07-29 16:10:52   [GPU] 2,600,134 evals (17738 batches, avg 147/batch = 29% of 512, 9049 evals/s, 641 msg/s, 14.1 leaves/msg, 287s)
2026-07-29 16:10:57   [GPU] 2,650,064 evals (18078 batches, avg 147/batch = 29% of 512, 9071 evals/s, 643 msg/s, 14.1 leaves/msg, 292s)
2026-07-29 16:11:02   [GPU] 2,700,113 evals (18430 batches, avg 147/batch = 29% of 512, 9086 evals/s, 645 msg/s, 14.1 leaves/msg, 297s)
2026-07-29 16:11:06 [iter 18/70] self-play: 45/70 games...
2026-07-29 16:11:06   [GPU] 2,750,131 evals (18800 batches, avg 146/batch = 29% of 512, 9103 evals/s, 648 msg/s, 14.1 leaves/msg, 302s)
2026-07-29 16:11:11   [GPU] 2,800,104 evals (19154 batches, avg 146/batch = 29% of 512, 9125 evals/s, 650 msg/s, 14.0 leaves/msg, 307s)
2026-07-29 16:11:15 [iter 18/70] self-play: 50/70 games...
2026-07-29 16:11:16   [GPU] 2,850,079 evals (19501 batches, avg 146/batch = 29% of 512, 9147 evals/s, 652 msg/s, 14.0 leaves/msg, 312s)
2026-07-29 16:11:21   [GPU] 2,900,146 evals (19866 batches, avg 146/batch = 29% of 512, 9162 evals/s, 654 msg/s, 14.0 leaves/msg, 317s)
2026-07-29 16:11:26   [GPU] 2,950,035 evals (20261 batches, avg 146/batch = 28% of 512, 9165 evals/s, 655 msg/s, 14.0 leaves/msg, 322s)
2026-07-29 16:11:32   [GPU] 3,000,049 evals (20673 batches, avg 145/batch = 28% of 512, 9168 evals/s, 655 msg/s, 14.0 leaves/msg, 327s)
2026-07-29 16:11:37   [GPU] 3,050,070 evals (21085 batches, avg 145/batch = 28% of 512, 9169 evals/s, 655 msg/s, 14.0 leaves/msg, 333s)
2026-07-29 16:11:42   [GPU] 3,100,103 evals (21503 batches, avg 144/batch = 28% of 512, 9169 evals/s, 655 msg/s, 14.0 leaves/msg, 338s)
2026-07-29 16:11:48   [GPU] 3,150,045 evals (21934 batches, avg 144/batch = 28% of 512, 9166 evals/s, 656 msg/s, 14.0 leaves/msg, 344s)
2026-07-29 16:11:49 [iter 18/70] self-play: 55/70 games...
2026-07-29 16:11:54   [GPU] 3,200,034 evals (22454 batches, avg 143/batch = 28% of 512, 9142 evals/s, 655 msg/s, 14.0 leaves/msg, 350s)
2026-07-29 16:12:02   [GPU] 3,250,032 evals (23070 batches, avg 141/batch = 28% of 512, 9094 evals/s, 652 msg/s, 13.9 leaves/msg, 357s)
2026-07-29 16:12:02 [iter 18/70] self-play: 60/70 games...
2026-07-29 16:12:11   [GPU] 3,300,059 evals (23856 batches, avg 138/batch = 27% of 512, 9005 evals/s, 647 msg/s, 13.9 leaves/msg, 366s)
2026-07-29 16:12:21   [GPU] 3,350,013 evals (24819 batches, avg 135/batch = 26% of 512, 8884 evals/s, 638 msg/s, 13.9 leaves/msg, 377s)
2026-07-29 16:12:32   [GPU] 3,400,027 evals (25780 batches, avg 132/batch = 26% of 512, 8774 evals/s, 630 msg/s, 13.9 leaves/msg, 388s)
2026-07-29 16:12:43   [GPU] 3,450,000 evals (26765 batches, avg 129/batch = 25% of 512, 8662 evals/s, 623 msg/s, 13.9 leaves/msg, 398s)
2026-07-29 16:12:47 [iter 18/70] self-play: 65/70 games...
2026-07-29 16:13:24   [GPU] 3,500,003 evals (29480 batches, avg 119/batch = 23% of 512, 7955 evals/s, 574 msg/s, 13.9 leaves/msg, 440s)
2026-07-29 16:13:36 [iter 18/70] self-play: 70/70 games...
2026-07-29 16:13:36 [iter 18/70] self-play done: 70 games (454s) | wins: P0=25, P2=10, P3=28, draw=7 | draw_rate=10% avg_len~71
2026-07-29 16:13:36 [iter 18/70] training (600 steps, lr=8.75e-04)...
2026-07-29 16:13:45 [iter 18/70] training done: loss_p=1.639 loss_v=0.041 (9s)
2026-07-29 16:13:45 [iter 18/70] eval skipped (eval_every=5)
2026-07-29 16:13:45 >>> iter 18 | loss_p=1.639 loss_v=0.041 | vs_best=n/a (not evaluated) | vs_rand=n/a | draw=10% | buf=168736 | sp=454s train=9s eval_best=0s eval_rand=0s | total=463s
2026-07-29 16:13:45 [iter 19/70] self-play starting (70 games, 600 sims)...
2026-07-29 16:13:47 [PARALLEL-MP] 64 workers spawned (70 games, sims=600), GPU batcher starting...
2026-07-29 16:13:59   [GPU] 50,144 evals (372 batches, avg 135/batch = 26% of 512, 4031 evals/s, 264 msg/s, 15.3 leaves/msg, 12s)
2026-07-29 16:14:07   [GPU] 100,032 evals (701 batches, avg 143/batch = 28% of 512, 5096 evals/s, 331 msg/s, 15.4 leaves/msg, 20s)
2026-07-29 16:14:14   [GPU] 150,169 evals (1045 batches, avg 144/batch = 28% of 512, 5535 evals/s, 359 msg/s, 15.4 leaves/msg, 27s)
2026-07-29 16:14:21   [GPU] 200,186 evals (1384 batches, avg 145/batch = 28% of 512, 5853 evals/s, 381 msg/s, 15.4 leaves/msg, 34s)
2026-07-29 16:14:28   [GPU] 250,128 evals (1710 batches, avg 146/batch = 29% of 512, 6064 evals/s, 394 msg/s, 15.4 leaves/msg, 41s)
2026-07-29 16:14:35   [GPU] 300,016 evals (2026 batches, avg 148/batch = 29% of 512, 6218 evals/s, 403 msg/s, 15.4 leaves/msg, 48s)
2026-07-29 16:14:42   [GPU] 350,032 evals (2348 batches, avg 149/batch = 29% of 512, 6348 evals/s, 412 msg/s, 15.4 leaves/msg, 55s)
2026-07-29 16:14:49   [GPU] 400,151 evals (2671 batches, avg 150/batch = 29% of 512, 6471 evals/s, 420 msg/s, 15.4 leaves/msg, 62s)
2026-07-29 16:14:56   [GPU] 450,155 evals (3002 batches, avg 150/batch = 29% of 512, 6558 evals/s, 426 msg/s, 15.4 leaves/msg, 69s)
2026-07-29 16:15:02   [GPU] 500,158 evals (3323 batches, avg 151/batch = 29% of 512, 6640 evals/s, 431 msg/s, 15.4 leaves/msg, 75s)
2026-07-29 16:15:09   [GPU] 550,030 evals (3635 batches, avg 151/batch = 30% of 512, 6728 evals/s, 437 msg/s, 15.4 leaves/msg, 82s)
2026-07-29 16:15:15   [GPU] 600,067 evals (3954 batches, avg 152/batch = 30% of 512, 6817 evals/s, 443 msg/s, 15.4 leaves/msg, 88s)
2026-07-29 16:15:21   [GPU] 650,232 evals (4267 batches, avg 152/batch = 30% of 512, 6939 evals/s, 450 msg/s, 15.4 leaves/msg, 94s)
2026-07-29 16:15:25   [GPU] 700,074 evals (4573 batches, avg 153/batch = 30% of 512, 7115 evals/s, 462 msg/s, 15.4 leaves/msg, 98s)
2026-07-29 16:15:30   [GPU] 750,015 evals (4885 batches, avg 154/batch = 30% of 512, 7286 evals/s, 473 msg/s, 15.4 leaves/msg, 103s)
2026-07-29 16:15:35   [GPU] 800,045 evals (5209 batches, avg 154/batch = 30% of 512, 7425 evals/s, 483 msg/s, 15.4 leaves/msg, 108s)
2026-07-29 16:15:39   [GPU] 850,152 evals (5537 batches, avg 154/batch = 30% of 512, 7558 evals/s, 493 msg/s, 15.3 leaves/msg, 112s)
2026-07-29 16:15:44   [GPU] 900,129 evals (5860 batches, avg 154/batch = 30% of 512, 7682 evals/s, 502 msg/s, 15.3 leaves/msg, 117s)
2026-07-29 16:15:49   [GPU] 950,079 evals (6189 batches, avg 154/batch = 30% of 512, 7799 evals/s, 511 msg/s, 15.3 leaves/msg, 122s)
2026-07-29 16:15:53   [GPU] 1,000,052 evals (6520 batches, avg 153/batch = 30% of 512, 7902 evals/s, 518 msg/s, 15.2 leaves/msg, 127s)
2026-07-29 16:15:58   [GPU] 1,050,058 evals (6851 batches, avg 153/batch = 30% of 512, 8007 evals/s, 526 msg/s, 15.2 leaves/msg, 131s)
2026-07-29 16:16:03   [GPU] 1,100,079 evals (7186 batches, avg 153/batch = 30% of 512, 8095 evals/s, 533 msg/s, 15.2 leaves/msg, 136s)
2026-07-29 16:16:07   [GPU] 1,150,136 evals (7513 batches, avg 153/batch = 30% of 512, 8186 evals/s, 540 msg/s, 15.2 leaves/msg, 141s)
2026-07-29 16:16:12   [GPU] 1,200,007 evals (7841 batches, avg 153/batch = 30% of 512, 8269 evals/s, 546 msg/s, 15.1 leaves/msg, 145s)
2026-07-29 16:16:17   [GPU] 1,250,125 evals (8176 batches, avg 153/batch = 30% of 512, 8344 evals/s, 552 msg/s, 15.1 leaves/msg, 150s)
2026-07-29 16:16:21   [GPU] 1,300,122 evals (8501 batches, avg 153/batch = 30% of 512, 8416 evals/s, 558 msg/s, 15.1 leaves/msg, 154s)
2026-07-29 16:16:26   [GPU] 1,350,071 evals (8823 batches, avg 153/batch = 30% of 512, 8488 evals/s, 563 msg/s, 15.1 leaves/msg, 159s)
2026-07-29 16:16:31   [GPU] 1,400,192 evals (9156 batches, avg 153/batch = 30% of 512, 8547 evals/s, 568 msg/s, 15.1 leaves/msg, 164s)
2026-07-29 16:16:35   [GPU] 1,450,069 evals (9479 batches, avg 153/batch = 30% of 512, 8607 evals/s, 572 msg/s, 15.0 leaves/msg, 168s)
2026-07-29 16:16:40   [GPU] 1,500,003 evals (9814 batches, avg 153/batch = 30% of 512, 8663 evals/s, 577 msg/s, 15.0 leaves/msg, 173s)
2026-07-29 16:16:45   [GPU] 1,550,170 evals (10150 batches, avg 153/batch = 30% of 512, 8713 evals/s, 581 msg/s, 15.0 leaves/msg, 178s)
2026-07-29 16:16:50   [GPU] 1,600,001 evals (10482 batches, avg 153/batch = 30% of 512, 8758 evals/s, 585 msg/s, 15.0 leaves/msg, 183s)
2026-07-29 16:16:55   [GPU] 1,650,008 evals (10819 batches, avg 153/batch = 30% of 512, 8792 evals/s, 588 msg/s, 15.0 leaves/msg, 188s)
2026-07-29 16:17:00   [GPU] 1,700,100 evals (11168 batches, avg 152/batch = 30% of 512, 8824 evals/s, 591 msg/s, 14.9 leaves/msg, 193s)
2026-07-29 16:17:05   [GPU] 1,750,105 evals (11522 batches, avg 152/batch = 30% of 512, 8850 evals/s, 595 msg/s, 14.9 leaves/msg, 198s)
2026-07-29 16:17:10   [GPU] 1,800,153 evals (11895 batches, avg 151/batch = 30% of 512, 8875 evals/s, 598 msg/s, 14.8 leaves/msg, 203s)
2026-07-29 16:17:15   [GPU] 1,850,172 evals (12267 batches, avg 151/batch = 29% of 512, 8889 evals/s, 601 msg/s, 14.8 leaves/msg, 208s)
2026-07-29 16:17:20   [GPU] 1,900,077 evals (12635 batches, avg 150/batch = 29% of 512, 8906 evals/s, 604 msg/s, 14.7 leaves/msg, 213s)
2026-07-29 16:17:21 [iter 19/70] self-play: 5/70 games...
2026-07-29 16:17:25   [GPU] 1,950,011 evals (12989 batches, avg 150/batch = 29% of 512, 8924 evals/s, 607 msg/s, 14.7 leaves/msg, 219s)
2026-07-29 16:17:27 [iter 19/70] self-play: 10/70 games...
2026-07-29 16:17:30   [GPU] 2,000,011 evals (13351 batches, avg 150/batch = 29% of 512, 8945 evals/s, 610 msg/s, 14.7 leaves/msg, 224s)
2026-07-29 16:17:36   [GPU] 2,050,051 evals (13717 batches, avg 149/batch = 29% of 512, 8963 evals/s, 613 msg/s, 14.6 leaves/msg, 229s)
2026-07-29 16:17:41   [GPU] 2,100,071 evals (14080 batches, avg 149/batch = 29% of 512, 8980 evals/s, 616 msg/s, 14.6 leaves/msg, 234s)
2026-07-29 16:17:45 [iter 19/70] self-play: 15/70 games...
2026-07-29 16:17:46   [GPU] 2,150,132 evals (14441 batches, avg 149/batch = 29% of 512, 8997 evals/s, 620 msg/s, 14.5 leaves/msg, 239s)
2026-07-29 16:17:51   [GPU] 2,200,009 evals (14792 batches, avg 149/batch = 29% of 512, 9017 evals/s, 622 msg/s, 14.5 leaves/msg, 244s)
2026-07-29 16:17:54 [iter 19/70] self-play: 20/70 games...
2026-07-29 16:17:56   [GPU] 2,250,127 evals (15135 batches, avg 149/batch = 29% of 512, 9039 evals/s, 625 msg/s, 14.5 leaves/msg, 249s)
2026-07-29 16:18:01   [GPU] 2,300,157 evals (15477 batches, avg 149/batch = 29% of 512, 9058 evals/s, 628 msg/s, 14.4 leaves/msg, 254s)
2026-07-29 16:18:05 [iter 19/70] self-play: 25/70 games...
2026-07-29 16:18:06   [GPU] 2,350,073 evals (15824 batches, avg 149/batch = 29% of 512, 9078 evals/s, 632 msg/s, 14.4 leaves/msg, 259s)
2026-07-29 16:18:10 [iter 19/70] self-play: 30/70 games...
2026-07-29 16:18:11   [GPU] 2,400,130 evals (16176 batches, avg 148/batch = 29% of 512, 9096 evals/s, 635 msg/s, 14.3 leaves/msg, 264s)
2026-07-29 16:18:16   [GPU] 2,450,033 evals (16512 batches, avg 148/batch = 29% of 512, 9115 evals/s, 639 msg/s, 14.3 leaves/msg, 269s)
2026-07-29 16:18:17 [iter 19/70] self-play: 35/70 games...
2026-07-29 16:18:21   [GPU] 2,500,077 evals (16855 batches, avg 148/batch = 29% of 512, 9131 evals/s, 642 msg/s, 14.2 leaves/msg, 274s)
2026-07-29 16:18:24 [iter 19/70] self-play: 40/70 games...
2026-07-29 16:18:26   [GPU] 2,550,158 evals (17221 batches, avg 148/batch = 29% of 512, 9141 evals/s, 646 msg/s, 14.1 leaves/msg, 279s)
2026-07-29 16:18:26 [iter 19/70] self-play: 45/70 games...
2026-07-29 16:18:31   [GPU] 2,600,047 evals (17593 batches, avg 148/batch = 29% of 512, 9153 evals/s, 648 msg/s, 14.1 leaves/msg, 284s)
2026-07-29 16:18:36   [GPU] 2,650,176 evals (17974 batches, avg 147/batch = 29% of 512, 9166 evals/s, 649 msg/s, 14.1 leaves/msg, 289s)
2026-07-29 16:18:40 [iter 19/70] self-play: 50/70 games...
2026-07-29 16:18:41   [GPU] 2,700,015 evals (18370 batches, avg 147/batch = 29% of 512, 9166 evals/s, 651 msg/s, 14.1 leaves/msg, 295s)
2026-07-29 16:18:47   [GPU] 2,750,083 evals (18773 batches, avg 146/batch = 29% of 512, 9171 evals/s, 652 msg/s, 14.1 leaves/msg, 300s)
2026-07-29 16:18:52   [GPU] 2,800,006 evals (19177 batches, avg 146/batch = 29% of 512, 9172 evals/s, 652 msg/s, 14.1 leaves/msg, 305s)
2026-07-29 16:18:55 [iter 19/70] self-play: 55/70 games...
2026-07-29 16:18:58   [GPU] 2,850,095 evals (19629 batches, avg 145/batch = 28% of 512, 9161 evals/s, 652 msg/s, 14.0 leaves/msg, 311s)
2026-07-29 16:19:04   [GPU] 2,900,077 evals (20125 batches, avg 144/batch = 28% of 512, 9136 evals/s, 651 msg/s, 14.0 leaves/msg, 317s)
2026-07-29 16:19:10 [iter 19/70] self-play: 60/70 games...
2026-07-29 16:19:12   [GPU] 2,950,073 evals (20720 batches, avg 142/batch = 28% of 512, 9086 evals/s, 649 msg/s, 14.0 leaves/msg, 325s)
2026-07-29 16:19:20   [GPU] 3,000,032 evals (21428 batches, avg 140/batch = 27% of 512, 9009 evals/s, 645 msg/s, 14.0 leaves/msg, 333s)
2026-07-29 16:19:29   [GPU] 3,050,013 evals (22248 batches, avg 137/batch = 27% of 512, 8914 evals/s, 638 msg/s, 14.0 leaves/msg, 342s)
2026-07-29 16:19:38   [GPU] 3,100,014 evals (23092 batches, avg 134/batch = 26% of 512, 8817 evals/s, 631 msg/s, 14.0 leaves/msg, 352s)
2026-07-29 16:19:48   [GPU] 3,150,011 evals (23962 batches, avg 131/batch = 26% of 512, 8720 evals/s, 625 msg/s, 14.0 leaves/msg, 361s)
2026-07-29 16:19:59   [GPU] 3,200,035 evals (24934 batches, avg 128/batch = 25% of 512, 8607 evals/s, 617 msg/s, 14.0 leaves/msg, 372s)
2026-07-29 16:20:11   [GPU] 3,250,027 evals (26069 batches, avg 125/batch = 24% of 512, 8460 evals/s, 607 msg/s, 13.9 leaves/msg, 384s)
2026-07-29 16:20:15 [iter 19/70] self-play: 65/70 games...
2026-07-29 16:20:22 [iter 19/70] self-play: 70/70 games...
2026-07-29 16:20:22 [iter 19/70] self-play done: 70 games (398s) | wins: P0=34, P1=1, P2=7, P3=23, draw=5 | draw_rate=7% avg_len~71
2026-07-29 16:20:22 [iter 19/70] training (600 steps, lr=8.61e-04)...
2026-07-29 16:20:31 [iter 19/70] training done: loss_p=1.634 loss_v=0.041 (9s)
2026-07-29 16:20:31 [iter 19/70] eval skipped (eval_every=5)
2026-07-29 16:20:31 >>> iter 19 | loss_p=1.634 loss_v=0.041 | vs_best=n/a (not evaluated) | vs_rand=n/a | draw=7% | buf=178626 | sp=398s train=9s eval_best=0s eval_rand=0s | total=406s
2026-07-29 16:20:31 [iter 20/70] self-play starting (70 games, 600 sims)...
2026-07-29 16:20:33 [PARALLEL-MP] 64 workers spawned (70 games, sims=600), GPU batcher starting...
2026-07-29 16:20:46   [GPU] 50,064 evals (370 batches, avg 135/batch = 26% of 512, 4056 evals/s, 266 msg/s, 15.3 leaves/msg, 12s)
2026-07-29 16:20:53   [GPU] 100,000 evals (699 batches, avg 143/batch = 28% of 512, 5024 evals/s, 326 msg/s, 15.4 leaves/msg, 20s)
2026-07-29 16:21:01   [GPU] 150,176 evals (1063 batches, avg 141/batch = 28% of 512, 5410 evals/s, 351 msg/s, 15.4 leaves/msg, 28s)
2026-07-29 16:21:08   [GPU] 200,035 evals (1396 batches, avg 143/batch = 28% of 512, 5712 evals/s, 372 msg/s, 15.4 leaves/msg, 35s)
2026-07-29 16:21:16   [GPU] 250,096 evals (1732 batches, avg 144/batch = 28% of 512, 5880 evals/s, 382 msg/s, 15.4 leaves/msg, 43s)
2026-07-29 16:21:23   [GPU] 300,028 evals (2065 batches, avg 145/batch = 28% of 512, 6021 evals/s, 391 msg/s, 15.4 leaves/msg, 50s)
2026-07-29 16:21:30   [GPU] 350,102 evals (2406 batches, avg 146/batch = 28% of 512, 6138 evals/s, 399 msg/s, 15.4 leaves/msg, 57s)
2026-07-29 16:21:37   [GPU] 400,148 evals (2728 batches, avg 147/batch = 29% of 512, 6249 evals/s, 406 msg/s, 15.4 leaves/msg, 64s)
2026-07-29 16:21:44   [GPU] 450,131 evals (3053 batches, avg 147/batch = 29% of 512, 6363 evals/s, 413 msg/s, 15.4 leaves/msg, 71s)
2026-07-29 16:21:51   [GPU] 500,184 evals (3362 batches, avg 149/batch = 29% of 512, 6465 evals/s, 420 msg/s, 15.4 leaves/msg, 77s)
2026-07-29 16:21:57   [GPU] 550,088 evals (3685 batches, avg 149/batch = 29% of 512, 6570 evals/s, 427 msg/s, 15.4 leaves/msg, 84s)
2026-07-29 16:22:03   [GPU] 600,111 evals (4009 batches, avg 150/batch = 29% of 512, 6689 evals/s, 434 msg/s, 15.4 leaves/msg, 90s)
2026-07-29 16:22:09   [GPU] 650,197 evals (4330 batches, avg 150/batch = 29% of 512, 6827 evals/s, 443 msg/s, 15.4 leaves/msg, 95s)
2026-07-29 16:22:13   [GPU] 700,174 evals (4636 batches, avg 151/batch = 29% of 512, 7003 evals/s, 455 msg/s, 15.4 leaves/msg, 100s)
2026-07-29 16:22:18   [GPU] 750,052 evals (4948 batches, avg 152/batch = 30% of 512, 7166 evals/s, 466 msg/s, 15.4 leaves/msg, 105s)
2026-07-29 16:22:23   [GPU] 800,024 evals (5260 batches, avg 152/batch = 30% of 512, 7309 evals/s, 476 msg/s, 15.4 leaves/msg, 109s)
2026-07-29 16:22:27   [GPU] 850,187 evals (5588 batches, avg 152/batch = 30% of 512, 7448 evals/s, 485 msg/s, 15.3 leaves/msg, 114s)
2026-07-29 16:22:32   [GPU] 900,001 evals (5910 batches, avg 152/batch = 30% of 512, 7574 evals/s, 494 msg/s, 15.3 leaves/msg, 119s)
2026-07-29 16:22:37   [GPU] 950,074 evals (6241 batches, avg 152/batch = 30% of 512, 7688 evals/s, 503 msg/s, 15.3 leaves/msg, 124s)
2026-07-29 16:22:42   [GPU] 1,000,118 evals (6569 batches, avg 152/batch = 30% of 512, 7797 evals/s, 511 msg/s, 15.3 leaves/msg, 128s)
2026-07-29 16:22:46   [GPU] 1,050,039 evals (6908 batches, avg 152/batch = 30% of 512, 7898 evals/s, 518 msg/s, 15.2 leaves/msg, 133s)
2026-07-29 16:22:51   [GPU] 1,100,127 evals (7256 batches, avg 152/batch = 30% of 512, 7984 evals/s, 525 msg/s, 15.2 leaves/msg, 138s)
2026-07-29 16:22:56   [GPU] 1,150,125 evals (7588 batches, avg 152/batch = 30% of 512, 8074 evals/s, 532 msg/s, 15.2 leaves/msg, 142s)
2026-07-29 16:23:00   [GPU] 1,200,025 evals (7930 batches, avg 151/batch = 30% of 512, 8151 evals/s, 538 msg/s, 15.1 leaves/msg, 147s)
2026-07-29 16:23:05   [GPU] 1,250,107 evals (8267 batches, avg 151/batch = 30% of 512, 8225 evals/s, 544 msg/s, 15.1 leaves/msg, 152s)
2026-07-29 16:23:10   [GPU] 1,300,155 evals (8600 batches, avg 151/batch = 30% of 512, 8300 evals/s, 550 msg/s, 15.1 leaves/msg, 157s)
2026-07-29 16:23:15   [GPU] 1,350,057 evals (8934 batches, avg 151/batch = 30% of 512, 8369 evals/s, 555 msg/s, 15.1 leaves/msg, 161s)
2026-07-29 16:23:19   [GPU] 1,400,181 evals (9268 batches, avg 151/batch = 30% of 512, 8435 evals/s, 561 msg/s, 15.0 leaves/msg, 166s)
2026-07-29 16:23:24   [GPU] 1,450,047 evals (9596 batches, avg 151/batch = 30% of 512, 8495 evals/s, 565 msg/s, 15.0 leaves/msg, 171s)
2026-07-29 16:23:29   [GPU] 1,500,078 evals (9924 batches, avg 151/batch = 30% of 512, 8552 evals/s, 570 msg/s, 15.0 leaves/msg, 175s)
2026-07-29 16:23:33   [GPU] 1,550,008 evals (10260 batches, avg 151/batch = 30% of 512, 8604 evals/s, 575 msg/s, 15.0 leaves/msg, 180s)
2026-07-29 16:23:38   [GPU] 1,600,054 evals (10587 batches, avg 151/batch = 30% of 512, 8657 evals/s, 579 msg/s, 15.0 leaves/msg, 185s)
2026-07-29 16:23:43   [GPU] 1,650,068 evals (10937 batches, avg 151/batch = 29% of 512, 8697 evals/s, 583 msg/s, 14.9 leaves/msg, 190s)
2026-07-29 16:23:48   [GPU] 1,700,024 evals (11285 batches, avg 151/batch = 29% of 512, 8740 evals/s, 587 msg/s, 14.9 leaves/msg, 195s)
2026-07-29 16:23:53   [GPU] 1,750,113 evals (11633 batches, avg 150/batch = 29% of 512, 8780 evals/s, 591 msg/s, 14.8 leaves/msg, 199s)
2026-07-29 16:23:57   [GPU] 1,800,176 evals (11986 batches, avg 150/batch = 29% of 512, 8817 evals/s, 596 msg/s, 14.8 leaves/msg, 204s)
2026-07-29 16:24:02   [GPU] 1,850,164 evals (12330 batches, avg 150/batch = 29% of 512, 8849 evals/s, 600 msg/s, 14.8 leaves/msg, 209s)
2026-07-29 16:24:07   [GPU] 1,900,010 evals (12673 batches, avg 150/batch = 29% of 512, 8879 evals/s, 604 msg/s, 14.7 leaves/msg, 214s)
2026-07-29 16:24:09 [iter 20/70] self-play: 5/70 games...
2026-07-29 16:24:12   [GPU] 1,950,019 evals (13038 batches, avg 150/batch = 29% of 512, 8902 evals/s, 607 msg/s, 14.7 leaves/msg, 219s)
2026-07-29 16:24:17   [GPU] 2,000,154 evals (13410 batches, avg 149/batch = 29% of 512, 8924 evals/s, 611 msg/s, 14.6 leaves/msg, 224s)
2026-07-29 16:24:21 [iter 20/70] self-play: 10/70 games...
2026-07-29 16:24:23   [GPU] 2,050,063 evals (13777 batches, avg 149/batch = 29% of 512, 8941 evals/s, 615 msg/s, 14.5 leaves/msg, 229s)
2026-07-29 16:24:28   [GPU] 2,100,055 evals (14156 batches, avg 148/batch = 29% of 512, 8956 evals/s, 620 msg/s, 14.4 leaves/msg, 234s)
2026-07-29 16:24:28 [iter 20/70] self-play: 15/70 games...
2026-07-29 16:24:33   [GPU] 2,150,019 evals (14537 batches, avg 148/batch = 29% of 512, 8965 evals/s, 624 msg/s, 14.4 leaves/msg, 240s)
2026-07-29 16:24:33 [iter 20/70] self-play: 20/70 games...
2026-07-29 16:24:36 [iter 20/70] self-play: 25/70 games...
2026-07-29 16:24:38   [GPU] 2,200,004 evals (14908 batches, avg 148/batch = 29% of 512, 8981 evals/s, 629 msg/s, 14.3 leaves/msg, 245s)
2026-07-29 16:24:43   [GPU] 2,250,119 evals (15286 batches, avg 147/batch = 29% of 512, 8992 evals/s, 633 msg/s, 14.2 leaves/msg, 250s)
2026-07-29 16:24:44 [iter 20/70] self-play: 30/70 games...
2026-07-29 16:24:49   [GPU] 2,300,066 evals (15660 batches, avg 147/batch = 29% of 512, 9008 evals/s, 636 msg/s, 14.2 leaves/msg, 255s)
2026-07-29 16:24:49 [iter 20/70] self-play: 35/70 games...
2026-07-29 16:24:54 [iter 20/70] self-play: 40/70 games...
2026-07-29 16:24:54   [GPU] 2,350,089 evals (16023 batches, avg 147/batch = 29% of 512, 9023 evals/s, 640 msg/s, 14.1 leaves/msg, 260s)
2026-07-29 16:24:58   [GPU] 2,400,138 evals (16357 batches, avg 147/batch = 29% of 512, 9052 evals/s, 642 msg/s, 14.1 leaves/msg, 265s)
2026-07-29 16:25:04   [GPU] 2,450,010 evals (16713 batches, avg 147/batch = 29% of 512, 9062 evals/s, 645 msg/s, 14.1 leaves/msg, 270s)
2026-07-29 16:25:05 [iter 20/70] self-play: 45/70 games...
2026-07-29 16:25:09   [GPU] 2,500,111 evals (17094 batches, avg 146/batch = 29% of 512, 9065 evals/s, 647 msg/s, 14.0 leaves/msg, 276s)
2026-07-29 16:25:14 [iter 20/70] self-play: 50/70 games...
2026-07-29 16:25:14   [GPU] 2,550,055 evals (17488 batches, avg 146/batch = 28% of 512, 9070 evals/s, 649 msg/s, 14.0 leaves/msg, 281s)
2026-07-29 16:25:20   [GPU] 2,600,019 evals (17881 batches, avg 145/batch = 28% of 512, 9073 evals/s, 649 msg/s, 14.0 leaves/msg, 287s)
2026-07-29 16:25:25   [GPU] 2,650,141 evals (18258 batches, avg 145/batch = 28% of 512, 9086 evals/s, 650 msg/s, 14.0 leaves/msg, 292s)
2026-07-29 16:25:30   [GPU] 2,700,047 evals (18648 batches, avg 145/batch = 28% of 512, 9094 evals/s, 651 msg/s, 14.0 leaves/msg, 297s)
2026-07-29 16:25:36   [GPU] 2,750,011 evals (19046 batches, avg 144/batch = 28% of 512, 9098 evals/s, 651 msg/s, 14.0 leaves/msg, 302s)
2026-07-29 16:25:41   [GPU] 2,800,095 evals (19463 batches, avg 144/batch = 28% of 512, 9098 evals/s, 651 msg/s, 14.0 leaves/msg, 308s)
2026-07-29 16:25:44 [iter 20/70] self-play: 55/70 games...
2026-07-29 16:25:47   [GPU] 2,850,003 evals (19943 batches, avg 143/batch = 28% of 512, 9084 evals/s, 652 msg/s, 13.9 leaves/msg, 314s)
2026-07-29 16:25:53   [GPU] 2,900,057 evals (20474 batches, avg 142/batch = 28% of 512, 9063 evals/s, 651 msg/s, 13.9 leaves/msg, 320s)
2026-07-29 16:26:00   [GPU] 2,950,020 evals (21064 batches, avg 140/batch = 27% of 512, 9022 evals/s, 649 msg/s, 13.9 leaves/msg, 327s)
2026-07-29 16:26:01 [iter 20/70] self-play: 60/70 games...
2026-07-29 16:26:08   [GPU] 3,000,011 evals (21799 batches, avg 138/batch = 27% of 512, 8952 evals/s, 644 msg/s, 13.9 leaves/msg, 335s)
2026-07-29 16:26:17   [GPU] 3,050,010 evals (22617 batches, avg 135/batch = 26% of 512, 8868 evals/s, 638 msg/s, 13.9 leaves/msg, 344s)
2026-07-29 16:26:26   [GPU] 3,100,045 evals (23450 batches, avg 132/batch = 26% of 512, 8783 evals/s, 632 msg/s, 13.9 leaves/msg, 353s)
2026-07-29 16:26:36   [GPU] 3,150,020 evals (24350 batches, avg 129/batch = 25% of 512, 8687 evals/s, 625 msg/s, 13.9 leaves/msg, 363s)
2026-07-29 16:26:46   [GPU] 3,200,006 evals (25360 batches, avg 126/batch = 25% of 512, 8574 evals/s, 618 msg/s, 13.9 leaves/msg, 373s)
2026-07-29 16:26:49 [iter 20/70] self-play: 65/70 games...
2026-07-29 16:26:55 [iter 20/70] self-play: 70/70 games...
2026-07-29 16:26:56 [iter 20/70] self-play done: 70 games (385s) | wins: P0=32, P2=14, P3=20, draw=4 | draw_rate=6% avg_len~73
2026-07-29 16:26:56 [iter 20/70] training (600 steps, lr=8.46e-04)...
2026-07-29 16:27:05 [iter 20/70] training done: loss_p=1.649 loss_v=0.043 (9s)
2026-07-29 16:27:05 [iter 20/70] eval vs best (80 games, 200 sims)...
2026-07-29 16:27:07 [EVAL-MP] 64 workers spawned (80 vs_best games, sims=200), GPU batcher starting...
2026-07-29 16:27:20   [GPU] 50,175 evals (360 batches, avg 139/batch = 27% of 512, 3788 evals/s, 264 msg/s, 14.4 leaves/msg, 13s)
2026-07-29 16:27:27   [GPU] 100,078 evals (699 batches, avg 143/batch = 28% of 512, 4955 evals/s, 346 msg/s, 14.3 leaves/msg, 20s)
2026-07-29 16:27:34   [GPU] 150,045 evals (1039 batches, avg 144/batch = 28% of 512, 5521 evals/s, 385 msg/s, 14.3 leaves/msg, 27s)
2026-07-29 16:27:41   [GPU] 200,084 evals (1371 batches, avg 146/batch = 29% of 512, 5951 evals/s, 415 msg/s, 14.3 leaves/msg, 34s)
2026-07-29 16:27:47   [GPU] 250,046 evals (1708 batches, avg 146/batch = 29% of 512, 6307 evals/s, 440 msg/s, 14.3 leaves/msg, 40s)
2026-07-29 16:27:53   [GPU] 300,032 evals (2037 batches, avg 147/batch = 29% of 512, 6598 evals/s, 460 msg/s, 14.3 leaves/msg, 45s)
2026-07-29 16:27:58   [GPU] 350,129 evals (2370 batches, avg 148/batch = 29% of 512, 6831 evals/s, 476 msg/s, 14.3 leaves/msg, 51s)
2026-07-29 16:28:04   [GPU] 400,056 evals (2700 batches, avg 148/batch = 29% of 512, 7010 evals/s, 489 msg/s, 14.3 leaves/msg, 57s)
2026-07-29 16:28:05 [iter 20/70] eval vs best: 5/80 games (60s, cand 0%)
2026-07-29 16:28:05 [iter 20/70] eval vs best: 10/80 games (60s, cand 0%)
2026-07-29 16:28:06 [iter 20/70] eval vs best: 15/80 games (61s, cand 0%)
2026-07-29 16:28:09 [iter 20/70] eval vs best: 20/80 games (64s, cand 0%)
2026-07-29 16:28:10   [GPU] 450,190 evals (3026 batches, avg 149/batch = 29% of 512, 7162 evals/s, 501 msg/s, 14.3 leaves/msg, 63s)
2026-07-29 16:28:11 [iter 20/70] eval vs best: 25/80 games (66s, cand 0%)
2026-07-29 16:28:15 [iter 20/70] eval vs best: 30/80 games (70s, cand 0%)
2026-07-29 16:28:16   [GPU] 500,153 evals (3350 batches, avg 149/batch = 29% of 512, 7292 evals/s, 510 msg/s, 14.3 leaves/msg, 69s)
2026-07-29 16:28:16 [iter 20/70] eval vs best: 35/80 games (71s, cand 0%)
2026-07-29 16:28:19 [iter 20/70] eval vs best: 40/80 games (74s, cand 0%)
2026-07-29 16:28:21 [iter 20/70] eval vs best: 45/80 games (76s, cand 2%)
2026-07-29 16:28:22   [GPU] 550,026 evals (3727 batches, avg 148/batch = 29% of 512, 7341 evals/s, 515 msg/s, 14.3 leaves/msg, 75s)
2026-07-29 16:28:29   [GPU] 600,061 evals (4190 batches, avg 143/batch = 28% of 512, 7301 evals/s, 513 msg/s, 14.2 leaves/msg, 82s)
2026-07-29 16:28:34 [iter 20/70] eval vs best: 50/80 games (89s, cand 6%)
2026-07-29 16:28:37   [GPU] 650,021 evals (4662 batches, avg 139/batch = 27% of 512, 7248 evals/s, 510 msg/s, 14.2 leaves/msg, 90s)
2026-07-29 16:28:42 [iter 20/70] eval vs best: 55/80 games (97s, cand 7%)
2026-07-29 16:28:45   [GPU] 700,028 evals (5199 batches, avg 135/batch = 26% of 512, 7158 evals/s, 504 msg/s, 14.2 leaves/msg, 98s)
2026-07-29 16:28:51 [iter 20/70] eval vs best: 60/80 games (106s, cand 10%)
2026-07-29 16:28:55   [GPU] 750,017 evals (5892 batches, avg 127/batch = 25% of 512, 6971 evals/s, 492 msg/s, 14.2 leaves/msg, 108s)
2026-07-29 16:29:06   [GPU] 800,003 evals (6765 batches, avg 118/batch = 23% of 512, 6712 evals/s, 475 msg/s, 14.1 leaves/msg, 119s)
2026-07-29 16:29:19   [GPU] 850,007 evals (7738 batches, avg 110/batch = 21% of 512, 6447 evals/s, 457 msg/s, 14.1 leaves/msg, 132s)
2026-07-29 16:29:25 [iter 20/70] eval vs best: 65/80 games (140s, cand 11%)
2026-07-29 16:29:33   [GPU] 900,092 evals (8855 batches, avg 102/batch = 20% of 512, 6157 evals/s, 438 msg/s, 14.1 leaves/msg, 146s)
2026-07-29 16:29:52 [iter 20/70] eval vs best: 70/80 games (166s, cand 12%)
2026-07-29 16:29:58   [GPU] 950,010 evals (10702 batches, avg 89/batch = 17% of 512, 5553 evals/s, 395 msg/s, 14.1 leaves/msg, 171s)
2026-07-29 16:30:23 [iter 20/70] eval vs best: 75/80 games (198s, cand 12%)
2026-07-29 16:30:34   [GPU] 1,000,021 evals (12951 batches, avg 77/batch = 15% of 512, 4832 evals/s, 343 msg/s, 14.1 leaves/msg, 207s)
2026-07-29 16:31:29   [GPU] 1,050,006 evals (15669 batches, avg 67/batch = 13% of 512, 4010 evals/s, 285 msg/s, 14.1 leaves/msg, 262s)
2026-07-29 16:32:44 [iter 20/70] eval vs best: 80/80 games (339s, cand 13%)
2026-07-29 16:32:45 [iter 20/70] eval vs best done: 13.4% of 67 decided reject (340s)
2026-07-29 16:32:45 [iter 20/70] eval vs random (40 games, 200 sims)...
2026-07-29 16:32:46 [EVAL-MP] 40 workers spawned (40 vs_random games, sims=200), GPU batcher starting...
2026-07-29 16:32:55   [GPU] 50,050 evals (431 batches, avg 116/batch = 23% of 512, 5407 evals/s, 384 msg/s, 14.1 leaves/msg, 9s)
2026-07-29 16:33:01   [GPU] 100,053 evals (782 batches, avg 128/batch = 25% of 512, 6793 evals/s, 509 msg/s, 13.3 leaves/msg, 15s)
2026-07-29 16:33:02 [iter 20/70] eval vs random: 5/40 games (17s, cand 100%)
2026-07-29 16:33:04 [iter 20/70] eval vs random: 10/40 games (19s, cand 100%)
2026-07-29 16:33:06   [GPU] 150,137 evals (1149 batches, avg 131/batch = 26% of 512, 7496 evals/s, 582 msg/s, 12.9 leaves/msg, 20s)
2026-07-29 16:33:11   [GPU] 200,050 evals (1519 batches, avg 132/batch = 26% of 512, 7944 evals/s, 628 msg/s, 12.7 leaves/msg, 25s)
2026-07-29 16:33:14 [iter 20/70] eval vs random: 15/40 games (29s, cand 93%)
2026-07-29 16:33:16   [GPU] 250,110 evals (1891 batches, avg 132/batch = 26% of 512, 8268 evals/s, 660 msg/s, 12.5 leaves/msg, 30s)
2026-07-29 16:33:19 [iter 20/70] eval vs random: 20/40 games (34s, cand 89%)
2026-07-29 16:33:20 [iter 20/70] eval vs random: 25/40 games (34s, cand 89%)
2026-07-29 16:33:20 [iter 20/70] eval vs random: 30/40 games (35s, cand 89%)
2026-07-29 16:33:20 [iter 20/70] eval vs random: 35/40 games (35s, cand 89%)
2026-07-29 16:33:21 [iter 20/70] eval vs random: 40/40 games (36s, cand 85%)
2026-07-29 16:33:22 [iter 20/70] eval vs random done: 85.0% (37s)
2026-07-29 16:33:22 >>> iter 20 | loss_p=1.649 loss_v=0.043 | vs_best=13.4% reject | vs_rand=85.0% | draw=6% | buf=188782 | sp=385s train=9s eval_best=340s eval_rand=37s | total=771s
2026-07-29 16:33:22 [iter 21/70] self-play starting (70 games, 600 sims)...
2026-07-29 16:33:24 [PARALLEL-MP] 64 workers spawned (70 games, sims=600), GPU batcher starting...
2026-07-29 16:33:36   [GPU] 50,064 evals (378 batches, avg 132/batch = 26% of 512, 4093 evals/s, 268 msg/s, 15.3 leaves/msg, 12s)
2026-07-29 16:33:44   [GPU] 100,048 evals (723 batches, avg 138/batch = 27% of 512, 5107 evals/s, 332 msg/s, 15.4 leaves/msg, 20s)
2026-07-29 16:33:51   [GPU] 150,043 evals (1065 batches, avg 141/batch = 28% of 512, 5536 evals/s, 359 msg/s, 15.4 leaves/msg, 27s)
2026-07-29 16:33:58   [GPU] 200,034 evals (1400 batches, avg 143/batch = 28% of 512, 5862 evals/s, 381 msg/s, 15.4 leaves/msg, 34s)
2026-07-29 16:34:05   [GPU] 250,018 evals (1739 batches, avg 144/batch = 28% of 512, 6082 evals/s, 395 msg/s, 15.4 leaves/msg, 41s)
2026-07-29 16:34:12   [GPU] 300,154 evals (2067 batches, avg 145/batch = 28% of 512, 6264 evals/s, 406 msg/s, 15.4 leaves/msg, 48s)
2026-07-29 16:34:19   [GPU] 350,078 evals (2392 batches, avg 146/batch = 29% of 512, 6407 evals/s, 416 msg/s, 15.4 leaves/msg, 55s)
2026-07-29 16:34:25   [GPU] 400,023 evals (2711 batches, avg 148/batch = 29% of 512, 6530 evals/s, 424 msg/s, 15.4 leaves/msg, 61s)
2026-07-29 16:34:32   [GPU] 450,155 evals (3032 batches, avg 148/batch = 29% of 512, 6645 evals/s, 431 msg/s, 15.4 leaves/msg, 68s)
2026-07-29 16:34:38   [GPU] 500,107 evals (3358 batches, avg 149/batch = 29% of 512, 6763 evals/s, 439 msg/s, 15.4 leaves/msg, 74s)
2026-07-29 16:34:44   [GPU] 550,164 evals (3687 batches, avg 149/batch = 29% of 512, 6877 evals/s, 446 msg/s, 15.4 leaves/msg, 80s)
2026-07-29 16:34:50   [GPU] 600,087 evals (4007 batches, avg 150/batch = 29% of 512, 7002 evals/s, 455 msg/s, 15.4 leaves/msg, 86s)
2026-07-29 16:34:55   [GPU] 650,121 evals (4323 batches, avg 150/batch = 29% of 512, 7145 evals/s, 464 msg/s, 15.4 leaves/msg, 91s)
2026-07-29 16:35:00   [GPU] 700,145 evals (4642 batches, avg 151/batch = 29% of 512, 7315 evals/s, 475 msg/s, 15.4 leaves/msg, 96s)
2026-07-29 16:35:05   [GPU] 750,234 evals (4971 batches, avg 151/batch = 29% of 512, 7465 evals/s, 485 msg/s, 15.4 leaves/msg, 100s)
2026-07-29 16:35:09   [GPU] 800,092 evals (5301 batches, avg 151/batch = 29% of 512, 7590 evals/s, 494 msg/s, 15.4 leaves/msg, 105s)
2026-07-29 16:35:14   [GPU] 850,173 evals (5641 batches, avg 151/batch = 29% of 512, 7706 evals/s, 503 msg/s, 15.3 leaves/msg, 110s)
2026-07-29 16:35:19   [GPU] 900,070 evals (5968 batches, avg 151/batch = 29% of 512, 7827 evals/s, 512 msg/s, 15.3 leaves/msg, 115s)
2026-07-29 16:35:24   [GPU] 950,139 evals (6306 batches, avg 151/batch = 29% of 512, 7928 evals/s, 520 msg/s, 15.3 leaves/msg, 120s)
2026-07-29 16:35:29   [GPU] 1,000,129 evals (6638 batches, avg 151/batch = 29% of 512, 8031 evals/s, 528 msg/s, 15.2 leaves/msg, 125s)
2026-07-29 16:35:33   [GPU] 1,050,052 evals (6965 batches, avg 151/batch = 29% of 512, 8124 evals/s, 535 msg/s, 15.2 leaves/msg, 129s)
2026-07-29 16:35:38   [GPU] 1,100,053 evals (7293 batches, avg 151/batch = 29% of 512, 8208 evals/s, 541 msg/s, 15.2 leaves/msg, 134s)
2026-07-29 16:35:43   [GPU] 1,150,103 evals (7630 batches, avg 151/batch = 29% of 512, 8287 evals/s, 548 msg/s, 15.1 leaves/msg, 139s)
2026-07-29 16:35:47   [GPU] 1,200,112 evals (7949 batches, avg 151/batch = 29% of 512, 8368 evals/s, 554 msg/s, 15.1 leaves/msg, 143s)
2026-07-29 16:35:52   [GPU] 1,250,147 evals (8282 batches, avg 151/batch = 29% of 512, 8430 evals/s, 559 msg/s, 15.1 leaves/msg, 148s)
2026-07-29 16:35:57   [GPU] 1,300,135 evals (8618 batches, avg 151/batch = 29% of 512, 8489 evals/s, 564 msg/s, 15.1 leaves/msg, 153s)
2026-07-29 16:36:02   [GPU] 1,350,187 evals (8961 batches, avg 151/batch = 29% of 512, 8544 evals/s, 568 msg/s, 15.0 leaves/msg, 158s)
2026-07-29 16:36:07   [GPU] 1,400,121 evals (9296 batches, avg 151/batch = 29% of 512, 8596 evals/s, 573 msg/s, 15.0 leaves/msg, 163s)
2026-07-29 16:36:12   [GPU] 1,450,054 evals (9639 batches, avg 150/batch = 29% of 512, 8641 evals/s, 577 msg/s, 15.0 leaves/msg, 168s)
2026-07-29 16:36:17   [GPU] 1,500,110 evals (9967 batches, avg 151/batch = 29% of 512, 8693 evals/s, 581 msg/s, 15.0 leaves/msg, 173s)
2026-07-29 16:36:21   [GPU] 1,550,150 evals (10300 batches, avg 150/batch = 29% of 512, 8741 evals/s, 585 msg/s, 14.9 leaves/msg, 177s)
2026-07-29 16:36:26   [GPU] 1,600,050 evals (10636 batches, avg 150/batch = 29% of 512, 8790 evals/s, 590 msg/s, 14.9 leaves/msg, 182s)
2026-07-29 16:36:31   [GPU] 1,650,048 evals (10977 batches, avg 150/batch = 29% of 512, 8833 evals/s, 594 msg/s, 14.9 leaves/msg, 187s)
2026-07-29 16:36:36   [GPU] 1,700,116 evals (11319 batches, avg 150/batch = 29% of 512, 8878 evals/s, 599 msg/s, 14.8 leaves/msg, 191s)
2026-07-29 16:36:40   [GPU] 1,750,009 evals (11657 batches, avg 150/batch = 29% of 512, 8923 evals/s, 604 msg/s, 14.8 leaves/msg, 196s)
2026-07-29 16:36:45   [GPU] 1,800,094 evals (12006 batches, avg 150/batch = 29% of 512, 8956 evals/s, 608 msg/s, 14.7 leaves/msg, 201s)
2026-07-29 16:36:50   [GPU] 1,850,029 evals (12349 batches, avg 150/batch = 29% of 512, 8991 evals/s, 613 msg/s, 14.7 leaves/msg, 206s)
2026-07-29 16:36:55   [GPU] 1,900,146 evals (12698 batches, avg 150/batch = 29% of 512, 9016 evals/s, 617 msg/s, 14.6 leaves/msg, 211s)
2026-07-29 16:36:58 [iter 21/70] self-play: 5/70 games...
2026-07-29 16:37:00   [GPU] 1,950,110 evals (13063 batches, avg 149/batch = 29% of 512, 9036 evals/s, 622 msg/s, 14.5 leaves/msg, 216s)
2026-07-29 16:37:05   [GPU] 2,000,073 evals (13439 batches, avg 149/batch = 29% of 512, 9050 evals/s, 626 msg/s, 14.4 leaves/msg, 221s)
2026-07-29 16:37:08 [iter 21/70] self-play: 10/70 games...
2026-07-29 16:37:10   [GPU] 2,050,118 evals (13823 batches, avg 148/batch = 29% of 512, 9059 evals/s, 631 msg/s, 14.4 leaves/msg, 226s)
2026-07-29 16:37:14 [iter 21/70] self-play: 15/70 games...
2026-07-29 16:37:16   [GPU] 2,100,037 evals (14198 batches, avg 148/batch = 29% of 512, 9071 evals/s, 636 msg/s, 14.3 leaves/msg, 232s)
2026-07-29 16:37:18 [iter 21/70] self-play: 20/70 games...
2026-07-29 16:37:21   [GPU] 2,150,095 evals (14564 batches, avg 148/batch = 29% of 512, 9085 evals/s, 640 msg/s, 14.2 leaves/msg, 237s)
2026-07-29 16:37:22 [iter 21/70] self-play: 25/70 games...
2026-07-29 16:37:26   [GPU] 2,200,017 evals (14913 batches, avg 148/batch = 29% of 512, 9111 evals/s, 645 msg/s, 14.1 leaves/msg, 241s)
2026-07-29 16:37:31   [GPU] 2,250,016 evals (15247 batches, avg 148/batch = 29% of 512, 9130 evals/s, 649 msg/s, 14.1 leaves/msg, 246s)
2026-07-29 16:37:31 [iter 21/70] self-play: 30/70 games...
2026-07-29 16:37:33 [iter 21/70] self-play: 35/70 games...
2026-07-29 16:37:35   [GPU] 2,300,182 evals (15593 batches, avg 148/batch = 29% of 512, 9153 evals/s, 653 msg/s, 14.0 leaves/msg, 251s)
2026-07-29 16:37:39 [iter 21/70] self-play: 40/70 games...
2026-07-29 16:37:40   [GPU] 2,350,134 evals (15949 batches, avg 147/batch = 29% of 512, 9171 evals/s, 657 msg/s, 14.0 leaves/msg, 256s)
2026-07-29 16:37:45   [GPU] 2,400,043 evals (16295 batches, avg 147/batch = 29% of 512, 9193 evals/s, 660 msg/s, 13.9 leaves/msg, 261s)
2026-07-29 16:37:49 [iter 21/70] self-play: 45/70 games...
2026-07-29 16:37:50   [GPU] 2,450,127 evals (16671 batches, avg 147/batch = 29% of 512, 9202 evals/s, 663 msg/s, 13.9 leaves/msg, 266s)
2026-07-29 16:37:56   [GPU] 2,500,053 evals (17050 batches, avg 147/batch = 29% of 512, 9211 evals/s, 664 msg/s, 13.9 leaves/msg, 271s)
2026-07-29 16:38:01   [GPU] 2,550,061 evals (17431 batches, avg 146/batch = 29% of 512, 9218 evals/s, 665 msg/s, 13.9 leaves/msg, 277s)
2026-07-29 16:38:01 [iter 21/70] self-play: 50/70 games...
2026-07-29 16:38:07   [GPU] 2,600,013 evals (17895 batches, avg 145/batch = 28% of 512, 9197 evals/s, 664 msg/s, 13.8 leaves/msg, 283s)
2026-07-29 16:38:13   [GPU] 2,650,015 evals (18329 batches, avg 145/batch = 28% of 512, 9187 evals/s, 663 msg/s, 13.8 leaves/msg, 288s)
2026-07-29 16:38:18   [GPU] 2,700,061 evals (18743 batches, avg 144/batch = 28% of 512, 9187 evals/s, 663 msg/s, 13.9 leaves/msg, 294s)
2026-07-29 16:38:23   [GPU] 2,750,048 evals (19158 batches, avg 144/batch = 28% of 512, 9185 evals/s, 663 msg/s, 13.9 leaves/msg, 299s)
2026-07-29 16:38:28 [iter 21/70] self-play: 55/70 games...
2026-07-29 16:38:29   [GPU] 2,800,058 evals (19582 batches, avg 143/batch = 28% of 512, 9181 evals/s, 663 msg/s, 13.9 leaves/msg, 305s)
2026-07-29 16:38:35   [GPU] 2,850,073 evals (20028 batches, avg 142/batch = 28% of 512, 9174 evals/s, 662 msg/s, 13.9 leaves/msg, 311s)
2026-07-29 16:38:41   [GPU] 2,900,029 evals (20486 batches, avg 142/batch = 28% of 512, 9163 evals/s, 662 msg/s, 13.8 leaves/msg, 317s)
2026-07-29 16:38:47   [GPU] 2,950,097 evals (20992 batches, avg 141/batch = 27% of 512, 9145 evals/s, 661 msg/s, 13.8 leaves/msg, 323s)
2026-07-29 16:38:53   [GPU] 3,000,063 evals (21538 batches, avg 139/batch = 27% of 512, 9112 evals/s, 659 msg/s, 13.8 leaves/msg, 329s)
2026-07-29 16:39:00 [iter 21/70] self-play: 60/70 games...
2026-07-29 16:39:01   [GPU] 3,050,076 evals (22173 batches, avg 138/batch = 27% of 512, 9059 evals/s, 656 msg/s, 13.8 leaves/msg, 337s)
2026-07-29 16:39:10   [GPU] 3,100,046 evals (22989 batches, avg 135/batch = 26% of 512, 8961 evals/s, 650 msg/s, 13.8 leaves/msg, 346s)
2026-07-29 16:39:19   [GPU] 3,150,014 evals (23834 batches, avg 132/batch = 26% of 512, 8868 evals/s, 643 msg/s, 13.8 leaves/msg, 355s)
2026-07-29 16:39:30   [GPU] 3,200,051 evals (24782 batches, avg 129/batch = 25% of 512, 8755 evals/s, 635 msg/s, 13.8 leaves/msg, 366s)
2026-07-29 16:39:41 [iter 21/70] self-play: 65/70 games...
2026-07-29 16:39:42   [GPU] 3,250,024 evals (25911 batches, avg 125/batch = 24% of 512, 8611 evals/s, 627 msg/s, 13.7 leaves/msg, 377s)
2026-07-29 16:40:27 [iter 21/70] self-play: 70/70 games...
2026-07-29 16:40:27 [iter 21/70] self-play done: 70 games (425s) | wins: P0=29, P2=18, P3=17, draw=6 | draw_rate=9% avg_len~69
2026-07-29 16:40:27 [iter 21/70] training (600 steps, lr=8.31e-04)...
2026-07-29 16:40:37 [iter 21/70] training done: loss_p=1.655 loss_v=0.042 (9s)
2026-07-29 16:40:37 [iter 21/70] eval skipped (eval_every=5)
2026-07-29 16:40:37 >>> iter 21 | loss_p=1.655 loss_v=0.042 | vs_best=n/a (not evaluated) | vs_rand=n/a | draw=9% | buf=198396 | sp=425s train=9s eval_best=0s eval_rand=0s | total=435s
2026-07-29 16:40:37 [iter 22/70] self-play starting (70 games, 600 sims)...
2026-07-29 16:40:39 [PARALLEL-MP] 64 workers spawned (70 games, sims=600), GPU batcher starting...
2026-07-29 16:40:52   [GPU] 50,000 evals (366 batches, avg 137/batch = 27% of 512, 3731 evals/s, 245 msg/s, 15.3 leaves/msg, 13s)
2026-07-29 16:41:00   [GPU] 100,160 evals (699 batches, avg 143/batch = 28% of 512, 4824 evals/s, 313 msg/s, 15.4 leaves/msg, 21s)
2026-07-29 16:41:07   [GPU] 150,059 evals (1048 batches, avg 143/batch = 28% of 512, 5265 evals/s, 341 msg/s, 15.4 leaves/msg, 29s)
2026-07-29 16:41:15   [GPU] 200,181 evals (1393 batches, avg 144/batch = 28% of 512, 5572 evals/s, 363 msg/s, 15.4 leaves/msg, 36s)
2026-07-29 16:41:23   [GPU] 250,128 evals (1732 batches, avg 144/batch = 28% of 512, 5734 evals/s, 372 msg/s, 15.4 leaves/msg, 44s)
2026-07-29 16:41:30   [GPU] 300,080 evals (2065 batches, avg 145/batch = 28% of 512, 5900 evals/s, 383 msg/s, 15.4 leaves/msg, 51s)
2026-07-29 16:41:37   [GPU] 350,169 evals (2396 batches, avg 146/batch = 29% of 512, 6020 evals/s, 391 msg/s, 15.4 leaves/msg, 58s)
2026-07-29 16:41:44   [GPU] 400,188 evals (2719 batches, avg 147/batch = 29% of 512, 6138 evals/s, 399 msg/s, 15.4 leaves/msg, 65s)
2026-07-29 16:41:51   [GPU] 450,044 evals (3048 batches, avg 148/batch = 29% of 512, 6247 evals/s, 406 msg/s, 15.4 leaves/msg, 72s)
2026-07-29 16:41:58   [GPU] 500,016 evals (3378 batches, avg 148/batch = 29% of 512, 6364 evals/s, 413 msg/s, 15.4 leaves/msg, 79s)
2026-07-29 16:42:04   [GPU] 550,133 evals (3702 batches, avg 149/batch = 29% of 512, 6469 evals/s, 420 msg/s, 15.4 leaves/msg, 85s)
2026-07-29 16:42:10   [GPU] 600,209 evals (4018 batches, avg 149/batch = 29% of 512, 6586 evals/s, 428 msg/s, 15.4 leaves/msg, 91s)
2026-07-29 16:42:16   [GPU] 650,077 evals (4324 batches, avg 150/batch = 29% of 512, 6708 evals/s, 435 msg/s, 15.4 leaves/msg, 97s)
2026-07-29 16:42:21   [GPU] 700,155 evals (4630 batches, avg 151/batch = 30% of 512, 6890 evals/s, 447 msg/s, 15.4 leaves/msg, 102s)
2026-07-29 16:42:26   [GPU] 750,096 evals (4964 batches, avg 151/batch = 30% of 512, 7040 evals/s, 457 msg/s, 15.4 leaves/msg, 107s)
2026-07-29 16:42:31   [GPU] 800,087 evals (5291 batches, avg 151/batch = 30% of 512, 7171 evals/s, 467 msg/s, 15.4 leaves/msg, 112s)
2026-07-29 16:42:35   [GPU] 850,136 evals (5625 batches, avg 151/batch = 30% of 512, 7298 evals/s, 476 msg/s, 15.3 leaves/msg, 116s)
2026-07-29 16:42:40   [GPU] 900,103 evals (5958 batches, avg 151/batch = 30% of 512, 7415 evals/s, 485 msg/s, 15.3 leaves/msg, 121s)
2026-07-29 16:42:45   [GPU] 950,127 evals (6287 batches, avg 151/batch = 30% of 512, 7524 evals/s, 493 msg/s, 15.3 leaves/msg, 126s)
2026-07-29 16:42:50   [GPU] 1,000,113 evals (6624 batches, avg 151/batch = 29% of 512, 7624 evals/s, 500 msg/s, 15.2 leaves/msg, 131s)
2026-07-29 16:42:55   [GPU] 1,050,071 evals (6964 batches, avg 151/batch = 29% of 512, 7714 evals/s, 507 msg/s, 15.2 leaves/msg, 136s)
2026-07-29 16:43:00   [GPU] 1,100,044 evals (7312 batches, avg 150/batch = 29% of 512, 7799 evals/s, 514 msg/s, 15.2 leaves/msg, 141s)
2026-07-29 16:43:05   [GPU] 1,150,188 evals (7652 batches, avg 150/batch = 29% of 512, 7884 evals/s, 520 msg/s, 15.1 leaves/msg, 146s)
2026-07-29 16:43:10   [GPU] 1,200,112 evals (7997 batches, avg 150/batch = 29% of 512, 7961 evals/s, 526 msg/s, 15.1 leaves/msg, 151s)
2026-07-29 16:43:15   [GPU] 1,250,048 evals (8340 batches, avg 150/batch = 29% of 512, 8032 evals/s, 532 msg/s, 15.1 leaves/msg, 156s)
2026-07-29 16:43:19   [GPU] 1,300,056 evals (8688 batches, avg 150/batch = 29% of 512, 8102 evals/s, 538 msg/s, 15.1 leaves/msg, 160s)
2026-07-29 16:43:24   [GPU] 1,350,160 evals (9039 batches, avg 149/batch = 29% of 512, 8167 evals/s, 543 msg/s, 15.0 leaves/msg, 165s)
2026-07-29 16:43:29   [GPU] 1,400,063 evals (9369 batches, avg 149/batch = 29% of 512, 8233 evals/s, 548 msg/s, 15.0 leaves/msg, 170s)
2026-07-29 16:43:34   [GPU] 1,450,022 evals (9704 batches, avg 149/batch = 29% of 512, 8290 evals/s, 553 msg/s, 15.0 leaves/msg, 175s)
2026-07-29 16:43:39   [GPU] 1,500,029 evals (10030 batches, avg 150/batch = 29% of 512, 8350 evals/s, 558 msg/s, 15.0 leaves/msg, 180s)
2026-07-29 16:43:43   [GPU] 1,550,063 evals (10378 batches, avg 149/batch = 29% of 512, 8404 evals/s, 563 msg/s, 14.9 leaves/msg, 184s)
2026-07-29 16:43:48   [GPU] 1,600,121 evals (10713 batches, avg 149/batch = 29% of 512, 8458 evals/s, 567 msg/s, 14.9 leaves/msg, 189s)
2026-07-29 16:43:53   [GPU] 1,650,129 evals (11056 batches, avg 149/batch = 29% of 512, 8505 evals/s, 572 msg/s, 14.9 leaves/msg, 194s)
2026-07-29 16:43:58   [GPU] 1,700,063 evals (11407 batches, avg 149/batch = 29% of 512, 8548 evals/s, 577 msg/s, 14.8 leaves/msg, 199s)
2026-07-29 16:44:03   [GPU] 1,750,181 evals (11763 batches, avg 149/batch = 29% of 512, 8583 evals/s, 581 msg/s, 14.8 leaves/msg, 204s)
2026-07-29 16:44:08   [GPU] 1,800,122 evals (12125 batches, avg 148/batch = 29% of 512, 8618 evals/s, 586 msg/s, 14.7 leaves/msg, 209s)
2026-07-29 16:44:13   [GPU] 1,850,072 evals (12498 batches, avg 148/batch = 29% of 512, 8644 evals/s, 590 msg/s, 14.7 leaves/msg, 214s)
2026-07-29 16:44:13 [iter 22/70] self-play: 5/70 games...
2026-07-29 16:44:18   [GPU] 1,900,156 evals (12865 batches, avg 148/batch = 29% of 512, 8668 evals/s, 594 msg/s, 14.6 leaves/msg, 219s)
2026-07-29 16:44:23   [GPU] 1,950,006 evals (13226 batches, avg 147/batch = 29% of 512, 8691 evals/s, 598 msg/s, 14.5 leaves/msg, 224s)
2026-07-29 16:44:25 [iter 22/70] self-play: 10/70 games...
2026-07-29 16:44:28   [GPU] 2,000,000 evals (13591 batches, avg 147/batch = 29% of 512, 8714 evals/s, 604 msg/s, 14.4 leaves/msg, 230s)
2026-07-29 16:44:34 [iter 22/70] self-play: 15/70 games...
2026-07-29 16:44:34   [GPU] 2,050,025 evals (13968 batches, avg 147/batch = 29% of 512, 8728 evals/s, 609 msg/s, 14.3 leaves/msg, 235s)
2026-07-29 16:44:36 [iter 22/70] self-play: 20/70 games...
2026-07-29 16:44:39   [GPU] 2,100,119 evals (14349 batches, avg 146/batch = 29% of 512, 8744 evals/s, 615 msg/s, 14.2 leaves/msg, 240s)
2026-07-29 16:44:40 [iter 22/70] self-play: 25/70 games...
2026-07-29 16:44:44 [iter 22/70] self-play: 30/70 games...
2026-07-29 16:44:44   [GPU] 2,150,066 evals (14707 batches, avg 146/batch = 29% of 512, 8767 evals/s, 619 msg/s, 14.2 leaves/msg, 245s)
2026-07-29 16:44:49   [GPU] 2,200,140 evals (15046 batches, avg 146/batch = 29% of 512, 8797 evals/s, 622 msg/s, 14.1 leaves/msg, 250s)
2026-07-29 16:44:54   [GPU] 2,250,100 evals (15383 batches, avg 146/batch = 29% of 512, 8827 evals/s, 625 msg/s, 14.1 leaves/msg, 255s)
2026-07-29 16:44:59   [GPU] 2,300,079 evals (15736 batches, avg 146/batch = 29% of 512, 8847 evals/s, 628 msg/s, 14.1 leaves/msg, 260s)
2026-07-29 16:45:00 [iter 22/70] self-play: 35/70 games...
2026-07-29 16:45:04 [iter 22/70] self-play: 40/70 games...
2026-07-29 16:45:04   [GPU] 2,350,120 evals (16116 batches, avg 146/batch = 28% of 512, 8858 evals/s, 631 msg/s, 14.0 leaves/msg, 265s)
2026-07-29 16:45:10   [GPU] 2,400,153 evals (16493 batches, avg 146/batch = 28% of 512, 8870 evals/s, 634 msg/s, 14.0 leaves/msg, 271s)
2026-07-29 16:45:12 [iter 22/70] self-play: 45/70 games...
2026-07-29 16:45:15   [GPU] 2,450,137 evals (16876 batches, avg 145/batch = 28% of 512, 8877 evals/s, 637 msg/s, 13.9 leaves/msg, 276s)
2026-07-29 16:45:20   [GPU] 2,500,075 evals (17248 batches, avg 145/batch = 28% of 512, 8896 evals/s, 639 msg/s, 13.9 leaves/msg, 281s)
2026-07-29 16:45:25   [GPU] 2,550,031 evals (17607 batches, avg 145/batch = 28% of 512, 8916 evals/s, 640 msg/s, 13.9 leaves/msg, 286s)
2026-07-29 16:45:26 [iter 22/70] self-play: 50/70 games...
2026-07-29 16:45:30   [GPU] 2,600,122 evals (17975 batches, avg 145/batch = 28% of 512, 8932 evals/s, 642 msg/s, 13.9 leaves/msg, 291s)
2026-07-29 16:45:35   [GPU] 2,650,001 evals (18352 batches, avg 144/batch = 28% of 512, 8944 evals/s, 643 msg/s, 13.9 leaves/msg, 296s)
2026-07-29 16:45:40   [GPU] 2,700,073 evals (18736 batches, avg 144/batch = 28% of 512, 8958 evals/s, 644 msg/s, 13.9 leaves/msg, 301s)
2026-07-29 16:45:46   [GPU] 2,750,109 evals (19126 batches, avg 144/batch = 28% of 512, 8968 evals/s, 644 msg/s, 13.9 leaves/msg, 307s)
2026-07-29 16:45:51   [GPU] 2,800,161 evals (19527 batches, avg 143/batch = 28% of 512, 8975 evals/s, 645 msg/s, 13.9 leaves/msg, 312s)
2026-07-29 16:45:56 [iter 22/70] self-play: 55/70 games...
2026-07-29 16:45:57   [GPU] 2,850,096 evals (19961 batches, avg 143/batch = 28% of 512, 8974 evals/s, 646 msg/s, 13.9 leaves/msg, 318s)
2026-07-29 16:46:03   [GPU] 2,900,074 evals (20438 batches, avg 142/batch = 28% of 512, 8963 evals/s, 645 msg/s, 13.9 leaves/msg, 324s)
2026-07-29 16:46:08   [GPU] 2,950,093 evals (20907 batches, avg 141/batch = 28% of 512, 8959 evals/s, 645 msg/s, 13.9 leaves/msg, 329s)
2026-07-29 16:46:14   [GPU] 3,000,092 evals (21383 batches, avg 140/batch = 27% of 512, 8949 evals/s, 644 msg/s, 13.9 leaves/msg, 335s)
2026-07-29 16:46:20   [GPU] 3,050,090 evals (21873 batches, avg 139/batch = 27% of 512, 8945 evals/s, 644 msg/s, 13.9 leaves/msg, 341s)
2026-07-29 16:46:25 [iter 22/70] self-play: 60/70 games...
2026-07-29 16:46:27   [GPU] 3,100,060 evals (22500 batches, avg 138/batch = 27% of 512, 8908 evals/s, 643 msg/s, 13.9 leaves/msg, 348s)
2026-07-29 16:46:35   [GPU] 3,150,016 evals (23241 batches, avg 136/batch = 26% of 512, 8846 evals/s, 639 msg/s, 13.8 leaves/msg, 356s)
2026-07-29 16:46:44   [GPU] 3,200,047 evals (24087 batches, avg 133/batch = 26% of 512, 8766 evals/s, 633 msg/s, 13.8 leaves/msg, 365s)
2026-07-29 16:46:54   [GPU] 3,250,008 evals (25037 batches, avg 130/batch = 25% of 512, 8669 evals/s, 627 msg/s, 13.8 leaves/msg, 375s)
2026-07-29 16:47:00 [iter 22/70] self-play: 65/70 games...
2026-07-29 16:47:11 [iter 22/70] self-play: 70/70 games...
2026-07-29 16:47:11 [iter 22/70] self-play done: 70 games (395s) | wins: P0=33, P1=2, P2=14, P3=15, draw=6 | draw_rate=9% avg_len~69
2026-07-29 16:47:11 [iter 22/70] training (600 steps, lr=8.15e-04)...
2026-07-29 16:47:20 [iter 22/70] training done: loss_p=1.655 loss_v=0.043 (8s)
2026-07-29 16:47:20 [iter 22/70] eval skipped (eval_every=5)
2026-07-29 16:47:20 >>> iter 22 | loss_p=1.655 loss_v=0.043 | vs_best=n/a (not evaluated) | vs_rand=n/a | draw=9% | buf=208018 | sp=395s train=8s eval_best=0s eval_rand=0s | total=403s
2026-07-29 16:47:20 [iter 23/70] self-play starting (70 games, 600 sims)...
2026-07-29 16:47:22 [PARALLEL-MP] 64 workers spawned (70 games, sims=600), GPU batcher starting...
2026-07-29 16:47:35   [GPU] 50,064 evals (362 batches, avg 138/batch = 27% of 512, 3971 evals/s, 260 msg/s, 15.3 leaves/msg, 13s)
2026-07-29 16:47:42   [GPU] 100,032 evals (700 batches, avg 143/batch = 28% of 512, 5038 evals/s, 327 msg/s, 15.4 leaves/msg, 20s)
2026-07-29 16:47:49   [GPU] 150,166 evals (1048 batches, avg 143/batch = 28% of 512, 5515 evals/s, 358 msg/s, 15.4 leaves/msg, 27s)
2026-07-29 16:47:56   [GPU] 200,057 evals (1389 batches, avg 144/batch = 28% of 512, 5814 evals/s, 378 msg/s, 15.4 leaves/msg, 34s)
2026-07-29 16:48:04   [GPU] 250,096 evals (1723 batches, avg 145/batch = 28% of 512, 5997 evals/s, 389 msg/s, 15.4 leaves/msg, 42s)
2026-07-29 16:48:11   [GPU] 300,057 evals (2054 batches, avg 146/batch = 29% of 512, 6136 evals/s, 398 msg/s, 15.4 leaves/msg, 49s)
2026-07-29 16:48:18   [GPU] 350,057 evals (2382 batches, avg 147/batch = 29% of 512, 6272 evals/s, 407 msg/s, 15.4 leaves/msg, 56s)
2026-07-29 16:48:24   [GPU] 400,002 evals (2714 batches, avg 147/batch = 29% of 512, 6407 evals/s, 416 msg/s, 15.4 leaves/msg, 62s)
2026-07-29 16:48:31   [GPU] 450,056 evals (3044 batches, avg 148/batch = 29% of 512, 6522 evals/s, 423 msg/s, 15.4 leaves/msg, 69s)
2026-07-29 16:48:37   [GPU] 500,009 evals (3368 batches, avg 148/batch = 29% of 512, 6645 evals/s, 431 msg/s, 15.4 leaves/msg, 75s)
2026-07-29 16:48:43   [GPU] 550,165 evals (3694 batches, avg 149/batch = 29% of 512, 6764 evals/s, 439 msg/s, 15.4 leaves/msg, 81s)
2026-07-29 16:48:49   [GPU] 600,069 evals (4011 batches, avg 150/batch = 29% of 512, 6895 evals/s, 448 msg/s, 15.4 leaves/msg, 87s)
2026-07-29 16:48:54   [GPU] 650,063 evals (4345 batches, avg 150/batch = 29% of 512, 7030 evals/s, 456 msg/s, 15.4 leaves/msg, 92s)
2026-07-29 16:48:59   [GPU] 700,020 evals (4665 batches, avg 150/batch = 29% of 512, 7203 evals/s, 468 msg/s, 15.4 leaves/msg, 97s)
2026-07-29 16:49:04   [GPU] 750,024 evals (4989 batches, avg 150/batch = 29% of 512, 7355 evals/s, 478 msg/s, 15.4 leaves/msg, 102s)
2026-07-29 16:49:09   [GPU] 800,009 evals (5318 batches, avg 150/batch = 29% of 512, 7485 evals/s, 487 msg/s, 15.4 leaves/msg, 107s)
2026-07-29 16:49:14   [GPU] 850,117 evals (5651 batches, avg 150/batch = 29% of 512, 7604 evals/s, 496 msg/s, 15.3 leaves/msg, 112s)
2026-07-29 16:49:19   [GPU] 900,146 evals (5977 batches, avg 151/batch = 29% of 512, 7722 evals/s, 504 msg/s, 15.3 leaves/msg, 117s)
2026-07-29 16:49:23   [GPU] 950,140 evals (6317 batches, avg 150/batch = 29% of 512, 7828 evals/s, 513 msg/s, 15.3 leaves/msg, 121s)
2026-07-29 16:49:28   [GPU] 1,000,157 evals (6651 batches, avg 150/batch = 29% of 512, 7928 evals/s, 520 msg/s, 15.2 leaves/msg, 126s)
2026-07-29 16:49:33   [GPU] 1,050,057 evals (6982 batches, avg 150/batch = 29% of 512, 8016 evals/s, 527 msg/s, 15.2 leaves/msg, 131s)
2026-07-29 16:49:38   [GPU] 1,100,076 evals (7315 batches, avg 150/batch = 29% of 512, 8107 evals/s, 534 msg/s, 15.2 leaves/msg, 136s)
2026-07-29 16:49:42   [GPU] 1,150,022 evals (7643 batches, avg 150/batch = 29% of 512, 8191 evals/s, 540 msg/s, 15.2 leaves/msg, 140s)
2026-07-29 16:49:47   [GPU] 1,200,070 evals (7970 batches, avg 151/batch = 29% of 512, 8270 evals/s, 547 msg/s, 15.1 leaves/msg, 145s)
2026-07-29 16:49:52   [GPU] 1,250,075 evals (8306 batches, avg 151/batch = 29% of 512, 8336 evals/s, 552 msg/s, 15.1 leaves/msg, 150s)
2026-07-29 16:49:57   [GPU] 1,300,091 evals (8637 batches, avg 151/batch = 29% of 512, 8406 evals/s, 557 msg/s, 15.1 leaves/msg, 155s)
2026-07-29 16:50:01   [GPU] 1,350,046 evals (8974 batches, avg 150/batch = 29% of 512, 8470 evals/s, 563 msg/s, 15.1 leaves/msg, 159s)
2026-07-29 16:50:06   [GPU] 1,400,151 evals (9315 batches, avg 150/batch = 29% of 512, 8533 evals/s, 567 msg/s, 15.0 leaves/msg, 164s)
2026-07-29 16:50:11   [GPU] 1,450,041 evals (9660 batches, avg 150/batch = 29% of 512, 8579 evals/s, 571 msg/s, 15.0 leaves/msg, 169s)
2026-07-29 16:50:16   [GPU] 1,500,046 evals (10006 batches, avg 150/batch = 29% of 512, 8629 evals/s, 576 msg/s, 15.0 leaves/msg, 174s)
2026-07-29 16:50:21   [GPU] 1,550,069 evals (10347 batches, avg 150/batch = 29% of 512, 8677 evals/s, 580 msg/s, 15.0 leaves/msg, 179s)
2026-07-29 16:50:25   [GPU] 1,600,109 evals (10689 batches, avg 150/batch = 29% of 512, 8721 evals/s, 584 msg/s, 14.9 leaves/msg, 183s)
2026-07-29 16:50:30   [GPU] 1,650,158 evals (11039 batches, avg 149/batch = 29% of 512, 8759 evals/s, 587 msg/s, 14.9 leaves/msg, 188s)
2026-07-29 16:50:35   [GPU] 1,700,145 evals (11376 batches, avg 149/batch = 29% of 512, 8799 evals/s, 591 msg/s, 14.9 leaves/msg, 193s)
2026-07-29 16:50:40   [GPU] 1,750,023 evals (11705 batches, avg 150/batch = 29% of 512, 8839 evals/s, 595 msg/s, 14.9 leaves/msg, 198s)
2026-07-29 16:50:45   [GPU] 1,800,174 evals (12061 batches, avg 149/batch = 29% of 512, 8870 evals/s, 599 msg/s, 14.8 leaves/msg, 203s)
2026-07-29 16:50:50   [GPU] 1,850,010 evals (12411 batches, avg 149/batch = 29% of 512, 8901 evals/s, 602 msg/s, 14.8 leaves/msg, 208s)
2026-07-29 16:50:55   [GPU] 1,900,092 evals (12766 batches, avg 149/batch = 29% of 512, 8929 evals/s, 606 msg/s, 14.7 leaves/msg, 213s)
2026-07-29 16:51:00   [GPU] 1,950,144 evals (13130 batches, avg 149/batch = 29% of 512, 8954 evals/s, 610 msg/s, 14.7 leaves/msg, 218s)
2026-07-29 16:51:05   [GPU] 2,000,071 evals (13493 batches, avg 148/batch = 29% of 512, 8974 evals/s, 614 msg/s, 14.6 leaves/msg, 223s)
2026-07-29 16:51:10   [GPU] 2,050,109 evals (13883 batches, avg 148/batch = 29% of 512, 8985 evals/s, 619 msg/s, 14.5 leaves/msg, 228s)
2026-07-29 16:51:11 [iter 23/70] self-play: 5/70 games...
2026-07-29 16:51:15 [iter 23/70] self-play: 10/70 games...
2026-07-29 16:51:16   [GPU] 2,100,108 evals (14277 batches, avg 147/batch = 29% of 512, 8988 evals/s, 625 msg/s, 14.4 leaves/msg, 234s)
2026-07-29 16:51:19 [iter 23/70] self-play: 15/70 games...
2026-07-29 16:51:21   [GPU] 2,150,155 evals (14674 batches, avg 147/batch = 29% of 512, 8990 evals/s, 629 msg/s, 14.3 leaves/msg, 239s)
2026-07-29 16:51:23 [iter 23/70] self-play: 20/70 games...
2026-07-29 16:51:26   [GPU] 2,200,105 evals (15050 batches, avg 146/batch = 29% of 512, 9003 evals/s, 633 msg/s, 14.2 leaves/msg, 244s)
2026-07-29 16:51:27 [iter 23/70] self-play: 25/70 games...
2026-07-29 16:51:32   [GPU] 2,250,101 evals (15426 batches, avg 146/batch = 28% of 512, 9013 evals/s, 637 msg/s, 14.1 leaves/msg, 250s)
2026-07-29 16:51:34 [iter 23/70] self-play: 30/70 games...
2026-07-29 16:51:37   [GPU] 2,300,030 evals (15807 batches, avg 146/batch = 28% of 512, 9020 evals/s, 641 msg/s, 14.1 leaves/msg, 255s)
2026-07-29 16:51:38 [iter 23/70] self-play: 35/70 games...
2026-07-29 16:51:42   [GPU] 2,350,117 evals (16178 batches, avg 145/batch = 28% of 512, 9030 evals/s, 644 msg/s, 14.0 leaves/msg, 260s)
2026-07-29 16:51:47 [iter 23/70] self-play: 40/70 games...
2026-07-29 16:51:48   [GPU] 2,400,018 evals (16544 batches, avg 145/batch = 28% of 512, 9038 evals/s, 647 msg/s, 14.0 leaves/msg, 266s)
2026-07-29 16:51:53   [GPU] 2,450,082 evals (16909 batches, avg 145/batch = 28% of 512, 9053 evals/s, 650 msg/s, 13.9 leaves/msg, 271s)
2026-07-29 16:51:56 [iter 23/70] self-play: 45/70 games...
2026-07-29 16:51:58   [GPU] 2,500,019 evals (17294 batches, avg 145/batch = 28% of 512, 9060 evals/s, 653 msg/s, 13.9 leaves/msg, 276s)
2026-07-29 16:52:03 [iter 23/70] self-play: 50/70 games...
2026-07-29 16:52:04   [GPU] 2,550,084 evals (17718 batches, avg 144/batch = 28% of 512, 9055 evals/s, 655 msg/s, 13.8 leaves/msg, 282s)
2026-07-29 16:52:10   [GPU] 2,600,083 evals (18165 batches, avg 143/batch = 28% of 512, 9042 evals/s, 654 msg/s, 13.8 leaves/msg, 288s)
2026-07-29 16:52:15   [GPU] 2,650,064 evals (18614 batches, avg 142/batch = 28% of 512, 9031 evals/s, 653 msg/s, 13.8 leaves/msg, 293s)
2026-07-29 16:52:21   [GPU] 2,700,070 evals (19041 batches, avg 142/batch = 28% of 512, 9026 evals/s, 653 msg/s, 13.8 leaves/msg, 299s)
2026-07-29 16:52:27   [GPU] 2,750,107 evals (19469 batches, avg 141/batch = 28% of 512, 9024 evals/s, 653 msg/s, 13.8 leaves/msg, 305s)
2026-07-29 16:52:28 [iter 23/70] self-play: 55/70 games...
2026-07-29 16:52:33   [GPU] 2,800,120 evals (19922 batches, avg 141/batch = 27% of 512, 9015 evals/s, 653 msg/s, 13.8 leaves/msg, 311s)
2026-07-29 16:52:39   [GPU] 2,850,077 evals (20398 batches, avg 140/batch = 27% of 512, 9003 evals/s, 653 msg/s, 13.8 leaves/msg, 317s)
2026-07-29 16:52:45   [GPU] 2,900,052 evals (20898 batches, avg 139/batch = 27% of 512, 8989 evals/s, 652 msg/s, 13.8 leaves/msg, 323s)
2026-07-29 16:52:51   [GPU] 2,950,058 evals (21428 batches, avg 138/batch = 27% of 512, 8963 evals/s, 651 msg/s, 13.8 leaves/msg, 329s)
2026-07-29 16:52:55 [iter 23/70] self-play: 60/70 games...
2026-07-29 16:52:59   [GPU] 3,000,032 evals (22131 batches, avg 136/batch = 26% of 512, 8901 evals/s, 649 msg/s, 13.7 leaves/msg, 337s)
2026-07-29 16:53:08   [GPU] 3,050,029 evals (22980 batches, avg 133/batch = 26% of 512, 8810 evals/s, 643 msg/s, 13.7 leaves/msg, 346s)
2026-07-29 16:53:18   [GPU] 3,100,008 evals (23904 batches, avg 130/batch = 25% of 512, 8703 evals/s, 636 msg/s, 13.7 leaves/msg, 356s)
2026-07-29 16:53:29   [GPU] 3,150,008 evals (24976 batches, avg 126/batch = 25% of 512, 8571 evals/s, 628 msg/s, 13.7 leaves/msg, 368s)
2026-07-29 16:53:42 [iter 23/70] self-play: 65/70 games...
2026-07-29 16:53:44   [GPU] 3,200,006 evals (26383 batches, avg 121/batch = 24% of 512, 8377 evals/s, 616 msg/s, 13.6 leaves/msg, 382s)
2026-07-29 16:55:19 [iter 23/70] self-play: 70/70 games...
2026-07-29 16:55:19 [iter 23/70] self-play done: 70 games (480s) | wins: P0=35, P2=12, P3=19, draw=4 | draw_rate=6% avg_len~73
2026-07-29 16:55:19 [iter 23/70] training (600 steps, lr=7.98e-04)...
2026-07-29 16:55:29 [iter 23/70] training done: loss_p=1.664 loss_v=0.043 (9s)
2026-07-29 16:55:29 [iter 23/70] eval skipped (eval_every=5)
2026-07-29 16:55:29 >>> iter 23 | loss_p=1.664 loss_v=0.043 | vs_best=n/a (not evaluated) | vs_rand=n/a | draw=6% | buf=218280 | sp=480s train=9s eval_best=0s eval_rand=0s | total=489s
2026-07-29 16:55:29 [iter 24/70] self-play starting (70 games, 600 sims)...
2026-07-29 16:55:31 [PARALLEL-MP] 64 workers spawned (70 games, sims=600), GPU batcher starting...
2026-07-29 16:55:43   [GPU] 50,224 evals (361 batches, avg 139/batch = 27% of 512, 4145 evals/s, 272 msg/s, 15.3 leaves/msg, 12s)
2026-07-29 16:55:50   [GPU] 100,080 evals (692 batches, avg 145/batch = 28% of 512, 5230 evals/s, 340 msg/s, 15.4 leaves/msg, 19s)
2026-07-29 16:55:57   [GPU] 150,193 evals (1030 batches, avg 146/batch = 28% of 512, 5679 evals/s, 368 msg/s, 15.4 leaves/msg, 26s)
2026-07-29 16:56:04   [GPU] 200,034 evals (1358 batches, avg 147/batch = 29% of 512, 5966 evals/s, 388 msg/s, 15.4 leaves/msg, 34s)
2026-07-29 16:56:12   [GPU] 250,112 evals (1685 batches, avg 148/batch = 29% of 512, 6127 evals/s, 398 msg/s, 15.4 leaves/msg, 41s)
2026-07-29 16:56:19   [GPU] 300,032 evals (2012 batches, avg 149/batch = 29% of 512, 6275 evals/s, 407 msg/s, 15.4 leaves/msg, 48s)
2026-07-29 16:56:26   [GPU] 350,175 evals (2342 batches, avg 150/batch = 29% of 512, 6385 evals/s, 415 msg/s, 15.4 leaves/msg, 55s)
2026-07-29 16:56:32   [GPU] 400,013 evals (2667 batches, avg 150/batch = 29% of 512, 6498 evals/s, 422 msg/s, 15.4 leaves/msg, 62s)
2026-07-29 16:56:39   [GPU] 450,105 evals (2978 batches, avg 151/batch = 30% of 512, 6608 evals/s, 429 msg/s, 15.4 leaves/msg, 68s)
2026-07-29 16:56:45   [GPU] 500,287 evals (3304 batches, avg 151/batch = 30% of 512, 6722 evals/s, 436 msg/s, 15.4 leaves/msg, 74s)
2026-07-29 16:56:51   [GPU] 550,039 evals (3598 batches, avg 153/batch = 30% of 512, 6828 evals/s, 443 msg/s, 15.4 leaves/msg, 81s)
2026-07-29 16:56:57   [GPU] 600,112 evals (3900 batches, avg 154/batch = 30% of 512, 6956 evals/s, 452 msg/s, 15.4 leaves/msg, 86s)
2026-07-29 16:57:03   [GPU] 650,138 evals (4203 batches, avg 155/batch = 30% of 512, 7081 evals/s, 460 msg/s, 15.4 leaves/msg, 92s)
2026-07-29 16:57:07   [GPU] 700,112 evals (4528 batches, avg 155/batch = 30% of 512, 7250 evals/s, 471 msg/s, 15.4 leaves/msg, 97s)
2026-07-29 16:57:12   [GPU] 750,051 evals (4849 batches, avg 155/batch = 30% of 512, 7398 evals/s, 481 msg/s, 15.4 leaves/msg, 101s)
2026-07-29 16:57:17   [GPU] 800,112 evals (5176 batches, avg 155/batch = 30% of 512, 7528 evals/s, 490 msg/s, 15.4 leaves/msg, 106s)
2026-07-29 16:57:22   [GPU] 850,088 evals (5517 batches, avg 154/batch = 30% of 512, 7637 evals/s, 498 msg/s, 15.3 leaves/msg, 111s)
2026-07-29 16:57:27   [GPU] 900,067 evals (5865 batches, avg 153/batch = 30% of 512, 7742 evals/s, 506 msg/s, 15.3 leaves/msg, 116s)
2026-07-29 16:57:32   [GPU] 950,115 evals (6203 batches, avg 153/batch = 30% of 512, 7840 evals/s, 513 msg/s, 15.3 leaves/msg, 121s)
2026-07-29 16:57:37   [GPU] 1,000,067 evals (6542 batches, avg 153/batch = 30% of 512, 7934 evals/s, 521 msg/s, 15.2 leaves/msg, 126s)
2026-07-29 16:57:42   [GPU] 1,050,157 evals (6881 batches, avg 153/batch = 30% of 512, 8022 evals/s, 527 msg/s, 15.2 leaves/msg, 131s)
2026-07-29 16:57:47   [GPU] 1,100,093 evals (7224 batches, avg 152/batch = 30% of 512, 8105 evals/s, 534 msg/s, 15.2 leaves/msg, 136s)
2026-07-29 16:57:51   [GPU] 1,150,067 evals (7570 batches, avg 152/batch = 30% of 512, 8182 evals/s, 540 msg/s, 15.2 leaves/msg, 141s)
2026-07-29 16:57:56   [GPU] 1,200,242 evals (7913 batches, avg 152/batch = 30% of 512, 8258 evals/s, 546 msg/s, 15.1 leaves/msg, 145s)
2026-07-29 16:58:01   [GPU] 1,250,094 evals (8252 batches, avg 151/batch = 30% of 512, 8331 evals/s, 551 msg/s, 15.1 leaves/msg, 150s)
2026-07-29 16:58:06   [GPU] 1,300,073 evals (8588 batches, avg 151/batch = 30% of 512, 8401 evals/s, 557 msg/s, 15.1 leaves/msg, 155s)
2026-07-29 16:58:10   [GPU] 1,350,053 evals (8938 batches, avg 151/batch = 30% of 512, 8461 evals/s, 562 msg/s, 15.1 leaves/msg, 160s)
2026-07-29 16:58:15   [GPU] 1,400,148 evals (9279 batches, avg 151/batch = 29% of 512, 8521 evals/s, 566 msg/s, 15.0 leaves/msg, 164s)
2026-07-29 16:58:20   [GPU] 1,450,055 evals (9619 batches, avg 151/batch = 29% of 512, 8579 evals/s, 571 msg/s, 15.0 leaves/msg, 169s)
2026-07-29 16:58:25   [GPU] 1,500,017 evals (9955 batches, avg 151/batch = 29% of 512, 8632 evals/s, 575 msg/s, 15.0 leaves/msg, 174s)
2026-07-29 16:58:29   [GPU] 1,550,092 evals (10297 batches, avg 151/batch = 29% of 512, 8678 evals/s, 579 msg/s, 15.0 leaves/msg, 179s)
2026-07-29 16:58:34   [GPU] 1,600,050 evals (10643 batches, avg 150/batch = 29% of 512, 8717 evals/s, 582 msg/s, 15.0 leaves/msg, 184s)
2026-07-29 16:58:39   [GPU] 1,650,102 evals (10981 batches, avg 150/batch = 29% of 512, 8760 evals/s, 586 msg/s, 15.0 leaves/msg, 188s)
2026-07-29 16:58:44   [GPU] 1,700,059 evals (11312 batches, avg 150/batch = 29% of 512, 8798 evals/s, 589 msg/s, 14.9 leaves/msg, 193s)
2026-07-29 16:58:49   [GPU] 1,750,009 evals (11656 batches, avg 150/batch = 29% of 512, 8835 evals/s, 593 msg/s, 14.9 leaves/msg, 198s)
2026-07-29 16:58:54   [GPU] 1,800,100 evals (12007 batches, avg 150/batch = 29% of 512, 8865 evals/s, 596 msg/s, 14.9 leaves/msg, 203s)
2026-07-29 16:58:59   [GPU] 1,850,121 evals (12342 batches, avg 150/batch = 29% of 512, 8903 evals/s, 601 msg/s, 14.8 leaves/msg, 208s)
2026-07-29 16:59:04   [GPU] 1,900,101 evals (12680 batches, avg 150/batch = 29% of 512, 8935 evals/s, 604 msg/s, 14.8 leaves/msg, 213s)
2026-07-29 16:59:08   [GPU] 1,950,099 evals (13027 batches, avg 150/batch = 29% of 512, 8963 evals/s, 608 msg/s, 14.7 leaves/msg, 218s)
2026-07-29 16:59:10 [iter 24/70] self-play: 5/70 games...
2026-07-29 16:59:13   [GPU] 2,000,072 evals (13370 batches, avg 150/batch = 29% of 512, 8984 evals/s, 611 msg/s, 14.7 leaves/msg, 223s)
2026-07-29 16:59:19   [GPU] 2,050,012 evals (13715 batches, avg 149/batch = 29% of 512, 9004 evals/s, 615 msg/s, 14.6 leaves/msg, 228s)
2026-07-29 16:59:24   [GPU] 2,100,037 evals (14081 batches, avg 149/batch = 29% of 512, 9017 evals/s, 619 msg/s, 14.6 leaves/msg, 233s)
2026-07-29 16:59:28 [iter 24/70] self-play: 10/70 games...
2026-07-29 16:59:29   [GPU] 2,150,049 evals (14458 batches, avg 149/batch = 29% of 512, 9028 evals/s, 623 msg/s, 14.5 leaves/msg, 238s)
2026-07-29 16:59:32 [iter 24/70] self-play: 15/70 games...
2026-07-29 16:59:34   [GPU] 2,200,101 evals (14832 batches, avg 148/batch = 29% of 512, 9038 evals/s, 627 msg/s, 14.4 leaves/msg, 243s)
2026-07-29 16:59:36 [iter 24/70] self-play: 20/70 games...
2026-07-29 16:59:40   [GPU] 2,250,163 evals (15203 batches, avg 148/batch = 29% of 512, 9049 evals/s, 632 msg/s, 14.3 leaves/msg, 249s)
2026-07-29 16:59:41 [iter 24/70] self-play: 25/70 games...
2026-07-29 16:59:44 [iter 24/70] self-play: 30/70 games...
2026-07-29 16:59:45   [GPU] 2,300,031 evals (15575 batches, avg 148/batch = 29% of 512, 9059 evals/s, 636 msg/s, 14.2 leaves/msg, 254s)
2026-07-29 16:59:50   [GPU] 2,350,084 evals (15930 batches, avg 148/batch = 29% of 512, 9082 evals/s, 639 msg/s, 14.2 leaves/msg, 259s)
2026-07-29 16:59:53 [iter 24/70] self-play: 35/70 games...
2026-07-29 16:59:55   [GPU] 2,400,131 evals (16282 batches, avg 147/batch = 29% of 512, 9103 evals/s, 642 msg/s, 14.2 leaves/msg, 264s)
2026-07-29 17:00:00   [GPU] 2,450,079 evals (16637 batches, avg 147/batch = 29% of 512, 9119 evals/s, 646 msg/s, 14.1 leaves/msg, 269s)
2026-07-29 17:00:00 [iter 24/70] self-play: 40/70 games...
2026-07-29 17:00:05   [GPU] 2,500,061 evals (16986 batches, avg 147/batch = 29% of 512, 9134 evals/s, 648 msg/s, 14.1 leaves/msg, 274s)
2026-07-29 17:00:10   [GPU] 2,550,105 evals (17329 batches, avg 147/batch = 29% of 512, 9149 evals/s, 649 msg/s, 14.1 leaves/msg, 279s)
2026-07-29 17:00:14 [iter 24/70] self-play: 45/70 games...
2026-07-29 17:00:15   [GPU] 2,600,021 evals (17687 batches, avg 147/batch = 29% of 512, 9159 evals/s, 651 msg/s, 14.1 leaves/msg, 284s)
2026-07-29 17:00:20   [GPU] 2,650,157 evals (18041 batches, avg 147/batch = 29% of 512, 9174 evals/s, 653 msg/s, 14.1 leaves/msg, 289s)
2026-07-29 17:00:25   [GPU] 2,700,028 evals (18381 batches, avg 147/batch = 29% of 512, 9189 evals/s, 654 msg/s, 14.0 leaves/msg, 294s)
2026-07-29 17:00:30   [GPU] 2,750,056 evals (18748 batches, avg 147/batch = 29% of 512, 9199 evals/s, 656 msg/s, 14.0 leaves/msg, 299s)
2026-07-29 17:00:30 [iter 24/70] self-play: 50/70 games...
2026-07-29 17:00:35   [GPU] 2,800,036 evals (19109 batches, avg 147/batch = 29% of 512, 9210 evals/s, 657 msg/s, 14.0 leaves/msg, 304s)
2026-07-29 17:00:40   [GPU] 2,850,074 evals (19470 batches, avg 146/batch = 29% of 512, 9223 evals/s, 658 msg/s, 14.0 leaves/msg, 309s)
2026-07-29 17:00:45   [GPU] 2,900,084 evals (19843 batches, avg 146/batch = 29% of 512, 9233 evals/s, 658 msg/s, 14.0 leaves/msg, 314s)
2026-07-29 17:00:50   [GPU] 2,950,079 evals (20208 batches, avg 146/batch = 29% of 512, 9245 evals/s, 659 msg/s, 14.0 leaves/msg, 319s)
2026-07-29 17:00:55   [GPU] 3,000,021 evals (20569 batches, avg 146/batch = 28% of 512, 9256 evals/s, 660 msg/s, 14.0 leaves/msg, 324s)
2026-07-29 17:01:00   [GPU] 3,050,057 evals (20939 batches, avg 146/batch = 28% of 512, 9270 evals/s, 661 msg/s, 14.0 leaves/msg, 329s)
2026-07-29 17:01:05   [GPU] 3,100,128 evals (21324 batches, avg 145/batch = 28% of 512, 9277 evals/s, 662 msg/s, 14.0 leaves/msg, 334s)
2026-07-29 17:01:10   [GPU] 3,150,039 evals (21739 batches, avg 145/batch = 28% of 512, 9280 evals/s, 663 msg/s, 14.0 leaves/msg, 339s)
2026-07-29 17:01:14 [iter 24/70] self-play: 55/70 games...
2026-07-29 17:01:16   [GPU] 3,200,046 evals (22190 batches, avg 144/batch = 28% of 512, 9275 evals/s, 664 msg/s, 14.0 leaves/msg, 345s)
2026-07-29 17:01:22   [GPU] 3,250,020 evals (22709 batches, avg 143/batch = 28% of 512, 9254 evals/s, 663 msg/s, 14.0 leaves/msg, 351s)
2026-07-29 17:01:29   [GPU] 3,300,049 evals (23237 batches, avg 142/batch = 28% of 512, 9226 evals/s, 661 msg/s, 14.0 leaves/msg, 358s)
2026-07-29 17:01:35   [GPU] 3,350,019 evals (23796 batches, avg 141/batch = 27% of 512, 9197 evals/s, 659 msg/s, 14.0 leaves/msg, 364s)
2026-07-29 17:01:42   [GPU] 3,400,016 evals (24366 batches, avg 140/batch = 27% of 512, 9168 evals/s, 657 msg/s, 14.0 leaves/msg, 371s)
2026-07-29 17:01:48   [GPU] 3,450,089 evals (24933 batches, avg 138/batch = 27% of 512, 9144 evals/s, 656 msg/s, 13.9 leaves/msg, 377s)
2026-07-29 17:01:55   [GPU] 3,500,075 evals (25500 batches, avg 137/batch = 27% of 512, 9118 evals/s, 654 msg/s, 13.9 leaves/msg, 384s)
2026-07-29 17:02:01   [GPU] 3,550,075 evals (26074 batches, avg 136/batch = 27% of 512, 9092 evals/s, 652 msg/s, 13.9 leaves/msg, 390s)
2026-07-29 17:02:04 [iter 24/70] self-play: 60/70 games...
2026-07-29 17:02:08 [iter 24/70] self-play: 65/70 games...
2026-07-29 17:02:16   [GPU] 3,600,004 evals (27418 batches, avg 131/batch = 26% of 512, 8886 evals/s, 641 msg/s, 13.9 leaves/msg, 405s)
2026-07-29 17:02:41   [GPU] 3,650,016 evals (29558 batches, avg 123/batch = 24% of 512, 8480 evals/s, 614 msg/s, 13.8 leaves/msg, 430s)
2026-07-29 17:03:05 [iter 24/70] self-play: 70/70 games...
2026-07-29 17:03:05 [iter 24/70] self-play done: 70 games (457s) | wins: P0=29, P1=1, P2=7, P3=21, draw=12 | draw_rate=17% avg_len~61
2026-07-29 17:03:05 [iter 24/70] training (600 steps, lr=7.81e-04)...
2026-07-29 17:03:15 [iter 24/70] training done: loss_p=1.656 loss_v=0.043 (9s)
2026-07-29 17:03:15 [iter 24/70] eval skipped (eval_every=5)
2026-07-29 17:03:15 >>> iter 24 | loss_p=1.656 loss_v=0.043 | vs_best=n/a (not evaluated) | vs_rand=n/a | draw=17% | buf=226840 | sp=457s train=9s eval_best=0s eval_rand=0s | total=466s
2026-07-29 17:03:15 [iter 25/70] self-play starting (70 games, 600 sims)...
2026-07-29 17:03:17 [PARALLEL-MP] 64 workers spawned (70 games, sims=600), GPU batcher starting...
2026-07-29 17:03:30   [GPU] 50,096 evals (373 batches, avg 134/batch = 26% of 512, 3930 evals/s, 258 msg/s, 15.3 leaves/msg, 13s)
2026-07-29 17:03:37   [GPU] 100,032 evals (698 batches, avg 143/batch = 28% of 512, 4921 evals/s, 320 msg/s, 15.4 leaves/msg, 20s)
2026-07-29 17:03:45   [GPU] 150,004 evals (1048 batches, avg 143/batch = 28% of 512, 5317 evals/s, 345 msg/s, 15.4 leaves/msg, 28s)
2026-07-29 17:03:52   [GPU] 200,036 evals (1387 batches, avg 144/batch = 28% of 512, 5632 evals/s, 367 msg/s, 15.4 leaves/msg, 36s)
2026-07-29 17:04:00   [GPU] 250,144 evals (1721 batches, avg 145/batch = 28% of 512, 5815 evals/s, 378 msg/s, 15.4 leaves/msg, 43s)
2026-07-29 17:04:07   [GPU] 300,058 evals (2052 batches, avg 146/batch = 29% of 512, 5965 evals/s, 387 msg/s, 15.4 leaves/msg, 50s)
2026-07-29 17:04:14   [GPU] 350,094 evals (2388 batches, avg 147/batch = 29% of 512, 6088 evals/s, 395 msg/s, 15.4 leaves/msg, 58s)
2026-07-29 17:04:21   [GPU] 400,030 evals (2710 batches, avg 148/batch = 29% of 512, 6206 evals/s, 403 msg/s, 15.4 leaves/msg, 64s)
2026-07-29 17:04:28   [GPU] 450,148 evals (3027 batches, avg 149/batch = 29% of 512, 6328 evals/s, 411 msg/s, 15.4 leaves/msg, 71s)
2026-07-29 17:04:34   [GPU] 500,128 evals (3349 batches, avg 149/batch = 29% of 512, 6435 evals/s, 418 msg/s, 15.4 leaves/msg, 78s)
2026-07-29 17:04:41   [GPU] 550,117 evals (3681 batches, avg 149/batch = 29% of 512, 6553 evals/s, 425 msg/s, 15.4 leaves/msg, 84s)
2026-07-29 17:04:47   [GPU] 600,189 evals (4012 batches, avg 150/batch = 29% of 512, 6679 evals/s, 434 msg/s, 15.4 leaves/msg, 90s)
2026-07-29 17:04:52   [GPU] 650,100 evals (4337 batches, avg 150/batch = 29% of 512, 6811 evals/s, 442 msg/s, 15.4 leaves/msg, 95s)
2026-07-29 17:04:57   [GPU] 700,059 evals (4652 batches, avg 150/batch = 29% of 512, 6984 evals/s, 453 msg/s, 15.4 leaves/msg, 100s)
2026-07-29 17:05:02   [GPU] 750,050 evals (4986 batches, avg 150/batch = 29% of 512, 7122 evals/s, 463 msg/s, 15.4 leaves/msg, 105s)
2026-07-29 17:05:07   [GPU] 800,096 evals (5323 batches, avg 150/batch = 29% of 512, 7243 evals/s, 472 msg/s, 15.4 leaves/msg, 110s)
2026-07-29 17:05:12   [GPU] 850,088 evals (5660 batches, avg 150/batch = 29% of 512, 7362 evals/s, 481 msg/s, 15.3 leaves/msg, 115s)
2026-07-29 17:05:17   [GPU] 900,148 evals (5992 batches, avg 150/batch = 29% of 512, 7479 evals/s, 489 msg/s, 15.3 leaves/msg, 120s)
2026-07-29 17:05:22   [GPU] 950,003 evals (6328 batches, avg 150/batch = 29% of 512, 7590 evals/s, 498 msg/s, 15.2 leaves/msg, 125s)
2026-07-29 17:05:27   [GPU] 1,000,069 evals (6664 batches, avg 150/batch = 29% of 512, 7697 evals/s, 506 msg/s, 15.2 leaves/msg, 130s)
2026-07-29 17:05:31   [GPU] 1,050,006 evals (6997 batches, avg 150/batch = 29% of 512, 7798 evals/s, 514 msg/s, 15.2 leaves/msg, 135s)
2026-07-29 17:05:36   [GPU] 1,100,133 evals (7334 batches, avg 150/batch = 29% of 512, 7885 evals/s, 520 msg/s, 15.2 leaves/msg, 140s)
2026-07-29 17:05:41   [GPU] 1,150,023 evals (7668 batches, avg 150/batch = 29% of 512, 7970 evals/s, 527 msg/s, 15.1 leaves/msg, 144s)
2026-07-29 17:05:46   [GPU] 1,200,155 evals (7994 batches, avg 150/batch = 29% of 512, 8059 evals/s, 534 msg/s, 15.1 leaves/msg, 149s)
2026-07-29 17:05:50   [GPU] 1,250,116 evals (8324 batches, avg 150/batch = 29% of 512, 8139 evals/s, 540 msg/s, 15.1 leaves/msg, 154s)
2026-07-29 17:05:55   [GPU] 1,300,157 evals (8654 batches, avg 150/batch = 29% of 512, 8214 evals/s, 546 msg/s, 15.0 leaves/msg, 158s)
2026-07-29 17:06:00   [GPU] 1,350,064 evals (8985 batches, avg 150/batch = 29% of 512, 8287 evals/s, 552 msg/s, 15.0 leaves/msg, 163s)
2026-07-29 17:06:04   [GPU] 1,400,104 evals (9315 batches, avg 150/batch = 29% of 512, 8355 evals/s, 557 msg/s, 15.0 leaves/msg, 168s)
2026-07-29 17:06:09   [GPU] 1,450,029 evals (9643 batches, avg 150/batch = 29% of 512, 8419 evals/s, 562 msg/s, 15.0 leaves/msg, 172s)
2026-07-29 17:06:14   [GPU] 1,500,002 evals (9962 batches, avg 151/batch = 29% of 512, 8481 evals/s, 568 msg/s, 14.9 leaves/msg, 177s)
2026-07-29 17:06:18   [GPU] 1,550,107 evals (10303 batches, avg 150/batch = 29% of 512, 8538 evals/s, 572 msg/s, 14.9 leaves/msg, 182s)
2026-07-29 17:06:23   [GPU] 1,600,140 evals (10642 batches, avg 150/batch = 29% of 512, 8586 evals/s, 576 msg/s, 14.9 leaves/msg, 186s)
2026-07-29 17:06:28   [GPU] 1,650,049 evals (10983 batches, avg 150/batch = 29% of 512, 8636 evals/s, 581 msg/s, 14.9 leaves/msg, 191s)
2026-07-29 17:06:33   [GPU] 1,700,051 evals (11327 batches, avg 150/batch = 29% of 512, 8678 evals/s, 585 msg/s, 14.8 leaves/msg, 196s)
2026-07-29 17:06:37   [GPU] 1,750,049 evals (11670 batches, avg 150/batch = 29% of 512, 8720 evals/s, 589 msg/s, 14.8 leaves/msg, 201s)
2026-07-29 17:06:42   [GPU] 1,800,097 evals (12015 batches, avg 150/batch = 29% of 512, 8755 evals/s, 593 msg/s, 14.8 leaves/msg, 206s)
2026-07-29 17:06:47   [GPU] 1,850,010 evals (12370 batches, avg 150/batch = 29% of 512, 8788 evals/s, 597 msg/s, 14.7 leaves/msg, 211s)
2026-07-29 17:06:52   [GPU] 1,900,013 evals (12718 batches, avg 149/batch = 29% of 512, 8819 evals/s, 601 msg/s, 14.7 leaves/msg, 215s)
2026-07-29 17:06:57   [GPU] 1,950,114 evals (13066 batches, avg 149/batch = 29% of 512, 8847 evals/s, 605 msg/s, 14.6 leaves/msg, 220s)
2026-07-29 17:07:02   [GPU] 2,000,179 evals (13423 batches, avg 149/batch = 29% of 512, 8866 evals/s, 609 msg/s, 14.6 leaves/msg, 226s)
2026-07-29 17:07:03 [iter 25/70] self-play: 5/70 games...
2026-07-29 17:07:07   [GPU] 2,050,175 evals (13759 batches, avg 149/batch = 29% of 512, 8891 evals/s, 613 msg/s, 14.5 leaves/msg, 231s)
2026-07-29 17:07:13   [GPU] 2,100,049 evals (14127 batches, avg 149/batch = 29% of 512, 8904 evals/s, 616 msg/s, 14.5 leaves/msg, 236s)
2026-07-29 17:07:14 [iter 25/70] self-play: 10/70 games...
2026-07-29 17:07:18   [GPU] 2,150,070 evals (14488 batches, avg 148/batch = 29% of 512, 8919 evals/s, 619 msg/s, 14.4 leaves/msg, 241s)
2026-07-29 17:07:21 [iter 25/70] self-play: 15/70 games...
2026-07-29 17:07:23   [GPU] 2,200,105 evals (14852 batches, avg 148/batch = 29% of 512, 8932 evals/s, 623 msg/s, 14.3 leaves/msg, 246s)
2026-07-29 17:07:28   [GPU] 2,250,114 evals (15223 batches, avg 148/batch = 29% of 512, 8942 evals/s, 626 msg/s, 14.3 leaves/msg, 252s)
2026-07-29 17:07:29 [iter 25/70] self-play: 20/70 games...
2026-07-29 17:07:34   [GPU] 2,300,061 evals (15588 batches, avg 148/batch = 29% of 512, 8954 evals/s, 630 msg/s, 14.2 leaves/msg, 257s)
2026-07-29 17:07:36 [iter 25/70] self-play: 25/70 games...
2026-07-29 17:07:39   [GPU] 2,350,059 evals (15961 batches, avg 147/batch = 29% of 512, 8963 evals/s, 633 msg/s, 14.2 leaves/msg, 262s)
2026-07-29 17:07:44   [GPU] 2,400,106 evals (16318 batches, avg 147/batch = 29% of 512, 8977 evals/s, 635 msg/s, 14.1 leaves/msg, 267s)
2026-07-29 17:07:45 [iter 25/70] self-play: 30/70 games...
2026-07-29 17:07:49   [GPU] 2,450,021 evals (16680 batches, avg 147/batch = 29% of 512, 8988 evals/s, 638 msg/s, 14.1 leaves/msg, 273s)
2026-07-29 17:07:54 [iter 25/70] self-play: 35/70 games...
2026-07-29 17:07:55   [GPU] 2,500,058 evals (17047 batches, avg 147/batch = 29% of 512, 8998 evals/s, 640 msg/s, 14.1 leaves/msg, 278s)
2026-07-29 17:08:00   [GPU] 2,550,045 evals (17388 batches, avg 147/batch = 29% of 512, 9017 evals/s, 643 msg/s, 14.0 leaves/msg, 283s)
2026-07-29 17:08:05   [GPU] 2,600,149 evals (17763 batches, avg 146/batch = 29% of 512, 9023 evals/s, 646 msg/s, 14.0 leaves/msg, 288s)
2026-07-29 17:08:06 [iter 25/70] self-play: 40/70 games...
2026-07-29 17:08:10   [GPU] 2,650,089 evals (18113 batches, avg 146/batch = 29% of 512, 9039 evals/s, 649 msg/s, 13.9 leaves/msg, 293s)
2026-07-29 17:08:12 [iter 25/70] self-play: 45/70 games...
2026-07-29 17:08:15   [GPU] 2,700,077 evals (18457 batches, avg 146/batch = 29% of 512, 9056 evals/s, 651 msg/s, 13.9 leaves/msg, 298s)
2026-07-29 17:08:20   [GPU] 2,750,049 evals (18812 batches, avg 146/batch = 29% of 512, 9069 evals/s, 653 msg/s, 13.9 leaves/msg, 303s)
2026-07-29 17:08:25   [GPU] 2,800,037 evals (19170 batches, avg 146/batch = 29% of 512, 9082 evals/s, 655 msg/s, 13.9 leaves/msg, 308s)
2026-07-29 17:08:27 [iter 25/70] self-play: 50/70 games...
2026-07-29 17:08:30   [GPU] 2,850,139 evals (19545 batches, avg 146/batch = 28% of 512, 9092 evals/s, 656 msg/s, 13.9 leaves/msg, 313s)
2026-07-29 17:08:35   [GPU] 2,900,136 evals (19929 batches, avg 146/batch = 28% of 512, 9101 evals/s, 657 msg/s, 13.9 leaves/msg, 319s)
2026-07-29 17:08:41   [GPU] 2,950,119 evals (20307 batches, avg 145/batch = 28% of 512, 9107 evals/s, 658 msg/s, 13.8 leaves/msg, 324s)
2026-07-29 17:08:46   [GPU] 3,000,076 evals (20713 batches, avg 145/batch = 28% of 512, 9109 evals/s, 658 msg/s, 13.8 leaves/msg, 329s)
2026-07-29 17:08:52   [GPU] 3,050,090 evals (21150 batches, avg 144/batch = 28% of 512, 9103 evals/s, 659 msg/s, 13.8 leaves/msg, 335s)
2026-07-29 17:08:52 [iter 25/70] self-play: 55/70 games...
2026-07-29 17:08:58   [GPU] 3,100,063 evals (21674 batches, avg 143/batch = 28% of 512, 9087 evals/s, 659 msg/s, 13.8 leaves/msg, 341s)
2026-07-29 17:09:02 [iter 25/70] self-play: 60/70 games...
2026-07-29 17:09:06   [GPU] 3,150,012 evals (22358 batches, avg 141/batch = 28% of 512, 9024 evals/s, 656 msg/s, 13.8 leaves/msg, 349s)
2026-07-29 17:09:16   [GPU] 3,200,021 evals (23323 batches, avg 137/batch = 27% of 512, 8897 evals/s, 648 msg/s, 13.7 leaves/msg, 360s)
2026-07-29 17:09:27   [GPU] 3,250,004 evals (24319 batches, avg 134/batch = 26% of 512, 8772 evals/s, 639 msg/s, 13.7 leaves/msg, 370s)
2026-07-29 17:09:38   [GPU] 3,300,052 evals (25311 batches, avg 130/batch = 25% of 512, 8655 evals/s, 630 msg/s, 13.7 leaves/msg, 381s)
2026-07-29 17:09:49   [GPU] 3,350,027 evals (26310 batches, avg 127/batch = 25% of 512, 8547 evals/s, 623 msg/s, 13.7 leaves/msg, 392s)
2026-07-29 17:09:54 [iter 25/70] self-play: 65/70 games...
2026-07-29 17:10:33 [iter 25/70] self-play: 70/70 games...
2026-07-29 17:10:34 [iter 25/70] self-play done: 70 games (439s) | wins: P0=36, P1=2, P2=5, P3=20, draw=7 | draw_rate=10% avg_len~69
2026-07-29 17:10:34 [iter 25/70] training (600 steps, lr=7.63e-04)...
2026-07-29 17:10:43 [iter 25/70] training done: loss_p=1.661 loss_v=0.043 (9s)
2026-07-29 17:10:43 [iter 25/70] eval vs best (80 games, 200 sims)...
2026-07-29 17:10:45 [EVAL-MP] 64 workers spawned (80 vs_best games, sims=200), GPU batcher starting...
2026-07-29 17:10:57   [GPU] 50,049 evals (360 batches, avg 139/batch = 27% of 512, 4205 evals/s, 293 msg/s, 14.3 leaves/msg, 12s)
2026-07-29 17:11:04   [GPU] 100,088 evals (702 batches, avg 143/batch = 28% of 512, 5342 evals/s, 373 msg/s, 14.3 leaves/msg, 19s)
2026-07-29 17:11:11   [GPU] 150,177 evals (1042 batches, avg 144/batch = 28% of 512, 5910 evals/s, 412 msg/s, 14.3 leaves/msg, 25s)
2026-07-29 17:11:17   [GPU] 200,054 evals (1368 batches, avg 146/batch = 29% of 512, 6322 evals/s, 441 msg/s, 14.3 leaves/msg, 32s)
2026-07-29 17:11:23   [GPU] 250,121 evals (1713 batches, avg 146/batch = 29% of 512, 6627 evals/s, 462 msg/s, 14.3 leaves/msg, 38s)
2026-07-29 17:11:29   [GPU] 300,092 evals (2047 batches, avg 147/batch = 29% of 512, 6904 evals/s, 481 msg/s, 14.3 leaves/msg, 43s)
2026-07-29 17:11:34   [GPU] 350,060 evals (2381 batches, avg 147/batch = 29% of 512, 7104 evals/s, 495 msg/s, 14.3 leaves/msg, 49s)
2026-07-29 17:11:40 [iter 25/70] eval vs best: 5/80 games (57s, cand 0%)
2026-07-29 17:11:40   [GPU] 400,055 evals (2708 batches, avg 148/batch = 29% of 512, 7259 evals/s, 506 msg/s, 14.3 leaves/msg, 55s)
2026-07-29 17:11:41 [iter 25/70] eval vs best: 10/80 games (58s, cand 0%)
2026-07-29 17:11:42 [iter 25/70] eval vs best: 15/80 games (59s, cand 0%)
2026-07-29 17:11:42 [iter 25/70] eval vs best: 20/80 games (59s, cand 0%)
2026-07-29 17:11:44 [iter 25/70] eval vs best: 25/80 games (61s, cand 0%)
2026-07-29 17:11:46 [iter 25/70] eval vs best: 30/80 games (63s, cand 0%)
2026-07-29 17:11:46   [GPU] 450,101 evals (3041 batches, avg 148/batch = 29% of 512, 7369 evals/s, 515 msg/s, 14.3 leaves/msg, 61s)
2026-07-29 17:11:49 [iter 25/70] eval vs best: 35/80 games (66s, cand 0%)
2026-07-29 17:11:52   [GPU] 500,054 evals (3388 batches, avg 148/batch = 29% of 512, 7466 evals/s, 523 msg/s, 14.3 leaves/msg, 67s)
2026-07-29 17:11:53 [iter 25/70] eval vs best: 40/80 games (70s, cand 2%)
2026-07-29 17:11:58   [GPU] 550,048 evals (3749 batches, avg 147/batch = 29% of 512, 7526 evals/s, 528 msg/s, 14.3 leaves/msg, 73s)
2026-07-29 17:12:04   [GPU] 600,092 evals (4110 batches, avg 146/batch = 29% of 512, 7581 evals/s, 533 msg/s, 14.2 leaves/msg, 79s)
2026-07-29 17:12:06 [iter 25/70] eval vs best: 45/80 games (83s, cand 9%)
2026-07-29 17:12:10   [GPU] 650,073 evals (4486 batches, avg 145/batch = 28% of 512, 7621 evals/s, 537 msg/s, 14.2 leaves/msg, 85s)
2026-07-29 17:12:17   [GPU] 700,146 evals (4883 batches, avg 143/batch = 28% of 512, 7637 evals/s, 539 msg/s, 14.2 leaves/msg, 92s)
2026-07-29 17:12:17 [iter 25/70] eval vs best: 50/80 games (94s, cand 12%)
2026-07-29 17:12:23 [iter 25/70] eval vs best: 55/80 games (100s, cand 11%)
2026-07-29 17:12:24   [GPU] 750,030 evals (5317 batches, avg 141/batch = 28% of 512, 7620 evals/s, 539 msg/s, 14.1 leaves/msg, 98s)
2026-07-29 17:12:32   [GPU] 800,006 evals (5896 batches, avg 136/batch = 27% of 512, 7493 evals/s, 530 msg/s, 14.1 leaves/msg, 107s)
2026-07-29 17:12:40   [GPU] 850,080 evals (6475 batches, avg 131/batch = 26% of 512, 7372 evals/s, 523 msg/s, 14.1 leaves/msg, 115s)
2026-07-29 17:12:49   [GPU] 900,025 evals (7048 batches, avg 128/batch = 25% of 512, 7286 evals/s, 518 msg/s, 14.1 leaves/msg, 124s)
2026-07-29 17:12:57   [GPU] 950,032 evals (7624 batches, avg 125/batch = 24% of 512, 7226 evals/s, 515 msg/s, 14.0 leaves/msg, 131s)
2026-07-29 17:12:58 [iter 25/70] eval vs best: 60/80 games (135s, cand 14%)
2026-07-29 17:13:07   [GPU] 1,000,008 evals (8347 batches, avg 120/batch = 23% of 512, 7075 evals/s, 505 msg/s, 14.0 leaves/msg, 141s)
2026-07-29 17:13:17   [GPU] 1,050,046 evals (9110 batches, avg 115/batch = 23% of 512, 6930 evals/s, 495 msg/s, 14.0 leaves/msg, 152s)
2026-07-29 17:13:24 [iter 25/70] eval vs best: 65/80 games (161s, cand 13%)
2026-07-29 17:13:29   [GPU] 1,100,035 evals (10054 batches, avg 109/batch = 21% of 512, 6708 evals/s, 479 msg/s, 14.0 leaves/msg, 164s)
2026-07-29 17:13:41 [iter 25/70] eval vs best: 70/80 games (178s, cand 13%)
2026-07-29 17:13:52   [GPU] 1,150,000 evals (11715 batches, avg 98/batch = 19% of 512, 6154 evals/s, 440 msg/s, 14.0 leaves/msg, 187s)
2026-07-29 17:14:02 [iter 25/70] eval vs best: 75/80 games (199s, cand 13%)
2026-07-29 17:14:44   [GPU] 1,200,001 evals (14421 batches, avg 83/batch = 16% of 512, 5031 evals/s, 360 msg/s, 14.0 leaves/msg, 239s)
2026-07-29 17:15:25   [GPU] 1,250,007 evals (17231 batches, avg 73/batch = 14% of 512, 4470 evals/s, 321 msg/s, 13.9 leaves/msg, 280s)
2026-07-29 17:15:36 [iter 25/70] eval vs best: 80/80 games (293s, cand 13%)
2026-07-29 17:15:37 [iter 25/70] eval vs best done: 13.1% of 61 decided reject (294s)
2026-07-29 17:15:37 [iter 25/70] eval vs random (40 games, 200 sims)...
2026-07-29 17:15:38 [EVAL-MP] 40 workers spawned (40 vs_random games, sims=200), GPU batcher starting...
2026-07-29 17:15:47   [GPU] 50,059 evals (432 batches, avg 116/batch = 23% of 512, 5320 evals/s, 382 msg/s, 13.9 leaves/msg, 9s)
2026-07-29 17:15:53   [GPU] 100,118 evals (816 batches, avg 123/batch = 24% of 512, 6563 evals/s, 504 msg/s, 13.0 leaves/msg, 15s)
2026-07-29 17:15:55 [iter 25/70] eval vs random: 5/40 games (18s, cand 100%)
2026-07-29 17:15:59 [iter 25/70] eval vs random: 10/40 games (22s, cand 100%)
2026-07-29 17:15:59   [GPU] 150,075 evals (1204 batches, avg 125/batch = 24% of 512, 7206 evals/s, 584 msg/s, 12.3 leaves/msg, 21s)
2026-07-29 17:16:02 [iter 25/70] eval vs random: 15/40 games (24s, cand 93%)
2026-07-29 17:16:04   [GPU] 200,149 evals (1595 batches, avg 125/batch = 25% of 512, 7595 evals/s, 631 msg/s, 12.0 leaves/msg, 26s)
2026-07-29 17:16:10   [GPU] 250,002 evals (1980 batches, avg 126/batch = 25% of 512, 7862 evals/s, 664 msg/s, 11.8 leaves/msg, 32s)
2026-07-29 17:16:12 [iter 25/70] eval vs random: 20/40 games (35s, cand 79%)
2026-07-29 17:16:13 [iter 25/70] eval vs random: 25/40 games (36s, cand 76%)
2026-07-29 17:16:13 [iter 25/70] eval vs random: 30/40 games (36s, cand 76%)
2026-07-29 17:16:14 [iter 25/70] eval vs random: 35/40 games (37s, cand 76%)
2026-07-29 17:16:15 [iter 25/70] eval vs random: 40/40 games (38s, cand 76%)
2026-07-29 17:16:15 [iter 25/70] eval vs random done: 76.2% (38s)
2026-07-29 17:16:15 >>> iter 25 | loss_p=1.661 loss_v=0.043 | vs_best=13.1% reject | vs_rand=76.2% | draw=10% | buf=236454 | sp=439s train=9s eval_best=294s eval_rand=38s | total=781s
2026-07-29 17:16:15 [iter 26/70] self-play starting (70 games, 600 sims)...
2026-07-29 17:16:18 [PARALLEL-MP] 64 workers spawned (70 games, sims=600), GPU batcher starting...
2026-07-29 17:16:31   [GPU] 50,048 evals (374 batches, avg 134/batch = 26% of 512, 3895 evals/s, 255 msg/s, 15.3 leaves/msg, 13s)
2026-07-29 17:16:38   [GPU] 100,176 evals (704 batches, avg 142/batch = 28% of 512, 4882 evals/s, 317 msg/s, 15.4 leaves/msg, 21s)
2026-07-29 17:16:46   [GPU] 150,017 evals (1061 batches, avg 141/batch = 28% of 512, 5298 evals/s, 343 msg/s, 15.4 leaves/msg, 28s)
2026-07-29 17:16:54   [GPU] 200,200 evals (1398 batches, avg 143/batch = 28% of 512, 5574 evals/s, 363 msg/s, 15.4 leaves/msg, 36s)
2026-07-29 17:17:01   [GPU] 250,009 evals (1734 batches, avg 144/batch = 28% of 512, 5747 evals/s, 373 msg/s, 15.4 leaves/msg, 44s)
2026-07-29 17:17:08   [GPU] 300,107 evals (2067 batches, avg 145/batch = 28% of 512, 5907 evals/s, 383 msg/s, 15.4 leaves/msg, 51s)
2026-07-29 17:17:16   [GPU] 350,052 evals (2395 batches, avg 146/batch = 29% of 512, 6019 evals/s, 391 msg/s, 15.4 leaves/msg, 58s)
2026-07-29 17:17:23   [GPU] 400,061 evals (2723 batches, avg 147/batch = 29% of 512, 6140 evals/s, 399 msg/s, 15.4 leaves/msg, 65s)
2026-07-29 17:17:30   [GPU] 450,085 evals (3045 batches, avg 148/batch = 29% of 512, 6248 evals/s, 406 msg/s, 15.4 leaves/msg, 72s)
2026-07-29 17:17:36   [GPU] 500,027 evals (3361 batches, avg 149/batch = 29% of 512, 6357 evals/s, 413 msg/s, 15.4 leaves/msg, 79s)
2026-07-29 17:17:43   [GPU] 550,146 evals (3697 batches, avg 149/batch = 29% of 512, 6456 evals/s, 419 msg/s, 15.4 leaves/msg, 85s)
2026-07-29 17:17:49   [GPU] 600,134 evals (4011 batches, avg 150/batch = 29% of 512, 6572 evals/s, 427 msg/s, 15.4 leaves/msg, 91s)
2026-07-29 17:17:55   [GPU] 650,075 evals (4331 batches, avg 150/batch = 29% of 512, 6701 evals/s, 435 msg/s, 15.4 leaves/msg, 97s)
2026-07-29 17:18:00   [GPU] 700,158 evals (4654 batches, avg 150/batch = 29% of 512, 6875 evals/s, 446 msg/s, 15.4 leaves/msg, 102s)
2026-07-29 17:18:04   [GPU] 750,027 evals (4973 batches, avg 151/batch = 29% of 512, 7028 evals/s, 457 msg/s, 15.4 leaves/msg, 107s)
2026-07-29 17:18:09   [GPU] 800,122 evals (5308 batches, avg 151/batch = 29% of 512, 7167 evals/s, 466 msg/s, 15.4 leaves/msg, 112s)
2026-07-29 17:18:14   [GPU] 850,046 evals (5632 batches, avg 151/batch = 29% of 512, 7289 evals/s, 475 msg/s, 15.3 leaves/msg, 117s)
2026-07-29 17:18:19   [GPU] 900,136 evals (5961 batches, avg 151/batch = 29% of 512, 7410 evals/s, 484 msg/s, 15.3 leaves/msg, 121s)
2026-07-29 17:18:24   [GPU] 950,145 evals (6288 batches, avg 151/batch = 30% of 512, 7519 evals/s, 492 msg/s, 15.3 leaves/msg, 126s)
2026-07-29 17:18:29   [GPU] 1,000,048 evals (6626 batches, avg 151/batch = 29% of 512, 7614 evals/s, 500 msg/s, 15.2 leaves/msg, 131s)
2026-07-29 17:18:34   [GPU] 1,050,107 evals (6958 batches, avg 151/batch = 29% of 512, 7705 evals/s, 506 msg/s, 15.2 leaves/msg, 136s)
2026-07-29 17:18:39   [GPU] 1,100,123 evals (7302 batches, avg 151/batch = 29% of 512, 7788 evals/s, 513 msg/s, 15.2 leaves/msg, 141s)
2026-07-29 17:18:44   [GPU] 1,150,199 evals (7647 batches, avg 150/batch = 29% of 512, 7864 evals/s, 519 msg/s, 15.2 leaves/msg, 146s)
2026-07-29 17:18:49   [GPU] 1,200,103 evals (7983 batches, avg 150/batch = 29% of 512, 7941 evals/s, 525 msg/s, 15.1 leaves/msg, 151s)
2026-07-29 17:18:54   [GPU] 1,250,044 evals (8320 batches, avg 150/batch = 29% of 512, 8014 evals/s, 531 msg/s, 15.1 leaves/msg, 156s)
2026-07-29 17:18:58   [GPU] 1,300,103 evals (8657 batches, avg 150/batch = 29% of 512, 8085 evals/s, 536 msg/s, 15.1 leaves/msg, 161s)
2026-07-29 17:19:03   [GPU] 1,350,037 evals (8988 batches, avg 150/batch = 29% of 512, 8150 evals/s, 541 msg/s, 15.1 leaves/msg, 166s)
2026-07-29 17:19:08   [GPU] 1,400,022 evals (9332 batches, avg 150/batch = 29% of 512, 8210 evals/s, 546 msg/s, 15.0 leaves/msg, 171s)
2026-07-29 17:19:13   [GPU] 1,450,001 evals (9671 batches, avg 150/batch = 29% of 512, 8265 evals/s, 551 msg/s, 15.0 leaves/msg, 175s)
2026-07-29 17:19:18   [GPU] 1,500,077 evals (10015 batches, avg 150/batch = 29% of 512, 8315 evals/s, 556 msg/s, 15.0 leaves/msg, 180s)
2026-07-29 17:19:23   [GPU] 1,550,086 evals (10358 batches, avg 150/batch = 29% of 512, 8361 evals/s, 560 msg/s, 14.9 leaves/msg, 185s)
2026-07-29 17:19:28   [GPU] 1,600,031 evals (10704 batches, avg 149/batch = 29% of 512, 8408 evals/s, 564 msg/s, 14.9 leaves/msg, 190s)
2026-07-29 17:19:33   [GPU] 1,650,191 evals (11050 batches, avg 149/batch = 29% of 512, 8453 evals/s, 568 msg/s, 14.9 leaves/msg, 195s)
2026-07-29 17:19:38   [GPU] 1,700,161 evals (11401 batches, avg 149/batch = 29% of 512, 8491 evals/s, 572 msg/s, 14.8 leaves/msg, 200s)
2026-07-29 17:19:43   [GPU] 1,750,013 evals (11748 batches, avg 149/batch = 29% of 512, 8527 evals/s, 576 msg/s, 14.8 leaves/msg, 205s)
2026-07-29 17:19:48   [GPU] 1,800,124 evals (12105 batches, avg 149/batch = 29% of 512, 8558 evals/s, 581 msg/s, 14.7 leaves/msg, 210s)
2026-07-29 17:19:53   [GPU] 1,850,145 evals (12448 batches, avg 149/batch = 29% of 512, 8594 evals/s, 585 msg/s, 14.7 leaves/msg, 215s)
2026-07-29 17:19:54 [iter 26/70] self-play: 5/70 games...
2026-07-29 17:19:58   [GPU] 1,900,107 evals (12788 batches, avg 149/batch = 29% of 512, 8630 evals/s, 589 msg/s, 14.6 leaves/msg, 220s)
2026-07-29 17:20:03   [GPU] 1,950,130 evals (13129 batches, avg 149/batch = 29% of 512, 8659 evals/s, 593 msg/s, 14.6 leaves/msg, 225s)
2026-07-29 17:20:08   [GPU] 2,000,105 evals (13484 batches, avg 148/batch = 29% of 512, 8684 evals/s, 597 msg/s, 14.5 leaves/msg, 230s)
2026-07-29 17:20:08 [iter 26/70] self-play: 10/70 games...
2026-07-29 17:20:13   [GPU] 2,050,002 evals (13843 batches, avg 148/batch = 29% of 512, 8704 evals/s, 601 msg/s, 14.5 leaves/msg, 236s)
2026-07-29 17:20:19   [GPU] 2,100,029 evals (14216 batches, avg 148/batch = 29% of 512, 8719 evals/s, 605 msg/s, 14.4 leaves/msg, 241s)
2026-07-29 17:20:23 [iter 26/70] self-play: 15/70 games...
2026-07-29 17:20:24   [GPU] 2,150,126 evals (14594 batches, avg 147/batch = 29% of 512, 8731 evals/s, 609 msg/s, 14.3 leaves/msg, 246s)
2026-07-29 17:20:29   [GPU] 2,200,066 evals (14980 batches, avg 147/batch = 29% of 512, 8744 evals/s, 614 msg/s, 14.2 leaves/msg, 252s)
2026-07-29 17:20:31 [iter 26/70] self-play: 20/70 games...
2026-07-29 17:20:33 [iter 26/70] self-play: 25/70 games...
2026-07-29 17:20:35   [GPU] 2,250,028 evals (15359 batches, avg 146/batch = 29% of 512, 8755 evals/s, 617 msg/s, 14.2 leaves/msg, 257s)
2026-07-29 17:20:39 [iter 26/70] self-play: 30/70 games...
2026-07-29 17:20:40   [GPU] 2,300,018 evals (15726 batches, avg 146/batch = 29% of 512, 8773 evals/s, 621 msg/s, 14.1 leaves/msg, 262s)
2026-07-29 17:20:45   [GPU] 2,350,149 evals (16092 batches, avg 146/batch = 29% of 512, 8789 evals/s, 624 msg/s, 14.1 leaves/msg, 267s)
2026-07-29 17:20:47 [iter 26/70] self-play: 35/70 games...
2026-07-29 17:20:50   [GPU] 2,400,068 evals (16454 batches, avg 146/batch = 28% of 512, 8806 evals/s, 627 msg/s, 14.1 leaves/msg, 273s)
2026-07-29 17:20:55   [GPU] 2,450,072 evals (16830 batches, avg 146/batch = 28% of 512, 8825 evals/s, 629 msg/s, 14.0 leaves/msg, 278s)
2026-07-29 17:20:57 [iter 26/70] self-play: 40/70 games...
2026-07-29 17:21:00   [GPU] 2,500,200 evals (17191 batches, avg 145/batch = 28% of 512, 8846 evals/s, 632 msg/s, 14.0 leaves/msg, 283s)
2026-07-29 17:21:05   [GPU] 2,550,171 evals (17558 batches, avg 145/batch = 28% of 512, 8862 evals/s, 635 msg/s, 14.0 leaves/msg, 288s)
2026-07-29 17:21:08 [iter 26/70] self-play: 45/70 games...
2026-07-29 17:21:10   [GPU] 2,600,134 evals (17914 batches, avg 145/batch = 28% of 512, 8880 evals/s, 637 msg/s, 13.9 leaves/msg, 293s)
2026-07-29 17:21:16   [GPU] 2,650,103 evals (18282 batches, avg 145/batch = 28% of 512, 8896 evals/s, 639 msg/s, 13.9 leaves/msg, 298s)
2026-07-29 17:21:21   [GPU] 2,700,078 evals (18639 batches, avg 145/batch = 28% of 512, 8913 evals/s, 641 msg/s, 13.9 leaves/msg, 303s)
2026-07-29 17:21:26   [GPU] 2,750,038 evals (19001 batches, avg 145/batch = 28% of 512, 8927 evals/s, 642 msg/s, 13.9 leaves/msg, 308s)
2026-07-29 17:21:27 [iter 26/70] self-play: 50/70 games...
2026-07-29 17:21:31   [GPU] 2,800,021 evals (19363 batches, avg 145/batch = 28% of 512, 8943 evals/s, 644 msg/s, 13.9 leaves/msg, 313s)
2026-07-29 17:21:36   [GPU] 2,850,051 evals (19726 batches, avg 144/batch = 28% of 512, 8957 evals/s, 645 msg/s, 13.9 leaves/msg, 318s)
2026-07-29 17:21:41   [GPU] 2,900,159 evals (20117 batches, avg 144/batch = 28% of 512, 8967 evals/s, 647 msg/s, 13.9 leaves/msg, 323s)
2026-07-29 17:21:46   [GPU] 2,950,096 evals (20522 batches, avg 144/batch = 28% of 512, 8975 evals/s, 648 msg/s, 13.9 leaves/msg, 329s)
2026-07-29 17:21:49 [iter 26/70] self-play: 55/70 games...
2026-07-29 17:21:52   [GPU] 3,000,111 evals (20990 batches, avg 143/batch = 28% of 512, 8966 evals/s, 649 msg/s, 13.8 leaves/msg, 335s)
2026-07-29 17:21:58   [GPU] 3,050,058 evals (21506 batches, avg 142/batch = 28% of 512, 8955 evals/s, 648 msg/s, 13.8 leaves/msg, 341s)
2026-07-29 17:22:04   [GPU] 3,100,037 evals (22025 batches, avg 141/batch = 27% of 512, 8944 evals/s, 647 msg/s, 13.8 leaves/msg, 347s)
2026-07-29 17:22:10   [GPU] 3,150,010 evals (22543 batches, avg 140/batch = 27% of 512, 8930 evals/s, 646 msg/s, 13.8 leaves/msg, 353s)
2026-07-29 17:22:17   [GPU] 3,200,023 evals (23087 batches, avg 139/batch = 27% of 512, 8909 evals/s, 645 msg/s, 13.8 leaves/msg, 359s)
2026-07-29 17:22:23   [GPU] 3,250,027 evals (23648 batches, avg 137/batch = 27% of 512, 8884 evals/s, 643 msg/s, 13.8 leaves/msg, 366s)
2026-07-29 17:22:31   [GPU] 3,300,054 evals (24259 batches, avg 136/batch = 27% of 512, 8849 evals/s, 641 msg/s, 13.8 leaves/msg, 373s)
2026-07-29 17:22:38   [GPU] 3,350,083 evals (24877 batches, avg 135/batch = 26% of 512, 8817 evals/s, 639 msg/s, 13.8 leaves/msg, 380s)
2026-07-29 17:22:45   [GPU] 3,400,032 evals (25497 batches, avg 133/batch = 26% of 512, 8781 evals/s, 636 msg/s, 13.8 leaves/msg, 387s)
2026-07-29 17:22:50 [iter 26/70] self-play: 60/70 games...
2026-07-29 17:22:53   [GPU] 3,450,004 evals (26189 batches, avg 132/batch = 26% of 512, 8734 evals/s, 634 msg/s, 13.8 leaves/msg, 395s)
2026-07-29 17:22:57 [iter 26/70] self-play: 65/70 games...
2026-07-29 17:23:07 [iter 26/70] self-play: 70/70 games...
2026-07-29 17:23:08 [iter 26/70] self-play done: 70 games (412s) | wins: P0=24, P1=1, P2=17, P3=19, draw=9 | draw_rate=13% avg_len~65
2026-07-29 17:23:08 [iter 26/70] training (600 steps, lr=7.45e-04)...
2026-07-29 17:23:17 [iter 26/70] training done: loss_p=1.664 loss_v=0.043 (9s)
2026-07-29 17:23:17 [iter 26/70] eval skipped (eval_every=5)
2026-07-29 17:23:17 >>> iter 26 | loss_p=1.664 loss_v=0.043 | vs_best=n/a (not evaluated) | vs_rand=n/a | draw=13% | buf=245584 | sp=412s train=9s eval_best=0s eval_rand=0s | total=421s
2026-07-29 17:23:17 [iter 27/70] self-play starting (70 games, 600 sims)...
2026-07-29 17:23:19 [PARALLEL-MP] 64 workers spawned (70 games, sims=600), GPU batcher starting...
2026-07-29 17:23:32   [GPU] 50,048 evals (369 batches, avg 136/batch = 26% of 512, 3991 evals/s, 262 msg/s, 15.3 leaves/msg, 13s)
2026-07-29 17:23:39   [GPU] 100,160 evals (706 batches, avg 142/batch = 28% of 512, 5076 evals/s, 330 msg/s, 15.4 leaves/msg, 20s)
2026-07-29 17:23:46   [GPU] 150,029 evals (1050 batches, avg 143/batch = 28% of 512, 5536 evals/s, 359 msg/s, 15.4 leaves/msg, 27s)
2026-07-29 17:23:53   [GPU] 200,122 evals (1374 batches, avg 146/batch = 28% of 512, 5860 evals/s, 381 msg/s, 15.4 leaves/msg, 34s)
2026-07-29 17:24:01   [GPU] 250,089 evals (1710 batches, avg 146/batch = 29% of 512, 6032 evals/s, 392 msg/s, 15.4 leaves/msg, 41s)
2026-07-29 17:24:08   [GPU] 300,097 evals (2045 batches, avg 147/batch = 29% of 512, 6157 evals/s, 400 msg/s, 15.4 leaves/msg, 49s)
2026-07-29 17:24:15   [GPU] 350,125 evals (2367 batches, avg 148/batch = 29% of 512, 6258 evals/s, 406 msg/s, 15.4 leaves/msg, 56s)
2026-07-29 17:24:22   [GPU] 400,071 evals (2697 batches, avg 148/batch = 29% of 512, 6366 evals/s, 413 msg/s, 15.4 leaves/msg, 63s)
2026-07-29 17:24:29   [GPU] 450,117 evals (3015 batches, avg 149/batch = 29% of 512, 6472 evals/s, 420 msg/s, 15.4 leaves/msg, 70s)
2026-07-29 17:24:35   [GPU] 500,039 evals (3326 batches, avg 150/batch = 29% of 512, 6561 evals/s, 426 msg/s, 15.4 leaves/msg, 76s)
2026-07-29 17:24:42   [GPU] 550,091 evals (3649 batches, avg 151/batch = 29% of 512, 6659 evals/s, 432 msg/s, 15.4 leaves/msg, 83s)
2026-07-29 17:24:48   [GPU] 600,061 evals (3959 batches, avg 152/batch = 30% of 512, 6770 evals/s, 439 msg/s, 15.4 leaves/msg, 89s)
2026-07-29 17:24:53   [GPU] 650,148 evals (4284 batches, avg 152/batch = 30% of 512, 6893 evals/s, 448 msg/s, 15.4 leaves/msg, 94s)
2026-07-29 17:24:58   [GPU] 700,125 evals (4593 batches, avg 152/batch = 30% of 512, 7065 evals/s, 459 msg/s, 15.4 leaves/msg, 99s)
2026-07-29 17:25:03   [GPU] 750,005 evals (4919 batches, avg 152/batch = 30% of 512, 7222 evals/s, 469 msg/s, 15.4 leaves/msg, 104s)
2026-07-29 17:25:08   [GPU] 800,010 evals (5246 batches, avg 152/batch = 30% of 512, 7347 evals/s, 478 msg/s, 15.4 leaves/msg, 109s)
2026-07-29 17:25:13   [GPU] 850,067 evals (5572 batches, avg 153/batch = 30% of 512, 7474 evals/s, 488 msg/s, 15.3 leaves/msg, 114s)
2026-07-29 17:25:18   [GPU] 900,210 evals (5894 batches, avg 153/batch = 30% of 512, 7596 evals/s, 496 msg/s, 15.3 leaves/msg, 119s)
2026-07-29 17:25:22   [GPU] 950,001 evals (6218 batches, avg 153/batch = 30% of 512, 7711 evals/s, 505 msg/s, 15.3 leaves/msg, 123s)
2026-07-29 17:25:27   [GPU] 1,000,082 evals (6550 batches, avg 153/batch = 30% of 512, 7818 evals/s, 513 msg/s, 15.2 leaves/msg, 128s)
2026-07-29 17:25:32   [GPU] 1,050,086 evals (6883 batches, avg 153/batch = 30% of 512, 7917 evals/s, 521 msg/s, 15.2 leaves/msg, 133s)
2026-07-29 17:25:36   [GPU] 1,100,020 evals (7211 batches, avg 153/batch = 30% of 512, 8014 evals/s, 528 msg/s, 15.2 leaves/msg, 137s)
2026-07-29 17:25:41   [GPU] 1,150,085 evals (7543 batches, avg 152/batch = 30% of 512, 8101 evals/s, 535 msg/s, 15.2 leaves/msg, 142s)
2026-07-29 17:25:46   [GPU] 1,200,052 evals (7882 batches, avg 152/batch = 30% of 512, 8182 evals/s, 541 msg/s, 15.1 leaves/msg, 147s)
2026-07-29 17:25:51   [GPU] 1,250,129 evals (8216 batches, avg 152/batch = 30% of 512, 8255 evals/s, 547 msg/s, 15.1 leaves/msg, 151s)
2026-07-29 17:25:55   [GPU] 1,300,064 evals (8531 batches, avg 152/batch = 30% of 512, 8326 evals/s, 552 msg/s, 15.1 leaves/msg, 156s)
2026-07-29 17:26:00   [GPU] 1,350,071 evals (8860 batches, avg 152/batch = 30% of 512, 8384 evals/s, 557 msg/s, 15.1 leaves/msg, 161s)
2026-07-29 17:26:05   [GPU] 1,400,133 evals (9200 batches, avg 152/batch = 30% of 512, 8437 evals/s, 561 msg/s, 15.0 leaves/msg, 166s)
2026-07-29 17:26:10   [GPU] 1,450,120 evals (9536 batches, avg 152/batch = 30% of 512, 8484 evals/s, 565 msg/s, 15.0 leaves/msg, 171s)
2026-07-29 17:26:15   [GPU] 1,500,042 evals (9874 batches, avg 152/batch = 30% of 512, 8528 evals/s, 569 msg/s, 15.0 leaves/msg, 176s)
2026-07-29 17:26:20   [GPU] 1,550,059 evals (10223 batches, avg 152/batch = 30% of 512, 8570 evals/s, 573 msg/s, 15.0 leaves/msg, 181s)
2026-07-29 17:26:25   [GPU] 1,600,118 evals (10573 batches, avg 151/batch = 30% of 512, 8607 evals/s, 577 msg/s, 14.9 leaves/msg, 186s)
2026-07-29 17:26:30   [GPU] 1,650,149 evals (10926 batches, avg 151/batch = 29% of 512, 8643 evals/s, 581 msg/s, 14.9 leaves/msg, 191s)
2026-07-29 17:26:35   [GPU] 1,700,002 evals (11275 batches, avg 151/batch = 29% of 512, 8677 evals/s, 584 msg/s, 14.8 leaves/msg, 196s)
2026-07-29 17:26:40   [GPU] 1,750,088 evals (11617 batches, avg 151/batch = 29% of 512, 8711 evals/s, 588 msg/s, 14.8 leaves/msg, 201s)
2026-07-29 17:26:45   [GPU] 1,800,072 evals (11974 batches, avg 150/batch = 29% of 512, 8740 evals/s, 592 msg/s, 14.8 leaves/msg, 206s)
2026-07-29 17:26:50   [GPU] 1,850,040 evals (12318 batches, avg 150/batch = 29% of 512, 8770 evals/s, 595 msg/s, 14.7 leaves/msg, 211s)
2026-07-29 17:26:52 [iter 27/70] self-play: 5/70 games...
2026-07-29 17:26:55   [GPU] 1,900,105 evals (12678 batches, avg 150/batch = 29% of 512, 8795 evals/s, 599 msg/s, 14.7 leaves/msg, 216s)
2026-07-29 17:27:00   [GPU] 1,950,090 evals (13038 batches, avg 150/batch = 29% of 512, 8821 evals/s, 604 msg/s, 14.6 leaves/msg, 221s)
2026-07-29 17:27:03 [iter 27/70] self-play: 10/70 games...
2026-07-29 17:27:05   [GPU] 2,000,056 evals (13405 batches, avg 149/batch = 29% of 512, 8840 evals/s, 608 msg/s, 14.5 leaves/msg, 226s)
2026-07-29 17:27:11   [GPU] 2,050,171 evals (13779 batches, avg 149/batch = 29% of 512, 8857 evals/s, 612 msg/s, 14.5 leaves/msg, 231s)
2026-07-29 17:27:11 [iter 27/70] self-play: 15/70 games...
2026-07-29 17:27:16   [GPU] 2,100,060 evals (14145 batches, avg 148/batch = 29% of 512, 8876 evals/s, 617 msg/s, 14.4 leaves/msg, 237s)
2026-07-29 17:27:16 [iter 27/70] self-play: 20/70 games...
2026-07-29 17:27:21   [GPU] 2,150,089 evals (14502 batches, avg 148/batch = 29% of 512, 8900 evals/s, 621 msg/s, 14.3 leaves/msg, 242s)
2026-07-29 17:27:22 [iter 27/70] self-play: 25/70 games...
2026-07-29 17:27:26   [GPU] 2,200,192 evals (14887 batches, avg 148/batch = 29% of 512, 8913 evals/s, 625 msg/s, 14.3 leaves/msg, 247s)
2026-07-29 17:27:27 [iter 27/70] self-play: 30/70 games...
2026-07-29 17:27:31   [GPU] 2,250,088 evals (15237 batches, avg 148/batch = 29% of 512, 8931 evals/s, 629 msg/s, 14.2 leaves/msg, 252s)
2026-07-29 17:27:31 [iter 27/70] self-play: 35/70 games...
2026-07-29 17:27:36   [GPU] 2,300,077 evals (15559 batches, avg 148/batch = 29% of 512, 8963 evals/s, 633 msg/s, 14.2 leaves/msg, 257s)
2026-07-29 17:27:38 [iter 27/70] self-play: 40/70 games...
2026-07-29 17:27:41   [GPU] 2,350,003 evals (15924 batches, avg 148/batch = 29% of 512, 8976 evals/s, 637 msg/s, 14.1 leaves/msg, 262s)
2026-07-29 17:27:42 [iter 27/70] self-play: 45/70 games...
2026-07-29 17:27:45 [iter 27/70] self-play: 50/70 games...
2026-07-29 17:27:47   [GPU] 2,400,079 evals (16338 batches, avg 147/batch = 29% of 512, 8974 evals/s, 640 msg/s, 14.0 leaves/msg, 267s)
2026-07-29 17:27:52   [GPU] 2,450,004 evals (16772 batches, avg 146/batch = 29% of 512, 8968 evals/s, 640 msg/s, 14.0 leaves/msg, 273s)
2026-07-29 17:27:58   [GPU] 2,500,073 evals (17218 batches, avg 145/batch = 28% of 512, 8964 evals/s, 640 msg/s, 14.0 leaves/msg, 279s)
2026-07-29 17:28:04   [GPU] 2,550,025 evals (17651 batches, avg 144/batch = 28% of 512, 8962 evals/s, 639 msg/s, 14.0 leaves/msg, 285s)
2026-07-29 17:28:09   [GPU] 2,600,023 evals (18080 batches, avg 144/batch = 28% of 512, 8966 evals/s, 640 msg/s, 14.0 leaves/msg, 290s)
2026-07-29 17:28:15   [GPU] 2,650,011 evals (18491 batches, avg 143/batch = 28% of 512, 8967 evals/s, 640 msg/s, 14.0 leaves/msg, 296s)
2026-07-29 17:28:18 [iter 27/70] self-play: 55/70 games...
2026-07-29 17:28:20   [GPU] 2,700,073 evals (18928 batches, avg 143/batch = 28% of 512, 8964 evals/s, 640 msg/s, 14.0 leaves/msg, 301s)
2026-07-29 17:28:26   [GPU] 2,750,035 evals (19374 batches, avg 142/batch = 28% of 512, 8957 evals/s, 639 msg/s, 14.0 leaves/msg, 307s)
2026-07-29 17:28:32   [GPU] 2,800,055 evals (19878 batches, avg 141/batch = 28% of 512, 8936 evals/s, 639 msg/s, 14.0 leaves/msg, 313s)
2026-07-29 17:28:39 [iter 27/70] self-play: 60/70 games...
2026-07-29 17:28:39   [GPU] 2,850,057 evals (20499 batches, avg 139/batch = 27% of 512, 8895 evals/s, 638 msg/s, 13.9 leaves/msg, 320s)
2026-07-29 17:28:47   [GPU] 2,900,051 evals (21172 batches, avg 137/batch = 27% of 512, 8841 evals/s, 634 msg/s, 13.9 leaves/msg, 328s)
2026-07-29 17:28:55   [GPU] 2,950,036 evals (21851 batches, avg 135/batch = 26% of 512, 8785 evals/s, 630 msg/s, 13.9 leaves/msg, 336s)
2026-07-29 17:29:03   [GPU] 3,000,039 evals (22584 batches, avg 133/batch = 26% of 512, 8721 evals/s, 626 msg/s, 13.9 leaves/msg, 344s)
2026-07-29 17:29:12   [GPU] 3,050,018 evals (23354 batches, avg 131/batch = 26% of 512, 8651 evals/s, 621 msg/s, 13.9 leaves/msg, 353s)
2026-07-29 17:29:20   [GPU] 3,100,042 evals (24127 batches, avg 128/batch = 25% of 512, 8590 evals/s, 617 msg/s, 13.9 leaves/msg, 361s)
2026-07-29 17:29:30   [GPU] 3,150,056 evals (25044 batches, avg 126/batch = 25% of 512, 8499 evals/s, 611 msg/s, 13.9 leaves/msg, 371s)
2026-07-29 17:29:35 [iter 27/70] self-play: 65/70 games...
2026-07-29 17:29:53   [GPU] 3,200,003 evals (26941 batches, avg 119/batch = 23% of 512, 8118 evals/s, 587 msg/s, 13.8 leaves/msg, 394s)
2026-07-29 17:30:45 [iter 27/70] self-play: 70/70 games...
2026-07-29 17:30:46 [iter 27/70] self-play done: 70 games (449s) | wins: P0=31, P1=1, P2=8, P3=24, draw=6 | draw_rate=9% avg_len~67
2026-07-29 17:30:46 [iter 27/70] training (600 steps, lr=7.27e-04)...
2026-07-29 17:30:56 [iter 27/70] training done: loss_p=1.660 loss_v=0.043 (10s)
2026-07-29 17:30:56 [iter 27/70] eval skipped (eval_every=5)
2026-07-29 17:30:56 >>> iter 27 | loss_p=1.660 loss_v=0.043 | vs_best=n/a (not evaluated) | vs_rand=n/a | draw=9% | buf=255010 | sp=449s train=10s eval_best=0s eval_rand=0s | total=459s
2026-07-29 17:30:56 [iter 28/70] self-play starting (70 games, 600 sims)...
2026-07-29 17:30:58 [PARALLEL-MP] 64 workers spawned (70 games, sims=600), GPU batcher starting...
2026-07-29 17:31:11   [GPU] 50,080 evals (364 batches, avg 138/batch = 27% of 512, 3874 evals/s, 254 msg/s, 15.3 leaves/msg, 13s)
2026-07-29 17:31:18   [GPU] 100,032 evals (700 batches, avg 143/batch = 28% of 512, 4929 evals/s, 320 msg/s, 15.4 leaves/msg, 20s)
2026-07-29 17:31:26   [GPU] 150,234 evals (1048 batches, avg 143/batch = 28% of 512, 5400 evals/s, 350 msg/s, 15.4 leaves/msg, 28s)
2026-07-29 17:31:33   [GPU] 200,062 evals (1386 batches, avg 144/batch = 28% of 512, 5729 evals/s, 373 msg/s, 15.4 leaves/msg, 35s)
2026-07-29 17:31:40   [GPU] 250,096 evals (1720 batches, avg 145/batch = 28% of 512, 5954 evals/s, 387 msg/s, 15.4 leaves/msg, 42s)
2026-07-29 17:31:47   [GPU] 300,084 evals (2047 batches, avg 147/batch = 29% of 512, 6122 evals/s, 397 msg/s, 15.4 leaves/msg, 49s)
2026-07-29 17:31:54   [GPU] 350,177 evals (2392 batches, avg 146/batch = 29% of 512, 6227 evals/s, 404 msg/s, 15.4 leaves/msg, 56s)
2026-07-29 17:32:01   [GPU] 400,021 evals (2722 batches, avg 147/batch = 29% of 512, 6345 evals/s, 412 msg/s, 15.4 leaves/msg, 63s)
2026-07-29 17:32:08   [GPU] 450,143 evals (3053 batches, avg 147/batch = 29% of 512, 6454 evals/s, 419 msg/s, 15.4 leaves/msg, 70s)
2026-07-29 17:32:14   [GPU] 500,016 evals (3387 batches, avg 148/batch = 29% of 512, 6554 evals/s, 425 msg/s, 15.4 leaves/msg, 76s)
2026-07-29 17:32:20   [GPU] 550,041 evals (3710 batches, avg 148/batch = 29% of 512, 6668 evals/s, 433 msg/s, 15.4 leaves/msg, 82s)
2026-07-29 17:32:26   [GPU] 600,054 evals (4038 batches, avg 149/batch = 29% of 512, 6781 evals/s, 440 msg/s, 15.4 leaves/msg, 88s)
2026-07-29 17:32:32   [GPU] 650,008 evals (4369 batches, avg 149/batch = 29% of 512, 6905 evals/s, 448 msg/s, 15.4 leaves/msg, 94s)
2026-07-29 17:32:37   [GPU] 700,080 evals (4688 batches, avg 149/batch = 29% of 512, 7076 evals/s, 459 msg/s, 15.4 leaves/msg, 99s)
2026-07-29 17:32:42   [GPU] 750,002 evals (5016 batches, avg 150/batch = 29% of 512, 7215 evals/s, 469 msg/s, 15.4 leaves/msg, 104s)
2026-07-29 17:32:47   [GPU] 800,089 evals (5353 batches, avg 149/batch = 29% of 512, 7345 evals/s, 478 msg/s, 15.4 leaves/msg, 109s)
2026-07-29 17:32:52   [GPU] 850,054 evals (5689 batches, avg 149/batch = 29% of 512, 7462 evals/s, 486 msg/s, 15.3 leaves/msg, 114s)
2026-07-29 17:32:57   [GPU] 900,172 evals (6028 batches, avg 149/batch = 29% of 512, 7573 evals/s, 495 msg/s, 15.3 leaves/msg, 119s)
2026-07-29 17:33:02   [GPU] 950,106 evals (6368 batches, avg 149/batch = 29% of 512, 7676 evals/s, 502 msg/s, 15.3 leaves/msg, 124s)
2026-07-29 17:33:06   [GPU] 1,000,044 evals (6707 batches, avg 149/batch = 29% of 512, 7779 evals/s, 510 msg/s, 15.3 leaves/msg, 129s)
2026-07-29 17:33:11   [GPU] 1,050,120 evals (7056 batches, avg 149/batch = 29% of 512, 7863 evals/s, 516 msg/s, 15.2 leaves/msg, 134s)
2026-07-29 17:33:16   [GPU] 1,100,045 evals (7402 batches, avg 149/batch = 29% of 512, 7949 evals/s, 523 msg/s, 15.2 leaves/msg, 138s)
2026-07-29 17:33:21   [GPU] 1,150,103 evals (7750 batches, avg 148/batch = 29% of 512, 8026 evals/s, 529 msg/s, 15.2 leaves/msg, 143s)
2026-07-29 17:33:26   [GPU] 1,200,115 evals (8085 batches, avg 148/batch = 29% of 512, 8107 evals/s, 535 msg/s, 15.2 leaves/msg, 148s)
2026-07-29 17:33:31   [GPU] 1,250,078 evals (8430 batches, avg 148/batch = 29% of 512, 8172 evals/s, 540 msg/s, 15.1 leaves/msg, 153s)
2026-07-29 17:33:36   [GPU] 1,300,103 evals (8780 batches, avg 148/batch = 29% of 512, 8235 evals/s, 545 msg/s, 15.1 leaves/msg, 158s)
2026-07-29 17:33:41   [GPU] 1,350,034 evals (9115 batches, avg 148/batch = 29% of 512, 8295 evals/s, 550 msg/s, 15.1 leaves/msg, 163s)
2026-07-29 17:33:46   [GPU] 1,400,046 evals (9466 batches, avg 148/batch = 29% of 512, 8348 evals/s, 555 msg/s, 15.0 leaves/msg, 168s)
2026-07-29 17:33:51   [GPU] 1,450,044 evals (9811 batches, avg 148/batch = 29% of 512, 8395 evals/s, 559 msg/s, 15.0 leaves/msg, 173s)
2026-07-29 17:33:56   [GPU] 1,500,076 evals (10156 batches, avg 148/batch = 29% of 512, 8442 evals/s, 563 msg/s, 15.0 leaves/msg, 178s)
2026-07-29 17:34:01   [GPU] 1,550,050 evals (10507 batches, avg 148/batch = 29% of 512, 8485 evals/s, 567 msg/s, 15.0 leaves/msg, 183s)
2026-07-29 17:34:06   [GPU] 1,600,001 evals (10865 batches, avg 147/batch = 29% of 512, 8521 evals/s, 571 msg/s, 14.9 leaves/msg, 188s)
2026-07-29 17:34:11   [GPU] 1,650,032 evals (11203 batches, avg 147/batch = 29% of 512, 8561 evals/s, 575 msg/s, 14.9 leaves/msg, 193s)
2026-07-29 17:34:16   [GPU] 1,700,013 evals (11555 batches, avg 147/batch = 29% of 512, 8596 evals/s, 579 msg/s, 14.9 leaves/msg, 198s)
2026-07-29 17:34:21   [GPU] 1,750,071 evals (11898 batches, avg 147/batch = 29% of 512, 8635 evals/s, 582 msg/s, 14.8 leaves/msg, 203s)
2026-07-29 17:34:26   [GPU] 1,800,066 evals (12241 batches, avg 147/batch = 29% of 512, 8668 evals/s, 585 msg/s, 14.8 leaves/msg, 208s)
2026-07-29 17:34:31   [GPU] 1,850,020 evals (12591 batches, avg 147/batch = 29% of 512, 8697 evals/s, 589 msg/s, 14.8 leaves/msg, 213s)
2026-07-29 17:34:36   [GPU] 1,900,074 evals (12942 batches, avg 147/batch = 29% of 512, 8727 evals/s, 593 msg/s, 14.7 leaves/msg, 218s)
2026-07-29 17:34:41   [GPU] 1,950,032 evals (13307 batches, avg 147/batch = 29% of 512, 8749 evals/s, 597 msg/s, 14.7 leaves/msg, 223s)
2026-07-29 17:34:46   [GPU] 2,000,207 evals (13675 batches, avg 146/batch = 29% of 512, 8773 evals/s, 601 msg/s, 14.6 leaves/msg, 228s)
2026-07-29 17:34:48 [iter 28/70] self-play: 5/70 games...
2026-07-29 17:34:51   [GPU] 2,050,019 evals (14053 batches, avg 146/batch = 28% of 512, 8785 evals/s, 605 msg/s, 14.5 leaves/msg, 233s)
2026-07-29 17:34:57   [GPU] 2,100,077 evals (14431 batches, avg 146/batch = 28% of 512, 8797 evals/s, 609 msg/s, 14.4 leaves/msg, 239s)
2026-07-29 17:34:58 [iter 28/70] self-play: 10/70 games...
2026-07-29 17:35:00 [iter 28/70] self-play: 15/70 games...
2026-07-29 17:35:02   [GPU] 2,150,062 evals (14806 batches, avg 145/batch = 28% of 512, 8812 evals/s, 613 msg/s, 14.4 leaves/msg, 244s)
2026-07-29 17:35:07   [GPU] 2,200,047 evals (15175 batches, avg 145/batch = 28% of 512, 8826 evals/s, 616 msg/s, 14.3 leaves/msg, 249s)
2026-07-29 17:35:11 [iter 28/70] self-play: 20/70 games...
2026-07-29 17:35:12   [GPU] 2,250,020 evals (15544 batches, avg 145/batch = 28% of 512, 8840 evals/s, 620 msg/s, 14.2 leaves/msg, 255s)
2026-07-29 17:35:17 [iter 28/70] self-play: 25/70 games...
2026-07-29 17:35:18   [GPU] 2,300,123 evals (15922 batches, avg 144/batch = 28% of 512, 8855 evals/s, 625 msg/s, 14.2 leaves/msg, 260s)
2026-07-29 17:35:21 [iter 28/70] self-play: 30/70 games...
2026-07-29 17:35:23   [GPU] 2,350,038 evals (16301 batches, avg 144/batch = 28% of 512, 8870 evals/s, 628 msg/s, 14.1 leaves/msg, 265s)
2026-07-29 17:35:26 [iter 28/70] self-play: 35/70 games...
2026-07-29 17:35:28   [GPU] 2,400,005 evals (16670 batches, avg 144/batch = 28% of 512, 8887 evals/s, 632 msg/s, 14.1 leaves/msg, 270s)
2026-07-29 17:35:30 [iter 28/70] self-play: 40/70 games...
2026-07-29 17:35:33   [GPU] 2,450,021 evals (17045 batches, avg 144/batch = 28% of 512, 8901 evals/s, 635 msg/s, 14.0 leaves/msg, 275s)
2026-07-29 17:35:38 [iter 28/70] self-play: 45/70 games...
2026-07-29 17:35:39   [GPU] 2,500,114 evals (17451 batches, avg 143/batch = 28% of 512, 8903 evals/s, 640 msg/s, 13.9 leaves/msg, 281s)
2026-07-29 17:35:40 [iter 28/70] self-play: 50/70 games...
2026-07-29 17:35:45   [GPU] 2,550,002 evals (17906 batches, avg 142/batch = 28% of 512, 8894 evals/s, 641 msg/s, 13.9 leaves/msg, 287s)
2026-07-29 17:35:51   [GPU] 2,600,046 evals (18412 batches, avg 141/batch = 28% of 512, 8875 evals/s, 639 msg/s, 13.9 leaves/msg, 293s)
2026-07-29 17:35:57   [GPU] 2,650,050 evals (18875 batches, avg 140/batch = 27% of 512, 8871 evals/s, 639 msg/s, 13.9 leaves/msg, 299s)
2026-07-29 17:36:01 [iter 28/70] self-play: 55/70 games...
2026-07-29 17:36:02   [GPU] 2,700,127 evals (19305 batches, avg 140/batch = 27% of 512, 8870 evals/s, 639 msg/s, 13.9 leaves/msg, 304s)
2026-07-29 17:36:08   [GPU] 2,750,100 evals (19737 batches, avg 139/batch = 27% of 512, 8873 evals/s, 639 msg/s, 13.9 leaves/msg, 310s)
2026-07-29 17:36:13   [GPU] 2,800,079 evals (20175 batches, avg 139/batch = 27% of 512, 8873 evals/s, 638 msg/s, 13.9 leaves/msg, 316s)
2026-07-29 17:36:19   [GPU] 2,850,109 evals (20617 batches, avg 138/batch = 27% of 512, 8875 evals/s, 638 msg/s, 13.9 leaves/msg, 321s)
2026-07-29 17:36:25   [GPU] 2,900,024 evals (21127 batches, avg 137/batch = 27% of 512, 8857 evals/s, 639 msg/s, 13.9 leaves/msg, 327s)
2026-07-29 17:36:31 [iter 28/70] self-play: 60/70 games...
2026-07-29 17:36:32   [GPU] 2,950,072 evals (21751 batches, avg 136/batch = 26% of 512, 8823 evals/s, 637 msg/s, 13.8 leaves/msg, 334s)
2026-07-29 17:36:40   [GPU] 3,000,066 evals (22484 batches, avg 133/batch = 26% of 512, 8761 evals/s, 633 msg/s, 13.9 leaves/msg, 342s)
2026-07-29 17:36:48   [GPU] 3,050,048 evals (23220 batches, avg 131/batch = 26% of 512, 8703 evals/s, 628 msg/s, 13.9 leaves/msg, 350s)
2026-07-29 17:36:57   [GPU] 3,100,055 evals (23960 batches, avg 129/batch = 25% of 512, 8644 evals/s, 624 msg/s, 13.9 leaves/msg, 359s)
2026-07-29 17:37:06   [GPU] 3,150,028 evals (24839 batches, avg 127/batch = 25% of 512, 8564 evals/s, 619 msg/s, 13.8 leaves/msg, 368s)
2026-07-29 17:37:16   [GPU] 3,200,040 evals (25799 batches, avg 124/batch = 24% of 512, 8473 evals/s, 612 msg/s, 13.8 leaves/msg, 378s)
2026-07-29 17:37:22 [iter 28/70] self-play: 65/70 games...
2026-07-29 17:37:29 [iter 28/70] self-play: 70/70 games...
2026-07-29 17:37:30 [iter 28/70] self-play done: 70 games (394s) | wins: P0=31, P2=13, P3=19, draw=7 | draw_rate=10% avg_len~65
2026-07-29 17:37:30 [iter 28/70] training (600 steps, lr=7.08e-04)...
2026-07-29 17:37:38 [iter 28/70] training done: loss_p=1.665 loss_v=0.043 (8s)
2026-07-29 17:37:38 [iter 28/70] eval skipped (eval_every=5)
2026-07-29 17:37:38 >>> iter 28 | loss_p=1.665 loss_v=0.043 | vs_best=n/a (not evaluated) | vs_rand=n/a | draw=10% | buf=264062 | sp=394s train=8s eval_best=0s eval_rand=0s | total=402s
2026-07-29 17:37:38 [iter 29/70] self-play starting (70 games, 600 sims)...
2026-07-29 17:37:40 [PARALLEL-MP] 64 workers spawned (70 games, sims=600), GPU batcher starting...
2026-07-29 17:37:53   [GPU] 50,048 evals (363 batches, avg 138/batch = 27% of 512, 4060 evals/s, 266 msg/s, 15.3 leaves/msg, 12s)
2026-07-29 17:38:00   [GPU] 100,128 evals (689 batches, avg 145/batch = 28% of 512, 5148 evals/s, 334 msg/s, 15.4 leaves/msg, 19s)
2026-07-29 17:38:07   [GPU] 150,071 evals (1028 batches, avg 146/batch = 29% of 512, 5595 evals/s, 363 msg/s, 15.4 leaves/msg, 27s)
2026-07-29 17:38:14   [GPU] 200,114 evals (1363 batches, avg 147/batch = 29% of 512, 5914 evals/s, 385 msg/s, 15.4 leaves/msg, 34s)
2026-07-29 17:38:21   [GPU] 250,096 evals (1695 batches, avg 148/batch = 29% of 512, 6114 evals/s, 397 msg/s, 15.4 leaves/msg, 41s)
2026-07-29 17:38:28   [GPU] 300,081 evals (2018 batches, avg 149/batch = 29% of 512, 6287 evals/s, 408 msg/s, 15.4 leaves/msg, 48s)
2026-07-29 17:38:35   [GPU] 350,000 evals (2343 batches, avg 149/batch = 29% of 512, 6410 evals/s, 416 msg/s, 15.4 leaves/msg, 55s)
2026-07-29 17:38:42   [GPU] 400,027 evals (2666 batches, avg 150/batch = 29% of 512, 6544 evals/s, 425 msg/s, 15.4 leaves/msg, 61s)
2026-07-29 17:38:48   [GPU] 450,055 evals (2986 batches, avg 151/batch = 29% of 512, 6666 evals/s, 433 msg/s, 15.4 leaves/msg, 68s)
2026-07-29 17:38:54   [GPU] 500,167 evals (3302 batches, avg 151/batch = 30% of 512, 6774 evals/s, 440 msg/s, 15.4 leaves/msg, 74s)
2026-07-29 17:39:00   [GPU] 550,026 evals (3612 batches, avg 152/batch = 30% of 512, 6866 evals/s, 446 msg/s, 15.4 leaves/msg, 80s)
2026-07-29 17:39:06   [GPU] 600,104 evals (3918 batches, avg 153/batch = 30% of 512, 6970 evals/s, 452 msg/s, 15.4 leaves/msg, 86s)
2026-07-29 17:39:12   [GPU] 650,171 evals (4223 batches, avg 154/batch = 30% of 512, 7082 evals/s, 460 msg/s, 15.4 leaves/msg, 92s)
2026-07-29 17:39:17   [GPU] 700,089 evals (4526 batches, avg 155/batch = 30% of 512, 7259 evals/s, 471 msg/s, 15.4 leaves/msg, 96s)
2026-07-29 17:39:21   [GPU] 750,075 evals (4839 batches, avg 155/batch = 30% of 512, 7418 evals/s, 482 msg/s, 15.4 leaves/msg, 101s)
2026-07-29 17:39:26   [GPU] 800,076 evals (5168 batches, avg 155/batch = 30% of 512, 7554 evals/s, 492 msg/s, 15.4 leaves/msg, 106s)
2026-07-29 17:39:31   [GPU] 850,035 evals (5481 batches, avg 155/batch = 30% of 512, 7686 evals/s, 501 msg/s, 15.3 leaves/msg, 111s)
2026-07-29 17:39:36   [GPU] 900,210 evals (5793 batches, avg 155/batch = 30% of 512, 7811 evals/s, 511 msg/s, 15.3 leaves/msg, 115s)
2026-07-29 17:39:40   [GPU] 950,021 evals (6100 batches, avg 156/batch = 30% of 512, 7932 evals/s, 520 msg/s, 15.3 leaves/msg, 120s)
2026-07-29 17:39:45   [GPU] 1,000,088 evals (6410 batches, avg 156/batch = 30% of 512, 8047 evals/s, 528 msg/s, 15.2 leaves/msg, 124s)
2026-07-29 17:39:49   [GPU] 1,050,155 evals (6717 batches, avg 156/batch = 31% of 512, 8157 evals/s, 536 msg/s, 15.2 leaves/msg, 129s)
2026-07-29 17:39:54   [GPU] 1,100,102 evals (7034 batches, avg 156/batch = 31% of 512, 8253 evals/s, 544 msg/s, 15.2 leaves/msg, 133s)
2026-07-29 17:39:58   [GPU] 1,150,091 evals (7350 batches, avg 156/batch = 31% of 512, 8347 evals/s, 551 msg/s, 15.2 leaves/msg, 138s)
2026-07-29 17:40:03   [GPU] 1,200,023 evals (7651 batches, avg 157/batch = 31% of 512, 8437 evals/s, 558 msg/s, 15.1 leaves/msg, 142s)
2026-07-29 17:40:07   [GPU] 1,250,096 evals (7974 batches, avg 157/batch = 31% of 512, 8513 evals/s, 564 msg/s, 15.1 leaves/msg, 147s)
2026-07-29 17:40:11   [GPU] 1,300,219 evals (8275 batches, avg 157/batch = 31% of 512, 8605 evals/s, 571 msg/s, 15.1 leaves/msg, 151s)
2026-07-29 17:40:16   [GPU] 1,350,215 evals (8590 batches, avg 157/batch = 31% of 512, 8682 evals/s, 577 msg/s, 15.0 leaves/msg, 156s)
2026-07-29 17:40:21   [GPU] 1,400,029 evals (8915 batches, avg 157/batch = 31% of 512, 8742 evals/s, 582 msg/s, 15.0 leaves/msg, 160s)
2026-07-29 17:40:25   [GPU] 1,450,109 evals (9245 batches, avg 157/batch = 31% of 512, 8795 evals/s, 587 msg/s, 15.0 leaves/msg, 165s)
2026-07-29 17:40:30   [GPU] 1,500,144 evals (9573 batches, avg 157/batch = 31% of 512, 8848 evals/s, 591 msg/s, 15.0 leaves/msg, 170s)
2026-07-29 17:40:35   [GPU] 1,550,177 evals (9902 batches, avg 157/batch = 31% of 512, 8894 evals/s, 595 msg/s, 14.9 leaves/msg, 174s)
2026-07-29 17:40:39   [GPU] 1,600,125 evals (10214 batches, avg 157/batch = 31% of 512, 8948 evals/s, 600 msg/s, 14.9 leaves/msg, 179s)
2026-07-29 17:40:44   [GPU] 1,650,057 evals (10555 batches, avg 156/batch = 31% of 512, 8988 evals/s, 604 msg/s, 14.9 leaves/msg, 184s)
2026-07-29 17:40:49   [GPU] 1,700,062 evals (10894 batches, avg 156/batch = 30% of 512, 9032 evals/s, 608 msg/s, 14.9 leaves/msg, 188s)
2026-07-29 17:40:53   [GPU] 1,750,077 evals (11234 batches, avg 156/batch = 30% of 512, 9066 evals/s, 611 msg/s, 14.8 leaves/msg, 193s)
2026-07-29 17:40:58   [GPU] 1,800,096 evals (11572 batches, avg 156/batch = 30% of 512, 9101 evals/s, 615 msg/s, 14.8 leaves/msg, 198s)
2026-07-29 17:41:03   [GPU] 1,850,064 evals (11916 batches, avg 155/batch = 30% of 512, 9130 evals/s, 618 msg/s, 14.8 leaves/msg, 203s)
2026-07-29 17:41:08   [GPU] 1,900,069 evals (12271 batches, avg 155/batch = 30% of 512, 9144 evals/s, 622 msg/s, 14.7 leaves/msg, 208s)
2026-07-29 17:41:13   [GPU] 1,950,048 evals (12635 batches, avg 154/batch = 30% of 512, 9159 evals/s, 626 msg/s, 14.6 leaves/msg, 213s)
2026-07-29 17:41:17 [iter 29/70] self-play: 5/70 games...
2026-07-29 17:41:18   [GPU] 2,000,095 evals (13002 batches, avg 154/batch = 30% of 512, 9172 evals/s, 629 msg/s, 14.6 leaves/msg, 218s)
2026-07-29 17:41:24   [GPU] 2,050,155 evals (13369 batches, avg 153/batch = 30% of 512, 9180 evals/s, 633 msg/s, 14.5 leaves/msg, 223s)
2026-07-29 17:41:29 [iter 29/70] self-play: 10/70 games...
2026-07-29 17:41:29   [GPU] 2,100,010 evals (13747 batches, avg 153/batch = 30% of 512, 9183 evals/s, 638 msg/s, 14.4 leaves/msg, 229s)
2026-07-29 17:41:31 [iter 29/70] self-play: 15/70 games...
2026-07-29 17:41:34   [GPU] 2,150,153 evals (14127 batches, avg 152/batch = 30% of 512, 9188 evals/s, 643 msg/s, 14.3 leaves/msg, 234s)
2026-07-29 17:41:39 [iter 29/70] self-play: 20/70 games...
2026-07-29 17:41:40   [GPU] 2,200,108 evals (14517 batches, avg 152/batch = 30% of 512, 9187 evals/s, 648 msg/s, 14.2 leaves/msg, 239s)
2026-07-29 17:41:42 [iter 29/70] self-play: 25/70 games...
2026-07-29 17:41:45 [iter 29/70] self-play: 30/70 games...
2026-07-29 17:41:45   [GPU] 2,250,048 evals (14907 batches, avg 151/batch = 29% of 512, 9187 evals/s, 653 msg/s, 14.1 leaves/msg, 245s)
2026-07-29 17:41:50 [iter 29/70] self-play: 35/70 games...
2026-07-29 17:41:51   [GPU] 2,300,083 evals (15289 batches, avg 150/batch = 29% of 512, 9194 evals/s, 657 msg/s, 14.0 leaves/msg, 250s)
2026-07-29 17:41:52 [iter 29/70] self-play: 40/70 games...
2026-07-29 17:41:56   [GPU] 2,350,015 evals (15647 batches, avg 150/batch = 29% of 512, 9210 evals/s, 661 msg/s, 13.9 leaves/msg, 255s)
2026-07-29 17:41:58 [iter 29/70] self-play: 45/70 games...
2026-07-29 17:42:00 [iter 29/70] self-play: 50/70 games...
2026-07-29 17:42:01   [GPU] 2,400,062 evals (16054 batches, avg 149/batch = 29% of 512, 9210 evals/s, 664 msg/s, 13.9 leaves/msg, 261s)
2026-07-29 17:42:07   [GPU] 2,450,110 evals (16519 batches, avg 148/batch = 29% of 512, 9194 evals/s, 663 msg/s, 13.9 leaves/msg, 266s)
2026-07-29 17:42:13   [GPU] 2,500,000 evals (16989 batches, avg 147/batch = 29% of 512, 9174 evals/s, 662 msg/s, 13.9 leaves/msg, 273s)
2026-07-29 17:42:19   [GPU] 2,550,059 evals (17509 batches, avg 146/batch = 28% of 512, 9147 evals/s, 661 msg/s, 13.8 leaves/msg, 279s)
2026-07-29 17:42:20 [iter 29/70] self-play: 55/70 games...
2026-07-29 17:42:26   [GPU] 2,600,088 evals (18027 batches, avg 144/batch = 28% of 512, 9117 evals/s, 659 msg/s, 13.8 leaves/msg, 285s)
2026-07-29 17:42:32   [GPU] 2,650,017 evals (18521 batches, avg 143/batch = 28% of 512, 9095 evals/s, 657 msg/s, 13.8 leaves/msg, 291s)
2026-07-29 17:42:38   [GPU] 2,700,027 evals (19005 batches, avg 142/batch = 28% of 512, 9078 evals/s, 656 msg/s, 13.8 leaves/msg, 297s)
2026-07-29 17:42:44   [GPU] 2,750,065 evals (19513 batches, avg 141/batch = 28% of 512, 9055 evals/s, 654 msg/s, 13.8 leaves/msg, 304s)
2026-07-29 17:42:50   [GPU] 2,800,004 evals (20042 batches, avg 140/batch = 27% of 512, 9031 evals/s, 653 msg/s, 13.8 leaves/msg, 310s)
2026-07-29 17:42:56 [iter 29/70] self-play: 60/70 games...
2026-07-29 17:42:58   [GPU] 2,850,009 evals (20672 batches, avg 138/batch = 27% of 512, 8985 evals/s, 651 msg/s, 13.8 leaves/msg, 317s)
2026-07-29 17:43:06   [GPU] 2,900,027 evals (21455 batches, avg 135/batch = 26% of 512, 8908 evals/s, 647 msg/s, 13.8 leaves/msg, 326s)
2026-07-29 17:43:17   [GPU] 2,950,002 evals (22502 batches, avg 131/batch = 26% of 512, 8767 evals/s, 638 msg/s, 13.7 leaves/msg, 336s)
2026-07-29 17:43:29   [GPU] 3,000,014 evals (23665 batches, avg 127/batch = 25% of 512, 8609 evals/s, 627 msg/s, 13.7 leaves/msg, 348s)
2026-07-29 17:43:30 [iter 29/70] self-play: 65/70 games...
2026-07-29 17:43:43   [GPU] 3,050,009 evals (25038 batches, avg 122/batch = 24% of 512, 8413 evals/s, 613 msg/s, 13.7 leaves/msg, 363s)
2026-07-29 17:43:57 [iter 29/70] self-play: 70/70 games...
2026-07-29 17:43:58 [iter 29/70] self-play done: 70 games (379s) | wins: P0=35, P1=1, P2=13, P3=16, draw=5 | draw_rate=7% avg_len~66
2026-07-29 17:43:58 [iter 29/70] training (600 steps, lr=6.89e-04)...
2026-07-29 17:44:07 [iter 29/70] training done: loss_p=1.675 loss_v=0.042 (10s)
2026-07-29 17:44:07 [iter 29/70] eval skipped (eval_every=5)
2026-07-29 17:44:07 >>> iter 29 | loss_p=1.675 loss_v=0.042 | vs_best=n/a (not evaluated) | vs_rand=n/a | draw=7% | buf=273358 | sp=379s train=10s eval_best=0s eval_rand=0s | total=389s
2026-07-29 17:44:07 [iter 30/70] self-play starting (70 games, 600 sims)...
2026-07-29 17:44:10 [PARALLEL-MP] 64 workers spawned (70 games, sims=600), GPU batcher starting...
2026-07-29 17:44:22   [GPU] 50,032 evals (368 batches, avg 136/batch = 27% of 512, 3924 evals/s, 257 msg/s, 15.3 leaves/msg, 13s)
2026-07-29 17:44:30   [GPU] 100,096 evals (705 batches, avg 142/batch = 28% of 512, 4947 evals/s, 321 msg/s, 15.4 leaves/msg, 20s)
2026-07-29 17:44:38   [GPU] 150,115 evals (1059 batches, avg 142/batch = 28% of 512, 5335 evals/s, 346 msg/s, 15.4 leaves/msg, 28s)
2026-07-29 17:44:45   [GPU] 200,051 evals (1400 batches, avg 143/batch = 28% of 512, 5620 evals/s, 366 msg/s, 15.4 leaves/msg, 36s)
2026-07-29 17:44:53   [GPU] 250,032 evals (1741 batches, avg 144/batch = 28% of 512, 5783 evals/s, 376 msg/s, 15.4 leaves/msg, 43s)
2026-07-29 17:45:00   [GPU] 300,110 evals (2070 batches, avg 145/batch = 28% of 512, 5926 evals/s, 384 msg/s, 15.4 leaves/msg, 51s)
2026-07-29 17:45:08   [GPU] 350,084 evals (2404 batches, avg 146/batch = 28% of 512, 6035 evals/s, 392 msg/s, 15.4 leaves/msg, 58s)
2026-07-29 17:45:15   [GPU] 400,076 evals (2740 batches, avg 146/batch = 29% of 512, 6124 evals/s, 398 msg/s, 15.4 leaves/msg, 65s)
2026-07-29 17:45:22   [GPU] 450,024 evals (3056 batches, avg 147/batch = 29% of 512, 6228 evals/s, 404 msg/s, 15.4 leaves/msg, 72s)
2026-07-29 17:45:28   [GPU] 500,027 evals (3384 batches, avg 148/batch = 29% of 512, 6344 evals/s, 412 msg/s, 15.4 leaves/msg, 79s)
2026-07-29 17:45:35   [GPU] 550,014 evals (3708 batches, avg 148/batch = 29% of 512, 6453 evals/s, 419 msg/s, 15.4 leaves/msg, 85s)
2026-07-29 17:45:41   [GPU] 600,038 evals (4025 batches, avg 149/batch = 29% of 512, 6575 evals/s, 427 msg/s, 15.4 leaves/msg, 91s)
2026-07-29 17:45:47   [GPU] 650,163 evals (4350 batches, avg 149/batch = 29% of 512, 6710 evals/s, 436 msg/s, 15.4 leaves/msg, 97s)
2026-07-29 17:45:51   [GPU] 700,064 evals (4671 batches, avg 150/batch = 29% of 512, 6888 evals/s, 447 msg/s, 15.4 leaves/msg, 102s)
2026-07-29 17:45:56   [GPU] 750,045 evals (5002 batches, avg 150/batch = 29% of 512, 7039 evals/s, 457 msg/s, 15.4 leaves/msg, 107s)
2026-07-29 17:46:01   [GPU] 800,025 evals (5329 batches, avg 150/batch = 29% of 512, 7175 evals/s, 467 msg/s, 15.4 leaves/msg, 112s)
2026-07-29 17:46:06   [GPU] 850,050 evals (5654 batches, avg 150/batch = 29% of 512, 7313 evals/s, 477 msg/s, 15.3 leaves/msg, 116s)
2026-07-29 17:46:11   [GPU] 900,082 evals (5980 batches, avg 151/batch = 29% of 512, 7446 evals/s, 487 msg/s, 15.3 leaves/msg, 121s)
2026-07-29 17:46:15   [GPU] 950,119 evals (6304 batches, avg 151/batch = 29% of 512, 7565 evals/s, 496 msg/s, 15.3 leaves/msg, 126s)
2026-07-29 17:46:20   [GPU] 1,000,154 evals (6630 batches, avg 151/batch = 29% of 512, 7678 evals/s, 504 msg/s, 15.2 leaves/msg, 130s)
2026-07-29 17:46:25   [GPU] 1,050,153 evals (6957 batches, avg 151/batch = 29% of 512, 7778 evals/s, 512 msg/s, 15.2 leaves/msg, 135s)
2026-07-29 17:46:29   [GPU] 1,100,141 evals (7280 batches, avg 151/batch = 30% of 512, 7880 evals/s, 520 msg/s, 15.2 leaves/msg, 140s)
2026-07-29 17:46:34   [GPU] 1,150,082 evals (7611 batches, avg 151/batch = 30% of 512, 7973 evals/s, 527 msg/s, 15.1 leaves/msg, 144s)
2026-07-29 17:46:39   [GPU] 1,200,091 evals (7943 batches, avg 151/batch = 30% of 512, 8058 evals/s, 533 msg/s, 15.1 leaves/msg, 149s)
2026-07-29 17:46:43   [GPU] 1,250,024 evals (8274 batches, avg 151/batch = 30% of 512, 8136 evals/s, 539 msg/s, 15.1 leaves/msg, 154s)
2026-07-29 17:46:48   [GPU] 1,300,074 evals (8593 batches, avg 151/batch = 30% of 512, 8216 evals/s, 546 msg/s, 15.1 leaves/msg, 158s)
2026-07-29 17:46:53   [GPU] 1,350,134 evals (8915 batches, avg 151/batch = 30% of 512, 8288 evals/s, 551 msg/s, 15.0 leaves/msg, 163s)
2026-07-29 17:46:57   [GPU] 1,400,052 evals (9249 batches, avg 151/batch = 30% of 512, 8350 evals/s, 556 msg/s, 15.0 leaves/msg, 168s)
2026-07-29 17:47:02   [GPU] 1,450,170 evals (9580 batches, avg 151/batch = 30% of 512, 8410 evals/s, 561 msg/s, 15.0 leaves/msg, 172s)
2026-07-29 17:47:07   [GPU] 1,500,062 evals (9909 batches, avg 151/batch = 30% of 512, 8472 evals/s, 567 msg/s, 15.0 leaves/msg, 177s)
2026-07-29 17:47:11   [GPU] 1,550,034 evals (10237 batches, avg 151/batch = 30% of 512, 8535 evals/s, 572 msg/s, 14.9 leaves/msg, 182s)
2026-07-29 17:47:16   [GPU] 1,600,108 evals (10579 batches, avg 151/batch = 30% of 512, 8591 evals/s, 577 msg/s, 14.9 leaves/msg, 186s)
2026-07-29 17:47:21   [GPU] 1,650,040 evals (10928 batches, avg 151/batch = 29% of 512, 8640 evals/s, 582 msg/s, 14.8 leaves/msg, 191s)
2026-07-29 17:47:25   [GPU] 1,700,134 evals (11278 batches, avg 151/batch = 29% of 512, 8685 evals/s, 587 msg/s, 14.8 leaves/msg, 196s)
2026-07-29 17:47:30   [GPU] 1,750,117 evals (11627 batches, avg 151/batch = 29% of 512, 8727 evals/s, 592 msg/s, 14.7 leaves/msg, 201s)
2026-07-29 17:47:35   [GPU] 1,800,118 evals (11966 batches, avg 150/batch = 29% of 512, 8767 evals/s, 597 msg/s, 14.7 leaves/msg, 205s)
2026-07-29 17:47:36 [iter 30/70] self-play: 5/70 games...
2026-07-29 17:47:40   [GPU] 1,850,115 evals (12289 batches, avg 151/batch = 29% of 512, 8809 evals/s, 601 msg/s, 14.7 leaves/msg, 210s)
2026-07-29 17:47:45   [GPU] 1,900,151 evals (12637 batches, avg 150/batch = 29% of 512, 8842 evals/s, 605 msg/s, 14.6 leaves/msg, 215s)
2026-07-29 17:47:49   [GPU] 1,950,129 evals (12978 batches, avg 150/batch = 29% of 512, 8874 evals/s, 610 msg/s, 14.6 leaves/msg, 220s)
2026-07-29 17:47:52 [iter 30/70] self-play: 10/70 games...
2026-07-29 17:47:54   [GPU] 2,000,182 evals (13336 batches, avg 150/batch = 29% of 512, 8898 evals/s, 614 msg/s, 14.5 leaves/msg, 225s)
2026-07-29 17:47:59   [GPU] 2,050,039 evals (13687 batches, avg 150/batch = 29% of 512, 8924 evals/s, 619 msg/s, 14.4 leaves/msg, 230s)
2026-07-29 17:48:00 [iter 30/70] self-play: 15/70 games...
2026-07-29 17:48:04   [GPU] 2,100,191 evals (14037 batches, avg 150/batch = 29% of 512, 8946 evals/s, 623 msg/s, 14.4 leaves/msg, 235s)
2026-07-29 17:48:09 [iter 30/70] self-play: 20/70 games...
2026-07-29 17:48:10   [GPU] 2,150,111 evals (14412 batches, avg 149/batch = 29% of 512, 8956 evals/s, 629 msg/s, 14.2 leaves/msg, 240s)
2026-07-29 17:48:14 [iter 30/70] self-play: 25/70 games...
2026-07-29 17:48:15   [GPU] 2,200,002 evals (14816 batches, avg 148/batch = 29% of 512, 8951 evals/s, 635 msg/s, 14.1 leaves/msg, 246s)
2026-07-29 17:48:18 [iter 30/70] self-play: 30/70 games...
2026-07-29 17:48:21 [iter 30/70] self-play: 35/70 games...
2026-07-29 17:48:21   [GPU] 2,250,091 evals (15230 batches, avg 148/batch = 29% of 512, 8944 evals/s, 641 msg/s, 14.0 leaves/msg, 252s)
2026-07-29 17:48:22 [iter 30/70] self-play: 40/70 games...
2026-07-29 17:48:25 [iter 30/70] self-play: 45/70 games...
2026-07-29 17:48:26   [GPU] 2,300,034 evals (15603 batches, avg 147/batch = 29% of 512, 8961 evals/s, 645 msg/s, 13.9 leaves/msg, 257s)
2026-07-29 17:48:32   [GPU] 2,350,027 evals (16016 batches, avg 147/batch = 29% of 512, 8965 evals/s, 648 msg/s, 13.8 leaves/msg, 262s)
2026-07-29 17:48:32 [iter 30/70] self-play: 50/70 games...
2026-07-29 17:48:36 [iter 30/70] self-play: 55/70 games...
2026-07-29 17:48:39   [GPU] 2,400,039 evals (16553 batches, avg 145/batch = 28% of 512, 8926 evals/s, 648 msg/s, 13.8 leaves/msg, 269s)
2026-07-29 17:48:46   [GPU] 2,450,006 evals (17165 batches, avg 143/batch = 28% of 512, 8874 evals/s, 644 msg/s, 13.8 leaves/msg, 276s)
2026-07-29 17:48:53   [GPU] 2,500,041 evals (17739 batches, avg 141/batch = 28% of 512, 8832 evals/s, 642 msg/s, 13.8 leaves/msg, 283s)
2026-07-29 17:49:00   [GPU] 2,550,025 evals (18353 batches, avg 139/batch = 27% of 512, 8784 evals/s, 638 msg/s, 13.8 leaves/msg, 290s)
2026-07-29 17:49:01 [iter 30/70] self-play: 60/70 games...
2026-07-29 17:49:08   [GPU] 2,600,057 evals (19025 batches, avg 137/batch = 27% of 512, 8730 evals/s, 634 msg/s, 13.8 leaves/msg, 298s)
2026-07-29 17:49:18 [iter 30/70] self-play: 65/70 games...
2026-07-29 17:49:18   [GPU] 2,650,025 evals (20012 batches, avg 132/batch = 26% of 512, 8593 evals/s, 627 msg/s, 13.7 leaves/msg, 308s)
2026-07-29 17:49:33   [GPU] 2,700,052 evals (21502 batches, avg 126/batch = 25% of 512, 8341 evals/s, 608 msg/s, 13.7 leaves/msg, 324s)
2026-07-29 17:49:54   [GPU] 2,750,011 evals (23199 batches, avg 119/batch = 23% of 512, 7983 evals/s, 582 msg/s, 13.7 leaves/msg, 344s)
2026-07-29 17:50:12 [iter 30/70] self-play: 70/70 games...
2026-07-29 17:50:13 [iter 30/70] self-play done: 70 games (366s) | wins: P0=30, P2=9, P3=28, draw=3 | draw_rate=4% avg_len~65
2026-07-29 17:50:13 [iter 30/70] training (600 steps, lr=6.70e-04)...
2026-07-29 17:50:23 [iter 30/70] training done: loss_p=1.683 loss_v=0.043 (10s)
2026-07-29 17:50:23 [iter 30/70] eval vs best (80 games, 200 sims)...
2026-07-29 17:50:25 [EVAL-MP] 64 workers spawned (80 vs_best games, sims=200), GPU batcher starting...
2026-07-29 17:50:38   [GPU] 50,064 evals (354 batches, avg 141/batch = 28% of 512, 3987 evals/s, 278 msg/s, 14.3 leaves/msg, 13s)
2026-07-29 17:50:45   [GPU] 100,054 evals (686 batches, avg 146/batch = 28% of 512, 5076 evals/s, 354 msg/s, 14.3 leaves/msg, 20s)
2026-07-29 17:50:52   [GPU] 150,042 evals (1009 batches, avg 149/batch = 29% of 512, 5616 evals/s, 392 msg/s, 14.3 leaves/msg, 27s)
2026-07-29 17:50:58   [GPU] 200,012 evals (1333 batches, avg 150/batch = 29% of 512, 6038 evals/s, 421 msg/s, 14.3 leaves/msg, 33s)
2026-07-29 17:51:04   [GPU] 250,002 evals (1661 batches, avg 151/batch = 29% of 512, 6396 evals/s, 446 msg/s, 14.3 leaves/msg, 39s)
2026-07-29 17:51:10   [GPU] 300,027 evals (1990 batches, avg 151/batch = 29% of 512, 6691 evals/s, 466 msg/s, 14.3 leaves/msg, 45s)
2026-07-29 17:51:16   [GPU] 350,057 evals (2324 batches, avg 151/batch = 29% of 512, 6907 evals/s, 481 msg/s, 14.3 leaves/msg, 51s)
2026-07-29 17:51:21 [iter 30/70] eval vs best: 5/80 games (58s, cand 0%)
2026-07-29 17:51:22   [GPU] 400,022 evals (2651 batches, avg 151/batch = 29% of 512, 7064 evals/s, 493 msg/s, 14.3 leaves/msg, 57s)
2026-07-29 17:51:22 [iter 30/70] eval vs best: 10/80 games (60s, cand 0%)
2026-07-29 17:51:23 [iter 30/70] eval vs best: 15/80 games (60s, cand 0%)
2026-07-29 17:51:27 [iter 30/70] eval vs best: 20/80 games (64s, cand 0%)
2026-07-29 17:51:28   [GPU] 450,081 evals (2973 batches, avg 151/batch = 30% of 512, 7198 evals/s, 503 msg/s, 14.3 leaves/msg, 63s)
2026-07-29 17:51:28 [iter 30/70] eval vs best: 25/80 games (65s, cand 0%)
2026-07-29 17:51:33 [iter 30/70] eval vs best: 30/80 games (70s, cand 0%)
2026-07-29 17:51:34   [GPU] 500,074 evals (3315 batches, avg 151/batch = 29% of 512, 7305 evals/s, 511 msg/s, 14.3 leaves/msg, 68s)
2026-07-29 17:51:36 [iter 30/70] eval vs best: 35/80 games (73s, cand 0%)
2026-07-29 17:51:40   [GPU] 550,024 evals (3675 batches, avg 150/batch = 29% of 512, 7374 evals/s, 517 msg/s, 14.3 leaves/msg, 75s)
2026-07-29 17:51:41 [iter 30/70] eval vs best: 40/80 games (78s, cand 2%)
2026-07-29 17:51:46   [GPU] 600,114 evals (4070 batches, avg 147/batch = 29% of 512, 7391 evals/s, 519 msg/s, 14.2 leaves/msg, 81s)
2026-07-29 17:51:53 [iter 30/70] eval vs best: 45/80 games (90s, cand 7%)
2026-07-29 17:51:53   [GPU] 650,084 evals (4484 batches, avg 145/batch = 28% of 512, 7396 evals/s, 520 msg/s, 14.2 leaves/msg, 88s)
2026-07-29 17:52:00   [GPU] 700,106 evals (4900 batches, avg 143/batch = 28% of 512, 7403 evals/s, 521 msg/s, 14.2 leaves/msg, 95s)
2026-07-29 17:52:01 [iter 30/70] eval vs best: 50/80 games (99s, cand 8%)
2026-07-29 17:52:07   [GPU] 750,020 evals (5397 batches, avg 139/batch = 27% of 512, 7339 evals/s, 518 msg/s, 14.2 leaves/msg, 102s)
2026-07-29 17:52:12 [iter 30/70] eval vs best: 55/80 games (109s, cand 7%)
2026-07-29 17:52:16   [GPU] 800,110 evals (5975 batches, avg 134/batch = 26% of 512, 7235 evals/s, 511 msg/s, 14.2 leaves/msg, 111s)
2026-07-29 17:52:25   [GPU] 850,008 evals (6629 batches, avg 128/batch = 25% of 512, 7101 evals/s, 502 msg/s, 14.2 leaves/msg, 120s)
2026-07-29 17:52:34   [GPU] 900,116 evals (7277 batches, avg 124/batch = 24% of 512, 6992 evals/s, 494 msg/s, 14.1 leaves/msg, 129s)
2026-07-29 17:52:43   [GPU] 950,069 evals (7924 batches, avg 120/batch = 23% of 512, 6888 evals/s, 488 msg/s, 14.1 leaves/msg, 138s)
2026-07-29 17:52:48 [iter 30/70] eval vs best: 60/80 games (145s, cand 9%)
2026-07-29 17:52:53   [GPU] 1,000,065 evals (8688 batches, avg 115/batch = 22% of 512, 6745 evals/s, 478 msg/s, 14.1 leaves/msg, 148s)
2026-07-29 17:53:05   [GPU] 1,050,022 evals (9556 batches, avg 110/batch = 21% of 512, 6566 evals/s, 465 msg/s, 14.1 leaves/msg, 160s)
2026-07-29 17:53:18   [GPU] 1,100,026 evals (10525 batches, avg 105/batch = 20% of 512, 6376 evals/s, 452 msg/s, 14.1 leaves/msg, 173s)
2026-07-29 17:53:20 [iter 30/70] eval vs best: 65/80 games (177s, cand 9%)
2026-07-29 17:53:34   [GPU] 1,150,001 evals (11801 batches, avg 97/batch = 19% of 512, 6086 evals/s, 431 msg/s, 14.1 leaves/msg, 189s)
2026-07-29 17:53:53   [GPU] 1,200,033 evals (13278 batches, avg 90/batch = 18% of 512, 5764 evals/s, 408 msg/s, 14.1 leaves/msg, 208s)
2026-07-29 17:53:54 [iter 30/70] eval vs best: 70/80 games (212s, cand 9%)
2026-07-29 17:54:09 [iter 30/70] eval vs best: 75/80 games (226s, cand 9%)
2026-07-29 17:54:22   [GPU] 1,250,016 evals (15365 batches, avg 81/batch = 16% of 512, 5286 evals/s, 375 msg/s, 14.1 leaves/msg, 236s)
2026-07-29 17:55:30   [GPU] 1,300,015 evals (18191 batches, avg 71/batch = 14% of 512, 4268 evals/s, 302 msg/s, 14.1 leaves/msg, 305s)
2026-07-29 17:56:20 [iter 30/70] eval vs best: 80/80 games (357s, cand 8%)
2026-07-29 17:56:20 [iter 30/70] eval vs best done: 8.5% of 59 decided reject (357s)
2026-07-29 17:56:20 [iter 30/70] eval vs random (40 games, 200 sims)...
2026-07-29 17:56:21 [EVAL-MP] 40 workers spawned (40 vs_random games, sims=200), GPU batcher starting...
2026-07-29 17:56:30   [GPU] 50,061 evals (429 batches, avg 117/batch = 23% of 512, 5611 evals/s, 403 msg/s, 13.9 leaves/msg, 9s)
2026-07-29 17:56:35   [GPU] 100,027 evals (764 batches, avg 131/batch = 26% of 512, 7035 evals/s, 534 msg/s, 13.2 leaves/msg, 14s)
2026-07-29 17:56:37 [iter 30/70] eval vs random: 5/40 games (17s, cand 100%)
2026-07-29 17:56:40 [iter 30/70] eval vs random: 10/40 games (20s, cand 100%)
2026-07-29 17:56:40   [GPU] 150,071 evals (1110 batches, avg 135/batch = 26% of 512, 7770 evals/s, 616 msg/s, 12.6 leaves/msg, 19s)
2026-07-29 17:56:44 [iter 30/70] eval vs random: 15/40 games (23s, cand 93%)
2026-07-29 17:56:46   [GPU] 200,059 evals (1475 batches, avg 136/batch = 26% of 512, 8187 evals/s, 667 msg/s, 12.3 leaves/msg, 24s)
2026-07-29 17:56:51 [iter 30/70] eval vs random: 20/40 games (31s, cand 95%)
2026-07-29 17:56:51   [GPU] 250,011 evals (1889 batches, avg 132/batch = 26% of 512, 8332 evals/s, 700 msg/s, 11.9 leaves/msg, 30s)
2026-07-29 17:56:53 [iter 30/70] eval vs random: 25/40 games (33s, cand 86%)
2026-07-29 17:56:53 [iter 30/70] eval vs random: 30/40 games (33s, cand 86%)
2026-07-29 17:56:54 [iter 30/70] eval vs random: 35/40 games (34s, cand 83%)
2026-07-29 17:56:55 [iter 30/70] eval vs random: 40/40 games (35s, cand 83%)
2026-07-29 17:56:55 [iter 30/70] eval vs random done: 83.3% (35s)
2026-07-29 17:56:55 >>> iter 30 | loss_p=1.683 loss_v=0.043 | vs_best=8.5% reject | vs_rand=83.3% | draw=4% | buf=282488 | sp=366s train=10s eval_best=357s eval_rand=35s | total=768s
2026-07-29 17:56:55 [iter 31/70] self-play starting (70 games, 600 sims)...
2026-07-29 17:56:58 [PARALLEL-MP] 64 workers spawned (70 games, sims=600), GPU batcher starting...
2026-07-29 17:57:10   [GPU] 50,000 evals (366 batches, avg 137/batch = 27% of 512, 4130 evals/s, 271 msg/s, 15.3 leaves/msg, 12s)
2026-07-29 17:57:17   [GPU] 100,032 evals (705 batches, avg 142/batch = 28% of 512, 5125 evals/s, 333 msg/s, 15.4 leaves/msg, 20s)
2026-07-29 17:57:25   [GPU] 150,098 evals (1053 batches, avg 143/batch = 28% of 512, 5532 evals/s, 359 msg/s, 15.4 leaves/msg, 27s)
2026-07-29 17:57:32   [GPU] 200,132 evals (1394 batches, avg 144/batch = 28% of 512, 5832 evals/s, 379 msg/s, 15.4 leaves/msg, 34s)
2026-07-29 17:57:39   [GPU] 250,128 evals (1730 batches, avg 145/batch = 28% of 512, 6021 evals/s, 391 msg/s, 15.4 leaves/msg, 42s)
2026-07-29 17:57:46   [GPU] 300,010 evals (2055 batches, avg 146/batch = 29% of 512, 6168 evals/s, 400 msg/s, 15.4 leaves/msg, 49s)
2026-07-29 17:57:53   [GPU] 350,016 evals (2377 batches, avg 147/batch = 29% of 512, 6294 evals/s, 409 msg/s, 15.4 leaves/msg, 56s)
2026-07-29 17:58:00   [GPU] 400,093 evals (2696 batches, avg 148/batch = 29% of 512, 6429 evals/s, 417 msg/s, 15.4 leaves/msg, 62s)
2026-07-29 17:58:06   [GPU] 450,187 evals (3022 batches, avg 149/batch = 29% of 512, 6557 evals/s, 426 msg/s, 15.4 leaves/msg, 69s)
2026-07-29 17:58:13   [GPU] 500,148 evals (3337 batches, avg 150/batch = 29% of 512, 6673 evals/s, 433 msg/s, 15.4 leaves/msg, 75s)
2026-07-29 17:58:19   [GPU] 550,140 evals (3659 batches, avg 150/batch = 29% of 512, 6799 evals/s, 441 msg/s, 15.4 leaves/msg, 81s)
2026-07-29 17:58:24   [GPU] 600,041 evals (3973 batches, avg 151/batch = 29% of 512, 6918 evals/s, 449 msg/s, 15.4 leaves/msg, 87s)
2026-07-29 17:58:30   [GPU] 650,043 evals (4288 batches, avg 152/batch = 30% of 512, 7056 evals/s, 458 msg/s, 15.4 leaves/msg, 92s)
2026-07-29 17:58:34   [GPU] 700,022 evals (4600 batches, avg 152/batch = 30% of 512, 7232 evals/s, 470 msg/s, 15.4 leaves/msg, 97s)
2026-07-29 17:58:39   [GPU] 750,167 evals (4923 batches, avg 152/batch = 30% of 512, 7387 evals/s, 480 msg/s, 15.4 leaves/msg, 102s)
2026-07-29 17:58:44   [GPU] 800,085 evals (5253 batches, avg 152/batch = 30% of 512, 7512 evals/s, 489 msg/s, 15.4 leaves/msg, 107s)
2026-07-29 17:58:49   [GPU] 850,066 evals (5586 batches, avg 152/batch = 30% of 512, 7632 evals/s, 498 msg/s, 15.3 leaves/msg, 111s)
2026-07-29 17:58:54   [GPU] 900,056 evals (5923 batches, avg 152/batch = 30% of 512, 7740 evals/s, 506 msg/s, 15.3 leaves/msg, 116s)
2026-07-29 17:58:59   [GPU] 950,047 evals (6251 batches, avg 152/batch = 30% of 512, 7846 evals/s, 514 msg/s, 15.3 leaves/msg, 121s)
2026-07-29 17:59:04   [GPU] 1,000,019 evals (6593 batches, avg 152/batch = 30% of 512, 7933 evals/s, 521 msg/s, 15.2 leaves/msg, 126s)
2026-07-29 17:59:08   [GPU] 1,050,039 evals (6926 batches, avg 152/batch = 30% of 512, 8024 evals/s, 528 msg/s, 15.2 leaves/msg, 131s)
2026-07-29 17:59:13   [GPU] 1,100,069 evals (7251 batches, avg 152/batch = 30% of 512, 8108 evals/s, 535 msg/s, 15.2 leaves/msg, 136s)
2026-07-29 17:59:18   [GPU] 1,150,136 evals (7589 batches, avg 152/batch = 30% of 512, 8183 evals/s, 541 msg/s, 15.1 leaves/msg, 141s)
2026-07-29 17:59:23   [GPU] 1,200,074 evals (7913 batches, avg 152/batch = 30% of 512, 8266 evals/s, 547 msg/s, 15.1 leaves/msg, 145s)
2026-07-29 17:59:27   [GPU] 1,250,098 evals (8237 batches, avg 152/batch = 30% of 512, 8346 evals/s, 554 msg/s, 15.1 leaves/msg, 150s)
2026-07-29 17:59:32   [GPU] 1,300,093 evals (8567 batches, avg 152/batch = 30% of 512, 8419 evals/s, 559 msg/s, 15.1 leaves/msg, 154s)
2026-07-29 17:59:37   [GPU] 1,350,190 evals (8891 batches, avg 152/batch = 30% of 512, 8490 evals/s, 565 msg/s, 15.0 leaves/msg, 159s)
2026-07-29 17:59:41   [GPU] 1,400,100 evals (9214 batches, avg 152/batch = 30% of 512, 8555 evals/s, 570 msg/s, 15.0 leaves/msg, 164s)
2026-07-29 17:59:46   [GPU] 1,450,132 evals (9541 batches, avg 152/batch = 30% of 512, 8618 evals/s, 575 msg/s, 15.0 leaves/msg, 168s)
2026-07-29 17:59:50   [GPU] 1,500,088 evals (9870 batches, avg 152/batch = 30% of 512, 8676 evals/s, 580 msg/s, 15.0 leaves/msg, 173s)
2026-07-29 17:59:55   [GPU] 1,550,147 evals (10194 batches, avg 152/batch = 30% of 512, 8733 evals/s, 585 msg/s, 14.9 leaves/msg, 178s)
2026-07-29 18:00:00   [GPU] 1,600,152 evals (10534 batches, avg 152/batch = 30% of 512, 8777 evals/s, 589 msg/s, 14.9 leaves/msg, 182s)
2026-07-29 18:00:05   [GPU] 1,650,012 evals (10862 batches, avg 152/batch = 30% of 512, 8819 evals/s, 592 msg/s, 14.9 leaves/msg, 187s)
2026-07-29 18:00:10   [GPU] 1,700,086 evals (11198 batches, avg 152/batch = 30% of 512, 8857 evals/s, 596 msg/s, 14.9 leaves/msg, 192s)
2026-07-29 18:00:14   [GPU] 1,750,039 evals (11536 batches, avg 152/batch = 30% of 512, 8889 evals/s, 599 msg/s, 14.8 leaves/msg, 197s)
2026-07-29 18:00:19   [GPU] 1,800,065 evals (11881 batches, avg 152/batch = 30% of 512, 8922 evals/s, 603 msg/s, 14.8 leaves/msg, 202s)
2026-07-29 18:00:24   [GPU] 1,850,109 evals (12235 batches, avg 151/batch = 30% of 512, 8948 evals/s, 606 msg/s, 14.8 leaves/msg, 207s)
2026-07-29 18:00:29   [GPU] 1,900,076 evals (12586 batches, avg 151/batch = 29% of 512, 8977 evals/s, 610 msg/s, 14.7 leaves/msg, 212s)
2026-07-29 18:00:34   [GPU] 1,950,179 evals (12949 batches, avg 151/batch = 29% of 512, 9001 evals/s, 614 msg/s, 14.6 leaves/msg, 217s)
2026-07-29 18:00:39   [GPU] 2,000,015 evals (13289 batches, avg 151/batch = 29% of 512, 9024 evals/s, 619 msg/s, 14.6 leaves/msg, 222s)
2026-07-29 18:00:40 [iter 31/70] self-play: 5/70 games...
2026-07-29 18:00:44   [GPU] 2,050,143 evals (13651 batches, avg 150/batch = 29% of 512, 9041 evals/s, 623 msg/s, 14.5 leaves/msg, 227s)
2026-07-29 18:00:48 [iter 31/70] self-play: 10/70 games...
2026-07-29 18:00:50   [GPU] 2,100,020 evals (14021 batches, avg 150/batch = 29% of 512, 9054 evals/s, 627 msg/s, 14.4 leaves/msg, 232s)
2026-07-29 18:00:53 [iter 31/70] self-play: 15/70 games...
2026-07-29 18:00:55   [GPU] 2,150,126 evals (14388 batches, avg 149/batch = 29% of 512, 9071 evals/s, 631 msg/s, 14.4 leaves/msg, 237s)
2026-07-29 18:01:00   [GPU] 2,200,038 evals (14751 batches, avg 149/batch = 29% of 512, 9083 evals/s, 636 msg/s, 14.3 leaves/msg, 242s)
2026-07-29 18:01:00 [iter 31/70] self-play: 20/70 games...
2026-07-29 18:01:04 [iter 31/70] self-play: 25/70 games...
2026-07-29 18:01:05   [GPU] 2,250,056 evals (15121 batches, avg 149/batch = 29% of 512, 9090 evals/s, 640 msg/s, 14.2 leaves/msg, 248s)
2026-07-29 18:01:09 [iter 31/70] self-play: 30/70 games...
2026-07-29 18:01:11   [GPU] 2,300,045 evals (15516 batches, avg 148/batch = 29% of 512, 9089 evals/s, 645 msg/s, 14.1 leaves/msg, 253s)
2026-07-29 18:01:12 [iter 31/70] self-play: 35/70 games...
2026-07-29 18:01:16   [GPU] 2,350,025 evals (15910 batches, avg 148/batch = 29% of 512, 9089 evals/s, 650 msg/s, 14.0 leaves/msg, 259s)
2026-07-29 18:01:16 [iter 31/70] self-play: 40/70 games...
2026-07-29 18:01:19 [iter 31/70] self-play: 45/70 games...
2026-07-29 18:01:22   [GPU] 2,400,017 evals (16289 batches, avg 147/batch = 29% of 512, 9093 evals/s, 653 msg/s, 13.9 leaves/msg, 264s)
2026-07-29 18:01:27   [GPU] 2,450,135 evals (16676 batches, avg 147/batch = 29% of 512, 9103 evals/s, 654 msg/s, 13.9 leaves/msg, 269s)
2026-07-29 18:01:31 [iter 31/70] self-play: 50/70 games...
2026-07-29 18:01:32   [GPU] 2,500,102 evals (17072 batches, avg 146/batch = 29% of 512, 9106 evals/s, 655 msg/s, 13.9 leaves/msg, 275s)
2026-07-29 18:01:38   [GPU] 2,550,106 evals (17499 batches, avg 146/batch = 28% of 512, 9105 evals/s, 655 msg/s, 13.9 leaves/msg, 280s)
2026-07-29 18:01:43   [GPU] 2,600,060 evals (17920 batches, avg 145/batch = 28% of 512, 9105 evals/s, 656 msg/s, 13.9 leaves/msg, 286s)
2026-07-29 18:01:48   [GPU] 2,650,018 evals (18324 batches, avg 145/batch = 28% of 512, 9112 evals/s, 656 msg/s, 13.9 leaves/msg, 291s)
2026-07-29 18:01:54   [GPU] 2,700,036 evals (18721 batches, avg 144/batch = 28% of 512, 9124 evals/s, 657 msg/s, 13.9 leaves/msg, 296s)
2026-07-29 18:01:58 [iter 31/70] self-play: 55/70 games...
2026-07-29 18:01:59   [GPU] 2,750,030 evals (19128 batches, avg 144/batch = 28% of 512, 9130 evals/s, 658 msg/s, 13.9 leaves/msg, 301s)
2026-07-29 18:02:04   [GPU] 2,800,100 evals (19600 batches, avg 143/batch = 28% of 512, 9125 evals/s, 658 msg/s, 13.9 leaves/msg, 307s)
2026-07-29 18:02:10   [GPU] 2,850,027 evals (20078 batches, avg 142/batch = 28% of 512, 9117 evals/s, 658 msg/s, 13.9 leaves/msg, 313s)
2026-07-29 18:02:16   [GPU] 2,900,069 evals (20609 batches, avg 141/batch = 27% of 512, 9098 evals/s, 657 msg/s, 13.8 leaves/msg, 319s)
2026-07-29 18:02:21 [iter 31/70] self-play: 60/70 games...
2026-07-29 18:02:23   [GPU] 2,950,010 evals (21242 batches, avg 139/batch = 27% of 512, 9056 evals/s, 655 msg/s, 13.8 leaves/msg, 326s)
2026-07-29 18:02:32   [GPU] 3,000,020 evals (22037 batches, avg 136/batch = 27% of 512, 8979 evals/s, 651 msg/s, 13.8 leaves/msg, 334s)
2026-07-29 18:02:42   [GPU] 3,050,009 evals (23040 batches, avg 132/batch = 26% of 512, 8854 evals/s, 643 msg/s, 13.8 leaves/msg, 344s)
2026-07-29 18:02:53   [GPU] 3,100,004 evals (24152 batches, avg 128/batch = 25% of 512, 8712 evals/s, 632 msg/s, 13.8 leaves/msg, 356s)
2026-07-29 18:03:05   [GPU] 3,150,009 evals (25284 batches, avg 125/batch = 24% of 512, 8572 evals/s, 622 msg/s, 13.8 leaves/msg, 367s)
2026-07-29 18:03:07 [iter 31/70] self-play: 65/70 games...
2026-07-29 18:03:43   [GPU] 3,200,000 evals (27921 batches, avg 115/batch = 22% of 512, 7893 evals/s, 574 msg/s, 13.7 leaves/msg, 405s)
2026-07-29 18:04:06 [iter 31/70] self-play: 70/70 games...
2026-07-29 18:04:07 [iter 31/70] self-play done: 70 games (431s) | wins: P0=21, P1=2, P2=17, P3=24, draw=6 | draw_rate=9% avg_len~67
2026-07-29 18:04:07 [iter 31/70] training (600 steps, lr=6.50e-04)...
2026-07-29 18:04:16 [iter 31/70] training done: loss_p=1.672 loss_v=0.045 (9s)
2026-07-29 18:04:16 [iter 31/70] eval skipped (eval_every=5)
2026-07-29 18:04:16 >>> iter 31 | loss_p=1.672 loss_v=0.045 | vs_best=n/a (not evaluated) | vs_rand=n/a | draw=9% | buf=291912 | sp=431s train=9s eval_best=0s eval_rand=0s | total=441s
2026-07-29 18:04:16 [iter 32/70] self-play starting (70 games, 600 sims)...
2026-07-29 18:04:18 [PARALLEL-MP] 64 workers spawned (70 games, sims=600), GPU batcher starting...
2026-07-29 18:04:30   [GPU] 50,128 evals (371 batches, avg 135/batch = 26% of 512, 4129 evals/s, 271 msg/s, 15.3 leaves/msg, 12s)
2026-07-29 18:04:38   [GPU] 100,032 evals (696 batches, avg 144/batch = 28% of 512, 5173 evals/s, 336 msg/s, 15.4 leaves/msg, 19s)
2026-07-29 18:04:45   [GPU] 150,078 evals (1035 batches, avg 145/batch = 28% of 512, 5607 evals/s, 364 msg/s, 15.4 leaves/msg, 27s)
2026-07-29 18:04:52   [GPU] 200,105 evals (1381 batches, avg 145/batch = 28% of 512, 5912 evals/s, 385 msg/s, 15.4 leaves/msg, 34s)
2026-07-29 18:04:59   [GPU] 250,000 evals (1715 batches, avg 146/batch = 28% of 512, 6110 evals/s, 397 msg/s, 15.4 leaves/msg, 41s)
2026-07-29 18:05:06   [GPU] 300,076 evals (2045 batches, avg 147/batch = 29% of 512, 6248 evals/s, 406 msg/s, 15.4 leaves/msg, 48s)
2026-07-29 18:05:13   [GPU] 350,009 evals (2365 batches, avg 148/batch = 29% of 512, 6363 evals/s, 413 msg/s, 15.4 leaves/msg, 55s)
2026-07-29 18:05:20   [GPU] 400,083 evals (2691 batches, avg 149/batch = 29% of 512, 6483 evals/s, 421 msg/s, 15.4 leaves/msg, 62s)
2026-07-29 18:05:27   [GPU] 450,097 evals (3015 batches, avg 149/batch = 29% of 512, 6595 evals/s, 428 msg/s, 15.4 leaves/msg, 68s)
2026-07-29 18:05:33   [GPU] 500,171 evals (3343 batches, avg 150/batch = 29% of 512, 6701 evals/s, 435 msg/s, 15.4 leaves/msg, 75s)
2026-07-29 18:05:39   [GPU] 550,027 evals (3671 batches, avg 150/batch = 29% of 512, 6813 evals/s, 442 msg/s, 15.4 leaves/msg, 81s)
2026-07-29 18:05:45   [GPU] 600,036 evals (3991 batches, avg 150/batch = 29% of 512, 6928 evals/s, 450 msg/s, 15.4 leaves/msg, 87s)
2026-07-29 18:05:50   [GPU] 650,053 evals (4317 batches, avg 151/batch = 29% of 512, 7052 evals/s, 458 msg/s, 15.4 leaves/msg, 92s)
2026-07-29 18:05:55   [GPU] 700,201 evals (4634 batches, avg 151/batch = 30% of 512, 7216 evals/s, 469 msg/s, 15.4 leaves/msg, 97s)
2026-07-29 18:06:00   [GPU] 750,025 evals (4952 batches, avg 151/batch = 30% of 512, 7372 evals/s, 479 msg/s, 15.4 leaves/msg, 102s)
2026-07-29 18:06:05   [GPU] 800,078 evals (5287 batches, avg 151/batch = 30% of 512, 7498 evals/s, 488 msg/s, 15.4 leaves/msg, 107s)
2026-07-29 18:06:10   [GPU] 850,046 evals (5621 batches, avg 151/batch = 30% of 512, 7625 evals/s, 497 msg/s, 15.3 leaves/msg, 111s)
2026-07-29 18:06:15   [GPU] 900,131 evals (5950 batches, avg 151/batch = 30% of 512, 7742 evals/s, 506 msg/s, 15.3 leaves/msg, 116s)
2026-07-29 18:06:19   [GPU] 950,109 evals (6264 batches, avg 152/batch = 30% of 512, 7860 evals/s, 515 msg/s, 15.3 leaves/msg, 121s)
2026-07-29 18:06:24   [GPU] 1,000,024 evals (6592 batches, avg 152/batch = 30% of 512, 7960 evals/s, 523 msg/s, 15.2 leaves/msg, 126s)
2026-07-29 18:06:29   [GPU] 1,050,091 evals (6918 batches, avg 152/batch = 30% of 512, 8057 evals/s, 530 msg/s, 15.2 leaves/msg, 130s)
2026-07-29 18:06:33   [GPU] 1,100,164 evals (7243 batches, avg 152/batch = 30% of 512, 8151 evals/s, 537 msg/s, 15.2 leaves/msg, 135s)
2026-07-29 18:06:38   [GPU] 1,150,117 evals (7570 batches, avg 152/batch = 30% of 512, 8237 evals/s, 544 msg/s, 15.1 leaves/msg, 140s)
2026-07-29 18:06:43   [GPU] 1,200,041 evals (7912 batches, avg 152/batch = 30% of 512, 8312 evals/s, 550 msg/s, 15.1 leaves/msg, 144s)
2026-07-29 18:06:47   [GPU] 1,250,107 evals (8255 batches, avg 151/batch = 30% of 512, 8386 evals/s, 555 msg/s, 15.1 leaves/msg, 149s)
2026-07-29 18:06:52   [GPU] 1,300,054 evals (8599 batches, avg 151/batch = 30% of 512, 8445 evals/s, 560 msg/s, 15.1 leaves/msg, 154s)
2026-07-29 18:06:57   [GPU] 1,350,177 evals (8928 batches, avg 151/batch = 30% of 512, 8508 evals/s, 565 msg/s, 15.0 leaves/msg, 159s)
2026-07-29 18:07:02   [GPU] 1,400,186 evals (9253 batches, avg 151/batch = 30% of 512, 8571 evals/s, 571 msg/s, 15.0 leaves/msg, 163s)
2026-07-29 18:07:06   [GPU] 1,450,103 evals (9579 batches, avg 151/batch = 30% of 512, 8631 evals/s, 576 msg/s, 15.0 leaves/msg, 168s)
2026-07-29 18:07:11   [GPU] 1,500,043 evals (9909 batches, avg 151/batch = 30% of 512, 8687 evals/s, 580 msg/s, 15.0 leaves/msg, 173s)
2026-07-29 18:07:16   [GPU] 1,550,013 evals (10250 batches, avg 151/batch = 30% of 512, 8738 evals/s, 585 msg/s, 14.9 leaves/msg, 177s)
2026-07-29 18:07:20   [GPU] 1,600,152 evals (10589 batches, avg 151/batch = 30% of 512, 8786 evals/s, 589 msg/s, 14.9 leaves/msg, 182s)
2026-07-29 18:07:25   [GPU] 1,650,001 evals (10938 batches, avg 151/batch = 29% of 512, 8826 evals/s, 593 msg/s, 14.9 leaves/msg, 187s)
2026-07-29 18:07:30   [GPU] 1,700,025 evals (11282 batches, avg 151/batch = 29% of 512, 8867 evals/s, 598 msg/s, 14.8 leaves/msg, 192s)
2026-07-29 18:07:35   [GPU] 1,750,197 evals (11625 batches, avg 151/batch = 29% of 512, 8905 evals/s, 602 msg/s, 14.8 leaves/msg, 197s)
2026-07-29 18:07:40   [GPU] 1,800,023 evals (11976 batches, avg 150/batch = 29% of 512, 8939 evals/s, 607 msg/s, 14.7 leaves/msg, 201s)
2026-07-29 18:07:45   [GPU] 1,850,062 evals (12347 batches, avg 150/batch = 29% of 512, 8964 evals/s, 611 msg/s, 14.7 leaves/msg, 206s)
2026-07-29 18:07:47 [iter 32/70] self-play: 5/70 games...
2026-07-29 18:07:50   [GPU] 1,900,090 evals (12717 batches, avg 149/batch = 29% of 512, 8989 evals/s, 615 msg/s, 14.6 leaves/msg, 211s)
2026-07-29 18:07:55   [GPU] 1,950,152 evals (13088 batches, avg 149/batch = 29% of 512, 9004 evals/s, 619 msg/s, 14.5 leaves/msg, 217s)
2026-07-29 18:08:00   [GPU] 2,000,109 evals (13461 batches, avg 149/batch = 29% of 512, 9010 evals/s, 623 msg/s, 14.5 leaves/msg, 222s)
2026-07-29 18:08:04 [iter 32/70] self-play: 10/70 games...
2026-07-29 18:08:05   [GPU] 2,050,127 evals (13827 batches, avg 148/batch = 29% of 512, 9026 evals/s, 629 msg/s, 14.4 leaves/msg, 227s)
2026-07-29 18:08:10 [iter 32/70] self-play: 15/70 games...
2026-07-29 18:08:11   [GPU] 2,100,166 evals (14222 batches, avg 148/batch = 29% of 512, 9026 evals/s, 634 msg/s, 14.2 leaves/msg, 233s)
2026-07-29 18:08:15 [iter 32/70] self-play: 20/70 games...
2026-07-29 18:08:16   [GPU] 2,150,019 evals (14615 batches, avg 147/batch = 29% of 512, 9030 evals/s, 639 msg/s, 14.1 leaves/msg, 238s)
2026-07-29 18:08:20 [iter 32/70] self-play: 25/70 games...
2026-07-29 18:08:22   [GPU] 2,200,005 evals (15013 batches, avg 147/batch = 29% of 512, 9030 evals/s, 645 msg/s, 14.0 leaves/msg, 244s)
2026-07-29 18:08:22 [iter 32/70] self-play: 30/70 games...
2026-07-29 18:08:27   [GPU] 2,250,004 evals (15380 batches, avg 146/batch = 29% of 512, 9046 evals/s, 649 msg/s, 13.9 leaves/msg, 249s)
2026-07-29 18:08:29 [iter 32/70] self-play: 35/70 games...
2026-07-29 18:08:32   [GPU] 2,300,156 evals (15732 batches, avg 146/batch = 29% of 512, 9065 evals/s, 652 msg/s, 13.9 leaves/msg, 254s)
2026-07-29 18:08:36 [iter 32/70] self-play: 40/70 games...
2026-07-29 18:08:37   [GPU] 2,350,059 evals (16112 batches, avg 146/batch = 28% of 512, 9074 evals/s, 656 msg/s, 13.8 leaves/msg, 259s)
2026-07-29 18:08:41 [iter 32/70] self-play: 45/70 games...
2026-07-29 18:08:43   [GPU] 2,400,007 evals (16502 batches, avg 145/batch = 28% of 512, 9078 evals/s, 658 msg/s, 13.8 leaves/msg, 264s)
2026-07-29 18:08:48   [GPU] 2,450,020 evals (16902 batches, avg 145/batch = 28% of 512, 9086 evals/s, 660 msg/s, 13.8 leaves/msg, 270s)
2026-07-29 18:08:51 [iter 32/70] self-play: 50/70 games...
2026-07-29 18:08:54   [GPU] 2,500,020 evals (17356 batches, avg 144/batch = 28% of 512, 9068 evals/s, 661 msg/s, 13.7 leaves/msg, 276s)
2026-07-29 18:09:00   [GPU] 2,550,046 evals (17827 batches, avg 143/batch = 28% of 512, 9053 evals/s, 661 msg/s, 13.7 leaves/msg, 282s)
2026-07-29 18:09:01 [iter 32/70] self-play: 55/70 games...
2026-07-29 18:09:06   [GPU] 2,600,059 evals (18340 batches, avg 142/batch = 28% of 512, 9031 evals/s, 661 msg/s, 13.7 leaves/msg, 288s)
2026-07-29 18:09:13   [GPU] 2,650,023 evals (18907 batches, avg 140/batch = 27% of 512, 8994 evals/s, 658 msg/s, 13.7 leaves/msg, 295s)
2026-07-29 18:09:20   [GPU] 2,700,077 evals (19491 batches, avg 139/batch = 27% of 512, 8959 evals/s, 656 msg/s, 13.7 leaves/msg, 301s)
2026-07-29 18:09:27   [GPU] 2,750,026 evals (20137 batches, avg 137/batch = 27% of 512, 8912 evals/s, 654 msg/s, 13.6 leaves/msg, 309s)
2026-07-29 18:09:28 [iter 32/70] self-play: 60/70 games...
2026-07-29 18:09:36   [GPU] 2,800,029 evals (20960 batches, avg 134/batch = 26% of 512, 8823 evals/s, 648 msg/s, 13.6 leaves/msg, 317s)
2026-07-29 18:09:47   [GPU] 2,850,017 evals (22042 batches, avg 129/batch = 25% of 512, 8675 evals/s, 638 msg/s, 13.6 leaves/msg, 329s)
2026-07-29 18:09:48 [iter 32/70] self-play: 65/70 games...
2026-07-29 18:10:02   [GPU] 2,900,046 evals (23511 batches, avg 123/batch = 24% of 512, 8434 evals/s, 621 msg/s, 13.6 leaves/msg, 344s)
2026-07-29 18:10:24   [GPU] 2,950,007 evals (25347 batches, avg 116/batch = 23% of 512, 8076 evals/s, 595 msg/s, 13.6 leaves/msg, 365s)
2026-07-29 18:10:38 [iter 32/70] self-play: 70/70 games...
2026-07-29 18:10:38 [iter 32/70] self-play done: 70 games (382s) | wins: P0=41, P2=14, P3=12, draw=3 | draw_rate=4% avg_len~70
2026-07-29 18:10:38 [iter 32/70] training (600 steps, lr=6.30e-04)...
2026-07-29 18:10:48 [iter 32/70] training done: loss_p=1.664 loss_v=0.043 (10s)
2026-07-29 18:10:48 [iter 32/70] eval skipped (eval_every=5)
2026-07-29 18:10:48 >>> iter 32 | loss_p=1.664 loss_v=0.043 | vs_best=n/a (not evaluated) | vs_rand=n/a | draw=4% | buf=301742 | sp=382s train=10s eval_best=0s eval_rand=0s | total=392s
2026-07-29 18:10:48 [iter 33/70] self-play starting (70 games, 600 sims)...
2026-07-29 18:10:50 [PARALLEL-MP] 64 workers spawned (70 games, sims=600), GPU batcher starting...
2026-07-29 18:11:03   [GPU] 50,032 evals (358 batches, avg 140/batch = 27% of 512, 3811 evals/s, 250 msg/s, 15.3 leaves/msg, 13s)
2026-07-29 18:11:10   [GPU] 100,096 evals (691 batches, avg 145/batch = 28% of 512, 4869 evals/s, 316 msg/s, 15.4 leaves/msg, 21s)
2026-07-29 18:11:18   [GPU] 150,136 evals (1042 batches, avg 144/batch = 28% of 512, 5305 evals/s, 344 msg/s, 15.4 leaves/msg, 28s)
2026-07-29 18:11:25   [GPU] 200,117 evals (1383 batches, avg 145/batch = 28% of 512, 5620 evals/s, 366 msg/s, 15.4 leaves/msg, 36s)
2026-07-29 18:11:33   [GPU] 250,000 evals (1725 batches, avg 145/batch = 28% of 512, 5807 evals/s, 377 msg/s, 15.4 leaves/msg, 43s)
2026-07-29 18:11:40   [GPU] 300,040 evals (2063 batches, avg 145/batch = 28% of 512, 5964 evals/s, 387 msg/s, 15.4 leaves/msg, 50s)
2026-07-29 18:11:47   [GPU] 350,144 evals (2390 batches, avg 147/batch = 29% of 512, 6099 evals/s, 396 msg/s, 15.4 leaves/msg, 57s)
2026-07-29 18:11:54   [GPU] 400,039 evals (2716 batches, avg 147/batch = 29% of 512, 6220 evals/s, 404 msg/s, 15.4 leaves/msg, 64s)
2026-07-29 18:12:01   [GPU] 450,139 evals (3041 batches, avg 148/batch = 29% of 512, 6326 evals/s, 411 msg/s, 15.4 leaves/msg, 71s)
2026-07-29 18:12:08   [GPU] 500,151 evals (3359 batches, avg 149/batch = 29% of 512, 6425 evals/s, 417 msg/s, 15.4 leaves/msg, 78s)
2026-07-29 18:12:14   [GPU] 550,197 evals (3676 batches, avg 150/batch = 29% of 512, 6524 evals/s, 424 msg/s, 15.4 leaves/msg, 84s)
2026-07-29 18:12:20   [GPU] 600,239 evals (3976 batches, avg 151/batch = 29% of 512, 6637 evals/s, 431 msg/s, 15.4 leaves/msg, 90s)
2026-07-29 18:12:26   [GPU] 650,161 evals (4270 batches, avg 152/batch = 30% of 512, 6770 evals/s, 439 msg/s, 15.4 leaves/msg, 96s)
2026-07-29 18:12:31   [GPU] 700,182 evals (4571 batches, avg 153/batch = 30% of 512, 6950 evals/s, 451 msg/s, 15.4 leaves/msg, 101s)
2026-07-29 18:12:35   [GPU] 750,071 evals (4891 batches, avg 153/batch = 30% of 512, 7113 evals/s, 462 msg/s, 15.4 leaves/msg, 105s)
2026-07-29 18:12:40   [GPU] 800,003 evals (5217 batches, avg 153/batch = 30% of 512, 7252 evals/s, 472 msg/s, 15.4 leaves/msg, 110s)
2026-07-29 18:12:45   [GPU] 850,109 evals (5535 batches, avg 154/batch = 30% of 512, 7390 evals/s, 482 msg/s, 15.3 leaves/msg, 115s)
2026-07-29 18:12:50   [GPU] 900,001 evals (5852 batches, avg 154/batch = 30% of 512, 7517 evals/s, 492 msg/s, 15.3 leaves/msg, 120s)
2026-07-29 18:12:54   [GPU] 950,005 evals (6182 batches, avg 154/batch = 30% of 512, 7631 evals/s, 500 msg/s, 15.3 leaves/msg, 124s)
2026-07-29 18:12:59   [GPU] 1,000,057 evals (6501 batches, avg 154/batch = 30% of 512, 7752 evals/s, 509 msg/s, 15.2 leaves/msg, 129s)
2026-07-29 18:13:04   [GPU] 1,050,151 evals (6816 batches, avg 154/batch = 30% of 512, 7858 evals/s, 517 msg/s, 15.2 leaves/msg, 134s)
2026-07-29 18:13:08   [GPU] 1,100,085 evals (7132 batches, avg 154/batch = 30% of 512, 7960 evals/s, 525 msg/s, 15.2 leaves/msg, 138s)
2026-07-29 18:13:13   [GPU] 1,150,033 evals (7449 batches, avg 154/batch = 30% of 512, 8057 evals/s, 532 msg/s, 15.1 leaves/msg, 143s)
2026-07-29 18:13:17   [GPU] 1,200,120 evals (7764 batches, avg 155/batch = 30% of 512, 8146 evals/s, 539 msg/s, 15.1 leaves/msg, 147s)
2026-07-29 18:13:22   [GPU] 1,250,098 evals (8092 batches, avg 154/batch = 30% of 512, 8224 evals/s, 545 msg/s, 15.1 leaves/msg, 152s)
2026-07-29 18:13:26   [GPU] 1,300,140 evals (8417 batches, avg 154/batch = 30% of 512, 8302 evals/s, 551 msg/s, 15.1 leaves/msg, 157s)
2026-07-29 18:13:31   [GPU] 1,350,101 evals (8742 batches, avg 154/batch = 30% of 512, 8372 evals/s, 556 msg/s, 15.0 leaves/msg, 161s)
2026-07-29 18:13:36   [GPU] 1,400,081 evals (9077 batches, avg 154/batch = 30% of 512, 8435 evals/s, 562 msg/s, 15.0 leaves/msg, 166s)
2026-07-29 18:13:41   [GPU] 1,450,030 evals (9405 batches, avg 154/batch = 30% of 512, 8498 evals/s, 567 msg/s, 15.0 leaves/msg, 171s)
2026-07-29 18:13:45   [GPU] 1,500,147 evals (9738 batches, avg 154/batch = 30% of 512, 8556 evals/s, 572 msg/s, 15.0 leaves/msg, 175s)
2026-07-29 18:13:50   [GPU] 1,550,150 evals (10079 batches, avg 154/batch = 30% of 512, 8609 evals/s, 577 msg/s, 14.9 leaves/msg, 180s)
2026-07-29 18:13:55   [GPU] 1,600,070 evals (10422 batches, avg 154/batch = 30% of 512, 8653 evals/s, 582 msg/s, 14.9 leaves/msg, 185s)
2026-07-29 18:14:00   [GPU] 1,650,025 evals (10777 batches, avg 153/batch = 30% of 512, 8691 evals/s, 586 msg/s, 14.8 leaves/msg, 190s)
2026-07-29 18:14:05   [GPU] 1,700,032 evals (11128 batches, avg 153/batch = 30% of 512, 8726 evals/s, 590 msg/s, 14.8 leaves/msg, 195s)
2026-07-29 18:14:10   [GPU] 1,750,057 evals (11469 batches, avg 153/batch = 30% of 512, 8764 evals/s, 594 msg/s, 14.7 leaves/msg, 200s)
2026-07-29 18:14:15   [GPU] 1,800,097 evals (11822 batches, avg 152/batch = 30% of 512, 8790 evals/s, 598 msg/s, 14.7 leaves/msg, 205s)
2026-07-29 18:14:20   [GPU] 1,850,014 evals (12179 batches, avg 152/batch = 30% of 512, 8819 evals/s, 601 msg/s, 14.7 leaves/msg, 210s)
2026-07-29 18:14:23 [iter 33/70] self-play: 5/70 games...
2026-07-29 18:14:25   [GPU] 1,900,099 evals (12541 batches, avg 152/batch = 30% of 512, 8844 evals/s, 605 msg/s, 14.6 leaves/msg, 215s)
2026-07-29 18:14:30   [GPU] 1,950,004 evals (12893 batches, avg 151/batch = 30% of 512, 8869 evals/s, 609 msg/s, 14.6 leaves/msg, 220s)
2026-07-29 18:14:35   [GPU] 2,000,071 evals (13244 batches, avg 151/batch = 29% of 512, 8896 evals/s, 613 msg/s, 14.5 leaves/msg, 225s)
2026-07-29 18:14:35 [iter 33/70] self-play: 10/70 games...
2026-07-29 18:14:40   [GPU] 2,050,096 evals (13608 batches, avg 151/batch = 29% of 512, 8917 evals/s, 618 msg/s, 14.4 leaves/msg, 230s)
2026-07-29 18:14:45   [GPU] 2,100,143 evals (13969 batches, avg 150/batch = 29% of 512, 8940 evals/s, 622 msg/s, 14.4 leaves/msg, 235s)
2026-07-29 18:14:46 [iter 33/70] self-play: 15/70 games...
2026-07-29 18:14:50   [GPU] 2,150,043 evals (14327 batches, avg 150/batch = 29% of 512, 8960 evals/s, 626 msg/s, 14.3 leaves/msg, 240s)
2026-07-29 18:14:52 [iter 33/70] self-play: 20/70 games...
2026-07-29 18:14:55 [iter 33/70] self-play: 25/70 games...
2026-07-29 18:14:55   [GPU] 2,200,045 evals (14686 batches, avg 150/batch = 29% of 512, 8976 evals/s, 630 msg/s, 14.2 leaves/msg, 245s)
2026-07-29 18:15:00   [GPU] 2,250,007 evals (15042 batches, avg 150/batch = 29% of 512, 8996 evals/s, 635 msg/s, 14.2 leaves/msg, 250s)
2026-07-29 18:15:03 [iter 33/70] self-play: 30/70 games...
2026-07-29 18:15:05   [GPU] 2,300,080 evals (15423 batches, avg 149/batch = 29% of 512, 9009 evals/s, 639 msg/s, 14.1 leaves/msg, 255s)
2026-07-29 18:15:07 [iter 33/70] self-play: 35/70 games...
2026-07-29 18:15:09 [iter 33/70] self-play: 40/70 games...
2026-07-29 18:15:10   [GPU] 2,350,111 evals (15791 batches, avg 149/batch = 29% of 512, 9027 evals/s, 643 msg/s, 14.0 leaves/msg, 260s)
2026-07-29 18:15:15   [GPU] 2,400,113 evals (16157 batches, avg 149/batch = 29% of 512, 9049 evals/s, 647 msg/s, 14.0 leaves/msg, 265s)
2026-07-29 18:15:19 [iter 33/70] self-play: 45/70 games...
2026-07-29 18:15:20   [GPU] 2,450,061 evals (16529 batches, avg 148/batch = 29% of 512, 9061 evals/s, 651 msg/s, 13.9 leaves/msg, 270s)
2026-07-29 18:15:26   [GPU] 2,500,108 evals (16927 batches, avg 148/batch = 29% of 512, 9063 evals/s, 653 msg/s, 13.9 leaves/msg, 276s)
2026-07-29 18:15:26 [iter 33/70] self-play: 50/70 games...
2026-07-29 18:15:32   [GPU] 2,550,064 evals (17369 batches, avg 147/batch = 29% of 512, 9052 evals/s, 654 msg/s, 13.8 leaves/msg, 282s)
2026-07-29 18:15:36 [iter 33/70] self-play: 55/70 games...
2026-07-29 18:15:37   [GPU] 2,600,063 evals (17823 batches, avg 146/batch = 28% of 512, 9040 evals/s, 653 msg/s, 13.8 leaves/msg, 288s)
2026-07-29 18:15:44   [GPU] 2,650,066 evals (18319 batches, avg 145/batch = 28% of 512, 9016 evals/s, 652 msg/s, 13.8 leaves/msg, 294s)
2026-07-29 18:15:50   [GPU] 2,700,044 evals (18836 batches, avg 143/batch = 28% of 512, 8988 evals/s, 650 msg/s, 13.8 leaves/msg, 300s)
2026-07-29 18:15:57   [GPU] 2,750,088 evals (19401 batches, avg 142/batch = 28% of 512, 8948 evals/s, 648 msg/s, 13.8 leaves/msg, 307s)
2026-07-29 18:15:59 [iter 33/70] self-play: 60/70 games...
2026-07-29 18:16:05   [GPU] 2,800,035 evals (20123 batches, avg 139/batch = 27% of 512, 8874 evals/s, 643 msg/s, 13.8 leaves/msg, 316s)
2026-07-29 18:16:15   [GPU] 2,850,002 evals (20956 batches, avg 136/batch = 27% of 512, 8778 evals/s, 637 msg/s, 13.8 leaves/msg, 325s)
2026-07-29 18:16:25 [iter 33/70] self-play: 65/70 games...
2026-07-29 18:16:26   [GPU] 2,900,000 evals (22073 batches, avg 131/batch = 26% of 512, 8615 evals/s, 627 msg/s, 13.7 leaves/msg, 337s)
2026-07-29 18:16:44   [GPU] 2,950,003 evals (23754 batches, avg 124/batch = 24% of 512, 8330 evals/s, 606 msg/s, 13.7 leaves/msg, 354s)
2026-07-29 18:17:01   [GPU] 3,000,003 evals (25430 batches, avg 118/batch = 23% of 512, 8078 evals/s, 588 msg/s, 13.7 leaves/msg, 371s)
2026-07-29 18:17:10 [iter 33/70] self-play: 70/70 games...
2026-07-29 18:17:11 [iter 33/70] self-play done: 70 games (383s) | wins: P0=31, P1=1, P2=18, P3=16, draw=4 | draw_rate=6% avg_len~68
2026-07-29 18:17:11 [iter 33/70] training (600 steps, lr=6.10e-04)...
2026-07-29 18:17:21 [iter 33/70] training done: loss_p=1.677 loss_v=0.046 (10s)
2026-07-29 18:17:21 [iter 33/70] eval skipped (eval_every=5)
2026-07-29 18:17:21 >>> iter 33 | loss_p=1.677 loss_v=0.046 | vs_best=n/a (not evaluated) | vs_rand=n/a | draw=6% | buf=311292 | sp=383s train=10s eval_best=0s eval_rand=0s | total=393s
2026-07-29 18:17:21 [iter 34/70] self-play starting (70 games, 600 sims)...
2026-07-29 18:17:23 [PARALLEL-MP] 64 workers spawned (70 games, sims=600), GPU batcher starting...
2026-07-29 18:17:35   [GPU] 50,032 evals (372 batches, avg 134/batch = 26% of 512, 4100 evals/s, 269 msg/s, 15.3 leaves/msg, 12s)
2026-07-29 18:17:43   [GPU] 100,144 evals (711 batches, avg 141/batch = 28% of 512, 5130 evals/s, 333 msg/s, 15.4 leaves/msg, 20s)
2026-07-29 18:17:50   [GPU] 150,125 evals (1051 batches, avg 143/batch = 28% of 512, 5554 evals/s, 360 msg/s, 15.4 leaves/msg, 27s)
2026-07-29 18:17:57   [GPU] 200,138 evals (1388 batches, avg 144/batch = 28% of 512, 5843 evals/s, 380 msg/s, 15.4 leaves/msg, 34s)
2026-07-29 18:18:05   [GPU] 250,048 evals (1726 batches, avg 145/batch = 28% of 512, 6038 evals/s, 392 msg/s, 15.4 leaves/msg, 41s)
2026-07-29 18:18:12   [GPU] 300,185 evals (2062 batches, avg 146/batch = 28% of 512, 6195 evals/s, 402 msg/s, 15.4 leaves/msg, 48s)
2026-07-29 18:18:19   [GPU] 350,015 evals (2392 batches, avg 146/batch = 29% of 512, 6316 evals/s, 410 msg/s, 15.4 leaves/msg, 55s)
2026-07-29 18:18:25   [GPU] 400,127 evals (2724 batches, avg 147/batch = 29% of 512, 6440 evals/s, 418 msg/s, 15.4 leaves/msg, 62s)
2026-07-29 18:18:32   [GPU] 450,065 evals (3049 batches, avg 148/batch = 29% of 512, 6551 evals/s, 425 msg/s, 15.4 leaves/msg, 69s)
2026-07-29 18:18:38   [GPU] 500,070 evals (3365 batches, avg 149/batch = 29% of 512, 6664 evals/s, 433 msg/s, 15.4 leaves/msg, 75s)
2026-07-29 18:18:45   [GPU] 550,107 evals (3680 batches, avg 149/batch = 29% of 512, 6764 evals/s, 439 msg/s, 15.4 leaves/msg, 81s)
2026-07-29 18:18:50   [GPU] 600,048 evals (3994 batches, avg 150/batch = 29% of 512, 6872 evals/s, 446 msg/s, 15.4 leaves/msg, 87s)
2026-07-29 18:18:56   [GPU] 650,063 evals (4310 batches, avg 151/batch = 29% of 512, 7004 evals/s, 455 msg/s, 15.4 leaves/msg, 93s)
2026-07-29 18:19:01   [GPU] 700,120 evals (4616 batches, avg 152/batch = 30% of 512, 7190 evals/s, 467 msg/s, 15.4 leaves/msg, 97s)
2026-07-29 18:19:05   [GPU] 750,056 evals (4933 batches, avg 152/batch = 30% of 512, 7352 evals/s, 478 msg/s, 15.4 leaves/msg, 102s)
2026-07-29 18:19:10   [GPU] 800,041 evals (5259 batches, avg 152/batch = 30% of 512, 7485 evals/s, 487 msg/s, 15.4 leaves/msg, 107s)
2026-07-29 18:19:15   [GPU] 850,052 evals (5584 batches, avg 152/batch = 30% of 512, 7609 evals/s, 496 msg/s, 15.3 leaves/msg, 112s)
2026-07-29 18:19:20   [GPU] 900,136 evals (5916 batches, avg 152/batch = 30% of 512, 7720 evals/s, 504 msg/s, 15.3 leaves/msg, 117s)
2026-07-29 18:19:25   [GPU] 950,075 evals (6250 batches, avg 152/batch = 30% of 512, 7822 evals/s, 512 msg/s, 15.3 leaves/msg, 121s)
2026-07-29 18:19:29   [GPU] 1,000,102 evals (6584 batches, avg 152/batch = 30% of 512, 7923 evals/s, 520 msg/s, 15.2 leaves/msg, 126s)
2026-07-29 18:19:34   [GPU] 1,050,150 evals (6918 batches, avg 152/batch = 30% of 512, 8022 evals/s, 527 msg/s, 15.2 leaves/msg, 131s)
2026-07-29 18:19:39   [GPU] 1,100,001 evals (7239 batches, avg 152/batch = 30% of 512, 8121 evals/s, 535 msg/s, 15.2 leaves/msg, 135s)
2026-07-29 18:19:43   [GPU] 1,150,009 evals (7567 batches, avg 152/batch = 30% of 512, 8207 evals/s, 542 msg/s, 15.2 leaves/msg, 140s)
2026-07-29 18:19:48   [GPU] 1,200,066 evals (7895 batches, avg 152/batch = 30% of 512, 8291 evals/s, 548 msg/s, 15.1 leaves/msg, 145s)
2026-07-29 18:19:53   [GPU] 1,250,144 evals (8232 batches, avg 152/batch = 30% of 512, 8361 evals/s, 554 msg/s, 15.1 leaves/msg, 150s)
2026-07-29 18:19:57   [GPU] 1,300,158 evals (8567 batches, avg 152/batch = 30% of 512, 8429 evals/s, 559 msg/s, 15.1 leaves/msg, 154s)
2026-07-29 18:20:02   [GPU] 1,350,146 evals (8906 batches, avg 152/batch = 30% of 512, 8484 evals/s, 563 msg/s, 15.1 leaves/msg, 159s)
2026-07-29 18:20:07   [GPU] 1,400,068 evals (9248 batches, avg 151/batch = 30% of 512, 8540 evals/s, 568 msg/s, 15.0 leaves/msg, 164s)
2026-07-29 18:20:12   [GPU] 1,450,042 evals (9586 batches, avg 151/batch = 30% of 512, 8594 evals/s, 572 msg/s, 15.0 leaves/msg, 169s)
2026-07-29 18:20:17   [GPU] 1,500,205 evals (9921 batches, avg 151/batch = 30% of 512, 8648 evals/s, 577 msg/s, 15.0 leaves/msg, 173s)
2026-07-29 18:20:21   [GPU] 1,550,141 evals (10254 batches, avg 151/batch = 30% of 512, 8695 evals/s, 581 msg/s, 15.0 leaves/msg, 178s)
2026-07-29 18:20:26   [GPU] 1,600,167 evals (10592 batches, avg 151/batch = 30% of 512, 8746 evals/s, 586 msg/s, 14.9 leaves/msg, 183s)
2026-07-29 18:20:31   [GPU] 1,650,017 evals (10938 batches, avg 151/batch = 29% of 512, 8787 evals/s, 590 msg/s, 14.9 leaves/msg, 188s)
2026-07-29 18:20:36   [GPU] 1,700,021 evals (11277 batches, avg 151/batch = 29% of 512, 8827 evals/s, 594 msg/s, 14.9 leaves/msg, 193s)
2026-07-29 18:20:41   [GPU] 1,750,198 evals (11626 batches, avg 151/batch = 29% of 512, 8866 evals/s, 598 msg/s, 14.8 leaves/msg, 197s)
2026-07-29 18:20:45   [GPU] 1,800,086 evals (11981 batches, avg 150/batch = 29% of 512, 8900 evals/s, 602 msg/s, 14.8 leaves/msg, 202s)
2026-07-29 18:20:51   [GPU] 1,850,085 evals (12338 batches, avg 150/batch = 29% of 512, 8923 evals/s, 607 msg/s, 14.7 leaves/msg, 207s)
2026-07-29 18:20:55 [iter 34/70] self-play: 5/70 games...
2026-07-29 18:20:56   [GPU] 1,900,073 evals (12699 batches, avg 150/batch = 29% of 512, 8941 evals/s, 611 msg/s, 14.6 leaves/msg, 213s)
2026-07-29 18:21:00 [iter 34/70] self-play: 10/70 games...
2026-07-29 18:21:01   [GPU] 1,950,171 evals (13062 batches, avg 149/batch = 29% of 512, 8962 evals/s, 616 msg/s, 14.6 leaves/msg, 218s)
2026-07-29 18:21:06   [GPU] 2,000,114 evals (13408 batches, avg 149/batch = 29% of 512, 8987 evals/s, 620 msg/s, 14.5 leaves/msg, 223s)
2026-07-29 18:21:11 [iter 34/70] self-play: 15/70 games...
2026-07-29 18:21:11   [GPU] 2,050,088 evals (13770 batches, avg 149/batch = 29% of 512, 9006 evals/s, 624 msg/s, 14.4 leaves/msg, 228s)
2026-07-29 18:21:16   [GPU] 2,100,042 evals (14136 batches, avg 149/batch = 29% of 512, 9025 evals/s, 629 msg/s, 14.4 leaves/msg, 233s)
2026-07-29 18:21:19 [iter 34/70] self-play: 20/70 games...
2026-07-29 18:21:21   [GPU] 2,150,075 evals (14516 batches, avg 148/batch = 29% of 512, 9030 evals/s, 633 msg/s, 14.3 leaves/msg, 238s)
2026-07-29 18:21:25 [iter 34/70] self-play: 25/70 games...
2026-07-29 18:21:27   [GPU] 2,200,049 evals (14897 batches, avg 148/batch = 29% of 512, 9033 evals/s, 637 msg/s, 14.2 leaves/msg, 244s)
2026-07-29 18:21:27 [iter 34/70] self-play: 30/70 games...
2026-07-29 18:21:32   [GPU] 2,250,133 evals (15266 batches, avg 147/batch = 29% of 512, 9045 evals/s, 641 msg/s, 14.1 leaves/msg, 249s)
2026-07-29 18:21:34 [iter 34/70] self-play: 35/70 games...
2026-07-29 18:21:37   [GPU] 2,300,132 evals (15623 batches, avg 147/batch = 29% of 512, 9062 evals/s, 645 msg/s, 14.1 leaves/msg, 254s)
2026-07-29 18:21:40 [iter 34/70] self-play: 40/70 games...
2026-07-29 18:21:42   [GPU] 2,350,008 evals (15983 batches, avg 147/batch = 29% of 512, 9081 evals/s, 648 msg/s, 14.0 leaves/msg, 259s)
2026-07-29 18:21:47   [GPU] 2,400,160 evals (16366 batches, avg 147/batch = 29% of 512, 9091 evals/s, 652 msg/s, 13.9 leaves/msg, 264s)
2026-07-29 18:21:47 [iter 34/70] self-play: 45/70 games...
2026-07-29 18:21:50 [iter 34/70] self-play: 50/70 games...
2026-07-29 18:21:53   [GPU] 2,450,057 evals (16831 batches, avg 146/batch = 28% of 512, 9075 evals/s, 655 msg/s, 13.9 leaves/msg, 270s)
2026-07-29 18:21:55 [iter 34/70] self-play: 55/70 games...
2026-07-29 18:22:00   [GPU] 2,500,079 evals (17402 batches, avg 144/batch = 28% of 512, 9037 evals/s, 654 msg/s, 13.8 leaves/msg, 277s)
2026-07-29 18:22:06   [GPU] 2,550,023 evals (17957 batches, avg 142/batch = 28% of 512, 9013 evals/s, 652 msg/s, 13.8 leaves/msg, 283s)
2026-07-29 18:22:12   [GPU] 2,600,002 evals (18515 batches, avg 140/batch = 27% of 512, 8987 evals/s, 650 msg/s, 13.8 leaves/msg, 289s)
2026-07-29 18:22:19   [GPU] 2,650,033 evals (19074 batches, avg 139/batch = 27% of 512, 8964 evals/s, 648 msg/s, 13.8 leaves/msg, 296s)
2026-07-29 18:22:26   [GPU] 2,700,098 evals (19677 batches, avg 137/batch = 27% of 512, 8928 evals/s, 646 msg/s, 13.8 leaves/msg, 302s)
2026-07-29 18:22:30 [iter 34/70] self-play: 60/70 games...
2026-07-29 18:22:33   [GPU] 2,750,051 evals (20327 batches, avg 135/batch = 26% of 512, 8880 evals/s, 643 msg/s, 13.8 leaves/msg, 310s)
2026-07-29 18:22:40   [GPU] 2,800,008 evals (21041 batches, avg 133/batch = 26% of 512, 8827 evals/s, 640 msg/s, 13.8 leaves/msg, 317s)
2026-07-29 18:22:50   [GPU] 2,850,004 evals (21980 batches, avg 130/batch = 25% of 512, 8719 evals/s, 633 msg/s, 13.8 leaves/msg, 327s)
2026-07-29 18:22:54 [iter 34/70] self-play: 65/70 games...
2026-07-29 18:23:07   [GPU] 2,900,010 evals (23659 batches, avg 123/batch = 24% of 512, 8433 evals/s, 614 msg/s, 13.7 leaves/msg, 344s)
2026-07-29 18:23:32   [GPU] 2,950,006 evals (25858 batches, avg 114/batch = 22% of 512, 7996 evals/s, 584 msg/s, 13.7 leaves/msg, 369s)
2026-07-29 18:24:24 [iter 34/70] self-play: 70/70 games...
2026-07-29 18:24:25 [iter 34/70] self-play done: 70 games (424s) | wins: P0=36, P2=16, P3=15, draw=3 | draw_rate=4% avg_len~70
2026-07-29 18:24:25 [iter 34/70] training (600 steps, lr=5.90e-04)...
2026-07-29 18:24:35 [iter 34/70] training done: loss_p=1.680 loss_v=0.043 (10s)
2026-07-29 18:24:35 [iter 34/70] eval skipped (eval_every=5)
2026-07-29 18:24:35 >>> iter 34 | loss_p=1.680 loss_v=0.043 | vs_best=n/a (not evaluated) | vs_rand=n/a | draw=4% | buf=321132 | sp=424s train=10s eval_best=0s eval_rand=0s | total=434s
2026-07-29 18:24:35 [iter 35/70] self-play starting (70 games, 600 sims)...
2026-07-29 18:24:37 [PARALLEL-MP] 64 workers spawned (70 games, sims=600), GPU batcher starting...
2026-07-29 18:24:50   [GPU] 50,016 evals (368 batches, avg 136/batch = 27% of 512, 3874 evals/s, 254 msg/s, 15.3 leaves/msg, 13s)
2026-07-29 18:24:58   [GPU] 100,128 evals (695 batches, avg 144/batch = 28% of 512, 4884 evals/s, 317 msg/s, 15.4 leaves/msg, 21s)
2026-07-29 18:25:05   [GPU] 150,080 evals (1050 batches, avg 143/batch = 28% of 512, 5301 evals/s, 344 msg/s, 15.4 leaves/msg, 28s)
2026-07-29 18:25:13   [GPU] 200,006 evals (1401 batches, avg 143/batch = 28% of 512, 5596 evals/s, 364 msg/s, 15.4 leaves/msg, 36s)
2026-07-29 18:25:20   [GPU] 250,000 evals (1733 batches, avg 144/batch = 28% of 512, 5797 evals/s, 376 msg/s, 15.4 leaves/msg, 43s)
2026-07-29 18:25:27   [GPU] 300,057 evals (2062 batches, avg 146/batch = 28% of 512, 5958 evals/s, 387 msg/s, 15.4 leaves/msg, 50s)
2026-07-29 18:25:35   [GPU] 350,191 evals (2387 batches, avg 147/batch = 29% of 512, 6069 evals/s, 394 msg/s, 15.4 leaves/msg, 58s)
2026-07-29 18:25:42   [GPU] 400,060 evals (2721 batches, avg 147/batch = 29% of 512, 6192 evals/s, 402 msg/s, 15.4 leaves/msg, 65s)
2026-07-29 18:25:48   [GPU] 450,115 evals (3045 batches, avg 148/batch = 29% of 512, 6312 evals/s, 410 msg/s, 15.4 leaves/msg, 71s)
2026-07-29 18:25:55   [GPU] 500,058 evals (3359 batches, avg 149/batch = 29% of 512, 6425 evals/s, 417 msg/s, 15.4 leaves/msg, 78s)
2026-07-29 18:26:01   [GPU] 550,028 evals (3690 batches, avg 149/batch = 29% of 512, 6540 evals/s, 425 msg/s, 15.4 leaves/msg, 84s)
2026-07-29 18:26:07   [GPU] 600,054 evals (4003 batches, avg 150/batch = 29% of 512, 6664 evals/s, 433 msg/s, 15.4 leaves/msg, 90s)
2026-07-29 18:26:13   [GPU] 650,070 evals (4315 batches, avg 151/batch = 29% of 512, 6789 evals/s, 441 msg/s, 15.4 leaves/msg, 96s)
2026-07-29 18:26:17   [GPU] 700,158 evals (4628 batches, avg 151/batch = 30% of 512, 6979 evals/s, 453 msg/s, 15.4 leaves/msg, 100s)
2026-07-29 18:26:22   [GPU] 750,146 evals (4963 batches, avg 151/batch = 30% of 512, 7124 evals/s, 463 msg/s, 15.4 leaves/msg, 105s)
2026-07-29 18:26:27   [GPU] 800,048 evals (5303 batches, avg 151/batch = 29% of 512, 7254 evals/s, 473 msg/s, 15.3 leaves/msg, 110s)
2026-07-29 18:26:32   [GPU] 850,045 evals (5636 batches, avg 151/batch = 29% of 512, 7382 evals/s, 482 msg/s, 15.3 leaves/msg, 115s)
2026-07-29 18:26:37   [GPU] 900,113 evals (5959 batches, avg 151/batch = 30% of 512, 7509 evals/s, 491 msg/s, 15.3 leaves/msg, 120s)
2026-07-29 18:26:42   [GPU] 950,169 evals (6299 batches, avg 151/batch = 29% of 512, 7620 evals/s, 500 msg/s, 15.2 leaves/msg, 125s)
2026-07-29 18:26:46   [GPU] 1,000,120 evals (6629 batches, avg 151/batch = 29% of 512, 7730 evals/s, 508 msg/s, 15.2 leaves/msg, 129s)
2026-07-29 18:26:51   [GPU] 1,050,066 evals (6955 batches, avg 151/batch = 29% of 512, 7829 evals/s, 516 msg/s, 15.2 leaves/msg, 134s)
2026-07-29 18:26:56   [GPU] 1,100,066 evals (7274 batches, avg 151/batch = 30% of 512, 7930 evals/s, 523 msg/s, 15.2 leaves/msg, 139s)
2026-07-29 18:27:00   [GPU] 1,150,072 evals (7598 batches, avg 151/batch = 30% of 512, 8020 evals/s, 530 msg/s, 15.1 leaves/msg, 143s)
2026-07-29 18:27:05   [GPU] 1,200,058 evals (7915 batches, avg 152/batch = 30% of 512, 8110 evals/s, 537 msg/s, 15.1 leaves/msg, 148s)
2026-07-29 18:27:10   [GPU] 1,250,100 evals (8233 batches, avg 152/batch = 30% of 512, 8196 evals/s, 543 msg/s, 15.1 leaves/msg, 153s)
2026-07-29 18:27:14   [GPU] 1,300,107 evals (8560 batches, avg 152/batch = 30% of 512, 8272 evals/s, 549 msg/s, 15.1 leaves/msg, 157s)
2026-07-29 18:27:19   [GPU] 1,350,068 evals (8892 batches, avg 152/batch = 30% of 512, 8345 evals/s, 555 msg/s, 15.0 leaves/msg, 162s)
2026-07-29 18:27:24   [GPU] 1,400,098 evals (9229 batches, avg 152/batch = 30% of 512, 8407 evals/s, 560 msg/s, 15.0 leaves/msg, 167s)
2026-07-29 18:27:28   [GPU] 1,450,044 evals (9553 batches, avg 152/batch = 30% of 512, 8476 evals/s, 566 msg/s, 15.0 leaves/msg, 171s)
2026-07-29 18:27:33   [GPU] 1,500,065 evals (9885 batches, avg 152/batch = 30% of 512, 8535 evals/s, 571 msg/s, 15.0 leaves/msg, 176s)
2026-07-29 18:27:37   [GPU] 1,550,128 evals (10219 batches, avg 152/batch = 30% of 512, 8592 evals/s, 576 msg/s, 14.9 leaves/msg, 180s)
2026-07-29 18:27:42   [GPU] 1,600,060 evals (10550 batches, avg 152/batch = 30% of 512, 8639 evals/s, 580 msg/s, 14.9 leaves/msg, 185s)
2026-07-29 18:27:47   [GPU] 1,650,070 evals (10885 batches, avg 152/batch = 30% of 512, 8689 evals/s, 585 msg/s, 14.9 leaves/msg, 190s)
2026-07-29 18:27:52   [GPU] 1,700,056 evals (11226 batches, avg 151/batch = 30% of 512, 8733 evals/s, 589 msg/s, 14.8 leaves/msg, 195s)
2026-07-29 18:27:57   [GPU] 1,750,095 evals (11561 batches, avg 151/batch = 30% of 512, 8775 evals/s, 593 msg/s, 14.8 leaves/msg, 199s)
2026-07-29 18:28:01   [GPU] 1,800,094 evals (11905 batches, avg 151/batch = 30% of 512, 8809 evals/s, 597 msg/s, 14.8 leaves/msg, 204s)
2026-07-29 18:28:06   [GPU] 1,850,140 evals (12245 batches, avg 151/batch = 30% of 512, 8842 evals/s, 601 msg/s, 14.7 leaves/msg, 209s)
2026-07-29 18:28:11   [GPU] 1,900,124 evals (12590 batches, avg 151/batch = 29% of 512, 8871 evals/s, 606 msg/s, 14.6 leaves/msg, 214s)
2026-07-29 18:28:16 [iter 35/70] self-play: 5/70 games...
2026-07-29 18:28:16   [GPU] 1,950,047 evals (12954 batches, avg 151/batch = 29% of 512, 8891 evals/s, 610 msg/s, 14.6 leaves/msg, 219s)
2026-07-29 18:28:22   [GPU] 2,000,062 evals (13316 batches, avg 150/batch = 29% of 512, 8905 evals/s, 615 msg/s, 14.5 leaves/msg, 225s)
2026-07-29 18:28:22 [iter 35/70] self-play: 10/70 games...
2026-07-29 18:28:27   [GPU] 2,050,063 evals (13685 batches, avg 150/batch = 29% of 512, 8918 evals/s, 620 msg/s, 14.4 leaves/msg, 230s)
2026-07-29 18:28:28 [iter 35/70] self-play: 15/70 games...
2026-07-29 18:28:32   [GPU] 2,100,011 evals (14065 batches, avg 149/batch = 29% of 512, 8924 evals/s, 625 msg/s, 14.3 leaves/msg, 235s)
2026-07-29 18:28:35 [iter 35/70] self-play: 20/70 games...
2026-07-29 18:28:38   [GPU] 2,150,090 evals (14456 batches, avg 149/batch = 29% of 512, 8930 evals/s, 630 msg/s, 14.2 leaves/msg, 241s)
2026-07-29 18:28:40 [iter 35/70] self-play: 25/70 games...
2026-07-29 18:28:43   [GPU] 2,200,003 evals (14842 batches, avg 148/batch = 29% of 512, 8937 evals/s, 634 msg/s, 14.1 leaves/msg, 246s)
2026-07-29 18:28:43 [iter 35/70] self-play: 30/70 games...
2026-07-29 18:28:48   [GPU] 2,250,012 evals (15211 batches, avg 148/batch = 29% of 512, 8952 evals/s, 638 msg/s, 14.0 leaves/msg, 251s)
2026-07-29 18:28:51 [iter 35/70] self-play: 35/70 games...
2026-07-29 18:28:54   [GPU] 2,300,158 evals (15588 batches, avg 148/batch = 29% of 512, 8958 evals/s, 642 msg/s, 14.0 leaves/msg, 257s)
2026-07-29 18:28:54 [iter 35/70] self-play: 40/70 games...
2026-07-29 18:28:59   [GPU] 2,350,161 evals (15940 batches, avg 147/batch = 29% of 512, 8980 evals/s, 646 msg/s, 13.9 leaves/msg, 262s)
2026-07-29 18:29:01 [iter 35/70] self-play: 45/70 games...
2026-07-29 18:29:04   [GPU] 2,400,042 evals (16311 batches, avg 147/batch = 29% of 512, 8994 evals/s, 649 msg/s, 13.9 leaves/msg, 267s)
2026-07-29 18:29:08 [iter 35/70] self-play: 50/70 games...
2026-07-29 18:29:10   [GPU] 2,450,095 evals (16727 batches, avg 146/batch = 29% of 512, 8993 evals/s, 651 msg/s, 13.8 leaves/msg, 272s)
2026-07-29 18:29:15   [GPU] 2,500,052 evals (17195 batches, avg 145/batch = 28% of 512, 8980 evals/s, 652 msg/s, 13.8 leaves/msg, 278s)
2026-07-29 18:29:17 [iter 35/70] self-play: 55/70 games...
2026-07-29 18:29:22   [GPU] 2,550,067 evals (17685 batches, avg 144/batch = 28% of 512, 8960 evals/s, 650 msg/s, 13.8 leaves/msg, 285s)
2026-07-29 18:29:27   [GPU] 2,600,084 evals (18139 batches, avg 143/batch = 28% of 512, 8953 evals/s, 649 msg/s, 13.8 leaves/msg, 290s)
2026-07-29 18:29:33   [GPU] 2,650,104 evals (18575 batches, avg 143/batch = 28% of 512, 8950 evals/s, 649 msg/s, 13.8 leaves/msg, 296s)
2026-07-29 18:29:39   [GPU] 2,700,130 evals (19019 batches, avg 142/batch = 28% of 512, 8947 evals/s, 648 msg/s, 13.8 leaves/msg, 302s)
2026-07-29 18:29:45   [GPU] 2,750,004 evals (19481 batches, avg 141/batch = 28% of 512, 8937 evals/s, 648 msg/s, 13.8 leaves/msg, 308s)
2026-07-29 18:29:51   [GPU] 2,800,062 evals (19968 batches, avg 140/batch = 27% of 512, 8924 evals/s, 647 msg/s, 13.8 leaves/msg, 314s)
2026-07-29 18:29:58   [GPU] 2,850,041 evals (20535 batches, avg 139/batch = 27% of 512, 8890 evals/s, 646 msg/s, 13.8 leaves/msg, 321s)
2026-07-29 18:30:02 [iter 35/70] self-play: 60/70 games...
2026-07-29 18:30:06   [GPU] 2,900,030 evals (21236 batches, avg 137/batch = 27% of 512, 8817 evals/s, 642 msg/s, 13.7 leaves/msg, 329s)
2026-07-29 18:30:16   [GPU] 2,950,011 evals (22166 batches, avg 133/batch = 26% of 512, 8694 evals/s, 635 msg/s, 13.7 leaves/msg, 339s)
2026-07-29 18:30:18 [iter 35/70] self-play: 65/70 games...
2026-07-29 18:30:30   [GPU] 3,000,041 evals (23509 batches, avg 128/batch = 25% of 512, 8492 evals/s, 621 msg/s, 13.7 leaves/msg, 353s)
2026-07-29 18:30:44   [GPU] 3,050,025 evals (24837 batches, avg 123/batch = 24% of 512, 8310 evals/s, 607 msg/s, 13.7 leaves/msg, 367s)
2026-07-29 18:30:55 [iter 35/70] self-play: 70/70 games...
2026-07-29 18:30:56 [iter 35/70] self-play done: 70 games (381s) | wins: P0=27, P2=14, P3=25, draw=4 | draw_rate=6% avg_len~70
2026-07-29 18:30:56 [iter 35/70] training (600 steps, lr=5.70e-04)...
2026-07-29 18:31:06 [iter 35/70] training done: loss_p=1.676 loss_v=0.045 (10s)
2026-07-29 18:31:06 [iter 35/70] eval vs best (80 games, 200 sims)...
2026-07-29 18:31:09 [EVAL-MP] 64 workers spawned (80 vs_best games, sims=200), GPU batcher starting...
2026-07-29 18:31:21   [GPU] 50,000 evals (358 batches, avg 140/batch = 27% of 512, 4155 evals/s, 289 msg/s, 14.4 leaves/msg, 12s)
2026-07-29 18:31:28   [GPU] 100,079 evals (695 batches, avg 144/batch = 28% of 512, 5284 evals/s, 369 msg/s, 14.3 leaves/msg, 19s)
2026-07-29 18:31:34   [GPU] 150,075 evals (1031 batches, avg 146/batch = 28% of 512, 5840 evals/s, 407 msg/s, 14.3 leaves/msg, 26s)
2026-07-29 18:31:41   [GPU] 200,198 evals (1363 batches, avg 147/batch = 29% of 512, 6229 evals/s, 434 msg/s, 14.3 leaves/msg, 32s)
2026-07-29 18:31:47   [GPU] 250,064 evals (1681 batches, avg 149/batch = 29% of 512, 6589 evals/s, 459 msg/s, 14.3 leaves/msg, 38s)
2026-07-29 18:31:52   [GPU] 300,022 evals (1993 batches, avg 151/batch = 29% of 512, 6885 evals/s, 480 msg/s, 14.3 leaves/msg, 44s)
2026-07-29 18:31:58   [GPU] 350,166 evals (2328 batches, avg 150/batch = 29% of 512, 7104 evals/s, 495 msg/s, 14.3 leaves/msg, 49s)
2026-07-29 18:32:04   [GPU] 400,161 evals (2654 batches, avg 151/batch = 29% of 512, 7272 evals/s, 507 msg/s, 14.3 leaves/msg, 55s)
2026-07-29 18:32:04 [iter 35/70] eval vs best: 5/80 games (57s, cand 0%)
2026-07-29 18:32:05 [iter 35/70] eval vs best: 10/80 games (58s, cand 0%)
2026-07-29 18:32:05 [iter 35/70] eval vs best: 15/80 games (59s, cand 0%)
2026-07-29 18:32:08 [iter 35/70] eval vs best: 20/80 games (62s, cand 0%)
2026-07-29 18:32:09   [GPU] 450,078 evals (2978 batches, avg 151/batch = 30% of 512, 7411 evals/s, 518 msg/s, 14.3 leaves/msg, 61s)
2026-07-29 18:32:10 [iter 35/70] eval vs best: 25/80 games (63s, cand 0%)
2026-07-29 18:32:12 [iter 35/70] eval vs best: 30/80 games (66s, cand 0%)
2026-07-29 18:32:15 [iter 35/70] eval vs best: 35/80 games (69s, cand 0%)
2026-07-29 18:32:15   [GPU] 500,001 evals (3316 batches, avg 151/batch = 29% of 512, 7502 evals/s, 526 msg/s, 14.3 leaves/msg, 67s)
2026-07-29 18:32:17 [iter 35/70] eval vs best: 40/80 games (71s, cand 0%)
2026-07-29 18:32:22   [GPU] 550,079 evals (3717 batches, avg 148/batch = 29% of 512, 7517 evals/s, 528 msg/s, 14.2 leaves/msg, 73s)
2026-07-29 18:32:23 [iter 35/70] eval vs best: 45/80 games (77s, cand 4%)
2026-07-29 18:32:29   [GPU] 600,065 evals (4159 batches, avg 144/batch = 28% of 512, 7492 evals/s, 527 msg/s, 14.2 leaves/msg, 80s)
2026-07-29 18:32:36   [GPU] 650,107 evals (4600 batches, avg 141/batch = 28% of 512, 7474 evals/s, 527 msg/s, 14.2 leaves/msg, 87s)
2026-07-29 18:32:41 [iter 35/70] eval vs best: 50/80 games (95s, cand 8%)
2026-07-29 18:32:43   [GPU] 700,149 evals (5113 batches, avg 137/batch = 27% of 512, 7404 evals/s, 523 msg/s, 14.2 leaves/msg, 95s)
2026-07-29 18:32:50 [iter 35/70] eval vs best: 55/80 games (103s, cand 7%)
2026-07-29 18:32:52   [GPU] 750,025 evals (5737 batches, avg 131/batch = 26% of 512, 7267 evals/s, 514 msg/s, 14.1 leaves/msg, 103s)
2026-07-29 18:33:01   [GPU] 800,014 evals (6424 batches, avg 125/batch = 24% of 512, 7092 evals/s, 503 msg/s, 14.1 leaves/msg, 113s)
2026-07-29 18:33:11   [GPU] 850,047 evals (7154 batches, avg 119/batch = 23% of 512, 6931 evals/s, 492 msg/s, 14.1 leaves/msg, 123s)
2026-07-29 18:33:22   [GPU] 900,035 evals (7977 batches, avg 113/batch = 22% of 512, 6735 evals/s, 478 msg/s, 14.1 leaves/msg, 134s)
2026-07-29 18:33:34   [GPU] 950,068 evals (8864 batches, avg 107/batch = 21% of 512, 6551 evals/s, 465 msg/s, 14.1 leaves/msg, 145s)
2026-07-29 18:33:44 [iter 35/70] eval vs best: 60/80 games (158s, cand 7%)
2026-07-29 18:33:45   [GPU] 1,000,030 evals (9752 batches, avg 103/batch = 20% of 512, 6394 evals/s, 454 msg/s, 14.1 leaves/msg, 156s)
2026-07-29 18:34:00   [GPU] 1,050,035 evals (10906 batches, avg 96/batch = 19% of 512, 6131 evals/s, 435 msg/s, 14.1 leaves/msg, 171s)
2026-07-29 18:34:16   [GPU] 1,100,011 evals (12164 batches, avg 90/batch = 18% of 512, 5871 evals/s, 417 msg/s, 14.1 leaves/msg, 187s)
2026-07-29 18:34:17 [iter 35/70] eval vs best: 65/80 games (190s, cand 7%)
2026-07-29 18:34:28 [iter 35/70] eval vs best: 70/80 games (202s, cand 7%)
2026-07-29 18:34:37   [GPU] 1,150,046 evals (13810 batches, avg 83/batch = 16% of 512, 5514 evals/s, 391 msg/s, 14.1 leaves/msg, 209s)
2026-07-29 18:34:47 [iter 35/70] eval vs best: 75/80 games (221s, cand 9%)
2026-07-29 18:35:17   [GPU] 1,200,012 evals (16188 batches, avg 74/batch = 14% of 512, 4830 evals/s, 343 msg/s, 14.1 leaves/msg, 248s)
2026-07-29 18:37:16 [iter 35/70] eval vs best: 80/80 games (369s, cand 10%)
2026-07-29 18:37:16 [iter 35/70] eval vs best done: 9.8% of 61 decided reject (370s)
2026-07-29 18:37:16 [iter 35/70] eval vs random (40 games, 200 sims)...
2026-07-29 18:37:17 [EVAL-MP] 40 workers spawned (40 vs_random games, sims=200), GPU batcher starting...
2026-07-29 18:37:26   [GPU] 50,112 evals (427 batches, avg 117/batch = 23% of 512, 5321 evals/s, 382 msg/s, 13.9 leaves/msg, 9s)
2026-07-29 18:37:32   [GPU] 100,015 evals (775 batches, avg 129/batch = 25% of 512, 6784 evals/s, 521 msg/s, 13.0 leaves/msg, 15s)
2026-07-29 18:37:32 [iter 35/70] eval vs random: 5/40 games (16s, cand 100%)
2026-07-29 18:37:34 [iter 35/70] eval vs random: 10/40 games (18s, cand 100%)
2026-07-29 18:37:35 [iter 35/70] eval vs random: 15/40 games (19s, cand 100%)
2026-07-29 18:37:37   [GPU] 150,009 evals (1142 batches, avg 131/batch = 26% of 512, 7528 evals/s, 604 msg/s, 12.5 leaves/msg, 20s)
2026-07-29 18:37:42   [GPU] 200,081 evals (1517 batches, avg 132/batch = 26% of 512, 7936 evals/s, 650 msg/s, 12.2 leaves/msg, 25s)
2026-07-29 18:37:46 [iter 35/70] eval vs random: 20/40 games (30s, cand 90%)
2026-07-29 18:37:47   [GPU] 250,064 evals (1894 batches, avg 132/batch = 26% of 512, 8230 evals/s, 682 msg/s, 12.1 leaves/msg, 30s)
2026-07-29 18:37:49 [iter 35/70] eval vs random: 25/40 games (33s, cand 90%)
2026-07-29 18:37:49 [iter 35/70] eval vs random: 30/40 games (33s, cand 86%)
2026-07-29 18:37:49 [iter 35/70] eval vs random: 35/40 games (33s, cand 86%)
2026-07-29 18:37:50 [iter 35/70] eval vs random: 40/40 games (34s, cand 86%)
2026-07-29 18:37:51 [iter 35/70] eval vs random done: 85.7% (35s)
2026-07-29 18:37:51 >>> iter 35 | loss_p=1.676 loss_v=0.045 | vs_best=9.8% reject | vs_rand=85.7% | draw=6% | buf=330934 | sp=381s train=10s eval_best=370s eval_rand=35s | total=796s
2026-07-29 18:37:51 [iter 36/70] self-play starting (70 games, 600 sims)...
2026-07-29 18:37:53 [PARALLEL-MP] 64 workers spawned (70 games, sims=600), GPU batcher starting...
2026-07-29 18:38:06   [GPU] 50,000 evals (374 batches, avg 134/batch = 26% of 512, 3904 evals/s, 256 msg/s, 15.3 leaves/msg, 13s)
2026-07-29 18:38:14   [GPU] 100,048 evals (715 batches, avg 140/batch = 27% of 512, 4901 evals/s, 318 msg/s, 15.4 leaves/msg, 20s)
2026-07-29 18:38:22   [GPU] 150,035 evals (1058 batches, avg 142/batch = 28% of 512, 5314 evals/s, 345 msg/s, 15.4 leaves/msg, 28s)
2026-07-29 18:38:29   [GPU] 200,147 evals (1392 batches, avg 144/batch = 28% of 512, 5631 evals/s, 366 msg/s, 15.4 leaves/msg, 36s)
2026-07-29 18:38:36   [GPU] 250,144 evals (1723 batches, avg 145/batch = 28% of 512, 5813 evals/s, 378 msg/s, 15.4 leaves/msg, 43s)
2026-07-29 18:38:44   [GPU] 300,171 evals (2055 batches, avg 146/batch = 29% of 512, 5960 evals/s, 387 msg/s, 15.4 leaves/msg, 50s)
2026-07-29 18:38:51   [GPU] 350,152 evals (2384 batches, avg 147/batch = 29% of 512, 6078 evals/s, 395 msg/s, 15.4 leaves/msg, 58s)
2026-07-29 18:38:58   [GPU] 400,001 evals (2712 batches, avg 147/batch = 29% of 512, 6196 evals/s, 402 msg/s, 15.4 leaves/msg, 65s)
2026-07-29 18:39:05   [GPU] 450,199 evals (3033 batches, avg 148/batch = 29% of 512, 6296 evals/s, 409 msg/s, 15.4 leaves/msg, 72s)
2026-07-29 18:39:11   [GPU] 500,032 evals (3356 batches, avg 149/batch = 29% of 512, 6394 evals/s, 415 msg/s, 15.4 leaves/msg, 78s)
2026-07-29 18:39:18   [GPU] 550,116 evals (3678 batches, avg 150/batch = 29% of 512, 6501 evals/s, 422 msg/s, 15.4 leaves/msg, 85s)
2026-07-29 18:39:24   [GPU] 600,167 evals (3997 batches, avg 150/batch = 29% of 512, 6613 evals/s, 429 msg/s, 15.4 leaves/msg, 91s)
2026-07-29 18:39:30   [GPU] 650,040 evals (4309 batches, avg 151/batch = 29% of 512, 6735 evals/s, 437 msg/s, 15.4 leaves/msg, 97s)
2026-07-29 18:39:35   [GPU] 700,187 evals (4630 batches, avg 151/batch = 30% of 512, 6898 evals/s, 448 msg/s, 15.4 leaves/msg, 102s)
2026-07-29 18:39:40   [GPU] 750,122 evals (4952 batches, avg 151/batch = 30% of 512, 7058 evals/s, 459 msg/s, 15.4 leaves/msg, 106s)
2026-07-29 18:39:45   [GPU] 800,031 evals (5277 batches, avg 152/batch = 30% of 512, 7188 evals/s, 468 msg/s, 15.4 leaves/msg, 111s)
2026-07-29 18:39:49   [GPU] 850,068 evals (5611 batches, avg 152/batch = 30% of 512, 7322 evals/s, 478 msg/s, 15.3 leaves/msg, 116s)
2026-07-29 18:39:54   [GPU] 900,050 evals (5932 batches, avg 152/batch = 30% of 512, 7446 evals/s, 487 msg/s, 15.3 leaves/msg, 121s)
2026-07-29 18:39:59   [GPU] 950,056 evals (6263 batches, avg 152/batch = 30% of 512, 7555 evals/s, 495 msg/s, 15.3 leaves/msg, 126s)
2026-07-29 18:40:04   [GPU] 1,000,072 evals (6606 batches, avg 151/batch = 30% of 512, 7649 evals/s, 502 msg/s, 15.2 leaves/msg, 131s)
2026-07-29 18:40:09   [GPU] 1,050,158 evals (6945 batches, avg 151/batch = 30% of 512, 7737 evals/s, 509 msg/s, 15.2 leaves/msg, 136s)
2026-07-29 18:40:14   [GPU] 1,100,182 evals (7276 batches, avg 151/batch = 30% of 512, 7832 evals/s, 516 msg/s, 15.2 leaves/msg, 140s)
2026-07-29 18:40:19   [GPU] 1,150,037 evals (7612 batches, avg 151/batch = 30% of 512, 7918 evals/s, 523 msg/s, 15.1 leaves/msg, 145s)
2026-07-29 18:40:23   [GPU] 1,200,113 evals (7949 batches, avg 151/batch = 29% of 512, 7999 evals/s, 529 msg/s, 15.1 leaves/msg, 150s)
2026-07-29 18:40:28   [GPU] 1,250,051 evals (8290 batches, avg 151/batch = 29% of 512, 8082 evals/s, 536 msg/s, 15.1 leaves/msg, 155s)
2026-07-29 18:40:33   [GPU] 1,300,060 evals (8626 batches, avg 151/batch = 29% of 512, 8157 evals/s, 541 msg/s, 15.1 leaves/msg, 159s)
2026-07-29 18:40:37   [GPU] 1,350,145 evals (8974 batches, avg 150/batch = 29% of 512, 8228 evals/s, 547 msg/s, 15.0 leaves/msg, 164s)
2026-07-29 18:40:42   [GPU] 1,400,085 evals (9315 batches, avg 150/batch = 29% of 512, 8297 evals/s, 553 msg/s, 15.0 leaves/msg, 169s)
2026-07-29 18:40:47   [GPU] 1,450,022 evals (9650 batches, avg 150/batch = 29% of 512, 8365 evals/s, 558 msg/s, 15.0 leaves/msg, 173s)
2026-07-29 18:40:51   [GPU] 1,500,070 evals (9985 batches, avg 150/batch = 29% of 512, 8419 evals/s, 563 msg/s, 15.0 leaves/msg, 178s)
2026-07-29 18:40:56   [GPU] 1,550,018 evals (10317 batches, avg 150/batch = 29% of 512, 8472 evals/s, 567 msg/s, 14.9 leaves/msg, 183s)
2026-07-29 18:41:01   [GPU] 1,600,020 evals (10653 batches, avg 150/batch = 29% of 512, 8518 evals/s, 572 msg/s, 14.9 leaves/msg, 188s)
2026-07-29 18:41:06   [GPU] 1,650,022 evals (11000 batches, avg 150/batch = 29% of 512, 8565 evals/s, 577 msg/s, 14.9 leaves/msg, 193s)
2026-07-29 18:41:11   [GPU] 1,700,014 evals (11348 batches, avg 150/batch = 29% of 512, 8598 evals/s, 581 msg/s, 14.8 leaves/msg, 198s)
2026-07-29 18:41:16   [GPU] 1,750,096 evals (11708 batches, avg 149/batch = 29% of 512, 8628 evals/s, 586 msg/s, 14.7 leaves/msg, 203s)
2026-07-29 18:41:21   [GPU] 1,800,012 evals (12074 batches, avg 149/batch = 29% of 512, 8652 evals/s, 591 msg/s, 14.6 leaves/msg, 208s)
2026-07-29 18:41:26 [iter 36/70] self-play: 5/70 games...
2026-07-29 18:41:27   [GPU] 1,850,015 evals (12451 batches, avg 149/batch = 29% of 512, 8673 evals/s, 597 msg/s, 14.5 leaves/msg, 213s)
2026-07-29 18:41:32   [GPU] 1,900,058 evals (12838 batches, avg 148/batch = 29% of 512, 8691 evals/s, 601 msg/s, 14.5 leaves/msg, 219s)
2026-07-29 18:41:34 [iter 36/70] self-play: 10/70 games...
2026-07-29 18:41:37   [GPU] 1,950,023 evals (13209 batches, avg 148/batch = 29% of 512, 8709 evals/s, 607 msg/s, 14.4 leaves/msg, 224s)
2026-07-29 18:41:43   [GPU] 2,000,063 evals (13595 batches, avg 147/batch = 29% of 512, 8716 evals/s, 612 msg/s, 14.2 leaves/msg, 229s)
2026-07-29 18:41:43 [iter 36/70] self-play: 15/70 games...
2026-07-29 18:41:48 [iter 36/70] self-play: 20/70 games...
2026-07-29 18:41:48   [GPU] 2,050,005 evals (13982 batches, avg 147/batch = 29% of 512, 8727 evals/s, 619 msg/s, 14.1 leaves/msg, 235s)
2026-07-29 18:41:51 [iter 36/70] self-play: 25/70 games...
2026-07-29 18:41:54   [GPU] 2,100,005 evals (14371 batches, avg 146/batch = 29% of 512, 8735 evals/s, 625 msg/s, 14.0 leaves/msg, 240s)
2026-07-29 18:41:55 [iter 36/70] self-play: 30/70 games...
2026-07-29 18:41:58 [iter 36/70] self-play: 35/70 games...
2026-07-29 18:41:59   [GPU] 2,150,005 evals (14750 batches, avg 146/batch = 28% of 512, 8749 evals/s, 631 msg/s, 13.9 leaves/msg, 246s)
2026-07-29 18:42:00 [iter 36/70] self-play: 40/70 games...
2026-07-29 18:42:03 [iter 36/70] self-play: 45/70 games...
2026-07-29 18:42:04   [GPU] 2,200,035 evals (15129 batches, avg 145/batch = 28% of 512, 8763 evals/s, 635 msg/s, 13.8 leaves/msg, 251s)
2026-07-29 18:42:10   [GPU] 2,250,110 evals (15521 batches, avg 145/batch = 28% of 512, 8770 evals/s, 637 msg/s, 13.8 leaves/msg, 257s)
2026-07-29 18:42:12 [iter 36/70] self-play: 50/70 games...
2026-07-29 18:42:16   [GPU] 2,300,014 evals (15963 batches, avg 144/batch = 28% of 512, 8759 evals/s, 639 msg/s, 13.7 leaves/msg, 263s)
2026-07-29 18:42:23   [GPU] 2,350,015 evals (16549 batches, avg 142/batch = 28% of 512, 8709 evals/s, 637 msg/s, 13.7 leaves/msg, 270s)
2026-07-29 18:42:23 [iter 36/70] self-play: 55/70 games...
2026-07-29 18:42:30   [GPU] 2,400,054 evals (17168 batches, avg 140/batch = 27% of 512, 8658 evals/s, 633 msg/s, 13.7 leaves/msg, 277s)
2026-07-29 18:42:37   [GPU] 2,450,055 evals (17717 batches, avg 138/batch = 27% of 512, 8629 evals/s, 631 msg/s, 13.7 leaves/msg, 284s)
2026-07-29 18:42:44   [GPU] 2,500,057 evals (18231 batches, avg 137/batch = 27% of 512, 8613 evals/s, 629 msg/s, 13.7 leaves/msg, 290s)
2026-07-29 18:42:50   [GPU] 2,550,030 evals (18745 batches, avg 136/batch = 27% of 512, 8602 evals/s, 628 msg/s, 13.7 leaves/msg, 296s)
2026-07-29 18:42:56   [GPU] 2,600,005 evals (19260 batches, avg 135/batch = 26% of 512, 8589 evals/s, 626 msg/s, 13.7 leaves/msg, 303s)
2026-07-29 18:43:02   [GPU] 2,650,027 evals (19803 batches, avg 134/batch = 26% of 512, 8570 evals/s, 626 msg/s, 13.7 leaves/msg, 309s)
2026-07-29 18:43:06 [iter 36/70] self-play: 60/70 games...
2026-07-29 18:43:11   [GPU] 2,700,000 evals (20541 batches, avg 131/batch = 26% of 512, 8505 evals/s, 623 msg/s, 13.7 leaves/msg, 317s)
2026-07-29 18:43:21 [iter 36/70] self-play: 65/70 games...
2026-07-29 18:43:23   [GPU] 2,750,011 evals (21709 batches, avg 127/batch = 25% of 512, 8345 evals/s, 614 msg/s, 13.6 leaves/msg, 330s)
2026-07-29 18:43:45   [GPU] 2,800,010 evals (23641 batches, avg 118/batch = 23% of 512, 7964 evals/s, 586 msg/s, 13.6 leaves/msg, 352s)
2026-07-29 18:44:00 [iter 36/70] self-play: 70/70 games...
2026-07-29 18:44:00 [iter 36/70] self-play done: 70 games (369s) | wins: P0=35, P2=11, P3=21, draw=3 | draw_rate=4% avg_len~67
2026-07-29 18:44:00 [iter 36/70] training (600 steps, lr=5.50e-04)...
2026-07-29 18:44:11 [iter 36/70] training done: loss_p=1.687 loss_v=0.044 (10s)
2026-07-29 18:44:11 [iter 36/70] eval skipped (eval_every=5)
2026-07-29 18:44:11 >>> iter 36 | loss_p=1.687 loss_v=0.044 | vs_best=n/a (not evaluated) | vs_rand=n/a | draw=4% | buf=340278 | sp=369s train=10s eval_best=0s eval_rand=0s | total=380s
2026-07-29 18:44:11 [iter 37/70] self-play starting (70 games, 600 sims)...
2026-07-29 18:44:13 [PARALLEL-MP] 64 workers spawned (70 games, sims=600), GPU batcher starting...
2026-07-29 18:44:26   [GPU] 50,016 evals (373 batches, avg 134/batch = 26% of 512, 3840 evals/s, 252 msg/s, 15.3 leaves/msg, 13s)
2026-07-29 18:44:34   [GPU] 100,112 evals (715 batches, avg 140/batch = 27% of 512, 4879 evals/s, 317 msg/s, 15.4 leaves/msg, 21s)
2026-07-29 18:44:41   [GPU] 150,047 evals (1065 batches, avg 141/batch = 28% of 512, 5312 evals/s, 344 msg/s, 15.4 leaves/msg, 28s)
2026-07-29 18:44:49   [GPU] 200,085 evals (1399 batches, avg 143/batch = 28% of 512, 5633 evals/s, 367 msg/s, 15.4 leaves/msg, 36s)
2026-07-29 18:44:56   [GPU] 250,000 evals (1737 batches, avg 144/batch = 28% of 512, 5826 evals/s, 378 msg/s, 15.4 leaves/msg, 43s)
2026-07-29 18:45:03   [GPU] 300,178 evals (2067 batches, avg 145/batch = 28% of 512, 5986 evals/s, 388 msg/s, 15.4 leaves/msg, 50s)
2026-07-29 18:45:11   [GPU] 350,063 evals (2400 batches, avg 146/batch = 28% of 512, 6087 evals/s, 395 msg/s, 15.4 leaves/msg, 58s)
2026-07-29 18:45:18   [GPU] 400,123 evals (2724 batches, avg 147/batch = 29% of 512, 6194 evals/s, 402 msg/s, 15.4 leaves/msg, 65s)
2026-07-29 18:45:25   [GPU] 450,116 evals (3045 batches, avg 148/batch = 29% of 512, 6295 evals/s, 409 msg/s, 15.4 leaves/msg, 72s)
2026-07-29 18:45:31   [GPU] 500,004 evals (3368 batches, avg 148/batch = 29% of 512, 6392 evals/s, 415 msg/s, 15.4 leaves/msg, 78s)
2026-07-29 18:45:38   [GPU] 550,177 evals (3679 batches, avg 150/batch = 29% of 512, 6505 evals/s, 422 msg/s, 15.4 leaves/msg, 85s)
2026-07-29 18:45:44   [GPU] 600,094 evals (3990 batches, avg 150/batch = 29% of 512, 6615 evals/s, 429 msg/s, 15.4 leaves/msg, 91s)
2026-07-29 18:45:49   [GPU] 650,113 evals (4306 batches, avg 151/batch = 29% of 512, 6754 evals/s, 438 msg/s, 15.4 leaves/msg, 96s)
2026-07-29 18:45:54   [GPU] 700,102 evals (4608 batches, avg 152/batch = 30% of 512, 6936 evals/s, 450 msg/s, 15.4 leaves/msg, 101s)
2026-07-29 18:45:59   [GPU] 750,125 evals (4932 batches, avg 152/batch = 30% of 512, 7096 evals/s, 461 msg/s, 15.4 leaves/msg, 106s)
2026-07-29 18:46:04   [GPU] 800,111 evals (5260 batches, avg 152/batch = 30% of 512, 7239 evals/s, 471 msg/s, 15.4 leaves/msg, 111s)
2026-07-29 18:46:08   [GPU] 850,194 evals (5590 batches, avg 152/batch = 30% of 512, 7373 evals/s, 481 msg/s, 15.3 leaves/msg, 115s)
2026-07-29 18:46:13   [GPU] 900,082 evals (5918 batches, avg 152/batch = 30% of 512, 7493 evals/s, 491 msg/s, 15.3 leaves/msg, 120s)
2026-07-29 18:46:18   [GPU] 950,128 evals (6250 batches, avg 152/batch = 30% of 512, 7610 evals/s, 499 msg/s, 15.2 leaves/msg, 125s)
2026-07-29 18:46:23   [GPU] 1,000,011 evals (6584 batches, avg 152/batch = 30% of 512, 7710 evals/s, 507 msg/s, 15.2 leaves/msg, 130s)
2026-07-29 18:46:27   [GPU] 1,050,095 evals (6913 batches, avg 152/batch = 30% of 512, 7815 evals/s, 515 msg/s, 15.2 leaves/msg, 134s)
2026-07-29 18:46:32   [GPU] 1,100,011 evals (7245 batches, avg 152/batch = 30% of 512, 7911 evals/s, 522 msg/s, 15.2 leaves/msg, 139s)
2026-07-29 18:46:37   [GPU] 1,150,119 evals (7575 batches, avg 152/batch = 30% of 512, 8005 evals/s, 529 msg/s, 15.1 leaves/msg, 144s)
2026-07-29 18:46:41   [GPU] 1,200,149 evals (7898 batches, avg 152/batch = 30% of 512, 8093 evals/s, 536 msg/s, 15.1 leaves/msg, 148s)
2026-07-29 18:46:46   [GPU] 1,250,155 evals (8239 batches, avg 152/batch = 30% of 512, 8169 evals/s, 542 msg/s, 15.1 leaves/msg, 153s)
2026-07-29 18:46:51   [GPU] 1,300,111 evals (8572 batches, avg 152/batch = 30% of 512, 8242 evals/s, 548 msg/s, 15.0 leaves/msg, 158s)
2026-07-29 18:46:55   [GPU] 1,350,082 evals (8909 batches, avg 152/batch = 30% of 512, 8313 evals/s, 553 msg/s, 15.0 leaves/msg, 162s)
2026-07-29 18:47:00   [GPU] 1,400,069 evals (9237 batches, avg 152/batch = 30% of 512, 8378 evals/s, 559 msg/s, 15.0 leaves/msg, 167s)
2026-07-29 18:47:05   [GPU] 1,450,093 evals (9577 batches, avg 151/batch = 30% of 512, 8435 evals/s, 563 msg/s, 15.0 leaves/msg, 172s)
2026-07-29 18:47:10   [GPU] 1,500,161 evals (9911 batches, avg 151/batch = 30% of 512, 8501 evals/s, 569 msg/s, 15.0 leaves/msg, 176s)
2026-07-29 18:47:14   [GPU] 1,550,150 evals (10244 batches, avg 151/batch = 30% of 512, 8554 evals/s, 573 msg/s, 14.9 leaves/msg, 181s)
2026-07-29 18:47:19   [GPU] 1,600,088 evals (10570 batches, avg 151/batch = 30% of 512, 8610 evals/s, 578 msg/s, 14.9 leaves/msg, 186s)
2026-07-29 18:47:24   [GPU] 1,650,127 evals (10904 batches, avg 151/batch = 30% of 512, 8659 evals/s, 583 msg/s, 14.9 leaves/msg, 191s)
2026-07-29 18:47:28   [GPU] 1,700,111 evals (11243 batches, avg 151/batch = 30% of 512, 8703 evals/s, 587 msg/s, 14.8 leaves/msg, 195s)
2026-07-29 18:47:34   [GPU] 1,750,043 evals (11606 batches, avg 151/batch = 29% of 512, 8729 evals/s, 591 msg/s, 14.8 leaves/msg, 200s)
2026-07-29 18:47:39   [GPU] 1,800,021 evals (11962 batches, avg 150/batch = 29% of 512, 8761 evals/s, 595 msg/s, 14.7 leaves/msg, 205s)
2026-07-29 18:47:44   [GPU] 1,850,003 evals (12324 batches, avg 150/batch = 29% of 512, 8785 evals/s, 600 msg/s, 14.7 leaves/msg, 211s)
2026-07-29 18:47:49   [GPU] 1,900,194 evals (12685 batches, avg 150/batch = 29% of 512, 8807 evals/s, 605 msg/s, 14.6 leaves/msg, 216s)
2026-07-29 18:47:51 [iter 37/70] self-play: 5/70 games...
2026-07-29 18:47:54   [GPU] 1,950,094 evals (13059 batches, avg 149/batch = 29% of 512, 8819 evals/s, 610 msg/s, 14.5 leaves/msg, 221s)
2026-07-29 18:48:00   [GPU] 2,000,046 evals (13456 batches, avg 149/batch = 29% of 512, 8830 evals/s, 615 msg/s, 14.4 leaves/msg, 227s)
2026-07-29 18:48:00 [iter 37/70] self-play: 10/70 games...
2026-07-29 18:48:02 [iter 37/70] self-play: 15/70 games...
2026-07-29 18:48:05   [GPU] 2,050,039 evals (13843 batches, avg 148/batch = 29% of 512, 8840 evals/s, 621 msg/s, 14.2 leaves/msg, 232s)
2026-07-29 18:48:08 [iter 37/70] self-play: 20/70 games...
2026-07-29 18:48:10   [GPU] 2,100,078 evals (14240 batches, avg 147/batch = 29% of 512, 8846 evals/s, 627 msg/s, 14.1 leaves/msg, 237s)
2026-07-29 18:48:14 [iter 37/70] self-play: 25/70 games...
2026-07-29 18:48:16   [GPU] 2,150,049 evals (14629 batches, avg 147/batch = 29% of 512, 8852 evals/s, 632 msg/s, 14.0 leaves/msg, 243s)
2026-07-29 18:48:18 [iter 37/70] self-play: 30/70 games...
2026-07-29 18:48:20 [iter 37/70] self-play: 35/70 games...
2026-07-29 18:48:21   [GPU] 2,200,027 evals (15015 batches, avg 147/batch = 29% of 512, 8862 evals/s, 637 msg/s, 13.9 leaves/msg, 248s)
2026-07-29 18:48:25 [iter 37/70] self-play: 40/70 games...
2026-07-29 18:48:26   [GPU] 2,250,103 evals (15368 batches, avg 146/batch = 29% of 512, 8883 evals/s, 642 msg/s, 13.8 leaves/msg, 253s)
2026-07-29 18:48:29 [iter 37/70] self-play: 45/70 games...
2026-07-29 18:48:32   [GPU] 2,300,012 evals (15738 batches, avg 146/batch = 29% of 512, 8897 evals/s, 646 msg/s, 13.8 leaves/msg, 259s)
2026-07-29 18:48:34 [iter 37/70] self-play: 50/70 games...
2026-07-29 18:48:37   [GPU] 2,350,124 evals (16183 batches, avg 145/batch = 28% of 512, 8895 evals/s, 647 msg/s, 13.7 leaves/msg, 264s)
2026-07-29 18:48:44   [GPU] 2,400,047 evals (16666 batches, avg 144/batch = 28% of 512, 8874 evals/s, 645 msg/s, 13.8 leaves/msg, 270s)
2026-07-29 18:48:50   [GPU] 2,450,063 evals (17149 batches, avg 143/batch = 28% of 512, 8858 evals/s, 644 msg/s, 13.8 leaves/msg, 277s)
2026-07-29 18:48:56   [GPU] 2,500,075 evals (17590 batches, avg 142/batch = 28% of 512, 8851 evals/s, 643 msg/s, 13.8 leaves/msg, 282s)
2026-07-29 18:49:01   [GPU] 2,550,131 evals (18015 batches, avg 142/batch = 28% of 512, 8851 evals/s, 643 msg/s, 13.8 leaves/msg, 288s)
2026-07-29 18:49:02 [iter 37/70] self-play: 55/70 games...
2026-07-29 18:49:07   [GPU] 2,600,016 evals (18454 batches, avg 141/batch = 28% of 512, 8848 evals/s, 643 msg/s, 13.8 leaves/msg, 294s)
2026-07-29 18:49:13   [GPU] 2,650,029 evals (18899 batches, avg 140/batch = 27% of 512, 8846 evals/s, 642 msg/s, 13.8 leaves/msg, 300s)
2026-07-29 18:49:18   [GPU] 2,700,073 evals (19356 batches, avg 139/batch = 27% of 512, 8841 evals/s, 642 msg/s, 13.8 leaves/msg, 305s)
2026-07-29 18:49:25   [GPU] 2,750,113 evals (19859 batches, avg 138/batch = 27% of 512, 8824 evals/s, 642 msg/s, 13.8 leaves/msg, 312s)
2026-07-29 18:49:32   [GPU] 2,800,034 evals (20429 batches, avg 137/batch = 27% of 512, 8788 evals/s, 639 msg/s, 13.7 leaves/msg, 319s)
2026-07-29 18:49:38 [iter 37/70] self-play: 60/70 games...
2026-07-29 18:49:39   [GPU] 2,850,056 evals (21079 batches, avg 135/batch = 26% of 512, 8741 evals/s, 637 msg/s, 13.7 leaves/msg, 326s)
2026-07-29 18:49:49   [GPU] 2,900,025 evals (21987 batches, avg 132/batch = 26% of 512, 8634 evals/s, 631 msg/s, 13.7 leaves/msg, 336s)
2026-07-29 18:50:01   [GPU] 2,950,026 evals (23091 batches, avg 128/batch = 25% of 512, 8489 evals/s, 620 msg/s, 13.7 leaves/msg, 348s)
2026-07-29 18:50:06 [iter 37/70] self-play: 65/70 games...
2026-07-29 18:50:14   [GPU] 3,000,010 evals (24367 batches, avg 123/batch = 24% of 512, 8317 evals/s, 608 msg/s, 13.7 leaves/msg, 361s)
2026-07-29 18:50:26 [iter 37/70] self-play: 70/70 games...
2026-07-29 18:50:27 [iter 37/70] self-play done: 70 games (376s) | wins: P0=25, P2=17, P3=24, draw=4 | draw_rate=6% avg_len~69
2026-07-29 18:50:27 [iter 37/70] training (600 steps, lr=5.30e-04)...
2026-07-29 18:50:38 [iter 37/70] training done: loss_p=1.667 loss_v=0.044 (11s)
2026-07-29 18:50:38 [iter 37/70] eval skipped (eval_every=5)
2026-07-29 18:50:38 >>> iter 37 | loss_p=1.667 loss_v=0.044 | vs_best=n/a (not evaluated) | vs_rand=n/a | draw=6% | buf=349878 | sp=376s train=11s eval_best=0s eval_rand=0s | total=387s
2026-07-29 18:50:38 [iter 38/70] self-play starting (70 games, 600 sims)...
2026-07-29 18:50:40 [PARALLEL-MP] 64 workers spawned (70 games, sims=600), GPU batcher starting...
2026-07-29 18:50:53   [GPU] 50,016 evals (344 batches, avg 145/batch = 28% of 512, 3957 evals/s, 259 msg/s, 15.3 leaves/msg, 13s)
2026-07-29 18:51:00   [GPU] 100,208 evals (678 batches, avg 148/batch = 29% of 512, 5026 evals/s, 326 msg/s, 15.4 leaves/msg, 20s)
2026-07-29 18:51:08   [GPU] 150,155 evals (1019 batches, avg 147/batch = 29% of 512, 5458 evals/s, 354 msg/s, 15.4 leaves/msg, 28s)
2026-07-29 18:51:15   [GPU] 200,181 evals (1356 batches, avg 148/batch = 29% of 512, 5778 evals/s, 376 msg/s, 15.4 leaves/msg, 35s)
2026-07-29 18:51:22   [GPU] 250,032 evals (1687 batches, avg 148/batch = 29% of 512, 5963 evals/s, 387 msg/s, 15.4 leaves/msg, 42s)
2026-07-29 18:51:29   [GPU] 300,000 evals (2011 batches, avg 149/batch = 29% of 512, 6142 evals/s, 399 msg/s, 15.4 leaves/msg, 49s)
2026-07-29 18:51:36   [GPU] 350,153 evals (2344 batches, avg 149/batch = 29% of 512, 6283 evals/s, 408 msg/s, 15.4 leaves/msg, 56s)
2026-07-29 18:51:42   [GPU] 400,060 evals (2668 batches, avg 150/batch = 29% of 512, 6409 evals/s, 416 msg/s, 15.4 leaves/msg, 62s)
2026-07-29 18:51:49   [GPU] 450,009 evals (2987 batches, avg 151/batch = 29% of 512, 6516 evals/s, 423 msg/s, 15.4 leaves/msg, 69s)
2026-07-29 18:51:56   [GPU] 500,122 evals (3310 batches, avg 151/batch = 30% of 512, 6620 evals/s, 430 msg/s, 15.4 leaves/msg, 76s)
2026-07-29 18:52:02   [GPU] 550,022 evals (3634 batches, avg 151/batch = 30% of 512, 6730 evals/s, 437 msg/s, 15.4 leaves/msg, 82s)
2026-07-29 18:52:08   [GPU] 600,071 evals (3945 batches, avg 152/batch = 30% of 512, 6847 evals/s, 445 msg/s, 15.4 leaves/msg, 88s)
2026-07-29 18:52:13   [GPU] 650,055 evals (4270 batches, avg 152/batch = 30% of 512, 6977 evals/s, 453 msg/s, 15.4 leaves/msg, 93s)
2026-07-29 18:52:18   [GPU] 700,162 evals (4593 batches, avg 152/batch = 30% of 512, 7155 evals/s, 464 msg/s, 15.4 leaves/msg, 98s)
2026-07-29 18:52:23   [GPU] 750,022 evals (4920 batches, avg 152/batch = 30% of 512, 7306 evals/s, 475 msg/s, 15.4 leaves/msg, 103s)
2026-07-29 18:52:28   [GPU] 800,002 evals (5246 batches, avg 152/batch = 30% of 512, 7436 evals/s, 484 msg/s, 15.4 leaves/msg, 108s)
2026-07-29 18:52:33   [GPU] 850,056 evals (5589 batches, avg 152/batch = 30% of 512, 7552 evals/s, 493 msg/s, 15.3 leaves/msg, 113s)
2026-07-29 18:52:37   [GPU] 900,093 evals (5916 batches, avg 152/batch = 30% of 512, 7671 evals/s, 501 msg/s, 15.3 leaves/msg, 117s)
2026-07-29 18:52:42   [GPU] 950,011 evals (6243 batches, avg 152/batch = 30% of 512, 7781 evals/s, 510 msg/s, 15.3 leaves/msg, 122s)
2026-07-29 18:52:47   [GPU] 1,000,082 evals (6578 batches, avg 152/batch = 30% of 512, 7885 evals/s, 518 msg/s, 15.2 leaves/msg, 127s)
2026-07-29 18:52:52   [GPU] 1,050,197 evals (6917 batches, avg 152/batch = 30% of 512, 7978 evals/s, 525 msg/s, 15.2 leaves/msg, 132s)
2026-07-29 18:52:56   [GPU] 1,100,028 evals (7265 batches, avg 151/batch = 30% of 512, 8070 evals/s, 532 msg/s, 15.2 leaves/msg, 136s)
2026-07-29 18:53:01   [GPU] 1,150,007 evals (7603 batches, avg 151/batch = 30% of 512, 8150 evals/s, 538 msg/s, 15.1 leaves/msg, 141s)
2026-07-29 18:53:06   [GPU] 1,200,084 evals (7937 batches, avg 151/batch = 30% of 512, 8230 evals/s, 544 msg/s, 15.1 leaves/msg, 146s)
2026-07-29 18:53:11   [GPU] 1,250,013 evals (8268 batches, avg 151/batch = 30% of 512, 8303 evals/s, 550 msg/s, 15.1 leaves/msg, 151s)
2026-07-29 18:53:15   [GPU] 1,300,232 evals (8605 batches, avg 151/batch = 30% of 512, 8370 evals/s, 556 msg/s, 15.1 leaves/msg, 155s)
2026-07-29 18:53:20   [GPU] 1,350,115 evals (8947 batches, avg 151/batch = 29% of 512, 8430 evals/s, 561 msg/s, 15.0 leaves/msg, 160s)
2026-07-29 18:53:25   [GPU] 1,400,051 evals (9288 batches, avg 151/batch = 29% of 512, 8481 evals/s, 565 msg/s, 15.0 leaves/msg, 165s)
2026-07-29 18:53:30   [GPU] 1,450,079 evals (9617 batches, avg 151/batch = 29% of 512, 8537 evals/s, 570 msg/s, 15.0 leaves/msg, 170s)
2026-07-29 18:53:35   [GPU] 1,500,119 evals (9949 batches, avg 151/batch = 29% of 512, 8587 evals/s, 574 msg/s, 14.9 leaves/msg, 175s)
2026-07-29 18:53:39   [GPU] 1,550,165 evals (10276 batches, avg 151/batch = 29% of 512, 8641 evals/s, 580 msg/s, 14.9 leaves/msg, 179s)
2026-07-29 18:53:44   [GPU] 1,600,144 evals (10620 batches, avg 151/batch = 29% of 512, 8692 evals/s, 585 msg/s, 14.9 leaves/msg, 184s)
2026-07-29 18:53:49   [GPU] 1,650,037 evals (10961 batches, avg 151/batch = 29% of 512, 8735 evals/s, 590 msg/s, 14.8 leaves/msg, 189s)
2026-07-29 18:53:54   [GPU] 1,700,067 evals (11310 batches, avg 150/batch = 29% of 512, 8771 evals/s, 594 msg/s, 14.8 leaves/msg, 194s)
2026-07-29 18:53:59   [GPU] 1,750,025 evals (11666 batches, avg 150/batch = 29% of 512, 8809 evals/s, 599 msg/s, 14.7 leaves/msg, 199s)
2026-07-29 18:54:04   [GPU] 1,800,056 evals (12014 batches, avg 150/batch = 29% of 512, 8843 evals/s, 605 msg/s, 14.6 leaves/msg, 204s)
2026-07-29 18:54:06 [iter 38/70] self-play: 5/70 games...
2026-07-29 18:54:08   [GPU] 1,850,088 evals (12359 batches, avg 150/batch = 29% of 512, 8880 evals/s, 610 msg/s, 14.6 leaves/msg, 208s)
2026-07-29 18:54:13   [GPU] 1,900,033 evals (12699 batches, avg 150/batch = 29% of 512, 8913 evals/s, 615 msg/s, 14.5 leaves/msg, 213s)
2026-07-29 18:54:16 [iter 38/70] self-play: 10/70 games...
2026-07-29 18:54:18   [GPU] 1,950,071 evals (13058 batches, avg 149/batch = 29% of 512, 8939 evals/s, 620 msg/s, 14.4 leaves/msg, 218s)
2026-07-29 18:54:23   [GPU] 2,000,167 evals (13409 batches, avg 149/batch = 29% of 512, 8963 evals/s, 625 msg/s, 14.3 leaves/msg, 223s)
2026-07-29 18:54:24 [iter 38/70] self-play: 15/70 games...
2026-07-29 18:54:28   [GPU] 2,050,056 evals (13785 batches, avg 149/batch = 29% of 512, 8976 evals/s, 631 msg/s, 14.2 leaves/msg, 228s)
2026-07-29 18:54:30 [iter 38/70] self-play: 20/70 games...
2026-07-29 18:54:33 [iter 38/70] self-play: 25/70 games...
2026-07-29 18:54:34   [GPU] 2,100,040 evals (14172 batches, avg 148/batch = 29% of 512, 8987 evals/s, 637 msg/s, 14.1 leaves/msg, 234s)
2026-07-29 18:54:35 [iter 38/70] self-play: 30/70 games...
2026-07-29 18:54:38 [iter 38/70] self-play: 35/70 games...
2026-07-29 18:54:39   [GPU] 2,150,006 evals (14549 batches, avg 148/batch = 29% of 512, 8998 evals/s, 643 msg/s, 14.0 leaves/msg, 239s)
2026-07-29 18:54:40 [iter 38/70] self-play: 40/70 games...
2026-07-29 18:54:44   [GPU] 2,200,047 evals (14946 batches, avg 147/batch = 29% of 512, 9006 evals/s, 648 msg/s, 13.9 leaves/msg, 244s)
2026-07-29 18:54:45 [iter 38/70] self-play: 45/70 games...
2026-07-29 18:54:48 [iter 38/70] self-play: 50/70 games...
2026-07-29 18:54:51   [GPU] 2,250,028 evals (15436 batches, avg 146/batch = 28% of 512, 8983 evals/s, 652 msg/s, 13.8 leaves/msg, 250s)
2026-07-29 18:54:53 [iter 38/70] self-play: 55/70 games...
2026-07-29 18:54:59 [iter 38/70] self-play: 60/70 games...
2026-07-29 18:55:01   [GPU] 2,300,000 evals (16340 batches, avg 141/batch = 27% of 512, 8828 evals/s, 644 msg/s, 13.7 leaves/msg, 261s)
2026-07-29 18:55:12   [GPU] 2,350,028 evals (17430 batches, avg 135/batch = 26% of 512, 8636 evals/s, 630 msg/s, 13.7 leaves/msg, 272s)
2026-07-29 18:55:23   [GPU] 2,400,039 evals (18449 batches, avg 130/batch = 25% of 512, 8488 evals/s, 619 msg/s, 13.7 leaves/msg, 283s)
2026-07-29 18:55:32 [iter 38/70] self-play: 65/70 games...
2026-07-29 18:55:36   [GPU] 2,450,000 evals (19743 batches, avg 124/batch = 24% of 512, 8273 evals/s, 606 msg/s, 13.7 leaves/msg, 296s)
2026-07-29 18:56:13   [GPU] 2,500,008 evals (22234 batches, avg 112/batch = 22% of 512, 7516 evals/s, 551 msg/s, 13.6 leaves/msg, 333s)
2026-07-29 18:56:27 [iter 38/70] self-play: 70/70 games...
2026-07-29 18:56:27 [iter 38/70] self-play done: 70 games (350s) | wins: P0=29, P1=1, P2=16, P3=23, draw=1 | draw_rate=1% avg_len~65
2026-07-29 18:56:27 [iter 38/70] training (600 steps, lr=5.10e-04)...
2026-07-29 18:56:38 [iter 38/70] training done: loss_p=1.674 loss_v=0.044 (11s)
2026-07-29 18:56:38 [iter 38/70] eval skipped (eval_every=5)
2026-07-29 18:56:38 >>> iter 38 | loss_p=1.674 loss_v=0.044 | vs_best=n/a (not evaluated) | vs_rand=n/a | draw=1% | buf=358924 | sp=350s train=11s eval_best=0s eval_rand=0s | total=360s
2026-07-29 18:56:38 [iter 39/70] self-play starting (70 games, 600 sims)...
2026-07-29 18:56:40 [PARALLEL-MP] 64 workers spawned (70 games, sims=600), GPU batcher starting...
2026-07-29 18:56:53   [GPU] 50,016 evals (374 batches, avg 134/batch = 26% of 512, 3848 evals/s, 252 msg/s, 15.3 leaves/msg, 13s)
2026-07-29 18:57:01   [GPU] 100,160 evals (709 batches, avg 141/batch = 28% of 512, 4831 evals/s, 314 msg/s, 15.4 leaves/msg, 21s)
2026-07-29 18:57:09   [GPU] 150,091 evals (1059 batches, avg 142/batch = 28% of 512, 5277 evals/s, 342 msg/s, 15.4 leaves/msg, 28s)
2026-07-29 18:57:16   [GPU] 200,085 evals (1397 batches, avg 143/batch = 28% of 512, 5572 evals/s, 363 msg/s, 15.4 leaves/msg, 36s)
2026-07-29 18:57:24   [GPU] 250,064 evals (1736 batches, avg 144/batch = 28% of 512, 5748 evals/s, 373 msg/s, 15.4 leaves/msg, 44s)
2026-07-29 18:57:31   [GPU] 300,150 evals (2066 batches, avg 145/batch = 28% of 512, 5904 evals/s, 383 msg/s, 15.4 leaves/msg, 51s)
2026-07-29 18:57:39   [GPU] 350,138 evals (2396 batches, avg 146/batch = 29% of 512, 6024 evals/s, 391 msg/s, 15.4 leaves/msg, 58s)
2026-07-29 18:57:46   [GPU] 400,069 evals (2719 batches, avg 147/batch = 29% of 512, 6127 evals/s, 398 msg/s, 15.4 leaves/msg, 65s)
2026-07-29 18:57:53   [GPU] 450,033 evals (3033 batches, avg 148/batch = 29% of 512, 6231 evals/s, 404 msg/s, 15.4 leaves/msg, 72s)
2026-07-29 18:57:59   [GPU] 500,038 evals (3351 batches, avg 149/batch = 29% of 512, 6343 evals/s, 412 msg/s, 15.4 leaves/msg, 79s)
2026-07-29 18:58:06   [GPU] 550,077 evals (3670 batches, avg 150/batch = 29% of 512, 6446 evals/s, 418 msg/s, 15.4 leaves/msg, 85s)
2026-07-29 18:58:12   [GPU] 600,034 evals (3986 batches, avg 151/batch = 29% of 512, 6554 evals/s, 425 msg/s, 15.4 leaves/msg, 92s)
2026-07-29 18:58:18   [GPU] 650,055 evals (4305 batches, avg 151/batch = 29% of 512, 6690 evals/s, 434 msg/s, 15.4 leaves/msg, 97s)
2026-07-29 18:58:22   [GPU] 700,019 evals (4614 batches, avg 152/batch = 30% of 512, 6867 evals/s, 446 msg/s, 15.4 leaves/msg, 102s)
2026-07-29 18:58:27   [GPU] 750,081 evals (4930 batches, avg 152/batch = 30% of 512, 7034 evals/s, 457 msg/s, 15.4 leaves/msg, 107s)
2026-07-29 18:58:32   [GPU] 800,175 evals (5262 batches, avg 152/batch = 30% of 512, 7163 evals/s, 466 msg/s, 15.4 leaves/msg, 112s)
2026-07-29 18:58:37   [GPU] 850,002 evals (5589 batches, avg 152/batch = 30% of 512, 7296 evals/s, 476 msg/s, 15.3 leaves/msg, 117s)
2026-07-29 18:58:42   [GPU] 900,121 evals (5900 batches, avg 153/batch = 30% of 512, 7425 evals/s, 486 msg/s, 15.3 leaves/msg, 121s)
2026-07-29 18:58:46   [GPU] 950,131 evals (6217 batches, avg 153/batch = 30% of 512, 7552 evals/s, 495 msg/s, 15.3 leaves/msg, 126s)
2026-07-29 18:58:51   [GPU] 1,000,100 evals (6550 batches, avg 153/batch = 30% of 512, 7657 evals/s, 503 msg/s, 15.2 leaves/msg, 131s)
2026-07-29 18:58:56   [GPU] 1,050,191 evals (6870 batches, avg 153/batch = 30% of 512, 7765 evals/s, 511 msg/s, 15.2 leaves/msg, 135s)
2026-07-29 18:59:00   [GPU] 1,100,087 evals (7206 batches, avg 153/batch = 30% of 512, 7859 evals/s, 518 msg/s, 15.2 leaves/msg, 140s)
2026-07-29 18:59:05   [GPU] 1,150,102 evals (7531 batches, avg 153/batch = 30% of 512, 7951 evals/s, 525 msg/s, 15.1 leaves/msg, 145s)
2026-07-29 18:59:10   [GPU] 1,200,041 evals (7871 batches, avg 152/batch = 30% of 512, 8037 evals/s, 532 msg/s, 15.1 leaves/msg, 149s)
2026-07-29 18:59:14   [GPU] 1,250,163 evals (8207 batches, avg 152/batch = 30% of 512, 8119 evals/s, 538 msg/s, 15.1 leaves/msg, 154s)
2026-07-29 18:59:19   [GPU] 1,300,045 evals (8530 batches, avg 152/batch = 30% of 512, 8201 evals/s, 545 msg/s, 15.1 leaves/msg, 159s)
2026-07-29 18:59:24   [GPU] 1,350,110 evals (8852 batches, avg 153/batch = 30% of 512, 8281 evals/s, 551 msg/s, 15.0 leaves/msg, 163s)
2026-07-29 18:59:28   [GPU] 1,400,012 evals (9169 batches, avg 153/batch = 30% of 512, 8359 evals/s, 557 msg/s, 15.0 leaves/msg, 167s)
2026-07-29 18:59:33   [GPU] 1,450,170 evals (9499 batches, avg 153/batch = 30% of 512, 8423 evals/s, 563 msg/s, 15.0 leaves/msg, 172s)
2026-07-29 18:59:37   [GPU] 1,500,055 evals (9819 batches, avg 153/batch = 30% of 512, 8491 evals/s, 568 msg/s, 14.9 leaves/msg, 177s)
2026-07-29 18:59:42   [GPU] 1,550,149 evals (10159 batches, avg 153/batch = 30% of 512, 8544 evals/s, 573 msg/s, 14.9 leaves/msg, 181s)
2026-07-29 18:59:47   [GPU] 1,600,030 evals (10501 batches, avg 152/batch = 30% of 512, 8594 evals/s, 578 msg/s, 14.9 leaves/msg, 186s)
2026-07-29 18:59:51   [GPU] 1,650,099 evals (10832 batches, avg 152/batch = 30% of 512, 8645 evals/s, 582 msg/s, 14.8 leaves/msg, 191s)
2026-07-29 18:59:56   [GPU] 1,700,129 evals (11164 batches, avg 152/batch = 30% of 512, 8698 evals/s, 587 msg/s, 14.8 leaves/msg, 195s)
2026-07-29 19:00:01   [GPU] 1,750,031 evals (11498 batches, avg 152/batch = 30% of 512, 8747 evals/s, 591 msg/s, 14.8 leaves/msg, 200s)
2026-07-29 19:00:05   [GPU] 1,800,147 evals (11838 batches, avg 152/batch = 30% of 512, 8791 evals/s, 596 msg/s, 14.8 leaves/msg, 205s)
2026-07-29 19:00:10   [GPU] 1,850,150 evals (12187 batches, avg 152/batch = 30% of 512, 8820 evals/s, 600 msg/s, 14.7 leaves/msg, 210s)
2026-07-29 19:00:15   [GPU] 1,900,206 evals (12535 batches, avg 152/batch = 30% of 512, 8851 evals/s, 604 msg/s, 14.6 leaves/msg, 215s)
2026-07-29 19:00:20   [GPU] 1,950,089 evals (12890 batches, avg 151/batch = 30% of 512, 8878 evals/s, 609 msg/s, 14.6 leaves/msg, 220s)
2026-07-29 19:00:22 [iter 39/70] self-play: 5/70 games...
2026-07-29 19:00:25   [GPU] 2,000,020 evals (13245 batches, avg 151/batch = 29% of 512, 8900 evals/s, 614 msg/s, 14.5 leaves/msg, 225s)
2026-07-29 19:00:30   [GPU] 2,050,089 evals (13613 batches, avg 151/batch = 29% of 512, 8921 evals/s, 618 msg/s, 14.4 leaves/msg, 230s)
2026-07-29 19:00:31 [iter 39/70] self-play: 10/70 games...
2026-07-29 19:00:35   [GPU] 2,100,089 evals (13982 batches, avg 150/batch = 29% of 512, 8937 evals/s, 623 msg/s, 14.3 leaves/msg, 235s)
2026-07-29 19:00:37 [iter 39/70] self-play: 15/70 games...
2026-07-29 19:00:41   [GPU] 2,150,087 evals (14369 batches, avg 150/batch = 29% of 512, 8943 evals/s, 629 msg/s, 14.2 leaves/msg, 240s)
2026-07-29 19:00:42 [iter 39/70] self-play: 20/70 games...
2026-07-29 19:00:46 [iter 39/70] self-play: 25/70 games...
2026-07-29 19:00:46   [GPU] 2,200,057 evals (14771 batches, avg 149/batch = 29% of 512, 8948 evals/s, 634 msg/s, 14.1 leaves/msg, 246s)
2026-07-29 19:00:48 [iter 39/70] self-play: 30/70 games...
2026-07-29 19:00:52   [GPU] 2,250,152 evals (15144 batches, avg 149/batch = 29% of 512, 8961 evals/s, 638 msg/s, 14.0 leaves/msg, 251s)
2026-07-29 19:00:55 [iter 39/70] self-play: 35/70 games...
2026-07-29 19:00:57   [GPU] 2,300,137 evals (15518 batches, avg 148/batch = 29% of 512, 8978 evals/s, 643 msg/s, 14.0 leaves/msg, 256s)
2026-07-29 19:01:02 [iter 39/70] self-play: 40/70 games...
2026-07-29 19:01:02   [GPU] 2,350,087 evals (15890 batches, avg 148/batch = 29% of 512, 8992 evals/s, 648 msg/s, 13.9 leaves/msg, 261s)
2026-07-29 19:01:05 [iter 39/70] self-play: 45/70 games...
2026-07-29 19:01:07   [GPU] 2,400,025 evals (16274 batches, avg 147/batch = 29% of 512, 9002 evals/s, 653 msg/s, 13.8 leaves/msg, 267s)
2026-07-29 19:01:09 [iter 39/70] self-play: 50/70 games...
2026-07-29 19:01:14 [iter 39/70] self-play: 55/70 games...
2026-07-29 19:01:14   [GPU] 2,450,045 evals (16794 batches, avg 146/batch = 28% of 512, 8962 evals/s, 655 msg/s, 13.7 leaves/msg, 273s)
2026-07-29 19:01:22   [GPU] 2,500,075 evals (17481 batches, avg 143/batch = 28% of 512, 8888 evals/s, 650 msg/s, 13.7 leaves/msg, 281s)
2026-07-29 19:01:28 [iter 39/70] self-play: 60/70 games...
2026-07-29 19:01:30   [GPU] 2,550,016 evals (18221 batches, avg 140/batch = 27% of 512, 8793 evals/s, 644 msg/s, 13.7 leaves/msg, 290s)
2026-07-29 19:01:39   [GPU] 2,600,022 evals (18977 batches, avg 137/batch = 27% of 512, 8711 evals/s, 638 msg/s, 13.7 leaves/msg, 298s)
2026-07-29 19:01:47   [GPU] 2,650,064 evals (19732 batches, avg 134/batch = 26% of 512, 8632 evals/s, 632 msg/s, 13.7 leaves/msg, 307s)
2026-07-29 19:01:57   [GPU] 2,700,024 evals (20554 batches, avg 131/batch = 26% of 512, 8543 evals/s, 627 msg/s, 13.6 leaves/msg, 316s)
2026-07-29 19:02:00 [iter 39/70] self-play: 65/70 games...
2026-07-29 19:02:11   [GPU] 2,750,007 evals (21995 batches, avg 125/batch = 24% of 512, 8309 evals/s, 612 msg/s, 13.6 leaves/msg, 331s)
2026-07-29 19:02:29   [GPU] 2,800,005 evals (23687 batches, avg 118/batch = 23% of 512, 8036 evals/s, 592 msg/s, 13.6 leaves/msg, 348s)
2026-07-29 19:02:57 [iter 39/70] self-play: 70/70 games...
2026-07-29 19:02:58 [iter 39/70] self-play done: 70 games (379s) | wins: P0=34, P1=1, P2=16, P3=16, draw=3 | draw_rate=4% avg_len~67
2026-07-29 19:02:58 [iter 39/70] training (600 steps, lr=4.90e-04)...
2026-07-29 19:03:08 [iter 39/70] training done: loss_p=1.676 loss_v=0.044 (10s)
2026-07-29 19:03:08 [iter 39/70] eval skipped (eval_every=5)
2026-07-29 19:03:08 >>> iter 39 | loss_p=1.676 loss_v=0.044 | vs_best=n/a (not evaluated) | vs_rand=n/a | draw=4% | buf=368332 | sp=379s train=10s eval_best=0s eval_rand=0s | total=389s
2026-07-29 19:03:08 [iter 40/70] self-play starting (70 games, 600 sims)...
2026-07-29 19:03:10 [PARALLEL-MP] 64 workers spawned (70 games, sims=600), GPU batcher starting...
2026-07-29 19:03:22   [GPU] 50,032 evals (357 batches, avg 140/batch = 27% of 512, 3968 evals/s, 260 msg/s, 15.3 leaves/msg, 13s)
2026-07-29 19:03:30   [GPU] 100,160 evals (691 batches, avg 145/batch = 28% of 512, 5073 evals/s, 329 msg/s, 15.4 leaves/msg, 20s)
2026-07-29 19:03:37   [GPU] 150,132 evals (1042 batches, avg 144/batch = 28% of 512, 5531 evals/s, 359 msg/s, 15.4 leaves/msg, 27s)
2026-07-29 19:03:44   [GPU] 200,003 evals (1377 batches, avg 145/batch = 28% of 512, 5872 evals/s, 382 msg/s, 15.4 leaves/msg, 34s)
2026-07-29 19:03:51   [GPU] 250,064 evals (1712 batches, avg 146/batch = 29% of 512, 6068 evals/s, 394 msg/s, 15.4 leaves/msg, 41s)
2026-07-29 19:03:58   [GPU] 300,075 evals (2032 batches, avg 148/batch = 29% of 512, 6233 evals/s, 405 msg/s, 15.4 leaves/msg, 48s)
2026-07-29 19:04:05   [GPU] 350,189 evals (2367 batches, avg 148/batch = 29% of 512, 6351 evals/s, 412 msg/s, 15.4 leaves/msg, 55s)
2026-07-29 19:04:12   [GPU] 400,213 evals (2686 batches, avg 149/batch = 29% of 512, 6462 evals/s, 420 msg/s, 15.4 leaves/msg, 62s)
2026-07-29 19:04:18   [GPU] 450,163 evals (3008 batches, avg 150/batch = 29% of 512, 6578 evals/s, 427 msg/s, 15.4 leaves/msg, 68s)
2026-07-29 19:04:25   [GPU] 500,119 evals (3338 batches, avg 150/batch = 29% of 512, 6694 evals/s, 435 msg/s, 15.4 leaves/msg, 75s)
2026-07-29 19:04:31   [GPU] 550,029 evals (3656 batches, avg 150/batch = 29% of 512, 6810 evals/s, 442 msg/s, 15.4 leaves/msg, 81s)
2026-07-29 19:04:36   [GPU] 600,087 evals (3967 batches, avg 151/batch = 30% of 512, 6935 evals/s, 450 msg/s, 15.4 leaves/msg, 87s)
2026-07-29 19:04:42   [GPU] 650,111 evals (4280 batches, avg 152/batch = 30% of 512, 7072 evals/s, 459 msg/s, 15.4 leaves/msg, 92s)
2026-07-29 19:04:46   [GPU] 700,200 evals (4601 batches, avg 152/batch = 30% of 512, 7256 evals/s, 471 msg/s, 15.4 leaves/msg, 96s)
2026-07-29 19:04:51   [GPU] 750,040 evals (4911 batches, avg 153/batch = 30% of 512, 7408 evals/s, 481 msg/s, 15.4 leaves/msg, 101s)
2026-07-29 19:04:56   [GPU] 800,081 evals (5241 batches, avg 153/batch = 30% of 512, 7537 evals/s, 491 msg/s, 15.4 leaves/msg, 106s)
2026-07-29 19:05:01   [GPU] 850,149 evals (5572 batches, avg 153/batch = 30% of 512, 7664 evals/s, 500 msg/s, 15.3 leaves/msg, 111s)
2026-07-29 19:05:05   [GPU] 900,052 evals (5884 batches, avg 153/batch = 30% of 512, 7790 evals/s, 510 msg/s, 15.3 leaves/msg, 116s)
2026-07-29 19:05:10   [GPU] 950,162 evals (6196 batches, avg 153/batch = 30% of 512, 7909 evals/s, 519 msg/s, 15.2 leaves/msg, 120s)
2026-07-29 19:05:15   [GPU] 1,000,110 evals (6516 batches, avg 153/batch = 30% of 512, 8014 evals/s, 527 msg/s, 15.2 leaves/msg, 125s)
2026-07-29 19:05:19   [GPU] 1,050,018 evals (6830 batches, avg 154/batch = 30% of 512, 8119 evals/s, 534 msg/s, 15.2 leaves/msg, 129s)
2026-07-29 19:05:24   [GPU] 1,100,071 evals (7157 batches, avg 154/batch = 30% of 512, 8210 evals/s, 542 msg/s, 15.2 leaves/msg, 134s)
2026-07-29 19:05:28   [GPU] 1,150,055 evals (7486 batches, avg 154/batch = 30% of 512, 8297 evals/s, 548 msg/s, 15.1 leaves/msg, 139s)
2026-07-29 19:05:33   [GPU] 1,200,126 evals (7817 batches, avg 154/batch = 30% of 512, 8375 evals/s, 554 msg/s, 15.1 leaves/msg, 143s)
2026-07-29 19:05:38   [GPU] 1,250,158 evals (8153 batches, avg 153/batch = 30% of 512, 8450 evals/s, 560 msg/s, 15.1 leaves/msg, 148s)
2026-07-29 19:05:43   [GPU] 1,300,064 evals (8486 batches, avg 153/batch = 30% of 512, 8516 evals/s, 566 msg/s, 15.0 leaves/msg, 153s)
2026-07-29 19:05:47   [GPU] 1,350,154 evals (8805 batches, avg 153/batch = 30% of 512, 8592 evals/s, 572 msg/s, 15.0 leaves/msg, 157s)
2026-07-29 19:05:52   [GPU] 1,400,162 evals (9127 batches, avg 153/batch = 30% of 512, 8657 evals/s, 577 msg/s, 15.0 leaves/msg, 162s)
2026-07-29 19:05:56   [GPU] 1,450,064 evals (9449 batches, avg 153/batch = 30% of 512, 8721 evals/s, 582 msg/s, 15.0 leaves/msg, 166s)
2026-07-29 19:06:01   [GPU] 1,500,121 evals (9786 batches, avg 153/batch = 30% of 512, 8771 evals/s, 587 msg/s, 14.9 leaves/msg, 171s)
2026-07-29 19:06:06   [GPU] 1,550,091 evals (10124 batches, avg 153/batch = 30% of 512, 8826 evals/s, 592 msg/s, 14.9 leaves/msg, 176s)
2026-07-29 19:06:10   [GPU] 1,600,072 evals (10467 batches, avg 153/batch = 30% of 512, 8871 evals/s, 596 msg/s, 14.9 leaves/msg, 180s)
2026-07-29 19:06:15   [GPU] 1,650,024 evals (10810 batches, avg 153/batch = 30% of 512, 8912 evals/s, 600 msg/s, 14.9 leaves/msg, 185s)
2026-07-29 19:06:20   [GPU] 1,700,035 evals (11151 batches, avg 152/batch = 30% of 512, 8955 evals/s, 604 msg/s, 14.8 leaves/msg, 190s)
2026-07-29 19:06:24   [GPU] 1,750,085 evals (11487 batches, avg 152/batch = 30% of 512, 8994 evals/s, 608 msg/s, 14.8 leaves/msg, 195s)
2026-07-29 19:06:29   [GPU] 1,800,028 evals (11835 batches, avg 152/batch = 30% of 512, 9021 evals/s, 612 msg/s, 14.7 leaves/msg, 200s)
2026-07-29 19:06:34   [GPU] 1,850,131 evals (12181 batches, avg 152/batch = 30% of 512, 9048 evals/s, 617 msg/s, 14.7 leaves/msg, 204s)
2026-07-29 19:06:39   [GPU] 1,900,010 evals (12524 batches, avg 152/batch = 30% of 512, 9076 evals/s, 621 msg/s, 14.6 leaves/msg, 209s)
2026-07-29 19:06:44   [GPU] 1,950,052 evals (12894 batches, avg 151/batch = 30% of 512, 9094 evals/s, 626 msg/s, 14.5 leaves/msg, 214s)
2026-07-29 19:06:45 [iter 40/70] self-play: 5/70 games...
2026-07-29 19:06:49   [GPU] 2,000,116 evals (13251 batches, avg 151/batch = 29% of 512, 9113 evals/s, 631 msg/s, 14.5 leaves/msg, 219s)
2026-07-29 19:06:55   [GPU] 2,050,061 evals (13620 batches, avg 151/batch = 29% of 512, 9121 evals/s, 635 msg/s, 14.4 leaves/msg, 225s)
2026-07-29 19:06:59 [iter 40/70] self-play: 10/70 games...
2026-07-29 19:07:00   [GPU] 2,100,006 evals (14006 batches, avg 150/batch = 29% of 512, 9127 evals/s, 641 msg/s, 14.2 leaves/msg, 230s)
2026-07-29 19:07:02 [iter 40/70] self-play: 15/70 games...
2026-07-29 19:07:05   [GPU] 2,150,019 evals (14383 batches, avg 149/batch = 29% of 512, 9130 evals/s, 646 msg/s, 14.1 leaves/msg, 235s)
2026-07-29 19:07:06 [iter 40/70] self-play: 20/70 games...
2026-07-29 19:07:11   [GPU] 2,200,120 evals (14764 batches, avg 149/batch = 29% of 512, 9136 evals/s, 652 msg/s, 14.0 leaves/msg, 241s)
2026-07-29 19:07:13 [iter 40/70] self-play: 25/70 games...
2026-07-29 19:07:15 [iter 40/70] self-play: 30/70 games...
2026-07-29 19:07:16   [GPU] 2,250,002 evals (15166 batches, avg 148/batch = 29% of 512, 9136 evals/s, 657 msg/s, 13.9 leaves/msg, 246s)
2026-07-29 19:07:20 [iter 40/70] self-play: 35/70 games...
2026-07-29 19:07:22   [GPU] 2,300,047 evals (15564 batches, avg 148/batch = 29% of 512, 9136 evals/s, 662 msg/s, 13.8 leaves/msg, 252s)
2026-07-29 19:07:24 [iter 40/70] self-play: 40/70 games...
2026-07-29 19:07:27   [GPU] 2,350,123 evals (15932 batches, avg 148/batch = 29% of 512, 9148 evals/s, 666 msg/s, 13.7 leaves/msg, 257s)
2026-07-29 19:07:29 [iter 40/70] self-play: 45/70 games...
2026-07-29 19:07:32   [GPU] 2,400,078 evals (16319 batches, avg 147/batch = 29% of 512, 9154 evals/s, 669 msg/s, 13.7 leaves/msg, 262s)
2026-07-29 19:07:35 [iter 40/70] self-play: 50/70 games...
2026-07-29 19:07:38   [GPU] 2,450,033 evals (16801 batches, avg 146/batch = 28% of 512, 9132 evals/s, 671 msg/s, 13.6 leaves/msg, 268s)
2026-07-29 19:07:40 [iter 40/70] self-play: 55/70 games...
2026-07-29 19:07:46   [GPU] 2,500,008 evals (17461 batches, avg 143/batch = 28% of 512, 9067 evals/s, 668 msg/s, 13.6 leaves/msg, 276s)
2026-07-29 19:07:52   [GPU] 2,550,051 evals (18089 batches, avg 141/batch = 28% of 512, 9023 evals/s, 665 msg/s, 13.6 leaves/msg, 283s)
2026-07-29 19:07:59   [GPU] 2,600,037 evals (18686 batches, avg 139/batch = 27% of 512, 8992 evals/s, 664 msg/s, 13.5 leaves/msg, 289s)
2026-07-29 19:07:59 [iter 40/70] self-play: 60/70 games...
2026-07-29 19:08:07   [GPU] 2,650,033 evals (19413 batches, avg 137/batch = 27% of 512, 8928 evals/s, 660 msg/s, 13.5 leaves/msg, 297s)
2026-07-29 19:08:16   [GPU] 2,700,035 evals (20276 batches, avg 133/batch = 26% of 512, 8824 evals/s, 652 msg/s, 13.5 leaves/msg, 306s)
2026-07-29 19:08:27 [iter 40/70] self-play: 65/70 games...
2026-07-29 19:08:28   [GPU] 2,750,041 evals (21446 batches, avg 128/batch = 25% of 512, 8652 evals/s, 641 msg/s, 13.5 leaves/msg, 318s)
2026-07-29 19:08:46   [GPU] 2,800,027 evals (23161 batches, avg 121/batch = 24% of 512, 8334 evals/s, 618 msg/s, 13.5 leaves/msg, 336s)
2026-07-29 19:09:12 [iter 40/70] self-play: 70/70 games...
2026-07-29 19:09:13 [iter 40/70] self-play done: 70 games (365s) | wins: P0=32, P1=1, P2=12, P3=24, draw=1 | draw_rate=1% avg_len~73
2026-07-29 19:09:13 [iter 40/70] training (600 steps, lr=4.70e-04)...
2026-07-29 19:09:23 [iter 40/70] training done: loss_p=1.677 loss_v=0.044 (10s)
2026-07-29 19:09:23 [iter 40/70] eval vs best (80 games, 200 sims)...
2026-07-29 19:09:25 [EVAL-MP] 64 workers spawned (80 vs_best games, sims=200), GPU batcher starting...
2026-07-29 19:09:37   [GPU] 50,158 evals (349 batches, avg 144/batch = 28% of 512, 4125 evals/s, 287 msg/s, 14.4 leaves/msg, 12s)
2026-07-29 19:09:44   [GPU] 100,078 evals (693 batches, avg 144/batch = 28% of 512, 5257 evals/s, 367 msg/s, 14.3 leaves/msg, 19s)
2026-07-29 19:09:51   [GPU] 150,050 evals (1032 batches, avg 145/batch = 28% of 512, 5826 evals/s, 406 msg/s, 14.3 leaves/msg, 26s)
2026-07-29 19:09:57   [GPU] 200,001 evals (1365 batches, avg 147/batch = 29% of 512, 6234 evals/s, 435 msg/s, 14.3 leaves/msg, 32s)
2026-07-29 19:10:03   [GPU] 250,091 evals (1687 batches, avg 148/batch = 29% of 512, 6569 evals/s, 458 msg/s, 14.3 leaves/msg, 38s)
2026-07-29 19:10:09   [GPU] 300,008 evals (2019 batches, avg 149/batch = 29% of 512, 6837 evals/s, 477 msg/s, 14.3 leaves/msg, 44s)
2026-07-29 19:10:15   [GPU] 350,083 evals (2344 batches, avg 149/batch = 29% of 512, 7032 evals/s, 490 msg/s, 14.3 leaves/msg, 50s)
2026-07-29 19:10:20 [iter 40/70] eval vs best: 5/80 games (57s, cand 0%)
2026-07-29 19:10:21   [GPU] 400,009 evals (2654 batches, avg 151/batch = 29% of 512, 7238 evals/s, 505 msg/s, 14.3 leaves/msg, 55s)
2026-07-29 19:10:21 [iter 40/70] eval vs best: 10/80 games (58s, cand 0%)
2026-07-29 19:10:23 [iter 40/70] eval vs best: 15/80 games (60s, cand 0%)
2026-07-29 19:10:26   [GPU] 450,101 evals (2978 batches, avg 151/batch = 30% of 512, 7395 evals/s, 517 msg/s, 14.3 leaves/msg, 61s)
2026-07-29 19:10:27 [iter 40/70] eval vs best: 20/80 games (64s, cand 0%)
2026-07-29 19:10:29 [iter 40/70] eval vs best: 25/80 games (67s, cand 0%)
2026-07-29 19:10:31 [iter 40/70] eval vs best: 30/80 games (68s, cand 0%)
2026-07-29 19:10:31   [GPU] 500,071 evals (3285 batches, avg 152/batch = 30% of 512, 7600 evals/s, 532 msg/s, 14.3 leaves/msg, 66s)
2026-07-29 19:10:33 [iter 40/70] eval vs best: 35/80 games (70s, cand 3%)
2026-07-29 19:10:36 [iter 40/70] eval vs best: 40/80 games (73s, cand 5%)
2026-07-29 19:10:36   [GPU] 550,036 evals (3654 batches, avg 151/batch = 29% of 512, 7729 evals/s, 542 msg/s, 14.3 leaves/msg, 71s)
2026-07-29 19:10:39 [iter 40/70] eval vs best: 45/80 games (77s, cand 4%)
2026-07-29 19:10:43   [GPU] 600,076 evals (4106 batches, avg 146/batch = 29% of 512, 7713 evals/s, 542 msg/s, 14.2 leaves/msg, 78s)
2026-07-29 19:10:50   [GPU] 650,116 evals (4563 batches, avg 142/batch = 28% of 512, 7696 evals/s, 541 msg/s, 14.2 leaves/msg, 84s)
2026-07-29 19:10:56   [GPU] 700,054 evals (5011 batches, avg 140/batch = 27% of 512, 7684 evals/s, 541 msg/s, 14.2 leaves/msg, 91s)
2026-07-29 19:10:57 [iter 40/70] eval vs best: 50/80 games (94s, cand 8%)
2026-07-29 19:11:03   [GPU] 750,147 evals (5524 batches, avg 136/batch = 27% of 512, 7642 evals/s, 539 msg/s, 14.2 leaves/msg, 98s)
2026-07-29 19:11:05 [iter 40/70] eval vs best: 55/80 games (102s, cand 9%)
2026-07-29 19:11:12   [GPU] 800,072 evals (6199 batches, avg 129/batch = 25% of 512, 7507 evals/s, 531 msg/s, 14.1 leaves/msg, 107s)
2026-07-29 19:11:21   [GPU] 850,005 evals (6901 batches, avg 123/batch = 24% of 512, 7361 evals/s, 521 msg/s, 14.1 leaves/msg, 115s)
2026-07-29 19:11:30   [GPU] 900,026 evals (7582 batches, avg 119/batch = 23% of 512, 7221 evals/s, 512 msg/s, 14.1 leaves/msg, 125s)
2026-07-29 19:11:40   [GPU] 950,044 evals (8407 batches, avg 113/batch = 22% of 512, 7029 evals/s, 498 msg/s, 14.1 leaves/msg, 135s)
2026-07-29 19:11:49 [iter 40/70] eval vs best: 60/80 games (146s, cand 10%)
2026-07-29 19:11:51   [GPU] 1,000,013 evals (9228 batches, avg 108/batch = 21% of 512, 6876 evals/s, 487 msg/s, 14.1 leaves/msg, 145s)
2026-07-29 19:12:03   [GPU] 1,050,016 evals (10205 batches, avg 103/batch = 20% of 512, 6666 evals/s, 472 msg/s, 14.1 leaves/msg, 158s)
2026-07-29 19:12:16   [GPU] 1,100,015 evals (11292 batches, avg 97/batch = 19% of 512, 6454 evals/s, 457 msg/s, 14.1 leaves/msg, 170s)
2026-07-29 19:12:29   [GPU] 1,150,063 evals (12359 batches, avg 93/batch = 18% of 512, 6269 evals/s, 444 msg/s, 14.1 leaves/msg, 183s)
2026-07-29 19:12:34 [iter 40/70] eval vs best: 65/80 games (191s, cand 10%)
2026-07-29 19:12:45 [iter 40/70] eval vs best: 70/80 games (202s, cand 10%)
2026-07-29 19:12:47   [GPU] 1,200,001 evals (13823 batches, avg 87/batch = 17% of 512, 5957 evals/s, 422 msg/s, 14.1 leaves/msg, 201s)
2026-07-29 19:13:10 [iter 40/70] eval vs best: 75/80 games (227s, cand 10%)
2026-07-29 19:13:20   [GPU] 1,250,024 evals (16061 batches, avg 78/batch = 15% of 512, 5332 evals/s, 378 msg/s, 14.1 leaves/msg, 234s)
2026-07-29 19:14:37 [iter 40/70] eval vs best: 80/80 games (314s, cand 12%)
2026-07-29 19:14:37 [iter 40/70] eval vs best done: 11.7% of 60 decided reject (314s)
2026-07-29 19:14:37 [iter 40/70] eval vs random (40 games, 200 sims)...
2026-07-29 19:14:38 [EVAL-MP] 40 workers spawned (40 vs_random games, sims=200), GPU batcher starting...
2026-07-29 19:14:47   [GPU] 50,207 evals (459 batches, avg 109/batch = 21% of 512, 5944 evals/s, 427 msg/s, 13.9 leaves/msg, 8s)
2026-07-29 19:14:51   [GPU] 100,024 evals (772 batches, avg 130/batch = 25% of 512, 7706 evals/s, 595 msg/s, 12.9 leaves/msg, 13s)
2026-07-29 19:14:51 [iter 40/70] eval vs random: 5/40 games (14s, cand 100%)
2026-07-29 19:14:53 [iter 40/70] eval vs random: 10/40 games (16s, cand 100%)
2026-07-29 19:14:56   [GPU] 150,046 evals (1114 batches, avg 135/batch = 26% of 512, 8347 evals/s, 678 msg/s, 12.3 leaves/msg, 18s)
2026-07-29 19:14:57 [iter 40/70] eval vs random: 15/40 games (20s, cand 100%)
2026-07-29 19:15:01   [GPU] 200,105 evals (1444 batches, avg 139/batch = 27% of 512, 8950 evals/s, 745 msg/s, 12.0 leaves/msg, 22s)
2026-07-29 19:15:05   [GPU] 250,053 evals (1785 batches, avg 140/batch = 27% of 512, 9354 evals/s, 792 msg/s, 11.8 leaves/msg, 27s)
2026-07-29 19:15:07 [iter 40/70] eval vs random: 20/40 games (30s, cand 88%)
2026-07-29 19:15:07 [iter 40/70] eval vs random: 25/40 games (30s, cand 88%)
2026-07-29 19:15:08 [iter 40/70] eval vs random: 30/40 games (30s, cand 88%)
2026-07-29 19:15:08 [iter 40/70] eval vs random: 35/40 games (31s, cand 88%)
2026-07-29 19:15:09 [iter 40/70] eval vs random: 40/40 games (32s, cand 88%)
2026-07-29 19:15:10 [iter 40/70] eval vs random done: 88.2% (33s)
2026-07-29 19:15:10 >>> iter 40 | loss_p=1.677 loss_v=0.044 | vs_best=11.7% reject | vs_rand=88.2% | draw=1% | buf=378592 | sp=365s train=10s eval_best=314s eval_rand=33s | total=722s
2026-07-29 19:15:10 [iter 41/70] self-play starting (70 games, 600 sims)...
2026-07-29 19:15:12 [PARALLEL-MP] 64 workers spawned (70 games, sims=600), GPU batcher starting...
2026-07-29 19:15:24   [GPU] 50,000 evals (363 batches, avg 138/batch = 27% of 512, 3994 evals/s, 262 msg/s, 15.3 leaves/msg, 13s)
2026-07-29 19:15:32   [GPU] 100,096 evals (698 batches, avg 143/batch = 28% of 512, 5046 evals/s, 328 msg/s, 15.4 leaves/msg, 20s)
2026-07-29 19:15:39   [GPU] 150,008 evals (1061 batches, avg 141/batch = 28% of 512, 5474 evals/s, 355 msg/s, 15.4 leaves/msg, 27s)
2026-07-29 19:15:47   [GPU] 200,188 evals (1396 batches, avg 143/batch = 28% of 512, 5768 evals/s, 375 msg/s, 15.4 leaves/msg, 35s)
2026-07-29 19:15:54   [GPU] 250,064 evals (1746 batches, avg 143/batch = 28% of 512, 5920 evals/s, 384 msg/s, 15.4 leaves/msg, 42s)
2026-07-29 19:16:01   [GPU] 300,098 evals (2081 batches, avg 144/batch = 28% of 512, 6070 evals/s, 394 msg/s, 15.4 leaves/msg, 49s)
2026-07-29 19:16:08   [GPU] 350,094 evals (2422 batches, avg 145/batch = 28% of 512, 6196 evals/s, 402 msg/s, 15.4 leaves/msg, 57s)
2026-07-29 19:16:15   [GPU] 400,110 evals (2751 batches, avg 145/batch = 28% of 512, 6299 evals/s, 409 msg/s, 15.4 leaves/msg, 64s)
2026-07-29 19:16:22   [GPU] 450,049 evals (3075 batches, avg 146/batch = 29% of 512, 6402 evals/s, 416 msg/s, 15.4 leaves/msg, 70s)
2026-07-29 19:16:29   [GPU] 500,031 evals (3389 batches, avg 148/batch = 29% of 512, 6510 evals/s, 423 msg/s, 15.4 leaves/msg, 77s)
2026-07-29 19:16:35   [GPU] 550,152 evals (3702 batches, avg 149/batch = 29% of 512, 6609 evals/s, 429 msg/s, 15.4 leaves/msg, 83s)
2026-07-29 19:16:41   [GPU] 600,159 evals (3995 batches, avg 150/batch = 29% of 512, 6719 evals/s, 436 msg/s, 15.4 leaves/msg, 89s)
2026-07-29 19:16:47   [GPU] 650,093 evals (4285 batches, avg 152/batch = 30% of 512, 6850 evals/s, 445 msg/s, 15.4 leaves/msg, 95s)
2026-07-29 19:16:51   [GPU] 700,067 evals (4565 batches, avg 153/batch = 30% of 512, 7043 evals/s, 457 msg/s, 15.4 leaves/msg, 99s)
2026-07-29 19:16:55   [GPU] 750,200 evals (4854 batches, avg 155/batch = 30% of 512, 7254 evals/s, 471 msg/s, 15.4 leaves/msg, 103s)
2026-07-29 19:16:59   [GPU] 800,032 evals (5143 batches, avg 156/batch = 30% of 512, 7444 evals/s, 485 msg/s, 15.4 leaves/msg, 107s)
2026-07-29 19:17:04   [GPU] 850,001 evals (5452 batches, avg 156/batch = 30% of 512, 7586 evals/s, 495 msg/s, 15.3 leaves/msg, 112s)
2026-07-29 19:17:08   [GPU] 900,023 evals (5749 batches, avg 157/batch = 31% of 512, 7755 evals/s, 507 msg/s, 15.3 leaves/msg, 116s)
2026-07-29 19:17:12   [GPU] 950,023 evals (6060 batches, avg 157/batch = 31% of 512, 7903 evals/s, 518 msg/s, 15.3 leaves/msg, 120s)
2026-07-29 19:17:16   [GPU] 1,000,196 evals (6365 batches, avg 157/batch = 31% of 512, 8050 evals/s, 529 msg/s, 15.2 leaves/msg, 124s)
2026-07-29 19:17:20   [GPU] 1,050,146 evals (6675 batches, avg 157/batch = 31% of 512, 8180 evals/s, 538 msg/s, 15.2 leaves/msg, 128s)
2026-07-29 19:17:24   [GPU] 1,100,055 evals (6968 batches, avg 158/batch = 31% of 512, 8318 evals/s, 549 msg/s, 15.2 leaves/msg, 132s)
2026-07-29 19:17:28   [GPU] 1,150,047 evals (7291 batches, avg 158/batch = 31% of 512, 8422 evals/s, 557 msg/s, 15.1 leaves/msg, 137s)
2026-07-29 19:17:32   [GPU] 1,200,082 evals (7593 batches, avg 158/batch = 31% of 512, 8540 evals/s, 565 msg/s, 15.1 leaves/msg, 141s)
2026-07-29 19:17:37   [GPU] 1,250,082 evals (7910 batches, avg 158/batch = 31% of 512, 8631 evals/s, 572 msg/s, 15.1 leaves/msg, 145s)
2026-07-29 19:17:41   [GPU] 1,300,154 evals (8217 batches, avg 158/batch = 31% of 512, 8745 evals/s, 581 msg/s, 15.0 leaves/msg, 149s)
2026-07-29 19:17:45   [GPU] 1,350,076 evals (8528 batches, avg 158/batch = 31% of 512, 8838 evals/s, 589 msg/s, 15.0 leaves/msg, 153s)
2026-07-29 19:17:49   [GPU] 1,400,161 evals (8823 batches, avg 159/batch = 31% of 512, 8930 evals/s, 596 msg/s, 15.0 leaves/msg, 157s)
2026-07-29 19:17:53   [GPU] 1,450,120 evals (9129 batches, avg 159/batch = 31% of 512, 9007 evals/s, 603 msg/s, 14.9 leaves/msg, 161s)
2026-07-29 19:17:57   [GPU] 1,500,226 evals (9426 batches, avg 159/batch = 31% of 512, 9102 evals/s, 610 msg/s, 14.9 leaves/msg, 165s)
2026-07-29 19:18:01   [GPU] 1,550,015 evals (9746 batches, avg 159/batch = 31% of 512, 9164 evals/s, 616 msg/s, 14.9 leaves/msg, 169s)
2026-07-29 19:18:05   [GPU] 1,600,072 evals (10047 batches, avg 159/batch = 31% of 512, 9247 evals/s, 623 msg/s, 14.8 leaves/msg, 173s)
2026-07-29 19:18:09   [GPU] 1,650,038 evals (10371 batches, avg 159/batch = 31% of 512, 9304 evals/s, 630 msg/s, 14.8 leaves/msg, 177s)
2026-07-29 19:18:13   [GPU] 1,700,095 evals (10671 batches, avg 159/batch = 31% of 512, 9380 evals/s, 637 msg/s, 14.7 leaves/msg, 181s)
2026-07-29 19:18:17   [GPU] 1,750,049 evals (10976 batches, avg 159/batch = 31% of 512, 9446 evals/s, 644 msg/s, 14.7 leaves/msg, 185s)
2026-07-29 19:18:21   [GPU] 1,800,092 evals (11282 batches, avg 160/batch = 31% of 512, 9495 evals/s, 651 msg/s, 14.6 leaves/msg, 190s)
2026-07-29 19:18:27   [GPU] 1,850,014 evals (11640 batches, avg 159/batch = 31% of 512, 9504 evals/s, 656 msg/s, 14.5 leaves/msg, 195s)
2026-07-29 19:18:27 [iter 41/70] self-play: 5/70 games...
2026-07-29 19:18:31   [GPU] 1,900,066 evals (11978 batches, avg 159/batch = 31% of 512, 9529 evals/s, 662 msg/s, 14.4 leaves/msg, 199s)
2026-07-29 19:18:35 [iter 41/70] self-play: 10/70 games...
2026-07-29 19:18:36   [GPU] 1,950,020 evals (12308 batches, avg 158/batch = 31% of 512, 9576 evals/s, 670 msg/s, 14.3 leaves/msg, 204s)
2026-07-29 19:18:40   [GPU] 2,000,180 evals (12663 batches, avg 158/batch = 31% of 512, 9608 evals/s, 679 msg/s, 14.2 leaves/msg, 208s)
2026-07-29 19:18:41 [iter 41/70] self-play: 15/70 games...
2026-07-29 19:18:45   [GPU] 2,050,063 evals (13020 batches, avg 157/batch = 31% of 512, 9632 evals/s, 688 msg/s, 14.0 leaves/msg, 213s)
2026-07-29 19:18:45 [iter 41/70] self-play: 20/70 games...
2026-07-29 19:18:47 [iter 41/70] self-play: 25/70 games...
2026-07-29 19:18:50 [iter 41/70] self-play: 30/70 games...
2026-07-29 19:18:50   [GPU] 2,100,106 evals (13395 batches, avg 157/batch = 31% of 512, 9638 evals/s, 695 msg/s, 13.9 leaves/msg, 218s)
2026-07-29 19:18:53 [iter 41/70] self-play: 35/70 games...
2026-07-29 19:18:55   [GPU] 2,150,027 evals (13769 batches, avg 156/batch = 30% of 512, 9649 evals/s, 702 msg/s, 13.7 leaves/msg, 223s)
2026-07-29 19:18:56 [iter 41/70] self-play: 40/70 games...
2026-07-29 19:18:58 [iter 41/70] self-play: 45/70 games...
2026-07-29 19:19:00   [GPU] 2,200,049 evals (14170 batches, avg 155/batch = 30% of 512, 9635 evals/s, 707 msg/s, 13.6 leaves/msg, 228s)
2026-07-29 19:19:03 [iter 41/70] self-play: 50/70 games...
2026-07-29 19:19:06 [iter 41/70] self-play: 55/70 games...
2026-07-29 19:19:07   [GPU] 2,250,017 evals (14741 batches, avg 153/batch = 30% of 512, 9561 evals/s, 708 msg/s, 13.5 leaves/msg, 235s)
2026-07-29 19:19:15 [iter 41/70] self-play: 60/70 games...
2026-07-29 19:19:18   [GPU] 2,300,056 evals (15670 batches, avg 147/batch = 29% of 512, 9363 evals/s, 696 msg/s, 13.4 leaves/msg, 246s)
2026-07-29 19:19:28   [GPU] 2,350,048 evals (16658 batches, avg 141/batch = 28% of 512, 9160 evals/s, 681 msg/s, 13.4 leaves/msg, 257s)
2026-07-29 19:19:38   [GPU] 2,400,061 evals (17497 batches, avg 137/batch = 27% of 512, 9028 evals/s, 671 msg/s, 13.5 leaves/msg, 266s)
2026-07-29 19:19:47   [GPU] 2,450,047 evals (18375 batches, avg 133/batch = 26% of 512, 8906 evals/s, 662 msg/s, 13.5 leaves/msg, 275s)
2026-07-29 19:19:54 [iter 41/70] self-play: 65/70 games...
2026-07-29 19:20:00   [GPU] 2,500,017 evals (19693 batches, avg 127/batch = 25% of 512, 8663 evals/s, 646 msg/s, 13.4 leaves/msg, 289s)
2026-07-29 19:20:48 [iter 41/70] self-play: 70/70 games...
2026-07-29 19:20:48 [iter 41/70] self-play done: 70 games (338s) | wins: P0=30, P2=16, P3=23, draw=1 | draw_rate=1% avg_len~66
2026-07-29 19:20:48 [iter 41/70] training (600 steps, lr=4.50e-04)...
2026-07-29 19:20:58 [iter 41/70] training done: loss_p=1.678 loss_v=0.044 (10s)
2026-07-29 19:20:58 [iter 41/70] eval skipped (eval_every=5)
2026-07-29 19:20:58 >>> iter 41 | loss_p=1.678 loss_v=0.044 | vs_best=n/a (not evaluated) | vs_rand=n/a | draw=1% | buf=387852 | sp=338s train=10s eval_best=0s eval_rand=0s | total=349s
2026-07-29 19:20:58 [iter 42/70] self-play starting (70 games, 600 sims)...
2026-07-29 19:21:01 [PARALLEL-MP] 64 workers spawned (70 games, sims=600), GPU batcher starting...
2026-07-29 19:21:13   [GPU] 50,080 evals (373 batches, avg 134/batch = 26% of 512, 4030 evals/s, 264 msg/s, 15.3 leaves/msg, 12s)
2026-07-29 19:21:20   [GPU] 100,016 evals (724 batches, avg 138/batch = 27% of 512, 5022 evals/s, 326 msg/s, 15.4 leaves/msg, 20s)
2026-07-29 19:21:28   [GPU] 150,105 evals (1074 batches, avg 140/batch = 27% of 512, 5454 evals/s, 354 msg/s, 15.4 leaves/msg, 28s)
2026-07-29 19:21:36   [GPU] 200,089 evals (1406 batches, avg 142/batch = 28% of 512, 5715 evals/s, 372 msg/s, 15.4 leaves/msg, 35s)
2026-07-29 19:21:43   [GPU] 250,032 evals (1748 batches, avg 143/batch = 28% of 512, 5893 evals/s, 383 msg/s, 15.4 leaves/msg, 42s)
2026-07-29 19:21:50   [GPU] 300,128 evals (2077 batches, avg 145/batch = 28% of 512, 6072 evals/s, 394 msg/s, 15.4 leaves/msg, 49s)
2026-07-29 19:21:57   [GPU] 350,048 evals (2416 batches, avg 145/batch = 28% of 512, 6204 evals/s, 403 msg/s, 15.4 leaves/msg, 56s)
2026-07-29 19:22:04   [GPU] 400,240 evals (2731 batches, avg 147/batch = 29% of 512, 6331 evals/s, 411 msg/s, 15.4 leaves/msg, 63s)
2026-07-29 19:22:10   [GPU] 450,116 evals (3044 batches, avg 148/batch = 29% of 512, 6465 evals/s, 420 msg/s, 15.4 leaves/msg, 70s)
2026-07-29 19:22:16   [GPU] 500,119 evals (3352 batches, avg 149/batch = 29% of 512, 6587 evals/s, 428 msg/s, 15.4 leaves/msg, 76s)
2026-07-29 19:22:23   [GPU] 550,020 evals (3664 batches, avg 150/batch = 29% of 512, 6697 evals/s, 435 msg/s, 15.4 leaves/msg, 82s)
2026-07-29 19:22:28   [GPU] 600,062 evals (3972 batches, avg 151/batch = 30% of 512, 6831 evals/s, 443 msg/s, 15.4 leaves/msg, 88s)
2026-07-29 19:22:34   [GPU] 650,000 evals (4280 batches, avg 152/batch = 30% of 512, 6969 evals/s, 452 msg/s, 15.4 leaves/msg, 93s)
2026-07-29 19:22:38   [GPU] 700,183 evals (4592 batches, avg 152/batch = 30% of 512, 7154 evals/s, 464 msg/s, 15.4 leaves/msg, 98s)
2026-07-29 19:22:43   [GPU] 750,051 evals (4912 batches, avg 153/batch = 30% of 512, 7307 evals/s, 475 msg/s, 15.4 leaves/msg, 103s)
2026-07-29 19:22:48   [GPU] 800,101 evals (5240 batches, avg 153/batch = 30% of 512, 7440 evals/s, 484 msg/s, 15.4 leaves/msg, 108s)
2026-07-29 19:22:53   [GPU] 850,066 evals (5556 batches, avg 153/batch = 30% of 512, 7574 evals/s, 494 msg/s, 15.3 leaves/msg, 112s)
2026-07-29 19:22:58   [GPU] 900,012 evals (5887 batches, avg 153/batch = 30% of 512, 7698 evals/s, 503 msg/s, 15.3 leaves/msg, 117s)
2026-07-29 19:23:02   [GPU] 950,132 evals (6217 batches, avg 153/batch = 30% of 512, 7810 evals/s, 512 msg/s, 15.3 leaves/msg, 122s)
2026-07-29 19:23:07   [GPU] 1,000,174 evals (6547 batches, avg 153/batch = 30% of 512, 7921 evals/s, 520 msg/s, 15.2 leaves/msg, 126s)
2026-07-29 19:23:11   [GPU] 1,050,129 evals (6869 batches, avg 153/batch = 30% of 512, 8023 evals/s, 528 msg/s, 15.2 leaves/msg, 131s)
2026-07-29 19:23:16   [GPU] 1,100,027 evals (7197 batches, avg 153/batch = 30% of 512, 8115 evals/s, 535 msg/s, 15.2 leaves/msg, 136s)
2026-07-29 19:23:21   [GPU] 1,150,169 evals (7533 batches, avg 153/batch = 30% of 512, 8197 evals/s, 541 msg/s, 15.1 leaves/msg, 140s)
2026-07-29 19:23:26   [GPU] 1,200,116 evals (7868 batches, avg 153/batch = 30% of 512, 8270 evals/s, 547 msg/s, 15.1 leaves/msg, 145s)
2026-07-29 19:23:30   [GPU] 1,250,013 evals (8198 batches, avg 152/batch = 30% of 512, 8341 evals/s, 553 msg/s, 15.1 leaves/msg, 150s)
2026-07-29 19:23:35   [GPU] 1,300,090 evals (8527 batches, avg 152/batch = 30% of 512, 8409 evals/s, 558 msg/s, 15.1 leaves/msg, 155s)
2026-07-29 19:23:40   [GPU] 1,350,055 evals (8850 batches, avg 153/batch = 30% of 512, 8470 evals/s, 563 msg/s, 15.0 leaves/msg, 159s)
2026-07-29 19:23:45   [GPU] 1,400,164 evals (9179 batches, avg 153/batch = 30% of 512, 8534 evals/s, 569 msg/s, 15.0 leaves/msg, 164s)
2026-07-29 19:23:49   [GPU] 1,450,035 evals (9517 batches, avg 152/batch = 30% of 512, 8591 evals/s, 573 msg/s, 15.0 leaves/msg, 169s)
2026-07-29 19:23:54   [GPU] 1,500,006 evals (9840 batches, avg 152/batch = 30% of 512, 8647 evals/s, 578 msg/s, 15.0 leaves/msg, 173s)
2026-07-29 19:23:59   [GPU] 1,550,054 evals (10156 batches, avg 153/batch = 30% of 512, 8705 evals/s, 583 msg/s, 14.9 leaves/msg, 178s)
2026-07-29 19:24:03   [GPU] 1,600,098 evals (10470 batches, avg 153/batch = 30% of 512, 8760 evals/s, 588 msg/s, 14.9 leaves/msg, 183s)
2026-07-29 19:24:08   [GPU] 1,650,219 evals (10806 batches, avg 153/batch = 30% of 512, 8810 evals/s, 593 msg/s, 14.9 leaves/msg, 187s)
2026-07-29 19:24:13   [GPU] 1,700,181 evals (11151 batches, avg 152/batch = 30% of 512, 8846 evals/s, 597 msg/s, 14.8 leaves/msg, 192s)
2026-07-29 19:24:18   [GPU] 1,750,077 evals (11492 batches, avg 152/batch = 30% of 512, 8887 evals/s, 602 msg/s, 14.8 leaves/msg, 197s)
2026-07-29 19:24:22   [GPU] 1,800,144 evals (11853 batches, avg 152/batch = 30% of 512, 8918 evals/s, 607 msg/s, 14.7 leaves/msg, 202s)
2026-07-29 19:24:27   [GPU] 1,850,046 evals (12217 batches, avg 151/batch = 30% of 512, 8941 evals/s, 613 msg/s, 14.6 leaves/msg, 207s)
2026-07-29 19:24:31 [iter 42/70] self-play: 5/70 games...
2026-07-29 19:24:33   [GPU] 1,900,020 evals (12570 batches, avg 151/batch = 30% of 512, 8963 evals/s, 618 msg/s, 14.5 leaves/msg, 212s)
2026-07-29 19:24:38   [GPU] 1,950,132 evals (12931 batches, avg 151/batch = 29% of 512, 8985 evals/s, 623 msg/s, 14.4 leaves/msg, 217s)
2026-07-29 19:24:41 [iter 42/70] self-play: 10/70 games...
2026-07-29 19:24:43   [GPU] 2,000,040 evals (13298 batches, avg 150/batch = 29% of 512, 9000 evals/s, 628 msg/s, 14.3 leaves/msg, 222s)
2026-07-29 19:24:44 [iter 42/70] self-play: 15/70 games...
2026-07-29 19:24:48   [GPU] 2,050,115 evals (13668 batches, avg 150/batch = 29% of 512, 9016 evals/s, 633 msg/s, 14.2 leaves/msg, 227s)
2026-07-29 19:24:50 [iter 42/70] self-play: 20/70 games...
2026-07-29 19:24:53   [GPU] 2,100,116 evals (14024 batches, avg 150/batch = 29% of 512, 9037 evals/s, 638 msg/s, 14.2 leaves/msg, 232s)
2026-07-29 19:24:54 [iter 42/70] self-play: 25/70 games...
2026-07-29 19:24:58   [GPU] 2,150,140 evals (14391 batches, avg 149/batch = 29% of 512, 9058 evals/s, 643 msg/s, 14.1 leaves/msg, 237s)
2026-07-29 19:25:01 [iter 42/70] self-play: 30/70 games...
2026-07-29 19:25:03   [GPU] 2,200,074 evals (14733 batches, avg 149/batch = 29% of 512, 9082 evals/s, 647 msg/s, 14.0 leaves/msg, 242s)
2026-07-29 19:25:06 [iter 42/70] self-play: 35/70 games...
2026-07-29 19:25:08   [GPU] 2,250,079 evals (15099 batches, avg 149/batch = 29% of 512, 9097 evals/s, 652 msg/s, 14.0 leaves/msg, 247s)
2026-07-29 19:25:12 [iter 42/70] self-play: 40/70 games...
2026-07-29 19:25:13   [GPU] 2,300,053 evals (15474 batches, avg 149/batch = 29% of 512, 9108 evals/s, 656 msg/s, 13.9 leaves/msg, 253s)
2026-07-29 19:25:16 [iter 42/70] self-play: 45/70 games...
2026-07-29 19:25:18   [GPU] 2,350,103 evals (15850 batches, avg 148/batch = 29% of 512, 9119 evals/s, 660 msg/s, 13.8 leaves/msg, 258s)
2026-07-29 19:25:21 [iter 42/70] self-play: 50/70 games...
2026-07-29 19:25:24   [GPU] 2,400,059 evals (16292 batches, avg 147/batch = 29% of 512, 9108 evals/s, 661 msg/s, 13.8 leaves/msg, 264s)
2026-07-29 19:25:30   [GPU] 2,450,009 evals (16797 batches, avg 146/batch = 28% of 512, 9086 evals/s, 662 msg/s, 13.7 leaves/msg, 270s)
2026-07-29 19:25:32 [iter 42/70] self-play: 55/70 games...
2026-07-29 19:25:37   [GPU] 2,500,110 evals (17398 batches, avg 144/batch = 28% of 512, 9029 evals/s, 659 msg/s, 13.7 leaves/msg, 277s)
2026-07-29 19:25:44   [GPU] 2,550,042 evals (17919 batches, avg 142/batch = 28% of 512, 8997 evals/s, 656 msg/s, 13.7 leaves/msg, 283s)
2026-07-29 19:25:50   [GPU] 2,600,048 evals (18433 batches, avg 141/batch = 28% of 512, 8971 evals/s, 654 msg/s, 13.7 leaves/msg, 290s)
2026-07-29 19:25:57   [GPU] 2,650,064 evals (18970 batches, avg 140/batch = 27% of 512, 8944 evals/s, 653 msg/s, 13.7 leaves/msg, 296s)
2026-07-29 19:26:04   [GPU] 2,700,003 evals (19575 batches, avg 138/batch = 27% of 512, 8896 evals/s, 650 msg/s, 13.7 leaves/msg, 304s)
2026-07-29 19:26:10 [iter 42/70] self-play: 60/70 games...
2026-07-29 19:26:12   [GPU] 2,750,061 evals (20291 batches, avg 136/batch = 26% of 512, 8829 evals/s, 647 msg/s, 13.6 leaves/msg, 311s)
2026-07-29 19:26:21   [GPU] 2,800,057 evals (21148 batches, avg 132/batch = 26% of 512, 8732 evals/s, 640 msg/s, 13.6 leaves/msg, 321s)
2026-07-29 19:26:30   [GPU] 2,850,043 evals (22013 batches, avg 129/batch = 25% of 512, 8640 evals/s, 633 msg/s, 13.6 leaves/msg, 330s)
2026-07-29 19:26:40   [GPU] 2,900,015 evals (22973 batches, avg 126/batch = 25% of 512, 8535 evals/s, 626 msg/s, 13.6 leaves/msg, 340s)
2026-07-29 19:26:51   [GPU] 2,950,035 evals (23946 batches, avg 123/batch = 24% of 512, 8430 evals/s, 618 msg/s, 13.6 leaves/msg, 350s)
2026-07-29 19:27:01   [GPU] 3,000,002 evals (24926 batches, avg 120/batch = 24% of 512, 8328 evals/s, 611 msg/s, 13.6 leaves/msg, 360s)
2026-07-29 19:27:04 [iter 42/70] self-play: 65/70 games...
2026-07-29 19:27:24 [iter 42/70] self-play: 70/70 games...
2026-07-29 19:27:25 [iter 42/70] self-play done: 70 games (386s) | wins: P0=23, P2=22, P3=19, draw=6 | draw_rate=9% avg_len~63
2026-07-29 19:27:25 [iter 42/70] training (600 steps, lr=4.30e-04)...
2026-07-29 19:27:36 [iter 42/70] training done: loss_p=1.674 loss_v=0.044 (11s)
2026-07-29 19:27:36 [iter 42/70] eval skipped (eval_every=5)
2026-07-29 19:27:36 >>> iter 42 | loss_p=1.674 loss_v=0.044 | vs_best=n/a (not evaluated) | vs_rand=n/a | draw=9% | buf=396702 | sp=386s train=11s eval_best=0s eval_rand=0s | total=398s
2026-07-29 19:27:36 [iter 43/70] self-play starting (70 games, 600 sims)...
2026-07-29 19:27:38 [PARALLEL-MP] 64 workers spawned (70 games, sims=600), GPU batcher starting...
2026-07-29 19:27:51   [GPU] 50,000 evals (378 batches, avg 132/batch = 26% of 512, 3869 evals/s, 254 msg/s, 15.3 leaves/msg, 13s)
2026-07-29 19:27:59   [GPU] 100,089 evals (705 batches, avg 142/batch = 28% of 512, 4873 evals/s, 317 msg/s, 15.4 leaves/msg, 21s)
2026-07-29 19:28:07   [GPU] 150,124 evals (1059 batches, avg 142/batch = 28% of 512, 5284 evals/s, 343 msg/s, 15.4 leaves/msg, 28s)
2026-07-29 19:28:14   [GPU] 200,140 evals (1398 batches, avg 143/batch = 28% of 512, 5573 evals/s, 363 msg/s, 15.4 leaves/msg, 36s)
2026-07-29 19:28:22   [GPU] 250,146 evals (1735 batches, avg 144/batch = 28% of 512, 5762 evals/s, 374 msg/s, 15.4 leaves/msg, 43s)
2026-07-29 19:28:29   [GPU] 300,162 evals (2062 batches, avg 146/batch = 28% of 512, 5915 evals/s, 384 msg/s, 15.4 leaves/msg, 51s)
2026-07-29 19:28:37   [GPU] 350,057 evals (2390 batches, avg 146/batch = 29% of 512, 6025 evals/s, 391 msg/s, 15.4 leaves/msg, 58s)
2026-07-29 19:28:44   [GPU] 400,270 evals (2720 batches, avg 147/batch = 29% of 512, 6145 evals/s, 399 msg/s, 15.4 leaves/msg, 65s)
2026-07-29 19:28:51   [GPU] 450,108 evals (3049 batches, avg 148/batch = 29% of 512, 6247 evals/s, 406 msg/s, 15.4 leaves/msg, 72s)
2026-07-29 19:28:57   [GPU] 500,109 evals (3372 batches, avg 148/batch = 29% of 512, 6349 evals/s, 412 msg/s, 15.4 leaves/msg, 79s)
2026-07-29 19:29:04   [GPU] 550,125 evals (3692 batches, avg 149/batch = 29% of 512, 6456 evals/s, 419 msg/s, 15.4 leaves/msg, 85s)
2026-07-29 19:29:10   [GPU] 600,056 evals (4004 batches, avg 150/batch = 29% of 512, 6570 evals/s, 426 msg/s, 15.4 leaves/msg, 91s)
2026-07-29 19:29:15   [GPU] 650,042 evals (4319 batches, avg 151/batch = 29% of 512, 6706 evals/s, 435 msg/s, 15.4 leaves/msg, 97s)
2026-07-29 19:29:20   [GPU] 700,028 evals (4627 batches, avg 151/batch = 30% of 512, 6892 evals/s, 447 msg/s, 15.4 leaves/msg, 102s)
2026-07-29 19:29:25   [GPU] 750,013 evals (4943 batches, avg 152/batch = 30% of 512, 7054 evals/s, 458 msg/s, 15.4 leaves/msg, 106s)
2026-07-29 19:29:30   [GPU] 800,098 evals (5266 batches, avg 152/batch = 30% of 512, 7195 evals/s, 468 msg/s, 15.4 leaves/msg, 111s)
2026-07-29 19:29:35   [GPU] 850,032 evals (5596 batches, avg 152/batch = 30% of 512, 7323 evals/s, 478 msg/s, 15.3 leaves/msg, 116s)
2026-07-29 19:29:39   [GPU] 900,083 evals (5921 batches, avg 152/batch = 30% of 512, 7449 evals/s, 487 msg/s, 15.3 leaves/msg, 121s)
2026-07-29 19:29:44   [GPU] 950,086 evals (6248 batches, avg 152/batch = 30% of 512, 7569 evals/s, 496 msg/s, 15.3 leaves/msg, 126s)
2026-07-29 19:29:49   [GPU] 1,000,042 evals (6573 batches, avg 152/batch = 30% of 512, 7681 evals/s, 504 msg/s, 15.2 leaves/msg, 130s)
2026-07-29 19:29:53   [GPU] 1,050,054 evals (6905 batches, avg 152/batch = 30% of 512, 7780 evals/s, 512 msg/s, 15.2 leaves/msg, 135s)
2026-07-29 19:29:58   [GPU] 1,100,057 evals (7228 batches, avg 152/batch = 30% of 512, 7881 evals/s, 519 msg/s, 15.2 leaves/msg, 140s)
2026-07-29 19:30:03   [GPU] 1,150,039 evals (7552 batches, avg 152/batch = 30% of 512, 7967 evals/s, 525 msg/s, 15.2 leaves/msg, 144s)
2026-07-29 19:30:08   [GPU] 1,200,161 evals (7888 batches, avg 152/batch = 30% of 512, 8044 evals/s, 532 msg/s, 15.1 leaves/msg, 149s)
2026-07-29 19:30:13   [GPU] 1,250,053 evals (8227 batches, avg 152/batch = 30% of 512, 8114 evals/s, 537 msg/s, 15.1 leaves/msg, 154s)
2026-07-29 19:30:17   [GPU] 1,300,077 evals (8555 batches, avg 152/batch = 30% of 512, 8188 evals/s, 543 msg/s, 15.1 leaves/msg, 159s)
2026-07-29 19:30:22   [GPU] 1,350,107 evals (8900 batches, avg 152/batch = 30% of 512, 8247 evals/s, 548 msg/s, 15.1 leaves/msg, 164s)
2026-07-29 19:30:27   [GPU] 1,400,083 evals (9244 batches, avg 151/batch = 30% of 512, 8306 evals/s, 552 msg/s, 15.0 leaves/msg, 169s)
2026-07-29 19:30:32   [GPU] 1,450,000 evals (9583 batches, avg 151/batch = 30% of 512, 8363 evals/s, 557 msg/s, 15.0 leaves/msg, 173s)
2026-07-29 19:30:37   [GPU] 1,500,088 evals (9927 batches, avg 151/batch = 30% of 512, 8417 evals/s, 562 msg/s, 15.0 leaves/msg, 178s)
2026-07-29 19:30:41   [GPU] 1,550,167 evals (10267 batches, avg 151/batch = 29% of 512, 8475 evals/s, 566 msg/s, 15.0 leaves/msg, 183s)
2026-07-29 19:30:46   [GPU] 1,600,085 evals (10607 batches, avg 151/batch = 29% of 512, 8525 evals/s, 571 msg/s, 14.9 leaves/msg, 188s)
2026-07-29 19:30:51   [GPU] 1,650,059 evals (10959 batches, avg 151/batch = 29% of 512, 8572 evals/s, 575 msg/s, 14.9 leaves/msg, 192s)
2026-07-29 19:30:56   [GPU] 1,700,027 evals (11302 batches, avg 150/batch = 29% of 512, 8618 evals/s, 580 msg/s, 14.9 leaves/msg, 197s)
2026-07-29 19:31:01   [GPU] 1,750,149 evals (11651 batches, avg 150/batch = 29% of 512, 8653 evals/s, 583 msg/s, 14.8 leaves/msg, 202s)
2026-07-29 19:31:06   [GPU] 1,800,068 evals (12004 batches, avg 150/batch = 29% of 512, 8685 evals/s, 588 msg/s, 14.8 leaves/msg, 207s)
2026-07-29 19:31:11   [GPU] 1,850,174 evals (12355 batches, avg 150/batch = 29% of 512, 8719 evals/s, 593 msg/s, 14.7 leaves/msg, 212s)
2026-07-29 19:31:16   [GPU] 1,900,049 evals (12719 batches, avg 149/batch = 29% of 512, 8743 evals/s, 597 msg/s, 14.6 leaves/msg, 217s)
2026-07-29 19:31:18 [iter 43/70] self-play: 5/70 games...
2026-07-29 19:31:21   [GPU] 1,950,140 evals (13080 batches, avg 149/batch = 29% of 512, 8771 evals/s, 602 msg/s, 14.6 leaves/msg, 222s)
2026-07-29 19:31:26   [GPU] 2,000,129 evals (13442 batches, avg 149/batch = 29% of 512, 8794 evals/s, 607 msg/s, 14.5 leaves/msg, 227s)
2026-07-29 19:31:27 [iter 43/70] self-play: 10/70 games...
2026-07-29 19:31:31   [GPU] 2,050,135 evals (13801 batches, avg 149/batch = 29% of 512, 8814 evals/s, 611 msg/s, 14.4 leaves/msg, 233s)
2026-07-29 19:31:34 [iter 43/70] self-play: 15/70 games...
2026-07-29 19:31:36   [GPU] 2,100,035 evals (14163 batches, avg 148/batch = 29% of 512, 8835 evals/s, 616 msg/s, 14.3 leaves/msg, 238s)
2026-07-29 19:31:40 [iter 43/70] self-play: 20/70 games...
2026-07-29 19:31:41   [GPU] 2,150,050 evals (14539 batches, avg 148/batch = 29% of 512, 8850 evals/s, 620 msg/s, 14.3 leaves/msg, 243s)
2026-07-29 19:31:46   [GPU] 2,200,056 evals (14900 batches, avg 148/batch = 29% of 512, 8871 evals/s, 624 msg/s, 14.2 leaves/msg, 248s)
2026-07-29 19:31:47 [iter 43/70] self-play: 25/70 games...
2026-07-29 19:31:52   [GPU] 2,250,075 evals (15276 batches, avg 147/batch = 29% of 512, 8885 evals/s, 629 msg/s, 14.1 leaves/msg, 253s)
2026-07-29 19:31:53 [iter 43/70] self-play: 30/70 games...
2026-07-29 19:31:56 [iter 43/70] self-play: 35/70 games...
2026-07-29 19:31:57   [GPU] 2,300,154 evals (15632 batches, avg 147/batch = 29% of 512, 8907 evals/s, 634 msg/s, 14.0 leaves/msg, 258s)
2026-07-29 19:32:00 [iter 43/70] self-play: 40/70 games...
2026-07-29 19:32:02   [GPU] 2,350,073 evals (16000 batches, avg 147/batch = 29% of 512, 8922 evals/s, 638 msg/s, 14.0 leaves/msg, 263s)
2026-07-29 19:32:05 [iter 43/70] self-play: 45/70 games...
2026-07-29 19:32:07   [GPU] 2,400,039 evals (16389 batches, avg 146/batch = 29% of 512, 8932 evals/s, 643 msg/s, 13.9 leaves/msg, 269s)
2026-07-29 19:32:10 [iter 43/70] self-play: 50/70 games...
2026-07-29 19:32:13   [GPU] 2,450,010 evals (16874 batches, avg 145/batch = 28% of 512, 8912 evals/s, 644 msg/s, 13.8 leaves/msg, 275s)
2026-07-29 19:32:14 [iter 43/70] self-play: 55/70 games...
2026-07-29 19:32:21   [GPU] 2,500,028 evals (17485 batches, avg 143/batch = 28% of 512, 8862 evals/s, 641 msg/s, 13.8 leaves/msg, 282s)
2026-07-29 19:32:28   [GPU] 2,550,025 evals (18091 batches, avg 141/batch = 28% of 512, 8811 evals/s, 640 msg/s, 13.8 leaves/msg, 289s)
2026-07-29 19:32:35   [GPU] 2,600,052 evals (18695 batches, avg 139/batch = 27% of 512, 8781 evals/s, 637 msg/s, 13.8 leaves/msg, 296s)
2026-07-29 19:32:41   [GPU] 2,650,073 evals (19299 batches, avg 137/batch = 27% of 512, 8746 evals/s, 634 msg/s, 13.8 leaves/msg, 303s)
2026-07-29 19:32:49   [GPU] 2,700,071 evals (19926 batches, avg 136/batch = 26% of 512, 8708 evals/s, 632 msg/s, 13.8 leaves/msg, 310s)
2026-07-29 19:32:50 [iter 43/70] self-play: 60/70 games...
2026-07-29 19:32:56   [GPU] 2,750,004 evals (20602 batches, avg 133/batch = 26% of 512, 8659 evals/s, 628 msg/s, 13.8 leaves/msg, 318s)
2026-07-29 19:33:05   [GPU] 2,800,072 evals (21433 batches, avg 131/batch = 26% of 512, 8572 evals/s, 623 msg/s, 13.8 leaves/msg, 327s)
2026-07-29 19:33:16   [GPU] 2,850,003 evals (22509 batches, avg 127/batch = 25% of 512, 8434 evals/s, 613 msg/s, 13.8 leaves/msg, 338s)
2026-07-29 19:33:20 [iter 43/70] self-play: 65/70 games...
2026-07-29 19:33:30   [GPU] 2,900,054 evals (23791 batches, avg 122/batch = 24% of 512, 8262 evals/s, 601 msg/s, 13.7 leaves/msg, 351s)
2026-07-29 19:33:43   [GPU] 2,950,019 evals (25130 batches, avg 117/batch = 23% of 512, 8097 evals/s, 589 msg/s, 13.8 leaves/msg, 364s)
2026-07-29 19:34:22   [GPU] 3,000,000 evals (27780 batches, avg 108/batch = 21% of 512, 7443 evals/s, 542 msg/s, 13.7 leaves/msg, 403s)
2026-07-29 19:34:38 [iter 43/70] self-play: 70/70 games...
2026-07-29 19:34:38 [iter 43/70] self-play done: 70 games (422s) | wins: P0=23, P2=24, P3=18, draw=5 | draw_rate=7% avg_len~65
2026-07-29 19:34:38 [iter 43/70] training (600 steps, lr=4.11e-04)...
2026-07-29 19:34:49 [iter 43/70] training done: loss_p=1.667 loss_v=0.043 (11s)
2026-07-29 19:34:49 [iter 43/70] eval skipped (eval_every=5)
2026-07-29 19:34:49 >>> iter 43 | loss_p=1.667 loss_v=0.043 | vs_best=n/a (not evaluated) | vs_rand=n/a | draw=7% | buf=405828 | sp=422s train=11s eval_best=0s eval_rand=0s | total=433s
2026-07-29 19:34:49 [iter 44/70] self-play starting (70 games, 600 sims)...
2026-07-29 19:34:52 [PARALLEL-MP] 64 workers spawned (70 games, sims=600), GPU batcher starting...
2026-07-29 19:35:04   [GPU] 50,144 evals (369 batches, avg 136/batch = 27% of 512, 4175 evals/s, 274 msg/s, 15.3 leaves/msg, 12s)
2026-07-29 19:35:11   [GPU] 100,112 evals (713 batches, avg 140/batch = 27% of 512, 5186 evals/s, 337 msg/s, 15.4 leaves/msg, 19s)
2026-07-29 19:35:18   [GPU] 150,141 evals (1054 batches, avg 142/batch = 28% of 512, 5613 evals/s, 364 msg/s, 15.4 leaves/msg, 27s)
2026-07-29 19:35:26   [GPU] 200,098 evals (1385 batches, avg 144/batch = 28% of 512, 5897 evals/s, 384 msg/s, 15.4 leaves/msg, 34s)
2026-07-29 19:35:33   [GPU] 250,048 evals (1727 batches, avg 145/batch = 28% of 512, 6079 evals/s, 395 msg/s, 15.4 leaves/msg, 41s)
2026-07-29 19:35:40   [GPU] 300,018 evals (2054 batches, avg 146/batch = 29% of 512, 6238 evals/s, 405 msg/s, 15.4 leaves/msg, 48s)
2026-07-29 19:35:47   [GPU] 350,128 evals (2383 batches, avg 147/batch = 29% of 512, 6359 evals/s, 413 msg/s, 15.4 leaves/msg, 55s)
2026-07-29 19:35:53   [GPU] 400,076 evals (2707 batches, avg 148/batch = 29% of 512, 6472 evals/s, 420 msg/s, 15.4 leaves/msg, 62s)
2026-07-29 19:36:00   [GPU] 450,168 evals (3027 batches, avg 149/batch = 29% of 512, 6592 evals/s, 428 msg/s, 15.4 leaves/msg, 68s)
2026-07-29 19:36:06   [GPU] 500,136 evals (3347 batches, avg 149/batch = 29% of 512, 6702 evals/s, 435 msg/s, 15.4 leaves/msg, 75s)
2026-07-29 19:36:12   [GPU] 550,206 evals (3672 batches, avg 150/batch = 29% of 512, 6812 evals/s, 442 msg/s, 15.4 leaves/msg, 81s)
2026-07-29 19:36:18   [GPU] 600,176 evals (3994 batches, avg 150/batch = 29% of 512, 6925 evals/s, 450 msg/s, 15.4 leaves/msg, 87s)
2026-07-29 19:36:24   [GPU] 650,065 evals (4298 batches, avg 151/batch = 30% of 512, 7051 evals/s, 458 msg/s, 15.4 leaves/msg, 92s)
2026-07-29 19:36:28   [GPU] 700,115 evals (4600 batches, avg 152/batch = 30% of 512, 7232 evals/s, 469 msg/s, 15.4 leaves/msg, 97s)
2026-07-29 19:36:33   [GPU] 750,038 evals (4911 batches, avg 153/batch = 30% of 512, 7394 evals/s, 480 msg/s, 15.4 leaves/msg, 101s)
2026-07-29 19:36:38   [GPU] 800,059 evals (5238 batches, avg 153/batch = 30% of 512, 7533 evals/s, 490 msg/s, 15.4 leaves/msg, 106s)
2026-07-29 19:36:43   [GPU] 850,099 evals (5571 batches, avg 153/batch = 30% of 512, 7650 evals/s, 499 msg/s, 15.3 leaves/msg, 111s)
2026-07-29 19:36:47   [GPU] 900,000 evals (5902 batches, avg 152/batch = 30% of 512, 7769 evals/s, 508 msg/s, 15.3 leaves/msg, 116s)
2026-07-29 19:36:52   [GPU] 950,131 evals (6227 batches, avg 153/batch = 30% of 512, 7880 evals/s, 516 msg/s, 15.3 leaves/msg, 121s)
2026-07-29 19:36:57   [GPU] 1,000,108 evals (6562 batches, avg 152/batch = 30% of 512, 7981 evals/s, 524 msg/s, 15.2 leaves/msg, 125s)
2026-07-29 19:37:02   [GPU] 1,050,059 evals (6904 batches, avg 152/batch = 30% of 512, 8065 evals/s, 531 msg/s, 15.2 leaves/msg, 130s)
2026-07-29 19:37:06   [GPU] 1,100,096 evals (7233 batches, avg 152/batch = 30% of 512, 8159 evals/s, 538 msg/s, 15.2 leaves/msg, 135s)
2026-07-29 19:37:11   [GPU] 1,150,059 evals (7568 batches, avg 152/batch = 30% of 512, 8241 evals/s, 545 msg/s, 15.1 leaves/msg, 140s)
2026-07-29 19:37:16   [GPU] 1,200,015 evals (7911 batches, avg 152/batch = 30% of 512, 8318 evals/s, 551 msg/s, 15.1 leaves/msg, 144s)
2026-07-29 19:37:20   [GPU] 1,250,039 evals (8247 batches, avg 152/batch = 30% of 512, 8394 evals/s, 557 msg/s, 15.1 leaves/msg, 149s)
2026-07-29 19:37:25   [GPU] 1,300,186 evals (8591 batches, avg 151/batch = 30% of 512, 8460 evals/s, 562 msg/s, 15.0 leaves/msg, 154s)
2026-07-29 19:37:30   [GPU] 1,350,118 evals (8932 batches, avg 151/batch = 30% of 512, 8526 evals/s, 568 msg/s, 15.0 leaves/msg, 158s)
2026-07-29 19:37:35   [GPU] 1,400,152 evals (9275 batches, avg 151/batch = 29% of 512, 8583 evals/s, 573 msg/s, 15.0 leaves/msg, 163s)
2026-07-29 19:37:39   [GPU] 1,450,164 evals (9629 batches, avg 151/batch = 29% of 512, 8638 evals/s, 578 msg/s, 14.9 leaves/msg, 168s)
2026-07-29 19:37:44   [GPU] 1,500,119 evals (9966 batches, avg 151/batch = 29% of 512, 8687 evals/s, 583 msg/s, 14.9 leaves/msg, 173s)
2026-07-29 19:37:49   [GPU] 1,550,066 evals (10298 batches, avg 151/batch = 29% of 512, 8736 evals/s, 588 msg/s, 14.9 leaves/msg, 177s)
2026-07-29 19:37:54   [GPU] 1,600,078 evals (10649 batches, avg 150/batch = 29% of 512, 8778 evals/s, 593 msg/s, 14.8 leaves/msg, 182s)
2026-07-29 19:37:59   [GPU] 1,650,056 evals (11000 batches, avg 150/batch = 29% of 512, 8818 evals/s, 598 msg/s, 14.8 leaves/msg, 187s)
2026-07-29 19:38:04   [GPU] 1,700,111 evals (11360 batches, avg 150/batch = 29% of 512, 8854 evals/s, 603 msg/s, 14.7 leaves/msg, 192s)
2026-07-29 19:38:09   [GPU] 1,750,020 evals (11722 batches, avg 149/batch = 29% of 512, 8885 evals/s, 609 msg/s, 14.6 leaves/msg, 197s)
2026-07-29 19:38:14   [GPU] 1,800,041 evals (12094 batches, avg 149/batch = 29% of 512, 8909 evals/s, 614 msg/s, 14.5 leaves/msg, 202s)
2026-07-29 19:38:15 [iter 44/70] self-play: 5/70 games...
2026-07-29 19:38:19   [GPU] 1,850,136 evals (12466 batches, avg 148/batch = 29% of 512, 8928 evals/s, 619 msg/s, 14.4 leaves/msg, 207s)
2026-07-29 19:38:22 [iter 44/70] self-play: 10/70 games...
2026-07-29 19:38:24   [GPU] 1,900,002 evals (12838 batches, avg 148/batch = 29% of 512, 8944 evals/s, 624 msg/s, 14.3 leaves/msg, 212s)
2026-07-29 19:38:29 [iter 44/70] self-play: 15/70 games...
2026-07-29 19:38:29   [GPU] 1,950,052 evals (13200 batches, avg 148/batch = 29% of 512, 8965 evals/s, 629 msg/s, 14.3 leaves/msg, 218s)
2026-07-29 19:38:34   [GPU] 2,000,150 evals (13576 batches, avg 147/batch = 29% of 512, 8982 evals/s, 634 msg/s, 14.2 leaves/msg, 223s)
2026-07-29 19:38:36 [iter 44/70] self-play: 20/70 games...
2026-07-29 19:38:39   [GPU] 2,050,053 evals (13947 batches, avg 147/batch = 29% of 512, 8997 evals/s, 639 msg/s, 14.1 leaves/msg, 228s)
2026-07-29 19:38:43 [iter 44/70] self-play: 25/70 games...
2026-07-29 19:38:45   [GPU] 2,100,222 evals (14369 batches, avg 146/batch = 29% of 512, 8988 evals/s, 647 msg/s, 13.9 leaves/msg, 234s)
2026-07-29 19:38:45 [iter 44/70] self-play: 30/70 games...
2026-07-29 19:38:48 [iter 44/70] self-play: 35/70 games...
2026-07-29 19:38:51 [iter 44/70] self-play: 40/70 games...
2026-07-29 19:38:51   [GPU] 2,150,103 evals (14793 batches, avg 145/batch = 28% of 512, 8982 evals/s, 653 msg/s, 13.7 leaves/msg, 239s)
2026-07-29 19:38:53 [iter 44/70] self-play: 45/70 games...
2026-07-29 19:38:57   [GPU] 2,200,019 evals (15222 batches, avg 145/batch = 28% of 512, 8977 evals/s, 659 msg/s, 13.6 leaves/msg, 245s)
2026-07-29 19:38:57 [iter 44/70] self-play: 50/70 games...
2026-07-29 19:39:01 [iter 44/70] self-play: 55/70 games...
2026-07-29 19:39:04   [GPU] 2,250,069 evals (15840 batches, avg 142/batch = 28% of 512, 8915 evals/s, 657 msg/s, 13.6 leaves/msg, 252s)
2026-07-29 19:39:12   [GPU] 2,300,050 evals (16565 batches, avg 139/batch = 27% of 512, 8833 evals/s, 650 msg/s, 13.6 leaves/msg, 260s)
2026-07-29 19:39:19   [GPU] 2,350,077 evals (17165 batches, avg 137/batch = 27% of 512, 8798 evals/s, 647 msg/s, 13.6 leaves/msg, 267s)
2026-07-29 19:39:25   [GPU] 2,400,082 evals (17729 batches, avg 135/batch = 26% of 512, 8770 evals/s, 645 msg/s, 13.6 leaves/msg, 274s)
2026-07-29 19:39:32   [GPU] 2,450,001 evals (18292 batches, avg 134/batch = 26% of 512, 8743 evals/s, 643 msg/s, 13.6 leaves/msg, 280s)
2026-07-29 19:39:39   [GPU] 2,500,023 evals (18903 batches, avg 132/batch = 26% of 512, 8704 evals/s, 640 msg/s, 13.6 leaves/msg, 287s)
2026-07-29 19:39:45 [iter 44/70] self-play: 60/70 games...
2026-07-29 19:39:46   [GPU] 2,550,050 evals (19583 batches, avg 130/batch = 25% of 512, 8650 evals/s, 637 msg/s, 13.6 leaves/msg, 295s)
2026-07-29 19:39:56   [GPU] 2,600,072 evals (20550 batches, avg 127/batch = 25% of 512, 8527 evals/s, 629 msg/s, 13.5 leaves/msg, 305s)
2026-07-29 19:40:08   [GPU] 2,650,033 evals (21689 batches, avg 122/batch = 24% of 512, 8366 evals/s, 617 msg/s, 13.6 leaves/msg, 317s)
2026-07-29 19:40:20   [GPU] 2,700,005 evals (22842 batches, avg 118/batch = 23% of 512, 8223 evals/s, 607 msg/s, 13.5 leaves/msg, 328s)
2026-07-29 19:40:22 [iter 44/70] self-play: 65/70 games...
2026-07-29 19:40:33   [GPU] 2,750,020 evals (24169 batches, avg 114/batch = 22% of 512, 8046 evals/s, 594 msg/s, 13.5 leaves/msg, 342s)
2026-07-29 19:40:55 [iter 44/70] self-play: 70/70 games...
2026-07-29 19:40:56 [iter 44/70] self-play done: 70 games (366s) | wins: P0=25, P1=3, P2=26, P3=12, draw=4 | draw_rate=6% avg_len~63
2026-07-29 19:40:56 [iter 44/70] training (600 steps, lr=3.92e-04)...
2026-07-29 19:41:07 [iter 44/70] training done: loss_p=1.678 loss_v=0.044 (11s)
2026-07-29 19:41:07 [iter 44/70] eval skipped (eval_every=5)
2026-07-29 19:41:07 >>> iter 44 | loss_p=1.678 loss_v=0.044 | vs_best=n/a (not evaluated) | vs_rand=n/a | draw=6% | buf=414710 | sp=366s train=11s eval_best=0s eval_rand=0s | total=378s
2026-07-29 19:41:07 [iter 45/70] self-play starting (70 games, 600 sims)...
2026-07-29 19:41:09 [PARALLEL-MP] 64 workers spawned (70 games, sims=600), GPU batcher starting...
2026-07-29 19:41:22   [GPU] 50,080 evals (370 batches, avg 135/batch = 26% of 512, 3868 evals/s, 254 msg/s, 15.3 leaves/msg, 13s)
2026-07-29 19:41:30   [GPU] 100,032 evals (707 batches, avg 141/batch = 28% of 512, 4914 evals/s, 319 msg/s, 15.4 leaves/msg, 20s)
2026-07-29 19:41:38   [GPU] 150,081 evals (1058 batches, avg 142/batch = 28% of 512, 5335 evals/s, 346 msg/s, 15.4 leaves/msg, 28s)
2026-07-29 19:41:45   [GPU] 200,129 evals (1401 batches, avg 143/batch = 28% of 512, 5633 evals/s, 366 msg/s, 15.4 leaves/msg, 36s)
2026-07-29 19:41:53   [GPU] 250,016 evals (1749 batches, avg 143/batch = 28% of 512, 5809 evals/s, 377 msg/s, 15.4 leaves/msg, 43s)
2026-07-29 19:42:00   [GPU] 300,128 evals (2087 batches, avg 144/batch = 28% of 512, 5963 evals/s, 387 msg/s, 15.4 leaves/msg, 50s)
2026-07-29 19:42:07   [GPU] 350,078 evals (2422 batches, avg 145/batch = 28% of 512, 6077 evals/s, 395 msg/s, 15.4 leaves/msg, 58s)
2026-07-29 19:42:14   [GPU] 400,165 evals (2747 batches, avg 146/batch = 28% of 512, 6199 evals/s, 403 msg/s, 15.4 leaves/msg, 65s)
2026-07-29 19:42:21   [GPU] 450,175 evals (3067 batches, avg 147/batch = 29% of 512, 6310 evals/s, 410 msg/s, 15.4 leaves/msg, 71s)
2026-07-29 19:42:27   [GPU] 500,111 evals (3383 batches, avg 148/batch = 29% of 512, 6420 evals/s, 417 msg/s, 15.4 leaves/msg, 78s)
2026-07-29 19:42:34   [GPU] 550,028 evals (3696 batches, avg 149/batch = 29% of 512, 6525 evals/s, 424 msg/s, 15.4 leaves/msg, 84s)
2026-07-29 19:42:40   [GPU] 600,144 evals (4006 batches, avg 150/batch = 29% of 512, 6650 evals/s, 432 msg/s, 15.4 leaves/msg, 90s)
2026-07-29 19:42:45   [GPU] 650,026 evals (4321 batches, avg 150/batch = 29% of 512, 6794 evals/s, 441 msg/s, 15.4 leaves/msg, 96s)
2026-07-29 19:42:50   [GPU] 700,172 evals (4648 batches, avg 151/batch = 29% of 512, 6966 evals/s, 452 msg/s, 15.4 leaves/msg, 101s)
2026-07-29 19:42:55   [GPU] 750,126 evals (4970 batches, avg 151/batch = 29% of 512, 7121 evals/s, 463 msg/s, 15.4 leaves/msg, 105s)
2026-07-29 19:43:00   [GPU] 800,113 evals (5319 batches, avg 150/batch = 29% of 512, 7248 evals/s, 472 msg/s, 15.4 leaves/msg, 110s)
2026-07-29 19:43:05   [GPU] 850,084 evals (5660 batches, avg 150/batch = 29% of 512, 7369 evals/s, 481 msg/s, 15.3 leaves/msg, 115s)
2026-07-29 19:43:10   [GPU] 900,104 evals (6009 batches, avg 150/batch = 29% of 512, 7491 evals/s, 490 msg/s, 15.3 leaves/msg, 120s)
2026-07-29 19:43:14   [GPU] 950,077 evals (6356 batches, avg 149/batch = 29% of 512, 7600 evals/s, 499 msg/s, 15.2 leaves/msg, 125s)
2026-07-29 19:43:19   [GPU] 1,000,079 evals (6686 batches, avg 150/batch = 29% of 512, 7709 evals/s, 507 msg/s, 15.2 leaves/msg, 130s)
2026-07-29 19:43:24   [GPU] 1,050,029 evals (7030 batches, avg 149/batch = 29% of 512, 7803 evals/s, 514 msg/s, 15.2 leaves/msg, 135s)
2026-07-29 19:43:29   [GPU] 1,100,032 evals (7373 batches, avg 149/batch = 29% of 512, 7891 evals/s, 521 msg/s, 15.2 leaves/msg, 139s)
2026-07-29 19:43:34   [GPU] 1,150,089 evals (7710 batches, avg 149/batch = 29% of 512, 7971 evals/s, 527 msg/s, 15.1 leaves/msg, 144s)
2026-07-29 19:43:39   [GPU] 1,200,027 evals (8053 batches, avg 149/batch = 29% of 512, 8049 evals/s, 533 msg/s, 15.1 leaves/msg, 149s)
2026-07-29 19:43:43   [GPU] 1,250,002 evals (8389 batches, avg 149/batch = 29% of 512, 8121 evals/s, 539 msg/s, 15.1 leaves/msg, 154s)
2026-07-29 19:43:48   [GPU] 1,300,003 evals (8725 batches, avg 149/batch = 29% of 512, 8191 evals/s, 545 msg/s, 15.0 leaves/msg, 159s)
2026-07-29 19:43:53   [GPU] 1,350,044 evals (9058 batches, avg 149/batch = 29% of 512, 8255 evals/s, 550 msg/s, 15.0 leaves/msg, 164s)
2026-07-29 19:43:58   [GPU] 1,400,139 evals (9384 batches, avg 149/batch = 29% of 512, 8323 evals/s, 556 msg/s, 15.0 leaves/msg, 168s)
2026-07-29 19:44:02   [GPU] 1,450,093 evals (9706 batches, avg 149/batch = 29% of 512, 8387 evals/s, 561 msg/s, 14.9 leaves/msg, 173s)
2026-07-29 19:44:07   [GPU] 1,500,001 evals (10050 batches, avg 149/batch = 29% of 512, 8440 evals/s, 566 msg/s, 14.9 leaves/msg, 178s)
2026-07-29 19:44:12   [GPU] 1,550,071 evals (10388 batches, avg 149/batch = 29% of 512, 8492 evals/s, 571 msg/s, 14.9 leaves/msg, 183s)
2026-07-29 19:44:17   [GPU] 1,600,114 evals (10727 batches, avg 149/batch = 29% of 512, 8543 evals/s, 576 msg/s, 14.8 leaves/msg, 187s)
2026-07-29 19:44:22   [GPU] 1,650,075 evals (11064 batches, avg 149/batch = 29% of 512, 8590 evals/s, 581 msg/s, 14.8 leaves/msg, 192s)
2026-07-29 19:44:26   [GPU] 1,700,133 evals (11401 batches, avg 149/batch = 29% of 512, 8637 evals/s, 586 msg/s, 14.7 leaves/msg, 197s)
2026-07-29 19:44:31   [GPU] 1,750,036 evals (11746 batches, avg 149/batch = 29% of 512, 8676 evals/s, 591 msg/s, 14.7 leaves/msg, 202s)
2026-07-29 19:44:36   [GPU] 1,800,031 evals (12092 batches, avg 149/batch = 29% of 512, 8711 evals/s, 596 msg/s, 14.6 leaves/msg, 207s)
2026-07-29 19:44:41   [GPU] 1,850,088 evals (12443 batches, avg 149/batch = 29% of 512, 8745 evals/s, 601 msg/s, 14.6 leaves/msg, 212s)
2026-07-29 19:44:46   [GPU] 1,900,006 evals (12798 batches, avg 148/batch = 29% of 512, 8777 evals/s, 605 msg/s, 14.5 leaves/msg, 216s)
2026-07-29 19:44:47 [iter 45/70] self-play: 5/70 games...
2026-07-29 19:44:51   [GPU] 1,950,004 evals (13158 batches, avg 148/batch = 29% of 512, 8800 evals/s, 610 msg/s, 14.4 leaves/msg, 222s)
2026-07-29 19:44:56   [GPU] 2,000,080 evals (13522 batches, avg 148/batch = 29% of 512, 8824 evals/s, 615 msg/s, 14.3 leaves/msg, 227s)
2026-07-29 19:45:00 [iter 45/70] self-play: 10/70 games...
2026-07-29 19:45:01   [GPU] 2,050,043 evals (13891 batches, avg 148/batch = 29% of 512, 8841 evals/s, 620 msg/s, 14.3 leaves/msg, 232s)
2026-07-29 19:45:05 [iter 45/70] self-play: 15/70 games...
2026-07-29 19:45:07   [GPU] 2,100,150 evals (14262 batches, avg 147/batch = 29% of 512, 8854 evals/s, 625 msg/s, 14.2 leaves/msg, 237s)
2026-07-29 19:45:11 [iter 45/70] self-play: 20/70 games...
2026-07-29 19:45:12   [GPU] 2,150,033 evals (14635 batches, avg 147/batch = 29% of 512, 8865 evals/s, 629 msg/s, 14.1 leaves/msg, 243s)
2026-07-29 19:45:15 [iter 45/70] self-play: 25/70 games...
2026-07-29 19:45:17   [GPU] 2,200,013 evals (15018 batches, avg 146/batch = 29% of 512, 8876 evals/s, 633 msg/s, 14.0 leaves/msg, 248s)
2026-07-29 19:45:23   [GPU] 2,250,076 evals (15409 batches, avg 146/batch = 29% of 512, 8884 evals/s, 638 msg/s, 13.9 leaves/msg, 253s)
2026-07-29 19:45:23 [iter 45/70] self-play: 30/70 games...
2026-07-29 19:45:27 [iter 45/70] self-play: 35/70 games...
2026-07-29 19:45:28   [GPU] 2,300,087 evals (15795 batches, avg 146/batch = 28% of 512, 8892 evals/s, 643 msg/s, 13.8 leaves/msg, 259s)
2026-07-29 19:45:30 [iter 45/70] self-play: 40/70 games...
2026-07-29 19:45:33   [GPU] 2,350,023 evals (16147 batches, avg 146/batch = 28% of 512, 8913 evals/s, 646 msg/s, 13.8 leaves/msg, 264s)
2026-07-29 19:45:38   [GPU] 2,400,082 evals (16496 batches, avg 145/batch = 28% of 512, 8936 evals/s, 649 msg/s, 13.8 leaves/msg, 269s)
2026-07-29 19:45:40 [iter 45/70] self-play: 45/70 games...
2026-07-29 19:45:43   [GPU] 2,450,025 evals (16876 batches, avg 145/batch = 28% of 512, 8946 evals/s, 652 msg/s, 13.7 leaves/msg, 274s)
2026-07-29 19:45:47 [iter 45/70] self-play: 50/70 games...
2026-07-29 19:45:49   [GPU] 2,500,101 evals (17294 batches, avg 145/batch = 28% of 512, 8943 evals/s, 654 msg/s, 13.7 leaves/msg, 280s)
2026-07-29 19:45:55   [GPU] 2,550,044 evals (17764 batches, avg 144/batch = 28% of 512, 8923 evals/s, 653 msg/s, 13.7 leaves/msg, 286s)
2026-07-29 19:45:58 [iter 45/70] self-play: 55/70 games...
2026-07-29 19:46:01   [GPU] 2,600,065 evals (18243 batches, avg 143/batch = 28% of 512, 8906 evals/s, 651 msg/s, 13.7 leaves/msg, 292s)
2026-07-29 19:46:07   [GPU] 2,650,099 evals (18695 batches, avg 142/batch = 28% of 512, 8897 evals/s, 651 msg/s, 13.7 leaves/msg, 298s)
2026-07-29 19:46:13   [GPU] 2,700,003 evals (19176 batches, avg 141/batch = 28% of 512, 8881 evals/s, 649 msg/s, 13.7 leaves/msg, 304s)
2026-07-29 19:46:19   [GPU] 2,750,074 evals (19646 batches, avg 140/batch = 27% of 512, 8873 evals/s, 648 msg/s, 13.7 leaves/msg, 310s)
2026-07-29 19:46:25   [GPU] 2,800,076 evals (20125 batches, avg 139/batch = 27% of 512, 8862 evals/s, 648 msg/s, 13.7 leaves/msg, 316s)
2026-07-29 19:46:32   [GPU] 2,850,001 evals (20650 batches, avg 138/batch = 27% of 512, 8839 evals/s, 647 msg/s, 13.7 leaves/msg, 322s)
2026-07-29 19:46:39   [GPU] 2,900,033 evals (21207 batches, avg 137/batch = 27% of 512, 8813 evals/s, 645 msg/s, 13.7 leaves/msg, 329s)
2026-07-29 19:46:46   [GPU] 2,950,050 evals (21822 batches, avg 135/batch = 26% of 512, 8773 evals/s, 642 msg/s, 13.7 leaves/msg, 336s)
2026-07-29 19:46:48 [iter 45/70] self-play: 60/70 games...
2026-07-29 19:46:54   [GPU] 3,000,066 evals (22544 batches, avg 133/batch = 26% of 512, 8705 evals/s, 638 msg/s, 13.6 leaves/msg, 345s)
2026-07-29 19:47:04   [GPU] 3,050,007 evals (23391 batches, avg 130/batch = 25% of 512, 8612 evals/s, 631 msg/s, 13.7 leaves/msg, 354s)
2026-07-29 19:47:13   [GPU] 3,100,021 evals (24240 batches, avg 128/batch = 25% of 512, 8525 evals/s, 624 msg/s, 13.7 leaves/msg, 364s)
2026-07-29 19:47:23   [GPU] 3,150,024 evals (25090 batches, avg 126/batch = 25% of 512, 8442 evals/s, 618 msg/s, 13.7 leaves/msg, 373s)
2026-07-29 19:47:32 [iter 45/70] self-play: 65/70 games...
2026-07-29 19:47:40   [GPU] 3,200,008 evals (26525 batches, avg 121/batch = 24% of 512, 8204 evals/s, 604 msg/s, 13.6 leaves/msg, 390s)
2026-07-29 19:48:03 [iter 45/70] self-play: 70/70 games...
2026-07-29 19:48:04 [iter 45/70] self-play done: 70 games (417s) | wins: P0=21, P1=2, P2=16, P3=25, draw=6 | draw_rate=9% avg_len~68
2026-07-29 19:48:04 [iter 45/70] training (600 steps, lr=3.73e-04)...
2026-07-29 19:48:16 [iter 45/70] training done: loss_p=1.669 loss_v=0.044 (12s)
2026-07-29 19:48:16 [iter 45/70] eval vs best (80 games, 200 sims)...
2026-07-29 19:48:18 [EVAL-MP] 64 workers spawned (80 vs_best games, sims=200), GPU batcher starting...
2026-07-29 19:48:30   [GPU] 50,026 evals (366 batches, avg 137/batch = 27% of 512, 4161 evals/s, 289 msg/s, 14.4 leaves/msg, 12s)
2026-07-29 19:48:37   [GPU] 100,195 evals (712 batches, avg 141/batch = 27% of 512, 5264 evals/s, 367 msg/s, 14.3 leaves/msg, 19s)
2026-07-29 19:48:44   [GPU] 150,017 evals (1043 batches, avg 144/batch = 28% of 512, 5821 evals/s, 406 msg/s, 14.3 leaves/msg, 26s)
2026-07-29 19:48:50   [GPU] 200,091 evals (1383 batches, avg 145/batch = 28% of 512, 6233 evals/s, 435 msg/s, 14.3 leaves/msg, 32s)
2026-07-29 19:48:56   [GPU] 250,085 evals (1722 batches, avg 145/batch = 28% of 512, 6545 evals/s, 456 msg/s, 14.3 leaves/msg, 38s)
2026-07-29 19:49:02   [GPU] 300,044 evals (2067 batches, avg 145/batch = 28% of 512, 6812 evals/s, 475 msg/s, 14.3 leaves/msg, 44s)
2026-07-29 19:49:08   [GPU] 350,118 evals (2389 batches, avg 147/batch = 29% of 512, 7033 evals/s, 491 msg/s, 14.3 leaves/msg, 50s)
2026-07-29 19:49:14   [GPU] 400,041 evals (2719 batches, avg 147/batch = 29% of 512, 7203 evals/s, 503 msg/s, 14.3 leaves/msg, 56s)
2026-07-29 19:49:14 [iter 45/70] eval vs best: 5/80 games (58s, cand 0%)
2026-07-29 19:49:16 [iter 45/70] eval vs best: 10/80 games (60s, cand 0%)
2026-07-29 19:49:18 [iter 45/70] eval vs best: 15/80 games (62s, cand 0%)
2026-07-29 19:49:19   [GPU] 450,249 evals (3037 batches, avg 148/batch = 29% of 512, 7350 evals/s, 514 msg/s, 14.3 leaves/msg, 61s)
2026-07-29 19:49:20 [iter 45/70] eval vs best: 20/80 games (64s, cand 0%)
2026-07-29 19:49:23 [iter 45/70] eval vs best: 25/80 games (67s, cand 0%)
2026-07-29 19:49:25   [GPU] 500,033 evals (3359 batches, avg 149/batch = 29% of 512, 7481 evals/s, 525 msg/s, 14.3 leaves/msg, 67s)
2026-07-29 19:49:27 [iter 45/70] eval vs best: 30/80 games (71s, cand 0%)
2026-07-29 19:49:31   [GPU] 550,177 evals (3702 batches, avg 149/batch = 29% of 512, 7573 evals/s, 532 msg/s, 14.2 leaves/msg, 73s)
2026-07-29 19:49:31 [iter 45/70] eval vs best: 35/80 games (75s, cand 0%)
2026-07-29 19:49:33 [iter 45/70] eval vs best: 40/80 games (77s, cand 0%)
2026-07-29 19:49:37   [GPU] 600,125 evals (4047 batches, avg 148/batch = 29% of 512, 7643 evals/s, 539 msg/s, 14.2 leaves/msg, 79s)
2026-07-29 19:49:38 [iter 45/70] eval vs best: 45/80 games (83s, cand 0%)
2026-07-29 19:49:43   [GPU] 650,084 evals (4430 batches, avg 147/batch = 29% of 512, 7655 evals/s, 542 msg/s, 14.1 leaves/msg, 85s)
2026-07-29 19:49:50   [GPU] 700,074 evals (4844 batches, avg 145/batch = 28% of 512, 7646 evals/s, 542 msg/s, 14.1 leaves/msg, 92s)
2026-07-29 19:49:51 [iter 45/70] eval vs best: 50/80 games (95s, cand 10%)
2026-07-29 19:49:57   [GPU] 750,110 evals (5297 batches, avg 142/batch = 28% of 512, 7619 evals/s, 540 msg/s, 14.1 leaves/msg, 98s)
2026-07-29 19:49:58 [iter 45/70] eval vs best: 55/80 games (103s, cand 11%)
2026-07-29 19:50:04   [GPU] 800,038 evals (5790 batches, avg 138/batch = 27% of 512, 7551 evals/s, 536 msg/s, 14.1 leaves/msg, 106s)
2026-07-29 19:50:09 [iter 45/70] eval vs best: 60/80 games (113s, cand 10%)
2026-07-29 19:50:13   [GPU] 850,050 evals (6379 batches, avg 133/batch = 26% of 512, 7413 evals/s, 528 msg/s, 14.1 leaves/msg, 115s)
2026-07-29 19:50:21   [GPU] 900,011 evals (7031 batches, avg 128/batch = 25% of 512, 7292 evals/s, 520 msg/s, 14.0 leaves/msg, 123s)
2026-07-29 19:50:30   [GPU] 950,008 evals (7676 batches, avg 124/batch = 24% of 512, 7180 evals/s, 513 msg/s, 14.0 leaves/msg, 132s)
2026-07-29 19:50:33 [iter 45/70] eval vs best: 65/80 games (137s, cand 10%)
2026-07-29 19:50:41   [GPU] 1,000,040 evals (8535 batches, avg 117/batch = 23% of 512, 6982 evals/s, 499 msg/s, 14.0 leaves/msg, 143s)
2026-07-29 19:50:53   [GPU] 1,050,028 evals (9467 batches, avg 111/batch = 22% of 512, 6761 evals/s, 483 msg/s, 14.0 leaves/msg, 155s)
2026-07-29 19:51:03 [iter 45/70] eval vs best: 70/80 games (168s, cand 10%)
2026-07-29 19:51:07   [GPU] 1,100,003 evals (10588 batches, avg 104/batch = 20% of 512, 6504 evals/s, 465 msg/s, 14.0 leaves/msg, 169s)
2026-07-29 19:51:26 [iter 45/70] eval vs best: 75/80 games (191s, cand 9%)
2026-07-29 19:51:28   [GPU] 1,150,019 evals (12207 batches, avg 94/batch = 18% of 512, 6060 evals/s, 433 msg/s, 14.0 leaves/msg, 190s)
2026-07-29 19:51:38 [iter 45/70] eval vs best: 80/80 games (202s, cand 11%)
2026-07-29 19:51:39 [iter 45/70] eval vs best done: 10.8% of 65 decided reject (203s)
2026-07-29 19:51:39 [iter 45/70] eval vs random (40 games, 200 sims)...
2026-07-29 19:51:40 [EVAL-MP] 40 workers spawned (40 vs_random games, sims=200), GPU batcher starting...
2026-07-29 19:51:48   [GPU] 50,091 evals (412 batches, avg 122/batch = 24% of 512, 5992 evals/s, 430 msg/s, 13.9 leaves/msg, 8s)
2026-07-29 19:51:53   [GPU] 100,078 evals (702 batches, avg 143/batch = 28% of 512, 7785 evals/s, 593 msg/s, 13.1 leaves/msg, 13s)
2026-07-29 19:51:54 [iter 45/70] eval vs random: 5/40 games (15s, cand 100%)
2026-07-29 19:51:55 [iter 45/70] eval vs random: 10/40 games (16s, cand 100%)
2026-07-29 19:51:57   [GPU] 150,220 evals (1004 batches, avg 150/batch = 29% of 512, 8835 evals/s, 707 msg/s, 12.5 leaves/msg, 17s)
2026-07-29 19:52:00 [iter 45/70] eval vs random: 15/40 games (21s, cand 93%)
2026-07-29 19:52:01   [GPU] 200,087 evals (1309 batches, avg 153/batch = 30% of 512, 9498 evals/s, 771 msg/s, 12.3 leaves/msg, 21s)
2026-07-29 19:52:05   [GPU] 250,054 evals (1641 batches, avg 152/batch = 30% of 512, 9835 evals/s, 812 msg/s, 12.1 leaves/msg, 25s)
2026-07-29 19:52:07 [iter 45/70] eval vs random: 20/40 games (29s, cand 89%)
2026-07-29 19:52:08 [iter 45/70] eval vs random: 25/40 games (29s, cand 89%)
2026-07-29 19:52:09 [iter 45/70] eval vs random: 30/40 games (30s, cand 89%)
2026-07-29 19:52:09 [iter 45/70] eval vs random: 35/40 games (30s, cand 89%)
2026-07-29 19:52:10 [iter 45/70] eval vs random: 40/40 games (31s, cand 89%)
2026-07-29 19:52:11 [iter 45/70] eval vs random done: 89.5% (32s)
2026-07-29 19:52:11 >>> iter 45 | loss_p=1.669 loss_v=0.044 | vs_best=10.8% reject | vs_rand=89.5% | draw=9% | buf=424184 | sp=417s train=12s eval_best=203s eval_rand=32s | total=664s
2026-07-29 19:52:11 [iter 46/70] self-play starting (70 games, 600 sims)...
2026-07-29 19:52:13 [PARALLEL-MP] 64 workers spawned (70 games, sims=600), GPU batcher starting...
2026-07-29 19:52:26   [GPU] 50,000 evals (381 batches, avg 131/batch = 26% of 512, 4000 evals/s, 262 msg/s, 15.3 leaves/msg, 13s)
2026-07-29 19:52:33   [GPU] 100,016 evals (717 batches, avg 139/batch = 27% of 512, 4966 evals/s, 322 msg/s, 15.4 leaves/msg, 20s)
2026-07-29 19:52:41   [GPU] 150,059 evals (1074 batches, avg 140/batch = 27% of 512, 5373 evals/s, 348 msg/s, 15.4 leaves/msg, 28s)
2026-07-29 19:52:48   [GPU] 200,180 evals (1408 batches, avg 142/batch = 28% of 512, 5679 evals/s, 370 msg/s, 15.4 leaves/msg, 35s)
2026-07-29 19:52:56   [GPU] 250,032 evals (1745 batches, avg 143/batch = 28% of 512, 5850 evals/s, 380 msg/s, 15.4 leaves/msg, 43s)
2026-07-29 19:53:03   [GPU] 300,117 evals (2074 batches, avg 145/batch = 28% of 512, 5999 evals/s, 389 msg/s, 15.4 leaves/msg, 50s)
2026-07-29 19:53:10   [GPU] 350,058 evals (2403 batches, avg 146/batch = 28% of 512, 6120 evals/s, 397 msg/s, 15.4 leaves/msg, 57s)
2026-07-29 19:53:17   [GPU] 400,100 evals (2727 batches, avg 147/batch = 29% of 512, 6241 evals/s, 405 msg/s, 15.4 leaves/msg, 64s)
2026-07-29 19:53:24   [GPU] 450,025 evals (3045 batches, avg 148/batch = 29% of 512, 6336 evals/s, 411 msg/s, 15.4 leaves/msg, 71s)
2026-07-29 19:53:31   [GPU] 500,085 evals (3357 batches, avg 149/batch = 29% of 512, 6447 evals/s, 418 msg/s, 15.4 leaves/msg, 78s)
2026-07-29 19:53:37   [GPU] 550,101 evals (3682 batches, avg 149/batch = 29% of 512, 6554 evals/s, 426 msg/s, 15.4 leaves/msg, 84s)
2026-07-29 19:53:43   [GPU] 600,107 evals (3992 batches, avg 150/batch = 29% of 512, 6664 evals/s, 433 msg/s, 15.4 leaves/msg, 90s)
2026-07-29 19:53:49   [GPU] 650,150 evals (4306 batches, avg 151/batch = 29% of 512, 6791 evals/s, 441 msg/s, 15.4 leaves/msg, 96s)
2026-07-29 19:53:54   [GPU] 700,037 evals (4619 batches, avg 152/batch = 30% of 512, 6960 evals/s, 452 msg/s, 15.4 leaves/msg, 101s)
2026-07-29 19:53:59   [GPU] 750,012 evals (4938 batches, avg 152/batch = 30% of 512, 7118 evals/s, 463 msg/s, 15.4 leaves/msg, 105s)
2026-07-29 19:54:03   [GPU] 800,031 evals (5268 batches, avg 152/batch = 30% of 512, 7257 evals/s, 473 msg/s, 15.4 leaves/msg, 110s)
2026-07-29 19:54:08   [GPU] 850,017 evals (5604 batches, avg 152/batch = 30% of 512, 7386 evals/s, 482 msg/s, 15.3 leaves/msg, 115s)
2026-07-29 19:54:13   [GPU] 900,096 evals (5939 batches, avg 152/batch = 30% of 512, 7504 evals/s, 491 msg/s, 15.3 leaves/msg, 120s)
2026-07-29 19:54:18   [GPU] 950,049 evals (6274 batches, avg 151/batch = 30% of 512, 7617 evals/s, 500 msg/s, 15.2 leaves/msg, 125s)
2026-07-29 19:54:23   [GPU] 1,000,251 evals (6608 batches, avg 151/batch = 30% of 512, 7725 evals/s, 508 msg/s, 15.2 leaves/msg, 129s)
2026-07-29 19:54:27   [GPU] 1,050,179 evals (6949 batches, avg 151/batch = 30% of 512, 7820 evals/s, 515 msg/s, 15.2 leaves/msg, 134s)
2026-07-29 19:54:32   [GPU] 1,100,106 evals (7289 batches, avg 151/batch = 29% of 512, 7909 evals/s, 522 msg/s, 15.2 leaves/msg, 139s)
2026-07-29 19:54:37   [GPU] 1,150,015 evals (7618 batches, avg 151/batch = 29% of 512, 7994 evals/s, 529 msg/s, 15.1 leaves/msg, 144s)
2026-07-29 19:54:42   [GPU] 1,200,139 evals (7965 batches, avg 151/batch = 29% of 512, 8062 evals/s, 534 msg/s, 15.1 leaves/msg, 149s)
2026-07-29 19:54:47   [GPU] 1,250,111 evals (8309 batches, avg 150/batch = 29% of 512, 8128 evals/s, 540 msg/s, 15.1 leaves/msg, 154s)
2026-07-29 19:54:52   [GPU] 1,300,067 evals (8650 batches, avg 150/batch = 29% of 512, 8189 evals/s, 545 msg/s, 15.0 leaves/msg, 159s)
2026-07-29 19:54:57   [GPU] 1,350,043 evals (8990 batches, avg 150/batch = 29% of 512, 8251 evals/s, 550 msg/s, 15.0 leaves/msg, 164s)
2026-07-29 19:55:02   [GPU] 1,400,079 evals (9332 batches, avg 150/batch = 29% of 512, 8307 evals/s, 555 msg/s, 15.0 leaves/msg, 169s)
2026-07-29 19:55:07   [GPU] 1,450,185 evals (9676 batches, avg 150/batch = 29% of 512, 8365 evals/s, 560 msg/s, 15.0 leaves/msg, 173s)
2026-07-29 19:55:11   [GPU] 1,500,008 evals (10014 batches, avg 150/batch = 29% of 512, 8414 evals/s, 564 msg/s, 14.9 leaves/msg, 178s)
2026-07-29 19:55:16   [GPU] 1,550,099 evals (10351 batches, avg 150/batch = 29% of 512, 8473 evals/s, 569 msg/s, 14.9 leaves/msg, 183s)
2026-07-29 19:55:21   [GPU] 1,600,172 evals (10681 batches, avg 150/batch = 29% of 512, 8526 evals/s, 573 msg/s, 14.9 leaves/msg, 188s)
2026-07-29 19:55:26   [GPU] 1,650,156 evals (11012 batches, avg 150/batch = 29% of 512, 8578 evals/s, 579 msg/s, 14.8 leaves/msg, 192s)
2026-07-29 19:55:30   [GPU] 1,700,128 evals (11342 batches, avg 150/batch = 29% of 512, 8624 evals/s, 583 msg/s, 14.8 leaves/msg, 197s)
2026-07-29 19:55:35   [GPU] 1,750,057 evals (11689 batches, avg 150/batch = 29% of 512, 8663 evals/s, 588 msg/s, 14.7 leaves/msg, 202s)
2026-07-29 19:55:40   [GPU] 1,800,055 evals (12041 batches, avg 149/batch = 29% of 512, 8693 evals/s, 593 msg/s, 14.7 leaves/msg, 207s)
2026-07-29 19:55:45   [GPU] 1,850,103 evals (12403 batches, avg 149/batch = 29% of 512, 8723 evals/s, 599 msg/s, 14.6 leaves/msg, 212s)
2026-07-29 19:55:50   [GPU] 1,900,195 evals (12760 batches, avg 149/batch = 29% of 512, 8751 evals/s, 605 msg/s, 14.5 leaves/msg, 217s)
2026-07-29 19:55:51 [iter 46/70] self-play: 5/70 games...
2026-07-29 19:55:55   [GPU] 1,950,140 evals (13116 batches, avg 149/batch = 29% of 512, 8775 evals/s, 610 msg/s, 14.4 leaves/msg, 222s)
2026-07-29 19:55:57 [iter 46/70] self-play: 10/70 games...
2026-07-29 19:56:01   [GPU] 2,000,042 evals (13482 batches, avg 148/batch = 29% of 512, 8796 evals/s, 616 msg/s, 14.3 leaves/msg, 227s)
2026-07-29 19:56:03 [iter 46/70] self-play: 15/70 games...
2026-07-29 19:56:06   [GPU] 2,050,008 evals (13871 batches, avg 148/batch = 29% of 512, 8805 evals/s, 622 msg/s, 14.2 leaves/msg, 233s)
2026-07-29 19:56:08 [iter 46/70] self-play: 20/70 games...
2026-07-29 19:56:09 [iter 46/70] self-play: 25/70 games...
2026-07-29 19:56:11   [GPU] 2,100,023 evals (14257 batches, avg 147/batch = 29% of 512, 8815 evals/s, 628 msg/s, 14.0 leaves/msg, 238s)
2026-07-29 19:56:14 [iter 46/70] self-play: 30/70 games...
2026-07-29 19:56:17   [GPU] 2,150,052 evals (14639 batches, avg 147/batch = 29% of 512, 8825 evals/s, 635 msg/s, 13.9 leaves/msg, 244s)
2026-07-29 19:56:17 [iter 46/70] self-play: 35/70 games...
2026-07-29 19:56:20 [iter 46/70] self-play: 40/70 games...
2026-07-29 19:56:21 [iter 46/70] self-play: 45/70 games...
2026-07-29 19:56:23   [GPU] 2,200,044 evals (15064 batches, avg 146/batch = 29% of 512, 8821 evals/s, 641 msg/s, 13.8 leaves/msg, 249s)
2026-07-29 19:56:26 [iter 46/70] self-play: 50/70 games...
2026-07-29 19:56:29 [iter 46/70] self-play: 55/70 games...
2026-07-29 19:56:30   [GPU] 2,250,014 evals (15650 batches, avg 144/batch = 28% of 512, 8769 evals/s, 644 msg/s, 13.6 leaves/msg, 257s)
2026-07-29 19:56:35 [iter 46/70] self-play: 60/70 games...
2026-07-29 19:56:41   [GPU] 2,300,038 evals (16697 batches, avg 138/batch = 27% of 512, 8588 evals/s, 631 msg/s, 13.6 leaves/msg, 268s)
2026-07-29 19:56:51   [GPU] 2,350,010 evals (17556 batches, avg 134/batch = 26% of 512, 8469 evals/s, 622 msg/s, 13.6 leaves/msg, 277s)
2026-07-29 19:56:59   [GPU] 2,400,122 evals (18266 batches, avg 131/batch = 26% of 512, 8402 evals/s, 616 msg/s, 13.6 leaves/msg, 286s)
2026-07-29 19:57:08   [GPU] 2,450,008 evals (19039 batches, avg 129/batch = 25% of 512, 8318 evals/s, 611 msg/s, 13.6 leaves/msg, 295s)
2026-07-29 19:57:18   [GPU] 2,500,046 evals (19990 batches, avg 125/batch = 24% of 512, 8200 evals/s, 603 msg/s, 13.6 leaves/msg, 305s)
2026-07-29 19:57:30   [GPU] 2,550,026 evals (21069 batches, avg 121/batch = 24% of 512, 8061 evals/s, 592 msg/s, 13.6 leaves/msg, 316s)
2026-07-29 19:57:35 [iter 46/70] self-play: 65/70 games...
2026-07-29 19:57:45   [GPU] 2,600,000 evals (22571 batches, avg 115/batch = 22% of 512, 7835 evals/s, 577 msg/s, 13.6 leaves/msg, 332s)
2026-07-29 19:58:06   [GPU] 2,650,021 evals (24512 batches, avg 108/batch = 21% of 512, 7509 evals/s, 553 msg/s, 13.6 leaves/msg, 353s)
2026-07-29 19:58:18 [iter 46/70] self-play: 70/70 games...
2026-07-29 19:58:18 [iter 46/70] self-play done: 70 games (368s) | wins: P0=34, P2=13, P3=21, draw=2 | draw_rate=3% avg_len~66
2026-07-29 19:58:18 [iter 46/70] training (600 steps, lr=3.55e-04)...
2026-07-29 19:58:31 [iter 46/70] training done: loss_p=1.670 loss_v=0.043 (12s)
2026-07-29 19:58:31 [iter 46/70] eval skipped (eval_every=5)
2026-07-29 19:58:31 >>> iter 46 | loss_p=1.670 loss_v=0.043 | vs_best=n/a (not evaluated) | vs_rand=n/a | draw=3% | buf=433386 | sp=368s train=12s eval_best=0s eval_rand=0s | total=380s
2026-07-29 19:58:31 [iter 47/70] self-play starting (70 games, 600 sims)...
2026-07-29 19:58:33 [PARALLEL-MP] 64 workers spawned (70 games, sims=600), GPU batcher starting...
2026-07-29 19:58:46   [GPU] 50,064 evals (369 batches, avg 136/batch = 26% of 512, 3872 evals/s, 254 msg/s, 15.3 leaves/msg, 13s)
2026-07-29 19:58:53   [GPU] 100,112 evals (701 batches, avg 143/batch = 28% of 512, 4875 evals/s, 317 msg/s, 15.4 leaves/msg, 21s)
2026-07-29 19:59:01   [GPU] 150,022 evals (1038 batches, avg 145/batch = 28% of 512, 5311 evals/s, 344 msg/s, 15.4 leaves/msg, 28s)
2026-07-29 19:59:09   [GPU] 200,126 evals (1393 batches, avg 144/batch = 28% of 512, 5612 evals/s, 365 msg/s, 15.4 leaves/msg, 36s)
2026-07-29 19:59:16   [GPU] 250,000 evals (1733 batches, avg 144/batch = 28% of 512, 5781 evals/s, 375 msg/s, 15.4 leaves/msg, 43s)
2026-07-29 19:59:23   [GPU] 300,022 evals (2065 batches, avg 145/batch = 28% of 512, 5937 evals/s, 385 msg/s, 15.4 leaves/msg, 51s)
2026-07-29 19:59:31   [GPU] 350,034 evals (2396 batches, avg 146/batch = 29% of 512, 6073 evals/s, 394 msg/s, 15.4 leaves/msg, 58s)
2026-07-29 19:59:37   [GPU] 400,003 evals (2719 batches, avg 147/batch = 29% of 512, 6202 evals/s, 403 msg/s, 15.4 leaves/msg, 64s)
2026-07-29 19:59:44   [GPU] 450,009 evals (3038 batches, avg 148/batch = 29% of 512, 6326 evals/s, 411 msg/s, 15.4 leaves/msg, 71s)
2026-07-29 19:59:51   [GPU] 500,181 evals (3356 batches, avg 149/batch = 29% of 512, 6443 evals/s, 418 msg/s, 15.4 leaves/msg, 78s)
2026-07-29 19:59:57   [GPU] 550,118 evals (3661 batches, avg 150/batch = 29% of 512, 6565 evals/s, 426 msg/s, 15.4 leaves/msg, 84s)
2026-07-29 20:00:03   [GPU] 600,137 evals (3976 batches, avg 151/batch = 29% of 512, 6681 evals/s, 434 msg/s, 15.4 leaves/msg, 90s)
2026-07-29 20:00:08   [GPU] 650,049 evals (4283 batches, avg 152/batch = 30% of 512, 6810 evals/s, 442 msg/s, 15.4 leaves/msg, 95s)
2026-07-29 20:00:13   [GPU] 700,111 evals (4583 batches, avg 153/batch = 30% of 512, 7004 evals/s, 455 msg/s, 15.4 leaves/msg, 100s)
2026-07-29 20:00:18   [GPU] 750,113 evals (4898 batches, avg 153/batch = 30% of 512, 7169 evals/s, 466 msg/s, 15.4 leaves/msg, 105s)
2026-07-29 20:00:22   [GPU] 800,028 evals (5207 batches, avg 154/batch = 30% of 512, 7314 evals/s, 476 msg/s, 15.4 leaves/msg, 109s)
2026-07-29 20:00:27   [GPU] 850,214 evals (5520 batches, avg 154/batch = 30% of 512, 7456 evals/s, 486 msg/s, 15.3 leaves/msg, 114s)
2026-07-29 20:00:32   [GPU] 900,070 evals (5841 batches, avg 154/batch = 30% of 512, 7582 evals/s, 496 msg/s, 15.3 leaves/msg, 119s)
2026-07-29 20:00:36   [GPU] 950,085 evals (6173 batches, avg 154/batch = 30% of 512, 7700 evals/s, 505 msg/s, 15.3 leaves/msg, 123s)
2026-07-29 20:00:41   [GPU] 1,000,093 evals (6508 batches, avg 154/batch = 30% of 512, 7801 evals/s, 512 msg/s, 15.2 leaves/msg, 128s)
2026-07-29 20:00:46   [GPU] 1,050,048 evals (6839 batches, avg 154/batch = 30% of 512, 7902 evals/s, 520 msg/s, 15.2 leaves/msg, 133s)
2026-07-29 20:00:51   [GPU] 1,100,125 evals (7176 batches, avg 153/batch = 30% of 512, 7992 evals/s, 527 msg/s, 15.2 leaves/msg, 138s)
2026-07-29 20:00:55   [GPU] 1,150,111 evals (7507 batches, avg 153/batch = 30% of 512, 8079 evals/s, 533 msg/s, 15.2 leaves/msg, 142s)
2026-07-29 20:01:00   [GPU] 1,200,036 evals (7840 batches, avg 153/batch = 30% of 512, 8158 evals/s, 539 msg/s, 15.1 leaves/msg, 147s)
2026-07-29 20:01:05   [GPU] 1,250,137 evals (8168 batches, avg 153/batch = 30% of 512, 8231 evals/s, 545 msg/s, 15.1 leaves/msg, 152s)
2026-07-29 20:01:09   [GPU] 1,300,023 evals (8495 batches, avg 153/batch = 30% of 512, 8305 evals/s, 551 msg/s, 15.1 leaves/msg, 157s)
2026-07-29 20:01:14   [GPU] 1,350,095 evals (8821 batches, avg 153/batch = 30% of 512, 8372 evals/s, 557 msg/s, 15.0 leaves/msg, 161s)
2026-07-29 20:01:19   [GPU] 1,400,010 evals (9157 batches, avg 153/batch = 30% of 512, 8435 evals/s, 562 msg/s, 15.0 leaves/msg, 166s)
2026-07-29 20:01:24   [GPU] 1,450,189 evals (9496 batches, avg 153/batch = 30% of 512, 8488 evals/s, 566 msg/s, 15.0 leaves/msg, 171s)
2026-07-29 20:01:28   [GPU] 1,500,151 evals (9827 batches, avg 153/batch = 30% of 512, 8545 evals/s, 571 msg/s, 15.0 leaves/msg, 176s)
2026-07-29 20:01:33   [GPU] 1,550,089 evals (10168 batches, avg 152/batch = 30% of 512, 8591 evals/s, 575 msg/s, 14.9 leaves/msg, 180s)
2026-07-29 20:01:38   [GPU] 1,600,159 evals (10504 batches, avg 152/batch = 30% of 512, 8637 evals/s, 580 msg/s, 14.9 leaves/msg, 185s)
2026-07-29 20:01:43   [GPU] 1,650,047 evals (10845 batches, avg 152/batch = 30% of 512, 8680 evals/s, 584 msg/s, 14.9 leaves/msg, 190s)
2026-07-29 20:01:48   [GPU] 1,700,089 evals (11187 batches, avg 152/batch = 30% of 512, 8721 evals/s, 589 msg/s, 14.8 leaves/msg, 195s)
2026-07-29 20:01:53   [GPU] 1,750,049 evals (11538 batches, avg 152/batch = 30% of 512, 8757 evals/s, 593 msg/s, 14.8 leaves/msg, 200s)
2026-07-29 20:01:58   [GPU] 1,800,000 evals (11891 batches, avg 151/batch = 30% of 512, 8794 evals/s, 597 msg/s, 14.7 leaves/msg, 205s)
2026-07-29 20:02:03   [GPU] 1,850,065 evals (12233 batches, avg 151/batch = 30% of 512, 8826 evals/s, 601 msg/s, 14.7 leaves/msg, 210s)
2026-07-29 20:02:08   [GPU] 1,900,069 evals (12590 batches, avg 151/batch = 29% of 512, 8851 evals/s, 605 msg/s, 14.6 leaves/msg, 215s)
2026-07-29 20:02:13   [GPU] 1,950,009 evals (12947 batches, avg 151/batch = 29% of 512, 8874 evals/s, 609 msg/s, 14.6 leaves/msg, 220s)
2026-07-29 20:02:18   [GPU] 2,000,106 evals (13324 batches, avg 150/batch = 29% of 512, 8891 evals/s, 613 msg/s, 14.5 leaves/msg, 225s)
2026-07-29 20:02:20 [iter 47/70] self-play: 5/70 games...
2026-07-29 20:02:23   [GPU] 2,050,066 evals (13679 batches, avg 150/batch = 29% of 512, 8911 evals/s, 617 msg/s, 14.4 leaves/msg, 230s)
2026-07-29 20:02:28   [GPU] 2,100,038 evals (14060 batches, avg 149/batch = 29% of 512, 8925 evals/s, 622 msg/s, 14.4 leaves/msg, 235s)
2026-07-29 20:02:33   [GPU] 2,150,028 evals (14435 batches, avg 149/batch = 29% of 512, 8937 evals/s, 626 msg/s, 14.3 leaves/msg, 241s)
2026-07-29 20:02:34 [iter 47/70] self-play: 10/70 games...
2026-07-29 20:02:39   [GPU] 2,200,099 evals (14820 batches, avg 148/batch = 29% of 512, 8949 evals/s, 631 msg/s, 14.2 leaves/msg, 246s)
2026-07-29 20:02:40 [iter 47/70] self-play: 15/70 games...
2026-07-29 20:02:44   [GPU] 2,250,176 evals (15211 batches, avg 148/batch = 29% of 512, 8955 evals/s, 636 msg/s, 14.1 leaves/msg, 251s)
2026-07-29 20:02:45 [iter 47/70] self-play: 20/70 games...
2026-07-29 20:02:49 [iter 47/70] self-play: 25/70 games...
2026-07-29 20:02:49   [GPU] 2,300,087 evals (15597 batches, avg 147/batch = 29% of 512, 8965 evals/s, 640 msg/s, 14.0 leaves/msg, 257s)
2026-07-29 20:02:55   [GPU] 2,350,060 evals (15967 batches, avg 147/batch = 29% of 512, 8976 evals/s, 643 msg/s, 14.0 leaves/msg, 262s)
2026-07-29 20:02:56 [iter 47/70] self-play: 30/70 games...
2026-07-29 20:03:00   [GPU] 2,400,150 evals (16344 batches, avg 147/batch = 29% of 512, 8989 evals/s, 647 msg/s, 13.9 leaves/msg, 267s)
2026-07-29 20:03:01 [iter 47/70] self-play: 35/70 games...
2026-07-29 20:03:05   [GPU] 2,450,053 evals (16721 batches, avg 147/batch = 29% of 512, 8999 evals/s, 651 msg/s, 13.8 leaves/msg, 272s)
2026-07-29 20:03:08 [iter 47/70] self-play: 40/70 games...
2026-07-29 20:03:10   [GPU] 2,500,029 evals (17093 batches, avg 146/batch = 29% of 512, 9013 evals/s, 653 msg/s, 13.8 leaves/msg, 277s)
2026-07-29 20:03:15 [iter 47/70] self-play: 45/70 games...
2026-07-29 20:03:15   [GPU] 2,550,055 evals (17448 batches, avg 146/batch = 29% of 512, 9028 evals/s, 655 msg/s, 13.8 leaves/msg, 282s)
2026-07-29 20:03:20   [GPU] 2,600,145 evals (17806 batches, avg 146/batch = 29% of 512, 9047 evals/s, 657 msg/s, 13.8 leaves/msg, 287s)
2026-07-29 20:03:25   [GPU] 2,650,135 evals (18171 batches, avg 146/batch = 28% of 512, 9061 evals/s, 659 msg/s, 13.8 leaves/msg, 292s)
2026-07-29 20:03:28 [iter 47/70] self-play: 50/70 games...
2026-07-29 20:03:30   [GPU] 2,700,058 evals (18542 batches, avg 146/batch = 28% of 512, 9072 evals/s, 660 msg/s, 13.7 leaves/msg, 298s)
2026-07-29 20:03:35   [GPU] 2,750,064 evals (18910 batches, avg 145/batch = 28% of 512, 9088 evals/s, 662 msg/s, 13.7 leaves/msg, 303s)
2026-07-29 20:03:41   [GPU] 2,800,081 evals (19299 batches, avg 145/batch = 28% of 512, 9099 evals/s, 663 msg/s, 13.7 leaves/msg, 308s)
2026-07-29 20:03:46   [GPU] 2,850,026 evals (19697 batches, avg 145/batch = 28% of 512, 9104 evals/s, 663 msg/s, 13.7 leaves/msg, 313s)
2026-07-29 20:03:51   [GPU] 2,900,026 evals (20113 batches, avg 144/batch = 28% of 512, 9102 evals/s, 663 msg/s, 13.7 leaves/msg, 319s)
2026-07-29 20:03:54 [iter 47/70] self-play: 55/70 games...
2026-07-29 20:03:57   [GPU] 2,950,016 evals (20571 batches, avg 143/batch = 28% of 512, 9092 evals/s, 663 msg/s, 13.7 leaves/msg, 324s)
2026-07-29 20:04:04   [GPU] 3,000,055 evals (21084 batches, avg 142/batch = 28% of 512, 9064 evals/s, 662 msg/s, 13.7 leaves/msg, 331s)
2026-07-29 20:04:11   [GPU] 3,050,012 evals (21694 batches, avg 141/batch = 27% of 512, 9019 evals/s, 659 msg/s, 13.7 leaves/msg, 338s)
2026-07-29 20:04:13 [iter 47/70] self-play: 60/70 games...
2026-07-29 20:04:21   [GPU] 3,100,062 evals (22550 batches, avg 137/batch = 27% of 512, 8915 evals/s, 654 msg/s, 13.6 leaves/msg, 348s)
2026-07-29 20:04:26 [iter 47/70] self-play: 65/70 games...
2026-07-29 20:04:34   [GPU] 3,150,031 evals (23842 batches, avg 132/batch = 26% of 512, 8724 evals/s, 640 msg/s, 13.6 leaves/msg, 361s)
2026-07-29 20:04:48   [GPU] 3,200,005 evals (25165 batches, avg 127/batch = 25% of 512, 8537 evals/s, 626 msg/s, 13.6 leaves/msg, 375s)
2026-07-29 20:05:07 [iter 47/70] self-play: 70/70 games...
2026-07-29 20:05:08 [iter 47/70] self-play done: 70 games (397s) | wins: P0=21, P1=1, P2=20, P3=23, draw=5 | draw_rate=7% avg_len~71
2026-07-29 20:05:08 [iter 47/70] training (600 steps, lr=3.37e-04)...
2026-07-29 20:05:20 [iter 47/70] training done: loss_p=1.675 loss_v=0.044 (12s)
2026-07-29 20:05:20 [iter 47/70] eval skipped (eval_every=5)
2026-07-29 20:05:20 >>> iter 47 | loss_p=1.675 loss_v=0.044 | vs_best=n/a (not evaluated) | vs_rand=n/a | draw=7% | buf=443384 | sp=397s train=12s eval_best=0s eval_rand=0s | total=410s
2026-07-29 20:05:20 [iter 48/70] self-play starting (70 games, 600 sims)...
2026-07-29 20:05:23 [PARALLEL-MP] 64 workers spawned (70 games, sims=600), GPU batcher starting...
2026-07-29 20:05:36   [GPU] 50,144 evals (369 batches, avg 136/batch = 27% of 512, 3854 evals/s, 253 msg/s, 15.3 leaves/msg, 13s)
2026-07-29 20:05:43   [GPU] 100,160 evals (697 batches, avg 144/batch = 28% of 512, 4816 evals/s, 313 msg/s, 15.4 leaves/msg, 21s)
2026-07-29 20:05:51   [GPU] 150,092 evals (1050 batches, avg 143/batch = 28% of 512, 5221 evals/s, 338 msg/s, 15.4 leaves/msg, 29s)
2026-07-29 20:05:59   [GPU] 200,206 evals (1388 batches, avg 144/batch = 28% of 512, 5506 evals/s, 358 msg/s, 15.4 leaves/msg, 36s)
2026-07-29 20:06:07   [GPU] 250,073 evals (1728 batches, avg 145/batch = 28% of 512, 5666 evals/s, 368 msg/s, 15.4 leaves/msg, 44s)
2026-07-29 20:06:14   [GPU] 300,085 evals (2061 batches, avg 146/batch = 28% of 512, 5793 evals/s, 376 msg/s, 15.4 leaves/msg, 52s)
2026-07-29 20:06:22   [GPU] 350,038 evals (2392 batches, avg 146/batch = 29% of 512, 5909 evals/s, 384 msg/s, 15.4 leaves/msg, 59s)
2026-07-29 20:06:29   [GPU] 400,126 evals (2717 batches, avg 147/batch = 29% of 512, 6034 evals/s, 392 msg/s, 15.4 leaves/msg, 66s)
2026-07-29 20:06:36   [GPU] 450,099 evals (3039 batches, avg 148/batch = 29% of 512, 6146 evals/s, 399 msg/s, 15.4 leaves/msg, 73s)
2026-07-29 20:06:43   [GPU] 500,133 evals (3360 batches, avg 149/batch = 29% of 512, 6241 evals/s, 405 msg/s, 15.4 leaves/msg, 80s)
2026-07-29 20:06:49   [GPU] 550,068 evals (3669 batches, avg 150/batch = 29% of 512, 6351 evals/s, 412 msg/s, 15.4 leaves/msg, 87s)
2026-07-29 20:06:55   [GPU] 600,087 evals (3980 batches, avg 151/batch = 29% of 512, 6463 evals/s, 420 msg/s, 15.4 leaves/msg, 93s)
2026-07-29 20:07:01   [GPU] 650,215 evals (4291 batches, avg 152/batch = 30% of 512, 6592 evals/s, 428 msg/s, 15.4 leaves/msg, 99s)
2026-07-29 20:07:06   [GPU] 700,177 evals (4589 batches, avg 153/batch = 30% of 512, 6771 evals/s, 439 msg/s, 15.4 leaves/msg, 103s)
2026-07-29 20:07:11   [GPU] 750,029 evals (4899 batches, avg 153/batch = 30% of 512, 6935 evals/s, 451 msg/s, 15.4 leaves/msg, 108s)
2026-07-29 20:07:16   [GPU] 800,025 evals (5235 batches, avg 153/batch = 30% of 512, 7072 evals/s, 460 msg/s, 15.4 leaves/msg, 113s)
2026-07-29 20:07:21   [GPU] 850,117 evals (5564 batches, avg 153/batch = 30% of 512, 7209 evals/s, 470 msg/s, 15.3 leaves/msg, 118s)
2026-07-29 20:07:25   [GPU] 900,059 evals (5884 batches, avg 153/batch = 30% of 512, 7349 evals/s, 481 msg/s, 15.3 leaves/msg, 122s)
2026-07-29 20:07:30   [GPU] 950,133 evals (6215 batches, avg 153/batch = 30% of 512, 7475 evals/s, 490 msg/s, 15.3 leaves/msg, 127s)
2026-07-29 20:07:34   [GPU] 1,000,021 evals (6542 batches, avg 153/batch = 30% of 512, 7587 evals/s, 498 msg/s, 15.2 leaves/msg, 132s)
2026-07-29 20:07:39   [GPU] 1,050,045 evals (6870 batches, avg 153/batch = 30% of 512, 7695 evals/s, 506 msg/s, 15.2 leaves/msg, 136s)
2026-07-29 20:07:44   [GPU] 1,100,115 evals (7188 batches, avg 153/batch = 30% of 512, 7799 evals/s, 514 msg/s, 15.2 leaves/msg, 141s)
2026-07-29 20:07:48   [GPU] 1,150,030 evals (7515 batches, avg 153/batch = 30% of 512, 7892 evals/s, 522 msg/s, 15.1 leaves/msg, 146s)
2026-07-29 20:07:53   [GPU] 1,200,164 evals (7831 batches, avg 153/batch = 30% of 512, 7982 evals/s, 529 msg/s, 15.1 leaves/msg, 150s)
2026-07-29 20:07:58   [GPU] 1,250,081 evals (8163 batches, avg 153/batch = 30% of 512, 8067 evals/s, 535 msg/s, 15.1 leaves/msg, 155s)
2026-07-29 20:08:02   [GPU] 1,300,110 evals (8497 batches, avg 153/batch = 30% of 512, 8138 evals/s, 541 msg/s, 15.0 leaves/msg, 160s)
2026-07-29 20:08:07   [GPU] 1,350,028 evals (8819 batches, avg 153/batch = 30% of 512, 8214 evals/s, 547 msg/s, 15.0 leaves/msg, 164s)
2026-07-29 20:08:12   [GPU] 1,400,215 evals (9149 batches, avg 153/batch = 30% of 512, 8280 evals/s, 553 msg/s, 15.0 leaves/msg, 169s)
2026-07-29 20:08:16   [GPU] 1,450,063 evals (9475 batches, avg 153/batch = 30% of 512, 8345 evals/s, 558 msg/s, 14.9 leaves/msg, 174s)
2026-07-29 20:08:21   [GPU] 1,500,080 evals (9797 batches, avg 153/batch = 30% of 512, 8408 evals/s, 564 msg/s, 14.9 leaves/msg, 178s)
2026-07-29 20:08:26   [GPU] 1,550,155 evals (10126 batches, avg 153/batch = 30% of 512, 8461 evals/s, 568 msg/s, 14.9 leaves/msg, 183s)
2026-07-29 20:08:31   [GPU] 1,600,109 evals (10465 batches, avg 153/batch = 30% of 512, 8510 evals/s, 573 msg/s, 14.8 leaves/msg, 188s)
2026-07-29 20:08:35   [GPU] 1,650,063 evals (10797 batches, avg 153/batch = 30% of 512, 8556 evals/s, 578 msg/s, 14.8 leaves/msg, 193s)
2026-07-29 20:08:40   [GPU] 1,700,001 evals (11133 batches, avg 153/batch = 30% of 512, 8597 evals/s, 582 msg/s, 14.8 leaves/msg, 198s)
2026-07-29 20:08:45   [GPU] 1,750,000 evals (11472 batches, avg 153/batch = 30% of 512, 8634 evals/s, 586 msg/s, 14.7 leaves/msg, 203s)
2026-07-29 20:08:50   [GPU] 1,800,023 evals (11808 batches, avg 152/batch = 30% of 512, 8672 evals/s, 590 msg/s, 14.7 leaves/msg, 208s)
2026-07-29 20:08:55   [GPU] 1,850,095 evals (12151 batches, avg 152/batch = 30% of 512, 8701 evals/s, 595 msg/s, 14.6 leaves/msg, 213s)
2026-07-29 20:09:00   [GPU] 1,900,068 evals (12507 batches, avg 152/batch = 30% of 512, 8726 evals/s, 599 msg/s, 14.6 leaves/msg, 218s)
2026-07-29 20:09:04 [iter 48/70] self-play: 5/70 games...
2026-07-29 20:09:06   [GPU] 1,950,052 evals (12872 batches, avg 151/batch = 30% of 512, 8747 evals/s, 603 msg/s, 14.5 leaves/msg, 223s)
2026-07-29 20:09:11   [GPU] 2,000,059 evals (13228 batches, avg 151/batch = 30% of 512, 8771 evals/s, 607 msg/s, 14.4 leaves/msg, 228s)
2026-07-29 20:09:16   [GPU] 2,050,087 evals (13592 batches, avg 151/batch = 29% of 512, 8791 evals/s, 612 msg/s, 14.4 leaves/msg, 233s)
2026-07-29 20:09:21   [GPU] 2,100,040 evals (13971 batches, avg 150/batch = 29% of 512, 8796 evals/s, 617 msg/s, 14.2 leaves/msg, 239s)
2026-07-29 20:09:22 [iter 48/70] self-play: 10/70 games...
2026-07-29 20:09:24 [iter 48/70] self-play: 15/70 games...
2026-07-29 20:09:27   [GPU] 2,150,038 evals (14355 batches, avg 150/batch = 29% of 512, 8803 evals/s, 624 msg/s, 14.1 leaves/msg, 244s)
2026-07-29 20:09:30 [iter 48/70] self-play: 20/70 games...
2026-07-29 20:09:32 [iter 48/70] self-play: 25/70 games...
2026-07-29 20:09:33   [GPU] 2,200,135 evals (14755 batches, avg 149/batch = 29% of 512, 8802 evals/s, 630 msg/s, 14.0 leaves/msg, 250s)
2026-07-29 20:09:33 [iter 48/70] self-play: 30/70 games...
2026-07-29 20:09:36 [iter 48/70] self-play: 35/70 games...
2026-07-29 20:09:37   [GPU] 2,250,089 evals (15100 batches, avg 149/batch = 29% of 512, 8829 evals/s, 635 msg/s, 13.9 leaves/msg, 255s)
2026-07-29 20:09:42 [iter 48/70] self-play: 40/70 games...
2026-07-29 20:09:42   [GPU] 2,300,016 evals (15449 batches, avg 149/batch = 29% of 512, 8853 evals/s, 638 msg/s, 13.9 leaves/msg, 260s)
2026-07-29 20:09:47   [GPU] 2,350,006 evals (15799 batches, avg 149/batch = 29% of 512, 8875 evals/s, 642 msg/s, 13.8 leaves/msg, 265s)
2026-07-29 20:09:51 [iter 48/70] self-play: 45/70 games...
2026-07-29 20:09:52   [GPU] 2,400,070 evals (16158 batches, avg 149/batch = 29% of 512, 8892 evals/s, 645 msg/s, 13.8 leaves/msg, 270s)
2026-07-29 20:09:58   [GPU] 2,450,003 evals (16543 batches, avg 148/batch = 29% of 512, 8905 evals/s, 647 msg/s, 13.8 leaves/msg, 275s)
2026-07-29 20:10:01 [iter 48/70] self-play: 50/70 games...
2026-07-29 20:10:03   [GPU] 2,500,043 evals (16972 batches, avg 147/batch = 29% of 512, 8901 evals/s, 648 msg/s, 13.7 leaves/msg, 281s)
2026-07-29 20:10:10   [GPU] 2,550,082 evals (17482 batches, avg 146/batch = 28% of 512, 8864 evals/s, 648 msg/s, 13.7 leaves/msg, 288s)
2026-07-29 20:10:10 [iter 48/70] self-play: 55/70 games...
2026-07-29 20:10:17   [GPU] 2,600,082 evals (18027 batches, avg 144/batch = 28% of 512, 8831 evals/s, 646 msg/s, 13.7 leaves/msg, 294s)
2026-07-29 20:10:23   [GPU] 2,650,010 evals (18538 batches, avg 143/batch = 28% of 512, 8806 evals/s, 644 msg/s, 13.7 leaves/msg, 301s)
2026-07-29 20:10:31   [GPU] 2,700,000 evals (19126 batches, avg 141/batch = 28% of 512, 8763 evals/s, 641 msg/s, 13.7 leaves/msg, 308s)
2026-07-29 20:10:38   [GPU] 2,750,020 evals (19735 batches, avg 139/batch = 27% of 512, 8713 evals/s, 637 msg/s, 13.7 leaves/msg, 316s)
2026-07-29 20:10:43 [iter 48/70] self-play: 60/70 games...
2026-07-29 20:10:46   [GPU] 2,800,034 evals (20413 batches, avg 137/batch = 27% of 512, 8652 evals/s, 634 msg/s, 13.6 leaves/msg, 324s)
2026-07-29 20:10:56   [GPU] 2,850,024 evals (21276 batches, avg 134/batch = 26% of 512, 8550 evals/s, 627 msg/s, 13.6 leaves/msg, 333s)
2026-07-29 20:11:07   [GPU] 2,900,008 evals (22244 batches, avg 130/batch = 25% of 512, 8430 evals/s, 618 msg/s, 13.6 leaves/msg, 344s)
2026-07-29 20:11:17   [GPU] 2,950,007 evals (23221 batches, avg 127/batch = 25% of 512, 8329 evals/s, 611 msg/s, 13.6 leaves/msg, 354s)
2026-07-29 20:11:27   [GPU] 3,000,038 evals (24249 batches, avg 124/batch = 24% of 512, 8225 evals/s, 604 msg/s, 13.6 leaves/msg, 365s)
2026-07-29 20:11:39 [iter 48/70] self-play: 65/70 games...
2026-07-29 20:11:40   [GPU] 3,050,007 evals (25537 batches, avg 119/batch = 23% of 512, 8073 evals/s, 595 msg/s, 13.6 leaves/msg, 378s)
2026-07-29 20:11:47 [iter 48/70] self-play: 70/70 games...
2026-07-29 20:11:48 [iter 48/70] self-play done: 70 games (388s) | wins: P0=32, P1=2, P2=16, P3=14, draw=6 | draw_rate=9% avg_len~64
2026-07-29 20:11:48 [iter 48/70] training (600 steps, lr=3.19e-04)...
2026-07-29 20:12:00 [iter 48/70] training done: loss_p=1.673 loss_v=0.043 (12s)
2026-07-29 20:12:00 [iter 48/70] eval skipped (eval_every=5)
2026-07-29 20:12:00 >>> iter 48 | loss_p=1.673 loss_v=0.043 | vs_best=n/a (not evaluated) | vs_rand=n/a | draw=9% | buf=452328 | sp=388s train=12s eval_best=0s eval_rand=0s | total=400s
2026-07-29 20:12:00 [iter 49/70] self-play starting (70 games, 600 sims)...
2026-07-29 20:12:02 [PARALLEL-MP] 64 workers spawned (70 games, sims=600), GPU batcher starting...
2026-07-29 20:12:15   [GPU] 50,048 evals (362 batches, avg 138/batch = 27% of 512, 3904 evals/s, 256 msg/s, 15.3 leaves/msg, 13s)
2026-07-29 20:12:23   [GPU] 100,096 evals (711 batches, avg 141/batch = 27% of 512, 4893 evals/s, 318 msg/s, 15.4 leaves/msg, 20s)
2026-07-29 20:12:31   [GPU] 150,096 evals (1065 batches, avg 141/batch = 28% of 512, 5280 evals/s, 342 msg/s, 15.4 leaves/msg, 28s)
2026-07-29 20:12:38   [GPU] 200,117 evals (1405 batches, avg 142/batch = 28% of 512, 5573 evals/s, 363 msg/s, 15.4 leaves/msg, 36s)
2026-07-29 20:12:46   [GPU] 250,128 evals (1750 batches, avg 143/batch = 28% of 512, 5737 evals/s, 373 msg/s, 15.4 leaves/msg, 44s)
2026-07-29 20:12:53   [GPU] 300,170 evals (2087 batches, avg 144/batch = 28% of 512, 5879 evals/s, 382 msg/s, 15.4 leaves/msg, 51s)
2026-07-29 20:13:01   [GPU] 350,050 evals (2417 batches, avg 145/batch = 28% of 512, 5991 evals/s, 389 msg/s, 15.4 leaves/msg, 58s)
2026-07-29 20:13:08   [GPU] 400,134 evals (2737 batches, avg 146/batch = 29% of 512, 6107 evals/s, 397 msg/s, 15.4 leaves/msg, 66s)
2026-07-29 20:13:15   [GPU] 450,086 evals (3057 batches, avg 147/batch = 29% of 512, 6221 evals/s, 404 msg/s, 15.4 leaves/msg, 72s)
2026-07-29 20:13:21   [GPU] 500,222 evals (3379 batches, avg 148/batch = 29% of 512, 6328 evals/s, 411 msg/s, 15.4 leaves/msg, 79s)
2026-07-29 20:13:28   [GPU] 550,199 evals (3688 batches, avg 149/batch = 29% of 512, 6433 evals/s, 418 msg/s, 15.4 leaves/msg, 86s)
2026-07-29 20:13:34   [GPU] 600,104 evals (3993 batches, avg 150/batch = 29% of 512, 6542 evals/s, 425 msg/s, 15.4 leaves/msg, 92s)
2026-07-29 20:13:40   [GPU] 650,156 evals (4305 batches, avg 151/batch = 29% of 512, 6673 evals/s, 433 msg/s, 15.4 leaves/msg, 97s)
2026-07-29 20:13:44   [GPU] 700,064 evals (4610 batches, avg 152/batch = 30% of 512, 6848 evals/s, 445 msg/s, 15.4 leaves/msg, 102s)
2026-07-29 20:13:49   [GPU] 750,004 evals (4901 batches, avg 153/batch = 30% of 512, 7044 evals/s, 458 msg/s, 15.4 leaves/msg, 106s)
2026-07-29 20:13:53   [GPU] 800,055 evals (5211 batches, avg 154/batch = 30% of 512, 7213 evals/s, 470 msg/s, 15.4 leaves/msg, 111s)
2026-07-29 20:13:57   [GPU] 850,025 evals (5513 batches, avg 154/batch = 30% of 512, 7379 evals/s, 481 msg/s, 15.3 leaves/msg, 115s)
2026-07-29 20:14:02   [GPU] 900,060 evals (5821 batches, avg 155/batch = 30% of 512, 7531 evals/s, 492 msg/s, 15.3 leaves/msg, 120s)
2026-07-29 20:14:06   [GPU] 950,036 evals (6131 batches, avg 155/batch = 30% of 512, 7679 evals/s, 503 msg/s, 15.3 leaves/msg, 124s)
2026-07-29 20:14:10   [GPU] 1,000,077 evals (6441 batches, avg 155/batch = 30% of 512, 7822 evals/s, 514 msg/s, 15.2 leaves/msg, 128s)
2026-07-29 20:14:14   [GPU] 1,050,186 evals (6746 batches, avg 156/batch = 30% of 512, 7950 evals/s, 523 msg/s, 15.2 leaves/msg, 132s)
2026-07-29 20:14:19   [GPU] 1,100,070 evals (7066 batches, avg 156/batch = 30% of 512, 8067 evals/s, 532 msg/s, 15.2 leaves/msg, 136s)
2026-07-29 20:14:23   [GPU] 1,150,137 evals (7382 batches, avg 156/batch = 30% of 512, 8174 evals/s, 540 msg/s, 15.1 leaves/msg, 141s)
2026-07-29 20:14:27   [GPU] 1,200,188 evals (7691 batches, avg 156/batch = 30% of 512, 8282 evals/s, 548 msg/s, 15.1 leaves/msg, 145s)
2026-07-29 20:14:31   [GPU] 1,250,026 evals (8003 batches, avg 156/batch = 31% of 512, 8382 evals/s, 556 msg/s, 15.1 leaves/msg, 149s)
2026-07-29 20:14:35   [GPU] 1,300,155 evals (8309 batches, avg 156/batch = 31% of 512, 8486 evals/s, 564 msg/s, 15.1 leaves/msg, 153s)
2026-07-29 20:14:39   [GPU] 1,350,011 evals (8621 batches, avg 157/batch = 31% of 512, 8582 evals/s, 571 msg/s, 15.0 leaves/msg, 157s)
2026-07-29 20:14:44   [GPU] 1,400,126 evals (8939 batches, avg 157/batch = 31% of 512, 8665 evals/s, 578 msg/s, 15.0 leaves/msg, 162s)
2026-07-29 20:14:48   [GPU] 1,450,141 evals (9248 batches, avg 157/batch = 31% of 512, 8746 evals/s, 585 msg/s, 15.0 leaves/msg, 166s)
2026-07-29 20:14:52   [GPU] 1,500,079 evals (9565 batches, avg 157/batch = 31% of 512, 8820 evals/s, 591 msg/s, 14.9 leaves/msg, 170s)
2026-07-29 20:14:57   [GPU] 1,550,018 evals (9882 batches, avg 157/batch = 31% of 512, 8888 evals/s, 597 msg/s, 14.9 leaves/msg, 174s)
2026-07-29 20:15:01   [GPU] 1,600,151 evals (10182 batches, avg 157/batch = 31% of 512, 8961 evals/s, 603 msg/s, 14.9 leaves/msg, 179s)
2026-07-29 20:15:05   [GPU] 1,650,033 evals (10491 batches, avg 157/batch = 31% of 512, 9029 evals/s, 609 msg/s, 14.8 leaves/msg, 183s)
2026-07-29 20:15:09   [GPU] 1,700,055 evals (10797 batches, avg 157/batch = 31% of 512, 9092 evals/s, 615 msg/s, 14.8 leaves/msg, 187s)
2026-07-29 20:15:13   [GPU] 1,750,162 evals (11108 batches, avg 158/batch = 31% of 512, 9151 evals/s, 621 msg/s, 14.7 leaves/msg, 191s)
2026-07-29 20:15:18   [GPU] 1,800,004 evals (11433 batches, avg 157/batch = 31% of 512, 9200 evals/s, 626 msg/s, 14.7 leaves/msg, 196s)
2026-07-29 20:15:23   [GPU] 1,850,089 evals (11783 batches, avg 157/batch = 31% of 512, 9231 evals/s, 631 msg/s, 14.6 leaves/msg, 200s)
2026-07-29 20:15:27   [GPU] 1,900,026 evals (12126 batches, avg 157/batch = 31% of 512, 9264 evals/s, 637 msg/s, 14.6 leaves/msg, 205s)
2026-07-29 20:15:32   [GPU] 1,950,041 evals (12482 batches, avg 156/batch = 31% of 512, 9288 evals/s, 642 msg/s, 14.5 leaves/msg, 210s)
2026-07-29 20:15:33 [iter 49/70] self-play: 5/70 games...
2026-07-29 20:15:37   [GPU] 2,000,042 evals (12840 batches, avg 156/batch = 30% of 512, 9311 evals/s, 648 msg/s, 14.4 leaves/msg, 215s)
2026-07-29 20:15:41 [iter 49/70] self-play: 10/70 games...
2026-07-29 20:15:42   [GPU] 2,050,023 evals (13199 batches, avg 155/batch = 30% of 512, 9326 evals/s, 654 msg/s, 14.3 leaves/msg, 220s)
2026-07-29 20:15:44 [iter 49/70] self-play: 15/70 games...
2026-07-29 20:15:47   [GPU] 2,100,065 evals (13561 batches, avg 155/batch = 30% of 512, 9346 evals/s, 660 msg/s, 14.2 leaves/msg, 225s)
2026-07-29 20:15:51 [iter 49/70] self-play: 20/70 games...
2026-07-29 20:15:52   [GPU] 2,150,031 evals (13921 batches, avg 154/batch = 30% of 512, 9364 evals/s, 665 msg/s, 14.1 leaves/msg, 230s)
2026-07-29 20:15:56 [iter 49/70] self-play: 25/70 games...
2026-07-29 20:15:57   [GPU] 2,200,095 evals (14292 batches, avg 154/batch = 30% of 512, 9382 evals/s, 671 msg/s, 14.0 leaves/msg, 235s)
2026-07-29 20:16:01 [iter 49/70] self-play: 30/70 games...
2026-07-29 20:16:02   [GPU] 2,250,002 evals (14662 batches, avg 153/batch = 30% of 512, 9397 evals/s, 677 msg/s, 13.9 leaves/msg, 239s)
2026-07-29 20:16:05 [iter 49/70] self-play: 35/70 games...
2026-07-29 20:16:07   [GPU] 2,300,106 evals (15035 batches, avg 153/batch = 30% of 512, 9409 evals/s, 684 msg/s, 13.8 leaves/msg, 244s)
2026-07-29 20:16:08 [iter 49/70] self-play: 40/70 games...
2026-07-29 20:16:10 [iter 49/70] self-play: 45/70 games...
2026-07-29 20:16:12 [iter 49/70] self-play: 50/70 games...
2026-07-29 20:16:13   [GPU] 2,350,073 evals (15520 batches, avg 151/batch = 30% of 512, 9356 evals/s, 687 msg/s, 13.6 leaves/msg, 251s)
2026-07-29 20:16:16 [iter 49/70] self-play: 55/70 games...
2026-07-29 20:16:22   [GPU] 2,400,077 evals (16218 batches, avg 148/batch = 29% of 512, 9249 evals/s, 680 msg/s, 13.6 leaves/msg, 260s)
2026-07-29 20:16:30   [GPU] 2,450,051 evals (16957 batches, avg 144/batch = 28% of 512, 9140 evals/s, 671 msg/s, 13.6 leaves/msg, 268s)
2026-07-29 20:16:38   [GPU] 2,500,043 evals (17588 batches, avg 142/batch = 28% of 512, 9069 evals/s, 666 msg/s, 13.6 leaves/msg, 276s)
2026-07-29 20:16:44   [GPU] 2,550,017 evals (18127 batches, avg 141/batch = 27% of 512, 9035 evals/s, 663 msg/s, 13.6 leaves/msg, 282s)
2026-07-29 20:16:51   [GPU] 2,600,081 evals (18679 batches, avg 139/batch = 27% of 512, 9000 evals/s, 661 msg/s, 13.6 leaves/msg, 289s)
2026-07-29 20:16:58   [GPU] 2,650,065 evals (19279 batches, avg 137/batch = 27% of 512, 8950 evals/s, 658 msg/s, 13.6 leaves/msg, 296s)
2026-07-29 20:17:05   [GPU] 2,700,055 evals (19891 batches, avg 136/batch = 27% of 512, 8903 evals/s, 654 msg/s, 13.6 leaves/msg, 303s)
2026-07-29 20:17:11 [iter 49/70] self-play: 60/70 games...
2026-07-29 20:17:13   [GPU] 2,750,064 evals (20559 batches, avg 134/batch = 26% of 512, 8842 evals/s, 650 msg/s, 13.6 leaves/msg, 311s)
2026-07-29 20:17:22 [iter 49/70] self-play: 65/70 games...
2026-07-29 20:17:27   [GPU] 2,800,026 evals (21858 batches, avg 128/batch = 25% of 512, 8608 evals/s, 636 msg/s, 13.5 leaves/msg, 325s)
2026-07-29 20:18:05 [iter 49/70] self-play: 70/70 games...
2026-07-29 20:18:05 [iter 49/70] self-play done: 70 games (365s) | wins: P0=30, P2=15, P3=24, draw=1 | draw_rate=1% avg_len~73
2026-07-29 20:18:05 [iter 49/70] training (600 steps, lr=3.02e-04)...
2026-07-29 20:18:19 [iter 49/70] training done: loss_p=1.665 loss_v=0.044 (14s)
2026-07-29 20:18:19 [iter 49/70] eval skipped (eval_every=5)
2026-07-29 20:18:19 >>> iter 49 | loss_p=1.665 loss_v=0.044 | vs_best=n/a (not evaluated) | vs_rand=n/a | draw=1% | buf=462526 | sp=365s train=14s eval_best=0s eval_rand=0s | total=379s
2026-07-29 20:18:19 [iter 50/70] self-play starting (70 games, 600 sims)...
2026-07-29 20:18:21 [PARALLEL-MP] 64 workers spawned (70 games, sims=600), GPU batcher starting...
2026-07-29 20:18:35   [GPU] 50,000 evals (363 batches, avg 138/batch = 27% of 512, 3695 evals/s, 242 msg/s, 15.3 leaves/msg, 14s)
2026-07-29 20:18:43   [GPU] 100,160 evals (700 batches, avg 143/batch = 28% of 512, 4719 evals/s, 306 msg/s, 15.4 leaves/msg, 21s)
2026-07-29 20:18:51   [GPU] 150,085 evals (1047 batches, avg 143/batch = 28% of 512, 5153 evals/s, 334 msg/s, 15.4 leaves/msg, 29s)
2026-07-29 20:18:58   [GPU] 200,100 evals (1387 batches, avg 144/batch = 28% of 512, 5446 evals/s, 354 msg/s, 15.4 leaves/msg, 37s)
2026-07-29 20:19:06   [GPU] 250,016 evals (1737 batches, avg 144/batch = 28% of 512, 5618 evals/s, 365 msg/s, 15.4 leaves/msg, 45s)
2026-07-29 20:19:14   [GPU] 300,060 evals (2076 batches, avg 145/batch = 28% of 512, 5758 evals/s, 374 msg/s, 15.4 leaves/msg, 52s)
2026-07-29 20:19:21   [GPU] 350,023 evals (2409 batches, avg 145/batch = 28% of 512, 5868 evals/s, 381 msg/s, 15.4 leaves/msg, 60s)
2026-07-29 20:19:28   [GPU] 400,100 evals (2732 batches, avg 146/batch = 29% of 512, 5975 evals/s, 388 msg/s, 15.4 leaves/msg, 67s)
2026-07-29 20:19:36   [GPU] 450,015 evals (3048 batches, avg 148/batch = 29% of 512, 6071 evals/s, 394 msg/s, 15.4 leaves/msg, 74s)
2026-07-29 20:19:43   [GPU] 500,157 evals (3365 batches, avg 149/batch = 29% of 512, 6168 evals/s, 400 msg/s, 15.4 leaves/msg, 81s)
2026-07-29 20:19:49   [GPU] 550,165 evals (3679 batches, avg 150/batch = 29% of 512, 6272 evals/s, 407 msg/s, 15.4 leaves/msg, 88s)
2026-07-29 20:19:56   [GPU] 600,030 evals (3982 batches, avg 151/batch = 29% of 512, 6379 evals/s, 414 msg/s, 15.4 leaves/msg, 94s)
2026-07-29 20:20:01   [GPU] 650,024 evals (4293 batches, avg 151/batch = 30% of 512, 6503 evals/s, 422 msg/s, 15.4 leaves/msg, 100s)
2026-07-29 20:20:06   [GPU] 700,108 evals (4602 batches, avg 152/batch = 30% of 512, 6678 evals/s, 433 msg/s, 15.4 leaves/msg, 105s)
2026-07-29 20:20:11   [GPU] 750,018 evals (4921 batches, avg 152/batch = 30% of 512, 6844 evals/s, 445 msg/s, 15.4 leaves/msg, 110s)
2026-07-29 20:20:16   [GPU] 800,169 evals (5245 batches, avg 153/batch = 30% of 512, 6993 evals/s, 455 msg/s, 15.4 leaves/msg, 114s)
2026-07-29 20:20:21   [GPU] 850,140 evals (5562 batches, avg 153/batch = 30% of 512, 7133 evals/s, 465 msg/s, 15.3 leaves/msg, 119s)
2026-07-29 20:20:25   [GPU] 900,185 evals (5883 batches, avg 153/batch = 30% of 512, 7261 evals/s, 474 msg/s, 15.3 leaves/msg, 124s)
2026-07-29 20:20:30   [GPU] 950,130 evals (6210 batches, avg 153/batch = 30% of 512, 7386 evals/s, 483 msg/s, 15.3 leaves/msg, 129s)
2026-07-29 20:20:35   [GPU] 1,000,032 evals (6531 batches, avg 153/batch = 30% of 512, 7502 evals/s, 492 msg/s, 15.2 leaves/msg, 133s)
2026-07-29 20:20:40   [GPU] 1,050,079 evals (6867 batches, avg 153/batch = 30% of 512, 7601 evals/s, 500 msg/s, 15.2 leaves/msg, 138s)
2026-07-29 20:20:44   [GPU] 1,100,016 evals (7190 batches, avg 153/batch = 30% of 512, 7699 evals/s, 507 msg/s, 15.2 leaves/msg, 143s)
2026-07-29 20:20:49   [GPU] 1,150,083 evals (7521 batches, avg 153/batch = 30% of 512, 7790 evals/s, 514 msg/s, 15.2 leaves/msg, 148s)
2026-07-29 20:20:54   [GPU] 1,200,179 evals (7844 batches, avg 153/batch = 30% of 512, 7878 evals/s, 521 msg/s, 15.1 leaves/msg, 152s)
2026-07-29 20:20:58   [GPU] 1,250,021 evals (8174 batches, avg 153/batch = 30% of 512, 7962 evals/s, 527 msg/s, 15.1 leaves/msg, 157s)
2026-07-29 20:21:03   [GPU] 1,300,005 evals (8502 batches, avg 153/batch = 30% of 512, 8030 evals/s, 533 msg/s, 15.1 leaves/msg, 162s)
2026-07-29 20:21:08   [GPU] 1,350,148 evals (8833 batches, avg 153/batch = 30% of 512, 8103 evals/s, 539 msg/s, 15.0 leaves/msg, 167s)
2026-07-29 20:21:13   [GPU] 1,400,110 evals (9167 batches, avg 153/batch = 30% of 512, 8167 evals/s, 544 msg/s, 15.0 leaves/msg, 171s)
2026-07-29 20:21:18   [GPU] 1,450,009 evals (9510 batches, avg 152/batch = 30% of 512, 8227 evals/s, 549 msg/s, 15.0 leaves/msg, 176s)
2026-07-29 20:21:23   [GPU] 1,500,156 evals (9856 batches, avg 152/batch = 30% of 512, 8282 evals/s, 554 msg/s, 14.9 leaves/msg, 181s)
2026-07-29 20:21:27   [GPU] 1,550,047 evals (10184 batches, avg 152/batch = 30% of 512, 8340 evals/s, 559 msg/s, 14.9 leaves/msg, 186s)
2026-07-29 20:21:32   [GPU] 1,600,050 evals (10520 batches, avg 152/batch = 30% of 512, 8391 evals/s, 564 msg/s, 14.9 leaves/msg, 191s)
2026-07-29 20:21:37   [GPU] 1,650,029 evals (10867 batches, avg 152/batch = 30% of 512, 8439 evals/s, 568 msg/s, 14.9 leaves/msg, 196s)
2026-07-29 20:21:42   [GPU] 1,700,042 evals (11213 batches, avg 152/batch = 30% of 512, 8482 evals/s, 573 msg/s, 14.8 leaves/msg, 200s)
2026-07-29 20:21:47   [GPU] 1,750,207 evals (11556 batches, avg 151/batch = 30% of 512, 8525 evals/s, 577 msg/s, 14.8 leaves/msg, 205s)
2026-07-29 20:21:52   [GPU] 1,800,078 evals (11895 batches, avg 151/batch = 30% of 512, 8562 evals/s, 582 msg/s, 14.7 leaves/msg, 210s)
2026-07-29 20:21:57   [GPU] 1,850,064 evals (12242 batches, avg 151/batch = 30% of 512, 8598 evals/s, 587 msg/s, 14.6 leaves/msg, 215s)
2026-07-29 20:22:02   [GPU] 1,900,101 evals (12608 batches, avg 151/batch = 29% of 512, 8621 evals/s, 592 msg/s, 14.6 leaves/msg, 220s)
2026-07-29 20:22:05 [iter 50/70] self-play: 5/70 games...
2026-07-29 20:22:07   [GPU] 1,950,041 evals (12970 batches, avg 150/batch = 29% of 512, 8645 evals/s, 597 msg/s, 14.5 leaves/msg, 226s)
2026-07-29 20:22:12   [GPU] 2,000,058 evals (13329 batches, avg 150/batch = 29% of 512, 8667 evals/s, 602 msg/s, 14.4 leaves/msg, 231s)
2026-07-29 20:22:14 [iter 50/70] self-play: 10/70 games...
2026-07-29 20:22:17 [iter 50/70] self-play: 15/70 games...
2026-07-29 20:22:18   [GPU] 2,050,135 evals (13700 batches, avg 150/batch = 29% of 512, 8686 evals/s, 607 msg/s, 14.3 leaves/msg, 236s)
2026-07-29 20:22:23   [GPU] 2,100,012 evals (14080 batches, avg 149/batch = 29% of 512, 8697 evals/s, 612 msg/s, 14.2 leaves/msg, 241s)
2026-07-29 20:22:25 [iter 50/70] self-play: 20/70 games...
2026-07-29 20:22:29   [GPU] 2,150,008 evals (14458 batches, avg 149/batch = 29% of 512, 8702 evals/s, 618 msg/s, 14.1 leaves/msg, 247s)
2026-07-29 20:22:31 [iter 50/70] self-play: 25/70 games...
2026-07-29 20:22:32 [iter 50/70] self-play: 30/70 games...
2026-07-29 20:22:34 [iter 50/70] self-play: 35/70 games...
2026-07-29 20:22:34   [GPU] 2,200,046 evals (14846 batches, avg 148/batch = 29% of 512, 8706 evals/s, 625 msg/s, 13.9 leaves/msg, 253s)
2026-07-29 20:22:38 [iter 50/70] self-play: 40/70 games...
2026-07-29 20:22:40   [GPU] 2,250,084 evals (15247 batches, avg 148/batch = 29% of 512, 8712 evals/s, 631 msg/s, 13.8 leaves/msg, 258s)
2026-07-29 20:22:42 [iter 50/70] self-play: 45/70 games...
2026-07-29 20:22:45 [iter 50/70] self-play: 50/70 games...
2026-07-29 20:22:46   [GPU] 2,300,070 evals (15674 batches, avg 147/batch = 29% of 512, 8700 evals/s, 635 msg/s, 13.7 leaves/msg, 264s)
2026-07-29 20:22:52 [iter 50/70] self-play: 55/70 games...
2026-07-29 20:22:54   [GPU] 2,350,001 evals (16306 batches, avg 144/batch = 28% of 512, 8637 evals/s, 634 msg/s, 13.6 leaves/msg, 272s)
2026-07-29 20:23:02   [GPU] 2,400,068 evals (17073 batches, avg 141/batch = 27% of 512, 8548 evals/s, 627 msg/s, 13.6 leaves/msg, 281s)
2026-07-29 20:23:10   [GPU] 2,450,043 evals (17728 batches, avg 138/batch = 27% of 512, 8491 evals/s, 622 msg/s, 13.6 leaves/msg, 289s)
2026-07-29 20:23:13 [iter 50/70] self-play: 60/70 games...
2026-07-29 20:23:18   [GPU] 2,500,025 evals (18374 batches, avg 136/batch = 27% of 512, 8441 evals/s, 619 msg/s, 13.6 leaves/msg, 296s)
2026-07-29 20:23:26   [GPU] 2,550,076 evals (19030 batches, avg 134/batch = 26% of 512, 8387 evals/s, 614 msg/s, 13.7 leaves/msg, 304s)
2026-07-29 20:23:33   [GPU] 2,600,009 evals (19690 batches, avg 132/batch = 26% of 512, 8335 evals/s, 610 msg/s, 13.7 leaves/msg, 312s)
2026-07-29 20:23:42   [GPU] 2,650,000 evals (20396 batches, avg 130/batch = 25% of 512, 8278 evals/s, 606 msg/s, 13.7 leaves/msg, 320s)
2026-07-29 20:23:52   [GPU] 2,700,027 evals (21277 batches, avg 127/batch = 25% of 512, 8179 evals/s, 599 msg/s, 13.6 leaves/msg, 330s)
2026-07-29 20:23:57 [iter 50/70] self-play: 65/70 games...
2026-07-29 20:24:07   [GPU] 2,750,004 evals (22716 batches, avg 121/batch = 24% of 512, 7961 evals/s, 584 msg/s, 13.6 leaves/msg, 345s)
2026-07-29 20:24:27   [GPU] 2,800,002 evals (24610 batches, avg 114/batch = 22% of 512, 7654 evals/s, 563 msg/s, 13.6 leaves/msg, 366s)
2026-07-29 20:25:35 [iter 50/70] self-play: 70/70 games...
2026-07-29 20:25:36 [iter 50/70] self-play done: 70 games (436s) | wins: P0=25, P2=18, P3=25, draw=2 | draw_rate=3% avg_len~70
2026-07-29 20:25:36 [iter 50/70] training (600 steps, lr=2.85e-04)...
2026-07-29 20:25:50 [iter 50/70] training done: loss_p=1.667 loss_v=0.044 (14s)
2026-07-29 20:25:50 [iter 50/70] eval vs best (80 games, 200 sims)...
2026-07-29 20:25:52 [EVAL-MP] 64 workers spawned (80 vs_best games, sims=200), GPU batcher starting...
2026-07-29 20:26:05   [GPU] 50,111 evals (344 batches, avg 146/batch = 28% of 512, 3766 evals/s, 262 msg/s, 14.4 leaves/msg, 13s)
2026-07-29 20:26:13   [GPU] 100,051 evals (669 batches, avg 150/batch = 29% of 512, 4886 evals/s, 341 msg/s, 14.3 leaves/msg, 20s)
2026-07-29 20:26:20   [GPU] 150,042 evals (993 batches, avg 151/batch = 30% of 512, 5452 evals/s, 380 msg/s, 14.3 leaves/msg, 28s)
2026-07-29 20:26:26   [GPU] 200,150 evals (1313 batches, avg 152/batch = 30% of 512, 5861 evals/s, 409 msg/s, 14.3 leaves/msg, 34s)
2026-07-29 20:26:32   [GPU] 250,130 evals (1627 batches, avg 154/batch = 30% of 512, 6217 evals/s, 433 msg/s, 14.3 leaves/msg, 40s)
2026-07-29 20:26:38   [GPU] 300,177 evals (1951 batches, avg 154/batch = 30% of 512, 6511 evals/s, 454 msg/s, 14.3 leaves/msg, 46s)
2026-07-29 20:26:44   [GPU] 350,013 evals (2271 batches, avg 154/batch = 30% of 512, 6748 evals/s, 471 msg/s, 14.3 leaves/msg, 52s)
2026-07-29 20:26:50   [GPU] 400,106 evals (2595 batches, avg 154/batch = 30% of 512, 6942 evals/s, 485 msg/s, 14.3 leaves/msg, 58s)
2026-07-29 20:26:50 [iter 50/70] eval vs best: 5/80 games (61s, cand 0%)
2026-07-29 20:26:54 [iter 50/70] eval vs best: 10/80 games (64s, cand 0%)
2026-07-29 20:26:55   [GPU] 450,007 evals (2920 batches, avg 154/batch = 30% of 512, 7097 evals/s, 496 msg/s, 14.3 leaves/msg, 63s)
2026-07-29 20:26:56 [iter 50/70] eval vs best: 15/80 games (66s, cand 0%)
2026-07-29 20:27:01 [iter 50/70] eval vs best: 20/80 games (71s, cand 0%)
2026-07-29 20:27:01   [GPU] 500,085 evals (3247 batches, avg 154/batch = 30% of 512, 7215 evals/s, 506 msg/s, 14.3 leaves/msg, 69s)
2026-07-29 20:27:06 [iter 50/70] eval vs best: 25/80 games (76s, cand 0%)
2026-07-29 20:27:07   [GPU] 550,106 evals (3554 batches, avg 155/batch = 30% of 512, 7352 evals/s, 516 msg/s, 14.2 leaves/msg, 75s)
2026-07-29 20:27:07 [iter 50/70] eval vs best: 30/80 games (78s, cand 3%)
2026-07-29 20:27:11 [iter 50/70] eval vs best: 35/80 games (82s, cand 3%)
2026-07-29 20:27:12   [GPU] 600,003 evals (3871 batches, avg 155/batch = 30% of 512, 7465 evals/s, 525 msg/s, 14.2 leaves/msg, 80s)
2026-07-29 20:27:18   [GPU] 650,091 evals (4205 batches, avg 155/batch = 30% of 512, 7548 evals/s, 532 msg/s, 14.2 leaves/msg, 86s)
2026-07-29 20:27:23 [iter 50/70] eval vs best: 40/80 games (93s, cand 12%)
2026-07-29 20:27:24   [GPU] 700,073 evals (4540 batches, avg 154/batch = 30% of 512, 7611 evals/s, 538 msg/s, 14.1 leaves/msg, 92s)
2026-07-29 20:27:30   [GPU] 750,046 evals (4879 batches, avg 154/batch = 30% of 512, 7672 evals/s, 543 msg/s, 14.1 leaves/msg, 98s)
2026-07-29 20:27:36   [GPU] 800,167 evals (5232 batches, avg 153/batch = 30% of 512, 7723 evals/s, 548 msg/s, 14.1 leaves/msg, 104s)
2026-07-29 20:27:36 [iter 50/70] eval vs best: 45/80 games (107s, cand 13%)
2026-07-29 20:27:42   [GPU] 850,002 evals (5583 batches, avg 152/batch = 30% of 512, 7756 evals/s, 551 msg/s, 14.1 leaves/msg, 110s)
2026-07-29 20:27:44 [iter 50/70] eval vs best: 50/80 games (114s, cand 16%)
2026-07-29 20:27:48   [GPU] 900,078 evals (5973 batches, avg 151/batch = 29% of 512, 7762 evals/s, 553 msg/s, 14.0 leaves/msg, 116s)
2026-07-29 20:27:55   [GPU] 950,060 evals (6378 batches, avg 149/batch = 29% of 512, 7737 evals/s, 552 msg/s, 14.0 leaves/msg, 123s)
2026-07-29 20:28:02   [GPU] 1,000,143 evals (6786 batches, avg 147/batch = 29% of 512, 7726 evals/s, 552 msg/s, 14.0 leaves/msg, 129s)
2026-07-29 20:28:08   [GPU] 1,050,105 evals (7192 batches, avg 146/batch = 29% of 512, 7717 evals/s, 553 msg/s, 14.0 leaves/msg, 136s)
2026-07-29 20:28:15   [GPU] 1,100,004 evals (7596 batches, avg 145/batch = 28% of 512, 7705 evals/s, 553 msg/s, 13.9 leaves/msg, 143s)
2026-07-29 20:28:22   [GPU] 1,150,049 evals (8014 batches, avg 144/batch = 28% of 512, 7682 evals/s, 552 msg/s, 13.9 leaves/msg, 150s)
2026-07-29 20:28:23 [iter 50/70] eval vs best: 55/80 games (153s, cand 19%)
2026-07-29 20:28:30   [GPU] 1,200,058 evals (8517 batches, avg 141/batch = 28% of 512, 7621 evals/s, 548 msg/s, 13.9 leaves/msg, 157s)
2026-07-29 20:28:38   [GPU] 1,250,043 evals (9107 batches, avg 137/batch = 27% of 512, 7522 evals/s, 542 msg/s, 13.9 leaves/msg, 166s)
2026-07-29 20:28:39 [iter 50/70] eval vs best: 60/80 games (169s, cand 19%)
2026-07-29 20:28:46 [iter 50/70] eval vs best: 65/80 games (176s, cand 19%)
2026-07-29 20:28:50   [GPU] 1,300,051 evals (9962 batches, avg 131/batch = 25% of 512, 7315 evals/s, 527 msg/s, 13.9 leaves/msg, 178s)
2026-07-29 20:29:02 [iter 50/70] eval vs best: 70/80 games (192s, cand 19%)
2026-07-29 20:29:05   [GPU] 1,350,014 evals (11140 batches, avg 121/batch = 24% of 512, 6995 evals/s, 504 msg/s, 13.9 leaves/msg, 193s)
2026-07-29 20:29:30 [iter 50/70] eval vs best: 75/80 games (220s, cand 18%)
2026-07-29 20:29:31   [GPU] 1,400,010 evals (12991 batches, avg 108/batch = 21% of 512, 6407 evals/s, 461 msg/s, 13.9 leaves/msg, 219s)
2026-07-29 20:30:16   [GPU] 1,450,002 evals (15602 batches, avg 93/batch = 18% of 512, 5485 evals/s, 395 msg/s, 13.9 leaves/msg, 264s)
2026-07-29 20:31:06 [iter 50/70] eval vs best: 80/80 games (316s, cand 18%)
2026-07-29 20:31:07 [iter 50/70] eval vs best done: 17.9% of 56 decided reject (317s)
2026-07-29 20:31:07 [iter 50/70] eval vs random (40 games, 200 sims)...
2026-07-29 20:31:08 [EVAL-MP] 40 workers spawned (40 vs_random games, sims=200), GPU batcher starting...
2026-07-29 20:31:17   [GPU] 50,085 evals (426 batches, avg 118/batch = 23% of 512, 5478 evals/s, 394 msg/s, 13.9 leaves/msg, 9s)
2026-07-29 20:31:22   [GPU] 100,097 evals (762 batches, avg 131/batch = 26% of 512, 6932 evals/s, 529 msg/s, 13.1 leaves/msg, 14s)
2026-07-29 20:31:23 [iter 50/70] eval vs random: 5/40 games (17s, cand 100%)
2026-07-29 20:31:24 [iter 50/70] eval vs random: 10/40 games (18s, cand 100%)
2026-07-29 20:31:26 [iter 50/70] eval vs random: 15/40 games (20s, cand 93%)
2026-07-29 20:31:27   [GPU] 150,043 evals (1117 batches, avg 134/batch = 26% of 512, 7683 evals/s, 623 msg/s, 12.3 leaves/msg, 20s)
2026-07-29 20:31:32   [GPU] 200,002 evals (1488 batches, avg 134/batch = 26% of 512, 8073 evals/s, 672 msg/s, 12.0 leaves/msg, 25s)
2026-07-29 20:31:33 [iter 50/70] eval vs random: 20/40 games (26s, cand 90%)
2026-07-29 20:31:37 [iter 50/70] eval vs random: 25/40 games (31s, cand 79%)
2026-07-29 20:31:38 [iter 50/70] eval vs random: 30/40 games (31s, cand 76%)
2026-07-29 20:31:38 [iter 50/70] eval vs random: 35/40 games (32s, cand 76%)
2026-07-29 20:31:40 [iter 50/70] eval vs random: 40/40 games (33s, cand 76%)
2026-07-29 20:31:41 [iter 50/70] eval vs random done: 76.0% (34s)
2026-07-29 20:31:41 >>> iter 50 | loss_p=1.667 loss_v=0.044 | vs_best=17.9% reject | vs_rand=76.0% | draw=3% | buf=472380 | sp=436s train=14s eval_best=317s eval_rand=34s | total=801s
2026-07-29 20:31:41 [iter 51/70] self-play starting (70 games, 600 sims)...
2026-07-29 20:31:43 [PARALLEL-MP] 64 workers spawned (70 games, sims=600), GPU batcher starting...
2026-07-29 20:31:56   [GPU] 50,016 evals (376 batches, avg 133/batch = 26% of 512, 3864 evals/s, 253 msg/s, 15.3 leaves/msg, 13s)
2026-07-29 20:32:04   [GPU] 100,112 evals (713 batches, avg 140/batch = 27% of 512, 4812 evals/s, 312 msg/s, 15.4 leaves/msg, 21s)
2026-07-29 20:32:12   [GPU] 150,090 evals (1063 batches, avg 141/batch = 28% of 512, 5186 evals/s, 336 msg/s, 15.4 leaves/msg, 29s)
2026-07-29 20:32:19   [GPU] 200,213 evals (1405 batches, avg 143/batch = 28% of 512, 5461 evals/s, 355 msg/s, 15.4 leaves/msg, 37s)
2026-07-29 20:32:27   [GPU] 250,128 evals (1743 batches, avg 144/batch = 28% of 512, 5606 evals/s, 364 msg/s, 15.4 leaves/msg, 45s)
2026-07-29 20:32:35   [GPU] 300,161 evals (2066 batches, avg 145/batch = 28% of 512, 5758 evals/s, 374 msg/s, 15.4 leaves/msg, 52s)
2026-07-29 20:32:42   [GPU] 350,139 evals (2392 batches, avg 146/batch = 29% of 512, 5880 evals/s, 382 msg/s, 15.4 leaves/msg, 60s)
2026-07-29 20:32:49   [GPU] 400,173 evals (2703 batches, avg 148/batch = 29% of 512, 6012 evals/s, 390 msg/s, 15.4 leaves/msg, 67s)
2026-07-29 20:32:56   [GPU] 450,043 evals (3025 batches, avg 149/batch = 29% of 512, 6127 evals/s, 398 msg/s, 15.4 leaves/msg, 73s)
2026-07-29 20:33:03   [GPU] 500,143 evals (3350 batches, avg 149/batch = 29% of 512, 6246 evals/s, 405 msg/s, 15.4 leaves/msg, 80s)
2026-07-29 20:33:09   [GPU] 550,031 evals (3663 batches, avg 150/batch = 29% of 512, 6365 evals/s, 413 msg/s, 15.4 leaves/msg, 86s)
2026-07-29 20:33:15   [GPU] 600,116 evals (3989 batches, avg 150/batch = 29% of 512, 6491 evals/s, 421 msg/s, 15.4 leaves/msg, 92s)
2026-07-29 20:33:21   [GPU] 650,020 evals (4319 batches, avg 151/batch = 29% of 512, 6632 evals/s, 430 msg/s, 15.4 leaves/msg, 98s)
2026-07-29 20:33:25   [GPU] 700,162 evals (4629 batches, avg 151/batch = 30% of 512, 6822 evals/s, 443 msg/s, 15.4 leaves/msg, 103s)
2026-07-29 20:33:30   [GPU] 750,031 evals (4940 batches, avg 152/batch = 30% of 512, 6998 evals/s, 455 msg/s, 15.4 leaves/msg, 107s)
2026-07-29 20:33:35   [GPU] 800,064 evals (5263 batches, avg 152/batch = 30% of 512, 7139 evals/s, 465 msg/s, 15.4 leaves/msg, 112s)
2026-07-29 20:33:40   [GPU] 850,078 evals (5598 batches, avg 152/batch = 30% of 512, 7275 evals/s, 475 msg/s, 15.3 leaves/msg, 117s)
2026-07-29 20:33:44   [GPU] 900,040 evals (5915 batches, avg 152/batch = 30% of 512, 7414 evals/s, 485 msg/s, 15.3 leaves/msg, 121s)
2026-07-29 20:33:49   [GPU] 950,150 evals (6246 batches, avg 152/batch = 30% of 512, 7541 evals/s, 494 msg/s, 15.3 leaves/msg, 126s)
2026-07-29 20:33:53   [GPU] 1,000,011 evals (6571 batches, avg 152/batch = 30% of 512, 7652 evals/s, 503 msg/s, 15.2 leaves/msg, 131s)
2026-07-29 20:33:58   [GPU] 1,050,045 evals (6904 batches, avg 152/batch = 30% of 512, 7754 evals/s, 511 msg/s, 15.2 leaves/msg, 135s)
2026-07-29 20:34:03   [GPU] 1,100,040 evals (7227 batches, avg 152/batch = 30% of 512, 7852 evals/s, 518 msg/s, 15.1 leaves/msg, 140s)
2026-07-29 20:34:08   [GPU] 1,150,079 evals (7553 batches, avg 152/batch = 30% of 512, 7946 evals/s, 526 msg/s, 15.1 leaves/msg, 145s)
2026-07-29 20:34:12   [GPU] 1,200,034 evals (7872 batches, avg 152/batch = 30% of 512, 8032 evals/s, 532 msg/s, 15.1 leaves/msg, 149s)
2026-07-29 20:34:17   [GPU] 1,250,007 evals (8197 batches, avg 152/batch = 30% of 512, 8121 evals/s, 539 msg/s, 15.1 leaves/msg, 154s)
2026-07-29 20:34:21   [GPU] 1,300,033 evals (8527 batches, avg 152/batch = 30% of 512, 8193 evals/s, 545 msg/s, 15.0 leaves/msg, 159s)
2026-07-29 20:34:26   [GPU] 1,350,189 evals (8852 batches, avg 153/batch = 30% of 512, 8273 evals/s, 551 msg/s, 15.0 leaves/msg, 163s)
2026-07-29 20:34:31   [GPU] 1,400,060 evals (9185 batches, avg 152/batch = 30% of 512, 8340 evals/s, 557 msg/s, 15.0 leaves/msg, 168s)
2026-07-29 20:34:35   [GPU] 1,450,125 evals (9509 batches, avg 153/batch = 30% of 512, 8408 evals/s, 563 msg/s, 14.9 leaves/msg, 172s)
2026-07-29 20:34:40   [GPU] 1,500,105 evals (9845 batches, avg 152/batch = 30% of 512, 8470 evals/s, 568 msg/s, 14.9 leaves/msg, 177s)
2026-07-29 20:34:45   [GPU] 1,550,043 evals (10188 batches, avg 152/batch = 30% of 512, 8522 evals/s, 573 msg/s, 14.9 leaves/msg, 182s)
2026-07-29 20:34:49   [GPU] 1,600,121 evals (10526 batches, avg 152/batch = 30% of 512, 8575 evals/s, 578 msg/s, 14.8 leaves/msg, 187s)
2026-07-29 20:34:54   [GPU] 1,650,103 evals (10861 batches, avg 152/batch = 30% of 512, 8617 evals/s, 582 msg/s, 14.8 leaves/msg, 191s)
2026-07-29 20:34:59   [GPU] 1,700,044 evals (11203 batches, avg 152/batch = 30% of 512, 8667 evals/s, 587 msg/s, 14.8 leaves/msg, 196s)
2026-07-29 20:35:04   [GPU] 1,750,021 evals (11544 batches, avg 152/batch = 30% of 512, 8708 evals/s, 592 msg/s, 14.7 leaves/msg, 201s)
2026-07-29 20:35:09   [GPU] 1,800,021 evals (11905 batches, avg 151/batch = 30% of 512, 8739 evals/s, 596 msg/s, 14.7 leaves/msg, 206s)
2026-07-29 20:35:14   [GPU] 1,850,126 evals (12263 batches, avg 151/batch = 29% of 512, 8769 evals/s, 601 msg/s, 14.6 leaves/msg, 211s)
2026-07-29 20:35:19   [GPU] 1,900,072 evals (12618 batches, avg 151/batch = 29% of 512, 8800 evals/s, 606 msg/s, 14.5 leaves/msg, 216s)
2026-07-29 20:35:22 [iter 51/70] self-play: 5/70 games...
2026-07-29 20:35:24   [GPU] 1,950,229 evals (12978 batches, avg 150/batch = 29% of 512, 8827 evals/s, 611 msg/s, 14.5 leaves/msg, 221s)
2026-07-29 20:35:29   [GPU] 2,000,034 evals (13330 batches, avg 150/batch = 29% of 512, 8854 evals/s, 616 msg/s, 14.4 leaves/msg, 226s)
2026-07-29 20:35:32 [iter 51/70] self-play: 10/70 games...
2026-07-29 20:35:34   [GPU] 2,050,131 evals (13711 batches, avg 150/batch = 29% of 512, 8869 evals/s, 622 msg/s, 14.3 leaves/msg, 231s)
2026-07-29 20:35:37 [iter 51/70] self-play: 15/70 games...
2026-07-29 20:35:39   [GPU] 2,100,005 evals (14091 batches, avg 149/batch = 29% of 512, 8876 evals/s, 628 msg/s, 14.1 leaves/msg, 237s)
2026-07-29 20:35:42 [iter 51/70] self-play: 20/70 games...
2026-07-29 20:35:45   [GPU] 2,150,050 evals (14467 batches, avg 149/batch = 29% of 512, 8887 evals/s, 634 msg/s, 14.0 leaves/msg, 242s)
2026-07-29 20:35:46 [iter 51/70] self-play: 25/70 games...
2026-07-29 20:35:50 [iter 51/70] self-play: 30/70 games...
2026-07-29 20:35:50   [GPU] 2,200,201 evals (14855 batches, avg 148/batch = 29% of 512, 8899 evals/s, 640 msg/s, 13.9 leaves/msg, 247s)
2026-07-29 20:35:53 [iter 51/70] self-play: 35/70 games...
2026-07-29 20:35:55 [iter 51/70] self-play: 40/70 games...
2026-07-29 20:35:55   [GPU] 2,250,115 evals (15242 batches, avg 148/batch = 29% of 512, 8906 evals/s, 647 msg/s, 13.8 leaves/msg, 253s)
2026-07-29 20:35:56 [iter 51/70] self-play: 45/70 games...
2026-07-29 20:36:01   [GPU] 2,300,031 evals (15639 batches, avg 147/batch = 29% of 512, 8916 evals/s, 650 msg/s, 13.7 leaves/msg, 258s)
2026-07-29 20:36:04 [iter 51/70] self-play: 50/70 games...
2026-07-29 20:36:07   [GPU] 2,350,102 evals (16099 batches, avg 146/batch = 29% of 512, 8903 evals/s, 651 msg/s, 13.7 leaves/msg, 264s)
2026-07-29 20:36:13   [GPU] 2,400,056 evals (16618 batches, avg 144/batch = 28% of 512, 8880 evals/s, 651 msg/s, 13.6 leaves/msg, 270s)
2026-07-29 20:36:16 [iter 51/70] self-play: 55/70 games...
2026-07-29 20:36:20   [GPU] 2,450,039 evals (17183 batches, avg 143/batch = 28% of 512, 8842 evals/s, 649 msg/s, 13.6 leaves/msg, 277s)
2026-07-29 20:36:27   [GPU] 2,500,034 evals (17760 batches, avg 141/batch = 27% of 512, 8805 evals/s, 646 msg/s, 13.6 leaves/msg, 284s)
2026-07-29 20:36:34   [GPU] 2,550,052 evals (18343 batches, avg 139/batch = 27% of 512, 8761 evals/s, 644 msg/s, 13.6 leaves/msg, 291s)
2026-07-29 20:36:40   [GPU] 2,600,072 evals (18900 batches, avg 138/batch = 27% of 512, 8733 evals/s, 641 msg/s, 13.6 leaves/msg, 298s)
2026-07-29 20:36:47   [GPU] 2,650,021 evals (19463 batches, avg 136/batch = 27% of 512, 8706 evals/s, 639 msg/s, 13.6 leaves/msg, 304s)
2026-07-29 20:36:54   [GPU] 2,700,082 evals (20068 batches, avg 135/batch = 26% of 512, 8673 evals/s, 637 msg/s, 13.6 leaves/msg, 311s)
2026-07-29 20:36:57 [iter 51/70] self-play: 60/70 games...
2026-07-29 20:37:03   [GPU] 2,750,021 evals (20921 batches, avg 131/batch = 26% of 512, 8579 evals/s, 632 msg/s, 13.6 leaves/msg, 321s)
2026-07-29 20:37:14   [GPU] 2,800,050 evals (21912 batches, avg 128/batch = 25% of 512, 8457 evals/s, 623 msg/s, 13.6 leaves/msg, 331s)
2026-07-29 20:37:26   [GPU] 2,850,030 evals (23022 batches, avg 124/batch = 24% of 512, 8313 evals/s, 613 msg/s, 13.6 leaves/msg, 343s)
2026-07-29 20:37:38   [GPU] 2,900,036 evals (24167 batches, avg 120/batch = 23% of 512, 8171 evals/s, 603 msg/s, 13.6 leaves/msg, 355s)
2026-07-29 20:37:50   [GPU] 2,950,014 evals (25330 batches, avg 116/batch = 23% of 512, 8029 evals/s, 592 msg/s, 13.6 leaves/msg, 367s)
2026-07-29 20:37:52 [iter 51/70] self-play: 65/70 games...
2026-07-29 20:38:41 [iter 51/70] self-play: 70/70 games...
2026-07-29 20:38:41 [iter 51/70] self-play done: 70 games (421s) | wins: P0=26, P1=2, P2=15, P3=22, draw=5 | draw_rate=7% avg_len~65
2026-07-29 20:38:41 [iter 51/70] training (600 steps, lr=2.69e-04)...
2026-07-29 20:38:55 [iter 51/70] training done: loss_p=1.674 loss_v=0.043 (14s)
2026-07-29 20:38:55 [iter 51/70] eval skipped (eval_every=5)
2026-07-29 20:38:55 >>> iter 51 | loss_p=1.674 loss_v=0.043 | vs_best=n/a (not evaluated) | vs_rand=n/a | draw=7% | buf=481506 | sp=421s train=14s eval_best=0s eval_rand=0s | total=435s
2026-07-29 20:38:55 [iter 52/70] self-play starting (70 games, 600 sims)...
2026-07-29 20:38:57 [PARALLEL-MP] 64 workers spawned (70 games, sims=600), GPU batcher starting...
2026-07-29 20:39:11   [GPU] 50,080 evals (355 batches, avg 141/batch = 28% of 512, 3810 evals/s, 250 msg/s, 15.3 leaves/msg, 13s)
2026-07-29 20:39:18   [GPU] 100,032 evals (679 batches, avg 147/batch = 29% of 512, 4806 evals/s, 312 msg/s, 15.4 leaves/msg, 21s)
2026-07-29 20:39:26   [GPU] 150,142 evals (1039 batches, avg 145/batch = 28% of 512, 5212 evals/s, 338 msg/s, 15.4 leaves/msg, 29s)
2026-07-29 20:39:34   [GPU] 200,050 evals (1381 batches, avg 145/batch = 28% of 512, 5505 evals/s, 358 msg/s, 15.4 leaves/msg, 36s)
2026-07-29 20:39:42   [GPU] 250,096 evals (1718 batches, avg 146/batch = 28% of 512, 5679 evals/s, 369 msg/s, 15.4 leaves/msg, 44s)
2026-07-29 20:39:49   [GPU] 300,154 evals (2049 batches, avg 146/batch = 29% of 512, 5845 evals/s, 379 msg/s, 15.4 leaves/msg, 51s)
2026-07-29 20:39:56   [GPU] 350,200 evals (2378 batches, avg 147/batch = 29% of 512, 5973 evals/s, 388 msg/s, 15.4 leaves/msg, 59s)
2026-07-29 20:40:03   [GPU] 400,067 evals (2701 batches, avg 148/batch = 29% of 512, 6095 evals/s, 396 msg/s, 15.4 leaves/msg, 66s)
2026-07-29 20:40:10   [GPU] 450,073 evals (3030 batches, avg 149/batch = 29% of 512, 6199 evals/s, 402 msg/s, 15.4 leaves/msg, 73s)
2026-07-29 20:40:17   [GPU] 500,133 evals (3351 batches, avg 149/batch = 29% of 512, 6302 evals/s, 409 msg/s, 15.4 leaves/msg, 79s)
2026-07-29 20:40:23   [GPU] 550,121 evals (3668 batches, avg 150/batch = 29% of 512, 6408 evals/s, 416 msg/s, 15.4 leaves/msg, 86s)
2026-07-29 20:40:30   [GPU] 600,010 evals (3982 batches, avg 151/batch = 29% of 512, 6521 evals/s, 423 msg/s, 15.4 leaves/msg, 92s)
2026-07-29 20:40:35   [GPU] 650,064 evals (4295 batches, avg 151/batch = 30% of 512, 6656 evals/s, 432 msg/s, 15.4 leaves/msg, 98s)
2026-07-29 20:40:40   [GPU] 700,007 evals (4609 batches, avg 152/batch = 30% of 512, 6829 evals/s, 443 msg/s, 15.4 leaves/msg, 103s)
2026-07-29 20:40:45   [GPU] 750,023 evals (4932 batches, avg 152/batch = 30% of 512, 6987 evals/s, 454 msg/s, 15.4 leaves/msg, 107s)
2026-07-29 20:40:50   [GPU] 800,201 evals (5262 batches, avg 152/batch = 30% of 512, 7129 evals/s, 464 msg/s, 15.4 leaves/msg, 112s)
2026-07-29 20:40:55   [GPU] 850,131 evals (5599 batches, avg 152/batch = 30% of 512, 7245 evals/s, 473 msg/s, 15.3 leaves/msg, 117s)
2026-07-29 20:41:00   [GPU] 900,033 evals (5931 batches, avg 152/batch = 30% of 512, 7364 evals/s, 481 msg/s, 15.3 leaves/msg, 122s)
2026-07-29 20:41:05   [GPU] 950,143 evals (6279 batches, avg 151/batch = 30% of 512, 7460 evals/s, 489 msg/s, 15.3 leaves/msg, 127s)
2026-07-29 20:41:10   [GPU] 1,000,087 evals (6609 batches, avg 151/batch = 30% of 512, 7565 evals/s, 497 msg/s, 15.2 leaves/msg, 132s)
2026-07-29 20:41:15   [GPU] 1,050,032 evals (6938 batches, avg 151/batch = 30% of 512, 7661 evals/s, 504 msg/s, 15.2 leaves/msg, 137s)
2026-07-29 20:41:19   [GPU] 1,100,040 evals (7284 batches, avg 151/batch = 29% of 512, 7753 evals/s, 512 msg/s, 15.2 leaves/msg, 142s)
2026-07-29 20:41:24   [GPU] 1,150,099 evals (7626 batches, avg 151/batch = 29% of 512, 7839 evals/s, 519 msg/s, 15.1 leaves/msg, 147s)
2026-07-29 20:41:29   [GPU] 1,200,117 evals (7954 batches, avg 151/batch = 29% of 512, 7928 evals/s, 526 msg/s, 15.1 leaves/msg, 151s)
2026-07-29 20:41:34   [GPU] 1,250,115 evals (8289 batches, avg 151/batch = 29% of 512, 8003 evals/s, 531 msg/s, 15.1 leaves/msg, 156s)
2026-07-29 20:41:38   [GPU] 1,300,217 evals (8614 batches, avg 151/batch = 29% of 512, 8083 evals/s, 538 msg/s, 15.0 leaves/msg, 161s)
2026-07-29 20:41:43   [GPU] 1,350,107 evals (8955 batches, avg 151/batch = 29% of 512, 8148 evals/s, 543 msg/s, 15.0 leaves/msg, 166s)
2026-07-29 20:41:48   [GPU] 1,400,015 evals (9286 batches, avg 151/batch = 29% of 512, 8216 evals/s, 549 msg/s, 15.0 leaves/msg, 170s)
2026-07-29 20:41:53   [GPU] 1,450,112 evals (9635 batches, avg 151/batch = 29% of 512, 8271 evals/s, 554 msg/s, 14.9 leaves/msg, 175s)
2026-07-29 20:41:58   [GPU] 1,500,101 evals (9973 batches, avg 150/batch = 29% of 512, 8331 evals/s, 559 msg/s, 14.9 leaves/msg, 180s)
2026-07-29 20:42:03   [GPU] 1,550,052 evals (10311 batches, avg 150/batch = 29% of 512, 8380 evals/s, 564 msg/s, 14.9 leaves/msg, 185s)
2026-07-29 20:42:07   [GPU] 1,600,008 evals (10648 batches, avg 150/batch = 29% of 512, 8431 evals/s, 570 msg/s, 14.8 leaves/msg, 190s)
2026-07-29 20:42:12   [GPU] 1,650,006 evals (11004 batches, avg 150/batch = 29% of 512, 8465 evals/s, 574 msg/s, 14.7 leaves/msg, 195s)
2026-07-29 20:42:18   [GPU] 1,700,019 evals (11360 batches, avg 150/batch = 29% of 512, 8501 evals/s, 580 msg/s, 14.7 leaves/msg, 200s)
2026-07-29 20:42:23   [GPU] 1,750,108 evals (11728 batches, avg 149/batch = 29% of 512, 8528 evals/s, 584 msg/s, 14.6 leaves/msg, 205s)
2026-07-29 20:42:28 [iter 52/70] self-play: 5/70 games...
2026-07-29 20:42:28   [GPU] 1,800,112 evals (12095 batches, avg 149/batch = 29% of 512, 8556 evals/s, 590 msg/s, 14.5 leaves/msg, 210s)
2026-07-29 20:42:33   [GPU] 1,850,150 evals (12476 batches, avg 148/batch = 29% of 512, 8573 evals/s, 595 msg/s, 14.4 leaves/msg, 216s)
2026-07-29 20:42:38 [iter 52/70] self-play: 10/70 games...
2026-07-29 20:42:39   [GPU] 1,900,020 evals (12864 batches, avg 148/batch = 29% of 512, 8590 evals/s, 600 msg/s, 14.3 leaves/msg, 221s)
2026-07-29 20:42:44   [GPU] 1,950,000 evals (13254 batches, avg 147/batch = 29% of 512, 8595 evals/s, 607 msg/s, 14.2 leaves/msg, 227s)
2026-07-29 20:42:47 [iter 52/70] self-play: 15/70 games...
2026-07-29 20:42:50   [GPU] 2,000,163 evals (13664 batches, avg 146/batch = 29% of 512, 8598 evals/s, 613 msg/s, 14.0 leaves/msg, 233s)
2026-07-29 20:42:54 [iter 52/70] self-play: 20/70 games...
2026-07-29 20:42:55 [iter 52/70] self-play: 25/70 games...
2026-07-29 20:42:56   [GPU] 2,050,000 evals (14089 batches, avg 146/batch = 28% of 512, 8591 evals/s, 621 msg/s, 13.8 leaves/msg, 239s)
2026-07-29 20:42:58 [iter 52/70] self-play: 30/70 games...
2026-07-29 20:43:00 [iter 52/70] self-play: 35/70 games...
2026-07-29 20:43:01 [iter 52/70] self-play: 40/70 games...
2026-07-29 20:43:02   [GPU] 2,100,092 evals (14505 batches, avg 145/batch = 28% of 512, 8594 evals/s, 628 msg/s, 13.7 leaves/msg, 244s)
2026-07-29 20:43:06 [iter 52/70] self-play: 45/70 games...
2026-07-29 20:43:08   [GPU] 2,150,070 evals (14961 batches, avg 144/batch = 28% of 512, 8582 evals/s, 635 msg/s, 13.5 leaves/msg, 251s)
2026-07-29 20:43:09 [iter 52/70] self-play: 50/70 games...
2026-07-29 20:43:10 [iter 52/70] self-play: 55/70 games...
2026-07-29 20:43:17   [GPU] 2,200,042 evals (15695 batches, avg 140/batch = 27% of 512, 8487 evals/s, 632 msg/s, 13.4 leaves/msg, 259s)
2026-07-29 20:43:25 [iter 52/70] self-play: 60/70 games...
2026-07-29 20:43:27   [GPU] 2,250,042 evals (16657 batches, avg 135/batch = 26% of 512, 8354 evals/s, 622 msg/s, 13.4 leaves/msg, 269s)
2026-07-29 20:43:35   [GPU] 2,300,058 evals (17408 batches, avg 132/batch = 26% of 512, 8292 evals/s, 617 msg/s, 13.4 leaves/msg, 277s)
2026-07-29 20:43:43   [GPU] 2,350,050 evals (18110 batches, avg 130/batch = 25% of 512, 8246 evals/s, 613 msg/s, 13.5 leaves/msg, 285s)
2026-07-29 20:43:50   [GPU] 2,400,035 evals (18850 batches, avg 127/batch = 25% of 512, 8194 evals/s, 610 msg/s, 13.4 leaves/msg, 293s)
2026-07-29 20:43:58 [iter 52/70] self-play: 65/70 games...
2026-07-29 20:44:03   [GPU] 2,450,014 evals (20093 batches, avg 122/batch = 24% of 512, 8012 evals/s, 598 msg/s, 13.4 leaves/msg, 306s)
2026-07-29 20:44:18 [iter 52/70] self-play: 70/70 games...
2026-07-29 20:44:19 [iter 52/70] self-play done: 70 games (323s) | wins: P0=34, P2=14, P3=22 | draw_rate=0% avg_len~68
2026-07-29 20:44:19 [iter 52/70] training (600 steps, lr=2.54e-04)...
2026-07-29 20:44:32 [iter 52/70] training done: loss_p=1.668 loss_v=0.043 (14s)
2026-07-29 20:44:32 [iter 52/70] eval skipped (eval_every=5)
2026-07-29 20:44:32 >>> iter 52 | loss_p=1.668 loss_v=0.043 | vs_best=n/a (not evaluated) | vs_rand=n/a | draw=0% | buf=490970 | sp=323s train=14s eval_best=0s eval_rand=0s | total=337s
2026-07-29 20:44:32 [iter 53/70] self-play starting (70 games, 600 sims)...
2026-07-29 20:44:34 [PARALLEL-MP] 64 workers spawned (70 games, sims=600), GPU batcher starting...
2026-07-29 20:44:47   [GPU] 50,096 evals (369 batches, avg 136/batch = 27% of 512, 4107 evals/s, 269 msg/s, 15.3 leaves/msg, 12s)
2026-07-29 20:44:54   [GPU] 100,048 evals (718 batches, avg 139/batch = 27% of 512, 5122 evals/s, 333 msg/s, 15.4 leaves/msg, 20s)
2026-07-29 20:45:02   [GPU] 150,112 evals (1056 batches, avg 142/batch = 28% of 512, 5509 evals/s, 358 msg/s, 15.4 leaves/msg, 27s)
2026-07-29 20:45:09   [GPU] 200,002 evals (1389 batches, avg 144/batch = 28% of 512, 5759 evals/s, 375 msg/s, 15.4 leaves/msg, 35s)
2026-07-29 20:45:17   [GPU] 250,064 evals (1722 batches, avg 145/batch = 28% of 512, 5919 evals/s, 384 msg/s, 15.4 leaves/msg, 42s)
2026-07-29 20:45:24   [GPU] 300,075 evals (2050 batches, avg 146/batch = 29% of 512, 6056 evals/s, 393 msg/s, 15.4 leaves/msg, 50s)
2026-07-29 20:45:31   [GPU] 350,082 evals (2385 batches, avg 147/batch = 29% of 512, 6161 evals/s, 400 msg/s, 15.4 leaves/msg, 57s)
2026-07-29 20:45:38   [GPU] 400,139 evals (2708 batches, avg 148/batch = 29% of 512, 6271 evals/s, 407 msg/s, 15.4 leaves/msg, 64s)
2026-07-29 20:45:45   [GPU] 450,008 evals (3025 batches, avg 149/batch = 29% of 512, 6374 evals/s, 414 msg/s, 15.4 leaves/msg, 71s)
2026-07-29 20:45:52   [GPU] 500,088 evals (3347 batches, avg 149/batch = 29% of 512, 6474 evals/s, 420 msg/s, 15.4 leaves/msg, 77s)
2026-07-29 20:45:58   [GPU] 550,029 evals (3658 batches, avg 150/batch = 29% of 512, 6585 evals/s, 428 msg/s, 15.4 leaves/msg, 84s)
2026-07-29 20:46:04   [GPU] 600,007 evals (3974 batches, avg 151/batch = 29% of 512, 6700 evals/s, 435 msg/s, 15.4 leaves/msg, 90s)
2026-07-29 20:46:09   [GPU] 650,027 evals (4291 batches, avg 151/batch = 30% of 512, 6844 evals/s, 444 msg/s, 15.4 leaves/msg, 95s)
2026-07-29 20:46:14   [GPU] 700,014 evals (4604 batches, avg 152/batch = 30% of 512, 7017 evals/s, 456 msg/s, 15.4 leaves/msg, 100s)
2026-07-29 20:46:19   [GPU] 750,114 evals (4919 batches, avg 152/batch = 30% of 512, 7186 evals/s, 467 msg/s, 15.4 leaves/msg, 104s)
2026-07-29 20:46:24   [GPU] 800,170 evals (5245 batches, avg 153/batch = 30% of 512, 7326 evals/s, 477 msg/s, 15.4 leaves/msg, 109s)
2026-07-29 20:46:28   [GPU] 850,160 evals (5580 batches, avg 152/batch = 30% of 512, 7457 evals/s, 487 msg/s, 15.3 leaves/msg, 114s)
2026-07-29 20:46:33   [GPU] 900,165 evals (5907 batches, avg 152/batch = 30% of 512, 7580 evals/s, 496 msg/s, 15.3 leaves/msg, 119s)
2026-07-29 20:46:38   [GPU] 950,006 evals (6240 batches, avg 152/batch = 30% of 512, 7698 evals/s, 504 msg/s, 15.3 leaves/msg, 123s)
2026-07-29 20:46:43   [GPU] 1,000,037 evals (6576 batches, avg 152/batch = 30% of 512, 7800 evals/s, 512 msg/s, 15.2 leaves/msg, 128s)
2026-07-29 20:46:47   [GPU] 1,050,061 evals (6909 batches, avg 152/batch = 30% of 512, 7897 evals/s, 520 msg/s, 15.2 leaves/msg, 133s)
2026-07-29 20:46:52   [GPU] 1,100,075 evals (7243 batches, avg 152/batch = 30% of 512, 7984 evals/s, 526 msg/s, 15.2 leaves/msg, 138s)
2026-07-29 20:46:57   [GPU] 1,150,119 evals (7576 batches, avg 152/batch = 30% of 512, 8061 evals/s, 532 msg/s, 15.1 leaves/msg, 143s)
2026-07-29 20:47:02   [GPU] 1,200,027 evals (7899 batches, avg 152/batch = 30% of 512, 8138 evals/s, 539 msg/s, 15.1 leaves/msg, 147s)
2026-07-29 20:47:07   [GPU] 1,250,038 evals (8235 batches, avg 152/batch = 30% of 512, 8209 evals/s, 544 msg/s, 15.1 leaves/msg, 152s)
2026-07-29 20:47:12   [GPU] 1,300,022 evals (8572 batches, avg 152/batch = 30% of 512, 8272 evals/s, 550 msg/s, 15.0 leaves/msg, 157s)
2026-07-29 20:47:16   [GPU] 1,350,000 evals (8905 batches, avg 152/batch = 30% of 512, 8337 evals/s, 555 msg/s, 15.0 leaves/msg, 162s)
2026-07-29 20:47:21   [GPU] 1,400,151 evals (9252 batches, avg 151/batch = 30% of 512, 8387 evals/s, 560 msg/s, 15.0 leaves/msg, 167s)
2026-07-29 20:47:26   [GPU] 1,450,010 evals (9605 batches, avg 151/batch = 29% of 512, 8436 evals/s, 564 msg/s, 15.0 leaves/msg, 172s)
2026-07-29 20:47:31   [GPU] 1,500,041 evals (9952 batches, avg 151/batch = 29% of 512, 8482 evals/s, 568 msg/s, 14.9 leaves/msg, 177s)
2026-07-29 20:47:36   [GPU] 1,550,136 evals (10304 batches, avg 150/batch = 29% of 512, 8526 evals/s, 573 msg/s, 14.9 leaves/msg, 182s)
2026-07-29 20:47:41   [GPU] 1,600,073 evals (10652 batches, avg 150/batch = 29% of 512, 8569 evals/s, 577 msg/s, 14.9 leaves/msg, 187s)
2026-07-29 20:47:46   [GPU] 1,650,119 evals (11002 batches, avg 150/batch = 29% of 512, 8612 evals/s, 581 msg/s, 14.8 leaves/msg, 192s)
2026-07-29 20:47:51   [GPU] 1,700,117 evals (11352 batches, avg 150/batch = 29% of 512, 8650 evals/s, 585 msg/s, 14.8 leaves/msg, 197s)
2026-07-29 20:47:56   [GPU] 1,750,168 evals (11708 batches, avg 149/batch = 29% of 512, 8686 evals/s, 590 msg/s, 14.7 leaves/msg, 202s)
2026-07-29 20:48:01   [GPU] 1,800,067 evals (12058 batches, avg 149/batch = 29% of 512, 8720 evals/s, 595 msg/s, 14.7 leaves/msg, 206s)
2026-07-29 20:48:06   [GPU] 1,850,085 evals (12427 batches, avg 149/batch = 29% of 512, 8750 evals/s, 600 msg/s, 14.6 leaves/msg, 211s)
2026-07-29 20:48:11   [GPU] 1,900,177 evals (12794 batches, avg 149/batch = 29% of 512, 8772 evals/s, 605 msg/s, 14.5 leaves/msg, 217s)
2026-07-29 20:48:16   [GPU] 1,950,113 evals (13175 batches, avg 148/batch = 29% of 512, 8784 evals/s, 610 msg/s, 14.4 leaves/msg, 222s)
2026-07-29 20:48:21 [iter 53/70] self-play: 5/70 games...
2026-07-29 20:48:22   [GPU] 2,000,099 evals (13543 batches, avg 148/batch = 29% of 512, 8797 evals/s, 616 msg/s, 14.3 leaves/msg, 227s)
2026-07-29 20:48:25 [iter 53/70] self-play: 10/70 games...
2026-07-29 20:48:27   [GPU] 2,050,127 evals (13917 batches, avg 147/batch = 29% of 512, 8816 evals/s, 621 msg/s, 14.2 leaves/msg, 233s)
2026-07-29 20:48:32   [GPU] 2,100,003 evals (14307 batches, avg 147/batch = 29% of 512, 8826 evals/s, 627 msg/s, 14.1 leaves/msg, 238s)
2026-07-29 20:48:35 [iter 53/70] self-play: 15/70 games...
2026-07-29 20:48:38   [GPU] 2,150,092 evals (14702 batches, avg 146/batch = 29% of 512, 8833 evals/s, 634 msg/s, 13.9 leaves/msg, 243s)
2026-07-29 20:48:40 [iter 53/70] self-play: 20/70 games...
2026-07-29 20:48:44 [iter 53/70] self-play: 25/70 games...
2026-07-29 20:48:44   [GPU] 2,200,045 evals (15141 batches, avg 145/batch = 28% of 512, 8816 evals/s, 640 msg/s, 13.8 leaves/msg, 250s)
2026-07-29 20:48:46 [iter 53/70] self-play: 30/70 games...
2026-07-29 20:48:47 [iter 53/70] self-play: 35/70 games...
2026-07-29 20:48:50 [iter 53/70] self-play: 40/70 games...
2026-07-29 20:48:50   [GPU] 2,250,118 evals (15592 batches, avg 144/batch = 28% of 512, 8800 evals/s, 649 msg/s, 13.6 leaves/msg, 256s)
2026-07-29 20:48:52 [iter 53/70] self-play: 45/70 games...
2026-07-29 20:48:54 [iter 53/70] self-play: 50/70 games...
2026-07-29 20:48:55 [iter 53/70] self-play: 55/70 games...
2026-07-29 20:48:58   [GPU] 2,300,002 evals (16185 batches, avg 142/batch = 28% of 512, 8742 evals/s, 652 msg/s, 13.4 leaves/msg, 263s)
2026-07-29 20:49:07   [GPU] 2,350,075 evals (16999 batches, avg 138/batch = 27% of 512, 8632 evals/s, 644 msg/s, 13.4 leaves/msg, 272s)
2026-07-29 20:49:16   [GPU] 2,400,043 evals (17808 batches, avg 135/batch = 26% of 512, 8530 evals/s, 636 msg/s, 13.4 leaves/msg, 281s)
2026-07-29 20:49:22 [iter 53/70] self-play: 60/70 games...
2026-07-29 20:49:24   [GPU] 2,450,043 evals (18547 batches, avg 132/batch = 26% of 512, 8456 evals/s, 631 msg/s, 13.4 leaves/msg, 290s)
2026-07-29 20:49:32   [GPU] 2,500,090 evals (19267 batches, avg 130/batch = 25% of 512, 8393 evals/s, 626 msg/s, 13.4 leaves/msg, 298s)
2026-07-29 20:49:41   [GPU] 2,550,009 evals (20016 batches, avg 127/batch = 25% of 512, 8323 evals/s, 621 msg/s, 13.4 leaves/msg, 306s)
2026-07-29 20:49:50   [GPU] 2,600,008 evals (20813 batches, avg 125/batch = 24% of 512, 8245 evals/s, 615 msg/s, 13.4 leaves/msg, 315s)
2026-07-29 20:50:00   [GPU] 2,650,001 evals (21761 batches, avg 122/batch = 24% of 512, 8137 evals/s, 607 msg/s, 13.4 leaves/msg, 326s)
2026-07-29 20:50:12   [GPU] 2,700,006 evals (22830 batches, avg 118/batch = 23% of 512, 8003 evals/s, 598 msg/s, 13.4 leaves/msg, 337s)
2026-07-29 20:50:17 [iter 53/70] self-play: 65/70 games...
2026-07-29 20:50:26   [GPU] 2,750,029 evals (24177 batches, avg 114/batch = 22% of 512, 7818 evals/s, 585 msg/s, 13.4 leaves/msg, 352s)
2026-07-29 20:50:45   [GPU] 2,800,006 evals (25984 batches, avg 108/batch = 21% of 512, 7551 evals/s, 566 msg/s, 13.3 leaves/msg, 371s)
2026-07-29 20:51:42 [iter 53/70] self-play: 70/70 games...
2026-07-29 20:51:43 [iter 53/70] self-play done: 70 games (430s) | wins: P0=30, P1=1, P2=15, P3=21, draw=3 | draw_rate=4% avg_len~68
2026-07-29 20:51:43 [iter 53/70] training (600 steps, lr=2.39e-04)...
2026-07-29 20:51:59 [iter 53/70] training done: loss_p=1.663 loss_v=0.043 (16s)
2026-07-29 20:51:59 [iter 53/70] eval skipped (eval_every=5)
2026-07-29 20:51:59 >>> iter 53 | loss_p=1.663 loss_v=0.043 | vs_best=n/a (not evaluated) | vs_rand=n/a | draw=4% | buf=500000 | sp=430s train=16s eval_best=0s eval_rand=0s | total=446s
2026-07-29 20:51:59 [iter 54/70] self-play starting (70 games, 600 sims)...
2026-07-29 20:52:01 [PARALLEL-MP] 64 workers spawned (70 games, sims=600), GPU batcher starting...
2026-07-29 20:52:14   [GPU] 50,032 evals (358 batches, avg 140/batch = 27% of 512, 3871 evals/s, 254 msg/s, 15.3 leaves/msg, 13s)
2026-07-29 20:52:21   [GPU] 100,128 evals (688 batches, avg 146/batch = 28% of 512, 4902 evals/s, 318 msg/s, 15.4 leaves/msg, 20s)
2026-07-29 20:52:29   [GPU] 150,003 evals (1033 batches, avg 145/batch = 28% of 512, 5330 evals/s, 346 msg/s, 15.4 leaves/msg, 28s)
2026-07-29 20:52:36   [GPU] 200,109 evals (1369 batches, avg 146/batch = 29% of 512, 5652 evals/s, 368 msg/s, 15.4 leaves/msg, 35s)
2026-07-29 20:52:43   [GPU] 250,032 evals (1695 batches, avg 148/batch = 29% of 512, 5849 evals/s, 380 msg/s, 15.4 leaves/msg, 43s)
2026-07-29 20:52:51   [GPU] 300,092 evals (2023 batches, avg 148/batch = 29% of 512, 6011 evals/s, 390 msg/s, 15.4 leaves/msg, 50s)
2026-07-29 20:52:58   [GPU] 350,118 evals (2351 batches, avg 149/batch = 29% of 512, 6159 evals/s, 400 msg/s, 15.4 leaves/msg, 57s)
2026-07-29 20:53:04   [GPU] 400,094 evals (2673 batches, avg 150/batch = 29% of 512, 6281 evals/s, 408 msg/s, 15.4 leaves/msg, 64s)
2026-07-29 20:53:11   [GPU] 450,075 evals (2997 batches, avg 150/batch = 29% of 512, 6401 evals/s, 416 msg/s, 15.4 leaves/msg, 70s)
2026-07-29 20:53:17   [GPU] 500,032 evals (3327 batches, avg 150/batch = 29% of 512, 6523 evals/s, 423 msg/s, 15.4 leaves/msg, 77s)
2026-07-29 20:53:24   [GPU] 550,035 evals (3655 batches, avg 150/batch = 29% of 512, 6632 evals/s, 431 msg/s, 15.4 leaves/msg, 83s)
2026-07-29 20:53:29   [GPU] 600,035 evals (3968 batches, avg 151/batch = 30% of 512, 6760 evals/s, 439 msg/s, 15.4 leaves/msg, 89s)
2026-07-29 20:53:35   [GPU] 650,140 evals (4293 batches, avg 151/batch = 30% of 512, 6898 evals/s, 448 msg/s, 15.4 leaves/msg, 94s)
2026-07-29 20:53:40   [GPU] 700,130 evals (4617 batches, avg 152/batch = 30% of 512, 7072 evals/s, 459 msg/s, 15.4 leaves/msg, 99s)
2026-07-29 20:53:45   [GPU] 750,025 evals (4942 batches, avg 152/batch = 30% of 512, 7222 evals/s, 469 msg/s, 15.4 leaves/msg, 104s)
2026-07-29 20:53:50   [GPU] 800,123 evals (5275 batches, avg 152/batch = 30% of 512, 7349 evals/s, 479 msg/s, 15.4 leaves/msg, 109s)
2026-07-29 20:53:54   [GPU] 850,135 evals (5612 batches, avg 151/batch = 30% of 512, 7469 evals/s, 487 msg/s, 15.3 leaves/msg, 114s)
2026-07-29 20:53:59   [GPU] 900,058 evals (5942 batches, avg 151/batch = 30% of 512, 7595 evals/s, 497 msg/s, 15.3 leaves/msg, 119s)
2026-07-29 20:54:04   [GPU] 950,040 evals (6272 batches, avg 151/batch = 30% of 512, 7709 evals/s, 506 msg/s, 15.2 leaves/msg, 123s)
2026-07-29 20:54:09   [GPU] 1,000,099 evals (6610 batches, avg 151/batch = 30% of 512, 7815 evals/s, 513 msg/s, 15.2 leaves/msg, 128s)
2026-07-29 20:54:13   [GPU] 1,050,022 evals (6949 batches, avg 151/batch = 30% of 512, 7907 evals/s, 521 msg/s, 15.2 leaves/msg, 133s)
2026-07-29 20:54:18   [GPU] 1,100,051 evals (7282 batches, avg 151/batch = 30% of 512, 7999 evals/s, 528 msg/s, 15.2 leaves/msg, 138s)
2026-07-29 20:54:23   [GPU] 1,150,117 evals (7617 batches, avg 151/batch = 29% of 512, 8084 evals/s, 535 msg/s, 15.1 leaves/msg, 142s)
2026-07-29 20:54:28   [GPU] 1,200,127 evals (7948 batches, avg 151/batch = 29% of 512, 8169 evals/s, 541 msg/s, 15.1 leaves/msg, 147s)
2026-07-29 20:54:32   [GPU] 1,250,146 evals (8288 batches, avg 151/batch = 29% of 512, 8238 evals/s, 547 msg/s, 15.1 leaves/msg, 152s)
2026-07-29 20:54:37   [GPU] 1,300,166 evals (8638 batches, avg 151/batch = 29% of 512, 8307 evals/s, 553 msg/s, 15.0 leaves/msg, 157s)
2026-07-29 20:54:42   [GPU] 1,350,019 evals (8982 batches, avg 150/batch = 29% of 512, 8370 evals/s, 558 msg/s, 15.0 leaves/msg, 161s)
2026-07-29 20:54:47   [GPU] 1,400,122 evals (9324 batches, avg 150/batch = 29% of 512, 8432 evals/s, 564 msg/s, 14.9 leaves/msg, 166s)
2026-07-29 20:54:52   [GPU] 1,450,070 evals (9663 batches, avg 150/batch = 29% of 512, 8485 evals/s, 569 msg/s, 14.9 leaves/msg, 171s)
2026-07-29 20:54:56   [GPU] 1,500,105 evals (10007 batches, avg 150/batch = 29% of 512, 8537 evals/s, 574 msg/s, 14.9 leaves/msg, 176s)
2026-07-29 20:55:01   [GPU] 1,550,128 evals (10351 batches, avg 150/batch = 29% of 512, 8581 evals/s, 579 msg/s, 14.8 leaves/msg, 181s)
2026-07-29 20:55:06   [GPU] 1,600,033 evals (10701 batches, avg 150/batch = 29% of 512, 8624 evals/s, 583 msg/s, 14.8 leaves/msg, 186s)
2026-07-29 20:55:11   [GPU] 1,650,161 evals (11056 batches, avg 149/batch = 29% of 512, 8652 evals/s, 587 msg/s, 14.7 leaves/msg, 191s)
2026-07-29 20:55:16   [GPU] 1,700,008 evals (11411 batches, avg 149/batch = 29% of 512, 8687 evals/s, 592 msg/s, 14.7 leaves/msg, 196s)
2026-07-29 20:55:22   [GPU] 1,750,103 evals (11778 batches, avg 149/batch = 29% of 512, 8715 evals/s, 597 msg/s, 14.6 leaves/msg, 201s)
2026-07-29 20:55:26   [GPU] 1,800,018 evals (12136 batches, avg 148/batch = 29% of 512, 8748 evals/s, 602 msg/s, 14.5 leaves/msg, 206s)
2026-07-29 20:55:31 [iter 54/70] self-play: 5/70 games...
2026-07-29 20:55:32   [GPU] 1,850,081 evals (12507 batches, avg 148/batch = 29% of 512, 8770 evals/s, 607 msg/s, 14.4 leaves/msg, 211s)
2026-07-29 20:55:37   [GPU] 1,900,064 evals (12889 batches, avg 147/batch = 29% of 512, 8788 evals/s, 613 msg/s, 14.3 leaves/msg, 216s)
2026-07-29 20:55:42   [GPU] 1,950,066 evals (13277 batches, avg 147/batch = 29% of 512, 8797 evals/s, 618 msg/s, 14.2 leaves/msg, 222s)
2026-07-29 20:55:46 [iter 54/70] self-play: 10/70 games...
2026-07-29 20:55:48   [GPU] 2,000,139 evals (13674 batches, avg 146/batch = 29% of 512, 8804 evals/s, 625 msg/s, 14.1 leaves/msg, 227s)
2026-07-29 20:55:52 [iter 54/70] self-play: 15/70 games...
2026-07-29 20:55:54 [iter 54/70] self-play: 20/70 games...
2026-07-29 20:55:54   [GPU] 2,050,151 evals (14103 batches, avg 145/batch = 28% of 512, 8793 evals/s, 633 msg/s, 13.9 leaves/msg, 233s)
2026-07-29 20:55:56 [iter 54/70] self-play: 25/70 games...
2026-07-29 20:55:59 [iter 54/70] self-play: 30/70 games...
2026-07-29 20:55:59   [GPU] 2,100,023 evals (14510 batches, avg 145/batch = 28% of 512, 8795 evals/s, 640 msg/s, 13.7 leaves/msg, 239s)
2026-07-29 20:56:03 [iter 54/70] self-play: 35/70 games...
2026-07-29 20:56:04 [iter 54/70] self-play: 40/70 games...
2026-07-29 20:56:05   [GPU] 2,150,072 evals (14929 batches, avg 144/batch = 28% of 512, 8792 evals/s, 647 msg/s, 13.6 leaves/msg, 245s)
2026-07-29 20:56:07 [iter 54/70] self-play: 45/70 games...
2026-07-29 20:56:11   [GPU] 2,200,103 evals (15350 batches, avg 143/batch = 28% of 512, 8795 evals/s, 651 msg/s, 13.5 leaves/msg, 250s)
2026-07-29 20:56:15 [iter 54/70] self-play: 50/70 games...
2026-07-29 20:56:17 [iter 54/70] self-play: 55/70 games...
2026-07-29 20:56:17   [GPU] 2,250,041 evals (15869 batches, avg 142/batch = 28% of 512, 8764 evals/s, 654 msg/s, 13.4 leaves/msg, 257s)
2026-07-29 20:56:26   [GPU] 2,300,006 evals (16560 batches, avg 139/batch = 27% of 512, 8685 evals/s, 649 msg/s, 13.4 leaves/msg, 265s)
2026-07-29 20:56:34   [GPU] 2,350,049 evals (17292 batches, avg 136/batch = 27% of 512, 8601 evals/s, 643 msg/s, 13.4 leaves/msg, 273s)
2026-07-29 20:56:42   [GPU] 2,400,032 evals (17945 batches, avg 134/batch = 26% of 512, 8541 evals/s, 639 msg/s, 13.4 leaves/msg, 281s)
2026-07-29 20:56:49   [GPU] 2,450,017 evals (18580 batches, avg 132/batch = 26% of 512, 8494 evals/s, 635 msg/s, 13.4 leaves/msg, 288s)
2026-07-29 20:56:57   [GPU] 2,500,051 evals (19227 batches, avg 130/batch = 25% of 512, 8444 evals/s, 632 msg/s, 13.4 leaves/msg, 296s)
2026-07-29 20:57:02 [iter 54/70] self-play: 60/70 games...
2026-07-29 20:57:05   [GPU] 2,550,005 evals (19928 batches, avg 128/batch = 25% of 512, 8381 evals/s, 628 msg/s, 13.3 leaves/msg, 304s)
2026-07-29 20:57:14   [GPU] 2,600,025 evals (20778 batches, avg 125/batch = 24% of 512, 8289 evals/s, 623 msg/s, 13.3 leaves/msg, 314s)
2026-07-29 20:57:26   [GPU] 2,650,029 evals (21853 batches, avg 121/batch = 24% of 512, 8154 evals/s, 613 msg/s, 13.3 leaves/msg, 325s)
2026-07-29 20:57:38   [GPU] 2,700,048 evals (23033 batches, avg 117/batch = 23% of 512, 8005 evals/s, 602 msg/s, 13.3 leaves/msg, 337s)
2026-07-29 20:57:40 [iter 54/70] self-play: 65/70 games...
2026-07-29 20:57:52   [GPU] 2,750,016 evals (24425 batches, avg 113/batch = 22% of 512, 7826 evals/s, 589 msg/s, 13.3 leaves/msg, 351s)
2026-07-29 20:58:17   [GPU] 2,800,011 evals (26564 batches, avg 105/batch = 21% of 512, 7435 evals/s, 563 msg/s, 13.2 leaves/msg, 377s)
2026-07-29 20:58:34 [iter 54/70] self-play: 70/70 games...
2026-07-29 20:58:34 [iter 54/70] self-play done: 70 games (396s) | wins: P0=20, P1=1, P2=24, P3=21, draw=4 | draw_rate=6% avg_len~64
2026-07-29 20:58:34 [iter 54/70] training (600 steps, lr=2.25e-04)...
2026-07-29 20:58:48 [iter 54/70] training done: loss_p=1.664 loss_v=0.044 (13s)
2026-07-29 20:58:48 [iter 54/70] eval skipped (eval_every=5)
2026-07-29 20:58:48 >>> iter 54 | loss_p=1.664 loss_v=0.044 | vs_best=n/a (not evaluated) | vs_rand=n/a | draw=6% | buf=500000 | sp=396s train=13s eval_best=0s eval_rand=0s | total=409s
2026-07-29 20:58:48 [iter 55/70] self-play starting (70 games, 600 sims)...
2026-07-29 20:58:50 [PARALLEL-MP] 64 workers spawned (70 games, sims=600), GPU batcher starting...
2026-07-29 20:59:02   [GPU] 50,016 evals (367 batches, avg 136/batch = 27% of 512, 4057 evals/s, 266 msg/s, 15.3 leaves/msg, 12s)
2026-07-29 20:59:10   [GPU] 100,000 evals (705 batches, avg 142/batch = 28% of 512, 5093 evals/s, 331 msg/s, 15.4 leaves/msg, 20s)
2026-07-29 20:59:17   [GPU] 150,020 evals (1055 batches, avg 142/batch = 28% of 512, 5515 evals/s, 358 msg/s, 15.4 leaves/msg, 27s)
2026-07-29 20:59:25   [GPU] 200,124 evals (1393 batches, avg 144/batch = 28% of 512, 5815 evals/s, 378 msg/s, 15.4 leaves/msg, 34s)
2026-07-29 20:59:32   [GPU] 250,159 evals (1729 batches, avg 145/batch = 28% of 512, 6000 evals/s, 390 msg/s, 15.4 leaves/msg, 42s)
2026-07-29 20:59:39   [GPU] 300,058 evals (2051 batches, avg 146/batch = 29% of 512, 6159 evals/s, 400 msg/s, 15.4 leaves/msg, 49s)
2026-07-29 20:59:46   [GPU] 350,007 evals (2380 batches, avg 147/batch = 29% of 512, 6290 evals/s, 408 msg/s, 15.4 leaves/msg, 56s)
2026-07-29 20:59:53   [GPU] 400,078 evals (2714 batches, avg 147/batch = 29% of 512, 6407 evals/s, 416 msg/s, 15.4 leaves/msg, 62s)
2026-07-29 20:59:59   [GPU] 450,090 evals (3028 batches, avg 149/batch = 29% of 512, 6523 evals/s, 423 msg/s, 15.4 leaves/msg, 69s)
2026-07-29 21:00:05   [GPU] 500,092 evals (3351 batches, avg 149/batch = 29% of 512, 6637 evals/s, 431 msg/s, 15.4 leaves/msg, 75s)
2026-07-29 21:00:12   [GPU] 550,129 evals (3665 batches, avg 150/batch = 29% of 512, 6746 evals/s, 438 msg/s, 15.4 leaves/msg, 82s)
2026-07-29 21:00:17   [GPU] 600,015 evals (3979 batches, avg 151/batch = 29% of 512, 6870 evals/s, 446 msg/s, 15.4 leaves/msg, 87s)
2026-07-29 21:00:23   [GPU] 650,008 evals (4287 batches, avg 152/batch = 30% of 512, 7001 evals/s, 454 msg/s, 15.4 leaves/msg, 93s)
2026-07-29 21:00:27   [GPU] 700,006 evals (4597 batches, avg 152/batch = 30% of 512, 7195 evals/s, 467 msg/s, 15.4 leaves/msg, 97s)
2026-07-29 21:00:32   [GPU] 750,034 evals (4920 batches, avg 152/batch = 30% of 512, 7350 evals/s, 478 msg/s, 15.4 leaves/msg, 102s)
2026-07-29 21:00:37   [GPU] 800,000 evals (5248 batches, avg 152/batch = 30% of 512, 7485 evals/s, 487 msg/s, 15.4 leaves/msg, 107s)
2026-07-29 21:00:42   [GPU] 850,110 evals (5574 batches, avg 153/batch = 30% of 512, 7617 evals/s, 497 msg/s, 15.3 leaves/msg, 112s)
2026-07-29 21:00:47   [GPU] 900,127 evals (5917 batches, avg 152/batch = 30% of 512, 7731 evals/s, 506 msg/s, 15.3 leaves/msg, 116s)
2026-07-29 21:00:51   [GPU] 950,041 evals (6254 batches, avg 152/batch = 30% of 512, 7835 evals/s, 513 msg/s, 15.3 leaves/msg, 121s)
2026-07-29 21:00:56   [GPU] 1,000,023 evals (6592 batches, avg 152/batch = 30% of 512, 7935 evals/s, 521 msg/s, 15.2 leaves/msg, 126s)
2026-07-29 21:01:01   [GPU] 1,050,076 evals (6934 batches, avg 151/batch = 30% of 512, 8026 evals/s, 528 msg/s, 15.2 leaves/msg, 131s)
2026-07-29 21:01:06   [GPU] 1,100,041 evals (7271 batches, avg 151/batch = 30% of 512, 8111 evals/s, 535 msg/s, 15.2 leaves/msg, 136s)
2026-07-29 21:01:11   [GPU] 1,150,117 evals (7615 batches, avg 151/batch = 29% of 512, 8186 evals/s, 541 msg/s, 15.1 leaves/msg, 140s)
2026-07-29 21:01:15   [GPU] 1,200,126 evals (7956 batches, avg 151/batch = 29% of 512, 8261 evals/s, 547 msg/s, 15.1 leaves/msg, 145s)
2026-07-29 21:01:20   [GPU] 1,250,173 evals (8297 batches, avg 151/batch = 29% of 512, 8332 evals/s, 553 msg/s, 15.1 leaves/msg, 150s)
2026-07-29 21:01:25   [GPU] 1,300,081 evals (8635 batches, avg 151/batch = 29% of 512, 8399 evals/s, 558 msg/s, 15.1 leaves/msg, 155s)
2026-07-29 21:01:30   [GPU] 1,350,137 evals (8970 batches, avg 151/batch = 29% of 512, 8467 evals/s, 564 msg/s, 15.0 leaves/msg, 159s)
2026-07-29 21:01:34   [GPU] 1,400,003 evals (9315 batches, avg 150/batch = 29% of 512, 8527 evals/s, 569 msg/s, 15.0 leaves/msg, 164s)
2026-07-29 21:01:39   [GPU] 1,450,085 evals (9658 batches, avg 150/batch = 29% of 512, 8585 evals/s, 574 msg/s, 15.0 leaves/msg, 169s)
2026-07-29 21:01:44   [GPU] 1,500,057 evals (9998 batches, avg 150/batch = 29% of 512, 8634 evals/s, 578 msg/s, 14.9 leaves/msg, 174s)
2026-07-29 21:01:49   [GPU] 1,550,060 evals (10343 batches, avg 150/batch = 29% of 512, 8681 evals/s, 583 msg/s, 14.9 leaves/msg, 179s)
2026-07-29 21:01:54   [GPU] 1,600,110 evals (10685 batches, avg 150/batch = 29% of 512, 8719 evals/s, 587 msg/s, 14.8 leaves/msg, 184s)
2026-07-29 21:01:59   [GPU] 1,650,096 evals (11032 batches, avg 150/batch = 29% of 512, 8757 evals/s, 592 msg/s, 14.8 leaves/msg, 188s)
2026-07-29 21:02:04   [GPU] 1,700,133 evals (11382 batches, avg 149/batch = 29% of 512, 8789 evals/s, 595 msg/s, 14.8 leaves/msg, 193s)
2026-07-29 21:02:08   [GPU] 1,750,014 evals (11734 batches, avg 149/batch = 29% of 512, 8822 evals/s, 600 msg/s, 14.7 leaves/msg, 198s)
2026-07-29 21:02:14   [GPU] 1,800,020 evals (12095 batches, avg 149/batch = 29% of 512, 8848 evals/s, 604 msg/s, 14.6 leaves/msg, 203s)
2026-07-29 21:02:19   [GPU] 1,850,067 evals (12479 batches, avg 148/batch = 29% of 512, 8862 evals/s, 610 msg/s, 14.5 leaves/msg, 209s)
2026-07-29 21:02:24   [GPU] 1,900,036 evals (12873 batches, avg 148/batch = 29% of 512, 8870 evals/s, 615 msg/s, 14.4 leaves/msg, 214s)
2026-07-29 21:02:28 [iter 55/70] self-play: 5/70 games...
2026-07-29 21:02:30   [GPU] 1,950,074 evals (13297 batches, avg 147/batch = 29% of 512, 8866 evals/s, 621 msg/s, 14.3 leaves/msg, 220s)
2026-07-29 21:02:32 [iter 55/70] self-play: 10/70 games...
2026-07-29 21:02:35 [iter 55/70] self-play: 15/70 games...
2026-07-29 21:02:36   [GPU] 2,000,110 evals (13706 batches, avg 146/batch = 29% of 512, 8866 evals/s, 628 msg/s, 14.1 leaves/msg, 226s)
2026-07-29 21:02:41   [GPU] 2,050,010 evals (14125 batches, avg 145/batch = 28% of 512, 8864 evals/s, 634 msg/s, 14.0 leaves/msg, 231s)
2026-07-29 21:02:42 [iter 55/70] self-play: 20/70 games...
2026-07-29 21:02:43 [iter 55/70] self-play: 25/70 games...
2026-07-29 21:02:46 [iter 55/70] self-play: 30/70 games...
2026-07-29 21:02:47   [GPU] 2,100,060 evals (14519 batches, avg 145/batch = 28% of 512, 8871 evals/s, 640 msg/s, 13.9 leaves/msg, 237s)
2026-07-29 21:02:49 [iter 55/70] self-play: 35/70 games...
2026-07-29 21:02:52   [GPU] 2,150,105 evals (14906 batches, avg 144/batch = 28% of 512, 8874 evals/s, 645 msg/s, 13.8 leaves/msg, 242s)
2026-07-29 21:02:53 [iter 55/70] self-play: 40/70 games...
2026-07-29 21:02:58   [GPU] 2,200,073 evals (15285 batches, avg 144/batch = 28% of 512, 8891 evals/s, 649 msg/s, 13.7 leaves/msg, 247s)
2026-07-29 21:02:58 [iter 55/70] self-play: 45/70 games...
2026-07-29 21:03:03   [GPU] 2,250,085 evals (15661 batches, avg 144/batch = 28% of 512, 8906 evals/s, 651 msg/s, 13.7 leaves/msg, 253s)
2026-07-29 21:03:08   [GPU] 2,300,004 evals (16058 batches, avg 143/batch = 28% of 512, 8914 evals/s, 653 msg/s, 13.7 leaves/msg, 258s)
2026-07-29 21:03:10 [iter 55/70] self-play: 50/70 games...
2026-07-29 21:03:14   [GPU] 2,350,086 evals (16500 batches, avg 142/batch = 28% of 512, 8906 evals/s, 653 msg/s, 13.6 leaves/msg, 264s)
2026-07-29 21:03:20   [GPU] 2,400,061 evals (16972 batches, avg 141/batch = 28% of 512, 8900 evals/s, 653 msg/s, 13.6 leaves/msg, 270s)
2026-07-29 21:03:26   [GPU] 2,450,101 evals (17483 batches, avg 140/batch = 27% of 512, 8882 evals/s, 652 msg/s, 13.6 leaves/msg, 276s)
2026-07-29 21:03:32   [GPU] 2,500,067 evals (17954 batches, avg 139/batch = 27% of 512, 8870 evals/s, 652 msg/s, 13.6 leaves/msg, 282s)
2026-07-29 21:03:34 [iter 55/70] self-play: 55/70 games...
2026-07-29 21:03:38   [GPU] 2,550,047 evals (18413 batches, avg 138/batch = 27% of 512, 8861 evals/s, 652 msg/s, 13.6 leaves/msg, 288s)
2026-07-29 21:03:44   [GPU] 2,600,053 evals (18903 batches, avg 138/batch = 27% of 512, 8843 evals/s, 651 msg/s, 13.6 leaves/msg, 294s)
2026-07-29 21:03:50   [GPU] 2,650,008 evals (19396 batches, avg 137/batch = 27% of 512, 8825 evals/s, 650 msg/s, 13.6 leaves/msg, 300s)
2026-07-29 21:03:57   [GPU] 2,700,061 evals (19958 batches, avg 135/batch = 26% of 512, 8790 evals/s, 647 msg/s, 13.6 leaves/msg, 307s)
2026-07-29 21:04:04   [GPU] 2,750,034 evals (20542 batches, avg 134/batch = 26% of 512, 8749 evals/s, 645 msg/s, 13.6 leaves/msg, 314s)
2026-07-29 21:04:07 [iter 55/70] self-play: 60/70 games...
2026-07-29 21:04:13   [GPU] 2,800,015 evals (21303 batches, avg 131/batch = 26% of 512, 8664 evals/s, 641 msg/s, 13.5 leaves/msg, 323s)
2026-07-29 21:04:17 [iter 55/70] self-play: 65/70 games...
2026-07-29 21:04:28   [GPU] 2,850,038 evals (22650 batches, avg 126/batch = 25% of 512, 8445 evals/s, 626 msg/s, 13.5 leaves/msg, 337s)
2026-07-29 21:04:42   [GPU] 2,900,046 evals (24035 batches, avg 121/batch = 24% of 512, 8236 evals/s, 611 msg/s, 13.5 leaves/msg, 352s)
2026-07-29 21:05:00   [GPU] 2,950,000 evals (25689 batches, avg 115/batch = 22% of 512, 7982 evals/s, 593 msg/s, 13.5 leaves/msg, 370s)
2026-07-29 21:05:08 [iter 55/70] self-play: 70/70 games...
2026-07-29 21:05:09 [iter 55/70] self-play done: 70 games (381s) | wins: P0=25, P1=1, P2=16, P3=23, draw=5 | draw_rate=7% avg_len~64
2026-07-29 21:05:09 [iter 55/70] training (600 steps, lr=2.11e-04)...
2026-07-29 21:05:23 [iter 55/70] training done: loss_p=1.663 loss_v=0.045 (14s)
2026-07-29 21:05:23 [iter 55/70] eval vs best (80 games, 200 sims)...
2026-07-29 21:05:25 [EVAL-MP] 64 workers spawned (80 vs_best games, sims=200), GPU batcher starting...
2026-07-29 21:05:38   [GPU] 50,049 evals (363 batches, avg 138/batch = 27% of 512, 3959 evals/s, 276 msg/s, 14.3 leaves/msg, 13s)
2026-07-29 21:05:45   [GPU] 100,101 evals (697 batches, avg 144/batch = 28% of 512, 5046 evals/s, 352 msg/s, 14.3 leaves/msg, 20s)
2026-07-29 21:05:52   [GPU] 150,002 evals (1028 batches, avg 146/batch = 28% of 512, 5605 evals/s, 391 msg/s, 14.3 leaves/msg, 27s)
2026-07-29 21:05:59   [GPU] 200,104 evals (1349 batches, avg 148/batch = 29% of 512, 6020 evals/s, 420 msg/s, 14.3 leaves/msg, 33s)
2026-07-29 21:06:05   [GPU] 250,094 evals (1680 batches, avg 149/batch = 29% of 512, 6356 evals/s, 443 msg/s, 14.3 leaves/msg, 39s)
2026-07-29 21:06:11   [GPU] 300,070 evals (2002 batches, avg 150/batch = 29% of 512, 6643 evals/s, 463 msg/s, 14.3 leaves/msg, 45s)
2026-07-29 21:06:16   [GPU] 350,094 evals (2316 batches, avg 151/batch = 30% of 512, 6895 evals/s, 481 msg/s, 14.3 leaves/msg, 51s)
2026-07-29 21:06:22   [GPU] 400,041 evals (2648 batches, avg 151/batch = 30% of 512, 7058 evals/s, 493 msg/s, 14.3 leaves/msg, 57s)
2026-07-29 21:06:23 [iter 55/70] eval vs best: 5/80 games (59s, cand 0%)
2026-07-29 21:06:23 [iter 55/70] eval vs best: 10/80 games (60s, cand 0%)
2026-07-29 21:06:25 [iter 55/70] eval vs best: 15/80 games (61s, cand 0%)
2026-07-29 21:06:25 [iter 55/70] eval vs best: 20/80 games (62s, cand 0%)
2026-07-29 21:06:28   [GPU] 450,022 evals (2969 batches, avg 152/batch = 30% of 512, 7200 evals/s, 504 msg/s, 14.3 leaves/msg, 62s)
2026-07-29 21:06:30 [iter 55/70] eval vs best: 25/80 games (66s, cand 0%)
2026-07-29 21:06:32 [iter 55/70] eval vs best: 30/80 games (68s, cand 0%)
2026-07-29 21:06:34   [GPU] 500,036 evals (3306 batches, avg 151/batch = 30% of 512, 7315 evals/s, 513 msg/s, 14.3 leaves/msg, 68s)
2026-07-29 21:06:38 [iter 55/70] eval vs best: 35/80 games (75s, cand 0%)
2026-07-29 21:06:40   [GPU] 550,025 evals (3661 batches, avg 150/batch = 29% of 512, 7399 evals/s, 520 msg/s, 14.2 leaves/msg, 74s)
2026-07-29 21:06:46   [GPU] 600,022 evals (4004 batches, avg 150/batch = 29% of 512, 7469 evals/s, 526 msg/s, 14.2 leaves/msg, 80s)
2026-07-29 21:06:49 [iter 55/70] eval vs best: 40/80 games (86s, cand 8%)
2026-07-29 21:06:52   [GPU] 650,144 evals (4369 batches, avg 149/batch = 29% of 512, 7510 evals/s, 531 msg/s, 14.2 leaves/msg, 87s)
2026-07-29 21:06:58   [GPU] 700,096 evals (4729 batches, avg 148/batch = 29% of 512, 7554 evals/s, 535 msg/s, 14.1 leaves/msg, 93s)
2026-07-29 21:06:59 [iter 55/70] eval vs best: 45/80 games (96s, cand 11%)
2026-07-29 21:07:05   [GPU] 750,022 evals (5130 batches, avg 146/batch = 29% of 512, 7559 evals/s, 536 msg/s, 14.1 leaves/msg, 99s)
2026-07-29 21:07:11   [GPU] 800,067 evals (5546 batches, avg 144/batch = 28% of 512, 7553 evals/s, 537 msg/s, 14.1 leaves/msg, 106s)
2026-07-29 21:07:16 [iter 55/70] eval vs best: 50/80 games (112s, cand 12%)
2026-07-29 21:07:18   [GPU] 850,119 evals (5971 batches, avg 142/batch = 28% of 512, 7546 evals/s, 538 msg/s, 14.0 leaves/msg, 113s)
2026-07-29 21:07:25   [GPU] 900,071 evals (6417 batches, avg 140/batch = 27% of 512, 7515 evals/s, 536 msg/s, 14.0 leaves/msg, 120s)
2026-07-29 21:07:33   [GPU] 950,019 evals (6890 batches, avg 138/batch = 27% of 512, 7466 evals/s, 533 msg/s, 14.0 leaves/msg, 127s)
2026-07-29 21:07:40   [GPU] 1,000,023 evals (7370 batches, avg 136/batch = 27% of 512, 7420 evals/s, 531 msg/s, 14.0 leaves/msg, 135s)
2026-07-29 21:07:44 [iter 55/70] eval vs best: 55/80 games (141s, cand 13%)
2026-07-29 21:07:48   [GPU] 1,050,104 evals (7895 batches, avg 133/batch = 26% of 512, 7354 evals/s, 527 msg/s, 14.0 leaves/msg, 143s)
2026-07-29 21:07:58   [GPU] 1,100,046 evals (8619 batches, avg 128/batch = 25% of 512, 7194 evals/s, 516 msg/s, 14.0 leaves/msg, 153s)
2026-07-29 21:08:06 [iter 55/70] eval vs best: 60/80 games (163s, cand 14%)
2026-07-29 21:08:09   [GPU] 1,150,037 evals (9398 batches, avg 122/batch = 24% of 512, 7034 evals/s, 504 msg/s, 14.0 leaves/msg, 163s)
2026-07-29 21:08:20 [iter 55/70] eval vs best: 65/80 games (176s, cand 16%)
2026-07-29 21:08:24   [GPU] 1,200,031 evals (10550 batches, avg 114/batch = 22% of 512, 6718 evals/s, 481 msg/s, 14.0 leaves/msg, 179s)
2026-07-29 21:08:42   [GPU] 1,250,015 evals (11924 batches, avg 105/batch = 20% of 512, 6360 evals/s, 455 msg/s, 14.0 leaves/msg, 197s)
2026-07-29 21:08:50 [iter 55/70] eval vs best: 70/80 games (207s, cand 16%)
2026-07-29 21:09:02   [GPU] 1,300,008 evals (13517 batches, avg 96/batch = 19% of 512, 5992 evals/s, 429 msg/s, 14.0 leaves/msg, 217s)
2026-07-29 21:09:17 [iter 55/70] eval vs best: 75/80 games (234s, cand 16%)
2026-07-29 21:09:29   [GPU] 1,350,028 evals (15533 batches, avg 87/batch = 17% of 512, 5536 evals/s, 397 msg/s, 13.9 leaves/msg, 244s)
2026-07-29 21:11:05 [iter 55/70] eval vs best: 80/80 games (342s, cand 19%)
2026-07-29 21:11:06 [iter 55/70] eval vs best done: 18.6% of 59 decided reject (343s)
2026-07-29 21:11:06 [iter 55/70] eval vs random (40 games, 200 sims)...
2026-07-29 21:11:07 [EVAL-MP] 40 workers spawned (40 vs_random games, sims=200), GPU batcher starting...
2026-07-29 21:11:16   [GPU] 50,150 evals (425 batches, avg 118/batch = 23% of 512, 5453 evals/s, 391 msg/s, 14.0 leaves/msg, 9s)
2026-07-29 21:11:21   [GPU] 100,063 evals (769 batches, avg 130/batch = 25% of 512, 6841 evals/s, 531 msg/s, 12.9 leaves/msg, 15s)
2026-07-29 21:11:23 [iter 55/70] eval vs random: 5/40 games (18s, cand 100%)
2026-07-29 21:11:27 [iter 55/70] eval vs random: 10/40 games (21s, cand 100%)
2026-07-29 21:11:27   [GPU] 150,044 evals (1134 batches, avg 132/batch = 26% of 512, 7526 evals/s, 617 msg/s, 12.2 leaves/msg, 20s)
2026-07-29 21:11:32   [GPU] 200,062 evals (1518 batches, avg 132/batch = 26% of 512, 7907 evals/s, 665 msg/s, 11.9 leaves/msg, 25s)
2026-07-29 21:11:37 [iter 55/70] eval vs random: 15/40 games (31s, cand 93%)
2026-07-29 21:11:37   [GPU] 250,018 evals (1904 batches, avg 131/batch = 26% of 512, 8185 evals/s, 705 msg/s, 11.6 leaves/msg, 31s)
2026-07-29 21:11:41 [iter 55/70] eval vs random: 20/40 games (35s, cand 88%)
2026-07-29 21:11:41 [iter 55/70] eval vs random: 25/40 games (36s, cand 88%)
2026-07-29 21:11:42 [iter 55/70] eval vs random: 30/40 games (36s, cand 88%)
2026-07-29 21:11:43 [iter 55/70] eval vs random: 35/40 games (37s, cand 88%)
2026-07-29 21:11:45 [iter 55/70] eval vs random: 40/40 games (39s, cand 88%)
2026-07-29 21:11:45 [iter 55/70] eval vs random done: 88.2% (39s)
2026-07-29 21:11:45 >>> iter 55 | loss_p=1.663 loss_v=0.045 | vs_best=18.6% reject | vs_rand=88.2% | draw=7% | buf=500000 | sp=381s train=14s eval_best=343s eval_rand=39s | total=777s
2026-07-29 21:11:45 [iter 56/70] self-play starting (70 games, 600 sims)...
2026-07-29 21:11:48 [PARALLEL-MP] 64 workers spawned (70 games, sims=600), GPU batcher starting...
2026-07-29 21:12:00   [GPU] 50,016 evals (366 batches, avg 137/batch = 27% of 512, 4098 evals/s, 269 msg/s, 15.3 leaves/msg, 12s)
2026-07-29 21:12:07   [GPU] 100,064 evals (702 batches, avg 143/batch = 28% of 512, 5144 evals/s, 334 msg/s, 15.4 leaves/msg, 19s)
2026-07-29 21:12:15   [GPU] 150,076 evals (1035 batches, avg 145/batch = 28% of 512, 5571 evals/s, 361 msg/s, 15.4 leaves/msg, 27s)
2026-07-29 21:12:22   [GPU] 200,028 evals (1371 batches, avg 146/batch = 28% of 512, 5878 evals/s, 382 msg/s, 15.4 leaves/msg, 34s)
2026-07-29 21:12:29   [GPU] 250,009 evals (1693 batches, avg 148/batch = 29% of 512, 6080 evals/s, 395 msg/s, 15.4 leaves/msg, 41s)
2026-07-29 21:12:36   [GPU] 300,170 evals (2010 batches, avg 149/batch = 29% of 512, 6216 evals/s, 403 msg/s, 15.4 leaves/msg, 48s)
2026-07-29 21:12:43   [GPU] 350,117 evals (2341 batches, avg 150/batch = 29% of 512, 6339 evals/s, 412 msg/s, 15.4 leaves/msg, 55s)
2026-07-29 21:12:49   [GPU] 400,011 evals (2659 batches, avg 150/batch = 29% of 512, 6471 evals/s, 420 msg/s, 15.4 leaves/msg, 62s)
2026-07-29 21:12:56   [GPU] 450,033 evals (2980 batches, avg 151/batch = 29% of 512, 6578 evals/s, 427 msg/s, 15.4 leaves/msg, 68s)
2026-07-29 21:13:02   [GPU] 500,022 evals (3307 batches, avg 151/batch = 30% of 512, 6691 evals/s, 434 msg/s, 15.4 leaves/msg, 75s)
2026-07-29 21:13:08   [GPU] 550,060 evals (3627 batches, avg 152/batch = 30% of 512, 6816 evals/s, 442 msg/s, 15.4 leaves/msg, 81s)
2026-07-29 21:13:14   [GPU] 600,106 evals (3946 batches, avg 152/batch = 30% of 512, 6935 evals/s, 450 msg/s, 15.4 leaves/msg, 87s)
2026-07-29 21:13:19   [GPU] 650,036 evals (4265 batches, avg 152/batch = 30% of 512, 7073 evals/s, 459 msg/s, 15.4 leaves/msg, 92s)
2026-07-29 21:13:24   [GPU] 700,113 evals (4581 batches, avg 153/batch = 30% of 512, 7244 evals/s, 470 msg/s, 15.4 leaves/msg, 97s)
2026-07-29 21:13:29   [GPU] 750,086 evals (4877 batches, avg 154/batch = 30% of 512, 7418 evals/s, 482 msg/s, 15.4 leaves/msg, 101s)
2026-07-29 21:13:34   [GPU] 800,143 evals (5212 batches, avg 154/batch = 30% of 512, 7537 evals/s, 491 msg/s, 15.4 leaves/msg, 106s)
2026-07-29 21:13:39   [GPU] 850,016 evals (5544 batches, avg 153/batch = 30% of 512, 7652 evals/s, 499 msg/s, 15.3 leaves/msg, 111s)
2026-07-29 21:13:43   [GPU] 900,053 evals (5873 batches, avg 153/batch = 30% of 512, 7764 evals/s, 508 msg/s, 15.3 leaves/msg, 116s)
2026-07-29 21:13:48   [GPU] 950,076 evals (6209 batches, avg 153/batch = 30% of 512, 7868 evals/s, 516 msg/s, 15.3 leaves/msg, 121s)
2026-07-29 21:13:53   [GPU] 1,000,074 evals (6548 batches, avg 153/batch = 30% of 512, 7958 evals/s, 523 msg/s, 15.2 leaves/msg, 126s)
2026-07-29 21:13:58   [GPU] 1,050,010 evals (6885 batches, avg 153/batch = 30% of 512, 8048 evals/s, 530 msg/s, 15.2 leaves/msg, 130s)
2026-07-29 21:14:03   [GPU] 1,100,030 evals (7225 batches, avg 152/batch = 30% of 512, 8127 evals/s, 537 msg/s, 15.1 leaves/msg, 135s)
2026-07-29 21:14:08   [GPU] 1,150,146 evals (7558 batches, avg 152/batch = 30% of 512, 8208 evals/s, 543 msg/s, 15.1 leaves/msg, 140s)
2026-07-29 21:14:13   [GPU] 1,200,020 evals (7899 batches, avg 152/batch = 30% of 512, 8278 evals/s, 549 msg/s, 15.1 leaves/msg, 145s)
2026-07-29 21:14:17   [GPU] 1,250,001 evals (8241 batches, avg 152/batch = 30% of 512, 8346 evals/s, 555 msg/s, 15.0 leaves/msg, 150s)
2026-07-29 21:14:22   [GPU] 1,300,117 evals (8589 batches, avg 151/batch = 30% of 512, 8409 evals/s, 560 msg/s, 15.0 leaves/msg, 155s)
2026-07-29 21:14:27   [GPU] 1,350,161 evals (8937 batches, avg 151/batch = 30% of 512, 8468 evals/s, 565 msg/s, 15.0 leaves/msg, 159s)
2026-07-29 21:14:32   [GPU] 1,400,181 evals (9278 batches, avg 151/batch = 29% of 512, 8518 evals/s, 570 msg/s, 14.9 leaves/msg, 164s)
2026-07-29 21:14:37   [GPU] 1,450,097 evals (9620 batches, avg 151/batch = 29% of 512, 8569 evals/s, 575 msg/s, 14.9 leaves/msg, 169s)
2026-07-29 21:14:42   [GPU] 1,500,040 evals (9971 batches, avg 150/batch = 29% of 512, 8611 evals/s, 579 msg/s, 14.9 leaves/msg, 174s)
2026-07-29 21:14:47   [GPU] 1,550,004 evals (10313 batches, avg 150/batch = 29% of 512, 8654 evals/s, 584 msg/s, 14.8 leaves/msg, 179s)
2026-07-29 21:14:52   [GPU] 1,600,108 evals (10667 batches, avg 150/batch = 29% of 512, 8692 evals/s, 588 msg/s, 14.8 leaves/msg, 184s)
2026-07-29 21:14:57   [GPU] 1,650,080 evals (11025 batches, avg 150/batch = 29% of 512, 8730 evals/s, 592 msg/s, 14.7 leaves/msg, 189s)
2026-07-29 21:15:02   [GPU] 1,700,019 evals (11383 batches, avg 149/batch = 29% of 512, 8760 evals/s, 596 msg/s, 14.7 leaves/msg, 194s)
2026-07-29 21:15:07   [GPU] 1,750,104 evals (11749 batches, avg 149/batch = 29% of 512, 8785 evals/s, 601 msg/s, 14.6 leaves/msg, 199s)
2026-07-29 21:15:12   [GPU] 1,800,148 evals (12126 batches, avg 148/batch = 29% of 512, 8800 evals/s, 605 msg/s, 14.5 leaves/msg, 205s)
2026-07-29 21:15:13 [iter 56/70] self-play: 5/70 games...
2026-07-29 21:15:17   [GPU] 1,850,029 evals (12500 batches, avg 148/batch = 29% of 512, 8820 evals/s, 610 msg/s, 14.5 leaves/msg, 210s)
2026-07-29 21:15:23   [GPU] 1,900,015 evals (12873 batches, avg 148/batch = 29% of 512, 8837 evals/s, 614 msg/s, 14.4 leaves/msg, 215s)
2026-07-29 21:15:25 [iter 56/70] self-play: 10/70 games...
2026-07-29 21:15:28   [GPU] 1,950,063 evals (13257 batches, avg 147/batch = 29% of 512, 8848 evals/s, 619 msg/s, 14.3 leaves/msg, 220s)
2026-07-29 21:15:32 [iter 56/70] self-play: 15/70 games...
2026-07-29 21:15:33   [GPU] 2,000,164 evals (13637 batches, avg 147/batch = 29% of 512, 8858 evals/s, 623 msg/s, 14.2 leaves/msg, 226s)
2026-07-29 21:15:39   [GPU] 2,050,089 evals (14013 batches, avg 146/batch = 29% of 512, 8873 evals/s, 628 msg/s, 14.1 leaves/msg, 231s)
2026-07-29 21:15:44   [GPU] 2,100,133 evals (14409 batches, avg 146/batch = 28% of 512, 8876 evals/s, 633 msg/s, 14.0 leaves/msg, 237s)
2026-07-29 21:15:45 [iter 56/70] self-play: 20/70 games...
2026-07-29 21:15:47 [iter 56/70] self-play: 25/70 games...
2026-07-29 21:15:50   [GPU] 2,150,014 evals (14813 batches, avg 145/batch = 28% of 512, 8875 evals/s, 639 msg/s, 13.9 leaves/msg, 242s)
2026-07-29 21:15:51 [iter 56/70] self-play: 30/70 games...
2026-07-29 21:15:54 [iter 56/70] self-play: 35/70 games...
2026-07-29 21:15:56   [GPU] 2,200,189 evals (15226 batches, avg 145/batch = 28% of 512, 8874 evals/s, 644 msg/s, 13.8 leaves/msg, 248s)
2026-07-29 21:15:59 [iter 56/70] self-play: 40/70 games...
2026-07-29 21:16:01   [GPU] 2,250,141 evals (15635 batches, avg 144/batch = 28% of 512, 8875 evals/s, 649 msg/s, 13.7 leaves/msg, 254s)
2026-07-29 21:16:02 [iter 56/70] self-play: 45/70 games...
2026-07-29 21:16:07 [iter 56/70] self-play: 50/70 games...
2026-07-29 21:16:07   [GPU] 2,300,042 evals (16069 batches, avg 143/batch = 28% of 512, 8866 evals/s, 653 msg/s, 13.6 leaves/msg, 259s)
2026-07-29 21:16:13   [GPU] 2,350,054 evals (16605 batches, avg 142/batch = 28% of 512, 8843 evals/s, 654 msg/s, 13.5 leaves/msg, 266s)
2026-07-29 21:16:16 [iter 56/70] self-play: 55/70 games...
2026-07-29 21:16:21   [GPU] 2,400,011 evals (17257 batches, avg 139/batch = 27% of 512, 8774 evals/s, 651 msg/s, 13.5 leaves/msg, 274s)
2026-07-29 21:16:28   [GPU] 2,450,052 evals (17867 batches, avg 137/batch = 27% of 512, 8735 evals/s, 647 msg/s, 13.5 leaves/msg, 280s)
2026-07-29 21:16:35   [GPU] 2,500,053 evals (18488 batches, avg 135/batch = 26% of 512, 8691 evals/s, 644 msg/s, 13.5 leaves/msg, 288s)
2026-07-29 21:16:35 [iter 56/70] self-play: 60/70 games...
2026-07-29 21:16:43   [GPU] 2,550,067 evals (19175 batches, avg 133/batch = 26% of 512, 8640 evals/s, 640 msg/s, 13.5 leaves/msg, 295s)
2026-07-29 21:16:51   [GPU] 2,600,051 evals (19966 batches, avg 130/batch = 25% of 512, 8556 evals/s, 635 msg/s, 13.5 leaves/msg, 304s)
2026-07-29 21:17:02   [GPU] 2,650,050 evals (21007 batches, avg 126/batch = 25% of 512, 8416 evals/s, 626 msg/s, 13.5 leaves/msg, 315s)
2026-07-29 21:17:12 [iter 56/70] self-play: 65/70 games...
2026-07-29 21:17:16   [GPU] 2,700,001 evals (22256 batches, avg 121/batch = 24% of 512, 8230 evals/s, 614 msg/s, 13.4 leaves/msg, 328s)
2026-07-29 21:17:32   [GPU] 2,750,022 evals (23882 batches, avg 115/batch = 22% of 512, 7982 evals/s, 595 msg/s, 13.4 leaves/msg, 345s)
2026-07-29 21:17:51 [iter 56/70] self-play: 70/70 games...
2026-07-29 21:17:52 [iter 56/70] self-play done: 70 games (366s) | wins: P0=29, P1=1, P2=25, P3=12, draw=3 | draw_rate=4% avg_len~66
2026-07-29 21:17:52 [iter 56/70] training (600 steps, lr=1.98e-04)...
2026-07-29 21:18:05 [iter 56/70] training done: loss_p=1.674 loss_v=0.044 (13s)
2026-07-29 21:18:05 [iter 56/70] eval skipped (eval_every=5)
2026-07-29 21:18:05 >>> iter 56 | loss_p=1.674 loss_v=0.044 | vs_best=n/a (not evaluated) | vs_rand=n/a | draw=4% | buf=500000 | sp=366s train=13s eval_best=0s eval_rand=0s | total=379s
2026-07-29 21:18:05 [iter 57/70] self-play starting (70 games, 600 sims)...
2026-07-29 21:18:07 [PARALLEL-MP] 64 workers spawned (70 games, sims=600), GPU batcher starting...
2026-07-29 21:18:19   [GPU] 50,016 evals (359 batches, avg 139/batch = 27% of 512, 3961 evals/s, 260 msg/s, 15.3 leaves/msg, 13s)
2026-07-29 21:18:27   [GPU] 100,064 evals (685 batches, avg 146/batch = 29% of 512, 5022 evals/s, 326 msg/s, 15.4 leaves/msg, 20s)
2026-07-29 21:18:34   [GPU] 150,140 evals (1028 batches, avg 146/batch = 29% of 512, 5412 evals/s, 351 msg/s, 15.4 leaves/msg, 28s)
2026-07-29 21:18:42   [GPU] 200,018 evals (1369 batches, avg 146/batch = 29% of 512, 5672 evals/s, 369 msg/s, 15.4 leaves/msg, 35s)
2026-07-29 21:18:50   [GPU] 250,033 evals (1712 batches, avg 146/batch = 29% of 512, 5823 evals/s, 378 msg/s, 15.4 leaves/msg, 43s)
2026-07-29 21:18:57   [GPU] 300,088 evals (2051 batches, avg 146/batch = 29% of 512, 5948 evals/s, 386 msg/s, 15.4 leaves/msg, 50s)
2026-07-29 21:19:05   [GPU] 350,028 evals (2383 batches, avg 147/batch = 29% of 512, 6051 evals/s, 393 msg/s, 15.4 leaves/msg, 58s)
2026-07-29 21:19:12   [GPU] 400,095 evals (2717 batches, avg 147/batch = 29% of 512, 6152 evals/s, 400 msg/s, 15.4 leaves/msg, 65s)
2026-07-29 21:19:18   [GPU] 450,155 evals (3047 batches, avg 148/batch = 29% of 512, 6273 evals/s, 407 msg/s, 15.4 leaves/msg, 72s)
2026-07-29 21:19:25   [GPU] 500,075 evals (3381 batches, avg 148/batch = 29% of 512, 6367 evals/s, 413 msg/s, 15.4 leaves/msg, 79s)
2026-07-29 21:19:32   [GPU] 550,109 evals (3706 batches, avg 148/batch = 29% of 512, 6464 evals/s, 420 msg/s, 15.4 leaves/msg, 85s)
2026-07-29 21:19:38   [GPU] 600,015 evals (4016 batches, avg 149/batch = 29% of 512, 6570 evals/s, 426 msg/s, 15.4 leaves/msg, 91s)
2026-07-29 21:19:44   [GPU] 650,161 evals (4342 batches, avg 150/batch = 29% of 512, 6698 evals/s, 435 msg/s, 15.4 leaves/msg, 97s)
2026-07-29 21:19:48   [GPU] 700,143 evals (4654 batches, avg 150/batch = 29% of 512, 6881 evals/s, 447 msg/s, 15.4 leaves/msg, 102s)
2026-07-29 21:19:53   [GPU] 750,023 evals (4973 batches, avg 151/batch = 29% of 512, 7042 evals/s, 458 msg/s, 15.4 leaves/msg, 107s)
2026-07-29 21:19:58   [GPU] 800,112 evals (5305 batches, avg 151/batch = 29% of 512, 7187 evals/s, 468 msg/s, 15.4 leaves/msg, 111s)
2026-07-29 21:20:03   [GPU] 850,137 evals (5640 batches, avg 151/batch = 29% of 512, 7316 evals/s, 478 msg/s, 15.3 leaves/msg, 116s)
2026-07-29 21:20:08   [GPU] 900,108 evals (5977 batches, avg 151/batch = 29% of 512, 7434 evals/s, 486 msg/s, 15.3 leaves/msg, 121s)
2026-07-29 21:20:13   [GPU] 950,035 evals (6311 batches, avg 151/batch = 29% of 512, 7541 evals/s, 495 msg/s, 15.2 leaves/msg, 126s)
2026-07-29 21:20:17   [GPU] 1,000,184 evals (6649 batches, avg 150/batch = 29% of 512, 7646 evals/s, 503 msg/s, 15.2 leaves/msg, 131s)
2026-07-29 21:20:22   [GPU] 1,050,150 evals (6982 batches, avg 150/batch = 29% of 512, 7743 evals/s, 510 msg/s, 15.2 leaves/msg, 136s)
2026-07-29 21:20:27   [GPU] 1,100,035 evals (7306 batches, avg 151/batch = 29% of 512, 7842 evals/s, 518 msg/s, 15.2 leaves/msg, 140s)
2026-07-29 21:20:32   [GPU] 1,150,021 evals (7633 batches, avg 151/batch = 29% of 512, 7929 evals/s, 525 msg/s, 15.1 leaves/msg, 145s)
2026-07-29 21:20:36   [GPU] 1,200,053 evals (7970 batches, avg 151/batch = 29% of 512, 8011 evals/s, 531 msg/s, 15.1 leaves/msg, 150s)
2026-07-29 21:20:41   [GPU] 1,250,164 evals (8313 batches, avg 150/batch = 29% of 512, 8081 evals/s, 537 msg/s, 15.1 leaves/msg, 155s)
2026-07-29 21:20:46   [GPU] 1,300,003 evals (8653 batches, avg 150/batch = 29% of 512, 8151 evals/s, 542 msg/s, 15.0 leaves/msg, 159s)
2026-07-29 21:20:51   [GPU] 1,350,091 evals (9003 batches, avg 150/batch = 29% of 512, 8218 evals/s, 548 msg/s, 15.0 leaves/msg, 164s)
2026-07-29 21:20:56   [GPU] 1,400,108 evals (9345 batches, avg 150/batch = 29% of 512, 8283 evals/s, 553 msg/s, 15.0 leaves/msg, 169s)
2026-07-29 21:21:01   [GPU] 1,450,071 evals (9688 batches, avg 150/batch = 29% of 512, 8342 evals/s, 559 msg/s, 14.9 leaves/msg, 174s)
2026-07-29 21:21:05   [GPU] 1,500,123 evals (10032 batches, avg 150/batch = 29% of 512, 8398 evals/s, 564 msg/s, 14.9 leaves/msg, 179s)
2026-07-29 21:21:10   [GPU] 1,550,015 evals (10368 batches, avg 149/batch = 29% of 512, 8444 evals/s, 568 msg/s, 14.9 leaves/msg, 184s)
2026-07-29 21:21:15   [GPU] 1,600,130 evals (10709 batches, avg 149/batch = 29% of 512, 8490 evals/s, 573 msg/s, 14.8 leaves/msg, 188s)
2026-07-29 21:21:20   [GPU] 1,650,051 evals (11054 batches, avg 149/batch = 29% of 512, 8534 evals/s, 577 msg/s, 14.8 leaves/msg, 193s)
2026-07-29 21:21:25   [GPU] 1,700,061 evals (11424 batches, avg 149/batch = 29% of 512, 8570 evals/s, 582 msg/s, 14.7 leaves/msg, 198s)
2026-07-29 21:21:30   [GPU] 1,750,157 evals (11778 batches, avg 149/batch = 29% of 512, 8610 evals/s, 587 msg/s, 14.7 leaves/msg, 203s)
2026-07-29 21:21:35   [GPU] 1,800,080 evals (12154 batches, avg 148/batch = 29% of 512, 8640 evals/s, 592 msg/s, 14.6 leaves/msg, 208s)
2026-07-29 21:21:40   [GPU] 1,850,171 evals (12526 batches, avg 148/batch = 29% of 512, 8668 evals/s, 598 msg/s, 14.5 leaves/msg, 213s)
2026-07-29 21:21:45 [iter 57/70] self-play: 5/70 games...
2026-07-29 21:21:45   [GPU] 1,900,153 evals (12906 batches, avg 147/batch = 29% of 512, 8690 evals/s, 603 msg/s, 14.4 leaves/msg, 219s)
2026-07-29 21:21:51   [GPU] 1,950,107 evals (13277 batches, avg 147/batch = 29% of 512, 8708 evals/s, 608 msg/s, 14.3 leaves/msg, 224s)
2026-07-29 21:21:56   [GPU] 2,000,030 evals (13654 batches, avg 146/batch = 29% of 512, 8725 evals/s, 613 msg/s, 14.2 leaves/msg, 229s)
2026-07-29 21:21:58 [iter 57/70] self-play: 10/70 games...
2026-07-29 21:22:01   [GPU] 2,050,128 evals (14035 batches, avg 146/batch = 29% of 512, 8743 evals/s, 619 msg/s, 14.1 leaves/msg, 234s)
2026-07-29 21:22:03 [iter 57/70] self-play: 15/70 games...
2026-07-29 21:22:07   [GPU] 2,100,144 evals (14421 batches, avg 146/batch = 28% of 512, 8754 evals/s, 625 msg/s, 14.0 leaves/msg, 240s)
2026-07-29 21:22:07 [iter 57/70] self-play: 20/70 games...
2026-07-29 21:22:12   [GPU] 2,150,014 evals (14827 batches, avg 145/batch = 28% of 512, 8758 evals/s, 632 msg/s, 13.9 leaves/msg, 246s)
2026-07-29 21:22:13 [iter 57/70] self-play: 25/70 games...
2026-07-29 21:22:16 [iter 57/70] self-play: 30/70 games...
2026-07-29 21:22:18   [GPU] 2,200,069 evals (15244 batches, avg 144/batch = 28% of 512, 8754 evals/s, 638 msg/s, 13.7 leaves/msg, 251s)
2026-07-29 21:22:19 [iter 57/70] self-play: 35/70 games...
2026-07-29 21:22:23 [iter 57/70] self-play: 40/70 games...
2026-07-29 21:22:24   [GPU] 2,250,037 evals (15653 batches, avg 144/batch = 28% of 512, 8756 evals/s, 645 msg/s, 13.6 leaves/msg, 257s)
2026-07-29 21:22:25 [iter 57/70] self-play: 45/70 games...
2026-07-29 21:22:29 [iter 57/70] self-play: 50/70 games...
2026-07-29 21:22:29   [GPU] 2,300,050 evals (16092 batches, avg 143/batch = 28% of 512, 8754 evals/s, 649 msg/s, 13.5 leaves/msg, 263s)
2026-07-29 21:22:36   [GPU] 2,350,080 evals (16608 batches, avg 142/batch = 28% of 512, 8732 evals/s, 648 msg/s, 13.5 leaves/msg, 269s)
2026-07-29 21:22:41 [iter 57/70] self-play: 55/70 games...
2026-07-29 21:22:43   [GPU] 2,400,032 evals (17221 batches, avg 139/batch = 27% of 512, 8681 evals/s, 646 msg/s, 13.4 leaves/msg, 276s)
2026-07-29 21:22:51   [GPU] 2,450,063 evals (17832 batches, avg 137/batch = 27% of 512, 8628 evals/s, 641 msg/s, 13.5 leaves/msg, 284s)
2026-07-29 21:22:57   [GPU] 2,500,083 evals (18374 batches, avg 136/batch = 27% of 512, 8609 evals/s, 639 msg/s, 13.5 leaves/msg, 290s)
2026-07-29 21:23:03   [GPU] 2,550,001 evals (18911 batches, avg 135/batch = 26% of 512, 8596 evals/s, 638 msg/s, 13.5 leaves/msg, 297s)
2026-07-29 21:23:10   [GPU] 2,600,040 evals (19489 batches, avg 133/batch = 26% of 512, 8568 evals/s, 636 msg/s, 13.5 leaves/msg, 303s)
2026-07-29 21:23:12 [iter 57/70] self-play: 60/70 games...
2026-07-29 21:23:18   [GPU] 2,650,044 evals (20166 batches, avg 131/batch = 26% of 512, 8516 evals/s, 633 msg/s, 13.5 leaves/msg, 311s)
2026-07-29 21:23:28   [GPU] 2,700,003 evals (21050 batches, avg 128/batch = 25% of 512, 8413 evals/s, 627 msg/s, 13.4 leaves/msg, 321s)
2026-07-29 21:23:36 [iter 57/70] self-play: 65/70 games...
2026-07-29 21:23:40   [GPU] 2,750,027 evals (22269 batches, avg 123/batch = 24% of 512, 8249 evals/s, 615 msg/s, 13.4 leaves/msg, 333s)
2026-07-29 21:23:58   [GPU] 2,800,021 evals (23942 batches, avg 117/batch = 23% of 512, 7973 evals/s, 595 msg/s, 13.4 leaves/msg, 351s)
2026-07-29 21:24:26 [iter 57/70] self-play: 70/70 games...
2026-07-29 21:24:27 [iter 57/70] self-play done: 70 games (382s) | wins: P0=25, P2=18, P3=24, draw=3 | draw_rate=4% avg_len~68
2026-07-29 21:24:27 [iter 57/70] training (600 steps, lr=1.86e-04)...
2026-07-29 21:24:40 [iter 57/70] training done: loss_p=1.673 loss_v=0.045 (14s)
2026-07-29 21:24:40 [iter 57/70] eval skipped (eval_every=5)
2026-07-29 21:24:40 >>> iter 57 | loss_p=1.673 loss_v=0.045 | vs_best=n/a (not evaluated) | vs_rand=n/a | draw=4% | buf=500000 | sp=382s train=14s eval_best=0s eval_rand=0s | total=396s
2026-07-29 21:24:40 [iter 58/70] self-play starting (70 games, 600 sims)...
2026-07-29 21:24:43 [PARALLEL-MP] 64 workers spawned (70 games, sims=600), GPU batcher starting...
2026-07-29 21:24:55   [GPU] 50,032 evals (367 batches, avg 136/batch = 27% of 512, 3986 evals/s, 261 msg/s, 15.3 leaves/msg, 13s)
2026-07-29 21:25:03   [GPU] 100,048 evals (704 batches, avg 142/batch = 28% of 512, 4968 evals/s, 323 msg/s, 15.4 leaves/msg, 20s)
2026-07-29 21:25:11   [GPU] 150,035 evals (1059 batches, avg 142/batch = 28% of 512, 5351 evals/s, 347 msg/s, 15.4 leaves/msg, 28s)
2026-07-29 21:25:18   [GPU] 200,026 evals (1394 batches, avg 143/batch = 28% of 512, 5644 evals/s, 367 msg/s, 15.4 leaves/msg, 35s)
2026-07-29 21:25:26   [GPU] 250,128 evals (1736 batches, avg 144/batch = 28% of 512, 5812 evals/s, 377 msg/s, 15.4 leaves/msg, 43s)
2026-07-29 21:25:33   [GPU] 300,029 evals (2071 batches, avg 145/batch = 28% of 512, 5953 evals/s, 386 msg/s, 15.4 leaves/msg, 50s)
2026-07-29 21:25:40   [GPU] 350,035 evals (2404 batches, avg 146/batch = 28% of 512, 6073 evals/s, 394 msg/s, 15.4 leaves/msg, 58s)
2026-07-29 21:25:47   [GPU] 400,018 evals (2733 batches, avg 146/batch = 29% of 512, 6187 evals/s, 402 msg/s, 15.4 leaves/msg, 65s)
2026-07-29 21:25:54   [GPU] 450,114 evals (3058 batches, avg 147/batch = 29% of 512, 6293 evals/s, 409 msg/s, 15.4 leaves/msg, 72s)
2026-07-29 21:26:01   [GPU] 500,101 evals (3374 batches, avg 148/batch = 29% of 512, 6399 evals/s, 415 msg/s, 15.4 leaves/msg, 78s)
2026-07-29 21:26:07   [GPU] 550,117 evals (3691 batches, avg 149/batch = 29% of 512, 6508 evals/s, 423 msg/s, 15.4 leaves/msg, 85s)
2026-07-29 21:26:13   [GPU] 600,148 evals (4004 batches, avg 150/batch = 29% of 512, 6623 evals/s, 430 msg/s, 15.4 leaves/msg, 91s)
2026-07-29 21:26:19   [GPU] 650,186 evals (4311 batches, avg 151/batch = 29% of 512, 6758 evals/s, 439 msg/s, 15.4 leaves/msg, 96s)
2026-07-29 21:26:24   [GPU] 700,012 evals (4617 batches, avg 152/batch = 30% of 512, 6933 evals/s, 450 msg/s, 15.4 leaves/msg, 101s)
2026-07-29 21:26:28   [GPU] 750,074 evals (4927 batches, avg 152/batch = 30% of 512, 7091 evals/s, 461 msg/s, 15.4 leaves/msg, 106s)
2026-07-29 21:26:33   [GPU] 800,061 evals (5249 batches, avg 152/batch = 30% of 512, 7233 evals/s, 471 msg/s, 15.4 leaves/msg, 111s)
2026-07-29 21:26:38   [GPU] 850,005 evals (5578 batches, avg 152/batch = 30% of 512, 7361 evals/s, 481 msg/s, 15.3 leaves/msg, 115s)
2026-07-29 21:26:43   [GPU] 900,064 evals (5912 batches, avg 152/batch = 30% of 512, 7480 evals/s, 490 msg/s, 15.3 leaves/msg, 120s)
2026-07-29 21:26:48   [GPU] 950,121 evals (6241 batches, avg 152/batch = 30% of 512, 7598 evals/s, 498 msg/s, 15.2 leaves/msg, 125s)
2026-07-29 21:26:53   [GPU] 1,000,094 evals (6576 batches, avg 152/batch = 30% of 512, 7699 evals/s, 506 msg/s, 15.2 leaves/msg, 130s)
2026-07-29 21:26:57   [GPU] 1,050,076 evals (6910 batches, avg 152/batch = 30% of 512, 7798 evals/s, 514 msg/s, 15.2 leaves/msg, 135s)
2026-07-29 21:27:02   [GPU] 1,100,024 evals (7242 batches, avg 152/batch = 30% of 512, 7888 evals/s, 521 msg/s, 15.1 leaves/msg, 139s)
2026-07-29 21:27:07   [GPU] 1,150,181 evals (7574 batches, avg 152/batch = 30% of 512, 7967 evals/s, 527 msg/s, 15.1 leaves/msg, 144s)
2026-07-29 21:27:12   [GPU] 1,200,058 evals (7901 batches, avg 152/batch = 30% of 512, 8049 evals/s, 534 msg/s, 15.1 leaves/msg, 149s)
2026-07-29 21:27:17   [GPU] 1,250,045 evals (8231 batches, avg 152/batch = 30% of 512, 8125 evals/s, 540 msg/s, 15.0 leaves/msg, 154s)
2026-07-29 21:27:21   [GPU] 1,300,028 evals (8566 batches, avg 152/batch = 30% of 512, 8198 evals/s, 547 msg/s, 15.0 leaves/msg, 159s)
2026-07-29 21:27:26   [GPU] 1,350,119 evals (8909 batches, avg 152/batch = 30% of 512, 8261 evals/s, 552 msg/s, 15.0 leaves/msg, 163s)
2026-07-29 21:27:31   [GPU] 1,400,039 evals (9245 batches, avg 151/batch = 30% of 512, 8321 evals/s, 557 msg/s, 14.9 leaves/msg, 168s)
2026-07-29 21:27:36   [GPU] 1,450,141 evals (9596 batches, avg 151/batch = 30% of 512, 8372 evals/s, 562 msg/s, 14.9 leaves/msg, 173s)
2026-07-29 21:27:41   [GPU] 1,500,116 evals (9930 batches, avg 151/batch = 30% of 512, 8424 evals/s, 567 msg/s, 14.9 leaves/msg, 178s)
2026-07-29 21:27:46   [GPU] 1,550,023 evals (10280 batches, avg 151/batch = 29% of 512, 8471 evals/s, 572 msg/s, 14.8 leaves/msg, 183s)
2026-07-29 21:27:51   [GPU] 1,600,131 evals (10624 batches, avg 151/batch = 29% of 512, 8515 evals/s, 576 msg/s, 14.8 leaves/msg, 188s)
2026-07-29 21:27:56   [GPU] 1,650,031 evals (10979 batches, avg 150/batch = 29% of 512, 8551 evals/s, 581 msg/s, 14.7 leaves/msg, 193s)
2026-07-29 21:28:01   [GPU] 1,700,123 evals (11328 batches, avg 150/batch = 29% of 512, 8591 evals/s, 585 msg/s, 14.7 leaves/msg, 198s)
2026-07-29 21:28:06   [GPU] 1,750,096 evals (11679 batches, avg 150/batch = 29% of 512, 8621 evals/s, 590 msg/s, 14.6 leaves/msg, 203s)
2026-07-29 21:28:11   [GPU] 1,800,204 evals (12052 batches, avg 149/batch = 29% of 512, 8650 evals/s, 596 msg/s, 14.5 leaves/msg, 208s)
2026-07-29 21:28:16   [GPU] 1,850,032 evals (12410 batches, avg 149/batch = 29% of 512, 8676 evals/s, 601 msg/s, 14.4 leaves/msg, 213s)
2026-07-29 21:28:21   [GPU] 1,900,058 evals (12795 batches, avg 149/batch = 29% of 512, 8692 evals/s, 607 msg/s, 14.3 leaves/msg, 219s)
2026-07-29 21:28:25 [iter 58/70] self-play: 5/70 games...
2026-07-29 21:28:27   [GPU] 1,950,056 evals (13181 batches, avg 148/batch = 29% of 512, 8709 evals/s, 613 msg/s, 14.2 leaves/msg, 224s)
2026-07-29 21:28:27 [iter 58/70] self-play: 10/70 games...
2026-07-29 21:28:32   [GPU] 2,000,044 evals (13559 batches, avg 148/batch = 29% of 512, 8726 evals/s, 619 msg/s, 14.1 leaves/msg, 229s)
2026-07-29 21:28:36 [iter 58/70] self-play: 15/70 games...
2026-07-29 21:28:37   [GPU] 2,050,042 evals (13939 batches, avg 147/batch = 29% of 512, 8742 evals/s, 626 msg/s, 14.0 leaves/msg, 235s)
2026-07-29 21:28:40 [iter 58/70] self-play: 20/70 games...
2026-07-29 21:28:43   [GPU] 2,100,024 evals (14356 batches, avg 146/batch = 29% of 512, 8743 evals/s, 632 msg/s, 13.8 leaves/msg, 240s)
2026-07-29 21:28:44 [iter 58/70] self-play: 25/70 games...
2026-07-29 21:28:48 [iter 58/70] self-play: 30/70 games...
2026-07-29 21:28:49   [GPU] 2,150,078 evals (14759 batches, avg 146/batch = 28% of 512, 8746 evals/s, 641 msg/s, 13.7 leaves/msg, 246s)
2026-07-29 21:28:50 [iter 58/70] self-play: 35/70 games...
2026-07-29 21:28:51 [iter 58/70] self-play: 40/70 games...
2026-07-29 21:28:54 [iter 58/70] self-play: 45/70 games...
2026-07-29 21:28:54   [GPU] 2,200,014 evals (15179 batches, avg 145/batch = 28% of 512, 8739 evals/s, 647 msg/s, 13.5 leaves/msg, 252s)
2026-07-29 21:28:57 [iter 58/70] self-play: 50/70 games...
2026-07-29 21:29:01 [iter 58/70] self-play: 55/70 games...
2026-07-29 21:29:02   [GPU] 2,250,039 evals (15777 batches, avg 143/batch = 28% of 512, 8675 evals/s, 649 msg/s, 13.4 leaves/msg, 259s)
2026-07-29 21:29:12   [GPU] 2,300,012 evals (16717 batches, avg 138/batch = 27% of 512, 8525 evals/s, 638 msg/s, 13.4 leaves/msg, 270s)
2026-07-29 21:29:19 [iter 58/70] self-play: 60/70 games...
2026-07-29 21:29:23   [GPU] 2,350,061 evals (17614 batches, avg 133/batch = 26% of 512, 8395 evals/s, 628 msg/s, 13.4 leaves/msg, 280s)
2026-07-29 21:29:31   [GPU] 2,400,041 evals (18342 batches, avg 131/batch = 26% of 512, 8323 evals/s, 621 msg/s, 13.4 leaves/msg, 288s)
2026-07-29 21:29:39   [GPU] 2,450,007 evals (19012 batches, avg 129/batch = 25% of 512, 8274 evals/s, 617 msg/s, 13.4 leaves/msg, 296s)
2026-07-29 21:29:47   [GPU] 2,500,058 evals (19752 batches, avg 127/batch = 25% of 512, 8207 evals/s, 613 msg/s, 13.4 leaves/msg, 305s)
2026-07-29 21:29:57   [GPU] 2,550,044 evals (20615 batches, avg 124/batch = 24% of 512, 8117 evals/s, 607 msg/s, 13.4 leaves/msg, 314s)
2026-07-29 21:30:05 [iter 58/70] self-play: 65/70 games...
2026-07-29 21:30:13   [GPU] 2,600,011 evals (22115 batches, avg 118/batch = 23% of 512, 7863 evals/s, 590 msg/s, 13.3 leaves/msg, 331s)
2026-07-29 21:30:36   [GPU] 2,650,021 evals (23978 batches, avg 111/batch = 22% of 512, 7506 evals/s, 563 msg/s, 13.3 leaves/msg, 353s)
2026-07-29 21:30:48 [iter 58/70] self-play: 70/70 games...
2026-07-29 21:30:49 [iter 58/70] self-play done: 70 games (369s) | wins: P0=29, P1=1, P2=13, P3=24, draw=3 | draw_rate=4% avg_len~63
2026-07-29 21:30:49 [iter 58/70] training (600 steps, lr=1.74e-04)...
2026-07-29 21:31:03 [iter 58/70] training done: loss_p=1.670 loss_v=0.045 (14s)
2026-07-29 21:31:03 [iter 58/70] eval skipped (eval_every=5)
2026-07-29 21:31:03 >>> iter 58 | loss_p=1.670 loss_v=0.045 | vs_best=n/a (not evaluated) | vs_rand=n/a | draw=4% | buf=500000 | sp=369s train=14s eval_best=0s eval_rand=0s | total=382s
2026-07-29 21:31:03 [iter 59/70] self-play starting (70 games, 600 sims)...
2026-07-29 21:31:05 [PARALLEL-MP] 64 workers spawned (70 games, sims=600), GPU batcher starting...
2026-07-29 21:31:17   [GPU] 50,032 evals (367 batches, avg 136/batch = 27% of 512, 4154 evals/s, 272 msg/s, 15.3 leaves/msg, 12s)
2026-07-29 21:31:25   [GPU] 100,016 evals (712 batches, avg 140/batch = 27% of 512, 5153 evals/s, 335 msg/s, 15.4 leaves/msg, 19s)
2026-07-29 21:31:32   [GPU] 150,081 evals (1061 batches, avg 141/batch = 28% of 512, 5578 evals/s, 362 msg/s, 15.4 leaves/msg, 27s)
2026-07-29 21:31:39   [GPU] 200,114 evals (1404 batches, avg 143/batch = 28% of 512, 5880 evals/s, 383 msg/s, 15.4 leaves/msg, 34s)
2026-07-29 21:31:46   [GPU] 250,033 evals (1740 batches, avg 144/batch = 28% of 512, 6063 evals/s, 394 msg/s, 15.4 leaves/msg, 41s)
2026-07-29 21:31:53   [GPU] 300,040 evals (2064 batches, avg 145/batch = 28% of 512, 6220 evals/s, 404 msg/s, 15.4 leaves/msg, 48s)
2026-07-29 21:32:00   [GPU] 350,038 evals (2398 batches, avg 146/batch = 29% of 512, 6352 evals/s, 412 msg/s, 15.4 leaves/msg, 55s)
2026-07-29 21:32:07   [GPU] 400,164 evals (2734 batches, avg 146/batch = 29% of 512, 6475 evals/s, 420 msg/s, 15.4 leaves/msg, 62s)
2026-07-29 21:32:13   [GPU] 450,022 evals (3047 batches, avg 148/batch = 29% of 512, 6599 evals/s, 428 msg/s, 15.4 leaves/msg, 68s)
2026-07-29 21:32:19   [GPU] 500,198 evals (3364 batches, avg 149/batch = 29% of 512, 6732 evals/s, 437 msg/s, 15.4 leaves/msg, 74s)
2026-07-29 21:32:25   [GPU] 550,093 evals (3685 batches, avg 149/batch = 29% of 512, 6850 evals/s, 445 msg/s, 15.4 leaves/msg, 80s)
2026-07-29 21:32:31   [GPU] 600,167 evals (4013 batches, avg 150/batch = 29% of 512, 6968 evals/s, 452 msg/s, 15.4 leaves/msg, 86s)
2026-07-29 21:32:37   [GPU] 650,055 evals (4342 batches, avg 150/batch = 29% of 512, 7115 evals/s, 462 msg/s, 15.4 leaves/msg, 91s)
2026-07-29 21:32:41   [GPU] 700,014 evals (4665 batches, avg 150/batch = 29% of 512, 7294 evals/s, 474 msg/s, 15.4 leaves/msg, 96s)
2026-07-29 21:32:46   [GPU] 750,112 evals (4984 batches, avg 151/batch = 29% of 512, 7446 evals/s, 484 msg/s, 15.4 leaves/msg, 101s)
2026-07-29 21:32:51   [GPU] 800,065 evals (5319 batches, avg 150/batch = 29% of 512, 7579 evals/s, 494 msg/s, 15.4 leaves/msg, 106s)
2026-07-29 21:32:56   [GPU] 850,082 evals (5656 batches, avg 150/batch = 29% of 512, 7702 evals/s, 503 msg/s, 15.3 leaves/msg, 110s)
2026-07-29 21:33:00   [GPU] 900,019 evals (5981 batches, avg 150/batch = 29% of 512, 7821 evals/s, 512 msg/s, 15.3 leaves/msg, 115s)
2026-07-29 21:33:05   [GPU] 950,156 evals (6307 batches, avg 151/batch = 29% of 512, 7934 evals/s, 520 msg/s, 15.2 leaves/msg, 120s)
2026-07-29 21:33:10   [GPU] 1,000,182 evals (6648 batches, avg 150/batch = 29% of 512, 8033 evals/s, 528 msg/s, 15.2 leaves/msg, 125s)
2026-07-29 21:33:14   [GPU] 1,050,158 evals (6980 batches, avg 150/batch = 29% of 512, 8121 evals/s, 535 msg/s, 15.2 leaves/msg, 129s)
2026-07-29 21:33:19   [GPU] 1,100,036 evals (7317 batches, avg 150/batch = 29% of 512, 8208 evals/s, 542 msg/s, 15.1 leaves/msg, 134s)
2026-07-29 21:33:24   [GPU] 1,150,014 evals (7653 batches, avg 150/batch = 29% of 512, 8286 evals/s, 548 msg/s, 15.1 leaves/msg, 139s)
2026-07-29 21:33:29   [GPU] 1,200,057 evals (7992 batches, avg 150/batch = 29% of 512, 8360 evals/s, 554 msg/s, 15.1 leaves/msg, 144s)
2026-07-29 21:33:34   [GPU] 1,250,137 evals (8328 batches, avg 150/batch = 29% of 512, 8426 evals/s, 560 msg/s, 15.0 leaves/msg, 148s)
2026-07-29 21:33:38   [GPU] 1,300,079 evals (8674 batches, avg 150/batch = 29% of 512, 8490 evals/s, 565 msg/s, 15.0 leaves/msg, 153s)
2026-07-29 21:33:43   [GPU] 1,350,077 evals (9021 batches, avg 150/batch = 29% of 512, 8542 evals/s, 570 msg/s, 15.0 leaves/msg, 158s)
2026-07-29 21:33:48   [GPU] 1,400,044 evals (9359 batches, avg 150/batch = 29% of 512, 8599 evals/s, 576 msg/s, 14.9 leaves/msg, 163s)
2026-07-29 21:33:53   [GPU] 1,450,033 evals (9712 batches, avg 149/batch = 29% of 512, 8647 evals/s, 580 msg/s, 14.9 leaves/msg, 168s)
2026-07-29 21:33:58   [GPU] 1,500,064 evals (10061 batches, avg 149/batch = 29% of 512, 8698 evals/s, 585 msg/s, 14.9 leaves/msg, 172s)
2026-07-29 21:34:03   [GPU] 1,550,079 evals (10413 batches, avg 149/batch = 29% of 512, 8741 evals/s, 590 msg/s, 14.8 leaves/msg, 177s)
2026-07-29 21:34:07   [GPU] 1,600,011 evals (10765 batches, avg 149/batch = 29% of 512, 8783 evals/s, 595 msg/s, 14.8 leaves/msg, 182s)
2026-07-29 21:34:12   [GPU] 1,650,132 evals (11123 batches, avg 148/batch = 29% of 512, 8820 evals/s, 599 msg/s, 14.7 leaves/msg, 187s)
2026-07-29 21:34:17   [GPU] 1,700,120 evals (11485 batches, avg 148/batch = 29% of 512, 8852 evals/s, 604 msg/s, 14.6 leaves/msg, 192s)
2026-07-29 21:34:22   [GPU] 1,750,031 evals (11861 batches, avg 148/batch = 29% of 512, 8872 evals/s, 610 msg/s, 14.6 leaves/msg, 197s)
2026-07-29 21:34:28   [GPU] 1,800,134 evals (12248 batches, avg 147/batch = 29% of 512, 8892 evals/s, 615 msg/s, 14.5 leaves/msg, 202s)
2026-07-29 21:34:33   [GPU] 1,850,037 evals (12646 batches, avg 146/batch = 29% of 512, 8894 evals/s, 621 msg/s, 14.3 leaves/msg, 208s)
2026-07-29 21:34:34 [iter 59/70] self-play: 5/70 games...
2026-07-29 21:34:39   [GPU] 1,900,033 evals (13042 batches, avg 146/batch = 28% of 512, 8897 evals/s, 627 msg/s, 14.2 leaves/msg, 214s)
2026-07-29 21:34:45   [GPU] 1,950,106 evals (13482 batches, avg 145/batch = 28% of 512, 8878 evals/s, 635 msg/s, 14.0 leaves/msg, 220s)
2026-07-29 21:34:45 [iter 59/70] self-play: 10/70 games...
2026-07-29 21:34:48 [iter 59/70] self-play: 15/70 games...
2026-07-29 21:34:51   [GPU] 2,000,117 evals (13922 batches, avg 144/batch = 28% of 512, 8864 evals/s, 642 msg/s, 13.8 leaves/msg, 226s)
2026-07-29 21:34:53 [iter 59/70] self-play: 20/70 games...
2026-07-29 21:34:54 [iter 59/70] self-play: 25/70 games...
2026-07-29 21:34:56 [iter 59/70] self-play: 30/70 games...
2026-07-29 21:34:57   [GPU] 2,050,075 evals (14359 batches, avg 143/batch = 28% of 512, 8851 evals/s, 649 msg/s, 13.6 leaves/msg, 232s)
2026-07-29 21:35:01 [iter 59/70] self-play: 35/70 games...
2026-07-29 21:35:03   [GPU] 2,100,121 evals (14786 batches, avg 142/batch = 28% of 512, 8839 evals/s, 655 msg/s, 13.5 leaves/msg, 238s)
2026-07-29 21:35:03 [iter 59/70] self-play: 40/70 games...
2026-07-29 21:35:07 [iter 59/70] self-play: 45/70 games...
2026-07-29 21:35:09   [GPU] 2,150,165 evals (15200 batches, avg 141/batch = 28% of 512, 8833 evals/s, 660 msg/s, 13.4 leaves/msg, 243s)
2026-07-29 21:35:11 [iter 59/70] self-play: 50/70 games...
2026-07-29 21:35:15   [GPU] 2,200,119 evals (15643 batches, avg 141/batch = 27% of 512, 8821 evals/s, 660 msg/s, 13.4 leaves/msg, 249s)
2026-07-29 21:35:21   [GPU] 2,250,021 evals (16105 batches, avg 140/batch = 27% of 512, 8803 evals/s, 658 msg/s, 13.4 leaves/msg, 256s)
2026-07-29 21:35:27 [iter 59/70] self-play: 55/70 games...
2026-07-29 21:35:28   [GPU] 2,300,042 evals (16654 batches, avg 138/batch = 27% of 512, 8760 evals/s, 657 msg/s, 13.3 leaves/msg, 263s)
2026-07-29 21:35:35   [GPU] 2,350,017 evals (17241 batches, avg 136/batch = 27% of 512, 8714 evals/s, 654 msg/s, 13.3 leaves/msg, 270s)
2026-07-29 21:35:41   [GPU] 2,400,039 evals (17775 batches, avg 135/batch = 26% of 512, 8686 evals/s, 652 msg/s, 13.3 leaves/msg, 276s)
2026-07-29 21:35:48   [GPU] 2,450,008 evals (18346 batches, avg 134/batch = 26% of 512, 8658 evals/s, 650 msg/s, 13.3 leaves/msg, 283s)
2026-07-29 21:35:55   [GPU] 2,500,008 evals (18909 batches, avg 132/batch = 26% of 512, 8626 evals/s, 647 msg/s, 13.3 leaves/msg, 290s)
2026-07-29 21:36:02   [GPU] 2,550,052 evals (19516 batches, avg 131/batch = 26% of 512, 8586 evals/s, 644 msg/s, 13.3 leaves/msg, 297s)
2026-07-29 21:36:09   [GPU] 2,600,006 evals (20155 batches, avg 129/batch = 25% of 512, 8550 evals/s, 641 msg/s, 13.3 leaves/msg, 304s)
2026-07-29 21:36:13 [iter 59/70] self-play: 60/70 games...
2026-07-29 21:36:18   [GPU] 2,650,035 evals (20897 batches, avg 127/batch = 25% of 512, 8481 evals/s, 638 msg/s, 13.3 leaves/msg, 312s)
2026-07-29 21:36:28   [GPU] 2,700,025 evals (21890 batches, avg 123/batch = 24% of 512, 8355 evals/s, 629 msg/s, 13.3 leaves/msg, 323s)
2026-07-29 21:36:34 [iter 59/70] self-play: 65/70 games...
2026-07-29 21:36:42   [GPU] 2,750,029 evals (23233 batches, avg 118/batch = 23% of 512, 8159 evals/s, 615 msg/s, 13.3 leaves/msg, 337s)
2026-07-29 21:37:00   [GPU] 2,800,016 evals (24940 batches, avg 112/batch = 22% of 512, 7889 evals/s, 595 msg/s, 13.2 leaves/msg, 355s)
2026-07-29 21:37:10 [iter 59/70] self-play: 70/70 games...
2026-07-29 21:37:11 [iter 59/70] self-play done: 70 games (368s) | wins: P0=27, P1=2, P2=17, P3=20, draw=4 | draw_rate=6% avg_len~65
2026-07-29 21:37:11 [iter 59/70] training (600 steps, lr=1.64e-04)...
2026-07-29 21:37:25 [iter 59/70] training done: loss_p=1.672 loss_v=0.045 (14s)
2026-07-29 21:37:25 [iter 59/70] eval skipped (eval_every=5)
2026-07-29 21:37:25 >>> iter 59 | loss_p=1.672 loss_v=0.045 | vs_best=n/a (not evaluated) | vs_rand=n/a | draw=6% | buf=500000 | sp=368s train=14s eval_best=0s eval_rand=0s | total=382s
2026-07-29 21:37:25 [iter 60/70] self-play starting (70 games, 600 sims)...
2026-07-29 21:37:27 [PARALLEL-MP] 64 workers spawned (70 games, sims=600), GPU batcher starting...
2026-07-29 21:37:40   [GPU] 50,048 evals (369 batches, avg 136/batch = 26% of 512, 3910 evals/s, 256 msg/s, 15.3 leaves/msg, 13s)
2026-07-29 21:37:48   [GPU] 100,080 evals (697 batches, avg 144/batch = 28% of 512, 4927 evals/s, 320 msg/s, 15.4 leaves/msg, 20s)
2026-07-29 21:37:55   [GPU] 150,156 evals (1041 batches, avg 144/batch = 28% of 512, 5357 evals/s, 347 msg/s, 15.4 leaves/msg, 28s)
2026-07-29 21:38:03   [GPU] 200,003 evals (1372 batches, avg 146/batch = 28% of 512, 5661 evals/s, 368 msg/s, 15.4 leaves/msg, 35s)
2026-07-29 21:38:10   [GPU] 250,064 evals (1710 batches, avg 146/batch = 29% of 512, 5850 evals/s, 380 msg/s, 15.4 leaves/msg, 43s)
2026-07-29 21:38:17   [GPU] 300,166 evals (2040 batches, avg 147/batch = 29% of 512, 5989 evals/s, 389 msg/s, 15.4 leaves/msg, 50s)
2026-07-29 21:38:25   [GPU] 350,047 evals (2365 batches, avg 148/batch = 29% of 512, 6096 evals/s, 396 msg/s, 15.4 leaves/msg, 57s)
2026-07-29 21:38:32   [GPU] 400,084 evals (2684 batches, avg 149/batch = 29% of 512, 6211 evals/s, 403 msg/s, 15.4 leaves/msg, 64s)
2026-07-29 21:38:38   [GPU] 450,107 evals (2999 batches, avg 150/batch = 29% of 512, 6326 evals/s, 411 msg/s, 15.4 leaves/msg, 71s)
2026-07-29 21:38:45   [GPU] 500,207 evals (3316 batches, avg 151/batch = 29% of 512, 6428 evals/s, 417 msg/s, 15.4 leaves/msg, 78s)
2026-07-29 21:38:51   [GPU] 550,140 evals (3625 batches, avg 152/batch = 30% of 512, 6540 evals/s, 425 msg/s, 15.4 leaves/msg, 84s)
2026-07-29 21:38:57   [GPU] 600,102 evals (3930 batches, avg 153/batch = 30% of 512, 6659 evals/s, 432 msg/s, 15.4 leaves/msg, 90s)
2026-07-29 21:39:03   [GPU] 650,232 evals (4242 batches, avg 153/batch = 30% of 512, 6783 evals/s, 440 msg/s, 15.4 leaves/msg, 96s)
2026-07-29 21:39:08   [GPU] 700,132 evals (4555 batches, avg 154/batch = 30% of 512, 6961 evals/s, 452 msg/s, 15.4 leaves/msg, 101s)
2026-07-29 21:39:13   [GPU] 750,175 evals (4878 batches, avg 154/batch = 30% of 512, 7109 evals/s, 462 msg/s, 15.4 leaves/msg, 106s)
2026-07-29 21:39:18   [GPU] 800,140 evals (5210 batches, avg 154/batch = 30% of 512, 7248 evals/s, 472 msg/s, 15.4 leaves/msg, 110s)
2026-07-29 21:39:23   [GPU] 850,072 evals (5541 batches, avg 153/batch = 30% of 512, 7373 evals/s, 481 msg/s, 15.3 leaves/msg, 115s)
2026-07-29 21:39:27   [GPU] 900,026 evals (5869 batches, avg 153/batch = 30% of 512, 7502 evals/s, 491 msg/s, 15.3 leaves/msg, 120s)
2026-07-29 21:39:32   [GPU] 950,075 evals (6198 batches, avg 153/batch = 30% of 512, 7614 evals/s, 499 msg/s, 15.3 leaves/msg, 125s)
2026-07-29 21:39:37   [GPU] 1,000,045 evals (6521 batches, avg 153/batch = 30% of 512, 7725 evals/s, 508 msg/s, 15.2 leaves/msg, 129s)
2026-07-29 21:39:41   [GPU] 1,050,108 evals (6851 batches, avg 153/batch = 30% of 512, 7828 evals/s, 515 msg/s, 15.2 leaves/msg, 134s)
2026-07-29 21:39:46   [GPU] 1,100,038 evals (7170 batches, avg 153/batch = 30% of 512, 7924 evals/s, 523 msg/s, 15.2 leaves/msg, 139s)
2026-07-29 21:39:51   [GPU] 1,150,046 evals (7500 batches, avg 153/batch = 30% of 512, 8014 evals/s, 530 msg/s, 15.1 leaves/msg, 144s)
2026-07-29 21:39:56   [GPU] 1,200,063 evals (7834 batches, avg 153/batch = 30% of 512, 8092 evals/s, 537 msg/s, 15.1 leaves/msg, 148s)
2026-07-29 21:40:00   [GPU] 1,250,081 evals (8179 batches, avg 153/batch = 30% of 512, 8166 evals/s, 543 msg/s, 15.0 leaves/msg, 153s)
2026-07-29 21:40:05   [GPU] 1,300,094 evals (8509 batches, avg 153/batch = 30% of 512, 8240 evals/s, 549 msg/s, 15.0 leaves/msg, 158s)
2026-07-29 21:40:10   [GPU] 1,350,035 evals (8851 batches, avg 153/batch = 30% of 512, 8298 evals/s, 554 msg/s, 15.0 leaves/msg, 163s)
2026-07-29 21:40:15   [GPU] 1,400,206 evals (9189 batches, avg 152/batch = 30% of 512, 8359 evals/s, 559 msg/s, 14.9 leaves/msg, 168s)
2026-07-29 21:40:20   [GPU] 1,450,057 evals (9531 batches, avg 152/batch = 30% of 512, 8411 evals/s, 564 msg/s, 14.9 leaves/msg, 172s)
2026-07-29 21:40:25   [GPU] 1,500,069 evals (9880 batches, avg 152/batch = 30% of 512, 8455 evals/s, 569 msg/s, 14.9 leaves/msg, 177s)
2026-07-29 21:40:30   [GPU] 1,550,131 evals (10225 batches, avg 152/batch = 30% of 512, 8503 evals/s, 574 msg/s, 14.8 leaves/msg, 182s)
2026-07-29 21:40:35   [GPU] 1,600,113 evals (10597 batches, avg 151/batch = 29% of 512, 8530 evals/s, 578 msg/s, 14.8 leaves/msg, 188s)
2026-07-29 21:40:40   [GPU] 1,650,027 evals (10962 batches, avg 151/batch = 29% of 512, 8569 evals/s, 583 msg/s, 14.7 leaves/msg, 193s)
2026-07-29 21:40:45   [GPU] 1,700,019 evals (11330 batches, avg 150/batch = 29% of 512, 8601 evals/s, 587 msg/s, 14.6 leaves/msg, 198s)
2026-07-29 21:40:50   [GPU] 1,750,022 evals (11683 batches, avg 150/batch = 29% of 512, 8641 evals/s, 592 msg/s, 14.6 leaves/msg, 203s)
2026-07-29 21:40:55   [GPU] 1,800,057 evals (12049 batches, avg 149/batch = 29% of 512, 8668 evals/s, 597 msg/s, 14.5 leaves/msg, 208s)
2026-07-29 21:41:00   [GPU] 1,850,146 evals (12429 batches, avg 149/batch = 29% of 512, 8690 evals/s, 603 msg/s, 14.4 leaves/msg, 213s)
2026-07-29 21:41:02 [iter 60/70] self-play: 5/70 games...
2026-07-29 21:41:06   [GPU] 1,900,014 evals (12807 batches, avg 148/batch = 29% of 512, 8704 evals/s, 609 msg/s, 14.3 leaves/msg, 218s)
2026-07-29 21:41:11   [GPU] 1,950,032 evals (13183 batches, avg 148/batch = 29% of 512, 8718 evals/s, 615 msg/s, 14.2 leaves/msg, 224s)
2026-07-29 21:41:11 [iter 60/70] self-play: 10/70 games...
2026-07-29 21:41:16 [iter 60/70] self-play: 15/70 games...
2026-07-29 21:41:17   [GPU] 2,000,144 evals (13584 batches, avg 147/batch = 29% of 512, 8720 evals/s, 622 msg/s, 14.0 leaves/msg, 229s)
2026-07-29 21:41:20 [iter 60/70] self-play: 20/70 games...
2026-07-29 21:41:22   [GPU] 2,050,088 evals (13985 batches, avg 147/batch = 29% of 512, 8721 evals/s, 629 msg/s, 13.9 leaves/msg, 235s)
2026-07-29 21:41:25 [iter 60/70] self-play: 25/70 games...
2026-07-29 21:41:28   [GPU] 2,100,070 evals (14401 batches, avg 146/batch = 28% of 512, 8717 evals/s, 636 msg/s, 13.7 leaves/msg, 241s)
2026-07-29 21:41:29 [iter 60/70] self-play: 30/70 games...
2026-07-29 21:41:30 [iter 60/70] self-play: 35/70 games...
2026-07-29 21:41:32 [iter 60/70] self-play: 40/70 games...
2026-07-29 21:41:34   [GPU] 2,150,022 evals (14830 batches, avg 145/batch = 28% of 512, 8708 evals/s, 644 msg/s, 13.5 leaves/msg, 247s)
2026-07-29 21:41:35 [iter 60/70] self-play: 45/70 games...
2026-07-29 21:41:39 [iter 60/70] self-play: 50/70 games...
2026-07-29 21:41:41 [iter 60/70] self-play: 55/70 games...
2026-07-29 21:41:41   [GPU] 2,200,023 evals (15384 batches, avg 143/batch = 28% of 512, 8655 evals/s, 648 msg/s, 13.4 leaves/msg, 254s)
2026-07-29 21:41:52 [iter 60/70] self-play: 60/70 games...
2026-07-29 21:41:52   [GPU] 2,250,023 evals (16281 batches, avg 138/batch = 27% of 512, 8507 evals/s, 639 msg/s, 13.3 leaves/msg, 264s)
2026-07-29 21:42:03   [GPU] 2,300,060 evals (17267 batches, avg 133/batch = 26% of 512, 8352 evals/s, 627 msg/s, 13.3 leaves/msg, 275s)
2026-07-29 21:42:11   [GPU] 2,350,012 evals (18049 batches, avg 130/batch = 25% of 512, 8272 evals/s, 620 msg/s, 13.3 leaves/msg, 284s)
2026-07-29 21:42:21   [GPU] 2,400,024 evals (18882 batches, avg 127/batch = 25% of 512, 8184 evals/s, 614 msg/s, 13.3 leaves/msg, 293s)
2026-07-29 21:42:32   [GPU] 2,450,022 evals (19935 batches, avg 123/batch = 24% of 512, 8047 evals/s, 605 msg/s, 13.3 leaves/msg, 304s)
2026-07-29 21:42:33 [iter 60/70] self-play: 65/70 games...
2026-07-29 21:42:47   [GPU] 2,500,012 evals (21416 batches, avg 117/batch = 23% of 512, 7818 evals/s, 589 msg/s, 13.3 leaves/msg, 320s)
2026-07-29 21:43:08   [GPU] 2,550,020 evals (23279 batches, avg 110/batch = 21% of 512, 7474 evals/s, 562 msg/s, 13.3 leaves/msg, 341s)
2026-07-29 21:43:29 [iter 60/70] self-play: 70/70 games...
2026-07-29 21:43:30 [iter 60/70] self-play done: 70 games (365s) | wins: P0=33, P1=2, P2=15, P3=18, draw=2 | draw_rate=3% avg_len~64
2026-07-29 21:43:30 [iter 60/70] training (600 steps, lr=1.54e-04)...
2026-07-29 21:43:44 [iter 60/70] training done: loss_p=1.677 loss_v=0.044 (15s)
2026-07-29 21:43:44 [iter 60/70] eval vs best (80 games, 200 sims)...
2026-07-29 21:43:46 [EVAL-MP] 64 workers spawned (80 vs_best games, sims=200), GPU batcher starting...
2026-07-29 21:43:59   [GPU] 50,059 evals (348 batches, avg 144/batch = 28% of 512, 4000 evals/s, 278 msg/s, 14.4 leaves/msg, 13s)
2026-07-29 21:44:06   [GPU] 100,011 evals (678 batches, avg 148/batch = 29% of 512, 5166 evals/s, 360 msg/s, 14.3 leaves/msg, 19s)
2026-07-29 21:44:13   [GPU] 150,041 evals (1018 batches, avg 147/batch = 29% of 512, 5763 evals/s, 402 msg/s, 14.3 leaves/msg, 26s)
2026-07-29 21:44:19   [GPU] 200,162 evals (1350 batches, avg 148/batch = 29% of 512, 6216 evals/s, 433 msg/s, 14.3 leaves/msg, 32s)
2026-07-29 21:44:25   [GPU] 250,063 evals (1681 batches, avg 149/batch = 29% of 512, 6566 evals/s, 458 msg/s, 14.3 leaves/msg, 38s)
2026-07-29 21:44:30   [GPU] 300,093 evals (2004 batches, avg 150/batch = 29% of 512, 6871 evals/s, 479 msg/s, 14.3 leaves/msg, 44s)
2026-07-29 21:44:36   [GPU] 350,072 evals (2327 batches, avg 150/batch = 29% of 512, 7097 evals/s, 495 msg/s, 14.3 leaves/msg, 49s)
2026-07-29 21:44:42   [GPU] 400,012 evals (2658 batches, avg 150/batch = 29% of 512, 7261 evals/s, 507 msg/s, 14.3 leaves/msg, 55s)
2026-07-29 21:44:43 [iter 60/70] eval vs best: 5/80 games (58s, cand 0%)
2026-07-29 21:44:43 [iter 60/70] eval vs best: 10/80 games (59s, cand 0%)
2026-07-29 21:44:44 [iter 60/70] eval vs best: 15/80 games (60s, cand 0%)
2026-07-29 21:44:47   [GPU] 450,064 evals (2975 batches, avg 151/batch = 30% of 512, 7408 evals/s, 518 msg/s, 14.3 leaves/msg, 61s)
2026-07-29 21:44:53 [iter 60/70] eval vs best: 20/80 games (68s, cand 0%)
2026-07-29 21:44:53   [GPU] 500,024 evals (3303 batches, avg 151/batch = 30% of 512, 7540 evals/s, 528 msg/s, 14.3 leaves/msg, 66s)
2026-07-29 21:44:55 [iter 60/70] eval vs best: 25/80 games (71s, cand 4%)
2026-07-29 21:44:59   [GPU] 550,149 evals (3648 batches, avg 151/batch = 29% of 512, 7613 evals/s, 535 msg/s, 14.2 leaves/msg, 72s)
2026-07-29 21:44:59 [iter 60/70] eval vs best: 30/80 games (75s, cand 7%)
2026-07-29 21:45:03 [iter 60/70] eval vs best: 35/80 games (79s, cand 9%)
2026-07-29 21:45:05   [GPU] 600,023 evals (3990 batches, avg 150/batch = 29% of 512, 7670 evals/s, 541 msg/s, 14.2 leaves/msg, 78s)
2026-07-29 21:45:11   [GPU] 650,010 evals (4336 batches, avg 150/batch = 29% of 512, 7722 evals/s, 546 msg/s, 14.2 leaves/msg, 84s)
2026-07-29 21:45:17   [GPU] 700,066 evals (4672 batches, avg 150/batch = 29% of 512, 7770 evals/s, 550 msg/s, 14.1 leaves/msg, 90s)
2026-07-29 21:45:22 [iter 60/70] eval vs best: 40/80 games (98s, cand 15%)
2026-07-29 21:45:23   [GPU] 750,064 evals (5022 batches, avg 149/batch = 29% of 512, 7793 evals/s, 554 msg/s, 14.1 leaves/msg, 96s)
2026-07-29 21:45:29   [GPU] 800,038 evals (5373 batches, avg 149/batch = 29% of 512, 7831 evals/s, 559 msg/s, 14.0 leaves/msg, 102s)
2026-07-29 21:45:35   [GPU] 850,162 evals (5734 batches, avg 148/batch = 29% of 512, 7860 evals/s, 561 msg/s, 14.0 leaves/msg, 108s)
2026-07-29 21:45:41 [iter 60/70] eval vs best: 45/80 games (116s, cand 16%)
2026-07-29 21:45:41   [GPU] 900,039 evals (6101 batches, avg 148/batch = 29% of 512, 7877 evals/s, 563 msg/s, 14.0 leaves/msg, 114s)
2026-07-29 21:45:47   [GPU] 950,054 evals (6489 batches, avg 146/batch = 29% of 512, 7890 evals/s, 565 msg/s, 14.0 leaves/msg, 120s)
2026-07-29 21:45:53   [GPU] 1,000,074 evals (6893 batches, avg 145/batch = 28% of 512, 7888 evals/s, 566 msg/s, 13.9 leaves/msg, 127s)
2026-07-29 21:45:58 [iter 60/70] eval vs best: 50/80 games (134s, cand 18%)
2026-07-29 21:46:00   [GPU] 1,050,060 evals (7312 batches, avg 144/batch = 28% of 512, 7874 evals/s, 565 msg/s, 13.9 leaves/msg, 133s)
2026-07-29 21:46:07   [GPU] 1,100,077 evals (7760 batches, avg 142/batch = 28% of 512, 7843 evals/s, 564 msg/s, 13.9 leaves/msg, 140s)
2026-07-29 21:46:14   [GPU] 1,150,083 evals (8219 batches, avg 140/batch = 27% of 512, 7806 evals/s, 562 msg/s, 13.9 leaves/msg, 147s)
2026-07-29 21:46:21   [GPU] 1,200,059 evals (8730 batches, avg 137/batch = 27% of 512, 7744 evals/s, 557 msg/s, 13.9 leaves/msg, 155s)
2026-07-29 21:46:29   [GPU] 1,250,112 evals (9254 batches, avg 135/batch = 26% of 512, 7679 evals/s, 552 msg/s, 13.9 leaves/msg, 163s)
2026-07-29 21:46:34 [iter 60/70] eval vs best: 55/80 games (170s, cand 18%)
2026-07-29 21:46:37   [GPU] 1,300,000 evals (9792 batches, avg 133/batch = 26% of 512, 7618 evals/s, 548 msg/s, 13.9 leaves/msg, 171s)
2026-07-29 21:46:40 [iter 60/70] eval vs best: 60/80 games (175s, cand 18%)
2026-07-29 21:46:45 [iter 60/70] eval vs best: 65/80 games (181s, cand 18%)
2026-07-29 21:46:48   [GPU] 1,350,012 evals (10642 batches, avg 127/batch = 25% of 512, 7430 evals/s, 534 msg/s, 13.9 leaves/msg, 182s)
2026-07-29 21:47:04   [GPU] 1,400,025 evals (11889 batches, avg 118/batch = 23% of 512, 7089 evals/s, 510 msg/s, 13.9 leaves/msg, 198s)
2026-07-29 21:47:06 [iter 60/70] eval vs best: 70/80 games (202s, cand 19%)
2026-07-29 21:47:18 [iter 60/70] eval vs best: 75/80 games (214s, cand 22%)
2026-07-29 21:47:31   [GPU] 1,450,030 evals (13752 batches, avg 105/batch = 21% of 512, 6459 evals/s, 464 msg/s, 13.9 leaves/msg, 224s)
2026-07-29 21:48:41   [GPU] 1,500,007 evals (16670 batches, avg 90/batch = 18% of 512, 5101 evals/s, 367 msg/s, 13.9 leaves/msg, 294s)
2026-07-29 21:48:55 [iter 60/70] eval vs best: 80/80 games (311s, cand 23%)
2026-07-29 21:48:56 [iter 60/70] eval vs best done: 22.8% of 57 decided reject (312s)
2026-07-29 21:48:56 [iter 60/70] eval vs random (40 games, 200 sims)...
2026-07-29 21:48:57 [EVAL-MP] 40 workers spawned (40 vs_random games, sims=200), GPU batcher starting...
2026-07-29 21:49:06   [GPU] 50,025 evals (443 batches, avg 113/batch = 22% of 512, 5484 evals/s, 393 msg/s, 13.9 leaves/msg, 9s)
2026-07-29 21:49:11   [GPU] 100,050 evals (779 batches, avg 128/batch = 25% of 512, 6973 evals/s, 546 msg/s, 12.8 leaves/msg, 14s)
2026-07-29 21:49:12 [iter 60/70] eval vs random: 5/40 games (16s, cand 100%)
2026-07-29 21:49:13 [iter 60/70] eval vs random: 10/40 games (17s, cand 100%)
2026-07-29 21:49:14 [iter 60/70] eval vs random: 15/40 games (18s, cand 100%)
2026-07-29 21:49:14 [iter 60/70] eval vs random: 20/40 games (18s, cand 100%)
2026-07-29 21:49:17   [GPU] 150,064 evals (1164 batches, avg 129/batch = 25% of 512, 7593 evals/s, 631 msg/s, 12.0 leaves/msg, 20s)
2026-07-29 21:49:23   [GPU] 200,136 evals (1635 batches, avg 122/batch = 24% of 512, 7767 evals/s, 660 msg/s, 11.8 leaves/msg, 26s)
2026-07-29 21:49:23 [iter 60/70] eval vs random: 25/40 games (27s, cand 100%)
2026-07-29 21:49:26 [iter 60/70] eval vs random: 30/40 games (30s, cand 96%)
2026-07-29 21:49:26 [iter 60/70] eval vs random: 35/40 games (30s, cand 96%)
2026-07-29 21:49:27 [iter 60/70] eval vs random: 40/40 games (31s, cand 96%)
2026-07-29 21:49:28 [iter 60/70] eval vs random done: 96.2% (32s)
2026-07-29 21:49:28 >>> iter 60 | loss_p=1.677 loss_v=0.044 | vs_best=22.8% reject | vs_rand=96.2% | draw=3% | buf=500000 | sp=365s train=15s eval_best=312s eval_rand=32s | total=723s
2026-07-29 21:49:28 [iter 61/70] self-play starting (70 games, 600 sims)...
2026-07-29 21:49:30 [PARALLEL-MP] 64 workers spawned (70 games, sims=600), GPU batcher starting...
2026-07-29 21:49:43   [GPU] 50,000 evals (387 batches, avg 129/batch = 25% of 512, 3900 evals/s, 256 msg/s, 15.3 leaves/msg, 13s)
2026-07-29 21:49:50   [GPU] 100,032 evals (715 batches, avg 140/batch = 27% of 512, 4897 evals/s, 318 msg/s, 15.4 leaves/msg, 20s)
2026-07-29 21:49:58   [GPU] 150,012 evals (1061 batches, avg 141/batch = 28% of 512, 5312 evals/s, 345 msg/s, 15.4 leaves/msg, 28s)
2026-07-29 21:50:06   [GPU] 200,066 evals (1395 batches, avg 143/batch = 28% of 512, 5588 evals/s, 364 msg/s, 15.4 leaves/msg, 36s)
2026-07-29 21:50:13   [GPU] 250,025 evals (1735 batches, avg 144/batch = 28% of 512, 5758 evals/s, 374 msg/s, 15.4 leaves/msg, 43s)
2026-07-29 21:50:21   [GPU] 300,032 evals (2068 batches, avg 145/batch = 28% of 512, 5906 evals/s, 383 msg/s, 15.4 leaves/msg, 51s)
2026-07-29 21:50:28   [GPU] 350,067 evals (2402 batches, avg 146/batch = 28% of 512, 6012 evals/s, 390 msg/s, 15.4 leaves/msg, 58s)
2026-07-29 21:50:35   [GPU] 400,005 evals (2722 batches, avg 147/batch = 29% of 512, 6125 evals/s, 398 msg/s, 15.4 leaves/msg, 65s)
2026-07-29 21:50:42   [GPU] 450,074 evals (3049 batches, avg 148/batch = 29% of 512, 6237 evals/s, 405 msg/s, 15.4 leaves/msg, 72s)
2026-07-29 21:50:49   [GPU] 500,020 evals (3362 batches, avg 149/batch = 29% of 512, 6348 evals/s, 412 msg/s, 15.4 leaves/msg, 79s)
2026-07-29 21:50:55   [GPU] 550,014 evals (3679 batches, avg 150/batch = 29% of 512, 6460 evals/s, 419 msg/s, 15.4 leaves/msg, 85s)
2026-07-29 21:51:01   [GPU] 600,024 evals (3991 batches, avg 150/batch = 29% of 512, 6585 evals/s, 428 msg/s, 15.4 leaves/msg, 91s)
2026-07-29 21:51:07   [GPU] 650,153 evals (4296 batches, avg 151/batch = 30% of 512, 6729 evals/s, 437 msg/s, 15.4 leaves/msg, 97s)
2026-07-29 21:51:11   [GPU] 700,118 evals (4598 batches, avg 152/batch = 30% of 512, 6914 evals/s, 449 msg/s, 15.4 leaves/msg, 101s)
2026-07-29 21:51:16   [GPU] 750,000 evals (4919 batches, avg 152/batch = 30% of 512, 7072 evals/s, 459 msg/s, 15.4 leaves/msg, 106s)
2026-07-29 21:51:21   [GPU] 800,132 evals (5245 batches, avg 153/batch = 30% of 512, 7214 evals/s, 470 msg/s, 15.4 leaves/msg, 111s)
2026-07-29 21:51:26   [GPU] 850,045 evals (5573 batches, avg 153/batch = 30% of 512, 7350 evals/s, 480 msg/s, 15.3 leaves/msg, 116s)
2026-07-29 21:51:31   [GPU] 900,023 evals (5902 batches, avg 152/batch = 30% of 512, 7473 evals/s, 489 msg/s, 15.3 leaves/msg, 120s)
2026-07-29 21:51:35   [GPU] 950,084 evals (6224 batches, avg 153/batch = 30% of 512, 7586 evals/s, 497 msg/s, 15.3 leaves/msg, 125s)
2026-07-29 21:51:40   [GPU] 1,000,206 evals (6551 batches, avg 153/batch = 30% of 512, 7697 evals/s, 506 msg/s, 15.2 leaves/msg, 130s)
2026-07-29 21:51:45   [GPU] 1,050,144 evals (6892 batches, avg 152/batch = 30% of 512, 7792 evals/s, 513 msg/s, 15.2 leaves/msg, 135s)
2026-07-29 21:51:50   [GPU] 1,100,072 evals (7232 batches, avg 152/batch = 30% of 512, 7882 evals/s, 520 msg/s, 15.2 leaves/msg, 140s)
2026-07-29 21:51:54   [GPU] 1,150,003 evals (7561 batches, avg 152/batch = 30% of 512, 7968 evals/s, 527 msg/s, 15.1 leaves/msg, 144s)
2026-07-29 21:51:59   [GPU] 1,200,000 evals (7889 batches, avg 152/batch = 30% of 512, 8050 evals/s, 533 msg/s, 15.1 leaves/msg, 149s)
2026-07-29 21:52:04   [GPU] 1,250,070 evals (8226 batches, avg 152/batch = 30% of 512, 8122 evals/s, 539 msg/s, 15.1 leaves/msg, 154s)
2026-07-29 21:52:09   [GPU] 1,300,145 evals (8566 batches, avg 152/batch = 30% of 512, 8189 evals/s, 545 msg/s, 15.0 leaves/msg, 159s)
2026-07-29 21:52:14   [GPU] 1,350,023 evals (8901 batches, avg 152/batch = 30% of 512, 8252 evals/s, 551 msg/s, 15.0 leaves/msg, 164s)
2026-07-29 21:52:18   [GPU] 1,400,034 evals (9232 batches, avg 152/batch = 30% of 512, 8316 evals/s, 556 msg/s, 15.0 leaves/msg, 168s)
2026-07-29 21:52:23   [GPU] 1,450,143 evals (9569 batches, avg 152/batch = 30% of 512, 8370 evals/s, 561 msg/s, 14.9 leaves/msg, 173s)
2026-07-29 21:52:28   [GPU] 1,500,057 evals (9917 batches, avg 151/batch = 30% of 512, 8417 evals/s, 566 msg/s, 14.9 leaves/msg, 178s)
2026-07-29 21:52:33   [GPU] 1,550,113 evals (10270 batches, avg 151/batch = 29% of 512, 8460 evals/s, 570 msg/s, 14.8 leaves/msg, 183s)
2026-07-29 21:52:38   [GPU] 1,600,045 evals (10625 batches, avg 151/batch = 29% of 512, 8504 evals/s, 575 msg/s, 14.8 leaves/msg, 188s)
2026-07-29 21:52:43   [GPU] 1,650,014 evals (10969 batches, avg 150/batch = 29% of 512, 8546 evals/s, 580 msg/s, 14.7 leaves/msg, 193s)
2026-07-29 21:52:48   [GPU] 1,700,024 evals (11309 batches, avg 150/batch = 29% of 512, 8588 evals/s, 584 msg/s, 14.7 leaves/msg, 198s)
2026-07-29 21:52:53   [GPU] 1,750,001 evals (11647 batches, avg 150/batch = 29% of 512, 8626 evals/s, 589 msg/s, 14.7 leaves/msg, 203s)
2026-07-29 21:52:58   [GPU] 1,800,040 evals (12000 batches, avg 150/batch = 29% of 512, 8659 evals/s, 593 msg/s, 14.6 leaves/msg, 208s)
2026-07-29 21:53:03   [GPU] 1,850,070 evals (12366 batches, avg 150/batch = 29% of 512, 8687 evals/s, 597 msg/s, 14.5 leaves/msg, 213s)
2026-07-29 21:53:08   [GPU] 1,900,078 evals (12741 batches, avg 149/batch = 29% of 512, 8711 evals/s, 602 msg/s, 14.5 leaves/msg, 218s)
2026-07-29 21:53:14   [GPU] 1,950,121 evals (13111 batches, avg 149/batch = 29% of 512, 8728 evals/s, 607 msg/s, 14.4 leaves/msg, 223s)
2026-07-29 21:53:19   [GPU] 2,000,085 evals (13510 batches, avg 148/batch = 29% of 512, 8740 evals/s, 612 msg/s, 14.3 leaves/msg, 229s)
2026-07-29 21:53:20 [iter 61/70] self-play: 5/70 games...
2026-07-29 21:53:24   [GPU] 2,050,168 evals (13906 batches, avg 147/batch = 29% of 512, 8749 evals/s, 617 msg/s, 14.2 leaves/msg, 234s)
2026-07-29 21:53:28 [iter 61/70] self-play: 10/70 games...
2026-07-29 21:53:30   [GPU] 2,100,119 evals (14310 batches, avg 147/batch = 29% of 512, 8750 evals/s, 623 msg/s, 14.0 leaves/msg, 240s)
2026-07-29 21:53:34 [iter 61/70] self-play: 15/70 games...
2026-07-29 21:53:36   [GPU] 2,150,041 evals (14726 batches, avg 146/batch = 29% of 512, 8747 evals/s, 629 msg/s, 13.9 leaves/msg, 246s)
2026-07-29 21:53:38 [iter 61/70] self-play: 20/70 games...
2026-07-29 21:53:42   [GPU] 2,200,003 evals (15150 batches, avg 145/batch = 28% of 512, 8743 evals/s, 636 msg/s, 13.7 leaves/msg, 252s)
2026-07-29 21:53:44 [iter 61/70] self-play: 25/70 games...
2026-07-29 21:53:48 [iter 61/70] self-play: 30/70 games...
2026-07-29 21:53:48   [GPU] 2,250,017 evals (15600 batches, avg 144/batch = 28% of 512, 8723 evals/s, 644 msg/s, 13.6 leaves/msg, 258s)
2026-07-29 21:53:50 [iter 61/70] self-play: 35/70 games...
2026-07-29 21:53:51 [iter 61/70] self-play: 40/70 games...
2026-07-29 21:53:53 [iter 61/70] self-play: 45/70 games...
2026-07-29 21:53:54 [iter 61/70] self-play: 50/70 games...
2026-07-29 21:53:55   [GPU] 2,300,015 evals (16087 batches, avg 143/batch = 28% of 512, 8696 evals/s, 651 msg/s, 13.4 leaves/msg, 264s)
2026-07-29 21:54:02 [iter 61/70] self-play: 55/70 games...
2026-07-29 21:54:02   [GPU] 2,350,046 evals (16660 batches, avg 141/batch = 28% of 512, 8653 evals/s, 650 msg/s, 13.3 leaves/msg, 272s)
2026-07-29 21:54:10   [GPU] 2,400,002 evals (17371 batches, avg 138/batch = 27% of 512, 8587 evals/s, 646 msg/s, 13.3 leaves/msg, 279s)
2026-07-29 21:54:18   [GPU] 2,450,032 evals (18157 batches, avg 135/batch = 26% of 512, 8505 evals/s, 641 msg/s, 13.3 leaves/msg, 288s)
2026-07-29 21:54:25 [iter 61/70] self-play: 60/70 games...
2026-07-29 21:54:27   [GPU] 2,500,037 evals (18929 batches, avg 132/batch = 26% of 512, 8432 evals/s, 636 msg/s, 13.3 leaves/msg, 297s)
2026-07-29 21:54:34   [GPU] 2,550,021 evals (19623 batches, avg 130/batch = 25% of 512, 8380 evals/s, 632 msg/s, 13.3 leaves/msg, 304s)
2026-07-29 21:54:42   [GPU] 2,600,040 evals (20324 batches, avg 128/batch = 25% of 512, 8330 evals/s, 628 msg/s, 13.3 leaves/msg, 312s)
2026-07-29 21:54:50   [GPU] 2,650,033 evals (21050 batches, avg 126/batch = 25% of 512, 8279 evals/s, 625 msg/s, 13.3 leaves/msg, 320s)
2026-07-29 21:54:59   [GPU] 2,700,042 evals (21920 batches, avg 123/batch = 24% of 512, 8204 evals/s, 620 msg/s, 13.2 leaves/msg, 329s)
2026-07-29 21:55:09   [GPU] 2,750,021 evals (22883 batches, avg 120/batch = 23% of 512, 8106 evals/s, 614 msg/s, 13.2 leaves/msg, 339s)
2026-07-29 21:55:20   [GPU] 2,800,044 evals (23914 batches, avg 117/batch = 23% of 512, 7998 evals/s, 606 msg/s, 13.2 leaves/msg, 350s)
2026-07-29 21:55:31   [GPU] 2,850,020 evals (24942 batches, avg 114/batch = 22% of 512, 7898 evals/s, 599 msg/s, 13.2 leaves/msg, 361s)
2026-07-29 21:55:42   [GPU] 2,900,031 evals (26016 batches, avg 111/batch = 22% of 512, 7797 evals/s, 592 msg/s, 13.2 leaves/msg, 372s)
2026-07-29 21:55:44 [iter 61/70] self-play: 65/70 games...
2026-07-29 21:56:09 [iter 61/70] self-play: 70/70 games...
2026-07-29 21:56:10 [iter 61/70] self-play done: 70 games (402s) | wins: P0=29, P2=17, P3=19, draw=5 | draw_rate=7% avg_len~65
2026-07-29 21:56:10 [iter 61/70] training (600 steps, lr=1.45e-04)...
2026-07-29 21:56:23 [iter 61/70] training done: loss_p=1.665 loss_v=0.045 (13s)
2026-07-29 21:56:23 [iter 61/70] eval skipped (eval_every=5)
2026-07-29 21:56:23 >>> iter 61 | loss_p=1.665 loss_v=0.045 | vs_best=n/a (not evaluated) | vs_rand=n/a | draw=7% | buf=500000 | sp=402s train=13s eval_best=0s eval_rand=0s | total=415s
2026-07-29 21:56:23 [iter 62/70] self-play starting (70 games, 600 sims)...
2026-07-29 21:56:25 [PARALLEL-MP] 64 workers spawned (70 games, sims=600), GPU batcher starting...
2026-07-29 21:56:38   [GPU] 50,016 evals (367 batches, avg 136/batch = 27% of 512, 4056 evals/s, 266 msg/s, 15.3 leaves/msg, 12s)
2026-07-29 21:56:45   [GPU] 100,000 evals (699 batches, avg 143/batch = 28% of 512, 5092 evals/s, 331 msg/s, 15.4 leaves/msg, 20s)
2026-07-29 21:56:52   [GPU] 150,163 evals (1039 batches, avg 145/batch = 28% of 512, 5559 evals/s, 361 msg/s, 15.4 leaves/msg, 27s)
2026-07-29 21:57:00   [GPU] 200,131 evals (1369 batches, avg 146/batch = 29% of 512, 5879 evals/s, 382 msg/s, 15.4 leaves/msg, 34s)
2026-07-29 21:57:07   [GPU] 250,240 evals (1707 batches, avg 147/batch = 29% of 512, 6084 evals/s, 395 msg/s, 15.4 leaves/msg, 41s)
2026-07-29 21:57:14   [GPU] 300,140 evals (2037 batches, avg 147/batch = 29% of 512, 6245 evals/s, 405 msg/s, 15.4 leaves/msg, 48s)
2026-07-29 21:57:20   [GPU] 350,031 evals (2360 batches, avg 148/batch = 29% of 512, 6364 evals/s, 413 msg/s, 15.4 leaves/msg, 55s)
2026-07-29 21:57:27   [GPU] 400,130 evals (2686 batches, avg 149/batch = 29% of 512, 6506 evals/s, 422 msg/s, 15.4 leaves/msg, 62s)
2026-07-29 21:57:33   [GPU] 450,037 evals (3008 batches, avg 150/batch = 29% of 512, 6626 evals/s, 430 msg/s, 15.4 leaves/msg, 68s)
2026-07-29 21:57:40   [GPU] 500,024 evals (3317 batches, avg 151/batch = 29% of 512, 6751 evals/s, 438 msg/s, 15.4 leaves/msg, 74s)
2026-07-29 21:57:46   [GPU] 550,038 evals (3639 batches, avg 151/batch = 30% of 512, 6854 evals/s, 445 msg/s, 15.4 leaves/msg, 80s)
2026-07-29 21:57:51   [GPU] 600,126 evals (3965 batches, avg 151/batch = 30% of 512, 6984 evals/s, 453 msg/s, 15.4 leaves/msg, 86s)
2026-07-29 21:57:57   [GPU] 650,165 evals (4288 batches, avg 152/batch = 30% of 512, 7131 evals/s, 463 msg/s, 15.4 leaves/msg, 91s)
2026-07-29 21:58:01   [GPU] 700,021 evals (4602 batches, avg 152/batch = 30% of 512, 7305 evals/s, 474 msg/s, 15.4 leaves/msg, 96s)
2026-07-29 21:58:06   [GPU] 750,191 evals (4932 batches, avg 152/batch = 30% of 512, 7453 evals/s, 484 msg/s, 15.4 leaves/msg, 101s)
2026-07-29 21:58:11   [GPU] 800,049 evals (5263 batches, avg 152/batch = 30% of 512, 7577 evals/s, 493 msg/s, 15.4 leaves/msg, 106s)
2026-07-29 21:58:16   [GPU] 850,011 evals (5606 batches, avg 152/batch = 30% of 512, 7692 evals/s, 502 msg/s, 15.3 leaves/msg, 111s)
2026-07-29 21:58:21   [GPU] 900,202 evals (5935 batches, avg 152/batch = 30% of 512, 7817 evals/s, 511 msg/s, 15.3 leaves/msg, 115s)
2026-07-29 21:58:25   [GPU] 950,032 evals (6267 batches, avg 152/batch = 30% of 512, 7929 evals/s, 519 msg/s, 15.3 leaves/msg, 120s)
2026-07-29 21:58:30   [GPU] 1,000,097 evals (6599 batches, avg 152/batch = 30% of 512, 8037 evals/s, 528 msg/s, 15.2 leaves/msg, 124s)
2026-07-29 21:58:35   [GPU] 1,050,110 evals (6930 batches, avg 152/batch = 30% of 512, 8128 evals/s, 535 msg/s, 15.2 leaves/msg, 129s)
2026-07-29 21:58:39   [GPU] 1,100,117 evals (7256 batches, avg 152/batch = 30% of 512, 8218 evals/s, 542 msg/s, 15.2 leaves/msg, 134s)
2026-07-29 21:58:44   [GPU] 1,150,067 evals (7597 batches, avg 151/batch = 30% of 512, 8296 evals/s, 548 msg/s, 15.1 leaves/msg, 139s)
2026-07-29 21:58:49   [GPU] 1,200,158 evals (7949 batches, avg 151/batch = 29% of 512, 8370 evals/s, 554 msg/s, 15.1 leaves/msg, 143s)
2026-07-29 21:58:54   [GPU] 1,250,037 evals (8288 batches, avg 151/batch = 29% of 512, 8439 evals/s, 560 msg/s, 15.1 leaves/msg, 148s)
2026-07-29 21:58:58   [GPU] 1,300,049 evals (8631 batches, avg 151/batch = 29% of 512, 8504 evals/s, 566 msg/s, 15.0 leaves/msg, 153s)
2026-07-29 21:59:03   [GPU] 1,350,083 evals (8972 batches, avg 150/batch = 29% of 512, 8570 evals/s, 571 msg/s, 15.0 leaves/msg, 158s)
2026-07-29 21:59:08   [GPU] 1,400,064 evals (9316 batches, avg 150/batch = 29% of 512, 8635 evals/s, 577 msg/s, 15.0 leaves/msg, 162s)
2026-07-29 21:59:12   [GPU] 1,450,091 evals (9646 batches, avg 150/batch = 29% of 512, 8693 evals/s, 583 msg/s, 14.9 leaves/msg, 167s)
2026-07-29 21:59:17   [GPU] 1,500,015 evals (9981 batches, avg 150/batch = 29% of 512, 8747 evals/s, 588 msg/s, 14.9 leaves/msg, 171s)
2026-07-29 21:59:22   [GPU] 1,550,066 evals (10327 batches, avg 150/batch = 29% of 512, 8791 evals/s, 592 msg/s, 14.8 leaves/msg, 176s)
2026-07-29 21:59:27   [GPU] 1,600,055 evals (10679 batches, avg 150/batch = 29% of 512, 8834 evals/s, 597 msg/s, 14.8 leaves/msg, 181s)
2026-07-29 21:59:32   [GPU] 1,650,184 evals (11040 batches, avg 149/batch = 29% of 512, 8867 evals/s, 601 msg/s, 14.8 leaves/msg, 186s)
2026-07-29 21:59:37   [GPU] 1,700,039 evals (11395 batches, avg 149/batch = 29% of 512, 8899 evals/s, 606 msg/s, 14.7 leaves/msg, 191s)
2026-07-29 21:59:42   [GPU] 1,750,106 evals (11766 batches, avg 149/batch = 29% of 512, 8925 evals/s, 611 msg/s, 14.6 leaves/msg, 196s)
2026-07-29 21:59:47   [GPU] 1,800,113 evals (12141 batches, avg 148/batch = 29% of 512, 8948 evals/s, 616 msg/s, 14.5 leaves/msg, 201s)
2026-07-29 21:59:52   [GPU] 1,850,020 evals (12505 batches, avg 148/batch = 29% of 512, 8967 evals/s, 622 msg/s, 14.4 leaves/msg, 206s)
2026-07-29 21:59:53 [iter 62/70] self-play: 5/70 games...
2026-07-29 21:59:57   [GPU] 1,900,022 evals (12883 batches, avg 147/batch = 29% of 512, 8981 evals/s, 627 msg/s, 14.3 leaves/msg, 212s)
2026-07-29 22:00:02   [GPU] 1,950,074 evals (13256 batches, avg 147/batch = 29% of 512, 8996 evals/s, 632 msg/s, 14.2 leaves/msg, 217s)
2026-07-29 22:00:06 [iter 62/70] self-play: 10/70 games...
2026-07-29 22:00:08   [GPU] 2,000,067 evals (13652 batches, avg 147/batch = 29% of 512, 9001 evals/s, 637 msg/s, 14.1 leaves/msg, 222s)
2026-07-29 22:00:12 [iter 62/70] self-play: 15/70 games...
2026-07-29 22:00:13   [GPU] 2,050,100 evals (14049 batches, avg 146/batch = 29% of 512, 9006 evals/s, 643 msg/s, 14.0 leaves/msg, 228s)
2026-07-29 22:00:18 [iter 62/70] self-play: 20/70 games...
2026-07-29 22:00:19   [GPU] 2,100,053 evals (14452 batches, avg 145/batch = 28% of 512, 9006 evals/s, 650 msg/s, 13.9 leaves/msg, 233s)
2026-07-29 22:00:23 [iter 62/70] self-play: 25/70 games...
2026-07-29 22:00:24   [GPU] 2,150,177 evals (14876 batches, avg 145/batch = 28% of 512, 9003 evals/s, 657 msg/s, 13.7 leaves/msg, 239s)
2026-07-29 22:00:25 [iter 62/70] self-play: 30/70 games...
2026-07-29 22:00:28 [iter 62/70] self-play: 35/70 games...
2026-07-29 22:00:30   [GPU] 2,200,003 evals (15268 batches, avg 144/batch = 28% of 512, 9009 evals/s, 662 msg/s, 13.6 leaves/msg, 244s)
2026-07-29 22:00:34 [iter 62/70] self-play: 40/70 games...
2026-07-29 22:00:35   [GPU] 2,250,063 evals (15677 batches, avg 144/batch = 28% of 512, 9008 evals/s, 668 msg/s, 13.5 leaves/msg, 250s)
2026-07-29 22:00:36 [iter 62/70] self-play: 45/70 games...
2026-07-29 22:00:38 [iter 62/70] self-play: 50/70 games...
2026-07-29 22:00:41   [GPU] 2,300,043 evals (16153 batches, avg 142/batch = 28% of 512, 8987 evals/s, 670 msg/s, 13.4 leaves/msg, 256s)
2026-07-29 22:00:48   [GPU] 2,350,005 evals (16707 batches, avg 141/batch = 27% of 512, 8960 evals/s, 669 msg/s, 13.4 leaves/msg, 262s)
2026-07-29 22:00:54   [GPU] 2,400,048 evals (17260 batches, avg 139/batch = 27% of 512, 8930 evals/s, 667 msg/s, 13.4 leaves/msg, 269s)
2026-07-29 22:00:56 [iter 62/70] self-play: 55/70 games...
2026-07-29 22:01:00   [GPU] 2,450,150 evals (17772 batches, avg 138/batch = 27% of 512, 8910 evals/s, 665 msg/s, 13.4 leaves/msg, 275s)
2026-07-29 22:01:06   [GPU] 2,500,075 evals (18242 batches, avg 137/batch = 27% of 512, 8897 evals/s, 665 msg/s, 13.4 leaves/msg, 281s)
2026-07-29 22:01:13   [GPU] 2,550,009 evals (18761 batches, avg 136/batch = 27% of 512, 8876 evals/s, 663 msg/s, 13.4 leaves/msg, 287s)
2026-07-29 22:01:19   [GPU] 2,600,076 evals (19321 batches, avg 135/batch = 26% of 512, 8852 evals/s, 662 msg/s, 13.4 leaves/msg, 294s)
2026-07-29 22:01:27   [GPU] 2,650,060 evals (19963 batches, avg 133/batch = 26% of 512, 8803 evals/s, 660 msg/s, 13.3 leaves/msg, 301s)
2026-07-29 22:01:28 [iter 62/70] self-play: 60/70 games...
2026-07-29 22:01:35   [GPU] 2,700,016 evals (20766 batches, avg 130/batch = 25% of 512, 8715 evals/s, 655 msg/s, 13.3 leaves/msg, 310s)
2026-07-29 22:01:45 [iter 62/70] self-play: 65/70 games...
2026-07-29 22:01:47   [GPU] 2,750,016 evals (21876 batches, avg 126/batch = 25% of 512, 8560 evals/s, 645 msg/s, 13.3 leaves/msg, 321s)
2026-07-29 22:02:04   [GPU] 2,800,013 evals (23530 batches, avg 119/batch = 23% of 512, 8278 evals/s, 625 msg/s, 13.2 leaves/msg, 338s)
2026-07-29 22:02:28 [iter 62/70] self-play: 70/70 games...
2026-07-29 22:02:28 [iter 62/70] self-play done: 70 games (365s) | wins: P0=38, P2=10, P3=19, draw=3 | draw_rate=4% avg_len~68
2026-07-29 22:02:28 [iter 62/70] training (600 steps, lr=1.36e-04)...
2026-07-29 22:02:41 [iter 62/70] training done: loss_p=1.677 loss_v=0.046 (13s)
2026-07-29 22:02:41 [iter 62/70] eval skipped (eval_every=5)
2026-07-29 22:02:41 >>> iter 62 | loss_p=1.677 loss_v=0.046 | vs_best=n/a (not evaluated) | vs_rand=n/a | draw=4% | buf=500000 | sp=365s train=13s eval_best=0s eval_rand=0s | total=378s
2026-07-29 22:02:41 [iter 63/70] self-play starting (70 games, 600 sims)...
2026-07-29 22:02:43 [PARALLEL-MP] 64 workers spawned (70 games, sims=600), GPU batcher starting...
2026-07-29 22:02:55   [GPU] 50,016 evals (360 batches, avg 139/batch = 27% of 512, 4203 evals/s, 275 msg/s, 15.3 leaves/msg, 12s)
2026-07-29 22:03:02   [GPU] 100,048 evals (683 batches, avg 146/batch = 29% of 512, 5225 evals/s, 339 msg/s, 15.4 leaves/msg, 19s)
2026-07-29 22:03:10   [GPU] 150,124 evals (1014 batches, avg 148/batch = 29% of 512, 5639 evals/s, 366 msg/s, 15.4 leaves/msg, 27s)
2026-07-29 22:03:17   [GPU] 200,133 evals (1346 batches, avg 149/batch = 29% of 512, 5888 evals/s, 383 msg/s, 15.4 leaves/msg, 34s)
2026-07-29 22:03:24   [GPU] 250,048 evals (1684 batches, avg 148/batch = 29% of 512, 6056 evals/s, 393 msg/s, 15.4 leaves/msg, 41s)
2026-07-29 22:03:31   [GPU] 300,149 evals (2012 batches, avg 149/batch = 29% of 512, 6209 evals/s, 403 msg/s, 15.4 leaves/msg, 48s)
2026-07-29 22:03:38   [GPU] 350,088 evals (2345 batches, avg 149/batch = 29% of 512, 6319 evals/s, 410 msg/s, 15.4 leaves/msg, 55s)
2026-07-29 22:03:45   [GPU] 400,110 evals (2662 batches, avg 150/batch = 29% of 512, 6433 evals/s, 418 msg/s, 15.4 leaves/msg, 62s)
2026-07-29 22:03:52   [GPU] 450,152 evals (2978 batches, avg 151/batch = 30% of 512, 6541 evals/s, 425 msg/s, 15.4 leaves/msg, 69s)
2026-07-29 22:03:58   [GPU] 500,229 evals (3295 batches, avg 152/batch = 30% of 512, 6650 evals/s, 432 msg/s, 15.4 leaves/msg, 75s)
2026-07-29 22:04:05   [GPU] 550,012 evals (3612 batches, avg 152/batch = 30% of 512, 6748 evals/s, 438 msg/s, 15.4 leaves/msg, 82s)
2026-07-29 22:04:11   [GPU] 600,076 evals (3922 batches, avg 153/batch = 30% of 512, 6863 evals/s, 445 msg/s, 15.4 leaves/msg, 87s)
2026-07-29 22:04:16   [GPU] 650,079 evals (4240 batches, avg 153/batch = 30% of 512, 7004 evals/s, 455 msg/s, 15.4 leaves/msg, 93s)
2026-07-29 22:04:21   [GPU] 700,030 evals (4561 batches, avg 153/batch = 30% of 512, 7178 evals/s, 466 msg/s, 15.4 leaves/msg, 98s)
2026-07-29 22:04:25   [GPU] 750,158 evals (4884 batches, avg 154/batch = 30% of 512, 7341 evals/s, 477 msg/s, 15.4 leaves/msg, 102s)
2026-07-29 22:04:30   [GPU] 800,006 evals (5218 batches, avg 153/batch = 30% of 512, 7478 evals/s, 487 msg/s, 15.4 leaves/msg, 107s)
2026-07-29 22:04:35   [GPU] 850,159 evals (5552 batches, avg 153/batch = 30% of 512, 7608 evals/s, 497 msg/s, 15.3 leaves/msg, 112s)
2026-07-29 22:04:39   [GPU] 900,087 evals (5878 batches, avg 153/batch = 30% of 512, 7746 evals/s, 507 msg/s, 15.3 leaves/msg, 116s)
2026-07-29 22:04:44   [GPU] 950,161 evals (6208 batches, avg 153/batch = 30% of 512, 7867 evals/s, 516 msg/s, 15.3 leaves/msg, 121s)
2026-07-29 22:04:48   [GPU] 1,000,060 evals (6531 batches, avg 153/batch = 30% of 512, 7983 evals/s, 525 msg/s, 15.2 leaves/msg, 125s)
2026-07-29 22:04:53   [GPU] 1,050,117 evals (6866 batches, avg 153/batch = 30% of 512, 8080 evals/s, 532 msg/s, 15.2 leaves/msg, 130s)
2026-07-29 22:04:58   [GPU] 1,100,129 evals (7197 batches, avg 153/batch = 30% of 512, 8180 evals/s, 540 msg/s, 15.2 leaves/msg, 134s)
2026-07-29 22:05:02   [GPU] 1,150,123 evals (7532 batches, avg 153/batch = 30% of 512, 8267 evals/s, 547 msg/s, 15.1 leaves/msg, 139s)
2026-07-29 22:05:07   [GPU] 1,200,049 evals (7863 batches, avg 153/batch = 30% of 512, 8346 evals/s, 553 msg/s, 15.1 leaves/msg, 144s)
2026-07-29 22:05:11   [GPU] 1,250,140 evals (8196 batches, avg 153/batch = 30% of 512, 8429 evals/s, 560 msg/s, 15.1 leaves/msg, 148s)
2026-07-29 22:05:16   [GPU] 1,300,092 evals (8531 batches, avg 152/batch = 30% of 512, 8504 evals/s, 566 msg/s, 15.0 leaves/msg, 153s)
2026-07-29 22:05:21   [GPU] 1,350,103 evals (8877 batches, avg 152/batch = 30% of 512, 8566 evals/s, 572 msg/s, 15.0 leaves/msg, 158s)
2026-07-29 22:05:25   [GPU] 1,400,020 evals (9229 batches, avg 152/batch = 30% of 512, 8625 evals/s, 577 msg/s, 14.9 leaves/msg, 162s)
2026-07-29 22:05:30   [GPU] 1,450,023 evals (9577 batches, avg 151/batch = 30% of 512, 8679 evals/s, 582 msg/s, 14.9 leaves/msg, 167s)
2026-07-29 22:05:35   [GPU] 1,500,111 evals (9926 batches, avg 151/batch = 30% of 512, 8722 evals/s, 587 msg/s, 14.9 leaves/msg, 172s)
2026-07-29 22:05:40   [GPU] 1,550,011 evals (10272 batches, avg 151/batch = 29% of 512, 8768 evals/s, 592 msg/s, 14.8 leaves/msg, 177s)
2026-07-29 22:05:45   [GPU] 1,600,033 evals (10618 batches, avg 151/batch = 29% of 512, 8813 evals/s, 596 msg/s, 14.8 leaves/msg, 182s)
2026-07-29 22:05:49   [GPU] 1,650,067 evals (10969 batches, avg 150/batch = 29% of 512, 8862 evals/s, 602 msg/s, 14.7 leaves/msg, 186s)
2026-07-29 22:05:54   [GPU] 1,700,021 evals (11320 batches, avg 150/batch = 29% of 512, 8900 evals/s, 608 msg/s, 14.6 leaves/msg, 191s)
2026-07-29 22:05:59   [GPU] 1,750,146 evals (11687 batches, avg 150/batch = 29% of 512, 8933 evals/s, 614 msg/s, 14.6 leaves/msg, 196s)
2026-07-29 22:06:04   [GPU] 1,800,155 evals (12064 batches, avg 149/batch = 29% of 512, 8955 evals/s, 620 msg/s, 14.4 leaves/msg, 201s)
2026-07-29 22:06:08 [iter 63/70] self-play: 5/70 games...
2026-07-29 22:06:09   [GPU] 1,850,030 evals (12456 batches, avg 149/batch = 29% of 512, 8970 evals/s, 627 msg/s, 14.3 leaves/msg, 206s)
2026-07-29 22:06:11 [iter 63/70] self-play: 10/70 games...
2026-07-29 22:06:14   [GPU] 1,900,051 evals (12827 batches, avg 148/batch = 29% of 512, 8990 evals/s, 633 msg/s, 14.2 leaves/msg, 211s)
2026-07-29 22:06:19 [iter 63/70] self-play: 15/70 games...
2026-07-29 22:06:20   [GPU] 1,950,070 evals (13222 batches, avg 147/batch = 29% of 512, 9004 evals/s, 640 msg/s, 14.1 leaves/msg, 217s)
2026-07-29 22:06:25   [GPU] 2,000,059 evals (13604 batches, avg 147/batch = 29% of 512, 9017 evals/s, 646 msg/s, 14.0 leaves/msg, 222s)
2026-07-29 22:06:25 [iter 63/70] self-play: 20/70 games...
2026-07-29 22:06:29 [iter 63/70] self-play: 25/70 games...
2026-07-29 22:06:30   [GPU] 2,050,114 evals (13990 batches, avg 147/batch = 29% of 512, 9030 evals/s, 653 msg/s, 13.8 leaves/msg, 227s)
2026-07-29 22:06:32 [iter 63/70] self-play: 30/70 games...
2026-07-29 22:06:35   [GPU] 2,100,130 evals (14382 batches, avg 146/batch = 29% of 512, 9044 evals/s, 659 msg/s, 13.7 leaves/msg, 232s)
2026-07-29 22:06:39 [iter 63/70] self-play: 35/70 games...
2026-07-29 22:06:41   [GPU] 2,150,016 evals (14798 batches, avg 145/batch = 28% of 512, 9042 evals/s, 666 msg/s, 13.6 leaves/msg, 238s)
2026-07-29 22:06:42 [iter 63/70] self-play: 40/70 games...
2026-07-29 22:06:45 [iter 63/70] self-play: 45/70 games...
2026-07-29 22:06:46   [GPU] 2,200,113 evals (15202 batches, avg 145/batch = 28% of 512, 9048 evals/s, 671 msg/s, 13.5 leaves/msg, 243s)
2026-07-29 22:06:51 [iter 63/70] self-play: 50/70 games...
2026-07-29 22:06:52   [GPU] 2,250,061 evals (15682 batches, avg 143/batch = 28% of 512, 9029 evals/s, 673 msg/s, 13.4 leaves/msg, 249s)
2026-07-29 22:06:58 [iter 63/70] self-play: 55/70 games...
2026-07-29 22:07:00   [GPU] 2,300,033 evals (16326 batches, avg 141/batch = 28% of 512, 8954 evals/s, 671 msg/s, 13.4 leaves/msg, 257s)
2026-07-29 22:07:07 [iter 63/70] self-play: 60/70 games...
2026-07-29 22:07:10   [GPU] 2,350,074 evals (17206 batches, avg 137/batch = 27% of 512, 8813 evals/s, 661 msg/s, 13.3 leaves/msg, 267s)
2026-07-29 22:07:18   [GPU] 2,400,003 evals (17905 batches, avg 134/batch = 26% of 512, 8739 evals/s, 656 msg/s, 13.3 leaves/msg, 275s)
2026-07-29 22:07:26   [GPU] 2,450,002 evals (18655 batches, avg 131/batch = 26% of 512, 8656 evals/s, 650 msg/s, 13.3 leaves/msg, 283s)
2026-07-29 22:07:35   [GPU] 2,500,023 evals (19525 batches, avg 128/batch = 25% of 512, 8550 evals/s, 644 msg/s, 13.3 leaves/msg, 292s)
2026-07-29 22:07:48 [iter 63/70] self-play: 65/70 games...
2026-07-29 22:07:48   [GPU] 2,550,023 evals (20759 batches, avg 123/batch = 24% of 512, 8356 evals/s, 631 msg/s, 13.2 leaves/msg, 305s)
2026-07-29 22:08:13   [GPU] 2,600,025 evals (22860 batches, avg 114/batch = 22% of 512, 7891 evals/s, 598 msg/s, 13.2 leaves/msg, 330s)
2026-07-29 22:08:39 [iter 63/70] self-play: 70/70 games...
2026-07-29 22:08:40 [iter 63/70] self-play done: 70 games (359s) | wins: P0=33, P2=15, P3=20, draw=2 | draw_rate=3% avg_len~66
2026-07-29 22:08:40 [iter 63/70] training (600 steps, lr=1.29e-04)...
2026-07-29 22:08:53 [iter 63/70] training done: loss_p=1.687 loss_v=0.045 (13s)
2026-07-29 22:08:53 [iter 63/70] eval skipped (eval_every=5)
2026-07-29 22:08:53 >>> iter 63 | loss_p=1.687 loss_v=0.045 | vs_best=n/a (not evaluated) | vs_rand=n/a | draw=3% | buf=500000 | sp=359s train=13s eval_best=0s eval_rand=0s | total=372s
2026-07-29 22:08:53 [iter 64/70] self-play starting (70 games, 600 sims)...
2026-07-29 22:08:55 [PARALLEL-MP] 64 workers spawned (70 games, sims=600), GPU batcher starting...
2026-07-29 22:09:07   [GPU] 50,032 evals (358 batches, avg 140/batch = 27% of 512, 4036 evals/s, 265 msg/s, 15.3 leaves/msg, 12s)
2026-07-29 22:09:14   [GPU] 100,064 evals (688 batches, avg 145/batch = 28% of 512, 5100 evals/s, 331 msg/s, 15.4 leaves/msg, 20s)
2026-07-29 22:09:22   [GPU] 150,050 evals (1028 batches, avg 146/batch = 29% of 512, 5534 evals/s, 359 msg/s, 15.4 leaves/msg, 27s)
2026-07-29 22:09:29   [GPU] 200,001 evals (1359 batches, avg 147/batch = 29% of 512, 5844 evals/s, 380 msg/s, 15.4 leaves/msg, 34s)
2026-07-29 22:09:36   [GPU] 250,009 evals (1690 batches, avg 148/batch = 29% of 512, 6025 evals/s, 391 msg/s, 15.4 leaves/msg, 41s)
2026-07-29 22:09:44   [GPU] 300,145 evals (2025 batches, avg 148/batch = 29% of 512, 6172 evals/s, 401 msg/s, 15.4 leaves/msg, 49s)
2026-07-29 22:09:50   [GPU] 350,106 evals (2345 batches, avg 149/batch = 29% of 512, 6296 evals/s, 409 msg/s, 15.4 leaves/msg, 56s)
2026-07-29 22:09:57   [GPU] 400,149 evals (2668 batches, avg 150/batch = 29% of 512, 6409 evals/s, 416 msg/s, 15.4 leaves/msg, 62s)
2026-07-29 22:10:04   [GPU] 450,063 evals (2986 batches, avg 151/batch = 29% of 512, 6512 evals/s, 423 msg/s, 15.4 leaves/msg, 69s)
2026-07-29 22:10:10   [GPU] 500,103 evals (3298 batches, avg 152/batch = 30% of 512, 6615 evals/s, 429 msg/s, 15.4 leaves/msg, 76s)
2026-07-29 22:10:17   [GPU] 550,021 evals (3614 batches, avg 152/batch = 30% of 512, 6724 evals/s, 437 msg/s, 15.4 leaves/msg, 82s)
2026-07-29 22:10:23   [GPU] 600,120 evals (3937 batches, avg 152/batch = 30% of 512, 6848 evals/s, 445 msg/s, 15.4 leaves/msg, 88s)
2026-07-29 22:10:28   [GPU] 650,097 evals (4257 batches, avg 153/batch = 30% of 512, 6977 evals/s, 453 msg/s, 15.4 leaves/msg, 93s)
2026-07-29 22:10:33   [GPU] 700,156 evals (4580 batches, avg 153/batch = 30% of 512, 7153 evals/s, 464 msg/s, 15.4 leaves/msg, 98s)
2026-07-29 22:10:37   [GPU] 750,055 evals (4899 batches, avg 153/batch = 30% of 512, 7314 evals/s, 475 msg/s, 15.4 leaves/msg, 103s)
2026-07-29 22:10:42   [GPU] 800,019 evals (5227 batches, avg 153/batch = 30% of 512, 7447 evals/s, 485 msg/s, 15.4 leaves/msg, 107s)
2026-07-29 22:10:47   [GPU] 850,054 evals (5553 batches, avg 153/batch = 30% of 512, 7574 evals/s, 494 msg/s, 15.3 leaves/msg, 112s)
2026-07-29 22:10:52   [GPU] 900,174 evals (5874 batches, avg 153/batch = 30% of 512, 7698 evals/s, 503 msg/s, 15.3 leaves/msg, 117s)
2026-07-29 22:10:57   [GPU] 950,136 evals (6207 batches, avg 153/batch = 30% of 512, 7804 evals/s, 511 msg/s, 15.3 leaves/msg, 122s)
2026-07-29 22:11:01   [GPU] 1,000,092 evals (6541 batches, avg 153/batch = 30% of 512, 7909 evals/s, 519 msg/s, 15.2 leaves/msg, 126s)
2026-07-29 22:11:06   [GPU] 1,050,180 evals (6882 batches, avg 153/batch = 30% of 512, 8014 evals/s, 527 msg/s, 15.2 leaves/msg, 131s)
2026-07-29 22:11:11   [GPU] 1,100,079 evals (7225 batches, avg 152/batch = 30% of 512, 8104 evals/s, 535 msg/s, 15.2 leaves/msg, 136s)
2026-07-29 22:11:15   [GPU] 1,150,127 evals (7553 batches, avg 152/batch = 30% of 512, 8189 evals/s, 541 msg/s, 15.1 leaves/msg, 140s)
2026-07-29 22:11:20   [GPU] 1,200,130 evals (7883 batches, avg 152/batch = 30% of 512, 8270 evals/s, 548 msg/s, 15.1 leaves/msg, 145s)
2026-07-29 22:11:25   [GPU] 1,250,008 evals (8215 batches, avg 152/batch = 30% of 512, 8335 evals/s, 554 msg/s, 15.1 leaves/msg, 150s)
2026-07-29 22:11:30   [GPU] 1,300,149 evals (8561 batches, avg 152/batch = 30% of 512, 8399 evals/s, 560 msg/s, 15.0 leaves/msg, 155s)
2026-07-29 22:11:34   [GPU] 1,350,157 evals (8894 batches, avg 152/batch = 30% of 512, 8460 evals/s, 565 msg/s, 15.0 leaves/msg, 160s)
2026-07-29 22:11:39   [GPU] 1,400,067 evals (9238 batches, avg 152/batch = 30% of 512, 8519 evals/s, 571 msg/s, 14.9 leaves/msg, 164s)
2026-07-29 22:11:44   [GPU] 1,450,179 evals (9579 batches, avg 151/batch = 30% of 512, 8567 evals/s, 576 msg/s, 14.9 leaves/msg, 169s)
2026-07-29 22:11:49   [GPU] 1,500,090 evals (9927 batches, avg 151/batch = 30% of 512, 8616 evals/s, 581 msg/s, 14.8 leaves/msg, 174s)
2026-07-29 22:11:54   [GPU] 1,550,032 evals (10271 batches, avg 151/batch = 29% of 512, 8660 evals/s, 585 msg/s, 14.8 leaves/msg, 179s)
2026-07-29 22:11:59   [GPU] 1,600,120 evals (10625 batches, avg 151/batch = 29% of 512, 8704 evals/s, 591 msg/s, 14.7 leaves/msg, 184s)
2026-07-29 22:12:04   [GPU] 1,650,167 evals (10988 batches, avg 150/batch = 29% of 512, 8738 evals/s, 595 msg/s, 14.7 leaves/msg, 189s)
2026-07-29 22:12:09   [GPU] 1,700,005 evals (11345 batches, avg 150/batch = 29% of 512, 8777 evals/s, 600 msg/s, 14.6 leaves/msg, 194s)
2026-07-29 22:12:14   [GPU] 1,750,089 evals (11698 batches, avg 150/batch = 29% of 512, 8805 evals/s, 605 msg/s, 14.6 leaves/msg, 199s)
2026-07-29 22:12:19   [GPU] 1,800,060 evals (12076 batches, avg 149/batch = 29% of 512, 8832 evals/s, 610 msg/s, 14.5 leaves/msg, 204s)
2026-07-29 22:12:24   [GPU] 1,850,070 evals (12457 batches, avg 149/batch = 29% of 512, 8854 evals/s, 615 msg/s, 14.4 leaves/msg, 209s)
2026-07-29 22:12:29   [GPU] 1,900,011 evals (12847 batches, avg 148/batch = 29% of 512, 8872 evals/s, 621 msg/s, 14.3 leaves/msg, 214s)
2026-07-29 22:12:34 [iter 64/70] self-play: 5/70 games...
2026-07-29 22:12:34   [GPU] 1,950,086 evals (13241 batches, avg 147/batch = 29% of 512, 8884 evals/s, 627 msg/s, 14.2 leaves/msg, 219s)
2026-07-29 22:12:40   [GPU] 2,000,021 evals (13648 batches, avg 147/batch = 29% of 512, 8893 evals/s, 634 msg/s, 14.0 leaves/msg, 225s)
2026-07-29 22:12:41 [iter 64/70] self-play: 10/70 games...
2026-07-29 22:12:43 [iter 64/70] self-play: 15/70 games...
2026-07-29 22:12:45   [GPU] 2,050,032 evals (14064 batches, avg 146/batch = 28% of 512, 8893 evals/s, 642 msg/s, 13.9 leaves/msg, 231s)
2026-07-29 22:12:47 [iter 64/70] self-play: 20/70 games...
2026-07-29 22:12:49 [iter 64/70] self-play: 25/70 games...
2026-07-29 22:12:51   [GPU] 2,100,046 evals (14456 batches, avg 145/batch = 28% of 512, 8898 evals/s, 649 msg/s, 13.7 leaves/msg, 236s)
2026-07-29 22:12:53 [iter 64/70] self-play: 30/70 games...
2026-07-29 22:12:55 [iter 64/70] self-play: 35/70 games...
2026-07-29 22:12:57   [GPU] 2,150,049 evals (14895 batches, avg 144/batch = 28% of 512, 8890 evals/s, 656 msg/s, 13.5 leaves/msg, 242s)
2026-07-29 22:12:58 [iter 64/70] self-play: 40/70 games...
2026-07-29 22:13:02 [iter 64/70] self-play: 45/70 games...
2026-07-29 22:13:03   [GPU] 2,200,023 evals (15341 batches, avg 143/batch = 28% of 512, 8872 evals/s, 663 msg/s, 13.4 leaves/msg, 248s)
2026-07-29 22:13:04 [iter 64/70] self-play: 50/70 games...
2026-07-29 22:13:08 [iter 64/70] self-play: 55/70 games...
2026-07-29 22:13:11   [GPU] 2,250,023 evals (16027 batches, avg 140/batch = 27% of 512, 8783 evals/s, 663 msg/s, 13.2 leaves/msg, 256s)
2026-07-29 22:13:22   [GPU] 2,300,029 evals (16976 batches, avg 135/batch = 26% of 512, 8623 evals/s, 652 msg/s, 13.2 leaves/msg, 267s)
2026-07-29 22:13:30   [GPU] 2,350,065 evals (17768 batches, avg 132/batch = 26% of 512, 8530 evals/s, 645 msg/s, 13.2 leaves/msg, 275s)
2026-07-29 22:13:38 [iter 64/70] self-play: 60/70 games...
2026-07-29 22:13:38   [GPU] 2,400,009 evals (18453 batches, avg 130/batch = 25% of 512, 8473 evals/s, 641 msg/s, 13.2 leaves/msg, 283s)
2026-07-29 22:13:46   [GPU] 2,450,035 evals (19178 batches, avg 128/batch = 25% of 512, 8415 evals/s, 637 msg/s, 13.2 leaves/msg, 291s)
2026-07-29 22:13:54   [GPU] 2,500,020 evals (19974 batches, avg 125/batch = 24% of 512, 8345 evals/s, 633 msg/s, 13.2 leaves/msg, 300s)
2026-07-29 22:14:05 [iter 64/70] self-play: 65/70 games...
2026-07-29 22:14:06   [GPU] 2,550,010 evals (21066 batches, avg 121/batch = 24% of 512, 8196 evals/s, 625 msg/s, 13.1 leaves/msg, 311s)
2026-07-29 22:14:21   [GPU] 2,600,022 evals (22568 batches, avg 115/batch = 23% of 512, 7962 evals/s, 607 msg/s, 13.1 leaves/msg, 327s)
2026-07-29 22:14:44   [GPU] 2,650,016 evals (24715 batches, avg 107/batch = 21% of 512, 7593 evals/s, 580 msg/s, 13.1 leaves/msg, 349s)
2026-07-29 22:15:05 [iter 64/70] self-play: 70/70 games...
2026-07-29 22:15:06 [iter 64/70] self-play done: 70 games (374s) | wins: P0=31, P2=12, P3=24, draw=3 | draw_rate=4% avg_len~64
2026-07-29 22:15:06 [iter 64/70] training (600 steps, lr=1.22e-04)...
2026-07-29 22:15:19 [iter 64/70] training done: loss_p=1.670 loss_v=0.045 (13s)
2026-07-29 22:15:19 [iter 64/70] eval skipped (eval_every=5)
2026-07-29 22:15:19 >>> iter 64 | loss_p=1.670 loss_v=0.045 | vs_best=n/a (not evaluated) | vs_rand=n/a | draw=4% | buf=500000 | sp=374s train=13s eval_best=0s eval_rand=0s | total=386s
2026-07-29 22:15:19 [iter 65/70] self-play starting (70 games, 600 sims)...
2026-07-29 22:15:21 [PARALLEL-MP] 64 workers spawned (70 games, sims=600), GPU batcher starting...
2026-07-29 22:15:33   [GPU] 50,128 evals (368 batches, avg 136/batch = 27% of 512, 4105 evals/s, 269 msg/s, 15.3 leaves/msg, 12s)
2026-07-29 22:15:41   [GPU] 100,160 evals (695 batches, avg 144/batch = 28% of 512, 5125 evals/s, 333 msg/s, 15.4 leaves/msg, 20s)
2026-07-29 22:15:48   [GPU] 150,042 evals (1051 batches, avg 143/batch = 28% of 512, 5572 evals/s, 361 msg/s, 15.4 leaves/msg, 27s)
2026-07-29 22:15:55   [GPU] 200,057 evals (1392 batches, avg 144/batch = 28% of 512, 5892 evals/s, 383 msg/s, 15.4 leaves/msg, 34s)
2026-07-29 22:16:02   [GPU] 250,160 evals (1723 batches, avg 145/batch = 28% of 512, 6079 evals/s, 395 msg/s, 15.4 leaves/msg, 41s)
2026-07-29 22:16:09   [GPU] 300,146 evals (2050 batches, avg 146/batch = 29% of 512, 6237 evals/s, 405 msg/s, 15.4 leaves/msg, 48s)
2026-07-29 22:16:16   [GPU] 350,054 evals (2371 batches, avg 148/batch = 29% of 512, 6352 evals/s, 412 msg/s, 15.4 leaves/msg, 55s)
2026-07-29 22:16:23   [GPU] 400,028 evals (2699 batches, avg 148/batch = 29% of 512, 6461 evals/s, 420 msg/s, 15.4 leaves/msg, 62s)
2026-07-29 22:16:29   [GPU] 450,189 evals (3008 batches, avg 150/batch = 29% of 512, 6586 evals/s, 428 msg/s, 15.4 leaves/msg, 68s)
2026-07-29 22:16:36   [GPU] 500,007 evals (3315 batches, avg 151/batch = 29% of 512, 6689 evals/s, 434 msg/s, 15.4 leaves/msg, 75s)
2026-07-29 22:16:42   [GPU] 550,065 evals (3620 batches, avg 152/batch = 30% of 512, 6803 evals/s, 442 msg/s, 15.4 leaves/msg, 81s)
2026-07-29 22:16:48   [GPU] 600,128 evals (3947 batches, avg 152/batch = 30% of 512, 6922 evals/s, 449 msg/s, 15.4 leaves/msg, 87s)
2026-07-29 22:16:53   [GPU] 650,190 evals (4250 batches, avg 153/batch = 30% of 512, 7065 evals/s, 459 msg/s, 15.4 leaves/msg, 92s)
2026-07-29 22:16:58   [GPU] 700,087 evals (4565 batches, avg 153/batch = 30% of 512, 7247 evals/s, 470 msg/s, 15.4 leaves/msg, 97s)
2026-07-29 22:17:02   [GPU] 750,125 evals (4880 batches, avg 154/batch = 30% of 512, 7400 evals/s, 481 msg/s, 15.4 leaves/msg, 101s)
2026-07-29 22:17:07   [GPU] 800,057 evals (5198 batches, avg 154/batch = 30% of 512, 7541 evals/s, 491 msg/s, 15.4 leaves/msg, 106s)
2026-07-29 22:17:12   [GPU] 850,069 evals (5508 batches, avg 154/batch = 30% of 512, 7678 evals/s, 501 msg/s, 15.3 leaves/msg, 111s)
2026-07-29 22:17:16   [GPU] 900,008 evals (5838 batches, avg 154/batch = 30% of 512, 7796 evals/s, 510 msg/s, 15.3 leaves/msg, 115s)
2026-07-29 22:17:21   [GPU] 950,059 evals (6162 batches, avg 154/batch = 30% of 512, 7909 evals/s, 518 msg/s, 15.3 leaves/msg, 120s)
2026-07-29 22:17:26   [GPU] 1,000,027 evals (6478 batches, avg 154/batch = 30% of 512, 8021 evals/s, 527 msg/s, 15.2 leaves/msg, 125s)
2026-07-29 22:17:30   [GPU] 1,050,039 evals (6801 batches, avg 154/batch = 30% of 512, 8123 evals/s, 535 msg/s, 15.2 leaves/msg, 129s)
2026-07-29 22:17:35   [GPU] 1,100,091 evals (7131 batches, avg 154/batch = 30% of 512, 8216 evals/s, 542 msg/s, 15.2 leaves/msg, 134s)
2026-07-29 22:17:40   [GPU] 1,150,098 evals (7465 batches, avg 154/batch = 30% of 512, 8301 evals/s, 549 msg/s, 15.1 leaves/msg, 139s)
2026-07-29 22:17:44   [GPU] 1,200,145 evals (7805 batches, avg 154/batch = 30% of 512, 8377 evals/s, 555 msg/s, 15.1 leaves/msg, 143s)
2026-07-29 22:17:49   [GPU] 1,250,076 evals (8141 batches, avg 154/batch = 30% of 512, 8452 evals/s, 561 msg/s, 15.1 leaves/msg, 148s)
2026-07-29 22:17:54   [GPU] 1,300,069 evals (8498 batches, avg 153/batch = 30% of 512, 8508 evals/s, 566 msg/s, 15.0 leaves/msg, 153s)
2026-07-29 22:17:59   [GPU] 1,350,076 evals (8832 batches, avg 153/batch = 30% of 512, 8568 evals/s, 572 msg/s, 15.0 leaves/msg, 158s)
2026-07-29 22:18:03   [GPU] 1,400,018 evals (9168 batches, avg 153/batch = 30% of 512, 8623 evals/s, 577 msg/s, 15.0 leaves/msg, 162s)
2026-07-29 22:18:08   [GPU] 1,450,157 evals (9508 batches, avg 153/batch = 30% of 512, 8677 evals/s, 581 msg/s, 14.9 leaves/msg, 167s)
2026-07-29 22:18:13   [GPU] 1,500,068 evals (9847 batches, avg 152/batch = 30% of 512, 8723 evals/s, 586 msg/s, 14.9 leaves/msg, 172s)
2026-07-29 22:18:18   [GPU] 1,550,025 evals (10183 batches, avg 152/batch = 30% of 512, 8773 evals/s, 591 msg/s, 14.9 leaves/msg, 177s)
2026-07-29 22:18:23   [GPU] 1,600,099 evals (10531 batches, avg 152/batch = 30% of 512, 8808 evals/s, 595 msg/s, 14.8 leaves/msg, 182s)
2026-07-29 22:18:27   [GPU] 1,650,196 evals (10870 batches, avg 152/batch = 30% of 512, 8848 evals/s, 599 msg/s, 14.8 leaves/msg, 187s)
2026-07-29 22:18:32   [GPU] 1,700,049 evals (11206 batches, avg 152/batch = 30% of 512, 8884 evals/s, 603 msg/s, 14.7 leaves/msg, 191s)
2026-07-29 22:18:37   [GPU] 1,750,122 evals (11570 batches, avg 151/batch = 30% of 512, 8913 evals/s, 607 msg/s, 14.7 leaves/msg, 196s)
2026-07-29 22:18:42   [GPU] 1,800,045 evals (11943 batches, avg 151/batch = 29% of 512, 8938 evals/s, 611 msg/s, 14.6 leaves/msg, 201s)
2026-07-29 22:18:47   [GPU] 1,850,127 evals (12309 batches, avg 150/batch = 29% of 512, 8959 evals/s, 616 msg/s, 14.6 leaves/msg, 207s)
2026-07-29 22:18:53   [GPU] 1,900,122 evals (12666 batches, avg 150/batch = 29% of 512, 8979 evals/s, 620 msg/s, 14.5 leaves/msg, 212s)
2026-07-29 22:18:58   [GPU] 1,950,058 evals (13025 batches, avg 150/batch = 29% of 512, 8998 evals/s, 626 msg/s, 14.4 leaves/msg, 217s)
2026-07-29 22:19:03   [GPU] 2,000,036 evals (13409 batches, avg 149/batch = 29% of 512, 9007 evals/s, 631 msg/s, 14.3 leaves/msg, 222s)
2026-07-29 22:19:05 [iter 65/70] self-play: 5/70 games...
2026-07-29 22:19:09   [GPU] 2,050,164 evals (13816 batches, avg 148/batch = 29% of 512, 9006 evals/s, 637 msg/s, 14.1 leaves/msg, 228s)
2026-07-29 22:19:11 [iter 65/70] self-play: 10/70 games...
2026-07-29 22:19:14 [iter 65/70] self-play: 15/70 games...
2026-07-29 22:19:14   [GPU] 2,100,086 evals (14227 batches, avg 148/batch = 29% of 512, 8999 evals/s, 644 msg/s, 14.0 leaves/msg, 233s)
2026-07-29 22:19:18 [iter 65/70] self-play: 20/70 games...
2026-07-29 22:19:20   [GPU] 2,150,085 evals (14654 batches, avg 147/batch = 29% of 512, 8985 evals/s, 650 msg/s, 13.8 leaves/msg, 239s)
2026-07-29 22:19:22 [iter 65/70] self-play: 25/70 games...
2026-07-29 22:19:24 [iter 65/70] self-play: 30/70 games...
2026-07-29 22:19:26   [GPU] 2,200,120 evals (15067 batches, avg 146/batch = 29% of 512, 8974 evals/s, 657 msg/s, 13.7 leaves/msg, 245s)
2026-07-29 22:19:27 [iter 65/70] self-play: 35/70 games...
2026-07-29 22:19:29 [iter 65/70] self-play: 40/70 games...
2026-07-29 22:19:32 [iter 65/70] self-play: 45/70 games...
2026-07-29 22:19:32   [GPU] 2,250,094 evals (15479 batches, avg 145/batch = 28% of 512, 8966 evals/s, 663 msg/s, 13.5 leaves/msg, 251s)
2026-07-29 22:19:36 [iter 65/70] self-play: 50/70 games...
2026-07-29 22:19:38   [GPU] 2,300,051 evals (15937 batches, avg 144/batch = 28% of 512, 8956 evals/s, 665 msg/s, 13.5 leaves/msg, 257s)
2026-07-29 22:19:44   [GPU] 2,350,014 evals (16445 batches, avg 143/batch = 28% of 512, 8938 evals/s, 665 msg/s, 13.5 leaves/msg, 263s)
2026-07-29 22:19:51 [iter 65/70] self-play: 55/70 games...
2026-07-29 22:19:51   [GPU] 2,400,021 evals (17019 batches, avg 141/batch = 28% of 512, 8893 evals/s, 664 msg/s, 13.4 leaves/msg, 270s)
2026-07-29 22:19:59   [GPU] 2,450,128 evals (17732 batches, avg 138/batch = 27% of 512, 8826 evals/s, 660 msg/s, 13.4 leaves/msg, 278s)
2026-07-29 22:20:06   [GPU] 2,500,008 evals (18393 batches, avg 136/batch = 27% of 512, 8772 evals/s, 657 msg/s, 13.4 leaves/msg, 285s)
2026-07-29 22:20:13   [GPU] 2,550,004 evals (18992 batches, avg 134/batch = 26% of 512, 8731 evals/s, 654 msg/s, 13.4 leaves/msg, 292s)
2026-07-29 22:20:20   [GPU] 2,600,028 evals (19625 batches, avg 132/batch = 26% of 512, 8692 evals/s, 651 msg/s, 13.4 leaves/msg, 299s)
2026-07-29 22:20:26 [iter 65/70] self-play: 60/70 games...
2026-07-29 22:20:28   [GPU] 2,650,060 evals (20296 batches, avg 131/batch = 26% of 512, 8642 evals/s, 648 msg/s, 13.3 leaves/msg, 307s)
2026-07-29 22:20:36   [GPU] 2,700,044 evals (21047 batches, avg 128/batch = 25% of 512, 8579 evals/s, 644 msg/s, 13.3 leaves/msg, 315s)
2026-07-29 22:20:45   [GPU] 2,750,020 evals (21939 batches, avg 125/batch = 24% of 512, 8487 evals/s, 638 msg/s, 13.3 leaves/msg, 324s)
2026-07-29 22:20:47 [iter 65/70] self-play: 65/70 games...
2026-07-29 22:20:59   [GPU] 2,800,002 evals (23285 batches, avg 120/batch = 23% of 512, 8286 evals/s, 624 msg/s, 13.3 leaves/msg, 338s)
2026-07-29 22:21:16   [GPU] 2,850,011 evals (24918 batches, avg 114/batch = 22% of 512, 8030 evals/s, 605 msg/s, 13.3 leaves/msg, 355s)
2026-07-29 22:21:26 [iter 65/70] self-play: 70/70 games...
2026-07-29 22:21:27 [iter 65/70] self-play done: 70 games (368s) | wins: P0=23, P1=1, P2=16, P3=26, draw=4 | draw_rate=6% avg_len~66
2026-07-29 22:21:27 [iter 65/70] training (600 steps, lr=1.16e-04)...
2026-07-29 22:21:40 [iter 65/70] training done: loss_p=1.673 loss_v=0.046 (13s)
2026-07-29 22:21:40 [iter 65/70] eval vs best (80 games, 200 sims)...
2026-07-29 22:21:42 [EVAL-MP] 64 workers spawned (80 vs_best games, sims=200), GPU batcher starting...
2026-07-29 22:21:55   [GPU] 50,050 evals (342 batches, avg 146/batch = 29% of 512, 4005 evals/s, 279 msg/s, 14.3 leaves/msg, 12s)
2026-07-29 22:22:02   [GPU] 100,151 evals (679 batches, avg 147/batch = 29% of 512, 5121 evals/s, 357 msg/s, 14.3 leaves/msg, 20s)
2026-07-29 22:22:08   [GPU] 150,001 evals (1008 batches, avg 149/batch = 29% of 512, 5742 evals/s, 400 msg/s, 14.3 leaves/msg, 26s)
2026-07-29 22:22:15   [GPU] 200,020 evals (1340 batches, avg 149/batch = 29% of 512, 6179 evals/s, 431 msg/s, 14.3 leaves/msg, 32s)
2026-07-29 22:22:20   [GPU] 250,054 evals (1664 batches, avg 150/batch = 29% of 512, 6579 evals/s, 458 msg/s, 14.3 leaves/msg, 38s)
2026-07-29 22:22:26   [GPU] 300,023 evals (1996 batches, avg 150/batch = 29% of 512, 6866 evals/s, 479 msg/s, 14.3 leaves/msg, 44s)
2026-07-29 22:22:32   [GPU] 350,103 evals (2317 batches, avg 151/batch = 30% of 512, 7095 evals/s, 495 msg/s, 14.3 leaves/msg, 49s)
2026-07-29 22:22:37   [GPU] 400,151 evals (2650 batches, avg 151/batch = 29% of 512, 7254 evals/s, 507 msg/s, 14.3 leaves/msg, 55s)
2026-07-29 22:22:38 [iter 65/70] eval vs best: 5/80 games (58s, cand 0%)
2026-07-29 22:22:39 [iter 65/70] eval vs best: 10/80 games (59s, cand 0%)
2026-07-29 22:22:43 [iter 65/70] eval vs best: 15/80 games (62s, cand 0%)
2026-07-29 22:22:43   [GPU] 450,184 evals (2965 batches, avg 152/batch = 30% of 512, 7398 evals/s, 517 msg/s, 14.3 leaves/msg, 61s)
2026-07-29 22:22:45 [iter 65/70] eval vs best: 20/80 games (64s, cand 0%)
2026-07-29 22:22:49   [GPU] 500,164 evals (3292 batches, avg 152/batch = 30% of 512, 7532 evals/s, 528 msg/s, 14.3 leaves/msg, 66s)
2026-07-29 22:22:50 [iter 65/70] eval vs best: 25/80 games (70s, cand 4%)
2026-07-29 22:22:54 [iter 65/70] eval vs best: 30/80 games (74s, cand 3%)
2026-07-29 22:22:54   [GPU] 550,063 evals (3623 batches, avg 152/batch = 30% of 512, 7627 evals/s, 535 msg/s, 14.3 leaves/msg, 72s)
2026-07-29 22:23:00   [GPU] 600,069 evals (3954 batches, avg 152/batch = 30% of 512, 7721 evals/s, 542 msg/s, 14.2 leaves/msg, 78s)
2026-07-29 22:23:01 [iter 65/70] eval vs best: 35/80 games (81s, cand 3%)
2026-07-29 22:23:03 [iter 65/70] eval vs best: 40/80 games (83s, cand 10%)
2026-07-29 22:23:06   [GPU] 650,051 evals (4298 batches, avg 151/batch = 30% of 512, 7775 evals/s, 547 msg/s, 14.2 leaves/msg, 84s)
2026-07-29 22:23:07 [iter 65/70] eval vs best: 45/80 games (86s, cand 9%)
2026-07-29 22:23:12   [GPU] 700,146 evals (4690 batches, avg 149/batch = 29% of 512, 7783 evals/s, 549 msg/s, 14.2 leaves/msg, 90s)
2026-07-29 22:23:13 [iter 65/70] eval vs best: 50/80 games (93s, cand 18%)
2026-07-29 22:23:19   [GPU] 750,071 evals (5134 batches, avg 146/batch = 29% of 512, 7740 evals/s, 547 msg/s, 14.2 leaves/msg, 97s)
2026-07-29 22:23:20 [iter 65/70] eval vs best: 55/80 games (100s, cand 18%)
2026-07-29 22:23:26 [iter 65/70] eval vs best: 60/80 games (106s, cand 18%)
2026-07-29 22:23:27   [GPU] 800,041 evals (5677 batches, avg 141/batch = 28% of 512, 7628 evals/s, 540 msg/s, 14.1 leaves/msg, 105s)
2026-07-29 22:23:37   [GPU] 850,111 evals (6360 batches, avg 134/batch = 26% of 512, 7433 evals/s, 527 msg/s, 14.1 leaves/msg, 114s)
2026-07-29 22:23:46   [GPU] 900,093 evals (7059 batches, avg 128/batch = 25% of 512, 7272 evals/s, 518 msg/s, 14.1 leaves/msg, 124s)
2026-07-29 22:23:52 [iter 65/70] eval vs best: 65/80 games (132s, cand 17%)
2026-07-29 22:23:56   [GPU] 950,062 evals (7828 batches, avg 121/batch = 24% of 512, 7096 evals/s, 507 msg/s, 14.0 leaves/msg, 134s)
2026-07-29 22:24:08   [GPU] 1,000,072 evals (8717 batches, avg 115/batch = 22% of 512, 6883 evals/s, 492 msg/s, 14.0 leaves/msg, 145s)
2026-07-29 22:24:22   [GPU] 1,050,005 evals (9877 batches, avg 106/batch = 21% of 512, 6572 evals/s, 470 msg/s, 14.0 leaves/msg, 160s)
2026-07-29 22:24:23 [iter 65/70] eval vs best: 70/80 games (162s, cand 17%)
2026-07-29 22:24:42   [GPU] 1,100,010 evals (11481 batches, avg 96/batch = 19% of 512, 6117 evals/s, 437 msg/s, 14.0 leaves/msg, 180s)
2026-07-29 22:24:56 [iter 65/70] eval vs best: 75/80 games (196s, cand 17%)
2026-07-29 22:25:29   [GPU] 1,150,007 evals (13933 batches, avg 83/batch = 16% of 512, 5073 evals/s, 363 msg/s, 14.0 leaves/msg, 227s)
2026-07-29 22:26:00 [iter 65/70] eval vs best: 80/80 games (259s, cand 19%)
2026-07-29 22:26:00 [iter 65/70] eval vs best done: 19.4% of 67 decided reject (260s)
2026-07-29 22:26:00 [iter 65/70] eval vs random (40 games, 200 sims)...
2026-07-29 22:26:01 [EVAL-MP] 40 workers spawned (40 vs_random games, sims=200), GPU batcher starting...
2026-07-29 22:26:10   [GPU] 50,080 evals (427 batches, avg 117/batch = 23% of 512, 5379 evals/s, 388 msg/s, 13.9 leaves/msg, 9s)
2026-07-29 22:26:16   [GPU] 100,124 evals (786 batches, avg 127/batch = 25% of 512, 6716 evals/s, 523 msg/s, 12.9 leaves/msg, 15s)
2026-07-29 22:26:19 [iter 65/70] eval vs random: 5/40 games (18s, cand 100%)
2026-07-29 22:26:19 [iter 65/70] eval vs random: 10/40 games (19s, cand 100%)
2026-07-29 22:26:22   [GPU] 150,117 evals (1171 batches, avg 128/batch = 25% of 512, 7374 evals/s, 609 msg/s, 12.1 leaves/msg, 20s)
2026-07-29 22:26:24 [iter 65/70] eval vs random: 15/40 games (24s, cand 100%)
2026-07-29 22:26:27   [GPU] 200,010 evals (1559 batches, avg 128/batch = 25% of 512, 7762 evals/s, 661 msg/s, 11.7 leaves/msg, 26s)
2026-07-29 22:26:33   [GPU] 250,029 evals (1972 batches, avg 127/batch = 25% of 512, 7933 evals/s, 696 msg/s, 11.4 leaves/msg, 32s)
2026-07-29 22:26:33 [iter 65/70] eval vs random: 20/40 games (33s, cand 85%)
2026-07-29 22:26:35 [iter 65/70] eval vs random: 25/40 games (34s, cand 86%)
2026-07-29 22:26:35 [iter 65/70] eval vs random: 30/40 games (35s, cand 86%)
2026-07-29 22:26:36 [iter 65/70] eval vs random: 35/40 games (35s, cand 83%)
2026-07-29 22:26:37 [iter 65/70] eval vs random: 40/40 games (36s, cand 83%)
2026-07-29 22:26:37 [iter 65/70] eval vs random done: 82.6% (37s)
2026-07-29 22:26:37 >>> iter 65 | loss_p=1.673 loss_v=0.046 | vs_best=19.4% reject | vs_rand=82.6% | draw=6% | buf=500000 | sp=368s train=13s eval_best=260s eval_rand=37s | total=678s
2026-07-29 22:26:37 [iter 66/70] self-play starting (70 games, 600 sims)...
2026-07-29 22:26:39 [PARALLEL-MP] 64 workers spawned (70 games, sims=600), GPU batcher starting...
2026-07-29 22:26:52   [GPU] 50,016 evals (372 batches, avg 134/batch = 26% of 512, 3935 evals/s, 258 msg/s, 15.3 leaves/msg, 13s)
2026-07-29 22:26:59   [GPU] 100,064 evals (699 batches, avg 143/batch = 28% of 512, 5027 evals/s, 326 msg/s, 15.4 leaves/msg, 20s)
2026-07-29 22:27:07   [GPU] 150,013 evals (1051 batches, avg 143/batch = 28% of 512, 5481 evals/s, 356 msg/s, 15.4 leaves/msg, 27s)
2026-07-29 22:27:14   [GPU] 200,044 evals (1386 batches, avg 144/batch = 28% of 512, 5806 evals/s, 378 msg/s, 15.4 leaves/msg, 34s)
2026-07-29 22:27:21   [GPU] 250,128 evals (1720 batches, avg 145/batch = 28% of 512, 5983 evals/s, 389 msg/s, 15.4 leaves/msg, 42s)
2026-07-29 22:27:28   [GPU] 300,059 evals (2038 batches, avg 147/batch = 29% of 512, 6143 evals/s, 399 msg/s, 15.4 leaves/msg, 49s)
2026-07-29 22:27:35   [GPU] 350,010 evals (2362 batches, avg 148/batch = 29% of 512, 6271 evals/s, 407 msg/s, 15.4 leaves/msg, 56s)
2026-07-29 22:27:42   [GPU] 400,012 evals (2695 batches, avg 148/batch = 29% of 512, 6394 evals/s, 415 msg/s, 15.4 leaves/msg, 63s)
2026-07-29 22:27:48   [GPU] 450,113 evals (3022 batches, avg 149/batch = 29% of 512, 6517 evals/s, 423 msg/s, 15.4 leaves/msg, 69s)
2026-07-29 22:27:55   [GPU] 500,047 evals (3346 batches, avg 149/batch = 29% of 512, 6636 evals/s, 431 msg/s, 15.4 leaves/msg, 75s)
2026-07-29 22:28:01   [GPU] 550,154 evals (3666 batches, avg 150/batch = 29% of 512, 6762 evals/s, 439 msg/s, 15.4 leaves/msg, 81s)
2026-07-29 22:28:06   [GPU] 600,009 evals (3983 batches, avg 151/batch = 29% of 512, 6888 evals/s, 447 msg/s, 15.4 leaves/msg, 87s)
2026-07-29 22:28:12   [GPU] 650,000 evals (4297 batches, avg 151/batch = 30% of 512, 7034 evals/s, 457 msg/s, 15.4 leaves/msg, 92s)
2026-07-29 22:28:16   [GPU] 700,067 evals (4613 batches, avg 152/batch = 30% of 512, 7216 evals/s, 468 msg/s, 15.4 leaves/msg, 97s)
2026-07-29 22:28:21   [GPU] 750,057 evals (4929 batches, avg 152/batch = 30% of 512, 7372 evals/s, 479 msg/s, 15.4 leaves/msg, 102s)
2026-07-29 22:28:26   [GPU] 800,038 evals (5260 batches, avg 152/batch = 30% of 512, 7507 evals/s, 489 msg/s, 15.4 leaves/msg, 107s)
2026-07-29 22:28:31   [GPU] 850,036 evals (5598 batches, avg 152/batch = 30% of 512, 7635 evals/s, 499 msg/s, 15.3 leaves/msg, 111s)
2026-07-29 22:28:35   [GPU] 900,030 evals (5927 batches, avg 152/batch = 30% of 512, 7760 evals/s, 508 msg/s, 15.3 leaves/msg, 116s)
2026-07-29 22:28:40   [GPU] 950,183 evals (6266 batches, avg 152/batch = 30% of 512, 7869 evals/s, 516 msg/s, 15.2 leaves/msg, 121s)
2026-07-29 22:28:45   [GPU] 1,000,078 evals (6602 batches, avg 151/batch = 30% of 512, 7965 evals/s, 524 msg/s, 15.2 leaves/msg, 126s)
2026-07-29 22:28:49   [GPU] 1,050,035 evals (6934 batches, avg 151/batch = 30% of 512, 8063 evals/s, 532 msg/s, 15.2 leaves/msg, 130s)
2026-07-29 22:28:54   [GPU] 1,100,083 evals (7273 batches, avg 151/batch = 30% of 512, 8147 evals/s, 539 msg/s, 15.1 leaves/msg, 135s)
2026-07-29 22:28:59   [GPU] 1,150,025 evals (7614 batches, avg 151/batch = 30% of 512, 8230 evals/s, 545 msg/s, 15.1 leaves/msg, 140s)
2026-07-29 22:29:04   [GPU] 1,200,179 evals (7954 batches, avg 151/batch = 29% of 512, 8309 evals/s, 552 msg/s, 15.1 leaves/msg, 144s)
2026-07-29 22:29:08   [GPU] 1,250,213 evals (8285 batches, avg 151/batch = 29% of 512, 8384 evals/s, 558 msg/s, 15.0 leaves/msg, 149s)
2026-07-29 22:29:13   [GPU] 1,300,053 evals (8625 batches, avg 151/batch = 29% of 512, 8446 evals/s, 563 msg/s, 15.0 leaves/msg, 154s)
2026-07-29 22:29:18   [GPU] 1,350,094 evals (8953 batches, avg 151/batch = 29% of 512, 8516 evals/s, 570 msg/s, 14.9 leaves/msg, 159s)
2026-07-29 22:29:23   [GPU] 1,400,051 evals (9302 batches, avg 151/batch = 29% of 512, 8567 evals/s, 575 msg/s, 14.9 leaves/msg, 163s)
2026-07-29 22:29:27   [GPU] 1,450,110 evals (9646 batches, avg 150/batch = 29% of 512, 8620 evals/s, 580 msg/s, 14.9 leaves/msg, 168s)
2026-07-29 22:29:32   [GPU] 1,500,050 evals (9995 batches, avg 150/batch = 29% of 512, 8667 evals/s, 585 msg/s, 14.8 leaves/msg, 173s)
2026-07-29 22:29:37   [GPU] 1,550,003 evals (10347 batches, avg 150/batch = 29% of 512, 8710 evals/s, 590 msg/s, 14.8 leaves/msg, 178s)
2026-07-29 22:29:42   [GPU] 1,600,022 evals (10700 batches, avg 150/batch = 29% of 512, 8750 evals/s, 595 msg/s, 14.7 leaves/msg, 183s)
2026-07-29 22:29:47   [GPU] 1,650,093 evals (11057 batches, avg 149/batch = 29% of 512, 8791 evals/s, 600 msg/s, 14.6 leaves/msg, 188s)
2026-07-29 22:29:52   [GPU] 1,700,105 evals (11419 batches, avg 149/batch = 29% of 512, 8821 evals/s, 606 msg/s, 14.6 leaves/msg, 193s)
2026-07-29 22:29:57   [GPU] 1,750,069 evals (11795 batches, avg 148/batch = 29% of 512, 8842 evals/s, 611 msg/s, 14.5 leaves/msg, 198s)
2026-07-29 22:30:02   [GPU] 1,800,133 evals (12175 batches, avg 148/batch = 29% of 512, 8860 evals/s, 616 msg/s, 14.4 leaves/msg, 203s)
2026-07-29 22:30:08   [GPU] 1,850,002 evals (12556 batches, avg 147/batch = 29% of 512, 8871 evals/s, 621 msg/s, 14.3 leaves/msg, 209s)
2026-07-29 22:30:10 [iter 66/70] self-play: 5/70 games...
2026-07-29 22:30:13   [GPU] 1,900,041 evals (12956 batches, avg 147/batch = 29% of 512, 8878 evals/s, 627 msg/s, 14.2 leaves/msg, 214s)
2026-07-29 22:30:18 [iter 66/70] self-play: 10/70 games...
2026-07-29 22:30:19   [GPU] 1,950,063 evals (13344 batches, avg 146/batch = 29% of 512, 8889 evals/s, 634 msg/s, 14.0 leaves/msg, 219s)
2026-07-29 22:30:24 [iter 66/70] self-play: 15/70 games...
2026-07-29 22:30:24   [GPU] 2,000,048 evals (13762 batches, avg 145/batch = 28% of 512, 8889 evals/s, 642 msg/s, 13.9 leaves/msg, 225s)
2026-07-29 22:30:27 [iter 66/70] self-play: 20/70 games...
2026-07-29 22:30:30   [GPU] 2,050,150 evals (14177 batches, avg 145/batch = 28% of 512, 8888 evals/s, 648 msg/s, 13.7 leaves/msg, 231s)
2026-07-29 22:30:31 [iter 66/70] self-play: 25/70 games...
2026-07-29 22:30:35 [iter 66/70] self-play: 30/70 games...
2026-07-29 22:30:36   [GPU] 2,100,008 evals (14591 batches, avg 144/batch = 28% of 512, 8886 evals/s, 655 msg/s, 13.6 leaves/msg, 236s)
2026-07-29 22:30:36 [iter 66/70] self-play: 35/70 games...
2026-07-29 22:30:39 [iter 66/70] self-play: 40/70 games...
2026-07-29 22:30:41   [GPU] 2,150,129 evals (15001 batches, avg 143/batch = 28% of 512, 8890 evals/s, 661 msg/s, 13.5 leaves/msg, 242s)
2026-07-29 22:30:43 [iter 66/70] self-play: 45/70 games...
2026-07-29 22:30:47   [GPU] 2,200,000 evals (15414 batches, avg 143/batch = 28% of 512, 8894 evals/s, 664 msg/s, 13.4 leaves/msg, 247s)
2026-07-29 22:30:50 [iter 66/70] self-play: 50/70 games...
2026-07-29 22:30:52   [GPU] 2,250,116 evals (15844 batches, avg 142/batch = 28% of 512, 8895 evals/s, 665 msg/s, 13.4 leaves/msg, 253s)
2026-07-29 22:30:58   [GPU] 2,300,040 evals (16331 batches, avg 141/batch = 28% of 512, 8880 evals/s, 666 msg/s, 13.3 leaves/msg, 259s)
2026-07-29 22:31:05   [GPU] 2,350,021 evals (16841 batches, avg 140/batch = 27% of 512, 8857 evals/s, 664 msg/s, 13.3 leaves/msg, 265s)
2026-07-29 22:31:10   [GPU] 2,400,002 evals (17301 batches, avg 139/batch = 27% of 512, 8851 evals/s, 664 msg/s, 13.3 leaves/msg, 271s)
2026-07-29 22:31:16   [GPU] 2,450,030 evals (17755 batches, avg 138/batch = 27% of 512, 8845 evals/s, 664 msg/s, 13.3 leaves/msg, 277s)
2026-07-29 22:31:17 [iter 66/70] self-play: 55/70 games...
2026-07-29 22:31:22   [GPU] 2,500,068 evals (18241 batches, avg 137/batch = 27% of 512, 8830 evals/s, 664 msg/s, 13.3 leaves/msg, 283s)
2026-07-29 22:31:29   [GPU] 2,550,014 evals (18810 batches, avg 136/batch = 26% of 512, 8791 evals/s, 662 msg/s, 13.3 leaves/msg, 290s)
2026-07-29 22:31:37   [GPU] 2,600,031 evals (19501 batches, avg 133/batch = 26% of 512, 8722 evals/s, 660 msg/s, 13.2 leaves/msg, 298s)
2026-07-29 22:31:38 [iter 66/70] self-play: 60/70 games...
2026-07-29 22:31:48   [GPU] 2,650,046 evals (20462 batches, avg 130/batch = 25% of 512, 8587 evals/s, 652 msg/s, 13.2 leaves/msg, 309s)
2026-07-29 22:31:59   [GPU] 2,700,025 evals (21507 batches, avg 126/batch = 25% of 512, 8454 evals/s, 642 msg/s, 13.2 leaves/msg, 319s)
2026-07-29 22:32:10 [iter 66/70] self-play: 65/70 games...
2026-07-29 22:32:11   [GPU] 2,750,022 evals (22677 batches, avg 121/batch = 24% of 512, 8300 evals/s, 632 msg/s, 13.1 leaves/msg, 331s)
2026-07-29 22:32:25   [GPU] 2,800,005 evals (24087 batches, avg 116/batch = 23% of 512, 8097 evals/s, 617 msg/s, 13.1 leaves/msg, 346s)
2026-07-29 22:32:43   [GPU] 2,850,005 evals (25830 batches, avg 110/batch = 22% of 512, 7840 evals/s, 599 msg/s, 13.1 leaves/msg, 364s)
2026-07-29 22:33:22   [GPU] 2,900,009 evals (28690 batches, avg 101/batch = 20% of 512, 7195 evals/s, 552 msg/s, 13.0 leaves/msg, 403s)
2026-07-29 22:33:32 [iter 66/70] self-play: 70/70 games...
2026-07-29 22:33:33 [iter 66/70] self-play done: 70 games (416s) | wins: P0=24, P1=2, P2=22, P3=17, draw=5 | draw_rate=7% avg_len~64
2026-07-29 22:33:33 [iter 66/70] training (600 steps, lr=1.11e-04)...
2026-07-29 22:33:46 [iter 66/70] training done: loss_p=1.681 loss_v=0.047 (13s)
2026-07-29 22:33:46 [iter 66/70] eval skipped (eval_every=5)
2026-07-29 22:33:46 >>> iter 66 | loss_p=1.681 loss_v=0.047 | vs_best=n/a (not evaluated) | vs_rand=n/a | draw=7% | buf=500000 | sp=416s train=13s eval_best=0s eval_rand=0s | total=429s
2026-07-29 22:33:46 [iter 67/70] self-play starting (70 games, 600 sims)...
2026-07-29 22:33:48 [PARALLEL-MP] 64 workers spawned (70 games, sims=600), GPU batcher starting...
2026-07-29 22:34:00   [GPU] 50,096 evals (356 batches, avg 141/batch = 27% of 512, 4100 evals/s, 269 msg/s, 15.3 leaves/msg, 12s)
2026-07-29 22:34:08   [GPU] 100,144 evals (694 batches, avg 144/batch = 28% of 512, 5123 evals/s, 333 msg/s, 15.4 leaves/msg, 20s)
2026-07-29 22:34:15   [GPU] 150,033 evals (1036 batches, avg 145/batch = 28% of 512, 5551 evals/s, 360 msg/s, 15.4 leaves/msg, 27s)
2026-07-29 22:34:23   [GPU] 200,047 evals (1371 batches, avg 146/batch = 28% of 512, 5843 evals/s, 380 msg/s, 15.4 leaves/msg, 34s)
2026-07-29 22:34:30   [GPU] 250,112 evals (1701 batches, avg 147/batch = 29% of 512, 6042 evals/s, 392 msg/s, 15.4 leaves/msg, 41s)
2026-07-29 22:34:37   [GPU] 300,004 evals (2023 batches, avg 148/batch = 29% of 512, 6194 evals/s, 402 msg/s, 15.4 leaves/msg, 48s)
2026-07-29 22:34:44   [GPU] 350,071 evals (2356 batches, avg 149/batch = 29% of 512, 6312 evals/s, 410 msg/s, 15.4 leaves/msg, 55s)
2026-07-29 22:34:50   [GPU] 400,035 evals (2684 batches, avg 149/batch = 29% of 512, 6438 evals/s, 418 msg/s, 15.4 leaves/msg, 62s)
2026-07-29 22:34:57   [GPU] 450,061 evals (3014 batches, avg 149/batch = 29% of 512, 6540 evals/s, 425 msg/s, 15.4 leaves/msg, 69s)
2026-07-29 22:35:04   [GPU] 500,137 evals (3331 batches, avg 150/batch = 29% of 512, 6648 evals/s, 432 msg/s, 15.4 leaves/msg, 75s)
2026-07-29 22:35:10   [GPU] 550,111 evals (3653 batches, avg 151/batch = 29% of 512, 6756 evals/s, 439 msg/s, 15.4 leaves/msg, 81s)
2026-07-29 22:35:16   [GPU] 600,152 evals (3979 batches, avg 151/batch = 29% of 512, 6873 evals/s, 446 msg/s, 15.4 leaves/msg, 87s)
2026-07-29 22:35:21   [GPU] 650,011 evals (4289 batches, avg 152/batch = 30% of 512, 7003 evals/s, 455 msg/s, 15.4 leaves/msg, 93s)
2026-07-29 22:35:26   [GPU] 700,164 evals (4608 batches, avg 152/batch = 30% of 512, 7182 evals/s, 466 msg/s, 15.4 leaves/msg, 97s)
2026-07-29 22:35:31   [GPU] 750,133 evals (4927 batches, avg 152/batch = 30% of 512, 7336 evals/s, 477 msg/s, 15.4 leaves/msg, 102s)
2026-07-29 22:35:35   [GPU] 800,152 evals (5253 batches, avg 152/batch = 30% of 512, 7476 evals/s, 487 msg/s, 15.4 leaves/msg, 107s)
2026-07-29 22:35:40   [GPU] 850,107 evals (5589 batches, avg 152/batch = 30% of 512, 7599 evals/s, 496 msg/s, 15.3 leaves/msg, 112s)
2026-07-29 22:35:45   [GPU] 900,102 evals (5925 batches, avg 152/batch = 30% of 512, 7717 evals/s, 505 msg/s, 15.3 leaves/msg, 117s)
2026-07-29 22:35:50   [GPU] 950,021 evals (6263 batches, avg 152/batch = 30% of 512, 7831 evals/s, 513 msg/s, 15.3 leaves/msg, 121s)
2026-07-29 22:35:54   [GPU] 1,000,074 evals (6596 batches, avg 152/batch = 30% of 512, 7935 evals/s, 521 msg/s, 15.2 leaves/msg, 126s)
2026-07-29 22:35:59   [GPU] 1,050,085 evals (6922 batches, avg 152/batch = 30% of 512, 8037 evals/s, 529 msg/s, 15.2 leaves/msg, 131s)
2026-07-29 22:36:04   [GPU] 1,100,103 evals (7254 batches, avg 152/batch = 30% of 512, 8131 evals/s, 537 msg/s, 15.2 leaves/msg, 135s)
2026-07-29 22:36:08   [GPU] 1,150,207 evals (7588 batches, avg 152/batch = 30% of 512, 8223 evals/s, 544 msg/s, 15.1 leaves/msg, 140s)
2026-07-29 22:36:13   [GPU] 1,200,053 evals (7922 batches, avg 151/batch = 30% of 512, 8301 evals/s, 550 msg/s, 15.1 leaves/msg, 145s)
2026-07-29 22:36:18   [GPU] 1,250,172 evals (8268 batches, avg 151/batch = 30% of 512, 8373 evals/s, 556 msg/s, 15.1 leaves/msg, 149s)
2026-07-29 22:36:22   [GPU] 1,300,123 evals (8603 batches, avg 151/batch = 30% of 512, 8443 evals/s, 562 msg/s, 15.0 leaves/msg, 154s)
2026-07-29 22:36:27   [GPU] 1,350,053 evals (8944 batches, avg 151/batch = 29% of 512, 8508 evals/s, 568 msg/s, 15.0 leaves/msg, 159s)
2026-07-29 22:36:32   [GPU] 1,400,139 evals (9285 batches, avg 151/batch = 29% of 512, 8570 evals/s, 573 msg/s, 14.9 leaves/msg, 163s)
2026-07-29 22:36:36   [GPU] 1,450,174 evals (9628 batches, avg 151/batch = 29% of 512, 8630 evals/s, 579 msg/s, 14.9 leaves/msg, 168s)
2026-07-29 22:36:41   [GPU] 1,500,117 evals (9973 batches, avg 150/batch = 29% of 512, 8684 evals/s, 585 msg/s, 14.9 leaves/msg, 173s)
2026-07-29 22:36:46   [GPU] 1,550,017 evals (10317 batches, avg 150/batch = 29% of 512, 8734 evals/s, 590 msg/s, 14.8 leaves/msg, 177s)
2026-07-29 22:36:51   [GPU] 1,600,046 evals (10662 batches, avg 150/batch = 29% of 512, 8777 evals/s, 594 msg/s, 14.8 leaves/msg, 182s)
2026-07-29 22:36:55   [GPU] 1,650,197 evals (11014 batches, avg 150/batch = 29% of 512, 8819 evals/s, 599 msg/s, 14.7 leaves/msg, 187s)
2026-07-29 22:37:00   [GPU] 1,700,019 evals (11372 batches, avg 149/batch = 29% of 512, 8858 evals/s, 604 msg/s, 14.7 leaves/msg, 192s)
2026-07-29 22:37:05   [GPU] 1,750,041 evals (11733 batches, avg 149/batch = 29% of 512, 8885 evals/s, 608 msg/s, 14.6 leaves/msg, 197s)
2026-07-29 22:37:10   [GPU] 1,800,000 evals (12090 batches, avg 149/batch = 29% of 512, 8912 evals/s, 613 msg/s, 14.5 leaves/msg, 202s)
2026-07-29 22:37:15   [GPU] 1,850,050 evals (12480 batches, avg 148/batch = 29% of 512, 8928 evals/s, 618 msg/s, 14.4 leaves/msg, 207s)
2026-07-29 22:37:21   [GPU] 1,900,057 evals (12867 batches, avg 148/batch = 29% of 512, 8942 evals/s, 623 msg/s, 14.3 leaves/msg, 212s)
2026-07-29 22:37:26   [GPU] 1,950,053 evals (13254 batches, avg 147/batch = 29% of 512, 8949 evals/s, 629 msg/s, 14.2 leaves/msg, 218s)
2026-07-29 22:37:27 [iter 67/70] self-play: 5/70 games...
2026-07-29 22:37:32   [GPU] 2,000,025 evals (13659 batches, avg 146/batch = 29% of 512, 8950 evals/s, 635 msg/s, 14.1 leaves/msg, 223s)
2026-07-29 22:37:36 [iter 67/70] self-play: 10/70 games...
2026-07-29 22:37:38   [GPU] 2,050,142 evals (14065 batches, avg 146/batch = 28% of 512, 8939 evals/s, 642 msg/s, 13.9 leaves/msg, 229s)
2026-07-29 22:37:38 [iter 67/70] self-play: 15/70 games...
2026-07-29 22:37:42 [iter 67/70] self-play: 20/70 games...
2026-07-29 22:37:43   [GPU] 2,100,081 evals (14484 batches, avg 145/batch = 28% of 512, 8937 evals/s, 648 msg/s, 13.8 leaves/msg, 235s)
2026-07-29 22:37:46 [iter 67/70] self-play: 25/70 games...
2026-07-29 22:37:49   [GPU] 2,150,099 evals (14908 batches, avg 144/batch = 28% of 512, 8930 evals/s, 656 msg/s, 13.6 leaves/msg, 241s)
2026-07-29 22:37:49 [iter 67/70] self-play: 30/70 games...
2026-07-29 22:37:52 [iter 67/70] self-play: 35/70 games...
2026-07-29 22:37:54 [iter 67/70] self-play: 40/70 games...
2026-07-29 22:37:55   [GPU] 2,200,001 evals (15366 batches, avg 143/batch = 28% of 512, 8900 evals/s, 662 msg/s, 13.4 leaves/msg, 247s)
2026-07-29 22:37:56 [iter 67/70] self-play: 45/70 games...
2026-07-29 22:37:58 [iter 67/70] self-play: 50/70 games...
2026-07-29 22:37:59 [iter 67/70] self-play: 55/70 games...
2026-07-29 22:38:03   [GPU] 2,250,006 evals (16035 batches, avg 140/batch = 27% of 512, 8818 evals/s, 662 msg/s, 13.3 leaves/msg, 255s)
2026-07-29 22:38:08 [iter 67/70] self-play: 60/70 games...
2026-07-29 22:38:15   [GPU] 2,300,025 evals (17149 batches, avg 134/batch = 26% of 512, 8608 evals/s, 648 msg/s, 13.3 leaves/msg, 267s)
2026-07-29 22:38:28   [GPU] 2,350,045 evals (18266 batches, avg 129/batch = 25% of 512, 8414 evals/s, 633 msg/s, 13.3 leaves/msg, 279s)
2026-07-29 22:38:38   [GPU] 2,400,003 evals (19285 batches, avg 124/batch = 24% of 512, 8270 evals/s, 624 msg/s, 13.3 leaves/msg, 290s)
2026-07-29 22:38:40 [iter 67/70] self-play: 65/70 games...
2026-07-29 22:38:53   [GPU] 2,450,010 evals (20726 batches, avg 118/batch = 23% of 512, 8027 evals/s, 606 msg/s, 13.2 leaves/msg, 305s)
2026-07-29 22:39:01 [iter 67/70] self-play: 70/70 games...
2026-07-29 22:39:02 [iter 67/70] self-play done: 70 games (316s) | wins: P0=33, P1=1, P2=14, P3=22 | draw_rate=0% avg_len~67
2026-07-29 22:39:02 [iter 67/70] training (600 steps, lr=1.07e-04)...
2026-07-29 22:39:15 [iter 67/70] training done: loss_p=1.681 loss_v=0.048 (13s)
2026-07-29 22:39:15 [iter 67/70] eval skipped (eval_every=5)
2026-07-29 22:39:15 >>> iter 67 | loss_p=1.681 loss_v=0.048 | vs_best=n/a (not evaluated) | vs_rand=n/a | draw=0% | buf=500000 | sp=316s train=13s eval_best=0s eval_rand=0s | total=329s
2026-07-29 22:39:15 [iter 68/70] self-play starting (70 games, 600 sims)...
2026-07-29 22:39:17 [PARALLEL-MP] 64 workers spawned (70 games, sims=600), GPU batcher starting...
2026-07-29 22:39:29   [GPU] 50,032 evals (369 batches, avg 136/batch = 26% of 512, 4052 evals/s, 266 msg/s, 15.3 leaves/msg, 12s)
2026-07-29 22:39:37   [GPU] 100,112 evals (695 batches, avg 144/batch = 28% of 512, 5127 evals/s, 333 msg/s, 15.4 leaves/msg, 20s)
2026-07-29 22:39:44   [GPU] 150,104 evals (1041 batches, avg 144/batch = 28% of 512, 5558 evals/s, 360 msg/s, 15.4 leaves/msg, 27s)
2026-07-29 22:39:51   [GPU] 200,080 evals (1376 batches, avg 145/batch = 28% of 512, 5865 evals/s, 382 msg/s, 15.4 leaves/msg, 34s)
2026-07-29 22:39:58   [GPU] 250,185 evals (1704 batches, avg 147/batch = 29% of 512, 6095 evals/s, 396 msg/s, 15.4 leaves/msg, 41s)
2026-07-29 22:40:05   [GPU] 300,010 evals (2024 batches, avg 148/batch = 29% of 512, 6258 evals/s, 406 msg/s, 15.4 leaves/msg, 48s)
2026-07-29 22:40:12   [GPU] 350,103 evals (2349 batches, avg 149/batch = 29% of 512, 6373 evals/s, 414 msg/s, 15.4 leaves/msg, 55s)
2026-07-29 22:40:19   [GPU] 400,118 evals (2668 batches, avg 150/batch = 29% of 512, 6489 evals/s, 421 msg/s, 15.4 leaves/msg, 62s)
2026-07-29 22:40:25   [GPU] 450,174 evals (2979 batches, avg 151/batch = 30% of 512, 6596 evals/s, 428 msg/s, 15.4 leaves/msg, 68s)
2026-07-29 22:40:32   [GPU] 500,059 evals (3290 batches, avg 152/batch = 30% of 512, 6708 evals/s, 435 msg/s, 15.4 leaves/msg, 75s)
2026-07-29 22:40:38   [GPU] 550,132 evals (3596 batches, avg 153/batch = 30% of 512, 6821 evals/s, 443 msg/s, 15.4 leaves/msg, 81s)
2026-07-29 22:40:43   [GPU] 600,065 evals (3888 batches, avg 154/batch = 30% of 512, 6944 evals/s, 451 msg/s, 15.4 leaves/msg, 86s)
2026-07-29 22:40:49   [GPU] 650,030 evals (4168 batches, avg 156/batch = 30% of 512, 7093 evals/s, 460 msg/s, 15.4 leaves/msg, 92s)
2026-07-29 22:40:53   [GPU] 700,026 evals (4475 batches, avg 156/batch = 31% of 512, 7292 evals/s, 473 msg/s, 15.4 leaves/msg, 96s)
2026-07-29 22:40:57   [GPU] 750,023 evals (4779 batches, avg 157/batch = 31% of 512, 7475 evals/s, 486 msg/s, 15.4 leaves/msg, 100s)
2026-07-29 22:41:02   [GPU] 800,018 evals (5097 batches, avg 157/batch = 31% of 512, 7629 evals/s, 497 msg/s, 15.4 leaves/msg, 105s)
2026-07-29 22:41:06   [GPU] 850,186 evals (5414 batches, avg 157/batch = 31% of 512, 7781 evals/s, 508 msg/s, 15.3 leaves/msg, 109s)
2026-07-29 22:41:11   [GPU] 900,074 evals (5731 batches, avg 157/batch = 31% of 512, 7921 evals/s, 518 msg/s, 15.3 leaves/msg, 114s)
2026-07-29 22:41:15   [GPU] 950,166 evals (6041 batches, avg 157/batch = 31% of 512, 8070 evals/s, 529 msg/s, 15.2 leaves/msg, 118s)
2026-07-29 22:41:19   [GPU] 1,000,019 evals (6356 batches, avg 157/batch = 31% of 512, 8201 evals/s, 540 msg/s, 15.2 leaves/msg, 122s)
2026-07-29 22:41:23   [GPU] 1,050,091 evals (6655 batches, avg 158/batch = 31% of 512, 8332 evals/s, 549 msg/s, 15.2 leaves/msg, 126s)
2026-07-29 22:41:27   [GPU] 1,100,214 evals (6974 batches, avg 158/batch = 31% of 512, 8444 evals/s, 558 msg/s, 15.1 leaves/msg, 130s)
2026-07-29 22:41:32   [GPU] 1,150,053 evals (7285 batches, avg 158/batch = 31% of 512, 8539 evals/s, 566 msg/s, 15.1 leaves/msg, 135s)
2026-07-29 22:41:36   [GPU] 1,200,215 evals (7607 batches, avg 158/batch = 31% of 512, 8626 evals/s, 573 msg/s, 15.1 leaves/msg, 139s)
2026-07-29 22:41:40   [GPU] 1,250,028 evals (7925 batches, avg 158/batch = 31% of 512, 8724 evals/s, 581 msg/s, 15.0 leaves/msg, 143s)
2026-07-29 22:41:45   [GPU] 1,300,197 evals (8241 batches, avg 158/batch = 31% of 512, 8808 evals/s, 588 msg/s, 15.0 leaves/msg, 148s)
2026-07-29 22:41:49   [GPU] 1,350,029 evals (8556 batches, avg 158/batch = 31% of 512, 8891 evals/s, 595 msg/s, 14.9 leaves/msg, 152s)
2026-07-29 22:41:53   [GPU] 1,400,059 evals (8877 batches, avg 158/batch = 31% of 512, 8954 evals/s, 600 msg/s, 14.9 leaves/msg, 156s)
2026-07-29 22:41:58   [GPU] 1,450,186 evals (9193 batches, avg 158/batch = 31% of 512, 9019 evals/s, 606 msg/s, 14.9 leaves/msg, 161s)
2026-07-29 22:42:02   [GPU] 1,500,136 evals (9495 batches, avg 158/batch = 31% of 512, 9102 evals/s, 613 msg/s, 14.8 leaves/msg, 165s)
2026-07-29 22:42:06   [GPU] 1,550,185 evals (9817 batches, avg 158/batch = 31% of 512, 9169 evals/s, 619 msg/s, 14.8 leaves/msg, 169s)
2026-07-29 22:42:10   [GPU] 1,600,028 evals (10134 batches, avg 158/batch = 31% of 512, 9236 evals/s, 626 msg/s, 14.8 leaves/msg, 173s)
2026-07-29 22:42:15   [GPU] 1,650,004 evals (10448 batches, avg 158/batch = 31% of 512, 9299 evals/s, 632 msg/s, 14.7 leaves/msg, 177s)
2026-07-29 22:42:19   [GPU] 1,700,061 evals (10768 batches, avg 158/batch = 31% of 512, 9349 evals/s, 638 msg/s, 14.7 leaves/msg, 182s)
2026-07-29 22:42:23   [GPU] 1,750,012 evals (11082 batches, avg 158/batch = 31% of 512, 9411 evals/s, 645 msg/s, 14.6 leaves/msg, 186s)
2026-07-29 22:42:28   [GPU] 1,800,126 evals (11415 batches, avg 158/batch = 31% of 512, 9452 evals/s, 652 msg/s, 14.5 leaves/msg, 190s)
2026-07-29 22:42:32   [GPU] 1,850,095 evals (11745 batches, avg 158/batch = 31% of 512, 9497 evals/s, 659 msg/s, 14.4 leaves/msg, 195s)
2026-07-29 22:42:35 [iter 68/70] self-play: 5/70 games...
2026-07-29 22:42:37   [GPU] 1,900,072 evals (12118 batches, avg 157/batch = 31% of 512, 9514 evals/s, 667 msg/s, 14.3 leaves/msg, 200s)
2026-07-29 22:42:42   [GPU] 1,950,055 evals (12498 batches, avg 156/batch = 30% of 512, 9521 evals/s, 675 msg/s, 14.1 leaves/msg, 205s)
2026-07-29 22:42:42 [iter 68/70] self-play: 10/70 games...
2026-07-29 22:42:46 [iter 68/70] self-play: 15/70 games...
2026-07-29 22:42:47   [GPU] 2,000,075 evals (12876 batches, avg 155/batch = 30% of 512, 9541 evals/s, 686 msg/s, 13.9 leaves/msg, 210s)
2026-07-29 22:42:48 [iter 68/70] self-play: 20/70 games...
2026-07-29 22:42:51 [iter 68/70] self-play: 25/70 games...
2026-07-29 22:42:52 [iter 68/70] self-play: 30/70 games...
2026-07-29 22:42:52   [GPU] 2,050,003 evals (13284 batches, avg 154/batch = 30% of 512, 9527 evals/s, 696 msg/s, 13.7 leaves/msg, 215s)
2026-07-29 22:42:53 [iter 68/70] self-play: 35/70 games...
2026-07-29 22:42:55 [iter 68/70] self-play: 40/70 games...
2026-07-29 22:42:57 [iter 68/70] self-play: 45/70 games...
2026-07-29 22:42:58   [GPU] 2,100,060 evals (13687 batches, avg 153/batch = 30% of 512, 9524 evals/s, 706 msg/s, 13.5 leaves/msg, 221s)
2026-07-29 22:43:00 [iter 68/70] self-play: 50/70 games...
2026-07-29 22:43:04 [iter 68/70] self-play: 55/70 games...
2026-07-29 22:43:04   [GPU] 2,150,057 evals (14264 batches, avg 151/batch = 29% of 512, 9458 evals/s, 708 msg/s, 13.4 leaves/msg, 227s)
2026-07-29 22:43:14   [GPU] 2,200,032 evals (15199 batches, avg 145/batch = 28% of 512, 9270 evals/s, 695 msg/s, 13.3 leaves/msg, 237s)
2026-07-29 22:43:16 [iter 68/70] self-play: 60/70 games...
2026-07-29 22:43:28   [GPU] 2,250,023 evals (16497 batches, avg 136/batch = 27% of 512, 8967 evals/s, 674 msg/s, 13.3 leaves/msg, 251s)
2026-07-29 22:43:38   [GPU] 2,300,007 evals (17444 batches, avg 132/batch = 26% of 512, 8818 evals/s, 662 msg/s, 13.3 leaves/msg, 261s)
2026-07-29 22:43:48   [GPU] 2,350,018 evals (18424 batches, avg 128/batch = 25% of 512, 8661 evals/s, 651 msg/s, 13.3 leaves/msg, 271s)
2026-07-29 22:43:57 [iter 68/70] self-play: 65/70 games...
2026-07-29 22:44:02   [GPU] 2,400,052 evals (19730 batches, avg 122/batch = 24% of 512, 8425 evals/s, 635 msg/s, 13.3 leaves/msg, 285s)
2026-07-29 22:44:26   [GPU] 2,450,005 evals (21701 batches, avg 113/batch = 22% of 512, 7919 evals/s, 598 msg/s, 13.3 leaves/msg, 309s)
2026-07-29 22:44:35 [iter 68/70] self-play: 70/70 games...
2026-07-29 22:44:35 [iter 68/70] self-play done: 70 games (320s) | wins: P0=27, P1=3, P2=22, P3=18 | draw_rate=0% avg_len~67
2026-07-29 22:44:35 [iter 68/70] training (600 steps, lr=1.04e-04)...
2026-07-29 22:44:48 [iter 68/70] training done: loss_p=1.674 loss_v=0.047 (13s)
2026-07-29 22:44:48 [iter 68/70] eval skipped (eval_every=5)
2026-07-29 22:44:48 >>> iter 68 | loss_p=1.674 loss_v=0.047 | vs_best=n/a (not evaluated) | vs_rand=n/a | draw=0% | buf=500000 | sp=320s train=13s eval_best=0s eval_rand=0s | total=333s
2026-07-29 22:44:48 [iter 69/70] self-play starting (70 games, 600 sims)...
2026-07-29 22:44:50 [PARALLEL-MP] 64 workers spawned (70 games, sims=600), GPU batcher starting...
2026-07-29 22:45:03   [GPU] 50,000 evals (357 batches, avg 140/batch = 27% of 512, 3960 evals/s, 260 msg/s, 15.3 leaves/msg, 13s)
2026-07-29 22:45:10   [GPU] 100,096 evals (701 batches, avg 143/batch = 28% of 512, 4949 evals/s, 321 msg/s, 15.4 leaves/msg, 20s)
2026-07-29 22:45:18   [GPU] 150,023 evals (1058 batches, avg 142/batch = 28% of 512, 5368 evals/s, 348 msg/s, 15.4 leaves/msg, 28s)
2026-07-29 22:45:25   [GPU] 200,107 evals (1393 batches, avg 144/batch = 28% of 512, 5681 evals/s, 370 msg/s, 15.4 leaves/msg, 35s)
2026-07-29 22:45:33   [GPU] 250,000 evals (1734 batches, avg 144/batch = 28% of 512, 5861 evals/s, 381 msg/s, 15.4 leaves/msg, 43s)
2026-07-29 22:45:40   [GPU] 300,024 evals (2062 batches, avg 146/batch = 28% of 512, 6009 evals/s, 390 msg/s, 15.4 leaves/msg, 50s)
2026-07-29 22:45:47   [GPU] 350,070 evals (2391 batches, avg 146/batch = 29% of 512, 6127 evals/s, 398 msg/s, 15.4 leaves/msg, 57s)
2026-07-29 22:45:54   [GPU] 400,118 evals (2721 batches, avg 147/batch = 29% of 512, 6246 evals/s, 406 msg/s, 15.4 leaves/msg, 64s)
2026-07-29 22:46:01   [GPU] 450,069 evals (3034 batches, avg 148/batch = 29% of 512, 6352 evals/s, 412 msg/s, 15.4 leaves/msg, 71s)
2026-07-29 22:46:07   [GPU] 500,013 evals (3355 batches, avg 149/batch = 29% of 512, 6459 evals/s, 419 msg/s, 15.4 leaves/msg, 77s)
2026-07-29 22:46:14   [GPU] 550,027 evals (3657 batches, avg 150/batch = 29% of 512, 6577 evals/s, 427 msg/s, 15.4 leaves/msg, 84s)
2026-07-29 22:46:20   [GPU] 600,089 evals (3960 batches, avg 152/batch = 30% of 512, 6695 evals/s, 435 msg/s, 15.4 leaves/msg, 90s)
2026-07-29 22:46:25   [GPU] 650,095 evals (4254 batches, avg 153/batch = 30% of 512, 6818 evals/s, 443 msg/s, 15.4 leaves/msg, 95s)
2026-07-29 22:46:30   [GPU] 700,224 evals (4549 batches, avg 154/batch = 30% of 512, 7015 evals/s, 455 msg/s, 15.4 leaves/msg, 100s)
2026-07-29 22:46:34   [GPU] 750,072 evals (4838 batches, avg 155/batch = 30% of 512, 7216 evals/s, 469 msg/s, 15.4 leaves/msg, 104s)
2026-07-29 22:46:38   [GPU] 800,036 evals (5153 batches, avg 155/batch = 30% of 512, 7401 evals/s, 482 msg/s, 15.4 leaves/msg, 108s)
2026-07-29 22:46:43   [GPU] 850,171 evals (5467 batches, avg 156/batch = 30% of 512, 7559 evals/s, 493 msg/s, 15.3 leaves/msg, 112s)
2026-07-29 22:46:47   [GPU] 900,082 evals (5773 batches, avg 156/batch = 30% of 512, 7715 evals/s, 505 msg/s, 15.3 leaves/msg, 117s)
2026-07-29 22:46:51   [GPU] 950,074 evals (6087 batches, avg 156/batch = 30% of 512, 7870 evals/s, 516 msg/s, 15.3 leaves/msg, 121s)
2026-07-29 22:46:55   [GPU] 1,000,158 evals (6402 batches, avg 156/batch = 31% of 512, 7991 evals/s, 525 msg/s, 15.2 leaves/msg, 125s)
2026-07-29 22:46:59   [GPU] 1,050,180 evals (6703 batches, avg 157/batch = 31% of 512, 8134 evals/s, 536 msg/s, 15.2 leaves/msg, 129s)
2026-07-29 22:47:03   [GPU] 1,100,133 evals (7013 batches, avg 157/batch = 31% of 512, 8256 evals/s, 545 msg/s, 15.2 leaves/msg, 133s)
2026-07-29 22:47:07   [GPU] 1,150,046 evals (7323 batches, avg 157/batch = 31% of 512, 8375 evals/s, 554 msg/s, 15.1 leaves/msg, 137s)
2026-07-29 22:47:12   [GPU] 1,200,022 evals (7631 batches, avg 157/batch = 31% of 512, 8483 evals/s, 562 msg/s, 15.1 leaves/msg, 141s)
2026-07-29 22:47:16   [GPU] 1,250,102 evals (7946 batches, avg 157/batch = 31% of 512, 8593 evals/s, 571 msg/s, 15.1 leaves/msg, 145s)
2026-07-29 22:47:20   [GPU] 1,300,014 evals (8254 batches, avg 158/batch = 31% of 512, 8694 evals/s, 579 msg/s, 15.0 leaves/msg, 150s)
2026-07-29 22:47:24   [GPU] 1,350,129 evals (8574 batches, avg 157/batch = 31% of 512, 8776 evals/s, 586 msg/s, 15.0 leaves/msg, 154s)
2026-07-29 22:47:28   [GPU] 1,400,053 evals (8876 batches, avg 158/batch = 31% of 512, 8878 evals/s, 594 msg/s, 15.0 leaves/msg, 158s)
2026-07-29 22:47:32   [GPU] 1,450,067 evals (9193 batches, avg 158/batch = 31% of 512, 8954 evals/s, 600 msg/s, 14.9 leaves/msg, 162s)
2026-07-29 22:47:36   [GPU] 1,500,024 evals (9501 batches, avg 158/batch = 31% of 512, 9037 evals/s, 607 msg/s, 14.9 leaves/msg, 166s)
2026-07-29 22:47:40   [GPU] 1,550,072 evals (9797 batches, avg 158/batch = 31% of 512, 9122 evals/s, 614 msg/s, 14.9 leaves/msg, 170s)
2026-07-29 22:47:44   [GPU] 1,600,012 evals (10114 batches, avg 158/batch = 31% of 512, 9185 evals/s, 620 msg/s, 14.8 leaves/msg, 174s)
2026-07-29 22:47:48   [GPU] 1,650,132 evals (10422 batches, avg 158/batch = 31% of 512, 9260 evals/s, 627 msg/s, 14.8 leaves/msg, 178s)
2026-07-29 22:47:52   [GPU] 1,700,168 evals (10737 batches, avg 158/batch = 31% of 512, 9330 evals/s, 635 msg/s, 14.7 leaves/msg, 182s)
2026-07-29 22:47:56   [GPU] 1,750,159 evals (11056 batches, avg 158/batch = 31% of 512, 9394 evals/s, 641 msg/s, 14.6 leaves/msg, 186s)
2026-07-29 22:48:01   [GPU] 1,800,014 evals (11407 batches, avg 158/batch = 31% of 512, 9424 evals/s, 647 msg/s, 14.6 leaves/msg, 191s)
2026-07-29 22:48:05   [GPU] 1,850,149 evals (11735 batches, avg 158/batch = 31% of 512, 9475 evals/s, 654 msg/s, 14.5 leaves/msg, 195s)
2026-07-29 22:48:06 [iter 69/70] self-play: 5/70 games...
2026-07-29 22:48:10   [GPU] 1,900,063 evals (12083 batches, avg 157/batch = 31% of 512, 9510 evals/s, 661 msg/s, 14.4 leaves/msg, 200s)
2026-07-29 22:48:14   [GPU] 1,950,087 evals (12426 batches, avg 157/batch = 31% of 512, 9542 evals/s, 668 msg/s, 14.3 leaves/msg, 204s)
2026-07-29 22:48:18 [iter 69/70] self-play: 10/70 games...
2026-07-29 22:48:19   [GPU] 2,000,068 evals (12785 batches, avg 156/batch = 31% of 512, 9566 evals/s, 676 msg/s, 14.1 leaves/msg, 209s)
2026-07-29 22:48:23 [iter 69/70] self-play: 15/70 games...
2026-07-29 22:48:24   [GPU] 2,050,141 evals (13153 batches, avg 156/batch = 30% of 512, 9576 evals/s, 684 msg/s, 14.0 leaves/msg, 214s)
2026-07-29 22:48:24 [iter 69/70] self-play: 20/70 games...
2026-07-29 22:48:28 [iter 69/70] self-play: 25/70 games...
2026-07-29 22:48:29   [GPU] 2,100,045 evals (13502 batches, avg 156/batch = 30% of 512, 9604 evals/s, 692 msg/s, 13.9 leaves/msg, 219s)
2026-07-29 22:48:31 [iter 69/70] self-play: 30/70 games...
2026-07-29 22:48:34   [GPU] 2,150,074 evals (13874 batches, avg 155/batch = 30% of 512, 9619 evals/s, 701 msg/s, 13.7 leaves/msg, 224s)
2026-07-29 22:48:34 [iter 69/70] self-play: 35/70 games...
2026-07-29 22:48:37 [iter 69/70] self-play: 40/70 games...
2026-07-29 22:48:39   [GPU] 2,200,051 evals (14265 batches, avg 154/batch = 30% of 512, 9609 evals/s, 707 msg/s, 13.6 leaves/msg, 229s)
2026-07-29 22:48:39 [iter 69/70] self-play: 45/70 games...
2026-07-29 22:48:45 [iter 69/70] self-play: 50/70 games...
2026-07-29 22:48:45   [GPU] 2,250,006 evals (14730 batches, avg 153/batch = 30% of 512, 9581 evals/s, 711 msg/s, 13.5 leaves/msg, 235s)
2026-07-29 22:48:47 [iter 69/70] self-play: 55/70 games...
2026-07-29 22:48:53   [GPU] 2,300,076 evals (15440 batches, avg 149/batch = 29% of 512, 9470 evals/s, 705 msg/s, 13.4 leaves/msg, 243s)
2026-07-29 22:48:57 [iter 69/70] self-play: 60/70 games...
2026-07-29 22:49:03   [GPU] 2,350,072 evals (16402 batches, avg 143/batch = 28% of 512, 9286 evals/s, 692 msg/s, 13.4 leaves/msg, 253s)
2026-07-29 22:49:11   [GPU] 2,400,052 evals (17182 batches, avg 140/batch = 27% of 512, 9190 evals/s, 685 msg/s, 13.4 leaves/msg, 261s)
2026-07-29 22:49:20   [GPU] 2,450,008 evals (18051 batches, avg 136/batch = 27% of 512, 9073 evals/s, 677 msg/s, 13.4 leaves/msg, 270s)
2026-07-29 22:49:30   [GPU] 2,500,011 evals (19053 batches, avg 131/batch = 26% of 512, 8916 evals/s, 666 msg/s, 13.4 leaves/msg, 280s)
2026-07-29 22:49:41   [GPU] 2,550,027 evals (20102 batches, avg 127/batch = 25% of 512, 8765 evals/s, 656 msg/s, 13.4 leaves/msg, 291s)
2026-07-29 22:49:42 [iter 69/70] self-play: 65/70 games...
2026-07-29 22:50:09   [GPU] 2,600,002 evals (22284 batches, avg 117/batch = 23% of 512, 8159 evals/s, 613 msg/s, 13.3 leaves/msg, 319s)
2026-07-29 22:50:30 [iter 69/70] self-play: 70/70 games...
2026-07-29 22:50:31 [iter 69/70] self-play done: 70 games (343s) | wins: P0=34, P2=16, P3=18, draw=2 | draw_rate=3% avg_len~65
2026-07-29 22:50:31 [iter 69/70] training (600 steps, lr=1.02e-04)...
2026-07-29 22:50:42 [iter 69/70] training done: loss_p=1.685 loss_v=0.048 (12s)
2026-07-29 22:50:42 [iter 69/70] eval skipped (eval_every=5)
2026-07-29 22:50:42 >>> iter 69 | loss_p=1.685 loss_v=0.048 | vs_best=n/a (not evaluated) | vs_rand=n/a | draw=3% | buf=500000 | sp=343s train=12s eval_best=0s eval_rand=0s | total=354s
2026-07-29 22:50:42 [iter 70/70] self-play starting (70 games, 600 sims)...
2026-07-29 22:50:44 [PARALLEL-MP] 64 workers spawned (70 games, sims=600), GPU batcher starting...
2026-07-29 22:50:56   [GPU] 50,080 evals (352 batches, avg 142/batch = 28% of 512, 4195 evals/s, 275 msg/s, 15.3 leaves/msg, 12s)
2026-07-29 22:51:04   [GPU] 100,016 evals (689 batches, avg 145/batch = 28% of 512, 5224 evals/s, 339 msg/s, 15.4 leaves/msg, 19s)
2026-07-29 22:51:11   [GPU] 150,001 evals (1049 batches, avg 143/batch = 28% of 512, 5659 evals/s, 367 msg/s, 15.4 leaves/msg, 27s)
2026-07-29 22:51:18   [GPU] 200,140 evals (1384 batches, avg 145/batch = 28% of 512, 5969 evals/s, 388 msg/s, 15.4 leaves/msg, 34s)
2026-07-29 22:51:25   [GPU] 250,000 evals (1721 batches, avg 145/batch = 28% of 512, 6140 evals/s, 399 msg/s, 15.4 leaves/msg, 41s)
2026-07-29 22:51:32   [GPU] 300,025 evals (2042 batches, avg 147/batch = 29% of 512, 6300 evals/s, 409 msg/s, 15.4 leaves/msg, 48s)
2026-07-29 22:51:39   [GPU] 350,033 evals (2360 batches, avg 148/batch = 29% of 512, 6430 evals/s, 417 msg/s, 15.4 leaves/msg, 54s)
2026-07-29 22:51:46   [GPU] 400,049 evals (2681 batches, avg 149/batch = 29% of 512, 6544 evals/s, 425 msg/s, 15.4 leaves/msg, 61s)
2026-07-29 22:51:52   [GPU] 450,133 evals (2996 batches, avg 150/batch = 29% of 512, 6630 evals/s, 430 msg/s, 15.4 leaves/msg, 68s)
2026-07-29 22:51:59   [GPU] 500,129 evals (3308 batches, avg 151/batch = 30% of 512, 6735 evals/s, 437 msg/s, 15.4 leaves/msg, 74s)
2026-07-29 22:52:05   [GPU] 550,102 evals (3605 batches, avg 153/batch = 30% of 512, 6824 evals/s, 443 msg/s, 15.4 leaves/msg, 81s)
2026-07-29 22:52:11   [GPU] 600,127 evals (3907 batches, avg 154/batch = 30% of 512, 6935 evals/s, 450 msg/s, 15.4 leaves/msg, 87s)
2026-07-29 22:52:16   [GPU] 650,033 evals (4194 batches, avg 155/batch = 30% of 512, 7077 evals/s, 459 msg/s, 15.4 leaves/msg, 92s)
2026-07-29 22:52:21   [GPU] 700,116 evals (4471 batches, avg 157/batch = 31% of 512, 7285 evals/s, 473 msg/s, 15.4 leaves/msg, 96s)
2026-07-29 22:52:25   [GPU] 750,030 evals (4764 batches, avg 157/batch = 31% of 512, 7494 evals/s, 487 msg/s, 15.4 leaves/msg, 100s)
2026-07-29 22:52:29   [GPU] 800,049 evals (5064 batches, avg 158/batch = 31% of 512, 7664 evals/s, 499 msg/s, 15.4 leaves/msg, 104s)
2026-07-29 22:52:33   [GPU] 850,136 evals (5351 batches, avg 159/batch = 31% of 512, 7838 evals/s, 512 msg/s, 15.3 leaves/msg, 108s)
2026-07-29 22:52:37   [GPU] 900,090 evals (5649 batches, avg 159/batch = 31% of 512, 7996 evals/s, 523 msg/s, 15.3 leaves/msg, 113s)
2026-07-29 22:52:41   [GPU] 950,108 evals (5954 batches, avg 160/batch = 31% of 512, 8148 evals/s, 534 msg/s, 15.3 leaves/msg, 117s)
2026-07-29 22:52:45   [GPU] 1,000,067 evals (6250 batches, avg 160/batch = 31% of 512, 8298 evals/s, 545 msg/s, 15.2 leaves/msg, 121s)
2026-07-29 22:52:49   [GPU] 1,050,033 evals (6553 batches, avg 160/batch = 31% of 512, 8421 evals/s, 555 msg/s, 15.2 leaves/msg, 125s)
2026-07-29 22:52:53   [GPU] 1,100,047 evals (6850 batches, avg 161/batch = 31% of 512, 8549 evals/s, 564 msg/s, 15.2 leaves/msg, 129s)
2026-07-29 22:52:57   [GPU] 1,150,132 evals (7157 batches, avg 161/batch = 31% of 512, 8672 evals/s, 574 msg/s, 15.1 leaves/msg, 133s)
2026-07-29 22:53:01   [GPU] 1,200,091 evals (7457 batches, avg 161/batch = 31% of 512, 8785 evals/s, 582 msg/s, 15.1 leaves/msg, 137s)
2026-07-29 22:53:05   [GPU] 1,250,040 evals (7762 batches, avg 161/batch = 31% of 512, 8884 evals/s, 590 msg/s, 15.1 leaves/msg, 141s)
2026-07-29 22:53:09   [GPU] 1,300,180 evals (8059 batches, avg 161/batch = 32% of 512, 8989 evals/s, 599 msg/s, 15.0 leaves/msg, 145s)
2026-07-29 22:53:13   [GPU] 1,350,165 evals (8352 batches, avg 162/batch = 32% of 512, 9094 evals/s, 607 msg/s, 15.0 leaves/msg, 148s)
2026-07-29 22:53:17   [GPU] 1,400,065 evals (8670 batches, avg 161/batch = 32% of 512, 9169 evals/s, 613 msg/s, 14.9 leaves/msg, 153s)
2026-07-29 22:53:21   [GPU] 1,450,023 evals (8972 batches, avg 162/batch = 32% of 512, 9257 evals/s, 621 msg/s, 14.9 leaves/msg, 157s)
2026-07-29 22:53:25   [GPU] 1,500,094 evals (9274 batches, avg 162/batch = 32% of 512, 9337 evals/s, 627 msg/s, 14.9 leaves/msg, 161s)
2026-07-29 22:53:29   [GPU] 1,550,139 evals (9583 batches, avg 162/batch = 32% of 512, 9409 evals/s, 634 msg/s, 14.8 leaves/msg, 165s)
2026-07-29 22:53:33   [GPU] 1,600,170 evals (9889 batches, avg 162/batch = 32% of 512, 9481 evals/s, 640 msg/s, 14.8 leaves/msg, 169s)
2026-07-29 22:53:37   [GPU] 1,650,023 evals (10196 batches, avg 162/batch = 32% of 512, 9544 evals/s, 646 msg/s, 14.8 leaves/msg, 173s)
2026-07-29 22:53:42   [GPU] 1,700,154 evals (10516 batches, avg 162/batch = 32% of 512, 9597 evals/s, 652 msg/s, 14.7 leaves/msg, 177s)
2026-07-29 22:53:46   [GPU] 1,750,021 evals (10841 batches, avg 161/batch = 32% of 512, 9637 evals/s, 658 msg/s, 14.7 leaves/msg, 182s)
2026-07-29 22:53:50   [GPU] 1,800,078 evals (11161 batches, avg 161/batch = 32% of 512, 9685 evals/s, 664 msg/s, 14.6 leaves/msg, 186s)
2026-07-29 22:53:55   [GPU] 1,850,048 evals (11525 batches, avg 161/batch = 31% of 512, 9702 evals/s, 670 msg/s, 14.5 leaves/msg, 191s)
2026-07-29 22:54:00   [GPU] 1,900,114 evals (11886 batches, avg 160/batch = 31% of 512, 9734 evals/s, 677 msg/s, 14.4 leaves/msg, 195s)
2026-07-29 22:54:05   [GPU] 1,950,121 evals (12259 batches, avg 159/batch = 31% of 512, 9746 evals/s, 683 msg/s, 14.3 leaves/msg, 200s)
2026-07-29 22:54:05 [iter 70/70] self-play: 5/70 games...
2026-07-29 22:54:09 [iter 70/70] self-play: 10/70 games...
2026-07-29 22:54:09   [GPU] 2,000,078 evals (12620 batches, avg 158/batch = 31% of 512, 9765 evals/s, 691 msg/s, 14.1 leaves/msg, 205s)
2026-07-29 22:54:14   [GPU] 2,050,033 evals (12992 batches, avg 158/batch = 31% of 512, 9776 evals/s, 699 msg/s, 14.0 leaves/msg, 210s)
2026-07-29 22:54:17 [iter 70/70] self-play: 15/70 games...
2026-07-29 22:54:19   [GPU] 2,100,106 evals (13386 batches, avg 157/batch = 31% of 512, 9779 evals/s, 707 msg/s, 13.8 leaves/msg, 215s)
2026-07-29 22:54:21 [iter 70/70] self-play: 20/70 games...
2026-07-29 22:54:24 [iter 70/70] self-play: 25/70 games...
2026-07-29 22:54:25   [GPU] 2,150,169 evals (13802 batches, avg 156/batch = 30% of 512, 9753 evals/s, 715 msg/s, 13.6 leaves/msg, 220s)
2026-07-29 22:54:25 [iter 70/70] self-play: 30/70 games...
2026-07-29 22:54:26 [iter 70/70] self-play: 35/70 games...
2026-07-29 22:54:30   [GPU] 2,200,018 evals (14169 batches, avg 155/batch = 30% of 512, 9771 evals/s, 723 msg/s, 13.5 leaves/msg, 225s)
2026-07-29 22:54:30 [iter 70/70] self-play: 40/70 games...
2026-07-29 22:54:33 [iter 70/70] self-play: 45/70 games...
2026-07-29 22:54:35   [GPU] 2,250,110 evals (14590 batches, avg 154/batch = 30% of 512, 9746 evals/s, 728 msg/s, 13.4 leaves/msg, 231s)
2026-07-29 22:54:36 [iter 70/70] self-play: 50/70 games...
2026-07-29 22:54:42 [iter 70/70] self-play: 55/70 games...
2026-07-29 22:54:42   [GPU] 2,300,059 evals (15188 batches, avg 151/batch = 30% of 512, 9673 evals/s, 728 msg/s, 13.3 leaves/msg, 238s)
2026-07-29 22:54:52   [GPU] 2,350,026 evals (16079 batches, avg 146/batch = 29% of 512, 9506 evals/s, 718 msg/s, 13.2 leaves/msg, 247s)
2026-07-29 22:54:52 [iter 70/70] self-play: 60/70 games...
2026-07-29 22:55:02   [GPU] 2,400,045 evals (17149 batches, avg 140/batch = 27% of 512, 9302 evals/s, 703 msg/s, 13.2 leaves/msg, 258s)
2026-07-29 22:55:11   [GPU] 2,450,010 evals (17938 batches, avg 137/batch = 27% of 512, 9197 evals/s, 694 msg/s, 13.3 leaves/msg, 266s)
2026-07-29 22:55:19   [GPU] 2,500,030 evals (18703 batches, avg 134/batch = 26% of 512, 9122 evals/s, 687 msg/s, 13.3 leaves/msg, 274s)
2026-07-29 22:55:27   [GPU] 2,550,001 evals (19544 batches, avg 130/batch = 25% of 512, 9025 evals/s, 682 msg/s, 13.2 leaves/msg, 283s)
2026-07-29 22:55:34 [iter 70/70] self-play: 65/70 games...
2026-07-29 22:55:39   [GPU] 2,600,026 evals (20743 batches, avg 125/batch = 24% of 512, 8825 evals/s, 668 msg/s, 13.2 leaves/msg, 295s)
2026-07-29 22:55:55   [GPU] 2,650,007 evals (22351 batches, avg 119/batch = 23% of 512, 8539 evals/s, 648 msg/s, 13.2 leaves/msg, 310s)
2026-07-29 22:56:23 [iter 70/70] self-play: 70/70 games...
2026-07-29 22:56:24 [iter 70/70] self-play done: 70 games (341s) | wins: P0=34, P1=1, P2=11, P3=22, draw=2 | draw_rate=3% avg_len~67
2026-07-29 22:56:24 [iter 70/70] training (600 steps, lr=1.00e-04)...
2026-07-29 22:56:35 [iter 70/70] training done: loss_p=1.693 loss_v=0.049 (12s)
2026-07-29 22:56:35 [iter 70/70] eval vs best (80 games, 200 sims)...
2026-07-29 22:56:37 [EVAL-MP] 64 workers spawned (80 vs_best games, sims=200), GPU batcher starting...
2026-07-29 22:56:49   [GPU] 50,014 evals (336 batches, avg 149/batch = 29% of 512, 4089 evals/s, 285 msg/s, 14.4 leaves/msg, 12s)
2026-07-29 22:56:56   [GPU] 100,065 evals (655 batches, avg 153/batch = 30% of 512, 5156 evals/s, 360 msg/s, 14.3 leaves/msg, 19s)
2026-07-29 22:57:03   [GPU] 150,072 evals (970 batches, avg 155/batch = 30% of 512, 5694 evals/s, 397 msg/s, 14.3 leaves/msg, 26s)
2026-07-29 22:57:10   [GPU] 200,180 evals (1267 batches, avg 158/batch = 31% of 512, 6097 evals/s, 425 msg/s, 14.3 leaves/msg, 33s)
2026-07-29 22:57:16   [GPU] 250,076 evals (1565 batches, avg 160/batch = 31% of 512, 6429 evals/s, 448 msg/s, 14.3 leaves/msg, 39s)
2026-07-29 22:57:21   [GPU] 300,045 evals (1848 batches, avg 162/batch = 32% of 512, 6797 evals/s, 474 msg/s, 14.3 leaves/msg, 44s)
2026-07-29 22:57:26   [GPU] 350,214 evals (2144 batches, avg 163/batch = 32% of 512, 7110 evals/s, 496 msg/s, 14.3 leaves/msg, 49s)
2026-07-29 22:57:31   [GPU] 400,086 evals (2435 batches, avg 164/batch = 32% of 512, 7387 evals/s, 516 msg/s, 14.3 leaves/msg, 54s)
2026-07-29 22:57:32 [iter 70/70] eval vs best: 5/80 games (56s, cand 0%)
2026-07-29 22:57:33 [iter 70/70] eval vs best: 10/80 games (58s, cand 0%)
2026-07-29 22:57:34 [iter 70/70] eval vs best: 15/80 games (59s, cand 0%)
2026-07-29 22:57:36   [GPU] 450,132 evals (2734 batches, avg 165/batch = 32% of 512, 7617 evals/s, 533 msg/s, 14.3 leaves/msg, 59s)
2026-07-29 22:57:37 [iter 70/70] eval vs best: 20/80 games (62s, cand 0%)
2026-07-29 22:57:39 [iter 70/70] eval vs best: 25/80 games (64s, cand 0%)
2026-07-29 22:57:41   [GPU] 500,055 evals (3042 batches, avg 164/batch = 32% of 512, 7809 evals/s, 548 msg/s, 14.2 leaves/msg, 64s)
2026-07-29 22:57:41 [iter 70/70] eval vs best: 30/80 games (66s, cand 0%)
2026-07-29 22:57:45 [iter 70/70] eval vs best: 35/80 games (70s, cand 6%)
2026-07-29 22:57:46   [GPU] 550,088 evals (3353 batches, avg 164/batch = 32% of 512, 7975 evals/s, 562 msg/s, 14.2 leaves/msg, 69s)
2026-07-29 22:57:49 [iter 70/70] eval vs best: 40/80 games (74s, cand 10%)
2026-07-29 22:57:51   [GPU] 600,042 evals (3683 batches, avg 163/batch = 32% of 512, 8091 evals/s, 572 msg/s, 14.2 leaves/msg, 74s)
2026-07-29 22:57:56 [iter 70/70] eval vs best: 45/80 games (81s, cand 18%)
2026-07-29 22:57:56   [GPU] 650,014 evals (4052 batches, avg 160/batch = 31% of 512, 8170 evals/s, 579 msg/s, 14.1 leaves/msg, 80s)
2026-07-29 22:58:03   [GPU] 700,007 evals (4447 batches, avg 157/batch = 31% of 512, 8148 evals/s, 578 msg/s, 14.1 leaves/msg, 86s)
2026-07-29 22:58:08 [iter 70/70] eval vs best: 50/80 games (93s, cand 18%)
2026-07-29 22:58:09   [GPU] 750,026 evals (4862 batches, avg 154/batch = 30% of 512, 8145 evals/s, 579 msg/s, 14.1 leaves/msg, 92s)
2026-07-29 22:58:15   [GPU] 800,048 evals (5294 batches, avg 151/batch = 30% of 512, 8130 evals/s, 578 msg/s, 14.1 leaves/msg, 98s)
2026-07-29 22:58:22   [GPU] 850,036 evals (5737 batches, avg 148/batch = 29% of 512, 8112 evals/s, 578 msg/s, 14.0 leaves/msg, 105s)
2026-07-29 22:58:26 [iter 70/70] eval vs best: 55/80 games (111s, cand 16%)
2026-07-29 22:58:28   [GPU] 900,094 evals (6229 batches, avg 145/batch = 28% of 512, 8072 evals/s, 576 msg/s, 14.0 leaves/msg, 112s)
2026-07-29 22:58:35   [GPU] 950,095 evals (6746 batches, avg 141/batch = 28% of 512, 8029 evals/s, 573 msg/s, 14.0 leaves/msg, 118s)
2026-07-29 22:58:42   [GPU] 1,000,061 evals (7277 batches, avg 137/batch = 27% of 512, 7969 evals/s, 569 msg/s, 14.0 leaves/msg, 126s)
2026-07-29 22:58:50   [GPU] 1,050,062 evals (7831 batches, avg 134/batch = 26% of 512, 7894 evals/s, 565 msg/s, 14.0 leaves/msg, 133s)
2026-07-29 22:58:56 [iter 70/70] eval vs best: 60/80 games (141s, cand 18%)
2026-07-29 22:58:59   [GPU] 1,100,043 evals (8518 batches, avg 129/batch = 25% of 512, 7766 evals/s, 556 msg/s, 14.0 leaves/msg, 142s)
2026-07-29 22:59:07 [iter 70/70] eval vs best: 65/80 games (152s, cand 18%)
2026-07-29 22:59:09   [GPU] 1,150,007 evals (9406 batches, avg 122/batch = 24% of 512, 7559 evals/s, 541 msg/s, 14.0 leaves/msg, 152s)
2026-07-29 22:59:25   [GPU] 1,200,003 evals (10722 batches, avg 112/batch = 22% of 512, 7140 evals/s, 511 msg/s, 14.0 leaves/msg, 168s)
2026-07-29 22:59:37 [iter 70/70] eval vs best: 70/80 games (181s, cand 18%)
2026-07-29 22:59:41   [GPU] 1,250,018 evals (12061 batches, avg 104/batch = 20% of 512, 6787 evals/s, 486 msg/s, 14.0 leaves/msg, 184s)
2026-07-29 22:59:55 [iter 70/70] eval vs best: 75/80 games (200s, cand 17%)
2026-07-29 23:00:12   [GPU] 1,300,011 evals (14133 batches, avg 92/batch = 18% of 512, 6053 evals/s, 433 msg/s, 14.0 leaves/msg, 215s)
2026-07-29 23:01:13   [GPU] 1,350,007 evals (17702 batches, avg 76/batch = 15% of 512, 4895 evals/s, 351 msg/s, 13.9 leaves/msg, 276s)
2026-07-29 23:01:22 [iter 70/70] eval vs best: 80/80 games (286s, cand 19%)
2026-07-29 23:01:22 [iter 70/70] eval vs best done: 18.6% of 59 decided reject (287s)
2026-07-29 23:01:22 [iter 70/70] eval vs random (40 games, 200 sims)...
2026-07-29 23:01:23 [EVAL-MP] 40 workers spawned (40 vs_random games, sims=200), GPU batcher starting...
2026-07-29 23:01:32   [GPU] 50,138 evals (418 batches, avg 120/batch = 23% of 512, 5818 evals/s, 419 msg/s, 13.9 leaves/msg, 9s)
2026-07-29 23:01:37   [GPU] 100,158 evals (765 batches, avg 131/batch = 26% of 512, 7270 evals/s, 582 msg/s, 12.5 leaves/msg, 14s)
2026-07-29 23:01:37 [iter 70/70] eval vs random: 5/40 games (15s, cand 100%)
2026-07-29 23:01:38 [iter 70/70] eval vs random: 10/40 games (15s, cand 100%)
2026-07-29 23:01:38 [iter 70/70] eval vs random: 15/40 games (16s, cand 100%)
2026-07-29 23:01:40 [iter 70/70] eval vs random: 20/40 games (18s, cand 100%)
2026-07-29 23:01:41   [GPU] 150,086 evals (1149 batches, avg 131/batch = 26% of 512, 8186 evals/s, 695 msg/s, 11.8 leaves/msg, 18s)
2026-07-29 23:01:46 [iter 70/70] eval vs random: 25/40 games (24s, cand 100%)
2026-07-29 23:01:47   [GPU] 200,069 evals (1622 batches, avg 123/batch = 24% of 512, 8432 evals/s, 742 msg/s, 11.4 leaves/msg, 24s)
2026-07-29 23:01:50 [iter 70/70] eval vs random: 30/40 games (27s, cand 100%)
2026-07-29 23:01:50 [iter 70/70] eval vs random: 35/40 games (28s, cand 100%)
2026-07-29 23:01:53 [iter 70/70] eval vs random: 40/40 games (31s, cand 100%)
2026-07-29 23:01:53 [iter 70/70] eval vs random done: 100.0% (31s)
2026-07-29 23:01:53 >>> iter 70 | loss_p=1.693 loss_v=0.049 | vs_best=18.6% reject | vs_rand=100.0% | draw=3% | buf=500000 | sp=341s train=12s eval_best=287s eval_rand=31s | total=671s
