2026-08-10 00:37:41 ======================================================================
2026-08-10 00:37:41 training_loop_mp launched | N=2 board=9x9 | sims=600 games/iter=160 | self_play=parallel workers=8 vec_games=0
2026-08-10 00:37:41 checkpoint_dir=/tf/dl-quoridor/runs/n2_9x9_v10 | eval=40+8+80 greedy | accept_margin=0.14 | buffer=100000
2026-08-10 00:37:41 train_steps=600 max_moves=160 explore_moves=20 warmup=5000 discount=0.99/round leaf_batch=16 vloss=1.0
2026-08-10 00:37:41 resources: 16 usable cpus (cgroup quota), 128 GB limit (host 1623 GB), gpu: NVIDIA RTX PRO 6000 Blackwell Server Edition, 22 GB, rss=1.57 GB at launch
2026-08-10 00:37:41 ======================================================================
2026-08-10 00:37:41 Config frozen -> /tf/dl-quoridor/runs/n2_9x9_v10/config.json
2026-08-10 00:37:41 Learner warm-started from /tf/dl-quoridor/runs/n2_9x9_v9/greedy_peak.pt
2026-08-10 00:37:41 Champion initialised from the starting model -> /tf/dl-quoridor/runs/n2_9x9_v10/best.pt
2026-08-10 00:37:41 Starting N=2 training: 60 iterations, 160 games/iter, 600 sims
2026-08-10 00:37:41 Policy anchored to /tf/dl-quoridor/runs/n2_9x9_v9/greedy_peak.pt (anchor_weight=0.15)
2026-08-10 00:37:41 Gate held: eval-vs-best is skipped until win_vs_greedy > 0.05, then the champion is seeded from the learner. An untrained net cannot reach its goal, so gate games against it time out rather than decide.
2026-08-10 00:37:41 [iter 1/60] self-play starting (160 games, 600 sims, MIXED 80/160 race-only)...
2026-08-10 00:37:41 [PARALLEL-MP] 8 workers spawned (160 games, sims=600), GPU batcher starting...
2026-08-10 00:37:55   [GPU] 50,025 evals (1008 batches, avg 50/batch = 10% of 512, 3680 evals/s, 298 msg/s, 12.3 leaves/msg, 14s)
2026-08-10 00:38:00 [iter 1/60] self-play: 5/160 games...
2026-08-10 00:38:06   [GPU] 100,033 evals (2078 batches, avg 48/batch = 9% of 512, 3975 evals/s, 308 msg/s, 12.9 leaves/msg, 25s)
2026-08-10 00:38:17 [iter 1/60] self-play: 10/160 games...
2026-08-10 00:38:19   [GPU] 150,032 evals (3271 batches, avg 46/batch = 9% of 512, 3962 evals/s, 304 msg/s, 13.0 leaves/msg, 38s)
2026-08-10 00:38:32   [GPU] 200,009 evals (4557 batches, avg 44/batch = 9% of 512, 3915 evals/s, 297 msg/s, 13.2 leaves/msg, 51s)
2026-08-10 00:38:44   [GPU] 250,048 evals (5700 batches, avg 44/batch = 9% of 512, 3997 evals/s, 302 msg/s, 13.2 leaves/msg, 63s)
2026-08-10 00:38:54   [GPU] 300,035 evals (6725 batches, avg 45/batch = 9% of 512, 4130 evals/s, 311 msg/s, 13.3 leaves/msg, 73s)
2026-08-10 00:39:03 [iter 1/60] self-play: 15/160 games...
2026-08-10 00:39:05   [GPU] 350,015 evals (7849 batches, avg 45/batch = 9% of 512, 4162 evals/s, 317 msg/s, 13.1 leaves/msg, 84s)
2026-08-10 00:39:15   [GPU] 400,008 evals (8862 batches, avg 45/batch = 9% of 512, 4239 evals/s, 324 msg/s, 13.1 leaves/msg, 94s)
2026-08-10 00:39:27   [GPU] 450,010 evals (10021 batches, avg 45/batch = 9% of 512, 4250 evals/s, 326 msg/s, 13.0 leaves/msg, 106s)
2026-08-10 00:39:38   [GPU] 500,021 evals (11089 batches, avg 45/batch = 9% of 512, 4278 evals/s, 329 msg/s, 13.0 leaves/msg, 117s)
2026-08-10 00:39:47   [GPU] 550,048 evals (11952 batches, avg 46/batch = 9% of 512, 4365 evals/s, 335 msg/s, 13.0 leaves/msg, 126s)
2026-08-10 00:39:52 [iter 1/60] self-play: 20/160 games...
2026-08-10 00:39:57   [GPU] 600,017 evals (12888 batches, avg 47/batch = 9% of 512, 4416 evals/s, 342 msg/s, 12.9 leaves/msg, 136s)
2026-08-10 00:40:08   [GPU] 650,044 evals (13949 batches, avg 47/batch = 9% of 512, 4439 evals/s, 346 msg/s, 12.8 leaves/msg, 146s)
2026-08-10 00:40:16 [iter 1/60] self-play: 25/160 games...
2026-08-10 00:40:19   [GPU] 700,035 evals (15123 batches, avg 46/batch = 9% of 512, 4422 evals/s, 346 msg/s, 12.8 leaves/msg, 158s)
2026-08-10 00:40:31   [GPU] 750,017 evals (16269 batches, avg 46/batch = 9% of 512, 4416 evals/s, 347 msg/s, 12.7 leaves/msg, 170s)
2026-08-10 00:40:43   [GPU] 800,027 evals (17393 batches, avg 46/batch = 9% of 512, 4410 evals/s, 346 msg/s, 12.7 leaves/msg, 181s)
2026-08-10 00:40:49 [iter 1/60] self-play: 30/160 games...
2026-08-10 00:40:54   [GPU] 850,041 evals (18494 batches, avg 46/batch = 9% of 512, 4410 evals/s, 347 msg/s, 12.7 leaves/msg, 193s)
2026-08-10 00:41:05   [GPU] 900,034 evals (19626 batches, avg 46/batch = 9% of 512, 4407 evals/s, 347 msg/s, 12.7 leaves/msg, 204s)
2026-08-10 00:41:06 [iter 1/60] self-play: 35/160 games...
2026-08-10 00:41:18   [GPU] 950,028 evals (20866 batches, avg 46/batch = 9% of 512, 4373 evals/s, 344 msg/s, 12.7 leaves/msg, 217s)
2026-08-10 00:41:30 [iter 1/60] self-play: 40/160 games...
2026-08-10 00:41:31   [GPU] 1,000,002 evals (22125 batches, avg 45/batch = 9% of 512, 4346 evals/s, 343 msg/s, 12.7 leaves/msg, 230s)
2026-08-10 00:41:45   [GPU] 1,050,022 evals (23433 batches, avg 45/batch = 9% of 512, 4311 evals/s, 341 msg/s, 12.6 leaves/msg, 244s)
2026-08-10 00:42:00   [GPU] 1,100,047 evals (24854 batches, avg 44/batch = 9% of 512, 4257 evals/s, 338 msg/s, 12.6 leaves/msg, 258s)
2026-08-10 00:42:13   [GPU] 1,150,041 evals (26157 batches, avg 44/batch = 9% of 512, 4230 evals/s, 336 msg/s, 12.6 leaves/msg, 272s)
2026-08-10 00:42:25   [GPU] 1,200,000 evals (27372 batches, avg 44/batch = 9% of 512, 4221 evals/s, 336 msg/s, 12.6 leaves/msg, 284s)
2026-08-10 00:42:36   [GPU] 1,250,008 evals (28409 batches, avg 44/batch = 9% of 512, 4243 evals/s, 337 msg/s, 12.6 leaves/msg, 295s)
2026-08-10 00:42:46   [GPU] 1,300,012 evals (29403 batches, avg 44/batch = 9% of 512, 4270 evals/s, 340 msg/s, 12.5 leaves/msg, 304s)
2026-08-10 00:42:46 [iter 1/60] self-play: 45/160 games...
2026-08-10 00:42:57   [GPU] 1,350,043 evals (30504 batches, avg 44/batch = 9% of 512, 4278 evals/s, 342 msg/s, 12.5 leaves/msg, 316s)
2026-08-10 00:43:08   [GPU] 1,400,031 evals (31664 batches, avg 44/batch = 9% of 512, 4280 evals/s, 343 msg/s, 12.5 leaves/msg, 327s)
2026-08-10 00:43:10 [iter 1/60] self-play: 50/160 games...
2026-08-10 00:43:19   [GPU] 1,450,035 evals (32739 batches, avg 44/batch = 9% of 512, 4290 evals/s, 344 msg/s, 12.5 leaves/msg, 338s)
2026-08-10 00:43:31   [GPU] 1,500,026 evals (33919 batches, avg 44/batch = 9% of 512, 4283 evals/s, 343 msg/s, 12.5 leaves/msg, 350s)
2026-08-10 00:43:37 [iter 1/60] self-play: 55/160 games...
2026-08-10 00:43:44   [GPU] 1,550,029 evals (35101 batches, avg 44/batch = 9% of 512, 4275 evals/s, 343 msg/s, 12.5 leaves/msg, 363s)
2026-08-10 00:43:56   [GPU] 1,600,044 evals (36297 batches, avg 44/batch = 9% of 512, 4266 evals/s, 342 msg/s, 12.5 leaves/msg, 375s)
2026-08-10 00:44:08 [iter 1/60] self-play: 60/160 games...
2026-08-10 00:44:09   [GPU] 1,650,043 evals (37541 batches, avg 44/batch = 9% of 512, 4256 evals/s, 342 msg/s, 12.4 leaves/msg, 388s)
2026-08-10 00:44:20   [GPU] 1,700,040 evals (38682 batches, avg 44/batch = 9% of 512, 4262 evals/s, 342 msg/s, 12.4 leaves/msg, 399s)
2026-08-10 00:44:27 [iter 1/60] self-play: 65/160 games...
2026-08-10 00:44:30   [GPU] 1,750,019 evals (39701 batches, avg 44/batch = 9% of 512, 4279 evals/s, 344 msg/s, 12.5 leaves/msg, 409s)
2026-08-10 00:44:40   [GPU] 1,800,002 evals (40692 batches, avg 44/batch = 9% of 512, 4299 evals/s, 344 msg/s, 12.5 leaves/msg, 419s)
2026-08-10 00:44:50   [GPU] 1,850,020 evals (41700 batches, avg 44/batch = 9% of 512, 4317 evals/s, 345 msg/s, 12.5 leaves/msg, 429s)
2026-08-10 00:45:00   [GPU] 1,900,009 evals (42700 batches, avg 44/batch = 9% of 512, 4333 evals/s, 346 msg/s, 12.5 leaves/msg, 438s)
2026-08-10 00:45:09 [iter 1/60] self-play: 70/160 games...
2026-08-10 00:45:10   [GPU] 1,950,010 evals (43770 batches, avg 45/batch = 9% of 512, 4342 evals/s, 347 msg/s, 12.5 leaves/msg, 449s)
2026-08-10 00:45:21   [GPU] 2,000,005 evals (44810 batches, avg 45/batch = 9% of 512, 4353 evals/s, 347 msg/s, 12.5 leaves/msg, 459s)
2026-08-10 00:45:30   [GPU] 2,050,048 evals (45802 batches, avg 45/batch = 9% of 512, 4368 evals/s, 348 msg/s, 12.5 leaves/msg, 469s)
2026-08-10 00:45:31 [iter 1/60] self-play: 75/160 games...
2026-08-10 00:45:42   [GPU] 2,100,022 evals (46955 batches, avg 45/batch = 9% of 512, 4365 evals/s, 349 msg/s, 12.5 leaves/msg, 481s)
2026-08-10 00:45:56   [GPU] 2,150,025 evals (48318 batches, avg 44/batch = 9% of 512, 4345 evals/s, 348 msg/s, 12.5 leaves/msg, 495s)
2026-08-10 00:46:09   [GPU] 2,200,030 evals (49636 batches, avg 44/batch = 9% of 512, 4329 evals/s, 347 msg/s, 12.5 leaves/msg, 508s)
2026-08-10 00:46:16 [iter 1/60] self-play: 80/160 games...
2026-08-10 00:46:23   [GPU] 2,250,013 evals (50937 batches, avg 44/batch = 9% of 512, 4315 evals/s, 346 msg/s, 12.5 leaves/msg, 521s)
2026-08-10 00:46:37   [GPU] 2,300,061 evals (52346 batches, avg 44/batch = 9% of 512, 4293 evals/s, 344 msg/s, 12.5 leaves/msg, 536s)
2026-08-10 00:46:51   [GPU] 2,350,046 evals (53729 batches, avg 44/batch = 9% of 512, 4276 evals/s, 344 msg/s, 12.4 leaves/msg, 550s)
2026-08-10 00:46:52 [iter 1/60] self-play: 85/160 games...
2026-08-10 00:47:05   [GPU] 2,400,028 evals (55121 batches, avg 44/batch = 9% of 512, 4259 evals/s, 343 msg/s, 12.4 leaves/msg, 563s)
2026-08-10 00:47:19   [GPU] 2,450,044 evals (56561 batches, avg 43/batch = 8% of 512, 4237 evals/s, 342 msg/s, 12.4 leaves/msg, 578s)
2026-08-10 00:47:20 [iter 1/60] self-play: 90/160 games...
2026-08-10 00:47:33   [GPU] 2,500,029 evals (57861 batches, avg 43/batch = 8% of 512, 4226 evals/s, 341 msg/s, 12.4 leaves/msg, 592s)
2026-08-10 00:47:47   [GPU] 2,550,012 evals (59253 batches, avg 43/batch = 8% of 512, 4207 evals/s, 339 msg/s, 12.4 leaves/msg, 606s)
2026-08-10 00:47:49 [iter 1/60] self-play: 95/160 games...
2026-08-10 00:48:00   [GPU] 2,600,033 evals (60544 batches, avg 43/batch = 8% of 512, 4203 evals/s, 339 msg/s, 12.4 leaves/msg, 619s)
2026-08-10 00:48:13   [GPU] 2,650,044 evals (61851 batches, avg 43/batch = 8% of 512, 4196 evals/s, 339 msg/s, 12.4 leaves/msg, 632s)
2026-08-10 00:48:24   [GPU] 2,700,016 evals (62974 batches, avg 43/batch = 8% of 512, 4201 evals/s, 339 msg/s, 12.4 leaves/msg, 643s)
2026-08-10 00:48:28 [iter 1/60] self-play: 100/160 games...
2026-08-10 00:48:36   [GPU] 2,750,005 evals (64198 batches, avg 43/batch = 8% of 512, 4201 evals/s, 339 msg/s, 12.4 leaves/msg, 655s)
2026-08-10 00:48:47   [GPU] 2,800,024 evals (65358 batches, avg 43/batch = 8% of 512, 4205 evals/s, 340 msg/s, 12.4 leaves/msg, 666s)
2026-08-10 00:48:58   [GPU] 2,850,027 evals (66464 batches, avg 43/batch = 8% of 512, 4210 evals/s, 340 msg/s, 12.4 leaves/msg, 677s)
2026-08-10 00:49:00 [iter 1/60] self-play: 105/160 games...
2026-08-10 00:49:09   [GPU] 2,900,003 evals (67626 batches, avg 43/batch = 8% of 512, 4214 evals/s, 340 msg/s, 12.4 leaves/msg, 688s)
2026-08-10 00:49:21   [GPU] 2,950,010 evals (68785 batches, avg 43/batch = 8% of 512, 4218 evals/s, 341 msg/s, 12.4 leaves/msg, 699s)
2026-08-10 00:49:21 [iter 1/60] self-play: 110/160 games...
2026-08-10 00:49:33   [GPU] 3,000,009 evals (70007 batches, avg 43/batch = 8% of 512, 4214 evals/s, 340 msg/s, 12.4 leaves/msg, 712s)
2026-08-10 00:49:36 [iter 1/60] self-play: 115/160 games...
2026-08-10 00:49:45   [GPU] 3,050,040 evals (71182 batches, avg 43/batch = 8% of 512, 4214 evals/s, 340 msg/s, 12.4 leaves/msg, 724s)
2026-08-10 00:49:52 [iter 1/60] self-play: 120/160 games...
2026-08-10 00:49:56   [GPU] 3,100,026 evals (72281 batches, avg 43/batch = 8% of 512, 4217 evals/s, 340 msg/s, 12.4 leaves/msg, 735s)
2026-08-10 00:50:09   [GPU] 3,150,026 evals (73521 batches, avg 43/batch = 8% of 512, 4215 evals/s, 339 msg/s, 12.4 leaves/msg, 747s)
2026-08-10 00:50:18   [GPU] 3,200,038 evals (74518 batches, avg 43/batch = 8% of 512, 4227 evals/s, 340 msg/s, 12.4 leaves/msg, 757s)
2026-08-10 00:50:20 [iter 1/60] self-play: 125/160 games...
2026-08-10 00:50:27   [GPU] 3,250,013 evals (75459 batches, avg 43/batch = 8% of 512, 4242 evals/s, 341 msg/s, 12.4 leaves/msg, 766s)
2026-08-10 00:50:37   [GPU] 3,300,001 evals (76481 batches, avg 43/batch = 8% of 512, 4256 evals/s, 342 msg/s, 12.4 leaves/msg, 775s)
2026-08-10 00:50:46   [GPU] 3,350,033 evals (77513 batches, avg 43/batch = 8% of 512, 4266 evals/s, 342 msg/s, 12.5 leaves/msg, 785s)
2026-08-10 00:50:56   [GPU] 3,400,012 evals (78548 batches, avg 43/batch = 8% of 512, 4275 evals/s, 342 msg/s, 12.5 leaves/msg, 795s)
2026-08-10 00:51:05   [GPU] 3,450,087 evals (79485 batches, avg 43/batch = 8% of 512, 4292 evals/s, 343 msg/s, 12.5 leaves/msg, 804s)
2026-08-10 00:51:09 [iter 1/60] self-play: 130/160 games...
2026-08-10 00:51:14   [GPU] 3,500,033 evals (80419 batches, avg 44/batch = 9% of 512, 4307 evals/s, 344 msg/s, 12.5 leaves/msg, 813s)
2026-08-10 00:51:23   [GPU] 3,550,031 evals (81419 batches, avg 44/batch = 9% of 512, 4318 evals/s, 345 msg/s, 12.5 leaves/msg, 822s)
2026-08-10 00:51:33   [GPU] 3,600,075 evals (82465 batches, avg 44/batch = 9% of 512, 4325 evals/s, 345 msg/s, 12.5 leaves/msg, 832s)
2026-08-10 00:51:43   [GPU] 3,650,023 evals (83505 batches, avg 44/batch = 9% of 512, 4334 evals/s, 345 msg/s, 12.6 leaves/msg, 842s)
2026-08-10 00:51:48 [iter 1/60] self-play: 135/160 games...
2026-08-10 00:51:54   [GPU] 3,700,019 evals (84588 batches, avg 44/batch = 9% of 512, 4340 evals/s, 345 msg/s, 12.6 leaves/msg, 853s)
2026-08-10 00:52:03   [GPU] 3,750,016 evals (85605 batches, avg 44/batch = 9% of 512, 4350 evals/s, 346 msg/s, 12.6 leaves/msg, 862s)
2026-08-10 00:52:15   [GPU] 3,800,026 evals (86772 batches, avg 44/batch = 9% of 512, 4348 evals/s, 345 msg/s, 12.6 leaves/msg, 874s)
2026-08-10 00:52:27   [GPU] 3,850,033 evals (87969 batches, avg 44/batch = 9% of 512, 4346 evals/s, 344 msg/s, 12.6 leaves/msg, 886s)
2026-08-10 00:52:29 [iter 1/60] self-play: 140/160 games...
2026-08-10 00:52:38   [GPU] 3,900,012 evals (89144 batches, avg 44/batch = 9% of 512, 4347 evals/s, 345 msg/s, 12.6 leaves/msg, 897s)
2026-08-10 00:52:49   [GPU] 3,950,010 evals (90279 batches, avg 44/batch = 9% of 512, 4351 evals/s, 345 msg/s, 12.6 leaves/msg, 908s)
2026-08-10 00:52:59   [GPU] 4,000,003 evals (91418 batches, avg 44/batch = 9% of 512, 4356 evals/s, 345 msg/s, 12.6 leaves/msg, 918s)
2026-08-10 00:53:02 [iter 1/60] self-play: 145/160 games...
2026-08-10 00:53:10   [GPU] 4,050,023 evals (92557 batches, avg 44/batch = 9% of 512, 4360 evals/s, 346 msg/s, 12.6 leaves/msg, 929s)
2026-08-10 00:53:19 [iter 1/60] self-play: 150/160 games...
2026-08-10 00:53:22   [GPU] 4,100,011 evals (93734 batches, avg 44/batch = 9% of 512, 4360 evals/s, 346 msg/s, 12.6 leaves/msg, 940s)
2026-08-10 00:53:34   [GPU] 4,150,021 evals (95004 batches, avg 44/batch = 9% of 512, 4355 evals/s, 345 msg/s, 12.6 leaves/msg, 953s)
2026-08-10 00:53:46   [GPU] 4,200,055 evals (96272 batches, avg 44/batch = 9% of 512, 4353 evals/s, 346 msg/s, 12.6 leaves/msg, 965s)
2026-08-10 00:53:56 [iter 1/60] self-play: 155/160 games...
2026-08-10 00:54:02   [GPU] 4,250,014 evals (97989 batches, avg 43/batch = 8% of 512, 4331 evals/s, 345 msg/s, 12.6 leaves/msg, 981s)
2026-08-10 00:54:21   [GPU] 4,300,039 evals (99869 batches, avg 43/batch = 8% of 512, 4299 evals/s, 343 msg/s, 12.5 leaves/msg, 1000s)
2026-08-10 00:54:42   [GPU] 4,350,029 evals (101848 batches, avg 43/batch = 8% of 512, 4259 evals/s, 340 msg/s, 12.5 leaves/msg, 1021s)
2026-08-10 00:55:09   [GPU] 4,400,009 evals (104219 batches, avg 42/batch = 8% of 512, 4197 evals/s, 335 msg/s, 12.5 leaves/msg, 1048s)
2026-08-10 00:56:09   [GPU] 4,450,003 evals (108393 batches, avg 41/batch = 8% of 512, 4018 evals/s, 323 msg/s, 12.4 leaves/msg, 1108s)
2026-08-10 00:57:15 [iter 1/60] self-play: 160/160 games...
2026-08-10 00:57:15 [iter 1/60] self-play done: 160 games (1174s) | wins: P0=32, P1=97, draw=31 | draw_rate=19% avg_len~20
2026-08-10 00:57:15 [iter 1/60] search: expanded=8.3 actions/node visits/action=72.2 walls/game=7.11 first_wall_ply=1.312 learner_sims/s=4193.14
2026-08-10 00:57:15 [iter 1/60] training (600 steps, lr=1.00e-03)...
2026-08-10 00:57:23 [iter 1/60] training done: loss_p=1.001 loss_v=0.079 (8s)
2026-08-10 00:57:24 [iter 1/60] data: policy_wall_mass=0.170 walled_states=54% walls_on_board=12.1 value_mae walled=0.068 free=0.094
2026-08-10 00:57:24 [iter 1/60] eval skipped (eval_every=4)
2026-08-10 00:57:24 >>> iter 1 | loss_p=1.001 loss_v=0.079 | vs_best=n/a (not evaluated) | vs_rand=n/a | draw=19% | buf=6490 | rss=2.16GB | sp=1174s train=8s eval_best=0s eval_rand=0s | total=1183s
2026-08-10 00:57:24 [iter 2/60] self-play starting (160 games, 600 sims, MIXED 80/160 race-only)...
2026-08-10 00:57:24 [PARALLEL-MP] 8 workers spawned (160 games, sims=600), GPU batcher starting...
2026-08-10 00:57:37   [GPU] 50,035 evals (1038 batches, avg 48/batch = 9% of 512, 3795 evals/s, 302 msg/s, 12.5 leaves/msg, 13s)
2026-08-10 00:57:41 [iter 2/60] self-play: 5/160 games...
2026-08-10 00:57:49   [GPU] 100,011 evals (2213 batches, avg 45/batch = 9% of 512, 3976 evals/s, 308 msg/s, 12.9 leaves/msg, 25s)
2026-08-10 00:58:02   [GPU] 150,048 evals (3496 batches, avg 43/batch = 8% of 512, 3925 evals/s, 299 msg/s, 13.1 leaves/msg, 38s)
2026-08-10 00:58:05 [iter 2/60] self-play: 10/160 games...
2026-08-10 00:58:15   [GPU] 200,009 evals (4756 batches, avg 42/batch = 8% of 512, 3910 evals/s, 299 msg/s, 13.1 leaves/msg, 51s)
2026-08-10 00:58:22 [iter 2/60] self-play: 15/160 games...
2026-08-10 00:58:29   [GPU] 250,002 evals (6051 batches, avg 41/batch = 8% of 512, 3877 evals/s, 297 msg/s, 13.0 leaves/msg, 64s)
2026-08-10 00:58:41   [GPU] 300,023 evals (7260 batches, avg 41/batch = 8% of 512, 3922 evals/s, 301 msg/s, 13.0 leaves/msg, 76s)
2026-08-10 00:58:51 [iter 2/60] self-play: 20/160 games...
2026-08-10 00:58:52   [GPU] 350,030 evals (8390 batches, avg 42/batch = 8% of 512, 3999 evals/s, 307 msg/s, 13.0 leaves/msg, 88s)
2026-08-10 00:59:03   [GPU] 400,013 evals (9515 batches, avg 42/batch = 8% of 512, 4059 evals/s, 310 msg/s, 13.1 leaves/msg, 99s)
2026-08-10 00:59:14   [GPU] 450,009 evals (10651 batches, avg 42/batch = 8% of 512, 4111 evals/s, 313 msg/s, 13.1 leaves/msg, 109s)
2026-08-10 00:59:24   [GPU] 500,026 evals (11763 batches, avg 43/batch = 8% of 512, 4158 evals/s, 314 msg/s, 13.3 leaves/msg, 120s)
2026-08-10 00:59:34   [GPU] 550,020 evals (12799 batches, avg 43/batch = 8% of 512, 4223 evals/s, 317 msg/s, 13.3 leaves/msg, 130s)
2026-08-10 00:59:44   [GPU] 600,025 evals (13767 batches, avg 44/batch = 9% of 512, 4304 evals/s, 324 msg/s, 13.3 leaves/msg, 139s)
2026-08-10 00:59:49 [iter 2/60] self-play: 25/160 games...
2026-08-10 00:59:53   [GPU] 650,007 evals (14753 batches, avg 44/batch = 9% of 512, 4369 evals/s, 331 msg/s, 13.2 leaves/msg, 149s)
2026-08-10 01:00:02 [iter 2/60] self-play: 30/160 games...
2026-08-10 01:00:02   [GPU] 700,057 evals (15697 batches, avg 45/batch = 9% of 512, 4444 evals/s, 337 msg/s, 13.2 leaves/msg, 158s)
2026-08-10 01:00:11 [iter 2/60] self-play: 35/160 games...
2026-08-10 01:00:12   [GPU] 750,041 evals (16736 batches, avg 45/batch = 9% of 512, 4473 evals/s, 342 msg/s, 13.1 leaves/msg, 168s)
2026-08-10 01:00:24   [GPU] 800,002 evals (17955 batches, avg 45/batch = 9% of 512, 4448 evals/s, 341 msg/s, 13.0 leaves/msg, 180s)
2026-08-10 01:00:34 [iter 2/60] self-play: 40/160 games...
2026-08-10 01:00:36   [GPU] 850,035 evals (19115 batches, avg 44/batch = 9% of 512, 4441 evals/s, 340 msg/s, 13.1 leaves/msg, 191s)
2026-08-10 01:00:47   [GPU] 900,006 evals (20302 batches, avg 44/batch = 9% of 512, 4433 evals/s, 340 msg/s, 13.0 leaves/msg, 203s)
2026-08-10 01:01:01   [GPU] 950,015 evals (21607 batches, avg 44/batch = 9% of 512, 4384 evals/s, 336 msg/s, 13.0 leaves/msg, 217s)
2026-08-10 01:01:04 [iter 2/60] self-play: 45/160 games...
2026-08-10 01:01:14   [GPU] 1,000,010 evals (22944 batches, avg 44/batch = 9% of 512, 4346 evals/s, 335 msg/s, 13.0 leaves/msg, 230s)
2026-08-10 01:01:27   [GPU] 1,050,011 evals (24211 batches, avg 43/batch = 8% of 512, 4322 evals/s, 333 msg/s, 13.0 leaves/msg, 243s)
2026-08-10 01:01:32 [iter 2/60] self-play: 50/160 games...
2026-08-10 01:01:41   [GPU] 1,100,012 evals (25629 batches, avg 43/batch = 8% of 512, 4276 evals/s, 332 msg/s, 12.9 leaves/msg, 257s)
2026-08-10 01:01:54   [GPU] 1,150,000 evals (26903 batches, avg 43/batch = 8% of 512, 4258 evals/s, 331 msg/s, 12.9 leaves/msg, 270s)
2026-08-10 01:01:58 [iter 2/60] self-play: 55/160 games...
2026-08-10 01:02:06   [GPU] 1,200,009 evals (28077 batches, avg 43/batch = 8% of 512, 4262 evals/s, 332 msg/s, 12.8 leaves/msg, 282s)
2026-08-10 01:02:19   [GPU] 1,250,035 evals (29358 batches, avg 43/batch = 8% of 512, 4246 evals/s, 332 msg/s, 12.8 leaves/msg, 294s)
2026-08-10 01:02:21 [iter 2/60] self-play: 60/160 games...
2026-08-10 01:02:33   [GPU] 1,300,037 evals (30759 batches, avg 42/batch = 8% of 512, 4215 evals/s, 331 msg/s, 12.7 leaves/msg, 308s)
2026-08-10 01:02:45   [GPU] 1,350,007 evals (32027 batches, avg 42/batch = 8% of 512, 4207 evals/s, 331 msg/s, 12.7 leaves/msg, 321s)
2026-08-10 01:02:59   [GPU] 1,400,013 evals (33467 batches, avg 42/batch = 8% of 512, 4179 evals/s, 330 msg/s, 12.7 leaves/msg, 335s)
2026-08-10 01:03:12   [GPU] 1,450,002 evals (34826 batches, avg 42/batch = 8% of 512, 4163 evals/s, 330 msg/s, 12.6 leaves/msg, 348s)
2026-08-10 01:03:25   [GPU] 1,500,029 evals (36176 batches, avg 41/batch = 8% of 512, 4151 evals/s, 330 msg/s, 12.6 leaves/msg, 361s)
2026-08-10 01:03:39   [GPU] 1,550,005 evals (37548 batches, avg 41/batch = 8% of 512, 4139 evals/s, 329 msg/s, 12.6 leaves/msg, 375s)
2026-08-10 01:03:51   [GPU] 1,600,003 evals (38851 batches, avg 41/batch = 8% of 512, 4134 evals/s, 329 msg/s, 12.6 leaves/msg, 387s)
2026-08-10 01:03:54 [iter 2/60] self-play: 65/160 games...
2026-08-10 01:04:03   [GPU] 1,650,036 evals (40059 batches, avg 41/batch = 8% of 512, 4137 evals/s, 329 msg/s, 12.6 leaves/msg, 399s)
2026-08-10 01:04:15   [GPU] 1,700,023 evals (41297 batches, avg 41/batch = 8% of 512, 4135 evals/s, 330 msg/s, 12.5 leaves/msg, 411s)
2026-08-10 01:04:21 [iter 2/60] self-play: 70/160 games...
2026-08-10 01:04:30   [GPU] 1,750,015 evals (42750 batches, avg 41/batch = 8% of 512, 4111 evals/s, 329 msg/s, 12.5 leaves/msg, 426s)
2026-08-10 01:04:43   [GPU] 1,800,032 evals (44068 batches, avg 41/batch = 8% of 512, 4104 evals/s, 328 msg/s, 12.5 leaves/msg, 439s)
2026-08-10 01:04:56   [GPU] 1,850,039 evals (45359 batches, avg 41/batch = 8% of 512, 4098 evals/s, 329 msg/s, 12.5 leaves/msg, 451s)
2026-08-10 01:05:03 [iter 2/60] self-play: 75/160 games...
2026-08-10 01:05:09   [GPU] 1,900,005 evals (46708 batches, avg 41/batch = 8% of 512, 4084 evals/s, 328 msg/s, 12.5 leaves/msg, 465s)
2026-08-10 01:05:24   [GPU] 1,950,025 evals (48161 batches, avg 40/batch = 8% of 512, 4061 evals/s, 326 msg/s, 12.5 leaves/msg, 480s)
2026-08-10 01:05:29 [iter 2/60] self-play: 80/160 games...
2026-08-10 01:05:40   [GPU] 2,000,013 evals (49689 batches, avg 40/batch = 8% of 512, 4032 evals/s, 324 msg/s, 12.4 leaves/msg, 496s)
2026-08-10 01:05:49 [iter 2/60] self-play: 85/160 games...
2026-08-10 01:05:55   [GPU] 2,050,004 evals (51099 batches, avg 40/batch = 8% of 512, 4016 evals/s, 323 msg/s, 12.4 leaves/msg, 510s)
2026-08-10 01:06:11   [GPU] 2,100,018 evals (52702 batches, avg 40/batch = 8% of 512, 3983 evals/s, 321 msg/s, 12.4 leaves/msg, 527s)
2026-08-10 01:06:25   [GPU] 2,150,026 evals (54087 batches, avg 40/batch = 8% of 512, 3972 evals/s, 320 msg/s, 12.4 leaves/msg, 541s)
2026-08-10 01:06:28 [iter 2/60] self-play: 90/160 games...
2026-08-10 01:06:40   [GPU] 2,200,017 evals (55608 batches, avg 40/batch = 8% of 512, 3954 evals/s, 320 msg/s, 12.4 leaves/msg, 556s)
2026-08-10 01:06:55   [GPU] 2,250,001 evals (57098 batches, avg 39/batch = 8% of 512, 3944 evals/s, 320 msg/s, 12.3 leaves/msg, 571s)
2026-08-10 01:07:09   [GPU] 2,300,008 evals (58615 batches, avg 39/batch = 8% of 512, 3931 evals/s, 319 msg/s, 12.3 leaves/msg, 585s)
2026-08-10 01:07:23   [GPU] 2,350,020 evals (60040 batches, avg 39/batch = 8% of 512, 3925 evals/s, 320 msg/s, 12.3 leaves/msg, 599s)
2026-08-10 01:07:36   [GPU] 2,400,032 evals (61461 batches, avg 39/batch = 8% of 512, 3922 evals/s, 320 msg/s, 12.3 leaves/msg, 612s)
2026-08-10 01:07:46 [iter 2/60] self-play: 95/160 games...
2026-08-10 01:07:49   [GPU] 2,450,053 evals (62775 batches, avg 39/batch = 8% of 512, 3923 evals/s, 320 msg/s, 12.3 leaves/msg, 625s)
2026-08-10 01:07:59 [iter 2/60] self-play: 100/160 games...
2026-08-10 01:08:04   [GPU] 2,500,024 evals (64289 batches, avg 39/batch = 8% of 512, 3906 evals/s, 320 msg/s, 12.2 leaves/msg, 640s)
2026-08-10 01:08:19   [GPU] 2,550,020 evals (65725 batches, avg 39/batch = 8% of 512, 3897 evals/s, 320 msg/s, 12.2 leaves/msg, 654s)
2026-08-10 01:08:25 [iter 2/60] self-play: 105/160 games...
2026-08-10 01:08:35   [GPU] 2,600,006 evals (67336 batches, avg 39/batch = 8% of 512, 3874 evals/s, 318 msg/s, 12.2 leaves/msg, 671s)
2026-08-10 01:08:49   [GPU] 2,650,004 evals (68742 batches, avg 39/batch = 8% of 512, 3867 evals/s, 318 msg/s, 12.2 leaves/msg, 685s)
2026-08-10 01:09:04   [GPU] 2,700,001 evals (70172 batches, avg 38/batch = 8% of 512, 3858 evals/s, 317 msg/s, 12.2 leaves/msg, 700s)
2026-08-10 01:09:18   [GPU] 2,750,044 evals (71591 batches, avg 38/batch = 8% of 512, 3853 evals/s, 317 msg/s, 12.2 leaves/msg, 714s)
2026-08-10 01:09:30   [GPU] 2,800,011 evals (72833 batches, avg 38/batch = 8% of 512, 3860 evals/s, 317 msg/s, 12.2 leaves/msg, 725s)
2026-08-10 01:09:40   [GPU] 2,850,057 evals (73976 batches, avg 39/batch = 8% of 512, 3871 evals/s, 318 msg/s, 12.2 leaves/msg, 736s)
2026-08-10 01:09:50   [GPU] 2,900,045 evals (75044 batches, avg 39/batch = 8% of 512, 3886 evals/s, 319 msg/s, 12.2 leaves/msg, 746s)
2026-08-10 01:10:00   [GPU] 2,950,010 evals (75990 batches, avg 39/batch = 8% of 512, 3904 evals/s, 320 msg/s, 12.2 leaves/msg, 756s)
2026-08-10 01:10:04 [iter 2/60] self-play: 110/160 games...
2026-08-10 01:10:10   [GPU] 3,000,025 evals (77074 batches, avg 39/batch = 8% of 512, 3917 evals/s, 321 msg/s, 12.2 leaves/msg, 766s)
2026-08-10 01:10:20   [GPU] 3,050,050 evals (78162 batches, avg 39/batch = 8% of 512, 3929 evals/s, 322 msg/s, 12.2 leaves/msg, 776s)
2026-08-10 01:10:26 [iter 2/60] self-play: 115/160 games...
2026-08-10 01:10:32   [GPU] 3,100,040 evals (79392 batches, avg 39/batch = 8% of 512, 3933 evals/s, 323 msg/s, 12.2 leaves/msg, 788s)
2026-08-10 01:10:46   [GPU] 3,150,004 evals (80747 batches, avg 39/batch = 8% of 512, 3928 evals/s, 323 msg/s, 12.2 leaves/msg, 802s)
2026-08-10 01:10:48 [iter 2/60] self-play: 120/160 games...
2026-08-10 01:11:01   [GPU] 3,200,047 evals (82237 batches, avg 39/batch = 8% of 512, 3916 evals/s, 322 msg/s, 12.1 leaves/msg, 817s)
2026-08-10 01:11:11 [iter 2/60] self-play: 125/160 games...
2026-08-10 01:11:16   [GPU] 3,250,020 evals (83696 batches, avg 39/batch = 8% of 512, 3909 evals/s, 322 msg/s, 12.1 leaves/msg, 831s)
2026-08-10 01:11:29   [GPU] 3,300,010 evals (85047 batches, avg 39/batch = 8% of 512, 3906 evals/s, 323 msg/s, 12.1 leaves/msg, 845s)
2026-08-10 01:11:45   [GPU] 3,350,020 evals (86586 batches, avg 39/batch = 8% of 512, 3893 evals/s, 322 msg/s, 12.1 leaves/msg, 860s)
2026-08-10 01:11:45 [iter 2/60] self-play: 130/160 games...
2026-08-10 01:12:04   [GPU] 3,400,016 evals (88467 batches, avg 38/batch = 8% of 512, 3865 evals/s, 321 msg/s, 12.0 leaves/msg, 880s)
2026-08-10 01:12:18   [GPU] 3,450,009 evals (89959 batches, avg 38/batch = 7% of 512, 3859 evals/s, 321 msg/s, 12.0 leaves/msg, 894s)
2026-08-10 01:12:26 [iter 2/60] self-play: 135/160 games...
2026-08-10 01:12:33   [GPU] 3,500,022 evals (91432 batches, avg 38/batch = 7% of 512, 3852 evals/s, 322 msg/s, 12.0 leaves/msg, 909s)
2026-08-10 01:12:48   [GPU] 3,550,006 evals (92984 batches, avg 38/batch = 7% of 512, 3843 evals/s, 322 msg/s, 11.9 leaves/msg, 924s)
2026-08-10 01:13:03   [GPU] 3,600,005 evals (94490 batches, avg 38/batch = 7% of 512, 3833 evals/s, 322 msg/s, 11.9 leaves/msg, 939s)
2026-08-10 01:13:18   [GPU] 3,650,006 evals (95980 batches, avg 38/batch = 7% of 512, 3827 evals/s, 322 msg/s, 11.9 leaves/msg, 954s)
2026-08-10 01:13:34   [GPU] 3,700,042 evals (97510 batches, avg 38/batch = 7% of 512, 3816 evals/s, 322 msg/s, 11.8 leaves/msg, 970s)
2026-08-10 01:13:43 [iter 2/60] self-play: 140/160 games...
2026-08-10 01:13:53   [GPU] 3,750,053 evals (99302 batches, avg 38/batch = 7% of 512, 3794 evals/s, 321 msg/s, 11.8 leaves/msg, 988s)
2026-08-10 01:14:10   [GPU] 3,800,015 evals (101038 batches, avg 38/batch = 7% of 512, 3778 evals/s, 321 msg/s, 11.8 leaves/msg, 1006s)
2026-08-10 01:14:30   [GPU] 3,850,001 evals (103008 batches, avg 37/batch = 7% of 512, 3753 evals/s, 320 msg/s, 11.7 leaves/msg, 1026s)
2026-08-10 01:14:48   [GPU] 3,900,012 evals (104782 batches, avg 37/batch = 7% of 512, 3736 evals/s, 320 msg/s, 11.7 leaves/msg, 1044s)
2026-08-10 01:15:04   [GPU] 3,950,007 evals (106483 batches, avg 37/batch = 7% of 512, 3726 evals/s, 320 msg/s, 11.6 leaves/msg, 1060s)
2026-08-10 01:15:22   [GPU] 4,000,005 evals (108276 batches, avg 37/batch = 7% of 512, 3711 evals/s, 320 msg/s, 11.6 leaves/msg, 1078s)
2026-08-10 01:15:40   [GPU] 4,050,002 evals (110142 batches, avg 37/batch = 7% of 512, 3694 evals/s, 320 msg/s, 11.6 leaves/msg, 1096s)
2026-08-10 01:15:45 [iter 2/60] self-play: 145/160 games...
2026-08-10 01:15:57   [GPU] 4,100,004 evals (111833 batches, avg 37/batch = 7% of 512, 3684 evals/s, 320 msg/s, 11.5 leaves/msg, 1113s)
2026-08-10 01:15:58 [iter 2/60] self-play: 150/160 games...
2026-08-10 01:16:13   [GPU] 4,150,035 evals (113395 batches, avg 37/batch = 7% of 512, 3677 evals/s, 320 msg/s, 11.5 leaves/msg, 1129s)
2026-08-10 01:16:34   [GPU] 4,200,033 evals (115375 batches, avg 36/batch = 7% of 512, 3654 evals/s, 319 msg/s, 11.5 leaves/msg, 1150s)
2026-08-10 01:16:52 [iter 2/60] self-play: 155/160 games...
2026-08-10 01:16:55   [GPU] 4,250,013 evals (117427 batches, avg 36/batch = 7% of 512, 3631 evals/s, 317 msg/s, 11.4 leaves/msg, 1170s)
2026-08-10 01:17:56 [iter 2/60] self-play: 160/160 games...
2026-08-10 01:17:56 [iter 2/60] self-play done: 160 games (1232s) | wins: P0=19, P1=114, draw=27 | draw_rate=17% avg_len~23
2026-08-10 01:17:56 [iter 2/60] search: expanded=8.9 actions/node visits/action=67.6 walls/game=7.69 first_wall_ply=0.825 learner_sims/s=3895.29
2026-08-10 01:17:56 [iter 2/60] training (600 steps, lr=9.99e-04)...
2026-08-10 01:18:04 [iter 2/60] training done: loss_p=1.070 loss_v=0.079 (7s)
2026-08-10 01:18:05 [iter 2/60] data: policy_wall_mass=0.191 walled_states=60% walls_on_board=15.6 value_mae walled=0.093 free=0.113
2026-08-10 01:18:05 [iter 2/60] eval skipped (eval_every=4)
2026-08-10 01:18:05 >>> iter 2 | loss_p=1.070 loss_v=0.079 | vs_best=n/a (not evaluated) | vs_rand=n/a | draw=17% | buf=13850 | rss=2.23GB | sp=1232s train=7s eval_best=0s eval_rand=0s | total=1241s
2026-08-10 01:18:05 [iter 3/60] self-play starting (160 games, 600 sims, MIXED 80/160 race-only)...
2026-08-10 01:18:05 [PARALLEL-MP] 8 workers spawned (160 games, sims=600), GPU batcher starting...
2026-08-10 01:18:18   [GPU] 50,027 evals (1044 batches, avg 48/batch = 9% of 512, 3783 evals/s, 309 msg/s, 12.2 leaves/msg, 13s)
2026-08-10 01:18:21 [iter 3/60] self-play: 5/160 games...
2026-08-10 01:18:32   [GPU] 100,058 evals (2363 batches, avg 42/batch = 8% of 512, 3715 evals/s, 300 msg/s, 12.4 leaves/msg, 27s)
2026-08-10 01:18:45   [GPU] 150,043 evals (3632 batches, avg 41/batch = 8% of 512, 3692 evals/s, 283 msg/s, 13.1 leaves/msg, 41s)
2026-08-10 01:18:47 [iter 3/60] self-play: 10/160 games...
2026-08-10 01:18:59   [GPU] 200,023 evals (4868 batches, avg 41/batch = 8% of 512, 3701 evals/s, 281 msg/s, 13.2 leaves/msg, 54s)
2026-08-10 01:19:12   [GPU] 250,031 evals (6173 batches, avg 41/batch = 8% of 512, 3698 evals/s, 279 msg/s, 13.2 leaves/msg, 68s)
2026-08-10 01:19:19 [iter 3/60] self-play: 15/160 games...
2026-08-10 01:19:25   [GPU] 300,013 evals (7452 batches, avg 40/batch = 8% of 512, 3744 evals/s, 289 msg/s, 13.0 leaves/msg, 80s)
2026-08-10 01:19:38   [GPU] 350,007 evals (8791 batches, avg 40/batch = 8% of 512, 3750 evals/s, 292 msg/s, 12.9 leaves/msg, 93s)
2026-08-10 01:19:50   [GPU] 400,009 evals (10028 batches, avg 40/batch = 8% of 512, 3798 evals/s, 295 msg/s, 12.9 leaves/msg, 105s)
2026-08-10 01:20:02   [GPU] 450,009 evals (11243 batches, avg 40/batch = 8% of 512, 3857 evals/s, 300 msg/s, 12.8 leaves/msg, 117s)
2026-08-10 01:20:13   [GPU] 500,014 evals (12447 batches, avg 40/batch = 8% of 512, 3895 evals/s, 305 msg/s, 12.8 leaves/msg, 128s)
2026-08-10 01:20:25   [GPU] 550,007 evals (13634 batches, avg 40/batch = 8% of 512, 3936 evals/s, 307 msg/s, 12.8 leaves/msg, 140s)
2026-08-10 01:20:35   [GPU] 600,011 evals (14776 batches, avg 41/batch = 8% of 512, 3985 evals/s, 311 msg/s, 12.8 leaves/msg, 151s)
2026-08-10 01:20:44 [iter 3/60] self-play: 20/160 games...
2026-08-10 01:20:46   [GPU] 650,011 evals (15865 batches, avg 41/batch = 8% of 512, 4035 evals/s, 315 msg/s, 12.8 leaves/msg, 161s)
2026-08-10 01:20:57   [GPU] 700,042 evals (17048 batches, avg 41/batch = 8% of 512, 4062 evals/s, 317 msg/s, 12.8 leaves/msg, 172s)
2026-08-10 01:21:08   [GPU] 750,028 evals (18182 batches, avg 41/batch = 8% of 512, 4092 evals/s, 319 msg/s, 12.8 leaves/msg, 183s)
2026-08-10 01:21:10 [iter 3/60] self-play: 25/160 games...
2026-08-10 01:21:21   [GPU] 800,028 evals (19442 batches, avg 41/batch = 8% of 512, 4074 evals/s, 318 msg/s, 12.8 leaves/msg, 196s)
2026-08-10 01:21:34   [GPU] 850,066 evals (20740 batches, avg 41/batch = 8% of 512, 4056 evals/s, 316 msg/s, 12.8 leaves/msg, 210s)
2026-08-10 01:21:49   [GPU] 900,046 evals (22165 batches, avg 41/batch = 8% of 512, 4010 evals/s, 312 msg/s, 12.8 leaves/msg, 224s)
2026-08-10 01:22:05   [GPU] 950,018 evals (23644 batches, avg 40/batch = 8% of 512, 3959 evals/s, 308 msg/s, 12.8 leaves/msg, 240s)
2026-08-10 01:22:15 [iter 3/60] self-play: 30/160 games...
2026-08-10 01:22:20   [GPU] 1,000,058 evals (25112 batches, avg 40/batch = 8% of 512, 3920 evals/s, 306 msg/s, 12.8 leaves/msg, 255s)
2026-08-10 01:22:34   [GPU] 1,050,007 evals (26554 batches, avg 40/batch = 8% of 512, 3895 evals/s, 305 msg/s, 12.8 leaves/msg, 270s)
2026-08-10 01:22:49 [iter 3/60] self-play: 35/160 games...
2026-08-10 01:22:49   [GPU] 1,100,003 evals (27976 batches, avg 39/batch = 8% of 512, 3869 evals/s, 304 msg/s, 12.7 leaves/msg, 284s)
2026-08-10 01:23:05   [GPU] 1,150,010 evals (29497 batches, avg 39/batch = 8% of 512, 3830 evals/s, 301 msg/s, 12.7 leaves/msg, 300s)
2026-08-10 01:23:20   [GPU] 1,200,011 evals (30941 batches, avg 39/batch = 8% of 512, 3809 evals/s, 299 msg/s, 12.7 leaves/msg, 315s)
2026-08-10 01:23:35 [iter 3/60] self-play: 40/160 games...
2026-08-10 01:23:36   [GPU] 1,250,036 evals (32482 batches, avg 38/batch = 8% of 512, 3776 evals/s, 298 msg/s, 12.7 leaves/msg, 331s)
2026-08-10 01:23:50   [GPU] 1,300,030 evals (33888 batches, avg 38/batch = 7% of 512, 3764 evals/s, 297 msg/s, 12.7 leaves/msg, 345s)
2026-08-10 01:24:05   [GPU] 1,350,008 evals (35379 batches, avg 38/batch = 7% of 512, 3744 evals/s, 295 msg/s, 12.7 leaves/msg, 361s)
2026-08-10 01:24:13 [iter 3/60] self-play: 45/160 games...
2026-08-10 01:24:18   [GPU] 1,400,025 evals (36604 batches, avg 38/batch = 7% of 512, 3754 evals/s, 296 msg/s, 12.7 leaves/msg, 373s)
2026-08-10 01:24:32   [GPU] 1,450,009 evals (37943 batches, avg 38/batch = 7% of 512, 3749 evals/s, 296 msg/s, 12.7 leaves/msg, 387s)
2026-08-10 01:24:45   [GPU] 1,500,016 evals (39264 batches, avg 38/batch = 7% of 512, 3749 evals/s, 296 msg/s, 12.7 leaves/msg, 400s)
2026-08-10 01:24:46 [iter 3/60] self-play: 50/160 games...
2026-08-10 01:24:59   [GPU] 1,550,026 evals (40643 batches, avg 38/batch = 7% of 512, 3744 evals/s, 296 msg/s, 12.6 leaves/msg, 414s)
2026-08-10 01:25:09 [iter 3/60] self-play: 55/160 games...
2026-08-10 01:25:13   [GPU] 1,600,055 evals (41991 batches, avg 38/batch = 7% of 512, 3741 evals/s, 296 msg/s, 12.6 leaves/msg, 428s)
2026-08-10 01:25:27   [GPU] 1,650,013 evals (43366 batches, avg 38/batch = 7% of 512, 3733 evals/s, 295 msg/s, 12.6 leaves/msg, 442s)
2026-08-10 01:25:42   [GPU] 1,700,008 evals (44837 batches, avg 38/batch = 7% of 512, 3719 evals/s, 294 msg/s, 12.7 leaves/msg, 457s)
2026-08-10 01:25:54   [GPU] 1,750,021 evals (46080 batches, avg 38/batch = 7% of 512, 3727 evals/s, 294 msg/s, 12.7 leaves/msg, 470s)
2026-08-10 01:26:01 [iter 3/60] self-play: 60/160 games...
2026-08-10 01:26:07   [GPU] 1,800,013 evals (47357 batches, avg 38/batch = 7% of 512, 3732 evals/s, 294 msg/s, 12.7 leaves/msg, 482s)
2026-08-10 01:26:20   [GPU] 1,850,032 evals (48670 batches, avg 38/batch = 7% of 512, 3735 evals/s, 294 msg/s, 12.7 leaves/msg, 495s)
2026-08-10 01:26:32   [GPU] 1,900,033 evals (49846 batches, avg 38/batch = 7% of 512, 3750 evals/s, 295 msg/s, 12.7 leaves/msg, 507s)
2026-08-10 01:26:42   [GPU] 1,950,075 evals (50913 batches, avg 38/batch = 7% of 512, 3771 evals/s, 296 msg/s, 12.7 leaves/msg, 517s)
2026-08-10 01:26:53   [GPU] 2,000,022 evals (52008 batches, avg 38/batch = 8% of 512, 3790 evals/s, 298 msg/s, 12.7 leaves/msg, 528s)
2026-08-10 01:27:03 [iter 3/60] self-play: 65/160 games...
2026-08-10 01:27:04   [GPU] 2,050,033 evals (53199 batches, avg 39/batch = 8% of 512, 3802 evals/s, 300 msg/s, 12.7 leaves/msg, 539s)
2026-08-10 01:27:16   [GPU] 2,100,032 evals (54393 batches, avg 39/batch = 8% of 512, 3808 evals/s, 300 msg/s, 12.7 leaves/msg, 552s)
2026-08-10 01:27:26 [iter 3/60] self-play: 70/160 games...
2026-08-10 01:27:30   [GPU] 2,150,004 evals (55733 batches, avg 39/batch = 8% of 512, 3803 evals/s, 300 msg/s, 12.7 leaves/msg, 565s)
2026-08-10 01:27:44 [iter 3/60] self-play: 75/160 games...
2026-08-10 01:27:45   [GPU] 2,200,060 evals (57119 batches, avg 39/batch = 8% of 512, 3795 evals/s, 299 msg/s, 12.7 leaves/msg, 580s)
2026-08-10 01:27:59   [GPU] 2,250,039 evals (58515 batches, avg 38/batch = 8% of 512, 3785 evals/s, 299 msg/s, 12.7 leaves/msg, 594s)
2026-08-10 01:28:12   [GPU] 2,300,019 evals (59772 batches, avg 38/batch = 8% of 512, 3791 evals/s, 299 msg/s, 12.7 leaves/msg, 607s)
2026-08-10 01:28:21 [iter 3/60] self-play: 80/160 games...
2026-08-10 01:28:25   [GPU] 2,350,033 evals (61092 batches, avg 38/batch = 8% of 512, 3790 evals/s, 299 msg/s, 12.7 leaves/msg, 620s)
2026-08-10 01:28:38   [GPU] 2,400,006 evals (62415 batches, avg 38/batch = 8% of 512, 3788 evals/s, 299 msg/s, 12.7 leaves/msg, 634s)
2026-08-10 01:28:52   [GPU] 2,450,013 evals (63766 batches, avg 38/batch = 8% of 512, 3785 evals/s, 298 msg/s, 12.7 leaves/msg, 647s)
2026-08-10 01:29:04 [iter 3/60] self-play: 85/160 games...
2026-08-10 01:29:05   [GPU] 2,500,014 evals (65055 batches, avg 38/batch = 8% of 512, 3786 evals/s, 299 msg/s, 12.7 leaves/msg, 660s)
2026-08-10 01:29:19   [GPU] 2,550,046 evals (66409 batches, avg 38/batch = 7% of 512, 3783 evals/s, 298 msg/s, 12.7 leaves/msg, 674s)
2026-08-10 01:29:32   [GPU] 2,600,046 evals (67730 batches, avg 38/batch = 7% of 512, 3783 evals/s, 298 msg/s, 12.7 leaves/msg, 687s)
2026-08-10 01:29:45   [GPU] 2,650,076 evals (69036 batches, avg 38/batch = 7% of 512, 3783 evals/s, 298 msg/s, 12.7 leaves/msg, 700s)
2026-08-10 01:29:59   [GPU] 2,700,008 evals (70339 batches, avg 38/batch = 7% of 512, 3782 evals/s, 298 msg/s, 12.7 leaves/msg, 714s)
2026-08-10 01:30:12   [GPU] 2,750,011 evals (71609 batches, avg 38/batch = 8% of 512, 3782 evals/s, 298 msg/s, 12.7 leaves/msg, 727s)
2026-08-10 01:30:12 [iter 3/60] self-play: 90/160 games...
2026-08-10 01:30:27   [GPU] 2,800,027 evals (72943 batches, avg 38/batch = 7% of 512, 3774 evals/s, 297 msg/s, 12.7 leaves/msg, 742s)
2026-08-10 01:30:41   [GPU] 2,850,024 evals (74341 batches, avg 38/batch = 7% of 512, 3768 evals/s, 296 msg/s, 12.7 leaves/msg, 756s)
2026-08-10 01:30:56   [GPU] 2,900,039 evals (75758 batches, avg 38/batch = 7% of 512, 3763 evals/s, 296 msg/s, 12.7 leaves/msg, 771s)
2026-08-10 01:30:59 [iter 3/60] self-play: 95/160 games...
2026-08-10 01:31:08   [GPU] 2,950,009 evals (77047 batches, avg 38/batch = 7% of 512, 3765 evals/s, 296 msg/s, 12.7 leaves/msg, 784s)
2026-08-10 01:31:24   [GPU] 3,000,025 evals (78478 batches, avg 38/batch = 7% of 512, 3756 evals/s, 296 msg/s, 12.7 leaves/msg, 799s)
2026-08-10 01:31:39   [GPU] 3,050,002 evals (79912 batches, avg 38/batch = 7% of 512, 3748 evals/s, 295 msg/s, 12.7 leaves/msg, 814s)
2026-08-10 01:31:40 [iter 3/60] self-play: 100/160 games...
2026-08-10 01:31:54   [GPU] 3,100,049 evals (81399 batches, avg 38/batch = 7% of 512, 3739 evals/s, 295 msg/s, 12.7 leaves/msg, 829s)
2026-08-10 01:32:11   [GPU] 3,150,004 evals (83006 batches, avg 38/batch = 7% of 512, 3724 evals/s, 294 msg/s, 12.7 leaves/msg, 846s)
2026-08-10 01:32:28   [GPU] 3,200,028 evals (84618 batches, avg 38/batch = 7% of 512, 3708 evals/s, 293 msg/s, 12.7 leaves/msg, 863s)
2026-08-10 01:32:45   [GPU] 3,250,025 evals (86239 batches, avg 38/batch = 7% of 512, 3692 evals/s, 291 msg/s, 12.7 leaves/msg, 880s)
2026-08-10 01:32:57 [iter 3/60] self-play: 105/160 games...
2026-08-10 01:33:00   [GPU] 3,300,011 evals (87652 batches, avg 38/batch = 7% of 512, 3688 evals/s, 291 msg/s, 12.7 leaves/msg, 895s)
2026-08-10 01:33:13   [GPU] 3,350,016 evals (88941 batches, avg 38/batch = 7% of 512, 3690 evals/s, 292 msg/s, 12.7 leaves/msg, 908s)
2026-08-10 01:33:27   [GPU] 3,400,047 evals (90394 batches, avg 38/batch = 7% of 512, 3687 evals/s, 291 msg/s, 12.6 leaves/msg, 922s)
2026-08-10 01:33:41   [GPU] 3,450,036 evals (91821 batches, avg 38/batch = 7% of 512, 3684 evals/s, 291 msg/s, 12.6 leaves/msg, 936s)
2026-08-10 01:33:55   [GPU] 3,500,021 evals (93226 batches, avg 38/batch = 7% of 512, 3683 evals/s, 292 msg/s, 12.6 leaves/msg, 950s)
2026-08-10 01:34:10   [GPU] 3,550,041 evals (94680 batches, avg 37/batch = 7% of 512, 3680 evals/s, 292 msg/s, 12.6 leaves/msg, 965s)
2026-08-10 01:34:23   [GPU] 3,600,010 evals (96080 batches, avg 37/batch = 7% of 512, 3679 evals/s, 292 msg/s, 12.6 leaves/msg, 979s)
2026-08-10 01:34:25 [iter 3/60] self-play: 110/160 games...
2026-08-10 01:34:37   [GPU] 3,650,022 evals (97408 batches, avg 37/batch = 7% of 512, 3681 evals/s, 293 msg/s, 12.6 leaves/msg, 992s)
2026-08-10 01:34:42 [iter 3/60] self-play: 115/160 games...
2026-08-10 01:34:49   [GPU] 3,700,042 evals (98660 batches, avg 38/batch = 7% of 512, 3685 evals/s, 293 msg/s, 12.6 leaves/msg, 1004s)
2026-08-10 01:35:02   [GPU] 3,750,000 evals (99915 batches, avg 38/batch = 7% of 512, 3688 evals/s, 293 msg/s, 12.6 leaves/msg, 1017s)
2026-08-10 01:35:04 [iter 3/60] self-play: 120/160 games...
2026-08-10 01:35:15   [GPU] 3,800,023 evals (101231 batches, avg 38/batch = 7% of 512, 3688 evals/s, 293 msg/s, 12.6 leaves/msg, 1030s)
2026-08-10 01:35:28   [GPU] 3,850,028 evals (102463 batches, avg 38/batch = 7% of 512, 3692 evals/s, 293 msg/s, 12.6 leaves/msg, 1043s)
2026-08-10 01:35:32 [iter 3/60] self-play: 125/160 games...
2026-08-10 01:35:39   [GPU] 3,900,029 evals (103599 batches, avg 38/batch = 7% of 512, 3700 evals/s, 294 msg/s, 12.6 leaves/msg, 1054s)
2026-08-10 01:35:51   [GPU] 3,950,032 evals (104861 batches, avg 38/batch = 7% of 512, 3704 evals/s, 294 msg/s, 12.6 leaves/msg, 1067s)
2026-08-10 01:36:03   [GPU] 4,000,004 evals (106035 batches, avg 38/batch = 7% of 512, 3710 evals/s, 294 msg/s, 12.6 leaves/msg, 1078s)
2026-08-10 01:36:05 [iter 3/60] self-play: 130/160 games...
2026-08-10 01:36:14   [GPU] 4,050,014 evals (107124 batches, avg 38/batch = 7% of 512, 3720 evals/s, 295 msg/s, 12.6 leaves/msg, 1089s)
2026-08-10 01:36:25   [GPU] 4,100,040 evals (108309 batches, avg 38/batch = 7% of 512, 3726 evals/s, 295 msg/s, 12.6 leaves/msg, 1100s)
2026-08-10 01:36:33 [iter 3/60] self-play: 135/160 games...
2026-08-10 01:36:38   [GPU] 4,150,048 evals (109553 batches, avg 38/batch = 7% of 512, 3729 evals/s, 295 msg/s, 12.6 leaves/msg, 1113s)
2026-08-10 01:36:51   [GPU] 4,200,012 evals (110858 batches, avg 38/batch = 7% of 512, 3729 evals/s, 295 msg/s, 12.6 leaves/msg, 1126s)
2026-08-10 01:37:00 [iter 3/60] self-play: 140/160 games...
2026-08-10 01:37:04   [GPU] 4,250,011 evals (112106 batches, avg 38/batch = 7% of 512, 3731 evals/s, 295 msg/s, 12.7 leaves/msg, 1139s)
2026-08-10 01:37:17   [GPU] 4,300,066 evals (113383 batches, avg 38/batch = 7% of 512, 3731 evals/s, 295 msg/s, 12.7 leaves/msg, 1152s)
2026-08-10 01:37:33   [GPU] 4,350,005 evals (114840 batches, avg 38/batch = 7% of 512, 3725 evals/s, 294 msg/s, 12.7 leaves/msg, 1168s)
2026-08-10 01:37:48   [GPU] 4,400,003 evals (116264 batches, avg 38/batch = 7% of 512, 3720 evals/s, 293 msg/s, 12.7 leaves/msg, 1183s)
2026-08-10 01:37:58 [iter 3/60] self-play: 145/160 games...
2026-08-10 01:38:02   [GPU] 4,450,071 evals (117633 batches, avg 38/batch = 7% of 512, 3717 evals/s, 293 msg/s, 12.7 leaves/msg, 1197s)
2026-08-10 01:38:18   [GPU] 4,500,008 evals (119189 batches, avg 38/batch = 7% of 512, 3710 evals/s, 293 msg/s, 12.7 leaves/msg, 1213s)
2026-08-10 01:38:33   [GPU] 4,550,009 evals (120678 batches, avg 38/batch = 7% of 512, 3704 evals/s, 293 msg/s, 12.7 leaves/msg, 1228s)
2026-08-10 01:38:34 [iter 3/60] self-play: 150/160 games...
2026-08-10 01:38:51   [GPU] 4,600,011 evals (122314 batches, avg 38/batch = 7% of 512, 3693 evals/s, 292 msg/s, 12.7 leaves/msg, 1246s)
2026-08-10 01:39:06   [GPU] 4,650,019 evals (123798 batches, avg 38/batch = 7% of 512, 3687 evals/s, 291 msg/s, 12.7 leaves/msg, 1261s)
2026-08-10 01:39:25   [GPU] 4,700,012 evals (125534 batches, avg 37/batch = 7% of 512, 3672 evals/s, 290 msg/s, 12.7 leaves/msg, 1280s)
2026-08-10 01:39:31 [iter 3/60] self-play: 155/160 games...
2026-08-10 01:39:59   [GPU] 4,750,014 evals (128086 batches, avg 37/batch = 7% of 512, 3614 evals/s, 286 msg/s, 12.6 leaves/msg, 1314s)
2026-08-10 01:41:03   [GPU] 4,800,013 evals (131424 batches, avg 37/batch = 7% of 512, 3484 evals/s, 276 msg/s, 12.6 leaves/msg, 1378s)
2026-08-10 01:45:58   [GPU] 4,850,004 evals (139135 batches, avg 35/batch = 7% of 512, 2899 evals/s, 232 msg/s, 12.5 leaves/msg, 1673s)
2026-08-10 01:46:54 [iter 3/60] self-play: 160/160 games...
2026-08-10 01:46:55 [iter 3/60] self-play done: 160 games (1730s) | wins: P0=18, P1=107, draw=35 | draw_rate=22% avg_len~20
2026-08-10 01:46:55 [iter 3/60] search: expanded=11.4 actions/node visits/action=52.8 walls/game=7.35 first_wall_ply=0.925 learner_sims/s=3046.14
2026-08-10 01:46:55 [iter 3/60] WARNING: draw_rate 22% > 20% — games timing out at max_game_moves=160 (weak value signal).
2026-08-10 01:46:55 [iter 3/60] training (600 steps, lr=9.98e-04)...
2026-08-10 01:47:02 [iter 3/60] training done: loss_p=1.078 loss_v=0.079 (7s)
2026-08-10 01:47:03 [iter 3/60] data: policy_wall_mass=0.178 walled_states=54% walls_on_board=12.8 value_mae walled=0.093 free=0.119
2026-08-10 01:47:03 [iter 3/60] eval skipped (eval_every=4)
2026-08-10 01:47:03 >>> iter 3 | loss_p=1.078 loss_v=0.079 | vs_best=n/a (not evaluated) | vs_rand=n/a | draw=22% | buf=20216 | rss=2.28GB | sp=1730s train=7s eval_best=0s eval_rand=0s | total=1739s
2026-08-10 01:47:03 [iter 4/60] self-play starting (160 games, 600 sims, MIXED 80/160 race-only)...
2026-08-10 01:47:03 [PARALLEL-MP] 8 workers spawned (160 games, sims=600), GPU batcher starting...
2026-08-10 01:47:17   [GPU] 50,016 evals (1058 batches, avg 47/batch = 9% of 512, 3647 evals/s, 297 msg/s, 12.3 leaves/msg, 14s)
2026-08-10 01:47:17 [iter 4/60] self-play: 5/160 games...
2026-08-10 01:47:30   [GPU] 100,045 evals (2332 batches, avg 43/batch = 8% of 512, 3706 evals/s, 290 msg/s, 12.8 leaves/msg, 27s)
2026-08-10 01:47:43 [iter 4/60] self-play: 10/160 games...
2026-08-10 01:47:44   [GPU] 150,063 evals (3594 batches, avg 42/batch = 8% of 512, 3729 evals/s, 286 msg/s, 13.0 leaves/msg, 40s)
2026-08-10 01:47:58   [GPU] 200,010 evals (4963 batches, avg 40/batch = 8% of 512, 3650 evals/s, 272 msg/s, 13.4 leaves/msg, 55s)
2026-08-10 01:48:12   [GPU] 250,014 evals (6274 batches, avg 40/batch = 8% of 512, 3664 evals/s, 272 msg/s, 13.5 leaves/msg, 68s)
2026-08-10 01:48:24   [GPU] 300,051 evals (7538 batches, avg 40/batch = 8% of 512, 3718 evals/s, 277 msg/s, 13.4 leaves/msg, 81s)
2026-08-10 01:48:35 [iter 4/60] self-play: 15/160 games...
2026-08-10 01:48:36   [GPU] 350,002 evals (8757 batches, avg 40/batch = 8% of 512, 3769 evals/s, 281 msg/s, 13.4 leaves/msg, 93s)
2026-08-10 01:48:48   [GPU] 400,061 evals (9990 batches, avg 40/batch = 8% of 512, 3811 evals/s, 286 msg/s, 13.3 leaves/msg, 105s)
2026-08-10 01:49:00   [GPU] 450,011 evals (11178 batches, avg 40/batch = 8% of 512, 3867 evals/s, 289 msg/s, 13.4 leaves/msg, 116s)
2026-08-10 01:49:11   [GPU] 500,032 evals (12373 batches, avg 40/batch = 8% of 512, 3916 evals/s, 292 msg/s, 13.4 leaves/msg, 128s)
2026-08-10 01:49:22   [GPU] 550,022 evals (13494 batches, avg 41/batch = 8% of 512, 3971 evals/s, 296 msg/s, 13.4 leaves/msg, 138s)
2026-08-10 01:49:33   [GPU] 600,045 evals (14692 batches, avg 41/batch = 8% of 512, 4001 evals/s, 299 msg/s, 13.4 leaves/msg, 150s)
2026-08-10 01:49:45   [GPU] 650,077 evals (15912 batches, avg 41/batch = 8% of 512, 4015 evals/s, 300 msg/s, 13.4 leaves/msg, 162s)
2026-08-10 01:49:54 [iter 4/60] self-play: 20/160 games...
2026-08-10 01:49:58   [GPU] 700,024 evals (17175 batches, avg 41/batch = 8% of 512, 4015 evals/s, 302 msg/s, 13.3 leaves/msg, 174s)
2026-08-10 01:50:11   [GPU] 750,026 evals (18524 batches, avg 40/batch = 8% of 512, 3988 evals/s, 303 msg/s, 13.2 leaves/msg, 188s)
2026-08-10 01:50:26   [GPU] 800,000 evals (19973 batches, avg 40/batch = 8% of 512, 3941 evals/s, 300 msg/s, 13.1 leaves/msg, 203s)
2026-08-10 01:50:41   [GPU] 850,005 evals (21381 batches, avg 40/batch = 8% of 512, 3903 evals/s, 297 msg/s, 13.1 leaves/msg, 218s)
2026-08-10 01:50:46 [iter 4/60] self-play: 25/160 games...
2026-08-10 01:50:56   [GPU] 900,013 evals (22838 batches, avg 39/batch = 8% of 512, 3868 evals/s, 296 msg/s, 13.1 leaves/msg, 233s)
2026-08-10 01:51:04 [iter 4/60] self-play: 30/160 games...
2026-08-10 01:51:11   [GPU] 950,004 evals (24283 batches, avg 39/batch = 8% of 512, 3830 evals/s, 294 msg/s, 13.0 leaves/msg, 248s)
2026-08-10 01:51:26   [GPU] 1,000,015 evals (25693 batches, avg 39/batch = 8% of 512, 3806 evals/s, 292 msg/s, 13.0 leaves/msg, 263s)
2026-08-10 01:51:40   [GPU] 1,050,001 evals (27085 batches, avg 39/batch = 8% of 512, 3790 evals/s, 292 msg/s, 13.0 leaves/msg, 277s)
2026-08-10 01:51:42 [iter 4/60] self-play: 35/160 games...
2026-08-10 01:51:55   [GPU] 1,100,003 evals (28443 batches, avg 39/batch = 8% of 512, 3776 evals/s, 291 msg/s, 13.0 leaves/msg, 291s)
2026-08-10 01:52:09   [GPU] 1,150,013 evals (29834 batches, avg 39/batch = 8% of 512, 3766 evals/s, 291 msg/s, 12.9 leaves/msg, 305s)
2026-08-10 01:52:23   [GPU] 1,200,013 evals (31208 batches, avg 38/batch = 8% of 512, 3759 evals/s, 291 msg/s, 12.9 leaves/msg, 319s)
2026-08-10 01:52:37   [GPU] 1,250,001 evals (32649 batches, avg 38/batch = 7% of 512, 3744 evals/s, 292 msg/s, 12.8 leaves/msg, 334s)
2026-08-10 01:52:49 [iter 4/60] self-play: 40/160 games...
2026-08-10 01:52:51   [GPU] 1,300,010 evals (34049 batches, avg 38/batch = 7% of 512, 3740 evals/s, 293 msg/s, 12.8 leaves/msg, 348s)
2026-08-10 01:53:05   [GPU] 1,350,020 evals (35432 batches, avg 38/batch = 7% of 512, 3734 evals/s, 294 msg/s, 12.7 leaves/msg, 362s)
2026-08-10 01:53:20   [GPU] 1,400,014 evals (36885 batches, avg 38/batch = 7% of 512, 3722 evals/s, 294 msg/s, 12.7 leaves/msg, 376s)
2026-08-10 01:53:34   [GPU] 1,450,013 evals (38352 batches, avg 38/batch = 7% of 512, 3709 evals/s, 294 msg/s, 12.6 leaves/msg, 391s)
2026-08-10 01:53:48   [GPU] 1,500,028 evals (39714 batches, avg 38/batch = 7% of 512, 3710 evals/s, 295 msg/s, 12.6 leaves/msg, 404s)
2026-08-10 01:53:52 [iter 4/60] self-play: 45/160 games...
2026-08-10 01:54:02   [GPU] 1,550,012 evals (41188 batches, avg 38/batch = 7% of 512, 3700 evals/s, 296 msg/s, 12.5 leaves/msg, 419s)
2026-08-10 01:54:14   [GPU] 1,600,030 evals (42412 batches, avg 38/batch = 7% of 512, 3711 evals/s, 297 msg/s, 12.5 leaves/msg, 431s)
2026-08-10 01:54:26   [GPU] 1,650,040 evals (43613 batches, avg 38/batch = 7% of 512, 3724 evals/s, 298 msg/s, 12.5 leaves/msg, 443s)
2026-08-10 01:54:28 [iter 4/60] self-play: 50/160 games...
2026-08-10 01:54:39   [GPU] 1,700,013 evals (44854 batches, avg 38/batch = 7% of 512, 3733 evals/s, 299 msg/s, 12.5 leaves/msg, 455s)
2026-08-10 01:54:51   [GPU] 1,750,013 evals (46128 batches, avg 38/batch = 7% of 512, 3738 evals/s, 299 msg/s, 12.5 leaves/msg, 468s)
2026-08-10 01:55:03   [GPU] 1,800,005 evals (47275 batches, avg 38/batch = 7% of 512, 3755 evals/s, 300 msg/s, 12.5 leaves/msg, 479s)
2026-08-10 01:55:11 [iter 4/60] self-play: 55/160 games...
2026-08-10 01:55:14   [GPU] 1,850,058 evals (48462 batches, avg 38/batch = 7% of 512, 3769 evals/s, 301 msg/s, 12.5 leaves/msg, 491s)
2026-08-10 01:55:26   [GPU] 1,900,004 evals (49649 batches, avg 38/batch = 7% of 512, 3783 evals/s, 303 msg/s, 12.5 leaves/msg, 502s)
2026-08-10 01:55:38   [GPU] 1,950,012 evals (50956 batches, avg 38/batch = 7% of 512, 3788 evals/s, 303 msg/s, 12.5 leaves/msg, 515s)
2026-08-10 01:55:51   [GPU] 2,000,020 evals (52293 batches, avg 38/batch = 7% of 512, 3790 evals/s, 303 msg/s, 12.5 leaves/msg, 528s)
2026-08-10 01:56:04   [GPU] 2,050,011 evals (53630 batches, avg 38/batch = 7% of 512, 3790 evals/s, 303 msg/s, 12.5 leaves/msg, 541s)
2026-08-10 01:56:11 [iter 4/60] self-play: 60/160 games...
2026-08-10 01:56:17   [GPU] 2,100,059 evals (54954 batches, avg 38/batch = 7% of 512, 3790 evals/s, 303 msg/s, 12.5 leaves/msg, 554s)
2026-08-10 01:56:31   [GPU] 2,150,026 evals (56280 batches, avg 38/batch = 7% of 512, 3789 evals/s, 303 msg/s, 12.5 leaves/msg, 567s)
2026-08-10 01:56:44   [GPU] 2,200,033 evals (57642 batches, avg 38/batch = 7% of 512, 3786 evals/s, 303 msg/s, 12.5 leaves/msg, 581s)
2026-08-10 01:56:53 [iter 4/60] self-play: 65/160 games...
2026-08-10 01:56:58   [GPU] 2,250,039 evals (58930 batches, avg 38/batch = 7% of 512, 3786 evals/s, 302 msg/s, 12.5 leaves/msg, 594s)
2026-08-10 01:57:09   [GPU] 2,300,028 evals (60087 batches, avg 38/batch = 7% of 512, 3796 evals/s, 303 msg/s, 12.5 leaves/msg, 606s)
2026-08-10 01:57:14 [iter 4/60] self-play: 70/160 games...
2026-08-10 01:57:21   [GPU] 2,350,018 evals (61272 batches, avg 38/batch = 7% of 512, 3803 evals/s, 303 msg/s, 12.6 leaves/msg, 618s)
2026-08-10 01:57:34   [GPU] 2,400,008 evals (62508 batches, avg 38/batch = 7% of 512, 3807 evals/s, 302 msg/s, 12.6 leaves/msg, 630s)
2026-08-10 01:57:43   [GPU] 2,450,063 evals (63510 batches, avg 39/batch = 8% of 512, 3828 evals/s, 303 msg/s, 12.6 leaves/msg, 640s)
2026-08-10 01:57:53   [GPU] 2,500,004 evals (64514 batches, avg 39/batch = 8% of 512, 3847 evals/s, 305 msg/s, 12.6 leaves/msg, 650s)
2026-08-10 01:58:03   [GPU] 2,550,017 evals (65568 batches, avg 39/batch = 8% of 512, 3864 evals/s, 305 msg/s, 12.7 leaves/msg, 660s)
2026-08-10 01:58:11 [iter 4/60] self-play: 75/160 games...
2026-08-10 01:58:13   [GPU] 2,600,026 evals (66624 batches, avg 39/batch = 8% of 512, 3881 evals/s, 306 msg/s, 12.7 leaves/msg, 670s)
2026-08-10 01:58:23   [GPU] 2,650,064 evals (67681 batches, avg 39/batch = 8% of 512, 3897 evals/s, 307 msg/s, 12.7 leaves/msg, 680s)
2026-08-10 01:58:27 [iter 4/60] self-play: 80/160 games...
2026-08-10 01:58:34   [GPU] 2,700,018 evals (68766 batches, avg 39/batch = 8% of 512, 3910 evals/s, 308 msg/s, 12.7 leaves/msg, 691s)
2026-08-10 01:58:46   [GPU] 2,750,022 evals (69962 batches, avg 39/batch = 8% of 512, 3916 evals/s, 308 msg/s, 12.7 leaves/msg, 702s)
2026-08-10 01:58:57   [GPU] 2,800,010 evals (71158 batches, avg 39/batch = 8% of 512, 3923 evals/s, 309 msg/s, 12.7 leaves/msg, 714s)
2026-08-10 01:59:04 [iter 4/60] self-play: 85/160 games...
2026-08-10 01:59:08   [GPU] 2,850,015 evals (72292 batches, avg 39/batch = 8% of 512, 3934 evals/s, 310 msg/s, 12.7 leaves/msg, 724s)
2026-08-10 01:59:19   [GPU] 2,900,023 evals (73516 batches, avg 39/batch = 8% of 512, 3940 evals/s, 311 msg/s, 12.7 leaves/msg, 736s)
2026-08-10 01:59:31   [GPU] 2,950,001 evals (74749 batches, avg 39/batch = 8% of 512, 3946 evals/s, 312 msg/s, 12.6 leaves/msg, 748s)
2026-08-10 01:59:37 [iter 4/60] self-play: 90/160 games...
2026-08-10 01:59:42   [GPU] 3,000,024 evals (75969 batches, avg 39/batch = 8% of 512, 3953 evals/s, 313 msg/s, 12.6 leaves/msg, 759s)
2026-08-10 01:59:54   [GPU] 3,050,063 evals (77206 batches, avg 40/batch = 8% of 512, 3958 evals/s, 314 msg/s, 12.6 leaves/msg, 771s)
2026-08-10 01:59:58 [iter 4/60] self-play: 95/160 games...
2026-08-10 02:00:07   [GPU] 3,100,017 evals (78519 batches, avg 39/batch = 8% of 512, 3955 evals/s, 314 msg/s, 12.6 leaves/msg, 784s)
2026-08-10 02:00:20   [GPU] 3,150,011 evals (79787 batches, avg 39/batch = 8% of 512, 3954 evals/s, 314 msg/s, 12.6 leaves/msg, 797s)
2026-08-10 02:00:26 [iter 4/60] self-play: 100/160 games...
2026-08-10 02:00:34   [GPU] 3,200,012 evals (81174 batches, avg 39/batch = 8% of 512, 3949 evals/s, 314 msg/s, 12.6 leaves/msg, 810s)
2026-08-10 02:00:45   [GPU] 3,250,007 evals (82415 batches, avg 39/batch = 8% of 512, 3953 evals/s, 315 msg/s, 12.6 leaves/msg, 822s)
2026-08-10 02:00:53 [iter 4/60] self-play: 105/160 games...
2026-08-10 02:00:58   [GPU] 3,300,016 evals (83794 batches, avg 39/batch = 8% of 512, 3952 evals/s, 316 msg/s, 12.5 leaves/msg, 835s)
2026-08-10 02:01:11   [GPU] 3,350,016 evals (85060 batches, avg 39/batch = 8% of 512, 3952 evals/s, 316 msg/s, 12.5 leaves/msg, 848s)
2026-08-10 02:01:18 [iter 4/60] self-play: 110/160 games...
2026-08-10 02:01:25   [GPU] 3,400,000 evals (86450 batches, avg 39/batch = 8% of 512, 3948 evals/s, 316 msg/s, 12.5 leaves/msg, 861s)
2026-08-10 02:01:38   [GPU] 3,450,018 evals (87823 batches, avg 39/batch = 8% of 512, 3946 evals/s, 317 msg/s, 12.5 leaves/msg, 874s)
2026-08-10 02:01:49   [GPU] 3,500,011 evals (88990 batches, avg 39/batch = 8% of 512, 3952 evals/s, 318 msg/s, 12.4 leaves/msg, 886s)
2026-08-10 02:01:59   [GPU] 3,550,025 evals (90010 batches, avg 39/batch = 8% of 512, 3964 evals/s, 319 msg/s, 12.4 leaves/msg, 896s)
2026-08-10 02:01:59 [iter 4/60] self-play: 115/160 games...
2026-08-10 02:02:11   [GPU] 3,600,003 evals (91234 batches, avg 39/batch = 8% of 512, 3966 evals/s, 319 msg/s, 12.5 leaves/msg, 908s)
2026-08-10 02:02:22 [iter 4/60] self-play: 120/160 games...
2026-08-10 02:02:22   [GPU] 3,650,048 evals (92372 batches, avg 40/batch = 8% of 512, 3973 evals/s, 319 msg/s, 12.4 leaves/msg, 919s)
2026-08-10 02:02:33   [GPU] 3,700,015 evals (93512 batches, avg 40/batch = 8% of 512, 3980 evals/s, 320 msg/s, 12.4 leaves/msg, 930s)
2026-08-10 02:02:45   [GPU] 3,750,032 evals (94738 batches, avg 40/batch = 8% of 512, 3982 evals/s, 320 msg/s, 12.5 leaves/msg, 942s)
2026-08-10 02:02:57   [GPU] 3,800,013 evals (95924 batches, avg 40/batch = 8% of 512, 3987 evals/s, 320 msg/s, 12.5 leaves/msg, 953s)
2026-08-10 02:03:08   [GPU] 3,850,067 evals (97102 batches, avg 40/batch = 8% of 512, 3990 evals/s, 320 msg/s, 12.5 leaves/msg, 965s)
2026-08-10 02:03:15 [iter 4/60] self-play: 125/160 games...
2026-08-10 02:03:21   [GPU] 3,900,009 evals (98435 batches, avg 40/batch = 8% of 512, 3988 evals/s, 320 msg/s, 12.4 leaves/msg, 978s)
2026-08-10 02:03:35   [GPU] 3,950,016 evals (99796 batches, avg 40/batch = 8% of 512, 3984 evals/s, 321 msg/s, 12.4 leaves/msg, 991s)
2026-08-10 02:03:45 [iter 4/60] self-play: 130/160 games...
2026-08-10 02:03:48   [GPU] 4,000,018 evals (101132 batches, avg 40/batch = 8% of 512, 3981 evals/s, 321 msg/s, 12.4 leaves/msg, 1005s)
2026-08-10 02:04:04   [GPU] 4,050,009 evals (102619 batches, avg 39/batch = 8% of 512, 3970 evals/s, 320 msg/s, 12.4 leaves/msg, 1020s)
2026-08-10 02:04:16 [iter 4/60] self-play: 135/160 games...
2026-08-10 02:04:17   [GPU] 4,100,025 evals (103912 batches, avg 39/batch = 8% of 512, 3968 evals/s, 320 msg/s, 12.4 leaves/msg, 1033s)
2026-08-10 02:04:30   [GPU] 4,150,004 evals (105218 batches, avg 39/batch = 8% of 512, 3966 evals/s, 320 msg/s, 12.4 leaves/msg, 1046s)
2026-08-10 02:04:44   [GPU] 4,200,046 evals (106591 batches, avg 39/batch = 8% of 512, 3960 evals/s, 319 msg/s, 12.4 leaves/msg, 1061s)
2026-08-10 02:04:44 [iter 4/60] self-play: 140/160 games...
2026-08-10 02:05:00   [GPU] 4,250,009 evals (108106 batches, avg 39/batch = 8% of 512, 3948 evals/s, 318 msg/s, 12.4 leaves/msg, 1077s)
2026-08-10 02:05:14   [GPU] 4,300,007 evals (109492 batches, avg 39/batch = 8% of 512, 3943 evals/s, 318 msg/s, 12.4 leaves/msg, 1091s)
2026-08-10 02:05:30   [GPU] 4,350,012 evals (110980 batches, avg 39/batch = 8% of 512, 3933 evals/s, 317 msg/s, 12.4 leaves/msg, 1106s)
2026-08-10 02:05:43   [GPU] 4,400,029 evals (112314 batches, avg 39/batch = 8% of 512, 3932 evals/s, 317 msg/s, 12.4 leaves/msg, 1119s)
2026-08-10 02:05:54   [GPU] 4,450,012 evals (113514 batches, avg 39/batch = 8% of 512, 3935 evals/s, 317 msg/s, 12.4 leaves/msg, 1131s)
2026-08-10 02:05:59 [iter 4/60] self-play: 145/160 games...
2026-08-10 02:06:06   [GPU] 4,500,022 evals (114696 batches, avg 39/batch = 8% of 512, 3939 evals/s, 317 msg/s, 12.4 leaves/msg, 1142s)
2026-08-10 02:06:18   [GPU] 4,550,031 evals (115934 batches, avg 39/batch = 8% of 512, 3940 evals/s, 318 msg/s, 12.4 leaves/msg, 1155s)
2026-08-10 02:06:22 [iter 4/60] self-play: 150/160 games...
2026-08-10 02:06:33   [GPU] 4,600,002 evals (117335 batches, avg 39/batch = 8% of 512, 3934 evals/s, 317 msg/s, 12.4 leaves/msg, 1169s)
2026-08-10 02:06:46   [GPU] 4,650,028 evals (118649 batches, avg 39/batch = 8% of 512, 3933 evals/s, 317 msg/s, 12.4 leaves/msg, 1182s)
2026-08-10 02:06:55 [iter 4/60] self-play: 155/160 games...
2026-08-10 02:07:06   [GPU] 4,700,007 evals (120436 batches, avg 39/batch = 8% of 512, 3910 evals/s, 315 msg/s, 12.4 leaves/msg, 1202s)
2026-08-10 02:07:28   [GPU] 4,750,001 evals (122392 batches, avg 39/batch = 8% of 512, 3879 evals/s, 312 msg/s, 12.4 leaves/msg, 1224s)
2026-08-10 02:07:50   [GPU] 4,800,014 evals (124397 batches, avg 39/batch = 8% of 512, 3849 evals/s, 310 msg/s, 12.4 leaves/msg, 1247s)
2026-08-10 02:08:20   [GPU] 4,850,010 evals (126698 batches, avg 38/batch = 7% of 512, 3799 evals/s, 305 msg/s, 12.4 leaves/msg, 1277s)
2026-08-10 02:09:13   [GPU] 4,900,016 evals (129716 batches, avg 38/batch = 7% of 512, 3686 evals/s, 296 msg/s, 12.5 leaves/msg, 1329s)
2026-08-10 02:09:26 [iter 4/60] self-play: 160/160 games...
2026-08-10 02:09:26 [iter 4/60] self-play done: 160 games (1343s) | wins: P0=16, P1=110, draw=34 | draw_rate=21% avg_len~21
2026-08-10 02:09:26 [iter 4/60] search: expanded=10.0 actions/node visits/action=60.2 walls/game=7.64 first_wall_ply=0.675 learner_sims/s=3957.76
2026-08-10 02:09:26 [iter 4/60] WARNING: draw_rate 21% > 20% — games timing out at max_game_moves=160 (weak value signal).
2026-08-10 02:09:26 [iter 4/60] training (600 steps, lr=9.94e-04)...
2026-08-10 02:09:34 [iter 4/60] training done: loss_p=1.083 loss_v=0.074 (7s)
2026-08-10 02:09:35 [iter 4/60] data: policy_wall_mass=0.172 walled_states=59% walls_on_board=15.0 value_mae walled=0.096 free=0.060
2026-08-10 02:09:35 [iter 4/60] eval vs best SKIPPED (gate held until win_vs_greedy > 0.05)
2026-08-10 02:09:35 [iter 4/60] eval vs random (8 games, 600 sims)...
2026-08-10 02:09:35 [EVAL-MP] 8 workers spawned (8 vs_random games, sims=600), GPU batcher starting...
2026-08-10 02:09:53   [GPU] 50,037 evals (1365 batches, avg 37/batch = 7% of 512, 2824 evals/s, 192 msg/s, 14.7 leaves/msg, 18s)
2026-08-10 02:09:59 [iter 4/60] eval vs random: 5/8 games (24s, cand 100%)
2026-08-10 02:10:16 [iter 4/60] eval vs random: 8/8 games (41s, cand 100%)
2026-08-10 02:10:16 [iter 4/60] eval vs random done: 100.0% (42s)
2026-08-10 02:10:16 [iter 4/60] eval vs greedy (80 games, 600 sims)...
2026-08-10 02:10:17 [EVAL-MP] 8 workers spawned (80 vs_greedy games, sims=600), GPU batcher starting...
2026-08-10 02:10:32   [GPU] 50,010 evals (1170 batches, avg 43/batch = 8% of 512, 3178 evals/s, 211 msg/s, 15.1 leaves/msg, 16s)
2026-08-10 02:10:39 [iter 4/60] eval vs greedy: 5/80 games (23s, cand 80%)
2026-08-10 02:10:46   [GPU] 100,016 evals (2498 batches, avg 40/batch = 8% of 512, 3362 evals/s, 235 msg/s, 14.3 leaves/msg, 30s)
2026-08-10 02:10:56 [iter 4/60] eval vs greedy: 10/80 games (40s, cand 70%)
2026-08-10 02:10:59   [GPU] 150,022 evals (3700 batches, avg 41/batch = 8% of 512, 3549 evals/s, 247 msg/s, 14.4 leaves/msg, 42s)
2026-08-10 02:11:03 [iter 4/60] eval vs greedy: 15/80 games (47s, cand 73%)
2026-08-10 02:11:13   [GPU] 200,000 evals (5019 batches, avg 40/batch = 8% of 512, 3562 evals/s, 249 msg/s, 14.3 leaves/msg, 56s)
2026-08-10 02:11:21 [iter 4/60] eval vs greedy: 20/80 games (64s, cand 70%)
2026-08-10 02:11:26   [GPU] 250,001 evals (6275 batches, avg 40/batch = 8% of 512, 3622 evals/s, 257 msg/s, 14.1 leaves/msg, 69s)
2026-08-10 02:11:38 [iter 4/60] eval vs greedy: 25/80 games (82s, cand 64%)
2026-08-10 02:11:38   [GPU] 300,021 evals (7510 batches, avg 40/batch = 8% of 512, 3672 evals/s, 260 msg/s, 14.1 leaves/msg, 82s)
2026-08-10 02:11:42 [iter 4/60] eval vs greedy: 30/80 games (86s, cand 67%)
2026-08-10 02:11:52   [GPU] 350,061 evals (8820 batches, avg 40/batch = 8% of 512, 3665 evals/s, 260 msg/s, 14.1 leaves/msg, 96s)
2026-08-10 02:12:00 [iter 4/60] eval vs greedy: 35/80 games (104s, cand 71%)
2026-08-10 02:12:05   [GPU] 400,034 evals (10102 batches, avg 40/batch = 8% of 512, 3680 evals/s, 263 msg/s, 14.0 leaves/msg, 109s)
2026-08-10 02:12:09 [iter 4/60] eval vs greedy: 40/80 games (113s, cand 70%)
2026-08-10 02:12:19   [GPU] 450,008 evals (11447 batches, avg 39/batch = 8% of 512, 3682 evals/s, 262 msg/s, 14.1 leaves/msg, 122s)
2026-08-10 02:12:27 [iter 4/60] eval vs greedy: 45/80 games (130s, cand 71%)
2026-08-10 02:12:32   [GPU] 500,014 evals (12737 batches, avg 39/batch = 8% of 512, 3690 evals/s, 265 msg/s, 13.9 leaves/msg, 136s)
2026-08-10 02:12:42 [iter 4/60] eval vs greedy: 50/80 games (145s, cand 70%)
2026-08-10 02:12:46   [GPU] 550,003 evals (14065 batches, avg 39/batch = 8% of 512, 3684 evals/s, 264 msg/s, 14.0 leaves/msg, 149s)
2026-08-10 02:12:55 [iter 4/60] eval vs greedy: 55/80 games (158s, cand 73%)
2026-08-10 02:13:00   [GPU] 600,014 evals (15386 batches, avg 39/batch = 8% of 512, 3680 evals/s, 264 msg/s, 13.9 leaves/msg, 163s)
2026-08-10 02:13:11 [iter 4/60] eval vs greedy: 60/80 games (174s, cand 73%)
2026-08-10 02:13:12   [GPU] 650,049 evals (16647 batches, avg 39/batch = 8% of 512, 3697 evals/s, 266 msg/s, 13.9 leaves/msg, 176s)
2026-08-10 02:13:23 [iter 4/60] eval vs greedy: 65/80 games (187s, cand 72%)
2026-08-10 02:13:26   [GPU] 700,025 evals (17934 batches, avg 39/batch = 8% of 512, 3701 evals/s, 266 msg/s, 13.9 leaves/msg, 189s)
2026-08-10 02:13:37 [iter 4/60] eval vs greedy: 70/80 games (200s, cand 73%)
2026-08-10 02:13:39   [GPU] 750,052 evals (19238 batches, avg 39/batch = 8% of 512, 3705 evals/s, 266 msg/s, 13.9 leaves/msg, 202s)
2026-08-10 02:13:46 [iter 4/60] eval vs greedy: 75/80 games (210s, cand 72%)
2026-08-10 02:13:59 [iter 4/60] eval vs greedy: 80/80 games (223s, cand 74%)
2026-08-10 02:14:00 [iter 4/60] eval vs greedy done: 73.8% of 80 decided [seat0:21/40 seat1:38/40] (223s)
2026-08-10 02:14:00 [iter 4/60] new greedy peak 73.8% — saved greedy_peak.pt
2026-08-10 02:14:00 [iter 4/60] GATE ARMED: win_vs_greedy=73.8% > 0.05. Champion seeded from this iteration; gating resumes at the next eval.
2026-08-10 02:14:00 [iter 4/60] eval vs minimax (depth 2, 40 games)...
2026-08-10 02:14:00 [EVAL-MP] 8 workers spawned (40 vs_minimax games, sims=600), GPU batcher starting...
2026-08-10 02:14:18   [GPU] 50,030 evals (1387 batches, avg 36/batch = 7% of 512, 2780 evals/s, 180 msg/s, 15.4 leaves/msg, 18s)
2026-08-10 02:14:30   [GPU] 100,010 evals (2594 batches, avg 39/batch = 8% of 512, 3276 evals/s, 225 msg/s, 14.5 leaves/msg, 31s)
2026-08-10 02:14:43   [GPU] 150,011 evals (3784 batches, avg 40/batch = 8% of 512, 3500 evals/s, 241 msg/s, 14.5 leaves/msg, 43s)
2026-08-10 02:14:55   [GPU] 200,010 evals (4952 batches, avg 40/batch = 8% of 512, 3637 evals/s, 252 msg/s, 14.4 leaves/msg, 55s)
2026-08-10 02:15:00 [iter 4/60] eval vs minimax: 5/40 games (0%)
2026-08-10 02:15:07   [GPU] 250,029 evals (6144 batches, avg 41/batch = 8% of 512, 3727 evals/s, 259 msg/s, 14.4 leaves/msg, 67s)
2026-08-10 02:15:20   [GPU] 300,010 evals (7411 batches, avg 40/batch = 8% of 512, 3748 evals/s, 262 msg/s, 14.3 leaves/msg, 80s)
2026-08-10 02:15:31 [iter 4/60] eval vs minimax: 10/40 games (0%)
2026-08-10 02:15:32   [GPU] 350,033 evals (8626 batches, avg 41/batch = 8% of 512, 3785 evals/s, 265 msg/s, 14.3 leaves/msg, 92s)
2026-08-10 02:15:47   [GPU] 400,030 evals (9965 batches, avg 40/batch = 8% of 512, 3741 evals/s, 260 msg/s, 14.4 leaves/msg, 107s)
2026-08-10 02:15:57 [iter 4/60] eval vs minimax: 15/40 games (0%)
2026-08-10 02:16:00   [GPU] 450,007 evals (11242 batches, avg 40/batch = 8% of 512, 3746 evals/s, 260 msg/s, 14.4 leaves/msg, 120s)
2026-08-10 02:16:13   [GPU] 500,018 evals (12498 batches, avg 40/batch = 8% of 512, 3758 evals/s, 261 msg/s, 14.4 leaves/msg, 133s)
2026-08-10 02:16:22 [iter 4/60] eval vs minimax: 20/40 games (0%)
2026-08-10 02:16:26   [GPU] 550,010 evals (13800 batches, avg 40/batch = 8% of 512, 3756 evals/s, 260 msg/s, 14.4 leaves/msg, 146s)
2026-08-10 02:16:40   [GPU] 600,024 evals (15183 batches, avg 40/batch = 8% of 512, 3736 evals/s, 260 msg/s, 14.4 leaves/msg, 161s)
2026-08-10 02:16:50 [iter 4/60] eval vs minimax: 25/40 games (0%)
2026-08-10 02:16:55   [GPU] 650,009 evals (16590 batches, avg 39/batch = 8% of 512, 3699 evals/s, 257 msg/s, 14.4 leaves/msg, 176s)
2026-08-10 02:17:10   [GPU] 700,013 evals (17959 batches, avg 39/batch = 8% of 512, 3682 evals/s, 255 msg/s, 14.4 leaves/msg, 190s)
2026-08-10 02:17:24   [GPU] 750,011 evals (19334 batches, avg 39/batch = 8% of 512, 3672 evals/s, 254 msg/s, 14.4 leaves/msg, 204s)
2026-08-10 02:17:33 [iter 4/60] eval vs minimax: 30/40 games (0%)
2026-08-10 02:17:39   [GPU] 800,057 evals (20778 batches, avg 39/batch = 8% of 512, 3648 evals/s, 253 msg/s, 14.4 leaves/msg, 219s)
2026-08-10 02:17:54   [GPU] 850,024 evals (22204 batches, avg 38/batch = 7% of 512, 3629 evals/s, 253 msg/s, 14.3 leaves/msg, 234s)
2026-08-10 02:18:16 [iter 4/60] eval vs minimax: 35/40 games (0%)
2026-08-10 02:18:24   [GPU] 900,010 evals (24384 batches, avg 37/batch = 7% of 512, 3403 evals/s, 238 msg/s, 14.3 leaves/msg, 264s)
2026-08-10 02:19:52   [GPU] 950,008 evals (27736 batches, avg 34/batch = 7% of 512, 2698 evals/s, 189 msg/s, 14.3 leaves/msg, 352s)
2026-08-10 02:20:10 [iter 4/60] eval vs minimax: 40/40 games (0%)
2026-08-10 02:20:11 [iter 4/60] eval vs minimax done: 0.0% of 30 decided [seat0:0/20 seat1:0/20] (371s)
2026-08-10 02:20:11 >>> iter 4 | loss_p=1.083 loss_v=0.074 | vs_best=n/a (not evaluated) | vs_rand=100.0% | draw=21% | buf=27052 | rss=2.36GB | sp=1343s train=7s eval_best=0s eval_rand=42s | total=1987s
2026-08-10 02:20:11 [iter 5/60] self-play starting (160 games, 600 sims, MIXED 80/160 race-only)...
2026-08-10 02:20:11 [PARALLEL-MP] 8 workers spawned (160 games, sims=600), GPU batcher starting...
2026-08-10 02:20:24   [GPU] 50,020 evals (1049 batches, avg 48/batch = 9% of 512, 3744 evals/s, 310 msg/s, 12.1 leaves/msg, 13s)
2026-08-10 02:20:26 [iter 5/60] self-play: 5/160 games...
2026-08-10 02:20:37   [GPU] 100,020 evals (2256 batches, avg 44/batch = 9% of 512, 3806 evals/s, 295 msg/s, 12.9 leaves/msg, 26s)
2026-08-10 02:20:52   [GPU] 150,012 evals (3637 batches, avg 41/batch = 8% of 512, 3641 evals/s, 285 msg/s, 12.8 leaves/msg, 41s)
2026-08-10 02:20:52 [iter 5/60] self-play: 10/160 games...
2026-08-10 02:21:05   [GPU] 200,024 evals (4925 batches, avg 41/batch = 8% of 512, 3668 evals/s, 280 msg/s, 13.1 leaves/msg, 55s)
2026-08-10 02:21:17   [GPU] 250,046 evals (6115 batches, avg 41/batch = 8% of 512, 3771 evals/s, 282 msg/s, 13.4 leaves/msg, 66s)
2026-08-10 02:21:28   [GPU] 300,020 evals (7195 batches, avg 42/batch = 8% of 512, 3888 evals/s, 291 msg/s, 13.4 leaves/msg, 77s)
2026-08-10 02:21:39   [GPU] 350,009 evals (8321 batches, avg 42/batch = 8% of 512, 3946 evals/s, 292 msg/s, 13.5 leaves/msg, 89s)
2026-08-10 02:21:50   [GPU] 400,012 evals (9463 batches, avg 42/batch = 8% of 512, 4009 evals/s, 296 msg/s, 13.6 leaves/msg, 100s)
2026-08-10 02:22:01   [GPU] 450,015 evals (10563 batches, avg 43/batch = 8% of 512, 4080 evals/s, 301 msg/s, 13.5 leaves/msg, 110s)
2026-08-10 02:22:11   [GPU] 500,035 evals (11578 batches, avg 43/batch = 8% of 512, 4151 evals/s, 308 msg/s, 13.5 leaves/msg, 120s)
2026-08-10 02:22:21   [GPU] 550,056 evals (12576 batches, avg 44/batch = 9% of 512, 4230 evals/s, 314 msg/s, 13.5 leaves/msg, 130s)
2026-08-10 02:22:23 [iter 5/60] self-play: 15/160 games...
2026-08-10 02:22:30   [GPU] 600,025 evals (13533 batches, avg 44/batch = 9% of 512, 4311 evals/s, 321 msg/s, 13.4 leaves/msg, 139s)
2026-08-10 02:22:40   [GPU] 650,042 evals (14573 batches, avg 45/batch = 9% of 512, 4365 evals/s, 327 msg/s, 13.4 leaves/msg, 149s)
2026-08-10 02:22:49   [GPU] 700,032 evals (15615 batches, avg 45/batch = 9% of 512, 4413 evals/s, 330 msg/s, 13.4 leaves/msg, 159s)
2026-08-10 02:22:59   [GPU] 750,083 evals (16663 batches, avg 45/batch = 9% of 512, 4456 evals/s, 334 msg/s, 13.4 leaves/msg, 168s)
2026-08-10 02:23:09   [GPU] 800,008 evals (17730 batches, avg 45/batch = 9% of 512, 4487 evals/s, 336 msg/s, 13.4 leaves/msg, 178s)
2026-08-10 02:23:10 [iter 5/60] self-play: 20/160 games...
2026-08-10 02:23:18   [GPU] 850,012 evals (18719 batches, avg 45/batch = 9% of 512, 4525 evals/s, 339 msg/s, 13.3 leaves/msg, 188s)
2026-08-10 02:23:29   [GPU] 900,018 evals (19777 batches, avg 46/batch = 9% of 512, 4535 evals/s, 341 msg/s, 13.3 leaves/msg, 198s)
2026-08-10 02:23:30 [iter 5/60] self-play: 25/160 games...
2026-08-10 02:23:42   [GPU] 950,000 evals (21017 batches, avg 45/batch = 9% of 512, 4502 evals/s, 340 msg/s, 13.2 leaves/msg, 211s)
2026-08-10 02:23:55   [GPU] 1,000,023 evals (22313 batches, avg 45/batch = 9% of 512, 4458 evals/s, 337 msg/s, 13.2 leaves/msg, 224s)
2026-08-10 02:23:58 [iter 5/60] self-play: 30/160 games...
2026-08-10 02:24:10   [GPU] 1,050,044 evals (23753 batches, avg 44/batch = 9% of 512, 4387 evals/s, 333 msg/s, 13.2 leaves/msg, 239s)
2026-08-10 02:24:17 [iter 5/60] self-play: 35/160 games...
2026-08-10 02:24:23   [GPU] 1,100,024 evals (25034 batches, avg 44/batch = 9% of 512, 4357 evals/s, 332 msg/s, 13.1 leaves/msg, 252s)
2026-08-10 02:24:36   [GPU] 1,150,033 evals (26317 batches, avg 44/batch = 9% of 512, 4334 evals/s, 330 msg/s, 13.1 leaves/msg, 265s)
2026-08-10 02:24:48 [iter 5/60] self-play: 40/160 games...
2026-08-10 02:24:48   [GPU] 1,200,028 evals (27534 batches, avg 44/batch = 9% of 512, 4326 evals/s, 329 msg/s, 13.1 leaves/msg, 277s)
2026-08-10 02:25:00   [GPU] 1,250,019 evals (28764 batches, avg 43/batch = 8% of 512, 4314 evals/s, 330 msg/s, 13.1 leaves/msg, 290s)
2026-08-10 02:25:14   [GPU] 1,300,005 evals (30057 batches, avg 43/batch = 8% of 512, 4291 evals/s, 327 msg/s, 13.1 leaves/msg, 303s)
2026-08-10 02:25:25   [GPU] 1,350,030 evals (31254 batches, avg 43/batch = 8% of 512, 4288 evals/s, 327 msg/s, 13.1 leaves/msg, 315s)
2026-08-10 02:25:35 [iter 5/60] self-play: 45/160 games...
2026-08-10 02:25:37   [GPU] 1,400,005 evals (32388 batches, avg 43/batch = 8% of 512, 4292 evals/s, 327 msg/s, 13.1 leaves/msg, 326s)
2026-08-10 02:25:49   [GPU] 1,450,018 evals (33605 batches, avg 43/batch = 8% of 512, 4284 evals/s, 327 msg/s, 13.1 leaves/msg, 339s)
2026-08-10 02:26:03   [GPU] 1,500,019 evals (35007 batches, avg 43/batch = 8% of 512, 4254 evals/s, 325 msg/s, 13.1 leaves/msg, 353s)
2026-08-10 02:26:16   [GPU] 1,550,041 evals (36287 batches, avg 43/batch = 8% of 512, 4242 evals/s, 324 msg/s, 13.1 leaves/msg, 365s)
2026-08-10 02:26:22 [iter 5/60] self-play: 50/160 games...
2026-08-10 02:26:29   [GPU] 1,600,039 evals (37588 batches, avg 43/batch = 8% of 512, 4230 evals/s, 324 msg/s, 13.1 leaves/msg, 378s)
2026-08-10 02:26:42   [GPU] 1,650,005 evals (38945 batches, avg 42/batch = 8% of 512, 4217 evals/s, 324 msg/s, 13.0 leaves/msg, 391s)
2026-08-10 02:26:55   [GPU] 1,700,026 evals (40341 batches, avg 42/batch = 8% of 512, 4203 evals/s, 324 msg/s, 13.0 leaves/msg, 404s)
2026-08-10 02:27:07   [GPU] 1,750,058 evals (41625 batches, avg 42/batch = 8% of 512, 4201 evals/s, 325 msg/s, 12.9 leaves/msg, 417s)
2026-08-10 02:27:18   [GPU] 1,800,005 evals (42790 batches, avg 42/batch = 8% of 512, 4209 evals/s, 326 msg/s, 12.9 leaves/msg, 428s)
2026-08-10 02:27:20 [iter 5/60] self-play: 55/160 games...
2026-08-10 02:27:30   [GPU] 1,850,042 evals (43983 batches, avg 42/batch = 8% of 512, 4209 evals/s, 327 msg/s, 12.9 leaves/msg, 440s)
2026-08-10 02:27:39 [iter 5/60] self-play: 60/160 games...
2026-08-10 02:27:44   [GPU] 1,900,009 evals (45396 batches, avg 42/batch = 8% of 512, 4187 evals/s, 327 msg/s, 12.8 leaves/msg, 454s)
2026-08-10 02:27:58   [GPU] 1,950,007 evals (46699 batches, avg 42/batch = 8% of 512, 4176 evals/s, 326 msg/s, 12.8 leaves/msg, 467s)
2026-08-10 02:28:02 [iter 5/60] self-play: 65/160 games...
2026-08-10 02:28:11   [GPU] 2,000,029 evals (47971 batches, avg 42/batch = 8% of 512, 4166 evals/s, 325 msg/s, 12.8 leaves/msg, 480s)
2026-08-10 02:28:24   [GPU] 2,050,020 evals (49258 batches, avg 42/batch = 8% of 512, 4156 evals/s, 324 msg/s, 12.8 leaves/msg, 493s)
2026-08-10 02:28:29 [iter 5/60] self-play: 70/160 games...
2026-08-10 02:28:39   [GPU] 2,100,034 evals (50681 batches, avg 41/batch = 8% of 512, 4133 evals/s, 322 msg/s, 12.8 leaves/msg, 508s)
2026-08-10 02:28:52   [GPU] 2,150,006 evals (51969 batches, avg 41/batch = 8% of 512, 4124 evals/s, 321 msg/s, 12.8 leaves/msg, 521s)
2026-08-10 02:29:05   [GPU] 2,200,031 evals (53294 batches, avg 41/batch = 8% of 512, 4115 evals/s, 320 msg/s, 12.8 leaves/msg, 535s)
2026-08-10 02:29:07 [iter 5/60] self-play: 75/160 games...
2026-08-10 02:29:20   [GPU] 2,250,003 evals (54704 batches, avg 41/batch = 8% of 512, 4095 evals/s, 318 msg/s, 12.9 leaves/msg, 549s)
2026-08-10 02:29:33   [GPU] 2,300,003 evals (55996 batches, avg 41/batch = 8% of 512, 4089 evals/s, 317 msg/s, 12.9 leaves/msg, 563s)
2026-08-10 02:29:46   [GPU] 2,350,006 evals (57312 batches, avg 41/batch = 8% of 512, 4082 evals/s, 317 msg/s, 12.9 leaves/msg, 576s)
2026-08-10 02:29:59   [GPU] 2,400,005 evals (58599 batches, avg 41/batch = 8% of 512, 4076 evals/s, 316 msg/s, 12.9 leaves/msg, 589s)
2026-08-10 02:30:13   [GPU] 2,450,029 evals (59882 batches, avg 41/batch = 8% of 512, 4070 evals/s, 315 msg/s, 12.9 leaves/msg, 602s)
2026-08-10 02:30:26   [GPU] 2,500,023 evals (61240 batches, avg 41/batch = 8% of 512, 4062 evals/s, 315 msg/s, 12.9 leaves/msg, 615s)
2026-08-10 02:30:39   [GPU] 2,550,036 evals (62540 batches, avg 41/batch = 8% of 512, 4060 evals/s, 315 msg/s, 12.9 leaves/msg, 628s)
2026-08-10 02:30:42 [iter 5/60] self-play: 80/160 games...
2026-08-10 02:30:52   [GPU] 2,600,024 evals (63858 batches, avg 41/batch = 8% of 512, 4051 evals/s, 315 msg/s, 12.9 leaves/msg, 642s)
2026-08-10 02:31:07 [iter 5/60] self-play: 85/160 games...
2026-08-10 02:31:08   [GPU] 2,650,037 evals (65351 batches, avg 41/batch = 8% of 512, 4032 evals/s, 313 msg/s, 12.9 leaves/msg, 657s)
2026-08-10 02:31:24   [GPU] 2,700,008 evals (66858 batches, avg 40/batch = 8% of 512, 4012 evals/s, 312 msg/s, 12.9 leaves/msg, 673s)
2026-08-10 02:31:39   [GPU] 2,750,015 evals (68293 batches, avg 40/batch = 8% of 512, 3994 evals/s, 310 msg/s, 12.9 leaves/msg, 689s)
2026-08-10 02:31:42 [iter 5/60] self-play: 90/160 games...
2026-08-10 02:31:55   [GPU] 2,800,031 evals (69782 batches, avg 40/batch = 8% of 512, 3973 evals/s, 308 msg/s, 12.9 leaves/msg, 705s)
2026-08-10 02:32:12   [GPU] 2,850,005 evals (71297 batches, avg 40/batch = 8% of 512, 3952 evals/s, 306 msg/s, 12.9 leaves/msg, 721s)
2026-08-10 02:32:26   [GPU] 2,900,001 evals (72660 batches, avg 40/batch = 8% of 512, 3944 evals/s, 306 msg/s, 12.9 leaves/msg, 735s)
2026-08-10 02:32:27 [iter 5/60] self-play: 95/160 games...
2026-08-10 02:32:41   [GPU] 2,950,018 evals (74129 batches, avg 40/batch = 8% of 512, 3930 evals/s, 306 msg/s, 12.9 leaves/msg, 751s)
2026-08-10 02:32:56   [GPU] 3,000,028 evals (75557 batches, avg 40/batch = 8% of 512, 3919 evals/s, 305 msg/s, 12.9 leaves/msg, 766s)
2026-08-10 02:33:04 [iter 5/60] self-play: 100/160 games...
2026-08-10 02:33:09   [GPU] 3,050,027 evals (76829 batches, avg 40/batch = 8% of 512, 3918 evals/s, 305 msg/s, 12.9 leaves/msg, 778s)
2026-08-10 02:33:21   [GPU] 3,100,013 evals (78056 batches, avg 40/batch = 8% of 512, 3920 evals/s, 305 msg/s, 12.9 leaves/msg, 791s)
2026-08-10 02:33:34   [GPU] 3,150,009 evals (79345 batches, avg 40/batch = 8% of 512, 3919 evals/s, 305 msg/s, 12.8 leaves/msg, 804s)
2026-08-10 02:33:39 [iter 5/60] self-play: 105/160 games...
2026-08-10 02:33:47   [GPU] 3,200,048 evals (80573 batches, avg 40/batch = 8% of 512, 3921 evals/s, 305 msg/s, 12.8 leaves/msg, 816s)
2026-08-10 02:33:59   [GPU] 3,250,022 evals (81856 batches, avg 40/batch = 8% of 512, 3922 evals/s, 305 msg/s, 12.8 leaves/msg, 829s)
2026-08-10 02:34:11 [iter 5/60] self-play: 110/160 games...
2026-08-10 02:34:12   [GPU] 3,300,046 evals (83119 batches, avg 40/batch = 8% of 512, 3923 evals/s, 306 msg/s, 12.8 leaves/msg, 841s)
2026-08-10 02:34:24   [GPU] 3,350,005 evals (84353 batches, avg 40/batch = 8% of 512, 3925 evals/s, 306 msg/s, 12.8 leaves/msg, 854s)
2026-08-10 02:34:35   [GPU] 3,400,041 evals (85461 batches, avg 40/batch = 8% of 512, 3932 evals/s, 306 msg/s, 12.9 leaves/msg, 865s)
2026-08-10 02:34:46   [GPU] 3,450,042 evals (86576 batches, avg 40/batch = 8% of 512, 3940 evals/s, 306 msg/s, 12.9 leaves/msg, 876s)
2026-08-10 02:34:47 [iter 5/60] self-play: 115/160 games...
2026-08-10 02:34:58   [GPU] 3,500,031 evals (87754 batches, avg 40/batch = 8% of 512, 3944 evals/s, 306 msg/s, 12.9 leaves/msg, 887s)
2026-08-10 02:35:10   [GPU] 3,550,018 evals (88922 batches, avg 40/batch = 8% of 512, 3948 evals/s, 307 msg/s, 12.9 leaves/msg, 899s)
2026-08-10 02:35:11 [iter 5/60] self-play: 120/160 games...
2026-08-10 02:35:22   [GPU] 3,600,016 evals (90080 batches, avg 40/batch = 8% of 512, 3951 evals/s, 307 msg/s, 12.9 leaves/msg, 911s)
2026-08-10 02:35:34   [GPU] 3,650,039 evals (91302 batches, avg 40/batch = 8% of 512, 3952 evals/s, 306 msg/s, 12.9 leaves/msg, 923s)
2026-08-10 02:35:45   [GPU] 3,700,016 evals (92410 batches, avg 40/batch = 8% of 512, 3959 evals/s, 306 msg/s, 12.9 leaves/msg, 935s)
2026-08-10 02:35:51 [iter 5/60] self-play: 125/160 games...
2026-08-10 02:35:55   [GPU] 3,750,009 evals (93437 batches, avg 40/batch = 8% of 512, 3970 evals/s, 307 msg/s, 12.9 leaves/msg, 945s)
2026-08-10 02:36:05   [GPU] 3,800,053 evals (94469 batches, avg 40/batch = 8% of 512, 3981 evals/s, 308 msg/s, 12.9 leaves/msg, 955s)
2026-08-10 02:36:17   [GPU] 3,850,021 evals (95651 batches, avg 40/batch = 8% of 512, 3985 evals/s, 308 msg/s, 12.9 leaves/msg, 966s)
2026-08-10 02:36:28 [iter 5/60] self-play: 130/160 games...
2026-08-10 02:36:28   [GPU] 3,900,005 evals (96809 batches, avg 40/batch = 8% of 512, 3990 evals/s, 309 msg/s, 12.9 leaves/msg, 977s)
2026-08-10 02:36:40   [GPU] 3,950,023 evals (98015 batches, avg 40/batch = 8% of 512, 3991 evals/s, 309 msg/s, 12.9 leaves/msg, 990s)
2026-08-10 02:36:53   [GPU] 4,000,007 evals (99283 batches, avg 40/batch = 8% of 512, 3992 evals/s, 308 msg/s, 12.9 leaves/msg, 1002s)
2026-08-10 02:37:04   [GPU] 4,050,020 evals (100473 batches, avg 40/batch = 8% of 512, 3996 evals/s, 309 msg/s, 13.0 leaves/msg, 1013s)
2026-08-10 02:37:14 [iter 5/60] self-play: 135/160 games...
2026-08-10 02:37:15   [GPU] 4,100,006 evals (101568 batches, avg 40/batch = 8% of 512, 4003 evals/s, 309 msg/s, 13.0 leaves/msg, 1024s)
2026-08-10 02:37:28   [GPU] 4,150,003 evals (102817 batches, avg 40/batch = 8% of 512, 4002 evals/s, 309 msg/s, 13.0 leaves/msg, 1037s)
2026-08-10 02:37:41   [GPU] 4,200,006 evals (104077 batches, avg 40/batch = 8% of 512, 4000 evals/s, 308 msg/s, 13.0 leaves/msg, 1050s)
2026-08-10 02:37:52   [GPU] 4,250,010 evals (105267 batches, avg 40/batch = 8% of 512, 4002 evals/s, 308 msg/s, 13.0 leaves/msg, 1062s)
2026-08-10 02:37:53 [iter 5/60] self-play: 140/160 games...
2026-08-10 02:38:05   [GPU] 4,300,029 evals (106551 batches, avg 40/batch = 8% of 512, 4001 evals/s, 308 msg/s, 13.0 leaves/msg, 1075s)
2026-08-10 02:38:18 [iter 5/60] self-play: 145/160 games...
2026-08-10 02:38:18   [GPU] 4,350,000 evals (107774 batches, avg 40/batch = 8% of 512, 4000 evals/s, 308 msg/s, 13.0 leaves/msg, 1088s)
2026-08-10 02:38:32   [GPU] 4,400,013 evals (109073 batches, avg 40/batch = 8% of 512, 3997 evals/s, 307 msg/s, 13.0 leaves/msg, 1101s)
2026-08-10 02:38:42 [iter 5/60] self-play: 150/160 games...
2026-08-10 02:38:45   [GPU] 4,450,031 evals (110367 batches, avg 40/batch = 8% of 512, 3993 evals/s, 307 msg/s, 13.0 leaves/msg, 1114s)
2026-08-10 02:38:59   [GPU] 4,500,043 evals (111676 batches, avg 40/batch = 8% of 512, 3990 evals/s, 307 msg/s, 13.0 leaves/msg, 1128s)
2026-08-10 02:39:12   [GPU] 4,550,055 evals (113018 batches, avg 40/batch = 8% of 512, 3986 evals/s, 306 msg/s, 13.0 leaves/msg, 1142s)
2026-08-10 02:39:17 [iter 5/60] self-play: 155/160 games...
2026-08-10 02:39:29   [GPU] 4,600,007 evals (114644 batches, avg 40/batch = 8% of 512, 3969 evals/s, 305 msg/s, 13.0 leaves/msg, 1159s)
2026-08-10 02:39:46   [GPU] 4,650,012 evals (116218 batches, avg 40/batch = 8% of 512, 3956 evals/s, 303 msg/s, 13.0 leaves/msg, 1176s)
2026-08-10 02:40:03   [GPU] 4,700,014 evals (117815 batches, avg 40/batch = 8% of 512, 3942 evals/s, 302 msg/s, 13.0 leaves/msg, 1192s)
2026-08-10 02:40:39   [GPU] 4,750,030 evals (120269 batches, avg 39/batch = 8% of 512, 3867 evals/s, 296 msg/s, 13.0 leaves/msg, 1228s)
2026-08-10 02:41:24   [GPU] 4,800,010 evals (123014 batches, avg 39/batch = 8% of 512, 3771 evals/s, 289 msg/s, 13.1 leaves/msg, 1273s)
2026-08-10 02:42:09 [iter 5/60] self-play: 160/160 games...
2026-08-10 02:42:10 [iter 5/60] self-play done: 160 games (1319s) | wins: P0=23, P1=105, draw=32 | draw_rate=20% avg_len~23
2026-08-10 02:42:10 [iter 5/60] search: expanded=10.6 actions/node visits/action=56.4 walls/game=7.53 first_wall_ply=0.7 learner_sims/s=3984.55
2026-08-10 02:42:10 [iter 5/60] training (600 steps, lr=9.90e-04)...
2026-08-10 02:42:17 [iter 5/60] training done: loss_p=1.096 loss_v=0.082 (7s)
2026-08-10 02:42:18 [iter 5/60] data: policy_wall_mass=0.173 walled_states=59% walls_on_board=15.1 value_mae walled=0.123 free=0.076
2026-08-10 02:42:18 [iter 5/60] eval skipped (eval_every=4)
2026-08-10 02:42:18 >>> iter 5 | loss_p=1.096 loss_v=0.082 | vs_best=n/a (not evaluated) | vs_rand=n/a | draw=20% | buf=34330 | rss=2.40GB | sp=1319s train=7s eval_best=0s eval_rand=0s | total=1328s
2026-08-10 02:42:18 [iter 6/60] self-play starting (160 games, 600 sims, MIXED 80/160 race-only)...
2026-08-10 02:42:18 [PARALLEL-MP] 8 workers spawned (160 games, sims=600), GPU batcher starting...
2026-08-10 02:42:31   [GPU] 50,005 evals (1002 batches, avg 50/batch = 10% of 512, 3865 evals/s, 311 msg/s, 12.4 leaves/msg, 13s)
2026-08-10 02:42:36 [iter 6/60] self-play: 5/160 games...
2026-08-10 02:42:45   [GPU] 100,000 evals (2261 batches, avg 44/batch = 9% of 512, 3832 evals/s, 303 msg/s, 12.6 leaves/msg, 26s)
2026-08-10 02:42:58   [GPU] 150,002 evals (3545 batches, avg 42/batch = 8% of 512, 3807 evals/s, 289 msg/s, 13.2 leaves/msg, 39s)
2026-08-10 02:43:02 [iter 6/60] self-play: 10/160 games...
2026-08-10 02:43:11   [GPU] 200,065 evals (4791 batches, avg 42/batch = 8% of 512, 3818 evals/s, 285 msg/s, 13.4 leaves/msg, 52s)
2026-08-10 02:43:22   [GPU] 250,067 evals (5933 batches, avg 42/batch = 8% of 512, 3925 evals/s, 290 msg/s, 13.6 leaves/msg, 64s)
2026-08-10 02:43:30 [iter 6/60] self-play: 15/160 games...
2026-08-10 02:43:34   [GPU] 300,010 evals (7089 batches, avg 42/batch = 8% of 512, 3965 evals/s, 295 msg/s, 13.4 leaves/msg, 76s)
2026-08-10 02:43:45   [GPU] 350,020 evals (8224 batches, avg 43/batch = 8% of 512, 4025 evals/s, 302 msg/s, 13.3 leaves/msg, 87s)
2026-08-10 02:43:57   [GPU] 400,001 evals (9406 batches, avg 43/batch = 8% of 512, 4069 evals/s, 307 msg/s, 13.3 leaves/msg, 98s)
2026-08-10 02:44:08   [GPU] 450,010 evals (10624 batches, avg 42/batch = 8% of 512, 4088 evals/s, 312 msg/s, 13.1 leaves/msg, 110s)
2026-08-10 02:44:20   [GPU] 500,028 evals (11808 batches, avg 42/batch = 8% of 512, 4116 evals/s, 316 msg/s, 13.0 leaves/msg, 121s)
2026-08-10 02:44:22 [iter 6/60] self-play: 20/160 games...
2026-08-10 02:44:30   [GPU] 550,017 evals (12893 batches, avg 43/batch = 8% of 512, 4164 evals/s, 322 msg/s, 12.9 leaves/msg, 132s)
2026-08-10 02:44:40   [GPU] 600,031 evals (13894 batches, avg 43/batch = 8% of 512, 4223 evals/s, 327 msg/s, 12.9 leaves/msg, 142s)
2026-08-10 02:44:53   [GPU] 650,034 evals (15147 batches, avg 43/batch = 8% of 512, 4212 evals/s, 327 msg/s, 12.9 leaves/msg, 154s)
2026-08-10 02:44:53 [iter 6/60] self-play: 25/160 games...
2026-08-10 02:45:04   [GPU] 700,039 evals (16245 batches, avg 43/batch = 8% of 512, 4234 evals/s, 330 msg/s, 12.8 leaves/msg, 165s)
2026-08-10 02:45:16   [GPU] 750,008 evals (17392 batches, avg 43/batch = 8% of 512, 4234 evals/s, 332 msg/s, 12.8 leaves/msg, 177s)
2026-08-10 02:45:19 [iter 6/60] self-play: 30/160 games...
2026-08-10 02:45:27   [GPU] 800,038 evals (18584 batches, avg 43/batch = 8% of 512, 4233 evals/s, 332 msg/s, 12.7 leaves/msg, 189s)
2026-08-10 02:45:37 [iter 6/60] self-play: 35/160 games...
2026-08-10 02:45:39   [GPU] 850,025 evals (19817 batches, avg 43/batch = 8% of 512, 4228 evals/s, 332 msg/s, 12.7 leaves/msg, 201s)
2026-08-10 02:45:52   [GPU] 900,005 evals (21099 batches, avg 43/batch = 8% of 512, 4208 evals/s, 331 msg/s, 12.7 leaves/msg, 214s)
2026-08-10 02:46:05   [GPU] 950,009 evals (22395 batches, avg 42/batch = 8% of 512, 4189 evals/s, 330 msg/s, 12.7 leaves/msg, 227s)
2026-08-10 02:46:10 [iter 6/60] self-play: 40/160 games...
2026-08-10 02:46:17   [GPU] 1,000,024 evals (23568 batches, avg 42/batch = 8% of 512, 4198 evals/s, 331 msg/s, 12.7 leaves/msg, 238s)
2026-08-10 02:46:30   [GPU] 1,050,027 evals (24989 batches, avg 42/batch = 8% of 512, 4169 evals/s, 331 msg/s, 12.6 leaves/msg, 252s)
2026-08-10 02:46:43   [GPU] 1,100,054 evals (26297 batches, avg 42/batch = 8% of 512, 4152 evals/s, 329 msg/s, 12.6 leaves/msg, 265s)
2026-08-10 02:46:54   [GPU] 1,150,062 evals (27433 batches, avg 42/batch = 8% of 512, 4166 evals/s, 331 msg/s, 12.6 leaves/msg, 276s)
2026-08-10 02:46:56 [iter 6/60] self-play: 45/160 games...
2026-08-10 02:47:07   [GPU] 1,200,001 evals (28711 batches, avg 42/batch = 8% of 512, 4162 evals/s, 331 msg/s, 12.6 leaves/msg, 288s)
2026-08-10 02:47:21   [GPU] 1,250,007 evals (30100 batches, avg 42/batch = 8% of 512, 4135 evals/s, 329 msg/s, 12.6 leaves/msg, 302s)
2026-08-10 02:47:35   [GPU] 1,300,024 evals (31474 batches, avg 41/batch = 8% of 512, 4112 evals/s, 328 msg/s, 12.5 leaves/msg, 316s)
2026-08-10 02:47:42 [iter 6/60] self-play: 50/160 games...
2026-08-10 02:47:47   [GPU] 1,350,033 evals (32721 batches, avg 41/batch = 8% of 512, 4105 evals/s, 328 msg/s, 12.5 leaves/msg, 329s)
2026-08-10 02:48:00   [GPU] 1,400,041 evals (33964 batches, avg 41/batch = 8% of 512, 4103 evals/s, 328 msg/s, 12.5 leaves/msg, 341s)
2026-08-10 02:48:12   [GPU] 1,450,011 evals (35253 batches, avg 41/batch = 8% of 512, 4099 evals/s, 328 msg/s, 12.5 leaves/msg, 354s)
2026-08-10 02:48:24   [GPU] 1,500,021 evals (36503 batches, avg 41/batch = 8% of 512, 4099 evals/s, 328 msg/s, 12.5 leaves/msg, 366s)
2026-08-10 02:48:34 [iter 6/60] self-play: 55/160 games...
2026-08-10 02:48:37   [GPU] 1,550,019 evals (37772 batches, avg 41/batch = 8% of 512, 4097 evals/s, 329 msg/s, 12.4 leaves/msg, 378s)
2026-08-10 02:48:50   [GPU] 1,600,042 evals (39108 batches, avg 41/batch = 8% of 512, 4087 evals/s, 329 msg/s, 12.4 leaves/msg, 391s)
2026-08-10 02:49:04   [GPU] 1,650,016 evals (40553 batches, avg 41/batch = 8% of 512, 4065 evals/s, 328 msg/s, 12.4 leaves/msg, 406s)
2026-08-10 02:49:11 [iter 6/60] self-play: 60/160 games...
2026-08-10 02:49:18   [GPU] 1,700,041 evals (41909 batches, avg 41/batch = 8% of 512, 4050 evals/s, 327 msg/s, 12.4 leaves/msg, 420s)
2026-08-10 02:49:34   [GPU] 1,750,006 evals (43406 batches, avg 40/batch = 8% of 512, 4019 evals/s, 325 msg/s, 12.4 leaves/msg, 435s)
2026-08-10 02:49:52   [GPU] 1,800,013 evals (45140 batches, avg 40/batch = 8% of 512, 3968 evals/s, 322 msg/s, 12.3 leaves/msg, 454s)
2026-08-10 02:49:54 [iter 6/60] self-play: 65/160 games...
2026-08-10 02:50:08   [GPU] 1,850,009 evals (46694 batches, avg 40/batch = 8% of 512, 3941 evals/s, 321 msg/s, 12.3 leaves/msg, 469s)
2026-08-10 02:50:23   [GPU] 1,900,008 evals (48202 batches, avg 39/batch = 8% of 512, 3919 evals/s, 321 msg/s, 12.2 leaves/msg, 485s)
2026-08-10 02:50:28 [iter 6/60] self-play: 70/160 games...
2026-08-10 02:50:41   [GPU] 1,950,005 evals (49951 batches, avg 39/batch = 8% of 512, 3877 evals/s, 319 msg/s, 12.2 leaves/msg, 503s)
2026-08-10 02:50:55   [GPU] 2,000,052 evals (51294 batches, avg 39/batch = 8% of 512, 3872 evals/s, 319 msg/s, 12.1 leaves/msg, 517s)
2026-08-10 02:51:07   [GPU] 2,050,034 evals (52580 batches, avg 39/batch = 8% of 512, 3875 evals/s, 320 msg/s, 12.1 leaves/msg, 529s)
2026-08-10 02:51:08 [iter 6/60] self-play: 75/160 games...
2026-08-10 02:51:21   [GPU] 2,100,018 evals (53972 batches, avg 39/batch = 8% of 512, 3871 evals/s, 320 msg/s, 12.1 leaves/msg, 542s)
2026-08-10 02:51:34   [GPU] 2,150,010 evals (55317 batches, avg 39/batch = 8% of 512, 3872 evals/s, 321 msg/s, 12.1 leaves/msg, 555s)
2026-08-10 02:51:46   [GPU] 2,200,015 evals (56611 batches, avg 39/batch = 8% of 512, 3874 evals/s, 322 msg/s, 12.0 leaves/msg, 568s)
2026-08-10 02:51:49 [iter 6/60] self-play: 80/160 games...
2026-08-10 02:52:01   [GPU] 2,250,023 evals (58111 batches, avg 39/batch = 8% of 512, 3860 evals/s, 322 msg/s, 12.0 leaves/msg, 583s)
2026-08-10 02:52:19   [GPU] 2,300,005 evals (59831 batches, avg 38/batch = 8% of 512, 3830 evals/s, 320 msg/s, 12.0 leaves/msg, 601s)
2026-08-10 02:52:35   [GPU] 2,350,012 evals (61398 batches, avg 38/batch = 7% of 512, 3813 evals/s, 319 msg/s, 11.9 leaves/msg, 616s)
2026-08-10 02:52:35 [iter 6/60] self-play: 85/160 games...
2026-08-10 02:52:52   [GPU] 2,400,012 evals (63063 batches, avg 38/batch = 7% of 512, 3789 evals/s, 318 msg/s, 11.9 leaves/msg, 633s)
2026-08-10 02:53:06   [GPU] 2,450,007 evals (64495 batches, avg 38/batch = 7% of 512, 3783 evals/s, 318 msg/s, 11.9 leaves/msg, 648s)
2026-08-10 02:53:20   [GPU] 2,500,010 evals (65901 batches, avg 38/batch = 7% of 512, 3779 evals/s, 318 msg/s, 11.9 leaves/msg, 662s)
2026-08-10 02:53:24 [iter 6/60] self-play: 90/160 games...
2026-08-10 02:53:35   [GPU] 2,550,017 evals (67318 batches, avg 38/batch = 7% of 512, 3772 evals/s, 318 msg/s, 11.9 leaves/msg, 676s)
2026-08-10 02:53:48   [GPU] 2,600,037 evals (68646 batches, avg 38/batch = 7% of 512, 3771 evals/s, 318 msg/s, 11.9 leaves/msg, 690s)
2026-08-10 02:53:55 [iter 6/60] self-play: 95/160 games...
2026-08-10 02:54:02   [GPU] 2,650,037 evals (69985 batches, avg 38/batch = 7% of 512, 3769 evals/s, 317 msg/s, 11.9 leaves/msg, 703s)
2026-08-10 02:54:16   [GPU] 2,700,048 evals (71431 batches, avg 38/batch = 7% of 512, 3761 evals/s, 316 msg/s, 11.9 leaves/msg, 718s)
2026-08-10 02:54:31   [GPU] 2,750,030 evals (72883 batches, avg 38/batch = 7% of 512, 3752 evals/s, 315 msg/s, 11.9 leaves/msg, 733s)
2026-08-10 02:54:47   [GPU] 2,800,011 evals (74372 batches, avg 38/batch = 7% of 512, 3742 evals/s, 314 msg/s, 11.9 leaves/msg, 748s)
2026-08-10 02:54:56 [iter 6/60] self-play: 100/160 games...
2026-08-10 02:55:00   [GPU] 2,850,030 evals (75690 batches, avg 38/batch = 7% of 512, 3743 evals/s, 314 msg/s, 11.9 leaves/msg, 761s)
2026-08-10 02:55:13   [GPU] 2,900,043 evals (76992 batches, avg 38/batch = 7% of 512, 3746 evals/s, 314 msg/s, 11.9 leaves/msg, 774s)
2026-08-10 02:55:25   [GPU] 2,950,015 evals (78296 batches, avg 38/batch = 7% of 512, 3748 evals/s, 315 msg/s, 11.9 leaves/msg, 787s)
2026-08-10 02:55:39   [GPU] 3,000,002 evals (79631 batches, avg 38/batch = 7% of 512, 3748 evals/s, 315 msg/s, 11.9 leaves/msg, 801s)
2026-08-10 02:55:53 [iter 6/60] self-play: 105/160 games...
2026-08-10 02:55:53   [GPU] 3,050,020 evals (81043 batches, avg 38/batch = 7% of 512, 3745 evals/s, 315 msg/s, 11.9 leaves/msg, 815s)
2026-08-10 02:56:05   [GPU] 3,100,027 evals (82315 batches, avg 38/batch = 7% of 512, 3749 evals/s, 316 msg/s, 11.9 leaves/msg, 827s)
2026-08-10 02:56:13 [iter 6/60] self-play: 110/160 games...
2026-08-10 02:56:18   [GPU] 3,150,004 evals (83608 batches, avg 38/batch = 7% of 512, 3753 evals/s, 316 msg/s, 11.9 leaves/msg, 839s)
2026-08-10 02:56:30   [GPU] 3,200,029 evals (84848 batches, avg 38/batch = 7% of 512, 3759 evals/s, 317 msg/s, 11.9 leaves/msg, 851s)
2026-08-10 02:56:37 [iter 6/60] self-play: 115/160 games...
2026-08-10 02:56:40   [GPU] 3,250,030 evals (85910 batches, avg 38/batch = 7% of 512, 3771 evals/s, 317 msg/s, 11.9 leaves/msg, 862s)
2026-08-10 02:56:51   [GPU] 3,300,020 evals (87014 batches, avg 38/batch = 7% of 512, 3782 evals/s, 318 msg/s, 11.9 leaves/msg, 873s)
2026-08-10 02:56:57 [iter 6/60] self-play: 120/160 games...
2026-08-10 02:57:03   [GPU] 3,350,015 evals (88196 batches, avg 38/batch = 7% of 512, 3787 evals/s, 318 msg/s, 11.9 leaves/msg, 885s)
2026-08-10 02:57:16   [GPU] 3,400,035 evals (89438 batches, avg 38/batch = 7% of 512, 3788 evals/s, 317 msg/s, 11.9 leaves/msg, 897s)
2026-08-10 02:57:20 [iter 6/60] self-play: 125/160 games...
2026-08-10 02:57:29   [GPU] 3,450,017 evals (90716 batches, avg 38/batch = 7% of 512, 3788 evals/s, 317 msg/s, 11.9 leaves/msg, 911s)
2026-08-10 02:57:42   [GPU] 3,500,004 evals (92020 batches, avg 38/batch = 7% of 512, 3790 evals/s, 317 msg/s, 11.9 leaves/msg, 924s)
2026-08-10 02:57:54   [GPU] 3,550,018 evals (93241 batches, avg 38/batch = 7% of 512, 3796 evals/s, 318 msg/s, 12.0 leaves/msg, 935s)
2026-08-10 02:58:01 [iter 6/60] self-play: 130/160 games...
2026-08-10 02:58:05   [GPU] 3,600,016 evals (94452 batches, avg 38/batch = 7% of 512, 3802 evals/s, 318 msg/s, 11.9 leaves/msg, 947s)
2026-08-10 02:58:18   [GPU] 3,650,001 evals (95795 batches, avg 38/batch = 7% of 512, 3804 evals/s, 318 msg/s, 11.9 leaves/msg, 959s)
2026-08-10 02:58:30   [GPU] 3,700,033 evals (97041 batches, avg 38/batch = 7% of 512, 3808 evals/s, 319 msg/s, 12.0 leaves/msg, 972s)
2026-08-10 02:58:42   [GPU] 3,750,000 evals (98271 batches, avg 38/batch = 7% of 512, 3813 evals/s, 319 msg/s, 12.0 leaves/msg, 983s)
2026-08-10 02:58:54   [GPU] 3,800,027 evals (99489 batches, avg 38/batch = 7% of 512, 3818 evals/s, 319 msg/s, 12.0 leaves/msg, 995s)
2026-08-10 02:59:05   [GPU] 3,850,003 evals (100675 batches, avg 38/batch = 7% of 512, 3824 evals/s, 319 msg/s, 12.0 leaves/msg, 1007s)
2026-08-10 02:59:09 [iter 6/60] self-play: 135/160 games...
2026-08-10 02:59:18   [GPU] 3,900,041 evals (101984 batches, avg 38/batch = 7% of 512, 3826 evals/s, 320 msg/s, 12.0 leaves/msg, 1019s)
2026-08-10 02:59:32   [GPU] 3,950,063 evals (103368 batches, avg 38/batch = 7% of 512, 3822 evals/s, 319 msg/s, 12.0 leaves/msg, 1034s)
2026-08-10 02:59:46   [GPU] 4,000,012 evals (104788 batches, avg 38/batch = 7% of 512, 3817 evals/s, 319 msg/s, 12.0 leaves/msg, 1048s)
2026-08-10 02:59:57   [GPU] 4,050,036 evals (105941 batches, avg 38/batch = 7% of 512, 3825 evals/s, 320 msg/s, 12.0 leaves/msg, 1059s)
2026-08-10 02:59:58 [iter 6/60] self-play: 140/160 games...
2026-08-10 03:00:09   [GPU] 4,100,019 evals (107172 batches, avg 38/batch = 7% of 512, 3828 evals/s, 320 msg/s, 12.0 leaves/msg, 1071s)
2026-08-10 03:00:21   [GPU] 4,150,010 evals (108364 batches, avg 38/batch = 7% of 512, 3833 evals/s, 320 msg/s, 12.0 leaves/msg, 1083s)
2026-08-10 03:00:21 [iter 6/60] self-play: 145/160 games...
2026-08-10 03:00:32   [GPU] 4,200,045 evals (109517 batches, avg 38/batch = 7% of 512, 3840 evals/s, 320 msg/s, 12.0 leaves/msg, 1094s)
2026-08-10 03:00:43   [GPU] 4,250,030 evals (110652 batches, avg 38/batch = 8% of 512, 3846 evals/s, 321 msg/s, 12.0 leaves/msg, 1105s)
2026-08-10 03:00:44 [iter 6/60] self-play: 150/160 games...
2026-08-10 03:00:56   [GPU] 4,300,026 evals (111898 batches, avg 38/batch = 8% of 512, 3847 evals/s, 320 msg/s, 12.0 leaves/msg, 1118s)
2026-08-10 03:00:59 [iter 6/60] self-play: 155/160 games...
2026-08-10 03:01:31   [GPU] 4,350,011 evals (114119 batches, avg 38/batch = 7% of 512, 3774 evals/s, 314 msg/s, 12.0 leaves/msg, 1153s)
2026-08-10 03:02:15   [GPU] 4,400,002 evals (116915 batches, avg 38/batch = 7% of 512, 3676 evals/s, 305 msg/s, 12.0 leaves/msg, 1197s)
2026-08-10 03:03:00   [GPU] 4,450,021 evals (119654 batches, avg 37/batch = 7% of 512, 3585 evals/s, 297 msg/s, 12.1 leaves/msg, 1241s)
2026-08-10 03:04:09 [iter 6/60] self-play: 160/160 games...
2026-08-10 03:04:10 [iter 6/60] self-play done: 160 games (1311s) | wins: P0=23, P1=110, draw=27 | draw_rate=17% avg_len~25
2026-08-10 03:04:10 [iter 6/60] search: expanded=9.4 actions/node visits/action=63.9 walls/game=7.82 first_wall_ply=0.325 learner_sims/s=3773.09
2026-08-10 03:04:10 [iter 6/60] training (600 steps, lr=9.85e-04)...
2026-08-10 03:04:18 [iter 6/60] training done: loss_p=1.120 loss_v=0.082 (8s)
2026-08-10 03:04:19 [iter 6/60] data: policy_wall_mass=0.192 walled_states=62% walls_on_board=16.5 value_mae walled=0.141 free=0.113
2026-08-10 03:04:19 [iter 6/60] eval skipped (eval_every=4)
2026-08-10 03:04:19 >>> iter 6 | loss_p=1.120 loss_v=0.082 | vs_best=n/a (not evaluated) | vs_rand=n/a | draw=17% | buf=42182 | rss=2.45GB | sp=1311s train=8s eval_best=0s eval_rand=0s | total=1321s
2026-08-10 03:04:19 [iter 7/60] self-play starting (160 games, 600 sims, MIXED 80/160 race-only)...
2026-08-10 03:04:19 [PARALLEL-MP] 8 workers spawned (160 games, sims=600), GPU batcher starting...
2026-08-10 03:04:31   [GPU] 50,017 evals (907 batches, avg 55/batch = 11% of 512, 4135 evals/s, 306 msg/s, 13.5 leaves/msg, 12s)
2026-08-10 03:04:39 [iter 7/60] self-play: 5/160 games...
2026-08-10 03:04:44   [GPU] 100,018 evals (2063 batches, avg 48/batch = 9% of 512, 4058 evals/s, 310 msg/s, 13.1 leaves/msg, 25s)
2026-08-10 03:04:58   [GPU] 150,031 evals (3416 batches, avg 44/batch = 9% of 512, 3887 evals/s, 296 msg/s, 13.1 leaves/msg, 39s)
2026-08-10 03:05:09 [iter 7/60] self-play: 10/160 games...
2026-08-10 03:05:11   [GPU] 200,056 evals (4701 batches, avg 43/batch = 8% of 512, 3845 evals/s, 287 msg/s, 13.4 leaves/msg, 52s)
2026-08-10 03:05:28   [GPU] 250,063 evals (6184 batches, avg 40/batch = 8% of 512, 3656 evals/s, 271 msg/s, 13.5 leaves/msg, 68s)
2026-08-10 03:05:40   [GPU] 300,008 evals (7407 batches, avg 41/batch = 8% of 512, 3720 evals/s, 278 msg/s, 13.4 leaves/msg, 81s)
2026-08-10 03:05:55   [GPU] 350,045 evals (8875 batches, avg 39/batch = 8% of 512, 3667 evals/s, 279 msg/s, 13.2 leaves/msg, 95s)
2026-08-10 03:06:07   [GPU] 400,022 evals (10170 batches, avg 39/batch = 8% of 512, 3712 evals/s, 286 msg/s, 13.0 leaves/msg, 108s)
2026-08-10 03:06:18   [GPU] 450,009 evals (11365 batches, avg 40/batch = 8% of 512, 3772 evals/s, 291 msg/s, 12.9 leaves/msg, 119s)
2026-08-10 03:06:30   [GPU] 500,047 evals (12538 batches, avg 40/batch = 8% of 512, 3825 evals/s, 297 msg/s, 12.9 leaves/msg, 131s)
2026-08-10 03:06:31 [iter 7/60] self-play: 15/160 games...
2026-08-10 03:06:42   [GPU] 550,013 evals (13800 batches, avg 40/batch = 8% of 512, 3852 evals/s, 304 msg/s, 12.7 leaves/msg, 143s)
2026-08-10 03:06:55   [GPU] 600,036 evals (15133 batches, avg 40/batch = 8% of 512, 3852 evals/s, 304 msg/s, 12.7 leaves/msg, 156s)
2026-08-10 03:07:06 [iter 7/60] self-play: 20/160 games...
2026-08-10 03:07:07   [GPU] 650,032 evals (16385 batches, avg 40/batch = 8% of 512, 3868 evals/s, 306 msg/s, 12.6 leaves/msg, 168s)
2026-08-10 03:07:20   [GPU] 700,030 evals (17642 batches, avg 40/batch = 8% of 512, 3879 evals/s, 308 msg/s, 12.6 leaves/msg, 180s)
2026-08-10 03:07:34   [GPU] 750,015 evals (19050 batches, avg 39/batch = 8% of 512, 3850 evals/s, 306 msg/s, 12.6 leaves/msg, 195s)
2026-08-10 03:07:48   [GPU] 800,029 evals (20485 batches, avg 39/batch = 8% of 512, 3826 evals/s, 303 msg/s, 12.6 leaves/msg, 209s)
2026-08-10 03:07:51 [iter 7/60] self-play: 25/160 games...
2026-08-10 03:08:01   [GPU] 850,004 evals (21747 batches, avg 39/batch = 8% of 512, 3836 evals/s, 304 msg/s, 12.6 leaves/msg, 222s)
2026-08-10 03:08:13   [GPU] 900,050 evals (22972 batches, avg 39/batch = 8% of 512, 3842 evals/s, 305 msg/s, 12.6 leaves/msg, 234s)
2026-08-10 03:08:14 [iter 7/60] self-play: 30/160 games...
2026-08-10 03:08:26   [GPU] 950,026 evals (24236 batches, avg 39/batch = 8% of 512, 3843 evals/s, 305 msg/s, 12.6 leaves/msg, 247s)
2026-08-10 03:08:39   [GPU] 1,000,054 evals (25488 batches, avg 39/batch = 8% of 512, 3847 evals/s, 305 msg/s, 12.6 leaves/msg, 260s)
2026-08-10 03:08:43 [iter 7/60] self-play: 35/160 games...
2026-08-10 03:08:53   [GPU] 1,050,025 evals (26851 batches, avg 39/batch = 8% of 512, 3835 evals/s, 304 msg/s, 12.6 leaves/msg, 274s)
2026-08-10 03:09:05   [GPU] 1,100,019 evals (28136 batches, avg 39/batch = 8% of 512, 3842 evals/s, 305 msg/s, 12.6 leaves/msg, 286s)
2026-08-10 03:09:18   [GPU] 1,150,037 evals (29439 batches, avg 39/batch = 8% of 512, 3845 evals/s, 305 msg/s, 12.6 leaves/msg, 299s)
2026-08-10 03:09:30   [GPU] 1,200,036 evals (30706 batches, avg 39/batch = 8% of 512, 3856 evals/s, 305 msg/s, 12.6 leaves/msg, 311s)
2026-08-10 03:09:39 [iter 7/60] self-play: 40/160 games...
2026-08-10 03:09:43   [GPU] 1,250,025 evals (32054 batches, avg 39/batch = 8% of 512, 3855 evals/s, 307 msg/s, 12.6 leaves/msg, 324s)
2026-08-10 03:09:58   [GPU] 1,300,044 evals (33511 batches, avg 39/batch = 8% of 512, 3835 evals/s, 306 msg/s, 12.5 leaves/msg, 339s)
2026-08-10 03:10:12   [GPU] 1,350,020 evals (34900 batches, avg 39/batch = 8% of 512, 3822 evals/s, 305 msg/s, 12.5 leaves/msg, 353s)
2026-08-10 03:10:21 [iter 7/60] self-play: 45/160 games...
2026-08-10 03:10:27   [GPU] 1,400,036 evals (36355 batches, avg 39/batch = 8% of 512, 3804 evals/s, 303 msg/s, 12.5 leaves/msg, 368s)
2026-08-10 03:10:43   [GPU] 1,450,023 evals (37847 batches, avg 38/batch = 7% of 512, 3780 evals/s, 301 msg/s, 12.5 leaves/msg, 384s)
2026-08-10 03:10:58   [GPU] 1,500,004 evals (39331 batches, avg 38/batch = 7% of 512, 3763 evals/s, 300 msg/s, 12.5 leaves/msg, 399s)
2026-08-10 03:11:11   [GPU] 1,550,006 evals (40627 batches, avg 38/batch = 7% of 512, 3766 evals/s, 301 msg/s, 12.5 leaves/msg, 412s)
2026-08-10 03:11:24   [GPU] 1,600,050 evals (41895 batches, avg 38/batch = 7% of 512, 3769 evals/s, 300 msg/s, 12.6 leaves/msg, 425s)
2026-08-10 03:11:35   [GPU] 1,650,047 evals (42987 batches, avg 38/batch = 7% of 512, 3789 evals/s, 301 msg/s, 12.6 leaves/msg, 436s)
2026-08-10 03:11:38 [iter 7/60] self-play: 50/160 games...
2026-08-10 03:11:47   [GPU] 1,700,027 evals (44172 batches, avg 38/batch = 8% of 512, 3798 evals/s, 302 msg/s, 12.6 leaves/msg, 448s)
2026-08-10 03:11:59   [GPU] 1,750,023 evals (45414 batches, avg 39/batch = 8% of 512, 3804 evals/s, 301 msg/s, 12.6 leaves/msg, 460s)
2026-08-10 03:12:11   [GPU] 1,800,042 evals (46601 batches, avg 39/batch = 8% of 512, 3817 evals/s, 302 msg/s, 12.6 leaves/msg, 472s)
2026-08-10 03:12:22   [GPU] 1,850,026 evals (47740 batches, avg 39/batch = 8% of 512, 3830 evals/s, 302 msg/s, 12.7 leaves/msg, 483s)
2026-08-10 03:12:27 [iter 7/60] self-play: 55/160 games...
2026-08-10 03:12:33   [GPU] 1,900,009 evals (48789 batches, avg 39/batch = 8% of 512, 3846 evals/s, 304 msg/s, 12.7 leaves/msg, 494s)
2026-08-10 03:12:42 [iter 7/60] self-play: 60/160 games...
2026-08-10 03:12:44   [GPU] 1,950,020 evals (49859 batches, avg 39/batch = 8% of 512, 3860 evals/s, 304 msg/s, 12.7 leaves/msg, 505s)
2026-08-10 03:12:56   [GPU] 2,000,007 evals (51068 batches, avg 39/batch = 8% of 512, 3868 evals/s, 305 msg/s, 12.7 leaves/msg, 517s)
2026-08-10 03:13:06 [iter 7/60] self-play: 65/160 games...
2026-08-10 03:13:08   [GPU] 2,050,025 evals (52253 batches, avg 39/batch = 8% of 512, 3876 evals/s, 306 msg/s, 12.7 leaves/msg, 529s)
2026-08-10 03:13:20   [GPU] 2,100,028 evals (53443 batches, avg 39/batch = 8% of 512, 3883 evals/s, 306 msg/s, 12.7 leaves/msg, 541s)
2026-08-10 03:13:33   [GPU] 2,150,017 evals (54715 batches, avg 39/batch = 8% of 512, 3879 evals/s, 306 msg/s, 12.7 leaves/msg, 554s)
2026-08-10 03:13:37 [iter 7/60] self-play: 70/160 games...
2026-08-10 03:13:47   [GPU] 2,200,021 evals (56032 batches, avg 39/batch = 8% of 512, 3875 evals/s, 305 msg/s, 12.7 leaves/msg, 568s)
2026-08-10 03:14:00   [GPU] 2,250,020 evals (57306 batches, avg 39/batch = 8% of 512, 3876 evals/s, 304 msg/s, 12.7 leaves/msg, 581s)
2026-08-10 03:14:12   [GPU] 2,300,003 evals (58551 batches, avg 39/batch = 8% of 512, 3879 evals/s, 305 msg/s, 12.7 leaves/msg, 593s)
2026-08-10 03:14:27   [GPU] 2,350,005 evals (59988 batches, avg 39/batch = 8% of 512, 3868 evals/s, 305 msg/s, 12.7 leaves/msg, 607s)
2026-08-10 03:14:28 [iter 7/60] self-play: 75/160 games...
2026-08-10 03:14:41   [GPU] 2,400,022 evals (61425 batches, avg 39/batch = 8% of 512, 3857 evals/s, 305 msg/s, 12.7 leaves/msg, 622s)
2026-08-10 03:14:56   [GPU] 2,450,007 evals (62831 batches, avg 39/batch = 8% of 512, 3847 evals/s, 304 msg/s, 12.7 leaves/msg, 637s)
2026-08-10 03:15:09   [GPU] 2,500,087 evals (64093 batches, avg 39/batch = 8% of 512, 3847 evals/s, 304 msg/s, 12.6 leaves/msg, 650s)
2026-08-10 03:15:23   [GPU] 2,550,004 evals (65521 batches, avg 39/batch = 8% of 512, 3839 evals/s, 304 msg/s, 12.6 leaves/msg, 664s)
2026-08-10 03:15:35 [iter 7/60] self-play: 80/160 games...
2026-08-10 03:15:37   [GPU] 2,600,022 evals (66844 batches, avg 39/batch = 8% of 512, 3837 evals/s, 304 msg/s, 12.6 leaves/msg, 678s)
2026-08-10 03:15:50   [GPU] 2,650,011 evals (68205 batches, avg 39/batch = 8% of 512, 3834 evals/s, 304 msg/s, 12.6 leaves/msg, 691s)
2026-08-10 03:16:03   [GPU] 2,700,030 evals (69441 batches, avg 39/batch = 8% of 512, 3838 evals/s, 304 msg/s, 12.6 leaves/msg, 703s)
2026-08-10 03:16:07 [iter 7/60] self-play: 85/160 games...
2026-08-10 03:16:16   [GPU] 2,750,035 evals (70782 batches, avg 39/batch = 8% of 512, 3835 evals/s, 305 msg/s, 12.6 leaves/msg, 717s)
2026-08-10 03:16:32   [GPU] 2,800,030 evals (72338 batches, avg 39/batch = 8% of 512, 3818 evals/s, 304 msg/s, 12.6 leaves/msg, 733s)
2026-08-10 03:16:50   [GPU] 2,850,005 evals (74004 batches, avg 39/batch = 8% of 512, 3797 evals/s, 303 msg/s, 12.5 leaves/msg, 751s)
2026-08-10 03:17:07   [GPU] 2,900,048 evals (75680 batches, avg 38/batch = 7% of 512, 3778 evals/s, 302 msg/s, 12.5 leaves/msg, 768s)
2026-08-10 03:17:23   [GPU] 2,950,018 evals (77254 batches, avg 38/batch = 7% of 512, 3766 evals/s, 301 msg/s, 12.5 leaves/msg, 783s)
2026-08-10 03:17:28 [iter 7/60] self-play: 90/160 games...
2026-08-10 03:17:37   [GPU] 3,000,059 evals (78735 batches, avg 38/batch = 7% of 512, 3758 evals/s, 302 msg/s, 12.5 leaves/msg, 798s)
2026-08-10 03:17:54   [GPU] 3,050,000 evals (80406 batches, avg 38/batch = 7% of 512, 3741 evals/s, 301 msg/s, 12.4 leaves/msg, 815s)
2026-08-10 03:18:02 [iter 7/60] self-play: 95/160 games...
2026-08-10 03:18:09   [GPU] 3,100,023 evals (81880 batches, avg 38/batch = 7% of 512, 3734 evals/s, 301 msg/s, 12.4 leaves/msg, 830s)
2026-08-10 03:18:27   [GPU] 3,150,023 evals (83555 batches, avg 38/batch = 7% of 512, 3717 evals/s, 301 msg/s, 12.4 leaves/msg, 848s)
2026-08-10 03:18:36 [iter 7/60] self-play: 100/160 games...
2026-08-10 03:18:38   [GPU] 3,200,063 evals (84738 batches, avg 38/batch = 7% of 512, 3726 evals/s, 302 msg/s, 12.3 leaves/msg, 859s)
2026-08-10 03:18:49   [GPU] 3,250,025 evals (85871 batches, avg 38/batch = 7% of 512, 3736 evals/s, 303 msg/s, 12.3 leaves/msg, 870s)
2026-08-10 03:19:01   [GPU] 3,300,012 evals (87052 batches, avg 38/batch = 7% of 512, 3743 evals/s, 303 msg/s, 12.3 leaves/msg, 882s)
2026-08-10 03:19:08 [iter 7/60] self-play: 105/160 games...
2026-08-10 03:19:13   [GPU] 3,350,021 evals (88288 batches, avg 38/batch = 7% of 512, 3748 evals/s, 304 msg/s, 12.3 leaves/msg, 894s)
2026-08-10 03:19:25   [GPU] 3,400,046 evals (89459 batches, avg 38/batch = 7% of 512, 3755 evals/s, 304 msg/s, 12.3 leaves/msg, 905s)
2026-08-10 03:19:32 [iter 7/60] self-play: 110/160 games...
2026-08-10 03:19:35   [GPU] 3,450,060 evals (90572 batches, avg 38/batch = 7% of 512, 3765 evals/s, 305 msg/s, 12.3 leaves/msg, 916s)
2026-08-10 03:19:47   [GPU] 3,500,041 evals (91684 batches, avg 38/batch = 7% of 512, 3774 evals/s, 305 msg/s, 12.4 leaves/msg, 927s)
2026-08-10 03:19:57   [GPU] 3,550,001 evals (92697 batches, avg 38/batch = 7% of 512, 3787 evals/s, 306 msg/s, 12.4 leaves/msg, 937s)
2026-08-10 03:20:01 [iter 7/60] self-play: 115/160 games...
2026-08-10 03:20:07   [GPU] 3,600,030 evals (93734 batches, avg 38/batch = 8% of 512, 3799 evals/s, 307 msg/s, 12.4 leaves/msg, 948s)
2026-08-10 03:20:19   [GPU] 3,650,004 evals (94962 batches, avg 38/batch = 8% of 512, 3802 evals/s, 307 msg/s, 12.4 leaves/msg, 960s)
2026-08-10 03:20:29 [iter 7/60] self-play: 120/160 games...
2026-08-10 03:20:31   [GPU] 3,700,002 evals (96084 batches, avg 39/batch = 8% of 512, 3809 evals/s, 307 msg/s, 12.4 leaves/msg, 971s)
2026-08-10 03:20:42   [GPU] 3,750,024 evals (97206 batches, avg 39/batch = 8% of 512, 3817 evals/s, 308 msg/s, 12.4 leaves/msg, 982s)
2026-08-10 03:20:53   [GPU] 3,800,022 evals (98430 batches, avg 39/batch = 8% of 512, 3822 evals/s, 308 msg/s, 12.4 leaves/msg, 994s)
2026-08-10 03:21:01 [iter 7/60] self-play: 125/160 games...
2026-08-10 03:21:04   [GPU] 3,850,077 evals (99523 batches, avg 39/batch = 8% of 512, 3830 evals/s, 308 msg/s, 12.4 leaves/msg, 1005s)
2026-08-10 03:21:15   [GPU] 3,900,014 evals (100624 batches, avg 39/batch = 8% of 512, 3838 evals/s, 309 msg/s, 12.4 leaves/msg, 1016s)
2026-08-10 03:21:27   [GPU] 3,950,011 evals (101858 batches, avg 39/batch = 8% of 512, 3842 evals/s, 309 msg/s, 12.4 leaves/msg, 1028s)
2026-08-10 03:21:38   [GPU] 4,000,010 evals (102963 batches, avg 39/batch = 8% of 512, 3851 evals/s, 309 msg/s, 12.4 leaves/msg, 1039s)
2026-08-10 03:21:43 [iter 7/60] self-play: 130/160 games...
2026-08-10 03:21:48   [GPU] 4,050,026 evals (104019 batches, avg 39/batch = 8% of 512, 3861 evals/s, 310 msg/s, 12.4 leaves/msg, 1049s)
2026-08-10 03:21:59   [GPU] 4,100,020 evals (105149 batches, avg 39/batch = 8% of 512, 3868 evals/s, 311 msg/s, 12.5 leaves/msg, 1060s)
2026-08-10 03:22:06 [iter 7/60] self-play: 135/160 games...
2026-08-10 03:22:10   [GPU] 4,150,017 evals (106209 batches, avg 39/batch = 8% of 512, 3877 evals/s, 311 msg/s, 12.5 leaves/msg, 1070s)
2026-08-10 03:22:20   [GPU] 4,200,037 evals (107280 batches, avg 39/batch = 8% of 512, 3887 evals/s, 312 msg/s, 12.5 leaves/msg, 1080s)
2026-08-10 03:22:31   [GPU] 4,250,005 evals (108481 batches, avg 39/batch = 8% of 512, 3891 evals/s, 312 msg/s, 12.5 leaves/msg, 1092s)
2026-08-10 03:22:34 [iter 7/60] self-play: 140/160 games...
2026-08-10 03:22:43   [GPU] 4,300,027 evals (109571 batches, avg 39/batch = 8% of 512, 3897 evals/s, 313 msg/s, 12.5 leaves/msg, 1103s)
2026-08-10 03:22:55   [GPU] 4,350,053 evals (110753 batches, avg 39/batch = 8% of 512, 3900 evals/s, 313 msg/s, 12.5 leaves/msg, 1115s)
2026-08-10 03:22:56 [iter 7/60] self-play: 145/160 games...
2026-08-10 03:23:05   [GPU] 4,400,025 evals (111844 batches, avg 39/batch = 8% of 512, 3908 evals/s, 313 msg/s, 12.5 leaves/msg, 1126s)
2026-08-10 03:23:16   [GPU] 4,450,010 evals (112932 batches, avg 39/batch = 8% of 512, 3915 evals/s, 314 msg/s, 12.5 leaves/msg, 1137s)
2026-08-10 03:23:24 [iter 7/60] self-play: 150/160 games...
2026-08-10 03:23:26   [GPU] 4,500,005 evals (113981 batches, avg 39/batch = 8% of 512, 3924 evals/s, 314 msg/s, 12.5 leaves/msg, 1147s)
2026-08-10 03:23:37   [GPU] 4,550,014 evals (115111 batches, avg 40/batch = 8% of 512, 3929 evals/s, 315 msg/s, 12.5 leaves/msg, 1158s)
2026-08-10 03:23:49   [GPU] 4,600,012 evals (116291 batches, avg 40/batch = 8% of 512, 3933 evals/s, 315 msg/s, 12.5 leaves/msg, 1169s)
2026-08-10 03:23:51 [iter 7/60] self-play: 155/160 games...
2026-08-10 03:24:07   [GPU] 4,650,005 evals (117978 batches, avg 39/batch = 8% of 512, 3915 evals/s, 313 msg/s, 12.5 leaves/msg, 1188s)
2026-08-10 03:24:25   [GPU] 4,700,013 evals (119673 batches, avg 39/batch = 8% of 512, 3896 evals/s, 311 msg/s, 12.5 leaves/msg, 1206s)
2026-08-10 03:24:49   [GPU] 4,750,044 evals (121694 batches, avg 39/batch = 8% of 512, 3862 evals/s, 309 msg/s, 12.5 leaves/msg, 1230s)
2026-08-10 03:25:19   [GPU] 4,800,011 evals (124011 batches, avg 39/batch = 8% of 512, 3809 evals/s, 304 msg/s, 12.5 leaves/msg, 1260s)
2026-08-10 03:25:56   [GPU] 4,850,013 evals (126582 batches, avg 38/batch = 7% of 512, 3741 evals/s, 298 msg/s, 12.5 leaves/msg, 1296s)
2026-08-10 03:26:26 [iter 7/60] self-play: 160/160 games...
2026-08-10 03:26:27 [iter 7/60] self-play done: 160 games (1328s) | wins: P0=19, P1=111, draw=30 | draw_rate=19% avg_len~26
2026-08-10 03:26:27 [iter 7/60] search: expanded=9.4 actions/node visits/action=63.9 walls/game=7.78 first_wall_ply=1.238 learner_sims/s=4019.92
2026-08-10 03:26:27 [iter 7/60] training (600 steps, lr=9.78e-04)...
2026-08-10 03:26:35 [iter 7/60] training done: loss_p=1.133 loss_v=0.082 (8s)
2026-08-10 03:26:36 [iter 7/60] data: policy_wall_mass=0.169 walled_states=61% walls_on_board=16.8 value_mae walled=0.147 free=0.071
2026-08-10 03:26:36 [iter 7/60] eval skipped (eval_every=4)
2026-08-10 03:26:36 >>> iter 7 | loss_p=1.133 loss_v=0.082 | vs_best=n/a (not evaluated) | vs_rand=n/a | draw=19% | buf=50376 | rss=2.51GB | sp=1328s train=8s eval_best=0s eval_rand=0s | total=1337s
2026-08-10 03:26:36 [iter 8/60] self-play starting (160 games, 600 sims, MIXED 80/160 race-only)...
2026-08-10 03:26:36 [PARALLEL-MP] 8 workers spawned (160 games, sims=600), GPU batcher starting...
2026-08-10 03:26:49   [GPU] 50,036 evals (976 batches, avg 51/batch = 10% of 512, 3883 evals/s, 305 msg/s, 12.8 leaves/msg, 13s)
2026-08-10 03:26:55 [iter 8/60] self-play: 5/160 games...
2026-08-10 03:27:03   [GPU] 100,042 evals (2217 batches, avg 45/batch = 9% of 512, 3809 evals/s, 295 msg/s, 12.9 leaves/msg, 26s)
2026-08-10 03:27:16   [GPU] 150,009 evals (3517 batches, avg 43/batch = 8% of 512, 3801 evals/s, 289 msg/s, 13.1 leaves/msg, 39s)
2026-08-10 03:27:20 [iter 8/60] self-play: 10/160 games...
2026-08-10 03:27:27   [GPU] 200,007 evals (4644 batches, avg 43/batch = 8% of 512, 3951 evals/s, 298 msg/s, 13.3 leaves/msg, 51s)
2026-08-10 03:27:38   [GPU] 250,002 evals (5789 batches, avg 43/batch = 8% of 512, 4036 evals/s, 300 msg/s, 13.4 leaves/msg, 62s)
2026-08-10 03:27:48 [iter 8/60] self-play: 15/160 games...
2026-08-10 03:27:49   [GPU] 300,042 evals (6911 batches, avg 43/batch = 8% of 512, 4108 evals/s, 307 msg/s, 13.4 leaves/msg, 73s)
2026-08-10 03:28:00   [GPU] 350,003 evals (7978 batches, avg 44/batch = 9% of 512, 4176 evals/s, 317 msg/s, 13.2 leaves/msg, 84s)
2026-08-10 03:28:13   [GPU] 400,000 evals (9230 batches, avg 43/batch = 8% of 512, 4137 evals/s, 316 msg/s, 13.1 leaves/msg, 97s)
2026-08-10 03:28:13 [iter 8/60] self-play: 20/160 games...
2026-08-10 03:28:27   [GPU] 450,030 evals (10606 batches, avg 42/batch = 8% of 512, 4051 evals/s, 307 msg/s, 13.2 leaves/msg, 111s)
2026-08-10 03:28:40   [GPU] 500,041 evals (11852 batches, avg 42/batch = 8% of 512, 4045 evals/s, 307 msg/s, 13.2 leaves/msg, 124s)
2026-08-10 03:28:53   [GPU] 550,053 evals (13096 batches, avg 42/batch = 8% of 512, 4031 evals/s, 305 msg/s, 13.2 leaves/msg, 136s)
2026-08-10 03:29:04 [iter 8/60] self-play: 25/160 games...
2026-08-10 03:29:05   [GPU] 600,046 evals (14305 batches, avg 42/batch = 8% of 512, 4037 evals/s, 305 msg/s, 13.3 leaves/msg, 149s)
2026-08-10 03:29:17   [GPU] 650,019 evals (15449 batches, avg 42/batch = 8% of 512, 4058 evals/s, 308 msg/s, 13.2 leaves/msg, 160s)
2026-08-10 03:29:27   [GPU] 700,048 evals (16526 batches, avg 42/batch = 8% of 512, 4096 evals/s, 310 msg/s, 13.2 leaves/msg, 171s)
2026-08-10 03:29:37 [iter 8/60] self-play: 30/160 games...
2026-08-10 03:29:40   [GPU] 750,004 evals (17759 batches, avg 42/batch = 8% of 512, 4085 evals/s, 310 msg/s, 13.2 leaves/msg, 184s)
2026-08-10 03:29:53   [GPU] 800,030 evals (19052 batches, avg 42/batch = 8% of 512, 4063 evals/s, 308 msg/s, 13.2 leaves/msg, 197s)
2026-08-10 03:30:06   [GPU] 850,014 evals (20304 batches, avg 42/batch = 8% of 512, 4052 evals/s, 308 msg/s, 13.2 leaves/msg, 210s)
2026-08-10 03:30:16 [iter 8/60] self-play: 35/160 games...
2026-08-10 03:30:20   [GPU] 900,001 evals (21613 batches, avg 42/batch = 8% of 512, 4032 evals/s, 306 msg/s, 13.2 leaves/msg, 223s)
2026-08-10 03:30:34   [GPU] 950,020 evals (22988 batches, avg 41/batch = 8% of 512, 4001 evals/s, 304 msg/s, 13.1 leaves/msg, 237s)
2026-08-10 03:30:40 [iter 8/60] self-play: 40/160 games...
2026-08-10 03:30:48   [GPU] 1,000,006 evals (24340 batches, avg 41/batch = 8% of 512, 3979 evals/s, 302 msg/s, 13.2 leaves/msg, 251s)
2026-08-10 03:31:02   [GPU] 1,050,012 evals (25730 batches, avg 41/batch = 8% of 512, 3952 evals/s, 301 msg/s, 13.1 leaves/msg, 266s)
2026-08-10 03:31:15   [GPU] 1,100,009 evals (27041 batches, avg 41/batch = 8% of 512, 3945 evals/s, 300 msg/s, 13.2 leaves/msg, 279s)
2026-08-10 03:31:27   [GPU] 1,150,034 evals (28164 batches, avg 41/batch = 8% of 512, 3959 evals/s, 301 msg/s, 13.2 leaves/msg, 290s)
2026-08-10 03:31:28 [iter 8/60] self-play: 45/160 games...
2026-08-10 03:31:41   [GPU] 1,200,023 evals (29518 batches, avg 41/batch = 8% of 512, 3939 evals/s, 300 msg/s, 13.1 leaves/msg, 305s)
2026-08-10 03:31:55   [GPU] 1,250,006 evals (30902 batches, avg 40/batch = 8% of 512, 3917 evals/s, 298 msg/s, 13.2 leaves/msg, 319s)
2026-08-10 03:32:10   [GPU] 1,300,064 evals (32295 batches, avg 40/batch = 8% of 512, 3897 evals/s, 296 msg/s, 13.2 leaves/msg, 334s)
2026-08-10 03:32:25   [GPU] 1,350,021 evals (33684 batches, avg 40/batch = 8% of 512, 3877 evals/s, 294 msg/s, 13.2 leaves/msg, 348s)
2026-08-10 03:32:31 [iter 8/60] self-play: 50/160 games...
2026-08-10 03:32:39   [GPU] 1,400,042 evals (35064 batches, avg 40/batch = 8% of 512, 3861 evals/s, 293 msg/s, 13.2 leaves/msg, 363s)
2026-08-10 03:32:54   [GPU] 1,450,011 evals (36519 batches, avg 40/batch = 8% of 512, 3838 evals/s, 291 msg/s, 13.2 leaves/msg, 378s)
2026-08-10 03:33:08   [GPU] 1,500,032 evals (37861 batches, avg 40/batch = 8% of 512, 3827 evals/s, 290 msg/s, 13.2 leaves/msg, 392s)
2026-08-10 03:33:10 [iter 8/60] self-play: 55/160 games...
2026-08-10 03:33:22   [GPU] 1,550,030 evals (39237 batches, avg 40/batch = 8% of 512, 3819 evals/s, 290 msg/s, 13.2 leaves/msg, 406s)
2026-08-10 03:33:28 [iter 8/60] self-play: 60/160 games...
2026-08-10 03:33:37   [GPU] 1,600,017 evals (40640 batches, avg 39/batch = 8% of 512, 3804 evals/s, 289 msg/s, 13.2 leaves/msg, 421s)
2026-08-10 03:33:52   [GPU] 1,650,056 evals (42039 batches, avg 39/batch = 8% of 512, 3792 evals/s, 288 msg/s, 13.2 leaves/msg, 435s)
2026-08-10 03:34:07   [GPU] 1,700,040 evals (43464 batches, avg 39/batch = 8% of 512, 3775 evals/s, 287 msg/s, 13.2 leaves/msg, 450s)
2026-08-10 03:34:21   [GPU] 1,750,045 evals (44833 batches, avg 39/batch = 8% of 512, 3770 evals/s, 287 msg/s, 13.1 leaves/msg, 464s)
2026-08-10 03:34:33   [GPU] 1,800,046 evals (46063 batches, avg 39/batch = 8% of 512, 3778 evals/s, 287 msg/s, 13.2 leaves/msg, 476s)
2026-08-10 03:34:38 [iter 8/60] self-play: 65/160 games...
2026-08-10 03:34:44   [GPU] 1,850,022 evals (47199 batches, avg 39/batch = 8% of 512, 3794 evals/s, 289 msg/s, 13.1 leaves/msg, 488s)
2026-08-10 03:34:56   [GPU] 1,900,032 evals (48379 batches, avg 39/batch = 8% of 512, 3806 evals/s, 290 msg/s, 13.1 leaves/msg, 499s)
2026-08-10 03:34:56 [iter 8/60] self-play: 70/160 games...
2026-08-10 03:35:07   [GPU] 1,950,045 evals (49525 batches, avg 39/batch = 8% of 512, 3820 evals/s, 291 msg/s, 13.1 leaves/msg, 511s)
2026-08-10 03:35:18   [GPU] 2,000,023 evals (50658 batches, avg 39/batch = 8% of 512, 3832 evals/s, 292 msg/s, 13.1 leaves/msg, 522s)
2026-08-10 03:35:24 [iter 8/60] self-play: 75/160 games...
2026-08-10 03:35:31   [GPU] 2,050,026 evals (51902 batches, avg 39/batch = 8% of 512, 3838 evals/s, 293 msg/s, 13.1 leaves/msg, 534s)
2026-08-10 03:35:42   [GPU] 2,100,029 evals (53100 batches, avg 40/batch = 8% of 512, 3846 evals/s, 293 msg/s, 13.1 leaves/msg, 546s)
2026-08-10 03:35:46 [iter 8/60] self-play: 80/160 games...
2026-08-10 03:35:54   [GPU] 2,150,006 evals (54237 batches, avg 40/batch = 8% of 512, 3855 evals/s, 294 msg/s, 13.1 leaves/msg, 558s)
2026-08-10 03:36:07   [GPU] 2,200,022 evals (55503 batches, avg 40/batch = 8% of 512, 3854 evals/s, 294 msg/s, 13.1 leaves/msg, 571s)
2026-08-10 03:36:20   [GPU] 2,250,017 evals (56729 batches, avg 40/batch = 8% of 512, 3857 evals/s, 294 msg/s, 13.1 leaves/msg, 583s)
2026-08-10 03:36:26 [iter 8/60] self-play: 85/160 games...
2026-08-10 03:36:32   [GPU] 2,300,006 evals (57947 batches, avg 40/batch = 8% of 512, 3861 evals/s, 294 msg/s, 13.1 leaves/msg, 596s)
2026-08-10 03:36:45   [GPU] 2,350,007 evals (59227 batches, avg 40/batch = 8% of 512, 3862 evals/s, 294 msg/s, 13.1 leaves/msg, 609s)
2026-08-10 03:36:57   [GPU] 2,400,027 evals (60432 batches, avg 40/batch = 8% of 512, 3866 evals/s, 294 msg/s, 13.1 leaves/msg, 621s)
2026-08-10 03:37:08   [GPU] 2,450,023 evals (61553 batches, avg 40/batch = 8% of 512, 3877 evals/s, 295 msg/s, 13.2 leaves/msg, 632s)
2026-08-10 03:37:13 [iter 8/60] self-play: 90/160 games...
2026-08-10 03:37:19   [GPU] 2,500,000 evals (62695 batches, avg 40/batch = 8% of 512, 3888 evals/s, 296 msg/s, 13.1 leaves/msg, 643s)
2026-08-10 03:37:30   [GPU] 2,550,015 evals (63805 batches, avg 40/batch = 8% of 512, 3899 evals/s, 297 msg/s, 13.1 leaves/msg, 654s)
2026-08-10 03:37:36 [iter 8/60] self-play: 95/160 games...
2026-08-10 03:37:42   [GPU] 2,600,018 evals (65001 batches, avg 40/batch = 8% of 512, 3906 evals/s, 298 msg/s, 13.1 leaves/msg, 666s)
2026-08-10 03:37:55   [GPU] 2,650,029 evals (66317 batches, avg 40/batch = 8% of 512, 3904 evals/s, 298 msg/s, 13.1 leaves/msg, 679s)
2026-08-10 03:38:08   [GPU] 2,700,004 evals (67595 batches, avg 40/batch = 8% of 512, 3906 evals/s, 298 msg/s, 13.1 leaves/msg, 691s)
2026-08-10 03:38:13 [iter 8/60] self-play: 100/160 games...
2026-08-10 03:38:20   [GPU] 2,750,009 evals (68817 batches, avg 40/batch = 8% of 512, 3910 evals/s, 298 msg/s, 13.1 leaves/msg, 703s)
2026-08-10 03:38:31   [GPU] 2,800,016 evals (69981 batches, avg 40/batch = 8% of 512, 3917 evals/s, 299 msg/s, 13.1 leaves/msg, 715s)
2026-08-10 03:38:43   [GPU] 2,850,028 evals (71248 batches, avg 40/batch = 8% of 512, 3920 evals/s, 299 msg/s, 13.1 leaves/msg, 727s)
2026-08-10 03:38:48 [iter 8/60] self-play: 105/160 games...
2026-08-10 03:38:54   [GPU] 2,900,021 evals (72403 batches, avg 40/batch = 8% of 512, 3929 evals/s, 300 msg/s, 13.1 leaves/msg, 738s)
2026-08-10 03:39:06   [GPU] 2,950,004 evals (73552 batches, avg 40/batch = 8% of 512, 3938 evals/s, 301 msg/s, 13.1 leaves/msg, 749s)
2026-08-10 03:39:17   [GPU] 3,000,029 evals (74712 batches, avg 40/batch = 8% of 512, 3946 evals/s, 301 msg/s, 13.1 leaves/msg, 760s)
2026-08-10 03:39:26 [iter 8/60] self-play: 110/160 games...
2026-08-10 03:39:27   [GPU] 3,050,006 evals (75760 batches, avg 40/batch = 8% of 512, 3958 evals/s, 303 msg/s, 13.1 leaves/msg, 771s)
2026-08-10 03:39:38   [GPU] 3,100,038 evals (76876 batches, avg 40/batch = 8% of 512, 3967 evals/s, 304 msg/s, 13.1 leaves/msg, 781s)
2026-08-10 03:39:49   [GPU] 3,150,001 evals (78005 batches, avg 40/batch = 8% of 512, 3973 evals/s, 304 msg/s, 13.1 leaves/msg, 793s)
2026-08-10 03:39:52 [iter 8/60] self-play: 115/160 games...
2026-08-10 03:40:01   [GPU] 3,200,066 evals (79227 batches, avg 40/batch = 8% of 512, 3976 evals/s, 304 msg/s, 13.1 leaves/msg, 805s)
2026-08-10 03:40:13   [GPU] 3,250,040 evals (80368 batches, avg 40/batch = 8% of 512, 3981 evals/s, 304 msg/s, 13.1 leaves/msg, 816s)
2026-08-10 03:40:15 [iter 8/60] self-play: 120/160 games...
2026-08-10 03:40:26   [GPU] 3,300,046 evals (81629 batches, avg 40/batch = 8% of 512, 3979 evals/s, 303 msg/s, 13.1 leaves/msg, 829s)
2026-08-10 03:40:38   [GPU] 3,350,011 evals (82861 batches, avg 40/batch = 8% of 512, 3979 evals/s, 303 msg/s, 13.1 leaves/msg, 842s)
2026-08-10 03:40:39 [iter 8/60] self-play: 125/160 games...
2026-08-10 03:40:52   [GPU] 3,400,031 evals (84198 batches, avg 40/batch = 8% of 512, 3972 evals/s, 303 msg/s, 13.1 leaves/msg, 856s)
2026-08-10 03:41:07   [GPU] 3,450,006 evals (85604 batches, avg 40/batch = 8% of 512, 3960 evals/s, 302 msg/s, 13.1 leaves/msg, 871s)
2026-08-10 03:41:22   [GPU] 3,500,050 evals (86988 batches, avg 40/batch = 8% of 512, 3953 evals/s, 301 msg/s, 13.1 leaves/msg, 886s)
2026-08-10 03:41:34   [GPU] 3,550,058 evals (88188 batches, avg 40/batch = 8% of 512, 3955 evals/s, 301 msg/s, 13.2 leaves/msg, 898s)
2026-08-10 03:41:47   [GPU] 3,600,023 evals (89454 batches, avg 40/batch = 8% of 512, 3954 evals/s, 301 msg/s, 13.2 leaves/msg, 910s)
2026-08-10 03:41:55 [iter 8/60] self-play: 130/160 games...
2026-08-10 03:41:58   [GPU] 3,650,018 evals (90663 batches, avg 40/batch = 8% of 512, 3959 evals/s, 301 msg/s, 13.1 leaves/msg, 922s)
2026-08-10 03:42:11   [GPU] 3,700,001 evals (91947 batches, avg 40/batch = 8% of 512, 3959 evals/s, 302 msg/s, 13.1 leaves/msg, 935s)
2026-08-10 03:42:25   [GPU] 3,750,032 evals (93347 batches, avg 40/batch = 8% of 512, 3954 evals/s, 302 msg/s, 13.1 leaves/msg, 948s)
2026-08-10 03:42:37   [GPU] 3,800,001 evals (94647 batches, avg 40/batch = 8% of 512, 3954 evals/s, 302 msg/s, 13.1 leaves/msg, 961s)
2026-08-10 03:42:43 [iter 8/60] self-play: 135/160 games...
2026-08-10 03:42:49   [GPU] 3,850,039 evals (95847 batches, avg 40/batch = 8% of 512, 3956 evals/s, 302 msg/s, 13.1 leaves/msg, 973s)
2026-08-10 03:43:03   [GPU] 3,900,002 evals (97217 batches, avg 40/batch = 8% of 512, 3951 evals/s, 302 msg/s, 13.1 leaves/msg, 987s)
2026-08-10 03:43:16 [iter 8/60] self-play: 140/160 games...
2026-08-10 03:43:17   [GPU] 3,950,000 evals (98618 batches, avg 40/batch = 8% of 512, 3946 evals/s, 302 msg/s, 13.1 leaves/msg, 1001s)
2026-08-10 03:43:32   [GPU] 4,000,019 evals (100096 batches, avg 40/batch = 8% of 512, 3938 evals/s, 302 msg/s, 13.0 leaves/msg, 1016s)
2026-08-10 03:43:48   [GPU] 4,050,004 evals (101691 batches, avg 40/batch = 8% of 512, 3925 evals/s, 302 msg/s, 13.0 leaves/msg, 1032s)
2026-08-10 03:44:04   [GPU] 4,100,028 evals (103217 batches, avg 40/batch = 8% of 512, 3914 evals/s, 301 msg/s, 13.0 leaves/msg, 1048s)
2026-08-10 03:44:08 [iter 8/60] self-play: 145/160 games...
2026-08-10 03:44:18   [GPU] 4,150,027 evals (104664 batches, avg 40/batch = 8% of 512, 3908 evals/s, 301 msg/s, 13.0 leaves/msg, 1062s)
2026-08-10 03:44:32 [iter 8/60] self-play: 150/160 games...
2026-08-10 03:44:33   [GPU] 4,200,010 evals (106099 batches, avg 40/batch = 8% of 512, 3902 evals/s, 301 msg/s, 13.0 leaves/msg, 1076s)
2026-08-10 03:44:48   [GPU] 4,250,029 evals (107588 batches, avg 40/batch = 8% of 512, 3891 evals/s, 300 msg/s, 13.0 leaves/msg, 1092s)
2026-08-10 03:45:04   [GPU] 4,300,012 evals (108986 batches, avg 39/batch = 8% of 512, 3883 evals/s, 299 msg/s, 13.0 leaves/msg, 1108s)
2026-08-10 03:45:21 [iter 8/60] self-play: 155/160 games...
2026-08-10 03:45:25   [GPU] 4,350,011 evals (110825 batches, avg 39/batch = 8% of 512, 3853 evals/s, 297 msg/s, 13.0 leaves/msg, 1129s)
2026-08-10 03:45:48   [GPU] 4,400,021 evals (112802 batches, avg 39/batch = 8% of 512, 3819 evals/s, 294 msg/s, 13.0 leaves/msg, 1152s)
2026-08-10 03:46:14   [GPU] 4,450,010 evals (114916 batches, avg 39/batch = 8% of 512, 3780 evals/s, 291 msg/s, 13.0 leaves/msg, 1177s)
2026-08-10 03:46:47   [GPU] 4,500,013 evals (117556 batches, avg 38/batch = 7% of 512, 3718 evals/s, 286 msg/s, 13.0 leaves/msg, 1210s)
2026-08-10 03:49:01   [GPU] 4,550,009 evals (122803 batches, avg 37/batch = 7% of 512, 3383 evals/s, 262 msg/s, 12.9 leaves/msg, 1345s)
2026-08-10 03:51:41 [iter 8/60] self-play: 160/160 games...
2026-08-10 03:51:41 [iter 8/60] self-play done: 160 games (1505s) | wins: P0=23, P1=107, draw=30 | draw_rate=19% avg_len~22
2026-08-10 03:51:41 [iter 8/60] search: expanded=10.9 actions/node visits/action=55.0 walls/game=7.51 first_wall_ply=0.45 learner_sims/s=3312.01
2026-08-10 03:51:41 [iter 8/60] training (600 steps, lr=9.70e-04)...
2026-08-10 03:51:49 [iter 8/60] training done: loss_p=1.132 loss_v=0.081 (8s)
2026-08-10 03:51:50 [iter 8/60] data: policy_wall_mass=0.184 walled_states=57% walls_on_board=13.6 value_mae walled=0.126 free=0.064
2026-08-10 03:51:51 [iter 8/60] eval vs best (40 games, 600 sims)...
2026-08-10 03:51:51 [EVAL-MP] 8 workers spawned (40 vs_best games, sims=600), GPU batcher starting...
2026-08-10 03:52:10   [GPU] 50,040 evals (1220 batches, avg 41/batch = 8% of 512, 2577 evals/s, 167 msg/s, 15.4 leaves/msg, 19s)
2026-08-10 03:52:26   [GPU] 100,004 evals (2492 batches, avg 40/batch = 8% of 512, 2823 evals/s, 184 msg/s, 15.3 leaves/msg, 35s)
2026-08-10 03:52:41   [GPU] 150,030 evals (3780 batches, avg 40/batch = 8% of 512, 2986 evals/s, 196 msg/s, 15.2 leaves/msg, 50s)
2026-08-10 03:52:57   [GPU] 200,019 evals (5121 batches, avg 39/batch = 8% of 512, 3028 evals/s, 203 msg/s, 14.9 leaves/msg, 66s)
2026-08-10 03:53:13   [GPU] 250,032 evals (6512 batches, avg 38/batch = 7% of 512, 3037 evals/s, 210 msg/s, 14.5 leaves/msg, 82s)
2026-08-10 03:53:29   [GPU] 300,002 evals (7916 batches, avg 38/batch = 7% of 512, 3051 evals/s, 215 msg/s, 14.2 leaves/msg, 98s)
2026-08-10 03:53:45   [GPU] 350,008 evals (9310 batches, avg 38/batch = 7% of 512, 3060 evals/s, 218 msg/s, 14.0 leaves/msg, 114s)
2026-08-10 03:54:01   [GPU] 400,015 evals (10715 batches, avg 37/batch = 7% of 512, 3064 evals/s, 220 msg/s, 13.9 leaves/msg, 131s)
2026-08-10 03:54:17   [GPU] 450,039 evals (12100 batches, avg 37/batch = 7% of 512, 3074 evals/s, 222 msg/s, 13.8 leaves/msg, 146s)
2026-08-10 03:54:33   [GPU] 500,000 evals (13495 batches, avg 37/batch = 7% of 512, 3076 evals/s, 224 msg/s, 13.7 leaves/msg, 163s)
2026-08-10 03:54:50   [GPU] 550,034 evals (14937 batches, avg 37/batch = 7% of 512, 3069 evals/s, 224 msg/s, 13.7 leaves/msg, 179s)
2026-08-10 03:55:07   [GPU] 600,021 evals (16406 batches, avg 37/batch = 7% of 512, 3055 evals/s, 224 msg/s, 13.6 leaves/msg, 196s)
2026-08-10 03:55:24   [GPU] 650,030 evals (17880 batches, avg 36/batch = 7% of 512, 3041 evals/s, 224 msg/s, 13.6 leaves/msg, 214s)
2026-08-10 03:55:42   [GPU] 700,052 evals (19364 batches, avg 36/batch = 7% of 512, 3030 evals/s, 223 msg/s, 13.6 leaves/msg, 231s)
2026-08-10 03:55:59 [iter 8/60] eval vs best: 5/40 games (248s, cand 40%)
2026-08-10 03:55:59   [GPU] 750,041 evals (20854 batches, avg 36/batch = 7% of 512, 3017 evals/s, 222 msg/s, 13.6 leaves/msg, 249s)
2026-08-10 03:56:17   [GPU] 800,015 evals (22351 batches, avg 36/batch = 7% of 512, 3008 evals/s, 222 msg/s, 13.6 leaves/msg, 266s)
2026-08-10 03:56:33   [GPU] 850,002 evals (23779 batches, avg 36/batch = 7% of 512, 3005 evals/s, 222 msg/s, 13.6 leaves/msg, 283s)
2026-08-10 03:56:50   [GPU] 900,011 evals (25229 batches, avg 36/batch = 7% of 512, 3002 evals/s, 222 msg/s, 13.5 leaves/msg, 300s)
2026-08-10 03:57:07   [GPU] 950,030 evals (26671 batches, avg 36/batch = 7% of 512, 3000 evals/s, 223 msg/s, 13.4 leaves/msg, 317s)
2026-08-10 03:57:24   [GPU] 1,000,025 evals (28129 batches, avg 36/batch = 7% of 512, 2999 evals/s, 224 msg/s, 13.4 leaves/msg, 333s)
2026-08-10 03:57:40   [GPU] 1,050,021 evals (29525 batches, avg 36/batch = 7% of 512, 3001 evals/s, 224 msg/s, 13.4 leaves/msg, 350s)
2026-08-10 03:57:57   [GPU] 1,100,051 evals (30968 batches, avg 36/batch = 7% of 512, 3001 evals/s, 225 msg/s, 13.4 leaves/msg, 367s)
2026-08-10 03:58:15   [GPU] 1,150,029 evals (32464 batches, avg 35/batch = 7% of 512, 2994 evals/s, 224 msg/s, 13.3 leaves/msg, 384s)
2026-08-10 03:58:32   [GPU] 1,200,019 evals (33934 batches, avg 35/batch = 7% of 512, 2989 evals/s, 224 msg/s, 13.3 leaves/msg, 401s)
2026-08-10 03:58:49   [GPU] 1,250,021 evals (35409 batches, avg 35/batch = 7% of 512, 2985 evals/s, 224 msg/s, 13.3 leaves/msg, 419s)
2026-08-10 03:59:07   [GPU] 1,300,014 evals (36853 batches, avg 35/batch = 7% of 512, 2982 evals/s, 224 msg/s, 13.3 leaves/msg, 436s)
2026-08-10 03:59:24   [GPU] 1,350,043 evals (38323 batches, avg 35/batch = 7% of 512, 2977 evals/s, 224 msg/s, 13.3 leaves/msg, 453s)
2026-08-10 03:59:41   [GPU] 1,400,030 evals (39796 batches, avg 35/batch = 7% of 512, 2974 evals/s, 223 msg/s, 13.3 leaves/msg, 471s)
2026-08-10 03:59:55 [iter 8/60] eval vs best: 10/40 games (484s, cand 60%)
2026-08-10 03:59:59   [GPU] 1,450,025 evals (41255 batches, avg 35/batch = 7% of 512, 2971 evals/s, 223 msg/s, 13.3 leaves/msg, 488s)
2026-08-10 04:00:16   [GPU] 1,500,006 evals (42733 batches, avg 35/batch = 7% of 512, 2967 evals/s, 222 msg/s, 13.4 leaves/msg, 506s)
2026-08-10 04:00:33   [GPU] 1,550,007 evals (44075 batches, avg 35/batch = 7% of 512, 2969 evals/s, 221 msg/s, 13.4 leaves/msg, 522s)
2026-08-10 04:00:49   [GPU] 1,600,004 evals (45461 batches, avg 35/batch = 7% of 512, 2971 evals/s, 221 msg/s, 13.5 leaves/msg, 538s)
2026-08-10 04:01:05   [GPU] 1,650,013 evals (46791 batches, avg 35/batch = 7% of 512, 2978 evals/s, 220 msg/s, 13.5 leaves/msg, 554s)
2026-08-10 04:01:14 [iter 8/60] eval vs best: 15/40 games (564s, cand 47%)
2026-08-10 04:01:19   [GPU] 1,700,016 evals (48064 batches, avg 35/batch = 7% of 512, 2989 evals/s, 221 msg/s, 13.5 leaves/msg, 569s)
2026-08-10 04:01:33   [GPU] 1,750,039 evals (49233 batches, avg 36/batch = 7% of 512, 3007 evals/s, 221 msg/s, 13.6 leaves/msg, 582s)
2026-08-10 04:01:46   [GPU] 1,800,045 evals (50413 batches, avg 36/batch = 7% of 512, 3023 evals/s, 222 msg/s, 13.6 leaves/msg, 595s)
2026-08-10 04:02:00   [GPU] 1,850,005 evals (51612 batches, avg 36/batch = 7% of 512, 3038 evals/s, 223 msg/s, 13.6 leaves/msg, 609s)
2026-08-10 04:02:13   [GPU] 1,900,011 evals (52809 batches, avg 36/batch = 7% of 512, 3050 evals/s, 223 msg/s, 13.7 leaves/msg, 623s)
2026-08-10 04:02:27   [GPU] 1,950,000 evals (54023 batches, avg 36/batch = 7% of 512, 3063 evals/s, 224 msg/s, 13.7 leaves/msg, 637s)
2026-08-10 04:02:41   [GPU] 2,000,022 evals (55214 batches, avg 36/batch = 7% of 512, 3076 evals/s, 225 msg/s, 13.7 leaves/msg, 650s)
2026-08-10 04:02:55   [GPU] 2,050,015 evals (56415 batches, avg 36/batch = 7% of 512, 3087 evals/s, 225 msg/s, 13.7 leaves/msg, 664s)
2026-08-10 04:03:10   [GPU] 2,100,001 evals (57724 batches, avg 36/batch = 7% of 512, 3090 evals/s, 225 msg/s, 13.7 leaves/msg, 680s)
2026-08-10 04:03:26   [GPU] 2,150,047 evals (59045 batches, avg 36/batch = 7% of 512, 3093 evals/s, 225 msg/s, 13.8 leaves/msg, 695s)
2026-08-10 04:03:41   [GPU] 2,200,045 evals (60356 batches, avg 36/batch = 7% of 512, 3097 evals/s, 225 msg/s, 13.8 leaves/msg, 710s)
2026-08-10 04:03:55 [iter 8/60] eval vs best: 20/40 games (724s, cand 39%)
2026-08-10 04:03:56   [GPU] 2,250,006 evals (61645 batches, avg 36/batch = 7% of 512, 3102 evals/s, 225 msg/s, 13.8 leaves/msg, 725s)
2026-08-10 04:04:12   [GPU] 2,300,030 evals (62989 batches, avg 37/batch = 7% of 512, 3103 evals/s, 224 msg/s, 13.8 leaves/msg, 741s)
2026-08-10 04:04:27   [GPU] 2,350,030 evals (64308 batches, avg 37/batch = 7% of 512, 3105 evals/s, 224 msg/s, 13.9 leaves/msg, 757s)
2026-08-10 04:04:43   [GPU] 2,400,023 evals (65630 batches, avg 37/batch = 7% of 512, 3109 evals/s, 224 msg/s, 13.9 leaves/msg, 772s)
2026-08-10 04:04:58   [GPU] 2,450,010 evals (66914 batches, avg 37/batch = 7% of 512, 3111 evals/s, 224 msg/s, 13.9 leaves/msg, 787s)
2026-08-10 04:05:13   [GPU] 2,500,014 evals (68165 batches, avg 37/batch = 7% of 512, 3114 evals/s, 224 msg/s, 13.9 leaves/msg, 803s)
2026-08-10 04:05:28   [GPU] 2,550,039 evals (69380 batches, avg 37/batch = 7% of 512, 3119 evals/s, 224 msg/s, 13.9 leaves/msg, 818s)
2026-08-10 04:05:43   [GPU] 2,600,062 evals (70606 batches, avg 37/batch = 7% of 512, 3123 evals/s, 224 msg/s, 14.0 leaves/msg, 833s)
2026-08-10 04:05:53 [iter 8/60] eval vs best: 25/40 games (843s, cand 48%)
2026-08-10 04:05:58   [GPU] 2,650,011 evals (71888 batches, avg 37/batch = 7% of 512, 3127 evals/s, 224 msg/s, 14.0 leaves/msg, 847s)
2026-08-10 04:06:13   [GPU] 2,700,046 evals (73202 batches, avg 37/batch = 7% of 512, 3130 evals/s, 224 msg/s, 14.0 leaves/msg, 863s)
2026-08-10 04:06:29   [GPU] 2,750,008 evals (74550 batches, avg 37/batch = 7% of 512, 3130 evals/s, 224 msg/s, 14.0 leaves/msg, 878s)
2026-08-10 04:06:45   [GPU] 2,800,018 evals (75877 batches, avg 37/batch = 7% of 512, 3131 evals/s, 223 msg/s, 14.0 leaves/msg, 894s)
2026-08-10 04:07:00   [GPU] 2,850,039 evals (77183 batches, avg 37/batch = 7% of 512, 3132 evals/s, 223 msg/s, 14.0 leaves/msg, 910s)
2026-08-10 04:07:15   [GPU] 2,900,009 evals (78453 batches, avg 37/batch = 7% of 512, 3137 evals/s, 223 msg/s, 14.0 leaves/msg, 924s)
2026-08-10 04:07:29   [GPU] 2,950,018 evals (79677 batches, avg 37/batch = 7% of 512, 3145 evals/s, 224 msg/s, 14.1 leaves/msg, 938s)
2026-08-10 04:07:43   [GPU] 3,000,027 evals (80847 batches, avg 37/batch = 7% of 512, 3151 evals/s, 224 msg/s, 14.1 leaves/msg, 952s)
2026-08-10 04:07:56   [GPU] 3,050,026 evals (82039 batches, avg 37/batch = 7% of 512, 3159 evals/s, 224 msg/s, 14.1 leaves/msg, 965s)
2026-08-10 04:08:09   [GPU] 3,100,046 evals (83217 batches, avg 37/batch = 7% of 512, 3167 evals/s, 225 msg/s, 14.1 leaves/msg, 979s)
2026-08-10 04:08:22   [GPU] 3,150,042 evals (84383 batches, avg 37/batch = 7% of 512, 3176 evals/s, 225 msg/s, 14.1 leaves/msg, 992s)
2026-08-10 04:08:26 [iter 8/60] eval vs best: 30/40 games (995s, cand 54%)
2026-08-10 04:08:36   [GPU] 3,200,016 evals (85590 batches, avg 37/batch = 7% of 512, 3182 evals/s, 226 msg/s, 14.1 leaves/msg, 1006s)
2026-08-10 04:08:53   [GPU] 3,250,011 evals (87008 batches, avg 37/batch = 7% of 512, 3177 evals/s, 225 msg/s, 14.1 leaves/msg, 1023s)
2026-08-10 04:09:12   [GPU] 3,300,035 evals (88524 batches, avg 37/batch = 7% of 512, 3168 evals/s, 224 msg/s, 14.1 leaves/msg, 1042s)
2026-08-10 04:09:31   [GPU] 3,350,014 evals (90040 batches, avg 37/batch = 7% of 512, 3160 evals/s, 223 msg/s, 14.1 leaves/msg, 1060s)
2026-08-10 04:09:49   [GPU] 3,400,036 evals (91522 batches, avg 37/batch = 7% of 512, 3153 evals/s, 223 msg/s, 14.2 leaves/msg, 1078s)
2026-08-10 04:10:07   [GPU] 3,450,027 evals (93021 batches, avg 37/batch = 7% of 512, 3147 evals/s, 222 msg/s, 14.2 leaves/msg, 1096s)
2026-08-10 04:10:27   [GPU] 3,500,026 evals (94606 batches, avg 37/batch = 7% of 512, 3134 evals/s, 221 msg/s, 14.2 leaves/msg, 1117s)
2026-08-10 04:10:48   [GPU] 3,550,000 evals (96244 batches, avg 37/batch = 7% of 512, 3121 evals/s, 220 msg/s, 14.2 leaves/msg, 1137s)
2026-08-10 04:11:08   [GPU] 3,600,002 evals (97839 batches, avg 37/batch = 7% of 512, 3111 evals/s, 219 msg/s, 14.2 leaves/msg, 1157s)
2026-08-10 04:11:11 [iter 8/60] eval vs best: 35/40 games (1160s, cand 55%)
2026-08-10 04:11:31   [GPU] 3,650,017 evals (99675 batches, avg 37/batch = 7% of 512, 3092 evals/s, 218 msg/s, 14.2 leaves/msg, 1180s)
2026-08-10 04:12:04   [GPU] 3,700,018 evals (101774 batches, avg 36/batch = 7% of 512, 3048 evals/s, 214 msg/s, 14.2 leaves/msg, 1214s)
2026-08-10 04:13:34   [GPU] 3,750,009 evals (104942 batches, avg 36/batch = 7% of 512, 2877 evals/s, 202 msg/s, 14.2 leaves/msg, 1304s)
2026-08-10 04:13:54 [iter 8/60] eval vs best: 40/40 games (1323s, cand 53%)
2026-08-10 04:13:54 [iter 8/60] eval vs best done: 52.6% of 38 decided, 37 adjudicated reject (1324s)
2026-08-10 04:13:54 [iter 8/60] eval vs random (8 games, 600 sims)...
2026-08-10 04:13:54 [EVAL-MP] 8 workers spawned (8 vs_random games, sims=600), GPU batcher starting...
2026-08-10 04:14:12   [GPU] 50,027 evals (1343 batches, avg 37/batch = 7% of 512, 2898 evals/s, 191 msg/s, 15.1 leaves/msg, 17s)
2026-08-10 04:14:26   [GPU] 100,007 evals (2711 batches, avg 37/batch = 7% of 512, 3138 evals/s, 220 msg/s, 14.3 leaves/msg, 32s)
2026-08-10 04:14:38 [iter 8/60] eval vs random: 5/8 games (44s, cand 100%)
2026-08-10 04:15:00   [GPU] 150,014 evals (4954 batches, avg 30/batch = 6% of 512, 2284 evals/s, 161 msg/s, 14.1 leaves/msg, 66s)
2026-08-10 04:15:28 [iter 8/60] eval vs random: 8/8 games (94s, cand 100%)
2026-08-10 04:15:29 [iter 8/60] eval vs random done: 100.0% (94s)
2026-08-10 04:15:29 [iter 8/60] eval vs greedy (80 games, 600 sims)...
2026-08-10 04:15:29 [EVAL-MP] 8 workers spawned (80 vs_greedy games, sims=600), GPU batcher starting...
2026-08-10 04:15:45   [GPU] 50,048 evals (1250 batches, avg 40/batch = 8% of 512, 3079 evals/s, 201 msg/s, 15.3 leaves/msg, 16s)
2026-08-10 04:15:54 [iter 8/60] eval vs greedy: 5/80 games (25s, cand 60%)
2026-08-10 04:15:58   [GPU] 100,009 evals (2520 batches, avg 40/batch = 8% of 512, 3358 evals/s, 235 msg/s, 14.3 leaves/msg, 30s)
2026-08-10 04:16:11 [iter 8/60] eval vs greedy: 10/80 games (42s, cand 80%)
2026-08-10 04:16:11   [GPU] 150,026 evals (3776 batches, avg 40/batch = 8% of 512, 3522 evals/s, 244 msg/s, 14.4 leaves/msg, 43s)
2026-08-10 04:16:17 [iter 8/60] eval vs greedy: 15/80 games (48s, cand 73%)
2026-08-10 04:16:25   [GPU] 200,012 evals (5106 batches, avg 39/batch = 8% of 512, 3528 evals/s, 247 msg/s, 14.3 leaves/msg, 57s)
2026-08-10 04:16:31 [iter 8/60] eval vs greedy: 20/80 games (63s, cand 80%)
2026-08-10 04:16:38   [GPU] 250,032 evals (6364 batches, avg 39/batch = 8% of 512, 3602 evals/s, 254 msg/s, 14.2 leaves/msg, 69s)
2026-08-10 04:16:50 [iter 8/60] eval vs greedy: 25/80 games (82s, cand 80%)
2026-08-10 04:16:51   [GPU] 300,070 evals (7619 batches, avg 39/batch = 8% of 512, 3648 evals/s, 257 msg/s, 14.2 leaves/msg, 82s)
2026-08-10 04:16:59 [iter 8/60] eval vs greedy: 30/80 games (90s, cand 73%)
2026-08-10 04:17:04   [GPU] 350,037 evals (8922 batches, avg 39/batch = 8% of 512, 3663 evals/s, 259 msg/s, 14.1 leaves/msg, 96s)
2026-08-10 04:17:10 [iter 8/60] eval vs greedy: 35/80 games (101s, cand 77%)
2026-08-10 04:17:18   [GPU] 400,019 evals (10212 batches, avg 39/batch = 8% of 512, 3661 evals/s, 258 msg/s, 14.2 leaves/msg, 109s)
2026-08-10 04:17:29 [iter 8/60] eval vs greedy: 40/80 games (120s, cand 75%)
2026-08-10 04:17:30   [GPU] 450,012 evals (11428 batches, avg 39/batch = 8% of 512, 3704 evals/s, 262 msg/s, 14.2 leaves/msg, 121s)
2026-08-10 04:17:44   [GPU] 500,046 evals (12720 batches, avg 39/batch = 8% of 512, 3707 evals/s, 260 msg/s, 14.2 leaves/msg, 135s)
2026-08-10 04:17:47 [iter 8/60] eval vs greedy: 45/80 games (138s, cand 76%)
2026-08-10 04:17:54 [iter 8/60] eval vs greedy: 50/80 games (146s, cand 76%)
2026-08-10 04:17:56   [GPU] 550,039 evals (13985 batches, avg 39/batch = 8% of 512, 3722 evals/s, 262 msg/s, 14.2 leaves/msg, 148s)
2026-08-10 04:18:09 [iter 8/60] eval vs greedy: 55/80 games (160s, cand 76%)
2026-08-10 04:18:10   [GPU] 600,016 evals (15278 batches, avg 39/batch = 8% of 512, 3724 evals/s, 263 msg/s, 14.2 leaves/msg, 161s)
2026-08-10 04:18:23   [GPU] 650,025 evals (16558 batches, avg 39/batch = 8% of 512, 3724 evals/s, 263 msg/s, 14.1 leaves/msg, 175s)
2026-08-10 04:18:24 [iter 8/60] eval vs greedy: 60/80 games (175s, cand 77%)
2026-08-10 04:18:33 [iter 8/60] eval vs greedy: 65/80 games (184s, cand 78%)
2026-08-10 04:18:36   [GPU] 700,001 evals (17858 batches, avg 39/batch = 8% of 512, 3728 evals/s, 264 msg/s, 14.1 leaves/msg, 188s)
2026-08-10 04:18:49   [GPU] 750,031 evals (19087 batches, avg 39/batch = 8% of 512, 3746 evals/s, 265 msg/s, 14.1 leaves/msg, 200s)
2026-08-10 04:18:51 [iter 8/60] eval vs greedy: 70/80 games (203s, cand 79%)
2026-08-10 04:19:05 [iter 8/60] eval vs greedy: 75/80 games (216s, cand 77%)
2026-08-10 04:19:09   [GPU] 800,006 evals (20837 batches, avg 38/batch = 7% of 512, 3625 evals/s, 257 msg/s, 14.1 leaves/msg, 221s)
2026-08-10 04:19:36 [iter 8/60] eval vs greedy: 80/80 games (248s, cand 79%)
2026-08-10 04:19:37 [iter 8/60] eval vs greedy done: 78.8% of 80 decided [seat0:28/40 seat1:35/40] (248s)
2026-08-10 04:19:37 [iter 8/60] new greedy peak 78.8% — saved greedy_peak.pt
2026-08-10 04:19:37 [iter 8/60] eval vs minimax (depth 2, 40 games)...
2026-08-10 04:19:37 [EVAL-MP] 8 workers spawned (40 vs_minimax games, sims=600), GPU batcher starting...
2026-08-10 04:19:54   [GPU] 50,015 evals (1349 batches, avg 37/batch = 7% of 512, 2861 evals/s, 186 msg/s, 15.4 leaves/msg, 17s)
2026-08-10 04:20:09   [GPU] 100,010 evals (2677 batches, avg 37/batch = 7% of 512, 3121 evals/s, 211 msg/s, 14.8 leaves/msg, 32s)
2026-08-10 04:20:13 [iter 8/60] eval vs minimax: 5/40 games (0%)
2026-08-10 04:20:23   [GPU] 150,025 evals (4065 batches, avg 37/batch = 7% of 512, 3231 evals/s, 227 msg/s, 14.3 leaves/msg, 46s)
2026-08-10 04:20:37   [GPU] 200,007 evals (5358 batches, avg 37/batch = 7% of 512, 3341 evals/s, 234 msg/s, 14.3 leaves/msg, 60s)
2026-08-10 04:20:41 [iter 8/60] eval vs minimax: 10/40 games (0%)
2026-08-10 04:20:49   [GPU] 250,020 evals (6571 batches, avg 38/batch = 7% of 512, 3461 evals/s, 242 msg/s, 14.3 leaves/msg, 72s)
2026-08-10 04:21:03   [GPU] 300,037 evals (7938 batches, avg 38/batch = 7% of 512, 3470 evals/s, 245 msg/s, 14.2 leaves/msg, 86s)
2026-08-10 04:21:18   [GPU] 350,022 evals (9332 batches, avg 38/batch = 7% of 512, 3462 evals/s, 244 msg/s, 14.2 leaves/msg, 101s)
2026-08-10 04:21:20 [iter 8/60] eval vs minimax: 15/40 games (0%)
2026-08-10 04:21:34   [GPU] 400,011 evals (10881 batches, avg 37/batch = 7% of 512, 3411 evals/s, 244 msg/s, 14.0 leaves/msg, 117s)
2026-08-10 04:21:49 [iter 8/60] eval vs minimax: 20/40 games (0%)
2026-08-10 04:21:50   [GPU] 450,056 evals (12350 batches, avg 36/batch = 7% of 512, 3395 evals/s, 245 msg/s, 13.8 leaves/msg, 133s)
2026-08-10 04:22:03   [GPU] 500,011 evals (13674 batches, avg 37/batch = 7% of 512, 3413 evals/s, 248 msg/s, 13.8 leaves/msg, 147s)
2026-08-10 04:22:14 [iter 8/60] eval vs minimax: 25/40 games (0%)
2026-08-10 04:22:17   [GPU] 550,022 evals (15057 batches, avg 37/batch = 7% of 512, 3430 evals/s, 253 msg/s, 13.6 leaves/msg, 160s)
2026-08-10 04:22:32   [GPU] 600,021 evals (16428 batches, avg 37/batch = 7% of 512, 3438 evals/s, 254 msg/s, 13.5 leaves/msg, 175s)
2026-08-10 04:22:45 [iter 8/60] eval vs minimax: 30/40 games (0%)
2026-08-10 04:22:47   [GPU] 650,014 evals (17901 batches, avg 36/batch = 7% of 512, 3429 evals/s, 253 msg/s, 13.5 leaves/msg, 190s)
2026-08-10 04:23:03   [GPU] 700,025 evals (19535 batches, avg 36/batch = 7% of 512, 3392 evals/s, 251 msg/s, 13.5 leaves/msg, 206s)
2026-08-10 04:23:23   [GPU] 750,013 evals (21218 batches, avg 35/batch = 7% of 512, 3323 evals/s, 244 msg/s, 13.6 leaves/msg, 226s)
2026-08-10 04:23:48   [GPU] 800,009 evals (23185 batches, avg 35/batch = 7% of 512, 3190 evals/s, 234 msg/s, 13.7 leaves/msg, 251s)
2026-08-10 04:23:49 [iter 8/60] eval vs minimax: 35/40 games (0%)
2026-08-10 04:24:24   [GPU] 850,000 evals (25626 batches, avg 33/batch = 6% of 512, 2962 evals/s, 216 msg/s, 13.7 leaves/msg, 287s)
2026-08-10 04:24:59 [iter 8/60] eval vs minimax: 40/40 games (0%)
2026-08-10 04:25:00 [iter 8/60] eval vs minimax done: 0.0% of 31 decided [seat0:0/20 seat1:0/20] (323s)
2026-08-10 04:25:00 >>> iter 8 | loss_p=1.132 loss_v=0.081 | vs_best=52.6% reject | vs_rand=100.0% | draw=19% | buf=57390 | rss=2.60GB | sp=1505s train=8s eval_best=1324s eval_rand=94s | total=3503s
2026-08-10 04:25:00 [iter 9/60] self-play starting (160 games, 600 sims, MIXED 80/160 race-only)...
2026-08-10 04:25:00 [PARALLEL-MP] 8 workers spawned (160 games, sims=600), GPU batcher starting...
2026-08-10 04:25:12   [GPU] 50,023 evals (927 batches, avg 54/batch = 11% of 512, 4041 evals/s, 300 msg/s, 13.5 leaves/msg, 12s)
2026-08-10 04:25:17 [iter 9/60] self-play: 5/160 games...
2026-08-10 04:25:25   [GPU] 100,011 evals (2184 batches, avg 46/batch = 9% of 512, 3941 evals/s, 303 msg/s, 13.0 leaves/msg, 25s)
2026-08-10 04:25:38   [GPU] 150,093 evals (3448 batches, avg 44/batch = 9% of 512, 3907 evals/s, 291 msg/s, 13.4 leaves/msg, 38s)
2026-08-10 04:25:45 [iter 9/60] self-play: 10/160 games...
2026-08-10 04:25:51   [GPU] 200,013 evals (4699 batches, avg 43/batch = 8% of 512, 3914 evals/s, 293 msg/s, 13.3 leaves/msg, 51s)
2026-08-10 04:26:03   [GPU] 250,020 evals (5933 batches, avg 42/batch = 8% of 512, 3931 evals/s, 293 msg/s, 13.4 leaves/msg, 64s)
2026-08-10 04:26:14   [GPU] 300,003 evals (7031 batches, avg 43/batch = 8% of 512, 4024 evals/s, 299 msg/s, 13.5 leaves/msg, 75s)
2026-08-10 04:26:21 [iter 9/60] self-play: 15/160 games...
2026-08-10 04:26:25   [GPU] 350,024 evals (8150 batches, avg 43/batch = 8% of 512, 4081 evals/s, 303 msg/s, 13.5 leaves/msg, 86s)
2026-08-10 04:26:37   [GPU] 400,004 evals (9269 batches, avg 43/batch = 8% of 512, 4097 evals/s, 306 msg/s, 13.4 leaves/msg, 98s)
2026-08-10 04:26:50   [GPU] 450,029 evals (10551 batches, avg 43/batch = 8% of 512, 4062 evals/s, 305 msg/s, 13.3 leaves/msg, 111s)
2026-08-10 04:26:51 [iter 9/60] self-play: 20/160 games...
2026-08-10 04:27:03   [GPU] 500,003 evals (11766 batches, avg 42/batch = 8% of 512, 4065 evals/s, 307 msg/s, 13.2 leaves/msg, 123s)
2026-08-10 04:27:15   [GPU] 550,000 evals (12997 batches, avg 42/batch = 8% of 512, 4067 evals/s, 308 msg/s, 13.2 leaves/msg, 135s)
2026-08-10 04:27:27   [GPU] 600,041 evals (14233 batches, avg 42/batch = 8% of 512, 4072 evals/s, 308 msg/s, 13.2 leaves/msg, 147s)
2026-08-10 04:27:28 [iter 9/60] self-play: 25/160 games...
2026-08-10 04:27:38   [GPU] 650,004 evals (15367 batches, avg 42/batch = 8% of 512, 4112 evals/s, 313 msg/s, 13.2 leaves/msg, 158s)
2026-08-10 04:27:48   [GPU] 700,036 evals (16441 batches, avg 43/batch = 8% of 512, 4163 evals/s, 317 msg/s, 13.1 leaves/msg, 168s)
2026-08-10 04:27:56 [iter 9/60] self-play: 30/160 games...
2026-08-10 04:27:59   [GPU] 750,000 evals (17634 batches, avg 43/batch = 8% of 512, 4175 evals/s, 320 msg/s, 13.1 leaves/msg, 180s)
2026-08-10 04:28:12   [GPU] 800,044 evals (18917 batches, avg 42/batch = 8% of 512, 4165 evals/s, 319 msg/s, 13.1 leaves/msg, 192s)
2026-08-10 04:28:22   [GPU] 850,029 evals (20033 batches, avg 42/batch = 8% of 512, 4191 evals/s, 321 msg/s, 13.0 leaves/msg, 203s)
2026-08-10 04:28:34   [GPU] 900,008 evals (21264 batches, avg 42/batch = 8% of 512, 4190 evals/s, 323 msg/s, 13.0 leaves/msg, 215s)
2026-08-10 04:28:37 [iter 9/60] self-play: 35/160 games...
2026-08-10 04:28:47   [GPU] 950,022 evals (22575 batches, avg 42/batch = 8% of 512, 4176 evals/s, 324 msg/s, 12.9 leaves/msg, 227s)
2026-08-10 04:29:00   [GPU] 1,000,032 evals (23858 batches, avg 42/batch = 8% of 512, 4166 evals/s, 324 msg/s, 12.9 leaves/msg, 240s)
2026-08-10 04:29:11   [GPU] 1,050,014 evals (25065 batches, avg 42/batch = 8% of 512, 4167 evals/s, 324 msg/s, 12.8 leaves/msg, 252s)
2026-08-10 04:29:20 [iter 9/60] self-play: 40/160 games...
2026-08-10 04:29:24   [GPU] 1,100,014 evals (26344 batches, avg 42/batch = 8% of 512, 4155 evals/s, 323 msg/s, 12.9 leaves/msg, 265s)
2026-08-10 04:29:36   [GPU] 1,150,041 evals (27530 batches, avg 42/batch = 8% of 512, 4159 evals/s, 323 msg/s, 12.9 leaves/msg, 277s)
2026-08-10 04:29:46   [GPU] 1,200,042 evals (28568 batches, avg 42/batch = 8% of 512, 4190 evals/s, 325 msg/s, 12.9 leaves/msg, 286s)
2026-08-10 04:29:53 [iter 9/60] self-play: 45/160 games...
2026-08-10 04:29:56   [GPU] 1,250,019 evals (29610 batches, avg 42/batch = 8% of 512, 4221 evals/s, 327 msg/s, 12.9 leaves/msg, 296s)
2026-08-10 04:30:06   [GPU] 1,300,015 evals (30719 batches, avg 42/batch = 8% of 512, 4235 evals/s, 328 msg/s, 12.9 leaves/msg, 307s)
2026-08-10 04:30:19   [GPU] 1,350,027 evals (31965 batches, avg 42/batch = 8% of 512, 4228 evals/s, 327 msg/s, 12.9 leaves/msg, 319s)
2026-08-10 04:30:25 [iter 9/60] self-play: 50/160 games...
2026-08-10 04:30:29   [GPU] 1,400,019 evals (33039 batches, avg 42/batch = 8% of 512, 4249 evals/s, 329 msg/s, 12.9 leaves/msg, 330s)
2026-08-10 04:30:41   [GPU] 1,450,044 evals (34220 batches, avg 42/batch = 8% of 512, 4251 evals/s, 330 msg/s, 12.9 leaves/msg, 341s)
2026-08-10 04:30:52   [GPU] 1,500,016 evals (35379 batches, avg 42/batch = 8% of 512, 4260 evals/s, 330 msg/s, 12.9 leaves/msg, 352s)
2026-08-10 04:31:02   [GPU] 1,550,022 evals (36447 batches, avg 43/batch = 8% of 512, 4277 evals/s, 331 msg/s, 12.9 leaves/msg, 362s)
2026-08-10 04:31:08 [iter 9/60] self-play: 55/160 games...
2026-08-10 04:31:12   [GPU] 1,600,063 evals (37505 batches, avg 43/batch = 8% of 512, 4295 evals/s, 333 msg/s, 12.9 leaves/msg, 373s)
2026-08-10 04:31:22   [GPU] 1,650,054 evals (38538 batches, avg 43/batch = 8% of 512, 4315 evals/s, 334 msg/s, 12.9 leaves/msg, 382s)
2026-08-10 04:31:33   [GPU] 1,700,015 evals (39659 batches, avg 43/batch = 8% of 512, 4323 evals/s, 335 msg/s, 12.9 leaves/msg, 393s)
2026-08-10 04:31:44   [GPU] 1,750,020 evals (40776 batches, avg 43/batch = 8% of 512, 4331 evals/s, 335 msg/s, 12.9 leaves/msg, 404s)
2026-08-10 04:31:55   [GPU] 1,800,008 evals (41968 batches, avg 43/batch = 8% of 512, 4329 evals/s, 334 msg/s, 12.9 leaves/msg, 416s)
2026-08-10 04:32:03 [iter 9/60] self-play: 60/160 games...
2026-08-10 04:32:07   [GPU] 1,850,056 evals (43177 batches, avg 43/batch = 8% of 512, 4327 evals/s, 334 msg/s, 12.9 leaves/msg, 428s)
2026-08-10 04:32:19   [GPU] 1,900,038 evals (44363 batches, avg 43/batch = 8% of 512, 4326 evals/s, 334 msg/s, 13.0 leaves/msg, 439s)
2026-08-10 04:32:32   [GPU] 1,950,013 evals (45683 batches, avg 43/batch = 8% of 512, 4308 evals/s, 333 msg/s, 13.0 leaves/msg, 453s)
2026-08-10 04:32:36 [iter 9/60] self-play: 65/160 games...
2026-08-10 04:32:44   [GPU] 2,000,014 evals (46879 batches, avg 43/batch = 8% of 512, 4303 evals/s, 332 msg/s, 13.0 leaves/msg, 465s)
2026-08-10 04:32:55   [GPU] 2,050,028 evals (47948 batches, avg 43/batch = 8% of 512, 4316 evals/s, 333 msg/s, 13.0 leaves/msg, 475s)
2026-08-10 04:33:02 [iter 9/60] self-play: 70/160 games...
2026-08-10 04:33:06   [GPU] 2,100,029 evals (49152 batches, avg 43/batch = 8% of 512, 4314 evals/s, 333 msg/s, 13.0 leaves/msg, 487s)
2026-08-10 04:33:19   [GPU] 2,150,023 evals (50424 batches, avg 43/batch = 8% of 512, 4305 evals/s, 331 msg/s, 13.0 leaves/msg, 499s)
2026-08-10 04:33:31   [GPU] 2,200,011 evals (51585 batches, avg 43/batch = 8% of 512, 4305 evals/s, 332 msg/s, 13.0 leaves/msg, 511s)
2026-08-10 04:33:42   [GPU] 2,250,057 evals (52692 batches, avg 43/batch = 8% of 512, 4307 evals/s, 332 msg/s, 13.0 leaves/msg, 522s)
2026-08-10 04:33:47 [iter 9/60] self-play: 75/160 games...
2026-08-10 04:33:55   [GPU] 2,300,018 evals (53919 batches, avg 43/batch = 8% of 512, 4298 evals/s, 331 msg/s, 13.0 leaves/msg, 535s)
2026-08-10 04:34:09   [GPU] 2,350,058 evals (55276 batches, avg 43/batch = 8% of 512, 4276 evals/s, 328 msg/s, 13.0 leaves/msg, 550s)
2026-08-10 04:34:21   [GPU] 2,400,006 evals (56465 batches, avg 43/batch = 8% of 512, 4273 evals/s, 328 msg/s, 13.0 leaves/msg, 562s)
2026-08-10 04:34:32   [GPU] 2,450,039 evals (57575 batches, avg 43/batch = 8% of 512, 4278 evals/s, 328 msg/s, 13.0 leaves/msg, 573s)
2026-08-10 04:34:35 [iter 9/60] self-play: 80/160 games...
2026-08-10 04:34:44   [GPU] 2,500,015 evals (58771 batches, avg 43/batch = 8% of 512, 4279 evals/s, 328 msg/s, 13.0 leaves/msg, 584s)
2026-08-10 04:34:55   [GPU] 2,550,036 evals (59953 batches, avg 43/batch = 8% of 512, 4280 evals/s, 328 msg/s, 13.0 leaves/msg, 596s)
2026-08-10 04:35:01 [iter 9/60] self-play: 85/160 games...
2026-08-10 04:35:07   [GPU] 2,600,015 evals (61143 batches, avg 43/batch = 8% of 512, 4281 evals/s, 329 msg/s, 13.0 leaves/msg, 607s)
2026-08-10 04:35:18   [GPU] 2,650,039 evals (62274 batches, avg 43/batch = 8% of 512, 4284 evals/s, 329 msg/s, 13.0 leaves/msg, 619s)
2026-08-10 04:35:29   [GPU] 2,700,017 evals (63427 batches, avg 43/batch = 8% of 512, 4286 evals/s, 329 msg/s, 13.0 leaves/msg, 630s)
2026-08-10 04:35:30 [iter 9/60] self-play: 90/160 games...
2026-08-10 04:35:42   [GPU] 2,750,050 evals (64640 batches, avg 43/batch = 8% of 512, 4282 evals/s, 329 msg/s, 13.0 leaves/msg, 642s)
2026-08-10 04:35:52   [GPU] 2,800,022 evals (65728 batches, avg 43/batch = 8% of 512, 4289 evals/s, 329 msg/s, 13.0 leaves/msg, 653s)
2026-08-10 04:36:04   [GPU] 2,850,021 evals (66896 batches, avg 43/batch = 8% of 512, 4290 evals/s, 329 msg/s, 13.0 leaves/msg, 664s)
2026-08-10 04:36:15 [iter 9/60] self-play: 95/160 games...
2026-08-10 04:36:15   [GPU] 2,900,014 evals (68043 batches, avg 43/batch = 8% of 512, 4293 evals/s, 330 msg/s, 13.0 leaves/msg, 676s)
2026-08-10 04:36:26   [GPU] 2,950,018 evals (69136 batches, avg 43/batch = 8% of 512, 4298 evals/s, 330 msg/s, 13.0 leaves/msg, 686s)
2026-08-10 04:36:38   [GPU] 3,000,047 evals (70352 batches, avg 43/batch = 8% of 512, 4297 evals/s, 330 msg/s, 13.0 leaves/msg, 698s)
2026-08-10 04:36:50   [GPU] 3,050,005 evals (71592 batches, avg 43/batch = 8% of 512, 4295 evals/s, 331 msg/s, 13.0 leaves/msg, 710s)
2026-08-10 04:37:00   [GPU] 3,100,012 evals (72666 batches, avg 43/batch = 8% of 512, 4304 evals/s, 331 msg/s, 13.0 leaves/msg, 720s)
2026-08-10 04:37:01 [iter 9/60] self-play: 100/160 games...
2026-08-10 04:37:11   [GPU] 3,150,011 evals (73846 batches, avg 43/batch = 8% of 512, 4307 evals/s, 332 msg/s, 13.0 leaves/msg, 731s)
2026-08-10 04:37:22   [GPU] 3,200,008 evals (74977 batches, avg 43/batch = 8% of 512, 4312 evals/s, 333 msg/s, 13.0 leaves/msg, 742s)
2026-08-10 04:37:23 [iter 9/60] self-play: 105/160 games...
2026-08-10 04:37:33   [GPU] 3,250,006 evals (76110 batches, avg 43/batch = 8% of 512, 4315 evals/s, 333 msg/s, 13.0 leaves/msg, 753s)
2026-08-10 04:37:45   [GPU] 3,300,023 evals (77349 batches, avg 43/batch = 8% of 512, 4311 evals/s, 333 msg/s, 12.9 leaves/msg, 766s)
2026-08-10 04:37:50 [iter 9/60] self-play: 110/160 games...
2026-08-10 04:37:58   [GPU] 3,350,033 evals (78587 batches, avg 43/batch = 8% of 512, 4306 evals/s, 333 msg/s, 12.9 leaves/msg, 778s)
2026-08-10 04:38:10   [GPU] 3,400,058 evals (79859 batches, avg 43/batch = 8% of 512, 4300 evals/s, 333 msg/s, 12.9 leaves/msg, 791s)
2026-08-10 04:38:21   [GPU] 3,450,039 evals (80950 batches, avg 43/batch = 8% of 512, 4304 evals/s, 334 msg/s, 12.9 leaves/msg, 802s)
2026-08-10 04:38:26 [iter 9/60] self-play: 115/160 games...
2026-08-10 04:38:32   [GPU] 3,500,025 evals (82097 batches, avg 43/batch = 8% of 512, 4306 evals/s, 334 msg/s, 12.9 leaves/msg, 813s)
2026-08-10 04:38:44   [GPU] 3,550,062 evals (83284 batches, avg 43/batch = 8% of 512, 4306 evals/s, 334 msg/s, 12.9 leaves/msg, 824s)
2026-08-10 04:38:52 [iter 9/60] self-play: 120/160 games...
2026-08-10 04:38:55   [GPU] 3,600,003 evals (84361 batches, avg 43/batch = 8% of 512, 4311 evals/s, 335 msg/s, 12.9 leaves/msg, 835s)
2026-08-10 04:39:07   [GPU] 3,650,013 evals (85651 batches, avg 43/batch = 8% of 512, 4305 evals/s, 335 msg/s, 12.9 leaves/msg, 848s)
2026-08-10 04:39:20   [GPU] 3,700,042 evals (86895 batches, avg 43/batch = 8% of 512, 4302 evals/s, 334 msg/s, 12.9 leaves/msg, 860s)
2026-08-10 04:39:28 [iter 9/60] self-play: 125/160 games...
2026-08-10 04:39:32   [GPU] 3,750,025 evals (88127 batches, avg 43/batch = 8% of 512, 4299 evals/s, 335 msg/s, 12.8 leaves/msg, 872s)
2026-08-10 04:39:45   [GPU] 3,800,039 evals (89424 batches, avg 42/batch = 8% of 512, 4293 evals/s, 335 msg/s, 12.8 leaves/msg, 885s)
2026-08-10 04:39:57   [GPU] 3,850,025 evals (90684 batches, avg 42/batch = 8% of 512, 4290 evals/s, 335 msg/s, 12.8 leaves/msg, 897s)
2026-08-10 04:40:03 [iter 9/60] self-play: 130/160 games...
2026-08-10 04:40:09   [GPU] 3,900,010 evals (91951 batches, avg 42/batch = 8% of 512, 4286 evals/s, 335 msg/s, 12.8 leaves/msg, 910s)
2026-08-10 04:40:21   [GPU] 3,950,014 evals (93180 batches, avg 42/batch = 8% of 512, 4285 evals/s, 336 msg/s, 12.8 leaves/msg, 922s)
2026-08-10 04:40:33   [GPU] 4,000,022 evals (94416 batches, avg 42/batch = 8% of 512, 4284 evals/s, 336 msg/s, 12.8 leaves/msg, 934s)
2026-08-10 04:40:44 [iter 9/60] self-play: 135/160 games...
2026-08-10 04:40:45   [GPU] 4,050,009 evals (95639 batches, avg 42/batch = 8% of 512, 4282 evals/s, 336 msg/s, 12.7 leaves/msg, 946s)
2026-08-10 04:40:58   [GPU] 4,100,016 evals (96916 batches, avg 42/batch = 8% of 512, 4280 evals/s, 336 msg/s, 12.7 leaves/msg, 958s)
2026-08-10 04:41:11   [GPU] 4,150,002 evals (98295 batches, avg 42/batch = 8% of 512, 4272 evals/s, 336 msg/s, 12.7 leaves/msg, 971s)
2026-08-10 04:41:23 [iter 9/60] self-play: 140/160 games...
2026-08-10 04:41:23   [GPU] 4,200,027 evals (99523 batches, avg 42/batch = 8% of 512, 4271 evals/s, 336 msg/s, 12.7 leaves/msg, 983s)
2026-08-10 04:41:36   [GPU] 4,250,005 evals (100864 batches, avg 42/batch = 8% of 512, 4264 evals/s, 336 msg/s, 12.7 leaves/msg, 997s)
2026-08-10 04:41:51   [GPU] 4,300,008 evals (102294 batches, avg 42/batch = 8% of 512, 4252 evals/s, 335 msg/s, 12.7 leaves/msg, 1011s)
2026-08-10 04:42:05   [GPU] 4,350,048 evals (103669 batches, avg 42/batch = 8% of 512, 4244 evals/s, 335 msg/s, 12.7 leaves/msg, 1025s)
2026-08-10 04:42:11 [iter 9/60] self-play: 145/160 games...
2026-08-10 04:42:16   [GPU] 4,400,007 evals (104857 batches, avg 42/batch = 8% of 512, 4244 evals/s, 335 msg/s, 12.7 leaves/msg, 1037s)
2026-08-10 04:42:28   [GPU] 4,450,020 evals (106106 batches, avg 42/batch = 8% of 512, 4244 evals/s, 335 msg/s, 12.7 leaves/msg, 1049s)
2026-08-10 04:42:41   [GPU] 4,500,032 evals (107415 batches, avg 42/batch = 8% of 512, 4240 evals/s, 335 msg/s, 12.7 leaves/msg, 1061s)
2026-08-10 04:42:52   [GPU] 4,550,048 evals (108609 batches, avg 42/batch = 8% of 512, 4241 evals/s, 335 msg/s, 12.6 leaves/msg, 1073s)
2026-08-10 04:42:59 [iter 9/60] self-play: 150/160 games...
2026-08-10 04:43:05   [GPU] 4,600,044 evals (109871 batches, avg 42/batch = 8% of 512, 4239 evals/s, 336 msg/s, 12.6 leaves/msg, 1085s)
2026-08-10 04:43:17   [GPU] 4,650,024 evals (111179 batches, avg 42/batch = 8% of 512, 4236 evals/s, 336 msg/s, 12.6 leaves/msg, 1098s)
2026-08-10 04:43:33   [GPU] 4,700,024 evals (112780 batches, avg 42/batch = 8% of 512, 4220 evals/s, 335 msg/s, 12.6 leaves/msg, 1114s)
2026-08-10 04:43:37 [iter 9/60] self-play: 155/160 games...
2026-08-10 04:44:00   [GPU] 4,750,018 evals (115253 batches, avg 41/batch = 8% of 512, 4165 evals/s, 332 msg/s, 12.6 leaves/msg, 1140s)
2026-08-10 04:44:39   [GPU] 4,800,007 evals (118616 batches, avg 40/batch = 8% of 512, 4069 evals/s, 326 msg/s, 12.5 leaves/msg, 1180s)
2026-08-10 04:45:03 [iter 9/60] self-play: 160/160 games...
2026-08-10 04:45:03 [iter 9/60] self-play done: 160 games (1204s) | wins: P0=17, P1=110, draw=33 | draw_rate=21% avg_len~22
2026-08-10 04:45:03 [iter 9/60] search: expanded=8.7 actions/node visits/action=68.9 walls/game=7.79 first_wall_ply=0.8 learner_sims/s=4345.86
2026-08-10 04:45:03 [iter 9/60] WARNING: draw_rate 21% > 20% — games timing out at max_game_moves=160 (weak value signal).
2026-08-10 04:45:03 [iter 9/60] training (600 steps, lr=9.61e-04)...
2026-08-10 04:45:11 [iter 9/60] training done: loss_p=1.137 loss_v=0.082 (8s)
2026-08-10 04:45:12 [iter 9/60] data: policy_wall_mass=0.180 walled_states=54% walls_on_board=13.6 value_mae walled=0.209 free=0.062
2026-08-10 04:45:13 [iter 9/60] eval skipped (eval_every=4)
2026-08-10 04:45:13 >>> iter 9 | loss_p=1.137 loss_v=0.082 | vs_best=n/a (not evaluated) | vs_rand=n/a | draw=21% | buf=64270 | rss=2.65GB | sp=1204s train=8s eval_best=0s eval_rand=0s | total=1213s
2026-08-10 04:45:13 [iter 10/60] self-play starting (160 games, 600 sims, MIXED 80/160 race-only)...
2026-08-10 04:45:13 [PARALLEL-MP] 8 workers spawned (160 games, sims=600), GPU batcher starting...
2026-08-10 04:45:26   [GPU] 50,019 evals (941 batches, avg 53/batch = 10% of 512, 3984 evals/s, 306 msg/s, 13.0 leaves/msg, 13s)
2026-08-10 04:45:32 [iter 10/60] self-play: 5/160 games...
2026-08-10 04:45:38   [GPU] 100,016 evals (2138 batches, avg 47/batch = 9% of 512, 4012 evals/s, 312 msg/s, 12.9 leaves/msg, 25s)
2026-08-10 04:45:51   [GPU] 150,028 evals (3417 batches, avg 44/batch = 9% of 512, 3945 evals/s, 301 msg/s, 13.1 leaves/msg, 38s)
2026-08-10 04:45:54 [iter 10/60] self-play: 10/160 games...
2026-08-10 04:46:04   [GPU] 200,030 evals (4642 batches, avg 43/batch = 8% of 512, 3959 evals/s, 299 msg/s, 13.2 leaves/msg, 51s)
2026-08-10 04:46:17   [GPU] 250,037 evals (5999 batches, avg 42/batch = 8% of 512, 3907 evals/s, 293 msg/s, 13.3 leaves/msg, 64s)
2026-08-10 04:46:28   [GPU] 300,028 evals (7117 batches, avg 42/batch = 8% of 512, 4019 evals/s, 303 msg/s, 13.3 leaves/msg, 75s)
2026-08-10 04:46:33 [iter 10/60] self-play: 15/160 games...
2026-08-10 04:46:37   [GPU] 350,041 evals (8124 batches, avg 43/batch = 8% of 512, 4145 evals/s, 318 msg/s, 13.0 leaves/msg, 84s)
2026-08-10 04:46:48   [GPU] 400,026 evals (9155 batches, avg 44/batch = 9% of 512, 4213 evals/s, 327 msg/s, 12.9 leaves/msg, 95s)
2026-08-10 04:46:57 [iter 10/60] self-play: 20/160 games...
2026-08-10 04:46:59   [GPU] 450,042 evals (10269 batches, avg 44/batch = 9% of 512, 4247 evals/s, 333 msg/s, 12.8 leaves/msg, 106s)
2026-08-10 04:47:09   [GPU] 500,022 evals (11293 batches, avg 44/batch = 9% of 512, 4304 evals/s, 337 msg/s, 12.8 leaves/msg, 116s)
2026-08-10 04:47:19   [GPU] 550,009 evals (12319 batches, avg 45/batch = 9% of 512, 4355 evals/s, 339 msg/s, 12.8 leaves/msg, 126s)
2026-08-10 04:47:30   [GPU] 600,035 evals (13407 batches, avg 45/batch = 9% of 512, 4390 evals/s, 339 msg/s, 12.9 leaves/msg, 137s)
2026-08-10 04:47:39 [iter 10/60] self-play: 25/160 games...
2026-08-10 04:47:39   [GPU] 650,004 evals (14424 batches, avg 45/batch = 9% of 512, 4440 evals/s, 343 msg/s, 12.9 leaves/msg, 146s)
2026-08-10 04:47:48   [GPU] 700,030 evals (15325 batches, avg 46/batch = 9% of 512, 4506 evals/s, 347 msg/s, 13.0 leaves/msg, 155s)
2026-08-10 04:47:50 [iter 10/60] self-play: 30/160 games...
2026-08-10 04:47:58   [GPU] 750,049 evals (16327 batches, avg 46/batch = 9% of 512, 4536 evals/s, 350 msg/s, 13.0 leaves/msg, 165s)
2026-08-10 04:48:08   [GPU] 800,061 evals (17327 batches, avg 46/batch = 9% of 512, 4568 evals/s, 352 msg/s, 13.0 leaves/msg, 175s)
2026-08-10 04:48:14 [iter 10/60] self-play: 35/160 games...
2026-08-10 04:48:17   [GPU] 850,000 evals (18299 batches, avg 46/batch = 9% of 512, 4611 evals/s, 356 msg/s, 13.0 leaves/msg, 184s)
2026-08-10 04:48:27   [GPU] 900,012 evals (19389 batches, avg 46/batch = 9% of 512, 4628 evals/s, 356 msg/s, 13.0 leaves/msg, 194s)
2026-08-10 04:48:37   [GPU] 950,022 evals (20405 batches, avg 47/batch = 9% of 512, 4657 evals/s, 357 msg/s, 13.0 leaves/msg, 204s)
2026-08-10 04:48:46   [GPU] 1,000,057 evals (21400 batches, avg 47/batch = 9% of 512, 4687 evals/s, 359 msg/s, 13.1 leaves/msg, 213s)
2026-08-10 04:48:49 [iter 10/60] self-play: 40/160 games...
2026-08-10 04:48:56   [GPU] 1,050,010 evals (22403 batches, avg 47/batch = 9% of 512, 4707 evals/s, 361 msg/s, 13.0 leaves/msg, 223s)
2026-08-10 04:49:06   [GPU] 1,100,037 evals (23496 batches, avg 47/batch = 9% of 512, 4712 evals/s, 361 msg/s, 13.0 leaves/msg, 233s)
2026-08-10 04:49:17   [GPU] 1,150,029 evals (24587 batches, avg 47/batch = 9% of 512, 4712 evals/s, 361 msg/s, 13.1 leaves/msg, 244s)
2026-08-10 04:49:22 [iter 10/60] self-play: 45/160 games...
2026-08-10 04:49:27   [GPU] 1,200,068 evals (25625 batches, avg 47/batch = 9% of 512, 4721 evals/s, 362 msg/s, 13.0 leaves/msg, 254s)
2026-08-10 04:49:38   [GPU] 1,250,005 evals (26762 batches, avg 47/batch = 9% of 512, 4718 evals/s, 362 msg/s, 13.0 leaves/msg, 265s)
2026-08-10 04:49:49   [GPU] 1,300,021 evals (27936 batches, avg 47/batch = 9% of 512, 4710 evals/s, 361 msg/s, 13.0 leaves/msg, 276s)
2026-08-10 04:50:00   [GPU] 1,350,005 evals (29140 batches, avg 46/batch = 9% of 512, 4700 evals/s, 360 msg/s, 13.1 leaves/msg, 287s)
2026-08-10 04:50:05 [iter 10/60] self-play: 50/160 games...
2026-08-10 04:50:12   [GPU] 1,400,014 evals (30339 batches, avg 46/batch = 9% of 512, 4678 evals/s, 358 msg/s, 13.1 leaves/msg, 299s)
2026-08-10 04:50:25   [GPU] 1,450,008 evals (31621 batches, avg 46/batch = 9% of 512, 4645 evals/s, 355 msg/s, 13.1 leaves/msg, 312s)
2026-08-10 04:50:37   [GPU] 1,500,015 evals (32780 batches, avg 46/batch = 9% of 512, 4636 evals/s, 354 msg/s, 13.1 leaves/msg, 324s)
2026-08-10 04:50:40 [iter 10/60] self-play: 55/160 games...
2026-08-10 04:50:48   [GPU] 1,550,008 evals (33927 batches, avg 46/batch = 9% of 512, 4629 evals/s, 354 msg/s, 13.1 leaves/msg, 335s)
2026-08-10 04:51:01   [GPU] 1,600,058 evals (35210 batches, avg 45/batch = 9% of 512, 4593 evals/s, 352 msg/s, 13.0 leaves/msg, 348s)
2026-08-10 04:51:15   [GPU] 1,650,048 evals (36581 batches, avg 45/batch = 9% of 512, 4553 evals/s, 349 msg/s, 13.1 leaves/msg, 362s)
2026-08-10 04:51:28 [iter 10/60] self-play: 60/160 games...
2026-08-10 04:51:28   [GPU] 1,700,017 evals (37866 batches, avg 45/batch = 9% of 512, 4528 evals/s, 348 msg/s, 13.0 leaves/msg, 375s)
2026-08-10 04:51:43   [GPU] 1,750,006 evals (39292 batches, avg 45/batch = 9% of 512, 4484 evals/s, 344 msg/s, 13.0 leaves/msg, 390s)
2026-08-10 04:51:57   [GPU] 1,800,011 evals (40673 batches, avg 44/batch = 9% of 512, 4452 evals/s, 342 msg/s, 13.0 leaves/msg, 404s)
2026-08-10 04:52:13   [GPU] 1,850,013 evals (42143 batches, avg 44/batch = 9% of 512, 4410 evals/s, 339 msg/s, 13.0 leaves/msg, 420s)
2026-08-10 04:52:28   [GPU] 1,900,014 evals (43652 batches, avg 44/batch = 9% of 512, 4368 evals/s, 337 msg/s, 13.0 leaves/msg, 435s)
2026-08-10 04:52:34 [iter 10/60] self-play: 65/160 games...
2026-08-10 04:52:42   [GPU] 1,950,037 evals (45017 batches, avg 43/batch = 8% of 512, 4348 evals/s, 335 msg/s, 13.0 leaves/msg, 449s)
2026-08-10 04:52:55   [GPU] 2,000,027 evals (46365 batches, avg 43/batch = 8% of 512, 4332 evals/s, 335 msg/s, 12.9 leaves/msg, 462s)
2026-08-10 04:53:07   [GPU] 2,050,016 evals (47646 batches, avg 43/batch = 8% of 512, 4324 evals/s, 336 msg/s, 12.9 leaves/msg, 474s)
2026-08-10 04:53:14 [iter 10/60] self-play: 70/160 games...
2026-08-10 04:53:21   [GPU] 2,100,016 evals (49031 batches, avg 43/batch = 8% of 512, 4307 evals/s, 336 msg/s, 12.8 leaves/msg, 488s)
2026-08-10 04:53:34   [GPU] 2,150,001 evals (50397 batches, avg 43/batch = 8% of 512, 4290 evals/s, 335 msg/s, 12.8 leaves/msg, 501s)
2026-08-10 04:53:44 [iter 10/60] self-play: 75/160 games...
2026-08-10 04:53:48   [GPU] 2,200,051 evals (51811 batches, avg 42/batch = 8% of 512, 4269 evals/s, 334 msg/s, 12.8 leaves/msg, 515s)
2026-08-10 04:54:04   [GPU] 2,250,029 evals (53303 batches, avg 42/batch = 8% of 512, 4239 evals/s, 333 msg/s, 12.7 leaves/msg, 531s)
2026-08-10 04:54:06 [iter 10/60] self-play: 80/160 games...
2026-08-10 04:54:19   [GPU] 2,300,027 evals (54775 batches, avg 42/batch = 8% of 512, 4216 evals/s, 332 msg/s, 12.7 leaves/msg, 546s)
2026-08-10 04:54:35   [GPU] 2,350,002 evals (56358 batches, avg 42/batch = 8% of 512, 4184 evals/s, 331 msg/s, 12.7 leaves/msg, 562s)
2026-08-10 04:54:52   [GPU] 2,400,033 evals (58101 batches, avg 41/batch = 8% of 512, 4145 evals/s, 329 msg/s, 12.6 leaves/msg, 579s)
2026-08-10 04:55:07   [GPU] 2,450,006 evals (59611 batches, avg 41/batch = 8% of 512, 4126 evals/s, 328 msg/s, 12.6 leaves/msg, 594s)
2026-08-10 04:55:21   [GPU] 2,500,012 evals (61104 batches, avg 41/batch = 8% of 512, 4111 evals/s, 327 msg/s, 12.6 leaves/msg, 608s)
2026-08-10 04:55:35   [GPU] 2,550,013 evals (62515 batches, avg 41/batch = 8% of 512, 4100 evals/s, 327 msg/s, 12.5 leaves/msg, 622s)
2026-08-10 04:55:49   [GPU] 2,600,024 evals (63868 batches, avg 41/batch = 8% of 512, 4091 evals/s, 327 msg/s, 12.5 leaves/msg, 636s)
2026-08-10 04:56:02   [GPU] 2,650,054 evals (65245 batches, avg 41/batch = 8% of 512, 4082 evals/s, 327 msg/s, 12.5 leaves/msg, 649s)
2026-08-10 04:56:15   [GPU] 2,700,017 evals (66577 batches, avg 41/batch = 8% of 512, 4077 evals/s, 326 msg/s, 12.5 leaves/msg, 662s)
2026-08-10 04:56:23 [iter 10/60] self-play: 85/160 games...
2026-08-10 04:56:28   [GPU] 2,750,001 evals (67856 batches, avg 41/batch = 8% of 512, 4074 evals/s, 326 msg/s, 12.5 leaves/msg, 675s)
2026-08-10 04:56:43   [GPU] 2,800,031 evals (69318 batches, avg 40/batch = 8% of 512, 4059 evals/s, 325 msg/s, 12.5 leaves/msg, 690s)
2026-08-10 04:56:54 [iter 10/60] self-play: 90/160 games...
2026-08-10 04:56:57   [GPU] 2,850,002 evals (70712 batches, avg 40/batch = 8% of 512, 4047 evals/s, 325 msg/s, 12.4 leaves/msg, 704s)
2026-08-10 04:57:11   [GPU] 2,900,014 evals (72100 batches, avg 40/batch = 8% of 512, 4036 evals/s, 324 msg/s, 12.5 leaves/msg, 718s)
2026-08-10 04:57:23   [GPU] 2,950,048 evals (73309 batches, avg 40/batch = 8% of 512, 4040 evals/s, 324 msg/s, 12.5 leaves/msg, 730s)
2026-08-10 04:57:32 [iter 10/60] self-play: 95/160 games...
2026-08-10 04:57:35   [GPU] 3,000,017 evals (74539 batches, avg 40/batch = 8% of 512, 4040 evals/s, 325 msg/s, 12.4 leaves/msg, 742s)
2026-08-10 04:57:48   [GPU] 3,050,034 evals (75782 batches, avg 40/batch = 8% of 512, 4041 evals/s, 325 msg/s, 12.4 leaves/msg, 755s)
2026-08-10 04:58:00   [GPU] 3,100,054 evals (77012 batches, avg 40/batch = 8% of 512, 4043 evals/s, 326 msg/s, 12.4 leaves/msg, 767s)
2026-08-10 04:58:06 [iter 10/60] self-play: 100/160 games...
2026-08-10 04:58:12   [GPU] 3,150,024 evals (78267 batches, avg 40/batch = 8% of 512, 4045 evals/s, 326 msg/s, 12.4 leaves/msg, 779s)
2026-08-10 04:58:23   [GPU] 3,200,009 evals (79382 batches, avg 40/batch = 8% of 512, 4053 evals/s, 327 msg/s, 12.4 leaves/msg, 790s)
2026-08-10 04:58:35   [GPU] 3,250,004 evals (80664 batches, avg 40/batch = 8% of 512, 4054 evals/s, 327 msg/s, 12.4 leaves/msg, 802s)
2026-08-10 04:58:39 [iter 10/60] self-play: 105/160 games...
2026-08-10 04:58:46   [GPU] 3,300,030 evals (81794 batches, avg 40/batch = 8% of 512, 4061 evals/s, 327 msg/s, 12.4 leaves/msg, 813s)
2026-08-10 04:58:55   [GPU] 3,350,056 evals (82767 batches, avg 40/batch = 8% of 512, 4073 evals/s, 328 msg/s, 12.4 leaves/msg, 822s)
2026-08-10 04:59:06   [GPU] 3,400,037 evals (83785 batches, avg 41/batch = 8% of 512, 4084 evals/s, 328 msg/s, 12.4 leaves/msg, 833s)
2026-08-10 04:59:10 [iter 10/60] self-play: 110/160 games...
2026-08-10 04:59:17   [GPU] 3,450,040 evals (84923 batches, avg 41/batch = 8% of 512, 4089 evals/s, 328 msg/s, 12.5 leaves/msg, 844s)
2026-08-10 04:59:28   [GPU] 3,500,006 evals (86047 batches, avg 41/batch = 8% of 512, 4092 evals/s, 328 msg/s, 12.5 leaves/msg, 855s)
2026-08-10 04:59:39   [GPU] 3,550,032 evals (87191 batches, avg 41/batch = 8% of 512, 4098 evals/s, 328 msg/s, 12.5 leaves/msg, 866s)
2026-08-10 04:59:50   [GPU] 3,600,062 evals (88272 batches, avg 41/batch = 8% of 512, 4104 evals/s, 329 msg/s, 12.5 leaves/msg, 877s)
2026-08-10 04:59:57 [iter 10/60] self-play: 115/160 games...
2026-08-10 05:00:03   [GPU] 3,650,022 evals (89489 batches, avg 41/batch = 8% of 512, 4103 evals/s, 329 msg/s, 12.5 leaves/msg, 890s)
2026-08-10 05:00:15   [GPU] 3,700,001 evals (90772 batches, avg 41/batch = 8% of 512, 4100 evals/s, 328 msg/s, 12.5 leaves/msg, 902s)
2026-08-10 05:00:20 [iter 10/60] self-play: 120/160 games...
2026-08-10 05:00:30   [GPU] 3,750,017 evals (92153 batches, avg 41/batch = 8% of 512, 4091 evals/s, 328 msg/s, 12.5 leaves/msg, 917s)
2026-08-10 05:00:45   [GPU] 3,800,070 evals (93613 batches, avg 41/batch = 8% of 512, 4079 evals/s, 327 msg/s, 12.5 leaves/msg, 932s)
2026-08-10 05:00:55 [iter 10/60] self-play: 125/160 games...
2026-08-10 05:00:57   [GPU] 3,850,024 evals (94870 batches, avg 41/batch = 8% of 512, 4077 evals/s, 326 msg/s, 12.5 leaves/msg, 944s)
2026-08-10 05:01:11   [GPU] 3,900,061 evals (96219 batches, avg 41/batch = 8% of 512, 4071 evals/s, 326 msg/s, 12.5 leaves/msg, 958s)
2026-08-10 05:01:24   [GPU] 3,950,006 evals (97555 batches, avg 40/batch = 8% of 512, 4068 evals/s, 326 msg/s, 12.5 leaves/msg, 971s)
2026-08-10 05:01:37   [GPU] 4,000,046 evals (98846 batches, avg 40/batch = 8% of 512, 4067 evals/s, 326 msg/s, 12.5 leaves/msg, 984s)
2026-08-10 05:01:50   [GPU] 4,050,068 evals (100244 batches, avg 40/batch = 8% of 512, 4061 evals/s, 326 msg/s, 12.5 leaves/msg, 997s)
2026-08-10 05:02:04   [GPU] 4,100,012 evals (101569 batches, avg 40/batch = 8% of 512, 4056 evals/s, 325 msg/s, 12.5 leaves/msg, 1011s)
2026-08-10 05:02:10 [iter 10/60] self-play: 130/160 games...
2026-08-10 05:02:15   [GPU] 4,150,006 evals (102678 batches, avg 40/batch = 8% of 512, 4061 evals/s, 326 msg/s, 12.5 leaves/msg, 1022s)
2026-08-10 05:02:28   [GPU] 4,200,022 evals (103988 batches, avg 40/batch = 8% of 512, 4057 evals/s, 326 msg/s, 12.5 leaves/msg, 1035s)
2026-08-10 05:02:34 [iter 10/60] self-play: 135/160 games...
2026-08-10 05:02:42   [GPU] 4,250,037 evals (105301 batches, avg 40/batch = 8% of 512, 4052 evals/s, 325 msg/s, 12.5 leaves/msg, 1049s)
2026-08-10 05:02:55 [iter 10/60] self-play: 140/160 games...
2026-08-10 05:02:57   [GPU] 4,300,027 evals (106738 batches, avg 40/batch = 8% of 512, 4042 evals/s, 325 msg/s, 12.5 leaves/msg, 1064s)
2026-08-10 05:03:11   [GPU] 4,350,015 evals (108089 batches, avg 40/batch = 8% of 512, 4035 evals/s, 324 msg/s, 12.5 leaves/msg, 1078s)
2026-08-10 05:03:26   [GPU] 4,400,043 evals (109490 batches, avg 40/batch = 8% of 512, 4025 evals/s, 323 msg/s, 12.5 leaves/msg, 1093s)
2026-08-10 05:03:35 [iter 10/60] self-play: 145/160 games...
2026-08-10 05:03:39   [GPU] 4,450,046 evals (110798 batches, avg 40/batch = 8% of 512, 4022 evals/s, 322 msg/s, 12.5 leaves/msg, 1106s)
2026-08-10 05:03:53   [GPU] 4,500,010 evals (112184 batches, avg 40/batch = 8% of 512, 4018 evals/s, 322 msg/s, 12.5 leaves/msg, 1120s)
2026-08-10 05:04:07   [GPU] 4,550,022 evals (113593 batches, avg 40/batch = 8% of 512, 4012 evals/s, 322 msg/s, 12.5 leaves/msg, 1134s)
2026-08-10 05:04:22   [GPU] 4,600,024 evals (115099 batches, avg 40/batch = 8% of 512, 4005 evals/s, 322 msg/s, 12.4 leaves/msg, 1149s)
2026-08-10 05:04:29 [iter 10/60] self-play: 150/160 games...
2026-08-10 05:04:37   [GPU] 4,650,038 evals (116644 batches, avg 40/batch = 8% of 512, 3994 evals/s, 322 msg/s, 12.4 leaves/msg, 1164s)
2026-08-10 05:04:51   [GPU] 4,700,006 evals (118016 batches, avg 40/batch = 8% of 512, 3989 evals/s, 322 msg/s, 12.4 leaves/msg, 1178s)
2026-08-10 05:05:07   [GPU] 4,750,009 evals (119614 batches, avg 40/batch = 8% of 512, 3979 evals/s, 322 msg/s, 12.4 leaves/msg, 1194s)
2026-08-10 05:05:21 [iter 10/60] self-play: 155/160 games...
2026-08-10 05:05:30   [GPU] 4,800,000 evals (121757 batches, avg 39/batch = 8% of 512, 3946 evals/s, 320 msg/s, 12.3 leaves/msg, 1217s)
2026-08-10 05:08:14   [GPU] 4,850,008 evals (129948 batches, avg 37/batch = 7% of 512, 3511 evals/s, 289 msg/s, 12.1 leaves/msg, 1381s)
2026-08-10 05:08:21 [iter 10/60] self-play: 160/160 games...
2026-08-10 05:08:21 [iter 10/60] self-play done: 160 games (1388s) | wins: P0=27, P1=98, draw=35 | draw_rate=22% avg_len~20
2026-08-10 05:08:21 [iter 10/60] search: expanded=8.8 actions/node visits/action=68.5 walls/game=7.72 first_wall_ply=0.525 learner_sims/s=3815.14
2026-08-10 05:08:21 [iter 10/60] WARNING: draw_rate 22% > 20% — games timing out at max_game_moves=160 (weak value signal).
2026-08-10 05:08:21 [iter 10/60] training (600 steps, lr=9.51e-04)...
2026-08-10 05:08:29 [iter 10/60] training done: loss_p=1.141 loss_v=0.085 (8s)
2026-08-10 05:08:30 [iter 10/60] data: policy_wall_mass=0.179 walled_states=51% walls_on_board=12.0 value_mae walled=0.172 free=0.081
2026-08-10 05:08:31 [iter 10/60] eval skipped (eval_every=4)
2026-08-10 05:08:31 >>> iter 10 | loss_p=1.141 loss_v=0.085 | vs_best=n/a (not evaluated) | vs_rand=n/a | draw=22% | buf=70722 | rss=2.69GB | sp=1388s train=8s eval_best=0s eval_rand=0s | total=1398s
2026-08-10 05:08:31 [iter 11/60] self-play starting (160 games, 600 sims, MIXED 80/160 race-only)...
2026-08-10 05:08:31 [PARALLEL-MP] 8 workers spawned (160 games, sims=600), GPU batcher starting...
2026-08-10 05:08:43   [GPU] 50,045 evals (924 batches, avg 54/batch = 11% of 512, 4021 evals/s, 314 msg/s, 12.8 leaves/msg, 12s)
2026-08-10 05:08:49 [iter 11/60] self-play: 5/160 games...
2026-08-10 05:08:56   [GPU] 100,045 evals (2141 batches, avg 47/batch = 9% of 512, 3985 evals/s, 309 msg/s, 12.9 leaves/msg, 25s)
2026-08-10 05:09:09   [GPU] 150,013 evals (3373 batches, avg 44/batch = 9% of 512, 3965 evals/s, 304 msg/s, 13.1 leaves/msg, 38s)
2026-08-10 05:09:21 [iter 11/60] self-play: 10/160 games...
2026-08-10 05:09:21   [GPU] 200,031 evals (4597 batches, avg 44/batch = 8% of 512, 3978 evals/s, 303 msg/s, 13.1 leaves/msg, 50s)
2026-08-10 05:09:33   [GPU] 250,018 evals (5794 batches, avg 43/batch = 8% of 512, 4029 evals/s, 304 msg/s, 13.3 leaves/msg, 62s)
2026-08-10 05:09:43   [GPU] 300,008 evals (6887 batches, avg 44/batch = 9% of 512, 4125 evals/s, 309 msg/s, 13.3 leaves/msg, 73s)
2026-08-10 05:09:53   [GPU] 350,050 evals (7864 batches, avg 45/batch = 9% of 512, 4261 evals/s, 320 msg/s, 13.3 leaves/msg, 82s)
2026-08-10 05:09:57 [iter 11/60] self-play: 15/160 games...
2026-08-10 05:10:03   [GPU] 400,027 evals (8910 batches, avg 45/batch = 9% of 512, 4345 evals/s, 330 msg/s, 13.2 leaves/msg, 92s)
2026-08-10 05:10:13   [GPU] 450,034 evals (9964 batches, avg 45/batch = 9% of 512, 4400 evals/s, 336 msg/s, 13.1 leaves/msg, 102s)
2026-08-10 05:10:24   [GPU] 500,028 evals (11131 batches, avg 45/batch = 9% of 512, 4401 evals/s, 337 msg/s, 13.1 leaves/msg, 114s)
2026-08-10 05:10:34   [GPU] 550,078 evals (12227 batches, avg 45/batch = 9% of 512, 4446 evals/s, 340 msg/s, 13.1 leaves/msg, 124s)
2026-08-10 05:10:44   [GPU] 600,053 evals (13288 batches, avg 45/batch = 9% of 512, 4494 evals/s, 345 msg/s, 13.0 leaves/msg, 134s)
2026-08-10 05:10:46 [iter 11/60] self-play: 20/160 games...
2026-08-10 05:10:55   [GPU] 650,025 evals (14424 batches, avg 45/batch = 9% of 512, 4500 evals/s, 347 msg/s, 13.0 leaves/msg, 144s)
2026-08-10 05:11:06   [GPU] 700,011 evals (15550 batches, avg 45/batch = 9% of 512, 4507 evals/s, 347 msg/s, 13.0 leaves/msg, 155s)
2026-08-10 05:11:19   [GPU] 750,016 evals (16881 batches, avg 44/batch = 9% of 512, 4458 evals/s, 345 msg/s, 12.9 leaves/msg, 168s)
2026-08-10 05:11:22 [iter 11/60] self-play: 25/160 games...
2026-08-10 05:11:31   [GPU] 800,044 evals (18076 batches, avg 44/batch = 9% of 512, 4443 evals/s, 344 msg/s, 12.9 leaves/msg, 180s)
2026-08-10 05:11:43   [GPU] 850,075 evals (19293 batches, avg 44/batch = 9% of 512, 4422 evals/s, 344 msg/s, 12.8 leaves/msg, 192s)
2026-08-10 05:11:55   [GPU] 900,010 evals (20488 batches, avg 44/batch = 9% of 512, 4410 evals/s, 344 msg/s, 12.8 leaves/msg, 204s)
2026-08-10 05:12:03 [iter 11/60] self-play: 30/160 games...
2026-08-10 05:12:08   [GPU] 950,002 evals (21796 batches, avg 44/batch = 9% of 512, 4374 evals/s, 340 msg/s, 12.8 leaves/msg, 217s)
2026-08-10 05:12:21   [GPU] 1,000,033 evals (23090 batches, avg 43/batch = 8% of 512, 4342 evals/s, 337 msg/s, 12.9 leaves/msg, 230s)
2026-08-10 05:12:33   [GPU] 1,050,034 evals (24241 batches, avg 43/batch = 8% of 512, 4343 evals/s, 337 msg/s, 12.9 leaves/msg, 242s)
2026-08-10 05:12:44   [GPU] 1,100,008 evals (25426 batches, avg 43/batch = 8% of 512, 4338 evals/s, 339 msg/s, 12.8 leaves/msg, 254s)
2026-08-10 05:12:47 [iter 11/60] self-play: 35/160 games...
2026-08-10 05:12:57   [GPU] 1,150,059 evals (26652 batches, avg 43/batch = 8% of 512, 4327 evals/s, 340 msg/s, 12.7 leaves/msg, 266s)
2026-08-10 05:13:09   [GPU] 1,200,015 evals (27961 batches, avg 43/batch = 8% of 512, 4306 evals/s, 339 msg/s, 12.7 leaves/msg, 279s)
2026-08-10 05:13:17 [iter 11/60] self-play: 40/160 games...
2026-08-10 05:13:23   [GPU] 1,250,050 evals (29282 batches, avg 43/batch = 8% of 512, 4283 evals/s, 338 msg/s, 12.7 leaves/msg, 292s)
2026-08-10 05:13:38   [GPU] 1,300,000 evals (30836 batches, avg 42/batch = 8% of 512, 4226 evals/s, 335 msg/s, 12.6 leaves/msg, 308s)
2026-08-10 05:13:54   [GPU] 1,350,034 evals (32392 batches, avg 42/batch = 8% of 512, 4173 evals/s, 332 msg/s, 12.6 leaves/msg, 323s)
2026-08-10 05:14:09   [GPU] 1,400,030 evals (33820 batches, avg 41/batch = 8% of 512, 4144 evals/s, 330 msg/s, 12.5 leaves/msg, 338s)
2026-08-10 05:14:09 [iter 11/60] self-play: 45/160 games...
2026-08-10 05:14:25   [GPU] 1,450,013 evals (35404 batches, avg 41/batch = 8% of 512, 4090 evals/s, 328 msg/s, 12.5 leaves/msg, 355s)
2026-08-10 05:14:43   [GPU] 1,500,046 evals (37057 batches, avg 40/batch = 8% of 512, 4031 evals/s, 324 msg/s, 12.5 leaves/msg, 372s)
2026-08-10 05:14:57   [GPU] 1,550,016 evals (38429 batches, avg 40/batch = 8% of 512, 4017 evals/s, 323 msg/s, 12.4 leaves/msg, 386s)
2026-08-10 05:15:00 [iter 11/60] self-play: 50/160 games...
2026-08-10 05:15:13   [GPU] 1,600,057 evals (40011 batches, avg 40/batch = 8% of 512, 3976 evals/s, 321 msg/s, 12.4 leaves/msg, 402s)
2026-08-10 05:15:30   [GPU] 1,650,001 evals (41578 batches, avg 40/batch = 8% of 512, 3940 evals/s, 318 msg/s, 12.4 leaves/msg, 419s)
2026-08-10 05:15:43   [GPU] 1,700,003 evals (42880 batches, avg 40/batch = 8% of 512, 3933 evals/s, 317 msg/s, 12.4 leaves/msg, 432s)
2026-08-10 05:15:45 [iter 11/60] self-play: 55/160 games...
2026-08-10 05:15:56   [GPU] 1,750,011 evals (44138 batches, avg 40/batch = 8% of 512, 3933 evals/s, 317 msg/s, 12.4 leaves/msg, 445s)
2026-08-10 05:16:10   [GPU] 1,800,001 evals (45546 batches, avg 40/batch = 8% of 512, 3921 evals/s, 317 msg/s, 12.4 leaves/msg, 459s)
2026-08-10 05:16:23   [GPU] 1,850,006 evals (46828 batches, avg 40/batch = 8% of 512, 3918 evals/s, 317 msg/s, 12.4 leaves/msg, 472s)
2026-08-10 05:16:30 [iter 11/60] self-play: 60/160 games...
2026-08-10 05:16:36   [GPU] 1,900,014 evals (48126 batches, avg 39/batch = 8% of 512, 3917 evals/s, 317 msg/s, 12.4 leaves/msg, 485s)
2026-08-10 05:16:48   [GPU] 1,950,018 evals (49365 batches, avg 40/batch = 8% of 512, 3922 evals/s, 317 msg/s, 12.4 leaves/msg, 497s)
2026-08-10 05:17:00   [GPU] 2,000,021 evals (50569 batches, avg 40/batch = 8% of 512, 3927 evals/s, 318 msg/s, 12.4 leaves/msg, 509s)
2026-08-10 05:17:13   [GPU] 2,050,020 evals (51844 batches, avg 40/batch = 8% of 512, 3927 evals/s, 318 msg/s, 12.4 leaves/msg, 522s)
2026-08-10 05:17:24 [iter 11/60] self-play: 65/160 games...
2026-08-10 05:17:26   [GPU] 2,100,008 evals (53143 batches, avg 40/batch = 8% of 512, 3925 evals/s, 317 msg/s, 12.4 leaves/msg, 535s)
2026-08-10 05:17:37   [GPU] 2,150,017 evals (54293 batches, avg 40/batch = 8% of 512, 3936 evals/s, 318 msg/s, 12.4 leaves/msg, 546s)
2026-08-10 05:17:49   [GPU] 2,200,014 evals (55588 batches, avg 40/batch = 8% of 512, 3938 evals/s, 319 msg/s, 12.3 leaves/msg, 559s)
2026-08-10 05:18:03   [GPU] 2,250,016 evals (56941 batches, avg 40/batch = 8% of 512, 3932 evals/s, 319 msg/s, 12.3 leaves/msg, 572s)
2026-08-10 05:18:04 [iter 11/60] self-play: 70/160 games...
2026-08-10 05:18:20   [GPU] 2,300,011 evals (58596 batches, avg 39/batch = 8% of 512, 3902 evals/s, 318 msg/s, 12.3 leaves/msg, 589s)
2026-08-10 05:18:25 [iter 11/60] self-play: 75/160 games...
2026-08-10 05:18:37   [GPU] 2,350,038 evals (60215 batches, avg 39/batch = 8% of 512, 3875 evals/s, 317 msg/s, 12.2 leaves/msg, 606s)
2026-08-10 05:18:52   [GPU] 2,400,023 evals (61561 batches, avg 39/batch = 8% of 512, 3866 evals/s, 316 msg/s, 12.2 leaves/msg, 621s)
2026-08-10 05:19:05   [GPU] 2,450,004 evals (62956 batches, avg 39/batch = 8% of 512, 3861 evals/s, 316 msg/s, 12.2 leaves/msg, 635s)
2026-08-10 05:19:18   [GPU] 2,500,008 evals (64328 batches, avg 39/batch = 8% of 512, 3860 evals/s, 316 msg/s, 12.2 leaves/msg, 648s)
2026-08-10 05:19:30 [iter 11/60] self-play: 80/160 games...
2026-08-10 05:19:31   [GPU] 2,550,018 evals (65635 batches, avg 39/batch = 8% of 512, 3863 evals/s, 317 msg/s, 12.2 leaves/msg, 660s)
2026-08-10 05:19:43   [GPU] 2,600,016 evals (66876 batches, avg 39/batch = 8% of 512, 3868 evals/s, 318 msg/s, 12.2 leaves/msg, 672s)
2026-08-10 05:19:55   [GPU] 2,650,028 evals (68136 batches, avg 39/batch = 8% of 512, 3871 evals/s, 318 msg/s, 12.2 leaves/msg, 685s)
2026-08-10 05:20:07   [GPU] 2,700,044 evals (69335 batches, avg 39/batch = 8% of 512, 3879 evals/s, 319 msg/s, 12.2 leaves/msg, 696s)
2026-08-10 05:20:10 [iter 11/60] self-play: 85/160 games...
2026-08-10 05:20:18   [GPU] 2,750,004 evals (70498 batches, avg 39/batch = 8% of 512, 3887 evals/s, 320 msg/s, 12.2 leaves/msg, 707s)
2026-08-10 05:20:31   [GPU] 2,800,044 evals (71802 batches, avg 39/batch = 8% of 512, 3888 evals/s, 320 msg/s, 12.2 leaves/msg, 720s)
2026-08-10 05:20:43   [GPU] 2,850,007 evals (73003 batches, avg 39/batch = 8% of 512, 3893 evals/s, 320 msg/s, 12.2 leaves/msg, 732s)
2026-08-10 05:20:43 [iter 11/60] self-play: 90/160 games...
2026-08-10 05:20:55   [GPU] 2,900,015 evals (74291 batches, avg 39/batch = 8% of 512, 3895 evals/s, 321 msg/s, 12.1 leaves/msg, 744s)
2026-08-10 05:21:09   [GPU] 2,950,021 evals (75633 batches, avg 39/batch = 8% of 512, 3893 evals/s, 321 msg/s, 12.1 leaves/msg, 758s)
2026-08-10 05:21:10 [iter 11/60] self-play: 95/160 games...
2026-08-10 05:21:21   [GPU] 3,000,027 evals (76894 batches, avg 39/batch = 8% of 512, 3896 evals/s, 321 msg/s, 12.1 leaves/msg, 770s)
2026-08-10 05:21:34   [GPU] 3,050,014 evals (78200 batches, avg 39/batch = 8% of 512, 3896 evals/s, 321 msg/s, 12.1 leaves/msg, 783s)
2026-08-10 05:21:46   [GPU] 3,100,038 evals (79412 batches, avg 39/batch = 8% of 512, 3900 evals/s, 322 msg/s, 12.1 leaves/msg, 795s)
2026-08-10 05:21:47 [iter 11/60] self-play: 100/160 games...
2026-08-10 05:21:57   [GPU] 3,150,009 evals (80529 batches, avg 39/batch = 8% of 512, 3908 evals/s, 322 msg/s, 12.1 leaves/msg, 806s)
2026-08-10 05:22:01 [iter 11/60] self-play: 105/160 games...
2026-08-10 05:22:09   [GPU] 3,200,022 evals (81708 batches, avg 39/batch = 8% of 512, 3912 evals/s, 322 msg/s, 12.2 leaves/msg, 818s)
2026-08-10 05:22:21   [GPU] 3,250,003 evals (82874 batches, avg 39/batch = 8% of 512, 3917 evals/s, 322 msg/s, 12.2 leaves/msg, 830s)
2026-08-10 05:22:26 [iter 11/60] self-play: 110/160 games...
2026-08-10 05:22:33   [GPU] 3,300,005 evals (84106 batches, avg 39/batch = 8% of 512, 3917 evals/s, 321 msg/s, 12.2 leaves/msg, 842s)
2026-08-10 05:22:46   [GPU] 3,350,039 evals (85398 batches, avg 39/batch = 8% of 512, 3918 evals/s, 321 msg/s, 12.2 leaves/msg, 855s)
2026-08-10 05:22:57   [GPU] 3,400,015 evals (86536 batches, avg 39/batch = 8% of 512, 3925 evals/s, 321 msg/s, 12.2 leaves/msg, 866s)
2026-08-10 05:23:09   [GPU] 3,450,002 evals (87759 batches, avg 39/batch = 8% of 512, 3928 evals/s, 321 msg/s, 12.2 leaves/msg, 878s)
2026-08-10 05:23:14 [iter 11/60] self-play: 115/160 games...
2026-08-10 05:23:23   [GPU] 3,500,035 evals (89097 batches, avg 39/batch = 8% of 512, 3925 evals/s, 321 msg/s, 12.2 leaves/msg, 892s)
2026-08-10 05:23:35   [GPU] 3,550,028 evals (90400 batches, avg 39/batch = 8% of 512, 3924 evals/s, 321 msg/s, 12.2 leaves/msg, 905s)
2026-08-10 05:23:48   [GPU] 3,600,015 evals (91651 batches, avg 39/batch = 8% of 512, 3926 evals/s, 321 msg/s, 12.2 leaves/msg, 917s)
2026-08-10 05:24:00   [GPU] 3,650,002 evals (92902 batches, avg 39/batch = 8% of 512, 3928 evals/s, 320 msg/s, 12.3 leaves/msg, 929s)
2026-08-10 05:24:10 [iter 11/60] self-play: 120/160 games...
2026-08-10 05:24:11   [GPU] 3,700,021 evals (94074 batches, avg 39/batch = 8% of 512, 3933 evals/s, 321 msg/s, 12.3 leaves/msg, 941s)
2026-08-10 05:24:23   [GPU] 3,750,003 evals (95234 batches, avg 39/batch = 8% of 512, 3938 evals/s, 321 msg/s, 12.3 leaves/msg, 952s)
2026-08-10 05:24:33   [GPU] 3,800,021 evals (96333 batches, avg 39/batch = 8% of 512, 3948 evals/s, 321 msg/s, 12.3 leaves/msg, 963s)
2026-08-10 05:24:34 [iter 11/60] self-play: 125/160 games...
2026-08-10 05:24:44   [GPU] 3,850,024 evals (97426 batches, avg 40/batch = 8% of 512, 3957 evals/s, 322 msg/s, 12.3 leaves/msg, 973s)
2026-08-10 05:24:54   [GPU] 3,900,018 evals (98481 batches, avg 40/batch = 8% of 512, 3967 evals/s, 322 msg/s, 12.3 leaves/msg, 983s)
2026-08-10 05:25:06   [GPU] 3,950,006 evals (99687 batches, avg 40/batch = 8% of 512, 3971 evals/s, 322 msg/s, 12.3 leaves/msg, 995s)
2026-08-10 05:25:14 [iter 11/60] self-play: 130/160 games...
2026-08-10 05:25:16   [GPU] 4,000,000 evals (100774 batches, avg 40/batch = 8% of 512, 3980 evals/s, 323 msg/s, 12.3 leaves/msg, 1005s)
2026-08-10 05:25:28   [GPU] 4,050,038 evals (102044 batches, avg 40/batch = 8% of 512, 3981 evals/s, 323 msg/s, 12.3 leaves/msg, 1017s)
2026-08-10 05:25:40   [GPU] 4,100,078 evals (103257 batches, avg 40/batch = 8% of 512, 3985 evals/s, 323 msg/s, 12.3 leaves/msg, 1029s)
2026-08-10 05:25:50   [GPU] 4,150,042 evals (104354 batches, avg 40/batch = 8% of 512, 3993 evals/s, 324 msg/s, 12.3 leaves/msg, 1039s)
2026-08-10 05:26:00   [GPU] 4,200,022 evals (105387 batches, avg 40/batch = 8% of 512, 4003 evals/s, 324 msg/s, 12.3 leaves/msg, 1049s)
2026-08-10 05:26:01 [iter 11/60] self-play: 135/160 games...
2026-08-10 05:26:10   [GPU] 4,250,031 evals (106506 batches, avg 40/batch = 8% of 512, 4011 evals/s, 325 msg/s, 12.3 leaves/msg, 1060s)
2026-08-10 05:26:20 [iter 11/60] self-play: 140/160 games...
2026-08-10 05:26:22   [GPU] 4,300,043 evals (107681 batches, avg 40/batch = 8% of 512, 4014 evals/s, 326 msg/s, 12.3 leaves/msg, 1071s)
2026-08-10 05:26:34   [GPU] 4,350,023 evals (108856 batches, avg 40/batch = 8% of 512, 4017 evals/s, 326 msg/s, 12.3 leaves/msg, 1083s)
2026-08-10 05:26:41 [iter 11/60] self-play: 145/160 games...
2026-08-10 05:26:47   [GPU] 4,400,026 evals (110113 batches, avg 40/batch = 8% of 512, 4016 evals/s, 326 msg/s, 12.3 leaves/msg, 1096s)
2026-08-10 05:27:02   [GPU] 4,450,031 evals (111585 batches, avg 40/batch = 8% of 512, 4005 evals/s, 325 msg/s, 12.3 leaves/msg, 1111s)
2026-08-10 05:27:16   [GPU] 4,500,009 evals (112985 batches, avg 40/batch = 8% of 512, 3999 evals/s, 325 msg/s, 12.3 leaves/msg, 1125s)
2026-08-10 05:27:25 [iter 11/60] self-play: 150/160 games...
2026-08-10 05:27:31   [GPU] 4,550,002 evals (114399 batches, avg 40/batch = 8% of 512, 3992 evals/s, 324 msg/s, 12.3 leaves/msg, 1140s)
2026-08-10 05:27:41   [GPU] 4,600,040 evals (115482 batches, avg 40/batch = 8% of 512, 3998 evals/s, 325 msg/s, 12.3 leaves/msg, 1151s)
2026-08-10 05:27:50   [GPU] 4,650,056 evals (116396 batches, avg 40/batch = 8% of 512, 4011 evals/s, 325 msg/s, 12.3 leaves/msg, 1159s)
2026-08-10 05:27:53 [iter 11/60] self-play: 155/160 games...
2026-08-10 05:28:05   [GPU] 4,700,000 evals (117901 batches, avg 40/batch = 8% of 512, 4001 evals/s, 324 msg/s, 12.3 leaves/msg, 1175s)
2026-08-10 05:28:21   [GPU] 4,750,011 evals (119439 batches, avg 40/batch = 8% of 512, 3990 evals/s, 323 msg/s, 12.3 leaves/msg, 1191s)
2026-08-10 05:28:42   [GPU] 4,800,013 evals (121250 batches, avg 40/batch = 8% of 512, 3963 evals/s, 321 msg/s, 12.4 leaves/msg, 1211s)
2026-08-10 05:29:41   [GPU] 4,850,006 evals (124187 batches, avg 39/batch = 8% of 512, 3818 evals/s, 308 msg/s, 12.4 leaves/msg, 1270s)
2026-08-10 05:30:38 [iter 11/60] self-play: 160/160 games...
2026-08-10 05:30:38 [iter 11/60] self-play done: 160 games (1328s) | wins: P0=15, P1=113, draw=32 | draw_rate=20% avg_len~23
2026-08-10 05:30:38 [iter 11/60] search: expanded=8.9 actions/node visits/action=67.7 walls/game=7.69 first_wall_ply=0.537 learner_sims/s=3981.38
2026-08-10 05:30:38 [iter 11/60] training (600 steps, lr=9.40e-04)...
2026-08-10 05:30:47 [iter 11/60] training done: loss_p=1.144 loss_v=0.081 (8s)
2026-08-10 05:30:48 [iter 11/60] data: policy_wall_mass=0.168 walled_states=57% walls_on_board=14.9 value_mae walled=0.146 free=0.049
2026-08-10 05:30:48 [iter 11/60] eval skipped (eval_every=4)
2026-08-10 05:30:48 >>> iter 11 | loss_p=1.144 loss_v=0.081 | vs_best=n/a (not evaluated) | vs_rand=n/a | draw=20% | buf=78102 | rss=2.74GB | sp=1328s train=8s eval_best=0s eval_rand=0s | total=1337s
2026-08-10 05:30:48 [iter 12/60] self-play starting (160 games, 600 sims, MIXED 80/160 race-only)...
2026-08-10 05:30:48 [PARALLEL-MP] 8 workers spawned (160 games, sims=600), GPU batcher starting...
2026-08-10 05:31:00   [GPU] 50,002 evals (955 batches, avg 52/batch = 10% of 512, 4096 evals/s, 301 msg/s, 13.6 leaves/msg, 12s)
2026-08-10 05:31:07 [iter 12/60] self-play: 5/160 games...
2026-08-10 05:31:13   [GPU] 100,039 evals (2158 batches, avg 46/batch = 9% of 512, 4042 evals/s, 300 msg/s, 13.5 leaves/msg, 25s)
2026-08-10 05:31:26   [GPU] 150,026 evals (3432 batches, avg 44/batch = 9% of 512, 3948 evals/s, 291 msg/s, 13.6 leaves/msg, 38s)
2026-08-10 05:31:38 [iter 12/60] self-play: 10/160 games...
2026-08-10 05:31:39   [GPU] 200,036 evals (4665 batches, avg 43/batch = 8% of 512, 3946 evals/s, 291 msg/s, 13.6 leaves/msg, 51s)
2026-08-10 05:31:51   [GPU] 250,000 evals (5876 batches, avg 43/batch = 8% of 512, 3973 evals/s, 289 msg/s, 13.8 leaves/msg, 63s)
2026-08-10 05:32:02   [GPU] 300,022 evals (6975 batches, avg 43/batch = 8% of 512, 4076 evals/s, 297 msg/s, 13.7 leaves/msg, 74s)
2026-08-10 05:32:12   [GPU] 350,002 evals (8071 batches, avg 43/batch = 8% of 512, 4160 evals/s, 305 msg/s, 13.6 leaves/msg, 84s)
2026-08-10 05:32:18 [iter 12/60] self-play: 15/160 games...
2026-08-10 05:32:23   [GPU] 400,009 evals (9193 batches, avg 44/batch = 8% of 512, 4218 evals/s, 312 msg/s, 13.5 leaves/msg, 95s)
2026-08-10 05:32:34   [GPU] 450,022 evals (10341 batches, avg 44/batch = 8% of 512, 4255 evals/s, 316 msg/s, 13.5 leaves/msg, 106s)
2026-08-10 05:32:45   [GPU] 500,027 evals (11518 batches, avg 43/batch = 8% of 512, 4269 evals/s, 316 msg/s, 13.5 leaves/msg, 117s)
2026-08-10 05:32:56   [GPU] 550,004 evals (12648 batches, avg 43/batch = 8% of 512, 4303 evals/s, 320 msg/s, 13.5 leaves/msg, 128s)
2026-08-10 05:33:05 [iter 12/60] self-play: 20/160 games...
2026-08-10 05:33:06   [GPU] 600,024 evals (13721 batches, avg 44/batch = 9% of 512, 4346 evals/s, 325 msg/s, 13.4 leaves/msg, 138s)
2026-08-10 05:33:17   [GPU] 650,028 evals (14855 batches, avg 44/batch = 9% of 512, 4369 evals/s, 326 msg/s, 13.4 leaves/msg, 149s)
2026-08-10 05:33:28   [GPU] 700,049 evals (15991 batches, avg 44/batch = 9% of 512, 4384 evals/s, 328 msg/s, 13.4 leaves/msg, 160s)
2026-08-10 05:33:38   [GPU] 750,003 evals (17076 batches, avg 44/batch = 9% of 512, 4414 evals/s, 331 msg/s, 13.3 leaves/msg, 170s)
2026-08-10 05:33:49   [GPU] 800,051 evals (18174 batches, avg 44/batch = 9% of 512, 4435 evals/s, 334 msg/s, 13.3 leaves/msg, 180s)
2026-08-10 05:33:55 [iter 12/60] self-play: 25/160 games...
2026-08-10 05:33:59   [GPU] 850,030 evals (19252 batches, avg 44/batch = 9% of 512, 4457 evals/s, 336 msg/s, 13.3 leaves/msg, 191s)
2026-08-10 05:34:09   [GPU] 900,006 evals (20294 batches, avg 44/batch = 9% of 512, 4489 evals/s, 338 msg/s, 13.3 leaves/msg, 200s)
2026-08-10 05:34:11 [iter 12/60] self-play: 30/160 games...
2026-08-10 05:34:19   [GPU] 950,014 evals (21331 batches, avg 45/batch = 9% of 512, 4502 evals/s, 339 msg/s, 13.3 leaves/msg, 211s)
2026-08-10 05:34:31   [GPU] 1,000,042 evals (22477 batches, avg 44/batch = 9% of 512, 4494 evals/s, 339 msg/s, 13.3 leaves/msg, 223s)
2026-08-10 05:34:32 [iter 12/60] self-play: 35/160 games...
2026-08-10 05:34:43   [GPU] 1,050,052 evals (23671 batches, avg 44/batch = 9% of 512, 4470 evals/s, 337 msg/s, 13.3 leaves/msg, 235s)
2026-08-10 05:34:55   [GPU] 1,100,030 evals (24828 batches, avg 44/batch = 9% of 512, 4464 evals/s, 336 msg/s, 13.3 leaves/msg, 246s)
2026-08-10 05:35:05   [GPU] 1,150,051 evals (25913 batches, avg 44/batch = 9% of 512, 4473 evals/s, 337 msg/s, 13.3 leaves/msg, 257s)
2026-08-10 05:35:08 [iter 12/60] self-play: 40/160 games...
2026-08-10 05:35:17   [GPU] 1,200,007 evals (27126 batches, avg 44/batch = 9% of 512, 4459 evals/s, 337 msg/s, 13.2 leaves/msg, 269s)
2026-08-10 05:35:29   [GPU] 1,250,028 evals (28260 batches, avg 44/batch = 9% of 512, 4457 evals/s, 337 msg/s, 13.2 leaves/msg, 280s)
2026-08-10 05:35:32 [iter 12/60] self-play: 45/160 games...
2026-08-10 05:35:40   [GPU] 1,300,074 evals (29369 batches, avg 44/batch = 9% of 512, 4459 evals/s, 337 msg/s, 13.2 leaves/msg, 292s)
2026-08-10 05:35:53   [GPU] 1,350,024 evals (30627 batches, avg 44/batch = 9% of 512, 4435 evals/s, 336 msg/s, 13.2 leaves/msg, 304s)
2026-08-10 05:36:05   [GPU] 1,400,021 evals (31880 batches, avg 44/batch = 9% of 512, 4413 evals/s, 333 msg/s, 13.3 leaves/msg, 317s)
2026-08-10 05:36:14 [iter 12/60] self-play: 50/160 games...
2026-08-10 05:36:17   [GPU] 1,450,014 evals (33041 batches, avg 44/batch = 9% of 512, 4407 evals/s, 333 msg/s, 13.2 leaves/msg, 329s)
2026-08-10 05:36:29   [GPU] 1,500,008 evals (34203 batches, avg 44/batch = 9% of 512, 4403 evals/s, 332 msg/s, 13.3 leaves/msg, 341s)
2026-08-10 05:36:40 [iter 12/60] self-play: 55/160 games...
2026-08-10 05:36:40   [GPU] 1,550,015 evals (35323 batches, avg 44/batch = 9% of 512, 4403 evals/s, 332 msg/s, 13.3 leaves/msg, 352s)
2026-08-10 05:36:51   [GPU] 1,600,034 evals (36379 batches, avg 44/batch = 9% of 512, 4410 evals/s, 332 msg/s, 13.3 leaves/msg, 363s)
2026-08-10 05:37:03   [GPU] 1,650,019 evals (37598 batches, avg 44/batch = 9% of 512, 4398 evals/s, 331 msg/s, 13.3 leaves/msg, 375s)
2026-08-10 05:37:16   [GPU] 1,700,010 evals (38808 batches, avg 44/batch = 9% of 512, 4385 evals/s, 329 msg/s, 13.3 leaves/msg, 388s)
2026-08-10 05:37:27   [GPU] 1,750,027 evals (39938 batches, avg 44/batch = 9% of 512, 4388 evals/s, 329 msg/s, 13.3 leaves/msg, 399s)
2026-08-10 05:37:37 [iter 12/60] self-play: 60/160 games...
2026-08-10 05:37:39   [GPU] 1,800,002 evals (41129 batches, avg 44/batch = 9% of 512, 4382 evals/s, 329 msg/s, 13.3 leaves/msg, 411s)
2026-08-10 05:37:51   [GPU] 1,850,036 evals (42324 batches, avg 44/batch = 9% of 512, 4376 evals/s, 329 msg/s, 13.3 leaves/msg, 423s)
2026-08-10 05:38:04   [GPU] 1,900,042 evals (43581 batches, avg 44/batch = 9% of 512, 4363 evals/s, 328 msg/s, 13.3 leaves/msg, 435s)
2026-08-10 05:38:04 [iter 12/60] self-play: 65/160 games...
2026-08-10 05:38:16   [GPU] 1,950,037 evals (44784 batches, avg 44/batch = 9% of 512, 4355 evals/s, 327 msg/s, 13.3 leaves/msg, 448s)
2026-08-10 05:38:28   [GPU] 2,000,039 evals (45998 batches, avg 43/batch = 8% of 512, 4346 evals/s, 326 msg/s, 13.3 leaves/msg, 460s)
2026-08-10 05:38:30 [iter 12/60] self-play: 70/160 games...
2026-08-10 05:38:41   [GPU] 2,050,058 evals (47278 batches, avg 43/batch = 8% of 512, 4334 evals/s, 325 msg/s, 13.3 leaves/msg, 473s)
2026-08-10 05:38:53   [GPU] 2,100,018 evals (48412 batches, avg 43/batch = 8% of 512, 4336 evals/s, 325 msg/s, 13.3 leaves/msg, 484s)
2026-08-10 05:39:02   [GPU] 2,150,029 evals (49372 batches, avg 44/batch = 9% of 512, 4352 evals/s, 327 msg/s, 13.3 leaves/msg, 494s)
2026-08-10 05:39:12   [GPU] 2,200,004 evals (50382 batches, avg 44/batch = 9% of 512, 4363 evals/s, 328 msg/s, 13.3 leaves/msg, 504s)
2026-08-10 05:39:17 [iter 12/60] self-play: 75/160 games...
2026-08-10 05:39:24   [GPU] 2,250,043 evals (51550 batches, avg 44/batch = 9% of 512, 4362 evals/s, 329 msg/s, 13.3 leaves/msg, 516s)
2026-08-10 05:39:36   [GPU] 2,300,054 evals (52708 batches, avg 44/batch = 9% of 512, 4361 evals/s, 329 msg/s, 13.2 leaves/msg, 527s)
2026-08-10 05:39:47   [GPU] 2,350,001 evals (53856 batches, avg 44/batch = 9% of 512, 4364 evals/s, 330 msg/s, 13.2 leaves/msg, 539s)
2026-08-10 05:39:58 [iter 12/60] self-play: 80/160 games...
2026-08-10 05:39:58   [GPU] 2,400,019 evals (55017 batches, avg 44/batch = 9% of 512, 4364 evals/s, 330 msg/s, 13.2 leaves/msg, 550s)
2026-08-10 05:40:12   [GPU] 2,450,048 evals (56388 batches, avg 43/batch = 8% of 512, 4342 evals/s, 329 msg/s, 13.2 leaves/msg, 564s)
2026-08-10 05:40:26   [GPU] 2,500,023 evals (57685 batches, avg 43/batch = 8% of 512, 4328 evals/s, 327 msg/s, 13.2 leaves/msg, 578s)
2026-08-10 05:40:28 [iter 12/60] self-play: 85/160 games...
2026-08-10 05:40:38   [GPU] 2,550,024 evals (58905 batches, avg 43/batch = 8% of 512, 4323 evals/s, 327 msg/s, 13.2 leaves/msg, 590s)
2026-08-10 05:40:52   [GPU] 2,600,020 evals (60216 batches, avg 43/batch = 8% of 512, 4310 evals/s, 326 msg/s, 13.2 leaves/msg, 603s)
2026-08-10 05:41:01 [iter 12/60] self-play: 90/160 games...
2026-08-10 05:41:04   [GPU] 2,650,045 evals (61422 batches, avg 43/batch = 8% of 512, 4306 evals/s, 326 msg/s, 13.2 leaves/msg, 615s)
2026-08-10 05:41:18   [GPU] 2,700,004 evals (62782 batches, avg 43/batch = 8% of 512, 4290 evals/s, 325 msg/s, 13.2 leaves/msg, 629s)
2026-08-10 05:41:31   [GPU] 2,750,045 evals (64105 batches, avg 43/batch = 8% of 512, 4278 evals/s, 324 msg/s, 13.2 leaves/msg, 643s)
2026-08-10 05:41:33 [iter 12/60] self-play: 95/160 games...
2026-08-10 05:41:44   [GPU] 2,800,032 evals (65377 batches, avg 43/batch = 8% of 512, 4268 evals/s, 323 msg/s, 13.2 leaves/msg, 656s)
2026-08-10 05:41:57   [GPU] 2,850,017 evals (66611 batches, avg 43/batch = 8% of 512, 4263 evals/s, 323 msg/s, 13.2 leaves/msg, 669s)
2026-08-10 05:42:09   [GPU] 2,900,008 evals (67863 batches, avg 43/batch = 8% of 512, 4258 evals/s, 323 msg/s, 13.2 leaves/msg, 681s)
2026-08-10 05:42:14 [iter 12/60] self-play: 100/160 games...
2026-08-10 05:42:23   [GPU] 2,950,015 evals (69219 batches, avg 43/batch = 8% of 512, 4246 evals/s, 323 msg/s, 13.2 leaves/msg, 695s)
2026-08-10 05:42:34   [GPU] 3,000,015 evals (70358 batches, avg 43/batch = 8% of 512, 4251 evals/s, 323 msg/s, 13.1 leaves/msg, 706s)
2026-08-10 05:42:39 [iter 12/60] self-play: 105/160 games...
2026-08-10 05:42:47   [GPU] 3,050,004 evals (71691 batches, avg 43/batch = 8% of 512, 4243 evals/s, 324 msg/s, 13.1 leaves/msg, 719s)
2026-08-10 05:43:01   [GPU] 3,100,014 evals (73070 batches, avg 42/batch = 8% of 512, 4233 evals/s, 324 msg/s, 13.1 leaves/msg, 732s)
2026-08-10 05:43:03 [iter 12/60] self-play: 110/160 games...
2026-08-10 05:43:15   [GPU] 3,150,010 evals (74527 batches, avg 42/batch = 8% of 512, 4216 evals/s, 323 msg/s, 13.1 leaves/msg, 747s)
2026-08-10 05:43:26   [GPU] 3,200,025 evals (75663 batches, avg 42/batch = 8% of 512, 4220 evals/s, 323 msg/s, 13.1 leaves/msg, 758s)
2026-08-10 05:43:38 [iter 12/60] self-play: 115/160 games...
2026-08-10 05:43:39   [GPU] 3,250,036 evals (76933 batches, avg 42/batch = 8% of 512, 4217 evals/s, 324 msg/s, 13.0 leaves/msg, 771s)
2026-08-10 05:43:53   [GPU] 3,300,038 evals (78311 batches, avg 42/batch = 8% of 512, 4206 evals/s, 323 msg/s, 13.0 leaves/msg, 785s)
2026-08-10 05:44:05   [GPU] 3,350,054 evals (79569 batches, avg 42/batch = 8% of 512, 4203 evals/s, 323 msg/s, 13.0 leaves/msg, 797s)
2026-08-10 05:44:13 [iter 12/60] self-play: 120/160 games...
2026-08-10 05:44:15   [GPU] 3,400,037 evals (80577 batches, avg 42/batch = 8% of 512, 4213 evals/s, 324 msg/s, 13.0 leaves/msg, 807s)
2026-08-10 05:44:26   [GPU] 3,450,046 evals (81687 batches, avg 42/batch = 8% of 512, 4220 evals/s, 324 msg/s, 13.0 leaves/msg, 818s)
2026-08-10 05:44:36   [GPU] 3,500,015 evals (82803 batches, avg 42/batch = 8% of 512, 4226 evals/s, 325 msg/s, 13.0 leaves/msg, 828s)
2026-08-10 05:44:48   [GPU] 3,550,001 evals (83965 batches, avg 42/batch = 8% of 512, 4230 evals/s, 325 msg/s, 13.0 leaves/msg, 839s)
2026-08-10 05:44:56 [iter 12/60] self-play: 125/160 games...
2026-08-10 05:44:58   [GPU] 3,600,031 evals (85037 batches, avg 42/batch = 8% of 512, 4237 evals/s, 325 msg/s, 13.0 leaves/msg, 850s)
2026-08-10 05:45:09   [GPU] 3,650,007 evals (86147 batches, avg 42/batch = 8% of 512, 4241 evals/s, 326 msg/s, 13.0 leaves/msg, 861s)
2026-08-10 05:45:19   [GPU] 3,700,050 evals (87184 batches, avg 42/batch = 8% of 512, 4248 evals/s, 327 msg/s, 13.0 leaves/msg, 871s)
2026-08-10 05:45:31   [GPU] 3,750,013 evals (88394 batches, avg 42/batch = 8% of 512, 4249 evals/s, 327 msg/s, 13.0 leaves/msg, 883s)
2026-08-10 05:45:41 [iter 12/60] self-play: 130/160 games...
2026-08-10 05:45:42   [GPU] 3,800,027 evals (89561 batches, avg 42/batch = 8% of 512, 4251 evals/s, 327 msg/s, 13.0 leaves/msg, 894s)
2026-08-10 05:45:53   [GPU] 3,850,003 evals (90656 batches, avg 42/batch = 8% of 512, 4256 evals/s, 328 msg/s, 13.0 leaves/msg, 905s)
2026-08-10 05:46:04 [iter 12/60] self-play: 135/160 games...
2026-08-10 05:46:04   [GPU] 3,900,014 evals (91798 batches, avg 42/batch = 8% of 512, 4258 evals/s, 328 msg/s, 13.0 leaves/msg, 916s)
2026-08-10 05:46:16   [GPU] 3,950,049 evals (92977 batches, avg 42/batch = 8% of 512, 4258 evals/s, 328 msg/s, 13.0 leaves/msg, 928s)
2026-08-10 05:46:27   [GPU] 4,000,006 evals (94096 batches, avg 43/batch = 8% of 512, 4261 evals/s, 328 msg/s, 13.0 leaves/msg, 939s)
2026-08-10 05:46:32 [iter 12/60] self-play: 140/160 games...
2026-08-10 05:46:38   [GPU] 4,050,012 evals (95195 batches, avg 43/batch = 8% of 512, 4265 evals/s, 328 msg/s, 13.0 leaves/msg, 950s)
2026-08-10 05:46:49   [GPU] 4,100,025 evals (96280 batches, avg 43/batch = 8% of 512, 4269 evals/s, 328 msg/s, 13.0 leaves/msg, 960s)
2026-08-10 05:47:02   [GPU] 4,150,041 evals (97546 batches, avg 43/batch = 8% of 512, 4264 evals/s, 328 msg/s, 13.0 leaves/msg, 973s)
2026-08-10 05:47:14   [GPU] 4,200,059 evals (98764 batches, avg 43/batch = 8% of 512, 4261 evals/s, 328 msg/s, 13.0 leaves/msg, 986s)
2026-08-10 05:47:22 [iter 12/60] self-play: 145/160 games...
2026-08-10 05:47:25   [GPU] 4,250,024 evals (99919 batches, avg 43/batch = 8% of 512, 4263 evals/s, 328 msg/s, 13.0 leaves/msg, 997s)
2026-08-10 05:47:37   [GPU] 4,300,022 evals (101132 batches, avg 43/batch = 8% of 512, 4262 evals/s, 328 msg/s, 13.0 leaves/msg, 1009s)
2026-08-10 05:47:50   [GPU] 4,350,064 evals (102429 batches, avg 42/batch = 8% of 512, 4257 evals/s, 328 msg/s, 13.0 leaves/msg, 1022s)
2026-08-10 05:47:56 [iter 12/60] self-play: 150/160 games...
2026-08-10 05:48:03   [GPU] 4,400,008 evals (103744 batches, avg 42/batch = 8% of 512, 4252 evals/s, 327 msg/s, 13.0 leaves/msg, 1035s)
2026-08-10 05:48:15   [GPU] 4,450,024 evals (104993 batches, avg 42/batch = 8% of 512, 4250 evals/s, 327 msg/s, 13.0 leaves/msg, 1047s)
2026-08-10 05:48:28   [GPU] 4,500,052 evals (106250 batches, avg 42/batch = 8% of 512, 4248 evals/s, 327 msg/s, 13.0 leaves/msg, 1059s)
2026-08-10 05:48:44   [GPU] 4,550,006 evals (107887 batches, avg 42/batch = 8% of 512, 4228 evals/s, 326 msg/s, 13.0 leaves/msg, 1076s)
2026-08-10 05:49:01   [GPU] 4,600,021 evals (109579 batches, avg 42/batch = 8% of 512, 4211 evals/s, 325 msg/s, 13.0 leaves/msg, 1092s)
2026-08-10 05:49:16   [GPU] 4,650,003 evals (111173 batches, avg 42/batch = 8% of 512, 4199 evals/s, 325 msg/s, 12.9 leaves/msg, 1108s)
2026-08-10 05:49:26 [iter 12/60] self-play: 155/160 games...
2026-08-10 05:49:34   [GPU] 4,700,001 evals (112947 batches, avg 42/batch = 8% of 512, 4177 evals/s, 324 msg/s, 12.9 leaves/msg, 1125s)
2026-08-10 05:51:06   [GPU] 4,750,015 evals (116474 batches, avg 41/batch = 8% of 512, 3899 evals/s, 302 msg/s, 12.9 leaves/msg, 1218s)
2026-08-10 05:51:07 [iter 12/60] self-play: 160/160 games...
2026-08-10 05:51:08 [iter 12/60] self-play done: 160 games (1220s) | wins: P0=24, P1=105, draw=31 | draw_rate=19% avg_len~23
2026-08-10 05:51:08 [iter 12/60] search: expanded=9.6 actions/node visits/action=62.7 walls/game=7.68 first_wall_ply=0.925 learner_sims/s=4237.16
2026-08-10 05:51:08 [iter 12/60] training (600 steps, lr=9.27e-04)...
2026-08-10 05:51:16 [iter 12/60] training done: loss_p=1.157 loss_v=0.090 (8s)
2026-08-10 05:51:17 [iter 12/60] data: policy_wall_mass=0.172 walled_states=57% walls_on_board=13.6 value_mae walled=0.201 free=0.138
2026-08-10 05:51:18 [iter 12/60] eval vs best (40 games, 600 sims)...
2026-08-10 05:51:18 [EVAL-MP] 8 workers spawned (40 vs_best games, sims=600), GPU batcher starting...
2026-08-10 05:51:37   [GPU] 50,045 evals (1349 batches, avg 37/batch = 7% of 512, 2574 evals/s, 167 msg/s, 15.4 leaves/msg, 19s)
2026-08-10 05:51:53   [GPU] 100,027 evals (2662 batches, avg 38/batch = 7% of 512, 2862 evals/s, 186 msg/s, 15.4 leaves/msg, 35s)
2026-08-10 05:52:07   [GPU] 150,039 evals (3918 batches, avg 38/batch = 7% of 512, 3041 evals/s, 200 msg/s, 15.2 leaves/msg, 49s)
2026-08-10 05:52:22   [GPU] 200,009 evals (5184 batches, avg 39/batch = 8% of 512, 3132 evals/s, 211 msg/s, 14.9 leaves/msg, 64s)
2026-08-10 05:52:36   [GPU] 250,035 evals (6456 batches, avg 39/batch = 8% of 512, 3178 evals/s, 217 msg/s, 14.6 leaves/msg, 79s)
2026-08-10 05:52:50   [GPU] 300,009 evals (7651 batches, avg 39/batch = 8% of 512, 3238 evals/s, 226 msg/s, 14.3 leaves/msg, 93s)
2026-08-10 05:53:05   [GPU] 350,008 evals (8920 batches, avg 39/batch = 8% of 512, 3263 evals/s, 230 msg/s, 14.2 leaves/msg, 107s)
2026-08-10 05:53:19   [GPU] 400,013 evals (10161 batches, avg 39/batch = 8% of 512, 3288 evals/s, 234 msg/s, 14.1 leaves/msg, 122s)
2026-08-10 05:53:34   [GPU] 450,041 evals (11387 batches, avg 40/batch = 8% of 512, 3310 evals/s, 236 msg/s, 14.0 leaves/msg, 136s)
2026-08-10 05:53:48   [GPU] 500,031 evals (12631 batches, avg 40/batch = 8% of 512, 3328 evals/s, 239 msg/s, 13.9 leaves/msg, 150s)
2026-08-10 05:54:02   [GPU] 550,019 evals (13867 batches, avg 40/batch = 8% of 512, 3343 evals/s, 242 msg/s, 13.8 leaves/msg, 165s)
2026-08-10 05:54:16   [GPU] 600,025 evals (15088 batches, avg 40/batch = 8% of 512, 3356 evals/s, 244 msg/s, 13.7 leaves/msg, 179s)
2026-08-10 05:54:31   [GPU] 650,016 evals (16376 batches, avg 40/batch = 8% of 512, 3356 evals/s, 245 msg/s, 13.7 leaves/msg, 194s)
2026-08-10 05:54:47   [GPU] 700,002 evals (17708 batches, avg 40/batch = 8% of 512, 3345 evals/s, 245 msg/s, 13.7 leaves/msg, 209s)
2026-08-10 05:54:56 [iter 12/60] eval vs best: 5/40 games (219s, cand 80%)
2026-08-10 05:55:04   [GPU] 750,012 evals (19140 batches, avg 39/batch = 8% of 512, 3320 evals/s, 243 msg/s, 13.6 leaves/msg, 226s)
2026-08-10 05:55:21   [GPU] 800,000 evals (20583 batches, avg 39/batch = 8% of 512, 3289 evals/s, 241 msg/s, 13.6 leaves/msg, 243s)
2026-08-10 05:55:37   [GPU] 850,000 evals (21937 batches, avg 39/batch = 8% of 512, 3278 evals/s, 241 msg/s, 13.6 leaves/msg, 259s)
2026-08-10 05:55:53   [GPU] 900,000 evals (23275 batches, avg 39/batch = 8% of 512, 3272 evals/s, 241 msg/s, 13.6 leaves/msg, 275s)
2026-08-10 05:56:07   [GPU] 950,040 evals (24568 batches, avg 39/batch = 8% of 512, 3279 evals/s, 242 msg/s, 13.6 leaves/msg, 290s)
2026-08-10 05:56:22   [GPU] 1,000,019 evals (25853 batches, avg 39/batch = 8% of 512, 3284 evals/s, 243 msg/s, 13.5 leaves/msg, 304s)
2026-08-10 05:56:37   [GPU] 1,050,040 evals (27148 batches, avg 39/batch = 8% of 512, 3287 evals/s, 243 msg/s, 13.5 leaves/msg, 319s)
2026-08-10 05:56:52   [GPU] 1,100,016 evals (28454 batches, avg 39/batch = 8% of 512, 3292 evals/s, 244 msg/s, 13.5 leaves/msg, 334s)
2026-08-10 05:57:06   [GPU] 1,150,010 evals (29727 batches, avg 39/batch = 8% of 512, 3298 evals/s, 244 msg/s, 13.5 leaves/msg, 349s)
2026-08-10 05:57:21   [GPU] 1,200,018 evals (30990 batches, avg 39/batch = 8% of 512, 3303 evals/s, 245 msg/s, 13.5 leaves/msg, 363s)
2026-08-10 05:57:36   [GPU] 1,250,034 evals (32261 batches, avg 39/batch = 8% of 512, 3307 evals/s, 245 msg/s, 13.5 leaves/msg, 378s)
2026-08-10 05:57:51   [GPU] 1,300,022 evals (33597 batches, avg 39/batch = 8% of 512, 3307 evals/s, 246 msg/s, 13.4 leaves/msg, 393s)
2026-08-10 05:57:58 [iter 12/60] eval vs best: 10/40 games (401s, cand 90%)
2026-08-10 05:58:07   [GPU] 1,350,030 evals (35043 batches, avg 39/batch = 8% of 512, 3297 evals/s, 247 msg/s, 13.4 leaves/msg, 409s)
2026-08-10 05:58:24   [GPU] 1,400,012 evals (36485 batches, avg 38/batch = 7% of 512, 3287 evals/s, 247 msg/s, 13.3 leaves/msg, 426s)
2026-08-10 05:58:39   [GPU] 1,450,056 evals (37840 batches, avg 38/batch = 7% of 512, 3286 evals/s, 247 msg/s, 13.3 leaves/msg, 441s)
2026-08-10 05:58:52 [iter 12/60] eval vs best: 15/40 games (455s, cand 80%)
2026-08-10 05:58:54   [GPU] 1,500,000 evals (39179 batches, avg 38/batch = 7% of 512, 3284 evals/s, 247 msg/s, 13.3 leaves/msg, 457s)
2026-08-10 05:59:10   [GPU] 1,550,017 evals (40568 batches, avg 38/batch = 7% of 512, 3279 evals/s, 246 msg/s, 13.3 leaves/msg, 473s)
2026-08-10 05:59:26   [GPU] 1,600,007 evals (41870 batches, avg 38/batch = 7% of 512, 3279 evals/s, 246 msg/s, 13.3 leaves/msg, 488s)
2026-08-10 05:59:40   [GPU] 1,650,061 evals (43149 batches, avg 38/batch = 7% of 512, 3283 evals/s, 246 msg/s, 13.3 leaves/msg, 503s)
2026-08-10 05:59:54   [GPU] 1,700,031 evals (44335 batches, avg 38/batch = 7% of 512, 3291 evals/s, 247 msg/s, 13.3 leaves/msg, 517s)
2026-08-10 06:00:08   [GPU] 1,750,064 evals (45497 batches, avg 38/batch = 8% of 512, 3300 evals/s, 247 msg/s, 13.4 leaves/msg, 530s)
2026-08-10 06:00:22   [GPU] 1,800,001 evals (46646 batches, avg 39/batch = 8% of 512, 3308 evals/s, 247 msg/s, 13.4 leaves/msg, 544s)
2026-08-10 06:00:35   [GPU] 1,850,024 evals (47812 batches, avg 39/batch = 8% of 512, 3318 evals/s, 247 msg/s, 13.4 leaves/msg, 558s)
2026-08-10 06:00:49   [GPU] 1,900,009 evals (48968 batches, avg 39/batch = 8% of 512, 3327 evals/s, 247 msg/s, 13.5 leaves/msg, 571s)
2026-08-10 06:01:02   [GPU] 1,950,039 evals (50125 batches, avg 39/batch = 8% of 512, 3335 evals/s, 247 msg/s, 13.5 leaves/msg, 585s)
2026-08-10 06:01:17   [GPU] 2,000,017 evals (51390 batches, avg 39/batch = 8% of 512, 3337 evals/s, 247 msg/s, 13.5 leaves/msg, 599s)
2026-08-10 06:01:32   [GPU] 2,050,019 evals (52642 batches, avg 39/batch = 8% of 512, 3339 evals/s, 247 msg/s, 13.5 leaves/msg, 614s)
2026-08-10 06:01:47   [GPU] 2,100,042 evals (53945 batches, avg 39/batch = 8% of 512, 3339 evals/s, 247 msg/s, 13.5 leaves/msg, 629s)
2026-08-10 06:02:03   [GPU] 2,150,014 evals (55341 batches, avg 39/batch = 8% of 512, 3334 evals/s, 246 msg/s, 13.5 leaves/msg, 645s)
2026-08-10 06:02:10 [iter 12/60] eval vs best: 20/40 games (653s, cand 74%)
2026-08-10 06:02:19   [GPU] 2,200,044 evals (56779 batches, avg 39/batch = 8% of 512, 3327 evals/s, 246 msg/s, 13.5 leaves/msg, 661s)
2026-08-10 06:02:35   [GPU] 2,250,008 evals (58209 batches, avg 39/batch = 8% of 512, 3320 evals/s, 245 msg/s, 13.5 leaves/msg, 678s)
2026-08-10 06:02:51   [GPU] 2,300,013 evals (59576 batches, avg 39/batch = 8% of 512, 3316 evals/s, 245 msg/s, 13.5 leaves/msg, 694s)
2026-08-10 06:03:07   [GPU] 2,350,032 evals (60971 batches, avg 39/batch = 8% of 512, 3312 evals/s, 245 msg/s, 13.5 leaves/msg, 709s)
2026-08-10 06:03:23   [GPU] 2,400,007 evals (62344 batches, avg 38/batch = 8% of 512, 3310 evals/s, 245 msg/s, 13.5 leaves/msg, 725s)
2026-08-10 06:03:38   [GPU] 2,450,024 evals (63662 batches, avg 38/batch = 8% of 512, 3309 evals/s, 245 msg/s, 13.5 leaves/msg, 740s)
2026-08-10 06:03:53   [GPU] 2,500,038 evals (64971 batches, avg 38/batch = 8% of 512, 3310 evals/s, 245 msg/s, 13.5 leaves/msg, 755s)
2026-08-10 06:04:08   [GPU] 2,550,012 evals (66302 batches, avg 38/batch = 8% of 512, 3310 evals/s, 245 msg/s, 13.5 leaves/msg, 770s)
2026-08-10 06:04:23   [GPU] 2,600,026 evals (67620 batches, avg 38/batch = 8% of 512, 3311 evals/s, 245 msg/s, 13.5 leaves/msg, 785s)
2026-08-10 06:04:38   [GPU] 2,650,019 evals (68961 batches, avg 38/batch = 8% of 512, 3310 evals/s, 245 msg/s, 13.5 leaves/msg, 800s)
2026-08-10 06:04:46 [iter 12/60] eval vs best: 25/40 games (808s, cand 67%)
2026-08-10 06:04:54   [GPU] 2,700,022 evals (70353 batches, avg 38/batch = 7% of 512, 3308 evals/s, 245 msg/s, 13.5 leaves/msg, 816s)
2026-08-10 06:05:10   [GPU] 2,750,009 evals (71732 batches, avg 38/batch = 7% of 512, 3305 evals/s, 245 msg/s, 13.5 leaves/msg, 832s)
2026-08-10 06:05:25   [GPU] 2,800,019 evals (73066 batches, avg 38/batch = 7% of 512, 3304 evals/s, 245 msg/s, 13.5 leaves/msg, 847s)
2026-08-10 06:05:41   [GPU] 2,850,039 evals (74387 batches, avg 38/batch = 7% of 512, 3303 evals/s, 245 msg/s, 13.5 leaves/msg, 863s)
2026-08-10 06:05:56   [GPU] 2,900,038 evals (75746 batches, avg 38/batch = 7% of 512, 3301 evals/s, 244 msg/s, 13.5 leaves/msg, 879s)
2026-08-10 06:06:12   [GPU] 2,950,048 evals (77106 batches, avg 38/batch = 7% of 512, 3299 evals/s, 244 msg/s, 13.5 leaves/msg, 894s)
2026-08-10 06:06:27   [GPU] 3,000,035 evals (78457 batches, avg 38/batch = 7% of 512, 3298 evals/s, 244 msg/s, 13.5 leaves/msg, 910s)
2026-08-10 06:06:43   [GPU] 3,050,039 evals (79808 batches, avg 38/batch = 7% of 512, 3296 evals/s, 244 msg/s, 13.5 leaves/msg, 925s)
2026-08-10 06:06:54 [iter 12/60] eval vs best: 30/40 games (937s, cand 59%)
2026-08-10 06:06:58   [GPU] 3,100,015 evals (81155 batches, avg 38/batch = 7% of 512, 3296 evals/s, 244 msg/s, 13.5 leaves/msg, 940s)
2026-08-10 06:07:14   [GPU] 3,150,000 evals (82518 batches, avg 38/batch = 7% of 512, 3295 evals/s, 244 msg/s, 13.5 leaves/msg, 956s)
2026-08-10 06:07:29   [GPU] 3,200,003 evals (83848 batches, avg 38/batch = 7% of 512, 3295 evals/s, 244 msg/s, 13.5 leaves/msg, 971s)
2026-08-10 06:07:44   [GPU] 3,250,012 evals (85137 batches, avg 38/batch = 7% of 512, 3296 evals/s, 243 msg/s, 13.5 leaves/msg, 986s)
2026-08-10 06:08:00   [GPU] 3,300,055 evals (86535 batches, avg 38/batch = 7% of 512, 3294 evals/s, 243 msg/s, 13.6 leaves/msg, 1002s)
2026-08-10 06:08:16   [GPU] 3,350,007 evals (87958 batches, avg 38/batch = 7% of 512, 3291 evals/s, 243 msg/s, 13.5 leaves/msg, 1018s)
2026-08-10 06:08:25 [iter 12/60] eval vs best: 35/40 games (1027s, cand 58%)
2026-08-10 06:08:37   [GPU] 3,400,024 evals (89696 batches, avg 38/batch = 7% of 512, 3272 evals/s, 241 msg/s, 13.6 leaves/msg, 1039s)
2026-08-10 06:09:00   [GPU] 3,450,028 evals (91496 batches, avg 38/batch = 7% of 512, 3247 evals/s, 239 msg/s, 13.6 leaves/msg, 1062s)
2026-08-10 06:09:32   [GPU] 3,500,004 evals (93711 batches, avg 37/batch = 7% of 512, 3197 evals/s, 235 msg/s, 13.6 leaves/msg, 1095s)
2026-08-10 06:10:06   [GPU] 3,550,031 evals (95983 batches, avg 37/batch = 7% of 512, 3145 evals/s, 231 msg/s, 13.6 leaves/msg, 1129s)
2026-08-10 06:11:45   [GPU] 3,600,006 evals (99124 batches, avg 36/batch = 7% of 512, 2933 evals/s, 215 msg/s, 13.6 leaves/msg, 1227s)
2026-08-10 06:11:57 [iter 12/60] eval vs best: 40/40 games (1239s, cand 53%)
2026-08-10 06:11:57 [iter 12/60] eval vs best done: 52.6% of 38 decided, 35 adjudicated reject (1240s)
2026-08-10 06:11:57 [iter 12/60] eval vs random (8 games, 600 sims)...
2026-08-10 06:11:57 [EVAL-MP] 8 workers spawned (8 vs_random games, sims=600), GPU batcher starting...
2026-08-10 06:12:15   [GPU] 50,012 evals (1389 batches, avg 36/batch = 7% of 512, 2827 evals/s, 188 msg/s, 15.0 leaves/msg, 18s)
2026-08-10 06:12:30 [iter 12/60] eval vs random: 5/8 games (32s, cand 100%)
2026-08-10 06:12:34   [GPU] 100,017 evals (3107 batches, avg 32/batch = 6% of 512, 2701 evals/s, 187 msg/s, 14.4 leaves/msg, 37s)
2026-08-10 06:13:11   [GPU] 150,028 evals (5573 batches, avg 27/batch = 5% of 512, 2024 evals/s, 141 msg/s, 14.4 leaves/msg, 74s)
2026-08-10 06:13:28 [iter 12/60] eval vs random: 8/8 games (90s, cand 100%)
2026-08-10 06:13:28 [iter 12/60] eval vs random done: 100.0% (91s)
2026-08-10 06:13:28 [iter 12/60] eval vs greedy (80 games, 600 sims)...
2026-08-10 06:13:28 [EVAL-MP] 8 workers spawned (80 vs_greedy games, sims=600), GPU batcher starting...
2026-08-10 06:13:44   [GPU] 50,039 evals (1297 batches, avg 39/batch = 8% of 512, 3114 evals/s, 203 msg/s, 15.3 leaves/msg, 16s)
2026-08-10 06:13:54 [iter 12/60] eval vs greedy: 5/80 games (26s, cand 80%)
2026-08-10 06:13:56   [GPU] 100,015 evals (2487 batches, avg 40/batch = 8% of 512, 3561 evals/s, 248 msg/s, 14.4 leaves/msg, 28s)
2026-08-10 06:14:10   [GPU] 150,046 evals (3797 batches, avg 40/batch = 8% of 512, 3609 evals/s, 247 msg/s, 14.6 leaves/msg, 42s)
2026-08-10 06:14:13 [iter 12/60] eval vs greedy: 10/80 games (45s, cand 70%)
2026-08-10 06:14:22   [GPU] 200,000 evals (5032 batches, avg 40/batch = 8% of 512, 3700 evals/s, 255 msg/s, 14.5 leaves/msg, 54s)
2026-08-10 06:14:22 [iter 12/60] eval vs greedy: 15/80 games (54s, cand 67%)
2026-08-10 06:14:35   [GPU] 250,026 evals (6280 batches, avg 40/batch = 8% of 512, 3717 evals/s, 256 msg/s, 14.5 leaves/msg, 67s)
2026-08-10 06:14:37 [iter 12/60] eval vs greedy: 20/80 games (69s, cand 65%)
2026-08-10 06:14:48   [GPU] 300,036 evals (7548 batches, avg 40/batch = 8% of 512, 3730 evals/s, 259 msg/s, 14.4 leaves/msg, 80s)
2026-08-10 06:14:54 [iter 12/60] eval vs greedy: 25/80 games (86s, cand 68%)
2026-08-10 06:15:01   [GPU] 350,010 evals (8776 batches, avg 40/batch = 8% of 512, 3755 evals/s, 261 msg/s, 14.4 leaves/msg, 93s)
2026-08-10 06:15:08 [iter 12/60] eval vs greedy: 30/80 games (100s, cand 67%)
2026-08-10 06:15:14   [GPU] 400,062 evals (10015 batches, avg 40/batch = 8% of 512, 3774 evals/s, 262 msg/s, 14.4 leaves/msg, 106s)
2026-08-10 06:15:20 [iter 12/60] eval vs greedy: 35/80 games (112s, cand 63%)
2026-08-10 06:15:27   [GPU] 450,035 evals (11291 batches, avg 40/batch = 8% of 512, 3776 evals/s, 262 msg/s, 14.4 leaves/msg, 119s)
2026-08-10 06:15:37 [iter 12/60] eval vs greedy: 40/80 games (129s, cand 62%)
2026-08-10 06:15:40   [GPU] 500,000 evals (12509 batches, avg 40/batch = 8% of 512, 3799 evals/s, 263 msg/s, 14.4 leaves/msg, 132s)
2026-08-10 06:15:43 [iter 12/60] eval vs greedy: 45/80 games (135s, cand 64%)
2026-08-10 06:15:53   [GPU] 550,026 evals (13788 batches, avg 40/batch = 8% of 512, 3795 evals/s, 263 msg/s, 14.5 leaves/msg, 145s)
2026-08-10 06:16:01 [iter 12/60] eval vs greedy: 50/80 games (153s, cand 66%)
2026-08-10 06:16:06   [GPU] 600,010 evals (15039 batches, avg 40/batch = 8% of 512, 3804 evals/s, 264 msg/s, 14.4 leaves/msg, 158s)
2026-08-10 06:16:15 [iter 12/60] eval vs greedy: 55/80 games (167s, cand 65%)
2026-08-10 06:16:19   [GPU] 650,043 evals (16282 batches, avg 40/batch = 8% of 512, 3812 evals/s, 264 msg/s, 14.5 leaves/msg, 171s)
2026-08-10 06:16:25 [iter 12/60] eval vs greedy: 60/80 games (177s, cand 65%)
2026-08-10 06:16:31   [GPU] 700,028 evals (17529 batches, avg 40/batch = 8% of 512, 3819 evals/s, 264 msg/s, 14.4 leaves/msg, 183s)
2026-08-10 06:16:44   [GPU] 750,034 evals (18753 batches, avg 40/batch = 8% of 512, 3829 evals/s, 265 msg/s, 14.5 leaves/msg, 196s)
2026-08-10 06:16:45 [iter 12/60] eval vs greedy: 65/80 games (197s, cand 65%)
2026-08-10 06:16:55 [iter 12/60] eval vs greedy: 70/80 games (207s, cand 64%)
2026-08-10 06:16:57   [GPU] 800,055 evals (20032 batches, avg 40/batch = 8% of 512, 3820 evals/s, 264 msg/s, 14.5 leaves/msg, 209s)
2026-08-10 06:17:07 [iter 12/60] eval vs greedy: 75/80 games (219s, cand 67%)
2026-08-10 06:17:16   [GPU] 850,016 evals (21533 batches, avg 39/batch = 8% of 512, 3730 evals/s, 258 msg/s, 14.4 leaves/msg, 228s)
2026-08-10 06:17:24 [iter 12/60] eval vs greedy: 80/80 games (236s, cand 65%)
2026-08-10 06:17:25 [iter 12/60] eval vs greedy done: 65.0% of 80 decided [seat0:15/40 seat1:37/40] (237s)
2026-08-10 06:17:25 [iter 12/60] eval vs minimax (depth 2, 40 games)...
2026-08-10 06:17:25 [EVAL-MP] 8 workers spawned (40 vs_minimax games, sims=600), GPU batcher starting...
2026-08-10 06:17:42   [GPU] 50,018 evals (1397 batches, avg 36/batch = 7% of 512, 2857 evals/s, 186 msg/s, 15.4 leaves/msg, 18s)
2026-08-10 06:17:55   [GPU] 100,007 evals (2631 batches, avg 38/batch = 7% of 512, 3298 evals/s, 221 msg/s, 15.0 leaves/msg, 30s)
2026-08-10 06:18:05 [iter 12/60] eval vs minimax: 5/40 games (0%)
2026-08-10 06:18:07   [GPU] 150,037 evals (3865 batches, avg 39/batch = 8% of 512, 3499 evals/s, 244 msg/s, 14.3 leaves/msg, 43s)
2026-08-10 06:18:22   [GPU] 200,002 evals (5195 batches, avg 38/batch = 8% of 512, 3501 evals/s, 241 msg/s, 14.5 leaves/msg, 57s)
2026-08-10 06:18:35   [GPU] 250,000 evals (6514 batches, avg 38/batch = 7% of 512, 3543 evals/s, 249 msg/s, 14.2 leaves/msg, 71s)
2026-08-10 06:18:43 [iter 12/60] eval vs minimax: 10/40 games (0%)
2026-08-10 06:18:49   [GPU] 300,014 evals (7822 batches, avg 38/batch = 7% of 512, 3572 evals/s, 253 msg/s, 14.1 leaves/msg, 84s)
2026-08-10 06:19:01   [GPU] 350,039 evals (9070 batches, avg 39/batch = 8% of 512, 3616 evals/s, 257 msg/s, 14.1 leaves/msg, 97s)
2026-08-10 06:19:06 [iter 12/60] eval vs minimax: 15/40 games (0%)
2026-08-10 06:19:15   [GPU] 400,038 evals (10357 batches, avg 39/batch = 8% of 512, 3634 evals/s, 258 msg/s, 14.1 leaves/msg, 110s)
2026-08-10 06:19:28   [GPU] 450,036 evals (11649 batches, avg 39/batch = 8% of 512, 3642 evals/s, 258 msg/s, 14.1 leaves/msg, 124s)
2026-08-10 06:19:30 [iter 12/60] eval vs minimax: 20/40 games (0%)
2026-08-10 06:19:42   [GPU] 500,000 evals (12950 batches, avg 39/batch = 8% of 512, 3648 evals/s, 258 msg/s, 14.1 leaves/msg, 137s)
2026-08-10 06:19:54 [iter 12/60] eval vs minimax: 25/40 games (0%)
2026-08-10 06:19:54   [GPU] 550,011 evals (14213 batches, avg 39/batch = 8% of 512, 3672 evals/s, 260 msg/s, 14.1 leaves/msg, 150s)
2026-08-10 06:20:09   [GPU] 600,038 evals (15649 batches, avg 38/batch = 7% of 512, 3648 evals/s, 260 msg/s, 14.0 leaves/msg, 165s)
2026-08-10 06:20:18 [iter 12/60] eval vs minimax: 30/40 games (0%)
2026-08-10 06:20:28   [GPU] 650,000 evals (17296 batches, avg 38/batch = 7% of 512, 3539 evals/s, 252 msg/s, 14.0 leaves/msg, 184s)
2026-08-10 06:20:50   [GPU] 700,008 evals (19149 batches, avg 37/batch = 7% of 512, 3414 evals/s, 244 msg/s, 14.0 leaves/msg, 205s)
2026-08-10 06:21:11 [iter 12/60] eval vs minimax: 35/40 games (0%)
2026-08-10 06:21:14   [GPU] 750,002 evals (21091 batches, avg 36/batch = 7% of 512, 3276 evals/s, 233 msg/s, 14.1 leaves/msg, 229s)
2026-08-10 06:21:54   [GPU] 800,002 evals (23448 batches, avg 34/batch = 7% of 512, 2965 evals/s, 211 msg/s, 14.1 leaves/msg, 270s)
2026-08-10 06:21:59 [iter 12/60] eval vs minimax: 40/40 games (0%)
2026-08-10 06:22:00 [iter 12/60] eval vs minimax done: 0.0% of 35 decided [seat0:0/20 seat1:0/20] (275s)
2026-08-10 06:22:00 >>> iter 12 | loss_p=1.157 loss_v=0.090 | vs_best=52.6% reject | vs_rand=100.0% | draw=19% | buf=85408 | rss=2.83GB | sp=1220s train=8s eval_best=1240s eval_rand=91s | total=3071s
2026-08-10 06:22:00 [iter 13/60] self-play starting (160 games, 600 sims, MIXED 80/160 race-only)...
2026-08-10 06:22:00 [PARALLEL-MP] 8 workers spawned (160 games, sims=600), GPU batcher starting...
2026-08-10 06:22:12   [GPU] 50,010 evals (929 batches, avg 54/batch = 11% of 512, 4189 evals/s, 303 msg/s, 13.8 leaves/msg, 12s)
2026-08-10 06:22:20 [iter 13/60] self-play: 5/160 games...
2026-08-10 06:22:25   [GPU] 100,009 evals (2184 batches, avg 46/batch = 9% of 512, 3997 evals/s, 309 msg/s, 12.9 leaves/msg, 25s)
2026-08-10 06:22:38   [GPU] 150,027 evals (3455 batches, avg 43/batch = 8% of 512, 3908 evals/s, 292 msg/s, 13.4 leaves/msg, 38s)
2026-08-10 06:22:43 [iter 13/60] self-play: 10/160 games...
2026-08-10 06:22:51   [GPU] 200,037 evals (4697 batches, avg 43/batch = 8% of 512, 3938 evals/s, 294 msg/s, 13.4 leaves/msg, 51s)
2026-08-10 06:23:02   [GPU] 250,009 evals (5891 batches, avg 42/batch = 8% of 512, 3985 evals/s, 296 msg/s, 13.5 leaves/msg, 63s)
2026-08-10 06:23:13 [iter 13/60] self-play: 15/160 games...
2026-08-10 06:23:13   [GPU] 300,010 evals (7011 batches, avg 43/batch = 8% of 512, 4080 evals/s, 306 msg/s, 13.3 leaves/msg, 74s)
2026-08-10 06:23:22   [GPU] 350,007 evals (7932 batches, avg 44/batch = 9% of 512, 4236 evals/s, 318 msg/s, 13.3 leaves/msg, 83s)
2026-08-10 06:23:33   [GPU] 400,061 evals (9100 batches, avg 44/batch = 9% of 512, 4270 evals/s, 325 msg/s, 13.2 leaves/msg, 94s)
2026-08-10 06:23:45   [GPU] 450,011 evals (10282 batches, avg 44/batch = 9% of 512, 4293 evals/s, 326 msg/s, 13.2 leaves/msg, 105s)
2026-08-10 06:23:55   [GPU] 500,014 evals (11330 batches, avg 44/batch = 9% of 512, 4347 evals/s, 330 msg/s, 13.2 leaves/msg, 115s)
2026-08-10 06:24:02 [iter 13/60] self-play: 20/160 games...
2026-08-10 06:24:05   [GPU] 550,033 evals (12332 batches, avg 45/batch = 9% of 512, 4400 evals/s, 336 msg/s, 13.1 leaves/msg, 125s)
2026-08-10 06:24:15   [GPU] 600,066 evals (13373 batches, avg 45/batch = 9% of 512, 4450 evals/s, 339 msg/s, 13.1 leaves/msg, 135s)
2026-08-10 06:24:24   [GPU] 650,004 evals (14341 batches, avg 45/batch = 9% of 512, 4513 evals/s, 344 msg/s, 13.1 leaves/msg, 144s)
2026-08-10 06:24:34   [GPU] 700,000 evals (15350 batches, avg 46/batch = 9% of 512, 4551 evals/s, 347 msg/s, 13.1 leaves/msg, 154s)
2026-08-10 06:24:44   [GPU] 750,035 evals (16363 batches, avg 46/batch = 9% of 512, 4576 evals/s, 349 msg/s, 13.1 leaves/msg, 164s)
2026-08-10 06:24:47 [iter 13/60] self-play: 25/160 games...
2026-08-10 06:24:54   [GPU] 800,043 evals (17378 batches, avg 46/batch = 9% of 512, 4599 evals/s, 349 msg/s, 13.2 leaves/msg, 174s)
2026-08-10 06:25:04   [GPU] 850,083 evals (18463 batches, avg 46/batch = 9% of 512, 4605 evals/s, 350 msg/s, 13.2 leaves/msg, 185s)
2026-08-10 06:25:13 [iter 13/60] self-play: 30/160 games...
2026-08-10 06:25:16   [GPU] 900,025 evals (19588 batches, avg 46/batch = 9% of 512, 4596 evals/s, 351 msg/s, 13.1 leaves/msg, 196s)
2026-08-10 06:25:27   [GPU] 950,005 evals (20792 batches, avg 46/batch = 9% of 512, 4574 evals/s, 349 msg/s, 13.1 leaves/msg, 208s)
2026-08-10 06:25:38   [GPU] 1,000,032 evals (21791 batches, avg 46/batch = 9% of 512, 4591 evals/s, 350 msg/s, 13.1 leaves/msg, 218s)
2026-08-10 06:25:41 [iter 13/60] self-play: 35/160 games...
2026-08-10 06:25:49   [GPU] 1,050,019 evals (22910 batches, avg 46/batch = 9% of 512, 4586 evals/s, 350 msg/s, 13.1 leaves/msg, 229s)
2026-08-10 06:26:01   [GPU] 1,100,005 evals (24141 batches, avg 46/batch = 9% of 512, 4560 evals/s, 348 msg/s, 13.1 leaves/msg, 241s)
2026-08-10 06:26:12   [GPU] 1,150,029 evals (25247 batches, avg 46/batch = 9% of 512, 4563 evals/s, 349 msg/s, 13.1 leaves/msg, 252s)
2026-08-10 06:26:17 [iter 13/60] self-play: 40/160 games...
2026-08-10 06:26:23   [GPU] 1,200,015 evals (26358 batches, avg 46/batch = 9% of 512, 4558 evals/s, 349 msg/s, 13.1 leaves/msg, 263s)
2026-08-10 06:26:36   [GPU] 1,250,038 evals (27605 batches, avg 45/batch = 9% of 512, 4529 evals/s, 346 msg/s, 13.1 leaves/msg, 276s)
2026-08-10 06:26:46   [GPU] 1,300,025 evals (28688 batches, avg 45/batch = 9% of 512, 4535 evals/s, 345 msg/s, 13.1 leaves/msg, 287s)
2026-08-10 06:26:47 [iter 13/60] self-play: 45/160 games...
2026-08-10 06:26:57   [GPU] 1,350,048 evals (29716 batches, avg 45/batch = 9% of 512, 4544 evals/s, 346 msg/s, 13.1 leaves/msg, 297s)
2026-08-10 06:27:07   [GPU] 1,400,001 evals (30734 batches, avg 46/batch = 9% of 512, 4556 evals/s, 346 msg/s, 13.1 leaves/msg, 307s)
2026-08-10 06:27:18   [GPU] 1,450,014 evals (31869 batches, avg 45/batch = 9% of 512, 4549 evals/s, 346 msg/s, 13.2 leaves/msg, 319s)
2026-08-10 06:27:30   [GPU] 1,500,001 evals (33049 batches, avg 45/batch = 9% of 512, 4539 evals/s, 344 msg/s, 13.2 leaves/msg, 330s)
2026-08-10 06:27:41   [GPU] 1,550,009 evals (34191 batches, avg 45/batch = 9% of 512, 4536 evals/s, 344 msg/s, 13.2 leaves/msg, 342s)
2026-08-10 06:27:43 [iter 13/60] self-play: 50/160 games...
2026-08-10 06:27:53   [GPU] 1,600,016 evals (35339 batches, avg 45/batch = 9% of 512, 4532 evals/s, 345 msg/s, 13.2 leaves/msg, 353s)
2026-08-10 06:28:03   [GPU] 1,650,037 evals (36407 batches, avg 45/batch = 9% of 512, 4541 evals/s, 345 msg/s, 13.2 leaves/msg, 363s)
2026-08-10 06:28:11 [iter 13/60] self-play: 55/160 games...
2026-08-10 06:28:14   [GPU] 1,700,028 evals (37478 batches, avg 45/batch = 9% of 512, 4544 evals/s, 346 msg/s, 13.1 leaves/msg, 374s)
2026-08-10 06:28:26   [GPU] 1,750,015 evals (38674 batches, avg 45/batch = 9% of 512, 4531 evals/s, 346 msg/s, 13.1 leaves/msg, 386s)
2026-08-10 06:28:29 [iter 13/60] self-play: 60/160 games...
2026-08-10 06:28:38   [GPU] 1,800,015 evals (39840 batches, avg 45/batch = 9% of 512, 4520 evals/s, 345 msg/s, 13.1 leaves/msg, 398s)
2026-08-10 06:28:49   [GPU] 1,850,023 evals (40935 batches, avg 45/batch = 9% of 512, 4522 evals/s, 346 msg/s, 13.1 leaves/msg, 409s)
2026-08-10 06:28:51 [iter 13/60] self-play: 65/160 games...
2026-08-10 06:29:01   [GPU] 1,900,006 evals (42096 batches, avg 45/batch = 9% of 512, 4513 evals/s, 346 msg/s, 13.0 leaves/msg, 421s)
2026-08-10 06:29:05 [iter 13/60] self-play: 70/160 games...
2026-08-10 06:29:12   [GPU] 1,950,004 evals (43203 batches, avg 45/batch = 9% of 512, 4509 evals/s, 346 msg/s, 13.0 leaves/msg, 432s)
2026-08-10 06:29:23   [GPU] 2,000,021 evals (44269 batches, avg 45/batch = 9% of 512, 4513 evals/s, 346 msg/s, 13.1 leaves/msg, 443s)
2026-08-10 06:29:27 [iter 13/60] self-play: 75/160 games...
2026-08-10 06:29:35   [GPU] 2,050,025 evals (45406 batches, avg 45/batch = 9% of 512, 4507 evals/s, 345 msg/s, 13.0 leaves/msg, 455s)
2026-08-10 06:29:47   [GPU] 2,100,027 evals (46623 batches, avg 45/batch = 9% of 512, 4494 evals/s, 344 msg/s, 13.1 leaves/msg, 467s)
2026-08-10 06:29:47 [iter 13/60] self-play: 80/160 games...
2026-08-10 06:29:58   [GPU] 2,150,000 evals (47726 batches, avg 45/batch = 9% of 512, 4493 evals/s, 343 msg/s, 13.1 leaves/msg, 479s)
2026-08-10 06:30:10   [GPU] 2,200,054 evals (48912 batches, avg 45/batch = 9% of 512, 4483 evals/s, 342 msg/s, 13.1 leaves/msg, 491s)
2026-08-10 06:30:22   [GPU] 2,250,054 evals (50048 batches, avg 45/batch = 9% of 512, 4481 evals/s, 342 msg/s, 13.1 leaves/msg, 502s)
2026-08-10 06:30:32   [GPU] 2,300,006 evals (51048 batches, avg 45/batch = 9% of 512, 4491 evals/s, 342 msg/s, 13.1 leaves/msg, 512s)
2026-08-10 06:30:37 [iter 13/60] self-play: 85/160 games...
2026-08-10 06:30:44   [GPU] 2,350,010 evals (52263 batches, avg 45/batch = 9% of 512, 4482 evals/s, 342 msg/s, 13.1 leaves/msg, 524s)
2026-08-10 06:30:56   [GPU] 2,400,010 evals (53505 batches, avg 45/batch = 9% of 512, 4475 evals/s, 341 msg/s, 13.1 leaves/msg, 536s)
2026-08-10 06:31:08   [GPU] 2,450,004 evals (54753 batches, avg 45/batch = 9% of 512, 4467 evals/s, 341 msg/s, 13.1 leaves/msg, 548s)
2026-08-10 06:31:19   [GPU] 2,500,000 evals (55836 batches, avg 45/batch = 9% of 512, 4473 evals/s, 341 msg/s, 13.1 leaves/msg, 559s)
2026-08-10 06:31:29   [GPU] 2,550,060 evals (56857 batches, avg 45/batch = 9% of 512, 4482 evals/s, 342 msg/s, 13.1 leaves/msg, 569s)
2026-08-10 06:31:39   [GPU] 2,600,037 evals (57874 batches, avg 45/batch = 9% of 512, 4487 evals/s, 343 msg/s, 13.1 leaves/msg, 579s)
2026-08-10 06:31:51   [GPU] 2,650,021 evals (59129 batches, avg 45/batch = 9% of 512, 4479 evals/s, 343 msg/s, 13.1 leaves/msg, 592s)
2026-08-10 06:32:02   [GPU] 2,700,001 evals (60199 batches, avg 45/batch = 9% of 512, 4485 evals/s, 343 msg/s, 13.1 leaves/msg, 602s)
2026-08-10 06:32:07 [iter 13/60] self-play: 90/160 games...
2026-08-10 06:32:12   [GPU] 2,750,020 evals (61274 batches, avg 45/batch = 9% of 512, 4489 evals/s, 344 msg/s, 13.1 leaves/msg, 613s)
2026-08-10 06:32:23   [GPU] 2,800,025 evals (62421 batches, avg 45/batch = 9% of 512, 4491 evals/s, 344 msg/s, 13.1 leaves/msg, 623s)
2026-08-10 06:32:33   [GPU] 2,850,020 evals (63494 batches, avg 45/batch = 9% of 512, 4498 evals/s, 345 msg/s, 13.1 leaves/msg, 634s)
2026-08-10 06:32:36 [iter 13/60] self-play: 95/160 games...
2026-08-10 06:32:43   [GPU] 2,900,027 evals (64493 batches, avg 45/batch = 9% of 512, 4507 evals/s, 345 msg/s, 13.1 leaves/msg, 643s)
2026-08-10 06:32:48 [iter 13/60] self-play: 100/160 games...
2026-08-10 06:32:54   [GPU] 2,950,031 evals (65636 batches, avg 45/batch = 9% of 512, 4506 evals/s, 345 msg/s, 13.1 leaves/msg, 655s)
2026-08-10 06:33:06   [GPU] 3,000,055 evals (66751 batches, avg 45/batch = 9% of 512, 4506 evals/s, 345 msg/s, 13.1 leaves/msg, 666s)
2026-08-10 06:33:17 [iter 13/60] self-play: 105/160 games...
2026-08-10 06:33:17   [GPU] 3,050,002 evals (67895 batches, avg 45/batch = 9% of 512, 4503 evals/s, 345 msg/s, 13.1 leaves/msg, 677s)
2026-08-10 06:33:28   [GPU] 3,100,059 evals (69016 batches, avg 45/batch = 9% of 512, 4504 evals/s, 345 msg/s, 13.1 leaves/msg, 688s)
2026-08-10 06:33:40   [GPU] 3,150,005 evals (70198 batches, avg 45/batch = 9% of 512, 4501 evals/s, 345 msg/s, 13.0 leaves/msg, 700s)
2026-08-10 06:33:49   [GPU] 3,200,002 evals (71199 batches, avg 45/batch = 9% of 512, 4509 evals/s, 346 msg/s, 13.0 leaves/msg, 710s)
2026-08-10 06:33:53 [iter 13/60] self-play: 110/160 games...
2026-08-10 06:34:01   [GPU] 3,250,051 evals (72421 batches, avg 45/batch = 9% of 512, 4505 evals/s, 346 msg/s, 13.0 leaves/msg, 721s)
2026-08-10 06:34:14   [GPU] 3,300,010 evals (73691 batches, avg 45/batch = 9% of 512, 4495 evals/s, 345 msg/s, 13.0 leaves/msg, 734s)
2026-08-10 06:34:26   [GPU] 3,350,047 evals (74902 batches, avg 45/batch = 9% of 512, 4492 evals/s, 346 msg/s, 13.0 leaves/msg, 746s)
2026-08-10 06:34:37   [GPU] 3,400,012 evals (76125 batches, avg 45/batch = 9% of 512, 4488 evals/s, 346 msg/s, 13.0 leaves/msg, 758s)
2026-08-10 06:34:47   [GPU] 3,450,051 evals (77185 batches, avg 45/batch = 9% of 512, 4494 evals/s, 347 msg/s, 13.0 leaves/msg, 768s)
2026-08-10 06:34:52 [iter 13/60] self-play: 115/160 games...
2026-08-10 06:34:59   [GPU] 3,500,000 evals (78361 batches, avg 45/batch = 9% of 512, 4493 evals/s, 347 msg/s, 12.9 leaves/msg, 779s)
2026-08-10 06:35:11   [GPU] 3,550,004 evals (79589 batches, avg 45/batch = 9% of 512, 4489 evals/s, 347 msg/s, 12.9 leaves/msg, 791s)
2026-08-10 06:35:22 [iter 13/60] self-play: 120/160 games...
2026-08-10 06:35:23   [GPU] 3,600,031 evals (80796 batches, avg 45/batch = 9% of 512, 4482 evals/s, 347 msg/s, 12.9 leaves/msg, 803s)
2026-08-10 06:35:35   [GPU] 3,650,013 evals (82030 batches, avg 44/batch = 9% of 512, 4475 evals/s, 347 msg/s, 12.9 leaves/msg, 816s)
2026-08-10 06:35:48   [GPU] 3,700,008 evals (83210 batches, avg 44/batch = 9% of 512, 4469 evals/s, 347 msg/s, 12.9 leaves/msg, 828s)
2026-08-10 06:35:48 [iter 13/60] self-play: 125/160 games...
2026-08-10 06:36:00   [GPU] 3,750,041 evals (84449 batches, avg 44/batch = 9% of 512, 4462 evals/s, 346 msg/s, 12.9 leaves/msg, 840s)
2026-08-10 06:36:14   [GPU] 3,800,014 evals (85831 batches, avg 44/batch = 9% of 512, 4447 evals/s, 346 msg/s, 12.9 leaves/msg, 854s)
2026-08-10 06:36:15 [iter 13/60] self-play: 130/160 games...
2026-08-10 06:36:29   [GPU] 3,850,003 evals (87297 batches, avg 44/batch = 9% of 512, 4427 evals/s, 344 msg/s, 12.9 leaves/msg, 870s)
2026-08-10 06:36:43   [GPU] 3,900,025 evals (88605 batches, avg 44/batch = 9% of 512, 4415 evals/s, 343 msg/s, 12.9 leaves/msg, 883s)
2026-08-10 06:36:50 [iter 13/60] self-play: 135/160 games...
2026-08-10 06:36:56   [GPU] 3,950,008 evals (89839 batches, avg 44/batch = 9% of 512, 4408 evals/s, 343 msg/s, 12.9 leaves/msg, 896s)
2026-08-10 06:37:07   [GPU] 4,000,022 evals (90947 batches, avg 44/batch = 9% of 512, 4409 evals/s, 343 msg/s, 12.9 leaves/msg, 907s)
2026-08-10 06:37:18   [GPU] 4,050,032 evals (92086 batches, avg 44/batch = 9% of 512, 4409 evals/s, 343 msg/s, 12.8 leaves/msg, 919s)
2026-08-10 06:37:30   [GPU] 4,100,013 evals (93285 batches, avg 44/batch = 9% of 512, 4407 evals/s, 343 msg/s, 12.9 leaves/msg, 930s)
2026-08-10 06:37:41 [iter 13/60] self-play: 140/160 games...
2026-08-10 06:37:41   [GPU] 4,150,029 evals (94383 batches, avg 44/batch = 9% of 512, 4410 evals/s, 343 msg/s, 12.8 leaves/msg, 941s)
2026-08-10 06:37:53   [GPU] 4,200,039 evals (95654 batches, avg 44/batch = 9% of 512, 4405 evals/s, 343 msg/s, 12.8 leaves/msg, 953s)
2026-08-10 06:38:03 [iter 13/60] self-play: 145/160 games...
2026-08-10 06:38:07   [GPU] 4,250,003 evals (97058 batches, avg 44/batch = 9% of 512, 4394 evals/s, 343 msg/s, 12.8 leaves/msg, 967s)
2026-08-10 06:38:23   [GPU] 4,300,009 evals (98655 batches, avg 44/batch = 9% of 512, 4373 evals/s, 342 msg/s, 12.8 leaves/msg, 983s)
2026-08-10 06:38:29 [iter 13/60] self-play: 150/160 games...
2026-08-10 06:38:40   [GPU] 4,350,014 evals (100322 batches, avg 43/batch = 8% of 512, 4350 evals/s, 341 msg/s, 12.7 leaves/msg, 1000s)
2026-08-10 06:38:55   [GPU] 4,400,019 evals (101813 batches, avg 43/batch = 8% of 512, 4336 evals/s, 341 msg/s, 12.7 leaves/msg, 1015s)
2026-08-10 06:39:12   [GPU] 4,450,010 evals (103536 batches, avg 43/batch = 8% of 512, 4312 evals/s, 340 msg/s, 12.7 leaves/msg, 1032s)
2026-08-10 06:39:33   [GPU] 4,500,003 evals (105627 batches, avg 43/batch = 8% of 512, 4273 evals/s, 338 msg/s, 12.6 leaves/msg, 1053s)
2026-08-10 06:39:50 [iter 13/60] self-play: 155/160 games...
2026-08-10 06:39:58   [GPU] 4,550,001 evals (108063 batches, avg 42/batch = 8% of 512, 4220 evals/s, 336 msg/s, 12.5 leaves/msg, 1078s)
2026-08-10 06:40:37   [GPU] 4,600,001 evals (111359 batches, avg 41/batch = 8% of 512, 4118 evals/s, 330 msg/s, 12.5 leaves/msg, 1117s)
2026-08-10 06:41:16   [GPU] 4,650,020 evals (114691 batches, avg 41/batch = 8% of 512, 4022 evals/s, 324 msg/s, 12.4 leaves/msg, 1156s)
2026-08-10 06:42:10   [GPU] 4,700,000 evals (118660 batches, avg 40/batch = 8% of 512, 3885 evals/s, 315 msg/s, 12.3 leaves/msg, 1210s)
2026-08-10 06:43:35 [iter 13/60] self-play: 160/160 games...
2026-08-10 06:43:36 [iter 13/60] self-play done: 160 games (1296s) | wins: P0=22, P1=107, draw=31 | draw_rate=19% avg_len~23
2026-08-10 06:43:36 [iter 13/60] search: expanded=8.4 actions/node visits/action=71.3 walls/game=7.88 first_wall_ply=1.025 learner_sims/s=4013.59
2026-08-10 06:43:36 [iter 13/60] training (600 steps, lr=9.14e-04)...
2026-08-10 06:43:44 [iter 13/60] training done: loss_p=1.162 loss_v=0.089 (8s)
2026-08-10 06:43:45 [iter 13/60] data: policy_wall_mass=0.176 walled_states=58% walls_on_board=15.1 value_mae walled=0.180 free=0.104
2026-08-10 06:43:45 [iter 13/60] eval skipped (eval_every=4)
2026-08-10 06:43:45 >>> iter 13 | loss_p=1.162 loss_v=0.089 | vs_best=n/a (not evaluated) | vs_rand=n/a | draw=19% | buf=92824 | rss=2.88GB | sp=1296s train=8s eval_best=0s eval_rand=0s | total=1306s
2026-08-10 06:43:45 [iter 14/60] self-play starting (160 games, 600 sims, MIXED 80/160 race-only)...
2026-08-10 06:43:45 [PARALLEL-MP] 8 workers spawned (160 games, sims=600), GPU batcher starting...
2026-08-10 06:43:58   [GPU] 50,047 evals (916 batches, avg 55/batch = 11% of 512, 3998 evals/s, 302 msg/s, 13.3 leaves/msg, 13s)
2026-08-10 06:44:05 [iter 14/60] self-play: 5/160 games...
2026-08-10 06:44:10   [GPU] 100,018 evals (2053 batches, avg 49/batch = 10% of 512, 4070 evals/s, 307 msg/s, 13.3 leaves/msg, 25s)
2026-08-10 06:44:23   [GPU] 150,016 evals (3291 batches, avg 46/batch = 9% of 512, 3955 evals/s, 299 msg/s, 13.2 leaves/msg, 38s)
2026-08-10 06:44:33 [iter 14/60] self-play: 10/160 games...
2026-08-10 06:44:35   [GPU] 200,007 evals (4451 batches, avg 45/batch = 9% of 512, 3995 evals/s, 298 msg/s, 13.4 leaves/msg, 50s)
2026-08-10 06:44:50   [GPU] 250,001 evals (5838 batches, avg 43/batch = 8% of 512, 3857 evals/s, 288 msg/s, 13.4 leaves/msg, 65s)
2026-08-10 06:45:03   [GPU] 300,010 evals (7018 batches, avg 43/batch = 8% of 512, 3888 evals/s, 291 msg/s, 13.4 leaves/msg, 77s)
2026-08-10 06:45:13 [iter 14/60] self-play: 15/160 games...
2026-08-10 06:45:13   [GPU] 350,020 evals (8114 batches, avg 43/batch = 8% of 512, 3983 evals/s, 302 msg/s, 13.2 leaves/msg, 88s)
2026-08-10 06:45:25   [GPU] 400,024 evals (9271 batches, avg 43/batch = 8% of 512, 4022 evals/s, 307 msg/s, 13.1 leaves/msg, 99s)
2026-08-10 06:45:38   [GPU] 450,037 evals (10559 batches, avg 43/batch = 8% of 512, 4005 evals/s, 307 msg/s, 13.0 leaves/msg, 112s)
2026-08-10 06:45:49   [GPU] 500,004 evals (11749 batches, avg 43/batch = 8% of 512, 4037 evals/s, 310 msg/s, 13.0 leaves/msg, 124s)
2026-08-10 06:45:56 [iter 14/60] self-play: 20/160 games...
2026-08-10 06:46:00   [GPU] 550,029 evals (12908 batches, avg 43/batch = 8% of 512, 4080 evals/s, 316 msg/s, 12.9 leaves/msg, 135s)
2026-08-10 06:46:11   [GPU] 600,012 evals (13982 batches, avg 43/batch = 8% of 512, 4134 evals/s, 319 msg/s, 13.0 leaves/msg, 145s)
2026-08-10 06:46:16 [iter 14/60] self-play: 25/160 games...
2026-08-10 06:46:22   [GPU] 650,023 evals (15163 batches, avg 43/batch = 8% of 512, 4152 evals/s, 322 msg/s, 12.9 leaves/msg, 157s)
2026-08-10 06:46:35   [GPU] 700,025 evals (16450 batches, avg 43/batch = 8% of 512, 4135 evals/s, 321 msg/s, 12.9 leaves/msg, 169s)
2026-08-10 06:46:42 [iter 14/60] self-play: 30/160 games...
2026-08-10 06:46:48   [GPU] 750,009 evals (17808 batches, avg 42/batch = 8% of 512, 4098 evals/s, 317 msg/s, 12.9 leaves/msg, 183s)
2026-08-10 06:47:01   [GPU] 800,004 evals (19104 batches, avg 42/batch = 8% of 512, 4085 evals/s, 315 msg/s, 13.0 leaves/msg, 196s)
2026-08-10 06:47:12   [GPU] 850,036 evals (20192 batches, avg 42/batch = 8% of 512, 4116 evals/s, 317 msg/s, 13.0 leaves/msg, 207s)
2026-08-10 06:47:23   [GPU] 900,061 evals (21291 batches, avg 42/batch = 8% of 512, 4135 evals/s, 319 msg/s, 13.0 leaves/msg, 218s)
2026-08-10 06:47:34   [GPU] 950,019 evals (22421 batches, avg 42/batch = 8% of 512, 4161 evals/s, 320 msg/s, 13.0 leaves/msg, 228s)
2026-08-10 06:47:44   [GPU] 1,000,020 evals (23491 batches, avg 43/batch = 8% of 512, 4193 evals/s, 321 msg/s, 13.1 leaves/msg, 238s)
2026-08-10 06:47:54   [GPU] 1,050,036 evals (24555 batches, avg 43/batch = 8% of 512, 4223 evals/s, 323 msg/s, 13.1 leaves/msg, 249s)
2026-08-10 06:48:03 [iter 14/60] self-play: 35/160 games...
2026-08-10 06:48:04   [GPU] 1,100,026 evals (25631 batches, avg 43/batch = 8% of 512, 4247 evals/s, 325 msg/s, 13.1 leaves/msg, 259s)
2026-08-10 06:48:15   [GPU] 1,150,038 evals (26748 batches, avg 43/batch = 8% of 512, 4262 evals/s, 326 msg/s, 13.1 leaves/msg, 270s)
2026-08-10 06:48:25   [GPU] 1,200,010 evals (27820 batches, avg 43/batch = 8% of 512, 4284 evals/s, 328 msg/s, 13.0 leaves/msg, 280s)
2026-08-10 06:48:27 [iter 14/60] self-play: 40/160 games...
2026-08-10 06:48:36   [GPU] 1,250,035 evals (28893 batches, avg 43/batch = 8% of 512, 4296 evals/s, 328 msg/s, 13.1 leaves/msg, 291s)
2026-08-10 06:48:46 [iter 14/60] self-play: 45/160 games...
2026-08-10 06:48:47   [GPU] 1,300,043 evals (29962 batches, avg 43/batch = 8% of 512, 4309 evals/s, 329 msg/s, 13.1 leaves/msg, 302s)
2026-08-10 06:48:57   [GPU] 1,350,015 evals (30992 batches, avg 44/batch = 9% of 512, 4327 evals/s, 330 msg/s, 13.1 leaves/msg, 312s)
2026-08-10 06:49:09   [GPU] 1,400,040 evals (32124 batches, avg 44/batch = 9% of 512, 4331 evals/s, 330 msg/s, 13.1 leaves/msg, 323s)
2026-08-10 06:49:12 [iter 14/60] self-play: 50/160 games...
2026-08-10 06:49:20   [GPU] 1,450,051 evals (33275 batches, avg 44/batch = 9% of 512, 4333 evals/s, 331 msg/s, 13.1 leaves/msg, 335s)
2026-08-10 06:49:29 [iter 14/60] self-play: 55/160 games...
2026-08-10 06:49:32   [GPU] 1,500,020 evals (34514 batches, avg 43/batch = 8% of 512, 4325 evals/s, 331 msg/s, 13.1 leaves/msg, 347s)
2026-08-10 06:49:44   [GPU] 1,550,030 evals (35646 batches, avg 43/batch = 8% of 512, 4325 evals/s, 331 msg/s, 13.1 leaves/msg, 358s)
2026-08-10 06:49:56   [GPU] 1,600,029 evals (36854 batches, avg 43/batch = 8% of 512, 4319 evals/s, 330 msg/s, 13.1 leaves/msg, 370s)
2026-08-10 06:50:04 [iter 14/60] self-play: 60/160 games...
2026-08-10 06:50:06   [GPU] 1,650,008 evals (37835 batches, avg 44/batch = 9% of 512, 4335 evals/s, 331 msg/s, 13.1 leaves/msg, 381s)
2026-08-10 06:50:16   [GPU] 1,700,073 evals (38797 batches, avg 44/batch = 9% of 512, 4355 evals/s, 332 msg/s, 13.1 leaves/msg, 390s)
2026-08-10 06:50:27   [GPU] 1,750,045 evals (39925 batches, avg 44/batch = 9% of 512, 4360 evals/s, 333 msg/s, 13.1 leaves/msg, 401s)
2026-08-10 06:50:38   [GPU] 1,800,007 evals (41099 batches, avg 44/batch = 9% of 512, 4360 evals/s, 332 msg/s, 13.1 leaves/msg, 413s)
2026-08-10 06:50:42 [iter 14/60] self-play: 65/160 games...
2026-08-10 06:50:49   [GPU] 1,850,019 evals (42143 batches, avg 44/batch = 9% of 512, 4372 evals/s, 332 msg/s, 13.2 leaves/msg, 423s)
2026-08-10 06:51:00   [GPU] 1,900,034 evals (43306 batches, avg 44/batch = 9% of 512, 4371 evals/s, 332 msg/s, 13.2 leaves/msg, 435s)
2026-08-10 06:51:09 [iter 14/60] self-play: 70/160 games...
2026-08-10 06:51:12   [GPU] 1,950,022 evals (44498 batches, avg 44/batch = 9% of 512, 4366 evals/s, 332 msg/s, 13.2 leaves/msg, 447s)
2026-08-10 06:51:25   [GPU] 2,000,011 evals (45784 batches, avg 44/batch = 9% of 512, 4353 evals/s, 330 msg/s, 13.2 leaves/msg, 459s)
2026-08-10 06:51:36   [GPU] 2,050,033 evals (46951 batches, avg 44/batch = 9% of 512, 4353 evals/s, 330 msg/s, 13.2 leaves/msg, 471s)
2026-08-10 06:51:49   [GPU] 2,100,003 evals (48145 batches, avg 44/batch = 9% of 512, 4347 evals/s, 330 msg/s, 13.2 leaves/msg, 483s)
2026-08-10 06:51:50 [iter 14/60] self-play: 75/160 games...
2026-08-10 06:52:03   [GPU] 2,150,041 evals (49572 batches, avg 43/batch = 8% of 512, 4317 evals/s, 327 msg/s, 13.2 leaves/msg, 498s)
2026-08-10 06:52:17   [GPU] 2,200,031 evals (50871 batches, avg 43/batch = 8% of 512, 4302 evals/s, 326 msg/s, 13.2 leaves/msg, 511s)
2026-08-10 06:52:29   [GPU] 2,250,044 evals (52091 batches, avg 43/batch = 8% of 512, 4298 evals/s, 326 msg/s, 13.2 leaves/msg, 524s)
2026-08-10 06:52:42   [GPU] 2,300,022 evals (53392 batches, avg 43/batch = 8% of 512, 4283 evals/s, 325 msg/s, 13.2 leaves/msg, 537s)
2026-08-10 06:52:53 [iter 14/60] self-play: 80/160 games...
2026-08-10 06:52:56   [GPU] 2,350,020 evals (54703 batches, avg 43/batch = 8% of 512, 4271 evals/s, 324 msg/s, 13.2 leaves/msg, 550s)
2026-08-10 06:53:09   [GPU] 2,400,049 evals (56021 batches, avg 43/batch = 8% of 512, 4260 evals/s, 324 msg/s, 13.2 leaves/msg, 563s)
2026-08-10 06:53:16 [iter 14/60] self-play: 85/160 games...
2026-08-10 06:53:21   [GPU] 2,450,015 evals (57241 batches, avg 43/batch = 8% of 512, 4258 evals/s, 324 msg/s, 13.1 leaves/msg, 575s)
2026-08-10 06:53:32   [GPU] 2,500,046 evals (58373 batches, avg 43/batch = 8% of 512, 4262 evals/s, 324 msg/s, 13.1 leaves/msg, 587s)
2026-08-10 06:53:46   [GPU] 2,550,035 evals (59773 batches, avg 43/batch = 8% of 512, 4245 evals/s, 324 msg/s, 13.1 leaves/msg, 601s)
2026-08-10 06:53:53 [iter 14/60] self-play: 90/160 games...
2026-08-10 06:53:59   [GPU] 2,600,005 evals (61054 batches, avg 43/batch = 8% of 512, 4237 evals/s, 324 msg/s, 13.1 leaves/msg, 614s)
2026-08-10 06:54:07 [iter 14/60] self-play: 95/160 games...
2026-08-10 06:54:13   [GPU] 2,650,022 evals (62436 batches, avg 42/batch = 8% of 512, 4221 evals/s, 323 msg/s, 13.1 leaves/msg, 628s)
2026-08-10 06:54:27   [GPU] 2,700,041 evals (63728 batches, avg 42/batch = 8% of 512, 4211 evals/s, 322 msg/s, 13.1 leaves/msg, 641s)
2026-08-10 06:54:42   [GPU] 2,750,012 evals (65184 batches, avg 42/batch = 8% of 512, 4188 evals/s, 320 msg/s, 13.1 leaves/msg, 657s)
2026-08-10 06:54:55   [GPU] 2,800,025 evals (66492 batches, avg 42/batch = 8% of 512, 4179 evals/s, 319 msg/s, 13.1 leaves/msg, 670s)
2026-08-10 06:55:00 [iter 14/60] self-play: 100/160 games...
2026-08-10 06:55:10   [GPU] 2,850,017 evals (67896 batches, avg 42/batch = 8% of 512, 4165 evals/s, 318 msg/s, 13.1 leaves/msg, 684s)
2026-08-10 06:55:25   [GPU] 2,900,031 evals (69420 batches, avg 42/batch = 8% of 512, 4143 evals/s, 317 msg/s, 13.1 leaves/msg, 700s)
2026-08-10 06:55:41   [GPU] 2,950,008 evals (70904 batches, avg 42/batch = 8% of 512, 4125 evals/s, 316 msg/s, 13.1 leaves/msg, 715s)
2026-08-10 06:55:56   [GPU] 3,000,038 evals (72391 batches, avg 41/batch = 8% of 512, 4107 evals/s, 314 msg/s, 13.1 leaves/msg, 731s)
2026-08-10 06:56:10   [GPU] 3,050,005 evals (73708 batches, avg 41/batch = 8% of 512, 4096 evals/s, 314 msg/s, 13.1 leaves/msg, 745s)
2026-08-10 06:56:22   [GPU] 3,100,003 evals (74890 batches, avg 41/batch = 8% of 512, 4099 evals/s, 314 msg/s, 13.1 leaves/msg, 756s)
2026-08-10 06:56:35   [GPU] 3,150,021 evals (76163 batches, avg 41/batch = 8% of 512, 4095 evals/s, 314 msg/s, 13.1 leaves/msg, 769s)
2026-08-10 06:56:42 [iter 14/60] self-play: 105/160 games...
2026-08-10 06:56:47   [GPU] 3,200,000 evals (77356 batches, avg 41/batch = 8% of 512, 4095 evals/s, 314 msg/s, 13.1 leaves/msg, 781s)
2026-08-10 06:56:59   [GPU] 3,250,034 evals (78546 batches, avg 41/batch = 8% of 512, 4097 evals/s, 314 msg/s, 13.1 leaves/msg, 793s)
2026-08-10 06:57:11   [GPU] 3,300,024 evals (79773 batches, avg 41/batch = 8% of 512, 4097 evals/s, 314 msg/s, 13.1 leaves/msg, 806s)
2026-08-10 06:57:16 [iter 14/60] self-play: 110/160 games...
2026-08-10 06:57:24   [GPU] 3,350,001 evals (81053 batches, avg 41/batch = 8% of 512, 4092 evals/s, 313 msg/s, 13.1 leaves/msg, 819s)
2026-08-10 06:57:36 [iter 14/60] self-play: 115/160 games...
2026-08-10 06:57:37   [GPU] 3,400,011 evals (82306 batches, avg 41/batch = 8% of 512, 4089 evals/s, 313 msg/s, 13.1 leaves/msg, 832s)
2026-08-10 06:57:50   [GPU] 3,450,005 evals (83555 batches, avg 41/batch = 8% of 512, 4086 evals/s, 313 msg/s, 13.1 leaves/msg, 844s)
2026-08-10 06:57:59 [iter 14/60] self-play: 120/160 games...
2026-08-10 06:58:02   [GPU] 3,500,028 evals (84785 batches, avg 41/batch = 8% of 512, 4087 evals/s, 313 msg/s, 13.1 leaves/msg, 856s)
2026-08-10 06:58:12   [GPU] 3,550,015 evals (85859 batches, avg 41/batch = 8% of 512, 4095 evals/s, 313 msg/s, 13.1 leaves/msg, 867s)
2026-08-10 06:58:23   [GPU] 3,600,018 evals (86980 batches, avg 41/batch = 8% of 512, 4100 evals/s, 314 msg/s, 13.1 leaves/msg, 878s)
2026-08-10 06:58:34   [GPU] 3,650,038 evals (88050 batches, avg 41/batch = 8% of 512, 4108 evals/s, 314 msg/s, 13.1 leaves/msg, 888s)
2026-08-10 06:58:45   [GPU] 3,700,058 evals (89131 batches, avg 42/batch = 8% of 512, 4115 evals/s, 315 msg/s, 13.1 leaves/msg, 899s)
2026-08-10 06:58:55   [GPU] 3,750,061 evals (90237 batches, avg 42/batch = 8% of 512, 4123 evals/s, 315 msg/s, 13.1 leaves/msg, 910s)
2026-08-10 06:59:02 [iter 14/60] self-play: 125/160 games...
2026-08-10 06:59:06   [GPU] 3,800,046 evals (91340 batches, avg 42/batch = 8% of 512, 4128 evals/s, 316 msg/s, 13.1 leaves/msg, 920s)
2026-08-10 06:59:18   [GPU] 3,850,008 evals (92525 batches, avg 42/batch = 8% of 512, 4129 evals/s, 317 msg/s, 13.0 leaves/msg, 932s)
2026-08-10 06:59:30   [GPU] 3,900,046 evals (93768 batches, avg 42/batch = 8% of 512, 4127 evals/s, 316 msg/s, 13.0 leaves/msg, 945s)
2026-08-10 06:59:41 [iter 14/60] self-play: 130/160 games...
2026-08-10 06:59:41   [GPU] 3,950,014 evals (94866 batches, avg 42/batch = 8% of 512, 4133 evals/s, 317 msg/s, 13.0 leaves/msg, 956s)
2026-08-10 06:59:53   [GPU] 4,000,017 evals (96115 batches, avg 42/batch = 8% of 512, 4132 evals/s, 317 msg/s, 13.0 leaves/msg, 968s)
2026-08-10 07:00:01 [iter 14/60] self-play: 135/160 games...
2026-08-10 07:00:05   [GPU] 4,050,033 evals (97315 batches, avg 42/batch = 8% of 512, 4135 evals/s, 317 msg/s, 13.0 leaves/msg, 980s)
2026-08-10 07:00:18   [GPU] 4,100,033 evals (98572 batches, avg 42/batch = 8% of 512, 4132 evals/s, 318 msg/s, 13.0 leaves/msg, 992s)
2026-08-10 07:00:23 [iter 14/60] self-play: 140/160 games...
2026-08-10 07:00:31   [GPU] 4,150,011 evals (99866 batches, avg 42/batch = 8% of 512, 4128 evals/s, 317 msg/s, 13.0 leaves/msg, 1005s)
2026-08-10 07:00:43   [GPU] 4,200,010 evals (101033 batches, avg 42/batch = 8% of 512, 4129 evals/s, 317 msg/s, 13.0 leaves/msg, 1017s)
2026-08-10 07:00:56   [GPU] 4,250,047 evals (102326 batches, avg 42/batch = 8% of 512, 4125 evals/s, 317 msg/s, 13.0 leaves/msg, 1030s)
2026-08-10 07:01:08   [GPU] 4,300,003 evals (103547 batches, avg 42/batch = 8% of 512, 4126 evals/s, 317 msg/s, 13.0 leaves/msg, 1042s)
2026-08-10 07:01:19   [GPU] 4,350,028 evals (104736 batches, avg 42/batch = 8% of 512, 4129 evals/s, 317 msg/s, 13.0 leaves/msg, 1053s)
2026-08-10 07:01:31   [GPU] 4,400,025 evals (105981 batches, avg 42/batch = 8% of 512, 4130 evals/s, 317 msg/s, 13.0 leaves/msg, 1065s)
2026-08-10 07:01:42 [iter 14/60] self-play: 145/160 games...
2026-08-10 07:01:42   [GPU] 4,450,002 evals (107154 batches, avg 42/batch = 8% of 512, 4134 evals/s, 317 msg/s, 13.0 leaves/msg, 1076s)
2026-08-10 07:01:53   [GPU] 4,500,052 evals (108312 batches, avg 42/batch = 8% of 512, 4139 evals/s, 318 msg/s, 13.0 leaves/msg, 1087s)
2026-08-10 07:01:58 [iter 14/60] self-play: 150/160 games...
2026-08-10 07:02:03   [GPU] 4,550,005 evals (109421 batches, avg 42/batch = 8% of 512, 4145 evals/s, 319 msg/s, 13.0 leaves/msg, 1098s)
2026-08-10 07:02:14   [GPU] 4,600,057 evals (110502 batches, avg 42/batch = 8% of 512, 4151 evals/s, 319 msg/s, 13.0 leaves/msg, 1108s)
2026-08-10 07:02:22 [iter 14/60] self-play: 155/160 games...
2026-08-10 07:02:31   [GPU] 4,650,004 evals (112143 batches, avg 41/batch = 8% of 512, 4131 evals/s, 318 msg/s, 13.0 leaves/msg, 1126s)
2026-08-10 07:03:10   [GPU] 4,700,012 evals (114725 batches, avg 41/batch = 8% of 512, 4035 evals/s, 310 msg/s, 13.0 leaves/msg, 1165s)
2026-08-10 07:03:46   [GPU] 4,750,005 evals (117477 batches, avg 40/batch = 8% of 512, 3955 evals/s, 304 msg/s, 13.0 leaves/msg, 1201s)
2026-08-10 07:04:29   [GPU] 4,800,013 evals (120312 batches, avg 40/batch = 8% of 512, 3859 evals/s, 296 msg/s, 13.0 leaves/msg, 1244s)
2026-08-10 07:05:13 [iter 14/60] self-play: 160/160 games...
2026-08-10 07:05:13 [iter 14/60] self-play done: 160 games (1288s) | wins: P0=21, P1=106, draw=33 | draw_rate=21% avg_len~22
2026-08-10 07:05:13 [iter 14/60] search: expanded=9.9 actions/node visits/action=60.7 walls/game=7.61 first_wall_ply=0.95 learner_sims/s=4074.12
2026-08-10 07:05:13 [iter 14/60] WARNING: draw_rate 21% > 20% — games timing out at max_game_moves=160 (weak value signal).
2026-08-10 07:05:13 [iter 14/60] training (600 steps, lr=9.00e-04)...
2026-08-10 07:05:22 [iter 14/60] training done: loss_p=1.150 loss_v=0.091 (8s)
2026-08-10 07:05:23 [iter 14/60] data: policy_wall_mass=0.172 walled_states=55% walls_on_board=13.0 value_mae walled=0.181 free=0.077
2026-08-10 07:05:24 [iter 14/60] eval skipped (eval_every=4)
2026-08-10 07:05:24 >>> iter 14 | loss_p=1.150 loss_v=0.091 | vs_best=n/a (not evaluated) | vs_rand=n/a | draw=21% | buf=99756 | rss=2.94GB | sp=1288s train=8s eval_best=0s eval_rand=0s | total=1298s
2026-08-10 07:05:24 [iter 15/60] self-play starting (160 games, 600 sims, MIXED 80/160 race-only)...
2026-08-10 07:05:24 [PARALLEL-MP] 8 workers spawned (160 games, sims=600), GPU batcher starting...
2026-08-10 07:05:37   [GPU] 50,043 evals (1000 batches, avg 50/batch = 10% of 512, 3843 evals/s, 295 msg/s, 13.0 leaves/msg, 13s)
2026-08-10 07:05:40 [iter 15/60] self-play: 5/160 games...
2026-08-10 07:05:49   [GPU] 100,011 evals (2205 batches, avg 45/batch = 9% of 512, 3887 evals/s, 291 msg/s, 13.4 leaves/msg, 26s)
2026-08-10 07:06:03   [GPU] 150,008 evals (3471 batches, avg 43/batch = 8% of 512, 3836 evals/s, 281 msg/s, 13.6 leaves/msg, 39s)
2026-08-10 07:06:09 [iter 15/60] self-play: 10/160 games...
2026-08-10 07:06:16   [GPU] 200,037 evals (4761 batches, avg 42/batch = 8% of 512, 3798 evals/s, 278 msg/s, 13.7 leaves/msg, 53s)
2026-08-10 07:06:30   [GPU] 250,021 evals (6038 batches, avg 41/batch = 8% of 512, 3780 evals/s, 273 msg/s, 13.8 leaves/msg, 66s)
2026-08-10 07:06:42   [GPU] 300,019 evals (7229 batches, avg 42/batch = 8% of 512, 3852 evals/s, 281 msg/s, 13.7 leaves/msg, 78s)
2026-08-10 07:06:50 [iter 15/60] self-play: 15/160 games...
2026-08-10 07:06:54   [GPU] 350,044 evals (8417 batches, avg 42/batch = 8% of 512, 3893 evals/s, 286 msg/s, 13.6 leaves/msg, 90s)
2026-08-10 07:07:05   [GPU] 400,051 evals (9572 batches, avg 42/batch = 8% of 512, 3934 evals/s, 288 msg/s, 13.6 leaves/msg, 102s)
2026-08-10 07:07:17   [GPU] 450,000 evals (10711 batches, avg 42/batch = 8% of 512, 3983 evals/s, 292 msg/s, 13.7 leaves/msg, 113s)
2026-08-10 07:07:28   [GPU] 500,036 evals (11864 batches, avg 42/batch = 8% of 512, 4015 evals/s, 295 msg/s, 13.6 leaves/msg, 125s)
2026-08-10 07:07:34 [iter 15/60] self-play: 20/160 games...
2026-08-10 07:07:39   [GPU] 550,039 evals (12953 batches, avg 42/batch = 8% of 512, 4057 evals/s, 299 msg/s, 13.6 leaves/msg, 136s)
2026-08-10 07:07:51   [GPU] 600,014 evals (14059 batches, avg 43/batch = 8% of 512, 4074 evals/s, 301 msg/s, 13.5 leaves/msg, 147s)
2026-08-10 07:08:03 [iter 15/60] self-play: 25/160 games...
2026-08-10 07:08:04   [GPU] 650,050 evals (15321 batches, avg 42/batch = 8% of 512, 4052 evals/s, 298 msg/s, 13.6 leaves/msg, 160s)
2026-08-10 07:08:16   [GPU] 700,040 evals (16517 batches, avg 42/batch = 8% of 512, 4057 evals/s, 298 msg/s, 13.6 leaves/msg, 173s)
2026-08-10 07:08:28   [GPU] 750,003 evals (17678 batches, avg 42/batch = 8% of 512, 4064 evals/s, 298 msg/s, 13.6 leaves/msg, 185s)
2026-08-10 07:08:35 [iter 15/60] self-play: 30/160 games...
2026-08-10 07:08:41   [GPU] 800,033 evals (18901 batches, avg 42/batch = 8% of 512, 4057 evals/s, 298 msg/s, 13.6 leaves/msg, 197s)
2026-08-10 07:08:53   [GPU] 850,042 evals (20058 batches, avg 42/batch = 8% of 512, 4058 evals/s, 297 msg/s, 13.6 leaves/msg, 209s)
2026-08-10 07:09:06   [GPU] 900,007 evals (21246 batches, avg 42/batch = 8% of 512, 4058 evals/s, 297 msg/s, 13.6 leaves/msg, 222s)
2026-08-10 07:09:06 [iter 15/60] self-play: 35/160 games...
2026-08-10 07:09:18   [GPU] 950,018 evals (22478 batches, avg 42/batch = 8% of 512, 4054 evals/s, 297 msg/s, 13.7 leaves/msg, 234s)
2026-08-10 07:09:30   [GPU] 1,000,036 evals (23689 batches, avg 42/batch = 8% of 512, 4055 evals/s, 297 msg/s, 13.6 leaves/msg, 247s)
2026-08-10 07:09:31 [iter 15/60] self-play: 40/160 games...
2026-08-10 07:09:42   [GPU] 1,050,028 evals (24902 batches, avg 42/batch = 8% of 512, 4058 evals/s, 298 msg/s, 13.6 leaves/msg, 259s)
2026-08-10 07:09:55   [GPU] 1,100,030 evals (26137 batches, avg 42/batch = 8% of 512, 4058 evals/s, 297 msg/s, 13.6 leaves/msg, 271s)
2026-08-10 07:10:06   [GPU] 1,150,020 evals (27308 batches, avg 42/batch = 8% of 512, 4072 evals/s, 299 msg/s, 13.6 leaves/msg, 282s)
2026-08-10 07:10:18   [GPU] 1,200,043 evals (28522 batches, avg 42/batch = 8% of 512, 4074 evals/s, 299 msg/s, 13.6 leaves/msg, 295s)
2026-08-10 07:10:30   [GPU] 1,250,007 evals (29783 batches, avg 42/batch = 8% of 512, 4079 evals/s, 300 msg/s, 13.6 leaves/msg, 306s)
2026-08-10 07:10:42   [GPU] 1,300,017 evals (31006 batches, avg 42/batch = 8% of 512, 4086 evals/s, 301 msg/s, 13.6 leaves/msg, 318s)
2026-08-10 07:10:51 [iter 15/60] self-play: 45/160 games...
2026-08-10 07:10:53   [GPU] 1,350,004 evals (32134 batches, avg 42/batch = 8% of 512, 4102 evals/s, 303 msg/s, 13.5 leaves/msg, 329s)
2026-08-10 07:11:04   [GPU] 1,400,026 evals (33264 batches, avg 42/batch = 8% of 512, 4117 evals/s, 304 msg/s, 13.5 leaves/msg, 340s)
2026-08-10 07:11:16   [GPU] 1,450,027 evals (34505 batches, avg 42/batch = 8% of 512, 4113 evals/s, 304 msg/s, 13.5 leaves/msg, 353s)
2026-08-10 07:11:28   [GPU] 1,500,014 evals (35741 batches, avg 42/batch = 8% of 512, 4115 evals/s, 304 msg/s, 13.5 leaves/msg, 365s)
2026-08-10 07:11:36 [iter 15/60] self-play: 50/160 games...
2026-08-10 07:11:40   [GPU] 1,550,044 evals (36902 batches, avg 42/batch = 8% of 512, 4123 evals/s, 305 msg/s, 13.5 leaves/msg, 376s)
2026-08-10 07:11:52   [GPU] 1,600,027 evals (38130 batches, avg 42/batch = 8% of 512, 4124 evals/s, 306 msg/s, 13.5 leaves/msg, 388s)
2026-08-10 07:12:02 [iter 15/60] self-play: 55/160 games...
2026-08-10 07:12:03   [GPU] 1,650,027 evals (39283 batches, avg 42/batch = 8% of 512, 4129 evals/s, 307 msg/s, 13.4 leaves/msg, 400s)
2026-08-10 07:12:15   [GPU] 1,700,027 evals (40432 batches, avg 42/batch = 8% of 512, 4136 evals/s, 308 msg/s, 13.4 leaves/msg, 411s)
2026-08-10 07:12:27   [GPU] 1,750,017 evals (41638 batches, avg 42/batch = 8% of 512, 4137 evals/s, 308 msg/s, 13.4 leaves/msg, 423s)
2026-08-10 07:12:35 [iter 15/60] self-play: 60/160 games...
2026-08-10 07:12:39   [GPU] 1,800,047 evals (42832 batches, avg 42/batch = 8% of 512, 4140 evals/s, 309 msg/s, 13.4 leaves/msg, 435s)
2026-08-10 07:12:50   [GPU] 1,850,005 evals (43960 batches, avg 42/batch = 8% of 512, 4149 evals/s, 310 msg/s, 13.4 leaves/msg, 446s)
2026-08-10 07:13:02   [GPU] 1,900,014 evals (45158 batches, avg 42/batch = 8% of 512, 4149 evals/s, 310 msg/s, 13.4 leaves/msg, 458s)
2026-08-10 07:13:02 [iter 15/60] self-play: 65/160 games...
2026-08-10 07:13:13   [GPU] 1,950,015 evals (46217 batches, avg 42/batch = 8% of 512, 4160 evals/s, 311 msg/s, 13.4 leaves/msg, 469s)
2026-08-10 07:13:23   [GPU] 2,000,001 evals (47317 batches, avg 42/batch = 8% of 512, 4170 evals/s, 312 msg/s, 13.4 leaves/msg, 480s)
2026-08-10 07:13:35   [GPU] 2,050,024 evals (48431 batches, avg 42/batch = 8% of 512, 4176 evals/s, 312 msg/s, 13.4 leaves/msg, 491s)
2026-08-10 07:13:46   [GPU] 2,100,026 evals (49599 batches, avg 42/batch = 8% of 512, 4179 evals/s, 312 msg/s, 13.4 leaves/msg, 503s)
2026-08-10 07:13:54 [iter 15/60] self-play: 70/160 games...
2026-08-10 07:13:58   [GPU] 2,150,008 evals (50754 batches, avg 42/batch = 8% of 512, 4183 evals/s, 312 msg/s, 13.4 leaves/msg, 514s)
2026-08-10 07:14:08   [GPU] 2,200,043 evals (51793 batches, avg 42/batch = 8% of 512, 4198 evals/s, 312 msg/s, 13.4 leaves/msg, 524s)
2026-08-10 07:14:18   [GPU] 2,250,009 evals (52780 batches, avg 43/batch = 8% of 512, 4214 evals/s, 314 msg/s, 13.4 leaves/msg, 534s)
2026-08-10 07:14:21 [iter 15/60] self-play: 75/160 games...
2026-08-10 07:14:29   [GPU] 2,300,053 evals (53863 batches, avg 43/batch = 8% of 512, 4221 evals/s, 315 msg/s, 13.4 leaves/msg, 545s)
2026-08-10 07:14:37 [iter 15/60] self-play: 80/160 games...
2026-08-10 07:14:39   [GPU] 2,350,006 evals (54928 batches, avg 43/batch = 8% of 512, 4230 evals/s, 316 msg/s, 13.4 leaves/msg, 556s)
2026-08-10 07:14:51   [GPU] 2,400,018 evals (56091 batches, avg 43/batch = 8% of 512, 4233 evals/s, 316 msg/s, 13.4 leaves/msg, 567s)
2026-08-10 07:15:02   [GPU] 2,450,007 evals (57223 batches, avg 43/batch = 8% of 512, 4238 evals/s, 316 msg/s, 13.4 leaves/msg, 578s)
2026-08-10 07:15:09 [iter 15/60] self-play: 85/160 games...
2026-08-10 07:15:13   [GPU] 2,500,037 evals (58347 batches, avg 43/batch = 8% of 512, 4244 evals/s, 316 msg/s, 13.4 leaves/msg, 589s)
2026-08-10 07:15:24   [GPU] 2,550,027 evals (59457 batches, avg 43/batch = 8% of 512, 4250 evals/s, 317 msg/s, 13.4 leaves/msg, 600s)
2026-08-10 07:15:29 [iter 15/60] self-play: 90/160 games...
2026-08-10 07:15:34   [GPU] 2,600,033 evals (60509 batches, avg 43/batch = 8% of 512, 4261 evals/s, 318 msg/s, 13.4 leaves/msg, 610s)
2026-08-10 07:15:46   [GPU] 2,650,002 evals (61681 batches, avg 43/batch = 8% of 512, 4260 evals/s, 318 msg/s, 13.4 leaves/msg, 622s)
2026-08-10 07:15:48 [iter 15/60] self-play: 95/160 games...
2026-08-10 07:15:58   [GPU] 2,700,052 evals (62855 batches, avg 43/batch = 8% of 512, 4258 evals/s, 318 msg/s, 13.4 leaves/msg, 634s)
2026-08-10 07:16:11   [GPU] 2,750,024 evals (64109 batches, avg 43/batch = 8% of 512, 4250 evals/s, 317 msg/s, 13.4 leaves/msg, 647s)
2026-08-10 07:16:21 [iter 15/60] self-play: 100/160 games...
2026-08-10 07:16:23   [GPU] 2,800,016 evals (65292 batches, avg 43/batch = 8% of 512, 4250 evals/s, 317 msg/s, 13.4 leaves/msg, 659s)
2026-08-10 07:16:35   [GPU] 2,850,011 evals (66503 batches, avg 43/batch = 8% of 512, 4248 evals/s, 317 msg/s, 13.4 leaves/msg, 671s)
2026-08-10 07:16:47   [GPU] 2,900,065 evals (67756 batches, avg 43/batch = 8% of 512, 4244 evals/s, 317 msg/s, 13.4 leaves/msg, 683s)
2026-08-10 07:16:59   [GPU] 2,950,039 evals (68946 batches, avg 43/batch = 8% of 512, 4242 evals/s, 317 msg/s, 13.4 leaves/msg, 695s)
2026-08-10 07:17:01 [iter 15/60] self-play: 105/160 games...
2026-08-10 07:17:09   [GPU] 3,000,041 evals (69979 batches, avg 43/batch = 8% of 512, 4254 evals/s, 318 msg/s, 13.4 leaves/msg, 705s)
2026-08-10 07:17:19   [GPU] 3,050,044 evals (71075 batches, avg 43/batch = 8% of 512, 4262 evals/s, 319 msg/s, 13.4 leaves/msg, 716s)
2026-08-10 07:17:29   [GPU] 3,100,029 evals (72115 batches, avg 43/batch = 8% of 512, 4272 evals/s, 319 msg/s, 13.4 leaves/msg, 726s)
2026-08-10 07:17:31 [iter 15/60] self-play: 110/160 games...
2026-08-10 07:17:41   [GPU] 3,150,005 evals (73288 batches, avg 43/batch = 8% of 512, 4274 evals/s, 320 msg/s, 13.4 leaves/msg, 737s)
2026-08-10 07:17:51   [GPU] 3,200,003 evals (74404 batches, avg 43/batch = 8% of 512, 4280 evals/s, 320 msg/s, 13.4 leaves/msg, 748s)
2026-08-10 07:18:01   [GPU] 3,250,015 evals (75411 batches, avg 43/batch = 8% of 512, 4293 evals/s, 321 msg/s, 13.4 leaves/msg, 757s)
2026-08-10 07:18:11   [GPU] 3,300,022 evals (76541 batches, avg 43/batch = 8% of 512, 4300 evals/s, 323 msg/s, 13.3 leaves/msg, 767s)
2026-08-10 07:18:19 [iter 15/60] self-play: 115/160 games...
2026-08-10 07:18:22   [GPU] 3,350,008 evals (77685 batches, avg 43/batch = 8% of 512, 4306 evals/s, 323 msg/s, 13.3 leaves/msg, 778s)
2026-08-10 07:18:34   [GPU] 3,400,022 evals (78918 batches, avg 43/batch = 8% of 512, 4305 evals/s, 323 msg/s, 13.3 leaves/msg, 790s)
2026-08-10 07:18:45 [iter 15/60] self-play: 120/160 games...
2026-08-10 07:18:45   [GPU] 3,450,096 evals (80062 batches, avg 43/batch = 8% of 512, 4306 evals/s, 324 msg/s, 13.3 leaves/msg, 801s)
2026-08-10 07:18:57   [GPU] 3,500,013 evals (81255 batches, avg 43/batch = 8% of 512, 4305 evals/s, 324 msg/s, 13.3 leaves/msg, 813s)
2026-08-10 07:19:10   [GPU] 3,550,053 evals (82563 batches, avg 43/batch = 8% of 512, 4296 evals/s, 323 msg/s, 13.3 leaves/msg, 826s)
2026-08-10 07:19:22   [GPU] 3,600,019 evals (83751 batches, avg 43/batch = 8% of 512, 4294 evals/s, 323 msg/s, 13.3 leaves/msg, 838s)
2026-08-10 07:19:33 [iter 15/60] self-play: 125/160 games...
2026-08-10 07:19:34   [GPU] 3,650,070 evals (84939 batches, avg 43/batch = 8% of 512, 4294 evals/s, 324 msg/s, 13.3 leaves/msg, 850s)
2026-08-10 07:19:46   [GPU] 3,700,012 evals (86144 batches, avg 43/batch = 8% of 512, 4293 evals/s, 324 msg/s, 13.2 leaves/msg, 862s)
2026-08-10 07:19:55 [iter 15/60] self-play: 130/160 games...
2026-08-10 07:19:57   [GPU] 3,750,019 evals (87299 batches, avg 43/batch = 8% of 512, 4295 evals/s, 324 msg/s, 13.2 leaves/msg, 873s)
2026-08-10 07:20:09   [GPU] 3,800,024 evals (88459 batches, avg 43/batch = 8% of 512, 4295 evals/s, 324 msg/s, 13.2 leaves/msg, 885s)
2026-08-10 07:20:21   [GPU] 3,850,023 evals (89661 batches, avg 43/batch = 8% of 512, 4292 evals/s, 324 msg/s, 13.2 leaves/msg, 897s)
2026-08-10 07:20:27 [iter 15/60] self-play: 135/160 games...
2026-08-10 07:20:33   [GPU] 3,900,029 evals (90923 batches, avg 43/batch = 8% of 512, 4288 evals/s, 324 msg/s, 13.2 leaves/msg, 909s)
2026-08-10 07:20:46   [GPU] 3,950,035 evals (92184 batches, avg 43/batch = 8% of 512, 4285 evals/s, 324 msg/s, 13.2 leaves/msg, 922s)
2026-08-10 07:20:58   [GPU] 4,000,049 evals (93443 batches, avg 43/batch = 8% of 512, 4281 evals/s, 324 msg/s, 13.2 leaves/msg, 934s)
2026-08-10 07:21:10   [GPU] 4,050,032 evals (94677 batches, avg 43/batch = 8% of 512, 4278 evals/s, 324 msg/s, 13.2 leaves/msg, 947s)
2026-08-10 07:21:23   [GPU] 4,100,029 evals (95914 batches, avg 43/batch = 8% of 512, 4276 evals/s, 324 msg/s, 13.2 leaves/msg, 959s)
2026-08-10 07:21:23 [iter 15/60] self-play: 140/160 games...
2026-08-10 07:21:36   [GPU] 4,150,041 evals (97215 batches, avg 43/batch = 8% of 512, 4270 evals/s, 324 msg/s, 13.2 leaves/msg, 972s)
2026-08-10 07:21:48   [GPU] 4,200,032 evals (98496 batches, avg 43/batch = 8% of 512, 4266 evals/s, 323 msg/s, 13.2 leaves/msg, 985s)
2026-08-10 07:22:00   [GPU] 4,250,039 evals (99664 batches, avg 43/batch = 8% of 512, 4267 evals/s, 323 msg/s, 13.2 leaves/msg, 996s)
2026-08-10 07:22:10   [GPU] 4,300,057 evals (100721 batches, avg 43/batch = 8% of 512, 4274 evals/s, 324 msg/s, 13.2 leaves/msg, 1006s)
2026-08-10 07:22:12 [iter 15/60] self-play: 145/160 games...
2026-08-10 07:22:20   [GPU] 4,350,020 evals (101773 batches, avg 43/batch = 8% of 512, 4281 evals/s, 324 msg/s, 13.2 leaves/msg, 1016s)
2026-08-10 07:22:30   [GPU] 4,400,037 evals (102843 batches, avg 43/batch = 8% of 512, 4287 evals/s, 325 msg/s, 13.2 leaves/msg, 1026s)
2026-08-10 07:22:32 [iter 15/60] self-play: 150/160 games...
2026-08-10 07:22:42   [GPU] 4,450,042 evals (104060 batches, avg 43/batch = 8% of 512, 4285 evals/s, 325 msg/s, 13.2 leaves/msg, 1038s)
2026-08-10 07:22:54   [GPU] 4,500,035 evals (105219 batches, avg 43/batch = 8% of 512, 4287 evals/s, 325 msg/s, 13.2 leaves/msg, 1050s)
2026-08-10 07:23:01 [iter 15/60] self-play: 155/160 games...
2026-08-10 07:23:09   [GPU] 4,550,008 evals (106693 batches, avg 43/batch = 8% of 512, 4270 evals/s, 323 msg/s, 13.2 leaves/msg, 1066s)
2026-08-10 07:23:50   [GPU] 4,600,000 evals (109494 batches, avg 42/batch = 8% of 512, 4158 evals/s, 316 msg/s, 13.2 leaves/msg, 1106s)
2026-08-10 07:24:38   [GPU] 4,650,000 evals (112643 batches, avg 41/batch = 8% of 512, 4029 evals/s, 306 msg/s, 13.2 leaves/msg, 1154s)
2026-08-10 07:25:13 [iter 15/60] self-play: 160/160 games...
2026-08-10 07:25:14 [iter 15/60] self-play done: 160 games (1190s) | wins: P0=20, P1=108, draw=32 | draw_rate=20% avg_len~21
2026-08-10 07:25:14 [iter 15/60] search: expanded=9.7 actions/node visits/action=62.1 walls/game=7.82 first_wall_ply=1.288 learner_sims/s=4262.4
2026-08-10 07:25:14 [iter 15/60] training (600 steps, lr=8.84e-04)...
2026-08-10 07:25:22 [iter 15/60] training done: loss_p=1.162 loss_v=0.092 (9s)
2026-08-10 07:25:23 [iter 15/60] data: policy_wall_mass=0.199 walled_states=54% walls_on_board=13.0 value_mae walled=0.180 free=0.070
2026-08-10 07:25:24 [iter 15/60] eval skipped (eval_every=4)
2026-08-10 07:25:24 >>> iter 15 | loss_p=1.162 loss_v=0.092 | vs_best=n/a (not evaluated) | vs_rand=n/a | draw=20% | buf=100000 | rss=2.97GB | sp=1190s train=9s eval_best=0s eval_rand=0s | total=1200s
2026-08-10 07:25:24 [iter 16/60] self-play starting (160 games, 600 sims, MIXED 80/160 race-only)...
2026-08-10 07:25:24 [PARALLEL-MP] 8 workers spawned (160 games, sims=600), GPU batcher starting...
2026-08-10 07:25:37   [GPU] 50,021 evals (1027 batches, avg 49/batch = 10% of 512, 3862 evals/s, 302 msg/s, 12.8 leaves/msg, 13s)
2026-08-10 07:25:38 [iter 16/60] self-play: 5/160 games...
2026-08-10 07:25:50   [GPU] 100,020 evals (2310 batches, avg 43/batch = 8% of 512, 3850 evals/s, 293 msg/s, 13.2 leaves/msg, 26s)
2026-08-10 07:26:03   [GPU] 150,011 evals (3548 batches, avg 42/batch = 8% of 512, 3888 evals/s, 288 msg/s, 13.5 leaves/msg, 39s)
2026-08-10 07:26:11 [iter 16/60] self-play: 10/160 games...
2026-08-10 07:26:14   [GPU] 200,037 evals (4700 batches, avg 43/batch = 8% of 512, 4016 evals/s, 301 msg/s, 13.3 leaves/msg, 50s)
2026-08-10 07:26:26   [GPU] 250,002 evals (5909 batches, avg 42/batch = 8% of 512, 4057 evals/s, 304 msg/s, 13.3 leaves/msg, 62s)
2026-08-10 07:26:37   [GPU] 300,014 evals (7115 batches, avg 42/batch = 8% of 512, 4110 evals/s, 314 msg/s, 13.1 leaves/msg, 73s)
2026-08-10 07:26:45 [iter 16/60] self-play: 15/160 games...
2026-08-10 07:26:47   [GPU] 350,017 evals (8196 batches, avg 43/batch = 8% of 512, 4206 evals/s, 325 msg/s, 12.9 leaves/msg, 83s)
2026-08-10 07:26:57   [GPU] 400,023 evals (9240 batches, avg 43/batch = 8% of 512, 4314 evals/s, 336 msg/s, 12.9 leaves/msg, 93s)
2026-08-10 07:27:07   [GPU] 450,041 evals (10316 batches, avg 44/batch = 9% of 512, 4374 evals/s, 342 msg/s, 12.8 leaves/msg, 103s)
2026-08-10 07:27:17   [GPU] 500,004 evals (11413 batches, avg 44/batch = 9% of 512, 4422 evals/s, 346 msg/s, 12.8 leaves/msg, 113s)
2026-08-10 07:27:28   [GPU] 550,014 evals (12512 batches, avg 44/batch = 9% of 512, 4459 evals/s, 350 msg/s, 12.8 leaves/msg, 123s)
2026-08-10 07:27:39   [GPU] 600,008 evals (13722 batches, avg 44/batch = 9% of 512, 4454 evals/s, 351 msg/s, 12.7 leaves/msg, 135s)
2026-08-10 07:27:50   [GPU] 650,018 evals (14909 batches, avg 44/batch = 9% of 512, 4456 evals/s, 353 msg/s, 12.6 leaves/msg, 146s)
2026-08-10 07:28:01   [GPU] 700,026 evals (16011 batches, avg 44/batch = 9% of 512, 4474 evals/s, 357 msg/s, 12.5 leaves/msg, 156s)
2026-08-10 07:28:03 [iter 16/60] self-play: 20/160 games...
2026-08-10 07:28:12   [GPU] 750,016 evals (17254 batches, avg 43/batch = 8% of 512, 4457 evals/s, 359 msg/s, 12.4 leaves/msg, 168s)
2026-08-10 07:28:24   [GPU] 800,004 evals (18499 batches, avg 43/batch = 8% of 512, 4444 evals/s, 360 msg/s, 12.3 leaves/msg, 180s)
2026-08-10 07:28:35   [GPU] 850,012 evals (19658 batches, avg 43/batch = 8% of 512, 4450 evals/s, 362 msg/s, 12.3 leaves/msg, 191s)
2026-08-10 07:28:46 [iter 16/60] self-play: 25/160 games...
2026-08-10 07:28:46   [GPU] 900,041 evals (20842 batches, avg 43/batch = 8% of 512, 4448 evals/s, 362 msg/s, 12.3 leaves/msg, 202s)
2026-08-10 07:28:58   [GPU] 950,026 evals (21975 batches, avg 43/batch = 8% of 512, 4453 evals/s, 361 msg/s, 12.3 leaves/msg, 213s)
2026-08-10 07:29:09   [GPU] 1,000,004 evals (23156 batches, avg 43/batch = 8% of 512, 4442 evals/s, 360 msg/s, 12.4 leaves/msg, 225s)
2026-08-10 07:29:12 [iter 16/60] self-play: 30/160 games...
2026-08-10 07:29:23   [GPU] 1,050,047 evals (24534 batches, avg 43/batch = 8% of 512, 4394 evals/s, 355 msg/s, 12.4 leaves/msg, 239s)
2026-08-10 07:29:34   [GPU] 1,100,031 evals (25682 batches, avg 43/batch = 8% of 512, 4394 evals/s, 354 msg/s, 12.4 leaves/msg, 250s)
2026-08-10 07:29:38 [iter 16/60] self-play: 35/160 games...
2026-08-10 07:29:46   [GPU] 1,150,029 evals (26845 batches, avg 43/batch = 8% of 512, 4392 evals/s, 353 msg/s, 12.4 leaves/msg, 262s)
2026-08-10 07:29:58   [GPU] 1,200,008 evals (28086 batches, avg 43/batch = 8% of 512, 4375 evals/s, 352 msg/s, 12.4 leaves/msg, 274s)
2026-08-10 07:29:59 [iter 16/60] self-play: 40/160 games...
2026-08-10 07:30:11   [GPU] 1,250,004 evals (29284 batches, avg 43/batch = 8% of 512, 4364 evals/s, 350 msg/s, 12.5 leaves/msg, 286s)
2026-08-10 07:30:25   [GPU] 1,300,022 evals (30672 batches, avg 42/batch = 8% of 512, 4324 evals/s, 347 msg/s, 12.5 leaves/msg, 301s)
2026-08-10 07:30:37   [GPU] 1,350,010 evals (31890 batches, avg 42/batch = 8% of 512, 4317 evals/s, 345 msg/s, 12.5 leaves/msg, 313s)
2026-08-10 07:30:47   [GPU] 1,400,030 evals (32920 batches, avg 43/batch = 8% of 512, 4339 evals/s, 345 msg/s, 12.6 leaves/msg, 323s)
2026-08-10 07:30:56 [iter 16/60] self-play: 45/160 games...
2026-08-10 07:30:57   [GPU] 1,450,000 evals (33999 batches, avg 43/batch = 8% of 512, 4353 evals/s, 346 msg/s, 12.6 leaves/msg, 333s)
2026-08-10 07:31:09   [GPU] 1,500,044 evals (35183 batches, avg 43/batch = 8% of 512, 4353 evals/s, 345 msg/s, 12.6 leaves/msg, 345s)
2026-08-10 07:31:20   [GPU] 1,550,025 evals (36333 batches, avg 43/batch = 8% of 512, 4360 evals/s, 345 msg/s, 12.6 leaves/msg, 356s)
2026-08-10 07:31:30   [GPU] 1,600,011 evals (37447 batches, avg 43/batch = 8% of 512, 4370 evals/s, 345 msg/s, 12.7 leaves/msg, 366s)
2026-08-10 07:31:40   [GPU] 1,650,009 evals (38422 batches, avg 43/batch = 8% of 512, 4391 evals/s, 347 msg/s, 12.7 leaves/msg, 376s)
2026-08-10 07:31:50   [GPU] 1,700,004 evals (39449 batches, avg 43/batch = 8% of 512, 4411 evals/s, 348 msg/s, 12.7 leaves/msg, 385s)
2026-08-10 07:32:00 [iter 16/60] self-play: 50/160 games...
2026-08-10 07:32:00   [GPU] 1,750,032 evals (40484 batches, avg 43/batch = 8% of 512, 4425 evals/s, 348 msg/s, 12.7 leaves/msg, 395s)
2026-08-10 07:32:10   [GPU] 1,800,024 evals (41562 batches, avg 43/batch = 8% of 512, 4437 evals/s, 349 msg/s, 12.7 leaves/msg, 406s)
2026-08-10 07:32:13 [iter 16/60] self-play: 55/160 games...
2026-08-10 07:32:21   [GPU] 1,850,015 evals (42686 batches, avg 43/batch = 8% of 512, 4433 evals/s, 348 msg/s, 12.7 leaves/msg, 417s)
2026-08-10 07:32:33   [GPU] 1,900,007 evals (43794 batches, avg 43/batch = 8% of 512, 4431 evals/s, 347 msg/s, 12.8 leaves/msg, 429s)
2026-08-10 07:32:43   [GPU] 1,950,018 evals (44826 batches, avg 44/batch = 8% of 512, 4439 evals/s, 347 msg/s, 12.8 leaves/msg, 439s)
2026-08-10 07:32:45 [iter 16/60] self-play: 60/160 games...
2026-08-10 07:32:55   [GPU] 2,000,012 evals (45982 batches, avg 43/batch = 8% of 512, 4438 evals/s, 347 msg/s, 12.8 leaves/msg, 451s)
2026-08-10 07:33:06   [GPU] 2,050,050 evals (47106 batches, avg 44/batch = 8% of 512, 4441 evals/s, 347 msg/s, 12.8 leaves/msg, 462s)
2026-08-10 07:33:18   [GPU] 2,100,012 evals (48354 batches, avg 43/batch = 8% of 512, 4431 evals/s, 346 msg/s, 12.8 leaves/msg, 474s)
2026-08-10 07:33:30   [GPU] 2,150,019 evals (49568 batches, avg 43/batch = 8% of 512, 4421 evals/s, 345 msg/s, 12.8 leaves/msg, 486s)
2026-08-10 07:33:34 [iter 16/60] self-play: 65/160 games...
2026-08-10 07:33:41   [GPU] 2,200,013 evals (50661 batches, avg 43/batch = 8% of 512, 4426 evals/s, 345 msg/s, 12.8 leaves/msg, 497s)
2026-08-10 07:33:51   [GPU] 2,250,011 evals (51704 batches, avg 44/batch = 8% of 512, 4439 evals/s, 346 msg/s, 12.8 leaves/msg, 507s)
2026-08-10 07:34:00   [GPU] 2,300,003 evals (52619 batches, avg 44/batch = 9% of 512, 4458 evals/s, 347 msg/s, 12.8 leaves/msg, 516s)
2026-08-10 07:34:04 [iter 16/60] self-play: 70/160 games...
2026-08-10 07:34:10   [GPU] 2,350,002 evals (53687 batches, avg 44/batch = 9% of 512, 4468 evals/s, 347 msg/s, 12.9 leaves/msg, 526s)
2026-08-10 07:34:20   [GPU] 2,400,035 evals (54701 batches, avg 44/batch = 9% of 512, 4481 evals/s, 348 msg/s, 12.9 leaves/msg, 536s)
2026-08-10 07:34:29   [GPU] 2,450,025 evals (55667 batches, avg 44/batch = 9% of 512, 4498 evals/s, 349 msg/s, 12.9 leaves/msg, 545s)
2026-08-10 07:34:38   [GPU] 2,500,011 evals (56652 batches, avg 44/batch = 9% of 512, 4514 evals/s, 351 msg/s, 12.9 leaves/msg, 554s)
2026-08-10 07:34:43 [iter 16/60] self-play: 75/160 games...
2026-08-10 07:34:48   [GPU] 2,550,034 evals (57737 batches, avg 44/batch = 9% of 512, 4520 evals/s, 352 msg/s, 12.8 leaves/msg, 564s)
2026-08-10 07:34:59   [GPU] 2,600,032 evals (58829 batches, avg 44/batch = 9% of 512, 4526 evals/s, 353 msg/s, 12.8 leaves/msg, 574s)
2026-08-10 07:35:03 [iter 16/60] self-play: 80/160 games...
2026-08-10 07:35:09   [GPU] 2,650,010 evals (59945 batches, avg 44/batch = 9% of 512, 4528 evals/s, 353 msg/s, 12.8 leaves/msg, 585s)
2026-08-10 07:35:20   [GPU] 2,700,008 evals (60980 batches, avg 44/batch = 9% of 512, 4534 evals/s, 354 msg/s, 12.8 leaves/msg, 596s)
2026-08-10 07:35:20 [iter 16/60] self-play: 85/160 games...
2026-08-10 07:35:32   [GPU] 2,750,003 evals (62156 batches, avg 44/batch = 9% of 512, 4527 evals/s, 353 msg/s, 12.8 leaves/msg, 608s)
2026-08-10 07:35:45   [GPU] 2,800,000 evals (63381 batches, avg 44/batch = 9% of 512, 4511 evals/s, 352 msg/s, 12.8 leaves/msg, 621s)
2026-08-10 07:35:55 [iter 16/60] self-play: 90/160 games...
2026-08-10 07:35:56   [GPU] 2,850,001 evals (64476 batches, avg 44/batch = 9% of 512, 4510 evals/s, 352 msg/s, 12.8 leaves/msg, 632s)
2026-08-10 07:36:07   [GPU] 2,900,031 evals (65569 batches, avg 44/batch = 9% of 512, 4514 evals/s, 353 msg/s, 12.8 leaves/msg, 642s)
2026-08-10 07:36:09 [iter 16/60] self-play: 95/160 games...
2026-08-10 07:36:20   [GPU] 2,950,009 evals (66945 batches, avg 44/batch = 9% of 512, 4496 evals/s, 352 msg/s, 12.8 leaves/msg, 656s)
2026-08-10 07:36:34   [GPU] 3,000,042 evals (68257 batches, avg 44/batch = 9% of 512, 4480 evals/s, 351 msg/s, 12.8 leaves/msg, 670s)
2026-08-10 07:36:36 [iter 16/60] self-play: 100/160 games...
2026-08-10 07:36:47   [GPU] 3,050,018 evals (69609 batches, avg 44/batch = 9% of 512, 4463 evals/s, 350 msg/s, 12.8 leaves/msg, 683s)
2026-08-10 07:37:01   [GPU] 3,100,046 evals (70974 batches, avg 44/batch = 9% of 512, 4447 evals/s, 349 msg/s, 12.7 leaves/msg, 697s)
2026-08-10 07:37:13   [GPU] 3,150,009 evals (72186 batches, avg 44/batch = 9% of 512, 4445 evals/s, 349 msg/s, 12.7 leaves/msg, 709s)
2026-08-10 07:37:17 [iter 16/60] self-play: 105/160 games...
2026-08-10 07:37:24   [GPU] 3,200,007 evals (73347 batches, avg 44/batch = 9% of 512, 4443 evals/s, 349 msg/s, 12.7 leaves/msg, 720s)
2026-08-10 07:37:35   [GPU] 3,250,007 evals (74485 batches, avg 44/batch = 9% of 512, 4445 evals/s, 349 msg/s, 12.7 leaves/msg, 731s)
2026-08-10 07:37:45 [iter 16/60] self-play: 110/160 games...
2026-08-10 07:37:47   [GPU] 3,300,007 evals (75665 batches, avg 44/batch = 9% of 512, 4442 evals/s, 349 msg/s, 12.7 leaves/msg, 743s)
2026-08-10 07:37:58   [GPU] 3,350,023 evals (76813 batches, avg 44/batch = 9% of 512, 4443 evals/s, 349 msg/s, 12.7 leaves/msg, 754s)
2026-08-10 07:38:06 [iter 16/60] self-play: 115/160 games...
2026-08-10 07:38:10   [GPU] 3,400,024 evals (78022 batches, avg 44/batch = 9% of 512, 4439 evals/s, 349 msg/s, 12.7 leaves/msg, 766s)
2026-08-10 07:38:22   [GPU] 3,450,009 evals (79220 batches, avg 44/batch = 9% of 512, 4436 evals/s, 349 msg/s, 12.7 leaves/msg, 778s)
2026-08-10 07:38:34   [GPU] 3,500,021 evals (80426 batches, avg 44/batch = 8% of 512, 4432 evals/s, 349 msg/s, 12.7 leaves/msg, 790s)
2026-08-10 07:38:34 [iter 16/60] self-play: 120/160 games...
2026-08-10 07:38:46   [GPU] 3,550,014 evals (81634 batches, avg 43/batch = 8% of 512, 4427 evals/s, 349 msg/s, 12.7 leaves/msg, 802s)
2026-08-10 07:38:58   [GPU] 3,600,000 evals (82809 batches, avg 43/batch = 8% of 512, 4425 evals/s, 349 msg/s, 12.7 leaves/msg, 814s)
2026-08-10 07:39:07 [iter 16/60] self-play: 125/160 games...
2026-08-10 07:39:09   [GPU] 3,650,018 evals (83980 batches, avg 43/batch = 8% of 512, 4425 evals/s, 349 msg/s, 12.7 leaves/msg, 825s)
2026-08-10 07:39:21   [GPU] 3,700,038 evals (85174 batches, avg 43/batch = 8% of 512, 4422 evals/s, 349 msg/s, 12.7 leaves/msg, 837s)
2026-08-10 07:39:32   [GPU] 3,750,003 evals (86340 batches, avg 43/batch = 8% of 512, 4421 evals/s, 348 msg/s, 12.7 leaves/msg, 848s)
2026-08-10 07:39:44   [GPU] 3,800,035 evals (87478 batches, avg 43/batch = 8% of 512, 4421 evals/s, 348 msg/s, 12.7 leaves/msg, 859s)
2026-08-10 07:39:53   [GPU] 3,850,041 evals (88440 batches, avg 44/batch = 9% of 512, 4432 evals/s, 348 msg/s, 12.7 leaves/msg, 869s)
2026-08-10 07:39:54 [iter 16/60] self-play: 130/160 games...
2026-08-10 07:40:03   [GPU] 3,900,011 evals (89456 batches, avg 44/batch = 9% of 512, 4440 evals/s, 348 msg/s, 12.7 leaves/msg, 878s)
2026-08-10 07:40:13   [GPU] 3,950,046 evals (90485 batches, avg 44/batch = 9% of 512, 4445 evals/s, 349 msg/s, 12.7 leaves/msg, 889s)
2026-08-10 07:40:22   [GPU] 4,000,039 evals (91463 batches, avg 44/batch = 9% of 512, 4453 evals/s, 349 msg/s, 12.8 leaves/msg, 898s)
2026-08-10 07:40:24 [iter 16/60] self-play: 135/160 games...
2026-08-10 07:40:32   [GPU] 4,050,038 evals (92475 batches, avg 44/batch = 9% of 512, 4460 evals/s, 350 msg/s, 12.8 leaves/msg, 908s)
2026-08-10 07:40:42   [GPU] 4,100,023 evals (93505 batches, avg 44/batch = 9% of 512, 4467 evals/s, 350 msg/s, 12.8 leaves/msg, 918s)
2026-08-10 07:40:51 [iter 16/60] self-play: 140/160 games...
2026-08-10 07:40:52   [GPU] 4,150,016 evals (94524 batches, avg 44/batch = 9% of 512, 4473 evals/s, 350 msg/s, 12.8 leaves/msg, 928s)
2026-08-10 07:41:03   [GPU] 4,200,034 evals (95672 batches, avg 44/batch = 9% of 512, 4472 evals/s, 350 msg/s, 12.8 leaves/msg, 939s)
2026-08-10 07:41:12 [iter 16/60] self-play: 145/160 games...
2026-08-10 07:41:16   [GPU] 4,250,034 evals (96928 batches, avg 44/batch = 9% of 512, 4465 evals/s, 349 msg/s, 12.8 leaves/msg, 952s)
2026-08-10 07:41:29   [GPU] 4,300,013 evals (98225 batches, avg 44/batch = 9% of 512, 4456 evals/s, 349 msg/s, 12.8 leaves/msg, 965s)
2026-08-10 07:41:40   [GPU] 4,350,039 evals (99376 batches, avg 44/batch = 9% of 512, 4457 evals/s, 349 msg/s, 12.8 leaves/msg, 976s)
2026-08-10 07:41:44 [iter 16/60] self-play: 150/160 games...
2026-08-10 07:41:52   [GPU] 4,400,014 evals (100558 batches, avg 44/batch = 9% of 512, 4455 evals/s, 348 msg/s, 12.8 leaves/msg, 988s)
2026-08-10 07:42:02   [GPU] 4,450,011 evals (101682 batches, avg 44/batch = 9% of 512, 4458 evals/s, 349 msg/s, 12.8 leaves/msg, 998s)
2026-08-10 07:42:13   [GPU] 4,500,048 evals (102779 batches, avg 44/batch = 9% of 512, 4462 evals/s, 349 msg/s, 12.8 leaves/msg, 1009s)
2026-08-10 07:42:19 [iter 16/60] self-play: 155/160 games...
2026-08-10 07:42:29   [GPU] 4,550,014 evals (104425 batches, avg 44/batch = 9% of 512, 4441 evals/s, 348 msg/s, 12.8 leaves/msg, 1024s)
2026-08-10 07:42:53   [GPU] 4,600,019 evals (106719 batches, avg 43/batch = 8% of 512, 4385 evals/s, 344 msg/s, 12.7 leaves/msg, 1049s)
2026-08-10 07:43:44   [GPU] 4,650,005 evals (110447 batches, avg 42/batch = 8% of 512, 4228 evals/s, 333 msg/s, 12.7 leaves/msg, 1100s)
2026-08-10 07:45:50   [GPU] 4,700,010 evals (116214 batches, avg 40/batch = 8% of 512, 3834 evals/s, 304 msg/s, 12.6 leaves/msg, 1226s)
2026-08-10 07:46:55 [iter 16/60] self-play: 160/160 games...
2026-08-10 07:46:56 [iter 16/60] self-play done: 160 games (1292s) | wins: P0=27, P1=101, draw=32 | draw_rate=20% avg_len~22
2026-08-10 07:46:56 [iter 16/60] search: expanded=8.1 actions/node visits/action=73.9 walls/game=7.95 first_wall_ply=0.475 learner_sims/s=3985.7
2026-08-10 07:46:56 [iter 16/60] training (600 steps, lr=8.68e-04)...
2026-08-10 07:47:04 [iter 16/60] training done: loss_p=1.174 loss_v=0.086 (8s)
2026-08-10 07:47:05 [iter 16/60] data: policy_wall_mass=0.185 walled_states=55% walls_on_board=13.8 value_mae walled=0.177 free=0.048
2026-08-10 07:47:06 [iter 16/60] eval vs best (40 games, 600 sims)...
2026-08-10 07:47:06 [EVAL-MP] 8 workers spawned (40 vs_best games, sims=600), GPU batcher starting...
2026-08-10 07:47:26   [GPU] 50,008 evals (1234 batches, avg 41/batch = 8% of 512, 2555 evals/s, 166 msg/s, 15.4 leaves/msg, 20s)
2026-08-10 07:47:42   [GPU] 100,021 evals (2539 batches, avg 39/batch = 8% of 512, 2825 evals/s, 183 msg/s, 15.4 leaves/msg, 35s)
2026-08-10 07:47:56   [GPU] 150,031 evals (3797 batches, avg 40/batch = 8% of 512, 2998 evals/s, 198 msg/s, 15.1 leaves/msg, 50s)
2026-08-10 07:48:10   [GPU] 200,004 evals (5048 batches, avg 40/batch = 8% of 512, 3111 evals/s, 208 msg/s, 15.0 leaves/msg, 64s)
2026-08-10 07:48:25   [GPU] 250,017 evals (6288 batches, avg 40/batch = 8% of 512, 3183 evals/s, 213 msg/s, 14.9 leaves/msg, 79s)
2026-08-10 07:48:39   [GPU] 300,005 evals (7523 batches, avg 40/batch = 8% of 512, 3233 evals/s, 217 msg/s, 14.9 leaves/msg, 93s)
2026-08-10 07:48:53   [GPU] 350,008 evals (8748 batches, avg 40/batch = 8% of 512, 3275 evals/s, 220 msg/s, 14.9 leaves/msg, 107s)
2026-08-10 07:49:07   [GPU] 400,002 evals (9956 batches, avg 40/batch = 8% of 512, 3312 evals/s, 224 msg/s, 14.8 leaves/msg, 121s)
2026-08-10 07:49:21   [GPU] 450,016 evals (11177 batches, avg 40/batch = 8% of 512, 3342 evals/s, 226 msg/s, 14.8 leaves/msg, 135s)
2026-08-10 07:49:35   [GPU] 500,021 evals (12376 batches, avg 40/batch = 8% of 512, 3370 evals/s, 228 msg/s, 14.8 leaves/msg, 148s)
2026-08-10 07:49:48   [GPU] 550,005 evals (13570 batches, avg 41/batch = 8% of 512, 3391 evals/s, 230 msg/s, 14.7 leaves/msg, 162s)
2026-08-10 07:50:02   [GPU] 600,039 evals (14778 batches, avg 41/batch = 8% of 512, 3409 evals/s, 232 msg/s, 14.7 leaves/msg, 176s)
2026-08-10 07:50:17   [GPU] 650,000 evals (16029 batches, avg 41/batch = 8% of 512, 3410 evals/s, 232 msg/s, 14.7 leaves/msg, 191s)
2026-08-10 07:50:31   [GPU] 700,003 evals (17321 batches, avg 40/batch = 8% of 512, 3411 evals/s, 232 msg/s, 14.7 leaves/msg, 205s)
2026-08-10 07:50:47   [GPU] 750,004 evals (18649 batches, avg 40/batch = 8% of 512, 3399 evals/s, 231 msg/s, 14.7 leaves/msg, 221s)
2026-08-10 07:50:53 [iter 16/60] eval vs best: 5/40 games (227s, cand 33%)
2026-08-10 07:51:03   [GPU] 800,024 evals (20005 batches, avg 40/batch = 8% of 512, 3385 evals/s, 230 msg/s, 14.7 leaves/msg, 236s)
2026-08-10 07:51:18   [GPU] 850,032 evals (21354 batches, avg 40/batch = 8% of 512, 3374 evals/s, 229 msg/s, 14.7 leaves/msg, 252s)
2026-08-10 07:51:33   [GPU] 900,019 evals (22577 batches, avg 40/batch = 8% of 512, 3378 evals/s, 230 msg/s, 14.7 leaves/msg, 266s)
2026-08-10 07:51:46   [GPU] 950,029 evals (23790 batches, avg 40/batch = 8% of 512, 3390 evals/s, 231 msg/s, 14.7 leaves/msg, 280s)
2026-08-10 07:51:50 [iter 16/60] eval vs best: 10/40 games (284s, cand 25%)
2026-08-10 07:52:00   [GPU] 1,000,051 evals (24993 batches, avg 40/batch = 8% of 512, 3398 evals/s, 232 msg/s, 14.6 leaves/msg, 294s)
2026-08-10 07:52:14   [GPU] 1,050,018 evals (26205 batches, avg 40/batch = 8% of 512, 3406 evals/s, 234 msg/s, 14.6 leaves/msg, 308s)
2026-08-10 07:52:28   [GPU] 1,100,008 evals (27439 batches, avg 40/batch = 8% of 512, 3413 evals/s, 235 msg/s, 14.5 leaves/msg, 322s)
2026-08-10 07:52:43   [GPU] 1,150,061 evals (28673 batches, avg 40/batch = 8% of 512, 3417 evals/s, 236 msg/s, 14.5 leaves/msg, 337s)
2026-08-10 07:52:57   [GPU] 1,200,022 evals (29896 batches, avg 40/batch = 8% of 512, 3422 evals/s, 237 msg/s, 14.4 leaves/msg, 351s)
2026-08-10 07:53:11   [GPU] 1,250,022 evals (31134 batches, avg 40/batch = 8% of 512, 3428 evals/s, 238 msg/s, 14.4 leaves/msg, 365s)
2026-08-10 07:53:25   [GPU] 1,300,054 evals (32364 batches, avg 40/batch = 8% of 512, 3434 evals/s, 239 msg/s, 14.4 leaves/msg, 379s)
2026-08-10 07:53:39   [GPU] 1,350,025 evals (33644 batches, avg 40/batch = 8% of 512, 3433 evals/s, 239 msg/s, 14.4 leaves/msg, 393s)
2026-08-10 07:53:55   [GPU] 1,400,058 evals (34948 batches, avg 40/batch = 8% of 512, 3428 evals/s, 239 msg/s, 14.4 leaves/msg, 408s)
2026-08-10 07:54:10   [GPU] 1,450,004 evals (36269 batches, avg 40/batch = 8% of 512, 3423 evals/s, 238 msg/s, 14.4 leaves/msg, 424s)
2026-08-10 07:54:24   [GPU] 1,500,058 evals (37569 batches, avg 40/batch = 8% of 512, 3423 evals/s, 238 msg/s, 14.4 leaves/msg, 438s)
2026-08-10 07:54:39   [GPU] 1,550,005 evals (38880 batches, avg 40/batch = 8% of 512, 3419 evals/s, 238 msg/s, 14.4 leaves/msg, 453s)
2026-08-10 07:54:55   [GPU] 1,600,012 evals (40197 batches, avg 40/batch = 8% of 512, 3413 evals/s, 237 msg/s, 14.4 leaves/msg, 469s)
2026-08-10 07:54:56 [iter 16/60] eval vs best: 15/40 games (470s, cand 20%)
2026-08-10 07:55:11   [GPU] 1,650,032 evals (41516 batches, avg 40/batch = 8% of 512, 3405 evals/s, 236 msg/s, 14.4 leaves/msg, 485s)
2026-08-10 07:55:26   [GPU] 1,700,039 evals (42788 batches, avg 40/batch = 8% of 512, 3401 evals/s, 236 msg/s, 14.4 leaves/msg, 500s)
2026-08-10 07:55:41   [GPU] 1,750,036 evals (44063 batches, avg 40/batch = 8% of 512, 3399 evals/s, 235 msg/s, 14.4 leaves/msg, 515s)
2026-08-10 07:55:56   [GPU] 1,800,024 evals (45355 batches, avg 40/batch = 8% of 512, 3395 evals/s, 235 msg/s, 14.5 leaves/msg, 530s)
2026-08-10 07:56:11   [GPU] 1,850,075 evals (46586 batches, avg 40/batch = 8% of 512, 3394 evals/s, 235 msg/s, 14.5 leaves/msg, 545s)
2026-08-10 07:56:26   [GPU] 1,900,021 evals (47854 batches, avg 40/batch = 8% of 512, 3394 evals/s, 234 msg/s, 14.5 leaves/msg, 560s)
2026-08-10 07:56:41   [GPU] 1,950,001 evals (49097 batches, avg 40/batch = 8% of 512, 3395 evals/s, 234 msg/s, 14.5 leaves/msg, 574s)
2026-08-10 07:56:56   [GPU] 2,000,052 evals (50386 batches, avg 40/batch = 8% of 512, 3393 evals/s, 234 msg/s, 14.5 leaves/msg, 589s)
2026-08-10 07:57:11   [GPU] 2,050,005 evals (51668 batches, avg 40/batch = 8% of 512, 3391 evals/s, 234 msg/s, 14.5 leaves/msg, 605s)
2026-08-10 07:57:26   [GPU] 2,100,029 evals (52937 batches, avg 40/batch = 8% of 512, 3391 evals/s, 234 msg/s, 14.5 leaves/msg, 619s)
2026-08-10 07:57:40   [GPU] 2,150,023 evals (54213 batches, avg 40/batch = 8% of 512, 3391 evals/s, 234 msg/s, 14.5 leaves/msg, 634s)
2026-08-10 07:57:53 [iter 16/60] eval vs best: 20/40 games (646s, cand 33%)
2026-08-10 07:57:55   [GPU] 2,200,015 evals (55501 batches, avg 40/batch = 8% of 512, 3393 evals/s, 234 msg/s, 14.5 leaves/msg, 648s)
2026-08-10 07:58:09   [GPU] 2,250,010 evals (56790 batches, avg 40/batch = 8% of 512, 3393 evals/s, 234 msg/s, 14.5 leaves/msg, 663s)
2026-08-10 07:58:24   [GPU] 2,300,012 evals (58098 batches, avg 40/batch = 8% of 512, 3391 evals/s, 233 msg/s, 14.5 leaves/msg, 678s)
2026-08-10 07:58:39   [GPU] 2,350,013 evals (59413 batches, avg 40/batch = 8% of 512, 3391 evals/s, 233 msg/s, 14.5 leaves/msg, 693s)
2026-08-10 07:58:54   [GPU] 2,400,060 evals (60700 batches, avg 40/batch = 8% of 512, 3389 evals/s, 233 msg/s, 14.5 leaves/msg, 708s)
2026-08-10 07:59:10   [GPU] 2,450,036 evals (62013 batches, avg 40/batch = 8% of 512, 3385 evals/s, 233 msg/s, 14.5 leaves/msg, 724s)
2026-08-10 07:59:15 [iter 16/60] eval vs best: 25/40 games (729s, cand 40%)
2026-08-10 07:59:25   [GPU] 2,500,003 evals (63337 batches, avg 39/batch = 8% of 512, 3382 evals/s, 232 msg/s, 14.6 leaves/msg, 739s)
2026-08-10 07:59:40   [GPU] 2,550,010 evals (64600 batches, avg 39/batch = 8% of 512, 3382 evals/s, 232 msg/s, 14.6 leaves/msg, 754s)
2026-08-10 07:59:55   [GPU] 2,600,024 evals (65877 batches, avg 39/batch = 8% of 512, 3381 evals/s, 232 msg/s, 14.6 leaves/msg, 769s)
2026-08-10 08:00:10   [GPU] 2,650,036 evals (67147 batches, avg 39/batch = 8% of 512, 3380 evals/s, 232 msg/s, 14.6 leaves/msg, 784s)
2026-08-10 08:00:25   [GPU] 2,700,023 evals (68413 batches, avg 39/batch = 8% of 512, 3382 evals/s, 232 msg/s, 14.6 leaves/msg, 798s)
2026-08-10 08:00:39   [GPU] 2,750,006 evals (69638 batches, avg 39/batch = 8% of 512, 3384 evals/s, 232 msg/s, 14.6 leaves/msg, 813s)
2026-08-10 08:00:53   [GPU] 2,800,038 evals (70845 batches, avg 40/batch = 8% of 512, 3386 evals/s, 232 msg/s, 14.6 leaves/msg, 827s)
2026-08-10 08:01:07   [GPU] 2,850,008 evals (72058 batches, avg 40/batch = 8% of 512, 3390 evals/s, 232 msg/s, 14.6 leaves/msg, 841s)
2026-08-10 08:01:21   [GPU] 2,900,027 evals (73301 batches, avg 40/batch = 8% of 512, 3392 evals/s, 232 msg/s, 14.6 leaves/msg, 855s)
2026-08-10 08:01:35   [GPU] 2,950,018 evals (74524 batches, avg 40/batch = 8% of 512, 3395 evals/s, 233 msg/s, 14.6 leaves/msg, 869s)
2026-08-10 08:01:48   [GPU] 3,000,020 evals (75706 batches, avg 40/batch = 8% of 512, 3400 evals/s, 233 msg/s, 14.6 leaves/msg, 882s)
2026-08-10 08:02:02   [GPU] 3,050,015 evals (76869 batches, avg 40/batch = 8% of 512, 3405 evals/s, 233 msg/s, 14.6 leaves/msg, 896s)
2026-08-10 08:02:15 [iter 16/60] eval vs best: 30/40 games (909s, cand 40%)
2026-08-10 08:02:16   [GPU] 3,100,034 evals (78115 batches, avg 40/batch = 8% of 512, 3408 evals/s, 234 msg/s, 14.6 leaves/msg, 910s)
2026-08-10 08:02:31   [GPU] 3,150,003 evals (79406 batches, avg 40/batch = 8% of 512, 3407 evals/s, 233 msg/s, 14.6 leaves/msg, 925s)
2026-08-10 08:02:48   [GPU] 3,200,013 evals (80820 batches, avg 40/batch = 8% of 512, 3397 evals/s, 233 msg/s, 14.6 leaves/msg, 942s)
2026-08-10 08:03:06   [GPU] 3,250,027 evals (82297 batches, avg 39/batch = 8% of 512, 3386 evals/s, 232 msg/s, 14.6 leaves/msg, 960s)
2026-08-10 08:03:23   [GPU] 3,300,018 evals (83711 batches, avg 39/batch = 8% of 512, 3377 evals/s, 231 msg/s, 14.6 leaves/msg, 977s)
2026-08-10 08:03:43   [GPU] 3,350,028 evals (85263 batches, avg 39/batch = 8% of 512, 3362 evals/s, 230 msg/s, 14.6 leaves/msg, 996s)
2026-08-10 08:04:01 [iter 16/60] eval vs best: 35/40 games (1015s, cand 43%)
2026-08-10 08:04:01   [GPU] 3,400,015 evals (86832 batches, avg 39/batch = 8% of 512, 3349 evals/s, 229 msg/s, 14.6 leaves/msg, 1015s)
2026-08-10 08:04:30   [GPU] 3,450,000 evals (88828 batches, avg 39/batch = 8% of 512, 3306 evals/s, 226 msg/s, 14.6 leaves/msg, 1043s)
2026-08-10 08:04:59   [GPU] 3,500,010 evals (90897 batches, avg 39/batch = 8% of 512, 3262 evals/s, 223 msg/s, 14.6 leaves/msg, 1073s)
2026-08-10 08:05:29   [GPU] 3,550,023 evals (92995 batches, avg 38/batch = 7% of 512, 3220 evals/s, 220 msg/s, 14.7 leaves/msg, 1102s)
2026-08-10 08:06:02   [GPU] 3,600,012 evals (95257 batches, avg 38/batch = 7% of 512, 3169 evals/s, 216 msg/s, 14.7 leaves/msg, 1136s)
2026-08-10 08:06:27 [iter 16/60] eval vs best: 40/40 games (1161s, cand 39%)
2026-08-10 08:06:28 [iter 16/60] eval vs best done: 39.4% of 33 decided, 30 adjudicated reject (1161s)
2026-08-10 08:06:28 [iter 16/60] eval vs random (8 games, 600 sims)...
2026-08-10 08:06:28 [EVAL-MP] 8 workers spawned (8 vs_random games, sims=600), GPU batcher starting...
2026-08-10 08:06:45   [GPU] 50,031 evals (1376 batches, avg 36/batch = 7% of 512, 2857 evals/s, 191 msg/s, 15.0 leaves/msg, 18s)
2026-08-10 08:06:51 [iter 16/60] eval vs random: 5/8 games (24s, cand 100%)
2026-08-10 08:07:12   [GPU] 100,001 evals (3346 batches, avg 30/batch = 6% of 512, 2227 evals/s, 161 msg/s, 13.8 leaves/msg, 45s)
2026-08-10 08:07:50 [iter 16/60] eval vs random: 8/8 games (83s, cand 100%)
2026-08-10 08:07:51 [iter 16/60] eval vs random done: 100.0% (83s)
2026-08-10 08:07:51 [iter 16/60] eval vs greedy (80 games, 600 sims)...
2026-08-10 08:07:51 [EVAL-MP] 8 workers spawned (80 vs_greedy games, sims=600), GPU batcher starting...
2026-08-10 08:08:07   [GPU] 50,034 evals (1267 batches, avg 39/batch = 8% of 512, 3066 evals/s, 200 msg/s, 15.4 leaves/msg, 16s)
2026-08-10 08:08:15 [iter 16/60] eval vs greedy: 5/80 games (24s, cand 100%)
2026-08-10 08:08:19   [GPU] 100,010 evals (2464 batches, avg 41/batch = 8% of 512, 3511 evals/s, 238 msg/s, 14.8 leaves/msg, 28s)
2026-08-10 08:08:32 [iter 16/60] eval vs greedy: 10/80 games (41s, cand 90%)
2026-08-10 08:08:32   [GPU] 150,016 evals (3697 batches, avg 41/batch = 8% of 512, 3630 evals/s, 246 msg/s, 14.8 leaves/msg, 41s)
2026-08-10 08:08:43 [iter 16/60] eval vs greedy: 15/80 games (52s, cand 80%)
2026-08-10 08:08:45   [GPU] 200,026 evals (4946 batches, avg 40/batch = 8% of 512, 3693 evals/s, 252 msg/s, 14.6 leaves/msg, 54s)
2026-08-10 08:08:57 [iter 16/60] eval vs greedy: 20/80 games (66s, cand 85%)
2026-08-10 08:08:58   [GPU] 250,015 evals (6155 batches, avg 41/batch = 8% of 512, 3757 evals/s, 256 msg/s, 14.7 leaves/msg, 67s)
2026-08-10 08:09:10   [GPU] 300,019 evals (7392 batches, avg 41/batch = 8% of 512, 3799 evals/s, 259 msg/s, 14.6 leaves/msg, 79s)
2026-08-10 08:09:12 [iter 16/60] eval vs greedy: 25/80 games (81s, cand 88%)
2026-08-10 08:09:22   [GPU] 350,014 evals (8584 batches, avg 41/batch = 8% of 512, 3845 evals/s, 263 msg/s, 14.6 leaves/msg, 91s)
2026-08-10 08:09:24 [iter 16/60] eval vs greedy: 30/80 games (93s, cand 90%)
2026-08-10 08:09:35   [GPU] 400,000 evals (9798 batches, avg 41/batch = 8% of 512, 3854 evals/s, 263 msg/s, 14.7 leaves/msg, 104s)
2026-08-10 08:09:40 [iter 16/60] eval vs greedy: 35/80 games (109s, cand 91%)
2026-08-10 08:09:48   [GPU] 450,002 evals (11027 batches, avg 41/batch = 8% of 512, 3857 evals/s, 264 msg/s, 14.6 leaves/msg, 117s)
2026-08-10 08:09:53 [iter 16/60] eval vs greedy: 40/80 games (122s, cand 92%)
2026-08-10 08:10:01   [GPU] 500,018 evals (12282 batches, avg 41/batch = 8% of 512, 3858 evals/s, 264 msg/s, 14.6 leaves/msg, 130s)
2026-08-10 08:10:03 [iter 16/60] eval vs greedy: 45/80 games (132s, cand 89%)
2026-08-10 08:10:13   [GPU] 550,058 evals (13491 batches, avg 41/batch = 8% of 512, 3860 evals/s, 264 msg/s, 14.6 leaves/msg, 142s)
2026-08-10 08:10:21 [iter 16/60] eval vs greedy: 50/80 games (150s, cand 90%)
2026-08-10 08:10:26   [GPU] 600,024 evals (14705 batches, avg 41/batch = 8% of 512, 3869 evals/s, 265 msg/s, 14.6 leaves/msg, 155s)
2026-08-10 08:10:34 [iter 16/60] eval vs greedy: 55/80 games (163s, cand 89%)
2026-08-10 08:10:38   [GPU] 650,017 evals (15881 batches, avg 41/batch = 8% of 512, 3890 evals/s, 266 msg/s, 14.6 leaves/msg, 167s)
2026-08-10 08:10:43 [iter 16/60] eval vs greedy: 60/80 games (172s, cand 88%)
2026-08-10 08:10:51   [GPU] 700,027 evals (17126 batches, avg 41/batch = 8% of 512, 3891 evals/s, 266 msg/s, 14.6 leaves/msg, 180s)
2026-08-10 08:11:02 [iter 16/60] eval vs greedy: 65/80 games (191s, cand 89%)
2026-08-10 08:11:04   [GPU] 750,050 evals (18369 batches, avg 41/batch = 8% of 512, 3888 evals/s, 266 msg/s, 14.6 leaves/msg, 193s)
2026-08-10 08:11:15 [iter 16/60] eval vs greedy: 70/80 games (204s, cand 87%)
2026-08-10 08:11:17   [GPU] 800,014 evals (19645 batches, avg 41/batch = 8% of 512, 3884 evals/s, 266 msg/s, 14.6 leaves/msg, 206s)
2026-08-10 08:11:29 [iter 16/60] eval vs greedy: 75/80 games (218s, cand 88%)
2026-08-10 08:11:40   [GPU] 850,001 evals (21468 batches, avg 40/batch = 8% of 512, 3707 evals/s, 255 msg/s, 14.6 leaves/msg, 229s)
2026-08-10 08:11:54 [iter 16/60] eval vs greedy: 80/80 games (243s, cand 88%)
2026-08-10 08:11:54 [iter 16/60] eval vs greedy done: 87.5% of 80 decided [seat0:33/40 seat1:37/40] (244s)
2026-08-10 08:11:55 [iter 16/60] new greedy peak 87.5% — saved greedy_peak.pt
2026-08-10 08:11:55 [iter 16/60] eval vs minimax (depth 2, 40 games)...
2026-08-10 08:11:55 [EVAL-MP] 8 workers spawned (40 vs_minimax games, sims=600), GPU batcher starting...
2026-08-10 08:12:12   [GPU] 50,045 evals (1353 batches, avg 37/batch = 7% of 512, 2849 evals/s, 185 msg/s, 15.4 leaves/msg, 18s)
2026-08-10 08:12:26   [GPU] 100,001 evals (2606 batches, avg 38/batch = 7% of 512, 3225 evals/s, 225 msg/s, 14.3 leaves/msg, 31s)
2026-08-10 08:12:28 [iter 16/60] eval vs minimax: 5/40 games (0%)
2026-08-10 08:12:40   [GPU] 150,023 evals (3964 batches, avg 38/batch = 7% of 512, 3305 evals/s, 235 msg/s, 14.1 leaves/msg, 45s)
2026-08-10 08:12:54   [GPU] 200,000 evals (5324 batches, avg 38/batch = 7% of 512, 3365 evals/s, 246 msg/s, 13.7 leaves/msg, 59s)
2026-08-10 08:12:56 [iter 16/60] eval vs minimax: 10/40 games (0%)
2026-08-10 08:13:09   [GPU] 250,034 evals (6745 batches, avg 37/batch = 7% of 512, 3365 evals/s, 247 msg/s, 13.6 leaves/msg, 74s)
2026-08-10 08:13:23   [GPU] 300,049 evals (8085 batches, avg 37/batch = 7% of 512, 3386 evals/s, 246 msg/s, 13.7 leaves/msg, 89s)
2026-08-10 08:13:29 [iter 16/60] eval vs minimax: 15/40 games (0%)
2026-08-10 08:13:39   [GPU] 350,044 evals (9592 batches, avg 36/batch = 7% of 512, 3355 evals/s, 248 msg/s, 13.6 leaves/msg, 104s)
2026-08-10 08:13:54   [GPU] 400,011 evals (11009 batches, avg 36/batch = 7% of 512, 3363 evals/s, 250 msg/s, 13.4 leaves/msg, 119s)
2026-08-10 08:13:54 [iter 16/60] eval vs minimax: 20/40 games (0%)
2026-08-10 08:14:08   [GPU] 450,026 evals (12397 batches, avg 36/batch = 7% of 512, 3365 evals/s, 250 msg/s, 13.4 leaves/msg, 134s)
2026-08-10 08:14:20 [iter 16/60] eval vs minimax: 25/40 games (0%)
2026-08-10 08:14:22   [GPU] 500,016 evals (13663 batches, avg 37/batch = 7% of 512, 3400 evals/s, 255 msg/s, 13.3 leaves/msg, 147s)
2026-08-10 08:14:41   [GPU] 550,016 evals (15375 batches, avg 36/batch = 7% of 512, 3306 evals/s, 248 msg/s, 13.4 leaves/msg, 166s)
2026-08-10 08:15:01   [GPU] 600,014 evals (17192 batches, avg 35/batch = 7% of 512, 3212 evals/s, 242 msg/s, 13.3 leaves/msg, 187s)
2026-08-10 08:15:15 [iter 16/60] eval vs minimax: 30/40 games (0%)
2026-08-10 08:15:24   [GPU] 650,001 evals (19144 batches, avg 34/batch = 7% of 512, 3099 evals/s, 233 msg/s, 13.3 leaves/msg, 210s)
2026-08-10 08:15:52   [GPU] 700,001 evals (21272 batches, avg 33/batch = 6% of 512, 2953 evals/s, 221 msg/s, 13.3 leaves/msg, 237s)
2026-08-10 08:16:03 [iter 16/60] eval vs minimax: 35/40 games (0%)
2026-08-10 08:16:26   [GPU] 750,024 evals (23626 batches, avg 32/batch = 6% of 512, 2766 evals/s, 207 msg/s, 13.4 leaves/msg, 271s)
2026-08-10 08:16:59 [iter 16/60] eval vs minimax: 40/40 games (0%)
2026-08-10 08:17:00 [iter 16/60] eval vs minimax done: 0.0% of 33 decided [seat0:0/20 seat1:0/20] (305s)
2026-08-10 08:17:00 >>> iter 16 | loss_p=1.174 loss_v=0.086 | vs_best=39.4% reject | vs_rand=100.0% | draw=20% | buf=100000 | rss=3.04GB | sp=1292s train=8s eval_best=1161s eval_rand=83s | total=3096s
2026-08-10 08:17:00 [iter 17/60] self-play starting (160 games, 600 sims, MIXED 80/160 race-only)...
2026-08-10 08:17:00 [PARALLEL-MP] 8 workers spawned (160 games, sims=600), GPU batcher starting...
2026-08-10 08:17:12   [GPU] 50,011 evals (1002 batches, avg 50/batch = 10% of 512, 3984 evals/s, 312 msg/s, 12.8 leaves/msg, 13s)
2026-08-10 08:17:19 [iter 17/60] self-play: 5/160 games...
2026-08-10 08:17:25   [GPU] 100,012 evals (2239 batches, avg 45/batch = 9% of 512, 3921 evals/s, 304 msg/s, 12.9 leaves/msg, 26s)
2026-08-10 08:17:39   [GPU] 150,049 evals (3555 batches, avg 42/batch = 8% of 512, 3816 evals/s, 290 msg/s, 13.1 leaves/msg, 39s)
2026-08-10 08:17:46 [iter 17/60] self-play: 10/160 games...
2026-08-10 08:17:51   [GPU] 200,001 evals (4705 batches, avg 43/batch = 8% of 512, 3928 evals/s, 296 msg/s, 13.3 leaves/msg, 51s)
2026-08-10 08:18:03   [GPU] 250,061 evals (5893 batches, avg 42/batch = 8% of 512, 3985 evals/s, 296 msg/s, 13.5 leaves/msg, 63s)
2026-08-10 08:18:12   [GPU] 300,013 evals (6910 batches, avg 43/batch = 8% of 512, 4131 evals/s, 304 msg/s, 13.6 leaves/msg, 73s)
2026-08-10 08:18:21   [GPU] 350,019 evals (7811 batches, avg 45/batch = 9% of 512, 4302 evals/s, 315 msg/s, 13.6 leaves/msg, 81s)
2026-08-10 08:18:25 [iter 17/60] self-play: 15/160 games...
2026-08-10 08:18:31   [GPU] 400,039 evals (8834 batches, avg 45/batch = 9% of 512, 4401 evals/s, 330 msg/s, 13.4 leaves/msg, 91s)
2026-08-10 08:18:40   [GPU] 450,038 evals (9815 batches, avg 46/batch = 9% of 512, 4479 evals/s, 335 msg/s, 13.4 leaves/msg, 100s)
2026-08-10 08:18:50   [GPU] 500,028 evals (10882 batches, avg 46/batch = 9% of 512, 4519 evals/s, 336 msg/s, 13.4 leaves/msg, 111s)
2026-08-10 08:19:00   [GPU] 550,025 evals (11870 batches, avg 46/batch = 9% of 512, 4581 evals/s, 339 msg/s, 13.5 leaves/msg, 120s)
2026-08-10 08:19:05 [iter 17/60] self-play: 20/160 games...
2026-08-10 08:19:09   [GPU] 600,046 evals (12845 batches, avg 47/batch = 9% of 512, 4636 evals/s, 343 msg/s, 13.5 leaves/msg, 129s)
2026-08-10 08:19:19   [GPU] 650,016 evals (13825 batches, avg 47/batch = 9% of 512, 4680 evals/s, 346 msg/s, 13.5 leaves/msg, 139s)
2026-08-10 08:19:29   [GPU] 700,000 evals (14892 batches, avg 47/batch = 9% of 512, 4681 evals/s, 347 msg/s, 13.5 leaves/msg, 150s)
2026-08-10 08:19:35 [iter 17/60] self-play: 25/160 games...
2026-08-10 08:19:39   [GPU] 750,042 evals (15940 batches, avg 47/batch = 9% of 512, 4704 evals/s, 347 msg/s, 13.6 leaves/msg, 159s)
2026-08-10 08:19:49   [GPU] 800,010 evals (16959 batches, avg 47/batch = 9% of 512, 4725 evals/s, 349 msg/s, 13.5 leaves/msg, 169s)
2026-08-10 08:19:52 [iter 17/60] self-play: 30/160 games...
2026-08-10 08:19:59   [GPU] 850,027 evals (18014 batches, avg 47/batch = 9% of 512, 4735 evals/s, 349 msg/s, 13.6 leaves/msg, 180s)
2026-08-10 08:20:11   [GPU] 900,037 evals (19114 batches, avg 47/batch = 9% of 512, 4718 evals/s, 349 msg/s, 13.5 leaves/msg, 191s)
2026-08-10 08:20:18 [iter 17/60] self-play: 35/160 games...
2026-08-10 08:20:22   [GPU] 950,029 evals (20281 batches, avg 47/batch = 9% of 512, 4696 evals/s, 348 msg/s, 13.5 leaves/msg, 202s)
2026-08-10 08:20:35   [GPU] 1,000,011 evals (21518 batches, avg 46/batch = 9% of 512, 4657 evals/s, 345 msg/s, 13.5 leaves/msg, 215s)
2026-08-10 08:20:45   [GPU] 1,050,005 evals (22557 batches, avg 47/batch = 9% of 512, 4666 evals/s, 344 msg/s, 13.6 leaves/msg, 225s)
2026-08-10 08:20:49 [iter 17/60] self-play: 40/160 games...
2026-08-10 08:20:55   [GPU] 1,100,002 evals (23592 batches, avg 47/batch = 9% of 512, 4676 evals/s, 345 msg/s, 13.6 leaves/msg, 235s)
2026-08-10 08:21:05   [GPU] 1,150,003 evals (24629 batches, avg 47/batch = 9% of 512, 4683 evals/s, 345 msg/s, 13.6 leaves/msg, 246s)
2026-08-10 08:21:16   [GPU] 1,200,014 evals (25715 batches, avg 47/batch = 9% of 512, 4677 evals/s, 345 msg/s, 13.5 leaves/msg, 257s)
2026-08-10 08:21:22 [iter 17/60] self-play: 45/160 games...
2026-08-10 08:21:27   [GPU] 1,250,042 evals (26763 batches, avg 47/batch = 9% of 512, 4683 evals/s, 347 msg/s, 13.5 leaves/msg, 267s)
2026-08-10 08:21:39   [GPU] 1,300,042 evals (27988 batches, avg 46/batch = 9% of 512, 4653 evals/s, 344 msg/s, 13.5 leaves/msg, 279s)
2026-08-10 08:21:51   [GPU] 1,350,005 evals (29124 batches, avg 46/batch = 9% of 512, 4638 evals/s, 342 msg/s, 13.6 leaves/msg, 291s)
2026-08-10 08:21:56 [iter 17/60] self-play: 50/160 games...
2026-08-10 08:22:01   [GPU] 1,400,006 evals (30131 batches, avg 46/batch = 9% of 512, 4649 evals/s, 342 msg/s, 13.6 leaves/msg, 301s)
2026-08-10 08:22:13   [GPU] 1,450,020 evals (31273 batches, avg 46/batch = 9% of 512, 4635 evals/s, 341 msg/s, 13.6 leaves/msg, 313s)
2026-08-10 08:22:24   [GPU] 1,500,035 evals (32411 batches, avg 46/batch = 9% of 512, 4630 evals/s, 340 msg/s, 13.6 leaves/msg, 324s)
2026-08-10 08:22:33   [GPU] 1,550,004 evals (33419 batches, avg 46/batch = 9% of 512, 4646 evals/s, 341 msg/s, 13.6 leaves/msg, 334s)
2026-08-10 08:22:42   [GPU] 1,600,052 evals (34289 batches, avg 47/batch = 9% of 512, 4675 evals/s, 344 msg/s, 13.6 leaves/msg, 342s)
2026-08-10 08:22:45 [iter 17/60] self-play: 55/160 games...
2026-08-10 08:22:51   [GPU] 1,650,010 evals (35238 batches, avg 47/batch = 9% of 512, 4694 evals/s, 345 msg/s, 13.6 leaves/msg, 351s)
2026-08-10 08:23:01   [GPU] 1,700,023 evals (36173 batches, avg 47/batch = 9% of 512, 4712 evals/s, 347 msg/s, 13.6 leaves/msg, 361s)
2026-08-10 08:23:11   [GPU] 1,750,070 evals (37197 batches, avg 47/batch = 9% of 512, 4718 evals/s, 347 msg/s, 13.6 leaves/msg, 371s)
2026-08-10 08:23:15 [iter 17/60] self-play: 60/160 games...
2026-08-10 08:23:21   [GPU] 1,800,033 evals (38239 batches, avg 47/batch = 9% of 512, 4725 evals/s, 348 msg/s, 13.6 leaves/msg, 381s)
2026-08-10 08:23:30   [GPU] 1,850,004 evals (39269 batches, avg 47/batch = 9% of 512, 4737 evals/s, 349 msg/s, 13.6 leaves/msg, 391s)
2026-08-10 08:23:33 [iter 17/60] self-play: 65/160 games...
2026-08-10 08:23:40   [GPU] 1,900,025 evals (40293 batches, avg 47/batch = 9% of 512, 4747 evals/s, 350 msg/s, 13.6 leaves/msg, 400s)
2026-08-10 08:23:51   [GPU] 1,950,005 evals (41400 batches, avg 47/batch = 9% of 512, 4746 evals/s, 350 msg/s, 13.6 leaves/msg, 411s)
2026-08-10 08:24:00   [GPU] 2,000,028 evals (42362 batches, avg 47/batch = 9% of 512, 4764 evals/s, 351 msg/s, 13.6 leaves/msg, 420s)
2026-08-10 08:24:09   [GPU] 2,050,010 evals (43325 batches, avg 47/batch = 9% of 512, 4781 evals/s, 353 msg/s, 13.6 leaves/msg, 429s)
2026-08-10 08:24:09 [iter 17/60] self-play: 70/160 games...
2026-08-10 08:24:19   [GPU] 2,100,016 evals (44346 batches, avg 47/batch = 9% of 512, 4787 evals/s, 354 msg/s, 13.5 leaves/msg, 439s)
2026-08-10 08:24:28   [GPU] 2,150,024 evals (45295 batches, avg 47/batch = 9% of 512, 4801 evals/s, 354 msg/s, 13.6 leaves/msg, 448s)
2026-08-10 08:24:32 [iter 17/60] self-play: 75/160 games...
2026-08-10 08:24:37   [GPU] 2,200,030 evals (46287 batches, avg 48/batch = 9% of 512, 4809 evals/s, 355 msg/s, 13.5 leaves/msg, 457s)
2026-08-10 08:24:47   [GPU] 2,250,019 evals (47322 batches, avg 48/batch = 9% of 512, 4814 evals/s, 356 msg/s, 13.5 leaves/msg, 467s)
2026-08-10 08:24:56   [GPU] 2,300,024 evals (48277 batches, avg 48/batch = 9% of 512, 4827 evals/s, 356 msg/s, 13.6 leaves/msg, 476s)
2026-08-10 08:25:04 [iter 17/60] self-play: 80/160 games...
2026-08-10 08:25:06   [GPU] 2,350,014 evals (49264 batches, avg 48/batch = 9% of 512, 4837 evals/s, 357 msg/s, 13.5 leaves/msg, 486s)
2026-08-10 08:25:14   [GPU] 2,400,035 evals (50172 batches, avg 48/batch = 9% of 512, 4854 evals/s, 359 msg/s, 13.5 leaves/msg, 494s)
2026-08-10 08:25:23   [GPU] 2,450,014 evals (51160 batches, avg 48/batch = 9% of 512, 4865 evals/s, 360 msg/s, 13.5 leaves/msg, 504s)
2026-08-10 08:25:33   [GPU] 2,500,048 evals (52130 batches, avg 48/batch = 9% of 512, 4874 evals/s, 360 msg/s, 13.5 leaves/msg, 513s)
2026-08-10 08:25:39 [iter 17/60] self-play: 85/160 games...
2026-08-10 08:25:42   [GPU] 2,550,012 evals (53068 batches, avg 48/batch = 9% of 512, 4886 evals/s, 360 msg/s, 13.6 leaves/msg, 522s)
2026-08-10 08:25:53   [GPU] 2,600,005 evals (54200 batches, avg 48/batch = 9% of 512, 4880 evals/s, 361 msg/s, 13.5 leaves/msg, 533s)
2026-08-10 08:26:00 [iter 17/60] self-play: 90/160 games...
2026-08-10 08:26:03   [GPU] 2,650,007 evals (55229 batches, avg 48/batch = 9% of 512, 4882 evals/s, 361 msg/s, 13.5 leaves/msg, 543s)
2026-08-10 08:26:13   [GPU] 2,700,037 evals (56342 batches, avg 48/batch = 9% of 512, 4881 evals/s, 361 msg/s, 13.5 leaves/msg, 553s)
2026-08-10 08:26:22   [GPU] 2,750,053 evals (57294 batches, avg 48/batch = 9% of 512, 4890 evals/s, 362 msg/s, 13.5 leaves/msg, 562s)
2026-08-10 08:26:27 [iter 17/60] self-play: 95/160 games...
2026-08-10 08:26:32   [GPU] 2,800,027 evals (58291 batches, avg 48/batch = 9% of 512, 4894 evals/s, 362 msg/s, 13.5 leaves/msg, 572s)
2026-08-10 08:26:42   [GPU] 2,850,016 evals (59285 batches, avg 48/batch = 9% of 512, 4899 evals/s, 363 msg/s, 13.5 leaves/msg, 582s)
2026-08-10 08:26:52   [GPU] 2,900,001 evals (60379 batches, avg 48/batch = 9% of 512, 4896 evals/s, 363 msg/s, 13.5 leaves/msg, 592s)
2026-08-10 08:27:02   [GPU] 2,950,033 evals (61400 batches, avg 48/batch = 9% of 512, 4899 evals/s, 363 msg/s, 13.5 leaves/msg, 602s)
2026-08-10 08:27:11   [GPU] 3,000,070 evals (62354 batches, avg 48/batch = 9% of 512, 4909 evals/s, 363 msg/s, 13.5 leaves/msg, 611s)
2026-08-10 08:27:19   [GPU] 3,050,075 evals (63250 batches, avg 48/batch = 9% of 512, 4925 evals/s, 365 msg/s, 13.5 leaves/msg, 619s)
2026-08-10 08:27:20 [iter 17/60] self-play: 100/160 games...
2026-08-10 08:27:28   [GPU] 3,100,006 evals (64198 batches, avg 48/batch = 9% of 512, 4937 evals/s, 366 msg/s, 13.5 leaves/msg, 628s)
2026-08-10 08:27:36   [GPU] 3,150,066 evals (65081 batches, avg 48/batch = 9% of 512, 4951 evals/s, 367 msg/s, 13.5 leaves/msg, 636s)
2026-08-10 08:27:41 [iter 17/60] self-play: 105/160 games...
2026-08-10 08:27:46   [GPU] 3,200,037 evals (66044 batches, avg 48/batch = 9% of 512, 4956 evals/s, 367 msg/s, 13.5 leaves/msg, 646s)
2026-08-10 08:27:56   [GPU] 3,250,076 evals (67113 batches, avg 48/batch = 9% of 512, 4954 evals/s, 367 msg/s, 13.5 leaves/msg, 656s)
2026-08-10 08:28:06 [iter 17/60] self-play: 110/160 games...
2026-08-10 08:28:07   [GPU] 3,300,028 evals (68251 batches, avg 48/batch = 9% of 512, 4944 evals/s, 367 msg/s, 13.5 leaves/msg, 667s)
2026-08-10 08:28:19   [GPU] 3,350,043 evals (69364 batches, avg 48/batch = 9% of 512, 4935 evals/s, 366 msg/s, 13.5 leaves/msg, 679s)
2026-08-10 08:28:30   [GPU] 3,400,013 evals (70499 batches, avg 48/batch = 9% of 512, 4927 evals/s, 365 msg/s, 13.5 leaves/msg, 690s)
2026-08-10 08:28:40   [GPU] 3,450,004 evals (71562 batches, avg 48/batch = 9% of 512, 4927 evals/s, 365 msg/s, 13.5 leaves/msg, 700s)
2026-08-10 08:28:40 [iter 17/60] self-play: 115/160 games...
2026-08-10 08:28:52   [GPU] 3,500,000 evals (72777 batches, avg 48/batch = 9% of 512, 4918 evals/s, 365 msg/s, 13.5 leaves/msg, 712s)
2026-08-10 08:29:02   [GPU] 3,550,044 evals (73922 batches, avg 48/batch = 9% of 512, 4916 evals/s, 365 msg/s, 13.5 leaves/msg, 722s)
2026-08-10 08:29:08 [iter 17/60] self-play: 120/160 games...
2026-08-10 08:29:12   [GPU] 3,600,036 evals (74976 batches, avg 48/batch = 9% of 512, 4916 evals/s, 365 msg/s, 13.5 leaves/msg, 732s)
2026-08-10 08:29:22   [GPU] 3,650,001 evals (76055 batches, avg 48/batch = 9% of 512, 4917 evals/s, 365 msg/s, 13.5 leaves/msg, 742s)
2026-08-10 08:29:33   [GPU] 3,700,051 evals (77212 batches, avg 48/batch = 9% of 512, 4915 evals/s, 365 msg/s, 13.5 leaves/msg, 753s)
2026-08-10 08:29:41   [GPU] 3,750,038 evals (78159 batches, avg 48/batch = 9% of 512, 4924 evals/s, 366 msg/s, 13.5 leaves/msg, 762s)
2026-08-10 08:29:43 [iter 17/60] self-play: 125/160 games...
2026-08-10 08:29:51   [GPU] 3,800,025 evals (79195 batches, avg 48/batch = 9% of 512, 4927 evals/s, 366 msg/s, 13.4 leaves/msg, 771s)
2026-08-10 08:30:02   [GPU] 3,850,001 evals (80367 batches, avg 48/batch = 9% of 512, 4919 evals/s, 366 msg/s, 13.4 leaves/msg, 783s)
2026-08-10 08:30:05 [iter 17/60] self-play: 130/160 games...
2026-08-10 08:30:17   [GPU] 3,900,056 evals (81788 batches, avg 48/batch = 9% of 512, 4891 evals/s, 365 msg/s, 13.4 leaves/msg, 797s)
2026-08-10 08:30:26 [iter 17/60] self-play: 135/160 games...
2026-08-10 08:30:30   [GPU] 3,950,059 evals (83114 batches, avg 48/batch = 9% of 512, 4874 evals/s, 365 msg/s, 13.4 leaves/msg, 810s)
2026-08-10 08:30:45   [GPU] 4,000,034 evals (84524 batches, avg 47/batch = 9% of 512, 4850 evals/s, 363 msg/s, 13.4 leaves/msg, 825s)
2026-08-10 08:30:59   [GPU] 4,050,041 evals (85924 batches, avg 47/batch = 9% of 512, 4827 evals/s, 362 msg/s, 13.3 leaves/msg, 839s)
2026-08-10 08:31:06 [iter 17/60] self-play: 140/160 games...
2026-08-10 08:31:11   [GPU] 4,100,012 evals (87184 batches, avg 47/batch = 9% of 512, 4815 evals/s, 362 msg/s, 13.3 leaves/msg, 852s)
2026-08-10 08:31:23   [GPU] 4,150,036 evals (88381 batches, avg 47/batch = 9% of 512, 4810 evals/s, 362 msg/s, 13.3 leaves/msg, 863s)
2026-08-10 08:31:34   [GPU] 4,200,001 evals (89568 batches, avg 47/batch = 9% of 512, 4804 evals/s, 362 msg/s, 13.3 leaves/msg, 874s)
2026-08-10 08:31:46   [GPU] 4,250,048 evals (90738 batches, avg 47/batch = 9% of 512, 4797 evals/s, 362 msg/s, 13.3 leaves/msg, 886s)
2026-08-10 08:31:56 [iter 17/60] self-play: 145/160 games...
2026-08-10 08:31:57   [GPU] 4,300,041 evals (91896 batches, avg 47/batch = 9% of 512, 4794 evals/s, 362 msg/s, 13.2 leaves/msg, 897s)
2026-08-10 08:32:08   [GPU] 4,350,038 evals (93047 batches, avg 47/batch = 9% of 512, 4790 evals/s, 362 msg/s, 13.2 leaves/msg, 908s)
2026-08-10 08:32:19   [GPU] 4,400,030 evals (94178 batches, avg 47/batch = 9% of 512, 4788 evals/s, 363 msg/s, 13.2 leaves/msg, 919s)
2026-08-10 08:32:25 [iter 17/60] self-play: 150/160 games...
2026-08-10 08:32:30   [GPU] 4,450,055 evals (95383 batches, avg 47/batch = 9% of 512, 4783 evals/s, 363 msg/s, 13.2 leaves/msg, 930s)
2026-08-10 08:32:42   [GPU] 4,500,005 evals (96561 batches, avg 47/batch = 9% of 512, 4779 evals/s, 363 msg/s, 13.2 leaves/msg, 942s)
2026-08-10 08:32:50 [iter 17/60] self-play: 155/160 games...
2026-08-10 08:32:58   [GPU] 4,550,040 evals (98102 batches, avg 46/batch = 9% of 512, 4748 evals/s, 361 msg/s, 13.2 leaves/msg, 958s)
2026-08-10 08:33:36   [GPU] 4,600,003 evals (100841 batches, avg 46/batch = 9% of 512, 4618 evals/s, 352 msg/s, 13.1 leaves/msg, 996s)
2026-08-10 08:34:12 [iter 17/60] self-play: 160/160 games...
2026-08-10 08:34:12 [iter 17/60] self-play done: 160 games (1033s) | wins: P0=29, P1=103, draw=28 | draw_rate=18% avg_len~25
2026-08-10 08:34:12 [iter 17/60] search: expanded=7.8 actions/node visits/action=76.6 walls/game=7.88 first_wall_ply=1.175 learner_sims/s=4907.48
2026-08-10 08:34:12 [iter 17/60] training (600 steps, lr=8.51e-04)...
2026-08-10 08:34:21 [iter 17/60] training done: loss_p=1.172 loss_v=0.087 (8s)
2026-08-10 08:34:22 [iter 17/60] data: policy_wall_mass=0.185 walled_states=60% walls_on_board=16.5 value_mae walled=0.197 free=0.068
2026-08-10 08:34:23 [iter 17/60] eval skipped (eval_every=4)
2026-08-10 08:34:23 >>> iter 17 | loss_p=1.172 loss_v=0.087 | vs_best=n/a (not evaluated) | vs_rand=n/a | draw=18% | buf=100000 | rss=3.05GB | sp=1033s train=8s eval_best=0s eval_rand=0s | total=1043s
2026-08-10 08:34:23 [iter 18/60] self-play starting (160 games, 600 sims, MIXED 80/160 race-only)...
2026-08-10 08:34:23 [PARALLEL-MP] 8 workers spawned (160 games, sims=600), GPU batcher starting...
2026-08-10 08:34:35   [GPU] 50,008 evals (929 batches, avg 54/batch = 11% of 512, 4058 evals/s, 302 msg/s, 13.4 leaves/msg, 12s)
2026-08-10 08:34:40 [iter 18/60] self-play: 5/160 games...
2026-08-10 08:34:48   [GPU] 100,028 evals (2205 batches, avg 45/batch = 9% of 512, 3904 evals/s, 302 msg/s, 12.9 leaves/msg, 26s)
2026-08-10 08:35:02   [GPU] 150,033 evals (3505 batches, avg 43/batch = 8% of 512, 3817 evals/s, 288 msg/s, 13.3 leaves/msg, 39s)
2026-08-10 08:35:11 [iter 18/60] self-play: 10/160 games...
2026-08-10 08:35:13   [GPU] 200,004 evals (4623 batches, avg 43/batch = 8% of 512, 3986 evals/s, 301 msg/s, 13.2 leaves/msg, 50s)
2026-08-10 08:35:24   [GPU] 250,038 evals (5792 batches, avg 43/batch = 8% of 512, 4093 evals/s, 309 msg/s, 13.3 leaves/msg, 61s)
2026-08-10 08:35:34   [GPU] 300,019 evals (6869 batches, avg 44/batch = 9% of 512, 4217 evals/s, 318 msg/s, 13.3 leaves/msg, 71s)
2026-08-10 08:35:43   [GPU] 350,045 evals (7901 batches, avg 44/batch = 9% of 512, 4336 evals/s, 329 msg/s, 13.2 leaves/msg, 81s)
2026-08-10 08:35:45 [iter 18/60] self-play: 15/160 games...
2026-08-10 08:35:53   [GPU] 400,017 evals (8912 batches, avg 45/batch = 9% of 512, 4437 evals/s, 338 msg/s, 13.1 leaves/msg, 90s)
2026-08-10 08:36:03   [GPU] 450,072 evals (10027 batches, avg 45/batch = 9% of 512, 4468 evals/s, 343 msg/s, 13.0 leaves/msg, 101s)
2026-08-10 08:36:14   [GPU] 500,032 evals (11128 batches, avg 45/batch = 9% of 512, 4497 evals/s, 345 msg/s, 13.0 leaves/msg, 111s)
2026-08-10 08:36:20 [iter 18/60] self-play: 20/160 games...
2026-08-10 08:36:25   [GPU] 550,010 evals (12268 batches, avg 45/batch = 9% of 512, 4506 evals/s, 347 msg/s, 13.0 leaves/msg, 122s)
2026-08-10 08:36:35   [GPU] 600,088 evals (13344 batches, avg 45/batch = 9% of 512, 4534 evals/s, 349 msg/s, 13.0 leaves/msg, 132s)
2026-08-10 08:36:46   [GPU] 650,045 evals (14473 batches, avg 45/batch = 9% of 512, 4539 evals/s, 349 msg/s, 13.0 leaves/msg, 143s)
2026-08-10 08:36:56 [iter 18/60] self-play: 25/160 games...
2026-08-10 08:36:57   [GPU] 700,024 evals (15621 batches, avg 45/batch = 9% of 512, 4539 evals/s, 348 msg/s, 13.1 leaves/msg, 154s)
2026-08-10 08:37:06   [GPU] 750,013 evals (16633 batches, avg 45/batch = 9% of 512, 4574 evals/s, 349 msg/s, 13.1 leaves/msg, 164s)
2026-08-10 08:37:17   [GPU] 800,029 evals (17683 batches, avg 45/batch = 9% of 512, 4589 evals/s, 349 msg/s, 13.1 leaves/msg, 174s)
2026-08-10 08:37:28   [GPU] 850,004 evals (18825 batches, avg 45/batch = 9% of 512, 4581 evals/s, 348 msg/s, 13.1 leaves/msg, 186s)
2026-08-10 08:37:39   [GPU] 900,025 evals (19992 batches, avg 45/batch = 9% of 512, 4571 evals/s, 347 msg/s, 13.2 leaves/msg, 197s)
2026-08-10 08:37:46 [iter 18/60] self-play: 30/160 games...
2026-08-10 08:37:50   [GPU] 950,006 evals (21069 batches, avg 45/batch = 9% of 512, 4585 evals/s, 348 msg/s, 13.2 leaves/msg, 207s)
2026-08-10 08:38:00   [GPU] 1,000,013 evals (22160 batches, avg 45/batch = 9% of 512, 4591 evals/s, 350 msg/s, 13.1 leaves/msg, 218s)
2026-08-10 08:38:03 [iter 18/60] self-play: 35/160 games...
2026-08-10 08:38:11   [GPU] 1,050,060 evals (23240 batches, avg 45/batch = 9% of 512, 4593 evals/s, 351 msg/s, 13.1 leaves/msg, 229s)
2026-08-10 08:38:20 [iter 18/60] self-play: 40/160 games...
2026-08-10 08:38:22   [GPU] 1,100,074 evals (24326 batches, avg 45/batch = 9% of 512, 4593 evals/s, 351 msg/s, 13.1 leaves/msg, 240s)
2026-08-10 08:38:32 [iter 18/60] self-play: 45/160 games...
2026-08-10 08:38:33   [GPU] 1,150,012 evals (25430 batches, avg 45/batch = 9% of 512, 4589 evals/s, 352 msg/s, 13.0 leaves/msg, 251s)
2026-08-10 08:38:46   [GPU] 1,200,053 evals (26696 batches, avg 45/batch = 9% of 512, 4550 evals/s, 348 msg/s, 13.1 leaves/msg, 264s)
2026-08-10 08:38:59   [GPU] 1,250,012 evals (27934 batches, avg 45/batch = 9% of 512, 4522 evals/s, 345 msg/s, 13.1 leaves/msg, 276s)
2026-08-10 08:38:59 [iter 18/60] self-play: 50/160 games...
2026-08-10 08:39:11   [GPU] 1,300,026 evals (29120 batches, avg 45/batch = 9% of 512, 4506 evals/s, 343 msg/s, 13.1 leaves/msg, 289s)
2026-08-10 08:39:23   [GPU] 1,350,001 evals (30268 batches, avg 45/batch = 9% of 512, 4500 evals/s, 342 msg/s, 13.2 leaves/msg, 300s)
2026-08-10 08:39:34   [GPU] 1,400,012 evals (31454 batches, avg 45/batch = 9% of 512, 4496 evals/s, 342 msg/s, 13.1 leaves/msg, 311s)
2026-08-10 08:39:36 [iter 18/60] self-play: 55/160 games...
2026-08-10 08:39:44   [GPU] 1,450,034 evals (32514 batches, avg 45/batch = 9% of 512, 4508 evals/s, 343 msg/s, 13.1 leaves/msg, 322s)
2026-08-10 08:39:54   [GPU] 1,500,007 evals (33600 batches, avg 45/batch = 9% of 512, 4520 evals/s, 345 msg/s, 13.1 leaves/msg, 332s)
2026-08-10 08:40:04   [GPU] 1,550,004 evals (34654 batches, avg 45/batch = 9% of 512, 4533 evals/s, 345 msg/s, 13.1 leaves/msg, 342s)
2026-08-10 08:40:14   [GPU] 1,600,078 evals (35695 batches, avg 45/batch = 9% of 512, 4549 evals/s, 346 msg/s, 13.1 leaves/msg, 352s)
2026-08-10 08:40:24   [GPU] 1,650,001 evals (36697 batches, avg 45/batch = 9% of 512, 4568 evals/s, 348 msg/s, 13.1 leaves/msg, 361s)
2026-08-10 08:40:33   [GPU] 1,700,026 evals (37689 batches, avg 45/batch = 9% of 512, 4583 evals/s, 350 msg/s, 13.1 leaves/msg, 371s)
2026-08-10 08:40:41 [iter 18/60] self-play: 60/160 games...
2026-08-10 08:40:43   [GPU] 1,750,027 evals (38671 batches, avg 45/batch = 9% of 512, 4596 evals/s, 351 msg/s, 13.1 leaves/msg, 381s)
2026-08-10 08:40:54   [GPU] 1,800,050 evals (39724 batches, avg 45/batch = 9% of 512, 4602 evals/s, 351 msg/s, 13.1 leaves/msg, 391s)
2026-08-10 08:41:01 [iter 18/60] self-play: 65/160 games...
2026-08-10 08:41:05   [GPU] 1,850,035 evals (40861 batches, avg 45/batch = 9% of 512, 4594 evals/s, 351 msg/s, 13.1 leaves/msg, 403s)
2026-08-10 08:41:17   [GPU] 1,900,021 evals (42035 batches, avg 45/batch = 9% of 512, 4584 evals/s, 350 msg/s, 13.1 leaves/msg, 414s)
2026-08-10 08:41:28   [GPU] 1,950,029 evals (43154 batches, avg 45/batch = 9% of 512, 4579 evals/s, 349 msg/s, 13.1 leaves/msg, 426s)
2026-08-10 08:41:41   [GPU] 2,000,001 evals (44368 batches, avg 45/batch = 9% of 512, 4565 evals/s, 349 msg/s, 13.1 leaves/msg, 438s)
2026-08-10 08:41:53   [GPU] 2,050,026 evals (45619 batches, avg 45/batch = 9% of 512, 4551 evals/s, 348 msg/s, 13.1 leaves/msg, 450s)
2026-08-10 08:42:04 [iter 18/60] self-play: 70/160 games...
2026-08-10 08:42:04   [GPU] 2,100,049 evals (46803 batches, avg 45/batch = 9% of 512, 4548 evals/s, 347 msg/s, 13.1 leaves/msg, 462s)
2026-08-10 08:42:14   [GPU] 2,150,063 evals (47845 batches, avg 45/batch = 9% of 512, 4559 evals/s, 349 msg/s, 13.1 leaves/msg, 472s)
2026-08-10 08:42:18 [iter 18/60] self-play: 75/160 games...
2026-08-10 08:42:23   [GPU] 2,200,053 evals (48815 batches, avg 45/batch = 9% of 512, 4577 evals/s, 350 msg/s, 13.1 leaves/msg, 481s)
2026-08-10 08:42:33   [GPU] 2,250,005 evals (49785 batches, avg 45/batch = 9% of 512, 4592 evals/s, 351 msg/s, 13.1 leaves/msg, 490s)
2026-08-10 08:42:36 [iter 18/60] self-play: 80/160 games...
2026-08-10 08:42:43   [GPU] 2,300,028 evals (50833 batches, avg 45/batch = 9% of 512, 4598 evals/s, 352 msg/s, 13.1 leaves/msg, 500s)
2026-08-10 08:42:49 [iter 18/60] self-play: 85/160 games...
2026-08-10 08:42:53   [GPU] 2,350,024 evals (51846 batches, avg 45/batch = 9% of 512, 4603 evals/s, 352 msg/s, 13.1 leaves/msg, 511s)
2026-08-10 08:43:03   [GPU] 2,400,024 evals (52878 batches, avg 45/batch = 9% of 512, 4609 evals/s, 352 msg/s, 13.1 leaves/msg, 521s)
2026-08-10 08:43:13   [GPU] 2,450,004 evals (53884 batches, avg 45/batch = 9% of 512, 4616 evals/s, 353 msg/s, 13.1 leaves/msg, 531s)
2026-08-10 08:43:23   [GPU] 2,500,007 evals (54904 batches, avg 46/batch = 9% of 512, 4623 evals/s, 353 msg/s, 13.1 leaves/msg, 541s)
2026-08-10 08:43:25 [iter 18/60] self-play: 90/160 games...
2026-08-10 08:43:33   [GPU] 2,550,044 evals (55936 batches, avg 46/batch = 9% of 512, 4630 evals/s, 354 msg/s, 13.1 leaves/msg, 551s)
2026-08-10 08:43:44   [GPU] 2,600,002 evals (57015 batches, avg 46/batch = 9% of 512, 4633 evals/s, 354 msg/s, 13.1 leaves/msg, 561s)
2026-08-10 08:43:45 [iter 18/60] self-play: 95/160 games...
2026-08-10 08:43:54   [GPU] 2,650,021 evals (58057 batches, avg 46/batch = 9% of 512, 4637 evals/s, 354 msg/s, 13.1 leaves/msg, 572s)
2026-08-10 08:44:05 [iter 18/60] self-play: 100/160 games...
2026-08-10 08:44:06   [GPU] 2,700,004 evals (59225 batches, avg 46/batch = 9% of 512, 4630 evals/s, 354 msg/s, 13.1 leaves/msg, 583s)
2026-08-10 08:44:16   [GPU] 2,750,001 evals (60322 batches, avg 46/batch = 9% of 512, 4632 evals/s, 354 msg/s, 13.1 leaves/msg, 594s)
2026-08-10 08:44:27   [GPU] 2,800,062 evals (61416 batches, avg 46/batch = 9% of 512, 4635 evals/s, 355 msg/s, 13.1 leaves/msg, 604s)
2026-08-10 08:44:30 [iter 18/60] self-play: 105/160 games...
2026-08-10 08:44:36   [GPU] 2,850,019 evals (62403 batches, avg 46/batch = 9% of 512, 4647 evals/s, 355 msg/s, 13.1 leaves/msg, 613s)
2026-08-10 08:44:46   [GPU] 2,900,018 evals (63438 batches, avg 46/batch = 9% of 512, 4654 evals/s, 356 msg/s, 13.1 leaves/msg, 623s)
2026-08-10 08:44:54 [iter 18/60] self-play: 110/160 games...
2026-08-10 08:44:55   [GPU] 2,950,014 evals (64421 batches, avg 46/batch = 9% of 512, 4666 evals/s, 357 msg/s, 13.1 leaves/msg, 632s)
2026-08-10 08:45:04   [GPU] 3,000,058 evals (65421 batches, avg 46/batch = 9% of 512, 4673 evals/s, 357 msg/s, 13.1 leaves/msg, 642s)
2026-08-10 08:45:15   [GPU] 3,050,035 evals (66480 batches, avg 46/batch = 9% of 512, 4677 evals/s, 357 msg/s, 13.1 leaves/msg, 652s)
2026-08-10 08:45:19 [iter 18/60] self-play: 115/160 games...
2026-08-10 08:45:25   [GPU] 3,100,041 evals (67602 batches, avg 46/batch = 9% of 512, 4677 evals/s, 357 msg/s, 13.1 leaves/msg, 663s)
2026-08-10 08:45:36   [GPU] 3,150,033 evals (68629 batches, avg 46/batch = 9% of 512, 4680 evals/s, 357 msg/s, 13.1 leaves/msg, 673s)
2026-08-10 08:45:43 [iter 18/60] self-play: 120/160 games...
2026-08-10 08:45:46   [GPU] 3,200,015 evals (69711 batches, avg 46/batch = 9% of 512, 4681 evals/s, 357 msg/s, 13.1 leaves/msg, 684s)
2026-08-10 08:45:58   [GPU] 3,250,007 evals (70891 batches, avg 46/batch = 9% of 512, 4671 evals/s, 356 msg/s, 13.1 leaves/msg, 696s)
2026-08-10 08:45:59 [iter 18/60] self-play: 125/160 games...
2026-08-10 08:46:10   [GPU] 3,300,027 evals (72087 batches, avg 46/batch = 9% of 512, 4665 evals/s, 356 msg/s, 13.1 leaves/msg, 707s)
2026-08-10 08:46:15 [iter 18/60] self-play: 130/160 games...
2026-08-10 08:46:20   [GPU] 3,350,057 evals (73140 batches, avg 46/batch = 9% of 512, 4666 evals/s, 356 msg/s, 13.1 leaves/msg, 718s)
2026-08-10 08:46:31   [GPU] 3,400,029 evals (74203 batches, avg 46/batch = 9% of 512, 4668 evals/s, 356 msg/s, 13.1 leaves/msg, 728s)
2026-08-10 08:46:40 [iter 18/60] self-play: 135/160 games...
2026-08-10 08:46:42   [GPU] 3,450,018 evals (75289 batches, avg 46/batch = 9% of 512, 4668 evals/s, 356 msg/s, 13.1 leaves/msg, 739s)
2026-08-10 08:46:52   [GPU] 3,500,040 evals (76254 batches, avg 46/batch = 9% of 512, 4671 evals/s, 356 msg/s, 13.1 leaves/msg, 749s)
2026-08-10 08:47:01   [GPU] 3,550,045 evals (77242 batches, avg 46/batch = 9% of 512, 4678 evals/s, 356 msg/s, 13.1 leaves/msg, 759s)
2026-08-10 08:47:03 [iter 18/60] self-play: 140/160 games...
2026-08-10 08:47:11   [GPU] 3,600,020 evals (78203 batches, avg 46/batch = 9% of 512, 4687 evals/s, 357 msg/s, 13.1 leaves/msg, 768s)
2026-08-10 08:47:17 [iter 18/60] self-play: 145/160 games...
2026-08-10 08:47:21   [GPU] 3,650,003 evals (79311 batches, avg 46/batch = 9% of 512, 4687 evals/s, 358 msg/s, 13.1 leaves/msg, 779s)
2026-08-10 08:47:31 [iter 18/60] self-play: 150/160 games...
2026-08-10 08:47:33   [GPU] 3,700,002 evals (80433 batches, avg 46/batch = 9% of 512, 4680 evals/s, 358 msg/s, 13.1 leaves/msg, 791s)
2026-08-10 08:47:47   [GPU] 3,750,020 evals (81723 batches, avg 46/batch = 9% of 512, 4663 evals/s, 356 msg/s, 13.1 leaves/msg, 804s)
2026-08-10 08:47:51 [iter 18/60] self-play: 155/160 games...
2026-08-10 08:48:06   [GPU] 3,800,011 evals (83513 batches, avg 46/batch = 9% of 512, 4615 evals/s, 352 msg/s, 13.1 leaves/msg, 823s)
2026-08-10 08:48:25   [GPU] 3,850,018 evals (85311 batches, avg 45/batch = 9% of 512, 4572 evals/s, 349 msg/s, 13.1 leaves/msg, 842s)
2026-08-10 08:48:49   [GPU] 3,900,015 evals (87444 batches, avg 45/batch = 9% of 512, 4502 evals/s, 344 msg/s, 13.1 leaves/msg, 866s)
2026-08-10 08:49:18   [GPU] 3,950,018 evals (89882 batches, avg 44/batch = 9% of 512, 4412 evals/s, 337 msg/s, 13.1 leaves/msg, 895s)
2026-08-10 08:49:53   [GPU] 4,000,017 evals (92429 batches, avg 43/batch = 8% of 512, 4301 evals/s, 329 msg/s, 13.1 leaves/msg, 930s)
2026-08-10 08:50:38 [iter 18/60] self-play: 160/160 games...
2026-08-10 08:50:38 [iter 18/60] self-play done: 160 games (976s) | wins: P0=31, P1=109, draw=20 | draw_rate=12% avg_len~27
2026-08-10 08:50:38 [iter 18/60] search: expanded=8.5 actions/node visits/action=70.6 walls/game=7.92 first_wall_ply=0.45 learner_sims/s=4628.7
2026-08-10 08:50:38 [iter 18/60] training (600 steps, lr=8.33e-04)...
2026-08-10 08:50:47 [iter 18/60] training done: loss_p=1.181 loss_v=0.092 (9s)
2026-08-10 08:50:48 [iter 18/60] data: policy_wall_mass=0.201 walled_states=64% walls_on_board=17.9 value_mae walled=0.187 free=0.037
2026-08-10 08:50:49 [iter 18/60] eval skipped (eval_every=4)
2026-08-10 08:50:49 >>> iter 18 | loss_p=1.181 loss_v=0.092 | vs_best=n/a (not evaluated) | vs_rand=n/a | draw=12% | buf=100000 | rss=3.07GB | sp=976s train=9s eval_best=0s eval_rand=0s | total=986s
2026-08-10 08:50:49 [iter 19/60] self-play starting (160 games, 600 sims, MIXED 80/160 race-only)...
2026-08-10 08:50:49 [PARALLEL-MP] 8 workers spawned (160 games, sims=600), GPU batcher starting...
2026-08-10 08:51:01   [GPU] 50,024 evals (954 batches, avg 52/batch = 10% of 512, 4025 evals/s, 299 msg/s, 13.5 leaves/msg, 12s)
2026-08-10 08:51:09 [iter 19/60] self-play: 5/160 games...
2026-08-10 08:51:14   [GPU] 100,010 evals (2149 batches, avg 47/batch = 9% of 512, 4021 evals/s, 305 msg/s, 13.2 leaves/msg, 25s)
2026-08-10 08:51:27   [GPU] 150,029 evals (3483 batches, avg 43/batch = 8% of 512, 3889 evals/s, 298 msg/s, 13.1 leaves/msg, 39s)
2026-08-10 08:51:39   [GPU] 200,011 evals (4597 batches, avg 44/batch = 8% of 512, 4012 evals/s, 303 msg/s, 13.2 leaves/msg, 50s)
2026-08-10 08:51:39 [iter 19/60] self-play: 10/160 games...
2026-08-10 08:51:51   [GPU] 250,032 evals (5823 batches, avg 43/batch = 8% of 512, 4053 evals/s, 307 msg/s, 13.2 leaves/msg, 62s)
2026-08-10 08:52:03   [GPU] 300,008 evals (7102 batches, avg 42/batch = 8% of 512, 4050 evals/s, 314 msg/s, 12.9 leaves/msg, 74s)
2026-08-10 08:52:08 [iter 19/60] self-play: 15/160 games...
2026-08-10 08:52:15   [GPU] 350,042 evals (8376 batches, avg 42/batch = 8% of 512, 4049 evals/s, 323 msg/s, 12.5 leaves/msg, 86s)
2026-08-10 08:52:28   [GPU] 400,025 evals (9632 batches, avg 42/batch = 8% of 512, 4048 evals/s, 325 msg/s, 12.4 leaves/msg, 99s)
2026-08-10 08:52:33 [iter 19/60] self-play: 20/160 games...
2026-08-10 08:52:39   [GPU] 450,030 evals (10786 batches, avg 42/batch = 8% of 512, 4087 evals/s, 330 msg/s, 12.4 leaves/msg, 110s)
2026-08-10 08:52:49   [GPU] 500,051 evals (11874 batches, avg 42/batch = 8% of 512, 4151 evals/s, 336 msg/s, 12.4 leaves/msg, 120s)
2026-08-10 08:53:01   [GPU] 550,030 evals (13052 batches, avg 42/batch = 8% of 512, 4169 evals/s, 340 msg/s, 12.3 leaves/msg, 132s)
2026-08-10 08:53:02 [iter 19/60] self-play: 25/160 games...
2026-08-10 08:53:12   [GPU] 600,033 evals (14247 batches, avg 42/batch = 8% of 512, 4183 evals/s, 345 msg/s, 12.1 leaves/msg, 143s)
2026-08-10 08:53:23 [iter 19/60] self-play: 30/160 games...
2026-08-10 08:53:24   [GPU] 650,056 evals (15415 batches, avg 42/batch = 8% of 512, 4201 evals/s, 351 msg/s, 12.0 leaves/msg, 155s)
2026-08-10 08:53:34   [GPU] 700,001 evals (16501 batches, avg 42/batch = 8% of 512, 4236 evals/s, 352 msg/s, 12.0 leaves/msg, 165s)
2026-08-10 08:53:45   [GPU] 750,004 evals (17660 batches, avg 42/batch = 8% of 512, 4252 evals/s, 352 msg/s, 12.1 leaves/msg, 176s)
2026-08-10 08:53:51 [iter 19/60] self-play: 35/160 games...
2026-08-10 08:53:58   [GPU] 800,023 evals (18927 batches, avg 42/batch = 8% of 512, 4236 evals/s, 352 msg/s, 12.0 leaves/msg, 189s)
2026-08-10 08:54:08   [GPU] 850,013 evals (20014 batches, avg 42/batch = 8% of 512, 4258 evals/s, 352 msg/s, 12.1 leaves/msg, 200s)
2026-08-10 08:54:12 [iter 19/60] self-play: 40/160 games...
2026-08-10 08:54:19   [GPU] 900,026 evals (21095 batches, avg 43/batch = 8% of 512, 4286 evals/s, 353 msg/s, 12.1 leaves/msg, 210s)
2026-08-10 08:54:30   [GPU] 950,028 evals (22191 batches, avg 43/batch = 8% of 512, 4304 evals/s, 354 msg/s, 12.2 leaves/msg, 221s)
2026-08-10 08:54:41   [GPU] 1,000,025 evals (23334 batches, avg 43/batch = 8% of 512, 4309 evals/s, 352 msg/s, 12.2 leaves/msg, 232s)
2026-08-10 08:54:52   [GPU] 1,050,030 evals (24462 batches, avg 43/batch = 8% of 512, 4322 evals/s, 352 msg/s, 12.3 leaves/msg, 243s)
2026-08-10 08:55:01   [GPU] 1,100,001 evals (25452 batches, avg 43/batch = 8% of 512, 4357 evals/s, 354 msg/s, 12.3 leaves/msg, 252s)
2026-08-10 08:55:05 [iter 19/60] self-play: 45/160 games...
2026-08-10 08:55:11   [GPU] 1,150,046 evals (26436 batches, avg 44/batch = 8% of 512, 4392 evals/s, 356 msg/s, 12.4 leaves/msg, 262s)
2026-08-10 08:55:20   [GPU] 1,200,003 evals (27422 batches, avg 44/batch = 9% of 512, 4426 evals/s, 357 msg/s, 12.4 leaves/msg, 271s)
2026-08-10 08:55:29   [GPU] 1,250,050 evals (28413 batches, avg 44/batch = 9% of 512, 4456 evals/s, 359 msg/s, 12.4 leaves/msg, 281s)
2026-08-10 08:55:36 [iter 19/60] self-play: 50/160 games...
2026-08-10 08:55:41   [GPU] 1,300,002 evals (29579 batches, avg 44/batch = 9% of 512, 4447 evals/s, 360 msg/s, 12.4 leaves/msg, 292s)
2026-08-10 08:55:53   [GPU] 1,350,028 evals (30792 batches, avg 44/batch = 9% of 512, 4434 evals/s, 358 msg/s, 12.4 leaves/msg, 304s)
2026-08-10 08:55:56 [iter 19/60] self-play: 55/160 games...
2026-08-10 08:56:05   [GPU] 1,400,002 evals (31996 batches, avg 44/batch = 9% of 512, 4424 evals/s, 357 msg/s, 12.4 leaves/msg, 316s)
2026-08-10 08:56:17   [GPU] 1,450,009 evals (33167 batches, avg 44/batch = 9% of 512, 4417 evals/s, 355 msg/s, 12.4 leaves/msg, 328s)
2026-08-10 08:56:25 [iter 19/60] self-play: 60/160 games...
2026-08-10 08:56:29   [GPU] 1,500,070 evals (34368 batches, avg 44/batch = 9% of 512, 4410 evals/s, 355 msg/s, 12.4 leaves/msg, 340s)
2026-08-10 08:56:41   [GPU] 1,550,033 evals (35595 batches, avg 44/batch = 9% of 512, 4403 evals/s, 355 msg/s, 12.4 leaves/msg, 352s)
2026-08-10 08:56:44 [iter 19/60] self-play: 65/160 games...
2026-08-10 08:56:54   [GPU] 1,600,000 evals (36856 batches, avg 43/batch = 8% of 512, 4387 evals/s, 353 msg/s, 12.4 leaves/msg, 365s)
2026-08-10 08:57:05   [GPU] 1,650,016 evals (38008 batches, avg 43/batch = 8% of 512, 4384 evals/s, 353 msg/s, 12.4 leaves/msg, 376s)
2026-08-10 08:57:14 [iter 19/60] self-play: 70/160 games...
2026-08-10 08:57:17   [GPU] 1,700,021 evals (39200 batches, avg 43/batch = 8% of 512, 4378 evals/s, 352 msg/s, 12.4 leaves/msg, 388s)
2026-08-10 08:57:28   [GPU] 1,750,026 evals (40300 batches, avg 43/batch = 8% of 512, 4383 evals/s, 352 msg/s, 12.4 leaves/msg, 399s)
2026-08-10 08:57:40   [GPU] 1,800,021 evals (41544 batches, avg 43/batch = 8% of 512, 4376 evals/s, 352 msg/s, 12.4 leaves/msg, 411s)
2026-08-10 08:57:44 [iter 19/60] self-play: 75/160 games...
2026-08-10 08:57:53   [GPU] 1,850,020 evals (42802 batches, avg 43/batch = 8% of 512, 4365 evals/s, 351 msg/s, 12.4 leaves/msg, 424s)
2026-08-10 08:58:07   [GPU] 1,900,016 evals (44210 batches, avg 43/batch = 8% of 512, 4340 evals/s, 350 msg/s, 12.4 leaves/msg, 438s)
2026-08-10 08:58:16 [iter 19/60] self-play: 80/160 games...
2026-08-10 08:58:18   [GPU] 1,950,009 evals (45438 batches, avg 43/batch = 8% of 512, 4337 evals/s, 350 msg/s, 12.4 leaves/msg, 450s)
2026-08-10 08:58:31   [GPU] 2,000,011 evals (46744 batches, avg 43/batch = 8% of 512, 4325 evals/s, 350 msg/s, 12.4 leaves/msg, 462s)
2026-08-10 08:58:46   [GPU] 2,050,015 evals (48236 batches, avg 42/batch = 8% of 512, 4294 evals/s, 348 msg/s, 12.4 leaves/msg, 477s)
2026-08-10 08:59:00   [GPU] 2,100,048 evals (49657 batches, avg 42/batch = 8% of 512, 4279 evals/s, 347 msg/s, 12.3 leaves/msg, 491s)
2026-08-10 08:59:12   [GPU] 2,150,015 evals (50976 batches, avg 42/batch = 8% of 512, 4272 evals/s, 347 msg/s, 12.3 leaves/msg, 503s)
2026-08-10 08:59:17 [iter 19/60] self-play: 85/160 games...
2026-08-10 08:59:25   [GPU] 2,200,035 evals (52260 batches, avg 42/batch = 8% of 512, 4265 evals/s, 347 msg/s, 12.3 leaves/msg, 516s)
2026-08-10 08:59:38   [GPU] 2,250,000 evals (53583 batches, avg 42/batch = 8% of 512, 4252 evals/s, 346 msg/s, 12.3 leaves/msg, 529s)
2026-08-10 08:59:52   [GPU] 2,300,001 evals (54944 batches, avg 42/batch = 8% of 512, 4237 evals/s, 345 msg/s, 12.3 leaves/msg, 543s)
2026-08-10 08:59:59 [iter 19/60] self-play: 90/160 games...
2026-08-10 09:00:07   [GPU] 2,350,002 evals (56392 batches, avg 42/batch = 8% of 512, 4214 evals/s, 344 msg/s, 12.3 leaves/msg, 558s)
2026-08-10 09:00:25   [GPU] 2,400,057 evals (58114 batches, avg 41/batch = 8% of 512, 4167 evals/s, 342 msg/s, 12.2 leaves/msg, 576s)
2026-08-10 09:00:40 [iter 19/60] self-play: 95/160 games...
2026-08-10 09:00:42   [GPU] 2,450,002 evals (59759 batches, avg 41/batch = 8% of 512, 4131 evals/s, 339 msg/s, 12.2 leaves/msg, 593s)
2026-08-10 09:00:58   [GPU] 2,500,048 evals (61290 batches, avg 41/batch = 8% of 512, 4106 evals/s, 338 msg/s, 12.2 leaves/msg, 609s)
2026-08-10 09:01:14   [GPU] 2,550,029 evals (62931 batches, avg 41/batch = 8% of 512, 4076 evals/s, 335 msg/s, 12.2 leaves/msg, 626s)
2026-08-10 09:01:29   [GPU] 2,600,009 evals (64452 batches, avg 40/batch = 8% of 512, 4060 evals/s, 334 msg/s, 12.1 leaves/msg, 640s)
2026-08-10 09:01:42   [GPU] 2,650,012 evals (65776 batches, avg 40/batch = 8% of 512, 4058 evals/s, 335 msg/s, 12.1 leaves/msg, 653s)
2026-08-10 09:01:44 [iter 19/60] self-play: 100/160 games...
2026-08-10 09:01:56   [GPU] 2,700,038 evals (67231 batches, avg 40/batch = 8% of 512, 4047 evals/s, 335 msg/s, 12.1 leaves/msg, 667s)
2026-08-10 09:02:10   [GPU] 2,750,015 evals (68661 batches, avg 40/batch = 8% of 512, 4036 evals/s, 334 msg/s, 12.1 leaves/msg, 681s)
2026-08-10 09:02:14 [iter 19/60] self-play: 105/160 games...
2026-08-10 09:02:25   [GPU] 2,800,001 evals (70106 batches, avg 40/batch = 8% of 512, 4024 evals/s, 334 msg/s, 12.1 leaves/msg, 696s)
2026-08-10 09:02:38   [GPU] 2,850,014 evals (71499 batches, avg 40/batch = 8% of 512, 4018 evals/s, 333 msg/s, 12.0 leaves/msg, 709s)
2026-08-10 09:02:53   [GPU] 2,900,042 evals (72974 batches, avg 40/batch = 8% of 512, 4003 evals/s, 332 msg/s, 12.0 leaves/msg, 724s)
2026-08-10 09:02:59 [iter 19/60] self-play: 110/160 games...
2026-08-10 09:03:10   [GPU] 2,950,021 evals (74608 batches, avg 40/batch = 8% of 512, 3981 evals/s, 331 msg/s, 12.0 leaves/msg, 741s)
2026-08-10 09:03:25   [GPU] 3,000,010 evals (76184 batches, avg 39/batch = 8% of 512, 3965 evals/s, 330 msg/s, 12.0 leaves/msg, 757s)
2026-08-10 09:03:40   [GPU] 3,050,034 evals (77706 batches, avg 39/batch = 8% of 512, 3955 evals/s, 330 msg/s, 12.0 leaves/msg, 771s)
2026-08-10 09:03:55   [GPU] 3,100,020 evals (79234 batches, avg 39/batch = 8% of 512, 3941 evals/s, 330 msg/s, 11.9 leaves/msg, 787s)
2026-08-10 09:04:09   [GPU] 3,150,036 evals (80658 batches, avg 39/batch = 8% of 512, 3934 evals/s, 330 msg/s, 11.9 leaves/msg, 801s)
2026-08-10 09:04:14 [iter 19/60] self-play: 115/160 games...
2026-08-10 09:04:26   [GPU] 3,200,009 evals (82356 batches, avg 39/batch = 8% of 512, 3914 evals/s, 330 msg/s, 11.9 leaves/msg, 818s)
2026-08-10 09:04:41   [GPU] 3,250,010 evals (83904 batches, avg 39/batch = 8% of 512, 3904 evals/s, 329 msg/s, 11.9 leaves/msg, 832s)
2026-08-10 09:04:56   [GPU] 3,300,012 evals (85389 batches, avg 39/batch = 8% of 512, 3897 evals/s, 329 msg/s, 11.8 leaves/msg, 847s)
2026-08-10 09:05:07 [iter 19/60] self-play: 120/160 games...
2026-08-10 09:05:10   [GPU] 3,350,011 evals (86871 batches, avg 39/batch = 8% of 512, 3888 evals/s, 329 msg/s, 11.8 leaves/msg, 862s)
2026-08-10 09:05:27   [GPU] 3,400,013 evals (88564 batches, avg 38/batch = 7% of 512, 3871 evals/s, 329 msg/s, 11.8 leaves/msg, 878s)
2026-08-10 09:05:44   [GPU] 3,450,013 evals (90317 batches, avg 38/batch = 7% of 512, 3852 evals/s, 328 msg/s, 11.7 leaves/msg, 896s)
2026-08-10 09:06:02   [GPU] 3,500,017 evals (92068 batches, avg 38/batch = 7% of 512, 3835 evals/s, 327 msg/s, 11.7 leaves/msg, 913s)
2026-08-10 09:06:05 [iter 19/60] self-play: 125/160 games...
2026-08-10 09:06:19   [GPU] 3,550,022 evals (93806 batches, avg 38/batch = 7% of 512, 3816 evals/s, 327 msg/s, 11.7 leaves/msg, 930s)
2026-08-10 09:06:37   [GPU] 3,600,032 evals (95547 batches, avg 38/batch = 7% of 512, 3797 evals/s, 326 msg/s, 11.6 leaves/msg, 948s)
2026-08-10 09:06:43 [iter 19/60] self-play: 130/160 games...
2026-08-10 09:06:53   [GPU] 3,650,002 evals (97113 batches, avg 38/batch = 7% of 512, 3786 evals/s, 325 msg/s, 11.6 leaves/msg, 964s)
2026-08-10 09:07:08   [GPU] 3,700,014 evals (98592 batches, avg 38/batch = 7% of 512, 3779 evals/s, 325 msg/s, 11.6 leaves/msg, 979s)
2026-08-10 09:07:10 [iter 19/60] self-play: 135/160 games...
2026-08-10 09:07:22   [GPU] 3,750,019 evals (99963 batches, avg 38/batch = 7% of 512, 3777 evals/s, 325 msg/s, 11.6 leaves/msg, 993s)
2026-08-10 09:07:35   [GPU] 3,800,011 evals (101360 batches, avg 37/batch = 7% of 512, 3776 evals/s, 325 msg/s, 11.6 leaves/msg, 1006s)
2026-08-10 09:07:49   [GPU] 3,850,022 evals (102744 batches, avg 37/batch = 7% of 512, 3775 evals/s, 325 msg/s, 11.6 leaves/msg, 1020s)
2026-08-10 09:07:55 [iter 19/60] self-play: 140/160 games...
2026-08-10 09:07:59   [GPU] 3,900,030 evals (103838 batches, avg 38/batch = 7% of 512, 3786 evals/s, 326 msg/s, 11.6 leaves/msg, 1030s)
2026-08-10 09:08:10   [GPU] 3,950,011 evals (105036 batches, avg 38/batch = 7% of 512, 3793 evals/s, 327 msg/s, 11.6 leaves/msg, 1042s)
2026-08-10 09:08:23   [GPU] 4,000,033 evals (106363 batches, avg 38/batch = 7% of 512, 3794 evals/s, 328 msg/s, 11.6 leaves/msg, 1054s)
2026-08-10 09:08:36   [GPU] 4,050,016 evals (107752 batches, avg 38/batch = 7% of 512, 3794 evals/s, 328 msg/s, 11.6 leaves/msg, 1067s)
2026-08-10 09:08:42 [iter 19/60] self-play: 145/160 games...
2026-08-10 09:08:48   [GPU] 4,100,049 evals (108931 batches, avg 38/batch = 7% of 512, 3801 evals/s, 328 msg/s, 11.6 leaves/msg, 1079s)
2026-08-10 09:08:59   [GPU] 4,150,031 evals (110075 batches, avg 38/batch = 7% of 512, 3808 evals/s, 329 msg/s, 11.6 leaves/msg, 1090s)
2026-08-10 09:09:09   [GPU] 4,200,015 evals (111173 batches, avg 38/batch = 7% of 512, 3818 evals/s, 330 msg/s, 11.6 leaves/msg, 1100s)
2026-08-10 09:09:11 [iter 19/60] self-play: 150/160 games...
2026-08-10 09:09:19   [GPU] 4,250,038 evals (112236 batches, avg 38/batch = 7% of 512, 3827 evals/s, 330 msg/s, 11.6 leaves/msg, 1111s)
2026-08-10 09:09:30   [GPU] 4,300,016 evals (113339 batches, avg 38/batch = 7% of 512, 3835 evals/s, 331 msg/s, 11.6 leaves/msg, 1121s)
2026-08-10 09:09:43   [GPU] 4,350,006 evals (114685 batches, avg 38/batch = 7% of 512, 3836 evals/s, 331 msg/s, 11.6 leaves/msg, 1134s)
2026-08-10 09:09:51 [iter 19/60] self-play: 155/160 games...
2026-08-10 09:09:57   [GPU] 4,400,049 evals (116135 batches, avg 38/batch = 7% of 512, 3833 evals/s, 331 msg/s, 11.6 leaves/msg, 1148s)
2026-08-10 09:10:13   [GPU] 4,450,024 evals (117782 batches, avg 38/batch = 7% of 512, 3821 evals/s, 330 msg/s, 11.6 leaves/msg, 1164s)
2026-08-10 09:10:51   [GPU] 4,500,004 evals (120863 batches, avg 37/batch = 7% of 512, 3744 evals/s, 324 msg/s, 11.6 leaves/msg, 1202s)
2026-08-10 09:14:20 [iter 19/60] self-play: 160/160 games...
2026-08-10 09:14:20 [iter 19/60] self-play done: 160 games (1411s) | wins: P0=21, P1=113, draw=26 | draw_rate=16% avg_len~26
2026-08-10 09:14:20 [iter 19/60] search: expanded=7.8 actions/node visits/action=76.5 walls/game=7.89 first_wall_ply=0.575 learner_sims/s=3563.04
2026-08-10 09:14:20 [iter 19/60] training (600 steps, lr=8.15e-04)...
2026-08-10 09:14:29 [iter 19/60] training done: loss_p=1.183 loss_v=0.084 (8s)
2026-08-10 09:14:30 [iter 19/60] data: policy_wall_mass=0.179 walled_states=62% walls_on_board=17.3 value_mae walled=0.150 free=0.043
2026-08-10 09:14:30 [iter 19/60] eval skipped (eval_every=4)
2026-08-10 09:14:30 >>> iter 19 | loss_p=1.183 loss_v=0.084 | vs_best=n/a (not evaluated) | vs_rand=n/a | draw=16% | buf=100000 | rss=3.08GB | sp=1411s train=8s eval_best=0s eval_rand=0s | total=1422s
2026-08-10 09:14:30 [iter 20/60] self-play starting (160 games, 600 sims, MIXED 80/160 race-only)...
2026-08-10 09:14:30 [PARALLEL-MP] 8 workers spawned (160 games, sims=600), GPU batcher starting...
2026-08-10 09:14:43   [GPU] 50,050 evals (981 batches, avg 51/batch = 10% of 512, 3912 evals/s, 308 msg/s, 12.7 leaves/msg, 13s)
2026-08-10 09:14:50 [iter 20/60] self-play: 5/160 games...
2026-08-10 09:14:56   [GPU] 100,051 evals (2233 batches, avg 45/batch = 9% of 512, 3877 evals/s, 305 msg/s, 12.7 leaves/msg, 26s)
2026-08-10 09:15:10   [GPU] 150,050 evals (3537 batches, avg 42/batch = 8% of 512, 3797 evals/s, 295 msg/s, 12.9 leaves/msg, 40s)
2026-08-10 09:15:18 [iter 20/60] self-play: 10/160 games...
2026-08-10 09:15:21   [GPU] 200,051 evals (4642 batches, avg 43/batch = 8% of 512, 3920 evals/s, 301 msg/s, 13.0 leaves/msg, 51s)
2026-08-10 09:15:34   [GPU] 250,005 evals (5887 batches, avg 42/batch = 8% of 512, 3948 evals/s, 302 msg/s, 13.1 leaves/msg, 63s)
2026-08-10 09:15:45   [GPU] 300,054 evals (7036 batches, avg 43/batch = 8% of 512, 4023 evals/s, 307 msg/s, 13.1 leaves/msg, 75s)
2026-08-10 09:15:55   [GPU] 350,037 evals (7999 batches, avg 44/batch = 9% of 512, 4158 evals/s, 317 msg/s, 13.1 leaves/msg, 84s)
2026-08-10 09:16:04   [GPU] 400,037 evals (8931 batches, avg 45/batch = 9% of 512, 4278 evals/s, 327 msg/s, 13.1 leaves/msg, 94s)
2026-08-10 09:16:12   [GPU] 450,053 evals (9762 batches, avg 46/batch = 9% of 512, 4416 evals/s, 337 msg/s, 13.1 leaves/msg, 102s)
2026-08-10 09:16:21   [GPU] 500,029 evals (10692 batches, avg 47/batch = 9% of 512, 4523 evals/s, 344 msg/s, 13.2 leaves/msg, 111s)
2026-08-10 09:16:26 [iter 20/60] self-play: 15/160 games...
2026-08-10 09:16:30   [GPU] 550,062 evals (11600 batches, avg 47/batch = 9% of 512, 4613 evals/s, 351 msg/s, 13.1 leaves/msg, 119s)
2026-08-10 09:16:38   [GPU] 600,039 evals (12466 batches, avg 48/batch = 9% of 512, 4713 evals/s, 359 msg/s, 13.1 leaves/msg, 127s)
2026-08-10 09:16:47   [GPU] 650,074 evals (13448 batches, avg 48/batch = 9% of 512, 4765 evals/s, 364 msg/s, 13.1 leaves/msg, 136s)
2026-08-10 09:16:56   [GPU] 700,039 evals (14422 batches, avg 49/batch = 9% of 512, 4805 evals/s, 367 msg/s, 13.1 leaves/msg, 146s)
2026-08-10 09:17:05   [GPU] 750,037 evals (15407 batches, avg 49/batch = 10% of 512, 4843 evals/s, 371 msg/s, 13.1 leaves/msg, 155s)
2026-08-10 09:17:10 [iter 20/60] self-play: 20/160 games...
2026-08-10 09:17:14   [GPU] 800,002 evals (16349 batches, avg 49/batch = 10% of 512, 4888 evals/s, 375 msg/s, 13.0 leaves/msg, 164s)
2026-08-10 09:17:24   [GPU] 850,026 evals (17338 batches, avg 49/batch = 10% of 512, 4911 evals/s, 378 msg/s, 13.0 leaves/msg, 173s)
2026-08-10 09:17:30 [iter 20/60] self-play: 25/160 games...
2026-08-10 09:17:34   [GPU] 900,026 evals (18439 batches, avg 49/batch = 10% of 512, 4896 evals/s, 377 msg/s, 13.0 leaves/msg, 184s)
2026-08-10 09:17:46   [GPU] 950,042 evals (19609 batches, avg 48/batch = 9% of 512, 4862 evals/s, 376 msg/s, 12.9 leaves/msg, 195s)
2026-08-10 09:17:53 [iter 20/60] self-play: 30/160 games...
2026-08-10 09:17:58   [GPU] 1,000,043 evals (20847 batches, avg 48/batch = 9% of 512, 4818 evals/s, 373 msg/s, 12.9 leaves/msg, 208s)
2026-08-10 09:18:11   [GPU] 1,050,006 evals (22117 batches, avg 47/batch = 9% of 512, 4766 evals/s, 368 msg/s, 12.9 leaves/msg, 220s)
2026-08-10 09:18:21   [GPU] 1,100,003 evals (23182 batches, avg 47/batch = 9% of 512, 4770 evals/s, 369 msg/s, 12.9 leaves/msg, 231s)
2026-08-10 09:18:22 [iter 20/60] self-play: 35/160 games...
2026-08-10 09:18:32   [GPU] 1,150,044 evals (24282 batches, avg 47/batch = 9% of 512, 4762 evals/s, 368 msg/s, 12.9 leaves/msg, 242s)
2026-08-10 09:18:41 [iter 20/60] self-play: 40/160 games...
2026-08-10 09:18:43   [GPU] 1,200,047 evals (25414 batches, avg 47/batch = 9% of 512, 4747 evals/s, 367 msg/s, 12.9 leaves/msg, 253s)
2026-08-10 09:18:54   [GPU] 1,250,013 evals (26520 batches, avg 47/batch = 9% of 512, 4737 evals/s, 365 msg/s, 13.0 leaves/msg, 264s)
2026-08-10 09:19:06   [GPU] 1,300,002 evals (27704 batches, avg 47/batch = 9% of 512, 4720 evals/s, 364 msg/s, 13.0 leaves/msg, 275s)
2026-08-10 09:19:16   [GPU] 1,350,001 evals (28761 batches, avg 47/batch = 9% of 512, 4723 evals/s, 364 msg/s, 13.0 leaves/msg, 286s)
2026-08-10 09:19:17 [iter 20/60] self-play: 45/160 games...
2026-08-10 09:19:26   [GPU] 1,400,012 evals (29774 batches, avg 47/batch = 9% of 512, 4734 evals/s, 364 msg/s, 13.0 leaves/msg, 296s)
2026-08-10 09:19:36   [GPU] 1,450,005 evals (30789 batches, avg 47/batch = 9% of 512, 4748 evals/s, 365 msg/s, 13.0 leaves/msg, 305s)
2026-08-10 09:19:45   [GPU] 1,500,027 evals (31753 batches, avg 47/batch = 9% of 512, 4767 evals/s, 366 msg/s, 13.0 leaves/msg, 315s)
2026-08-10 09:19:54   [GPU] 1,550,056 evals (32694 batches, avg 47/batch = 9% of 512, 4790 evals/s, 367 msg/s, 13.1 leaves/msg, 324s)
2026-08-10 09:19:59 [iter 20/60] self-play: 50/160 games...
2026-08-10 09:20:04   [GPU] 1,600,028 evals (33746 batches, avg 47/batch = 9% of 512, 4798 evals/s, 368 msg/s, 13.0 leaves/msg, 334s)
2026-08-10 09:20:14   [GPU] 1,650,003 evals (34729 batches, avg 48/batch = 9% of 512, 4806 evals/s, 368 msg/s, 13.0 leaves/msg, 343s)
2026-08-10 09:20:24 [iter 20/60] self-play: 55/160 games...
2026-08-10 09:20:24   [GPU] 1,700,040 evals (35834 batches, avg 47/batch = 9% of 512, 4804 evals/s, 369 msg/s, 13.0 leaves/msg, 354s)
2026-08-10 09:20:34   [GPU] 1,750,022 evals (36839 batches, avg 48/batch = 9% of 512, 4809 evals/s, 370 msg/s, 13.0 leaves/msg, 364s)
2026-08-10 09:20:46   [GPU] 1,800,043 evals (37998 batches, avg 47/batch = 9% of 512, 4796 evals/s, 370 msg/s, 13.0 leaves/msg, 375s)
2026-08-10 09:20:48 [iter 20/60] self-play: 60/160 games...
2026-08-10 09:20:58   [GPU] 1,850,027 evals (39212 batches, avg 47/batch = 9% of 512, 4776 evals/s, 368 msg/s, 13.0 leaves/msg, 387s)
2026-08-10 09:21:09   [GPU] 1,900,002 evals (40373 batches, avg 47/batch = 9% of 512, 4763 evals/s, 367 msg/s, 13.0 leaves/msg, 399s)
2026-08-10 09:21:20 [iter 20/60] self-play: 65/160 games...
2026-08-10 09:21:22   [GPU] 1,950,004 evals (41642 batches, avg 47/batch = 9% of 512, 4740 evals/s, 365 msg/s, 13.0 leaves/msg, 411s)
2026-08-10 09:21:34   [GPU] 2,000,005 evals (42860 batches, avg 47/batch = 9% of 512, 4719 evals/s, 364 msg/s, 13.0 leaves/msg, 424s)
2026-08-10 09:21:36 [iter 20/60] self-play: 70/160 games...
2026-08-10 09:21:48   [GPU] 2,050,024 evals (44236 batches, avg 46/batch = 9% of 512, 4683 evals/s, 361 msg/s, 13.0 leaves/msg, 438s)
2026-08-10 09:22:01   [GPU] 2,100,002 evals (45534 batches, avg 46/batch = 9% of 512, 4662 evals/s, 359 msg/s, 13.0 leaves/msg, 450s)
2026-08-10 09:22:14   [GPU] 2,150,020 evals (46878 batches, avg 46/batch = 9% of 512, 4637 evals/s, 358 msg/s, 12.9 leaves/msg, 464s)
2026-08-10 09:22:27   [GPU] 2,200,006 evals (48209 batches, avg 46/batch = 9% of 512, 4613 evals/s, 357 msg/s, 12.9 leaves/msg, 477s)
2026-08-10 09:22:35 [iter 20/60] self-play: 75/160 games...
2026-08-10 09:22:39   [GPU] 2,250,005 evals (49444 batches, avg 46/batch = 9% of 512, 4601 evals/s, 357 msg/s, 12.9 leaves/msg, 489s)
2026-08-10 09:22:52   [GPU] 2,300,022 evals (50756 batches, avg 45/batch = 9% of 512, 4584 evals/s, 356 msg/s, 12.9 leaves/msg, 502s)
2026-08-10 09:23:04   [GPU] 2,350,045 evals (51975 batches, avg 45/batch = 9% of 512, 4579 evals/s, 356 msg/s, 12.9 leaves/msg, 513s)
2026-08-10 09:23:15   [GPU] 2,400,010 evals (53171 batches, avg 45/batch = 9% of 512, 4577 evals/s, 356 msg/s, 12.8 leaves/msg, 524s)
2026-08-10 09:23:25   [GPU] 2,450,006 evals (54291 batches, avg 45/batch = 9% of 512, 4581 evals/s, 357 msg/s, 12.8 leaves/msg, 535s)
2026-08-10 09:23:26 [iter 20/60] self-play: 80/160 games...
2026-08-10 09:23:37   [GPU] 2,500,020 evals (55523 batches, avg 45/batch = 9% of 512, 4574 evals/s, 357 msg/s, 12.8 leaves/msg, 547s)
2026-08-10 09:23:48 [iter 20/60] self-play: 85/160 games...
2026-08-10 09:23:49   [GPU] 2,550,014 evals (56727 batches, avg 45/batch = 9% of 512, 4568 evals/s, 357 msg/s, 12.8 leaves/msg, 558s)
2026-08-10 09:24:01   [GPU] 2,600,029 evals (57947 batches, avg 45/batch = 9% of 512, 4560 evals/s, 356 msg/s, 12.8 leaves/msg, 570s)
2026-08-10 09:24:14   [GPU] 2,650,013 evals (59222 batches, avg 45/batch = 9% of 512, 4544 evals/s, 355 msg/s, 12.8 leaves/msg, 583s)
2026-08-10 09:24:25 [iter 20/60] self-play: 90/160 games...
2026-08-10 09:24:26   [GPU] 2,700,038 evals (60482 batches, avg 45/batch = 9% of 512, 4533 evals/s, 354 msg/s, 12.8 leaves/msg, 596s)
2026-08-10 09:24:38   [GPU] 2,750,052 evals (61680 batches, avg 45/batch = 9% of 512, 4526 evals/s, 354 msg/s, 12.8 leaves/msg, 608s)
2026-08-10 09:24:49   [GPU] 2,800,027 evals (62814 batches, avg 45/batch = 9% of 512, 4526 evals/s, 354 msg/s, 12.8 leaves/msg, 619s)
2026-08-10 09:24:52 [iter 20/60] self-play: 95/160 games...
2026-08-10 09:25:00   [GPU] 2,850,026 evals (63916 batches, avg 45/batch = 9% of 512, 4528 evals/s, 354 msg/s, 12.8 leaves/msg, 629s)
2026-08-10 09:25:11   [GPU] 2,900,001 evals (65033 batches, avg 45/batch = 9% of 512, 4528 evals/s, 354 msg/s, 12.8 leaves/msg, 640s)
2026-08-10 09:25:21   [GPU] 2,950,006 evals (66114 batches, avg 45/batch = 9% of 512, 4534 evals/s, 355 msg/s, 12.8 leaves/msg, 651s)
2026-08-10 09:25:31   [GPU] 3,000,068 evals (67177 batches, avg 45/batch = 9% of 512, 4540 evals/s, 355 msg/s, 12.8 leaves/msg, 661s)
2026-08-10 09:25:33 [iter 20/60] self-play: 100/160 games...
2026-08-10 09:25:41   [GPU] 3,050,020 evals (68186 batches, avg 45/batch = 9% of 512, 4546 evals/s, 356 msg/s, 12.8 leaves/msg, 671s)
2026-08-10 09:25:52   [GPU] 3,100,034 evals (69259 batches, avg 45/batch = 9% of 512, 4550 evals/s, 357 msg/s, 12.8 leaves/msg, 681s)
2026-08-10 09:26:03   [GPU] 3,150,010 evals (70465 batches, avg 45/batch = 9% of 512, 4547 evals/s, 356 msg/s, 12.8 leaves/msg, 693s)
2026-08-10 09:26:03 [iter 20/60] self-play: 105/160 games...
2026-08-10 09:26:14   [GPU] 3,200,017 evals (71604 batches, avg 45/batch = 9% of 512, 4549 evals/s, 356 msg/s, 12.8 leaves/msg, 703s)
2026-08-10 09:26:25   [GPU] 3,250,052 evals (72773 batches, avg 45/batch = 9% of 512, 4549 evals/s, 356 msg/s, 12.8 leaves/msg, 714s)
2026-08-10 09:26:33 [iter 20/60] self-play: 110/160 games...
2026-08-10 09:26:37   [GPU] 3,300,042 evals (73991 batches, avg 45/batch = 9% of 512, 4544 evals/s, 356 msg/s, 12.8 leaves/msg, 726s)
2026-08-10 09:26:49   [GPU] 3,350,059 evals (75219 batches, avg 45/batch = 9% of 512, 4535 evals/s, 355 msg/s, 12.8 leaves/msg, 739s)
2026-08-10 09:27:02   [GPU] 3,400,035 evals (76458 batches, avg 44/batch = 9% of 512, 4525 evals/s, 354 msg/s, 12.8 leaves/msg, 751s)
2026-08-10 09:27:07 [iter 20/60] self-play: 115/160 games...
2026-08-10 09:27:16   [GPU] 3,450,004 evals (77802 batches, avg 44/batch = 9% of 512, 4509 evals/s, 353 msg/s, 12.8 leaves/msg, 765s)
2026-08-10 09:27:30   [GPU] 3,500,050 evals (79185 batches, avg 44/batch = 9% of 512, 4492 evals/s, 352 msg/s, 12.8 leaves/msg, 779s)
2026-08-10 09:27:39 [iter 20/60] self-play: 120/160 games...
2026-08-10 09:27:42   [GPU] 3,550,019 evals (80406 batches, avg 44/batch = 9% of 512, 4486 evals/s, 352 msg/s, 12.7 leaves/msg, 791s)
2026-08-10 09:27:55   [GPU] 3,600,005 evals (81760 batches, avg 44/batch = 9% of 512, 4472 evals/s, 351 msg/s, 12.7 leaves/msg, 805s)
2026-08-10 09:28:09   [GPU] 3,650,008 evals (83072 batches, avg 44/batch = 9% of 512, 4462 evals/s, 350 msg/s, 12.8 leaves/msg, 818s)
2026-08-10 09:28:21   [GPU] 3,700,009 evals (84308 batches, avg 44/batch = 9% of 512, 4456 evals/s, 349 msg/s, 12.8 leaves/msg, 830s)
2026-08-10 09:28:32   [GPU] 3,750,031 evals (85483 batches, avg 44/batch = 9% of 512, 4455 evals/s, 349 msg/s, 12.8 leaves/msg, 842s)
2026-08-10 09:28:42 [iter 20/60] self-play: 125/160 games...
2026-08-10 09:28:43   [GPU] 3,800,039 evals (86569 batches, avg 44/batch = 9% of 512, 4459 evals/s, 350 msg/s, 12.7 leaves/msg, 852s)
2026-08-10 09:28:54   [GPU] 3,850,002 evals (87728 batches, avg 44/batch = 9% of 512, 4458 evals/s, 350 msg/s, 12.7 leaves/msg, 864s)
2026-08-10 09:29:04   [GPU] 3,900,026 evals (88806 batches, avg 44/batch = 9% of 512, 4462 evals/s, 351 msg/s, 12.7 leaves/msg, 874s)
2026-08-10 09:29:05 [iter 20/60] self-play: 130/160 games...
2026-08-10 09:29:16   [GPU] 3,950,027 evals (90023 batches, avg 44/batch = 9% of 512, 4460 evals/s, 351 msg/s, 12.7 leaves/msg, 886s)
2026-08-10 09:29:28   [GPU] 4,000,011 evals (91222 batches, avg 44/batch = 9% of 512, 4457 evals/s, 350 msg/s, 12.7 leaves/msg, 897s)
2026-08-10 09:29:34 [iter 20/60] self-play: 135/160 games...
2026-08-10 09:29:39   [GPU] 4,050,046 evals (92371 batches, avg 44/batch = 9% of 512, 4458 evals/s, 350 msg/s, 12.7 leaves/msg, 908s)
2026-08-10 09:29:50   [GPU] 4,100,022 evals (93479 batches, avg 44/batch = 9% of 512, 4461 evals/s, 350 msg/s, 12.7 leaves/msg, 919s)
2026-08-10 09:30:01   [GPU] 4,150,001 evals (94657 batches, avg 44/batch = 9% of 512, 4458 evals/s, 350 msg/s, 12.7 leaves/msg, 931s)
2026-08-10 09:30:04 [iter 20/60] self-play: 140/160 games...
2026-08-10 09:30:13   [GPU] 4,200,031 evals (95795 batches, avg 44/batch = 9% of 512, 4456 evals/s, 350 msg/s, 12.7 leaves/msg, 943s)
2026-08-10 09:30:26   [GPU] 4,250,026 evals (97065 batches, avg 44/batch = 9% of 512, 4448 evals/s, 349 msg/s, 12.7 leaves/msg, 956s)
2026-08-10 09:30:26 [iter 20/60] self-play: 145/160 games...
2026-08-10 09:30:41   [GPU] 4,300,035 evals (98486 batches, avg 44/batch = 9% of 512, 4432 evals/s, 348 msg/s, 12.7 leaves/msg, 970s)
2026-08-10 09:30:53   [GPU] 4,350,053 evals (99740 batches, avg 44/batch = 9% of 512, 4426 evals/s, 348 msg/s, 12.7 leaves/msg, 983s)
2026-08-10 09:31:05   [GPU] 4,400,005 evals (100849 batches, avg 44/batch = 9% of 512, 4426 evals/s, 348 msg/s, 12.7 leaves/msg, 994s)
2026-08-10 09:31:16   [GPU] 4,450,040 evals (102034 batches, avg 44/batch = 9% of 512, 4424 evals/s, 348 msg/s, 12.7 leaves/msg, 1006s)
2026-08-10 09:31:20 [iter 20/60] self-play: 150/160 games...
2026-08-10 09:31:29   [GPU] 4,500,024 evals (103288 batches, avg 44/batch = 9% of 512, 4418 evals/s, 348 msg/s, 12.7 leaves/msg, 1018s)
2026-08-10 09:31:39   [GPU] 4,550,010 evals (104312 batches, avg 44/batch = 9% of 512, 4424 evals/s, 348 msg/s, 12.7 leaves/msg, 1028s)
2026-08-10 09:31:50   [GPU] 4,600,012 evals (105486 batches, avg 44/batch = 9% of 512, 4423 evals/s, 348 msg/s, 12.7 leaves/msg, 1040s)
2026-08-10 09:31:59 [iter 20/60] self-play: 155/160 games...
2026-08-10 09:32:08   [GPU] 4,650,005 evals (107164 batches, avg 43/batch = 8% of 512, 4397 evals/s, 347 msg/s, 12.7 leaves/msg, 1058s)
2026-08-10 09:32:56   [GPU] 4,700,001 evals (110458 batches, avg 43/batch = 8% of 512, 4250 evals/s, 336 msg/s, 12.7 leaves/msg, 1106s)
2026-08-10 09:34:02   [GPU] 4,750,013 evals (114558 batches, avg 41/batch = 8% of 512, 4054 evals/s, 322 msg/s, 12.6 leaves/msg, 1172s)
2026-08-10 09:34:37 [iter 20/60] self-play: 160/160 games...
2026-08-10 09:34:38 [iter 20/60] self-play done: 160 games (1207s) | wins: P0=23, P1=106, draw=31 | draw_rate=19% avg_len~23
2026-08-10 09:34:38 [iter 20/60] search: expanded=8.2 actions/node visits/action=73.1 walls/game=7.74 first_wall_ply=0.7 learner_sims/s=4296.91
2026-08-10 09:34:38 [iter 20/60] training (600 steps, lr=7.95e-04)...
2026-08-10 09:34:46 [iter 20/60] training done: loss_p=1.183 loss_v=0.086 (8s)
2026-08-10 09:34:47 [iter 20/60] data: policy_wall_mass=0.176 walled_states=57% walls_on_board=14.8 value_mae walled=0.210 free=0.090
2026-08-10 09:34:48 [iter 20/60] eval vs best (40 games, 600 sims)...
2026-08-10 09:34:48 [EVAL-MP] 8 workers spawned (40 vs_best games, sims=600), GPU batcher starting...
2026-08-10 09:35:08   [GPU] 50,036 evals (1294 batches, avg 39/batch = 8% of 512, 2508 evals/s, 163 msg/s, 15.4 leaves/msg, 20s)
2026-08-10 09:35:25   [GPU] 100,021 evals (2645 batches, avg 38/batch = 7% of 512, 2728 evals/s, 177 msg/s, 15.4 leaves/msg, 37s)
2026-08-10 09:35:39   [GPU] 150,015 evals (3872 batches, avg 39/batch = 8% of 512, 2926 evals/s, 193 msg/s, 15.1 leaves/msg, 51s)
2026-08-10 09:35:55   [GPU] 200,000 evals (5169 batches, avg 39/batch = 8% of 512, 3009 evals/s, 204 msg/s, 14.8 leaves/msg, 66s)
2026-08-10 09:36:10   [GPU] 250,038 evals (6459 batches, avg 39/batch = 8% of 512, 3067 evals/s, 210 msg/s, 14.6 leaves/msg, 82s)
2026-08-10 09:36:25   [GPU] 300,024 evals (7744 batches, avg 39/batch = 8% of 512, 3106 evals/s, 214 msg/s, 14.5 leaves/msg, 97s)
2026-08-10 09:36:40   [GPU] 350,031 evals (9051 batches, avg 39/batch = 8% of 512, 3134 evals/s, 218 msg/s, 14.4 leaves/msg, 112s)
2026-08-10 09:36:55   [GPU] 400,046 evals (10359 batches, avg 39/batch = 8% of 512, 3148 evals/s, 220 msg/s, 14.3 leaves/msg, 127s)
2026-08-10 09:37:10   [GPU] 450,030 evals (11629 batches, avg 39/batch = 8% of 512, 3173 evals/s, 222 msg/s, 14.3 leaves/msg, 142s)
2026-08-10 09:37:25   [GPU] 500,061 evals (12933 batches, avg 39/batch = 8% of 512, 3190 evals/s, 224 msg/s, 14.3 leaves/msg, 157s)
2026-08-10 09:37:40   [GPU] 550,055 evals (14203 batches, avg 39/batch = 8% of 512, 3206 evals/s, 225 msg/s, 14.2 leaves/msg, 172s)
2026-08-10 09:37:55   [GPU] 600,035 evals (15567 batches, avg 39/batch = 8% of 512, 3204 evals/s, 226 msg/s, 14.2 leaves/msg, 187s)
2026-08-10 09:38:12   [GPU] 650,039 evals (16993 batches, avg 38/batch = 7% of 512, 3185 evals/s, 224 msg/s, 14.2 leaves/msg, 204s)
2026-08-10 09:38:28   [GPU] 700,080 evals (18314 batches, avg 38/batch = 7% of 512, 3182 evals/s, 224 msg/s, 14.2 leaves/msg, 220s)
2026-08-10 09:38:45   [GPU] 750,050 evals (19698 batches, avg 38/batch = 7% of 512, 3170 evals/s, 224 msg/s, 14.2 leaves/msg, 237s)
2026-08-10 09:38:48 [iter 20/60] eval vs best: 5/40 games (240s, cand 80%)
2026-08-10 09:39:03   [GPU] 800,036 evals (21212 batches, avg 38/batch = 7% of 512, 3140 evals/s, 222 msg/s, 14.1 leaves/msg, 255s)
2026-08-10 09:39:21   [GPU] 850,003 evals (22739 batches, avg 37/batch = 7% of 512, 3113 evals/s, 221 msg/s, 14.1 leaves/msg, 273s)
2026-08-10 09:39:38   [GPU] 900,074 evals (24095 batches, avg 37/batch = 7% of 512, 3104 evals/s, 220 msg/s, 14.1 leaves/msg, 290s)
2026-08-10 09:39:54   [GPU] 950,007 evals (25465 batches, avg 37/batch = 7% of 512, 3104 evals/s, 221 msg/s, 14.1 leaves/msg, 306s)
2026-08-10 09:40:10   [GPU] 1,000,007 evals (26856 batches, avg 37/batch = 7% of 512, 3102 evals/s, 222 msg/s, 14.0 leaves/msg, 322s)
2026-08-10 09:40:28   [GPU] 1,050,006 evals (28313 batches, avg 37/batch = 7% of 512, 3091 evals/s, 221 msg/s, 14.0 leaves/msg, 340s)
2026-08-10 09:40:44   [GPU] 1,100,018 evals (29684 batches, avg 37/batch = 7% of 512, 3091 evals/s, 221 msg/s, 14.0 leaves/msg, 356s)
2026-08-10 09:40:59   [GPU] 1,150,017 evals (31003 batches, avg 37/batch = 7% of 512, 3097 evals/s, 222 msg/s, 14.0 leaves/msg, 371s)
2026-08-10 09:41:15   [GPU] 1,200,040 evals (32394 batches, avg 37/batch = 7% of 512, 3098 evals/s, 223 msg/s, 13.9 leaves/msg, 387s)
2026-08-10 09:41:32   [GPU] 1,250,018 evals (33725 batches, avg 37/batch = 7% of 512, 3096 evals/s, 223 msg/s, 13.9 leaves/msg, 404s)
2026-08-10 09:41:49 [iter 20/60] eval vs best: 10/40 games (421s, cand 60%)
2026-08-10 09:41:49   [GPU] 1,300,008 evals (35045 batches, avg 37/batch = 7% of 512, 3090 evals/s, 223 msg/s, 13.9 leaves/msg, 421s)
2026-08-10 09:42:06   [GPU] 1,350,027 evals (36383 batches, avg 37/batch = 7% of 512, 3083 evals/s, 222 msg/s, 13.9 leaves/msg, 438s)
2026-08-10 09:42:23   [GPU] 1,400,042 evals (37700 batches, avg 37/batch = 7% of 512, 3076 evals/s, 222 msg/s, 13.9 leaves/msg, 455s)
2026-08-10 09:42:40   [GPU] 1,450,025 evals (39016 batches, avg 37/batch = 7% of 512, 3074 evals/s, 221 msg/s, 13.9 leaves/msg, 472s)
2026-08-10 09:42:56   [GPU] 1,500,023 evals (40300 batches, avg 37/batch = 7% of 512, 3075 evals/s, 221 msg/s, 13.9 leaves/msg, 488s)
2026-08-10 09:43:11   [GPU] 1,550,014 evals (41610 batches, avg 37/batch = 7% of 512, 3081 evals/s, 222 msg/s, 13.9 leaves/msg, 503s)
2026-08-10 09:43:27   [GPU] 1,600,062 evals (42965 batches, avg 37/batch = 7% of 512, 3084 evals/s, 222 msg/s, 13.9 leaves/msg, 519s)
2026-08-10 09:43:43   [GPU] 1,650,017 evals (44296 batches, avg 37/batch = 7% of 512, 3087 evals/s, 222 msg/s, 13.9 leaves/msg, 534s)
2026-08-10 09:43:50 [iter 20/60] eval vs best: 15/40 games (542s, cand 64%)
2026-08-10 09:43:58   [GPU] 1,700,057 evals (45652 batches, avg 37/batch = 7% of 512, 3089 evals/s, 222 msg/s, 13.9 leaves/msg, 550s)
2026-08-10 09:44:13   [GPU] 1,750,043 evals (46936 batches, avg 37/batch = 7% of 512, 3096 evals/s, 222 msg/s, 14.0 leaves/msg, 565s)
2026-08-10 09:44:27   [GPU] 1,800,044 evals (48123 batches, avg 37/batch = 7% of 512, 3108 evals/s, 222 msg/s, 14.0 leaves/msg, 579s)
2026-08-10 09:44:41   [GPU] 1,850,002 evals (49297 batches, avg 38/batch = 7% of 512, 3122 evals/s, 223 msg/s, 14.0 leaves/msg, 593s)
2026-08-10 09:44:55   [GPU] 1,900,081 evals (50579 batches, avg 38/batch = 7% of 512, 3128 evals/s, 224 msg/s, 14.0 leaves/msg, 607s)
2026-08-10 09:45:10   [GPU] 1,950,012 evals (51850 batches, avg 38/batch = 7% of 512, 3136 evals/s, 224 msg/s, 14.0 leaves/msg, 622s)
2026-08-10 09:45:14 [iter 20/60] eval vs best: 20/40 games (626s, cand 61%)
2026-08-10 09:45:25   [GPU] 2,000,027 evals (53166 batches, avg 38/batch = 7% of 512, 3140 evals/s, 224 msg/s, 14.0 leaves/msg, 637s)
2026-08-10 09:45:40   [GPU] 2,050,038 evals (54492 batches, avg 38/batch = 7% of 512, 3143 evals/s, 224 msg/s, 14.0 leaves/msg, 652s)
2026-08-10 09:45:56   [GPU] 2,100,000 evals (55842 batches, avg 38/batch = 7% of 512, 3145 evals/s, 224 msg/s, 14.0 leaves/msg, 668s)
2026-08-10 09:46:11   [GPU] 2,150,039 evals (57153 batches, avg 38/batch = 7% of 512, 3148 evals/s, 224 msg/s, 14.0 leaves/msg, 683s)
2026-08-10 09:46:26   [GPU] 2,200,044 evals (58427 batches, avg 38/batch = 7% of 512, 3153 evals/s, 225 msg/s, 14.0 leaves/msg, 698s)
2026-08-10 09:46:41   [GPU] 2,250,005 evals (59706 batches, avg 38/batch = 7% of 512, 3158 evals/s, 225 msg/s, 14.0 leaves/msg, 712s)
2026-08-10 09:46:56   [GPU] 2,300,037 evals (61039 batches, avg 38/batch = 7% of 512, 3158 evals/s, 225 msg/s, 14.0 leaves/msg, 728s)
2026-08-10 09:47:12   [GPU] 2,350,023 evals (62336 batches, avg 38/batch = 7% of 512, 3160 evals/s, 225 msg/s, 14.0 leaves/msg, 744s)
2026-08-10 09:47:18 [iter 20/60] eval vs best: 25/40 games (750s, cand 57%)
2026-08-10 09:47:28   [GPU] 2,400,035 evals (63727 batches, avg 38/batch = 7% of 512, 3159 evals/s, 225 msg/s, 14.0 leaves/msg, 760s)
2026-08-10 09:47:44   [GPU] 2,450,001 evals (65066 batches, avg 38/batch = 7% of 512, 3158 evals/s, 225 msg/s, 14.0 leaves/msg, 776s)
2026-08-10 09:47:59   [GPU] 2,500,011 evals (66342 batches, avg 38/batch = 7% of 512, 3160 evals/s, 225 msg/s, 14.0 leaves/msg, 791s)
2026-08-10 09:48:14   [GPU] 2,550,000 evals (67642 batches, avg 38/batch = 7% of 512, 3163 evals/s, 225 msg/s, 14.1 leaves/msg, 806s)
2026-08-10 09:48:29   [GPU] 2,600,026 evals (68940 batches, avg 38/batch = 7% of 512, 3167 evals/s, 225 msg/s, 14.1 leaves/msg, 821s)
2026-08-10 09:48:43   [GPU] 2,650,012 evals (70208 batches, avg 38/batch = 7% of 512, 3173 evals/s, 226 msg/s, 14.1 leaves/msg, 835s)
2026-08-10 09:48:58   [GPU] 2,700,025 evals (71464 batches, avg 38/batch = 7% of 512, 3178 evals/s, 226 msg/s, 14.1 leaves/msg, 849s)
2026-08-10 09:49:12   [GPU] 2,750,024 evals (72743 batches, avg 38/batch = 7% of 512, 3183 evals/s, 226 msg/s, 14.1 leaves/msg, 864s)
2026-08-10 09:49:28   [GPU] 2,800,012 evals (74128 batches, avg 38/batch = 7% of 512, 3183 evals/s, 226 msg/s, 14.1 leaves/msg, 880s)
2026-08-10 09:49:44   [GPU] 2,850,003 evals (75561 batches, avg 38/batch = 7% of 512, 3181 evals/s, 226 msg/s, 14.1 leaves/msg, 896s)
2026-08-10 09:50:00   [GPU] 2,900,004 evals (76971 batches, avg 38/batch = 7% of 512, 3179 evals/s, 226 msg/s, 14.1 leaves/msg, 912s)
2026-08-10 09:50:01 [iter 20/60] eval vs best: 30/40 games (913s, cand 59%)
2026-08-10 09:50:17   [GPU] 2,950,022 evals (78348 batches, avg 38/batch = 7% of 512, 3175 evals/s, 225 msg/s, 14.1 leaves/msg, 929s)
2026-08-10 09:50:34   [GPU] 3,000,014 evals (79782 batches, avg 38/batch = 7% of 512, 3170 evals/s, 225 msg/s, 14.1 leaves/msg, 946s)
2026-08-10 09:50:51   [GPU] 3,050,011 evals (81215 batches, avg 38/batch = 7% of 512, 3168 evals/s, 224 msg/s, 14.1 leaves/msg, 963s)
2026-08-10 09:51:10   [GPU] 3,100,042 evals (82803 batches, avg 37/batch = 7% of 512, 3158 evals/s, 223 msg/s, 14.2 leaves/msg, 982s)
2026-08-10 09:51:17 [iter 20/60] eval vs best: 35/40 games (989s, cand 59%)
2026-08-10 09:51:31   [GPU] 3,150,019 evals (84587 batches, avg 37/batch = 7% of 512, 3139 evals/s, 222 msg/s, 14.2 leaves/msg, 1003s)
2026-08-10 09:51:56   [GPU] 3,200,027 evals (86558 batches, avg 37/batch = 7% of 512, 3113 evals/s, 220 msg/s, 14.2 leaves/msg, 1028s)
2026-08-10 09:52:21   [GPU] 3,250,009 evals (88514 batches, avg 37/batch = 7% of 512, 3086 evals/s, 218 msg/s, 14.2 leaves/msg, 1053s)
2026-08-10 09:52:46   [GPU] 3,300,025 evals (90530 batches, avg 36/batch = 7% of 512, 3060 evals/s, 216 msg/s, 14.2 leaves/msg, 1078s)
2026-08-10 09:53:22   [GPU] 3,350,013 evals (92906 batches, avg 36/batch = 7% of 512, 3007 evals/s, 212 msg/s, 14.2 leaves/msg, 1114s)
2026-08-10 09:54:25 [iter 20/60] eval vs best: 40/40 games (1177s, cand 57%)
2026-08-10 09:54:25 [iter 20/60] eval vs best done: 56.8% of 37 decided, 30 adjudicated reject (1177s)
2026-08-10 09:54:25 [iter 20/60] eval vs random (8 games, 600 sims)...
2026-08-10 09:54:25 [EVAL-MP] 8 workers spawned (8 vs_random games, sims=600), GPU batcher starting...
2026-08-10 09:54:43   [GPU] 50,019 evals (1350 batches, avg 37/batch = 7% of 512, 2841 evals/s, 189 msg/s, 15.0 leaves/msg, 18s)
2026-08-10 09:54:52 [iter 20/60] eval vs random: 5/8 games (27s, cand 100%)
2026-08-10 09:55:11   [GPU] 100,003 evals (3378 batches, avg 30/batch = 6% of 512, 2193 evals/s, 154 msg/s, 14.3 leaves/msg, 46s)
2026-08-10 09:55:59 [iter 20/60] eval vs random: 8/8 games (93s, cand 100%)
2026-08-10 09:55:59 [iter 20/60] eval vs random done: 100.0% (93s)
2026-08-10 09:55:59 [iter 20/60] eval vs greedy (80 games, 600 sims)...
2026-08-10 09:55:59 [EVAL-MP] 8 workers spawned (80 vs_greedy games, sims=600), GPU batcher starting...
2026-08-10 09:56:15   [GPU] 50,028 evals (1241 batches, avg 40/batch = 8% of 512, 3117 evals/s, 203 msg/s, 15.3 leaves/msg, 16s)
2026-08-10 09:56:25 [iter 20/60] eval vs greedy: 5/80 games (26s, cand 100%)
2026-08-10 09:56:28   [GPU] 100,030 evals (2466 batches, avg 41/batch = 8% of 512, 3492 evals/s, 241 msg/s, 14.5 leaves/msg, 29s)
2026-08-10 09:56:41   [GPU] 150,010 evals (3731 batches, avg 40/batch = 8% of 512, 3574 evals/s, 243 msg/s, 14.7 leaves/msg, 42s)
2026-08-10 09:56:43 [iter 20/60] eval vs greedy: 10/80 games (44s, cand 100%)
2026-08-10 09:56:48 [iter 20/60] eval vs greedy: 15/80 games (49s, cand 93%)
2026-08-10 09:56:54   [GPU] 200,046 evals (5046 batches, avg 40/batch = 8% of 512, 3609 evals/s, 251 msg/s, 14.4 leaves/msg, 55s)
2026-08-10 09:57:05 [iter 20/60] eval vs greedy: 20/80 games (66s, cand 85%)
2026-08-10 09:57:07   [GPU] 250,017 evals (6272 batches, avg 40/batch = 8% of 512, 3665 evals/s, 254 msg/s, 14.4 leaves/msg, 68s)
2026-08-10 09:57:18 [iter 20/60] eval vs greedy: 25/80 games (80s, cand 88%)
2026-08-10 09:57:21   [GPU] 300,052 evals (7545 batches, avg 40/batch = 8% of 512, 3679 evals/s, 256 msg/s, 14.4 leaves/msg, 82s)
2026-08-10 09:57:29 [iter 20/60] eval vs greedy: 30/80 games (90s, cand 83%)
2026-08-10 09:57:34   [GPU] 350,004 evals (8811 batches, avg 40/batch = 8% of 512, 3698 evals/s, 256 msg/s, 14.4 leaves/msg, 95s)
2026-08-10 09:57:44 [iter 20/60] eval vs greedy: 35/80 games (105s, cand 83%)
2026-08-10 09:57:46   [GPU] 400,050 evals (10005 batches, avg 40/batch = 8% of 512, 3748 evals/s, 260 msg/s, 14.4 leaves/msg, 107s)
2026-08-10 09:57:52 [iter 20/60] eval vs greedy: 40/80 games (113s, cand 82%)
2026-08-10 09:57:59   [GPU] 450,006 evals (11300 batches, avg 40/batch = 8% of 512, 3746 evals/s, 260 msg/s, 14.4 leaves/msg, 120s)
2026-08-10 09:58:11 [iter 20/60] eval vs greedy: 45/80 games (132s, cand 82%)
2026-08-10 09:58:11   [GPU] 500,015 evals (12508 batches, avg 40/batch = 8% of 512, 3788 evals/s, 264 msg/s, 14.4 leaves/msg, 132s)
2026-08-10 09:58:20 [iter 20/60] eval vs greedy: 50/80 games (141s, cand 80%)
2026-08-10 09:58:24   [GPU] 550,004 evals (13780 batches, avg 40/batch = 8% of 512, 3783 evals/s, 263 msg/s, 14.4 leaves/msg, 145s)
2026-08-10 09:58:36 [iter 20/60] eval vs greedy: 55/80 games (157s, cand 78%)
2026-08-10 09:58:36   [GPU] 600,003 evals (14987 batches, avg 40/batch = 8% of 512, 3809 evals/s, 265 msg/s, 14.4 leaves/msg, 158s)
2026-08-10 09:58:50   [GPU] 650,017 evals (16252 batches, avg 40/batch = 8% of 512, 3806 evals/s, 264 msg/s, 14.4 leaves/msg, 171s)
2026-08-10 09:58:51 [iter 20/60] eval vs greedy: 60/80 games (172s, cand 78%)
2026-08-10 09:59:00 [iter 20/60] eval vs greedy: 65/80 games (181s, cand 78%)
2026-08-10 09:59:03   [GPU] 700,001 evals (17563 batches, avg 40/batch = 8% of 512, 3798 evals/s, 264 msg/s, 14.4 leaves/msg, 184s)
2026-08-10 09:59:16   [GPU] 750,005 evals (18798 batches, avg 40/batch = 8% of 512, 3808 evals/s, 265 msg/s, 14.4 leaves/msg, 197s)
2026-08-10 09:59:17 [iter 20/60] eval vs greedy: 70/80 games (198s, cand 79%)
2026-08-10 09:59:34   [GPU] 800,016 evals (20399 batches, avg 39/batch = 8% of 512, 3718 evals/s, 259 msg/s, 14.4 leaves/msg, 215s)
2026-08-10 09:59:35 [iter 20/60] eval vs greedy: 75/80 games (216s, cand 80%)
2026-08-10 09:59:57 [iter 20/60] eval vs greedy: 80/80 games (238s, cand 81%)
2026-08-10 09:59:58 [iter 20/60] eval vs greedy done: 81.2% of 80 decided [seat0:29/40 seat1:36/40] (239s)
2026-08-10 09:59:58 [iter 20/60] eval vs minimax (depth 2, 40 games)...
2026-08-10 09:59:58 [EVAL-MP] 8 workers spawned (40 vs_minimax games, sims=600), GPU batcher starting...
2026-08-10 10:00:15   [GPU] 50,016 evals (1404 batches, avg 36/batch = 7% of 512, 2825 evals/s, 183 msg/s, 15.4 leaves/msg, 18s)
2026-08-10 10:00:28   [GPU] 100,054 evals (2640 batches, avg 38/batch = 7% of 512, 3274 evals/s, 228 msg/s, 14.4 leaves/msg, 31s)
2026-08-10 10:00:32 [iter 20/60] eval vs minimax: 5/40 games (0%)
2026-08-10 10:00:42   [GPU] 150,004 evals (3996 batches, avg 38/batch = 7% of 512, 3358 evals/s, 243 msg/s, 13.8 leaves/msg, 45s)
2026-08-10 10:00:56   [GPU] 200,012 evals (5311 batches, avg 38/batch = 7% of 512, 3427 evals/s, 244 msg/s, 14.0 leaves/msg, 58s)
2026-08-10 10:01:07 [iter 20/60] eval vs minimax: 10/40 games (0%)
2026-08-10 10:01:08   [GPU] 250,007 evals (6538 batches, avg 38/batch = 7% of 512, 3531 evals/s, 254 msg/s, 13.9 leaves/msg, 71s)
2026-08-10 10:01:20   [GPU] 300,020 evals (7749 batches, avg 39/batch = 8% of 512, 3623 evals/s, 259 msg/s, 14.0 leaves/msg, 83s)
2026-08-10 10:01:32   [GPU] 350,036 evals (8905 batches, avg 39/batch = 8% of 512, 3715 evals/s, 266 msg/s, 13.9 leaves/msg, 94s)
2026-08-10 10:01:39 [iter 20/60] eval vs minimax: 15/40 games (0%)
2026-08-10 10:01:44   [GPU] 400,041 evals (10147 batches, avg 39/batch = 8% of 512, 3759 evals/s, 271 msg/s, 13.9 leaves/msg, 106s)
2026-08-10 10:01:58   [GPU] 450,015 evals (11463 batches, avg 39/batch = 8% of 512, 3741 evals/s, 268 msg/s, 14.0 leaves/msg, 120s)
2026-08-10 10:02:07 [iter 20/60] eval vs minimax: 20/40 games (0%)
2026-08-10 10:02:11   [GPU] 500,031 evals (12725 batches, avg 39/batch = 8% of 512, 3758 evals/s, 270 msg/s, 13.9 leaves/msg, 133s)
2026-08-10 10:02:23   [GPU] 550,010 evals (13970 batches, avg 39/batch = 8% of 512, 3783 evals/s, 275 msg/s, 13.8 leaves/msg, 145s)
2026-08-10 10:02:28 [iter 20/60] eval vs minimax: 25/40 games (0%)
2026-08-10 10:02:37   [GPU] 600,008 evals (15279 batches, avg 39/batch = 8% of 512, 3769 evals/s, 273 msg/s, 13.8 leaves/msg, 159s)
2026-08-10 10:02:46 [iter 20/60] eval vs minimax: 30/40 games (0%)
2026-08-10 10:02:50   [GPU] 650,004 evals (16552 batches, avg 39/batch = 8% of 512, 3774 evals/s, 273 msg/s, 13.8 leaves/msg, 172s)
2026-08-10 10:03:04   [GPU] 700,040 evals (17888 batches, avg 39/batch = 8% of 512, 3761 evals/s, 273 msg/s, 13.8 leaves/msg, 186s)
2026-08-10 10:03:16 [iter 20/60] eval vs minimax: 35/40 games (0%)
2026-08-10 10:03:18   [GPU] 750,017 evals (19309 batches, avg 39/batch = 8% of 512, 3734 evals/s, 272 msg/s, 13.7 leaves/msg, 201s)
2026-08-10 10:03:43   [GPU] 800,013 evals (21363 batches, avg 37/batch = 7% of 512, 3555 evals/s, 260 msg/s, 13.7 leaves/msg, 225s)
2026-08-10 10:04:16   [GPU] 850,009 evals (23612 batches, avg 36/batch = 7% of 512, 3286 evals/s, 239 msg/s, 13.7 leaves/msg, 259s)
2026-08-10 10:04:21 [iter 20/60] eval vs minimax: 40/40 games (0%)
2026-08-10 10:04:22 [iter 20/60] eval vs minimax done: 0.0% of 33 decided [seat0:0/20 seat1:0/20] (264s)
2026-08-10 10:04:22 >>> iter 20 | loss_p=1.183 loss_v=0.086 | vs_best=56.8% reject | vs_rand=100.0% | draw=19% | buf=100000 | rss=3.14GB | sp=1207s train=8s eval_best=1177s eval_rand=93s | total=2992s
2026-08-10 10:04:22 [iter 21/60] self-play starting (160 games, 600 sims, MIXED 80/160 race-only)...
2026-08-10 10:04:22 [PARALLEL-MP] 8 workers spawned (160 games, sims=600), GPU batcher starting...
2026-08-10 10:04:34   [GPU] 50,057 evals (912 batches, avg 55/batch = 11% of 512, 4253 evals/s, 299 msg/s, 14.2 leaves/msg, 12s)
2026-08-10 10:04:40 [iter 21/60] self-play: 5/160 games...
2026-08-10 10:04:46   [GPU] 100,006 evals (2092 batches, avg 48/batch = 9% of 512, 4147 evals/s, 302 msg/s, 13.7 leaves/msg, 24s)
2026-08-10 10:04:59   [GPU] 150,022 evals (3338 batches, avg 45/batch = 9% of 512, 4059 evals/s, 300 msg/s, 13.5 leaves/msg, 37s)
2026-08-10 10:05:09   [GPU] 200,008 evals (4389 batches, avg 46/batch = 9% of 512, 4218 evals/s, 307 msg/s, 13.7 leaves/msg, 47s)
2026-08-10 10:05:14 [iter 21/60] self-play: 10/160 games...
2026-08-10 10:05:19   [GPU] 250,002 evals (5414 batches, avg 46/batch = 9% of 512, 4375 evals/s, 321 msg/s, 13.6 leaves/msg, 57s)
2026-08-10 10:05:29   [GPU] 300,016 evals (6477 batches, avg 46/batch = 9% of 512, 4461 evals/s, 332 msg/s, 13.5 leaves/msg, 67s)
2026-08-10 10:05:39   [GPU] 350,047 evals (7469 batches, avg 47/batch = 9% of 512, 4565 evals/s, 339 msg/s, 13.5 leaves/msg, 77s)
2026-08-10 10:05:41 [iter 21/60] self-play: 15/160 games...
2026-08-10 10:05:48   [GPU] 400,004 evals (8486 batches, avg 47/batch = 9% of 512, 4622 evals/s, 345 msg/s, 13.4 leaves/msg, 87s)
2026-08-10 10:06:00   [GPU] 450,009 evals (9651 batches, avg 47/batch = 9% of 512, 4606 evals/s, 345 msg/s, 13.4 leaves/msg, 98s)
2026-08-10 10:06:11   [GPU] 500,042 evals (10856 batches, avg 46/batch = 9% of 512, 4582 evals/s, 344 msg/s, 13.3 leaves/msg, 109s)
2026-08-10 10:06:21   [GPU] 550,008 evals (11892 batches, avg 46/batch = 9% of 512, 4625 evals/s, 348 msg/s, 13.3 leaves/msg, 119s)
2026-08-10 10:06:23 [iter 21/60] self-play: 20/160 games...
2026-08-10 10:06:32   [GPU] 600,033 evals (13072 batches, avg 46/batch = 9% of 512, 4611 evals/s, 349 msg/s, 13.2 leaves/msg, 130s)
2026-08-10 10:06:43   [GPU] 650,003 evals (14149 batches, avg 46/batch = 9% of 512, 4622 evals/s, 351 msg/s, 13.2 leaves/msg, 141s)
2026-08-10 10:06:51 [iter 21/60] self-play: 25/160 games...
2026-08-10 10:06:54   [GPU] 700,079 evals (15302 batches, avg 46/batch = 9% of 512, 4612 evals/s, 353 msg/s, 13.1 leaves/msg, 152s)
2026-08-10 10:07:05   [GPU] 750,017 evals (16488 batches, avg 45/batch = 9% of 512, 4596 evals/s, 353 msg/s, 13.0 leaves/msg, 163s)
2026-08-10 10:07:16   [GPU] 800,012 evals (17641 batches, avg 45/batch = 9% of 512, 4593 evals/s, 353 msg/s, 13.0 leaves/msg, 174s)
2026-08-10 10:07:28   [GPU] 850,014 evals (18896 batches, avg 45/batch = 9% of 512, 4566 evals/s, 352 msg/s, 13.0 leaves/msg, 186s)
2026-08-10 10:07:33 [iter 21/60] self-play: 30/160 games...
2026-08-10 10:07:41   [GPU] 900,009 evals (20246 batches, avg 44/batch = 9% of 512, 4516 evals/s, 350 msg/s, 12.9 leaves/msg, 199s)
2026-08-10 10:07:54   [GPU] 950,011 evals (21581 batches, avg 44/batch = 9% of 512, 4482 evals/s, 348 msg/s, 12.9 leaves/msg, 212s)
2026-08-10 10:08:04   [GPU] 1,000,022 evals (22665 batches, avg 44/batch = 9% of 512, 4497 evals/s, 351 msg/s, 12.8 leaves/msg, 222s)
2026-08-10 10:08:06 [iter 21/60] self-play: 35/160 games...
2026-08-10 10:08:16   [GPU] 1,050,006 evals (23796 batches, avg 44/batch = 9% of 512, 4487 evals/s, 351 msg/s, 12.8 leaves/msg, 234s)
2026-08-10 10:08:24 [iter 21/60] self-play: 40/160 games...
2026-08-10 10:08:27   [GPU] 1,100,010 evals (24925 batches, avg 44/batch = 9% of 512, 4485 evals/s, 352 msg/s, 12.8 leaves/msg, 245s)
2026-08-10 10:08:40   [GPU] 1,150,024 evals (26159 batches, avg 44/batch = 9% of 512, 4461 evals/s, 350 msg/s, 12.8 leaves/msg, 258s)
2026-08-10 10:08:46 [iter 21/60] self-play: 45/160 games...
2026-08-10 10:08:51   [GPU] 1,200,029 evals (27296 batches, avg 44/batch = 9% of 512, 4460 evals/s, 349 msg/s, 12.8 leaves/msg, 269s)
2026-08-10 10:09:02   [GPU] 1,250,001 evals (28452 batches, avg 44/batch = 9% of 512, 4462 evals/s, 349 msg/s, 12.8 leaves/msg, 280s)
2026-08-10 10:09:08 [iter 21/60] self-play: 50/160 games...
2026-08-10 10:09:15   [GPU] 1,300,021 evals (29687 batches, avg 44/batch = 9% of 512, 4443 evals/s, 348 msg/s, 12.8 leaves/msg, 293s)
2026-08-10 10:09:27   [GPU] 1,350,015 evals (30964 batches, avg 44/batch = 9% of 512, 4421 evals/s, 345 msg/s, 12.8 leaves/msg, 305s)
2026-08-10 10:09:35 [iter 21/60] self-play: 55/160 games...
2026-08-10 10:09:38   [GPU] 1,400,055 evals (32100 batches, avg 44/batch = 9% of 512, 4428 evals/s, 346 msg/s, 12.8 leaves/msg, 316s)
2026-08-10 10:09:49   [GPU] 1,450,046 evals (33157 batches, avg 44/batch = 9% of 512, 4440 evals/s, 349 msg/s, 12.7 leaves/msg, 327s)
2026-08-10 10:09:59   [GPU] 1,500,029 evals (34192 batches, avg 44/batch = 9% of 512, 4453 evals/s, 350 msg/s, 12.7 leaves/msg, 337s)
2026-08-10 10:10:01 [iter 21/60] self-play: 60/160 games...
2026-08-10 10:10:10   [GPU] 1,550,020 evals (35300 batches, avg 44/batch = 9% of 512, 4456 evals/s, 350 msg/s, 12.7 leaves/msg, 348s)
2026-08-10 10:10:20   [GPU] 1,600,031 evals (36323 batches, avg 44/batch = 9% of 512, 4471 evals/s, 350 msg/s, 12.8 leaves/msg, 358s)
2026-08-10 10:10:30   [GPU] 1,650,025 evals (37354 batches, avg 44/batch = 9% of 512, 4486 evals/s, 351 msg/s, 12.8 leaves/msg, 368s)
2026-08-10 10:10:39   [GPU] 1,700,033 evals (38316 batches, avg 44/batch = 9% of 512, 4505 evals/s, 352 msg/s, 12.8 leaves/msg, 377s)
2026-08-10 10:10:49   [GPU] 1,750,033 evals (39290 batches, avg 45/batch = 9% of 512, 4526 evals/s, 352 msg/s, 12.8 leaves/msg, 387s)
2026-08-10 10:10:59   [GPU] 1,800,015 evals (40363 batches, avg 45/batch = 9% of 512, 4538 evals/s, 353 msg/s, 12.9 leaves/msg, 397s)
2026-08-10 10:10:59 [iter 21/60] self-play: 65/160 games...
2026-08-10 10:11:08   [GPU] 1,850,037 evals (41325 batches, avg 45/batch = 9% of 512, 4558 evals/s, 354 msg/s, 12.9 leaves/msg, 406s)
2026-08-10 10:11:15 [iter 21/60] self-play: 70/160 games...
2026-08-10 10:11:17   [GPU] 1,900,025 evals (42310 batches, avg 45/batch = 9% of 512, 4573 evals/s, 355 msg/s, 12.9 leaves/msg, 415s)
2026-08-10 10:11:28   [GPU] 1,950,005 evals (43380 batches, avg 45/batch = 9% of 512, 4578 evals/s, 355 msg/s, 12.9 leaves/msg, 426s)
2026-08-10 10:11:38   [GPU] 2,000,013 evals (44432 batches, avg 45/batch = 9% of 512, 4584 evals/s, 355 msg/s, 12.9 leaves/msg, 436s)
2026-08-10 10:11:39 [iter 21/60] self-play: 75/160 games...
2026-08-10 10:11:49   [GPU] 2,050,029 evals (45539 batches, avg 45/batch = 9% of 512, 4584 evals/s, 355 msg/s, 12.9 leaves/msg, 447s)
2026-08-10 10:11:59   [GPU] 2,100,044 evals (46592 batches, avg 45/batch = 9% of 512, 4591 evals/s, 355 msg/s, 12.9 leaves/msg, 457s)
2026-08-10 10:12:06 [iter 21/60] self-play: 80/160 games...
2026-08-10 10:12:10   [GPU] 2,150,042 evals (47627 batches, avg 45/batch = 9% of 512, 4598 evals/s, 355 msg/s, 12.9 leaves/msg, 468s)
2026-08-10 10:12:21   [GPU] 2,200,026 evals (48773 batches, avg 45/batch = 9% of 512, 4596 evals/s, 356 msg/s, 12.9 leaves/msg, 479s)
2026-08-10 10:12:31   [GPU] 2,250,047 evals (49898 batches, avg 45/batch = 9% of 512, 4597 evals/s, 356 msg/s, 12.9 leaves/msg, 489s)
2026-08-10 10:12:41   [GPU] 2,300,027 evals (50908 batches, avg 45/batch = 9% of 512, 4609 evals/s, 358 msg/s, 12.9 leaves/msg, 499s)
2026-08-10 10:12:44 [iter 21/60] self-play: 85/160 games...
2026-08-10 10:12:50   [GPU] 2,350,003 evals (51846 batches, avg 45/batch = 9% of 512, 4626 evals/s, 359 msg/s, 12.9 leaves/msg, 508s)
2026-08-10 10:13:01   [GPU] 2,400,020 evals (52924 batches, avg 45/batch = 9% of 512, 4627 evals/s, 359 msg/s, 12.9 leaves/msg, 519s)
2026-08-10 10:13:04 [iter 21/60] self-play: 90/160 games...
2026-08-10 10:13:12   [GPU] 2,450,007 evals (54021 batches, avg 45/batch = 9% of 512, 4624 evals/s, 358 msg/s, 12.9 leaves/msg, 530s)
2026-08-10 10:13:25   [GPU] 2,500,035 evals (55293 batches, avg 45/batch = 9% of 512, 4608 evals/s, 356 msg/s, 12.9 leaves/msg, 543s)
2026-08-10 10:13:30 [iter 21/60] self-play: 95/160 games...
2026-08-10 10:13:35   [GPU] 2,550,021 evals (56419 batches, avg 45/batch = 9% of 512, 4607 evals/s, 356 msg/s, 12.9 leaves/msg, 554s)
2026-08-10 10:13:47   [GPU] 2,600,006 evals (57554 batches, avg 45/batch = 9% of 512, 4602 evals/s, 355 msg/s, 13.0 leaves/msg, 565s)
2026-08-10 10:13:57   [GPU] 2,650,024 evals (58634 batches, avg 45/batch = 9% of 512, 4607 evals/s, 355 msg/s, 13.0 leaves/msg, 575s)
2026-08-10 10:14:06   [GPU] 2,700,019 evals (59615 batches, avg 45/batch = 9% of 512, 4620 evals/s, 356 msg/s, 13.0 leaves/msg, 584s)
2026-08-10 10:14:15   [GPU] 2,750,016 evals (60495 batches, avg 45/batch = 9% of 512, 4640 evals/s, 357 msg/s, 13.0 leaves/msg, 593s)
2026-08-10 10:14:19 [iter 21/60] self-play: 100/160 games...
2026-08-10 10:14:24   [GPU] 2,800,018 evals (61446 batches, avg 46/batch = 9% of 512, 4655 evals/s, 358 msg/s, 13.0 leaves/msg, 602s)
2026-08-10 10:14:33   [GPU] 2,850,069 evals (62443 batches, avg 46/batch = 9% of 512, 4665 evals/s, 360 msg/s, 13.0 leaves/msg, 611s)
2026-08-10 10:14:43   [GPU] 2,900,048 evals (63487 batches, avg 46/batch = 9% of 512, 4669 evals/s, 361 msg/s, 12.9 leaves/msg, 621s)
2026-08-10 10:14:44 [iter 21/60] self-play: 105/160 games...
2026-08-10 10:14:54   [GPU] 2,950,010 evals (64581 batches, avg 46/batch = 9% of 512, 4670 evals/s, 361 msg/s, 12.9 leaves/msg, 632s)
2026-08-10 10:15:05   [GPU] 3,000,032 evals (65740 batches, avg 46/batch = 9% of 512, 4665 evals/s, 361 msg/s, 12.9 leaves/msg, 643s)
2026-08-10 10:15:08 [iter 21/60] self-play: 110/160 games...
2026-08-10 10:15:17   [GPU] 3,050,003 evals (66956 batches, avg 46/batch = 9% of 512, 4653 evals/s, 360 msg/s, 12.9 leaves/msg, 656s)
2026-08-10 10:15:29   [GPU] 3,100,001 evals (68152 batches, avg 45/batch = 9% of 512, 4644 evals/s, 360 msg/s, 12.9 leaves/msg, 668s)
2026-08-10 10:15:34 [iter 21/60] self-play: 115/160 games...
2026-08-10 10:15:42   [GPU] 3,150,015 evals (69416 batches, avg 45/batch = 9% of 512, 4630 evals/s, 359 msg/s, 12.9 leaves/msg, 680s)
2026-08-10 10:15:54   [GPU] 3,200,007 evals (70606 batches, avg 45/batch = 9% of 512, 4624 evals/s, 358 msg/s, 12.9 leaves/msg, 692s)
2026-08-10 10:16:04   [GPU] 3,250,011 evals (71677 batches, avg 45/batch = 9% of 512, 4628 evals/s, 359 msg/s, 12.9 leaves/msg, 702s)
2026-08-10 10:16:06 [iter 21/60] self-play: 120/160 games...
2026-08-10 10:16:14   [GPU] 3,300,035 evals (72715 batches, avg 45/batch = 9% of 512, 4633 evals/s, 359 msg/s, 12.9 leaves/msg, 712s)
2026-08-10 10:16:24   [GPU] 3,350,031 evals (73782 batches, avg 45/batch = 9% of 512, 4637 evals/s, 360 msg/s, 12.9 leaves/msg, 722s)
2026-08-10 10:16:37   [GPU] 3,400,010 evals (75092 batches, avg 45/batch = 9% of 512, 4623 evals/s, 361 msg/s, 12.8 leaves/msg, 735s)
2026-08-10 10:16:44 [iter 21/60] self-play: 125/160 games...
2026-08-10 10:16:49   [GPU] 3,450,047 evals (76276 batches, avg 45/batch = 9% of 512, 4619 evals/s, 361 msg/s, 12.8 leaves/msg, 747s)
2026-08-10 10:17:01   [GPU] 3,500,031 evals (77553 batches, avg 45/batch = 9% of 512, 4610 evals/s, 361 msg/s, 12.8 leaves/msg, 759s)
2026-08-10 10:17:12 [iter 21/60] self-play: 130/160 games...
2026-08-10 10:17:13   [GPU] 3,550,010 evals (78734 batches, avg 45/batch = 9% of 512, 4605 evals/s, 362 msg/s, 12.7 leaves/msg, 771s)
2026-08-10 10:17:24   [GPU] 3,600,041 evals (79864 batches, avg 45/batch = 9% of 512, 4603 evals/s, 362 msg/s, 12.7 leaves/msg, 782s)
2026-08-10 10:17:35   [GPU] 3,650,021 evals (80996 batches, avg 45/batch = 9% of 512, 4603 evals/s, 362 msg/s, 12.7 leaves/msg, 793s)
2026-08-10 10:17:42 [iter 21/60] self-play: 135/160 games...
2026-08-10 10:17:45   [GPU] 3,700,033 evals (82084 batches, avg 45/batch = 9% of 512, 4605 evals/s, 362 msg/s, 12.7 leaves/msg, 804s)
2026-08-10 10:17:56   [GPU] 3,750,007 evals (83130 batches, avg 45/batch = 9% of 512, 4609 evals/s, 362 msg/s, 12.7 leaves/msg, 814s)
2026-08-10 10:18:08   [GPU] 3,800,001 evals (84406 batches, avg 45/batch = 9% of 512, 4601 evals/s, 362 msg/s, 12.7 leaves/msg, 826s)
2026-08-10 10:18:21   [GPU] 3,850,007 evals (85744 batches, avg 45/batch = 9% of 512, 4587 evals/s, 361 msg/s, 12.7 leaves/msg, 839s)
2026-08-10 10:18:28 [iter 21/60] self-play: 140/160 games...
2026-08-10 10:18:33   [GPU] 3,900,023 evals (86990 batches, avg 45/batch = 9% of 512, 4582 evals/s, 361 msg/s, 12.7 leaves/msg, 851s)
2026-08-10 10:18:44   [GPU] 3,950,006 evals (88153 batches, avg 45/batch = 9% of 512, 4583 evals/s, 362 msg/s, 12.7 leaves/msg, 862s)
2026-08-10 10:18:55   [GPU] 4,000,039 evals (89310 batches, avg 45/batch = 9% of 512, 4583 evals/s, 362 msg/s, 12.6 leaves/msg, 873s)
2026-08-10 10:18:58 [iter 21/60] self-play: 145/160 games...
2026-08-10 10:19:07   [GPU] 4,050,062 evals (90605 batches, avg 45/batch = 9% of 512, 4575 evals/s, 362 msg/s, 12.6 leaves/msg, 885s)
2026-08-10 10:19:15 [iter 21/60] self-play: 150/160 games...
2026-08-10 10:19:18   [GPU] 4,100,031 evals (91762 batches, avg 45/batch = 9% of 512, 4575 evals/s, 362 msg/s, 12.6 leaves/msg, 896s)
2026-08-10 10:19:31   [GPU] 4,150,007 evals (93062 batches, avg 45/batch = 9% of 512, 4563 evals/s, 362 msg/s, 12.6 leaves/msg, 909s)
2026-08-10 10:19:36 [iter 21/60] self-play: 155/160 games...
2026-08-10 10:19:55   [GPU] 4,200,000 evals (95201 batches, avg 44/batch = 9% of 512, 4504 evals/s, 358 msg/s, 12.6 leaves/msg, 933s)
2026-08-10 10:20:18   [GPU] 4,250,005 evals (97410 batches, avg 44/batch = 9% of 512, 4446 evals/s, 355 msg/s, 12.5 leaves/msg, 956s)
2026-08-10 10:21:11   [GPU] 4,300,008 evals (101402 batches, avg 42/batch = 8% of 512, 4262 evals/s, 341 msg/s, 12.5 leaves/msg, 1009s)
2026-08-10 10:32:15   [GPU] 4,350,000 evals (124944 batches, avg 35/batch = 7% of 512, 2600 evals/s, 220 msg/s, 11.8 leaves/msg, 1673s)
2026-08-10 10:32:44 [iter 21/60] self-play: 160/160 games...
2026-08-10 10:32:45 [iter 21/60] self-play done: 160 games (1703s) | wins: P0=24, P1=112, draw=24 | draw_rate=15% avg_len~26
2026-08-10 10:32:45 [iter 21/60] search: expanded=7.8 actions/node visits/action=77.3 walls/game=7.92 first_wall_ply=0.525 learner_sims/s=2839.78
2026-08-10 10:32:45 [iter 21/60] training (600 steps, lr=7.75e-04)...
2026-08-10 10:32:54 [iter 21/60] training done: loss_p=1.182 loss_v=0.085 (9s)
2026-08-10 10:32:55 [iter 21/60] data: policy_wall_mass=0.192 walled_states=62% walls_on_board=17.5 value_mae walled=0.171 free=0.057
2026-08-10 10:32:56 [iter 21/60] eval skipped (eval_every=4)
2026-08-10 10:32:56 >>> iter 21 | loss_p=1.182 loss_v=0.085 | vs_best=n/a (not evaluated) | vs_rand=n/a | draw=15% | buf=100000 | rss=3.15GB | sp=1703s train=9s eval_best=0s eval_rand=0s | total=1714s
2026-08-10 10:32:56 [iter 22/60] self-play starting (160 games, 600 sims, MIXED 80/160 race-only)...
2026-08-10 10:32:56 [PARALLEL-MP] 8 workers spawned (160 games, sims=600), GPU batcher starting...
2026-08-10 10:33:08   [GPU] 50,007 evals (918 batches, avg 54/batch = 11% of 512, 4070 evals/s, 305 msg/s, 13.3 leaves/msg, 12s)
2026-08-10 10:33:14 [iter 22/60] self-play: 5/160 games...
2026-08-10 10:33:21   [GPU] 100,018 evals (2173 batches, avg 46/batch = 9% of 512, 3886 evals/s, 306 msg/s, 12.7 leaves/msg, 26s)
2026-08-10 10:33:35   [GPU] 150,035 evals (3438 batches, avg 44/batch = 9% of 512, 3804 evals/s, 294 msg/s, 13.0 leaves/msg, 39s)
2026-08-10 10:33:41 [iter 22/60] self-play: 10/160 games...
2026-08-10 10:33:48   [GPU] 200,031 evals (4653 batches, avg 43/batch = 8% of 512, 3836 evals/s, 296 msg/s, 13.0 leaves/msg, 52s)
2026-08-10 10:33:59   [GPU] 250,017 evals (5806 batches, avg 43/batch = 8% of 512, 3922 evals/s, 303 msg/s, 12.9 leaves/msg, 64s)
2026-08-10 10:34:10   [GPU] 300,051 evals (6901 batches, avg 43/batch = 8% of 512, 4046 evals/s, 315 msg/s, 12.9 leaves/msg, 74s)
2026-08-10 10:34:16 [iter 22/60] self-play: 15/160 games...
2026-08-10 10:34:20   [GPU] 350,003 evals (7994 batches, avg 44/batch = 9% of 512, 4133 evals/s, 322 msg/s, 12.8 leaves/msg, 85s)
2026-08-10 10:34:31   [GPU] 400,021 evals (9036 batches, avg 44/batch = 9% of 512, 4207 evals/s, 330 msg/s, 12.7 leaves/msg, 95s)
2026-08-10 10:34:41   [GPU] 450,006 evals (10136 batches, avg 44/batch = 9% of 512, 4256 evals/s, 335 msg/s, 12.7 leaves/msg, 106s)
2026-08-10 10:34:53   [GPU] 500,006 evals (11318 batches, avg 44/batch = 9% of 512, 4270 evals/s, 334 msg/s, 12.8 leaves/msg, 117s)
2026-08-10 10:35:03   [GPU] 550,003 evals (12428 batches, avg 44/batch = 9% of 512, 4309 evals/s, 336 msg/s, 12.8 leaves/msg, 128s)
2026-08-10 10:35:04 [iter 22/60] self-play: 20/160 games...
2026-08-10 10:35:14   [GPU] 600,023 evals (13514 batches, avg 44/batch = 9% of 512, 4341 evals/s, 338 msg/s, 12.8 leaves/msg, 138s)
2026-08-10 10:35:24   [GPU] 650,020 evals (14581 batches, avg 45/batch = 9% of 512, 4384 evals/s, 341 msg/s, 12.9 leaves/msg, 148s)
2026-08-10 10:35:35   [GPU] 700,004 evals (15758 batches, avg 44/batch = 9% of 512, 4389 evals/s, 343 msg/s, 12.8 leaves/msg, 159s)
2026-08-10 10:35:46 [iter 22/60] self-play: 25/160 games...
2026-08-10 10:35:49   [GPU] 750,008 evals (17106 batches, avg 44/batch = 9% of 512, 4340 evals/s, 339 msg/s, 12.8 leaves/msg, 173s)
2026-08-10 10:36:01   [GPU] 800,020 evals (18327 batches, avg 44/batch = 9% of 512, 4318 evals/s, 340 msg/s, 12.7 leaves/msg, 185s)
2026-08-10 10:36:12 [iter 22/60] self-play: 30/160 games...
2026-08-10 10:36:12   [GPU] 850,035 evals (19443 batches, avg 44/batch = 9% of 512, 4337 evals/s, 344 msg/s, 12.6 leaves/msg, 196s)
2026-08-10 10:36:23   [GPU] 900,020 evals (20637 batches, avg 44/batch = 9% of 512, 4339 evals/s, 343 msg/s, 12.6 leaves/msg, 207s)
2026-08-10 10:36:34   [GPU] 950,055 evals (21742 batches, avg 44/batch = 9% of 512, 4354 evals/s, 344 msg/s, 12.7 leaves/msg, 218s)
2026-08-10 10:36:45   [GPU] 1,000,034 evals (22837 batches, avg 44/batch = 9% of 512, 4366 evals/s, 346 msg/s, 12.6 leaves/msg, 229s)
2026-08-10 10:36:46 [iter 22/60] self-play: 35/160 games...
2026-08-10 10:36:56   [GPU] 1,050,017 evals (24011 batches, avg 44/batch = 9% of 512, 4367 evals/s, 346 msg/s, 12.6 leaves/msg, 240s)
2026-08-10 10:37:07   [GPU] 1,100,022 evals (25131 batches, avg 44/batch = 9% of 512, 4381 evals/s, 347 msg/s, 12.6 leaves/msg, 251s)
2026-08-10 10:37:15 [iter 22/60] self-play: 40/160 games...
2026-08-10 10:37:18   [GPU] 1,150,040 evals (26260 batches, avg 44/batch = 9% of 512, 4382 evals/s, 348 msg/s, 12.6 leaves/msg, 262s)
2026-08-10 10:37:29   [GPU] 1,200,000 evals (27395 batches, avg 44/batch = 9% of 512, 4388 evals/s, 349 msg/s, 12.6 leaves/msg, 273s)
2026-08-10 10:37:41   [GPU] 1,250,013 evals (28613 batches, avg 44/batch = 9% of 512, 4384 evals/s, 348 msg/s, 12.6 leaves/msg, 285s)
2026-08-10 10:37:51 [iter 22/60] self-play: 45/160 games...
2026-08-10 10:37:51   [GPU] 1,300,013 evals (29627 batches, avg 44/batch = 9% of 512, 4407 evals/s, 348 msg/s, 12.6 leaves/msg, 295s)
2026-08-10 10:38:01   [GPU] 1,350,036 evals (30651 batches, avg 44/batch = 9% of 512, 4422 evals/s, 348 msg/s, 12.7 leaves/msg, 305s)
2026-08-10 10:38:14   [GPU] 1,400,045 evals (31915 batches, avg 44/batch = 9% of 512, 4400 evals/s, 347 msg/s, 12.7 leaves/msg, 318s)
2026-08-10 10:38:25 [iter 22/60] self-play: 50/160 games...
2026-08-10 10:38:25   [GPU] 1,450,011 evals (33007 batches, avg 44/batch = 9% of 512, 4402 evals/s, 348 msg/s, 12.7 leaves/msg, 329s)
2026-08-10 10:38:36   [GPU] 1,500,032 evals (34069 batches, avg 44/batch = 9% of 512, 4411 evals/s, 347 msg/s, 12.7 leaves/msg, 340s)
2026-08-10 10:38:47 [iter 22/60] self-play: 55/160 games...
2026-08-10 10:38:48   [GPU] 1,550,040 evals (35228 batches, avg 44/batch = 9% of 512, 4406 evals/s, 347 msg/s, 12.7 leaves/msg, 352s)
2026-08-10 10:38:59   [GPU] 1,600,060 evals (36403 batches, avg 44/batch = 9% of 512, 4406 evals/s, 347 msg/s, 12.7 leaves/msg, 363s)
2026-08-10 10:39:11   [GPU] 1,650,030 evals (37532 batches, avg 44/batch = 9% of 512, 4402 evals/s, 346 msg/s, 12.7 leaves/msg, 375s)
2026-08-10 10:39:21   [GPU] 1,700,030 evals (38614 batches, avg 44/batch = 9% of 512, 4411 evals/s, 346 msg/s, 12.7 leaves/msg, 385s)
2026-08-10 10:39:31 [iter 22/60] self-play: 60/160 games...
2026-08-10 10:39:31   [GPU] 1,750,029 evals (39651 batches, avg 44/batch = 9% of 512, 4426 evals/s, 347 msg/s, 12.7 leaves/msg, 395s)
2026-08-10 10:39:41   [GPU] 1,800,034 evals (40694 batches, avg 44/batch = 9% of 512, 4440 evals/s, 348 msg/s, 12.7 leaves/msg, 405s)
2026-08-10 10:39:51   [GPU] 1,850,007 evals (41768 batches, avg 44/batch = 9% of 512, 4454 evals/s, 350 msg/s, 12.7 leaves/msg, 415s)
2026-08-10 10:40:02   [GPU] 1,900,008 evals (42911 batches, avg 44/batch = 9% of 512, 4457 evals/s, 350 msg/s, 12.7 leaves/msg, 426s)
2026-08-10 10:40:08 [iter 22/60] self-play: 65/160 games...
2026-08-10 10:40:12   [GPU] 1,950,059 evals (43926 batches, avg 44/batch = 9% of 512, 4470 evals/s, 350 msg/s, 12.8 leaves/msg, 436s)
2026-08-10 10:40:21   [GPU] 2,000,015 evals (44906 batches, avg 45/batch = 9% of 512, 4486 evals/s, 351 msg/s, 12.8 leaves/msg, 446s)
2026-08-10 10:40:31   [GPU] 2,050,024 evals (45826 batches, avg 45/batch = 9% of 512, 4507 evals/s, 351 msg/s, 12.8 leaves/msg, 455s)
2026-08-10 10:40:36 [iter 22/60] self-play: 70/160 games...
2026-08-10 10:40:41   [GPU] 2,100,014 evals (46935 batches, avg 45/batch = 9% of 512, 4511 evals/s, 351 msg/s, 12.8 leaves/msg, 466s)
2026-08-10 10:40:51   [GPU] 2,150,010 evals (48001 batches, avg 45/batch = 9% of 512, 4519 evals/s, 351 msg/s, 12.9 leaves/msg, 476s)
2026-08-10 10:41:01   [GPU] 2,200,055 evals (48983 batches, avg 45/batch = 9% of 512, 4534 evals/s, 351 msg/s, 12.9 leaves/msg, 485s)
2026-08-10 10:41:03 [iter 22/60] self-play: 75/160 games...
2026-08-10 10:41:12   [GPU] 2,250,038 evals (50087 batches, avg 45/batch = 9% of 512, 4537 evals/s, 352 msg/s, 12.9 leaves/msg, 496s)
2026-08-10 10:41:24   [GPU] 2,300,003 evals (51299 batches, avg 45/batch = 9% of 512, 4528 evals/s, 351 msg/s, 12.9 leaves/msg, 508s)
2026-08-10 10:41:35   [GPU] 2,350,046 evals (52416 batches, avg 45/batch = 9% of 512, 4525 evals/s, 350 msg/s, 12.9 leaves/msg, 519s)
2026-08-10 10:41:36 [iter 22/60] self-play: 80/160 games...
2026-08-10 10:41:46   [GPU] 2,400,006 evals (53540 batches, avg 45/batch = 9% of 512, 4521 evals/s, 350 msg/s, 12.9 leaves/msg, 531s)
2026-08-10 10:41:59   [GPU] 2,450,039 evals (54787 batches, avg 45/batch = 9% of 512, 4511 evals/s, 349 msg/s, 12.9 leaves/msg, 543s)
2026-08-10 10:42:09   [GPU] 2,500,005 evals (55861 batches, avg 45/batch = 9% of 512, 4516 evals/s, 350 msg/s, 12.9 leaves/msg, 554s)
2026-08-10 10:42:18 [iter 22/60] self-play: 85/160 games...
2026-08-10 10:42:19   [GPU] 2,550,016 evals (56912 batches, avg 45/batch = 9% of 512, 4527 evals/s, 351 msg/s, 12.9 leaves/msg, 563s)
2026-08-10 10:42:29   [GPU] 2,600,002 evals (57931 batches, avg 45/batch = 9% of 512, 4538 evals/s, 352 msg/s, 12.9 leaves/msg, 573s)
2026-08-10 10:42:39   [GPU] 2,650,005 evals (59059 batches, avg 45/batch = 9% of 512, 4540 evals/s, 352 msg/s, 12.9 leaves/msg, 584s)
2026-08-10 10:42:50   [GPU] 2,700,012 evals (60158 batches, avg 45/batch = 9% of 512, 4544 evals/s, 352 msg/s, 12.9 leaves/msg, 594s)
2026-08-10 10:43:00   [GPU] 2,750,010 evals (61218 batches, avg 45/batch = 9% of 512, 4551 evals/s, 353 msg/s, 12.9 leaves/msg, 604s)
2026-08-10 10:43:04 [iter 22/60] self-play: 90/160 games...
2026-08-10 10:43:09   [GPU] 2,800,016 evals (62258 batches, avg 45/batch = 9% of 512, 4562 evals/s, 354 msg/s, 12.9 leaves/msg, 614s)
2026-08-10 10:43:20   [GPU] 2,850,073 evals (63402 batches, avg 45/batch = 9% of 512, 4564 evals/s, 354 msg/s, 12.9 leaves/msg, 624s)
2026-08-10 10:43:29 [iter 22/60] self-play: 95/160 games...
2026-08-10 10:43:32   [GPU] 2,900,036 evals (64573 batches, avg 45/batch = 9% of 512, 4561 evals/s, 354 msg/s, 12.9 leaves/msg, 636s)
2026-08-10 10:43:42   [GPU] 2,950,012 evals (65625 batches, avg 45/batch = 9% of 512, 4568 evals/s, 354 msg/s, 12.9 leaves/msg, 646s)
2026-08-10 10:43:52   [GPU] 3,000,048 evals (66752 batches, avg 45/batch = 9% of 512, 4569 evals/s, 354 msg/s, 12.9 leaves/msg, 657s)
2026-08-10 10:44:02   [GPU] 3,050,011 evals (67749 batches, avg 45/batch = 9% of 512, 4577 evals/s, 354 msg/s, 12.9 leaves/msg, 666s)
2026-08-10 10:44:10 [iter 22/60] self-play: 100/160 games...
2026-08-10 10:44:11   [GPU] 3,100,030 evals (68660 batches, avg 45/batch = 9% of 512, 4591 evals/s, 355 msg/s, 12.9 leaves/msg, 675s)
2026-08-10 10:44:20   [GPU] 3,150,016 evals (69583 batches, avg 45/batch = 9% of 512, 4604 evals/s, 356 msg/s, 12.9 leaves/msg, 684s)
2026-08-10 10:44:28   [GPU] 3,200,011 evals (70452 batches, avg 45/batch = 9% of 512, 4620 evals/s, 357 msg/s, 13.0 leaves/msg, 693s)
2026-08-10 10:44:36   [GPU] 3,250,021 evals (71345 batches, avg 46/batch = 9% of 512, 4638 evals/s, 358 msg/s, 13.0 leaves/msg, 701s)
2026-08-10 10:44:45   [GPU] 3,300,015 evals (72311 batches, avg 46/batch = 9% of 512, 4650 evals/s, 359 msg/s, 13.0 leaves/msg, 710s)
2026-08-10 10:44:50 [iter 22/60] self-play: 105/160 games...
2026-08-10 10:44:54   [GPU] 3,350,093 evals (73281 batches, avg 46/batch = 9% of 512, 4662 evals/s, 359 msg/s, 13.0 leaves/msg, 719s)
2026-08-10 10:45:03   [GPU] 3,400,029 evals (74202 batches, avg 46/batch = 9% of 512, 4678 evals/s, 361 msg/s, 13.0 leaves/msg, 727s)
2026-08-10 10:45:03 [iter 22/60] self-play: 110/160 games...
2026-08-10 10:45:12   [GPU] 3,450,014 evals (75208 batches, avg 46/batch = 9% of 512, 4684 evals/s, 362 msg/s, 13.0 leaves/msg, 737s)
2026-08-10 10:45:22   [GPU] 3,500,011 evals (76176 batches, avg 46/batch = 9% of 512, 4692 evals/s, 362 msg/s, 13.0 leaves/msg, 746s)
2026-08-10 10:45:28 [iter 22/60] self-play: 115/160 games...
2026-08-10 10:45:32   [GPU] 3,550,063 evals (77242 batches, avg 46/batch = 9% of 512, 4696 evals/s, 362 msg/s, 13.0 leaves/msg, 756s)
2026-08-10 10:45:41   [GPU] 3,600,032 evals (78206 batches, avg 46/batch = 9% of 512, 4704 evals/s, 363 msg/s, 13.0 leaves/msg, 765s)
2026-08-10 10:45:50 [iter 22/60] self-play: 120/160 games...
2026-08-10 10:45:50   [GPU] 3,650,048 evals (79214 batches, avg 46/batch = 9% of 512, 4711 evals/s, 364 msg/s, 13.0 leaves/msg, 775s)
2026-08-10 10:46:00   [GPU] 3,700,025 evals (80294 batches, avg 46/batch = 9% of 512, 4715 evals/s, 364 msg/s, 12.9 leaves/msg, 785s)
2026-08-10 10:46:11   [GPU] 3,750,009 evals (81418 batches, avg 46/batch = 9% of 512, 4715 evals/s, 364 msg/s, 12.9 leaves/msg, 795s)
2026-08-10 10:46:21   [GPU] 3,800,036 evals (82515 batches, avg 46/batch = 9% of 512, 4716 evals/s, 364 msg/s, 13.0 leaves/msg, 806s)
2026-08-10 10:46:24 [iter 22/60] self-play: 125/160 games...
2026-08-10 10:46:32   [GPU] 3,850,049 evals (83553 batches, avg 46/batch = 9% of 512, 4719 evals/s, 365 msg/s, 12.9 leaves/msg, 816s)
2026-08-10 10:46:43   [GPU] 3,900,006 evals (84788 batches, avg 46/batch = 9% of 512, 4711 evals/s, 364 msg/s, 12.9 leaves/msg, 828s)
2026-08-10 10:46:55   [GPU] 3,950,071 evals (85943 batches, avg 46/batch = 9% of 512, 4707 evals/s, 364 msg/s, 12.9 leaves/msg, 839s)
2026-08-10 10:47:02 [iter 22/60] self-play: 130/160 games...
2026-08-10 10:47:06   [GPU] 4,000,009 evals (87117 batches, avg 46/batch = 9% of 512, 4704 evals/s, 365 msg/s, 12.9 leaves/msg, 850s)
2026-08-10 10:47:17   [GPU] 4,050,015 evals (88251 batches, avg 46/batch = 9% of 512, 4703 evals/s, 364 msg/s, 12.9 leaves/msg, 861s)
2026-08-10 10:47:28   [GPU] 4,100,024 evals (89354 batches, avg 46/batch = 9% of 512, 4703 evals/s, 365 msg/s, 12.9 leaves/msg, 872s)
2026-08-10 10:47:28 [iter 22/60] self-play: 135/160 games...
2026-08-10 10:47:38   [GPU] 4,150,052 evals (90428 batches, avg 46/batch = 9% of 512, 4705 evals/s, 365 msg/s, 12.9 leaves/msg, 882s)
2026-08-10 10:47:50   [GPU] 4,200,022 evals (91674 batches, avg 46/batch = 9% of 512, 4698 evals/s, 365 msg/s, 12.9 leaves/msg, 894s)
2026-08-10 10:48:02   [GPU] 4,250,031 evals (92937 batches, avg 46/batch = 9% of 512, 4691 evals/s, 364 msg/s, 12.9 leaves/msg, 906s)
2026-08-10 10:48:13   [GPU] 4,300,019 evals (94084 batches, avg 46/batch = 9% of 512, 4687 evals/s, 364 msg/s, 12.9 leaves/msg, 917s)
2026-08-10 10:48:20 [iter 22/60] self-play: 140/160 games...
2026-08-10 10:48:25   [GPU] 4,350,047 evals (95353 batches, avg 46/batch = 9% of 512, 4679 evals/s, 364 msg/s, 12.9 leaves/msg, 930s)
2026-08-10 10:48:37   [GPU] 4,400,031 evals (96614 batches, avg 46/batch = 9% of 512, 4672 evals/s, 363 msg/s, 12.9 leaves/msg, 942s)
2026-08-10 10:48:52   [GPU] 4,450,004 evals (98089 batches, avg 45/batch = 9% of 512, 4651 evals/s, 362 msg/s, 12.8 leaves/msg, 957s)
2026-08-10 10:49:05 [iter 22/60] self-play: 145/160 games...
2026-08-10 10:49:05   [GPU] 4,500,001 evals (99429 batches, avg 45/batch = 9% of 512, 4640 evals/s, 361 msg/s, 12.8 leaves/msg, 970s)
2026-08-10 10:49:17   [GPU] 4,550,030 evals (100616 batches, avg 45/batch = 9% of 512, 4637 evals/s, 361 msg/s, 12.8 leaves/msg, 981s)
2026-08-10 10:49:29   [GPU] 4,600,035 evals (101888 batches, avg 45/batch = 9% of 512, 4629 evals/s, 361 msg/s, 12.8 leaves/msg, 994s)
2026-08-10 10:49:37 [iter 22/60] self-play: 150/160 games...
2026-08-10 10:49:44   [GPU] 4,650,021 evals (103350 batches, avg 45/batch = 9% of 512, 4611 evals/s, 360 msg/s, 12.8 leaves/msg, 1008s)
2026-08-10 10:49:58   [GPU] 4,700,046 evals (104706 batches, avg 45/batch = 9% of 512, 4598 evals/s, 359 msg/s, 12.8 leaves/msg, 1022s)
2026-08-10 10:50:09   [GPU] 4,750,021 evals (105830 batches, avg 45/batch = 9% of 512, 4598 evals/s, 359 msg/s, 12.8 leaves/msg, 1033s)
2026-08-10 10:50:23   [GPU] 4,800,044 evals (107341 batches, avg 45/batch = 9% of 512, 4581 evals/s, 358 msg/s, 12.8 leaves/msg, 1048s)
2026-08-10 10:50:23 [iter 22/60] self-play: 155/160 games...
2026-08-10 10:50:47   [GPU] 4,850,020 evals (109558 batches, avg 44/batch = 9% of 512, 4525 evals/s, 354 msg/s, 12.8 leaves/msg, 1072s)
2026-08-10 10:51:18   [GPU] 4,900,011 evals (112132 batches, avg 44/batch = 9% of 512, 4445 evals/s, 348 msg/s, 12.8 leaves/msg, 1102s)
2026-08-10 10:57:55   [GPU] 4,950,000 evals (124546 batches, avg 40/batch = 8% of 512, 3301 evals/s, 265 msg/s, 12.5 leaves/msg, 1499s)
2026-08-10 11:00:50 [iter 22/60] self-play: 160/160 games...
2026-08-10 11:00:50 [iter 22/60] self-play done: 160 games (1675s) | wins: P0=27, P1=100, draw=33 | draw_rate=21% avg_len~23
2026-08-10 11:00:50 [iter 22/60] search: expanded=7.7 actions/node visits/action=78.2 walls/game=7.92 first_wall_ply=1.312 learner_sims/s=3229.38
2026-08-10 11:00:50 [iter 22/60] WARNING: draw_rate 21% > 20% — games timing out at max_game_moves=160 (weak value signal).
2026-08-10 11:00:50 [iter 22/60] training (600 steps, lr=7.54e-04)...
2026-08-10 11:00:59 [iter 22/60] training done: loss_p=1.184 loss_v=0.084 (8s)
2026-08-10 11:01:00 [iter 22/60] data: policy_wall_mass=0.166 walled_states=56% walls_on_board=15.1 value_mae walled=0.199 free=0.119
2026-08-10 11:01:01 [iter 22/60] eval skipped (eval_every=4)
2026-08-10 11:01:01 >>> iter 22 | loss_p=1.184 loss_v=0.084 | vs_best=n/a (not evaluated) | vs_rand=n/a | draw=21% | buf=100000 | rss=3.17GB | sp=1675s train=8s eval_best=0s eval_rand=0s | total=1685s
2026-08-10 11:01:01 [iter 23/60] self-play starting (160 games, 600 sims, MIXED 80/160 race-only)...
2026-08-10 11:01:01 [PARALLEL-MP] 8 workers spawned (160 games, sims=600), GPU batcher starting...
2026-08-10 11:01:13   [GPU] 50,011 evals (975 batches, avg 51/batch = 10% of 512, 3996 evals/s, 302 msg/s, 13.2 leaves/msg, 13s)
2026-08-10 11:01:18 [iter 23/60] self-play: 5/160 games...
2026-08-10 11:01:26   [GPU] 100,058 evals (2167 batches, avg 46/batch = 9% of 512, 3986 evals/s, 294 msg/s, 13.6 leaves/msg, 25s)
2026-08-10 11:01:40   [GPU] 150,046 evals (3500 batches, avg 43/batch = 8% of 512, 3848 evals/s, 286 msg/s, 13.4 leaves/msg, 39s)
2026-08-10 11:01:51 [iter 23/60] self-play: 10/160 games...
2026-08-10 11:01:51   [GPU] 200,052 evals (4626 batches, avg 43/batch = 8% of 512, 3954 evals/s, 287 msg/s, 13.8 leaves/msg, 51s)
2026-08-10 11:02:04   [GPU] 250,003 evals (5873 batches, avg 43/batch = 8% of 512, 3943 evals/s, 288 msg/s, 13.7 leaves/msg, 63s)
2026-08-10 11:02:15   [GPU] 300,045 evals (6988 batches, avg 43/batch = 8% of 512, 4023 evals/s, 294 msg/s, 13.7 leaves/msg, 75s)
2026-08-10 11:02:25   [GPU] 350,020 evals (7992 batches, avg 44/batch = 9% of 512, 4141 evals/s, 307 msg/s, 13.5 leaves/msg, 85s)
2026-08-10 11:02:30 [iter 23/60] self-play: 15/160 games...
2026-08-10 11:02:35   [GPU] 400,023 evals (9004 batches, avg 44/batch = 9% of 512, 4235 evals/s, 316 msg/s, 13.4 leaves/msg, 94s)
2026-08-10 11:02:45   [GPU] 450,001 evals (10015 batches, avg 45/batch = 9% of 512, 4314 evals/s, 324 msg/s, 13.3 leaves/msg, 104s)
2026-08-10 11:02:56   [GPU] 500,052 evals (11111 batches, avg 45/batch = 9% of 512, 4356 evals/s, 329 msg/s, 13.2 leaves/msg, 115s)
2026-08-10 11:03:07   [GPU] 550,011 evals (12285 batches, avg 45/batch = 9% of 512, 4365 evals/s, 331 msg/s, 13.2 leaves/msg, 126s)
2026-08-10 11:03:14 [iter 23/60] self-play: 20/160 games...
2026-08-10 11:03:17   [GPU] 600,010 evals (13358 batches, avg 45/batch = 9% of 512, 4398 evals/s, 333 msg/s, 13.2 leaves/msg, 136s)
2026-08-10 11:03:28   [GPU] 650,014 evals (14454 batches, avg 45/batch = 9% of 512, 4419 evals/s, 334 msg/s, 13.2 leaves/msg, 147s)
2026-08-10 11:03:35 [iter 23/60] self-play: 25/160 games...
2026-08-10 11:03:39   [GPU] 700,007 evals (15618 batches, avg 45/batch = 9% of 512, 4418 evals/s, 335 msg/s, 13.2 leaves/msg, 158s)
2026-08-10 11:03:51   [GPU] 750,046 evals (16817 batches, avg 45/batch = 9% of 512, 4401 evals/s, 336 msg/s, 13.1 leaves/msg, 170s)
2026-08-10 11:04:04   [GPU] 800,040 evals (18060 batches, avg 44/batch = 9% of 512, 4374 evals/s, 335 msg/s, 13.1 leaves/msg, 183s)
2026-08-10 11:04:14   [GPU] 850,017 evals (19086 batches, avg 45/batch = 9% of 512, 4402 evals/s, 337 msg/s, 13.1 leaves/msg, 193s)
2026-08-10 11:04:25   [GPU] 900,021 evals (20234 batches, avg 44/batch = 9% of 512, 4400 evals/s, 337 msg/s, 13.0 leaves/msg, 205s)
2026-08-10 11:04:36   [GPU] 950,001 evals (21300 batches, avg 45/batch = 9% of 512, 4420 evals/s, 339 msg/s, 13.0 leaves/msg, 215s)
2026-08-10 11:04:39 [iter 23/60] self-play: 30/160 games...
2026-08-10 11:04:46   [GPU] 1,000,024 evals (22392 batches, avg 45/batch = 9% of 512, 4432 evals/s, 340 msg/s, 13.0 leaves/msg, 226s)
2026-08-10 11:04:56   [GPU] 1,050,095 evals (23384 batches, avg 45/batch = 9% of 512, 4464 evals/s, 342 msg/s, 13.1 leaves/msg, 235s)
2026-08-10 11:05:06   [GPU] 1,100,016 evals (24420 batches, avg 45/batch = 9% of 512, 4488 evals/s, 344 msg/s, 13.0 leaves/msg, 245s)
2026-08-10 11:05:13 [iter 23/60] self-play: 35/160 games...
2026-08-10 11:05:17   [GPU] 1,150,047 evals (25514 batches, avg 45/batch = 9% of 512, 4494 evals/s, 346 msg/s, 13.0 leaves/msg, 256s)
2026-08-10 11:05:28   [GPU] 1,200,006 evals (26665 batches, avg 45/batch = 9% of 512, 4494 evals/s, 345 msg/s, 13.0 leaves/msg, 267s)
2026-08-10 11:05:38   [GPU] 1,250,077 evals (27728 batches, avg 45/batch = 9% of 512, 4508 evals/s, 347 msg/s, 13.0 leaves/msg, 277s)
2026-08-10 11:05:41 [iter 23/60] self-play: 40/160 games...
2026-08-10 11:05:49   [GPU] 1,300,005 evals (28835 batches, avg 45/batch = 9% of 512, 4511 evals/s, 347 msg/s, 13.0 leaves/msg, 288s)
2026-08-10 11:06:00   [GPU] 1,350,028 evals (29943 batches, avg 45/batch = 9% of 512, 4514 evals/s, 347 msg/s, 13.0 leaves/msg, 299s)
2026-08-10 11:06:08 [iter 23/60] self-play: 45/160 games...
2026-08-10 11:06:10   [GPU] 1,400,006 evals (31013 batches, avg 45/batch = 9% of 512, 4524 evals/s, 349 msg/s, 13.0 leaves/msg, 309s)
2026-08-10 11:06:21   [GPU] 1,450,035 evals (32155 batches, avg 45/batch = 9% of 512, 4524 evals/s, 349 msg/s, 13.0 leaves/msg, 321s)
2026-08-10 11:06:24 [iter 23/60] self-play: 50/160 games...
2026-08-10 11:06:31   [GPU] 1,500,047 evals (33196 batches, avg 45/batch = 9% of 512, 4539 evals/s, 350 msg/s, 13.0 leaves/msg, 331s)
2026-08-10 11:06:42   [GPU] 1,550,014 evals (34292 batches, avg 45/batch = 9% of 512, 4545 evals/s, 351 msg/s, 13.0 leaves/msg, 341s)
2026-08-10 11:06:43 [iter 23/60] self-play: 55/160 games...
2026-08-10 11:06:54   [GPU] 1,600,071 evals (35503 batches, avg 45/batch = 9% of 512, 4529 evals/s, 350 msg/s, 12.9 leaves/msg, 353s)
2026-08-10 11:07:07   [GPU] 1,650,046 evals (36743 batches, avg 45/batch = 9% of 512, 4512 evals/s, 349 msg/s, 12.9 leaves/msg, 366s)
2026-08-10 11:07:16 [iter 23/60] self-play: 60/160 games...
2026-08-10 11:07:19   [GPU] 1,700,005 evals (37966 batches, avg 45/batch = 9% of 512, 4495 evals/s, 348 msg/s, 12.9 leaves/msg, 378s)
2026-08-10 11:07:30   [GPU] 1,750,000 evals (39122 batches, avg 45/batch = 9% of 512, 4493 evals/s, 347 msg/s, 12.9 leaves/msg, 389s)
2026-08-10 11:07:42   [GPU] 1,800,027 evals (40352 batches, avg 45/batch = 9% of 512, 4482 evals/s, 347 msg/s, 12.9 leaves/msg, 402s)
2026-08-10 11:07:54   [GPU] 1,850,041 evals (41488 batches, avg 45/batch = 9% of 512, 4483 evals/s, 347 msg/s, 12.9 leaves/msg, 413s)
2026-08-10 11:08:04   [GPU] 1,900,028 evals (42600 batches, avg 45/batch = 9% of 512, 4489 evals/s, 347 msg/s, 12.9 leaves/msg, 423s)
2026-08-10 11:08:14   [GPU] 1,950,042 evals (43664 batches, avg 45/batch = 9% of 512, 4499 evals/s, 348 msg/s, 12.9 leaves/msg, 433s)
2026-08-10 11:08:20 [iter 23/60] self-play: 65/160 games...
2026-08-10 11:08:25   [GPU] 2,000,046 evals (44718 batches, avg 45/batch = 9% of 512, 4506 evals/s, 349 msg/s, 12.9 leaves/msg, 444s)
2026-08-10 11:08:34   [GPU] 2,050,020 evals (45686 batches, avg 45/batch = 9% of 512, 4523 evals/s, 350 msg/s, 12.9 leaves/msg, 453s)
2026-08-10 11:08:44   [GPU] 2,100,023 evals (46739 batches, avg 45/batch = 9% of 512, 4532 evals/s, 351 msg/s, 12.9 leaves/msg, 463s)
2026-08-10 11:08:48 [iter 23/60] self-play: 70/160 games...
2026-08-10 11:08:56   [GPU] 2,150,017 evals (47881 batches, avg 45/batch = 9% of 512, 4529 evals/s, 351 msg/s, 12.9 leaves/msg, 475s)
2026-08-10 11:09:07   [GPU] 2,200,012 evals (49032 batches, avg 45/batch = 9% of 512, 4528 evals/s, 350 msg/s, 12.9 leaves/msg, 486s)
2026-08-10 11:09:16 [iter 23/60] self-play: 75/160 games...
2026-08-10 11:09:17   [GPU] 2,250,005 evals (50015 batches, avg 45/batch = 9% of 512, 4539 evals/s, 352 msg/s, 12.9 leaves/msg, 496s)
2026-08-10 11:09:27   [GPU] 2,300,050 evals (51139 batches, avg 45/batch = 9% of 512, 4541 evals/s, 352 msg/s, 12.9 leaves/msg, 506s)
2026-08-10 11:09:40   [GPU] 2,350,018 evals (52388 batches, avg 45/batch = 9% of 512, 4530 evals/s, 351 msg/s, 12.9 leaves/msg, 519s)
2026-08-10 11:09:44 [iter 23/60] self-play: 80/160 games...
2026-08-10 11:09:51   [GPU] 2,400,028 evals (53587 batches, avg 45/batch = 9% of 512, 4524 evals/s, 351 msg/s, 12.9 leaves/msg, 530s)
2026-08-10 11:10:04   [GPU] 2,450,005 evals (54867 batches, avg 45/batch = 9% of 512, 4514 evals/s, 350 msg/s, 12.9 leaves/msg, 543s)
2026-08-10 11:10:09 [iter 23/60] self-play: 85/160 games...
2026-08-10 11:10:14   [GPU] 2,500,010 evals (55875 batches, avg 45/batch = 9% of 512, 4523 evals/s, 351 msg/s, 12.9 leaves/msg, 553s)
2026-08-10 11:10:25   [GPU] 2,550,010 evals (57012 batches, avg 45/batch = 9% of 512, 4523 evals/s, 351 msg/s, 12.9 leaves/msg, 564s)
2026-08-10 11:10:36   [GPU] 2,600,016 evals (58195 batches, avg 45/batch = 9% of 512, 4519 evals/s, 350 msg/s, 12.9 leaves/msg, 575s)
2026-08-10 11:10:44 [iter 23/60] self-play: 90/160 games...
2026-08-10 11:10:46   [GPU] 2,650,060 evals (59253 batches, avg 45/batch = 9% of 512, 4526 evals/s, 351 msg/s, 12.9 leaves/msg, 586s)
2026-08-10 11:10:58   [GPU] 2,700,051 evals (60504 batches, avg 45/batch = 9% of 512, 4518 evals/s, 351 msg/s, 12.9 leaves/msg, 598s)
2026-08-10 11:11:11   [GPU] 2,750,001 evals (61752 batches, avg 45/batch = 9% of 512, 4511 evals/s, 350 msg/s, 12.9 leaves/msg, 610s)
2026-08-10 11:11:20 [iter 23/60] self-play: 95/160 games...
2026-08-10 11:11:21   [GPU] 2,800,019 evals (62814 batches, avg 45/batch = 9% of 512, 4515 evals/s, 350 msg/s, 12.9 leaves/msg, 620s)
2026-08-10 11:11:32   [GPU] 2,850,001 evals (63888 batches, avg 45/batch = 9% of 512, 4519 evals/s, 350 msg/s, 12.9 leaves/msg, 631s)
2026-08-10 11:11:44   [GPU] 2,900,022 evals (65182 batches, avg 44/batch = 9% of 512, 4507 evals/s, 350 msg/s, 12.9 leaves/msg, 643s)
2026-08-10 11:11:52 [iter 23/60] self-play: 100/160 games...
2026-08-10 11:11:55   [GPU] 2,950,006 evals (66271 batches, avg 45/batch = 9% of 512, 4511 evals/s, 350 msg/s, 12.9 leaves/msg, 654s)
2026-08-10 11:12:05   [GPU] 3,000,005 evals (67327 batches, avg 45/batch = 9% of 512, 4516 evals/s, 351 msg/s, 12.9 leaves/msg, 664s)
2026-08-10 11:12:17   [GPU] 3,050,003 evals (68517 batches, avg 45/batch = 9% of 512, 4510 evals/s, 350 msg/s, 12.9 leaves/msg, 676s)
2026-08-10 11:12:27 [iter 23/60] self-play: 105/160 games...
2026-08-10 11:12:28   [GPU] 3,100,001 evals (69698 batches, avg 44/batch = 9% of 512, 4508 evals/s, 350 msg/s, 12.9 leaves/msg, 688s)
2026-08-10 11:12:39   [GPU] 3,150,014 evals (70783 batches, avg 45/batch = 9% of 512, 4511 evals/s, 350 msg/s, 12.9 leaves/msg, 698s)
2026-08-10 11:12:51   [GPU] 3,200,033 evals (71980 batches, avg 44/batch = 9% of 512, 4506 evals/s, 350 msg/s, 12.9 leaves/msg, 710s)
2026-08-10 11:13:02   [GPU] 3,250,038 evals (73093 batches, avg 44/batch = 9% of 512, 4506 evals/s, 350 msg/s, 12.9 leaves/msg, 721s)
2026-08-10 11:13:04 [iter 23/60] self-play: 110/160 games...
2026-08-10 11:13:14   [GPU] 3,300,054 evals (74322 batches, avg 44/batch = 9% of 512, 4499 evals/s, 349 msg/s, 12.9 leaves/msg, 733s)
2026-08-10 11:13:26   [GPU] 3,350,002 evals (75517 batches, avg 44/batch = 9% of 512, 4496 evals/s, 349 msg/s, 12.9 leaves/msg, 745s)
2026-08-10 11:13:35   [GPU] 3,400,029 evals (76495 batches, avg 44/batch = 9% of 512, 4507 evals/s, 350 msg/s, 12.9 leaves/msg, 754s)
2026-08-10 11:13:45   [GPU] 3,450,037 evals (77484 batches, avg 45/batch = 9% of 512, 4517 evals/s, 350 msg/s, 12.9 leaves/msg, 764s)
2026-08-10 11:13:55   [GPU] 3,500,061 evals (78556 batches, avg 45/batch = 9% of 512, 4522 evals/s, 351 msg/s, 12.9 leaves/msg, 774s)
2026-08-10 11:14:02 [iter 23/60] self-play: 115/160 games...
2026-08-10 11:14:05   [GPU] 3,550,005 evals (79571 batches, avg 45/batch = 9% of 512, 4529 evals/s, 351 msg/s, 12.9 leaves/msg, 784s)
2026-08-10 11:14:15   [GPU] 3,600,021 evals (80561 batches, avg 45/batch = 9% of 512, 4536 evals/s, 352 msg/s, 12.9 leaves/msg, 794s)
2026-08-10 11:14:16 [iter 23/60] self-play: 120/160 games...
2026-08-10 11:14:25   [GPU] 3,650,008 evals (81617 batches, avg 45/batch = 9% of 512, 4537 evals/s, 352 msg/s, 12.9 leaves/msg, 805s)
2026-08-10 11:14:36   [GPU] 3,700,045 evals (82676 batches, avg 45/batch = 9% of 512, 4541 evals/s, 351 msg/s, 12.9 leaves/msg, 815s)
2026-08-10 11:14:42 [iter 23/60] self-play: 125/160 games...
2026-08-10 11:14:46   [GPU] 3,750,001 evals (83695 batches, avg 45/batch = 9% of 512, 4546 evals/s, 352 msg/s, 12.9 leaves/msg, 825s)
2026-08-10 11:14:56   [GPU] 3,800,005 evals (84763 batches, avg 45/batch = 9% of 512, 4549 evals/s, 352 msg/s, 12.9 leaves/msg, 835s)
2026-08-10 11:15:08   [GPU] 3,850,008 evals (85936 batches, avg 45/batch = 9% of 512, 4545 evals/s, 351 msg/s, 13.0 leaves/msg, 847s)
2026-08-10 11:15:19   [GPU] 3,900,013 evals (87032 batches, avg 45/batch = 9% of 512, 4543 evals/s, 350 msg/s, 13.0 leaves/msg, 858s)
2026-08-10 11:15:19 [iter 23/60] self-play: 130/160 games...
2026-08-10 11:15:32   [GPU] 3,950,027 evals (88260 batches, avg 45/batch = 9% of 512, 4536 evals/s, 350 msg/s, 13.0 leaves/msg, 871s)
2026-08-10 11:15:44   [GPU] 4,000,033 evals (89452 batches, avg 45/batch = 9% of 512, 4531 evals/s, 349 msg/s, 13.0 leaves/msg, 883s)
2026-08-10 11:15:54   [GPU] 4,050,019 evals (90555 batches, avg 45/batch = 9% of 512, 4532 evals/s, 349 msg/s, 13.0 leaves/msg, 894s)
2026-08-10 11:16:00 [iter 23/60] self-play: 135/160 games...
2026-08-10 11:16:05   [GPU] 4,100,031 evals (91595 batches, avg 45/batch = 9% of 512, 4537 evals/s, 349 msg/s, 13.0 leaves/msg, 904s)
2026-08-10 11:16:14   [GPU] 4,150,006 evals (92571 batches, avg 45/batch = 9% of 512, 4546 evals/s, 350 msg/s, 13.0 leaves/msg, 913s)
2026-08-10 11:16:24   [GPU] 4,200,023 evals (93658 batches, avg 45/batch = 9% of 512, 4550 evals/s, 350 msg/s, 13.0 leaves/msg, 923s)
2026-08-10 11:16:33   [GPU] 4,250,014 evals (94645 batches, avg 45/batch = 9% of 512, 4559 evals/s, 351 msg/s, 13.0 leaves/msg, 932s)
2026-08-10 11:16:42   [GPU] 4,300,021 evals (95586 batches, avg 45/batch = 9% of 512, 4570 evals/s, 352 msg/s, 13.0 leaves/msg, 941s)
2026-08-10 11:16:52   [GPU] 4,350,002 evals (96619 batches, avg 45/batch = 9% of 512, 4576 evals/s, 352 msg/s, 13.0 leaves/msg, 951s)
2026-08-10 11:17:01   [GPU] 4,400,014 evals (97580 batches, avg 45/batch = 9% of 512, 4584 evals/s, 353 msg/s, 13.0 leaves/msg, 960s)
2026-08-10 11:17:06 [iter 23/60] self-play: 140/160 games...
2026-08-10 11:17:11   [GPU] 4,450,036 evals (98623 batches, avg 45/batch = 9% of 512, 4588 evals/s, 353 msg/s, 13.0 leaves/msg, 970s)
2026-08-10 11:17:19 [iter 23/60] self-play: 145/160 games...
2026-08-10 11:17:21   [GPU] 4,500,026 evals (99688 batches, avg 45/batch = 9% of 512, 4590 evals/s, 353 msg/s, 13.0 leaves/msg, 980s)
2026-08-10 11:17:32   [GPU] 4,550,066 evals (100819 batches, avg 45/batch = 9% of 512, 4590 evals/s, 354 msg/s, 13.0 leaves/msg, 991s)
2026-08-10 11:17:38 [iter 23/60] self-play: 150/160 games...
2026-08-10 11:17:45   [GPU] 4,600,005 evals (102076 batches, avg 45/batch = 9% of 512, 4581 evals/s, 353 msg/s, 13.0 leaves/msg, 1004s)
2026-08-10 11:17:57   [GPU] 4,650,010 evals (103240 batches, avg 45/batch = 9% of 512, 4578 evals/s, 353 msg/s, 13.0 leaves/msg, 1016s)
2026-08-10 11:18:09   [GPU] 4,700,017 evals (104596 batches, avg 45/batch = 9% of 512, 4570 evals/s, 353 msg/s, 13.0 leaves/msg, 1029s)
2026-08-10 11:18:10 [iter 23/60] self-play: 155/160 games...
2026-08-10 11:18:26   [GPU] 4,750,023 evals (106321 batches, avg 45/batch = 9% of 512, 4544 evals/s, 351 msg/s, 12.9 leaves/msg, 1045s)
2026-08-10 11:18:50   [GPU] 4,800,002 evals (108399 batches, avg 44/batch = 9% of 512, 4490 evals/s, 347 msg/s, 12.9 leaves/msg, 1069s)
2026-08-10 11:19:13   [GPU] 4,850,005 evals (110393 batches, avg 44/batch = 9% of 512, 4441 evals/s, 343 msg/s, 12.9 leaves/msg, 1092s)
2026-08-10 11:20:13 [iter 23/60] self-play: 160/160 games...
2026-08-10 11:20:14 [iter 23/60] self-play done: 160 games (1153s) | wins: P0=21, P1=107, draw=32 | draw_rate=20% avg_len~23
2026-08-10 11:20:14 [iter 23/60] search: expanded=8.1 actions/node visits/action=74.1 walls/game=7.72 first_wall_ply=0.525 learner_sims/s=4588.02
2026-08-10 11:20:14 [iter 23/60] training (600 steps, lr=7.33e-04)...
2026-08-10 11:20:22 [iter 23/60] training done: loss_p=1.177 loss_v=0.081 (8s)
2026-08-10 11:20:23 [iter 23/60] data: policy_wall_mass=0.169 walled_states=56% walls_on_board=14.9 value_mae walled=0.189 free=0.076
2026-08-10 11:20:24 [iter 23/60] eval skipped (eval_every=4)
2026-08-10 11:20:24 >>> iter 23 | loss_p=1.177 loss_v=0.081 | vs_best=n/a (not evaluated) | vs_rand=n/a | draw=20% | buf=100000 | rss=3.18GB | sp=1153s train=8s eval_best=0s eval_rand=0s | total=1163s
2026-08-10 11:20:24 [iter 24/60] self-play starting (160 games, 600 sims, MIXED 80/160 race-only)...
2026-08-10 11:20:24 [PARALLEL-MP] 8 workers spawned (160 games, sims=600), GPU batcher starting...
2026-08-10 11:20:37   [GPU] 50,040 evals (1015 batches, avg 49/batch = 10% of 512, 3889 evals/s, 304 msg/s, 12.8 leaves/msg, 13s)
2026-08-10 11:20:44 [iter 24/60] self-play: 5/160 games...
2026-08-10 11:20:49   [GPU] 100,015 evals (2239 batches, avg 45/batch = 9% of 512, 3935 evals/s, 305 msg/s, 12.9 leaves/msg, 25s)
2026-08-10 11:21:03   [GPU] 150,004 evals (3539 batches, avg 42/batch = 8% of 512, 3846 evals/s, 293 msg/s, 13.1 leaves/msg, 39s)
2026-08-10 11:21:09 [iter 24/60] self-play: 10/160 games...
2026-08-10 11:21:15   [GPU] 200,023 evals (4685 batches, avg 43/batch = 8% of 512, 3956 evals/s, 301 msg/s, 13.2 leaves/msg, 51s)
2026-08-10 11:21:26   [GPU] 250,001 evals (5858 batches, avg 43/batch = 8% of 512, 4020 evals/s, 303 msg/s, 13.3 leaves/msg, 62s)
2026-08-10 11:21:37   [GPU] 300,005 evals (6941 batches, avg 43/batch = 8% of 512, 4124 evals/s, 313 msg/s, 13.2 leaves/msg, 73s)
2026-08-10 11:21:39 [iter 24/60] self-play: 15/160 games...
2026-08-10 11:21:46   [GPU] 350,010 evals (7910 batches, avg 44/batch = 9% of 512, 4273 evals/s, 326 msg/s, 13.1 leaves/msg, 82s)
2026-08-10 11:21:56   [GPU] 400,017 evals (8982 batches, avg 45/batch = 9% of 512, 4331 evals/s, 331 msg/s, 13.1 leaves/msg, 92s)
2026-08-10 11:22:07   [GPU] 450,026 evals (10044 batches, avg 45/batch = 9% of 512, 4388 evals/s, 333 msg/s, 13.2 leaves/msg, 103s)
2026-08-10 11:22:12 [iter 24/60] self-play: 20/160 games...
2026-08-10 11:22:17   [GPU] 500,044 evals (11105 batches, avg 45/batch = 9% of 512, 4433 evals/s, 338 msg/s, 13.1 leaves/msg, 113s)
2026-08-10 11:22:26   [GPU] 550,020 evals (12076 batches, avg 46/batch = 9% of 512, 4495 evals/s, 343 msg/s, 13.1 leaves/msg, 122s)
2026-08-10 11:22:34 [iter 24/60] self-play: 25/160 games...
2026-08-10 11:22:37   [GPU] 600,028 evals (13159 batches, avg 46/batch = 9% of 512, 4498 evals/s, 344 msg/s, 13.1 leaves/msg, 133s)
2026-08-10 11:22:47   [GPU] 650,040 evals (14160 batches, avg 46/batch = 9% of 512, 4541 evals/s, 345 msg/s, 13.1 leaves/msg, 143s)
2026-08-10 11:22:58   [GPU] 700,014 evals (15253 batches, avg 46/batch = 9% of 512, 4558 evals/s, 347 msg/s, 13.1 leaves/msg, 154s)
2026-08-10 11:23:06 [iter 24/60] self-play: 30/160 games...
2026-08-10 11:23:08   [GPU] 750,018 evals (16250 batches, avg 46/batch = 9% of 512, 4586 evals/s, 348 msg/s, 13.2 leaves/msg, 164s)
2026-08-10 11:23:18   [GPU] 800,024 evals (17307 batches, avg 46/batch = 9% of 512, 4596 evals/s, 348 msg/s, 13.2 leaves/msg, 174s)
2026-08-10 11:23:28   [GPU] 850,059 evals (18351 batches, avg 46/batch = 9% of 512, 4610 evals/s, 349 msg/s, 13.2 leaves/msg, 184s)
2026-08-10 11:23:35 [iter 24/60] self-play: 35/160 games...
2026-08-10 11:23:39   [GPU] 900,037 evals (19382 batches, avg 46/batch = 9% of 512, 4627 evals/s, 351 msg/s, 13.2 leaves/msg, 195s)
2026-08-10 11:23:49   [GPU] 950,005 evals (20419 batches, avg 47/batch = 9% of 512, 4647 evals/s, 352 msg/s, 13.2 leaves/msg, 204s)
2026-08-10 11:23:58   [GPU] 1,000,054 evals (21367 batches, avg 47/batch = 9% of 512, 4680 evals/s, 354 msg/s, 13.2 leaves/msg, 214s)
2026-08-10 11:24:07   [GPU] 1,050,002 evals (22337 batches, avg 47/batch = 9% of 512, 4706 evals/s, 357 msg/s, 13.2 leaves/msg, 223s)
2026-08-10 11:24:15 [iter 24/60] self-play: 40/160 games...
2026-08-10 11:24:17   [GPU] 1,100,000 evals (23353 batches, avg 47/batch = 9% of 512, 4717 evals/s, 359 msg/s, 13.1 leaves/msg, 233s)
2026-08-10 11:24:27   [GPU] 1,150,026 evals (24318 batches, avg 47/batch = 9% of 512, 4731 evals/s, 361 msg/s, 13.1 leaves/msg, 243s)
2026-08-10 11:24:29 [iter 24/60] self-play: 45/160 games...
2026-08-10 11:24:38   [GPU] 1,200,016 evals (25408 batches, avg 47/batch = 9% of 512, 4728 evals/s, 361 msg/s, 13.1 leaves/msg, 254s)
2026-08-10 11:24:48   [GPU] 1,250,055 evals (26420 batches, avg 47/batch = 9% of 512, 4737 evals/s, 361 msg/s, 13.1 leaves/msg, 264s)
2026-08-10 11:24:55 [iter 24/60] self-play: 50/160 games...
2026-08-10 11:24:58   [GPU] 1,300,029 evals (27468 batches, avg 47/batch = 9% of 512, 4745 evals/s, 362 msg/s, 13.1 leaves/msg, 274s)
2026-08-10 11:25:09   [GPU] 1,350,037 evals (28570 batches, avg 47/batch = 9% of 512, 4742 evals/s, 361 msg/s, 13.1 leaves/msg, 285s)
2026-08-10 11:25:13 [iter 24/60] self-play: 55/160 games...
2026-08-10 11:25:19   [GPU] 1,400,016 evals (29642 batches, avg 47/batch = 9% of 512, 4741 evals/s, 361 msg/s, 13.1 leaves/msg, 295s)
2026-08-10 11:25:30   [GPU] 1,450,019 evals (30714 batches, avg 47/batch = 9% of 512, 4745 evals/s, 362 msg/s, 13.1 leaves/msg, 306s)
2026-08-10 11:25:40   [GPU] 1,500,014 evals (31758 batches, avg 47/batch = 9% of 512, 4753 evals/s, 362 msg/s, 13.1 leaves/msg, 316s)
2026-08-10 11:25:44 [iter 24/60] self-play: 60/160 games...
2026-08-10 11:25:50   [GPU] 1,550,051 evals (32829 batches, avg 47/batch = 9% of 512, 4755 evals/s, 363 msg/s, 13.1 leaves/msg, 326s)
2026-08-10 11:26:00   [GPU] 1,600,009 evals (33843 batches, avg 47/batch = 9% of 512, 4768 evals/s, 364 msg/s, 13.1 leaves/msg, 336s)
2026-08-10 11:26:10   [GPU] 1,650,057 evals (34903 batches, avg 47/batch = 9% of 512, 4773 evals/s, 363 msg/s, 13.1 leaves/msg, 346s)
2026-08-10 11:26:18 [iter 24/60] self-play: 65/160 games...
2026-08-10 11:26:19   [GPU] 1,700,025 evals (35871 batches, avg 47/batch = 9% of 512, 4785 evals/s, 364 msg/s, 13.2 leaves/msg, 355s)
2026-08-10 11:26:28   [GPU] 1,750,015 evals (36841 batches, avg 48/batch = 9% of 512, 4802 evals/s, 365 msg/s, 13.2 leaves/msg, 364s)
2026-08-10 11:26:34 [iter 24/60] self-play: 70/160 games...
2026-08-10 11:26:39   [GPU] 1,800,011 evals (37880 batches, avg 48/batch = 9% of 512, 4807 evals/s, 366 msg/s, 13.1 leaves/msg, 374s)
2026-08-10 11:26:47 [iter 24/60] self-play: 75/160 games...
2026-08-10 11:26:49   [GPU] 1,850,050 evals (38906 batches, avg 48/batch = 9% of 512, 4811 evals/s, 366 msg/s, 13.1 leaves/msg, 385s)
2026-08-10 11:27:01   [GPU] 1,900,027 evals (40081 batches, avg 47/batch = 9% of 512, 4792 evals/s, 365 msg/s, 13.1 leaves/msg, 397s)
2026-08-10 11:27:09 [iter 24/60] self-play: 80/160 games...
2026-08-10 11:27:12   [GPU] 1,950,051 evals (41189 batches, avg 47/batch = 9% of 512, 4786 evals/s, 364 msg/s, 13.1 leaves/msg, 407s)
2026-08-10 11:27:23   [GPU] 2,000,038 evals (42320 batches, avg 47/batch = 9% of 512, 4779 evals/s, 364 msg/s, 13.1 leaves/msg, 419s)
2026-08-10 11:27:34   [GPU] 2,050,066 evals (43430 batches, avg 47/batch = 9% of 512, 4771 evals/s, 363 msg/s, 13.1 leaves/msg, 430s)
2026-08-10 11:27:39 [iter 24/60] self-play: 85/160 games...
2026-08-10 11:27:44   [GPU] 2,100,017 evals (44523 batches, avg 47/batch = 9% of 512, 4769 evals/s, 362 msg/s, 13.2 leaves/msg, 440s)
2026-08-10 11:27:55   [GPU] 2,150,061 evals (45571 batches, avg 47/batch = 9% of 512, 4771 evals/s, 362 msg/s, 13.2 leaves/msg, 451s)
2026-08-10 11:28:05   [GPU] 2,200,003 evals (46594 batches, avg 47/batch = 9% of 512, 4776 evals/s, 362 msg/s, 13.2 leaves/msg, 461s)
2026-08-10 11:28:15   [GPU] 2,250,025 evals (47586 batches, avg 47/batch = 9% of 512, 4783 evals/s, 362 msg/s, 13.2 leaves/msg, 470s)
2026-08-10 11:28:25   [GPU] 2,300,018 evals (48618 batches, avg 47/batch = 9% of 512, 4785 evals/s, 363 msg/s, 13.2 leaves/msg, 481s)
2026-08-10 11:28:32 [iter 24/60] self-play: 90/160 games...
2026-08-10 11:28:34   [GPU] 2,350,015 evals (49548 batches, avg 47/batch = 9% of 512, 4799 evals/s, 363 msg/s, 13.2 leaves/msg, 490s)
2026-08-10 11:28:44   [GPU] 2,400,000 evals (50581 batches, avg 47/batch = 9% of 512, 4804 evals/s, 364 msg/s, 13.2 leaves/msg, 500s)
2026-08-10 11:28:54   [GPU] 2,450,020 evals (51624 batches, avg 47/batch = 9% of 512, 4806 evals/s, 364 msg/s, 13.2 leaves/msg, 510s)
2026-08-10 11:29:03   [GPU] 2,500,038 evals (52638 batches, avg 47/batch = 9% of 512, 4814 evals/s, 364 msg/s, 13.2 leaves/msg, 519s)
2026-08-10 11:29:09 [iter 24/60] self-play: 95/160 games...
2026-08-10 11:29:13   [GPU] 2,550,025 evals (53637 batches, avg 48/batch = 9% of 512, 4824 evals/s, 365 msg/s, 13.2 leaves/msg, 529s)
2026-08-10 11:29:22   [GPU] 2,600,028 evals (54672 batches, avg 48/batch = 9% of 512, 4830 evals/s, 366 msg/s, 13.2 leaves/msg, 538s)
2026-08-10 11:29:33   [GPU] 2,650,058 evals (55801 batches, avg 47/batch = 9% of 512, 4827 evals/s, 366 msg/s, 13.2 leaves/msg, 549s)
2026-08-10 11:29:40 [iter 24/60] self-play: 100/160 games...
2026-08-10 11:29:43   [GPU] 2,700,013 evals (56802 batches, avg 48/batch = 9% of 512, 4833 evals/s, 367 msg/s, 13.2 leaves/msg, 559s)
2026-08-10 11:29:50 [iter 24/60] self-play: 105/160 games...
2026-08-10 11:29:53   [GPU] 2,750,027 evals (57850 batches, avg 48/batch = 9% of 512, 4832 evals/s, 367 msg/s, 13.2 leaves/msg, 569s)
2026-08-10 11:30:04   [GPU] 2,800,021 evals (58884 batches, avg 48/batch = 9% of 512, 4832 evals/s, 367 msg/s, 13.2 leaves/msg, 579s)
2026-08-10 11:30:10 [iter 24/60] self-play: 110/160 games...
2026-08-10 11:30:14   [GPU] 2,850,030 evals (59963 batches, avg 48/batch = 9% of 512, 4827 evals/s, 366 msg/s, 13.2 leaves/msg, 590s)
2026-08-10 11:30:26   [GPU] 2,900,008 evals (61070 batches, avg 47/batch = 9% of 512, 4821 evals/s, 366 msg/s, 13.2 leaves/msg, 602s)
2026-08-10 11:30:30 [iter 24/60] self-play: 115/160 games...
2026-08-10 11:30:37   [GPU] 2,950,069 evals (62189 batches, avg 47/batch = 9% of 512, 4813 evals/s, 366 msg/s, 13.2 leaves/msg, 613s)
2026-08-10 11:30:46   [GPU] 3,000,016 evals (63146 batches, avg 48/batch = 9% of 512, 4821 evals/s, 366 msg/s, 13.2 leaves/msg, 622s)
2026-08-10 11:30:51 [iter 24/60] self-play: 120/160 games...
2026-08-10 11:30:56   [GPU] 3,050,003 evals (64160 batches, avg 48/batch = 9% of 512, 4826 evals/s, 366 msg/s, 13.2 leaves/msg, 632s)
2026-08-10 11:31:06   [GPU] 3,100,016 evals (65177 batches, avg 48/batch = 9% of 512, 4829 evals/s, 366 msg/s, 13.2 leaves/msg, 642s)
2026-08-10 11:31:17   [GPU] 3,150,039 evals (66322 batches, avg 47/batch = 9% of 512, 4822 evals/s, 366 msg/s, 13.2 leaves/msg, 653s)
2026-08-10 11:31:28   [GPU] 3,200,007 evals (67406 batches, avg 47/batch = 9% of 512, 4822 evals/s, 366 msg/s, 13.2 leaves/msg, 664s)
2026-08-10 11:31:37   [GPU] 3,250,000 evals (68392 batches, avg 48/batch = 9% of 512, 4831 evals/s, 367 msg/s, 13.2 leaves/msg, 673s)
2026-08-10 11:31:40 [iter 24/60] self-play: 125/160 games...
2026-08-10 11:31:46   [GPU] 3,300,003 evals (69327 batches, avg 48/batch = 9% of 512, 4843 evals/s, 368 msg/s, 13.2 leaves/msg, 681s)
2026-08-10 11:31:54   [GPU] 3,350,017 evals (70208 batches, avg 48/batch = 9% of 512, 4858 evals/s, 368 msg/s, 13.2 leaves/msg, 690s)
2026-08-10 11:32:03   [GPU] 3,400,013 evals (71244 batches, avg 48/batch = 9% of 512, 4863 evals/s, 369 msg/s, 13.2 leaves/msg, 699s)
2026-08-10 11:32:12 [iter 24/60] self-play: 130/160 games...
2026-08-10 11:32:13   [GPU] 3,450,024 evals (72262 batches, avg 48/batch = 9% of 512, 4867 evals/s, 370 msg/s, 13.2 leaves/msg, 709s)
2026-08-10 11:32:23   [GPU] 3,500,000 evals (73366 batches, avg 48/batch = 9% of 512, 4865 evals/s, 369 msg/s, 13.2 leaves/msg, 719s)
2026-08-10 11:32:34   [GPU] 3,550,001 evals (74416 batches, avg 48/batch = 9% of 512, 4865 evals/s, 369 msg/s, 13.2 leaves/msg, 730s)
2026-08-10 11:32:43   [GPU] 3,600,023 evals (75397 batches, avg 48/batch = 9% of 512, 4870 evals/s, 369 msg/s, 13.2 leaves/msg, 739s)
2026-08-10 11:32:52   [GPU] 3,650,010 evals (76323 batches, avg 48/batch = 9% of 512, 4877 evals/s, 370 msg/s, 13.2 leaves/msg, 748s)
2026-08-10 11:32:55 [iter 24/60] self-play: 135/160 games...
2026-08-10 11:33:03   [GPU] 3,700,016 evals (77398 batches, avg 48/batch = 9% of 512, 4876 evals/s, 370 msg/s, 13.2 leaves/msg, 759s)
2026-08-10 11:33:13   [GPU] 3,750,033 evals (78432 batches, avg 48/batch = 9% of 512, 4876 evals/s, 370 msg/s, 13.2 leaves/msg, 769s)
2026-08-10 11:33:14 [iter 24/60] self-play: 140/160 games...
2026-08-10 11:33:24   [GPU] 3,800,025 evals (79495 batches, avg 48/batch = 9% of 512, 4875 evals/s, 370 msg/s, 13.2 leaves/msg, 779s)
2026-08-10 11:33:34   [GPU] 3,850,012 evals (80529 batches, avg 48/batch = 9% of 512, 4875 evals/s, 370 msg/s, 13.2 leaves/msg, 790s)
2026-08-10 11:33:37 [iter 24/60] self-play: 145/160 games...
2026-08-10 11:33:45   [GPU] 3,900,016 evals (81672 batches, avg 48/batch = 9% of 512, 4870 evals/s, 370 msg/s, 13.2 leaves/msg, 801s)
2026-08-10 11:33:56   [GPU] 3,950,013 evals (82801 batches, avg 48/batch = 9% of 512, 4863 evals/s, 370 msg/s, 13.2 leaves/msg, 812s)
2026-08-10 11:34:04 [iter 24/60] self-play: 150/160 games...
2026-08-10 11:34:07   [GPU] 4,000,012 evals (83892 batches, avg 48/batch = 9% of 512, 4860 evals/s, 370 msg/s, 13.1 leaves/msg, 823s)
2026-08-10 11:34:18   [GPU] 4,050,029 evals (84974 batches, avg 48/batch = 9% of 512, 4859 evals/s, 370 msg/s, 13.1 leaves/msg, 834s)
2026-08-10 11:34:31 [iter 24/60] self-play: 155/160 games...
2026-08-10 11:34:31   [GPU] 4,100,009 evals (86340 batches, avg 47/batch = 9% of 512, 4840 evals/s, 368 msg/s, 13.1 leaves/msg, 847s)
2026-08-10 11:34:46   [GPU] 4,150,017 evals (87818 batches, avg 47/batch = 9% of 512, 4812 evals/s, 366 msg/s, 13.1 leaves/msg, 862s)
2026-08-10 11:35:09   [GPU] 4,200,009 evals (89784 batches, avg 47/batch = 9% of 512, 4747 evals/s, 361 msg/s, 13.1 leaves/msg, 885s)
2026-08-10 11:35:44   [GPU] 4,250,008 evals (92520 batches, avg 46/batch = 9% of 512, 4622 evals/s, 352 msg/s, 13.1 leaves/msg, 920s)
2026-08-10 11:36:22 [iter 24/60] self-play: 160/160 games...
2026-08-10 11:36:23 [iter 24/60] self-play done: 160 games (959s) | wins: P0=26, P1=110, draw=24 | draw_rate=15% avg_len~26
2026-08-10 11:36:23 [iter 24/60] search: expanded=7.8 actions/node visits/action=77.4 walls/game=7.97 first_wall_ply=0.388 learner_sims/s=4976.61
2026-08-10 11:36:23 [iter 24/60] training (600 steps, lr=7.11e-04)...
2026-08-10 11:36:32 [iter 24/60] training done: loss_p=1.176 loss_v=0.082 (9s)
2026-08-10 11:36:34 [iter 24/60] data: policy_wall_mass=0.194 walled_states=61% walls_on_board=17.1 value_mae walled=0.163 free=0.072
2026-08-10 11:36:34 [iter 24/60] eval vs best (40 games, 600 sims)...
2026-08-10 11:36:34 [EVAL-MP] 8 workers spawned (40 vs_best games, sims=600), GPU batcher starting...
2026-08-10 11:36:54   [GPU] 50,007 evals (1300 batches, avg 38/batch = 8% of 512, 2534 evals/s, 165 msg/s, 15.4 leaves/msg, 20s)
2026-08-10 11:37:10   [GPU] 100,023 evals (2572 batches, avg 39/batch = 8% of 512, 2826 evals/s, 183 msg/s, 15.4 leaves/msg, 35s)
2026-08-10 11:37:23   [GPU] 150,039 evals (3707 batches, avg 40/batch = 8% of 512, 3063 evals/s, 200 msg/s, 15.3 leaves/msg, 49s)
2026-08-10 11:37:36   [GPU] 200,002 evals (4809 batches, avg 42/batch = 8% of 512, 3237 evals/s, 213 msg/s, 15.2 leaves/msg, 62s)
2026-08-10 11:37:50   [GPU] 250,009 evals (6019 batches, avg 42/batch = 8% of 512, 3306 evals/s, 220 msg/s, 15.1 leaves/msg, 76s)
2026-08-10 11:38:04   [GPU] 300,016 evals (7235 batches, avg 41/batch = 8% of 512, 3356 evals/s, 223 msg/s, 15.0 leaves/msg, 89s)
2026-08-10 11:38:17   [GPU] 350,018 evals (8444 batches, avg 41/batch = 8% of 512, 3400 evals/s, 226 msg/s, 15.0 leaves/msg, 103s)
2026-08-10 11:38:31   [GPU] 400,023 evals (9666 batches, avg 41/batch = 8% of 512, 3424 evals/s, 228 msg/s, 15.0 leaves/msg, 117s)
2026-08-10 11:38:45   [GPU] 450,038 evals (10858 batches, avg 41/batch = 8% of 512, 3445 evals/s, 230 msg/s, 15.0 leaves/msg, 131s)
2026-08-10 11:38:59   [GPU] 500,031 evals (12085 batches, avg 41/batch = 8% of 512, 3454 evals/s, 232 msg/s, 14.9 leaves/msg, 145s)
2026-08-10 11:39:13   [GPU] 550,025 evals (13313 batches, avg 41/batch = 8% of 512, 3461 evals/s, 233 msg/s, 14.8 leaves/msg, 159s)
2026-08-10 11:39:28   [GPU] 600,013 evals (14556 batches, avg 41/batch = 8% of 512, 3466 evals/s, 234 msg/s, 14.8 leaves/msg, 173s)
2026-08-10 11:39:42   [GPU] 650,004 evals (15833 batches, avg 41/batch = 8% of 512, 3459 evals/s, 235 msg/s, 14.7 leaves/msg, 188s)
2026-08-10 11:39:58   [GPU] 700,011 evals (17157 batches, avg 41/batch = 8% of 512, 3445 evals/s, 234 msg/s, 14.7 leaves/msg, 203s)
2026-08-10 11:40:10 [iter 24/60] eval vs best: 5/40 games (216s, cand 80%)
2026-08-10 11:40:14   [GPU] 750,005 evals (18492 batches, avg 41/batch = 8% of 512, 3420 evals/s, 233 msg/s, 14.7 leaves/msg, 219s)
2026-08-10 11:40:31   [GPU] 800,031 evals (19910 batches, avg 40/batch = 8% of 512, 3388 evals/s, 231 msg/s, 14.7 leaves/msg, 236s)
2026-08-10 11:40:46   [GPU] 850,032 evals (21276 batches, avg 40/batch = 8% of 512, 3373 evals/s, 230 msg/s, 14.6 leaves/msg, 252s)
2026-08-10 11:41:01   [GPU] 900,039 evals (22527 batches, avg 40/batch = 8% of 512, 3378 evals/s, 231 msg/s, 14.6 leaves/msg, 266s)
2026-08-10 11:41:15   [GPU] 950,004 evals (23738 batches, avg 40/batch = 8% of 512, 3391 evals/s, 233 msg/s, 14.6 leaves/msg, 280s)
2026-08-10 11:41:29   [GPU] 1,000,004 evals (24978 batches, avg 40/batch = 8% of 512, 3397 evals/s, 233 msg/s, 14.6 leaves/msg, 294s)
2026-08-10 11:41:43   [GPU] 1,050,048 evals (26204 batches, avg 40/batch = 8% of 512, 3403 evals/s, 234 msg/s, 14.5 leaves/msg, 309s)
2026-08-10 11:41:58   [GPU] 1,100,021 evals (27462 batches, avg 40/batch = 8% of 512, 3402 evals/s, 235 msg/s, 14.5 leaves/msg, 323s)
2026-08-10 11:42:13   [GPU] 1,150,036 evals (28747 batches, avg 40/batch = 8% of 512, 3399 evals/s, 235 msg/s, 14.4 leaves/msg, 338s)
2026-08-10 11:42:28   [GPU] 1,200,022 evals (30043 batches, avg 40/batch = 8% of 512, 3398 evals/s, 236 msg/s, 14.4 leaves/msg, 353s)
2026-08-10 11:42:41 [iter 24/60] eval vs best: 10/40 games (366s, cand 70%)
2026-08-10 11:42:43   [GPU] 1,250,028 evals (31393 batches, avg 40/batch = 8% of 512, 3391 evals/s, 236 msg/s, 14.4 leaves/msg, 369s)
2026-08-10 11:42:59   [GPU] 1,300,032 evals (32722 batches, avg 40/batch = 8% of 512, 3384 evals/s, 235 msg/s, 14.4 leaves/msg, 384s)
2026-08-10 11:43:13   [GPU] 1,350,041 evals (34016 batches, avg 40/batch = 8% of 512, 3384 evals/s, 235 msg/s, 14.4 leaves/msg, 399s)
2026-08-10 11:43:28   [GPU] 1,400,035 evals (35304 batches, avg 40/batch = 8% of 512, 3382 evals/s, 235 msg/s, 14.4 leaves/msg, 414s)
2026-08-10 11:43:44   [GPU] 1,450,043 evals (36648 batches, avg 40/batch = 8% of 512, 3373 evals/s, 235 msg/s, 14.4 leaves/msg, 430s)
2026-08-10 11:44:01   [GPU] 1,500,042 evals (38092 batches, avg 39/batch = 8% of 512, 3358 evals/s, 234 msg/s, 14.3 leaves/msg, 447s)
2026-08-10 11:44:13 [iter 24/60] eval vs best: 15/40 games (459s, cand 53%)
2026-08-10 11:44:17   [GPU] 1,550,057 evals (39455 batches, avg 39/batch = 8% of 512, 3351 evals/s, 234 msg/s, 14.3 leaves/msg, 463s)
2026-08-10 11:44:33   [GPU] 1,600,019 evals (40809 batches, avg 39/batch = 8% of 512, 3346 evals/s, 234 msg/s, 14.3 leaves/msg, 478s)
2026-08-10 11:44:48   [GPU] 1,650,033 evals (42146 batches, avg 39/batch = 8% of 512, 3343 evals/s, 234 msg/s, 14.3 leaves/msg, 494s)
2026-08-10 11:45:03   [GPU] 1,700,034 evals (43457 batches, avg 39/batch = 8% of 512, 3342 evals/s, 234 msg/s, 14.3 leaves/msg, 509s)
2026-08-10 11:45:18   [GPU] 1,750,018 evals (44727 batches, avg 39/batch = 8% of 512, 3342 evals/s, 234 msg/s, 14.3 leaves/msg, 524s)
2026-08-10 11:45:33   [GPU] 1,800,004 evals (46007 batches, avg 39/batch = 8% of 512, 3343 evals/s, 234 msg/s, 14.3 leaves/msg, 539s)
2026-08-10 11:45:48   [GPU] 1,850,005 evals (47268 batches, avg 39/batch = 8% of 512, 3344 evals/s, 234 msg/s, 14.3 leaves/msg, 553s)
2026-08-10 11:46:02   [GPU] 1,900,027 evals (48490 batches, avg 39/batch = 8% of 512, 3349 evals/s, 234 msg/s, 14.3 leaves/msg, 567s)
2026-08-10 11:46:16   [GPU] 1,950,057 evals (49700 batches, avg 39/batch = 8% of 512, 3353 evals/s, 235 msg/s, 14.3 leaves/msg, 582s)
2026-08-10 11:46:20 [iter 24/60] eval vs best: 20/40 games (585s, cand 65%)
2026-08-10 11:46:31   [GPU] 2,000,043 evals (50946 batches, avg 39/batch = 8% of 512, 3353 evals/s, 235 msg/s, 14.3 leaves/msg, 597s)
2026-08-10 11:46:46   [GPU] 2,050,031 evals (52244 batches, avg 39/batch = 8% of 512, 3351 evals/s, 235 msg/s, 14.3 leaves/msg, 612s)
2026-08-10 11:47:02   [GPU] 2,100,009 evals (53558 batches, avg 39/batch = 8% of 512, 3347 evals/s, 234 msg/s, 14.3 leaves/msg, 627s)
2026-08-10 11:47:17   [GPU] 2,150,025 evals (54838 batches, avg 39/batch = 8% of 512, 3345 evals/s, 234 msg/s, 14.3 leaves/msg, 643s)
2026-08-10 11:47:32   [GPU] 2,200,009 evals (56058 batches, avg 39/batch = 8% of 512, 3347 evals/s, 234 msg/s, 14.3 leaves/msg, 657s)
2026-08-10 11:47:46   [GPU] 2,250,030 evals (57216 batches, avg 39/batch = 8% of 512, 3351 evals/s, 234 msg/s, 14.3 leaves/msg, 672s)
2026-08-10 11:48:01   [GPU] 2,300,002 evals (58420 batches, avg 39/batch = 8% of 512, 3352 evals/s, 233 msg/s, 14.4 leaves/msg, 686s)
2026-08-10 11:48:06 [iter 24/60] eval vs best: 25/40 games (691s, cand 62%)
2026-08-10 11:48:16   [GPU] 2,350,049 evals (59668 batches, avg 39/batch = 8% of 512, 3352 evals/s, 233 msg/s, 14.4 leaves/msg, 701s)
2026-08-10 11:48:30   [GPU] 2,400,036 evals (60868 batches, avg 39/batch = 8% of 512, 3354 evals/s, 233 msg/s, 14.4 leaves/msg, 716s)
2026-08-10 11:48:45   [GPU] 2,450,015 evals (62115 batches, avg 39/batch = 8% of 512, 3354 evals/s, 233 msg/s, 14.4 leaves/msg, 731s)
2026-08-10 11:49:00   [GPU] 2,500,013 evals (63381 batches, avg 39/batch = 8% of 512, 3354 evals/s, 233 msg/s, 14.4 leaves/msg, 745s)
2026-08-10 11:49:15   [GPU] 2,550,023 evals (64649 batches, avg 39/batch = 8% of 512, 3354 evals/s, 233 msg/s, 14.4 leaves/msg, 760s)
2026-08-10 11:49:30   [GPU] 2,600,002 evals (65965 batches, avg 39/batch = 8% of 512, 3353 evals/s, 233 msg/s, 14.4 leaves/msg, 775s)
2026-08-10 11:49:45   [GPU] 2,650,014 evals (67257 batches, avg 39/batch = 8% of 512, 3353 evals/s, 233 msg/s, 14.4 leaves/msg, 790s)
2026-08-10 11:50:00   [GPU] 2,700,007 evals (68602 batches, avg 39/batch = 8% of 512, 3350 evals/s, 233 msg/s, 14.4 leaves/msg, 806s)
2026-08-10 11:50:14 [iter 24/60] eval vs best: 30/40 games (819s, cand 69%)
2026-08-10 11:50:16   [GPU] 2,750,052 evals (69934 batches, avg 39/batch = 8% of 512, 3346 evals/s, 233 msg/s, 14.4 leaves/msg, 822s)
2026-08-10 11:50:33   [GPU] 2,800,017 evals (71220 batches, avg 39/batch = 8% of 512, 3341 evals/s, 232 msg/s, 14.4 leaves/msg, 838s)
2026-08-10 11:50:49   [GPU] 2,850,013 evals (72612 batches, avg 39/batch = 8% of 512, 3336 evals/s, 232 msg/s, 14.4 leaves/msg, 854s)
2026-08-10 11:51:04   [GPU] 2,900,008 evals (73972 batches, avg 39/batch = 8% of 512, 3334 evals/s, 232 msg/s, 14.4 leaves/msg, 870s)
2026-08-10 11:51:21   [GPU] 2,950,011 evals (75425 batches, avg 39/batch = 8% of 512, 3326 evals/s, 231 msg/s, 14.4 leaves/msg, 887s)
2026-08-10 11:51:40   [GPU] 3,000,007 evals (76967 batches, avg 39/batch = 8% of 512, 3314 evals/s, 230 msg/s, 14.4 leaves/msg, 905s)
2026-08-10 11:52:01   [GPU] 3,050,020 evals (78666 batches, avg 39/batch = 8% of 512, 3293 evals/s, 229 msg/s, 14.4 leaves/msg, 926s)
2026-08-10 11:52:13 [iter 24/60] eval vs best: 35/40 games (938s, cand 73%)
2026-08-10 11:52:27   [GPU] 3,100,019 evals (80479 batches, avg 39/batch = 8% of 512, 3254 evals/s, 226 msg/s, 14.4 leaves/msg, 953s)
2026-08-10 11:53:04   [GPU] 3,150,001 evals (82461 batches, avg 38/batch = 7% of 512, 3184 evals/s, 221 msg/s, 14.4 leaves/msg, 989s)
2026-08-10 11:53:49   [GPU] 3,200,012 evals (84703 batches, avg 38/batch = 7% of 512, 3095 evals/s, 214 msg/s, 14.4 leaves/msg, 1034s)
2026-08-10 11:55:24 [iter 24/60] eval vs best: 40/40 games (1129s, cand 68%)
2026-08-10 11:55:24 [iter 24/60] eval vs best done: 68.4% of 38 decided, 29 adjudicated ACCEPT (1130s)
2026-08-10 11:55:24 [iter 24/60] eval vs random (8 games, 600 sims)...
2026-08-10 11:55:24 [EVAL-MP] 8 workers spawned (8 vs_random games, sims=600), GPU batcher starting...
2026-08-10 11:55:42   [GPU] 50,022 evals (1327 batches, avg 38/batch = 7% of 512, 2837 evals/s, 186 msg/s, 15.2 leaves/msg, 18s)
2026-08-10 11:55:52 [iter 24/60] eval vs random: 5/8 games (28s, cand 100%)
2026-08-10 11:56:01   [GPU] 100,000 evals (2887 batches, avg 35/batch = 7% of 512, 2752 evals/s, 192 msg/s, 14.4 leaves/msg, 36s)
2026-08-10 11:56:31   [GPU] 150,010 evals (5126 batches, avg 29/batch = 6% of 512, 2263 evals/s, 157 msg/s, 14.4 leaves/msg, 66s)
2026-08-10 11:57:06 [iter 24/60] eval vs random: 8/8 games (102s, cand 100%)
2026-08-10 11:57:07 [iter 24/60] eval vs random done: 100.0% (102s)
2026-08-10 11:57:07 [iter 24/60] eval vs greedy (80 games, 600 sims)...
2026-08-10 11:57:07 [EVAL-MP] 8 workers spawned (80 vs_greedy games, sims=600), GPU batcher starting...
2026-08-10 11:57:23   [GPU] 50,035 evals (1229 batches, avg 41/batch = 8% of 512, 3155 evals/s, 206 msg/s, 15.3 leaves/msg, 16s)
2026-08-10 11:57:31 [iter 24/60] eval vs greedy: 5/80 games (24s, cand 80%)
2026-08-10 11:57:37   [GPU] 100,038 evals (2538 batches, avg 39/batch = 8% of 512, 3338 evals/s, 229 msg/s, 14.6 leaves/msg, 30s)
2026-08-10 11:57:49 [iter 24/60] eval vs greedy: 10/80 games (42s, cand 80%)
2026-08-10 11:57:49   [GPU] 150,008 evals (3740 batches, avg 40/batch = 8% of 512, 3542 evals/s, 241 msg/s, 14.7 leaves/msg, 42s)
2026-08-10 11:57:57 [iter 24/60] eval vs greedy: 15/80 games (50s, cand 87%)
2026-08-10 11:58:02   [GPU] 200,012 evals (5016 batches, avg 40/batch = 8% of 512, 3602 evals/s, 247 msg/s, 14.6 leaves/msg, 56s)
2026-08-10 11:58:11 [iter 24/60] eval vs greedy: 20/80 games (65s, cand 85%)
2026-08-10 11:58:15   [GPU] 250,006 evals (6286 batches, avg 40/batch = 8% of 512, 3640 evals/s, 250 msg/s, 14.6 leaves/msg, 69s)
2026-08-10 11:58:28 [iter 24/60] eval vs greedy: 25/80 games (81s, cand 80%)
2026-08-10 11:58:29   [GPU] 300,014 evals (7578 batches, avg 40/batch = 8% of 512, 3659 evals/s, 252 msg/s, 14.5 leaves/msg, 82s)
2026-08-10 11:58:39 [iter 24/60] eval vs greedy: 30/80 games (92s, cand 77%)
2026-08-10 11:58:42   [GPU] 350,041 evals (8841 batches, avg 40/batch = 8% of 512, 3682 evals/s, 254 msg/s, 14.5 leaves/msg, 95s)
2026-08-10 11:58:54   [GPU] 400,027 evals (10076 batches, avg 40/batch = 8% of 512, 3714 evals/s, 256 msg/s, 14.5 leaves/msg, 108s)
2026-08-10 11:58:55 [iter 24/60] eval vs greedy: 35/80 games (109s, cand 77%)
2026-08-10 11:59:08   [GPU] 450,042 evals (11340 batches, avg 40/batch = 8% of 512, 3716 evals/s, 256 msg/s, 14.5 leaves/msg, 121s)
2026-08-10 11:59:11 [iter 24/60] eval vs greedy: 40/80 games (124s, cand 75%)
2026-08-10 11:59:20   [GPU] 500,006 evals (12536 batches, avg 40/batch = 8% of 512, 3753 evals/s, 260 msg/s, 14.5 leaves/msg, 133s)
2026-08-10 11:59:21 [iter 24/60] eval vs greedy: 45/80 games (134s, cand 73%)
2026-08-10 11:59:34   [GPU] 550,041 evals (13837 batches, avg 40/batch = 8% of 512, 3745 evals/s, 259 msg/s, 14.5 leaves/msg, 147s)
2026-08-10 11:59:43 [iter 24/60] eval vs greedy: 50/80 games (156s, cand 74%)
2026-08-10 11:59:46   [GPU] 600,020 evals (15048 batches, avg 40/batch = 8% of 512, 3777 evals/s, 261 msg/s, 14.5 leaves/msg, 159s)
2026-08-10 11:59:51 [iter 24/60] eval vs greedy: 55/80 games (165s, cand 71%)
2026-08-10 11:59:59   [GPU] 650,007 evals (16326 batches, avg 40/batch = 8% of 512, 3776 evals/s, 261 msg/s, 14.5 leaves/msg, 172s)
2026-08-10 12:00:06 [iter 24/60] eval vs greedy: 60/80 games (179s, cand 73%)
2026-08-10 12:00:12   [GPU] 700,006 evals (17590 batches, avg 40/batch = 8% of 512, 3774 evals/s, 261 msg/s, 14.5 leaves/msg, 185s)
2026-08-10 12:00:22 [iter 24/60] eval vs greedy: 65/80 games (195s, cand 72%)
2026-08-10 12:00:25   [GPU] 750,022 evals (18846 batches, avg 40/batch = 8% of 512, 3779 evals/s, 261 msg/s, 14.5 leaves/msg, 198s)
2026-08-10 12:00:33 [iter 24/60] eval vs greedy: 70/80 games (206s, cand 74%)
2026-08-10 12:00:39   [GPU] 800,024 evals (20189 batches, avg 40/batch = 8% of 512, 3764 evals/s, 260 msg/s, 14.5 leaves/msg, 213s)
2026-08-10 12:00:47 [iter 24/60] eval vs greedy: 75/80 games (220s, cand 75%)
2026-08-10 12:01:16 [iter 24/60] eval vs greedy: 80/80 games (249s, cand 74%)
2026-08-10 12:01:16 [iter 24/60] eval vs greedy done: 73.8% of 80 decided [seat0:25/40 seat1:34/40] (249s)
2026-08-10 12:01:16 [iter 24/60] eval vs minimax (depth 2, 40 games)...
2026-08-10 12:01:16 [EVAL-MP] 8 workers spawned (40 vs_minimax games, sims=600), GPU batcher starting...
2026-08-10 12:01:34   [GPU] 50,055 evals (1408 batches, avg 36/batch = 7% of 512, 2814 evals/s, 183 msg/s, 15.4 leaves/msg, 18s)
2026-08-10 12:01:47   [GPU] 100,006 evals (2679 batches, avg 37/batch = 7% of 512, 3189 evals/s, 214 msg/s, 14.9 leaves/msg, 31s)
2026-08-10 12:02:02   [GPU] 150,011 evals (4084 batches, avg 37/batch = 7% of 512, 3289 evals/s, 241 msg/s, 13.6 leaves/msg, 46s)
2026-08-10 12:02:03 [iter 24/60] eval vs minimax: 5/40 games (0%)
2026-08-10 12:02:17   [GPU] 200,036 evals (5497 batches, avg 36/batch = 7% of 512, 3306 evals/s, 247 msg/s, 13.4 leaves/msg, 60s)
2026-08-10 12:02:30 [iter 24/60] eval vs minimax: 10/40 games (0%)
2026-08-10 12:02:31   [GPU] 250,011 evals (6900 batches, avg 36/batch = 7% of 512, 3339 evals/s, 254 msg/s, 13.1 leaves/msg, 75s)
2026-08-10 12:02:45   [GPU] 300,063 evals (8266 batches, avg 36/batch = 7% of 512, 3367 evals/s, 257 msg/s, 13.1 leaves/msg, 89s)
2026-08-10 12:02:52 [iter 24/60] eval vs minimax: 15/40 games (0%)
2026-08-10 12:02:58   [GPU] 350,023 evals (9566 batches, avg 37/batch = 7% of 512, 3428 evals/s, 261 msg/s, 13.1 leaves/msg, 102s)
2026-08-10 12:03:10   [GPU] 400,045 evals (10719 batches, avg 37/batch = 7% of 512, 3523 evals/s, 266 msg/s, 13.3 leaves/msg, 114s)
2026-08-10 12:03:21   [GPU] 450,050 evals (11907 batches, avg 38/batch = 7% of 512, 3590 evals/s, 272 msg/s, 13.2 leaves/msg, 125s)
2026-08-10 12:03:30 [iter 24/60] eval vs minimax: 20/40 games (0%)
2026-08-10 12:03:33   [GPU] 500,003 evals (13088 batches, avg 38/batch = 7% of 512, 3652 evals/s, 276 msg/s, 13.2 leaves/msg, 137s)
2026-08-10 12:03:46   [GPU] 550,011 evals (14316 batches, avg 38/batch = 8% of 512, 3676 evals/s, 276 msg/s, 13.3 leaves/msg, 150s)
2026-08-10 12:03:53 [iter 24/60] eval vs minimax: 25/40 games (0%)
2026-08-10 12:03:59   [GPU] 600,003 evals (15633 batches, avg 38/batch = 7% of 512, 3672 evals/s, 275 msg/s, 13.3 leaves/msg, 163s)
2026-08-10 12:04:14   [GPU] 650,025 evals (16982 batches, avg 38/batch = 7% of 512, 3662 evals/s, 274 msg/s, 13.4 leaves/msg, 177s)
2026-08-10 12:04:24 [iter 24/60] eval vs minimax: 30/40 games (0%)
2026-08-10 12:04:27   [GPU] 700,010 evals (18333 batches, avg 38/batch = 7% of 512, 3659 evals/s, 275 msg/s, 13.3 leaves/msg, 191s)
2026-08-10 12:04:45   [GPU] 750,003 evals (20077 batches, avg 37/batch = 7% of 512, 3583 evals/s, 271 msg/s, 13.2 leaves/msg, 209s)
2026-08-10 12:04:52 [iter 24/60] eval vs minimax: 35/40 games (0%)
2026-08-10 12:05:05   [GPU] 800,016 evals (21877 batches, avg 37/batch = 7% of 512, 3496 evals/s, 265 msg/s, 13.2 leaves/msg, 229s)
2026-08-10 12:05:29   [GPU] 850,015 evals (23917 batches, avg 36/batch = 7% of 512, 3364 evals/s, 253 msg/s, 13.3 leaves/msg, 253s)
2026-08-10 12:06:11   [GPU] 900,008 evals (26585 batches, avg 34/batch = 7% of 512, 3052 evals/s, 229 msg/s, 13.3 leaves/msg, 295s)
2026-08-10 12:06:15 [iter 24/60] eval vs minimax: 40/40 games (0%)
2026-08-10 12:06:16 [iter 24/60] eval vs minimax done: 0.0% of 31 decided [seat0:0/20 seat1:0/20] (300s)
2026-08-10 12:06:16 >>> iter 24 | loss_p=1.176 loss_v=0.082 | vs_best=68.4% ACCEPT | vs_rand=100.0% | draw=15% | buf=100000 | rss=3.24GB | sp=959s train=9s eval_best=1130s eval_rand=102s | total=2752s
2026-08-10 12:06:16 [iter 25/60] self-play starting (160 games, 600 sims, MIXED 80/160 race-only)...
2026-08-10 12:06:16 [PARALLEL-MP] 8 workers spawned (160 games, sims=600), GPU batcher starting...
2026-08-10 12:06:29   [GPU] 50,031 evals (1003 batches, avg 50/batch = 10% of 512, 3752 evals/s, 296 msg/s, 12.7 leaves/msg, 13s)
2026-08-10 12:06:36 [iter 25/60] self-play: 5/160 games...
2026-08-10 12:06:42   [GPU] 100,029 evals (2211 batches, avg 45/batch = 9% of 512, 3804 evals/s, 298 msg/s, 12.8 leaves/msg, 26s)
2026-08-10 12:06:55   [GPU] 150,032 evals (3427 batches, avg 44/batch = 9% of 512, 3831 evals/s, 291 msg/s, 13.2 leaves/msg, 39s)
2026-08-10 12:07:02 [iter 25/60] self-play: 10/160 games...
2026-08-10 12:07:07   [GPU] 200,008 evals (4604 batches, avg 43/batch = 8% of 512, 3906 evals/s, 295 msg/s, 13.3 leaves/msg, 51s)
2026-08-10 12:07:19   [GPU] 250,057 evals (5792 batches, avg 43/batch = 8% of 512, 3978 evals/s, 298 msg/s, 13.4 leaves/msg, 63s)
2026-08-10 12:07:29 [iter 25/60] self-play: 15/160 games...
2026-08-10 12:07:29   [GPU] 300,041 evals (6908 batches, avg 43/batch = 8% of 512, 4075 evals/s, 308 msg/s, 13.2 leaves/msg, 74s)
2026-08-10 12:07:41   [GPU] 350,006 evals (8080 batches, avg 43/batch = 8% of 512, 4111 evals/s, 312 msg/s, 13.2 leaves/msg, 85s)
2026-08-10 12:07:53   [GPU] 400,011 evals (9306 batches, avg 43/batch = 8% of 512, 4125 evals/s, 310 msg/s, 13.3 leaves/msg, 97s)
2026-08-10 12:08:03   [GPU] 450,022 evals (10399 batches, avg 43/batch = 8% of 512, 4182 evals/s, 313 msg/s, 13.3 leaves/msg, 108s)
2026-08-10 12:08:12   [GPU] 500,056 evals (11316 batches, avg 44/batch = 9% of 512, 4297 evals/s, 321 msg/s, 13.4 leaves/msg, 116s)
2026-08-10 12:08:18 [iter 25/60] self-play: 20/160 games...
2026-08-10 12:08:22   [GPU] 550,042 evals (12319 batches, avg 45/batch = 9% of 512, 4371 evals/s, 327 msg/s, 13.4 leaves/msg, 126s)
2026-08-10 12:08:31   [GPU] 600,026 evals (13339 batches, avg 45/batch = 9% of 512, 4430 evals/s, 332 msg/s, 13.3 leaves/msg, 135s)
2026-08-10 12:08:42   [GPU] 650,040 evals (14505 batches, avg 45/batch = 9% of 512, 4443 evals/s, 335 msg/s, 13.3 leaves/msg, 146s)
2026-08-10 12:08:53   [GPU] 700,009 evals (15638 batches, avg 45/batch = 9% of 512, 4454 evals/s, 335 msg/s, 13.3 leaves/msg, 157s)
2026-08-10 12:08:59 [iter 25/60] self-play: 25/160 games...
2026-08-10 12:09:03   [GPU] 750,020 evals (16668 batches, avg 45/batch = 9% of 512, 4487 evals/s, 336 msg/s, 13.3 leaves/msg, 167s)
2026-08-10 12:09:13   [GPU] 800,036 evals (17693 batches, avg 45/batch = 9% of 512, 4522 evals/s, 340 msg/s, 13.3 leaves/msg, 177s)
2026-08-10 12:09:19 [iter 25/60] self-play: 30/160 games...
2026-08-10 12:09:24   [GPU] 850,022 evals (18821 batches, avg 45/batch = 9% of 512, 4529 evals/s, 343 msg/s, 13.2 leaves/msg, 188s)
2026-08-10 12:09:34   [GPU] 900,007 evals (19867 batches, avg 45/batch = 9% of 512, 4549 evals/s, 344 msg/s, 13.2 leaves/msg, 198s)
2026-08-10 12:09:44   [GPU] 950,037 evals (20961 batches, avg 45/batch = 9% of 512, 4555 evals/s, 345 msg/s, 13.2 leaves/msg, 209s)
2026-08-10 12:09:45 [iter 25/60] self-play: 35/160 games...
2026-08-10 12:09:57   [GPU] 1,000,056 evals (22165 batches, avg 45/batch = 9% of 512, 4528 evals/s, 342 msg/s, 13.2 leaves/msg, 221s)
2026-08-10 12:10:09   [GPU] 1,050,006 evals (23376 batches, avg 45/batch = 9% of 512, 4498 evals/s, 340 msg/s, 13.2 leaves/msg, 233s)
2026-08-10 12:10:13 [iter 25/60] self-play: 40/160 games...
2026-08-10 12:10:21   [GPU] 1,100,008 evals (24518 batches, avg 45/batch = 9% of 512, 4495 evals/s, 339 msg/s, 13.3 leaves/msg, 245s)
2026-08-10 12:10:32   [GPU] 1,150,027 evals (25690 batches, avg 45/batch = 9% of 512, 4492 evals/s, 338 msg/s, 13.3 leaves/msg, 256s)
2026-08-10 12:10:43   [GPU] 1,200,001 evals (26807 batches, avg 45/batch = 9% of 512, 4495 evals/s, 340 msg/s, 13.2 leaves/msg, 267s)
2026-08-10 12:10:43 [iter 25/60] self-play: 45/160 games...
2026-08-10 12:10:55   [GPU] 1,250,016 evals (28059 batches, avg 45/batch = 9% of 512, 4470 evals/s, 339 msg/s, 13.2 leaves/msg, 280s)
2026-08-10 12:11:07   [GPU] 1,300,016 evals (29276 batches, avg 44/batch = 9% of 512, 4461 evals/s, 339 msg/s, 13.1 leaves/msg, 291s)
2026-08-10 12:11:17   [GPU] 1,350,027 evals (30320 batches, avg 45/batch = 9% of 512, 4478 evals/s, 341 msg/s, 13.1 leaves/msg, 301s)
2026-08-10 12:11:27   [GPU] 1,400,049 evals (31288 batches, avg 45/batch = 9% of 512, 4503 evals/s, 344 msg/s, 13.1 leaves/msg, 311s)
2026-08-10 12:11:28 [iter 25/60] self-play: 50/160 games...
2026-08-10 12:11:36   [GPU] 1,450,023 evals (32301 batches, avg 45/batch = 9% of 512, 4523 evals/s, 346 msg/s, 13.1 leaves/msg, 321s)
2026-08-10 12:11:47   [GPU] 1,500,042 evals (33401 batches, avg 45/batch = 9% of 512, 4529 evals/s, 347 msg/s, 13.0 leaves/msg, 331s)
2026-08-10 12:11:52 [iter 25/60] self-play: 55/160 games...
2026-08-10 12:11:58   [GPU] 1,550,036 evals (34454 batches, avg 45/batch = 9% of 512, 4535 evals/s, 348 msg/s, 13.0 leaves/msg, 342s)
2026-08-10 12:12:09   [GPU] 1,600,011 evals (35639 batches, avg 45/batch = 9% of 512, 4529 evals/s, 348 msg/s, 13.0 leaves/msg, 353s)
2026-08-10 12:12:19   [GPU] 1,650,056 evals (36705 batches, avg 45/batch = 9% of 512, 4542 evals/s, 349 msg/s, 13.0 leaves/msg, 363s)
2026-08-10 12:12:23 [iter 25/60] self-play: 60/160 games...
2026-08-10 12:12:30   [GPU] 1,700,010 evals (37816 batches, avg 45/batch = 9% of 512, 4546 evals/s, 350 msg/s, 13.0 leaves/msg, 374s)
2026-08-10 12:12:34 [iter 25/60] self-play: 65/160 games...
2026-08-10 12:12:41   [GPU] 1,750,049 evals (38961 batches, avg 45/batch = 9% of 512, 4544 evals/s, 350 msg/s, 13.0 leaves/msg, 385s)
2026-08-10 12:12:51   [GPU] 1,800,033 evals (40054 batches, avg 45/batch = 9% of 512, 4553 evals/s, 351 msg/s, 13.0 leaves/msg, 395s)
2026-08-10 12:13:00   [GPU] 1,850,039 evals (41016 batches, avg 45/batch = 9% of 512, 4573 evals/s, 352 msg/s, 13.0 leaves/msg, 405s)
2026-08-10 12:13:03 [iter 25/60] self-play: 70/160 games...
2026-08-10 12:13:10   [GPU] 1,900,007 evals (42038 batches, avg 45/batch = 9% of 512, 4586 evals/s, 353 msg/s, 13.0 leaves/msg, 414s)
2026-08-10 12:13:20   [GPU] 1,950,092 evals (43043 batches, avg 45/batch = 9% of 512, 4601 evals/s, 355 msg/s, 13.0 leaves/msg, 424s)
2026-08-10 12:13:27 [iter 25/60] self-play: 75/160 games...
2026-08-10 12:13:30   [GPU] 2,000,041 evals (44075 batches, avg 45/batch = 9% of 512, 4611 evals/s, 356 msg/s, 13.0 leaves/msg, 434s)
2026-08-10 12:13:39   [GPU] 2,050,023 evals (45079 batches, avg 45/batch = 9% of 512, 4626 evals/s, 357 msg/s, 13.0 leaves/msg, 443s)
2026-08-10 12:13:48   [GPU] 2,100,028 evals (46072 batches, avg 46/batch = 9% of 512, 4641 evals/s, 358 msg/s, 13.0 leaves/msg, 452s)
2026-08-10 12:13:54 [iter 25/60] self-play: 80/160 games...
2026-08-10 12:13:59   [GPU] 2,150,040 evals (47170 batches, avg 46/batch = 9% of 512, 4645 evals/s, 359 msg/s, 12.9 leaves/msg, 463s)
2026-08-10 12:14:09   [GPU] 2,200,035 evals (48294 batches, avg 46/batch = 9% of 512, 4646 evals/s, 359 msg/s, 12.9 leaves/msg, 474s)
2026-08-10 12:14:20   [GPU] 2,250,017 evals (49412 batches, avg 46/batch = 9% of 512, 4648 evals/s, 359 msg/s, 12.9 leaves/msg, 484s)
2026-08-10 12:14:28 [iter 25/60] self-play: 85/160 games...
2026-08-10 12:14:31   [GPU] 2,300,016 evals (50539 batches, avg 46/batch = 9% of 512, 4645 evals/s, 359 msg/s, 12.9 leaves/msg, 495s)
2026-08-10 12:14:42   [GPU] 2,350,042 evals (51692 batches, avg 45/batch = 9% of 512, 4642 evals/s, 359 msg/s, 12.9 leaves/msg, 506s)
2026-08-10 12:14:52   [GPU] 2,400,034 evals (52765 batches, avg 45/batch = 9% of 512, 4649 evals/s, 360 msg/s, 12.9 leaves/msg, 516s)
2026-08-10 12:15:02   [GPU] 2,450,008 evals (53874 batches, avg 45/batch = 9% of 512, 4654 evals/s, 360 msg/s, 12.9 leaves/msg, 526s)
2026-08-10 12:15:11 [iter 25/60] self-play: 90/160 games...
2026-08-10 12:15:12   [GPU] 2,500,027 evals (54926 batches, avg 46/batch = 9% of 512, 4662 evals/s, 362 msg/s, 12.9 leaves/msg, 536s)
2026-08-10 12:15:22   [GPU] 2,550,004 evals (56012 batches, avg 46/batch = 9% of 512, 4665 evals/s, 362 msg/s, 12.9 leaves/msg, 547s)
2026-08-10 12:15:25 [iter 25/60] self-play: 95/160 games...
2026-08-10 12:15:34   [GPU] 2,600,034 evals (57174 batches, avg 45/batch = 9% of 512, 4656 evals/s, 361 msg/s, 12.9 leaves/msg, 558s)
2026-08-10 12:15:46   [GPU] 2,650,007 evals (58341 batches, avg 45/batch = 9% of 512, 4647 evals/s, 360 msg/s, 12.9 leaves/msg, 570s)
2026-08-10 12:15:48 [iter 25/60] self-play: 100/160 games...
2026-08-10 12:15:58   [GPU] 2,700,006 evals (59553 batches, avg 45/batch = 9% of 512, 4637 evals/s, 359 msg/s, 12.9 leaves/msg, 582s)
2026-08-10 12:16:10   [GPU] 2,750,000 evals (60727 batches, avg 45/batch = 9% of 512, 4632 evals/s, 359 msg/s, 12.9 leaves/msg, 594s)
2026-08-10 12:16:22   [GPU] 2,800,019 evals (61952 batches, avg 45/batch = 9% of 512, 4622 evals/s, 359 msg/s, 12.9 leaves/msg, 606s)
2026-08-10 12:16:29 [iter 25/60] self-play: 105/160 games...
2026-08-10 12:16:33   [GPU] 2,850,045 evals (63090 batches, avg 45/batch = 9% of 512, 4619 evals/s, 359 msg/s, 12.9 leaves/msg, 617s)
2026-08-10 12:16:44   [GPU] 2,900,004 evals (64134 batches, avg 45/batch = 9% of 512, 4620 evals/s, 360 msg/s, 12.8 leaves/msg, 628s)
2026-08-10 12:16:53 [iter 25/60] self-play: 110/160 games...
2026-08-10 12:16:54   [GPU] 2,950,021 evals (65181 batches, avg 45/batch = 9% of 512, 4622 evals/s, 360 msg/s, 12.9 leaves/msg, 638s)
2026-08-10 12:17:04   [GPU] 3,000,019 evals (66155 batches, avg 45/batch = 9% of 512, 4631 evals/s, 360 msg/s, 12.9 leaves/msg, 648s)
2026-08-10 12:17:13   [GPU] 3,050,012 evals (67128 batches, avg 45/batch = 9% of 512, 4640 evals/s, 360 msg/s, 12.9 leaves/msg, 657s)
2026-08-10 12:17:23   [GPU] 3,100,006 evals (68106 batches, avg 46/batch = 9% of 512, 4649 evals/s, 360 msg/s, 12.9 leaves/msg, 667s)
2026-08-10 12:17:30 [iter 25/60] self-play: 115/160 games...
2026-08-10 12:17:33   [GPU] 3,150,006 evals (69167 batches, avg 46/batch = 9% of 512, 4652 evals/s, 361 msg/s, 12.9 leaves/msg, 677s)
2026-08-10 12:17:45   [GPU] 3,200,007 evals (70356 batches, avg 45/batch = 9% of 512, 4646 evals/s, 360 msg/s, 12.9 leaves/msg, 689s)
2026-08-10 12:17:56   [GPU] 3,250,037 evals (71500 batches, avg 45/batch = 9% of 512, 4645 evals/s, 359 msg/s, 12.9 leaves/msg, 700s)
2026-08-10 12:18:06   [GPU] 3,300,046 evals (72574 batches, avg 45/batch = 9% of 512, 4647 evals/s, 359 msg/s, 12.9 leaves/msg, 710s)
2026-08-10 12:18:06 [iter 25/60] self-play: 120/160 games...
2026-08-10 12:18:17   [GPU] 3,350,014 evals (73689 batches, avg 45/batch = 9% of 512, 4646 evals/s, 359 msg/s, 12.9 leaves/msg, 721s)
2026-08-10 12:18:27   [GPU] 3,400,076 evals (74736 batches, avg 45/batch = 9% of 512, 4650 evals/s, 359 msg/s, 12.9 leaves/msg, 731s)
2026-08-10 12:18:38   [GPU] 3,450,034 evals (75803 batches, avg 46/batch = 9% of 512, 4649 evals/s, 359 msg/s, 12.9 leaves/msg, 742s)
2026-08-10 12:18:39 [iter 25/60] self-play: 125/160 games...
2026-08-10 12:18:49   [GPU] 3,500,051 evals (76867 batches, avg 46/batch = 9% of 512, 4650 evals/s, 359 msg/s, 12.9 leaves/msg, 753s)
2026-08-10 12:18:59   [GPU] 3,550,039 evals (77967 batches, avg 46/batch = 9% of 512, 4650 evals/s, 359 msg/s, 12.9 leaves/msg, 763s)
2026-08-10 12:19:04 [iter 25/60] self-play: 130/160 games...
2026-08-10 12:19:09   [GPU] 3,600,077 evals (79011 batches, avg 46/batch = 9% of 512, 4655 evals/s, 360 msg/s, 12.9 leaves/msg, 773s)
2026-08-10 12:19:20   [GPU] 3,650,018 evals (80098 batches, avg 46/batch = 9% of 512, 4656 evals/s, 360 msg/s, 12.9 leaves/msg, 784s)
2026-08-10 12:19:30   [GPU] 3,700,027 evals (81147 batches, avg 46/batch = 9% of 512, 4660 evals/s, 361 msg/s, 12.9 leaves/msg, 794s)
2026-08-10 12:19:33 [iter 25/60] self-play: 135/160 games...
2026-08-10 12:19:39   [GPU] 3,750,056 evals (82141 batches, avg 46/batch = 9% of 512, 4667 evals/s, 361 msg/s, 12.9 leaves/msg, 804s)
2026-08-10 12:19:49   [GPU] 3,800,033 evals (83149 batches, avg 46/batch = 9% of 512, 4671 evals/s, 361 msg/s, 12.9 leaves/msg, 813s)
2026-08-10 12:19:54 [iter 25/60] self-play: 140/160 games...
2026-08-10 12:20:01   [GPU] 3,850,019 evals (84291 batches, avg 46/batch = 9% of 512, 4667 evals/s, 361 msg/s, 12.9 leaves/msg, 825s)
2026-08-10 12:20:13   [GPU] 3,900,004 evals (85502 batches, avg 46/batch = 9% of 512, 4660 evals/s, 361 msg/s, 12.9 leaves/msg, 837s)
2026-08-10 12:20:18 [iter 25/60] self-play: 145/160 games...
2026-08-10 12:20:24   [GPU] 3,950,047 evals (86671 batches, avg 46/batch = 9% of 512, 4657 evals/s, 361 msg/s, 12.9 leaves/msg, 848s)
2026-08-10 12:20:35   [GPU] 4,000,049 evals (87806 batches, avg 46/batch = 9% of 512, 4656 evals/s, 361 msg/s, 12.9 leaves/msg, 859s)
2026-08-10 12:20:45   [GPU] 4,050,060 evals (88887 batches, avg 46/batch = 9% of 512, 4659 evals/s, 362 msg/s, 12.9 leaves/msg, 869s)
2026-08-10 12:20:56   [GPU] 4,100,023 evals (89998 batches, avg 46/batch = 9% of 512, 4660 evals/s, 362 msg/s, 12.9 leaves/msg, 880s)
2026-08-10 12:21:05 [iter 25/60] self-play: 150/160 games...
2026-08-10 12:21:07   [GPU] 4,150,051 evals (91190 batches, avg 46/batch = 9% of 512, 4657 evals/s, 361 msg/s, 12.9 leaves/msg, 891s)
2026-08-10 12:21:18   [GPU] 4,200,013 evals (92330 batches, avg 45/batch = 9% of 512, 4655 evals/s, 361 msg/s, 12.9 leaves/msg, 902s)
2026-08-10 12:21:28   [GPU] 4,250,003 evals (93373 batches, avg 46/batch = 9% of 512, 4659 evals/s, 362 msg/s, 12.9 leaves/msg, 912s)
2026-08-10 12:21:31 [iter 25/60] self-play: 155/160 games...
2026-08-10 12:21:44   [GPU] 4,300,000 evals (94948 batches, avg 45/batch = 9% of 512, 4632 evals/s, 359 msg/s, 12.9 leaves/msg, 928s)
2026-08-10 12:22:09   [GPU] 4,350,002 evals (97080 batches, avg 45/batch = 9% of 512, 4564 evals/s, 354 msg/s, 12.9 leaves/msg, 953s)
2026-08-10 12:22:34   [GPU] 4,400,032 evals (99209 batches, avg 44/batch = 9% of 512, 4497 evals/s, 349 msg/s, 12.9 leaves/msg, 978s)
2026-08-10 12:23:34   [GPU] 4,450,001 evals (101666 batches, avg 44/batch = 9% of 512, 4288 evals/s, 332 msg/s, 12.9 leaves/msg, 1038s)
2026-08-10 12:24:16 [iter 25/60] self-play: 160/160 games...
2026-08-10 12:24:16 [iter 25/60] self-play done: 160 games (1081s) | wins: P0=29, P1=105, draw=26 | draw_rate=16% avg_len~25
2026-08-10 12:24:16 [iter 25/60] search: expanded=8.2 actions/node visits/action=72.9 walls/game=8.03 first_wall_ply=1.45 learner_sims/s=4572.78
2026-08-10 12:24:16 [iter 25/60] training (600 steps, lr=6.89e-04)...
2026-08-10 12:24:26 [iter 25/60] training done: loss_p=1.187 loss_v=0.081 (9s)
2026-08-10 12:24:27 [iter 25/60] data: policy_wall_mass=0.188 walled_states=60% walls_on_board=16.4 value_mae walled=0.150 free=0.067
2026-08-10 12:24:28 [iter 25/60] eval skipped (eval_every=4)
2026-08-10 12:24:28 >>> iter 25 | loss_p=1.187 loss_v=0.081 | vs_best=n/a (not evaluated) | vs_rand=n/a | draw=16% | buf=100000 | rss=3.26GB | sp=1081s train=9s eval_best=0s eval_rand=0s | total=1092s
2026-08-10 12:24:28 [iter 26/60] self-play starting (160 games, 600 sims, MIXED 80/160 race-only)...
2026-08-10 12:24:28 [PARALLEL-MP] 8 workers spawned (160 games, sims=600), GPU batcher starting...
2026-08-10 12:24:41   [GPU] 50,025 evals (1036 batches, avg 48/batch = 9% of 512, 3853 evals/s, 303 msg/s, 12.7 leaves/msg, 13s)
2026-08-10 12:24:45 [iter 26/60] self-play: 5/160 games...
2026-08-10 12:24:54   [GPU] 100,017 evals (2335 batches, avg 43/batch = 8% of 512, 3765 evals/s, 295 msg/s, 12.8 leaves/msg, 27s)
2026-08-10 12:25:07   [GPU] 150,067 evals (3587 batches, avg 42/batch = 8% of 512, 3794 evals/s, 292 msg/s, 13.0 leaves/msg, 40s)
2026-08-10 12:25:16 [iter 26/60] self-play: 10/160 games...
2026-08-10 12:25:18   [GPU] 200,016 evals (4706 batches, avg 43/batch = 8% of 512, 3980 evals/s, 307 msg/s, 13.0 leaves/msg, 50s)
2026-08-10 12:25:28   [GPU] 250,001 evals (5825 batches, avg 43/batch = 8% of 512, 4111 evals/s, 319 msg/s, 12.9 leaves/msg, 61s)
2026-08-10 12:25:38   [GPU] 300,013 evals (6858 batches, avg 44/batch = 9% of 512, 4250 evals/s, 330 msg/s, 12.9 leaves/msg, 71s)
2026-08-10 12:25:47   [GPU] 350,032 evals (7817 batches, avg 45/batch = 9% of 512, 4388 evals/s, 338 msg/s, 13.0 leaves/msg, 80s)
2026-08-10 12:25:51 [iter 26/60] self-play: 15/160 games...
2026-08-10 12:25:57   [GPU] 400,037 evals (8781 batches, avg 46/batch = 9% of 512, 4478 evals/s, 346 msg/s, 12.9 leaves/msg, 89s)
2026-08-10 12:26:06   [GPU] 450,002 evals (9705 batches, avg 46/batch = 9% of 512, 4568 evals/s, 353 msg/s, 13.0 leaves/msg, 99s)
2026-08-10 12:26:16   [GPU] 500,002 evals (10645 batches, avg 47/batch = 9% of 512, 4628 evals/s, 357 msg/s, 13.0 leaves/msg, 108s)
2026-08-10 12:26:26   [GPU] 550,002 evals (11682 batches, avg 47/batch = 9% of 512, 4655 evals/s, 358 msg/s, 13.0 leaves/msg, 118s)
2026-08-10 12:26:36   [GPU] 600,068 evals (12747 batches, avg 47/batch = 9% of 512, 4670 evals/s, 359 msg/s, 13.0 leaves/msg, 128s)
2026-08-10 12:26:37 [iter 26/60] self-play: 20/160 games...
2026-08-10 12:26:48   [GPU] 650,012 evals (13918 batches, avg 47/batch = 9% of 512, 4639 evals/s, 358 msg/s, 13.0 leaves/msg, 140s)
2026-08-10 12:26:59 [iter 26/60] self-play: 25/160 games...
2026-08-10 12:27:00   [GPU] 700,025 evals (15163 batches, avg 46/batch = 9% of 512, 4583 evals/s, 354 msg/s, 13.0 leaves/msg, 153s)
2026-08-10 12:27:13   [GPU] 750,006 evals (16404 batches, avg 46/batch = 9% of 512, 4535 evals/s, 351 msg/s, 12.9 leaves/msg, 165s)
2026-08-10 12:27:24   [GPU] 800,067 evals (17539 batches, avg 46/batch = 9% of 512, 4533 evals/s, 351 msg/s, 12.9 leaves/msg, 177s)
2026-08-10 12:27:35   [GPU] 850,046 evals (18624 batches, avg 46/batch = 9% of 512, 4541 evals/s, 351 msg/s, 12.9 leaves/msg, 187s)
2026-08-10 12:27:37 [iter 26/60] self-play: 30/160 games...
2026-08-10 12:27:45   [GPU] 900,018 evals (19690 batches, avg 46/batch = 9% of 512, 4557 evals/s, 350 msg/s, 13.0 leaves/msg, 198s)
2026-08-10 12:27:55   [GPU] 950,007 evals (20670 batches, avg 46/batch = 9% of 512, 4587 evals/s, 352 msg/s, 13.0 leaves/msg, 207s)
2026-08-10 12:28:04   [GPU] 1,000,008 evals (21644 batches, avg 46/batch = 9% of 512, 4623 evals/s, 354 msg/s, 13.1 leaves/msg, 216s)
2026-08-10 12:28:13   [GPU] 1,050,035 evals (22659 batches, avg 46/batch = 9% of 512, 4653 evals/s, 357 msg/s, 13.0 leaves/msg, 226s)
2026-08-10 12:28:23   [GPU] 1,100,014 evals (23675 batches, avg 46/batch = 9% of 512, 4680 evals/s, 359 msg/s, 13.0 leaves/msg, 235s)
2026-08-10 12:28:27 [iter 26/60] self-play: 35/160 games...
2026-08-10 12:28:32   [GPU] 1,150,026 evals (24704 batches, avg 47/batch = 9% of 512, 4702 evals/s, 361 msg/s, 13.0 leaves/msg, 245s)
2026-08-10 12:28:42   [GPU] 1,200,016 evals (25771 batches, avg 47/batch = 9% of 512, 4710 evals/s, 363 msg/s, 13.0 leaves/msg, 255s)
2026-08-10 12:28:52 [iter 26/60] self-play: 40/160 games...
2026-08-10 12:28:52   [GPU] 1,250,000 evals (26801 batches, avg 47/batch = 9% of 512, 4723 evals/s, 364 msg/s, 13.0 leaves/msg, 265s)
2026-08-10 12:29:03   [GPU] 1,300,046 evals (27851 batches, avg 47/batch = 9% of 512, 4726 evals/s, 364 msg/s, 13.0 leaves/msg, 275s)
2026-08-10 12:29:14   [GPU] 1,350,015 evals (28967 batches, avg 47/batch = 9% of 512, 4719 evals/s, 365 msg/s, 12.9 leaves/msg, 286s)
2026-08-10 12:29:16 [iter 26/60] self-play: 45/160 games...
2026-08-10 12:29:24   [GPU] 1,400,016 evals (29996 batches, avg 47/batch = 9% of 512, 4726 evals/s, 367 msg/s, 12.9 leaves/msg, 296s)
2026-08-10 12:29:29 [iter 26/60] self-play: 50/160 games...
2026-08-10 12:29:34   [GPU] 1,450,006 evals (31048 batches, avg 47/batch = 9% of 512, 4728 evals/s, 367 msg/s, 12.9 leaves/msg, 307s)
2026-08-10 12:29:46   [GPU] 1,500,012 evals (32204 batches, avg 47/batch = 9% of 512, 4718 evals/s, 367 msg/s, 12.9 leaves/msg, 318s)
2026-08-10 12:29:57   [GPU] 1,550,026 evals (33374 batches, avg 46/batch = 9% of 512, 4703 evals/s, 366 msg/s, 12.8 leaves/msg, 330s)
2026-08-10 12:29:58 [iter 26/60] self-play: 55/160 games...
2026-08-10 12:30:08   [GPU] 1,600,068 evals (34548 batches, avg 46/batch = 9% of 512, 4696 evals/s, 366 msg/s, 12.8 leaves/msg, 341s)
2026-08-10 12:30:20   [GPU] 1,650,011 evals (35769 batches, avg 46/batch = 9% of 512, 4676 evals/s, 364 msg/s, 12.9 leaves/msg, 353s)
2026-08-10 12:30:30   [GPU] 1,700,026 evals (36780 batches, avg 46/batch = 9% of 512, 4689 evals/s, 364 msg/s, 12.9 leaves/msg, 363s)
2026-08-10 12:30:39   [GPU] 1,750,009 evals (37672 batches, avg 46/batch = 9% of 512, 4716 evals/s, 365 msg/s, 12.9 leaves/msg, 371s)
2026-08-10 12:30:47 [iter 26/60] self-play: 60/160 games...
2026-08-10 12:30:48   [GPU] 1,800,025 evals (38641 batches, avg 47/batch = 9% of 512, 4733 evals/s, 367 msg/s, 12.9 leaves/msg, 380s)
2026-08-10 12:30:57   [GPU] 1,850,063 evals (39631 batches, avg 47/batch = 9% of 512, 4748 evals/s, 368 msg/s, 12.9 leaves/msg, 390s)
2026-08-10 12:31:08   [GPU] 1,900,010 evals (40728 batches, avg 47/batch = 9% of 512, 4747 evals/s, 369 msg/s, 12.9 leaves/msg, 400s)
2026-08-10 12:31:10 [iter 26/60] self-play: 65/160 games...
2026-08-10 12:31:19   [GPU] 1,950,037 evals (41888 batches, avg 47/batch = 9% of 512, 4737 evals/s, 368 msg/s, 12.9 leaves/msg, 412s)
2026-08-10 12:31:30   [GPU] 2,000,001 evals (43031 batches, avg 46/batch = 9% of 512, 4731 evals/s, 367 msg/s, 12.9 leaves/msg, 423s)
2026-08-10 12:31:36 [iter 26/60] self-play: 70/160 games...
2026-08-10 12:31:41   [GPU] 2,050,017 evals (44135 batches, avg 46/batch = 9% of 512, 4730 evals/s, 367 msg/s, 12.9 leaves/msg, 433s)
2026-08-10 12:31:52   [GPU] 2,100,044 evals (45241 batches, avg 46/batch = 9% of 512, 4729 evals/s, 367 msg/s, 12.9 leaves/msg, 444s)
2026-08-10 12:31:54 [iter 26/60] self-play: 75/160 games...
2026-08-10 12:32:02   [GPU] 2,150,043 evals (46300 batches, avg 46/batch = 9% of 512, 4733 evals/s, 368 msg/s, 12.9 leaves/msg, 454s)
2026-08-10 12:32:11   [GPU] 2,200,050 evals (47255 batches, avg 47/batch = 9% of 512, 4745 evals/s, 368 msg/s, 12.9 leaves/msg, 464s)
2026-08-10 12:32:20 [iter 26/60] self-play: 80/160 games...
2026-08-10 12:32:21   [GPU] 2,250,003 evals (48225 batches, avg 47/batch = 9% of 512, 4755 evals/s, 369 msg/s, 12.9 leaves/msg, 473s)
2026-08-10 12:32:30   [GPU] 2,300,031 evals (49125 batches, avg 47/batch = 9% of 512, 4771 evals/s, 370 msg/s, 12.9 leaves/msg, 482s)
2026-08-10 12:32:40   [GPU] 2,350,011 evals (50171 batches, avg 47/batch = 9% of 512, 4776 evals/s, 371 msg/s, 12.9 leaves/msg, 492s)
2026-08-10 12:32:49   [GPU] 2,400,013 evals (51185 batches, avg 47/batch = 9% of 512, 4786 evals/s, 371 msg/s, 12.9 leaves/msg, 501s)
2026-08-10 12:32:54 [iter 26/60] self-play: 85/160 games...
2026-08-10 12:32:58   [GPU] 2,450,049 evals (52121 batches, avg 47/batch = 9% of 512, 4801 evals/s, 372 msg/s, 12.9 leaves/msg, 510s)
2026-08-10 12:33:08   [GPU] 2,500,029 evals (53127 batches, avg 47/batch = 9% of 512, 4808 evals/s, 373 msg/s, 12.9 leaves/msg, 520s)
2026-08-10 12:33:17 [iter 26/60] self-play: 90/160 games...
2026-08-10 12:33:18   [GPU] 2,550,005 evals (54249 batches, avg 47/batch = 9% of 512, 4807 evals/s, 374 msg/s, 12.8 leaves/msg, 531s)
2026-08-10 12:33:29 [iter 26/60] self-play: 95/160 games...
2026-08-10 12:33:29   [GPU] 2,600,020 evals (55350 batches, avg 47/batch = 9% of 512, 4802 evals/s, 374 msg/s, 12.8 leaves/msg, 541s)
2026-08-10 12:33:40   [GPU] 2,650,062 evals (56462 batches, avg 47/batch = 9% of 512, 4796 evals/s, 373 msg/s, 12.9 leaves/msg, 553s)
2026-08-10 12:33:52   [GPU] 2,700,011 evals (57636 batches, avg 47/batch = 9% of 512, 4785 evals/s, 372 msg/s, 12.9 leaves/msg, 564s)
2026-08-10 12:34:00 [iter 26/60] self-play: 100/160 games...
2026-08-10 12:34:02   [GPU] 2,750,061 evals (58732 batches, avg 47/batch = 9% of 512, 4785 evals/s, 372 msg/s, 12.9 leaves/msg, 575s)
2026-08-10 12:34:12   [GPU] 2,800,007 evals (59734 batches, avg 47/batch = 9% of 512, 4794 evals/s, 373 msg/s, 12.8 leaves/msg, 584s)
2026-08-10 12:34:19 [iter 26/60] self-play: 105/160 games...
2026-08-10 12:34:22   [GPU] 2,850,018 evals (60795 batches, avg 47/batch = 9% of 512, 4798 evals/s, 375 msg/s, 12.8 leaves/msg, 594s)
2026-08-10 12:34:32   [GPU] 2,900,013 evals (61902 batches, avg 47/batch = 9% of 512, 4797 evals/s, 375 msg/s, 12.8 leaves/msg, 605s)
2026-08-10 12:34:39 [iter 26/60] self-play: 110/160 games...
2026-08-10 12:34:43   [GPU] 2,950,012 evals (63049 batches, avg 47/batch = 9% of 512, 4791 evals/s, 374 msg/s, 12.8 leaves/msg, 616s)
2026-08-10 12:34:54   [GPU] 3,000,045 evals (64113 batches, avg 47/batch = 9% of 512, 4792 evals/s, 374 msg/s, 12.8 leaves/msg, 626s)
2026-08-10 12:35:05   [GPU] 3,050,032 evals (65276 batches, avg 47/batch = 9% of 512, 4787 evals/s, 374 msg/s, 12.8 leaves/msg, 637s)
2026-08-10 12:35:14 [iter 26/60] self-play: 115/160 games...
2026-08-10 12:35:15   [GPU] 3,100,002 evals (66365 batches, avg 47/batch = 9% of 512, 4786 evals/s, 374 msg/s, 12.8 leaves/msg, 648s)
2026-08-10 12:35:25   [GPU] 3,150,030 evals (67398 batches, avg 47/batch = 9% of 512, 4790 evals/s, 374 msg/s, 12.8 leaves/msg, 658s)
2026-08-10 12:35:35   [GPU] 3,200,008 evals (68386 batches, avg 47/batch = 9% of 512, 4797 evals/s, 375 msg/s, 12.8 leaves/msg, 667s)
2026-08-10 12:35:44   [GPU] 3,250,021 evals (69388 batches, avg 47/batch = 9% of 512, 4807 evals/s, 376 msg/s, 12.8 leaves/msg, 676s)
2026-08-10 12:35:53   [GPU] 3,300,051 evals (70385 batches, avg 47/batch = 9% of 512, 4816 evals/s, 377 msg/s, 12.8 leaves/msg, 685s)
2026-08-10 12:36:02   [GPU] 3,350,008 evals (71317 batches, avg 47/batch = 9% of 512, 4825 evals/s, 378 msg/s, 12.8 leaves/msg, 694s)
2026-08-10 12:36:05 [iter 26/60] self-play: 120/160 games...
2026-08-10 12:36:12   [GPU] 3,400,043 evals (72375 batches, avg 47/batch = 9% of 512, 4827 evals/s, 379 msg/s, 12.7 leaves/msg, 704s)
2026-08-10 12:36:23   [GPU] 3,450,005 evals (73485 batches, avg 47/batch = 9% of 512, 4825 evals/s, 379 msg/s, 12.7 leaves/msg, 715s)
2026-08-10 12:36:28 [iter 26/60] self-play: 125/160 games...
2026-08-10 12:36:33   [GPU] 3,500,034 evals (74527 batches, avg 47/batch = 9% of 512, 4828 evals/s, 379 msg/s, 12.7 leaves/msg, 725s)
2026-08-10 12:36:42   [GPU] 3,550,027 evals (75535 batches, avg 47/batch = 9% of 512, 4831 evals/s, 379 msg/s, 12.7 leaves/msg, 735s)
2026-08-10 12:36:53   [GPU] 3,600,005 evals (76624 batches, avg 47/batch = 9% of 512, 4830 evals/s, 379 msg/s, 12.7 leaves/msg, 745s)
2026-08-10 12:36:55 [iter 26/60] self-play: 130/160 games...
2026-08-10 12:37:04   [GPU] 3,650,055 evals (77698 batches, avg 47/batch = 9% of 512, 4828 evals/s, 379 msg/s, 12.7 leaves/msg, 756s)
2026-08-10 12:37:14   [GPU] 3,700,029 evals (78795 batches, avg 47/batch = 9% of 512, 4828 evals/s, 379 msg/s, 12.7 leaves/msg, 766s)
2026-08-10 12:37:23   [GPU] 3,750,056 evals (79761 batches, avg 47/batch = 9% of 512, 4836 evals/s, 380 msg/s, 12.7 leaves/msg, 775s)
2026-08-10 12:37:32   [GPU] 3,800,042 evals (80662 batches, avg 47/batch = 9% of 512, 4847 evals/s, 380 msg/s, 12.7 leaves/msg, 784s)
2026-08-10 12:37:37 [iter 26/60] self-play: 135/160 games...
2026-08-10 12:37:41   [GPU] 3,850,028 evals (81559 batches, avg 47/batch = 9% of 512, 4855 evals/s, 381 msg/s, 12.7 leaves/msg, 793s)
2026-08-10 12:37:49   [GPU] 3,900,076 evals (82386 batches, avg 47/batch = 9% of 512, 4867 evals/s, 382 msg/s, 12.8 leaves/msg, 801s)
2026-08-10 12:37:58   [GPU] 3,950,009 evals (83330 batches, avg 47/batch = 9% of 512, 4872 evals/s, 382 msg/s, 12.8 leaves/msg, 811s)
2026-08-10 12:38:08   [GPU] 4,000,027 evals (84376 batches, avg 47/batch = 9% of 512, 4873 evals/s, 382 msg/s, 12.8 leaves/msg, 821s)
2026-08-10 12:38:18   [GPU] 4,050,040 evals (85356 batches, avg 47/batch = 9% of 512, 4878 evals/s, 382 msg/s, 12.8 leaves/msg, 830s)
2026-08-10 12:38:19 [iter 26/60] self-play: 140/160 games...
2026-08-10 12:38:28   [GPU] 4,100,017 evals (86407 batches, avg 47/batch = 9% of 512, 4879 evals/s, 382 msg/s, 12.8 leaves/msg, 840s)
2026-08-10 12:38:38   [GPU] 4,150,023 evals (87475 batches, avg 47/batch = 9% of 512, 4879 evals/s, 381 msg/s, 12.8 leaves/msg, 851s)
2026-08-10 12:38:43 [iter 26/60] self-play: 145/160 games...
2026-08-10 12:38:50   [GPU] 4,200,007 evals (88708 batches, avg 47/batch = 9% of 512, 4869 evals/s, 381 msg/s, 12.8 leaves/msg, 863s)
2026-08-10 12:39:01   [GPU] 4,250,013 evals (89789 batches, avg 47/batch = 9% of 512, 4867 evals/s, 381 msg/s, 12.8 leaves/msg, 873s)
2026-08-10 12:39:09 [iter 26/60] self-play: 150/160 games...
2026-08-10 12:39:12   [GPU] 4,300,030 evals (90949 batches, avg 47/batch = 9% of 512, 4862 evals/s, 380 msg/s, 12.8 leaves/msg, 884s)
2026-08-10 12:39:23   [GPU] 4,350,025 evals (92045 batches, avg 47/batch = 9% of 512, 4860 evals/s, 380 msg/s, 12.8 leaves/msg, 895s)
2026-08-10 12:39:31 [iter 26/60] self-play: 155/160 games...
2026-08-10 12:39:35   [GPU] 4,400,036 evals (93192 batches, avg 47/batch = 9% of 512, 4851 evals/s, 380 msg/s, 12.8 leaves/msg, 907s)
2026-08-10 12:39:53   [GPU] 4,450,041 evals (94909 batches, avg 47/batch = 9% of 512, 4809 evals/s, 376 msg/s, 12.8 leaves/msg, 925s)
2026-08-10 12:40:19   [GPU] 4,500,005 evals (97066 batches, avg 46/batch = 9% of 512, 4728 evals/s, 370 msg/s, 12.8 leaves/msg, 952s)
2026-08-10 12:41:00 [iter 26/60] self-play: 160/160 games...
2026-08-10 12:41:00 [iter 26/60] self-play done: 160 games (993s) | wins: P0=33, P1=100, draw=27 | draw_rate=17% avg_len~25
2026-08-10 12:41:00 [iter 26/60] search: expanded=6.9 actions/node visits/action=87.0 walls/game=7.96 first_wall_ply=1.15 learner_sims/s=5058.04
2026-08-10 12:41:00 [iter 26/60] training (600 steps, lr=6.66e-04)...
2026-08-10 12:41:09 [iter 26/60] training done: loss_p=1.180 loss_v=0.079 (9s)
2026-08-10 12:41:10 [iter 26/60] data: policy_wall_mass=0.183 walled_states=60% walls_on_board=17.1 value_mae walled=0.161 free=0.090
2026-08-10 12:41:11 [iter 26/60] eval skipped (eval_every=4)
2026-08-10 12:41:11 >>> iter 26 | loss_p=1.180 loss_v=0.079 | vs_best=n/a (not evaluated) | vs_rand=n/a | draw=17% | buf=100000 | rss=3.27GB | sp=993s train=9s eval_best=0s eval_rand=0s | total=1003s
2026-08-10 12:41:11 [iter 27/60] self-play starting (160 games, 600 sims, MIXED 80/160 race-only)...
2026-08-10 12:41:11 [PARALLEL-MP] 8 workers spawned (160 games, sims=600), GPU batcher starting...
2026-08-10 12:41:24   [GPU] 50,028 evals (981 batches, avg 51/batch = 10% of 512, 3867 evals/s, 300 msg/s, 12.9 leaves/msg, 13s)
2026-08-10 12:41:29 [iter 27/60] self-play: 5/160 games...
2026-08-10 12:41:37   [GPU] 100,026 evals (2247 batches, avg 45/batch = 9% of 512, 3817 evals/s, 292 msg/s, 13.1 leaves/msg, 26s)
2026-08-10 12:41:50   [GPU] 150,018 evals (3523 batches, avg 43/batch = 8% of 512, 3830 evals/s, 289 msg/s, 13.2 leaves/msg, 39s)
2026-08-10 12:41:53 [iter 27/60] self-play: 10/160 games...
2026-08-10 12:42:03   [GPU] 200,011 evals (4834 batches, avg 41/batch = 8% of 512, 3817 evals/s, 293 msg/s, 13.0 leaves/msg, 52s)
2026-08-10 12:42:16   [GPU] 250,000 evals (6102 batches, avg 41/batch = 8% of 512, 3859 evals/s, 299 msg/s, 12.9 leaves/msg, 65s)
2026-08-10 12:42:24 [iter 27/60] self-play: 15/160 games...
2026-08-10 12:42:28   [GPU] 300,034 evals (7414 batches, avg 40/batch = 8% of 512, 3866 evals/s, 302 msg/s, 12.8 leaves/msg, 78s)
2026-08-10 12:42:39   [GPU] 350,035 evals (8537 batches, avg 41/batch = 8% of 512, 3948 evals/s, 306 msg/s, 12.9 leaves/msg, 89s)
2026-08-10 12:42:50   [GPU] 400,007 evals (9603 batches, avg 42/batch = 8% of 512, 4032 evals/s, 312 msg/s, 12.9 leaves/msg, 99s)
2026-08-10 12:43:00   [GPU] 450,020 evals (10660 batches, avg 42/batch = 8% of 512, 4124 evals/s, 316 msg/s, 13.0 leaves/msg, 109s)
2026-08-10 12:43:10   [GPU] 500,000 evals (11711 batches, avg 43/batch = 8% of 512, 4209 evals/s, 321 msg/s, 13.1 leaves/msg, 119s)
2026-08-10 12:43:19   [GPU] 550,000 evals (12725 batches, avg 43/batch = 8% of 512, 4286 evals/s, 325 msg/s, 13.2 leaves/msg, 128s)
2026-08-10 12:43:29   [GPU] 600,048 evals (13714 batches, avg 44/batch = 9% of 512, 4357 evals/s, 330 msg/s, 13.2 leaves/msg, 138s)
2026-08-10 12:43:38   [GPU] 650,086 evals (14689 batches, avg 44/batch = 9% of 512, 4426 evals/s, 334 msg/s, 13.2 leaves/msg, 147s)
2026-08-10 12:43:44 [iter 27/60] self-play: 20/160 games...
2026-08-10 12:43:47   [GPU] 700,027 evals (15639 batches, avg 45/batch = 9% of 512, 4485 evals/s, 339 msg/s, 13.2 leaves/msg, 156s)
2026-08-10 12:43:56   [GPU] 750,027 evals (16599 batches, avg 45/batch = 9% of 512, 4538 evals/s, 342 msg/s, 13.3 leaves/msg, 165s)
2026-08-10 12:44:06   [GPU] 800,010 evals (17626 batches, avg 45/batch = 9% of 512, 4569 evals/s, 344 msg/s, 13.3 leaves/msg, 175s)
2026-08-10 12:44:06 [iter 27/60] self-play: 25/160 games...
2026-08-10 12:44:17   [GPU] 850,017 evals (18701 batches, avg 45/batch = 9% of 512, 4572 evals/s, 342 msg/s, 13.4 leaves/msg, 186s)
2026-08-10 12:44:29   [GPU] 900,053 evals (19845 batches, avg 45/batch = 9% of 512, 4552 evals/s, 341 msg/s, 13.3 leaves/msg, 198s)
2026-08-10 12:44:31 [iter 27/60] self-play: 30/160 games...
2026-08-10 12:44:42   [GPU] 950,029 evals (21170 batches, avg 45/batch = 9% of 512, 4495 evals/s, 337 msg/s, 13.3 leaves/msg, 211s)
2026-08-10 12:44:54   [GPU] 1,000,019 evals (22366 batches, avg 45/batch = 9% of 512, 4480 evals/s, 335 msg/s, 13.4 leaves/msg, 223s)
2026-08-10 12:45:04   [GPU] 1,050,039 evals (23383 batches, avg 45/batch = 9% of 512, 4510 evals/s, 337 msg/s, 13.4 leaves/msg, 233s)
2026-08-10 12:45:06 [iter 27/60] self-play: 35/160 games...
2026-08-10 12:45:14   [GPU] 1,100,007 evals (24402 batches, avg 45/batch = 9% of 512, 4530 evals/s, 339 msg/s, 13.3 leaves/msg, 243s)
2026-08-10 12:45:23   [GPU] 1,150,008 evals (25461 batches, avg 45/batch = 9% of 512, 4552 evals/s, 341 msg/s, 13.3 leaves/msg, 253s)
2026-08-10 12:45:32   [GPU] 1,200,084 evals (26375 batches, avg 46/batch = 9% of 512, 4590 evals/s, 344 msg/s, 13.3 leaves/msg, 261s)
2026-08-10 12:45:33 [iter 27/60] self-play: 40/160 games...
2026-08-10 12:45:42   [GPU] 1,250,002 evals (27400 batches, avg 46/batch = 9% of 512, 4610 evals/s, 347 msg/s, 13.3 leaves/msg, 271s)
2026-08-10 12:45:52   [GPU] 1,300,013 evals (28528 batches, avg 46/batch = 9% of 512, 4616 evals/s, 348 msg/s, 13.2 leaves/msg, 282s)
2026-08-10 12:46:02   [GPU] 1,350,056 evals (29594 batches, avg 46/batch = 9% of 512, 4629 evals/s, 351 msg/s, 13.2 leaves/msg, 292s)
2026-08-10 12:46:05 [iter 27/60] self-play: 45/160 games...
2026-08-10 12:46:12   [GPU] 1,400,015 evals (30620 batches, avg 46/batch = 9% of 512, 4646 evals/s, 353 msg/s, 13.2 leaves/msg, 301s)
2026-08-10 12:46:22   [GPU] 1,450,014 evals (31672 batches, avg 46/batch = 9% of 512, 4656 evals/s, 354 msg/s, 13.1 leaves/msg, 311s)
2026-08-10 12:46:33   [GPU] 1,500,008 evals (32802 batches, avg 46/batch = 9% of 512, 4658 evals/s, 355 msg/s, 13.1 leaves/msg, 322s)
2026-08-10 12:46:33 [iter 27/60] self-play: 50/160 games...
2026-08-10 12:46:46   [GPU] 1,550,041 evals (34165 batches, avg 45/batch = 9% of 512, 4627 evals/s, 355 msg/s, 13.0 leaves/msg, 335s)
2026-08-10 12:46:57 [iter 27/60] self-play: 55/160 games...
2026-08-10 12:46:58   [GPU] 1,600,001 evals (35418 batches, avg 45/batch = 9% of 512, 4607 evals/s, 355 msg/s, 13.0 leaves/msg, 347s)
2026-08-10 12:47:11   [GPU] 1,650,003 evals (36654 batches, avg 45/batch = 9% of 512, 4586 evals/s, 356 msg/s, 12.9 leaves/msg, 360s)
2026-08-10 12:47:19 [iter 27/60] self-play: 60/160 games...
2026-08-10 12:47:22   [GPU] 1,700,024 evals (37825 batches, avg 45/batch = 9% of 512, 4578 evals/s, 356 msg/s, 12.8 leaves/msg, 371s)
2026-08-10 12:47:33   [GPU] 1,750,042 evals (38908 batches, avg 45/batch = 9% of 512, 4578 evals/s, 356 msg/s, 12.8 leaves/msg, 382s)
2026-08-10 12:47:44   [GPU] 1,800,057 evals (39961 batches, avg 45/batch = 9% of 512, 4581 evals/s, 356 msg/s, 12.9 leaves/msg, 393s)
2026-08-10 12:47:54   [GPU] 1,850,014 evals (41032 batches, avg 45/batch = 9% of 512, 4587 evals/s, 357 msg/s, 12.9 leaves/msg, 403s)
2026-08-10 12:47:55 [iter 27/60] self-play: 65/160 games...
2026-08-10 12:48:04   [GPU] 1,900,006 evals (42060 batches, avg 45/batch = 9% of 512, 4599 evals/s, 358 msg/s, 12.8 leaves/msg, 413s)
2026-08-10 12:48:13   [GPU] 1,950,087 evals (42955 batches, avg 45/batch = 9% of 512, 4618 evals/s, 360 msg/s, 12.8 leaves/msg, 422s)
2026-08-10 12:48:22   [GPU] 2,000,022 evals (43862 batches, avg 46/batch = 9% of 512, 4639 evals/s, 362 msg/s, 12.8 leaves/msg, 431s)
2026-08-10 12:48:31   [GPU] 2,050,034 evals (44803 batches, avg 46/batch = 9% of 512, 4659 evals/s, 364 msg/s, 12.8 leaves/msg, 440s)
2026-08-10 12:48:41   [GPU] 2,100,057 evals (45810 batches, avg 46/batch = 9% of 512, 4670 evals/s, 365 msg/s, 12.8 leaves/msg, 450s)
2026-08-10 12:48:41 [iter 27/60] self-play: 70/160 games...
2026-08-10 12:48:51   [GPU] 2,150,021 evals (46969 batches, avg 46/batch = 9% of 512, 4667 evals/s, 365 msg/s, 12.8 leaves/msg, 461s)
2026-08-10 12:49:02   [GPU] 2,200,044 evals (48077 batches, avg 46/batch = 9% of 512, 4669 evals/s, 366 msg/s, 12.8 leaves/msg, 471s)
2026-08-10 12:49:11   [GPU] 2,250,013 evals (49093 batches, avg 46/batch = 9% of 512, 4682 evals/s, 368 msg/s, 12.7 leaves/msg, 481s)
2026-08-10 12:49:15 [iter 27/60] self-play: 75/160 games...
2026-08-10 12:49:22   [GPU] 2,300,039 evals (50184 batches, avg 46/batch = 9% of 512, 4685 evals/s, 369 msg/s, 12.7 leaves/msg, 491s)
2026-08-10 12:49:32   [GPU] 2,350,026 evals (51267 batches, avg 46/batch = 9% of 512, 4689 evals/s, 369 msg/s, 12.7 leaves/msg, 501s)
2026-08-10 12:49:42   [GPU] 2,400,000 evals (52324 batches, avg 46/batch = 9% of 512, 4696 evals/s, 370 msg/s, 12.7 leaves/msg, 511s)
2026-08-10 12:49:51   [GPU] 2,450,001 evals (53334 batches, avg 46/batch = 9% of 512, 4706 evals/s, 372 msg/s, 12.7 leaves/msg, 521s)
2026-08-10 12:49:56 [iter 27/60] self-play: 80/160 games...
2026-08-10 12:50:01   [GPU] 2,500,004 evals (54351 batches, avg 46/batch = 9% of 512, 4716 evals/s, 373 msg/s, 12.6 leaves/msg, 530s)
2026-08-10 12:50:12   [GPU] 2,550,000 evals (55481 batches, avg 46/batch = 9% of 512, 4714 evals/s, 373 msg/s, 12.6 leaves/msg, 541s)
2026-08-10 12:50:21 [iter 27/60] self-play: 85/160 games...
2026-08-10 12:50:22   [GPU] 2,600,048 evals (56528 batches, avg 46/batch = 9% of 512, 4718 evals/s, 374 msg/s, 12.6 leaves/msg, 551s)
2026-08-10 12:50:34   [GPU] 2,650,013 evals (57743 batches, avg 46/batch = 9% of 512, 4705 evals/s, 373 msg/s, 12.6 leaves/msg, 563s)
2026-08-10 12:50:44 [iter 27/60] self-play: 90/160 games...
2026-08-10 12:50:46   [GPU] 2,700,043 evals (59013 batches, avg 46/batch = 9% of 512, 4691 evals/s, 372 msg/s, 12.6 leaves/msg, 576s)
2026-08-10 12:50:59   [GPU] 2,750,012 evals (60286 batches, avg 46/batch = 9% of 512, 4677 evals/s, 371 msg/s, 12.6 leaves/msg, 588s)
2026-08-10 12:51:07 [iter 27/60] self-play: 95/160 games...
2026-08-10 12:51:11   [GPU] 2,800,005 evals (61497 batches, avg 46/batch = 9% of 512, 4665 evals/s, 370 msg/s, 12.6 leaves/msg, 600s)
2026-08-10 12:51:22   [GPU] 2,850,017 evals (62650 batches, avg 45/batch = 9% of 512, 4664 evals/s, 370 msg/s, 12.6 leaves/msg, 611s)
2026-08-10 12:51:33   [GPU] 2,900,010 evals (63856 batches, avg 45/batch = 9% of 512, 4658 evals/s, 370 msg/s, 12.6 leaves/msg, 623s)
2026-08-10 12:51:35 [iter 27/60] self-play: 100/160 games...
2026-08-10 12:51:44   [GPU] 2,950,023 evals (64987 batches, avg 45/batch = 9% of 512, 4659 evals/s, 370 msg/s, 12.6 leaves/msg, 633s)
2026-08-10 12:51:52   [GPU] 3,000,010 evals (65915 batches, avg 46/batch = 9% of 512, 4676 evals/s, 371 msg/s, 12.6 leaves/msg, 642s)
2026-08-10 12:52:01   [GPU] 3,050,001 evals (66864 batches, avg 46/batch = 9% of 512, 4692 evals/s, 372 msg/s, 12.6 leaves/msg, 650s)
2026-08-10 12:52:10   [GPU] 3,100,050 evals (67867 batches, avg 46/batch = 9% of 512, 4706 evals/s, 373 msg/s, 12.6 leaves/msg, 659s)
2026-08-10 12:52:12 [iter 27/60] self-play: 105/160 games...
2026-08-10 12:52:18   [GPU] 3,150,007 evals (68762 batches, avg 46/batch = 9% of 512, 4724 evals/s, 374 msg/s, 12.6 leaves/msg, 667s)
2026-08-10 12:52:26   [GPU] 3,200,057 evals (69653 batches, avg 46/batch = 9% of 512, 4740 evals/s, 375 msg/s, 12.6 leaves/msg, 675s)
2026-08-10 12:52:34   [GPU] 3,250,013 evals (70527 batches, avg 46/batch = 9% of 512, 4759 evals/s, 376 msg/s, 12.6 leaves/msg, 683s)
2026-08-10 12:52:41 [iter 27/60] self-play: 110/160 games...
2026-08-10 12:52:43   [GPU] 3,300,033 evals (71485 batches, avg 46/batch = 9% of 512, 4771 evals/s, 377 msg/s, 12.6 leaves/msg, 692s)
2026-08-10 12:52:52   [GPU] 3,350,002 evals (72474 batches, avg 46/batch = 9% of 512, 4779 evals/s, 378 msg/s, 12.6 leaves/msg, 701s)
2026-08-10 12:53:01   [GPU] 3,400,023 evals (73431 batches, avg 46/batch = 9% of 512, 4787 evals/s, 378 msg/s, 12.7 leaves/msg, 710s)
2026-08-10 12:53:04 [iter 27/60] self-play: 115/160 games...
2026-08-10 12:53:10   [GPU] 3,450,035 evals (74417 batches, avg 46/batch = 9% of 512, 4796 evals/s, 378 msg/s, 12.7 leaves/msg, 719s)
2026-08-10 12:53:19   [GPU] 3,500,026 evals (75385 batches, avg 46/batch = 9% of 512, 4804 evals/s, 379 msg/s, 12.7 leaves/msg, 729s)
2026-08-10 12:53:21 [iter 27/60] self-play: 120/160 games...
2026-08-10 12:53:31   [GPU] 3,550,024 evals (76535 batches, avg 46/batch = 9% of 512, 4799 evals/s, 378 msg/s, 12.7 leaves/msg, 740s)
2026-08-10 12:53:41   [GPU] 3,600,000 evals (77618 batches, avg 46/batch = 9% of 512, 4798 evals/s, 378 msg/s, 12.7 leaves/msg, 750s)
2026-08-10 12:53:43 [iter 27/60] self-play: 125/160 games...
2026-08-10 12:53:50   [GPU] 3,650,019 evals (78538 batches, avg 46/batch = 9% of 512, 4808 evals/s, 378 msg/s, 12.7 leaves/msg, 759s)
2026-08-10 12:53:59   [GPU] 3,700,021 evals (79510 batches, avg 47/batch = 9% of 512, 4814 evals/s, 379 msg/s, 12.7 leaves/msg, 769s)
2026-08-10 12:54:09   [GPU] 3,750,007 evals (80520 batches, avg 47/batch = 9% of 512, 4820 evals/s, 379 msg/s, 12.7 leaves/msg, 778s)
2026-08-10 12:54:18   [GPU] 3,800,066 evals (81525 batches, avg 47/batch = 9% of 512, 4826 evals/s, 379 msg/s, 12.7 leaves/msg, 787s)
2026-08-10 12:54:26   [GPU] 3,850,007 evals (82426 batches, avg 47/batch = 9% of 512, 4840 evals/s, 380 msg/s, 12.7 leaves/msg, 795s)
2026-08-10 12:54:27 [iter 27/60] self-play: 130/160 games...
2026-08-10 12:54:35   [GPU] 3,900,014 evals (83422 batches, avg 47/batch = 9% of 512, 4848 evals/s, 381 msg/s, 12.7 leaves/msg, 804s)
2026-08-10 12:54:45   [GPU] 3,950,057 evals (84447 batches, avg 47/batch = 9% of 512, 4853 evals/s, 381 msg/s, 12.8 leaves/msg, 814s)
2026-08-10 12:54:54   [GPU] 4,000,011 evals (85444 batches, avg 47/batch = 9% of 512, 4861 evals/s, 381 msg/s, 12.8 leaves/msg, 823s)
2026-08-10 12:55:02   [GPU] 4,050,012 evals (86401 batches, avg 47/batch = 9% of 512, 4870 evals/s, 381 msg/s, 12.8 leaves/msg, 832s)
2026-08-10 12:55:10 [iter 27/60] self-play: 135/160 games...
2026-08-10 12:55:11   [GPU] 4,100,034 evals (87354 batches, avg 47/batch = 9% of 512, 4879 evals/s, 382 msg/s, 12.8 leaves/msg, 840s)
2026-08-10 12:55:20   [GPU] 4,150,023 evals (88313 batches, avg 47/batch = 9% of 512, 4886 evals/s, 382 msg/s, 12.8 leaves/msg, 849s)
2026-08-10 12:55:30   [GPU] 4,200,042 evals (89359 batches, avg 47/batch = 9% of 512, 4887 evals/s, 382 msg/s, 12.8 leaves/msg, 860s)
2026-08-10 12:55:32 [iter 27/60] self-play: 140/160 games...
2026-08-10 12:55:41   [GPU] 4,250,034 evals (90516 batches, avg 47/batch = 9% of 512, 4881 evals/s, 382 msg/s, 12.8 leaves/msg, 871s)
2026-08-10 12:55:52   [GPU] 4,300,016 evals (91641 batches, avg 47/batch = 9% of 512, 4878 evals/s, 381 msg/s, 12.8 leaves/msg, 882s)
2026-08-10 12:55:56 [iter 27/60] self-play: 145/160 games...
2026-08-10 12:56:04   [GPU] 4,350,038 evals (92775 batches, avg 47/batch = 9% of 512, 4872 evals/s, 381 msg/s, 12.8 leaves/msg, 893s)
2026-08-10 12:56:16   [GPU] 4,400,007 evals (94031 batches, avg 47/batch = 9% of 512, 4863 evals/s, 381 msg/s, 12.8 leaves/msg, 905s)
2026-08-10 12:56:21 [iter 27/60] self-play: 150/160 games...
2026-08-10 12:56:27   [GPU] 4,450,035 evals (95184 batches, avg 47/batch = 9% of 512, 4858 evals/s, 380 msg/s, 12.8 leaves/msg, 916s)
2026-08-10 12:56:39   [GPU] 4,500,027 evals (96412 batches, avg 47/batch = 9% of 512, 4848 evals/s, 379 msg/s, 12.8 leaves/msg, 928s)
2026-08-10 12:56:45 [iter 27/60] self-play: 155/160 games...
2026-08-10 12:57:01   [GPU] 4,550,013 evals (98364 batches, avg 46/batch = 9% of 512, 4790 evals/s, 376 msg/s, 12.8 leaves/msg, 950s)
2026-08-10 12:57:24   [GPU] 4,600,039 evals (100559 batches, avg 46/batch = 9% of 512, 4726 evals/s, 371 msg/s, 12.7 leaves/msg, 973s)
2026-08-10 12:57:47   [GPU] 4,650,001 evals (102707 batches, avg 45/batch = 9% of 512, 4667 evals/s, 367 msg/s, 12.7 leaves/msg, 996s)
2026-08-10 12:58:09   [GPU] 4,700,001 evals (104802 batches, avg 45/batch = 9% of 512, 4617 evals/s, 364 msg/s, 12.7 leaves/msg, 1018s)
2026-08-10 12:58:33   [GPU] 4,750,035 evals (107040 batches, avg 44/batch = 9% of 512, 4556 evals/s, 360 msg/s, 12.7 leaves/msg, 1043s)
2026-08-10 12:59:08   [GPU] 4,800,015 evals (109789 batches, avg 44/batch = 9% of 512, 4458 evals/s, 353 msg/s, 12.6 leaves/msg, 1077s)
2026-08-10 13:03:07 [iter 27/60] self-play: 160/160 games...
2026-08-10 13:03:08 [iter 27/60] self-play done: 160 games (1317s) | wins: P0=24, P1=103, draw=33 | draw_rate=21% avg_len~22
2026-08-10 13:03:08 [iter 27/60] search: expanded=7.2 actions/node visits/action=83.9 walls/game=7.94 first_wall_ply=0.463 learner_sims/s=4005.49
2026-08-10 13:03:08 [iter 27/60] WARNING: draw_rate 21% > 20% — games timing out at max_game_moves=160 (weak value signal).
2026-08-10 13:03:08 [iter 27/60] training (600 steps, lr=6.44e-04)...
2026-08-10 13:03:16 [iter 27/60] training done: loss_p=1.169 loss_v=0.079 (8s)
2026-08-10 13:03:17 [iter 27/60] data: policy_wall_mass=0.175 walled_states=56% walls_on_board=14.9 value_mae walled=0.152 free=0.044
2026-08-10 13:03:18 [iter 27/60] eval skipped (eval_every=4)
2026-08-10 13:03:18 >>> iter 27 | loss_p=1.169 loss_v=0.079 | vs_best=n/a (not evaluated) | vs_rand=n/a | draw=21% | buf=100000 | rss=3.28GB | sp=1317s train=8s eval_best=0s eval_rand=0s | total=1327s
2026-08-10 13:03:18 [iter 28/60] self-play starting (160 games, 600 sims, MIXED 80/160 race-only)...
2026-08-10 13:03:18 [PARALLEL-MP] 8 workers spawned (160 games, sims=600), GPU batcher starting...
2026-08-10 13:03:31   [GPU] 50,041 evals (986 batches, avg 51/batch = 10% of 512, 3956 evals/s, 313 msg/s, 12.6 leaves/msg, 13s)
2026-08-10 13:03:38 [iter 28/60] self-play: 5/160 games...
2026-08-10 13:03:42   [GPU] 100,016 evals (2094 batches, avg 48/batch = 9% of 512, 4130 evals/s, 319 msg/s, 12.9 leaves/msg, 24s)
2026-08-10 13:03:55   [GPU] 150,036 evals (3287 batches, avg 46/batch = 9% of 512, 4076 evals/s, 311 msg/s, 13.1 leaves/msg, 37s)
2026-08-10 13:03:59 [iter 28/60] self-play: 10/160 games...
2026-08-10 13:04:08   [GPU] 200,017 evals (4556 batches, avg 44/batch = 9% of 512, 4022 evals/s, 309 msg/s, 13.0 leaves/msg, 50s)
2026-08-10 13:04:20   [GPU] 250,021 evals (5793 batches, avg 43/batch = 8% of 512, 4024 evals/s, 313 msg/s, 12.9 leaves/msg, 62s)
2026-08-10 13:04:31   [GPU] 300,017 evals (6883 batches, avg 44/batch = 9% of 512, 4119 evals/s, 325 msg/s, 12.7 leaves/msg, 73s)
2026-08-10 13:04:39 [iter 28/60] self-play: 15/160 games...
2026-08-10 13:04:42   [GPU] 350,017 evals (7978 batches, avg 44/batch = 9% of 512, 4193 evals/s, 335 msg/s, 12.5 leaves/msg, 83s)
2026-08-10 13:04:51   [GPU] 400,031 evals (8980 batches, avg 45/batch = 9% of 512, 4294 evals/s, 341 msg/s, 12.6 leaves/msg, 93s)
2026-08-10 13:05:02   [GPU] 450,013 evals (10086 batches, avg 45/batch = 9% of 512, 4331 evals/s, 343 msg/s, 12.6 leaves/msg, 104s)
2026-08-10 13:05:13   [GPU] 500,046 evals (11159 batches, avg 45/batch = 9% of 512, 4370 evals/s, 344 msg/s, 12.7 leaves/msg, 114s)
2026-08-10 13:05:21   [GPU] 550,032 evals (12023 batches, avg 46/batch = 9% of 512, 4472 evals/s, 351 msg/s, 12.8 leaves/msg, 123s)
2026-08-10 13:05:23 [iter 28/60] self-play: 20/160 games...
2026-08-10 13:05:30   [GPU] 600,050 evals (13001 batches, avg 46/batch = 9% of 512, 4539 evals/s, 355 msg/s, 12.8 leaves/msg, 132s)
2026-08-10 13:05:40   [GPU] 650,015 evals (13982 batches, avg 46/batch = 9% of 512, 4596 evals/s, 359 msg/s, 12.8 leaves/msg, 141s)
2026-08-10 13:05:49   [GPU] 700,019 evals (14973 batches, avg 47/batch = 9% of 512, 4649 evals/s, 364 msg/s, 12.8 leaves/msg, 151s)
2026-08-10 13:05:59   [GPU] 750,034 evals (16061 batches, avg 47/batch = 9% of 512, 4664 evals/s, 365 msg/s, 12.8 leaves/msg, 161s)
2026-08-10 13:06:09   [GPU] 800,039 evals (17114 batches, avg 47/batch = 9% of 512, 4675 evals/s, 365 msg/s, 12.8 leaves/msg, 171s)
2026-08-10 13:06:19 [iter 28/60] self-play: 25/160 games...
2026-08-10 13:06:19   [GPU] 850,013 evals (18177 batches, avg 47/batch = 9% of 512, 4694 evals/s, 365 msg/s, 12.9 leaves/msg, 181s)
2026-08-10 13:06:29   [GPU] 900,042 evals (19181 batches, avg 47/batch = 9% of 512, 4715 evals/s, 367 msg/s, 12.8 leaves/msg, 191s)
2026-08-10 13:06:38   [GPU] 950,061 evals (20159 batches, avg 47/batch = 9% of 512, 4745 evals/s, 371 msg/s, 12.8 leaves/msg, 200s)
2026-08-10 13:06:39 [iter 28/60] self-play: 30/160 games...
2026-08-10 13:06:49   [GPU] 1,000,032 evals (21247 batches, avg 47/batch = 9% of 512, 4745 evals/s, 371 msg/s, 12.8 leaves/msg, 211s)
2026-08-10 13:06:57 [iter 28/60] self-play: 35/160 games...
2026-08-10 13:07:00   [GPU] 1,050,022 evals (22361 batches, avg 47/batch = 9% of 512, 4730 evals/s, 370 msg/s, 12.8 leaves/msg, 222s)
2026-08-10 13:07:11   [GPU] 1,100,012 evals (23427 batches, avg 47/batch = 9% of 512, 4726 evals/s, 369 msg/s, 12.8 leaves/msg, 233s)
2026-08-10 13:07:11 [iter 28/60] self-play: 40/160 games...
2026-08-10 13:07:21   [GPU] 1,150,032 evals (24512 batches, avg 47/batch = 9% of 512, 4729 evals/s, 369 msg/s, 12.8 leaves/msg, 243s)
2026-08-10 13:07:25 [iter 28/60] self-play: 45/160 games...
2026-08-10 13:07:33   [GPU] 1,200,014 evals (25626 batches, avg 47/batch = 9% of 512, 4711 evals/s, 369 msg/s, 12.8 leaves/msg, 255s)
2026-08-10 13:07:45 [iter 28/60] self-play: 50/160 games...
2026-08-10 13:07:46   [GPU] 1,250,002 evals (26862 batches, avg 47/batch = 9% of 512, 4673 evals/s, 367 msg/s, 12.7 leaves/msg, 268s)
2026-08-10 13:07:58   [GPU] 1,300,022 evals (28060 batches, avg 46/batch = 9% of 512, 4643 evals/s, 364 msg/s, 12.8 leaves/msg, 280s)
2026-08-10 13:08:08   [GPU] 1,350,080 evals (29061 batches, avg 46/batch = 9% of 512, 4657 evals/s, 364 msg/s, 12.8 leaves/msg, 290s)
2026-08-10 13:08:12 [iter 28/60] self-play: 55/160 games...
2026-08-10 13:08:20   [GPU] 1,400,042 evals (30232 batches, avg 46/batch = 9% of 512, 4644 evals/s, 364 msg/s, 12.7 leaves/msg, 301s)
2026-08-10 13:08:28 [iter 28/60] self-play: 60/160 games...
2026-08-10 13:08:32   [GPU] 1,450,003 evals (31484 batches, avg 46/batch = 9% of 512, 4617 evals/s, 363 msg/s, 12.7 leaves/msg, 314s)
2026-08-10 13:08:45   [GPU] 1,500,005 evals (32760 batches, avg 46/batch = 9% of 512, 4589 evals/s, 362 msg/s, 12.7 leaves/msg, 327s)
2026-08-10 13:08:52 [iter 28/60] self-play: 65/160 games...
2026-08-10 13:08:56   [GPU] 1,550,020 evals (33908 batches, avg 46/batch = 9% of 512, 4585 evals/s, 361 msg/s, 12.7 leaves/msg, 338s)
2026-08-10 13:09:06   [GPU] 1,600,029 evals (34979 batches, avg 46/batch = 9% of 512, 4599 evals/s, 363 msg/s, 12.7 leaves/msg, 348s)
2026-08-10 13:09:15 [iter 28/60] self-play: 70/160 games...
2026-08-10 13:09:16   [GPU] 1,650,060 evals (36025 batches, avg 46/batch = 9% of 512, 4609 evals/s, 364 msg/s, 12.7 leaves/msg, 358s)
2026-08-10 13:09:26   [GPU] 1,700,002 evals (37036 batches, avg 46/batch = 9% of 512, 4619 evals/s, 364 msg/s, 12.7 leaves/msg, 368s)
2026-08-10 13:09:38   [GPU] 1,750,032 evals (38224 batches, avg 46/batch = 9% of 512, 4609 evals/s, 363 msg/s, 12.7 leaves/msg, 380s)
2026-08-10 13:09:40 [iter 28/60] self-play: 75/160 games...
2026-08-10 13:09:48   [GPU] 1,800,025 evals (39303 batches, avg 46/batch = 9% of 512, 4617 evals/s, 364 msg/s, 12.7 leaves/msg, 390s)
2026-08-10 13:09:57   [GPU] 1,850,012 evals (40298 batches, avg 46/batch = 9% of 512, 4635 evals/s, 365 msg/s, 12.7 leaves/msg, 399s)
2026-08-10 13:10:01 [iter 28/60] self-play: 80/160 games...
2026-08-10 13:10:06   [GPU] 1,900,051 evals (41226 batches, avg 46/batch = 9% of 512, 4662 evals/s, 366 msg/s, 12.7 leaves/msg, 408s)
2026-08-10 13:10:15   [GPU] 1,950,032 evals (42185 batches, avg 46/batch = 9% of 512, 4681 evals/s, 368 msg/s, 12.7 leaves/msg, 417s)
2026-08-10 13:10:23   [GPU] 2,000,046 evals (43115 batches, avg 46/batch = 9% of 512, 4706 evals/s, 369 msg/s, 12.7 leaves/msg, 425s)
2026-08-10 13:10:30 [iter 28/60] self-play: 85/160 games...
2026-08-10 13:10:32   [GPU] 2,050,021 evals (44060 batches, avg 47/batch = 9% of 512, 4726 evals/s, 372 msg/s, 12.7 leaves/msg, 434s)
2026-08-10 13:10:42 [iter 28/60] self-play: 90/160 games...
2026-08-10 13:10:43   [GPU] 2,100,002 evals (45132 batches, avg 47/batch = 9% of 512, 4724 evals/s, 372 msg/s, 12.7 leaves/msg, 445s)
2026-08-10 13:10:54   [GPU] 2,150,020 evals (46278 batches, avg 46/batch = 9% of 512, 4714 evals/s, 371 msg/s, 12.7 leaves/msg, 456s)
2026-08-10 13:10:56 [iter 28/60] self-play: 95/160 games...
2026-08-10 13:11:05   [GPU] 2,200,043 evals (47376 batches, avg 46/batch = 9% of 512, 4713 evals/s, 370 msg/s, 12.7 leaves/msg, 467s)
2026-08-10 13:11:14   [GPU] 2,250,002 evals (48360 batches, avg 47/batch = 9% of 512, 4727 evals/s, 371 msg/s, 12.7 leaves/msg, 476s)
2026-08-10 13:11:26   [GPU] 2,300,033 evals (49536 batches, avg 46/batch = 9% of 512, 4719 evals/s, 370 msg/s, 12.8 leaves/msg, 487s)
2026-08-10 13:11:36   [GPU] 2,350,082 evals (50620 batches, avg 46/batch = 9% of 512, 4724 evals/s, 370 msg/s, 12.8 leaves/msg, 497s)
2026-08-10 13:11:45   [GPU] 2,400,000 evals (51606 batches, avg 47/batch = 9% of 512, 4739 evals/s, 371 msg/s, 12.8 leaves/msg, 506s)
2026-08-10 13:11:53 [iter 28/60] self-play: 100/160 games...
2026-08-10 13:11:53   [GPU] 2,450,007 evals (52525 batches, avg 47/batch = 9% of 512, 4761 evals/s, 373 msg/s, 12.8 leaves/msg, 515s)
2026-08-10 13:12:02   [GPU] 2,500,012 evals (53511 batches, avg 47/batch = 9% of 512, 4774 evals/s, 374 msg/s, 12.8 leaves/msg, 524s)
2026-08-10 13:12:11   [GPU] 2,550,001 evals (54472 batches, avg 47/batch = 9% of 512, 4790 evals/s, 375 msg/s, 12.8 leaves/msg, 532s)
2026-08-10 13:12:19   [GPU] 2,600,046 evals (55372 batches, avg 47/batch = 9% of 512, 4811 evals/s, 377 msg/s, 12.8 leaves/msg, 540s)
2026-08-10 13:12:28   [GPU] 2,650,001 evals (56433 batches, avg 47/batch = 9% of 512, 4816 evals/s, 377 msg/s, 12.8 leaves/msg, 550s)
2026-08-10 13:12:38   [GPU] 2,700,070 evals (57506 batches, avg 47/batch = 9% of 512, 4820 evals/s, 377 msg/s, 12.8 leaves/msg, 560s)
2026-08-10 13:12:41 [iter 28/60] self-play: 105/160 games...
2026-08-10 13:12:47   [GPU] 2,750,042 evals (58492 batches, avg 47/batch = 9% of 512, 4833 evals/s, 378 msg/s, 12.8 leaves/msg, 569s)
2026-08-10 13:12:57 [iter 28/60] self-play: 110/160 games...
2026-08-10 13:12:57   [GPU] 2,800,004 evals (59546 batches, avg 47/batch = 9% of 512, 4838 evals/s, 379 msg/s, 12.8 leaves/msg, 579s)
2026-08-10 13:13:08   [GPU] 2,850,010 evals (60677 batches, avg 47/batch = 9% of 512, 4834 evals/s, 379 msg/s, 12.7 leaves/msg, 590s)
2026-08-10 13:13:10 [iter 28/60] self-play: 115/160 games...
2026-08-10 13:13:20   [GPU] 2,900,019 evals (61889 batches, avg 47/batch = 9% of 512, 4819 evals/s, 378 msg/s, 12.7 leaves/msg, 602s)
2026-08-10 13:13:31   [GPU] 2,950,001 evals (63043 batches, avg 47/batch = 9% of 512, 4812 evals/s, 378 msg/s, 12.7 leaves/msg, 613s)
2026-08-10 13:13:38 [iter 28/60] self-play: 120/160 games...
2026-08-10 13:13:42   [GPU] 3,000,043 evals (64201 batches, avg 47/batch = 9% of 512, 4807 evals/s, 377 msg/s, 12.7 leaves/msg, 624s)
2026-08-10 13:13:54   [GPU] 3,050,021 evals (65374 batches, avg 47/batch = 9% of 512, 4798 evals/s, 376 msg/s, 12.7 leaves/msg, 636s)
2026-08-10 13:14:05   [GPU] 3,100,048 evals (66454 batches, avg 47/batch = 9% of 512, 4795 evals/s, 376 msg/s, 12.8 leaves/msg, 647s)
2026-08-10 13:14:09 [iter 28/60] self-play: 125/160 games...
2026-08-10 13:14:15   [GPU] 3,150,001 evals (67515 batches, avg 47/batch = 9% of 512, 4795 evals/s, 375 msg/s, 12.8 leaves/msg, 657s)
2026-08-10 13:14:27   [GPU] 3,200,021 evals (68663 batches, avg 47/batch = 9% of 512, 4787 evals/s, 375 msg/s, 12.8 leaves/msg, 668s)
2026-08-10 13:14:38   [GPU] 3,250,023 evals (69824 batches, avg 47/batch = 9% of 512, 4779 evals/s, 374 msg/s, 12.8 leaves/msg, 680s)
2026-08-10 13:14:42 [iter 28/60] self-play: 130/160 games...
2026-08-10 13:14:48   [GPU] 3,300,004 evals (70788 batches, avg 47/batch = 9% of 512, 4787 evals/s, 374 msg/s, 12.8 leaves/msg, 689s)
2026-08-10 13:14:58   [GPU] 3,350,000 evals (71855 batches, avg 47/batch = 9% of 512, 4786 evals/s, 374 msg/s, 12.8 leaves/msg, 700s)
2026-08-10 13:15:01 [iter 28/60] self-play: 135/160 games...
2026-08-10 13:15:09   [GPU] 3,400,048 evals (72890 batches, avg 47/batch = 9% of 512, 4786 evals/s, 374 msg/s, 12.8 leaves/msg, 710s)
2026-08-10 13:15:21   [GPU] 3,450,046 evals (74086 batches, avg 47/batch = 9% of 512, 4776 evals/s, 374 msg/s, 12.8 leaves/msg, 722s)
2026-08-10 13:15:29 [iter 28/60] self-play: 140/160 games...
2026-08-10 13:15:31   [GPU] 3,500,034 evals (75124 batches, avg 47/batch = 9% of 512, 4779 evals/s, 374 msg/s, 12.8 leaves/msg, 732s)
2026-08-10 13:15:41   [GPU] 3,550,031 evals (76175 batches, avg 47/batch = 9% of 512, 4782 evals/s, 374 msg/s, 12.8 leaves/msg, 742s)
2026-08-10 13:15:50   [GPU] 3,600,036 evals (77179 batches, avg 47/batch = 9% of 512, 4788 evals/s, 375 msg/s, 12.8 leaves/msg, 752s)
2026-08-10 13:16:00   [GPU] 3,650,032 evals (78248 batches, avg 47/batch = 9% of 512, 4789 evals/s, 374 msg/s, 12.8 leaves/msg, 762s)
2026-08-10 13:16:03 [iter 28/60] self-play: 145/160 games...
2026-08-10 13:16:09   [GPU] 3,700,008 evals (79243 batches, avg 47/batch = 9% of 512, 4798 evals/s, 375 msg/s, 12.8 leaves/msg, 771s)
2026-08-10 13:16:18   [GPU] 3,750,010 evals (80194 batches, avg 47/batch = 9% of 512, 4808 evals/s, 376 msg/s, 12.8 leaves/msg, 780s)
2026-08-10 13:16:26 [iter 28/60] self-play: 150/160 games...
2026-08-10 13:16:27   [GPU] 3,800,008 evals (81141 batches, avg 47/batch = 9% of 512, 4817 evals/s, 376 msg/s, 12.8 leaves/msg, 789s)
2026-08-10 13:16:37   [GPU] 3,850,006 evals (82200 batches, avg 47/batch = 9% of 512, 4820 evals/s, 376 msg/s, 12.8 leaves/msg, 799s)
2026-08-10 13:16:46   [GPU] 3,900,015 evals (83174 batches, avg 47/batch = 9% of 512, 4829 evals/s, 376 msg/s, 12.8 leaves/msg, 808s)
2026-08-10 13:16:56   [GPU] 3,950,010 evals (84237 batches, avg 47/batch = 9% of 512, 4833 evals/s, 377 msg/s, 12.8 leaves/msg, 817s)
2026-08-10 13:16:57 [iter 28/60] self-play: 155/160 games...
2026-08-10 13:17:11   [GPU] 4,000,008 evals (85788 batches, avg 47/batch = 9% of 512, 4806 evals/s, 375 msg/s, 12.8 leaves/msg, 832s)
2026-08-10 13:17:28   [GPU] 4,050,013 evals (87487 batches, avg 46/batch = 9% of 512, 4768 evals/s, 372 msg/s, 12.8 leaves/msg, 849s)
2026-08-10 13:17:50   [GPU] 4,100,027 evals (89484 batches, avg 46/batch = 9% of 512, 4703 evals/s, 367 msg/s, 12.8 leaves/msg, 872s)
2026-08-10 13:18:21   [GPU] 4,150,016 evals (91977 batches, avg 45/batch = 9% of 512, 4597 evals/s, 359 msg/s, 12.8 leaves/msg, 903s)
2026-08-10 13:19:20   [GPU] 4,200,003 evals (95248 batches, avg 44/batch = 9% of 512, 4369 evals/s, 341 msg/s, 12.8 leaves/msg, 961s)
2026-08-10 13:19:25 [iter 28/60] self-play: 160/160 games...
2026-08-10 13:19:25 [iter 28/60] self-play done: 160 games (967s) | wins: P0=28, P1=108, draw=24 | draw_rate=15% avg_len~25
2026-08-10 13:19:25 [iter 28/60] search: expanded=7.7 actions/node visits/action=78.0 walls/game=7.96 first_wall_ply=1.15 learner_sims/s=4859.08
2026-08-10 13:19:25 [iter 28/60] training (600 steps, lr=6.20e-04)...
2026-08-10 13:19:34 [iter 28/60] training done: loss_p=1.163 loss_v=0.081 (8s)
2026-08-10 13:19:35 [iter 28/60] data: policy_wall_mass=0.198 walled_states=58% walls_on_board=16.0 value_mae walled=0.158 free=0.093
2026-08-10 13:19:36 [iter 28/60] eval vs best (40 games, 600 sims)...
2026-08-10 13:19:36 [EVAL-MP] 8 workers spawned (40 vs_best games, sims=600), GPU batcher starting...
2026-08-10 13:19:55   [GPU] 50,040 evals (1285 batches, avg 39/batch = 8% of 512, 2585 evals/s, 168 msg/s, 15.4 leaves/msg, 19s)
2026-08-10 13:20:11   [GPU] 100,004 evals (2579 batches, avg 39/batch = 8% of 512, 2832 evals/s, 184 msg/s, 15.4 leaves/msg, 35s)
2026-08-10 13:20:27   [GPU] 150,049 evals (3956 batches, avg 38/batch = 7% of 512, 2934 evals/s, 202 msg/s, 14.6 leaves/msg, 51s)
2026-08-10 13:20:44   [GPU] 200,001 evals (5464 batches, avg 37/batch = 7% of 512, 2925 evals/s, 209 msg/s, 14.0 leaves/msg, 68s)
2026-08-10 13:21:02   [GPU] 250,016 evals (6997 batches, avg 36/batch = 7% of 512, 2907 evals/s, 213 msg/s, 13.7 leaves/msg, 86s)
2026-08-10 13:21:19   [GPU] 300,011 evals (8495 batches, avg 35/batch = 7% of 512, 2899 evals/s, 216 msg/s, 13.4 leaves/msg, 103s)
2026-08-10 13:21:37   [GPU] 350,015 evals (10000 batches, avg 35/batch = 7% of 512, 2892 evals/s, 218 msg/s, 13.3 leaves/msg, 121s)
2026-08-10 13:21:54   [GPU] 400,053 evals (11503 batches, avg 35/batch = 7% of 512, 2892 evals/s, 220 msg/s, 13.2 leaves/msg, 138s)
2026-08-10 13:22:11   [GPU] 450,032 evals (13010 batches, avg 35/batch = 7% of 512, 2889 evals/s, 221 msg/s, 13.1 leaves/msg, 156s)
2026-08-10 13:22:29   [GPU] 500,008 evals (14527 batches, avg 34/batch = 7% of 512, 2889 evals/s, 222 msg/s, 13.0 leaves/msg, 173s)
2026-08-10 13:22:46   [GPU] 550,045 evals (16036 batches, avg 34/batch = 7% of 512, 2889 evals/s, 224 msg/s, 12.9 leaves/msg, 190s)
2026-08-10 13:23:02   [GPU] 600,012 evals (17490 batches, avg 34/batch = 7% of 512, 2902 evals/s, 226 msg/s, 12.8 leaves/msg, 207s)
2026-08-10 13:23:21   [GPU] 650,050 evals (19132 batches, avg 34/batch = 7% of 512, 2877 evals/s, 225 msg/s, 12.8 leaves/msg, 226s)
2026-08-10 13:23:31 [iter 28/60] eval vs best: 5/40 games (236s, cand 60%)
2026-08-10 13:23:41   [GPU] 700,000 evals (20795 batches, avg 34/batch = 7% of 512, 2856 evals/s, 225 msg/s, 12.7 leaves/msg, 245s)
2026-08-10 13:23:58   [GPU] 750,006 evals (22369 batches, avg 34/batch = 7% of 512, 2853 evals/s, 226 msg/s, 12.6 leaves/msg, 263s)
2026-08-10 13:24:18   [GPU] 800,020 evals (24032 batches, avg 33/batch = 7% of 512, 2838 evals/s, 226 msg/s, 12.5 leaves/msg, 282s)
2026-08-10 13:24:36   [GPU] 850,011 evals (25585 batches, avg 33/batch = 6% of 512, 2834 evals/s, 227 msg/s, 12.5 leaves/msg, 300s)
2026-08-10 13:24:53   [GPU] 900,020 evals (27140 batches, avg 33/batch = 6% of 512, 2837 evals/s, 228 msg/s, 12.4 leaves/msg, 317s)
2026-08-10 13:25:12   [GPU] 950,005 evals (28838 batches, avg 33/batch = 6% of 512, 2822 evals/s, 229 msg/s, 12.3 leaves/msg, 337s)
2026-08-10 13:25:31   [GPU] 1,000,007 evals (30492 batches, avg 33/batch = 6% of 512, 2813 evals/s, 230 msg/s, 12.2 leaves/msg, 356s)
2026-08-10 13:25:49   [GPU] 1,050,021 evals (32122 batches, avg 33/batch = 6% of 512, 2810 evals/s, 231 msg/s, 12.2 leaves/msg, 374s)
2026-08-10 13:26:07   [GPU] 1,100,051 evals (33677 batches, avg 33/batch = 6% of 512, 2811 evals/s, 232 msg/s, 12.1 leaves/msg, 391s)
2026-08-10 13:26:14 [iter 28/60] eval vs best: 10/40 games (399s, cand 60%)
2026-08-10 13:26:24   [GPU] 1,150,031 evals (35155 batches, avg 33/batch = 6% of 512, 2813 evals/s, 231 msg/s, 12.2 leaves/msg, 409s)
2026-08-10 13:26:42   [GPU] 1,200,007 evals (36636 batches, avg 33/batch = 6% of 512, 2815 evals/s, 230 msg/s, 12.2 leaves/msg, 426s)
2026-08-10 13:26:59   [GPU] 1,250,004 evals (38107 batches, avg 33/batch = 6% of 512, 2819 evals/s, 230 msg/s, 12.3 leaves/msg, 443s)
2026-08-10 13:27:15   [GPU] 1,300,027 evals (39495 batches, avg 33/batch = 6% of 512, 2829 evals/s, 229 msg/s, 12.3 leaves/msg, 460s)
2026-08-10 13:27:30   [GPU] 1,350,018 evals (40787 batches, avg 33/batch = 6% of 512, 2847 evals/s, 230 msg/s, 12.4 leaves/msg, 474s)
2026-08-10 13:27:44   [GPU] 1,400,033 evals (42046 batches, avg 33/batch = 7% of 512, 2865 evals/s, 231 msg/s, 12.4 leaves/msg, 489s)
2026-08-10 13:27:59 [iter 28/60] eval vs best: 15/40 games (503s, cand 67%)
2026-08-10 13:27:59   [GPU] 1,450,002 evals (43292 batches, avg 33/batch = 7% of 512, 2881 evals/s, 232 msg/s, 12.4 leaves/msg, 503s)
2026-08-10 13:28:14   [GPU] 1,500,023 evals (44627 batches, avg 34/batch = 7% of 512, 2893 evals/s, 233 msg/s, 12.4 leaves/msg, 518s)
2026-08-10 13:28:29   [GPU] 1,550,022 evals (45911 batches, avg 34/batch = 7% of 512, 2907 evals/s, 233 msg/s, 12.5 leaves/msg, 533s)
2026-08-10 13:28:43   [GPU] 1,600,005 evals (47140 batches, avg 34/batch = 7% of 512, 2924 evals/s, 234 msg/s, 12.5 leaves/msg, 547s)
2026-08-10 13:28:57   [GPU] 1,650,007 evals (48373 batches, avg 34/batch = 7% of 512, 2941 evals/s, 235 msg/s, 12.5 leaves/msg, 561s)
2026-08-10 13:29:12   [GPU] 1,700,043 evals (49697 batches, avg 34/batch = 7% of 512, 2949 evals/s, 235 msg/s, 12.5 leaves/msg, 576s)
2026-08-10 13:29:26   [GPU] 1,750,012 evals (50943 batches, avg 34/batch = 7% of 512, 2962 evals/s, 236 msg/s, 12.5 leaves/msg, 591s)
2026-08-10 13:29:41   [GPU] 1,800,013 evals (52229 batches, avg 34/batch = 7% of 512, 2973 evals/s, 236 msg/s, 12.6 leaves/msg, 605s)
2026-08-10 13:29:56   [GPU] 1,850,014 evals (53517 batches, avg 35/batch = 7% of 512, 2983 evals/s, 237 msg/s, 12.6 leaves/msg, 620s)
2026-08-10 13:30:00 [iter 28/60] eval vs best: 20/40 games (624s, cand 60%)
2026-08-10 13:30:11   [GPU] 1,900,032 evals (54857 batches, avg 35/batch = 7% of 512, 2990 evals/s, 237 msg/s, 12.6 leaves/msg, 636s)
2026-08-10 13:30:26   [GPU] 1,950,023 evals (56142 batches, avg 35/batch = 7% of 512, 2999 evals/s, 238 msg/s, 12.6 leaves/msg, 650s)
2026-08-10 13:30:40   [GPU] 2,000,015 evals (57383 batches, avg 35/batch = 7% of 512, 3010 evals/s, 238 msg/s, 12.6 leaves/msg, 664s)
2026-08-10 13:30:54   [GPU] 2,050,015 evals (58641 batches, avg 35/batch = 7% of 512, 3020 evals/s, 239 msg/s, 12.7 leaves/msg, 679s)
2026-08-10 13:31:10   [GPU] 2,100,025 evals (59992 batches, avg 35/batch = 7% of 512, 3024 evals/s, 239 msg/s, 12.7 leaves/msg, 694s)
2026-08-10 13:31:24   [GPU] 2,150,043 evals (61289 batches, avg 35/batch = 7% of 512, 3033 evals/s, 239 msg/s, 12.7 leaves/msg, 709s)
2026-08-10 13:31:38   [GPU] 2,200,013 evals (62529 batches, avg 35/batch = 7% of 512, 3044 evals/s, 240 msg/s, 12.7 leaves/msg, 723s)
2026-08-10 13:31:53   [GPU] 2,250,057 evals (63846 batches, avg 35/batch = 7% of 512, 3051 evals/s, 241 msg/s, 12.7 leaves/msg, 737s)
2026-08-10 13:32:09   [GPU] 2,300,013 evals (65296 batches, avg 35/batch = 7% of 512, 3052 evals/s, 240 msg/s, 12.7 leaves/msg, 754s)
2026-08-10 13:32:14 [iter 28/60] eval vs best: 25/40 games (758s, cand 56%)
2026-08-10 13:32:27   [GPU] 2,350,053 evals (66850 batches, avg 35/batch = 7% of 512, 3045 evals/s, 239 msg/s, 12.7 leaves/msg, 772s)
2026-08-10 13:32:43   [GPU] 2,400,021 evals (68302 batches, avg 35/batch = 7% of 512, 3047 evals/s, 239 msg/s, 12.7 leaves/msg, 788s)
2026-08-10 13:32:58   [GPU] 2,450,008 evals (69692 batches, avg 35/batch = 7% of 512, 3052 evals/s, 239 msg/s, 12.8 leaves/msg, 803s)
2026-08-10 13:33:12   [GPU] 2,500,012 evals (70972 batches, avg 35/batch = 7% of 512, 3061 evals/s, 240 msg/s, 12.8 leaves/msg, 817s)
2026-08-10 13:33:25   [GPU] 2,550,019 evals (72202 batches, avg 35/batch = 7% of 512, 3073 evals/s, 240 msg/s, 12.8 leaves/msg, 830s)
2026-08-10 13:33:40   [GPU] 2,600,033 evals (73584 batches, avg 35/batch = 7% of 512, 3078 evals/s, 241 msg/s, 12.8 leaves/msg, 845s)
2026-08-10 13:33:56   [GPU] 2,650,020 evals (75052 batches, avg 35/batch = 7% of 512, 3079 evals/s, 240 msg/s, 12.8 leaves/msg, 861s)
2026-08-10 13:34:14   [GPU] 2,700,014 evals (76645 batches, avg 35/batch = 7% of 512, 3074 evals/s, 240 msg/s, 12.8 leaves/msg, 878s)
2026-08-10 13:34:25 [iter 28/60] eval vs best: 30/40 games (890s, cand 59%)
2026-08-10 13:34:35   [GPU] 2,750,007 evals (78385 batches, avg 35/batch = 7% of 512, 3058 evals/s, 238 msg/s, 12.8 leaves/msg, 899s)
2026-08-10 13:34:59   [GPU] 2,800,029 evals (80290 batches, avg 35/batch = 7% of 512, 3033 evals/s, 236 msg/s, 12.8 leaves/msg, 923s)
2026-08-10 13:35:21   [GPU] 2,850,035 evals (82105 batches, avg 35/batch = 7% of 512, 3015 evals/s, 235 msg/s, 12.8 leaves/msg, 945s)
2026-08-10 13:35:39   [GPU] 2,900,036 evals (83726 batches, avg 35/batch = 7% of 512, 3009 evals/s, 234 msg/s, 12.8 leaves/msg, 964s)
2026-08-10 13:35:57   [GPU] 2,950,014 evals (85345 batches, avg 35/batch = 7% of 512, 3005 evals/s, 234 msg/s, 12.9 leaves/msg, 982s)
2026-08-10 13:36:15   [GPU] 3,000,016 evals (86971 batches, avg 34/batch = 7% of 512, 3000 evals/s, 233 msg/s, 12.9 leaves/msg, 1000s)
2026-08-10 13:36:34   [GPU] 3,050,024 evals (88621 batches, avg 34/batch = 7% of 512, 2996 evals/s, 233 msg/s, 12.9 leaves/msg, 1018s)
2026-08-10 13:37:00   [GPU] 3,100,009 evals (90752 batches, avg 34/batch = 7% of 512, 2970 evals/s, 231 msg/s, 12.8 leaves/msg, 1044s)
2026-08-10 13:37:33   [GPU] 3,150,011 evals (93280 batches, avg 34/batch = 7% of 512, 2924 evals/s, 228 msg/s, 12.8 leaves/msg, 1077s)
2026-08-10 13:37:42 [iter 28/60] eval vs best: 35/40 games (1086s, cand 61%)
2026-08-10 13:38:35   [GPU] 3,200,009 evals (96878 batches, avg 33/batch = 6% of 512, 2807 evals/s, 220 msg/s, 12.8 leaves/msg, 1140s)
2026-08-10 13:39:43   [GPU] 3,250,010 evals (100317 batches, avg 32/batch = 6% of 512, 2692 evals/s, 211 msg/s, 12.8 leaves/msg, 1207s)
2026-08-10 13:41:11   [GPU] 3,300,013 evals (104021 batches, avg 32/batch = 6% of 512, 2547 evals/s, 200 msg/s, 12.8 leaves/msg, 1295s)
2026-08-10 13:43:01   [GPU] 3,350,001 evals (107350 batches, avg 31/batch = 6% of 512, 2383 evals/s, 186 msg/s, 12.8 leaves/msg, 1406s)
2026-08-10 13:43:47 [iter 28/60] eval vs best: 40/40 games (1451s, cand 59%)
2026-08-10 13:43:47 [iter 28/60] eval vs best done: 59.5% of 37 decided, 31 adjudicated reject (1452s)
2026-08-10 13:43:47 [iter 28/60] eval vs random (8 games, 600 sims)...
2026-08-10 13:43:47 [EVAL-MP] 8 workers spawned (8 vs_random games, sims=600), GPU batcher starting...
2026-08-10 13:44:05   [GPU] 50,027 evals (1376 batches, avg 36/batch = 7% of 512, 2881 evals/s, 197 msg/s, 14.7 leaves/msg, 17s)
2026-08-10 13:44:07 [iter 28/60] eval vs random: 5/8 games (20s, cand 100%)
2026-08-10 13:44:41   [GPU] 100,008 evals (3741 batches, avg 27/batch = 5% of 512, 1865 evals/s, 128 msg/s, 14.6 leaves/msg, 54s)
2026-08-10 13:45:14 [iter 28/60] eval vs random: 8/8 games (86s, cand 100%)
2026-08-10 13:45:14 [iter 28/60] eval vs random done: 100.0% (87s)
2026-08-10 13:45:14 [iter 28/60] eval vs greedy (80 games, 600 sims)...
2026-08-10 13:45:14 [EVAL-MP] 8 workers spawned (80 vs_greedy games, sims=600), GPU batcher starting...
2026-08-10 13:45:30   [GPU] 50,014 evals (1266 batches, avg 40/batch = 8% of 512, 3101 evals/s, 202 msg/s, 15.3 leaves/msg, 16s)
2026-08-10 13:45:38 [iter 28/60] eval vs greedy: 5/80 games (24s, cand 80%)
2026-08-10 13:45:44   [GPU] 100,011 evals (2550 batches, avg 39/batch = 8% of 512, 3372 evals/s, 233 msg/s, 14.5 leaves/msg, 30s)
2026-08-10 13:45:57 [iter 28/60] eval vs greedy: 10/80 games (42s, cand 70%)
2026-08-10 13:45:57   [GPU] 150,007 evals (3801 batches, avg 39/batch = 8% of 512, 3531 evals/s, 241 msg/s, 14.6 leaves/msg, 42s)
2026-08-10 13:46:05 [iter 28/60] eval vs greedy: 15/80 games (51s, cand 80%)
2026-08-10 13:46:10   [GPU] 200,006 evals (5092 batches, avg 39/batch = 8% of 512, 3561 evals/s, 244 msg/s, 14.6 leaves/msg, 56s)
2026-08-10 13:46:23   [GPU] 250,039 evals (6308 batches, avg 40/batch = 8% of 512, 3657 evals/s, 250 msg/s, 14.6 leaves/msg, 68s)
2026-08-10 13:46:23 [iter 28/60] eval vs greedy: 20/80 games (69s, cand 85%)
2026-08-10 13:46:36   [GPU] 300,019 evals (7599 batches, avg 39/batch = 8% of 512, 3669 evals/s, 254 msg/s, 14.4 leaves/msg, 82s)
2026-08-10 13:46:36 [iter 28/60] eval vs greedy: 25/80 games (82s, cand 80%)
2026-08-10 13:46:50   [GPU] 350,029 evals (8890 batches, avg 39/batch = 8% of 512, 3671 evals/s, 253 msg/s, 14.5 leaves/msg, 95s)
2026-08-10 13:46:55 [iter 28/60] eval vs greedy: 30/80 games (101s, cand 80%)
2026-08-10 13:47:00 [iter 28/60] eval vs greedy: 35/80 games (106s, cand 77%)
2026-08-10 13:47:02   [GPU] 400,004 evals (10114 batches, avg 40/batch = 8% of 512, 3709 evals/s, 257 msg/s, 14.5 leaves/msg, 108s)
2026-08-10 13:47:15   [GPU] 450,053 evals (11364 batches, avg 40/batch = 8% of 512, 3731 evals/s, 258 msg/s, 14.5 leaves/msg, 121s)
2026-08-10 13:47:17 [iter 28/60] eval vs greedy: 40/80 games (122s, cand 80%)
2026-08-10 13:47:27   [GPU] 500,023 evals (12584 batches, avg 40/batch = 8% of 512, 3757 evals/s, 259 msg/s, 14.5 leaves/msg, 133s)
2026-08-10 13:47:30 [iter 28/60] eval vs greedy: 45/80 games (136s, cand 82%)
2026-08-10 13:47:41   [GPU] 550,019 evals (13886 batches, avg 40/batch = 8% of 512, 3753 evals/s, 260 msg/s, 14.5 leaves/msg, 147s)
2026-08-10 13:47:44 [iter 28/60] eval vs greedy: 50/80 games (150s, cand 82%)
2026-08-10 13:47:52 [iter 28/60] eval vs greedy: 55/80 games (158s, cand 80%)
2026-08-10 13:47:54   [GPU] 600,015 evals (15162 batches, avg 40/batch = 8% of 512, 3763 evals/s, 261 msg/s, 14.4 leaves/msg, 159s)
2026-08-10 13:48:06 [iter 28/60] eval vs greedy: 60/80 games (172s, cand 80%)
2026-08-10 13:48:06   [GPU] 650,035 evals (16414 batches, avg 40/batch = 8% of 512, 3779 evals/s, 261 msg/s, 14.5 leaves/msg, 172s)
2026-08-10 13:48:19   [GPU] 700,001 evals (17661 batches, avg 40/batch = 8% of 512, 3783 evals/s, 261 msg/s, 14.5 leaves/msg, 185s)
2026-08-10 13:48:24 [iter 28/60] eval vs greedy: 65/80 games (190s, cand 82%)
2026-08-10 13:48:31 [iter 28/60] eval vs greedy: 70/80 games (197s, cand 83%)
2026-08-10 13:48:33   [GPU] 750,012 evals (19039 batches, avg 39/batch = 8% of 512, 3765 evals/s, 260 msg/s, 14.5 leaves/msg, 199s)
2026-08-10 13:48:52 [iter 28/60] eval vs greedy: 75/80 games (218s, cand 84%)
2026-08-10 13:48:53   [GPU] 800,005 evals (20723 batches, avg 39/batch = 8% of 512, 3664 evals/s, 254 msg/s, 14.4 leaves/msg, 218s)
2026-08-10 13:49:19 [iter 28/60] eval vs greedy: 80/80 games (245s, cand 82%)
2026-08-10 13:49:19 [iter 28/60] eval vs greedy done: 82.5% of 80 decided [seat0:29/40 seat1:37/40] (245s)
2026-08-10 13:49:19 [iter 28/60] eval vs minimax (depth 2, 40 games)...
2026-08-10 13:49:19 [EVAL-MP] 8 workers spawned (40 vs_minimax games, sims=600), GPU batcher starting...
2026-08-10 13:49:38   [GPU] 50,022 evals (1425 batches, avg 35/batch = 7% of 512, 2681 evals/s, 174 msg/s, 15.4 leaves/msg, 19s)
2026-08-10 13:49:50   [GPU] 100,001 evals (2582 batches, avg 39/batch = 8% of 512, 3247 evals/s, 220 msg/s, 14.7 leaves/msg, 31s)
2026-08-10 13:49:58 [iter 28/60] eval vs minimax: 5/40 games (20%)
2026-08-10 13:50:04   [GPU] 150,077 evals (3907 batches, avg 38/batch = 8% of 512, 3330 evals/s, 239 msg/s, 13.9 leaves/msg, 45s)
2026-08-10 13:50:18   [GPU] 200,024 evals (5169 batches, avg 39/batch = 8% of 512, 3411 evals/s, 241 msg/s, 14.1 leaves/msg, 59s)
2026-08-10 13:50:30   [GPU] 250,004 evals (6357 batches, avg 39/batch = 8% of 512, 3544 evals/s, 252 msg/s, 14.1 leaves/msg, 71s)
2026-08-10 13:50:41   [GPU] 300,003 evals (7524 batches, avg 40/batch = 8% of 512, 3665 evals/s, 262 msg/s, 14.0 leaves/msg, 82s)
2026-08-10 13:50:49 [iter 28/60] eval vs minimax: 10/40 games (10%)
2026-08-10 13:50:52   [GPU] 350,033 evals (8663 batches, avg 40/batch = 8% of 512, 3757 evals/s, 269 msg/s, 14.0 leaves/msg, 93s)
2026-08-10 13:51:04   [GPU] 400,048 evals (9843 batches, avg 41/batch = 8% of 512, 3807 evals/s, 272 msg/s, 14.0 leaves/msg, 105s)
2026-08-10 13:51:13 [iter 28/60] eval vs minimax: 15/40 games (8%)
2026-08-10 13:51:17   [GPU] 450,041 evals (11115 batches, avg 40/batch = 8% of 512, 3812 evals/s, 274 msg/s, 13.9 leaves/msg, 118s)
2026-08-10 13:51:31   [GPU] 500,007 evals (12447 batches, avg 40/batch = 8% of 512, 3802 evals/s, 274 msg/s, 13.9 leaves/msg, 132s)
2026-08-10 13:51:32 [iter 28/60] eval vs minimax: 20/40 games (6%)
2026-08-10 13:51:44   [GPU] 550,011 evals (13742 batches, avg 40/batch = 8% of 512, 3789 evals/s, 273 msg/s, 13.9 leaves/msg, 145s)
2026-08-10 13:51:59   [GPU] 600,021 evals (15191 batches, avg 39/batch = 8% of 512, 3753 evals/s, 273 msg/s, 13.8 leaves/msg, 160s)
2026-08-10 13:52:03 [iter 28/60] eval vs minimax: 25/40 games (5%)
2026-08-10 13:52:17   [GPU] 650,019 evals (16873 batches, avg 39/batch = 8% of 512, 3660 evals/s, 268 msg/s, 13.7 leaves/msg, 178s)
2026-08-10 13:52:32 [iter 28/60] eval vs minimax: 30/40 games (4%)
2026-08-10 13:52:36   [GPU] 700,022 evals (18678 batches, avg 37/batch = 7% of 512, 3557 evals/s, 263 msg/s, 13.5 leaves/msg, 197s)
2026-08-10 13:52:59   [GPU] 750,004 evals (20664 batches, avg 36/batch = 7% of 512, 3418 evals/s, 253 msg/s, 13.5 leaves/msg, 219s)
2026-08-10 13:53:04 [iter 28/60] eval vs minimax: 35/40 games (3%)
2026-08-10 13:54:03   [GPU] 800,001 evals (23945 batches, avg 33/batch = 7% of 512, 2818 evals/s, 211 msg/s, 13.3 leaves/msg, 284s)
2026-08-10 13:55:33 [iter 28/60] eval vs minimax: 40/40 games (3%)
2026-08-10 13:55:34 [iter 28/60] eval vs minimax done: 3.1% of 32 decided [seat0:1/20 seat1:0/20] (375s)
2026-08-10 13:55:34 >>> iter 28 | loss_p=1.163 loss_v=0.081 | vs_best=59.5% reject | vs_rand=100.0% | draw=15% | buf=100000 | rss=3.34GB | sp=967s train=8s eval_best=1452s eval_rand=87s | total=3136s
2026-08-10 13:55:34 [iter 29/60] self-play starting (160 games, 600 sims, MIXED 80/160 race-only)...
2026-08-10 13:55:34 [PARALLEL-MP] 8 workers spawned (160 games, sims=600), GPU batcher starting...
2026-08-10 13:55:47   [GPU] 50,052 evals (967 batches, avg 52/batch = 10% of 512, 3969 evals/s, 310 msg/s, 12.8 leaves/msg, 13s)
2026-08-10 13:55:53 [iter 29/60] self-play: 5/160 games...
2026-08-10 13:55:58   [GPU] 100,043 evals (2124 batches, avg 47/batch = 9% of 512, 4090 evals/s, 312 msg/s, 13.1 leaves/msg, 24s)
2026-08-10 13:56:11   [GPU] 150,046 evals (3355 batches, avg 45/batch = 9% of 512, 4051 evals/s, 306 msg/s, 13.3 leaves/msg, 37s)
2026-08-10 13:56:12 [iter 29/60] self-play: 10/160 games...
2026-08-10 13:56:22   [GPU] 200,011 evals (4543 batches, avg 44/batch = 9% of 512, 4130 evals/s, 315 msg/s, 13.1 leaves/msg, 48s)
2026-08-10 13:56:33   [GPU] 250,003 evals (5645 batches, avg 44/batch = 9% of 512, 4258 evals/s, 324 msg/s, 13.1 leaves/msg, 59s)
2026-08-10 13:56:42   [GPU] 300,061 evals (6678 batches, avg 45/batch = 9% of 512, 4396 evals/s, 335 msg/s, 13.1 leaves/msg, 68s)
2026-08-10 13:56:46 [iter 29/60] self-play: 15/160 games...
2026-08-10 13:56:52   [GPU] 350,035 evals (7695 batches, avg 45/batch = 9% of 512, 4485 evals/s, 345 msg/s, 13.0 leaves/msg, 78s)
2026-08-10 13:57:02   [GPU] 400,007 evals (8719 batches, avg 46/batch = 9% of 512, 4557 evals/s, 349 msg/s, 13.1 leaves/msg, 88s)
2026-08-10 13:57:11   [GPU] 450,029 evals (9720 batches, avg 46/batch = 9% of 512, 4638 evals/s, 352 msg/s, 13.2 leaves/msg, 97s)
2026-08-10 13:57:16 [iter 29/60] self-play: 20/160 games...
2026-08-10 13:57:19   [GPU] 500,029 evals (10624 batches, avg 47/batch = 9% of 512, 4758 evals/s, 361 msg/s, 13.2 leaves/msg, 105s)
2026-08-10 13:57:27   [GPU] 550,013 evals (11502 batches, avg 48/batch = 9% of 512, 4869 evals/s, 367 msg/s, 13.3 leaves/msg, 113s)
2026-08-10 13:57:35   [GPU] 600,008 evals (12413 batches, avg 48/batch = 9% of 512, 4950 evals/s, 374 msg/s, 13.2 leaves/msg, 121s)
2026-08-10 13:57:43   [GPU] 650,013 evals (13305 batches, avg 49/batch = 10% of 512, 5024 evals/s, 378 msg/s, 13.3 leaves/msg, 129s)
2026-08-10 13:57:48 [iter 29/60] self-play: 25/160 games...
2026-08-10 13:57:53   [GPU] 700,041 evals (14346 batches, avg 49/batch = 10% of 512, 5034 evals/s, 381 msg/s, 13.2 leaves/msg, 139s)
2026-08-10 13:58:03   [GPU] 750,021 evals (15391 batches, avg 49/batch = 10% of 512, 5034 evals/s, 382 msg/s, 13.2 leaves/msg, 149s)
2026-08-10 13:58:13 [iter 29/60] self-play: 30/160 games...
2026-08-10 13:58:13   [GPU] 800,038 evals (16476 batches, avg 49/batch = 9% of 512, 5024 evals/s, 383 msg/s, 13.1 leaves/msg, 159s)
2026-08-10 13:58:25   [GPU] 850,075 evals (17641 batches, avg 48/batch = 9% of 512, 4984 evals/s, 381 msg/s, 13.1 leaves/msg, 171s)
2026-08-10 13:58:35   [GPU] 900,045 evals (18698 batches, avg 48/batch = 9% of 512, 4980 evals/s, 380 msg/s, 13.1 leaves/msg, 181s)
2026-08-10 13:58:36 [iter 29/60] self-play: 35/160 games...
2026-08-10 13:58:46   [GPU] 950,002 evals (19876 batches, avg 48/batch = 9% of 512, 4945 evals/s, 378 msg/s, 13.1 leaves/msg, 192s)
2026-08-10 13:58:57   [GPU] 1,000,012 evals (21082 batches, avg 47/batch = 9% of 512, 4914 evals/s, 375 msg/s, 13.1 leaves/msg, 204s)
2026-08-10 13:59:07   [GPU] 1,050,000 evals (22136 batches, avg 47/batch = 9% of 512, 4920 evals/s, 376 msg/s, 13.1 leaves/msg, 213s)
2026-08-10 13:59:12 [iter 29/60] self-play: 40/160 games...
2026-08-10 13:59:18   [GPU] 1,100,007 evals (23232 batches, avg 47/batch = 9% of 512, 4907 evals/s, 375 msg/s, 13.1 leaves/msg, 224s)
2026-08-10 13:59:29   [GPU] 1,150,061 evals (24316 batches, avg 47/batch = 9% of 512, 4901 evals/s, 375 msg/s, 13.1 leaves/msg, 235s)
2026-08-10 13:59:39   [GPU] 1,200,031 evals (25392 batches, avg 47/batch = 9% of 512, 4898 evals/s, 374 msg/s, 13.1 leaves/msg, 245s)
2026-08-10 13:59:49   [GPU] 1,250,035 evals (26428 batches, avg 47/batch = 9% of 512, 4909 evals/s, 375 msg/s, 13.1 leaves/msg, 255s)
2026-08-10 13:59:54 [iter 29/60] self-play: 45/160 games...
2026-08-10 13:59:58   [GPU] 1,300,011 evals (27384 batches, avg 47/batch = 9% of 512, 4928 evals/s, 377 msg/s, 13.1 leaves/msg, 264s)
2026-08-10 14:00:08   [GPU] 1,350,004 evals (28485 batches, avg 47/batch = 9% of 512, 4921 evals/s, 377 msg/s, 13.1 leaves/msg, 274s)
2026-08-10 14:00:19   [GPU] 1,400,015 evals (29633 batches, avg 47/batch = 9% of 512, 4903 evals/s, 375 msg/s, 13.1 leaves/msg, 286s)
2026-08-10 14:00:30   [GPU] 1,450,023 evals (30710 batches, avg 47/batch = 9% of 512, 4900 evals/s, 375 msg/s, 13.1 leaves/msg, 296s)
2026-08-10 14:00:33 [iter 29/60] self-play: 50/160 games...
2026-08-10 14:00:39   [GPU] 1,500,060 evals (31718 batches, avg 47/batch = 9% of 512, 4911 evals/s, 376 msg/s, 13.1 leaves/msg, 305s)
2026-08-10 14:00:49   [GPU] 1,550,014 evals (32748 batches, avg 47/batch = 9% of 512, 4912 evals/s, 377 msg/s, 13.0 leaves/msg, 316s)
2026-08-10 14:00:52 [iter 29/60] self-play: 55/160 games...
2026-08-10 14:00:59   [GPU] 1,600,049 evals (33758 batches, avg 47/batch = 9% of 512, 4916 evals/s, 378 msg/s, 13.0 leaves/msg, 325s)
2026-08-10 14:01:10 [iter 29/60] self-play: 60/160 games...
2026-08-10 14:01:11   [GPU] 1,650,008 evals (34947 batches, avg 47/batch = 9% of 512, 4897 evals/s, 377 msg/s, 13.0 leaves/msg, 337s)
2026-08-10 14:01:22   [GPU] 1,700,006 evals (36041 batches, avg 47/batch = 9% of 512, 4890 evals/s, 376 msg/s, 13.0 leaves/msg, 348s)
2026-08-10 14:01:32   [GPU] 1,750,016 evals (37134 batches, avg 47/batch = 9% of 512, 4886 evals/s, 375 msg/s, 13.0 leaves/msg, 358s)
2026-08-10 14:01:36 [iter 29/60] self-play: 65/160 games...
2026-08-10 14:01:45   [GPU] 1,800,031 evals (38417 batches, avg 47/batch = 9% of 512, 4857 evals/s, 374 msg/s, 13.0 leaves/msg, 371s)
2026-08-10 14:01:57 [iter 29/60] self-play: 70/160 games...
2026-08-10 14:01:57   [GPU] 1,850,045 evals (39687 batches, avg 47/batch = 9% of 512, 4829 evals/s, 373 msg/s, 12.9 leaves/msg, 383s)
2026-08-10 14:02:09   [GPU] 1,900,022 evals (40886 batches, avg 46/batch = 9% of 512, 4814 evals/s, 372 msg/s, 12.9 leaves/msg, 395s)
2026-08-10 14:02:19   [GPU] 1,950,018 evals (41969 batches, avg 46/batch = 9% of 512, 4813 evals/s, 372 msg/s, 12.9 leaves/msg, 405s)
2026-08-10 14:02:29   [GPU] 2,000,006 evals (42978 batches, avg 47/batch = 9% of 512, 4824 evals/s, 373 msg/s, 12.9 leaves/msg, 415s)
2026-08-10 14:02:29 [iter 29/60] self-play: 75/160 games...
2026-08-10 14:02:39   [GPU] 2,050,036 evals (44128 batches, avg 46/batch = 9% of 512, 4819 evals/s, 373 msg/s, 12.9 leaves/msg, 425s)
2026-08-10 14:02:50   [GPU] 2,100,030 evals (45284 batches, avg 46/batch = 9% of 512, 4813 evals/s, 372 msg/s, 12.9 leaves/msg, 436s)
2026-08-10 14:03:00   [GPU] 2,150,058 evals (46359 batches, avg 46/batch = 9% of 512, 4820 evals/s, 373 msg/s, 12.9 leaves/msg, 446s)
2026-08-10 14:03:03 [iter 29/60] self-play: 80/160 games...
2026-08-10 14:03:10   [GPU] 2,200,042 evals (47473 batches, avg 46/batch = 9% of 512, 4819 evals/s, 374 msg/s, 12.9 leaves/msg, 457s)
2026-08-10 14:03:22   [GPU] 2,250,000 evals (48633 batches, avg 46/batch = 9% of 512, 4812 evals/s, 373 msg/s, 12.9 leaves/msg, 468s)
2026-08-10 14:03:32   [GPU] 2,300,005 evals (49752 batches, avg 46/batch = 9% of 512, 4808 evals/s, 373 msg/s, 12.9 leaves/msg, 478s)
2026-08-10 14:03:38 [iter 29/60] self-play: 85/160 games...
2026-08-10 14:03:43   [GPU] 2,350,030 evals (50805 batches, avg 46/batch = 9% of 512, 4810 evals/s, 373 msg/s, 12.9 leaves/msg, 489s)
2026-08-10 14:03:53   [GPU] 2,400,014 evals (51902 batches, avg 46/batch = 9% of 512, 4811 evals/s, 373 msg/s, 12.9 leaves/msg, 499s)
2026-08-10 14:04:00 [iter 29/60] self-play: 90/160 games...
2026-08-10 14:04:03   [GPU] 2,450,009 evals (52881 batches, avg 46/batch = 9% of 512, 4817 evals/s, 374 msg/s, 12.9 leaves/msg, 509s)
2026-08-10 14:04:13   [GPU] 2,500,043 evals (53981 batches, avg 46/batch = 9% of 512, 4813 evals/s, 373 msg/s, 12.9 leaves/msg, 519s)
2026-08-10 14:04:22 [iter 29/60] self-play: 95/160 games...
2026-08-10 14:04:24   [GPU] 2,550,046 evals (55042 batches, avg 46/batch = 9% of 512, 4814 evals/s, 373 msg/s, 12.9 leaves/msg, 530s)
2026-08-10 14:04:33   [GPU] 2,600,004 evals (56030 batches, avg 46/batch = 9% of 512, 4822 evals/s, 374 msg/s, 12.9 leaves/msg, 539s)
2026-08-10 14:04:44   [GPU] 2,650,016 evals (57144 batches, avg 46/batch = 9% of 512, 4816 evals/s, 374 msg/s, 12.9 leaves/msg, 550s)
2026-08-10 14:04:50 [iter 29/60] self-play: 100/160 games...
2026-08-10 14:04:55   [GPU] 2,700,003 evals (58286 batches, avg 46/batch = 9% of 512, 4811 evals/s, 373 msg/s, 12.9 leaves/msg, 561s)
2026-08-10 14:05:06   [GPU] 2,750,062 evals (59400 batches, avg 46/batch = 9% of 512, 4809 evals/s, 374 msg/s, 12.9 leaves/msg, 572s)
2026-08-10 14:05:16   [GPU] 2,800,012 evals (60537 batches, avg 46/batch = 9% of 512, 4806 evals/s, 375 msg/s, 12.8 leaves/msg, 583s)
2026-08-10 14:05:26 [iter 29/60] self-play: 105/160 games...
2026-08-10 14:05:28   [GPU] 2,850,030 evals (61757 batches, avg 46/batch = 9% of 512, 4795 evals/s, 374 msg/s, 12.8 leaves/msg, 594s)
2026-08-10 14:05:40   [GPU] 2,900,016 evals (62958 batches, avg 46/batch = 9% of 512, 4786 evals/s, 374 msg/s, 12.8 leaves/msg, 606s)
2026-08-10 14:05:45 [iter 29/60] self-play: 110/160 games...
2026-08-10 14:05:54   [GPU] 2,950,001 evals (64341 batches, avg 46/batch = 9% of 512, 4761 evals/s, 373 msg/s, 12.8 leaves/msg, 620s)
2026-08-10 14:06:06   [GPU] 3,000,032 evals (65579 batches, avg 46/batch = 9% of 512, 4750 evals/s, 373 msg/s, 12.7 leaves/msg, 632s)
2026-08-10 14:06:17   [GPU] 3,050,025 evals (66827 batches, avg 46/batch = 9% of 512, 4740 evals/s, 372 msg/s, 12.7 leaves/msg, 644s)
2026-08-10 14:06:25 [iter 29/60] self-play: 115/160 games...
2026-08-10 14:06:29   [GPU] 3,100,015 evals (68048 batches, avg 46/batch = 9% of 512, 4730 evals/s, 372 msg/s, 12.7 leaves/msg, 655s)
2026-08-10 14:06:42   [GPU] 3,150,040 evals (69360 batches, avg 45/batch = 9% of 512, 4715 evals/s, 371 msg/s, 12.7 leaves/msg, 668s)
2026-08-10 14:06:55   [GPU] 3,200,046 evals (70721 batches, avg 45/batch = 9% of 512, 4700 evals/s, 371 msg/s, 12.7 leaves/msg, 681s)
2026-08-10 14:07:05   [GPU] 3,250,001 evals (71835 batches, avg 45/batch = 9% of 512, 4702 evals/s, 371 msg/s, 12.7 leaves/msg, 691s)
2026-08-10 14:07:07 [iter 29/60] self-play: 120/160 games...
2026-08-10 14:07:16   [GPU] 3,300,014 evals (72935 batches, avg 45/batch = 9% of 512, 4701 evals/s, 371 msg/s, 12.7 leaves/msg, 702s)
2026-08-10 14:07:29   [GPU] 3,350,016 evals (74215 batches, avg 45/batch = 9% of 512, 4688 evals/s, 370 msg/s, 12.7 leaves/msg, 715s)
2026-08-10 14:07:41   [GPU] 3,400,024 evals (75521 batches, avg 45/batch = 9% of 512, 4673 evals/s, 369 msg/s, 12.7 leaves/msg, 728s)
2026-08-10 14:07:53   [GPU] 3,450,033 evals (76664 batches, avg 45/batch = 9% of 512, 4670 evals/s, 368 msg/s, 12.7 leaves/msg, 739s)
2026-08-10 14:07:55 [iter 29/60] self-play: 125/160 games...
2026-08-10 14:08:04   [GPU] 3,500,038 evals (77813 batches, avg 45/batch = 9% of 512, 4668 evals/s, 369 msg/s, 12.7 leaves/msg, 750s)
2026-08-10 14:08:15   [GPU] 3,550,062 evals (78950 batches, avg 45/batch = 9% of 512, 4666 evals/s, 369 msg/s, 12.7 leaves/msg, 761s)
2026-08-10 14:08:21 [iter 29/60] self-play: 130/160 games...
2026-08-10 14:08:26   [GPU] 3,600,008 evals (80050 batches, avg 45/batch = 9% of 512, 4665 evals/s, 369 msg/s, 12.7 leaves/msg, 772s)
2026-08-10 14:08:37   [GPU] 3,650,029 evals (81276 batches, avg 45/batch = 9% of 512, 4659 evals/s, 368 msg/s, 12.7 leaves/msg, 783s)
2026-08-10 14:08:48   [GPU] 3,700,046 evals (82401 batches, avg 45/batch = 9% of 512, 4657 evals/s, 368 msg/s, 12.6 leaves/msg, 794s)
2026-08-10 14:08:51 [iter 29/60] self-play: 135/160 games...
2026-08-10 14:08:59   [GPU] 3,750,074 evals (83544 batches, avg 45/batch = 9% of 512, 4656 evals/s, 368 msg/s, 12.6 leaves/msg, 806s)
2026-08-10 14:09:10   [GPU] 3,800,000 evals (84595 batches, avg 45/batch = 9% of 512, 4659 evals/s, 369 msg/s, 12.6 leaves/msg, 816s)
2026-08-10 14:09:21   [GPU] 3,850,043 evals (85799 batches, avg 45/batch = 9% of 512, 4656 evals/s, 369 msg/s, 12.6 leaves/msg, 827s)
2026-08-10 14:09:33   [GPU] 3,900,019 evals (87005 batches, avg 45/batch = 9% of 512, 4651 evals/s, 369 msg/s, 12.6 leaves/msg, 839s)
2026-08-10 14:09:44 [iter 29/60] self-play: 140/160 games...
2026-08-10 14:09:45   [GPU] 3,950,015 evals (88279 batches, avg 45/batch = 9% of 512, 4642 evals/s, 369 msg/s, 12.6 leaves/msg, 851s)
2026-08-10 14:09:57   [GPU] 4,000,009 evals (89534 batches, avg 45/batch = 9% of 512, 4635 evals/s, 369 msg/s, 12.6 leaves/msg, 863s)
2026-08-10 14:10:10   [GPU] 4,050,030 evals (90904 batches, avg 45/batch = 9% of 512, 4621 evals/s, 369 msg/s, 12.5 leaves/msg, 876s)
2026-08-10 14:10:18 [iter 29/60] self-play: 145/160 games...
2026-08-10 14:10:23   [GPU] 4,100,031 evals (92217 batches, avg 44/batch = 9% of 512, 4612 evals/s, 368 msg/s, 12.5 leaves/msg, 889s)
2026-08-10 14:10:34   [GPU] 4,150,004 evals (93421 batches, avg 44/batch = 9% of 512, 4609 evals/s, 368 msg/s, 12.5 leaves/msg, 900s)
2026-08-10 14:10:39 [iter 29/60] self-play: 150/160 games...
2026-08-10 14:10:46   [GPU] 4,200,084 evals (94607 batches, avg 44/batch = 9% of 512, 4607 evals/s, 368 msg/s, 12.5 leaves/msg, 912s)
2026-08-10 14:10:56   [GPU] 4,250,012 evals (95762 batches, avg 44/batch = 9% of 512, 4608 evals/s, 368 msg/s, 12.5 leaves/msg, 922s)
2026-08-10 14:11:09 [iter 29/60] self-play: 155/160 games...
2026-08-10 14:11:09   [GPU] 4,300,020 evals (97080 batches, avg 44/batch = 9% of 512, 4599 evals/s, 368 msg/s, 12.5 leaves/msg, 935s)
2026-08-10 14:11:25   [GPU] 4,350,006 evals (98717 batches, avg 44/batch = 9% of 512, 4572 evals/s, 366 msg/s, 12.5 leaves/msg, 951s)
2026-08-10 14:11:41   [GPU] 4,400,001 evals (100295 batches, avg 44/batch = 9% of 512, 4550 evals/s, 364 msg/s, 12.5 leaves/msg, 967s)
2026-08-10 14:11:56   [GPU] 4,450,020 evals (101840 batches, avg 44/batch = 9% of 512, 4531 evals/s, 363 msg/s, 12.5 leaves/msg, 982s)
2026-08-10 14:12:17   [GPU] 4,500,014 evals (103795 batches, avg 43/batch = 8% of 512, 4486 evals/s, 359 msg/s, 12.5 leaves/msg, 1003s)
2026-08-10 14:13:17 [iter 29/60] self-play: 160/160 games...
2026-08-10 14:13:17 [iter 29/60] self-play done: 160 games (1063s) | wins: P0=27, P1=105, draw=28 | draw_rate=18% avg_len~24
2026-08-10 14:13:17 [iter 29/60] search: expanded=7.6 actions/node visits/action=78.8 walls/game=7.85 first_wall_ply=1.087 learner_sims/s=4706.31
2026-08-10 14:13:17 [iter 29/60] training (600 steps, lr=5.97e-04)...
2026-08-10 14:13:26 [iter 29/60] training done: loss_p=1.157 loss_v=0.080 (8s)
2026-08-10 14:13:27 [iter 29/60] data: policy_wall_mass=0.181 walled_states=60% walls_on_board=16.6 value_mae walled=0.182 free=0.070
2026-08-10 14:13:28 [iter 29/60] eval skipped (eval_every=4)
2026-08-10 14:13:28 >>> iter 29 | loss_p=1.157 loss_v=0.080 | vs_best=n/a (not evaluated) | vs_rand=n/a | draw=18% | buf=100000 | rss=3.36GB | sp=1063s train=8s eval_best=0s eval_rand=0s | total=1074s
2026-08-10 14:13:28 [iter 30/60] self-play starting (160 games, 600 sims, MIXED 80/160 race-only)...
2026-08-10 14:13:28 [PARALLEL-MP] 8 workers spawned (160 games, sims=600), GPU batcher starting...
2026-08-10 14:13:40   [GPU] 50,066 evals (937 batches, avg 53/batch = 10% of 512, 4225 evals/s, 300 msg/s, 14.1 leaves/msg, 12s)
2026-08-10 14:13:50 [iter 30/60] self-play: 5/160 games...
2026-08-10 14:13:51   [GPU] 100,042 evals (2061 batches, avg 49/batch = 9% of 512, 4274 evals/s, 323 msg/s, 13.2 leaves/msg, 23s)
2026-08-10 14:14:04   [GPU] 150,008 evals (3292 batches, avg 46/batch = 9% of 512, 4151 evals/s, 313 msg/s, 13.2 leaves/msg, 36s)
2026-08-10 14:14:16   [GPU] 200,022 evals (4486 batches, avg 45/batch = 9% of 512, 4125 evals/s, 310 msg/s, 13.3 leaves/msg, 48s)
2026-08-10 14:14:16 [iter 30/60] self-play: 10/160 games...
2026-08-10 14:14:28   [GPU] 250,001 evals (5667 batches, avg 44/batch = 9% of 512, 4163 evals/s, 312 msg/s, 13.3 leaves/msg, 60s)
2026-08-10 14:14:38   [GPU] 300,000 evals (6746 batches, avg 44/batch = 9% of 512, 4259 evals/s, 322 msg/s, 13.2 leaves/msg, 70s)
2026-08-10 14:14:42 [iter 30/60] self-play: 15/160 games...
2026-08-10 14:14:48   [GPU] 350,035 evals (7759 batches, avg 45/batch = 9% of 512, 4370 evals/s, 334 msg/s, 13.1 leaves/msg, 80s)
2026-08-10 14:14:58   [GPU] 400,014 evals (8795 batches, avg 45/batch = 9% of 512, 4454 evals/s, 342 msg/s, 13.0 leaves/msg, 90s)
2026-08-10 14:15:08   [GPU] 450,040 evals (9880 batches, avg 46/batch = 9% of 512, 4501 evals/s, 344 msg/s, 13.1 leaves/msg, 100s)
2026-08-10 14:15:17   [GPU] 500,014 evals (10878 batches, avg 46/batch = 9% of 512, 4574 evals/s, 349 msg/s, 13.1 leaves/msg, 109s)
2026-08-10 14:15:26   [GPU] 550,001 evals (11869 batches, avg 46/batch = 9% of 512, 4638 evals/s, 357 msg/s, 13.0 leaves/msg, 119s)
2026-08-10 14:15:35   [GPU] 600,092 evals (12827 batches, avg 47/batch = 9% of 512, 4707 evals/s, 362 msg/s, 13.0 leaves/msg, 127s)
2026-08-10 14:15:43 [iter 30/60] self-play: 20/160 games...
2026-08-10 14:15:44   [GPU] 650,009 evals (13773 batches, avg 47/batch = 9% of 512, 4780 evals/s, 368 msg/s, 13.0 leaves/msg, 136s)
2026-08-10 14:15:53   [GPU] 700,008 evals (14782 batches, avg 47/batch = 9% of 512, 4816 evals/s, 371 msg/s, 13.0 leaves/msg, 145s)
2026-08-10 14:16:03 [iter 30/60] self-play: 25/160 games...
2026-08-10 14:16:04   [GPU] 750,034 evals (15941 batches, avg 47/batch = 9% of 512, 4793 evals/s, 371 msg/s, 12.9 leaves/msg, 156s)
2026-08-10 14:16:15   [GPU] 800,015 evals (17062 batches, avg 47/batch = 9% of 512, 4775 evals/s, 370 msg/s, 12.9 leaves/msg, 168s)
2026-08-10 14:16:24 [iter 30/60] self-play: 30/160 games...
2026-08-10 14:16:26   [GPU] 850,045 evals (18112 batches, avg 47/batch = 9% of 512, 4771 evals/s, 369 msg/s, 12.9 leaves/msg, 178s)
2026-08-10 14:16:37   [GPU] 900,015 evals (19259 batches, avg 47/batch = 9% of 512, 4753 evals/s, 367 msg/s, 12.9 leaves/msg, 189s)
2026-08-10 14:16:48   [GPU] 950,047 evals (20422 batches, avg 47/batch = 9% of 512, 4736 evals/s, 367 msg/s, 12.9 leaves/msg, 201s)
2026-08-10 14:16:50 [iter 30/60] self-play: 35/160 games...
2026-08-10 14:17:00   [GPU] 1,000,050 evals (21557 batches, avg 46/batch = 9% of 512, 4719 evals/s, 365 msg/s, 12.9 leaves/msg, 212s)
2026-08-10 14:17:13   [GPU] 1,050,036 evals (22882 batches, avg 46/batch = 9% of 512, 4665 evals/s, 360 msg/s, 12.9 leaves/msg, 225s)
2026-08-10 14:17:24   [GPU] 1,100,011 evals (24040 batches, avg 46/batch = 9% of 512, 4657 evals/s, 360 msg/s, 12.9 leaves/msg, 236s)
2026-08-10 14:17:35   [GPU] 1,150,036 evals (25200 batches, avg 46/batch = 9% of 512, 4647 evals/s, 359 msg/s, 12.9 leaves/msg, 247s)
2026-08-10 14:17:46   [GPU] 1,200,039 evals (26343 batches, avg 46/batch = 9% of 512, 4643 evals/s, 358 msg/s, 13.0 leaves/msg, 258s)
2026-08-10 14:17:58   [GPU] 1,250,028 evals (27562 batches, avg 45/batch = 9% of 512, 4631 evals/s, 358 msg/s, 12.9 leaves/msg, 270s)
2026-08-10 14:18:09   [GPU] 1,300,008 evals (28809 batches, avg 45/batch = 9% of 512, 4618 evals/s, 357 msg/s, 12.9 leaves/msg, 281s)
2026-08-10 14:18:12 [iter 30/60] self-play: 40/160 games...
2026-08-10 14:18:20   [GPU] 1,350,030 evals (29974 batches, avg 45/batch = 9% of 512, 4616 evals/s, 357 msg/s, 12.9 leaves/msg, 292s)
2026-08-10 14:18:32   [GPU] 1,400,047 evals (31210 batches, avg 45/batch = 9% of 512, 4602 evals/s, 357 msg/s, 12.9 leaves/msg, 304s)
2026-08-10 14:18:44   [GPU] 1,450,010 evals (32428 batches, avg 45/batch = 9% of 512, 4586 evals/s, 355 msg/s, 12.9 leaves/msg, 316s)
2026-08-10 14:18:50 [iter 30/60] self-play: 45/160 games...
2026-08-10 14:18:55   [GPU] 1,500,051 evals (33553 batches, avg 45/batch = 9% of 512, 4589 evals/s, 356 msg/s, 12.9 leaves/msg, 327s)
2026-08-10 14:19:09   [GPU] 1,550,037 evals (34962 batches, avg 44/batch = 9% of 512, 4544 evals/s, 354 msg/s, 12.8 leaves/msg, 341s)
2026-08-10 14:19:16 [iter 30/60] self-play: 50/160 games...
2026-08-10 14:19:23   [GPU] 1,600,017 evals (36330 batches, avg 44/batch = 9% of 512, 4504 evals/s, 351 msg/s, 12.8 leaves/msg, 355s)
2026-08-10 14:19:37   [GPU] 1,650,018 evals (37744 batches, avg 44/batch = 9% of 512, 4468 evals/s, 348 msg/s, 12.8 leaves/msg, 369s)
2026-08-10 14:19:41 [iter 30/60] self-play: 55/160 games...
2026-08-10 14:19:48   [GPU] 1,700,001 evals (38947 batches, avg 44/batch = 9% of 512, 4465 evals/s, 349 msg/s, 12.8 leaves/msg, 381s)
2026-08-10 14:19:56 [iter 30/60] self-play: 60/160 games...
2026-08-10 14:20:01   [GPU] 1,750,013 evals (40211 batches, avg 44/batch = 9% of 512, 4454 evals/s, 350 msg/s, 12.7 leaves/msg, 393s)
2026-08-10 14:20:12   [GPU] 1,800,003 evals (41321 batches, avg 44/batch = 9% of 512, 4450 evals/s, 350 msg/s, 12.7 leaves/msg, 404s)
2026-08-10 14:20:17 [iter 30/60] self-play: 65/160 games...
2026-08-10 14:20:24   [GPU] 1,850,053 evals (42448 batches, avg 44/batch = 9% of 512, 4447 evals/s, 349 msg/s, 12.7 leaves/msg, 416s)
2026-08-10 14:20:35   [GPU] 1,900,015 evals (43521 batches, avg 44/batch = 9% of 512, 4451 evals/s, 349 msg/s, 12.7 leaves/msg, 427s)
2026-08-10 14:20:44   [GPU] 1,950,001 evals (44548 batches, avg 44/batch = 9% of 512, 4467 evals/s, 351 msg/s, 12.7 leaves/msg, 437s)
2026-08-10 14:20:54   [GPU] 2,000,003 evals (45606 batches, avg 44/batch = 9% of 512, 4477 evals/s, 352 msg/s, 12.7 leaves/msg, 447s)
2026-08-10 14:20:56 [iter 30/60] self-play: 70/160 games...
2026-08-10 14:21:06   [GPU] 2,050,015 evals (46772 batches, avg 44/batch = 9% of 512, 4477 evals/s, 352 msg/s, 12.7 leaves/msg, 458s)
2026-08-10 14:21:16   [GPU] 2,100,027 evals (47833 batches, avg 44/batch = 9% of 512, 4488 evals/s, 352 msg/s, 12.7 leaves/msg, 468s)
2026-08-10 14:21:24   [GPU] 2,150,077 evals (48649 batches, avg 44/batch = 9% of 512, 4517 evals/s, 354 msg/s, 12.8 leaves/msg, 476s)
2026-08-10 14:21:32   [GPU] 2,200,048 evals (49564 batches, avg 44/batch = 9% of 512, 4540 evals/s, 356 msg/s, 12.8 leaves/msg, 485s)
2026-08-10 14:21:40   [GPU] 2,250,007 evals (50396 batches, avg 45/batch = 9% of 512, 4567 evals/s, 358 msg/s, 12.8 leaves/msg, 493s)
2026-08-10 14:21:41 [iter 30/60] self-play: 75/160 games...
2026-08-10 14:21:50   [GPU] 2,300,018 evals (51345 batches, avg 45/batch = 9% of 512, 4580 evals/s, 358 msg/s, 12.8 leaves/msg, 502s)
2026-08-10 14:22:00   [GPU] 2,350,026 evals (52273 batches, avg 45/batch = 9% of 512, 4591 evals/s, 359 msg/s, 12.8 leaves/msg, 512s)
2026-08-10 14:22:09   [GPU] 2,400,005 evals (53209 batches, avg 45/batch = 9% of 512, 4608 evals/s, 360 msg/s, 12.8 leaves/msg, 521s)
2026-08-10 14:22:10 [iter 30/60] self-play: 80/160 games...
2026-08-10 14:22:19   [GPU] 2,450,001 evals (54314 batches, avg 45/batch = 9% of 512, 4611 evals/s, 361 msg/s, 12.8 leaves/msg, 531s)
2026-08-10 14:22:31   [GPU] 2,500,030 evals (55568 batches, avg 45/batch = 9% of 512, 4601 evals/s, 360 msg/s, 12.8 leaves/msg, 543s)
2026-08-10 14:22:37 [iter 30/60] self-play: 85/160 games...
2026-08-10 14:22:43   [GPU] 2,550,006 evals (56824 batches, avg 45/batch = 9% of 512, 4591 evals/s, 360 msg/s, 12.7 leaves/msg, 555s)
2026-08-10 14:22:55   [GPU] 2,600,029 evals (58047 batches, avg 45/batch = 9% of 512, 4582 evals/s, 360 msg/s, 12.7 leaves/msg, 567s)
2026-08-10 14:23:07   [GPU] 2,650,000 evals (59237 batches, avg 45/batch = 9% of 512, 4573 evals/s, 358 msg/s, 12.8 leaves/msg, 579s)
2026-08-10 14:23:12 [iter 30/60] self-play: 90/160 games...
2026-08-10 14:23:17   [GPU] 2,700,050 evals (60258 batches, avg 45/batch = 9% of 512, 4585 evals/s, 360 msg/s, 12.8 leaves/msg, 589s)
2026-08-10 14:23:28   [GPU] 2,750,032 evals (61450 batches, avg 45/batch = 9% of 512, 4582 evals/s, 360 msg/s, 12.7 leaves/msg, 600s)
2026-08-10 14:23:35 [iter 30/60] self-play: 95/160 games...
2026-08-10 14:23:38   [GPU] 2,800,008 evals (62572 batches, avg 45/batch = 9% of 512, 4585 evals/s, 361 msg/s, 12.7 leaves/msg, 611s)
2026-08-10 14:23:49   [GPU] 2,850,037 evals (63612 batches, avg 45/batch = 9% of 512, 4590 evals/s, 361 msg/s, 12.7 leaves/msg, 621s)
2026-08-10 14:23:58 [iter 30/60] self-play: 100/160 games...
2026-08-10 14:24:00   [GPU] 2,900,049 evals (64773 batches, avg 45/batch = 9% of 512, 4587 evals/s, 362 msg/s, 12.7 leaves/msg, 632s)
2026-08-10 14:24:11   [GPU] 2,950,013 evals (65844 batches, avg 45/batch = 9% of 512, 4587 evals/s, 362 msg/s, 12.7 leaves/msg, 643s)
2026-08-10 14:24:20   [GPU] 3,000,044 evals (66771 batches, avg 45/batch = 9% of 512, 4599 evals/s, 363 msg/s, 12.7 leaves/msg, 652s)
2026-08-10 14:24:29 [iter 30/60] self-play: 105/160 games...
2026-08-10 14:24:31   [GPU] 3,050,034 evals (67890 batches, avg 45/batch = 9% of 512, 4599 evals/s, 363 msg/s, 12.7 leaves/msg, 663s)
2026-08-10 14:24:41   [GPU] 3,100,030 evals (68908 batches, avg 45/batch = 9% of 512, 4607 evals/s, 364 msg/s, 12.7 leaves/msg, 673s)
2026-08-10 14:24:50   [GPU] 3,150,000 evals (69918 batches, avg 45/batch = 9% of 512, 4615 evals/s, 364 msg/s, 12.7 leaves/msg, 683s)
2026-08-10 14:24:54 [iter 30/60] self-play: 110/160 games...
2026-08-10 14:25:01   [GPU] 3,200,038 evals (71043 batches, avg 45/batch = 9% of 512, 4614 evals/s, 364 msg/s, 12.7 leaves/msg, 694s)
2026-08-10 14:25:11   [GPU] 3,250,018 evals (72054 batches, avg 45/batch = 9% of 512, 4621 evals/s, 365 msg/s, 12.7 leaves/msg, 703s)
2026-08-10 14:25:20   [GPU] 3,300,000 evals (73013 batches, avg 45/batch = 9% of 512, 4634 evals/s, 366 msg/s, 12.7 leaves/msg, 712s)
2026-08-10 14:25:28   [GPU] 3,350,039 evals (73932 batches, avg 45/batch = 9% of 512, 4650 evals/s, 367 msg/s, 12.7 leaves/msg, 720s)
2026-08-10 14:25:37   [GPU] 3,400,058 evals (74828 batches, avg 45/batch = 9% of 512, 4664 evals/s, 368 msg/s, 12.7 leaves/msg, 729s)
2026-08-10 14:25:42 [iter 30/60] self-play: 115/160 games...
2026-08-10 14:25:45   [GPU] 3,450,001 evals (75727 batches, avg 46/batch = 9% of 512, 4677 evals/s, 369 msg/s, 12.7 leaves/msg, 738s)
2026-08-10 14:25:56   [GPU] 3,500,022 evals (76785 batches, avg 46/batch = 9% of 512, 4680 evals/s, 370 msg/s, 12.7 leaves/msg, 748s)
2026-08-10 14:26:05 [iter 30/60] self-play: 120/160 games...
2026-08-10 14:26:06   [GPU] 3,550,024 evals (77863 batches, avg 46/batch = 9% of 512, 4681 evals/s, 370 msg/s, 12.7 leaves/msg, 758s)
2026-08-10 14:26:17   [GPU] 3,600,033 evals (78960 batches, avg 46/batch = 9% of 512, 4679 evals/s, 370 msg/s, 12.6 leaves/msg, 769s)
2026-08-10 14:26:28   [GPU] 3,650,004 evals (80158 batches, avg 46/batch = 9% of 512, 4676 evals/s, 370 msg/s, 12.6 leaves/msg, 781s)
2026-08-10 14:26:39   [GPU] 3,700,008 evals (81271 batches, avg 46/batch = 9% of 512, 4679 evals/s, 371 msg/s, 12.6 leaves/msg, 791s)
2026-08-10 14:26:40 [iter 30/60] self-play: 125/160 games...
2026-08-10 14:26:48   [GPU] 3,750,014 evals (82245 batches, avg 46/batch = 9% of 512, 4685 evals/s, 372 msg/s, 12.6 leaves/msg, 800s)
2026-08-10 14:26:59 [iter 30/60] self-play: 130/160 games...
2026-08-10 14:26:59   [GPU] 3,800,034 evals (83378 batches, avg 46/batch = 9% of 512, 4681 evals/s, 372 msg/s, 12.6 leaves/msg, 812s)
2026-08-10 14:27:12   [GPU] 3,850,003 evals (84596 batches, avg 46/batch = 9% of 512, 4674 evals/s, 371 msg/s, 12.6 leaves/msg, 824s)
2026-08-10 14:27:23   [GPU] 3,900,027 evals (85764 batches, avg 45/batch = 9% of 512, 4671 evals/s, 371 msg/s, 12.6 leaves/msg, 835s)
2026-08-10 14:27:32 [iter 30/60] self-play: 135/160 games...
2026-08-10 14:27:34   [GPU] 3,950,031 evals (86890 batches, avg 45/batch = 9% of 512, 4670 evals/s, 371 msg/s, 12.6 leaves/msg, 846s)
2026-08-10 14:27:43   [GPU] 4,000,032 evals (87950 batches, avg 45/batch = 9% of 512, 4675 evals/s, 372 msg/s, 12.6 leaves/msg, 856s)
2026-08-10 14:27:55   [GPU] 4,050,021 evals (89153 batches, avg 45/batch = 9% of 512, 4672 evals/s, 372 msg/s, 12.6 leaves/msg, 867s)
2026-08-10 14:28:05   [GPU] 4,100,021 evals (90256 batches, avg 45/batch = 9% of 512, 4672 evals/s, 372 msg/s, 12.6 leaves/msg, 878s)
2026-08-10 14:28:12 [iter 30/60] self-play: 140/160 games...
2026-08-10 14:28:15   [GPU] 4,150,021 evals (91292 batches, avg 45/batch = 9% of 512, 4678 evals/s, 372 msg/s, 12.6 leaves/msg, 887s)
2026-08-10 14:28:25   [GPU] 4,200,043 evals (92388 batches, avg 45/batch = 9% of 512, 4681 evals/s, 373 msg/s, 12.6 leaves/msg, 897s)
2026-08-10 14:28:36   [GPU] 4,250,005 evals (93533 batches, avg 45/batch = 9% of 512, 4680 evals/s, 373 msg/s, 12.6 leaves/msg, 908s)
2026-08-10 14:28:42 [iter 30/60] self-play: 145/160 games...
2026-08-10 14:28:46   [GPU] 4,300,000 evals (94600 batches, avg 45/batch = 9% of 512, 4684 evals/s, 373 msg/s, 12.6 leaves/msg, 918s)
2026-08-10 14:28:55   [GPU] 4,350,023 evals (95631 batches, avg 45/batch = 9% of 512, 4690 evals/s, 374 msg/s, 12.5 leaves/msg, 927s)
2026-08-10 14:29:05 [iter 30/60] self-play: 150/160 games...
2026-08-10 14:29:05   [GPU] 4,400,033 evals (96693 batches, avg 46/batch = 9% of 512, 4693 evals/s, 374 msg/s, 12.5 leaves/msg, 938s)
2026-08-10 14:29:14 [iter 30/60] self-play: 155/160 games...
2026-08-10 14:29:22   [GPU] 4,450,009 evals (98328 batches, avg 45/batch = 9% of 512, 4662 evals/s, 373 msg/s, 12.5 leaves/msg, 954s)
2026-08-10 14:29:51   [GPU] 4,500,015 evals (100902 batches, avg 45/batch = 9% of 512, 4574 evals/s, 367 msg/s, 12.5 leaves/msg, 984s)
2026-08-10 14:30:35   [GPU] 4,550,005 evals (104445 batches, avg 44/batch = 9% of 512, 4430 evals/s, 356 msg/s, 12.4 leaves/msg, 1027s)
2026-08-10 14:31:31 [iter 30/60] self-play: 160/160 games...
2026-08-10 14:31:32 [iter 30/60] self-play done: 160 games (1084s) | wins: P0=22, P1=110, draw=28 | draw_rate=18% avg_len~25
2026-08-10 14:31:32 [iter 30/60] search: expanded=7.0 actions/node visits/action=85.3 walls/game=8.03 first_wall_ply=0.925 learner_sims/s=4668.56
2026-08-10 14:31:32 [iter 30/60] training (600 steps, lr=5.74e-04)...
2026-08-10 14:31:40 [iter 30/60] training done: loss_p=1.157 loss_v=0.077 (8s)
2026-08-10 14:31:41 [iter 30/60] data: policy_wall_mass=0.182 walled_states=59% walls_on_board=16.1 value_mae walled=0.189 free=0.060
2026-08-10 14:31:42 [iter 30/60] eval skipped (eval_every=4)
2026-08-10 14:31:42 >>> iter 30 | loss_p=1.157 loss_v=0.077 | vs_best=n/a (not evaluated) | vs_rand=n/a | draw=18% | buf=100000 | rss=3.37GB | sp=1084s train=8s eval_best=0s eval_rand=0s | total=1094s
2026-08-10 14:31:42 [iter 31/60] self-play starting (160 games, 600 sims, MIXED 80/160 race-only)...
2026-08-10 14:31:42 [PARALLEL-MP] 8 workers spawned (160 games, sims=600), GPU batcher starting...
2026-08-10 14:31:54   [GPU] 50,027 evals (944 batches, avg 53/batch = 10% of 512, 4132 evals/s, 300 msg/s, 13.8 leaves/msg, 12s)
2026-08-10 14:32:00 [iter 31/60] self-play: 5/160 games...
2026-08-10 14:32:07   [GPU] 100,017 evals (2225 batches, avg 45/batch = 9% of 512, 3971 evals/s, 304 msg/s, 13.0 leaves/msg, 25s)
2026-08-10 14:32:20   [GPU] 150,047 evals (3467 batches, avg 43/batch = 8% of 512, 3942 evals/s, 294 msg/s, 13.4 leaves/msg, 38s)
2026-08-10 14:32:28 [iter 31/60] self-play: 10/160 games...
2026-08-10 14:32:30   [GPU] 200,000 evals (4500 batches, avg 44/batch = 9% of 512, 4151 evals/s, 308 msg/s, 13.5 leaves/msg, 48s)
2026-08-10 14:32:40   [GPU] 250,026 evals (5613 batches, avg 45/batch = 9% of 512, 4274 evals/s, 317 msg/s, 13.5 leaves/msg, 59s)
2026-08-10 14:32:50   [GPU] 300,040 evals (6682 batches, avg 45/batch = 9% of 512, 4379 evals/s, 323 msg/s, 13.5 leaves/msg, 69s)
2026-08-10 14:32:57 [iter 31/60] self-play: 15/160 games...
2026-08-10 14:33:00   [GPU] 350,091 evals (7689 batches, avg 46/batch = 9% of 512, 4501 evals/s, 332 msg/s, 13.6 leaves/msg, 78s)
2026-08-10 14:33:09   [GPU] 400,022 evals (8680 batches, avg 46/batch = 9% of 512, 4614 evals/s, 343 msg/s, 13.5 leaves/msg, 87s)
2026-08-10 14:33:19   [GPU] 450,017 evals (9804 batches, avg 46/batch = 9% of 512, 4642 evals/s, 347 msg/s, 13.4 leaves/msg, 97s)
2026-08-10 14:33:28   [GPU] 500,001 evals (10795 batches, avg 46/batch = 9% of 512, 4718 evals/s, 354 msg/s, 13.3 leaves/msg, 106s)
2026-08-10 14:33:36   [GPU] 550,004 evals (11660 batches, avg 47/batch = 9% of 512, 4802 evals/s, 360 msg/s, 13.3 leaves/msg, 115s)
2026-08-10 14:33:38 [iter 31/60] self-play: 20/160 games...
2026-08-10 14:33:45   [GPU] 600,051 evals (12613 batches, avg 48/batch = 9% of 512, 4879 evals/s, 368 msg/s, 13.3 leaves/msg, 123s)
2026-08-10 14:33:53   [GPU] 650,010 evals (13528 batches, avg 48/batch = 9% of 512, 4955 evals/s, 375 msg/s, 13.2 leaves/msg, 131s)
2026-08-10 14:34:02 [iter 31/60] self-play: 25/160 games...
2026-08-10 14:34:03   [GPU] 700,017 evals (14563 batches, avg 48/batch = 9% of 512, 4978 evals/s, 379 msg/s, 13.1 leaves/msg, 141s)
2026-08-10 14:34:13   [GPU] 750,005 evals (15633 batches, avg 48/batch = 9% of 512, 4963 evals/s, 380 msg/s, 13.1 leaves/msg, 151s)
2026-08-10 14:34:20 [iter 31/60] self-play: 30/160 games...
2026-08-10 14:34:24   [GPU] 800,055 evals (16784 batches, avg 48/batch = 9% of 512, 4931 evals/s, 377 msg/s, 13.1 leaves/msg, 162s)
2026-08-10 14:34:34   [GPU] 850,028 evals (17740 batches, avg 48/batch = 9% of 512, 4949 evals/s, 379 msg/s, 13.1 leaves/msg, 172s)
2026-08-10 14:34:43   [GPU] 900,033 evals (18727 batches, avg 48/batch = 9% of 512, 4971 evals/s, 381 msg/s, 13.0 leaves/msg, 181s)
2026-08-10 14:34:51   [GPU] 950,016 evals (19609 batches, avg 48/batch = 9% of 512, 5021 evals/s, 384 msg/s, 13.1 leaves/msg, 189s)
2026-08-10 14:34:56 [iter 31/60] self-play: 35/160 games...
2026-08-10 14:35:00   [GPU] 1,000,022 evals (20589 batches, avg 49/batch = 9% of 512, 5042 evals/s, 386 msg/s, 13.1 leaves/msg, 198s)
2026-08-10 14:35:10   [GPU] 1,050,037 evals (21581 batches, avg 49/batch = 10% of 512, 5056 evals/s, 385 msg/s, 13.1 leaves/msg, 208s)
2026-08-10 14:35:19   [GPU] 1,100,032 evals (22546 batches, avg 49/batch = 10% of 512, 5076 evals/s, 387 msg/s, 13.1 leaves/msg, 217s)
2026-08-10 14:35:22 [iter 31/60] self-play: 40/160 games...
2026-08-10 14:35:28   [GPU] 1,150,011 evals (23559 batches, avg 49/batch = 10% of 512, 5085 evals/s, 388 msg/s, 13.1 leaves/msg, 226s)
2026-08-10 14:35:38   [GPU] 1,200,012 evals (24632 batches, avg 49/batch = 10% of 512, 5077 evals/s, 386 msg/s, 13.1 leaves/msg, 236s)
2026-08-10 14:35:48   [GPU] 1,250,039 evals (25645 batches, avg 49/batch = 10% of 512, 5079 evals/s, 385 msg/s, 13.2 leaves/msg, 246s)
2026-08-10 14:35:56 [iter 31/60] self-play: 45/160 games...
2026-08-10 14:35:58   [GPU] 1,300,009 evals (26698 batches, avg 49/batch = 10% of 512, 5075 evals/s, 386 msg/s, 13.2 leaves/msg, 256s)
2026-08-10 14:36:09   [GPU] 1,350,077 evals (27824 batches, avg 49/batch = 9% of 512, 5059 evals/s, 385 msg/s, 13.1 leaves/msg, 267s)
2026-08-10 14:36:14 [iter 31/60] self-play: 50/160 games...
2026-08-10 14:36:19   [GPU] 1,400,007 evals (28925 batches, avg 48/batch = 9% of 512, 5050 evals/s, 386 msg/s, 13.1 leaves/msg, 277s)
2026-08-10 14:36:29   [GPU] 1,450,019 evals (29936 batches, avg 48/batch = 9% of 512, 5049 evals/s, 385 msg/s, 13.1 leaves/msg, 287s)
2026-08-10 14:36:34 [iter 31/60] self-play: 55/160 games...
2026-08-10 14:36:39   [GPU] 1,500,007 evals (30999 batches, avg 48/batch = 9% of 512, 5042 evals/s, 385 msg/s, 13.1 leaves/msg, 298s)
2026-08-10 14:36:49   [GPU] 1,550,056 evals (31995 batches, avg 48/batch = 9% of 512, 5046 evals/s, 384 msg/s, 13.1 leaves/msg, 307s)
2026-08-10 14:37:00   [GPU] 1,600,014 evals (33081 batches, avg 48/batch = 9% of 512, 5038 evals/s, 383 msg/s, 13.2 leaves/msg, 318s)
2026-08-10 14:37:10   [GPU] 1,650,055 evals (34132 batches, avg 48/batch = 9% of 512, 5035 evals/s, 382 msg/s, 13.2 leaves/msg, 328s)
2026-08-10 14:37:18   [GPU] 1,700,065 evals (35053 batches, avg 48/batch = 9% of 512, 5057 evals/s, 384 msg/s, 13.2 leaves/msg, 336s)
2026-08-10 14:37:21 [iter 31/60] self-play: 60/160 games...
2026-08-10 14:37:27   [GPU] 1,750,009 evals (36022 batches, avg 49/batch = 9% of 512, 5074 evals/s, 387 msg/s, 13.1 leaves/msg, 345s)
2026-08-10 14:37:36   [GPU] 1,800,044 evals (37002 batches, avg 49/batch = 10% of 512, 5081 evals/s, 388 msg/s, 13.1 leaves/msg, 354s)
2026-08-10 14:37:38 [iter 31/60] self-play: 65/160 games...
2026-08-10 14:37:46   [GPU] 1,850,015 evals (37944 batches, avg 49/batch = 10% of 512, 5088 evals/s, 388 msg/s, 13.1 leaves/msg, 364s)
2026-08-10 14:37:51 [iter 31/60] self-play: 70/160 games...
2026-08-10 14:37:56   [GPU] 1,900,032 evals (38967 batches, avg 49/batch = 10% of 512, 5083 evals/s, 387 msg/s, 13.1 leaves/msg, 374s)
2026-08-10 14:38:05   [GPU] 1,950,007 evals (39985 batches, avg 49/batch = 10% of 512, 5084 evals/s, 387 msg/s, 13.1 leaves/msg, 384s)
2026-08-10 14:38:15   [GPU] 2,000,035 evals (41044 batches, avg 49/batch = 10% of 512, 5084 evals/s, 387 msg/s, 13.1 leaves/msg, 393s)
2026-08-10 14:38:24   [GPU] 2,050,030 evals (41961 batches, avg 49/batch = 10% of 512, 5099 evals/s, 388 msg/s, 13.1 leaves/msg, 402s)
2026-08-10 14:38:30 [iter 31/60] self-play: 75/160 games...
2026-08-10 14:38:33   [GPU] 2,100,005 evals (42914 batches, avg 49/batch = 10% of 512, 5109 evals/s, 390 msg/s, 13.1 leaves/msg, 411s)
2026-08-10 14:38:43   [GPU] 2,150,017 evals (43979 batches, avg 49/batch = 10% of 512, 5103 evals/s, 390 msg/s, 13.1 leaves/msg, 421s)
2026-08-10 14:38:46 [iter 31/60] self-play: 80/160 games...
2026-08-10 14:38:54   [GPU] 2,200,029 evals (45025 batches, avg 49/batch = 10% of 512, 5097 evals/s, 389 msg/s, 13.1 leaves/msg, 432s)
2026-08-10 14:39:03 [iter 31/60] self-play: 85/160 games...
2026-08-10 14:39:05   [GPU] 2,250,036 evals (46207 batches, avg 49/batch = 10% of 512, 5075 evals/s, 389 msg/s, 13.1 leaves/msg, 443s)
2026-08-10 14:39:17   [GPU] 2,300,018 evals (47336 batches, avg 49/batch = 9% of 512, 5060 evals/s, 388 msg/s, 13.0 leaves/msg, 455s)
2026-08-10 14:39:27   [GPU] 2,350,008 evals (48438 batches, avg 49/batch = 9% of 512, 5049 evals/s, 387 msg/s, 13.1 leaves/msg, 465s)
2026-08-10 14:39:28 [iter 31/60] self-play: 90/160 games...
2026-08-10 14:39:39   [GPU] 2,400,006 evals (49618 batches, avg 48/batch = 9% of 512, 5034 evals/s, 385 msg/s, 13.1 leaves/msg, 477s)
2026-08-10 14:39:49   [GPU] 2,450,027 evals (50708 batches, avg 48/batch = 9% of 512, 5027 evals/s, 385 msg/s, 13.1 leaves/msg, 487s)
2026-08-10 14:39:59 [iter 31/60] self-play: 95/160 games...
2026-08-10 14:39:59   [GPU] 2,500,005 evals (51735 batches, avg 48/batch = 9% of 512, 5026 evals/s, 384 msg/s, 13.1 leaves/msg, 497s)
2026-08-10 14:40:10   [GPU] 2,550,019 evals (52785 batches, avg 48/batch = 9% of 512, 5021 evals/s, 384 msg/s, 13.1 leaves/msg, 508s)
2026-08-10 14:40:20   [GPU] 2,600,003 evals (53827 batches, avg 48/batch = 9% of 512, 5017 evals/s, 383 msg/s, 13.1 leaves/msg, 518s)
2026-08-10 14:40:21 [iter 31/60] self-play: 100/160 games...
2026-08-10 14:40:31   [GPU] 2,650,008 evals (54956 batches, avg 48/batch = 9% of 512, 5007 evals/s, 382 msg/s, 13.1 leaves/msg, 529s)
2026-08-10 14:40:41   [GPU] 2,700,073 evals (55942 batches, avg 48/batch = 9% of 512, 5011 evals/s, 382 msg/s, 13.1 leaves/msg, 539s)
2026-08-10 14:40:47 [iter 31/60] self-play: 105/160 games...
2026-08-10 14:40:52   [GPU] 2,750,029 evals (57116 batches, avg 48/batch = 9% of 512, 5000 evals/s, 381 msg/s, 13.1 leaves/msg, 550s)
2026-08-10 14:41:02   [GPU] 2,800,027 evals (58134 batches, avg 48/batch = 9% of 512, 4999 evals/s, 381 msg/s, 13.1 leaves/msg, 560s)
2026-08-10 14:41:12   [GPU] 2,850,017 evals (59162 batches, avg 48/batch = 9% of 512, 5000 evals/s, 381 msg/s, 13.1 leaves/msg, 570s)
2026-08-10 14:41:15 [iter 31/60] self-play: 110/160 games...
2026-08-10 14:41:23   [GPU] 2,900,036 evals (60323 batches, avg 48/batch = 9% of 512, 4989 evals/s, 381 msg/s, 13.1 leaves/msg, 581s)
2026-08-10 14:41:33   [GPU] 2,950,009 evals (61408 batches, avg 48/batch = 9% of 512, 4989 evals/s, 381 msg/s, 13.1 leaves/msg, 591s)
2026-08-10 14:41:41   [GPU] 3,000,016 evals (62295 batches, avg 48/batch = 9% of 512, 5004 evals/s, 382 msg/s, 13.1 leaves/msg, 599s)
2026-08-10 14:41:49   [GPU] 3,050,039 evals (63180 batches, avg 48/batch = 9% of 512, 5021 evals/s, 384 msg/s, 13.1 leaves/msg, 607s)
2026-08-10 14:41:58   [GPU] 3,100,038 evals (64046 batches, avg 48/batch = 9% of 512, 5035 evals/s, 384 msg/s, 13.1 leaves/msg, 616s)
2026-08-10 14:42:06   [GPU] 3,150,024 evals (64896 batches, avg 49/batch = 9% of 512, 5050 evals/s, 385 msg/s, 13.1 leaves/msg, 624s)
2026-08-10 14:42:11 [iter 31/60] self-play: 115/160 games...
2026-08-10 14:42:14   [GPU] 3,200,029 evals (65767 batches, avg 49/batch = 10% of 512, 5064 evals/s, 386 msg/s, 13.1 leaves/msg, 632s)
2026-08-10 14:42:23   [GPU] 3,250,068 evals (66705 batches, avg 49/batch = 10% of 512, 5071 evals/s, 387 msg/s, 13.1 leaves/msg, 641s)
2026-08-10 14:42:32   [GPU] 3,300,075 evals (67643 batches, avg 49/batch = 10% of 512, 5079 evals/s, 387 msg/s, 13.1 leaves/msg, 650s)
2026-08-10 14:42:36 [iter 31/60] self-play: 120/160 games...
2026-08-10 14:42:40   [GPU] 3,350,056 evals (68555 batches, avg 49/batch = 10% of 512, 5087 evals/s, 388 msg/s, 13.1 leaves/msg, 659s)
2026-08-10 14:42:51   [GPU] 3,400,082 evals (69545 batches, avg 49/batch = 10% of 512, 5085 evals/s, 388 msg/s, 13.1 leaves/msg, 669s)
2026-08-10 14:42:53 [iter 31/60] self-play: 125/160 games...
2026-08-10 14:43:01   [GPU] 3,450,056 evals (70624 batches, avg 49/batch = 10% of 512, 5078 evals/s, 387 msg/s, 13.1 leaves/msg, 679s)
2026-08-10 14:43:13   [GPU] 3,500,005 evals (71749 batches, avg 49/batch = 10% of 512, 5066 evals/s, 387 msg/s, 13.1 leaves/msg, 691s)
2026-08-10 14:43:16 [iter 31/60] self-play: 130/160 games...
2026-08-10 14:43:24   [GPU] 3,550,006 evals (72893 batches, avg 49/batch = 10% of 512, 5055 evals/s, 386 msg/s, 13.1 leaves/msg, 702s)
2026-08-10 14:43:35   [GPU] 3,600,026 evals (74015 batches, avg 49/batch = 9% of 512, 5048 evals/s, 385 msg/s, 13.1 leaves/msg, 713s)
2026-08-10 14:43:46   [GPU] 3,650,007 evals (75129 batches, avg 49/batch = 9% of 512, 5044 evals/s, 385 msg/s, 13.1 leaves/msg, 724s)
2026-08-10 14:43:50 [iter 31/60] self-play: 135/160 games...
2026-08-10 14:43:56   [GPU] 3,700,033 evals (76232 batches, avg 49/batch = 9% of 512, 5040 evals/s, 385 msg/s, 13.1 leaves/msg, 734s)
2026-08-10 14:44:06   [GPU] 3,750,047 evals (77205 batches, avg 49/batch = 9% of 512, 5041 evals/s, 385 msg/s, 13.1 leaves/msg, 744s)
2026-08-10 14:44:14 [iter 31/60] self-play: 140/160 games...
2026-08-10 14:44:16   [GPU] 3,800,009 evals (78244 batches, avg 49/batch = 9% of 512, 5040 evals/s, 385 msg/s, 13.1 leaves/msg, 754s)
2026-08-10 14:44:26   [GPU] 3,850,040 evals (79258 batches, avg 49/batch = 9% of 512, 5040 evals/s, 385 msg/s, 13.1 leaves/msg, 764s)
2026-08-10 14:44:37   [GPU] 3,900,021 evals (80347 batches, avg 49/batch = 9% of 512, 5035 evals/s, 385 msg/s, 13.1 leaves/msg, 775s)
2026-08-10 14:44:39 [iter 31/60] self-play: 145/160 games...
2026-08-10 14:44:46   [GPU] 3,950,032 evals (81326 batches, avg 49/batch = 9% of 512, 5037 evals/s, 385 msg/s, 13.1 leaves/msg, 784s)
2026-08-10 14:44:56 [iter 31/60] self-play: 150/160 games...
2026-08-10 14:44:56   [GPU] 4,000,069 evals (82286 batches, avg 49/batch = 9% of 512, 5040 evals/s, 385 msg/s, 13.1 leaves/msg, 794s)
2026-08-10 14:45:06   [GPU] 4,050,026 evals (83319 batches, avg 49/batch = 9% of 512, 5039 evals/s, 385 msg/s, 13.1 leaves/msg, 804s)
2026-08-10 14:45:14 [iter 31/60] self-play: 155/160 games...
2026-08-10 14:45:21   [GPU] 4,100,030 evals (84834 batches, avg 48/batch = 9% of 512, 5004 evals/s, 383 msg/s, 13.1 leaves/msg, 819s)
2026-08-10 14:45:42   [GPU] 4,150,003 evals (86734 batches, avg 48/batch = 9% of 512, 4939 evals/s, 378 msg/s, 13.1 leaves/msg, 840s)
2026-08-10 14:46:16   [GPU] 4,200,005 evals (89247 batches, avg 47/batch = 9% of 512, 4808 evals/s, 368 msg/s, 13.1 leaves/msg, 874s)
2026-08-10 14:46:50   [GPU] 4,250,004 evals (91783 batches, avg 46/batch = 9% of 512, 4682 evals/s, 359 msg/s, 13.1 leaves/msg, 908s)
2026-08-10 14:47:26   [GPU] 4,300,000 evals (94371 batches, avg 46/batch = 9% of 512, 4554 evals/s, 349 msg/s, 13.1 leaves/msg, 944s)
2026-08-10 14:48:04 [iter 31/60] self-play: 160/160 games...
2026-08-10 14:48:04 [iter 31/60] self-play done: 160 games (982s) | wins: P0=26, P1=110, draw=24 | draw_rate=15% avg_len~26
2026-08-10 14:48:04 [iter 31/60] search: expanded=7.6 actions/node visits/action=79.2 walls/game=7.80 first_wall_ply=1.512 learner_sims/s=4875.34
2026-08-10 14:48:04 [iter 31/60] training (600 steps, lr=5.50e-04)...
2026-08-10 14:48:12 [iter 31/60] training done: loss_p=1.147 loss_v=0.074 (8s)
2026-08-10 14:48:14 [iter 31/60] data: policy_wall_mass=0.189 walled_states=61% walls_on_board=16.7 value_mae walled=0.131 free=0.091
2026-08-10 14:48:14 [iter 31/60] eval skipped (eval_every=4)
2026-08-10 14:48:14 >>> iter 31 | loss_p=1.147 loss_v=0.074 | vs_best=n/a (not evaluated) | vs_rand=n/a | draw=15% | buf=100000 | rss=3.39GB | sp=982s train=8s eval_best=0s eval_rand=0s | total=992s
2026-08-10 14:48:14 [iter 32/60] self-play starting (160 games, 600 sims, MIXED 80/160 race-only)...
2026-08-10 14:48:14 [PARALLEL-MP] 8 workers spawned (160 games, sims=600), GPU batcher starting...
2026-08-10 14:48:27   [GPU] 50,012 evals (999 batches, avg 50/batch = 10% of 512, 3858 evals/s, 308 msg/s, 12.5 leaves/msg, 13s)
2026-08-10 14:48:30 [iter 32/60] self-play: 5/160 games...
2026-08-10 14:48:40   [GPU] 100,020 evals (2256 batches, avg 44/batch = 9% of 512, 3860 evals/s, 303 msg/s, 12.8 leaves/msg, 26s)
2026-08-10 14:48:53   [GPU] 150,047 evals (3506 batches, avg 43/batch = 8% of 512, 3880 evals/s, 293 msg/s, 13.2 leaves/msg, 39s)
2026-08-10 14:49:00 [iter 32/60] self-play: 10/160 games...
2026-08-10 14:49:04   [GPU] 200,029 evals (4666 batches, avg 43/batch = 8% of 512, 3998 evals/s, 303 msg/s, 13.2 leaves/msg, 50s)
2026-08-10 14:49:15   [GPU] 250,027 evals (5773 batches, avg 43/batch = 8% of 512, 4132 evals/s, 314 msg/s, 13.2 leaves/msg, 61s)
2026-08-10 14:49:24   [GPU] 300,030 evals (6722 batches, avg 45/batch = 9% of 512, 4314 evals/s, 326 msg/s, 13.2 leaves/msg, 70s)
2026-08-10 14:49:32 [iter 32/60] self-play: 15/160 games...
2026-08-10 14:49:33   [GPU] 350,002 evals (7650 batches, avg 46/batch = 9% of 512, 4468 evals/s, 342 msg/s, 13.1 leaves/msg, 78s)
2026-08-10 14:49:44   [GPU] 400,013 evals (8784 batches, avg 46/batch = 9% of 512, 4480 evals/s, 352 msg/s, 12.7 leaves/msg, 89s)
2026-08-10 14:49:47 [iter 32/60] self-play: 20/160 games...
2026-08-10 14:49:54   [GPU] 450,034 evals (9819 batches, avg 46/batch = 9% of 512, 4531 evals/s, 353 msg/s, 12.8 leaves/msg, 99s)
2026-08-10 14:50:03   [GPU] 500,031 evals (10782 batches, avg 46/batch = 9% of 512, 4620 evals/s, 359 msg/s, 12.9 leaves/msg, 108s)
2026-08-10 14:50:12   [GPU] 550,030 evals (11809 batches, avg 47/batch = 9% of 512, 4669 evals/s, 364 msg/s, 12.8 leaves/msg, 118s)
2026-08-10 14:50:21 [iter 32/60] self-play: 25/160 games...
2026-08-10 14:50:22   [GPU] 600,003 evals (12838 batches, avg 47/batch = 9% of 512, 4712 evals/s, 367 msg/s, 12.8 leaves/msg, 127s)
2026-08-10 14:50:30   [GPU] 650,006 evals (13714 batches, avg 47/batch = 9% of 512, 4798 evals/s, 373 msg/s, 12.9 leaves/msg, 135s)
2026-08-10 14:50:38 [iter 32/60] self-play: 30/160 games...
2026-08-10 14:50:38   [GPU] 700,016 evals (14592 batches, avg 48/batch = 9% of 512, 4860 evals/s, 377 msg/s, 12.9 leaves/msg, 144s)
2026-08-10 14:50:48   [GPU] 750,085 evals (15551 batches, avg 48/batch = 9% of 512, 4894 evals/s, 378 msg/s, 12.9 leaves/msg, 153s)
2026-08-10 14:50:56   [GPU] 800,057 evals (16493 batches, avg 49/batch = 9% of 512, 4937 evals/s, 381 msg/s, 12.9 leaves/msg, 162s)
2026-08-10 14:51:07 [iter 32/60] self-play: 35/160 games...
2026-08-10 14:51:07   [GPU] 850,032 evals (17533 batches, avg 48/batch = 9% of 512, 4935 evals/s, 382 msg/s, 12.9 leaves/msg, 172s)
2026-08-10 14:51:17   [GPU] 900,059 evals (18614 batches, avg 48/batch = 9% of 512, 4935 evals/s, 381 msg/s, 13.0 leaves/msg, 182s)
2026-08-10 14:51:27   [GPU] 950,022 evals (19689 batches, avg 48/batch = 9% of 512, 4937 evals/s, 380 msg/s, 13.0 leaves/msg, 192s)
2026-08-10 14:51:36   [GPU] 1,000,094 evals (20718 batches, avg 48/batch = 9% of 512, 4958 evals/s, 383 msg/s, 13.0 leaves/msg, 202s)
2026-08-10 14:51:44 [iter 32/60] self-play: 40/160 games...
2026-08-10 14:51:45   [GPU] 1,050,009 evals (21750 batches, avg 48/batch = 9% of 512, 4976 evals/s, 386 msg/s, 12.9 leaves/msg, 211s)
2026-08-10 14:51:56   [GPU] 1,100,009 evals (22792 batches, avg 48/batch = 9% of 512, 4970 evals/s, 385 msg/s, 12.9 leaves/msg, 221s)
2026-08-10 14:52:02 [iter 32/60] self-play: 45/160 games...
2026-08-10 14:52:07   [GPU] 1,150,002 evals (23949 batches, avg 48/batch = 9% of 512, 4937 evals/s, 384 msg/s, 12.9 leaves/msg, 233s)
2026-08-10 14:52:23   [GPU] 1,200,022 evals (25501 batches, avg 47/batch = 9% of 512, 4833 evals/s, 378 msg/s, 12.8 leaves/msg, 248s)
2026-08-10 14:52:36   [GPU] 1,250,021 evals (26889 batches, avg 46/batch = 9% of 512, 4772 evals/s, 375 msg/s, 12.7 leaves/msg, 262s)
2026-08-10 14:52:46 [iter 32/60] self-play: 50/160 games...
2026-08-10 14:52:48   [GPU] 1,300,046 evals (28106 batches, avg 46/batch = 9% of 512, 4755 evals/s, 377 msg/s, 12.6 leaves/msg, 273s)
2026-08-10 14:53:00   [GPU] 1,350,033 evals (29407 batches, avg 46/batch = 9% of 512, 4724 evals/s, 375 msg/s, 12.6 leaves/msg, 286s)
2026-08-10 14:53:12   [GPU] 1,400,009 evals (30674 batches, avg 46/batch = 9% of 512, 4699 evals/s, 375 msg/s, 12.5 leaves/msg, 298s)
2026-08-10 14:53:22 [iter 32/60] self-play: 55/160 games...
2026-08-10 14:53:24   [GPU] 1,450,007 evals (31923 batches, avg 45/batch = 9% of 512, 4679 evals/s, 375 msg/s, 12.5 leaves/msg, 310s)
2026-08-10 14:53:37   [GPU] 1,500,000 evals (33238 batches, avg 45/batch = 9% of 512, 4656 evals/s, 376 msg/s, 12.4 leaves/msg, 322s)
2026-08-10 14:53:48   [GPU] 1,550,007 evals (34460 batches, avg 45/batch = 9% of 512, 4642 evals/s, 376 msg/s, 12.4 leaves/msg, 334s)
2026-08-10 14:53:53 [iter 32/60] self-play: 60/160 games...
2026-08-10 14:54:00   [GPU] 1,600,015 evals (35655 batches, avg 45/batch = 9% of 512, 4631 evals/s, 375 msg/s, 12.3 leaves/msg, 345s)
2026-08-10 14:54:14   [GPU] 1,650,031 evals (37043 batches, avg 45/batch = 9% of 512, 4592 evals/s, 373 msg/s, 12.3 leaves/msg, 359s)
2026-08-10 14:54:21 [iter 32/60] self-play: 65/160 games...
2026-08-10 14:54:26   [GPU] 1,700,024 evals (38340 batches, avg 44/batch = 9% of 512, 4573 evals/s, 372 msg/s, 12.3 leaves/msg, 372s)
2026-08-10 14:54:37   [GPU] 1,750,006 evals (39448 batches, avg 44/batch = 9% of 512, 4576 evals/s, 372 msg/s, 12.3 leaves/msg, 382s)
2026-08-10 14:54:43 [iter 32/60] self-play: 70/160 games...
2026-08-10 14:54:48   [GPU] 1,800,001 evals (40608 batches, avg 44/batch = 9% of 512, 4568 evals/s, 371 msg/s, 12.3 leaves/msg, 394s)
2026-08-10 14:55:00   [GPU] 1,850,004 evals (41749 batches, avg 44/batch = 9% of 512, 4565 evals/s, 370 msg/s, 12.3 leaves/msg, 405s)
2026-08-10 14:55:11   [GPU] 1,900,031 evals (42851 batches, avg 44/batch = 9% of 512, 4564 evals/s, 370 msg/s, 12.3 leaves/msg, 416s)
2026-08-10 14:55:12 [iter 32/60] self-play: 75/160 games...
2026-08-10 14:55:24   [GPU] 1,950,064 evals (44134 batches, avg 44/batch = 9% of 512, 4542 evals/s, 368 msg/s, 12.3 leaves/msg, 429s)
2026-08-10 14:55:36   [GPU] 2,000,005 evals (45379 batches, avg 44/batch = 9% of 512, 4529 evals/s, 367 msg/s, 12.3 leaves/msg, 442s)
2026-08-10 14:55:41 [iter 32/60] self-play: 80/160 games...
2026-08-10 14:55:48   [GPU] 2,050,006 evals (46617 batches, avg 44/batch = 9% of 512, 4517 evals/s, 367 msg/s, 12.3 leaves/msg, 454s)
2026-08-10 14:56:01   [GPU] 2,100,016 evals (47891 batches, avg 44/batch = 9% of 512, 4503 evals/s, 365 msg/s, 12.3 leaves/msg, 466s)
2026-08-10 14:56:12   [GPU] 2,150,000 evals (49008 batches, avg 44/batch = 9% of 512, 4503 evals/s, 365 msg/s, 12.3 leaves/msg, 477s)
2026-08-10 14:56:23   [GPU] 2,200,026 evals (50146 batches, avg 44/batch = 9% of 512, 4504 evals/s, 364 msg/s, 12.4 leaves/msg, 488s)
2026-08-10 14:56:33   [GPU] 2,250,044 evals (51242 batches, avg 44/batch = 9% of 512, 4510 evals/s, 365 msg/s, 12.4 leaves/msg, 499s)
2026-08-10 14:56:42 [iter 32/60] self-play: 85/160 games...
2026-08-10 14:56:44   [GPU] 2,300,046 evals (52326 batches, avg 44/batch = 9% of 512, 4516 evals/s, 365 msg/s, 12.4 leaves/msg, 509s)
2026-08-10 14:56:55   [GPU] 2,350,032 evals (53483 batches, avg 44/batch = 9% of 512, 4515 evals/s, 365 msg/s, 12.4 leaves/msg, 521s)
2026-08-10 14:57:06   [GPU] 2,400,028 evals (54625 batches, avg 44/batch = 9% of 512, 4516 evals/s, 364 msg/s, 12.4 leaves/msg, 531s)
2026-08-10 14:57:17   [GPU] 2,450,049 evals (55731 batches, avg 44/batch = 9% of 512, 4518 evals/s, 364 msg/s, 12.4 leaves/msg, 542s)
2026-08-10 14:57:28   [GPU] 2,500,010 evals (56878 batches, avg 44/batch = 9% of 512, 4514 evals/s, 363 msg/s, 12.4 leaves/msg, 554s)
2026-08-10 14:57:29 [iter 32/60] self-play: 90/160 games...
2026-08-10 14:57:43   [GPU] 2,550,056 evals (58300 batches, avg 44/batch = 9% of 512, 4488 evals/s, 361 msg/s, 12.4 leaves/msg, 568s)
2026-08-10 14:57:52 [iter 32/60] self-play: 95/160 games...
2026-08-10 14:57:56   [GPU] 2,600,011 evals (59679 batches, avg 44/batch = 9% of 512, 4467 evals/s, 360 msg/s, 12.4 leaves/msg, 582s)
2026-08-10 14:58:09   [GPU] 2,650,000 evals (60939 batches, avg 43/batch = 8% of 512, 4455 evals/s, 359 msg/s, 12.4 leaves/msg, 595s)
2026-08-10 14:58:12 [iter 32/60] self-play: 100/160 games...
2026-08-10 14:58:22   [GPU] 2,700,041 evals (62203 batches, avg 43/batch = 8% of 512, 4445 evals/s, 358 msg/s, 12.4 leaves/msg, 607s)
2026-08-10 14:58:34   [GPU] 2,750,015 evals (63385 batches, avg 43/batch = 8% of 512, 4441 evals/s, 358 msg/s, 12.4 leaves/msg, 619s)
2026-08-10 14:58:47   [GPU] 2,800,024 evals (64762 batches, avg 43/batch = 8% of 512, 4424 evals/s, 357 msg/s, 12.4 leaves/msg, 633s)
2026-08-10 14:58:57 [iter 32/60] self-play: 105/160 games...
2026-08-10 14:59:01   [GPU] 2,850,043 evals (66166 batches, avg 43/batch = 8% of 512, 4404 evals/s, 356 msg/s, 12.4 leaves/msg, 647s)
2026-08-10 14:59:13   [GPU] 2,900,006 evals (67373 batches, avg 43/batch = 8% of 512, 4400 evals/s, 355 msg/s, 12.4 leaves/msg, 659s)
2026-08-10 14:59:20 [iter 32/60] self-play: 110/160 games...
2026-08-10 14:59:27   [GPU] 2,950,078 evals (68696 batches, avg 43/batch = 8% of 512, 4384 evals/s, 354 msg/s, 12.4 leaves/msg, 673s)
2026-08-10 14:59:42   [GPU] 3,000,046 evals (70091 batches, avg 43/batch = 8% of 512, 4366 evals/s, 352 msg/s, 12.4 leaves/msg, 687s)
2026-08-10 14:59:54 [iter 32/60] self-play: 115/160 games...
2026-08-10 14:59:55   [GPU] 3,050,054 evals (71440 batches, avg 43/batch = 8% of 512, 4354 evals/s, 352 msg/s, 12.4 leaves/msg, 701s)
2026-08-10 15:00:09   [GPU] 3,100,039 evals (72812 batches, avg 43/batch = 8% of 512, 4341 evals/s, 351 msg/s, 12.4 leaves/msg, 714s)
2026-08-10 15:00:22   [GPU] 3,150,017 evals (74140 batches, avg 42/batch = 8% of 512, 4330 evals/s, 350 msg/s, 12.4 leaves/msg, 727s)
2026-08-10 15:00:27 [iter 32/60] self-play: 120/160 games...
2026-08-10 15:00:35   [GPU] 3,200,006 evals (75473 batches, avg 42/batch = 8% of 512, 4318 evals/s, 349 msg/s, 12.4 leaves/msg, 741s)
2026-08-10 15:00:50   [GPU] 3,250,010 evals (76835 batches, avg 42/batch = 8% of 512, 4304 evals/s, 348 msg/s, 12.4 leaves/msg, 755s)
2026-08-10 15:00:56 [iter 32/60] self-play: 125/160 games...
2026-08-10 15:01:02   [GPU] 3,300,047 evals (78057 batches, avg 42/batch = 8% of 512, 4298 evals/s, 348 msg/s, 12.3 leaves/msg, 768s)
2026-08-10 15:01:16   [GPU] 3,350,029 evals (79409 batches, avg 42/batch = 8% of 512, 4286 evals/s, 347 msg/s, 12.3 leaves/msg, 782s)
2026-08-10 15:01:29   [GPU] 3,400,057 evals (80697 batches, avg 42/batch = 8% of 512, 4278 evals/s, 347 msg/s, 12.3 leaves/msg, 795s)
2026-08-10 15:01:36 [iter 32/60] self-play: 130/160 games...
2026-08-10 15:01:42   [GPU] 3,450,004 evals (81978 batches, avg 42/batch = 8% of 512, 4274 evals/s, 347 msg/s, 12.3 leaves/msg, 807s)
2026-08-10 15:01:56   [GPU] 3,500,000 evals (83436 batches, avg 42/batch = 8% of 512, 4260 evals/s, 346 msg/s, 12.3 leaves/msg, 822s)
2026-08-10 15:02:10   [GPU] 3,550,038 evals (84896 batches, avg 42/batch = 8% of 512, 4247 evals/s, 347 msg/s, 12.3 leaves/msg, 836s)
2026-08-10 15:02:14 [iter 32/60] self-play: 135/160 games...
2026-08-10 15:02:24   [GPU] 3,600,034 evals (86290 batches, avg 42/batch = 8% of 512, 4238 evals/s, 347 msg/s, 12.2 leaves/msg, 849s)
2026-08-10 15:02:37 [iter 32/60] self-play: 140/160 games...
2026-08-10 15:02:40   [GPU] 3,650,008 evals (87867 batches, avg 42/batch = 8% of 512, 4218 evals/s, 347 msg/s, 12.2 leaves/msg, 865s)
2026-08-10 15:02:55   [GPU] 3,700,003 evals (89401 batches, avg 41/batch = 8% of 512, 4201 evals/s, 346 msg/s, 12.1 leaves/msg, 881s)
2026-08-10 15:03:11   [GPU] 3,750,026 evals (91008 batches, avg 41/batch = 8% of 512, 4182 evals/s, 345 msg/s, 12.1 leaves/msg, 897s)
2026-08-10 15:03:14 [iter 32/60] self-play: 145/160 games...
2026-08-10 15:03:25   [GPU] 3,800,025 evals (92450 batches, avg 41/batch = 8% of 512, 4171 evals/s, 346 msg/s, 12.1 leaves/msg, 911s)
2026-08-10 15:03:30 [iter 32/60] self-play: 150/160 games...
2026-08-10 15:03:42   [GPU] 3,850,022 evals (94076 batches, avg 41/batch = 8% of 512, 4151 evals/s, 345 msg/s, 12.0 leaves/msg, 927s)
2026-08-10 15:03:57   [GPU] 3,900,041 evals (95582 batches, avg 41/batch = 8% of 512, 4139 evals/s, 344 msg/s, 12.0 leaves/msg, 942s)
2026-08-10 15:04:14   [GPU] 3,950,028 evals (97341 batches, avg 41/batch = 8% of 512, 4115 evals/s, 343 msg/s, 12.0 leaves/msg, 960s)
2026-08-10 15:04:33   [GPU] 4,000,006 evals (99232 batches, avg 40/batch = 8% of 512, 4088 evals/s, 342 msg/s, 12.0 leaves/msg, 979s)
2026-08-10 15:04:38 [iter 32/60] self-play: 155/160 games...
2026-08-10 15:04:53   [GPU] 4,050,031 evals (101204 batches, avg 40/batch = 8% of 512, 4056 evals/s, 340 msg/s, 11.9 leaves/msg, 998s)
2026-08-10 15:05:13   [GPU] 4,100,010 evals (103200 batches, avg 40/batch = 8% of 512, 4025 evals/s, 338 msg/s, 11.9 leaves/msg, 1019s)
2026-08-10 15:05:44   [GPU] 4,150,006 evals (105828 batches, avg 39/batch = 8% of 512, 3952 evals/s, 332 msg/s, 11.9 leaves/msg, 1050s)
2026-08-10 15:09:00   [GPU] 4,200,000 evals (114098 batches, avg 37/batch = 7% of 512, 3371 evals/s, 287 msg/s, 11.7 leaves/msg, 1246s)
2026-08-10 15:09:55 [iter 32/60] self-play: 160/160 games...
2026-08-10 15:09:55 [iter 32/60] self-play done: 160 games (1301s) | wins: P0=24, P1=113, draw=23 | draw_rate=14% avg_len~26
2026-08-10 15:09:55 [iter 32/60] search: expanded=8.2 actions/node visits/action=73.2 walls/game=7.79 first_wall_ply=1.812 learner_sims/s=3612.9
2026-08-10 15:09:55 [iter 32/60] training (600 steps, lr=5.26e-04)...
2026-08-10 15:10:04 [iter 32/60] training done: loss_p=1.140 loss_v=0.076 (9s)
2026-08-10 15:10:05 [iter 32/60] data: policy_wall_mass=0.198 walled_states=62% walls_on_board=16.5 value_mae walled=0.152 free=0.097
2026-08-10 15:10:06 [iter 32/60] eval vs best (40 games, 600 sims)...
2026-08-10 15:10:06 [EVAL-MP] 8 workers spawned (40 vs_best games, sims=600), GPU batcher starting...
2026-08-10 15:10:26   [GPU] 50,056 evals (1324 batches, avg 38/batch = 7% of 512, 2567 evals/s, 167 msg/s, 15.4 leaves/msg, 19s)
2026-08-10 15:10:42   [GPU] 100,006 evals (2701 batches, avg 37/batch = 7% of 512, 2789 evals/s, 181 msg/s, 15.4 leaves/msg, 36s)
2026-08-10 15:10:56   [GPU] 150,012 evals (3903 batches, avg 38/batch = 8% of 512, 2997 evals/s, 199 msg/s, 15.1 leaves/msg, 50s)
2026-08-10 15:11:09   [GPU] 200,011 evals (5076 batches, avg 39/batch = 8% of 512, 3179 evals/s, 218 msg/s, 14.6 leaves/msg, 63s)
2026-08-10 15:11:21   [GPU] 250,034 evals (6191 batches, avg 40/batch = 8% of 512, 3340 evals/s, 238 msg/s, 14.0 leaves/msg, 75s)
2026-08-10 15:11:33   [GPU] 300,041 evals (7273 batches, avg 41/batch = 8% of 512, 3465 evals/s, 252 msg/s, 13.8 leaves/msg, 87s)
2026-08-10 15:11:44   [GPU] 350,011 evals (8279 batches, avg 42/batch = 8% of 512, 3587 evals/s, 262 msg/s, 13.7 leaves/msg, 98s)
2026-08-10 15:11:54   [GPU] 400,063 evals (9334 batches, avg 43/batch = 8% of 512, 3691 evals/s, 270 msg/s, 13.7 leaves/msg, 108s)
2026-08-10 15:12:05   [GPU] 450,000 evals (10406 batches, avg 43/batch = 8% of 512, 3774 evals/s, 277 msg/s, 13.6 leaves/msg, 119s)
2026-08-10 15:12:17   [GPU] 500,012 evals (11442 batches, avg 44/batch = 9% of 512, 3826 evals/s, 282 msg/s, 13.6 leaves/msg, 131s)
2026-08-10 15:12:29   [GPU] 550,040 evals (12509 batches, avg 44/batch = 9% of 512, 3854 evals/s, 285 msg/s, 13.5 leaves/msg, 143s)
2026-08-10 15:12:42   [GPU] 600,020 evals (13681 batches, avg 44/batch = 9% of 512, 3857 evals/s, 286 msg/s, 13.5 leaves/msg, 156s)
2026-08-10 15:12:54   [GPU] 650,026 evals (14827 batches, avg 44/batch = 9% of 512, 3871 evals/s, 288 msg/s, 13.4 leaves/msg, 168s)
2026-08-10 15:13:06   [GPU] 700,013 evals (15992 batches, avg 44/batch = 9% of 512, 3880 evals/s, 289 msg/s, 13.4 leaves/msg, 180s)
2026-08-10 15:13:14 [iter 32/60] eval vs best: 5/40 games (188s, cand 40%)
2026-08-10 15:13:20   [GPU] 750,008 evals (17259 batches, avg 43/batch = 8% of 512, 3864 evals/s, 289 msg/s, 13.4 leaves/msg, 194s)
2026-08-10 15:13:35   [GPU] 800,026 evals (18650 batches, avg 43/batch = 8% of 512, 3824 evals/s, 285 msg/s, 13.4 leaves/msg, 209s)
2026-08-10 15:13:50   [GPU] 850,042 evals (20039 batches, avg 42/batch = 8% of 512, 3789 evals/s, 282 msg/s, 13.4 leaves/msg, 224s)
2026-08-10 15:14:05   [GPU] 900,003 evals (21443 batches, avg 42/batch = 8% of 512, 3759 evals/s, 281 msg/s, 13.4 leaves/msg, 239s)
2026-08-10 15:14:20   [GPU] 950,032 evals (22764 batches, avg 42/batch = 8% of 512, 3748 evals/s, 281 msg/s, 13.3 leaves/msg, 253s)
2026-08-10 15:14:33   [GPU] 1,000,005 evals (23994 batches, avg 42/batch = 8% of 512, 3747 evals/s, 282 msg/s, 13.3 leaves/msg, 267s)
2026-08-10 15:14:46   [GPU] 1,050,055 evals (25169 batches, avg 42/batch = 8% of 512, 3753 evals/s, 282 msg/s, 13.3 leaves/msg, 280s)
2026-08-10 15:14:59   [GPU] 1,100,067 evals (26322 batches, avg 42/batch = 8% of 512, 3761 evals/s, 283 msg/s, 13.3 leaves/msg, 293s)
2026-08-10 15:15:11   [GPU] 1,150,047 evals (27468 batches, avg 42/batch = 8% of 512, 3769 evals/s, 284 msg/s, 13.3 leaves/msg, 305s)
2026-08-10 15:15:23   [GPU] 1,200,009 evals (28610 batches, avg 42/batch = 8% of 512, 3782 evals/s, 285 msg/s, 13.3 leaves/msg, 317s)
2026-08-10 15:15:35   [GPU] 1,250,029 evals (29760 batches, avg 42/batch = 8% of 512, 3795 evals/s, 286 msg/s, 13.3 leaves/msg, 329s)
2026-08-10 15:15:43 [iter 32/60] eval vs best: 10/40 games (337s, cand 50%)
2026-08-10 15:15:48   [GPU] 1,300,003 evals (30894 batches, avg 42/batch = 8% of 512, 3806 evals/s, 287 msg/s, 13.3 leaves/msg, 342s)
2026-08-10 15:16:00   [GPU] 1,350,013 evals (32054 batches, avg 42/batch = 8% of 512, 3815 evals/s, 287 msg/s, 13.3 leaves/msg, 354s)
2026-08-10 15:16:12   [GPU] 1,400,021 evals (33190 batches, avg 42/batch = 8% of 512, 3826 evals/s, 288 msg/s, 13.3 leaves/msg, 366s)
2026-08-10 15:16:25   [GPU] 1,450,006 evals (34389 batches, avg 42/batch = 8% of 512, 3827 evals/s, 288 msg/s, 13.3 leaves/msg, 379s)
2026-08-10 15:16:32 [iter 32/60] eval vs best: 15/40 games (386s, cand 60%)
2026-08-10 15:16:39   [GPU] 1,500,037 evals (35669 batches, avg 42/batch = 8% of 512, 3816 evals/s, 286 msg/s, 13.3 leaves/msg, 393s)
2026-08-10 15:16:53   [GPU] 1,550,013 evals (36930 batches, avg 42/batch = 8% of 512, 3808 evals/s, 285 msg/s, 13.4 leaves/msg, 407s)
2026-08-10 15:17:06   [GPU] 1,600,047 evals (38132 batches, avg 42/batch = 8% of 512, 3807 evals/s, 284 msg/s, 13.4 leaves/msg, 420s)
2026-08-10 15:17:19   [GPU] 1,650,014 evals (39290 batches, avg 42/batch = 8% of 512, 3814 evals/s, 284 msg/s, 13.4 leaves/msg, 433s)
2026-08-10 15:17:32   [GPU] 1,700,025 evals (40512 batches, avg 42/batch = 8% of 512, 3812 evals/s, 284 msg/s, 13.4 leaves/msg, 446s)
2026-08-10 15:17:45   [GPU] 1,750,068 evals (41736 batches, avg 42/batch = 8% of 512, 3814 evals/s, 284 msg/s, 13.4 leaves/msg, 459s)
2026-08-10 15:17:58   [GPU] 1,800,011 evals (42965 batches, avg 42/batch = 8% of 512, 3815 evals/s, 284 msg/s, 13.4 leaves/msg, 472s)
2026-08-10 15:18:10   [GPU] 1,850,011 evals (44145 batches, avg 42/batch = 8% of 512, 3819 evals/s, 285 msg/s, 13.4 leaves/msg, 484s)
2026-08-10 15:18:22   [GPU] 1,900,018 evals (45286 batches, avg 42/batch = 8% of 512, 3830 evals/s, 285 msg/s, 13.4 leaves/msg, 496s)
2026-08-10 15:18:35   [GPU] 1,950,048 evals (46472 batches, avg 42/batch = 8% of 512, 3835 evals/s, 286 msg/s, 13.4 leaves/msg, 508s)
2026-08-10 15:18:47   [GPU] 2,000,055 evals (47667 batches, avg 42/batch = 8% of 512, 3838 evals/s, 286 msg/s, 13.4 leaves/msg, 521s)
2026-08-10 15:18:59 [iter 32/60] eval vs best: 20/40 games (533s, cand 55%)
2026-08-10 15:19:00   [GPU] 2,050,013 evals (48874 batches, avg 42/batch = 8% of 512, 3840 evals/s, 286 msg/s, 13.4 leaves/msg, 534s)
2026-08-10 15:19:14   [GPU] 2,100,035 evals (50122 batches, avg 42/batch = 8% of 512, 3836 evals/s, 285 msg/s, 13.5 leaves/msg, 547s)
2026-08-10 15:19:27   [GPU] 2,150,020 evals (51386 batches, avg 42/batch = 8% of 512, 3834 evals/s, 284 msg/s, 13.5 leaves/msg, 561s)
2026-08-10 15:19:40   [GPU] 2,200,051 evals (52606 batches, avg 42/batch = 8% of 512, 3833 evals/s, 284 msg/s, 13.5 leaves/msg, 574s)
2026-08-10 15:19:53   [GPU] 2,250,029 evals (53829 batches, avg 42/batch = 8% of 512, 3832 evals/s, 283 msg/s, 13.5 leaves/msg, 587s)
2026-08-10 15:20:08   [GPU] 2,300,001 evals (55156 batches, avg 42/batch = 8% of 512, 3823 evals/s, 282 msg/s, 13.5 leaves/msg, 602s)
2026-08-10 15:20:23   [GPU] 2,350,002 evals (56468 batches, avg 42/batch = 8% of 512, 3811 evals/s, 281 msg/s, 13.6 leaves/msg, 617s)
2026-08-10 15:20:28 [iter 32/60] eval vs best: 25/40 games (622s, cand 48%)
2026-08-10 15:20:38   [GPU] 2,400,002 evals (57797 batches, avg 42/batch = 8% of 512, 3799 evals/s, 280 msg/s, 13.6 leaves/msg, 632s)
2026-08-10 15:20:53   [GPU] 2,450,000 evals (59139 batches, avg 41/batch = 8% of 512, 3787 evals/s, 278 msg/s, 13.6 leaves/msg, 647s)
2026-08-10 15:21:10   [GPU] 2,500,052 evals (60593 batches, avg 41/batch = 8% of 512, 3768 evals/s, 277 msg/s, 13.6 leaves/msg, 663s)
2026-08-10 15:21:26   [GPU] 2,550,027 evals (62041 batches, avg 41/batch = 8% of 512, 3751 evals/s, 275 msg/s, 13.6 leaves/msg, 680s)
2026-08-10 15:21:41   [GPU] 2,600,066 evals (63399 batches, avg 41/batch = 8% of 512, 3742 evals/s, 275 msg/s, 13.6 leaves/msg, 695s)
2026-08-10 15:21:56   [GPU] 2,650,011 evals (64788 batches, avg 41/batch = 8% of 512, 3735 evals/s, 274 msg/s, 13.6 leaves/msg, 710s)
2026-08-10 15:22:10   [GPU] 2,700,015 evals (66161 batches, avg 41/batch = 8% of 512, 3727 evals/s, 274 msg/s, 13.6 leaves/msg, 724s)
2026-08-10 15:22:25   [GPU] 2,750,027 evals (67539 batches, avg 41/batch = 8% of 512, 3720 evals/s, 273 msg/s, 13.6 leaves/msg, 739s)
2026-08-10 15:22:26 [iter 32/60] eval vs best: 30/40 games (740s, cand 50%)
2026-08-10 15:22:40   [GPU] 2,800,003 evals (68899 batches, avg 41/batch = 8% of 512, 3714 evals/s, 273 msg/s, 13.6 leaves/msg, 754s)
2026-08-10 15:22:55   [GPU] 2,850,008 evals (70315 batches, avg 41/batch = 8% of 512, 3705 evals/s, 272 msg/s, 13.6 leaves/msg, 769s)
2026-08-10 15:23:09   [GPU] 2,900,032 evals (71685 batches, avg 40/batch = 8% of 512, 3702 evals/s, 272 msg/s, 13.6 leaves/msg, 783s)
2026-08-10 15:23:26   [GPU] 2,950,021 evals (73233 batches, avg 40/batch = 8% of 512, 3686 evals/s, 272 msg/s, 13.6 leaves/msg, 800s)
2026-08-10 15:23:51   [GPU] 3,000,002 evals (75305 batches, avg 40/batch = 8% of 512, 3635 evals/s, 268 msg/s, 13.6 leaves/msg, 825s)
2026-08-10 15:23:56 [iter 32/60] eval vs best: 35/40 games (830s, cand 51%)
2026-08-10 15:24:20   [GPU] 3,050,004 evals (77580 batches, avg 39/batch = 8% of 512, 3570 evals/s, 263 msg/s, 13.6 leaves/msg, 854s)
2026-08-10 15:24:53   [GPU] 3,100,005 evals (80123 batches, avg 39/batch = 8% of 512, 3496 evals/s, 258 msg/s, 13.5 leaves/msg, 887s)
2026-08-10 15:25:29   [GPU] 3,150,018 evals (82508 batches, avg 38/batch = 7% of 512, 3414 evals/s, 252 msg/s, 13.6 leaves/msg, 923s)
2026-08-10 15:26:04   [GPU] 3,200,009 evals (84803 batches, avg 38/batch = 7% of 512, 3340 evals/s, 246 msg/s, 13.6 leaves/msg, 958s)
2026-08-10 15:26:38   [GPU] 3,250,027 evals (87026 batches, avg 37/batch = 7% of 512, 3278 evals/s, 241 msg/s, 13.6 leaves/msg, 992s)
2026-08-10 15:27:15   [GPU] 3,300,014 evals (89448 batches, avg 37/batch = 7% of 512, 3207 evals/s, 236 msg/s, 13.6 leaves/msg, 1029s)
2026-08-10 15:28:00 [iter 32/60] eval vs best: 40/40 games (1074s, cand 57%)
2026-08-10 15:28:00 [iter 32/60] eval vs best done: 57.5% of 40 decided, 33 adjudicated reject (1074s)
2026-08-10 15:28:00 [iter 32/60] eval vs random (8 games, 600 sims)...
2026-08-10 15:28:01 [EVAL-MP] 8 workers spawned (8 vs_random games, sims=600), GPU batcher starting...
2026-08-10 15:28:18   [GPU] 50,011 evals (1297 batches, avg 39/batch = 8% of 512, 2929 evals/s, 199 msg/s, 14.8 leaves/msg, 17s)
2026-08-10 15:28:22 [iter 32/60] eval vs random: 5/8 games (22s, cand 100%)
2026-08-10 15:29:06 [iter 32/60] eval vs random: 8/8 games (65s, cand 100%)
2026-08-10 15:29:06 [iter 32/60] eval vs random done: 100.0% (66s)
2026-08-10 15:29:06 [iter 32/60] eval vs greedy (80 games, 600 sims)...
2026-08-10 15:29:06 [EVAL-MP] 8 workers spawned (80 vs_greedy games, sims=600), GPU batcher starting...
2026-08-10 15:29:21   [GPU] 50,003 evals (1230 batches, avg 41/batch = 8% of 512, 3345 evals/s, 219 msg/s, 15.3 leaves/msg, 15s)
2026-08-10 15:29:27 [iter 32/60] eval vs greedy: 5/80 games (21s, cand 100%)
2026-08-10 15:29:33   [GPU] 100,004 evals (2469 batches, avg 41/batch = 8% of 512, 3706 evals/s, 256 msg/s, 14.5 leaves/msg, 27s)
2026-08-10 15:29:45   [GPU] 150,053 evals (3669 batches, avg 41/batch = 8% of 512, 3861 evals/s, 263 msg/s, 14.7 leaves/msg, 39s)
2026-08-10 15:29:46 [iter 32/60] eval vs greedy: 10/80 games (39s, cand 80%)
2026-08-10 15:29:54 [iter 32/60] eval vs greedy: 15/80 games (47s, cand 80%)
2026-08-10 15:29:58   [GPU] 200,020 evals (4923 batches, avg 41/batch = 8% of 512, 3873 evals/s, 266 msg/s, 14.6 leaves/msg, 52s)
2026-08-10 15:30:09 [iter 32/60] eval vs greedy: 20/80 games (62s, cand 75%)
2026-08-10 15:30:10   [GPU] 250,007 evals (6136 batches, avg 41/batch = 8% of 512, 3897 evals/s, 268 msg/s, 14.5 leaves/msg, 64s)
2026-08-10 15:30:22 [iter 32/60] eval vs greedy: 25/80 games (76s, cand 80%)
2026-08-10 15:30:23   [GPU] 300,032 evals (7367 batches, avg 41/batch = 8% of 512, 3910 evals/s, 271 msg/s, 14.4 leaves/msg, 77s)
2026-08-10 15:30:29 [iter 32/60] eval vs greedy: 30/80 games (83s, cand 83%)
2026-08-10 15:30:36   [GPU] 350,023 evals (8678 batches, avg 40/batch = 8% of 512, 3885 evals/s, 268 msg/s, 14.5 leaves/msg, 90s)
2026-08-10 15:30:46 [iter 32/60] eval vs greedy: 35/80 games (100s, cand 83%)
2026-08-10 15:30:49   [GPU] 400,036 evals (9933 batches, avg 40/batch = 8% of 512, 3890 evals/s, 269 msg/s, 14.4 leaves/msg, 103s)
2026-08-10 15:31:01   [GPU] 450,013 evals (11158 batches, avg 40/batch = 8% of 512, 3906 evals/s, 269 msg/s, 14.5 leaves/msg, 115s)
2026-08-10 15:31:03 [iter 32/60] eval vs greedy: 40/80 games (117s, cand 85%)
2026-08-10 15:31:11 [iter 32/60] eval vs greedy: 45/80 games (124s, cand 84%)
2026-08-10 15:31:15   [GPU] 500,004 evals (12481 batches, avg 40/batch = 8% of 512, 3888 evals/s, 269 msg/s, 14.5 leaves/msg, 129s)
2026-08-10 15:31:27   [GPU] 550,024 evals (13683 batches, avg 40/batch = 8% of 512, 3904 evals/s, 270 msg/s, 14.5 leaves/msg, 141s)
2026-08-10 15:31:27 [iter 32/60] eval vs greedy: 50/80 games (141s, cand 84%)
2026-08-10 15:31:36 [iter 32/60] eval vs greedy: 55/80 games (149s, cand 85%)
2026-08-10 15:31:40   [GPU] 600,024 evals (14954 batches, avg 40/batch = 8% of 512, 3898 evals/s, 269 msg/s, 14.5 leaves/msg, 154s)
2026-08-10 15:31:50 [iter 32/60] eval vs greedy: 60/80 games (164s, cand 87%)
2026-08-10 15:31:53   [GPU] 650,020 evals (16213 batches, avg 40/batch = 8% of 512, 3894 evals/s, 269 msg/s, 14.5 leaves/msg, 167s)
2026-08-10 15:32:02 [iter 32/60] eval vs greedy: 65/80 games (176s, cand 88%)
2026-08-10 15:32:06   [GPU] 700,030 evals (17472 batches, avg 40/batch = 8% of 512, 3891 evals/s, 268 msg/s, 14.5 leaves/msg, 180s)
2026-08-10 15:32:17 [iter 32/60] eval vs greedy: 70/80 games (191s, cand 87%)
2026-08-10 15:32:21   [GPU] 750,018 evals (18887 batches, avg 40/batch = 8% of 512, 3850 evals/s, 266 msg/s, 14.5 leaves/msg, 195s)
2026-08-10 15:32:31 [iter 32/60] eval vs greedy: 75/80 games (205s, cand 87%)
2026-08-10 15:32:52   [GPU] 800,002 evals (20885 batches, avg 38/batch = 7% of 512, 3536 evals/s, 245 msg/s, 14.4 leaves/msg, 226s)
2026-08-10 15:32:53 [iter 32/60] eval vs greedy: 80/80 games (227s, cand 85%)
2026-08-10 15:32:53 [iter 32/60] eval vs greedy done: 85.0% of 80 decided [seat0:36/40 seat1:32/40] (227s)
2026-08-10 15:32:53 [iter 32/60] eval vs minimax (depth 2, 40 games)...
2026-08-10 15:32:53 [EVAL-MP] 8 workers spawned (40 vs_minimax games, sims=600), GPU batcher starting...
2026-08-10 15:33:11   [GPU] 50,044 evals (1344 batches, avg 37/batch = 7% of 512, 2875 evals/s, 187 msg/s, 15.4 leaves/msg, 17s)
2026-08-10 15:33:25   [GPU] 100,002 evals (2696 batches, avg 37/batch = 7% of 512, 3190 evals/s, 231 msg/s, 13.8 leaves/msg, 31s)
2026-08-10 15:33:27 [iter 32/60] eval vs minimax: 5/40 games (0%)
2026-08-10 15:33:38   [GPU] 150,004 evals (4050 batches, avg 37/batch = 7% of 512, 3324 evals/s, 245 msg/s, 13.6 leaves/msg, 45s)
2026-08-10 15:33:47 [iter 32/60] eval vs minimax: 10/40 games (0%)
2026-08-10 15:33:53   [GPU] 200,069 evals (5436 batches, avg 37/batch = 7% of 512, 3363 evals/s, 251 msg/s, 13.4 leaves/msg, 59s)
2026-08-10 15:34:05   [GPU] 250,013 evals (6659 batches, avg 38/batch = 7% of 512, 3483 evals/s, 263 msg/s, 13.2 leaves/msg, 72s)
2026-08-10 15:34:07 [iter 32/60] eval vs minimax: 15/40 games (0%)
2026-08-10 15:34:20   [GPU] 300,074 evals (8022 batches, avg 37/batch = 7% of 512, 3475 evals/s, 262 msg/s, 13.3 leaves/msg, 86s)
2026-08-10 15:34:33   [GPU] 350,004 evals (9337 batches, avg 37/batch = 7% of 512, 3510 evals/s, 263 msg/s, 13.3 leaves/msg, 100s)
2026-08-10 15:34:42 [iter 32/60] eval vs minimax: 20/40 games (0%)
2026-08-10 15:34:46   [GPU] 400,023 evals (10652 batches, avg 38/batch = 7% of 512, 3551 evals/s, 272 msg/s, 13.1 leaves/msg, 113s)
2026-08-10 15:34:59   [GPU] 450,002 evals (11959 batches, avg 38/batch = 7% of 512, 3569 evals/s, 274 msg/s, 13.0 leaves/msg, 126s)
2026-08-10 15:35:12   [GPU] 500,002 evals (13146 batches, avg 38/batch = 7% of 512, 3612 evals/s, 273 msg/s, 13.2 leaves/msg, 138s)
2026-08-10 15:35:16 [iter 32/60] eval vs minimax: 25/40 games (0%)
2026-08-10 15:35:23   [GPU] 550,002 evals (14317 batches, avg 38/batch = 8% of 512, 3664 evals/s, 278 msg/s, 13.2 leaves/msg, 150s)
2026-08-10 15:35:27 [iter 32/60] eval vs minimax: 30/40 games (0%)
2026-08-10 15:35:42   [GPU] 600,049 evals (15906 batches, avg 38/batch = 7% of 512, 3565 evals/s, 267 msg/s, 13.3 leaves/msg, 168s)
2026-08-10 15:35:54 [iter 32/60] eval vs minimax: 35/40 games (0%)
2026-08-10 15:36:18   [GPU] 650,004 evals (18431 batches, avg 35/batch = 7% of 512, 3172 evals/s, 240 msg/s, 13.2 leaves/msg, 205s)
2026-08-10 15:36:42 [iter 32/60] eval vs minimax: 40/40 games (3%)
2026-08-10 15:36:43 [iter 32/60] eval vs minimax done: 2.7% of 37 decided [seat0:0/20 seat1:1/20] (229s)
2026-08-10 15:36:43 >>> iter 32 | loss_p=1.140 loss_v=0.076 | vs_best=57.5% reject | vs_rand=100.0% | draw=14% | buf=100000 | rss=3.44GB | sp=1301s train=9s eval_best=1074s eval_rand=66s | total=2908s
2026-08-10 15:36:43 [iter 33/60] self-play starting (160 games, 600 sims, MIXED 80/160 race-only)...
2026-08-10 15:36:43 [PARALLEL-MP] 8 workers spawned (160 games, sims=600), GPU batcher starting...
2026-08-10 15:36:55   [GPU] 50,048 evals (928 batches, avg 54/batch = 11% of 512, 4181 evals/s, 314 msg/s, 13.3 leaves/msg, 12s)
2026-08-10 15:37:01 [iter 33/60] self-play: 5/160 games...
2026-08-10 15:37:07   [GPU] 100,008 evals (2090 batches, avg 48/batch = 9% of 512, 4185 evals/s, 324 msg/s, 12.9 leaves/msg, 24s)
2026-08-10 15:37:19   [GPU] 150,058 evals (3267 batches, avg 46/batch = 9% of 512, 4172 evals/s, 319 msg/s, 13.1 leaves/msg, 36s)
2026-08-10 15:37:27 [iter 33/60] self-play: 10/160 games...
2026-08-10 15:37:29   [GPU] 200,026 evals (4319 batches, avg 46/batch = 9% of 512, 4307 evals/s, 327 msg/s, 13.2 leaves/msg, 46s)
2026-08-10 15:37:41   [GPU] 250,039 evals (5501 batches, avg 45/batch = 9% of 512, 4312 evals/s, 322 msg/s, 13.4 leaves/msg, 58s)
2026-08-10 15:37:51   [GPU] 300,002 evals (6581 batches, avg 46/batch = 9% of 512, 4381 evals/s, 323 msg/s, 13.6 leaves/msg, 68s)
2026-08-10 15:38:01   [GPU] 350,043 evals (7585 batches, avg 46/batch = 9% of 512, 4486 evals/s, 328 msg/s, 13.7 leaves/msg, 78s)
2026-08-10 15:38:09   [GPU] 400,036 evals (8460 batches, avg 47/batch = 9% of 512, 4620 evals/s, 337 msg/s, 13.7 leaves/msg, 87s)
2026-08-10 15:38:18   [GPU] 450,026 evals (9323 batches, avg 48/batch = 9% of 512, 4744 evals/s, 346 msg/s, 13.7 leaves/msg, 95s)
2026-08-10 15:38:26 [iter 33/60] self-play: 15/160 games...
2026-08-10 15:38:27   [GPU] 500,018 evals (10327 batches, avg 48/batch = 9% of 512, 4795 evals/s, 352 msg/s, 13.6 leaves/msg, 104s)
2026-08-10 15:38:36   [GPU] 550,044 evals (11227 batches, avg 49/batch = 10% of 512, 4869 evals/s, 356 msg/s, 13.7 leaves/msg, 113s)
2026-08-10 15:38:45   [GPU] 600,058 evals (12243 batches, avg 49/batch = 10% of 512, 4895 evals/s, 358 msg/s, 13.7 leaves/msg, 123s)
2026-08-10 15:38:56   [GPU] 650,052 evals (13356 batches, avg 49/batch = 10% of 512, 4875 evals/s, 355 msg/s, 13.7 leaves/msg, 133s)
2026-08-10 15:39:06   [GPU] 700,016 evals (14404 batches, avg 49/batch = 9% of 512, 4876 evals/s, 355 msg/s, 13.7 leaves/msg, 144s)
2026-08-10 15:39:09 [iter 33/60] self-play: 20/160 games...
2026-08-10 15:39:17   [GPU] 750,023 evals (15486 batches, avg 48/batch = 9% of 512, 4861 evals/s, 356 msg/s, 13.7 leaves/msg, 154s)
2026-08-10 15:39:28 [iter 33/60] self-play: 25/160 games...
2026-08-10 15:39:28   [GPU] 800,017 evals (16584 batches, avg 48/batch = 9% of 512, 4832 evals/s, 354 msg/s, 13.6 leaves/msg, 166s)
2026-08-10 15:39:39   [GPU] 850,052 evals (17697 batches, avg 48/batch = 9% of 512, 4809 evals/s, 352 msg/s, 13.7 leaves/msg, 177s)
2026-08-10 15:39:51   [GPU] 900,049 evals (18874 batches, avg 48/batch = 9% of 512, 4777 evals/s, 351 msg/s, 13.6 leaves/msg, 188s)
2026-08-10 15:40:01   [GPU] 950,060 evals (19868 batches, avg 48/batch = 9% of 512, 4798 evals/s, 353 msg/s, 13.6 leaves/msg, 198s)
2026-08-10 15:40:12   [GPU] 1,000,036 evals (21080 batches, avg 47/batch = 9% of 512, 4768 evals/s, 353 msg/s, 13.5 leaves/msg, 210s)
2026-08-10 15:40:15 [iter 33/60] self-play: 30/160 games...
2026-08-10 15:40:25   [GPU] 1,050,006 evals (22359 batches, avg 47/batch = 9% of 512, 4725 evals/s, 354 msg/s, 13.4 leaves/msg, 222s)
2026-08-10 15:40:37   [GPU] 1,100,001 evals (23571 batches, avg 47/batch = 9% of 512, 4704 evals/s, 354 msg/s, 13.3 leaves/msg, 234s)
2026-08-10 15:40:43 [iter 33/60] self-play: 35/160 games...
2026-08-10 15:40:48   [GPU] 1,150,007 evals (24718 batches, avg 47/batch = 9% of 512, 4692 evals/s, 353 msg/s, 13.3 leaves/msg, 245s)
2026-08-10 15:40:58   [GPU] 1,200,017 evals (25794 batches, avg 47/batch = 9% of 512, 4692 evals/s, 352 msg/s, 13.3 leaves/msg, 256s)
2026-08-10 15:41:08   [GPU] 1,250,029 evals (26741 batches, avg 47/batch = 9% of 512, 4720 evals/s, 353 msg/s, 13.4 leaves/msg, 265s)
2026-08-10 15:41:11 [iter 33/60] self-play: 40/160 games...
2026-08-10 15:41:17   [GPU] 1,300,054 evals (27764 batches, avg 47/batch = 9% of 512, 4739 evals/s, 355 msg/s, 13.4 leaves/msg, 274s)
2026-08-10 15:41:26   [GPU] 1,350,012 evals (28726 batches, avg 47/batch = 9% of 512, 4766 evals/s, 358 msg/s, 13.3 leaves/msg, 283s)
2026-08-10 15:41:35   [GPU] 1,400,029 evals (29729 batches, avg 47/batch = 9% of 512, 4784 evals/s, 359 msg/s, 13.3 leaves/msg, 293s)
2026-08-10 15:41:45   [GPU] 1,450,043 evals (30733 batches, avg 47/batch = 9% of 512, 4802 evals/s, 359 msg/s, 13.4 leaves/msg, 302s)
2026-08-10 15:41:54   [GPU] 1,500,048 evals (31677 batches, avg 47/batch = 9% of 512, 4825 evals/s, 361 msg/s, 13.4 leaves/msg, 311s)
2026-08-10 15:41:59 [iter 33/60] self-play: 45/160 games...
2026-08-10 15:42:03   [GPU] 1,550,025 evals (32670 batches, avg 47/batch = 9% of 512, 4841 evals/s, 363 msg/s, 13.4 leaves/msg, 320s)
2026-08-10 15:42:12 [iter 33/60] self-play: 50/160 games...
2026-08-10 15:42:13   [GPU] 1,600,049 evals (33684 batches, avg 48/batch = 9% of 512, 4846 evals/s, 364 msg/s, 13.3 leaves/msg, 330s)
2026-08-10 15:42:24   [GPU] 1,650,015 evals (34832 batches, avg 47/batch = 9% of 512, 4832 evals/s, 363 msg/s, 13.3 leaves/msg, 341s)
2026-08-10 15:42:35   [GPU] 1,700,003 evals (35964 batches, avg 47/batch = 9% of 512, 4826 evals/s, 362 msg/s, 13.3 leaves/msg, 352s)
2026-08-10 15:42:47   [GPU] 1,750,016 evals (37146 batches, avg 47/batch = 9% of 512, 4810 evals/s, 362 msg/s, 13.3 leaves/msg, 364s)
2026-08-10 15:42:48 [iter 33/60] self-play: 55/160 games...
2026-08-10 15:42:57   [GPU] 1,800,005 evals (38211 batches, avg 47/batch = 9% of 512, 4812 evals/s, 362 msg/s, 13.3 leaves/msg, 374s)
2026-08-10 15:43:08   [GPU] 1,850,033 evals (39362 batches, avg 47/batch = 9% of 512, 4801 evals/s, 362 msg/s, 13.3 leaves/msg, 385s)
2026-08-10 15:43:20   [GPU] 1,900,016 evals (40582 batches, avg 47/batch = 9% of 512, 4787 evals/s, 361 msg/s, 13.2 leaves/msg, 397s)
2026-08-10 15:43:26 [iter 33/60] self-play: 60/160 games...
2026-08-10 15:43:30   [GPU] 1,950,030 evals (41687 batches, avg 47/batch = 9% of 512, 4785 evals/s, 362 msg/s, 13.2 leaves/msg, 408s)
2026-08-10 15:43:41   [GPU] 2,000,025 evals (42712 batches, avg 47/batch = 9% of 512, 4786 evals/s, 363 msg/s, 13.2 leaves/msg, 418s)
2026-08-10 15:43:53   [GPU] 2,050,035 evals (44002 batches, avg 47/batch = 9% of 512, 4759 evals/s, 361 msg/s, 13.2 leaves/msg, 431s)
2026-08-10 15:44:05   [GPU] 2,100,037 evals (45232 batches, avg 46/batch = 9% of 512, 4743 evals/s, 360 msg/s, 13.2 leaves/msg, 443s)
2026-08-10 15:44:08 [iter 33/60] self-play: 65/160 games...
2026-08-10 15:44:16   [GPU] 2,150,002 evals (46293 batches, avg 46/batch = 9% of 512, 4746 evals/s, 361 msg/s, 13.1 leaves/msg, 453s)
2026-08-10 15:44:26 [iter 33/60] self-play: 70/160 games...
2026-08-10 15:44:27   [GPU] 2,200,014 evals (47429 batches, avg 46/batch = 9% of 512, 4740 evals/s, 363 msg/s, 13.1 leaves/msg, 464s)
2026-08-10 15:44:39   [GPU] 2,250,021 evals (48638 batches, avg 46/batch = 9% of 512, 4728 evals/s, 363 msg/s, 13.0 leaves/msg, 476s)
2026-08-10 15:44:51   [GPU] 2,300,017 evals (49909 batches, avg 46/batch = 9% of 512, 4711 evals/s, 362 msg/s, 13.0 leaves/msg, 488s)
2026-08-10 15:44:59 [iter 33/60] self-play: 75/160 games...
2026-08-10 15:45:03   [GPU] 2,350,001 evals (51222 batches, avg 46/batch = 9% of 512, 4693 evals/s, 362 msg/s, 13.0 leaves/msg, 501s)
2026-08-10 15:45:16   [GPU] 2,400,022 evals (52526 batches, avg 46/batch = 9% of 512, 4676 evals/s, 361 msg/s, 12.9 leaves/msg, 513s)
2026-08-10 15:45:20 [iter 33/60] self-play: 80/160 games...
2026-08-10 15:45:26   [GPU] 2,450,036 evals (53550 batches, avg 46/batch = 9% of 512, 4682 evals/s, 362 msg/s, 12.9 leaves/msg, 523s)
2026-08-10 15:45:38   [GPU] 2,500,005 evals (54776 batches, avg 46/batch = 9% of 512, 4669 evals/s, 362 msg/s, 12.9 leaves/msg, 535s)
2026-08-10 15:45:50   [GPU] 2,550,016 evals (55995 batches, avg 46/batch = 9% of 512, 4659 evals/s, 361 msg/s, 12.9 leaves/msg, 547s)
2026-08-10 15:46:00   [GPU] 2,600,005 evals (57018 batches, avg 46/batch = 9% of 512, 4668 evals/s, 361 msg/s, 12.9 leaves/msg, 557s)
2026-08-10 15:46:06 [iter 33/60] self-play: 85/160 games...
2026-08-10 15:46:09   [GPU] 2,650,080 evals (58055 batches, avg 46/batch = 9% of 512, 4677 evals/s, 362 msg/s, 12.9 leaves/msg, 567s)
2026-08-10 15:46:19   [GPU] 2,700,061 evals (59033 batches, avg 46/batch = 9% of 512, 4687 evals/s, 363 msg/s, 12.9 leaves/msg, 576s)
2026-08-10 15:46:28   [GPU] 2,750,010 evals (60002 batches, avg 46/batch = 9% of 512, 4697 evals/s, 364 msg/s, 12.9 leaves/msg, 586s)
2026-08-10 15:46:39   [GPU] 2,800,037 evals (61111 batches, avg 46/batch = 9% of 512, 4693 evals/s, 364 msg/s, 12.9 leaves/msg, 597s)
2026-08-10 15:46:44 [iter 33/60] self-play: 90/160 games...
2026-08-10 15:46:51   [GPU] 2,850,005 evals (62256 batches, avg 46/batch = 9% of 512, 4688 evals/s, 364 msg/s, 12.9 leaves/msg, 608s)
2026-08-10 15:47:03 [iter 33/60] self-play: 95/160 games...
2026-08-10 15:47:03   [GPU] 2,900,018 evals (63500 batches, avg 46/batch = 9% of 512, 4676 evals/s, 364 msg/s, 12.9 leaves/msg, 620s)
2026-08-10 15:47:16   [GPU] 2,950,014 evals (64802 batches, avg 46/batch = 9% of 512, 4660 evals/s, 363 msg/s, 12.8 leaves/msg, 633s)
2026-08-10 15:47:28   [GPU] 3,000,039 evals (65986 batches, avg 45/batch = 9% of 512, 4652 evals/s, 363 msg/s, 12.8 leaves/msg, 645s)
2026-08-10 15:47:29 [iter 33/60] self-play: 100/160 games...
2026-08-10 15:47:39   [GPU] 3,050,013 evals (67217 batches, avg 45/batch = 9% of 512, 4646 evals/s, 363 msg/s, 12.8 leaves/msg, 656s)
2026-08-10 15:47:49   [GPU] 3,100,000 evals (68291 batches, avg 45/batch = 9% of 512, 4652 evals/s, 363 msg/s, 12.8 leaves/msg, 666s)
2026-08-10 15:48:00   [GPU] 3,150,014 evals (69403 batches, avg 45/batch = 9% of 512, 4654 evals/s, 364 msg/s, 12.8 leaves/msg, 677s)
2026-08-10 15:48:11   [GPU] 3,200,008 evals (70605 batches, avg 45/batch = 9% of 512, 4650 evals/s, 364 msg/s, 12.8 leaves/msg, 688s)
2026-08-10 15:48:22   [GPU] 3,250,004 evals (71766 batches, avg 45/batch = 9% of 512, 4648 evals/s, 364 msg/s, 12.8 leaves/msg, 699s)
2026-08-10 15:48:24 [iter 33/60] self-play: 105/160 games...
2026-08-10 15:48:34   [GPU] 3,300,005 evals (73003 batches, avg 45/batch = 9% of 512, 4641 evals/s, 364 msg/s, 12.7 leaves/msg, 711s)
2026-08-10 15:48:44 [iter 33/60] self-play: 110/160 games...
2026-08-10 15:48:45   [GPU] 3,350,016 evals (74146 batches, avg 45/batch = 9% of 512, 4639 evals/s, 364 msg/s, 12.7 leaves/msg, 722s)
2026-08-10 15:48:57   [GPU] 3,400,019 evals (75381 batches, avg 45/batch = 9% of 512, 4632 evals/s, 364 msg/s, 12.7 leaves/msg, 734s)
2026-08-10 15:49:09   [GPU] 3,450,003 evals (76679 batches, avg 45/batch = 9% of 512, 4620 evals/s, 364 msg/s, 12.7 leaves/msg, 747s)
2026-08-10 15:49:11 [iter 33/60] self-play: 115/160 games...
2026-08-10 15:49:22   [GPU] 3,500,052 evals (77960 batches, avg 45/batch = 9% of 512, 4612 evals/s, 364 msg/s, 12.7 leaves/msg, 759s)
2026-08-10 15:49:33   [GPU] 3,550,007 evals (79210 batches, avg 45/batch = 9% of 512, 4606 evals/s, 364 msg/s, 12.7 leaves/msg, 771s)
2026-08-10 15:49:34 [iter 33/60] self-play: 120/160 games...
2026-08-10 15:49:45   [GPU] 3,600,042 evals (80398 batches, avg 45/batch = 9% of 512, 4605 evals/s, 364 msg/s, 12.7 leaves/msg, 782s)
2026-08-10 15:49:57   [GPU] 3,650,041 evals (81710 batches, avg 45/batch = 9% of 512, 4597 evals/s, 364 msg/s, 12.6 leaves/msg, 794s)
2026-08-10 15:50:10   [GPU] 3,700,017 evals (83069 batches, avg 45/batch = 9% of 512, 4585 evals/s, 363 msg/s, 12.6 leaves/msg, 807s)
2026-08-10 15:50:21   [GPU] 3,750,053 evals (84275 batches, avg 44/batch = 9% of 512, 4584 evals/s, 364 msg/s, 12.6 leaves/msg, 818s)
2026-08-10 15:50:24 [iter 33/60] self-play: 125/160 games...
2026-08-10 15:50:33   [GPU] 3,800,032 evals (85596 batches, avg 44/batch = 9% of 512, 4577 evals/s, 364 msg/s, 12.6 leaves/msg, 830s)
2026-08-10 15:50:45   [GPU] 3,850,020 evals (86946 batches, avg 44/batch = 9% of 512, 4570 evals/s, 364 msg/s, 12.5 leaves/msg, 843s)
2026-08-10 15:50:55 [iter 33/60] self-play: 130/160 games...
2026-08-10 15:50:58   [GPU] 3,900,057 evals (88242 batches, avg 44/batch = 9% of 512, 4560 evals/s, 364 msg/s, 12.5 leaves/msg, 855s)
2026-08-10 15:51:10   [GPU] 3,950,037 evals (89549 batches, avg 44/batch = 9% of 512, 4552 evals/s, 364 msg/s, 12.5 leaves/msg, 868s)
2026-08-10 15:51:20 [iter 33/60] self-play: 135/160 games...
2026-08-10 15:51:22   [GPU] 4,000,018 evals (90751 batches, avg 44/batch = 9% of 512, 4550 evals/s, 364 msg/s, 12.5 leaves/msg, 879s)
2026-08-10 15:51:33   [GPU] 4,050,022 evals (91914 batches, avg 44/batch = 9% of 512, 4550 evals/s, 364 msg/s, 12.5 leaves/msg, 890s)
2026-08-10 15:51:44   [GPU] 4,100,051 evals (93055 batches, avg 44/batch = 9% of 512, 4551 evals/s, 364 msg/s, 12.5 leaves/msg, 901s)
2026-08-10 15:51:52 [iter 33/60] self-play: 140/160 games...
2026-08-10 15:51:54   [GPU] 4,150,049 evals (94126 batches, avg 44/batch = 9% of 512, 4553 evals/s, 364 msg/s, 12.5 leaves/msg, 911s)
2026-08-10 15:52:05   [GPU] 4,200,048 evals (95220 batches, avg 44/batch = 9% of 512, 4555 evals/s, 364 msg/s, 12.5 leaves/msg, 922s)
2026-08-10 15:52:15 [iter 33/60] self-play: 145/160 games...
2026-08-10 15:52:16   [GPU] 4,250,019 evals (96389 batches, avg 44/batch = 9% of 512, 4554 evals/s, 364 msg/s, 12.5 leaves/msg, 933s)
2026-08-10 15:52:26   [GPU] 4,300,046 evals (97429 batches, avg 44/batch = 9% of 512, 4559 evals/s, 364 msg/s, 12.5 leaves/msg, 943s)
2026-08-10 15:52:36   [GPU] 4,350,026 evals (98458 batches, avg 44/batch = 9% of 512, 4563 evals/s, 365 msg/s, 12.5 leaves/msg, 953s)
2026-08-10 15:52:45   [GPU] 4,400,040 evals (99435 batches, avg 44/batch = 9% of 512, 4570 evals/s, 365 msg/s, 12.5 leaves/msg, 963s)
2026-08-10 15:52:52 [iter 33/60] self-play: 150/160 games...
2026-08-10 15:52:56   [GPU] 4,450,037 evals (100569 batches, avg 44/batch = 9% of 512, 4570 evals/s, 365 msg/s, 12.5 leaves/msg, 974s)
2026-08-10 15:53:07   [GPU] 4,500,004 evals (101647 batches, avg 44/batch = 9% of 512, 4572 evals/s, 365 msg/s, 12.5 leaves/msg, 984s)
2026-08-10 15:53:16   [GPU] 4,550,026 evals (102576 batches, avg 44/batch = 9% of 512, 4581 evals/s, 366 msg/s, 12.5 leaves/msg, 993s)
2026-08-10 15:53:21 [iter 33/60] self-play: 155/160 games...
2026-08-10 15:53:32   [GPU] 4,600,003 evals (104132 batches, avg 44/batch = 9% of 512, 4560 evals/s, 366 msg/s, 12.5 leaves/msg, 1009s)
2026-08-10 15:53:50   [GPU] 4,650,027 evals (105798 batches, avg 44/batch = 9% of 512, 4527 evals/s, 364 msg/s, 12.4 leaves/msg, 1027s)
2026-08-10 15:54:23   [GPU] 4,700,003 evals (108525 batches, avg 43/batch = 8% of 512, 4433 evals/s, 356 msg/s, 12.4 leaves/msg, 1060s)
2026-08-10 15:54:51 [iter 33/60] self-play: 160/160 games...
2026-08-10 15:54:51 [iter 33/60] self-play done: 160 games (1088s) | wins: P0=31, P1=100, draw=29 | draw_rate=18% avg_len~25
2026-08-10 15:54:51 [iter 33/60] search: expanded=7.7 actions/node visits/action=78.3 walls/game=7.91 first_wall_ply=1.712 learner_sims/s=4799.76
2026-08-10 15:54:51 [iter 33/60] training (600 steps, lr=5.03e-04)...
2026-08-10 15:54:59 [iter 33/60] training done: loss_p=1.133 loss_v=0.076 (8s)
2026-08-10 15:55:00 [iter 33/60] data: policy_wall_mass=0.169 walled_states=60% walls_on_board=17.5 value_mae walled=0.145 free=0.079
2026-08-10 15:55:01 [iter 33/60] eval skipped (eval_every=4)
2026-08-10 15:55:01 >>> iter 33 | loss_p=1.133 loss_v=0.076 | vs_best=n/a (not evaluated) | vs_rand=n/a | draw=18% | buf=100000 | rss=3.46GB | sp=1088s train=8s eval_best=0s eval_rand=0s | total=1098s
2026-08-10 15:55:01 [iter 34/60] self-play starting (160 games, 600 sims, MIXED 80/160 race-only)...
2026-08-10 15:55:01 [PARALLEL-MP] 8 workers spawned (160 games, sims=600), GPU batcher starting...
2026-08-10 15:55:13   [GPU] 50,001 evals (956 batches, avg 52/batch = 10% of 512, 4039 evals/s, 304 msg/s, 13.3 leaves/msg, 12s)
2026-08-10 15:55:19 [iter 34/60] self-play: 5/160 games...
2026-08-10 15:55:26   [GPU] 100,013 evals (2149 batches, avg 47/batch = 9% of 512, 4021 evals/s, 309 msg/s, 13.0 leaves/msg, 25s)
2026-08-10 15:55:39   [GPU] 150,039 evals (3401 batches, avg 44/batch = 9% of 512, 3940 evals/s, 295 msg/s, 13.4 leaves/msg, 38s)
2026-08-10 15:55:49 [iter 34/60] self-play: 10/160 games...
2026-08-10 15:55:49   [GPU] 200,006 evals (4430 batches, avg 45/batch = 9% of 512, 4137 evals/s, 308 msg/s, 13.4 leaves/msg, 48s)
2026-08-10 15:56:00   [GPU] 250,008 evals (5507 batches, avg 45/batch = 9% of 512, 4249 evals/s, 317 msg/s, 13.4 leaves/msg, 59s)
2026-08-10 15:56:10   [GPU] 300,056 evals (6572 batches, avg 46/batch = 9% of 512, 4344 evals/s, 327 msg/s, 13.3 leaves/msg, 69s)
2026-08-10 15:56:20   [GPU] 350,006 evals (7589 batches, avg 46/batch = 9% of 512, 4447 evals/s, 334 msg/s, 13.3 leaves/msg, 79s)
2026-08-10 15:56:23 [iter 34/60] self-play: 15/160 games...
2026-08-10 15:56:29   [GPU] 400,038 evals (8585 batches, avg 47/batch = 9% of 512, 4529 evals/s, 339 msg/s, 13.3 leaves/msg, 88s)
2026-08-10 15:56:38   [GPU] 450,037 evals (9516 batches, avg 47/batch = 9% of 512, 4623 evals/s, 345 msg/s, 13.4 leaves/msg, 97s)
2026-08-10 15:56:48   [GPU] 500,030 evals (10541 batches, avg 47/batch = 9% of 512, 4655 evals/s, 347 msg/s, 13.4 leaves/msg, 107s)
2026-08-10 15:56:59   [GPU] 550,065 evals (11630 batches, avg 47/batch = 9% of 512, 4675 evals/s, 348 msg/s, 13.4 leaves/msg, 118s)
2026-08-10 15:57:08   [GPU] 600,010 evals (12623 batches, avg 48/batch = 9% of 512, 4719 evals/s, 351 msg/s, 13.4 leaves/msg, 127s)
2026-08-10 15:57:12 [iter 34/60] self-play: 20/160 games...
2026-08-10 15:57:19   [GPU] 650,063 evals (13702 batches, avg 47/batch = 9% of 512, 4725 evals/s, 356 msg/s, 13.3 leaves/msg, 138s)
2026-08-10 15:57:28   [GPU] 700,011 evals (14688 batches, avg 48/batch = 9% of 512, 4748 evals/s, 359 msg/s, 13.2 leaves/msg, 147s)
2026-08-10 15:57:32 [iter 34/60] self-play: 25/160 games...
2026-08-10 15:57:40   [GPU] 750,021 evals (15885 batches, avg 47/batch = 9% of 512, 4709 evals/s, 358 msg/s, 13.1 leaves/msg, 159s)
2026-08-10 15:57:48 [iter 34/60] self-play: 30/160 games...
2026-08-10 15:57:52   [GPU] 800,032 evals (17079 batches, avg 47/batch = 9% of 512, 4670 evals/s, 355 msg/s, 13.1 leaves/msg, 171s)
2026-08-10 15:58:04   [GPU] 850,025 evals (18262 batches, avg 47/batch = 9% of 512, 4634 evals/s, 352 msg/s, 13.2 leaves/msg, 183s)
2026-08-10 15:58:13 [iter 34/60] self-play: 35/160 games...
2026-08-10 15:58:16   [GPU] 900,047 evals (19375 batches, avg 46/batch = 9% of 512, 4625 evals/s, 351 msg/s, 13.2 leaves/msg, 195s)
2026-08-10 15:58:28   [GPU] 950,019 evals (20564 batches, avg 46/batch = 9% of 512, 4599 evals/s, 348 msg/s, 13.2 leaves/msg, 207s)
2026-08-10 15:58:39   [GPU] 1,000,031 evals (21661 batches, avg 46/batch = 9% of 512, 4593 evals/s, 347 msg/s, 13.3 leaves/msg, 218s)
2026-08-10 15:58:50   [GPU] 1,050,029 evals (22763 batches, avg 46/batch = 9% of 512, 4593 evals/s, 346 msg/s, 13.3 leaves/msg, 229s)
2026-08-10 15:59:00   [GPU] 1,100,063 evals (23851 batches, avg 46/batch = 9% of 512, 4599 evals/s, 345 msg/s, 13.3 leaves/msg, 239s)
2026-08-10 15:59:07 [iter 34/60] self-play: 40/160 games...
2026-08-10 15:59:11   [GPU] 1,150,034 evals (24964 batches, avg 46/batch = 9% of 512, 4602 evals/s, 345 msg/s, 13.4 leaves/msg, 250s)
2026-08-10 15:59:22   [GPU] 1,200,015 evals (26091 batches, avg 46/batch = 9% of 512, 4596 evals/s, 345 msg/s, 13.3 leaves/msg, 261s)
2026-08-10 15:59:34   [GPU] 1,250,015 evals (27285 batches, avg 46/batch = 9% of 512, 4582 evals/s, 343 msg/s, 13.3 leaves/msg, 273s)
2026-08-10 15:59:45   [GPU] 1,300,008 evals (28458 batches, avg 46/batch = 9% of 512, 4573 evals/s, 343 msg/s, 13.3 leaves/msg, 284s)
2026-08-10 15:59:57   [GPU] 1,350,028 evals (29631 batches, avg 46/batch = 9% of 512, 4566 evals/s, 342 msg/s, 13.4 leaves/msg, 296s)
2026-08-10 16:00:06 [iter 34/60] self-play: 45/160 games...
2026-08-10 16:00:08   [GPU] 1,400,002 evals (30739 batches, avg 46/batch = 9% of 512, 4565 evals/s, 342 msg/s, 13.4 leaves/msg, 307s)
2026-08-10 16:00:19   [GPU] 1,450,039 evals (31897 batches, avg 45/batch = 9% of 512, 4556 evals/s, 342 msg/s, 13.3 leaves/msg, 318s)
2026-08-10 16:00:29   [GPU] 1,500,019 evals (32991 batches, avg 45/batch = 9% of 512, 4567 evals/s, 343 msg/s, 13.3 leaves/msg, 328s)
2026-08-10 16:00:38 [iter 34/60] self-play: 50/160 games...
2026-08-10 16:00:41   [GPU] 1,550,029 evals (34193 batches, avg 45/batch = 9% of 512, 4558 evals/s, 343 msg/s, 13.3 leaves/msg, 340s)
2026-08-10 16:00:53   [GPU] 1,600,028 evals (35368 batches, avg 45/batch = 9% of 512, 4549 evals/s, 343 msg/s, 13.3 leaves/msg, 352s)
2026-08-10 16:01:04   [GPU] 1,650,059 evals (36476 batches, avg 45/batch = 9% of 512, 4551 evals/s, 343 msg/s, 13.3 leaves/msg, 363s)
2026-08-10 16:01:11 [iter 34/60] self-play: 55/160 games...
2026-08-10 16:01:15   [GPU] 1,700,005 evals (37629 batches, avg 45/batch = 9% of 512, 4547 evals/s, 343 msg/s, 13.3 leaves/msg, 374s)
2026-08-10 16:01:27   [GPU] 1,750,015 evals (38878 batches, avg 45/batch = 9% of 512, 4536 evals/s, 343 msg/s, 13.2 leaves/msg, 386s)
2026-08-10 16:01:39   [GPU] 1,800,010 evals (40063 batches, avg 45/batch = 9% of 512, 4527 evals/s, 343 msg/s, 13.2 leaves/msg, 398s)
2026-08-10 16:01:44 [iter 34/60] self-play: 60/160 games...
2026-08-10 16:01:50   [GPU] 1,850,034 evals (41239 batches, avg 45/batch = 9% of 512, 4520 evals/s, 343 msg/s, 13.2 leaves/msg, 409s)
2026-08-10 16:02:01   [GPU] 1,900,038 evals (42346 batches, avg 45/batch = 9% of 512, 4524 evals/s, 343 msg/s, 13.2 leaves/msg, 420s)
2026-08-10 16:02:09 [iter 34/60] self-play: 65/160 games...
2026-08-10 16:02:13   [GPU] 1,950,031 evals (43572 batches, avg 45/batch = 9% of 512, 4511 evals/s, 343 msg/s, 13.2 leaves/msg, 432s)
2026-08-10 16:02:25   [GPU] 2,000,012 evals (44750 batches, avg 45/batch = 9% of 512, 4502 evals/s, 343 msg/s, 13.1 leaves/msg, 444s)
2026-08-10 16:02:26 [iter 34/60] self-play: 70/160 games...
2026-08-10 16:02:36   [GPU] 2,050,034 evals (45850 batches, avg 45/batch = 9% of 512, 4503 evals/s, 342 msg/s, 13.2 leaves/msg, 455s)
2026-08-10 16:02:43 [iter 34/60] self-play: 75/160 games...
2026-08-10 16:02:48   [GPU] 2,100,001 evals (47018 batches, avg 45/batch = 9% of 512, 4498 evals/s, 343 msg/s, 13.1 leaves/msg, 467s)
2026-08-10 16:03:00   [GPU] 2,150,017 evals (48241 batches, avg 45/batch = 9% of 512, 4489 evals/s, 342 msg/s, 13.1 leaves/msg, 479s)
2026-08-10 16:03:09 [iter 34/60] self-play: 80/160 games...
2026-08-10 16:03:13   [GPU] 2,200,014 evals (49485 batches, avg 44/batch = 9% of 512, 4475 evals/s, 342 msg/s, 13.1 leaves/msg, 492s)
2026-08-10 16:03:27   [GPU] 2,250,028 evals (50912 batches, avg 44/batch = 9% of 512, 4443 evals/s, 340 msg/s, 13.1 leaves/msg, 506s)
2026-08-10 16:03:37 [iter 34/60] self-play: 85/160 games...
2026-08-10 16:03:40   [GPU] 2,300,012 evals (52156 batches, avg 44/batch = 9% of 512, 4430 evals/s, 339 msg/s, 13.1 leaves/msg, 519s)
2026-08-10 16:03:53   [GPU] 2,350,000 evals (53388 batches, avg 44/batch = 9% of 512, 4421 evals/s, 338 msg/s, 13.1 leaves/msg, 532s)
2026-08-10 16:04:05   [GPU] 2,400,013 evals (54591 batches, avg 44/batch = 9% of 512, 4416 evals/s, 337 msg/s, 13.1 leaves/msg, 543s)
2026-08-10 16:04:13 [iter 34/60] self-play: 90/160 games...
2026-08-10 16:04:15   [GPU] 2,450,020 evals (55654 batches, avg 44/batch = 9% of 512, 4424 evals/s, 337 msg/s, 13.1 leaves/msg, 554s)
2026-08-10 16:04:25   [GPU] 2,500,017 evals (56701 batches, avg 44/batch = 9% of 512, 4432 evals/s, 338 msg/s, 13.1 leaves/msg, 564s)
2026-08-10 16:04:37   [GPU] 2,550,042 evals (57969 batches, avg 44/batch = 9% of 512, 4427 evals/s, 338 msg/s, 13.1 leaves/msg, 576s)
2026-08-10 16:04:47 [iter 34/60] self-play: 95/160 games...
2026-08-10 16:04:49   [GPU] 2,600,009 evals (59208 batches, avg 44/batch = 9% of 512, 4423 evals/s, 339 msg/s, 13.0 leaves/msg, 588s)
2026-08-10 16:05:00   [GPU] 2,650,004 evals (60303 batches, avg 44/batch = 9% of 512, 4427 evals/s, 340 msg/s, 13.0 leaves/msg, 599s)
2026-08-10 16:05:11   [GPU] 2,700,043 evals (61435 batches, avg 44/batch = 9% of 512, 4427 evals/s, 341 msg/s, 13.0 leaves/msg, 610s)
2026-08-10 16:05:12 [iter 34/60] self-play: 100/160 games...
2026-08-10 16:05:22   [GPU] 2,750,004 evals (62631 batches, avg 44/batch = 9% of 512, 4426 evals/s, 341 msg/s, 13.0 leaves/msg, 621s)
2026-08-10 16:05:33   [GPU] 2,800,024 evals (63768 batches, avg 44/batch = 9% of 512, 4429 evals/s, 342 msg/s, 13.0 leaves/msg, 632s)
2026-08-10 16:05:34 [iter 34/60] self-play: 105/160 games...
2026-08-10 16:05:43   [GPU] 2,850,021 evals (64756 batches, avg 44/batch = 9% of 512, 4440 evals/s, 342 msg/s, 13.0 leaves/msg, 642s)
2026-08-10 16:05:54   [GPU] 2,900,004 evals (65889 batches, avg 44/batch = 9% of 512, 4442 evals/s, 342 msg/s, 13.0 leaves/msg, 653s)
2026-08-10 16:06:03   [GPU] 2,950,000 evals (66900 batches, avg 44/batch = 9% of 512, 4455 evals/s, 344 msg/s, 13.0 leaves/msg, 662s)
2026-08-10 16:06:08 [iter 34/60] self-play: 110/160 games...
2026-08-10 16:06:13   [GPU] 3,000,019 evals (67936 batches, avg 44/batch = 9% of 512, 4465 evals/s, 345 msg/s, 13.0 leaves/msg, 672s)
2026-08-10 16:06:24   [GPU] 3,050,007 evals (69079 batches, avg 44/batch = 9% of 512, 4469 evals/s, 345 msg/s, 12.9 leaves/msg, 683s)
2026-08-10 16:06:33   [GPU] 3,100,049 evals (70107 batches, avg 44/batch = 9% of 512, 4481 evals/s, 347 msg/s, 12.9 leaves/msg, 692s)
2026-08-10 16:06:35 [iter 34/60] self-play: 115/160 games...
2026-08-10 16:06:43   [GPU] 3,150,042 evals (71167 batches, avg 44/batch = 9% of 512, 4486 evals/s, 347 msg/s, 12.9 leaves/msg, 702s)
2026-08-10 16:06:54   [GPU] 3,200,036 evals (72305 batches, avg 44/batch = 9% of 512, 4487 evals/s, 348 msg/s, 12.9 leaves/msg, 713s)
2026-08-10 16:06:55 [iter 34/60] self-play: 120/160 games...
2026-08-10 16:07:07   [GPU] 3,250,001 evals (73560 batches, avg 44/batch = 9% of 512, 4478 evals/s, 348 msg/s, 12.9 leaves/msg, 726s)
2026-08-10 16:07:18   [GPU] 3,300,016 evals (74727 batches, avg 44/batch = 9% of 512, 4475 evals/s, 348 msg/s, 12.9 leaves/msg, 737s)
2026-08-10 16:07:23 [iter 34/60] self-play: 125/160 games...
2026-08-10 16:07:30   [GPU] 3,350,019 evals (75885 batches, avg 44/batch = 9% of 512, 4473 evals/s, 348 msg/s, 12.9 leaves/msg, 749s)
2026-08-10 16:07:42 [iter 34/60] self-play: 130/160 games...
2026-08-10 16:07:42   [GPU] 3,400,010 evals (77078 batches, avg 44/batch = 9% of 512, 4469 evals/s, 348 msg/s, 12.8 leaves/msg, 761s)
2026-08-10 16:07:55   [GPU] 3,450,009 evals (78418 batches, avg 44/batch = 9% of 512, 4455 evals/s, 347 msg/s, 12.8 leaves/msg, 774s)
2026-08-10 16:08:08   [GPU] 3,500,004 evals (79746 batches, avg 44/batch = 9% of 512, 4446 evals/s, 347 msg/s, 12.8 leaves/msg, 787s)
2026-08-10 16:08:20   [GPU] 3,550,020 evals (80986 batches, avg 44/batch = 9% of 512, 4441 evals/s, 347 msg/s, 12.8 leaves/msg, 799s)
2026-08-10 16:08:29 [iter 34/60] self-play: 135/160 games...
2026-08-10 16:08:32   [GPU] 3,600,014 evals (82219 batches, avg 44/batch = 9% of 512, 4440 evals/s, 348 msg/s, 12.8 leaves/msg, 811s)
2026-08-10 16:08:44   [GPU] 3,650,028 evals (83436 batches, avg 44/batch = 9% of 512, 4438 evals/s, 349 msg/s, 12.7 leaves/msg, 823s)
2026-08-10 16:08:55   [GPU] 3,700,012 evals (84662 batches, avg 44/batch = 9% of 512, 4435 evals/s, 349 msg/s, 12.7 leaves/msg, 834s)
2026-08-10 16:08:57 [iter 34/60] self-play: 140/160 games...
2026-08-10 16:09:07   [GPU] 3,750,002 evals (85925 batches, avg 44/batch = 9% of 512, 4431 evals/s, 349 msg/s, 12.7 leaves/msg, 846s)
2026-08-10 16:09:18   [GPU] 3,800,011 evals (87027 batches, avg 44/batch = 9% of 512, 4435 evals/s, 349 msg/s, 12.7 leaves/msg, 857s)
2026-08-10 16:09:31   [GPU] 3,850,020 evals (88368 batches, avg 44/batch = 9% of 512, 4426 evals/s, 349 msg/s, 12.7 leaves/msg, 870s)
2026-08-10 16:09:35 [iter 34/60] self-play: 145/160 games...
2026-08-10 16:09:43   [GPU] 3,900,011 evals (89581 batches, avg 44/batch = 9% of 512, 4424 evals/s, 349 msg/s, 12.7 leaves/msg, 882s)
2026-08-10 16:09:55   [GPU] 3,950,027 evals (90852 batches, avg 43/batch = 8% of 512, 4419 evals/s, 349 msg/s, 12.7 leaves/msg, 894s)
2026-08-10 16:10:07   [GPU] 4,000,047 evals (92102 batches, avg 43/batch = 8% of 512, 4416 evals/s, 349 msg/s, 12.6 leaves/msg, 906s)
2026-08-10 16:10:14 [iter 34/60] self-play: 150/160 games...
2026-08-10 16:10:20   [GPU] 4,050,012 evals (93386 batches, avg 43/batch = 8% of 512, 4409 evals/s, 349 msg/s, 12.6 leaves/msg, 919s)
2026-08-10 16:10:33   [GPU] 4,100,040 evals (94691 batches, avg 43/batch = 8% of 512, 4402 evals/s, 349 msg/s, 12.6 leaves/msg, 932s)
2026-08-10 16:10:41 [iter 34/60] self-play: 155/160 games...
2026-08-10 16:10:50   [GPU] 4,150,013 evals (96436 batches, avg 43/batch = 8% of 512, 4372 evals/s, 347 msg/s, 12.6 leaves/msg, 949s)
2026-08-10 16:11:30 [iter 34/60] self-play: 160/160 games...
2026-08-10 16:11:30 [iter 34/60] self-play done: 160 games (989s) | wins: P0=24, P1=114, draw=22 | draw_rate=14% avg_len~27
2026-08-10 16:11:30 [iter 34/60] search: expanded=8.8 actions/node visits/action=68.4 walls/game=7.90 first_wall_ply=1.637 learner_sims/s=4756.33
2026-08-10 16:11:30 [iter 34/60] training (600 steps, lr=4.80e-04)...
2026-08-10 16:11:38 [iter 34/60] training done: loss_p=1.139 loss_v=0.075 (8s)
2026-08-10 16:11:39 [iter 34/60] data: policy_wall_mass=0.189 walled_states=61% walls_on_board=16.9 value_mae walled=0.129 free=0.060
2026-08-10 16:11:40 [iter 34/60] eval skipped (eval_every=4)
2026-08-10 16:11:40 >>> iter 34 | loss_p=1.139 loss_v=0.075 | vs_best=n/a (not evaluated) | vs_rand=n/a | draw=14% | buf=100000 | rss=3.47GB | sp=989s train=8s eval_best=0s eval_rand=0s | total=999s
2026-08-10 16:11:40 [iter 35/60] self-play starting (160 games, 600 sims, MIXED 80/160 race-only)...
2026-08-10 16:11:40 [PARALLEL-MP] 8 workers spawned (160 games, sims=600), GPU batcher starting...
2026-08-10 16:11:53   [GPU] 50,018 evals (1020 batches, avg 49/batch = 10% of 512, 4005 evals/s, 321 msg/s, 12.5 leaves/msg, 12s)
2026-08-10 16:11:55 [iter 35/60] self-play: 5/160 games...
2026-08-10 16:12:05   [GPU] 100,021 evals (2163 batches, avg 46/batch = 9% of 512, 4101 evals/s, 305 msg/s, 13.4 leaves/msg, 24s)
2026-08-10 16:12:18   [GPU] 150,039 evals (3419 batches, avg 44/batch = 9% of 512, 4024 evals/s, 300 msg/s, 13.4 leaves/msg, 37s)
2026-08-10 16:12:21 [iter 35/60] self-play: 10/160 games...
2026-08-10 16:12:30   [GPU] 200,008 evals (4660 batches, avg 43/batch = 8% of 512, 4042 evals/s, 303 msg/s, 13.3 leaves/msg, 49s)
2026-08-10 16:12:41   [GPU] 250,008 evals (5873 batches, avg 43/batch = 8% of 512, 4087 evals/s, 310 msg/s, 13.2 leaves/msg, 61s)
2026-08-10 16:12:47 [iter 35/60] self-play: 15/160 games...
2026-08-10 16:12:52   [GPU] 300,052 evals (6995 batches, avg 43/batch = 8% of 512, 4170 evals/s, 324 msg/s, 12.9 leaves/msg, 72s)
2026-08-10 16:13:04   [GPU] 350,004 evals (8193 batches, avg 43/batch = 8% of 512, 4175 evals/s, 325 msg/s, 12.9 leaves/msg, 84s)
2026-08-10 16:13:16   [GPU] 400,007 evals (9448 batches, avg 42/batch = 8% of 512, 4177 evals/s, 329 msg/s, 12.7 leaves/msg, 96s)
2026-08-10 16:13:27   [GPU] 450,041 evals (10572 batches, avg 43/batch = 8% of 512, 4229 evals/s, 336 msg/s, 12.6 leaves/msg, 106s)
2026-08-10 16:13:30 [iter 35/60] self-play: 20/160 games...
2026-08-10 16:13:37   [GPU] 500,003 evals (11682 batches, avg 43/batch = 8% of 512, 4281 evals/s, 343 msg/s, 12.5 leaves/msg, 117s)
2026-08-10 16:13:47   [GPU] 550,010 evals (12750 batches, avg 43/batch = 8% of 512, 4342 evals/s, 351 msg/s, 12.4 leaves/msg, 127s)
2026-08-10 16:13:56   [GPU] 600,063 evals (13704 batches, avg 44/batch = 9% of 512, 4422 evals/s, 359 msg/s, 12.3 leaves/msg, 136s)
2026-08-10 16:14:05   [GPU] 650,020 evals (14685 batches, avg 44/batch = 9% of 512, 4486 evals/s, 363 msg/s, 12.4 leaves/msg, 145s)
2026-08-10 16:14:15   [GPU] 700,036 evals (15710 batches, avg 45/batch = 9% of 512, 4534 evals/s, 365 msg/s, 12.4 leaves/msg, 154s)
2026-08-10 16:14:18 [iter 35/60] self-play: 25/160 games...
2026-08-10 16:14:24   [GPU] 750,046 evals (16667 batches, avg 45/batch = 9% of 512, 4588 evals/s, 368 msg/s, 12.5 leaves/msg, 163s)
2026-08-10 16:14:28 [iter 35/60] self-play: 30/160 games...
2026-08-10 16:14:33   [GPU] 800,033 evals (17617 batches, avg 45/batch = 9% of 512, 4628 evals/s, 373 msg/s, 12.4 leaves/msg, 173s)
2026-08-10 16:14:43   [GPU] 850,092 evals (18571 batches, avg 46/batch = 9% of 512, 4652 evals/s, 374 msg/s, 12.4 leaves/msg, 183s)
2026-08-10 16:14:52 [iter 35/60] self-play: 35/160 games...
2026-08-10 16:14:53   [GPU] 900,045 evals (19598 batches, avg 46/batch = 9% of 512, 4665 evals/s, 374 msg/s, 12.5 leaves/msg, 193s)
2026-08-10 16:15:05   [GPU] 950,035 evals (20744 batches, avg 46/batch = 9% of 512, 4649 evals/s, 371 msg/s, 12.5 leaves/msg, 204s)
2026-08-10 16:15:08 [iter 35/60] self-play: 40/160 games...
2026-08-10 16:15:15   [GPU] 1,000,007 evals (21791 batches, avg 46/batch = 9% of 512, 4660 evals/s, 371 msg/s, 12.6 leaves/msg, 215s)
2026-08-10 16:15:26   [GPU] 1,050,020 evals (22959 batches, avg 46/batch = 9% of 512, 4646 evals/s, 369 msg/s, 12.6 leaves/msg, 226s)
2026-08-10 16:15:38   [GPU] 1,100,013 evals (24207 batches, avg 45/batch = 9% of 512, 4616 evals/s, 366 msg/s, 12.6 leaves/msg, 238s)
2026-08-10 16:15:50   [GPU] 1,150,012 evals (25408 batches, avg 45/batch = 9% of 512, 4606 evals/s, 366 msg/s, 12.6 leaves/msg, 250s)
2026-08-10 16:15:58 [iter 35/60] self-play: 45/160 games...
2026-08-10 16:16:01   [GPU] 1,200,054 evals (26593 batches, avg 45/batch = 9% of 512, 4597 evals/s, 367 msg/s, 12.5 leaves/msg, 261s)
2026-08-10 16:16:13   [GPU] 1,250,016 evals (27850 batches, avg 45/batch = 9% of 512, 4583 evals/s, 367 msg/s, 12.5 leaves/msg, 273s)
2026-08-10 16:16:24   [GPU] 1,300,012 evals (29011 batches, avg 45/batch = 9% of 512, 4579 evals/s, 368 msg/s, 12.4 leaves/msg, 284s)
2026-08-10 16:16:34   [GPU] 1,350,089 evals (30042 batches, avg 45/batch = 9% of 512, 4594 evals/s, 370 msg/s, 12.4 leaves/msg, 294s)
2026-08-10 16:16:38 [iter 35/60] self-play: 50/160 games...
2026-08-10 16:16:45   [GPU] 1,400,037 evals (31203 batches, avg 45/batch = 9% of 512, 4587 evals/s, 371 msg/s, 12.4 leaves/msg, 305s)
2026-08-10 16:16:58   [GPU] 1,450,015 evals (32485 batches, avg 45/batch = 9% of 512, 4565 evals/s, 370 msg/s, 12.3 leaves/msg, 318s)
2026-08-10 16:17:10   [GPU] 1,500,018 evals (33688 batches, avg 45/batch = 9% of 512, 4553 evals/s, 370 msg/s, 12.3 leaves/msg, 329s)
2026-08-10 16:17:21   [GPU] 1,550,052 evals (34821 batches, avg 45/batch = 9% of 512, 4555 evals/s, 371 msg/s, 12.3 leaves/msg, 340s)
2026-08-10 16:17:27 [iter 35/60] self-play: 55/160 games...
2026-08-10 16:17:30   [GPU] 1,600,040 evals (35796 batches, avg 45/batch = 9% of 512, 4578 evals/s, 373 msg/s, 12.3 leaves/msg, 350s)
2026-08-10 16:17:40   [GPU] 1,650,003 evals (36879 batches, avg 45/batch = 9% of 512, 4589 evals/s, 374 msg/s, 12.3 leaves/msg, 360s)
2026-08-10 16:17:51   [GPU] 1,700,034 evals (38081 batches, avg 45/batch = 9% of 512, 4586 evals/s, 374 msg/s, 12.3 leaves/msg, 371s)
2026-08-10 16:18:01 [iter 35/60] self-play: 60/160 games...
2026-08-10 16:18:02   [GPU] 1,750,016 evals (39284 batches, avg 45/batch = 9% of 512, 4582 evals/s, 375 msg/s, 12.2 leaves/msg, 382s)
2026-08-10 16:18:13   [GPU] 1,800,000 evals (40398 batches, avg 45/batch = 9% of 512, 4584 evals/s, 375 msg/s, 12.2 leaves/msg, 393s)
2026-08-10 16:18:25   [GPU] 1,850,015 evals (41693 batches, avg 44/batch = 9% of 512, 4567 evals/s, 375 msg/s, 12.2 leaves/msg, 405s)
2026-08-10 16:18:29 [iter 35/60] self-play: 65/160 games...
2026-08-10 16:18:37   [GPU] 1,900,035 evals (42892 batches, avg 44/batch = 9% of 512, 4563 evals/s, 375 msg/s, 12.2 leaves/msg, 416s)
2026-08-10 16:18:48   [GPU] 1,950,025 evals (44072 batches, avg 44/batch = 9% of 512, 4562 evals/s, 376 msg/s, 12.1 leaves/msg, 427s)
2026-08-10 16:18:54 [iter 35/60] self-play: 70/160 games...
2026-08-10 16:18:59   [GPU] 2,000,062 evals (45300 batches, avg 44/batch = 9% of 512, 4556 evals/s, 376 msg/s, 12.1 leaves/msg, 439s)
2026-08-10 16:19:11   [GPU] 2,050,037 evals (46557 batches, avg 44/batch = 9% of 512, 4545 evals/s, 375 msg/s, 12.1 leaves/msg, 451s)
2026-08-10 16:19:23   [GPU] 2,100,009 evals (47773 batches, avg 44/batch = 9% of 512, 4539 evals/s, 376 msg/s, 12.1 leaves/msg, 463s)
2026-08-10 16:19:34   [GPU] 2,150,012 evals (48923 batches, avg 44/batch = 9% of 512, 4538 evals/s, 377 msg/s, 12.0 leaves/msg, 474s)
2026-08-10 16:19:42 [iter 35/60] self-play: 75/160 games...
2026-08-10 16:19:44   [GPU] 2,200,025 evals (50009 batches, avg 44/batch = 9% of 512, 4545 evals/s, 378 msg/s, 12.0 leaves/msg, 484s)
2026-08-10 16:19:55   [GPU] 2,250,042 evals (51138 batches, avg 44/batch = 9% of 512, 4545 evals/s, 379 msg/s, 12.0 leaves/msg, 495s)
2026-08-10 16:20:00 [iter 35/60] self-play: 80/160 games...
2026-08-10 16:20:07   [GPU] 2,300,030 evals (52333 batches, avg 44/batch = 9% of 512, 4539 evals/s, 379 msg/s, 12.0 leaves/msg, 507s)
2026-08-10 16:20:19   [GPU] 2,350,018 evals (53579 batches, avg 44/batch = 9% of 512, 4526 evals/s, 378 msg/s, 12.0 leaves/msg, 519s)
2026-08-10 16:20:24 [iter 35/60] self-play: 85/160 games...
2026-08-10 16:20:31   [GPU] 2,400,037 evals (54750 batches, avg 44/batch = 9% of 512, 4523 evals/s, 378 msg/s, 12.0 leaves/msg, 531s)
2026-08-10 16:20:42   [GPU] 2,450,031 evals (55933 batches, avg 44/batch = 9% of 512, 4521 evals/s, 378 msg/s, 12.0 leaves/msg, 542s)
2026-08-10 16:20:54   [GPU] 2,500,033 evals (57161 batches, avg 44/batch = 9% of 512, 4517 evals/s, 378 msg/s, 12.0 leaves/msg, 553s)
2026-08-10 16:21:03 [iter 35/60] self-play: 90/160 games...
2026-08-10 16:21:05   [GPU] 2,550,049 evals (58362 batches, avg 44/batch = 9% of 512, 4515 evals/s, 378 msg/s, 11.9 leaves/msg, 565s)
2026-08-10 16:21:17   [GPU] 2,600,027 evals (59657 batches, avg 44/batch = 9% of 512, 4506 evals/s, 378 msg/s, 11.9 leaves/msg, 577s)
2026-08-10 16:21:29   [GPU] 2,650,045 evals (60908 batches, avg 44/batch = 8% of 512, 4500 evals/s, 378 msg/s, 11.9 leaves/msg, 589s)
2026-08-10 16:21:40   [GPU] 2,700,002 evals (62095 batches, avg 43/batch = 8% of 512, 4501 evals/s, 378 msg/s, 11.9 leaves/msg, 600s)
2026-08-10 16:21:52   [GPU] 2,750,011 evals (63301 batches, avg 43/batch = 8% of 512, 4498 evals/s, 379 msg/s, 11.9 leaves/msg, 611s)
2026-08-10 16:22:03   [GPU] 2,800,051 evals (64479 batches, avg 43/batch = 8% of 512, 4499 evals/s, 379 msg/s, 11.9 leaves/msg, 622s)
2026-08-10 16:22:03 [iter 35/60] self-play: 95/160 games...
2026-08-10 16:22:13   [GPU] 2,850,008 evals (65634 batches, avg 43/batch = 8% of 512, 4501 evals/s, 379 msg/s, 11.9 leaves/msg, 633s)
2026-08-10 16:22:25   [GPU] 2,900,001 evals (66824 batches, avg 43/batch = 8% of 512, 4500 evals/s, 379 msg/s, 11.9 leaves/msg, 644s)
2026-08-10 16:22:27 [iter 35/60] self-play: 100/160 games...
2026-08-10 16:22:36   [GPU] 2,950,077 evals (68010 batches, avg 43/batch = 8% of 512, 4499 evals/s, 379 msg/s, 11.9 leaves/msg, 656s)
2026-08-10 16:22:46   [GPU] 3,000,000 evals (69080 batches, avg 43/batch = 8% of 512, 4505 evals/s, 379 msg/s, 11.9 leaves/msg, 666s)
2026-08-10 16:22:56   [GPU] 3,050,017 evals (70167 batches, avg 43/batch = 8% of 512, 4512 evals/s, 379 msg/s, 11.9 leaves/msg, 676s)
2026-08-10 16:23:00 [iter 35/60] self-play: 105/160 games...
2026-08-10 16:23:05   [GPU] 3,100,015 evals (71157 batches, avg 44/batch = 9% of 512, 4524 evals/s, 379 msg/s, 11.9 leaves/msg, 685s)
2026-08-10 16:23:12 [iter 35/60] self-play: 110/160 games...
2026-08-10 16:23:15   [GPU] 3,150,011 evals (72143 batches, avg 44/batch = 9% of 512, 4534 evals/s, 380 msg/s, 11.9 leaves/msg, 695s)
2026-08-10 16:23:25   [GPU] 3,200,075 evals (73162 batches, avg 44/batch = 9% of 512, 4540 evals/s, 380 msg/s, 11.9 leaves/msg, 705s)
2026-08-10 16:23:28 [iter 35/60] self-play: 115/160 games...
2026-08-10 16:23:36   [GPU] 3,250,010 evals (74246 batches, avg 44/batch = 9% of 512, 4542 evals/s, 380 msg/s, 11.9 leaves/msg, 716s)
2026-08-10 16:23:46   [GPU] 3,300,034 evals (75234 batches, avg 44/batch = 9% of 512, 4550 evals/s, 380 msg/s, 12.0 leaves/msg, 725s)
2026-08-10 16:23:49 [iter 35/60] self-play: 120/160 games...
2026-08-10 16:23:55   [GPU] 3,350,002 evals (76237 batches, avg 44/batch = 9% of 512, 4557 evals/s, 380 msg/s, 12.0 leaves/msg, 735s)
2026-08-10 16:24:06   [GPU] 3,400,012 evals (77355 batches, avg 44/batch = 9% of 512, 4557 evals/s, 380 msg/s, 12.0 leaves/msg, 746s)
2026-08-10 16:24:17   [GPU] 3,450,034 evals (78451 batches, avg 44/batch = 9% of 512, 4558 evals/s, 380 msg/s, 12.0 leaves/msg, 757s)
2026-08-10 16:24:18 [iter 35/60] self-play: 125/160 games...
2026-08-10 16:24:27   [GPU] 3,500,018 evals (79508 batches, avg 44/batch = 9% of 512, 4563 evals/s, 380 msg/s, 12.0 leaves/msg, 767s)
2026-08-10 16:24:38   [GPU] 3,550,040 evals (80654 batches, avg 44/batch = 9% of 512, 4563 evals/s, 380 msg/s, 12.0 leaves/msg, 778s)
2026-08-10 16:24:41 [iter 35/60] self-play: 130/160 games...
2026-08-10 16:24:49   [GPU] 3,600,000 evals (81791 batches, avg 44/batch = 9% of 512, 4564 evals/s, 381 msg/s, 12.0 leaves/msg, 789s)
2026-08-10 16:24:58 [iter 35/60] self-play: 135/160 games...
2026-08-10 16:24:59   [GPU] 3,650,043 evals (82891 batches, avg 44/batch = 9% of 512, 4567 evals/s, 381 msg/s, 12.0 leaves/msg, 799s)
2026-08-10 16:25:11   [GPU] 3,700,014 evals (84058 batches, avg 44/batch = 9% of 512, 4566 evals/s, 380 msg/s, 12.0 leaves/msg, 810s)
2026-08-10 16:25:22   [GPU] 3,750,033 evals (85211 batches, avg 44/batch = 9% of 512, 4565 evals/s, 380 msg/s, 12.0 leaves/msg, 821s)
2026-08-10 16:25:22 [iter 35/60] self-play: 140/160 games...
2026-08-10 16:25:32   [GPU] 3,800,058 evals (86303 batches, avg 44/batch = 9% of 512, 4570 evals/s, 380 msg/s, 12.0 leaves/msg, 832s)
2026-08-10 16:25:42   [GPU] 3,850,024 evals (87423 batches, avg 44/batch = 9% of 512, 4573 evals/s, 381 msg/s, 12.0 leaves/msg, 842s)
2026-08-10 16:25:44 [iter 35/60] self-play: 145/160 games...
2026-08-10 16:25:53   [GPU] 3,900,011 evals (88538 batches, avg 44/batch = 9% of 512, 4574 evals/s, 381 msg/s, 12.0 leaves/msg, 853s)
2026-08-10 16:26:03   [GPU] 3,950,005 evals (89596 batches, avg 44/batch = 9% of 512, 4578 evals/s, 380 msg/s, 12.0 leaves/msg, 863s)
2026-08-10 16:26:09 [iter 35/60] self-play: 150/160 games...
2026-08-10 16:26:14   [GPU] 4,000,052 evals (90727 batches, avg 44/batch = 9% of 512, 4579 evals/s, 380 msg/s, 12.0 leaves/msg, 874s)
2026-08-10 16:26:24   [GPU] 4,050,019 evals (91794 batches, avg 44/batch = 9% of 512, 4584 evals/s, 380 msg/s, 12.1 leaves/msg, 884s)
2026-08-10 16:26:33   [GPU] 4,100,023 evals (92765 batches, avg 44/batch = 9% of 512, 4594 evals/s, 381 msg/s, 12.1 leaves/msg, 892s)
2026-08-10 16:26:37 [iter 35/60] self-play: 155/160 games...
2026-08-10 16:26:47   [GPU] 4,150,002 evals (94206 batches, avg 44/batch = 9% of 512, 4574 evals/s, 379 msg/s, 12.1 leaves/msg, 907s)
2026-08-10 16:26:57 [iter 35/60] self-play: 160/160 games...
2026-08-10 16:26:57 [iter 35/60] self-play done: 160 games (917s) | wins: P0=29, P1=108, draw=23 | draw_rate=14% avg_len~26
2026-08-10 16:26:57 [iter 35/60] search: expanded=7.3 actions/node visits/action=82.3 walls/game=7.92 first_wall_ply=1.35 learner_sims/s=5106.86
2026-08-10 16:26:57 [iter 35/60] training (600 steps, lr=4.56e-04)...
2026-08-10 16:27:05 [iter 35/60] training done: loss_p=1.128 loss_v=0.074 (8s)
2026-08-10 16:27:06 [iter 35/60] data: policy_wall_mass=0.196 walled_states=61% walls_on_board=17.3 value_mae walled=0.153 free=0.101
2026-08-10 16:27:07 [iter 35/60] eval skipped (eval_every=4)
2026-08-10 16:27:07 >>> iter 35 | loss_p=1.128 loss_v=0.074 | vs_best=n/a (not evaluated) | vs_rand=n/a | draw=14% | buf=100000 | rss=3.49GB | sp=917s train=8s eval_best=0s eval_rand=0s | total=927s
2026-08-10 16:27:07 [iter 36/60] self-play starting (160 games, 600 sims, MIXED 80/160 race-only)...
2026-08-10 16:27:07 [PARALLEL-MP] 8 workers spawned (160 games, sims=600), GPU batcher starting...
2026-08-10 16:27:19   [GPU] 50,010 evals (977 batches, avg 51/batch = 10% of 512, 4070 evals/s, 319 msg/s, 12.8 leaves/msg, 12s)
2026-08-10 16:27:26 [iter 36/60] self-play: 5/160 games...
2026-08-10 16:27:31   [GPU] 100,027 evals (2199 batches, avg 45/batch = 9% of 512, 4068 evals/s, 321 msg/s, 12.7 leaves/msg, 25s)
2026-08-10 16:27:44   [GPU] 150,054 evals (3403 batches, avg 44/batch = 9% of 512, 4066 evals/s, 308 msg/s, 13.2 leaves/msg, 37s)
2026-08-10 16:27:48 [iter 36/60] self-play: 10/160 games...
2026-08-10 16:27:56   [GPU] 200,016 evals (4635 batches, avg 43/batch = 8% of 512, 4031 evals/s, 303 msg/s, 13.3 leaves/msg, 50s)
2026-08-10 16:28:08   [GPU] 250,025 evals (5866 batches, avg 43/batch = 8% of 512, 4056 evals/s, 304 msg/s, 13.3 leaves/msg, 62s)
2026-08-10 16:28:20   [GPU] 300,002 evals (7020 batches, avg 43/batch = 8% of 512, 4100 evals/s, 312 msg/s, 13.2 leaves/msg, 73s)
2026-08-10 16:28:23 [iter 36/60] self-play: 15/160 games...
2026-08-10 16:28:30   [GPU] 350,003 evals (8082 batches, avg 43/batch = 8% of 512, 4197 evals/s, 321 msg/s, 13.1 leaves/msg, 83s)
2026-08-10 16:28:41   [GPU] 400,025 evals (9164 batches, avg 44/batch = 9% of 512, 4263 evals/s, 329 msg/s, 12.9 leaves/msg, 94s)
2026-08-10 16:28:52   [GPU] 450,007 evals (10318 batches, avg 44/batch = 9% of 512, 4286 evals/s, 331 msg/s, 12.9 leaves/msg, 105s)
2026-08-10 16:29:03   [GPU] 500,037 evals (11434 batches, avg 44/batch = 9% of 512, 4323 evals/s, 335 msg/s, 12.9 leaves/msg, 116s)
2026-08-10 16:29:09 [iter 36/60] self-play: 20/160 games...
2026-08-10 16:29:13   [GPU] 550,003 evals (12497 batches, avg 44/batch = 9% of 512, 4373 evals/s, 342 msg/s, 12.8 leaves/msg, 126s)
2026-08-10 16:29:22   [GPU] 600,011 evals (13543 batches, avg 44/batch = 9% of 512, 4423 evals/s, 346 msg/s, 12.8 leaves/msg, 136s)
2026-08-10 16:29:33   [GPU] 650,077 evals (14690 batches, avg 44/batch = 9% of 512, 4434 evals/s, 346 msg/s, 12.8 leaves/msg, 147s)
2026-08-10 16:29:44   [GPU] 700,018 evals (15750 batches, avg 44/batch = 9% of 512, 4466 evals/s, 348 msg/s, 12.8 leaves/msg, 157s)
2026-08-10 16:29:54   [GPU] 750,012 evals (16857 batches, avg 44/batch = 9% of 512, 4485 evals/s, 348 msg/s, 12.9 leaves/msg, 167s)
2026-08-10 16:30:03 [iter 36/60] self-play: 25/160 games...
2026-08-10 16:30:04   [GPU] 800,005 evals (17908 batches, avg 45/batch = 9% of 512, 4518 evals/s, 350 msg/s, 12.9 leaves/msg, 177s)
2026-08-10 16:30:14   [GPU] 850,048 evals (18984 batches, avg 45/batch = 9% of 512, 4540 evals/s, 354 msg/s, 12.8 leaves/msg, 187s)
2026-08-10 16:30:24   [GPU] 900,025 evals (20087 batches, avg 45/batch = 9% of 512, 4557 evals/s, 357 msg/s, 12.8 leaves/msg, 197s)
2026-08-10 16:30:36   [GPU] 950,005 evals (21307 batches, avg 45/batch = 9% of 512, 4538 evals/s, 358 msg/s, 12.7 leaves/msg, 209s)
2026-08-10 16:30:40 [iter 36/60] self-play: 30/160 games...
2026-08-10 16:30:46   [GPU] 1,000,014 evals (22364 batches, avg 45/batch = 9% of 512, 4557 evals/s, 359 msg/s, 12.7 leaves/msg, 219s)
2026-08-10 16:30:56   [GPU] 1,050,012 evals (23408 batches, avg 45/batch = 9% of 512, 4580 evals/s, 361 msg/s, 12.7 leaves/msg, 229s)
2026-08-10 16:31:00 [iter 36/60] self-play: 35/160 games...
2026-08-10 16:31:06   [GPU] 1,100,018 evals (24457 batches, avg 45/batch = 9% of 512, 4601 evals/s, 363 msg/s, 12.7 leaves/msg, 239s)
2026-08-10 16:31:15   [GPU] 1,150,033 evals (25472 batches, avg 45/batch = 9% of 512, 4626 evals/s, 364 msg/s, 12.7 leaves/msg, 249s)
2026-08-10 16:31:23 [iter 36/60] self-play: 40/160 games...
2026-08-10 16:31:25   [GPU] 1,200,033 evals (26453 batches, avg 45/batch = 9% of 512, 4653 evals/s, 366 msg/s, 12.7 leaves/msg, 258s)
2026-08-10 16:31:35   [GPU] 1,250,039 evals (27448 batches, avg 46/batch = 9% of 512, 4670 evals/s, 368 msg/s, 12.7 leaves/msg, 268s)
2026-08-10 16:31:45   [GPU] 1,300,084 evals (28496 batches, avg 46/batch = 9% of 512, 4680 evals/s, 367 msg/s, 12.7 leaves/msg, 278s)
2026-08-10 16:31:49 [iter 36/60] self-play: 45/160 games...
2026-08-10 16:31:55   [GPU] 1,350,030 evals (29539 batches, avg 46/batch = 9% of 512, 4688 evals/s, 367 msg/s, 12.8 leaves/msg, 288s)
2026-08-10 16:32:04   [GPU] 1,400,015 evals (30530 batches, avg 46/batch = 9% of 512, 4708 evals/s, 369 msg/s, 12.8 leaves/msg, 297s)
2026-08-10 16:32:13 [iter 36/60] self-play: 50/160 games...
2026-08-10 16:32:14   [GPU] 1,450,054 evals (31533 batches, avg 46/batch = 9% of 512, 4725 evals/s, 369 msg/s, 12.8 leaves/msg, 307s)
2026-08-10 16:32:25   [GPU] 1,500,004 evals (32655 batches, avg 46/batch = 9% of 512, 4721 evals/s, 368 msg/s, 12.8 leaves/msg, 318s)
2026-08-10 16:32:34   [GPU] 1,550,036 evals (33677 batches, avg 46/batch = 9% of 512, 4732 evals/s, 368 msg/s, 12.9 leaves/msg, 328s)
2026-08-10 16:32:40 [iter 36/60] self-play: 55/160 games...
2026-08-10 16:32:44   [GPU] 1,600,017 evals (34701 batches, avg 46/batch = 9% of 512, 4741 evals/s, 369 msg/s, 12.8 leaves/msg, 337s)
2026-08-10 16:32:53   [GPU] 1,650,000 evals (35671 batches, avg 46/batch = 9% of 512, 4762 evals/s, 370 msg/s, 12.9 leaves/msg, 347s)
2026-08-10 16:33:04   [GPU] 1,700,033 evals (36781 batches, avg 46/batch = 9% of 512, 4762 evals/s, 371 msg/s, 12.8 leaves/msg, 357s)
2026-08-10 16:33:13   [GPU] 1,750,026 evals (37725 batches, avg 46/batch = 9% of 512, 4783 evals/s, 372 msg/s, 12.9 leaves/msg, 366s)
2026-08-10 16:33:16 [iter 36/60] self-play: 60/160 games...
2026-08-10 16:33:22   [GPU] 1,800,002 evals (38656 batches, avg 47/batch = 9% of 512, 4804 evals/s, 374 msg/s, 12.8 leaves/msg, 375s)
2026-08-10 16:33:31   [GPU] 1,850,007 evals (39686 batches, avg 47/batch = 9% of 512, 4813 evals/s, 375 msg/s, 12.8 leaves/msg, 384s)
2026-08-10 16:33:37 [iter 36/60] self-play: 65/160 games...
2026-08-10 16:33:40   [GPU] 1,900,044 evals (40645 batches, avg 47/batch = 9% of 512, 4828 evals/s, 375 msg/s, 12.9 leaves/msg, 394s)
2026-08-10 16:33:50   [GPU] 1,950,034 evals (41569 batches, avg 47/batch = 9% of 512, 4841 evals/s, 377 msg/s, 12.8 leaves/msg, 403s)
2026-08-10 16:33:52 [iter 36/60] self-play: 70/160 games...
2026-08-10 16:34:00   [GPU] 2,000,030 evals (42622 batches, avg 47/batch = 9% of 512, 4842 evals/s, 376 msg/s, 12.9 leaves/msg, 413s)
2026-08-10 16:34:09   [GPU] 2,050,013 evals (43589 batches, avg 47/batch = 9% of 512, 4851 evals/s, 377 msg/s, 12.9 leaves/msg, 423s)
2026-08-10 16:34:12 [iter 36/60] self-play: 75/160 games...
2026-08-10 16:34:19   [GPU] 2,100,014 evals (44590 batches, avg 47/batch = 9% of 512, 4855 evals/s, 377 msg/s, 12.9 leaves/msg, 433s)
2026-08-10 16:34:29   [GPU] 2,150,028 evals (45639 batches, avg 47/batch = 9% of 512, 4857 evals/s, 377 msg/s, 12.9 leaves/msg, 443s)
2026-08-10 16:34:36 [iter 36/60] self-play: 80/160 games...
2026-08-10 16:34:40   [GPU] 2,200,042 evals (46747 batches, avg 47/batch = 9% of 512, 4853 evals/s, 378 msg/s, 12.8 leaves/msg, 453s)
2026-08-10 16:34:50   [GPU] 2,250,013 evals (47725 batches, avg 47/batch = 9% of 512, 4859 evals/s, 378 msg/s, 12.9 leaves/msg, 463s)
2026-08-10 16:34:54 [iter 36/60] self-play: 85/160 games...
2026-08-10 16:35:00   [GPU] 2,300,018 evals (48766 batches, avg 47/batch = 9% of 512, 4860 evals/s, 378 msg/s, 12.9 leaves/msg, 473s)
2026-08-10 16:35:10   [GPU] 2,350,009 evals (49788 batches, avg 47/batch = 9% of 512, 4859 evals/s, 377 msg/s, 12.9 leaves/msg, 484s)
2026-08-10 16:35:20   [GPU] 2,400,060 evals (50805 batches, avg 47/batch = 9% of 512, 4862 evals/s, 377 msg/s, 12.9 leaves/msg, 494s)
2026-08-10 16:35:30   [GPU] 2,450,038 evals (51757 batches, avg 47/batch = 9% of 512, 4874 evals/s, 377 msg/s, 12.9 leaves/msg, 503s)
2026-08-10 16:35:35 [iter 36/60] self-play: 90/160 games...
2026-08-10 16:35:38   [GPU] 2,500,036 evals (52678 batches, avg 47/batch = 9% of 512, 4887 evals/s, 379 msg/s, 12.9 leaves/msg, 512s)
2026-08-10 16:35:47   [GPU] 2,550,009 evals (53628 batches, avg 48/batch = 9% of 512, 4900 evals/s, 379 msg/s, 12.9 leaves/msg, 520s)
2026-08-10 16:35:55   [GPU] 2,600,060 evals (54503 batches, avg 48/batch = 9% of 512, 4920 evals/s, 380 msg/s, 12.9 leaves/msg, 528s)
2026-08-10 16:36:03   [GPU] 2,650,001 evals (55400 batches, avg 48/batch = 9% of 512, 4939 evals/s, 382 msg/s, 12.9 leaves/msg, 537s)
2026-08-10 16:36:12   [GPU] 2,700,030 evals (56269 batches, avg 48/batch = 9% of 512, 4955 evals/s, 382 msg/s, 13.0 leaves/msg, 545s)
2026-08-10 16:36:20   [GPU] 2,750,043 evals (57143 batches, avg 48/batch = 9% of 512, 4972 evals/s, 383 msg/s, 13.0 leaves/msg, 553s)
2026-08-10 16:36:28   [GPU] 2,800,020 evals (57988 batches, avg 48/batch = 9% of 512, 4989 evals/s, 385 msg/s, 13.0 leaves/msg, 561s)
2026-08-10 16:36:31 [iter 36/60] self-play: 95/160 games...
2026-08-10 16:36:37   [GPU] 2,850,031 evals (58911 batches, avg 48/batch = 9% of 512, 4999 evals/s, 385 msg/s, 13.0 leaves/msg, 570s)
2026-08-10 16:36:43 [iter 36/60] self-play: 100/160 games...
2026-08-10 16:36:47   [GPU] 2,900,027 evals (59986 batches, avg 48/batch = 9% of 512, 4995 evals/s, 385 msg/s, 13.0 leaves/msg, 581s)
2026-08-10 16:36:59   [GPU] 2,950,019 evals (61124 batches, avg 48/batch = 9% of 512, 4984 evals/s, 385 msg/s, 12.9 leaves/msg, 592s)
2026-08-10 16:37:03 [iter 36/60] self-play: 105/160 games...
2026-08-10 16:37:10   [GPU] 3,000,004 evals (62236 batches, avg 48/batch = 9% of 512, 4975 evals/s, 384 msg/s, 13.0 leaves/msg, 603s)
2026-08-10 16:37:20   [GPU] 3,050,009 evals (63269 batches, avg 48/batch = 9% of 512, 4974 evals/s, 384 msg/s, 13.0 leaves/msg, 613s)
2026-08-10 16:37:27 [iter 36/60] self-play: 110/160 games...
2026-08-10 16:37:30   [GPU] 3,100,027 evals (64292 batches, avg 48/batch = 9% of 512, 4974 evals/s, 384 msg/s, 13.0 leaves/msg, 623s)
2026-08-10 16:37:40   [GPU] 3,150,029 evals (65296 batches, avg 48/batch = 9% of 512, 4978 evals/s, 384 msg/s, 13.0 leaves/msg, 633s)
2026-08-10 16:37:50   [GPU] 3,200,003 evals (66362 batches, avg 48/batch = 9% of 512, 4977 evals/s, 384 msg/s, 13.0 leaves/msg, 643s)
2026-08-10 16:37:59   [GPU] 3,250,007 evals (67329 batches, avg 48/batch = 9% of 512, 4983 evals/s, 384 msg/s, 13.0 leaves/msg, 652s)
2026-08-10 16:38:06 [iter 36/60] self-play: 115/160 games...
2026-08-10 16:38:08   [GPU] 3,300,011 evals (68267 batches, avg 48/batch = 9% of 512, 4990 evals/s, 385 msg/s, 13.0 leaves/msg, 661s)
2026-08-10 16:38:19   [GPU] 3,350,053 evals (69360 batches, avg 48/batch = 9% of 512, 4986 evals/s, 385 msg/s, 13.0 leaves/msg, 672s)
2026-08-10 16:38:21 [iter 36/60] self-play: 120/160 games...
2026-08-10 16:38:30   [GPU] 3,400,039 evals (70478 batches, avg 48/batch = 9% of 512, 4981 evals/s, 384 msg/s, 13.0 leaves/msg, 683s)
2026-08-10 16:38:40   [GPU] 3,450,007 evals (71584 batches, avg 48/batch = 9% of 512, 4975 evals/s, 383 msg/s, 13.0 leaves/msg, 694s)
2026-08-10 16:38:51   [GPU] 3,500,013 evals (72670 batches, avg 48/batch = 9% of 512, 4973 evals/s, 383 msg/s, 13.0 leaves/msg, 704s)
2026-08-10 16:39:00   [GPU] 3,550,009 evals (73653 batches, avg 48/batch = 9% of 512, 4976 evals/s, 383 msg/s, 13.0 leaves/msg, 713s)
2026-08-10 16:39:01 [iter 36/60] self-play: 125/160 games...
2026-08-10 16:39:11   [GPU] 3,600,030 evals (74739 batches, avg 48/batch = 9% of 512, 4972 evals/s, 383 msg/s, 13.0 leaves/msg, 724s)
2026-08-10 16:39:22   [GPU] 3,650,021 evals (75914 batches, avg 48/batch = 9% of 512, 4963 evals/s, 382 msg/s, 13.0 leaves/msg, 735s)
2026-08-10 16:39:33   [GPU] 3,700,026 evals (77060 batches, avg 48/batch = 9% of 512, 4957 evals/s, 382 msg/s, 13.0 leaves/msg, 746s)
2026-08-10 16:39:43   [GPU] 3,750,027 evals (78119 batches, avg 48/batch = 9% of 512, 4958 evals/s, 382 msg/s, 13.0 leaves/msg, 756s)
2026-08-10 16:39:43 [iter 36/60] self-play: 130/160 games...
2026-08-10 16:39:55   [GPU] 3,800,012 evals (79317 batches, avg 48/batch = 9% of 512, 4950 evals/s, 381 msg/s, 13.0 leaves/msg, 768s)
2026-08-10 16:40:05 [iter 36/60] self-play: 135/160 games...
2026-08-10 16:40:06   [GPU] 3,850,012 evals (80509 batches, avg 48/batch = 9% of 512, 4941 evals/s, 382 msg/s, 12.9 leaves/msg, 779s)
2026-08-10 16:40:18   [GPU] 3,900,011 evals (81757 batches, avg 48/batch = 9% of 512, 4928 evals/s, 381 msg/s, 12.9 leaves/msg, 791s)
2026-08-10 16:40:28 [iter 36/60] self-play: 140/160 games...
2026-08-10 16:40:29   [GPU] 3,950,009 evals (82905 batches, avg 48/batch = 9% of 512, 4922 evals/s, 380 msg/s, 12.9 leaves/msg, 803s)
2026-08-10 16:40:41   [GPU] 4,000,016 evals (84125 batches, avg 48/batch = 9% of 512, 4911 evals/s, 380 msg/s, 12.9 leaves/msg, 814s)
2026-08-10 16:40:52 [iter 36/60] self-play: 145/160 games...
2026-08-10 16:40:53   [GPU] 4,050,017 evals (85384 batches, avg 47/batch = 9% of 512, 4901 evals/s, 379 msg/s, 12.9 leaves/msg, 826s)
2026-08-10 16:41:05   [GPU] 4,100,046 evals (86616 batches, avg 47/batch = 9% of 512, 4889 evals/s, 379 msg/s, 12.9 leaves/msg, 839s)
2026-08-10 16:41:12 [iter 36/60] self-play: 150/160 games...
2026-08-10 16:41:18   [GPU] 4,150,032 evals (87852 batches, avg 47/batch = 9% of 512, 4878 evals/s, 378 msg/s, 12.9 leaves/msg, 851s)
2026-08-10 16:41:31   [GPU] 4,200,023 evals (89150 batches, avg 47/batch = 9% of 512, 4863 evals/s, 377 msg/s, 12.9 leaves/msg, 864s)
2026-08-10 16:41:37 [iter 36/60] self-play: 155/160 games...
2026-08-10 16:41:48   [GPU] 4,250,009 evals (90893 batches, avg 47/batch = 9% of 512, 4823 evals/s, 375 msg/s, 12.9 leaves/msg, 881s)
2026-08-10 16:42:06   [GPU] 4,300,025 evals (92645 batches, avg 46/batch = 9% of 512, 4782 evals/s, 372 msg/s, 12.8 leaves/msg, 899s)
2026-08-10 16:42:33   [GPU] 4,350,002 evals (95122 batches, avg 46/batch = 9% of 512, 4695 evals/s, 367 msg/s, 12.8 leaves/msg, 927s)
2026-08-10 16:44:02   [GPU] 4,400,000 evals (99915 batches, avg 44/batch = 9% of 512, 4334 evals/s, 341 msg/s, 12.7 leaves/msg, 1015s)
2026-08-10 16:47:09 [iter 36/60] self-play: 160/160 games...
2026-08-10 16:47:09 [iter 36/60] self-play done: 160 games (1202s) | wins: P0=26, P1=109, draw=25 | draw_rate=16% avg_len~26
2026-08-10 16:47:09 [iter 36/60] search: expanded=7.3 actions/node visits/action=82.3 walls/game=7.88 first_wall_ply=2.288 learner_sims/s=4071.18
2026-08-10 16:47:09 [iter 36/60] training (600 steps, lr=4.34e-04)...
2026-08-10 16:47:17 [iter 36/60] training done: loss_p=1.122 loss_v=0.077 (8s)
2026-08-10 16:47:18 [iter 36/60] data: policy_wall_mass=0.183 walled_states=61% walls_on_board=17.7 value_mae walled=0.161 free=0.113
2026-08-10 16:47:19 [iter 36/60] eval vs best (40 games, 600 sims)...
2026-08-10 16:47:19 [EVAL-MP] 8 workers spawned (40 vs_best games, sims=600), GPU batcher starting...
2026-08-10 16:47:39   [GPU] 50,008 evals (1295 batches, avg 39/batch = 8% of 512, 2557 evals/s, 166 msg/s, 15.4 leaves/msg, 20s)
2026-08-10 16:47:56   [GPU] 100,020 evals (2604 batches, avg 38/batch = 8% of 512, 2747 evals/s, 178 msg/s, 15.4 leaves/msg, 36s)
2026-08-10 16:48:12   [GPU] 150,004 evals (3940 batches, avg 38/batch = 7% of 512, 2830 evals/s, 185 msg/s, 15.3 leaves/msg, 53s)
2026-08-10 16:48:29   [GPU] 200,031 evals (5334 batches, avg 38/batch = 7% of 512, 2861 evals/s, 188 msg/s, 15.3 leaves/msg, 70s)
2026-08-10 16:48:47   [GPU] 250,004 evals (6807 batches, avg 37/batch = 7% of 512, 2848 evals/s, 189 msg/s, 15.1 leaves/msg, 88s)
2026-08-10 16:49:05   [GPU] 300,037 evals (8325 batches, avg 36/batch = 7% of 512, 2827 evals/s, 190 msg/s, 14.9 leaves/msg, 106s)
2026-08-10 16:49:24   [GPU] 350,031 evals (9803 batches, avg 36/batch = 7% of 512, 2816 evals/s, 192 msg/s, 14.7 leaves/msg, 124s)
2026-08-10 16:49:42   [GPU] 400,000 evals (11307 batches, avg 35/batch = 7% of 512, 2806 evals/s, 193 msg/s, 14.6 leaves/msg, 143s)
2026-08-10 16:50:00   [GPU] 450,030 evals (12795 batches, avg 35/batch = 7% of 512, 2804 evals/s, 194 msg/s, 14.5 leaves/msg, 161s)
2026-08-10 16:50:18   [GPU] 500,014 evals (14311 batches, avg 35/batch = 7% of 512, 2791 evals/s, 194 msg/s, 14.4 leaves/msg, 179s)
2026-08-10 16:50:36   [GPU] 550,000 evals (15777 batches, avg 35/batch = 7% of 512, 2791 evals/s, 195 msg/s, 14.3 leaves/msg, 197s)
2026-08-10 16:50:55   [GPU] 600,022 evals (17286 batches, avg 35/batch = 7% of 512, 2787 evals/s, 195 msg/s, 14.3 leaves/msg, 215s)
2026-08-10 16:51:12   [GPU] 650,025 evals (18758 batches, avg 35/batch = 7% of 512, 2787 evals/s, 196 msg/s, 14.2 leaves/msg, 233s)
2026-08-10 16:51:32   [GPU] 700,056 evals (20296 batches, avg 34/batch = 7% of 512, 2775 evals/s, 195 msg/s, 14.2 leaves/msg, 252s)
2026-08-10 16:51:50   [GPU] 750,025 evals (21829 batches, avg 34/batch = 7% of 512, 2767 evals/s, 195 msg/s, 14.2 leaves/msg, 271s)
2026-08-10 16:52:05 [iter 36/60] eval vs best: 5/40 games (285s, cand 60%)
2026-08-10 16:52:08   [GPU] 800,008 evals (23300 batches, avg 34/batch = 7% of 512, 2766 evals/s, 195 msg/s, 14.2 leaves/msg, 289s)
2026-08-10 16:52:26   [GPU] 850,043 evals (24728 batches, avg 34/batch = 7% of 512, 2774 evals/s, 197 msg/s, 14.1 leaves/msg, 306s)
2026-08-10 16:52:43   [GPU] 900,061 evals (26119 batches, avg 34/batch = 7% of 512, 2783 evals/s, 198 msg/s, 14.1 leaves/msg, 323s)
2026-08-10 16:52:59   [GPU] 950,021 evals (27467 batches, avg 35/batch = 7% of 512, 2799 evals/s, 199 msg/s, 14.0 leaves/msg, 339s)
2026-08-10 16:53:14   [GPU] 1,000,008 evals (28770 batches, avg 35/batch = 7% of 512, 2817 evals/s, 201 msg/s, 14.0 leaves/msg, 355s)
2026-08-10 16:53:30   [GPU] 1,050,017 evals (30114 batches, avg 35/batch = 7% of 512, 2835 evals/s, 203 msg/s, 14.0 leaves/msg, 370s)
2026-08-10 16:53:45   [GPU] 1,100,021 evals (31399 batches, avg 35/batch = 7% of 512, 2851 evals/s, 205 msg/s, 13.9 leaves/msg, 386s)
2026-08-10 16:54:00   [GPU] 1,150,022 evals (32654 batches, avg 35/batch = 7% of 512, 2869 evals/s, 206 msg/s, 13.9 leaves/msg, 401s)
2026-08-10 16:54:15   [GPU] 1,200,008 evals (33929 batches, avg 35/batch = 7% of 512, 2886 evals/s, 207 msg/s, 13.9 leaves/msg, 416s)
2026-08-10 16:54:25 [iter 36/60] eval vs best: 10/40 games (425s, cand 80%)
2026-08-10 16:54:30   [GPU] 1,250,042 evals (35210 batches, avg 36/batch = 7% of 512, 2901 evals/s, 208 msg/s, 13.9 leaves/msg, 431s)
2026-08-10 16:54:46   [GPU] 1,300,047 evals (36535 batches, avg 36/batch = 7% of 512, 2910 evals/s, 209 msg/s, 13.9 leaves/msg, 447s)
2026-08-10 16:55:02   [GPU] 1,350,045 evals (37850 batches, avg 36/batch = 7% of 512, 2918 evals/s, 209 msg/s, 13.9 leaves/msg, 463s)
2026-08-10 16:55:17   [GPU] 1,400,047 evals (39106 batches, avg 36/batch = 7% of 512, 2929 evals/s, 210 msg/s, 13.9 leaves/msg, 478s)
2026-08-10 16:55:32   [GPU] 1,450,034 evals (40381 batches, avg 36/batch = 7% of 512, 2940 evals/s, 211 msg/s, 13.9 leaves/msg, 493s)
2026-08-10 16:55:48   [GPU] 1,500,059 evals (41647 batches, avg 36/batch = 7% of 512, 2950 evals/s, 212 msg/s, 13.9 leaves/msg, 509s)
2026-08-10 16:56:04   [GPU] 1,550,001 evals (43010 batches, avg 36/batch = 7% of 512, 2954 evals/s, 212 msg/s, 13.9 leaves/msg, 525s)
2026-08-10 16:56:22   [GPU] 1,600,046 evals (44462 batches, avg 36/batch = 7% of 512, 2949 evals/s, 212 msg/s, 13.9 leaves/msg, 543s)
2026-08-10 16:56:25 [iter 36/60] eval vs best: 15/40 games (546s, cand 79%)
2026-08-10 16:56:40   [GPU] 1,650,007 evals (45881 batches, avg 36/batch = 7% of 512, 2945 evals/s, 211 msg/s, 13.9 leaves/msg, 560s)
2026-08-10 16:56:56   [GPU] 1,700,020 evals (47235 batches, avg 36/batch = 7% of 512, 2948 evals/s, 212 msg/s, 13.9 leaves/msg, 577s)
2026-08-10 16:57:13   [GPU] 1,750,002 evals (48654 batches, avg 36/batch = 7% of 512, 2950 evals/s, 212 msg/s, 13.9 leaves/msg, 593s)
2026-08-10 16:57:29   [GPU] 1,800,013 evals (50028 batches, avg 36/batch = 7% of 512, 2953 evals/s, 212 msg/s, 13.9 leaves/msg, 610s)
2026-08-10 16:57:46   [GPU] 1,850,010 evals (51463 batches, avg 36/batch = 7% of 512, 2951 evals/s, 212 msg/s, 13.9 leaves/msg, 627s)
2026-08-10 16:58:04   [GPU] 1,900,024 evals (52940 batches, avg 36/batch = 7% of 512, 2946 evals/s, 212 msg/s, 13.9 leaves/msg, 645s)
2026-08-10 16:58:22   [GPU] 1,950,045 evals (54410 batches, avg 36/batch = 7% of 512, 2943 evals/s, 212 msg/s, 13.9 leaves/msg, 663s)
2026-08-10 16:58:40   [GPU] 2,000,008 evals (55865 batches, avg 36/batch = 7% of 512, 2940 evals/s, 212 msg/s, 13.8 leaves/msg, 680s)
2026-08-10 16:58:57   [GPU] 2,050,050 evals (57280 batches, avg 36/batch = 7% of 512, 2939 evals/s, 213 msg/s, 13.8 leaves/msg, 697s)
2026-08-10 16:59:13   [GPU] 2,100,008 evals (58678 batches, avg 36/batch = 7% of 512, 2942 evals/s, 213 msg/s, 13.8 leaves/msg, 714s)
2026-08-10 16:59:29 [iter 36/60] eval vs best: 20/40 games (730s, cand 78%)
2026-08-10 16:59:30   [GPU] 2,150,027 evals (60092 batches, avg 36/batch = 7% of 512, 2943 evals/s, 213 msg/s, 13.8 leaves/msg, 731s)
2026-08-10 16:59:47   [GPU] 2,200,006 evals (61522 batches, avg 36/batch = 7% of 512, 2944 evals/s, 214 msg/s, 13.8 leaves/msg, 747s)
2026-08-10 17:00:03   [GPU] 2,250,012 evals (62915 batches, avg 36/batch = 7% of 512, 2945 evals/s, 214 msg/s, 13.8 leaves/msg, 764s)
2026-08-10 17:00:20   [GPU] 2,300,048 evals (64326 batches, avg 36/batch = 7% of 512, 2946 evals/s, 214 msg/s, 13.8 leaves/msg, 781s)
2026-08-10 17:00:36   [GPU] 2,350,043 evals (65698 batches, avg 36/batch = 7% of 512, 2948 evals/s, 214 msg/s, 13.8 leaves/msg, 797s)
2026-08-10 17:00:54   [GPU] 2,400,019 evals (67100 batches, avg 36/batch = 7% of 512, 2947 evals/s, 214 msg/s, 13.8 leaves/msg, 814s)
2026-08-10 17:01:01 [iter 36/60] eval vs best: 25/40 games (822s, cand 68%)
2026-08-10 17:01:12   [GPU] 2,450,004 evals (68525 batches, avg 36/batch = 7% of 512, 2942 evals/s, 213 msg/s, 13.8 leaves/msg, 833s)
2026-08-10 17:01:30   [GPU] 2,500,000 evals (69968 batches, avg 36/batch = 7% of 512, 2940 evals/s, 213 msg/s, 13.8 leaves/msg, 850s)
2026-08-10 17:01:46   [GPU] 2,550,028 evals (71399 batches, avg 36/batch = 7% of 512, 2941 evals/s, 213 msg/s, 13.8 leaves/msg, 867s)
2026-08-10 17:02:02   [GPU] 2,600,010 evals (72758 batches, avg 36/batch = 7% of 512, 2945 evals/s, 213 msg/s, 13.8 leaves/msg, 883s)
2026-08-10 17:02:18   [GPU] 2,650,007 evals (74085 batches, avg 36/batch = 7% of 512, 2950 evals/s, 213 msg/s, 13.8 leaves/msg, 898s)
2026-08-10 17:02:32   [GPU] 2,700,020 evals (75368 batches, avg 36/batch = 7% of 512, 2957 evals/s, 214 msg/s, 13.8 leaves/msg, 913s)
2026-08-10 17:02:47   [GPU] 2,750,047 evals (76631 batches, avg 36/batch = 7% of 512, 2965 evals/s, 214 msg/s, 13.9 leaves/msg, 928s)
2026-08-10 17:03:02   [GPU] 2,800,023 evals (77905 batches, avg 36/batch = 7% of 512, 2971 evals/s, 214 msg/s, 13.9 leaves/msg, 942s)
2026-08-10 17:03:16   [GPU] 2,850,065 evals (79176 batches, avg 36/batch = 7% of 512, 2979 evals/s, 215 msg/s, 13.9 leaves/msg, 957s)
2026-08-10 17:03:30   [GPU] 2,900,039 evals (80474 batches, avg 36/batch = 7% of 512, 2986 evals/s, 215 msg/s, 13.9 leaves/msg, 971s)
2026-08-10 17:03:45   [GPU] 2,950,023 evals (81808 batches, avg 36/batch = 7% of 512, 2991 evals/s, 216 msg/s, 13.9 leaves/msg, 986s)
2026-08-10 17:04:01   [GPU] 3,000,032 evals (83160 batches, avg 36/batch = 7% of 512, 2994 evals/s, 216 msg/s, 13.9 leaves/msg, 1002s)
2026-08-10 17:04:07 [iter 36/60] eval vs best: 30/40 games (1007s, cand 74%)
2026-08-10 17:04:16   [GPU] 3,050,017 evals (84477 batches, avg 36/batch = 7% of 512, 2999 evals/s, 216 msg/s, 13.9 leaves/msg, 1017s)
2026-08-10 17:04:34   [GPU] 3,100,020 evals (86005 batches, avg 36/batch = 7% of 512, 2996 evals/s, 216 msg/s, 13.9 leaves/msg, 1035s)
2026-08-10 17:04:53   [GPU] 3,150,035 evals (87644 batches, avg 36/batch = 7% of 512, 2988 evals/s, 215 msg/s, 13.9 leaves/msg, 1054s)
2026-08-10 17:05:13   [GPU] 3,200,005 evals (89332 batches, avg 36/batch = 7% of 512, 2980 evals/s, 215 msg/s, 13.9 leaves/msg, 1074s)
2026-08-10 17:05:19 [iter 36/60] eval vs best: 35/40 games (1080s, cand 72%)
2026-08-10 17:05:42   [GPU] 3,250,000 evals (91437 batches, avg 36/batch = 7% of 512, 2948 evals/s, 213 msg/s, 13.9 leaves/msg, 1102s)
2026-08-10 17:06:21   [GPU] 3,300,023 evals (94008 batches, avg 35/batch = 7% of 512, 2891 evals/s, 208 msg/s, 13.9 leaves/msg, 1142s)
2026-08-10 17:07:05   [GPU] 3,350,000 evals (96623 batches, avg 35/batch = 7% of 512, 2825 evals/s, 204 msg/s, 13.9 leaves/msg, 1186s)
2026-08-10 17:08:11   [GPU] 3,400,002 evals (99541 batches, avg 34/batch = 7% of 512, 2715 evals/s, 195 msg/s, 13.9 leaves/msg, 1252s)
2026-08-10 17:08:52 [iter 36/60] eval vs best: 40/40 games (1292s, cand 73%)
2026-08-10 17:08:52 [iter 36/60] eval vs best done: 73.0% of 37 decided, 31 adjudicated ACCEPT (1293s)
2026-08-10 17:08:52 [iter 36/60] eval vs random (8 games, 600 sims)...
2026-08-10 17:08:52 [EVAL-MP] 8 workers spawned (8 vs_random games, sims=600), GPU batcher starting...
2026-08-10 17:09:09   [GPU] 50,002 evals (1358 batches, avg 37/batch = 7% of 512, 2947 evals/s, 195 msg/s, 15.1 leaves/msg, 17s)
2026-08-10 17:09:15 [iter 36/60] eval vs random: 5/8 games (23s, cand 100%)
2026-08-10 17:09:38 [iter 36/60] eval vs random: 8/8 games (45s, cand 100%)
2026-08-10 17:09:38 [iter 36/60] eval vs random done: 100.0% (46s)
2026-08-10 17:09:38 [iter 36/60] eval vs greedy (80 games, 600 sims)...
2026-08-10 17:09:38 [EVAL-MP] 8 workers spawned (80 vs_greedy games, sims=600), GPU batcher starting...
2026-08-10 17:09:54   [GPU] 50,019 evals (1265 batches, avg 40/batch = 8% of 512, 3178 evals/s, 207 msg/s, 15.3 leaves/msg, 16s)
2026-08-10 17:10:03 [iter 36/60] eval vs greedy: 5/80 games (25s, cand 80%)
2026-08-10 17:10:07   [GPU] 100,004 evals (2514 batches, avg 40/batch = 8% of 512, 3475 evals/s, 238 msg/s, 14.6 leaves/msg, 29s)
2026-08-10 17:10:18 [iter 36/60] eval vs greedy: 10/80 games (40s, cand 70%)
2026-08-10 17:10:20   [GPU] 150,036 evals (3787 batches, avg 40/batch = 8% of 512, 3566 evals/s, 245 msg/s, 14.6 leaves/msg, 42s)
2026-08-10 17:10:33 [iter 36/60] eval vs greedy: 15/80 games (55s, cand 67%)
2026-08-10 17:10:33   [GPU] 200,010 evals (5054 batches, avg 40/batch = 8% of 512, 3616 evals/s, 251 msg/s, 14.4 leaves/msg, 55s)
2026-08-10 17:10:42 [iter 36/60] eval vs greedy: 20/80 games (64s, cand 55%)
2026-08-10 17:10:47   [GPU] 250,012 evals (6352 batches, avg 39/batch = 8% of 512, 3628 evals/s, 250 msg/s, 14.5 leaves/msg, 69s)
2026-08-10 17:10:55 [iter 36/60] eval vs greedy: 25/80 games (77s, cand 64%)
2026-08-10 17:10:59   [GPU] 300,060 evals (7590 batches, avg 40/batch = 8% of 512, 3682 evals/s, 255 msg/s, 14.4 leaves/msg, 81s)
2026-08-10 17:11:12   [GPU] 350,029 evals (8820 batches, avg 40/batch = 8% of 512, 3718 evals/s, 256 msg/s, 14.5 leaves/msg, 94s)
2026-08-10 17:11:15 [iter 36/60] eval vs greedy: 30/80 games (97s, cand 70%)
2026-08-10 17:11:22 [iter 36/60] eval vs greedy: 35/80 games (104s, cand 71%)
2026-08-10 17:11:24   [GPU] 400,010 evals (10044 batches, avg 40/batch = 8% of 512, 3757 evals/s, 259 msg/s, 14.5 leaves/msg, 106s)
2026-08-10 17:11:37   [GPU] 450,003 evals (11279 batches, avg 40/batch = 8% of 512, 3769 evals/s, 259 msg/s, 14.5 leaves/msg, 119s)
2026-08-10 17:11:42 [iter 36/60] eval vs greedy: 40/80 games (124s, cand 70%)
2026-08-10 17:11:50 [iter 36/60] eval vs greedy: 45/80 games (132s, cand 69%)
2026-08-10 17:11:51   [GPU] 500,023 evals (12556 batches, avg 40/batch = 8% of 512, 3773 evals/s, 260 msg/s, 14.5 leaves/msg, 133s)
2026-08-10 17:12:04   [GPU] 550,068 evals (13800 batches, avg 40/batch = 8% of 512, 3780 evals/s, 260 msg/s, 14.5 leaves/msg, 146s)
2026-08-10 17:12:05 [iter 36/60] eval vs greedy: 50/80 games (147s, cand 72%)
2026-08-10 17:12:15 [iter 36/60] eval vs greedy: 55/80 games (157s, cand 73%)
2026-08-10 17:12:17   [GPU] 600,028 evals (15081 batches, avg 40/batch = 8% of 512, 3778 evals/s, 261 msg/s, 14.4 leaves/msg, 159s)
2026-08-10 17:12:29   [GPU] 650,040 evals (16300 batches, avg 40/batch = 8% of 512, 3793 evals/s, 262 msg/s, 14.5 leaves/msg, 171s)
2026-08-10 17:12:30 [iter 36/60] eval vs greedy: 60/80 games (172s, cand 75%)
2026-08-10 17:12:41 [iter 36/60] eval vs greedy: 65/80 games (183s, cand 77%)
2026-08-10 17:12:43   [GPU] 700,045 evals (17600 batches, avg 40/batch = 8% of 512, 3788 evals/s, 262 msg/s, 14.4 leaves/msg, 185s)
2026-08-10 17:12:55 [iter 36/60] eval vs greedy: 70/80 games (197s, cand 77%)
2026-08-10 17:12:58   [GPU] 750,016 evals (19008 batches, avg 39/batch = 8% of 512, 3754 evals/s, 260 msg/s, 14.4 leaves/msg, 200s)
2026-08-10 17:13:15 [iter 36/60] eval vs greedy: 75/80 games (217s, cand 77%)
2026-08-10 17:13:18   [GPU] 800,000 evals (20751 batches, avg 39/batch = 8% of 512, 3640 evals/s, 253 msg/s, 14.4 leaves/msg, 220s)
2026-08-10 17:13:48 [iter 36/60] eval vs greedy: 80/80 games (250s, cand 76%)
2026-08-10 17:13:48 [iter 36/60] eval vs greedy done: 76.2% of 80 decided [seat0:30/40 seat1:31/40] (250s)
2026-08-10 17:13:48 [iter 36/60] eval vs minimax (depth 2, 40 games)...
2026-08-10 17:13:48 [EVAL-MP] 8 workers spawned (40 vs_minimax games, sims=600), GPU batcher starting...
2026-08-10 17:14:06   [GPU] 50,031 evals (1399 batches, avg 36/batch = 7% of 512, 2846 evals/s, 185 msg/s, 15.4 leaves/msg, 18s)
2026-08-10 17:14:18   [GPU] 100,000 evals (2597 batches, avg 39/batch = 8% of 512, 3331 evals/s, 231 msg/s, 14.4 leaves/msg, 30s)
2026-08-10 17:14:23 [iter 36/60] eval vs minimax: 5/40 games (0%)
2026-08-10 17:14:33   [GPU] 150,013 evals (4011 batches, avg 37/batch = 7% of 512, 3349 evals/s, 250 msg/s, 13.4 leaves/msg, 45s)
2026-08-10 17:14:46   [GPU] 200,007 evals (5297 batches, avg 38/batch = 7% of 512, 3437 evals/s, 252 msg/s, 13.7 leaves/msg, 58s)
2026-08-10 17:14:51 [iter 36/60] eval vs minimax: 10/40 games (0%)
2026-08-10 17:14:58   [GPU] 250,010 evals (6519 batches, avg 38/batch = 7% of 512, 3558 evals/s, 265 msg/s, 13.4 leaves/msg, 70s)
2026-08-10 17:15:08 [iter 36/60] eval vs minimax: 15/40 games (7%)
2026-08-10 17:15:12   [GPU] 300,008 evals (7825 batches, avg 38/batch = 7% of 512, 3587 evals/s, 267 msg/s, 13.5 leaves/msg, 84s)
2026-08-10 17:15:25   [GPU] 350,039 evals (9107 batches, avg 38/batch = 8% of 512, 3622 evals/s, 268 msg/s, 13.5 leaves/msg, 97s)
2026-08-10 17:15:34 [iter 36/60] eval vs minimax: 20/40 games (5%)
2026-08-10 17:15:38   [GPU] 400,073 evals (10473 batches, avg 38/batch = 7% of 512, 3624 evals/s, 271 msg/s, 13.4 leaves/msg, 110s)
2026-08-10 17:15:52   [GPU] 450,045 evals (11818 batches, avg 38/batch = 7% of 512, 3635 evals/s, 277 msg/s, 13.1 leaves/msg, 124s)
2026-08-10 17:16:04   [GPU] 500,037 evals (13004 batches, avg 38/batch = 8% of 512, 3683 evals/s, 279 msg/s, 13.2 leaves/msg, 136s)
2026-08-10 17:16:09 [iter 36/60] eval vs minimax: 25/40 games (4%)
2026-08-10 17:16:15   [GPU] 550,027 evals (14167 batches, avg 39/batch = 8% of 512, 3749 evals/s, 285 msg/s, 13.1 leaves/msg, 147s)
2026-08-10 17:16:31   [GPU] 600,005 evals (15711 batches, avg 38/batch = 7% of 512, 3693 evals/s, 282 msg/s, 13.1 leaves/msg, 162s)
2026-08-10 17:16:32 [iter 36/60] eval vs minimax: 30/40 games (4%)
2026-08-10 17:16:48   [GPU] 650,030 evals (17475 batches, avg 37/batch = 7% of 512, 3608 evals/s, 279 msg/s, 12.9 leaves/msg, 180s)
2026-08-10 17:17:01 [iter 36/60] eval vs minimax: 35/40 games (3%)
2026-08-10 17:17:17   [GPU] 700,012 evals (19725 batches, avg 35/batch = 7% of 512, 3356 evals/s, 260 msg/s, 12.9 leaves/msg, 209s)
2026-08-10 17:18:18 [iter 36/60] eval vs minimax: 40/40 games (3%)
2026-08-10 17:18:18 [iter 36/60] eval vs minimax done: 2.9% of 35 decided [seat0:0/20 seat1:1/20] (270s)
2026-08-10 17:18:18 >>> iter 36 | loss_p=1.122 loss_v=0.077 | vs_best=73.0% ACCEPT | vs_rand=100.0% | draw=16% | buf=100000 | rss=3.54GB | sp=1202s train=8s eval_best=1293s eval_rand=46s | total=3071s
2026-08-10 17:18:18 STOPPING EARLY at iteration 36/60 — peak stall: 5 consecutive greedy evals without a new pooled peak (best 87.5%). greedy_peak.pt holds it; resume by raising peak_stall_evals to search longer.
