2026-08-07 19:46:51 ======================================================================
2026-08-07 19:46:51 training_loop_mp launched | N=2 board=9x9 | sims=600 games/iter=160 | self_play=parallel workers=8 vec_games=0
2026-08-07 19:46:51 checkpoint_dir=/tf/dl-quoridor/runs/n2_9x9_v8 | eval=40+40+80 greedy | accept_margin=0.14 | buffer=100000
2026-08-07 19:46:51 train_steps=600 max_moves=160 explore_moves=20 warmup=5000 discount=0.99/round leaf_batch=16 vloss=1.0
2026-08-07 19:46:51 resources: 16 usable cpus (cgroup quota), 128 GB limit (host 1623 GB), gpu: NVIDIA RTX PRO 6000 Blackwell Server Edition, 22 GB, rss=1.58 GB at launch
2026-08-07 19:46:51 ======================================================================
2026-08-07 19:46:51 Config frozen -> /tf/dl-quoridor/runs/n2_9x9_v8/config.json
2026-08-07 19:46:51 Champion initialised from the starting model -> /tf/dl-quoridor/runs/n2_9x9_v8/best.pt
2026-08-07 19:46:51 Starting N=2 training: 60 iterations, 160 games/iter, 600 sims
2026-08-07 19:46:51 Gate held: eval-vs-best is skipped until win_vs_greedy > 0.00, then the champion is seeded from the learner. An untrained net cannot reach its goal, so gate games against it time out rather than decide.
2026-08-07 19:46:51 [iter 1/60] self-play starting (160 games, 600 sims, MIXED 80/160 race-only)...
2026-08-07 19:46:51 [PARALLEL-MP] 8 workers spawned (160 games, sims=600), GPU batcher starting...
2026-08-07 19:47:02   [GPU] 50,025 evals (807 batches, avg 62/batch = 12% of 512, 4589 evals/s, 306 msg/s, 15.0 leaves/msg, 11s)
2026-08-07 19:47:11   [GPU] 100,009 evals (1711 batches, avg 58/batch = 11% of 512, 4947 evals/s, 331 msg/s, 15.0 leaves/msg, 20s)
2026-08-07 19:47:14 [iter 1/60] self-play: 5/160 games...
2026-08-07 19:47:20   [GPU] 150,012 evals (2597 batches, avg 58/batch = 11% of 512, 5094 evals/s, 343 msg/s, 14.8 leaves/msg, 29s)
2026-08-07 19:47:29   [GPU] 200,020 evals (3418 batches, avg 59/batch = 11% of 512, 5289 evals/s, 356 msg/s, 14.8 leaves/msg, 38s)
2026-08-07 19:47:36   [GPU] 250,077 evals (4156 batches, avg 60/batch = 12% of 512, 5515 evals/s, 372 msg/s, 14.8 leaves/msg, 45s)
2026-08-07 19:47:43   [GPU] 300,005 evals (4868 batches, avg 62/batch = 12% of 512, 5704 evals/s, 385 msg/s, 14.8 leaves/msg, 53s)
2026-08-07 19:47:48 [iter 1/60] self-play: 10/160 games...
2026-08-07 19:47:50   [GPU] 350,017 evals (5475 batches, avg 64/batch = 12% of 512, 5904 evals/s, 399 msg/s, 14.8 leaves/msg, 59s)
2026-08-07 19:47:57   [GPU] 400,080 evals (6102 batches, avg 66/batch = 13% of 512, 6041 evals/s, 409 msg/s, 14.8 leaves/msg, 66s)
2026-08-07 19:48:05   [GPU] 450,064 evals (6798 batches, avg 66/batch = 13% of 512, 6091 evals/s, 413 msg/s, 14.8 leaves/msg, 74s)
2026-08-07 19:48:12   [GPU] 500,012 evals (7487 batches, avg 67/batch = 13% of 512, 6159 evals/s, 418 msg/s, 14.7 leaves/msg, 81s)
2026-08-07 19:48:19   [GPU] 550,077 evals (8120 batches, avg 68/batch = 13% of 512, 6231 evals/s, 423 msg/s, 14.7 leaves/msg, 88s)
2026-08-07 19:48:26   [GPU] 600,026 evals (8785 batches, avg 68/batch = 13% of 512, 6289 evals/s, 426 msg/s, 14.8 leaves/msg, 95s)
2026-08-07 19:48:33   [GPU] 650,003 evals (9418 batches, avg 69/batch = 13% of 512, 6352 evals/s, 430 msg/s, 14.8 leaves/msg, 102s)
2026-08-07 19:48:40   [GPU] 700,035 evals (10018 batches, avg 70/batch = 14% of 512, 6428 evals/s, 435 msg/s, 14.8 leaves/msg, 109s)
2026-08-07 19:48:44 [iter 1/60] self-play: 15/160 games...
2026-08-07 19:48:46   [GPU] 750,071 evals (10602 batches, avg 71/batch = 14% of 512, 6507 evals/s, 440 msg/s, 14.8 leaves/msg, 115s)
2026-08-07 19:48:53   [GPU] 800,025 evals (11206 batches, avg 71/batch = 14% of 512, 6545 evals/s, 443 msg/s, 14.8 leaves/msg, 122s)
2026-08-07 19:48:57 [iter 1/60] self-play: 20/160 games...
2026-08-07 19:49:01   [GPU] 850,036 evals (11937 batches, avg 71/batch = 14% of 512, 6553 evals/s, 443 msg/s, 14.8 leaves/msg, 130s)
2026-08-07 19:49:08   [GPU] 900,075 evals (12660 batches, avg 71/batch = 14% of 512, 6558 evals/s, 443 msg/s, 14.8 leaves/msg, 137s)
2026-08-07 19:49:15   [GPU] 950,023 evals (13261 batches, avg 72/batch = 14% of 512, 6583 evals/s, 445 msg/s, 14.8 leaves/msg, 144s)
2026-08-07 19:49:22   [GPU] 1,000,062 evals (13926 batches, avg 72/batch = 14% of 512, 6602 evals/s, 447 msg/s, 14.8 leaves/msg, 151s)
2026-08-07 19:49:29   [GPU] 1,050,040 evals (14555 batches, avg 72/batch = 14% of 512, 6629 evals/s, 448 msg/s, 14.8 leaves/msg, 158s)
2026-08-07 19:49:36   [GPU] 1,100,077 evals (15120 batches, avg 73/batch = 14% of 512, 6657 evals/s, 450 msg/s, 14.8 leaves/msg, 165s)
2026-08-07 19:49:43   [GPU] 1,150,025 evals (15714 batches, avg 73/batch = 14% of 512, 6682 evals/s, 452 msg/s, 14.8 leaves/msg, 172s)
2026-08-07 19:49:46 [iter 1/60] self-play: 25/160 games...
2026-08-07 19:49:50   [GPU] 1,200,094 evals (16338 batches, avg 73/batch = 14% of 512, 6702 evals/s, 453 msg/s, 14.8 leaves/msg, 179s)
2026-08-07 19:49:57   [GPU] 1,250,003 evals (16963 batches, avg 74/batch = 14% of 512, 6720 evals/s, 454 msg/s, 14.8 leaves/msg, 186s)
2026-08-07 19:50:03   [GPU] 1,300,069 evals (17564 batches, avg 74/batch = 14% of 512, 6752 evals/s, 456 msg/s, 14.8 leaves/msg, 193s)
2026-08-07 19:50:07 [iter 1/60] self-play: 30/160 games...
2026-08-07 19:50:11   [GPU] 1,350,046 evals (18256 batches, avg 74/batch = 14% of 512, 6743 evals/s, 456 msg/s, 14.8 leaves/msg, 200s)
2026-08-07 19:50:19   [GPU] 1,400,033 evals (18968 batches, avg 74/batch = 14% of 512, 6736 evals/s, 455 msg/s, 14.8 leaves/msg, 208s)
2026-08-07 19:50:26   [GPU] 1,450,021 evals (19687 batches, avg 74/batch = 14% of 512, 6729 evals/s, 454 msg/s, 14.8 leaves/msg, 215s)
2026-08-07 19:50:33   [GPU] 1,500,038 evals (20391 batches, avg 74/batch = 14% of 512, 6741 evals/s, 455 msg/s, 14.8 leaves/msg, 223s)
2026-08-07 19:50:41   [GPU] 1,550,026 evals (21109 batches, avg 73/batch = 14% of 512, 6748 evals/s, 456 msg/s, 14.8 leaves/msg, 230s)
2026-08-07 19:50:47   [GPU] 1,600,026 evals (21731 batches, avg 74/batch = 14% of 512, 6770 evals/s, 457 msg/s, 14.8 leaves/msg, 236s)
2026-08-07 19:50:52 [iter 1/60] self-play: 35/160 games...
2026-08-07 19:50:54   [GPU] 1,650,043 evals (22404 batches, avg 74/batch = 14% of 512, 6789 evals/s, 458 msg/s, 14.8 leaves/msg, 243s)
2026-08-07 19:51:01   [GPU] 1,700,015 evals (23051 batches, avg 74/batch = 14% of 512, 6802 evals/s, 459 msg/s, 14.8 leaves/msg, 250s)
2026-08-07 19:51:09   [GPU] 1,750,074 evals (23810 batches, avg 74/batch = 14% of 512, 6792 evals/s, 459 msg/s, 14.8 leaves/msg, 258s)
2026-08-07 19:51:16   [GPU] 1,800,069 evals (24494 batches, avg 73/batch = 14% of 512, 6799 evals/s, 459 msg/s, 14.8 leaves/msg, 265s)
2026-08-07 19:51:22 [iter 1/60] self-play: 40/160 games...
2026-08-07 19:51:23   [GPU] 1,850,055 evals (25170 batches, avg 74/batch = 14% of 512, 6809 evals/s, 460 msg/s, 14.8 leaves/msg, 272s)
2026-08-07 19:51:30   [GPU] 1,900,081 evals (25902 batches, avg 73/batch = 14% of 512, 6797 evals/s, 459 msg/s, 14.8 leaves/msg, 280s)
2026-08-07 19:51:38   [GPU] 1,950,106 evals (26614 batches, avg 73/batch = 14% of 512, 6794 evals/s, 459 msg/s, 14.8 leaves/msg, 287s)
2026-08-07 19:51:45   [GPU] 2,000,033 evals (27303 batches, avg 73/batch = 14% of 512, 6803 evals/s, 459 msg/s, 14.8 leaves/msg, 294s)
2026-08-07 19:51:52   [GPU] 2,050,047 evals (27978 batches, avg 73/batch = 14% of 512, 6807 evals/s, 460 msg/s, 14.8 leaves/msg, 301s)
2026-08-07 19:51:55 [iter 1/60] self-play: 45/160 games...
2026-08-07 19:51:59   [GPU] 2,100,030 evals (28594 batches, avg 73/batch = 14% of 512, 6816 evals/s, 461 msg/s, 14.8 leaves/msg, 308s)
2026-08-07 19:52:06   [GPU] 2,150,064 evals (29271 batches, avg 73/batch = 14% of 512, 6816 evals/s, 460 msg/s, 14.8 leaves/msg, 315s)
2026-08-07 19:52:14   [GPU] 2,200,032 evals (30011 batches, avg 73/batch = 14% of 512, 6812 evals/s, 460 msg/s, 14.8 leaves/msg, 323s)
2026-08-07 19:52:21   [GPU] 2,250,001 evals (30628 batches, avg 73/batch = 14% of 512, 6818 evals/s, 460 msg/s, 14.8 leaves/msg, 330s)
2026-08-07 19:52:28   [GPU] 2,300,070 evals (31276 batches, avg 74/batch = 14% of 512, 6820 evals/s, 461 msg/s, 14.8 leaves/msg, 337s)
2026-08-07 19:52:30 [iter 1/60] self-play: 50/160 games...
2026-08-07 19:52:35   [GPU] 2,350,071 evals (31866 batches, avg 74/batch = 14% of 512, 6832 evals/s, 461 msg/s, 14.8 leaves/msg, 344s)
2026-08-07 19:52:42   [GPU] 2,400,088 evals (32503 batches, avg 74/batch = 14% of 512, 6837 evals/s, 462 msg/s, 14.8 leaves/msg, 351s)
2026-08-07 19:52:49   [GPU] 2,450,007 evals (33170 batches, avg 74/batch = 14% of 512, 6838 evals/s, 462 msg/s, 14.8 leaves/msg, 358s)
2026-08-07 19:52:57   [GPU] 2,500,029 evals (33885 batches, avg 74/batch = 14% of 512, 6836 evals/s, 462 msg/s, 14.8 leaves/msg, 366s)
2026-08-07 19:53:04   [GPU] 2,550,070 evals (34609 batches, avg 74/batch = 14% of 512, 6839 evals/s, 462 msg/s, 14.8 leaves/msg, 373s)
2026-08-07 19:53:11   [GPU] 2,600,033 evals (35289 batches, avg 74/batch = 14% of 512, 6846 evals/s, 462 msg/s, 14.8 leaves/msg, 380s)
2026-08-07 19:53:13 [iter 1/60] self-play: 55/160 games...
2026-08-07 19:53:17   [GPU] 2,650,011 evals (35916 batches, avg 74/batch = 14% of 512, 6857 evals/s, 463 msg/s, 14.8 leaves/msg, 386s)
2026-08-07 19:53:24   [GPU] 2,700,018 evals (36555 batches, avg 74/batch = 14% of 512, 6860 evals/s, 463 msg/s, 14.8 leaves/msg, 394s)
2026-08-07 19:53:32   [GPU] 2,750,029 evals (37253 batches, avg 74/batch = 14% of 512, 6862 evals/s, 463 msg/s, 14.8 leaves/msg, 401s)
2026-08-07 19:53:39   [GPU] 2,800,061 evals (37928 batches, avg 74/batch = 14% of 512, 6869 evals/s, 464 msg/s, 14.8 leaves/msg, 408s)
2026-08-07 19:53:46   [GPU] 2,850,042 evals (38587 batches, avg 74/batch = 14% of 512, 6871 evals/s, 464 msg/s, 14.8 leaves/msg, 415s)
2026-08-07 19:53:50 [iter 1/60] self-play: 60/160 games...
2026-08-07 19:53:52   [GPU] 2,900,010 evals (39227 batches, avg 74/batch = 14% of 512, 6887 evals/s, 465 msg/s, 14.8 leaves/msg, 421s)
2026-08-07 19:53:58   [GPU] 2,950,048 evals (39811 batches, avg 74/batch = 14% of 512, 6902 evals/s, 466 msg/s, 14.8 leaves/msg, 427s)
2026-08-07 19:54:05   [GPU] 3,000,067 evals (40351 batches, avg 74/batch = 15% of 512, 6918 evals/s, 467 msg/s, 14.8 leaves/msg, 434s)
2026-08-07 19:54:11   [GPU] 3,050,025 evals (40898 batches, avg 75/batch = 15% of 512, 6933 evals/s, 468 msg/s, 14.8 leaves/msg, 440s)
2026-08-07 19:54:18   [GPU] 3,100,074 evals (41568 batches, avg 75/batch = 15% of 512, 6934 evals/s, 468 msg/s, 14.8 leaves/msg, 447s)
2026-08-07 19:54:25   [GPU] 3,150,069 evals (42247 batches, avg 75/batch = 15% of 512, 6936 evals/s, 468 msg/s, 14.8 leaves/msg, 454s)
2026-08-07 19:54:26 [iter 1/60] self-play: 65/160 games...
2026-08-07 19:54:33   [GPU] 3,200,061 evals (42906 batches, avg 75/batch = 15% of 512, 6932 evals/s, 468 msg/s, 14.8 leaves/msg, 462s)
2026-08-07 19:54:40   [GPU] 3,250,031 evals (43577 batches, avg 75/batch = 15% of 512, 6930 evals/s, 468 msg/s, 14.8 leaves/msg, 469s)
2026-08-07 19:54:48   [GPU] 3,300,041 evals (44301 batches, avg 74/batch = 15% of 512, 6921 evals/s, 467 msg/s, 14.8 leaves/msg, 477s)
2026-08-07 19:54:55   [GPU] 3,350,034 evals (44990 batches, avg 74/batch = 15% of 512, 6919 evals/s, 467 msg/s, 14.8 leaves/msg, 484s)
2026-08-07 19:54:58 [iter 1/60] self-play: 70/160 games...
2026-08-07 19:55:02   [GPU] 3,400,050 evals (45633 batches, avg 75/batch = 15% of 512, 6918 evals/s, 467 msg/s, 14.8 leaves/msg, 491s)
2026-08-07 19:55:09   [GPU] 3,450,020 evals (46308 batches, avg 75/batch = 15% of 512, 6921 evals/s, 467 msg/s, 14.8 leaves/msg, 499s)
2026-08-07 19:55:16   [GPU] 3,500,046 evals (46882 batches, avg 75/batch = 15% of 512, 6934 evals/s, 468 msg/s, 14.8 leaves/msg, 505s)
2026-08-07 19:55:21   [GPU] 3,550,072 evals (47418 batches, avg 75/batch = 15% of 512, 6952 evals/s, 469 msg/s, 14.8 leaves/msg, 511s)
2026-08-07 19:55:28   [GPU] 3,600,071 evals (47969 batches, avg 75/batch = 15% of 512, 6966 evals/s, 470 msg/s, 14.8 leaves/msg, 517s)
2026-08-07 19:55:34   [GPU] 3,650,002 evals (48486 batches, avg 75/batch = 15% of 512, 6980 evals/s, 471 msg/s, 14.8 leaves/msg, 523s)
2026-08-07 19:55:36 [iter 1/60] self-play: 75/160 games...
2026-08-07 19:55:41   [GPU] 3,700,067 evals (49113 batches, avg 75/batch = 15% of 512, 6986 evals/s, 472 msg/s, 14.8 leaves/msg, 530s)
2026-08-07 19:55:49   [GPU] 3,750,026 evals (49919 batches, avg 75/batch = 15% of 512, 6974 evals/s, 471 msg/s, 14.8 leaves/msg, 538s)
2026-08-07 19:55:54 [iter 1/60] self-play: 80/160 games...
2026-08-07 19:55:55   [GPU] 3,800,083 evals (50569 batches, avg 75/batch = 15% of 512, 6978 evals/s, 471 msg/s, 14.8 leaves/msg, 545s)
2026-08-07 19:56:02   [GPU] 3,850,025 evals (51202 batches, avg 75/batch = 15% of 512, 6986 evals/s, 472 msg/s, 14.8 leaves/msg, 551s)
2026-08-07 19:56:09   [GPU] 3,900,015 evals (51842 batches, avg 75/batch = 15% of 512, 6989 evals/s, 472 msg/s, 14.8 leaves/msg, 558s)
2026-08-07 19:56:16   [GPU] 3,950,003 evals (52511 batches, avg 75/batch = 15% of 512, 6990 evals/s, 472 msg/s, 14.8 leaves/msg, 565s)
2026-08-07 19:56:23   [GPU] 4,000,024 evals (53176 batches, avg 75/batch = 15% of 512, 6994 evals/s, 472 msg/s, 14.8 leaves/msg, 572s)
2026-08-07 19:56:27 [iter 1/60] self-play: 85/160 games...
2026-08-07 19:56:30   [GPU] 4,050,042 evals (53835 batches, avg 75/batch = 15% of 512, 6995 evals/s, 472 msg/s, 14.8 leaves/msg, 579s)
2026-08-07 19:56:37   [GPU] 4,100,046 evals (54492 batches, avg 75/batch = 15% of 512, 6996 evals/s, 472 msg/s, 14.8 leaves/msg, 586s)
2026-08-07 19:56:44   [GPU] 4,150,017 evals (55142 batches, avg 75/batch = 15% of 512, 6998 evals/s, 472 msg/s, 14.8 leaves/msg, 593s)
2026-08-07 19:56:52   [GPU] 4,200,016 evals (55925 batches, avg 75/batch = 15% of 512, 6990 evals/s, 472 msg/s, 14.8 leaves/msg, 601s)
2026-08-07 19:56:59   [GPU] 4,250,048 evals (56608 batches, avg 75/batch = 15% of 512, 6989 evals/s, 472 msg/s, 14.8 leaves/msg, 608s)
2026-08-07 19:57:06   [GPU] 4,300,080 evals (57251 batches, avg 75/batch = 15% of 512, 6991 evals/s, 472 msg/s, 14.8 leaves/msg, 615s)
2026-08-07 19:57:09 [iter 1/60] self-play: 90/160 games...
2026-08-07 19:57:13   [GPU] 4,350,019 evals (57889 batches, avg 75/batch = 15% of 512, 6994 evals/s, 472 msg/s, 14.8 leaves/msg, 622s)
2026-08-07 19:57:20   [GPU] 4,400,057 evals (58603 batches, avg 75/batch = 15% of 512, 6989 evals/s, 472 msg/s, 14.8 leaves/msg, 630s)
2026-08-07 19:57:28   [GPU] 4,450,027 evals (59364 batches, avg 75/batch = 15% of 512, 6983 evals/s, 471 msg/s, 14.8 leaves/msg, 637s)
2026-08-07 19:57:36   [GPU] 4,500,024 evals (60176 batches, avg 75/batch = 15% of 512, 6973 evals/s, 471 msg/s, 14.8 leaves/msg, 645s)
2026-08-07 19:57:38 [iter 1/60] self-play: 95/160 games...
2026-08-07 19:57:43   [GPU] 4,550,036 evals (60851 batches, avg 75/batch = 15% of 512, 6972 evals/s, 471 msg/s, 14.8 leaves/msg, 653s)
2026-08-07 19:57:50   [GPU] 4,600,051 evals (61446 batches, avg 75/batch = 15% of 512, 6976 evals/s, 471 msg/s, 14.8 leaves/msg, 659s)
2026-08-07 19:57:58   [GPU] 4,650,063 evals (62149 batches, avg 75/batch = 15% of 512, 6969 evals/s, 471 msg/s, 14.8 leaves/msg, 667s)
2026-08-07 19:58:06   [GPU] 4,700,053 evals (62878 batches, avg 75/batch = 15% of 512, 6962 evals/s, 470 msg/s, 14.8 leaves/msg, 675s)
2026-08-07 19:58:13   [GPU] 4,750,021 evals (63514 batches, avg 75/batch = 15% of 512, 6967 evals/s, 470 msg/s, 14.8 leaves/msg, 682s)
2026-08-07 19:58:13 [iter 1/60] self-play: 100/160 games...
2026-08-07 19:58:20   [GPU] 4,800,031 evals (64152 batches, avg 75/batch = 15% of 512, 6968 evals/s, 470 msg/s, 14.8 leaves/msg, 689s)
2026-08-07 19:58:27   [GPU] 4,850,017 evals (64822 batches, avg 75/batch = 15% of 512, 6968 evals/s, 470 msg/s, 14.8 leaves/msg, 696s)
2026-08-07 19:58:34   [GPU] 4,900,032 evals (65481 batches, avg 75/batch = 15% of 512, 6966 evals/s, 470 msg/s, 14.8 leaves/msg, 703s)
2026-08-07 19:58:41   [GPU] 4,950,042 evals (66139 batches, avg 75/batch = 15% of 512, 6967 evals/s, 470 msg/s, 14.8 leaves/msg, 710s)
2026-08-07 19:58:48   [GPU] 5,000,041 evals (66775 batches, avg 75/batch = 15% of 512, 6968 evals/s, 470 msg/s, 14.8 leaves/msg, 718s)
2026-08-07 19:58:55   [GPU] 5,050,037 evals (67396 batches, avg 75/batch = 15% of 512, 6971 evals/s, 470 msg/s, 14.8 leaves/msg, 724s)
2026-08-07 19:58:59 [iter 1/60] self-play: 105/160 games...
2026-08-07 19:59:02   [GPU] 5,100,007 evals (67998 batches, avg 75/batch = 15% of 512, 6977 evals/s, 471 msg/s, 14.8 leaves/msg, 731s)
2026-08-07 19:59:08   [GPU] 5,150,080 evals (68580 batches, avg 75/batch = 15% of 512, 6985 evals/s, 471 msg/s, 14.8 leaves/msg, 737s)
2026-08-07 19:59:15   [GPU] 5,200,034 evals (69229 batches, avg 75/batch = 15% of 512, 6988 evals/s, 472 msg/s, 14.8 leaves/msg, 744s)
2026-08-07 19:59:21 [iter 1/60] self-play: 110/160 games...
2026-08-07 19:59:22   [GPU] 5,250,044 evals (69886 batches, avg 75/batch = 15% of 512, 6990 evals/s, 472 msg/s, 14.8 leaves/msg, 751s)
2026-08-07 19:59:30   [GPU] 5,300,087 evals (70592 batches, avg 75/batch = 15% of 512, 6984 evals/s, 471 msg/s, 14.8 leaves/msg, 759s)
2026-08-07 19:59:38   [GPU] 5,350,024 evals (71386 batches, avg 75/batch = 15% of 512, 6976 evals/s, 471 msg/s, 14.8 leaves/msg, 767s)
2026-08-07 19:59:45   [GPU] 5,400,012 evals (72077 batches, avg 75/batch = 15% of 512, 6976 evals/s, 471 msg/s, 14.8 leaves/msg, 774s)
2026-08-07 19:59:46 [iter 1/60] self-play: 115/160 games...
2026-08-07 19:59:52   [GPU] 5,450,092 evals (72705 batches, avg 75/batch = 15% of 512, 6978 evals/s, 471 msg/s, 14.8 leaves/msg, 781s)
2026-08-07 19:59:59   [GPU] 5,500,089 evals (73387 batches, avg 75/batch = 15% of 512, 6978 evals/s, 471 msg/s, 14.8 leaves/msg, 788s)
2026-08-07 20:00:07   [GPU] 5,550,032 evals (74098 batches, avg 75/batch = 15% of 512, 6974 evals/s, 471 msg/s, 14.8 leaves/msg, 796s)
2026-08-07 20:00:12 [iter 1/60] self-play: 120/160 games...
2026-08-07 20:00:14   [GPU] 5,600,102 evals (74767 batches, avg 75/batch = 15% of 512, 6975 evals/s, 471 msg/s, 14.8 leaves/msg, 803s)
2026-08-07 20:00:21   [GPU] 5,650,043 evals (75445 batches, avg 75/batch = 15% of 512, 6976 evals/s, 471 msg/s, 14.8 leaves/msg, 810s)
2026-08-07 20:00:28   [GPU] 5,700,051 evals (76136 batches, avg 75/batch = 15% of 512, 6976 evals/s, 471 msg/s, 14.8 leaves/msg, 817s)
2026-08-07 20:00:35   [GPU] 5,750,062 evals (76802 batches, avg 75/batch = 15% of 512, 6975 evals/s, 471 msg/s, 14.8 leaves/msg, 824s)
2026-08-07 20:00:42   [GPU] 5,800,004 evals (77478 batches, avg 75/batch = 15% of 512, 6977 evals/s, 471 msg/s, 14.8 leaves/msg, 831s)
2026-08-07 20:00:49   [GPU] 5,850,042 evals (78116 batches, avg 75/batch = 15% of 512, 6981 evals/s, 471 msg/s, 14.8 leaves/msg, 838s)
2026-08-07 20:00:56   [GPU] 5,900,022 evals (78757 batches, avg 75/batch = 15% of 512, 6984 evals/s, 471 msg/s, 14.8 leaves/msg, 845s)
2026-08-07 20:01:02   [GPU] 5,950,007 evals (79376 batches, avg 75/batch = 15% of 512, 6990 evals/s, 472 msg/s, 14.8 leaves/msg, 851s)
2026-08-07 20:01:06 [iter 1/60] self-play: 125/160 games...
2026-08-07 20:01:09   [GPU] 6,000,012 evals (79999 batches, avg 75/batch = 15% of 512, 6993 evals/s, 472 msg/s, 14.8 leaves/msg, 858s)
2026-08-07 20:01:16   [GPU] 6,050,047 evals (80686 batches, avg 75/batch = 15% of 512, 6993 evals/s, 472 msg/s, 14.8 leaves/msg, 865s)
2026-08-07 20:01:22   [GPU] 6,100,084 evals (81249 batches, avg 75/batch = 15% of 512, 6999 evals/s, 472 msg/s, 14.8 leaves/msg, 872s)
2026-08-07 20:01:29   [GPU] 6,150,025 evals (81798 batches, avg 75/batch = 15% of 512, 7006 evals/s, 473 msg/s, 14.8 leaves/msg, 878s)
2026-08-07 20:01:36   [GPU] 6,200,085 evals (82476 batches, avg 75/batch = 15% of 512, 7003 evals/s, 473 msg/s, 14.8 leaves/msg, 885s)
2026-08-07 20:01:44   [GPU] 6,250,058 evals (83198 batches, avg 75/batch = 15% of 512, 6999 evals/s, 472 msg/s, 14.8 leaves/msg, 893s)
2026-08-07 20:01:44 [iter 1/60] self-play: 130/160 games...
2026-08-07 20:01:51   [GPU] 6,300,006 evals (83872 batches, avg 75/batch = 15% of 512, 6996 evals/s, 472 msg/s, 14.8 leaves/msg, 900s)
2026-08-07 20:01:59   [GPU] 6,350,009 evals (84577 batches, avg 75/batch = 15% of 512, 6990 evals/s, 472 msg/s, 14.8 leaves/msg, 908s)
2026-08-07 20:02:07   [GPU] 6,400,006 evals (85313 batches, avg 75/batch = 15% of 512, 6985 evals/s, 471 msg/s, 14.8 leaves/msg, 916s)
2026-08-07 20:02:07 [iter 1/60] self-play: 135/160 games...
2026-08-07 20:02:14   [GPU] 6,450,040 evals (85983 batches, avg 75/batch = 15% of 512, 6984 evals/s, 471 msg/s, 14.8 leaves/msg, 923s)
2026-08-07 20:02:21   [GPU] 6,500,122 evals (86675 batches, avg 75/batch = 15% of 512, 6985 evals/s, 471 msg/s, 14.8 leaves/msg, 931s)
2026-08-07 20:02:28   [GPU] 6,550,088 evals (87242 batches, avg 75/batch = 15% of 512, 6990 evals/s, 472 msg/s, 14.8 leaves/msg, 937s)
2026-08-07 20:02:34   [GPU] 6,600,036 evals (87825 batches, avg 75/batch = 15% of 512, 6995 evals/s, 472 msg/s, 14.8 leaves/msg, 944s)
2026-08-07 20:02:42   [GPU] 6,650,021 evals (88499 batches, avg 75/batch = 15% of 512, 6994 evals/s, 472 msg/s, 14.8 leaves/msg, 951s)
2026-08-07 20:02:49   [GPU] 6,700,074 evals (89191 batches, avg 75/batch = 15% of 512, 6994 evals/s, 472 msg/s, 14.8 leaves/msg, 958s)
2026-08-07 20:02:50 [iter 1/60] self-play: 140/160 games...
2026-08-07 20:02:56   [GPU] 6,750,008 evals (89943 batches, avg 75/batch = 15% of 512, 6991 evals/s, 472 msg/s, 14.8 leaves/msg, 965s)
2026-08-07 20:03:05   [GPU] 6,800,063 evals (90745 batches, avg 75/batch = 15% of 512, 6984 evals/s, 471 msg/s, 14.8 leaves/msg, 974s)
2026-08-07 20:03:13   [GPU] 6,850,063 evals (91516 batches, avg 75/batch = 15% of 512, 6978 evals/s, 471 msg/s, 14.8 leaves/msg, 982s)
2026-08-07 20:03:19 [iter 1/60] self-play: 145/160 games...
2026-08-07 20:03:20   [GPU] 6,900,023 evals (92253 batches, avg 75/batch = 15% of 512, 6975 evals/s, 471 msg/s, 14.8 leaves/msg, 989s)
2026-08-07 20:03:27   [GPU] 6,950,020 evals (92858 batches, avg 75/batch = 15% of 512, 6979 evals/s, 471 msg/s, 14.8 leaves/msg, 996s)
2026-08-07 20:03:34   [GPU] 7,000,084 evals (93503 batches, avg 75/batch = 15% of 512, 6980 evals/s, 471 msg/s, 14.8 leaves/msg, 1003s)
2026-08-07 20:03:40   [GPU] 7,050,070 evals (94130 batches, avg 75/batch = 15% of 512, 6983 evals/s, 471 msg/s, 14.8 leaves/msg, 1010s)
2026-08-07 20:03:47   [GPU] 7,100,012 evals (94776 batches, avg 75/batch = 15% of 512, 6985 evals/s, 472 msg/s, 14.8 leaves/msg, 1016s)
2026-08-07 20:03:55   [GPU] 7,150,095 evals (95439 batches, avg 75/batch = 15% of 512, 6985 evals/s, 472 msg/s, 14.8 leaves/msg, 1024s)
2026-08-07 20:04:00 [iter 1/60] self-play: 150/160 games...
2026-08-07 20:04:02   [GPU] 7,200,051 evals (96137 batches, avg 75/batch = 15% of 512, 6984 evals/s, 471 msg/s, 14.8 leaves/msg, 1031s)
2026-08-07 20:04:09   [GPU] 7,250,003 evals (96805 batches, avg 75/batch = 15% of 512, 6984 evals/s, 471 msg/s, 14.8 leaves/msg, 1038s)
2026-08-07 20:04:16   [GPU] 7,300,075 evals (97514 batches, avg 75/batch = 15% of 512, 6984 evals/s, 471 msg/s, 14.8 leaves/msg, 1045s)
2026-08-07 20:04:23   [GPU] 7,350,020 evals (98140 batches, avg 75/batch = 15% of 512, 6987 evals/s, 472 msg/s, 14.8 leaves/msg, 1052s)
2026-08-07 20:04:25 [iter 1/60] self-play: 155/160 games...
2026-08-07 20:04:33   [GPU] 7,400,030 evals (98949 batches, avg 75/batch = 15% of 512, 6970 evals/s, 471 msg/s, 14.8 leaves/msg, 1062s)
2026-08-07 20:04:44   [GPU] 7,450,004 evals (99821 batches, avg 75/batch = 15% of 512, 6942 evals/s, 469 msg/s, 14.8 leaves/msg, 1073s)
2026-08-07 20:05:04   [GPU] 7,500,013 evals (101321 batches, avg 74/batch = 14% of 512, 6863 evals/s, 463 msg/s, 14.8 leaves/msg, 1093s)
2026-08-07 20:05:32   [GPU] 7,550,008 evals (103421 batches, avg 73/batch = 14% of 512, 6734 evals/s, 455 msg/s, 14.8 leaves/msg, 1121s)
2026-08-07 20:05:34 [iter 1/60] self-play: 160/160 games...
2026-08-07 20:05:34 [iter 1/60] self-play done: 160 games (1124s) | wins: P0=53, P1=55, draw=52 | draw_rate=32% avg_len~28
2026-08-07 20:05:34 [iter 1/60] search: expanded=4.7 actions/node visits/action=128.9 walls/game=8.12 first_wall_ply=0.412 learner_sims/s=6840.92
2026-08-07 20:05:34 [iter 1/60] WARNING: draw_rate 32% > 20% — games timing out at max_game_moves=160 (weak value signal).
2026-08-07 20:05:34 [iter 1/60] training (600 steps, lr=1.00e-03)...
2026-08-07 20:05:40 [iter 1/60] training done: loss_p=1.788 loss_v=0.379 (6s)
2026-08-07 20:05:41 [iter 1/60] data: policy_wall_mass=0.071 walled_states=14% walls_on_board=2.9 value_mae walled=0.062 free=0.557
2026-08-07 20:05:41 [iter 1/60] eval skipped (eval_every=4)
2026-08-07 20:05:41 >>> iter 1 | loss_p=1.788 loss_v=0.379 | vs_best=n/a (not evaluated) | vs_rand=n/a | draw=32% | buf=8982 | rss=2.17GB | sp=1124s train=6s eval_best=0s eval_rand=0s | total=1131s
2026-08-07 20:05:41 [iter 2/60] self-play starting (160 games, 600 sims, MIXED 80/160 race-only)...
2026-08-07 20:05:41 [PARALLEL-MP] 8 workers spawned (160 games, sims=600), GPU batcher starting...
2026-08-07 20:05:54   [GPU] 50,022 evals (979 batches, avg 51/batch = 10% of 512, 3939 evals/s, 284 msg/s, 13.9 leaves/msg, 13s)
2026-08-07 20:05:57 [iter 2/60] self-play: 5/160 games...
2026-08-07 20:06:08   [GPU] 100,029 evals (2266 batches, avg 44/batch = 9% of 512, 3800 evals/s, 275 msg/s, 13.8 leaves/msg, 26s)
2026-08-07 20:06:21   [GPU] 150,011 evals (3508 batches, avg 43/batch = 8% of 512, 3764 evals/s, 266 msg/s, 14.2 leaves/msg, 40s)
2026-08-07 20:06:22 [iter 2/60] self-play: 10/160 games...
2026-08-07 20:06:35   [GPU] 200,064 evals (4774 batches, avg 42/batch = 8% of 512, 3751 evals/s, 262 msg/s, 14.3 leaves/msg, 53s)
2026-08-07 20:06:46   [GPU] 250,003 evals (5871 batches, avg 43/batch = 8% of 512, 3894 evals/s, 272 msg/s, 14.3 leaves/msg, 64s)
2026-08-07 20:06:56   [GPU] 300,011 evals (6921 batches, avg 43/batch = 8% of 512, 4031 evals/s, 280 msg/s, 14.4 leaves/msg, 74s)
2026-08-07 20:06:59 [iter 2/60] self-play: 15/160 games...
2026-08-07 20:07:05   [GPU] 350,039 evals (7894 batches, avg 44/batch = 9% of 512, 4180 evals/s, 292 msg/s, 14.3 leaves/msg, 84s)
2026-08-07 20:07:15   [GPU] 400,033 evals (8872 batches, avg 45/batch = 9% of 512, 4291 evals/s, 300 msg/s, 14.3 leaves/msg, 93s)
2026-08-07 20:07:24   [GPU] 450,042 evals (9845 batches, avg 46/batch = 9% of 512, 4383 evals/s, 305 msg/s, 14.4 leaves/msg, 103s)
2026-08-07 20:07:33   [GPU] 500,040 evals (10781 batches, avg 46/batch = 9% of 512, 4481 evals/s, 311 msg/s, 14.4 leaves/msg, 112s)
2026-08-07 20:07:42   [GPU] 550,018 evals (11751 batches, avg 47/batch = 9% of 512, 4547 evals/s, 316 msg/s, 14.4 leaves/msg, 121s)
2026-08-07 20:07:52   [GPU] 600,082 evals (12719 batches, avg 47/batch = 9% of 512, 4603 evals/s, 319 msg/s, 14.4 leaves/msg, 130s)
2026-08-07 20:07:56 [iter 2/60] self-play: 20/160 games...
2026-08-07 20:08:01   [GPU] 650,033 evals (13667 batches, avg 48/batch = 9% of 512, 4648 evals/s, 322 msg/s, 14.4 leaves/msg, 140s)
2026-08-07 20:08:11   [GPU] 700,019 evals (14636 batches, avg 48/batch = 9% of 512, 4684 evals/s, 325 msg/s, 14.4 leaves/msg, 149s)
2026-08-07 20:08:21 [iter 2/60] self-play: 25/160 games...
2026-08-07 20:08:21   [GPU] 750,025 evals (15684 batches, avg 48/batch = 9% of 512, 4697 evals/s, 325 msg/s, 14.4 leaves/msg, 160s)
2026-08-07 20:08:31   [GPU] 800,023 evals (16642 batches, avg 48/batch = 9% of 512, 4721 evals/s, 328 msg/s, 14.4 leaves/msg, 169s)
2026-08-07 20:08:35 [iter 2/60] self-play: 30/160 games...
2026-08-07 20:08:41   [GPU] 850,003 evals (17666 batches, avg 48/batch = 9% of 512, 4721 evals/s, 328 msg/s, 14.4 leaves/msg, 180s)
2026-08-07 20:08:53   [GPU] 900,004 evals (18783 batches, avg 48/batch = 9% of 512, 4692 evals/s, 326 msg/s, 14.4 leaves/msg, 192s)
2026-08-07 20:08:56 [iter 2/60] self-play: 35/160 games...
2026-08-07 20:09:05   [GPU] 950,013 evals (19986 batches, avg 48/batch = 9% of 512, 4660 evals/s, 324 msg/s, 14.4 leaves/msg, 204s)
2026-08-07 20:09:16   [GPU] 1,000,030 evals (21056 batches, avg 47/batch = 9% of 512, 4667 evals/s, 324 msg/s, 14.4 leaves/msg, 214s)
2026-08-07 20:09:25   [GPU] 1,050,054 evals (21978 batches, avg 48/batch = 9% of 512, 4704 evals/s, 327 msg/s, 14.4 leaves/msg, 223s)
2026-08-07 20:09:27 [iter 2/60] self-play: 40/160 games...
2026-08-07 20:09:34   [GPU] 1,100,024 evals (22973 batches, avg 48/batch = 9% of 512, 4719 evals/s, 329 msg/s, 14.3 leaves/msg, 233s)
2026-08-07 20:09:45   [GPU] 1,150,046 evals (23999 batches, avg 48/batch = 9% of 512, 4724 evals/s, 329 msg/s, 14.4 leaves/msg, 243s)
2026-08-07 20:09:54 [iter 2/60] self-play: 45/160 games...
2026-08-07 20:09:56   [GPU] 1,200,053 evals (25052 batches, avg 48/batch = 9% of 512, 4720 evals/s, 330 msg/s, 14.3 leaves/msg, 254s)
2026-08-07 20:10:06   [GPU] 1,250,009 evals (26093 batches, avg 48/batch = 9% of 512, 4722 evals/s, 330 msg/s, 14.3 leaves/msg, 265s)
2026-08-07 20:10:18   [GPU] 1,300,059 evals (27234 batches, avg 48/batch = 9% of 512, 4707 evals/s, 328 msg/s, 14.4 leaves/msg, 276s)
2026-08-07 20:10:26 [iter 2/60] self-play: 50/160 games...
2026-08-07 20:10:28   [GPU] 1,350,026 evals (28253 batches, avg 48/batch = 9% of 512, 4715 evals/s, 329 msg/s, 14.3 leaves/msg, 286s)
2026-08-07 20:10:39   [GPU] 1,400,018 evals (29372 batches, avg 48/batch = 9% of 512, 4705 evals/s, 328 msg/s, 14.3 leaves/msg, 298s)
2026-08-07 20:10:49   [GPU] 1,450,055 evals (30426 batches, avg 48/batch = 9% of 512, 4712 evals/s, 329 msg/s, 14.3 leaves/msg, 308s)
2026-08-07 20:10:51 [iter 2/60] self-play: 55/160 games...
2026-08-07 20:10:59   [GPU] 1,500,013 evals (31430 batches, avg 48/batch = 9% of 512, 4727 evals/s, 330 msg/s, 14.3 leaves/msg, 317s)
2026-08-07 20:11:07 [iter 2/60] self-play: 60/160 games...
2026-08-07 20:11:09   [GPU] 1,550,055 evals (32463 batches, avg 48/batch = 9% of 512, 4733 evals/s, 331 msg/s, 14.3 leaves/msg, 327s)
2026-08-07 20:11:19   [GPU] 1,600,021 evals (33456 batches, avg 48/batch = 9% of 512, 4746 evals/s, 333 msg/s, 14.3 leaves/msg, 337s)
2026-08-07 20:11:29   [GPU] 1,650,015 evals (34532 batches, avg 48/batch = 9% of 512, 4742 evals/s, 333 msg/s, 14.3 leaves/msg, 348s)
2026-08-07 20:11:34 [iter 2/60] self-play: 65/160 games...
2026-08-07 20:11:41   [GPU] 1,700,051 evals (35706 batches, avg 48/batch = 9% of 512, 4726 evals/s, 332 msg/s, 14.2 leaves/msg, 360s)
2026-08-07 20:11:52   [GPU] 1,750,025 evals (36841 batches, avg 48/batch = 9% of 512, 4716 evals/s, 331 msg/s, 14.2 leaves/msg, 371s)
2026-08-07 20:11:56 [iter 2/60] self-play: 70/160 games...
2026-08-07 20:12:04 [iter 2/60] self-play: 75/160 games...
2026-08-07 20:12:05   [GPU] 1,800,014 evals (38060 batches, avg 47/batch = 9% of 512, 4692 evals/s, 330 msg/s, 14.2 leaves/msg, 384s)
2026-08-07 20:12:18   [GPU] 1,850,006 evals (39336 batches, avg 47/batch = 9% of 512, 4661 evals/s, 328 msg/s, 14.2 leaves/msg, 397s)
2026-08-07 20:12:29 [iter 2/60] self-play: 80/160 games...
2026-08-07 20:12:31   [GPU] 1,900,024 evals (40550 batches, avg 47/batch = 9% of 512, 4642 evals/s, 327 msg/s, 14.2 leaves/msg, 409s)
2026-08-07 20:12:43   [GPU] 1,950,000 evals (41712 batches, avg 47/batch = 9% of 512, 4629 evals/s, 326 msg/s, 14.2 leaves/msg, 421s)
2026-08-07 20:12:52 [iter 2/60] self-play: 85/160 games...
2026-08-07 20:12:54   [GPU] 2,000,032 evals (42853 batches, avg 47/batch = 9% of 512, 4619 evals/s, 325 msg/s, 14.2 leaves/msg, 433s)
2026-08-07 20:13:07   [GPU] 2,050,025 evals (44066 batches, avg 47/batch = 9% of 512, 4605 evals/s, 324 msg/s, 14.2 leaves/msg, 445s)
2026-08-07 20:13:18   [GPU] 2,100,027 evals (45167 batches, avg 46/batch = 9% of 512, 4604 evals/s, 323 msg/s, 14.2 leaves/msg, 456s)
2026-08-07 20:13:28   [GPU] 2,150,019 evals (46187 batches, avg 47/batch = 9% of 512, 4610 evals/s, 323 msg/s, 14.3 leaves/msg, 466s)
2026-08-07 20:13:37   [GPU] 2,200,003 evals (47117 batches, avg 47/batch = 9% of 512, 4625 evals/s, 324 msg/s, 14.3 leaves/msg, 476s)
2026-08-07 20:13:46   [GPU] 2,250,002 evals (48002 batches, avg 47/batch = 9% of 512, 4646 evals/s, 326 msg/s, 14.2 leaves/msg, 484s)
2026-08-07 20:13:55   [GPU] 2,300,034 evals (49033 batches, avg 47/batch = 9% of 512, 4655 evals/s, 327 msg/s, 14.2 leaves/msg, 494s)
2026-08-07 20:13:59 [iter 2/60] self-play: 90/160 games...
2026-08-07 20:14:05   [GPU] 2,350,029 evals (49981 batches, avg 47/batch = 9% of 512, 4669 evals/s, 328 msg/s, 14.2 leaves/msg, 503s)
2026-08-07 20:14:15   [GPU] 2,400,039 evals (51029 batches, avg 47/batch = 9% of 512, 4674 evals/s, 328 msg/s, 14.2 leaves/msg, 514s)
2026-08-07 20:14:23 [iter 2/60] self-play: 95/160 games...
2026-08-07 20:14:25   [GPU] 2,450,037 evals (52033 batches, avg 47/batch = 9% of 512, 4682 evals/s, 329 msg/s, 14.2 leaves/msg, 523s)
2026-08-07 20:14:34   [GPU] 2,500,004 evals (52982 batches, avg 47/batch = 9% of 512, 4697 evals/s, 330 msg/s, 14.2 leaves/msg, 532s)
2026-08-07 20:14:44   [GPU] 2,550,005 evals (53991 batches, avg 47/batch = 9% of 512, 4703 evals/s, 330 msg/s, 14.2 leaves/msg, 542s)
2026-08-07 20:14:49 [iter 2/60] self-play: 100/160 games...
2026-08-07 20:14:53   [GPU] 2,600,050 evals (54933 batches, avg 47/batch = 9% of 512, 4717 evals/s, 331 msg/s, 14.2 leaves/msg, 551s)
2026-08-07 20:15:02   [GPU] 2,650,014 evals (55928 batches, avg 47/batch = 9% of 512, 4724 evals/s, 332 msg/s, 14.2 leaves/msg, 561s)
2026-08-07 20:15:08 [iter 2/60] self-play: 105/160 games...
2026-08-07 20:15:13   [GPU] 2,700,020 evals (56988 batches, avg 47/batch = 9% of 512, 4724 evals/s, 332 msg/s, 14.2 leaves/msg, 572s)
2026-08-07 20:15:24   [GPU] 2,750,004 evals (58056 batches, avg 47/batch = 9% of 512, 4722 evals/s, 332 msg/s, 14.2 leaves/msg, 582s)
2026-08-07 20:15:26 [iter 2/60] self-play: 110/160 games...
2026-08-07 20:15:35   [GPU] 2,800,006 evals (59111 batches, avg 47/batch = 9% of 512, 4719 evals/s, 332 msg/s, 14.2 leaves/msg, 593s)
2026-08-07 20:15:45   [GPU] 2,850,022 evals (60167 batches, avg 47/batch = 9% of 512, 4720 evals/s, 332 msg/s, 14.2 leaves/msg, 604s)
2026-08-07 20:15:47 [iter 2/60] self-play: 115/160 games...
2026-08-07 20:15:57   [GPU] 2,900,011 evals (61337 batches, avg 47/batch = 9% of 512, 4711 evals/s, 331 msg/s, 14.2 leaves/msg, 616s)
2026-08-07 20:16:03 [iter 2/60] self-play: 120/160 games...
2026-08-07 20:16:07   [GPU] 2,950,053 evals (62375 batches, avg 47/batch = 9% of 512, 4712 evals/s, 331 msg/s, 14.2 leaves/msg, 626s)
2026-08-07 20:16:18   [GPU] 3,000,010 evals (63448 batches, avg 47/batch = 9% of 512, 4711 evals/s, 331 msg/s, 14.2 leaves/msg, 637s)
2026-08-07 20:16:29   [GPU] 3,050,059 evals (64573 batches, avg 47/batch = 9% of 512, 4707 evals/s, 330 msg/s, 14.3 leaves/msg, 648s)
2026-08-07 20:16:40   [GPU] 3,100,016 evals (65607 batches, avg 47/batch = 9% of 512, 4709 evals/s, 330 msg/s, 14.3 leaves/msg, 658s)
2026-08-07 20:16:48 [iter 2/60] self-play: 125/160 games...
2026-08-07 20:16:49   [GPU] 3,150,069 evals (66532 batches, avg 47/batch = 9% of 512, 4719 evals/s, 331 msg/s, 14.3 leaves/msg, 668s)
2026-08-07 20:16:58   [GPU] 3,200,007 evals (67480 batches, avg 47/batch = 9% of 512, 4730 evals/s, 331 msg/s, 14.3 leaves/msg, 677s)
2026-08-07 20:17:07   [GPU] 3,250,045 evals (68455 batches, avg 47/batch = 9% of 512, 4737 evals/s, 332 msg/s, 14.3 leaves/msg, 686s)
2026-08-07 20:17:18   [GPU] 3,300,055 evals (69507 batches, avg 47/batch = 9% of 512, 4739 evals/s, 332 msg/s, 14.3 leaves/msg, 696s)
2026-08-07 20:17:21 [iter 2/60] self-play: 130/160 games...
2026-08-07 20:17:28   [GPU] 3,350,028 evals (70538 batches, avg 47/batch = 9% of 512, 4739 evals/s, 333 msg/s, 14.2 leaves/msg, 707s)
2026-08-07 20:17:38   [GPU] 3,400,053 evals (71550 batches, avg 48/batch = 9% of 512, 4741 evals/s, 333 msg/s, 14.3 leaves/msg, 717s)
2026-08-07 20:17:49   [GPU] 3,450,089 evals (72602 batches, avg 48/batch = 9% of 512, 4741 evals/s, 332 msg/s, 14.3 leaves/msg, 728s)
2026-08-07 20:17:58   [GPU] 3,500,031 evals (73519 batches, avg 48/batch = 9% of 512, 4750 evals/s, 333 msg/s, 14.3 leaves/msg, 737s)
2026-08-07 20:18:05 [iter 2/60] self-play: 135/160 games...
2026-08-07 20:18:08   [GPU] 3,550,034 evals (74452 batches, avg 48/batch = 9% of 512, 4757 evals/s, 334 msg/s, 14.3 leaves/msg, 746s)
2026-08-07 20:18:17   [GPU] 3,600,016 evals (75362 batches, avg 48/batch = 9% of 512, 4767 evals/s, 334 msg/s, 14.3 leaves/msg, 755s)
2026-08-07 20:18:26   [GPU] 3,650,037 evals (76340 batches, avg 48/batch = 9% of 512, 4772 evals/s, 334 msg/s, 14.3 leaves/msg, 765s)
2026-08-07 20:18:35   [GPU] 3,700,015 evals (77267 batches, avg 48/batch = 9% of 512, 4781 evals/s, 335 msg/s, 14.3 leaves/msg, 774s)
2026-08-07 20:18:36 [iter 2/60] self-play: 140/160 games...
2026-08-07 20:18:45   [GPU] 3,750,041 evals (78263 batches, avg 48/batch = 9% of 512, 4785 evals/s, 335 msg/s, 14.3 leaves/msg, 784s)
2026-08-07 20:18:53 [iter 2/60] self-play: 145/160 games...
2026-08-07 20:18:56   [GPU] 3,800,063 evals (79325 batches, avg 48/batch = 9% of 512, 4784 evals/s, 335 msg/s, 14.3 leaves/msg, 794s)
2026-08-07 20:19:06   [GPU] 3,850,025 evals (80371 batches, avg 48/batch = 9% of 512, 4785 evals/s, 335 msg/s, 14.3 leaves/msg, 805s)
2026-08-07 20:19:13 [iter 2/60] self-play: 150/160 games...
2026-08-07 20:19:17   [GPU] 3,900,014 evals (81454 batches, avg 48/batch = 9% of 512, 4782 evals/s, 335 msg/s, 14.3 leaves/msg, 816s)
2026-08-07 20:19:28   [GPU] 3,950,008 evals (82552 batches, avg 48/batch = 9% of 512, 4779 evals/s, 335 msg/s, 14.3 leaves/msg, 827s)
2026-08-07 20:19:41   [GPU] 4,000,049 evals (83771 batches, avg 48/batch = 9% of 512, 4766 evals/s, 334 msg/s, 14.3 leaves/msg, 839s)
2026-08-07 20:19:53   [GPU] 4,050,043 evals (84945 batches, avg 48/batch = 9% of 512, 4757 evals/s, 333 msg/s, 14.3 leaves/msg, 851s)
2026-08-07 20:19:56 [iter 2/60] self-play: 155/160 games...
2026-08-07 20:20:05   [GPU] 4,100,016 evals (86123 batches, avg 48/batch = 9% of 512, 4746 evals/s, 332 msg/s, 14.3 leaves/msg, 864s)
2026-08-07 20:20:19   [GPU] 4,150,012 evals (87366 batches, avg 48/batch = 9% of 512, 4730 evals/s, 331 msg/s, 14.3 leaves/msg, 877s)
2026-08-07 20:20:36   [GPU] 4,200,005 evals (88871 batches, avg 47/batch = 9% of 512, 4697 evals/s, 328 msg/s, 14.3 leaves/msg, 894s)
2026-08-07 20:20:54   [GPU] 4,250,008 evals (90502 batches, avg 47/batch = 9% of 512, 4656 evals/s, 325 msg/s, 14.3 leaves/msg, 913s)
2026-08-07 20:21:19   [GPU] 4,300,013 evals (92433 batches, avg 47/batch = 9% of 512, 4584 evals/s, 320 msg/s, 14.3 leaves/msg, 938s)
2026-08-07 20:21:56 [iter 2/60] self-play: 160/160 games...
2026-08-07 20:21:56 [iter 2/60] self-play done: 160 games (975s) | wins: P0=38, P1=95, draw=27 | draw_rate=17% avg_len~22
2026-08-07 20:21:56 [iter 2/60] search: expanded=9.0 actions/node visits/action=66.7 walls/game=6.88 first_wall_ply=1.05 learner_sims/s=4777.22
2026-08-07 20:21:56 [iter 2/60] training (600 steps, lr=9.99e-04)...
2026-08-07 20:22:02 [iter 2/60] training done: loss_p=1.633 loss_v=0.262 (5s)
2026-08-07 20:22:03 [iter 2/60] data: policy_wall_mass=0.172 walled_states=60% walls_on_board=14.5 value_mae walled=0.112 free=0.302
2026-08-07 20:22:03 [iter 2/60] eval skipped (eval_every=4)
2026-08-07 20:22:03 >>> iter 2 | loss_p=1.633 loss_v=0.262 | vs_best=n/a (not evaluated) | vs_rand=n/a | draw=17% | buf=15870 | rss=2.23GB | sp=975s train=5s eval_best=0s eval_rand=0s | total=982s
2026-08-07 20:22:03 [iter 3/60] self-play starting (160 games, 600 sims, MIXED 80/160 race-only)...
2026-08-07 20:22:03 [PARALLEL-MP] 8 workers spawned (160 games, sims=600), GPU batcher starting...
2026-08-07 20:22:15   [GPU] 50,030 evals (959 batches, avg 52/batch = 10% of 512, 4149 evals/s, 322 msg/s, 12.9 leaves/msg, 12s)
2026-08-07 20:22:18 [iter 3/60] self-play: 5/160 games...
2026-08-07 20:22:26   [GPU] 100,009 evals (2061 batches, avg 49/batch = 9% of 512, 4340 evals/s, 330 msg/s, 13.1 leaves/msg, 23s)
2026-08-07 20:22:35 [iter 3/60] self-play: 10/160 games...
2026-08-07 20:22:38   [GPU] 150,047 evals (3261 batches, avg 46/batch = 9% of 512, 4289 evals/s, 323 msg/s, 13.3 leaves/msg, 35s)
2026-08-07 20:22:51   [GPU] 200,007 evals (4550 batches, avg 44/batch = 9% of 512, 4142 evals/s, 302 msg/s, 13.7 leaves/msg, 48s)
2026-08-07 20:23:04   [GPU] 250,002 evals (5779 batches, avg 43/batch = 8% of 512, 4123 evals/s, 296 msg/s, 13.9 leaves/msg, 61s)
2026-08-07 20:23:15   [GPU] 300,010 evals (6933 batches, avg 43/batch = 8% of 512, 4155 evals/s, 297 msg/s, 14.0 leaves/msg, 72s)
2026-08-07 20:23:28   [GPU] 350,012 evals (8159 batches, avg 43/batch = 8% of 512, 4137 evals/s, 296 msg/s, 14.0 leaves/msg, 85s)
2026-08-07 20:23:28 [iter 3/60] self-play: 15/160 games...
2026-08-07 20:23:39   [GPU] 400,021 evals (9285 batches, avg 43/batch = 8% of 512, 4160 evals/s, 299 msg/s, 13.9 leaves/msg, 96s)
2026-08-07 20:23:52   [GPU] 450,002 evals (10554 batches, avg 43/batch = 8% of 512, 4117 evals/s, 294 msg/s, 14.0 leaves/msg, 109s)
2026-08-07 20:24:05   [GPU] 500,002 evals (11807 batches, avg 42/batch = 8% of 512, 4091 evals/s, 290 msg/s, 14.1 leaves/msg, 122s)
2026-08-07 20:24:18   [GPU] 550,027 evals (13035 batches, avg 42/batch = 8% of 512, 4083 evals/s, 288 msg/s, 14.2 leaves/msg, 135s)
2026-08-07 20:24:30   [GPU] 600,003 evals (14224 batches, avg 42/batch = 8% of 512, 4082 evals/s, 287 msg/s, 14.2 leaves/msg, 147s)
2026-08-07 20:24:42   [GPU] 650,020 evals (15397 batches, avg 42/batch = 8% of 512, 4090 evals/s, 286 msg/s, 14.3 leaves/msg, 159s)
2026-08-07 20:24:53   [GPU] 700,014 evals (16510 batches, avg 42/batch = 8% of 512, 4108 evals/s, 287 msg/s, 14.3 leaves/msg, 170s)
2026-08-07 20:25:05   [GPU] 750,023 evals (17647 batches, avg 43/batch = 8% of 512, 4119 evals/s, 287 msg/s, 14.4 leaves/msg, 182s)
2026-08-07 20:25:17   [GPU] 800,031 evals (18796 batches, avg 43/batch = 8% of 512, 4122 evals/s, 286 msg/s, 14.4 leaves/msg, 194s)
2026-08-07 20:25:21 [iter 3/60] self-play: 20/160 games...
2026-08-07 20:25:28   [GPU] 850,009 evals (19916 batches, avg 43/batch = 8% of 512, 4136 evals/s, 288 msg/s, 14.4 leaves/msg, 205s)
2026-08-07 20:25:31 [iter 3/60] self-play: 25/160 games...
2026-08-07 20:25:41   [GPU] 900,013 evals (21148 batches, avg 43/batch = 8% of 512, 4129 evals/s, 289 msg/s, 14.3 leaves/msg, 218s)
2026-08-07 20:25:47 [iter 3/60] self-play: 30/160 games...
2026-08-07 20:25:54   [GPU] 950,026 evals (22366 batches, avg 42/batch = 8% of 512, 4119 evals/s, 288 msg/s, 14.3 leaves/msg, 231s)
2026-08-07 20:26:06   [GPU] 1,000,036 evals (23540 batches, avg 42/batch = 8% of 512, 4119 evals/s, 288 msg/s, 14.3 leaves/msg, 243s)
2026-08-07 20:26:11 [iter 3/60] self-play: 35/160 games...
2026-08-07 20:26:18   [GPU] 1,050,005 evals (24770 batches, avg 42/batch = 8% of 512, 4110 evals/s, 288 msg/s, 14.3 leaves/msg, 255s)
2026-08-07 20:26:31   [GPU] 1,100,033 evals (25986 batches, avg 42/batch = 8% of 512, 4099 evals/s, 287 msg/s, 14.3 leaves/msg, 268s)
2026-08-07 20:26:42   [GPU] 1,150,017 evals (27100 batches, avg 42/batch = 8% of 512, 4116 evals/s, 289 msg/s, 14.3 leaves/msg, 279s)
2026-08-07 20:26:51 [iter 3/60] self-play: 40/160 games...
2026-08-07 20:26:54   [GPU] 1,200,032 evals (28274 batches, avg 42/batch = 8% of 512, 4117 evals/s, 288 msg/s, 14.3 leaves/msg, 291s)
2026-08-07 20:27:07   [GPU] 1,250,000 evals (29529 batches, avg 42/batch = 8% of 512, 4106 evals/s, 288 msg/s, 14.2 leaves/msg, 304s)
2026-08-07 20:27:20   [GPU] 1,300,025 evals (30777 batches, avg 42/batch = 8% of 512, 4098 evals/s, 287 msg/s, 14.3 leaves/msg, 317s)
2026-08-07 20:27:25 [iter 3/60] self-play: 45/160 games...
2026-08-07 20:27:33   [GPU] 1,350,022 evals (32003 batches, avg 42/batch = 8% of 512, 4095 evals/s, 287 msg/s, 14.3 leaves/msg, 330s)
2026-08-07 20:27:45   [GPU] 1,400,057 evals (33210 batches, avg 42/batch = 8% of 512, 4096 evals/s, 287 msg/s, 14.2 leaves/msg, 342s)
2026-08-07 20:27:56   [GPU] 1,450,041 evals (34372 batches, avg 42/batch = 8% of 512, 4102 evals/s, 289 msg/s, 14.2 leaves/msg, 354s)
2026-08-07 20:28:08   [GPU] 1,500,051 evals (35521 batches, avg 42/batch = 8% of 512, 4105 evals/s, 289 msg/s, 14.2 leaves/msg, 365s)
2026-08-07 20:28:16 [iter 3/60] self-play: 50/160 games...
2026-08-07 20:28:20   [GPU] 1,550,014 evals (36658 batches, avg 42/batch = 8% of 512, 4113 evals/s, 291 msg/s, 14.2 leaves/msg, 377s)
2026-08-07 20:28:33   [GPU] 1,600,037 evals (37906 batches, avg 42/batch = 8% of 512, 4104 evals/s, 290 msg/s, 14.2 leaves/msg, 390s)
2026-08-07 20:28:42 [iter 3/60] self-play: 55/160 games...
2026-08-07 20:28:46   [GPU] 1,650,004 evals (39149 batches, avg 42/batch = 8% of 512, 4098 evals/s, 290 msg/s, 14.1 leaves/msg, 403s)
2026-08-07 20:28:59   [GPU] 1,700,025 evals (40418 batches, avg 42/batch = 8% of 512, 4089 evals/s, 289 msg/s, 14.1 leaves/msg, 416s)
2026-08-07 20:29:12   [GPU] 1,750,016 evals (41738 batches, avg 42/batch = 8% of 512, 4075 evals/s, 288 msg/s, 14.2 leaves/msg, 430s)
2026-08-07 20:29:20 [iter 3/60] self-play: 60/160 games...
2026-08-07 20:29:25   [GPU] 1,800,074 evals (42952 batches, avg 42/batch = 8% of 512, 4073 evals/s, 288 msg/s, 14.2 leaves/msg, 442s)
2026-08-07 20:29:36   [GPU] 1,850,033 evals (44075 batches, avg 42/batch = 8% of 512, 4085 evals/s, 288 msg/s, 14.2 leaves/msg, 453s)
2026-08-07 20:29:45 [iter 3/60] self-play: 65/160 games...
2026-08-07 20:29:47   [GPU] 1,900,030 evals (45182 batches, avg 42/batch = 8% of 512, 4096 evals/s, 290 msg/s, 14.1 leaves/msg, 464s)
2026-08-07 20:29:57   [GPU] 1,950,030 evals (46159 batches, avg 42/batch = 8% of 512, 4115 evals/s, 292 msg/s, 14.1 leaves/msg, 474s)
2026-08-07 20:30:07   [GPU] 2,000,025 evals (47192 batches, avg 42/batch = 8% of 512, 4132 evals/s, 293 msg/s, 14.1 leaves/msg, 484s)
2026-08-07 20:30:18   [GPU] 2,050,002 evals (48307 batches, avg 42/batch = 8% of 512, 4140 evals/s, 294 msg/s, 14.1 leaves/msg, 495s)
2026-08-07 20:30:24 [iter 3/60] self-play: 70/160 games...
2026-08-07 20:30:30   [GPU] 2,100,010 evals (49494 batches, avg 42/batch = 8% of 512, 4143 evals/s, 294 msg/s, 14.1 leaves/msg, 507s)
2026-08-07 20:30:41   [GPU] 2,150,002 evals (50601 batches, avg 42/batch = 8% of 512, 4149 evals/s, 295 msg/s, 14.1 leaves/msg, 518s)
2026-08-07 20:30:44 [iter 3/60] self-play: 75/160 games...
2026-08-07 20:30:53   [GPU] 2,200,032 evals (51771 batches, avg 42/batch = 8% of 512, 4148 evals/s, 295 msg/s, 14.1 leaves/msg, 530s)
2026-08-07 20:31:05   [GPU] 2,250,029 evals (52937 batches, avg 43/batch = 8% of 512, 4151 evals/s, 295 msg/s, 14.1 leaves/msg, 542s)
2026-08-07 20:31:12 [iter 3/60] self-play: 80/160 games...
2026-08-07 20:31:17   [GPU] 2,300,034 evals (54065 batches, avg 43/batch = 8% of 512, 4154 evals/s, 295 msg/s, 14.1 leaves/msg, 554s)
2026-08-07 20:31:29   [GPU] 2,350,019 evals (55240 batches, avg 43/batch = 8% of 512, 4154 evals/s, 295 msg/s, 14.1 leaves/msg, 566s)
2026-08-07 20:31:41   [GPU] 2,400,029 evals (56441 batches, avg 43/batch = 8% of 512, 4150 evals/s, 295 msg/s, 14.1 leaves/msg, 578s)
2026-08-07 20:31:54   [GPU] 2,450,013 evals (57667 batches, avg 42/batch = 8% of 512, 4147 evals/s, 294 msg/s, 14.1 leaves/msg, 591s)
2026-08-07 20:32:02 [iter 3/60] self-play: 85/160 games...
2026-08-07 20:32:05   [GPU] 2,500,029 evals (58812 batches, avg 43/batch = 8% of 512, 4151 evals/s, 295 msg/s, 14.1 leaves/msg, 602s)
2026-08-07 20:32:18   [GPU] 2,550,024 evals (60052 batches, avg 42/batch = 8% of 512, 4147 evals/s, 294 msg/s, 14.1 leaves/msg, 615s)
2026-08-07 20:32:30 [iter 3/60] self-play: 90/160 games...
2026-08-07 20:32:30   [GPU] 2,600,030 evals (61224 batches, avg 42/batch = 8% of 512, 4148 evals/s, 295 msg/s, 14.1 leaves/msg, 627s)
2026-08-07 20:32:43   [GPU] 2,650,045 evals (62481 batches, avg 42/batch = 8% of 512, 4141 evals/s, 294 msg/s, 14.1 leaves/msg, 640s)
2026-08-07 20:32:55 [iter 3/60] self-play: 95/160 games...
2026-08-07 20:32:55   [GPU] 2,700,005 evals (63683 batches, avg 42/batch = 8% of 512, 4140 evals/s, 294 msg/s, 14.1 leaves/msg, 652s)
2026-08-07 20:33:06   [GPU] 2,750,017 evals (64788 batches, avg 42/batch = 8% of 512, 4146 evals/s, 295 msg/s, 14.1 leaves/msg, 663s)
2026-08-07 20:33:10 [iter 3/60] self-play: 100/160 games...
2026-08-07 20:33:18   [GPU] 2,800,029 evals (65932 batches, avg 42/batch = 8% of 512, 4147 evals/s, 295 msg/s, 14.1 leaves/msg, 675s)
2026-08-07 20:33:32   [GPU] 2,850,020 evals (67187 batches, avg 42/batch = 8% of 512, 4138 evals/s, 294 msg/s, 14.1 leaves/msg, 689s)
2026-08-07 20:33:45   [GPU] 2,900,009 evals (68411 batches, avg 42/batch = 8% of 512, 4131 evals/s, 294 msg/s, 14.1 leaves/msg, 702s)
2026-08-07 20:33:45 [iter 3/60] self-play: 105/160 games...
2026-08-07 20:33:56   [GPU] 2,950,004 evals (69489 batches, avg 42/batch = 8% of 512, 4137 evals/s, 295 msg/s, 14.0 leaves/msg, 713s)
2026-08-07 20:34:08   [GPU] 3,000,014 evals (70641 batches, avg 42/batch = 8% of 512, 4139 evals/s, 295 msg/s, 14.0 leaves/msg, 725s)
2026-08-07 20:34:12 [iter 3/60] self-play: 110/160 games...
2026-08-07 20:34:22   [GPU] 3,050,010 evals (71930 batches, avg 42/batch = 8% of 512, 4129 evals/s, 294 msg/s, 14.0 leaves/msg, 739s)
2026-08-07 20:34:34   [GPU] 3,100,028 evals (73122 batches, avg 42/batch = 8% of 512, 4130 evals/s, 294 msg/s, 14.0 leaves/msg, 751s)
2026-08-07 20:34:44   [GPU] 3,150,041 evals (74210 batches, avg 42/batch = 8% of 512, 4138 evals/s, 295 msg/s, 14.0 leaves/msg, 761s)
2026-08-07 20:34:55   [GPU] 3,200,000 evals (75312 batches, avg 42/batch = 8% of 512, 4144 evals/s, 295 msg/s, 14.0 leaves/msg, 772s)
2026-08-07 20:34:56 [iter 3/60] self-play: 115/160 games...
2026-08-07 20:35:08   [GPU] 3,250,042 evals (76540 batches, avg 42/batch = 8% of 512, 4141 evals/s, 295 msg/s, 14.0 leaves/msg, 785s)
2026-08-07 20:35:20 [iter 3/60] self-play: 120/160 games...
2026-08-07 20:35:20   [GPU] 3,300,009 evals (77762 batches, avg 42/batch = 8% of 512, 4139 evals/s, 295 msg/s, 14.0 leaves/msg, 797s)
2026-08-07 20:35:33   [GPU] 3,350,016 evals (79056 batches, avg 42/batch = 8% of 512, 4134 evals/s, 295 msg/s, 14.0 leaves/msg, 810s)
2026-08-07 20:35:46   [GPU] 3,400,008 evals (80336 batches, avg 42/batch = 8% of 512, 4129 evals/s, 295 msg/s, 14.0 leaves/msg, 823s)
2026-08-07 20:35:59   [GPU] 3,450,049 evals (81603 batches, avg 42/batch = 8% of 512, 4126 evals/s, 294 msg/s, 14.0 leaves/msg, 836s)
2026-08-07 20:36:09 [iter 3/60] self-play: 125/160 games...
2026-08-07 20:36:10   [GPU] 3,500,025 evals (82738 batches, avg 42/batch = 8% of 512, 4131 evals/s, 295 msg/s, 14.0 leaves/msg, 847s)
2026-08-07 20:36:22   [GPU] 3,550,005 evals (83966 batches, avg 42/batch = 8% of 512, 4133 evals/s, 295 msg/s, 14.0 leaves/msg, 859s)
2026-08-07 20:36:33   [GPU] 3,600,051 evals (85142 batches, avg 42/batch = 8% of 512, 4136 evals/s, 295 msg/s, 14.0 leaves/msg, 870s)
2026-08-07 20:36:35 [iter 3/60] self-play: 130/160 games...
2026-08-07 20:36:46   [GPU] 3,650,015 evals (86447 batches, avg 42/batch = 8% of 512, 4132 evals/s, 295 msg/s, 14.0 leaves/msg, 883s)
2026-08-07 20:36:55 [iter 3/60] self-play: 135/160 games...
2026-08-07 20:36:59   [GPU] 3,700,053 evals (87773 batches, avg 42/batch = 8% of 512, 4128 evals/s, 295 msg/s, 14.0 leaves/msg, 896s)
2026-08-07 20:37:13   [GPU] 3,750,017 evals (89175 batches, avg 42/batch = 8% of 512, 4119 evals/s, 294 msg/s, 14.0 leaves/msg, 910s)
2026-08-07 20:37:28   [GPU] 3,800,016 evals (90613 batches, avg 42/batch = 8% of 512, 4106 evals/s, 293 msg/s, 14.0 leaves/msg, 925s)
2026-08-07 20:37:43   [GPU] 3,850,011 evals (92050 batches, avg 42/batch = 8% of 512, 4094 evals/s, 292 msg/s, 14.0 leaves/msg, 940s)
2026-08-07 20:37:58   [GPU] 3,900,000 evals (93506 batches, avg 42/batch = 8% of 512, 4083 evals/s, 292 msg/s, 14.0 leaves/msg, 955s)
2026-08-07 20:38:05 [iter 3/60] self-play: 140/160 games...
2026-08-07 20:38:13   [GPU] 3,950,008 evals (94906 batches, avg 42/batch = 8% of 512, 4074 evals/s, 291 msg/s, 14.0 leaves/msg, 970s)
2026-08-07 20:38:25   [GPU] 4,000,015 evals (96168 batches, avg 42/batch = 8% of 512, 4073 evals/s, 291 msg/s, 14.0 leaves/msg, 982s)
2026-08-07 20:38:36   [GPU] 4,050,028 evals (97283 batches, avg 42/batch = 8% of 512, 4080 evals/s, 291 msg/s, 14.0 leaves/msg, 993s)
2026-08-07 20:38:44 [iter 3/60] self-play: 145/160 games...
2026-08-07 20:38:46   [GPU] 4,100,026 evals (98427 batches, avg 42/batch = 8% of 512, 4086 evals/s, 292 msg/s, 14.0 leaves/msg, 1004s)
2026-08-07 20:38:57   [GPU] 4,150,028 evals (99562 batches, avg 42/batch = 8% of 512, 4092 evals/s, 292 msg/s, 14.0 leaves/msg, 1014s)
2026-08-07 20:39:04 [iter 3/60] self-play: 150/160 games...
2026-08-07 20:39:09   [GPU] 4,200,019 evals (100767 batches, avg 42/batch = 8% of 512, 4094 evals/s, 293 msg/s, 14.0 leaves/msg, 1026s)
2026-08-07 20:39:22   [GPU] 4,250,036 evals (102033 batches, avg 42/batch = 8% of 512, 4092 evals/s, 292 msg/s, 14.0 leaves/msg, 1039s)
2026-08-07 20:39:32   [GPU] 4,300,015 evals (103176 batches, avg 42/batch = 8% of 512, 4097 evals/s, 293 msg/s, 14.0 leaves/msg, 1050s)
2026-08-07 20:39:37 [iter 3/60] self-play: 155/160 games...
2026-08-07 20:39:50   [GPU] 4,350,046 evals (104779 batches, avg 42/batch = 8% of 512, 4077 evals/s, 291 msg/s, 14.0 leaves/msg, 1067s)
2026-08-07 20:40:09   [GPU] 4,400,013 evals (106513 batches, avg 41/batch = 8% of 512, 4050 evals/s, 289 msg/s, 14.0 leaves/msg, 1086s)
2026-08-07 20:40:26   [GPU] 4,450,007 evals (108070 batches, avg 41/batch = 8% of 512, 4035 evals/s, 288 msg/s, 14.0 leaves/msg, 1103s)
2026-08-07 20:40:43   [GPU] 4,500,010 evals (109639 batches, avg 41/batch = 8% of 512, 4018 evals/s, 287 msg/s, 14.0 leaves/msg, 1120s)
2026-08-07 20:41:01   [GPU] 4,550,020 evals (111354 batches, avg 41/batch = 8% of 512, 3998 evals/s, 286 msg/s, 14.0 leaves/msg, 1138s)
2026-08-07 20:41:51   [GPU] 4,600,011 evals (114197 batches, avg 40/batch = 8% of 512, 3872 evals/s, 277 msg/s, 14.0 leaves/msg, 1188s)
2026-08-07 20:42:16 [iter 3/60] self-play: 160/160 games...
2026-08-07 20:42:17 [iter 3/60] self-play done: 160 games (1214s) | wins: P0=31, P1=97, draw=32 | draw_rate=20% avg_len~20
2026-08-07 20:42:17 [iter 3/60] search: expanded=12.2 actions/node visits/action=49.0 walls/game=6.73 first_wall_ply=3.462 learner_sims/s=4073.16
2026-08-07 20:42:17 [iter 3/60] training (600 steps, lr=9.98e-04)...
2026-08-07 20:42:22 [iter 3/60] training done: loss_p=1.542 loss_v=0.237 (5s)
2026-08-07 20:42:23 [iter 3/60] data: policy_wall_mass=0.169 walled_states=52% walls_on_board=11.6 value_mae walled=0.168 free=0.270
2026-08-07 20:42:23 [iter 3/60] eval skipped (eval_every=4)
2026-08-07 20:42:23 >>> iter 3 | loss_p=1.542 loss_v=0.237 | vs_best=n/a (not evaluated) | vs_rand=n/a | draw=20% | buf=22112 | rss=2.28GB | sp=1214s train=5s eval_best=0s eval_rand=0s | total=1220s
2026-08-07 20:42:23 [iter 4/60] self-play starting (160 games, 600 sims, MIXED 80/160 race-only)...
2026-08-07 20:42:23 [PARALLEL-MP] 8 workers spawned (160 games, sims=600), GPU batcher starting...
2026-08-07 20:42:35   [GPU] 50,052 evals (989 batches, avg 51/batch = 10% of 512, 4109 evals/s, 329 msg/s, 12.5 leaves/msg, 12s)
2026-08-07 20:42:37 [iter 4/60] self-play: 5/160 games...
2026-08-07 20:42:48   [GPU] 100,022 evals (2206 batches, avg 45/batch = 9% of 512, 4123 evals/s, 316 msg/s, 13.1 leaves/msg, 24s)
2026-08-07 20:42:53 [iter 4/60] self-play: 10/160 games...
2026-08-07 20:43:00   [GPU] 150,000 evals (3440 batches, avg 44/batch = 9% of 512, 4094 evals/s, 307 msg/s, 13.3 leaves/msg, 37s)
2026-08-07 20:43:15   [GPU] 200,002 evals (4910 batches, avg 41/batch = 8% of 512, 3851 evals/s, 284 msg/s, 13.5 leaves/msg, 52s)
2026-08-07 20:43:28   [GPU] 250,002 evals (6266 batches, avg 40/batch = 8% of 512, 3836 evals/s, 283 msg/s, 13.6 leaves/msg, 65s)
2026-08-07 20:43:41 [iter 4/60] self-play: 15/160 games...
2026-08-07 20:43:42   [GPU] 300,030 evals (7664 batches, avg 39/batch = 8% of 512, 3793 evals/s, 279 msg/s, 13.6 leaves/msg, 79s)
2026-08-07 20:43:55   [GPU] 350,021 evals (8927 batches, avg 39/batch = 8% of 512, 3832 evals/s, 284 msg/s, 13.5 leaves/msg, 91s)
2026-08-07 20:44:07   [GPU] 400,031 evals (10184 batches, avg 39/batch = 8% of 512, 3860 evals/s, 285 msg/s, 13.5 leaves/msg, 104s)
2026-08-07 20:44:20   [GPU] 450,036 evals (11481 batches, avg 39/batch = 8% of 512, 3871 evals/s, 286 msg/s, 13.5 leaves/msg, 116s)
2026-08-07 20:44:32   [GPU] 500,013 evals (12776 batches, avg 39/batch = 8% of 512, 3877 evals/s, 286 msg/s, 13.5 leaves/msg, 129s)
2026-08-07 20:44:40 [iter 4/60] self-play: 20/160 games...
2026-08-07 20:44:45   [GPU] 550,029 evals (14066 batches, avg 39/batch = 8% of 512, 3879 evals/s, 287 msg/s, 13.5 leaves/msg, 142s)
2026-08-07 20:44:58   [GPU] 600,046 evals (15427 batches, avg 39/batch = 8% of 512, 3870 evals/s, 289 msg/s, 13.4 leaves/msg, 155s)
2026-08-07 20:45:13   [GPU] 650,044 evals (16892 batches, avg 38/batch = 8% of 512, 3831 evals/s, 287 msg/s, 13.3 leaves/msg, 170s)
2026-08-07 20:45:23 [iter 4/60] self-play: 25/160 games...
2026-08-07 20:45:27   [GPU] 700,018 evals (18314 batches, avg 38/batch = 7% of 512, 3814 evals/s, 288 msg/s, 13.3 leaves/msg, 184s)
2026-08-07 20:45:41   [GPU] 750,035 evals (19752 batches, avg 38/batch = 7% of 512, 3789 evals/s, 287 msg/s, 13.2 leaves/msg, 198s)
2026-08-07 20:45:54   [GPU] 800,018 evals (21067 batches, avg 38/batch = 7% of 512, 3799 evals/s, 289 msg/s, 13.1 leaves/msg, 211s)
2026-08-07 20:45:54 [iter 4/60] self-play: 30/160 games...
2026-08-07 20:46:08   [GPU] 850,000 evals (22471 batches, avg 38/batch = 7% of 512, 3787 evals/s, 289 msg/s, 13.1 leaves/msg, 224s)
2026-08-07 20:46:20 [iter 4/60] self-play: 35/160 games...
2026-08-07 20:46:22   [GPU] 900,011 evals (23886 batches, avg 38/batch = 7% of 512, 3770 evals/s, 289 msg/s, 13.1 leaves/msg, 239s)
2026-08-07 20:46:39   [GPU] 950,019 evals (25494 batches, avg 37/batch = 7% of 512, 3712 evals/s, 284 msg/s, 13.1 leaves/msg, 256s)
2026-08-07 20:46:49 [iter 4/60] self-play: 40/160 games...
2026-08-07 20:46:53   [GPU] 1,000,057 evals (26859 batches, avg 37/batch = 7% of 512, 3713 evals/s, 284 msg/s, 13.1 leaves/msg, 269s)
2026-08-07 20:47:06   [GPU] 1,050,029 evals (28210 batches, avg 37/batch = 7% of 512, 3715 evals/s, 285 msg/s, 13.0 leaves/msg, 283s)
2026-08-07 20:47:14 [iter 4/60] self-play: 45/160 games...
2026-08-07 20:47:19   [GPU] 1,100,001 evals (29543 batches, avg 37/batch = 7% of 512, 3719 evals/s, 286 msg/s, 13.0 leaves/msg, 296s)
2026-08-07 20:47:34   [GPU] 1,150,019 evals (31022 batches, avg 37/batch = 7% of 512, 3702 evals/s, 286 msg/s, 13.0 leaves/msg, 311s)
2026-08-07 20:47:50   [GPU] 1,200,014 evals (32547 batches, avg 37/batch = 7% of 512, 3676 evals/s, 283 msg/s, 13.0 leaves/msg, 326s)
2026-08-07 20:48:00 [iter 4/60] self-play: 50/160 games...
2026-08-07 20:48:04   [GPU] 1,250,014 evals (33991 batches, avg 37/batch = 7% of 512, 3668 evals/s, 283 msg/s, 12.9 leaves/msg, 341s)
2026-08-07 20:48:18   [GPU] 1,300,027 evals (35435 batches, avg 37/batch = 7% of 512, 3660 evals/s, 282 msg/s, 13.0 leaves/msg, 355s)
2026-08-07 20:48:32   [GPU] 1,350,044 evals (36861 batches, avg 37/batch = 7% of 512, 3660 evals/s, 282 msg/s, 13.0 leaves/msg, 369s)
2026-08-07 20:48:47   [GPU] 1,400,008 evals (38267 batches, avg 37/batch = 7% of 512, 3652 evals/s, 281 msg/s, 13.0 leaves/msg, 383s)
2026-08-07 20:48:55 [iter 4/60] self-play: 55/160 games...
2026-08-07 20:49:00   [GPU] 1,450,024 evals (39614 batches, avg 37/batch = 7% of 512, 3651 evals/s, 281 msg/s, 13.0 leaves/msg, 397s)
2026-08-07 20:49:15   [GPU] 1,500,017 evals (41089 batches, avg 37/batch = 7% of 512, 3641 evals/s, 281 msg/s, 13.0 leaves/msg, 412s)
2026-08-07 20:49:29   [GPU] 1,550,029 evals (42517 batches, avg 36/batch = 7% of 512, 3641 evals/s, 280 msg/s, 13.0 leaves/msg, 426s)
2026-08-07 20:49:43   [GPU] 1,600,016 evals (43902 batches, avg 36/batch = 7% of 512, 3643 evals/s, 280 msg/s, 13.0 leaves/msg, 439s)
2026-08-07 20:49:56   [GPU] 1,650,017 evals (45273 batches, avg 36/batch = 7% of 512, 3646 evals/s, 280 msg/s, 13.0 leaves/msg, 453s)
2026-08-07 20:50:04 [iter 4/60] self-play: 60/160 games...
2026-08-07 20:50:09   [GPU] 1,700,005 evals (46589 batches, avg 36/batch = 7% of 512, 3654 evals/s, 281 msg/s, 13.0 leaves/msg, 465s)
2026-08-07 20:50:22   [GPU] 1,750,002 evals (48000 batches, avg 36/batch = 7% of 512, 3653 evals/s, 282 msg/s, 13.0 leaves/msg, 479s)
2026-08-07 20:50:33 [iter 4/60] self-play: 65/160 games...
2026-08-07 20:50:38   [GPU] 1,800,004 evals (49567 batches, avg 36/batch = 7% of 512, 3635 evals/s, 280 msg/s, 13.0 leaves/msg, 495s)
2026-08-07 20:50:57   [GPU] 1,850,024 evals (51299 batches, avg 36/batch = 7% of 512, 3604 evals/s, 279 msg/s, 12.9 leaves/msg, 513s)
2026-08-07 20:51:15   [GPU] 1,900,033 evals (53058 batches, avg 36/batch = 7% of 512, 3574 evals/s, 277 msg/s, 12.9 leaves/msg, 532s)
2026-08-07 20:51:32   [GPU] 1,950,041 evals (54690 batches, avg 36/batch = 7% of 512, 3556 evals/s, 276 msg/s, 12.9 leaves/msg, 548s)
2026-08-07 20:51:45   [GPU] 2,000,027 evals (56084 batches, avg 36/batch = 7% of 512, 3560 evals/s, 276 msg/s, 12.9 leaves/msg, 562s)
2026-08-07 20:51:59   [GPU] 2,050,048 evals (57470 batches, avg 36/batch = 7% of 512, 3563 evals/s, 277 msg/s, 12.8 leaves/msg, 575s)
2026-08-07 20:52:04 [iter 4/60] self-play: 70/160 games...
2026-08-07 20:52:13   [GPU] 2,100,027 evals (58940 batches, avg 36/batch = 7% of 512, 3561 evals/s, 278 msg/s, 12.8 leaves/msg, 590s)
2026-08-07 20:52:27   [GPU] 2,150,050 evals (60402 batches, avg 36/batch = 7% of 512, 3563 evals/s, 279 msg/s, 12.8 leaves/msg, 604s)
2026-08-07 20:52:39   [GPU] 2,200,029 evals (61650 batches, avg 36/batch = 7% of 512, 3576 evals/s, 280 msg/s, 12.8 leaves/msg, 615s)
2026-08-07 20:52:46 [iter 4/60] self-play: 75/160 games...
2026-08-07 20:52:53   [GPU] 2,250,000 evals (63104 batches, avg 36/batch = 7% of 512, 3575 evals/s, 282 msg/s, 12.7 leaves/msg, 629s)
2026-08-07 20:53:07   [GPU] 2,300,049 evals (64556 batches, avg 36/batch = 7% of 512, 3575 evals/s, 282 msg/s, 12.7 leaves/msg, 643s)
2026-08-07 20:53:09 [iter 4/60] self-play: 80/160 games...
2026-08-07 20:53:20   [GPU] 2,350,020 evals (65953 batches, avg 36/batch = 7% of 512, 3576 evals/s, 283 msg/s, 12.7 leaves/msg, 657s)
2026-08-07 20:53:34   [GPU] 2,400,000 evals (67363 batches, avg 36/batch = 7% of 512, 3577 evals/s, 282 msg/s, 12.7 leaves/msg, 671s)
2026-08-07 20:53:38 [iter 4/60] self-play: 85/160 games...
2026-08-07 20:53:47   [GPU] 2,450,038 evals (68692 batches, avg 36/batch = 7% of 512, 3583 evals/s, 283 msg/s, 12.7 leaves/msg, 684s)
2026-08-07 20:54:01   [GPU] 2,500,011 evals (70106 batches, avg 36/batch = 7% of 512, 3581 evals/s, 282 msg/s, 12.7 leaves/msg, 698s)
2026-08-07 20:54:16   [GPU] 2,550,029 evals (71562 batches, avg 36/batch = 7% of 512, 3576 evals/s, 281 msg/s, 12.7 leaves/msg, 713s)
2026-08-07 20:54:31   [GPU] 2,600,007 evals (73008 batches, avg 36/batch = 7% of 512, 3573 evals/s, 281 msg/s, 12.7 leaves/msg, 728s)
2026-08-07 20:54:43   [GPU] 2,650,013 evals (74243 batches, avg 36/batch = 7% of 512, 3583 evals/s, 281 msg/s, 12.7 leaves/msg, 740s)
2026-08-07 20:54:44 [iter 4/60] self-play: 90/160 games...
2026-08-07 20:54:56   [GPU] 2,700,017 evals (75614 batches, avg 36/batch = 7% of 512, 3585 evals/s, 281 msg/s, 12.7 leaves/msg, 753s)
2026-08-07 20:55:09   [GPU] 2,750,055 evals (76931 batches, avg 36/batch = 7% of 512, 3591 evals/s, 282 msg/s, 12.8 leaves/msg, 766s)
2026-08-07 20:55:20 [iter 4/60] self-play: 95/160 games...
2026-08-07 20:55:20   [GPU] 2,800,009 evals (78126 batches, avg 36/batch = 7% of 512, 3603 evals/s, 282 msg/s, 12.8 leaves/msg, 777s)
2026-08-07 20:55:34   [GPU] 2,850,012 evals (79495 batches, avg 36/batch = 7% of 512, 3603 evals/s, 282 msg/s, 12.8 leaves/msg, 791s)
2026-08-07 20:55:46 [iter 4/60] self-play: 100/160 games...
2026-08-07 20:55:48   [GPU] 2,900,003 evals (80830 batches, avg 36/batch = 7% of 512, 3605 evals/s, 282 msg/s, 12.8 leaves/msg, 804s)
2026-08-07 20:56:01   [GPU] 2,950,016 evals (82149 batches, avg 36/batch = 7% of 512, 3609 evals/s, 283 msg/s, 12.8 leaves/msg, 817s)
2026-08-07 20:56:13   [GPU] 3,000,037 evals (83405 batches, avg 36/batch = 7% of 512, 3616 evals/s, 283 msg/s, 12.8 leaves/msg, 830s)
2026-08-07 20:56:25   [GPU] 3,050,008 evals (84624 batches, avg 36/batch = 7% of 512, 3624 evals/s, 283 msg/s, 12.8 leaves/msg, 842s)
2026-08-07 20:56:30 [iter 4/60] self-play: 105/160 games...
2026-08-07 20:56:35   [GPU] 3,100,034 evals (85702 batches, avg 36/batch = 7% of 512, 3638 evals/s, 284 msg/s, 12.8 leaves/msg, 852s)
2026-08-07 20:56:46   [GPU] 3,150,013 evals (86827 batches, avg 36/batch = 7% of 512, 3649 evals/s, 285 msg/s, 12.8 leaves/msg, 863s)
2026-08-07 20:56:51 [iter 4/60] self-play: 110/160 games...
2026-08-07 20:57:01   [GPU] 3,200,020 evals (88242 batches, avg 36/batch = 7% of 512, 3647 evals/s, 284 msg/s, 12.8 leaves/msg, 877s)
2026-08-07 20:57:11 [iter 4/60] self-play: 115/160 games...
2026-08-07 20:57:12   [GPU] 3,250,016 evals (89406 batches, avg 36/batch = 7% of 512, 3656 evals/s, 285 msg/s, 12.8 leaves/msg, 889s)
2026-08-07 20:57:25   [GPU] 3,300,057 evals (90747 batches, avg 36/batch = 7% of 512, 3658 evals/s, 285 msg/s, 12.8 leaves/msg, 902s)
2026-08-07 20:57:34 [iter 4/60] self-play: 120/160 games...
2026-08-07 20:57:37   [GPU] 3,350,037 evals (91949 batches, avg 36/batch = 7% of 512, 3665 evals/s, 285 msg/s, 12.8 leaves/msg, 914s)
2026-08-07 20:57:51   [GPU] 3,400,022 evals (93277 batches, avg 36/batch = 7% of 512, 3665 evals/s, 285 msg/s, 12.9 leaves/msg, 928s)
2026-08-07 20:58:03   [GPU] 3,450,019 evals (94513 batches, avg 37/batch = 7% of 512, 3671 evals/s, 285 msg/s, 12.9 leaves/msg, 940s)
2026-08-07 20:58:05 [iter 4/60] self-play: 125/160 games...
2026-08-07 20:58:15   [GPU] 3,500,010 evals (95716 batches, avg 37/batch = 7% of 512, 3679 evals/s, 285 msg/s, 12.9 leaves/msg, 951s)
2026-08-07 20:58:27   [GPU] 3,550,010 evals (97019 batches, avg 37/batch = 7% of 512, 3683 evals/s, 286 msg/s, 12.9 leaves/msg, 964s)
2026-08-07 20:58:39   [GPU] 3,600,033 evals (98215 batches, avg 37/batch = 7% of 512, 3690 evals/s, 286 msg/s, 12.9 leaves/msg, 976s)
2026-08-07 20:58:43 [iter 4/60] self-play: 130/160 games...
2026-08-07 20:58:51   [GPU] 3,650,031 evals (99477 batches, avg 37/batch = 7% of 512, 3694 evals/s, 286 msg/s, 12.9 leaves/msg, 988s)
2026-08-07 20:59:03   [GPU] 3,700,003 evals (100717 batches, avg 37/batch = 7% of 512, 3700 evals/s, 286 msg/s, 12.9 leaves/msg, 1000s)
2026-08-07 20:59:10 [iter 4/60] self-play: 135/160 games...
2026-08-07 20:59:14   [GPU] 3,750,047 evals (101846 batches, avg 37/batch = 7% of 512, 3710 evals/s, 287 msg/s, 12.9 leaves/msg, 1011s)
2026-08-07 20:59:27   [GPU] 3,800,013 evals (103144 batches, avg 37/batch = 7% of 512, 3713 evals/s, 287 msg/s, 13.0 leaves/msg, 1024s)
2026-08-07 20:59:32 [iter 4/60] self-play: 140/160 games...
2026-08-07 20:59:39   [GPU] 3,850,008 evals (104404 batches, avg 37/batch = 7% of 512, 3717 evals/s, 287 msg/s, 13.0 leaves/msg, 1036s)
2026-08-07 20:59:50   [GPU] 3,900,004 evals (105540 batches, avg 37/batch = 7% of 512, 3726 evals/s, 287 msg/s, 13.0 leaves/msg, 1047s)
2026-08-07 21:00:03   [GPU] 3,950,010 evals (106844 batches, avg 37/batch = 7% of 512, 3728 evals/s, 287 msg/s, 13.0 leaves/msg, 1059s)
2026-08-07 21:00:15   [GPU] 4,000,011 evals (108108 batches, avg 37/batch = 7% of 512, 3732 evals/s, 287 msg/s, 13.0 leaves/msg, 1072s)
2026-08-07 21:00:22 [iter 4/60] self-play: 145/160 games...
2026-08-07 21:00:25   [GPU] 4,050,004 evals (109191 batches, avg 37/batch = 7% of 512, 3743 evals/s, 288 msg/s, 13.0 leaves/msg, 1082s)
2026-08-07 21:00:35   [GPU] 4,100,025 evals (110265 batches, avg 37/batch = 7% of 512, 3754 evals/s, 289 msg/s, 13.0 leaves/msg, 1092s)
2026-08-07 21:00:43 [iter 4/60] self-play: 150/160 games...
2026-08-07 21:00:46   [GPU] 4,150,047 evals (111355 batches, avg 37/batch = 7% of 512, 3764 evals/s, 289 msg/s, 13.0 leaves/msg, 1103s)
2026-08-07 21:00:57   [GPU] 4,200,008 evals (112515 batches, avg 37/batch = 7% of 512, 3770 evals/s, 290 msg/s, 13.0 leaves/msg, 1114s)
2026-08-07 21:01:07 [iter 4/60] self-play: 155/160 games...
2026-08-07 21:01:15   [GPU] 4,250,055 evals (114120 batches, avg 37/batch = 7% of 512, 3756 evals/s, 288 msg/s, 13.0 leaves/msg, 1132s)
2026-08-07 21:01:38   [GPU] 4,300,012 evals (116079 batches, avg 37/batch = 7% of 512, 3723 evals/s, 285 msg/s, 13.0 leaves/msg, 1155s)
2026-08-07 21:02:07   [GPU] 4,350,024 evals (118316 batches, avg 37/batch = 7% of 512, 3675 evals/s, 281 msg/s, 13.1 leaves/msg, 1184s)
2026-08-07 21:02:29   [GPU] 4,400,014 evals (120223 batches, avg 37/batch = 7% of 512, 3650 evals/s, 279 msg/s, 13.1 leaves/msg, 1205s)
2026-08-07 21:02:56   [GPU] 4,450,014 evals (122465 batches, avg 36/batch = 7% of 512, 3611 evals/s, 276 msg/s, 13.1 leaves/msg, 1232s)
2026-08-07 21:03:17 [iter 4/60] self-play: 160/160 games...
2026-08-07 21:03:18 [iter 4/60] self-play done: 160 games (1255s) | wins: P0=28, P1=103, draw=29 | draw_rate=18% avg_len~21
2026-08-07 21:03:18 [iter 4/60] search: expanded=11.5 actions/node visits/action=52.2 walls/game=6.96 first_wall_ply=2.675 learner_sims/s=3836.41
2026-08-07 21:03:18 [iter 4/60] training (600 steps, lr=9.94e-04)...
2026-08-07 21:03:23 [iter 4/60] training done: loss_p=1.479 loss_v=0.210 (5s)
2026-08-07 21:03:24 [iter 4/60] data: policy_wall_mass=0.176 walled_states=56% walls_on_board=13.6 value_mae walled=0.153 free=0.200
2026-08-07 21:03:24 [iter 4/60] eval vs best SKIPPED (gate held until win_vs_greedy > 0.00)
2026-08-07 21:03:24 [iter 4/60] eval vs random (40 games, 600 sims)...
2026-08-07 21:03:24 [EVAL-MP] 8 workers spawned (40 vs_random games, sims=600), GPU batcher starting...
2026-08-07 21:03:40   [GPU] 50,003 evals (1319 batches, avg 38/batch = 7% of 512, 3107 evals/s, 210 msg/s, 14.8 leaves/msg, 16s)
2026-08-07 21:03:45 [iter 4/60] eval vs random: 5/40 games (21s, cand 100%)
2026-08-07 21:03:52   [GPU] 100,000 evals (2579 batches, avg 39/batch = 8% of 512, 3534 evals/s, 248 msg/s, 14.3 leaves/msg, 28s)
2026-08-07 21:04:04 [iter 4/60] eval vs random: 10/40 games (39s, cand 100%)
2026-08-07 21:04:04   [GPU] 150,061 evals (3795 batches, avg 40/batch = 8% of 512, 3754 evals/s, 260 msg/s, 14.5 leaves/msg, 40s)
2026-08-07 21:04:16   [GPU] 200,007 evals (4981 batches, avg 40/batch = 8% of 512, 3897 evals/s, 269 msg/s, 14.5 leaves/msg, 51s)
2026-08-07 21:04:23 [iter 4/60] eval vs random: 15/40 games (59s, cand 100%)
2026-08-07 21:04:27   [GPU] 250,016 evals (6127 batches, avg 41/batch = 8% of 512, 4006 evals/s, 278 msg/s, 14.4 leaves/msg, 62s)
2026-08-07 21:04:38   [GPU] 300,005 evals (7236 batches, avg 41/batch = 8% of 512, 4084 evals/s, 284 msg/s, 14.4 leaves/msg, 73s)
2026-08-07 21:04:42 [iter 4/60] eval vs random: 20/40 games (77s, cand 100%)
2026-08-07 21:04:52   [GPU] 350,009 evals (8572 batches, avg 41/batch = 8% of 512, 3989 evals/s, 276 msg/s, 14.4 leaves/msg, 88s)
2026-08-07 21:05:07 [iter 4/60] eval vs random: 25/40 games (103s, cand 100%)
2026-08-07 21:05:07   [GPU] 400,004 evals (10102 batches, avg 40/batch = 8% of 512, 3873 evals/s, 268 msg/s, 14.5 leaves/msg, 103s)
2026-08-07 21:05:28   [GPU] 450,016 evals (11887 batches, avg 38/batch = 7% of 512, 3632 evals/s, 250 msg/s, 14.5 leaves/msg, 124s)
2026-08-07 21:05:49   [GPU] 500,003 evals (13722 batches, avg 36/batch = 7% of 512, 3441 evals/s, 236 msg/s, 14.6 leaves/msg, 145s)
2026-08-07 21:06:09   [GPU] 550,004 evals (15452 batches, avg 36/batch = 7% of 512, 3330 evals/s, 228 msg/s, 14.6 leaves/msg, 165s)
2026-08-07 21:06:26 [iter 4/60] eval vs random: 30/40 games (182s, cand 100%)
2026-08-07 21:06:31   [GPU] 600,045 evals (17272 batches, avg 35/batch = 7% of 512, 3209 evals/s, 218 msg/s, 14.7 leaves/msg, 187s)
2026-08-07 21:06:54   [GPU] 650,040 evals (19095 batches, avg 34/batch = 7% of 512, 3105 evals/s, 211 msg/s, 14.7 leaves/msg, 209s)
2026-08-07 21:07:14   [GPU] 700,024 evals (20869 batches, avg 34/batch = 7% of 512, 3044 evals/s, 206 msg/s, 14.8 leaves/msg, 230s)
2026-08-07 21:07:35   [GPU] 750,007 evals (22583 batches, avg 33/batch = 6% of 512, 2992 evals/s, 202 msg/s, 14.8 leaves/msg, 251s)
2026-08-07 21:07:59   [GPU] 800,000 evals (24522 batches, avg 33/batch = 6% of 512, 2912 evals/s, 196 msg/s, 14.8 leaves/msg, 275s)
2026-08-07 21:08:15 [iter 4/60] eval vs random: 35/40 games (291s, cand 100%)
2026-08-07 21:08:19   [GPU] 850,006 evals (26267 batches, avg 32/batch = 6% of 512, 2882 evals/s, 194 msg/s, 14.8 leaves/msg, 295s)
2026-08-07 21:08:44   [GPU] 900,006 evals (28235 batches, avg 32/batch = 6% of 512, 2813 evals/s, 189 msg/s, 14.9 leaves/msg, 320s)
2026-08-07 21:09:07   [GPU] 950,007 evals (30148 batches, avg 32/batch = 6% of 512, 2772 evals/s, 186 msg/s, 14.9 leaves/msg, 343s)
2026-08-07 21:09:29 [iter 4/60] eval vs random: 40/40 games (365s, cand 100%)
2026-08-07 21:09:29 [iter 4/60] eval vs random done: 100.0% (365s)
2026-08-07 21:09:29 [iter 4/60] eval vs greedy (80 games, 600 sims)...
2026-08-07 21:09:29 [EVAL-MP] 8 workers spawned (80 vs_greedy games, sims=600), GPU batcher starting...
2026-08-07 21:09:44   [GPU] 50,010 evals (1229 batches, avg 41/batch = 8% of 512, 3398 evals/s, 229 msg/s, 14.8 leaves/msg, 15s)
2026-08-07 21:09:45 [iter 4/60] eval vs greedy: 5/80 games (16s, cand 100%)
2026-08-07 21:09:57   [GPU] 100,045 evals (2510 batches, avg 40/batch = 8% of 512, 3661 evals/s, 250 msg/s, 14.7 leaves/msg, 27s)
2026-08-07 21:09:58 [iter 4/60] eval vs greedy: 10/80 games (29s, cand 90%)
2026-08-07 21:10:10   [GPU] 150,010 evals (3790 batches, avg 40/batch = 8% of 512, 3733 evals/s, 255 msg/s, 14.6 leaves/msg, 40s)
2026-08-07 21:10:12 [iter 4/60] eval vs greedy: 15/80 games (42s, cand 80%)
2026-08-07 21:10:22   [GPU] 200,035 evals (5067 batches, avg 39/batch = 8% of 512, 3782 evals/s, 260 msg/s, 14.5 leaves/msg, 53s)
2026-08-07 21:10:24 [iter 4/60] eval vs greedy: 20/80 games (55s, cand 70%)
2026-08-07 21:10:33 [iter 4/60] eval vs greedy: 25/80 games (64s, cand 68%)
2026-08-07 21:10:35   [GPU] 250,019 evals (6362 batches, avg 39/batch = 8% of 512, 3824 evals/s, 265 msg/s, 14.4 leaves/msg, 65s)
2026-08-07 21:10:47   [GPU] 300,042 evals (7623 batches, avg 39/batch = 8% of 512, 3879 evals/s, 269 msg/s, 14.4 leaves/msg, 77s)
2026-08-07 21:10:48 [iter 4/60] eval vs greedy: 30/80 games (79s, cand 73%)
2026-08-07 21:10:59   [GPU] 350,006 evals (8889 batches, avg 39/batch = 8% of 512, 3905 evals/s, 271 msg/s, 14.4 leaves/msg, 90s)
2026-08-07 21:10:59 [iter 4/60] eval vs greedy: 35/80 games (90s, cand 74%)
2026-08-07 21:11:10 [iter 4/60] eval vs greedy: 40/80 games (100s, cand 72%)
2026-08-07 21:11:11   [GPU] 400,029 evals (10115 batches, avg 40/batch = 8% of 512, 3941 evals/s, 275 msg/s, 14.3 leaves/msg, 101s)
2026-08-07 21:11:17 [iter 4/60] eval vs greedy: 45/80 games (108s, cand 73%)
2026-08-07 21:11:24   [GPU] 450,000 evals (11386 batches, avg 40/batch = 8% of 512, 3934 evals/s, 275 msg/s, 14.3 leaves/msg, 114s)
2026-08-07 21:11:32 [iter 4/60] eval vs greedy: 50/80 games (123s, cand 76%)
2026-08-07 21:11:36   [GPU] 500,017 evals (12625 batches, avg 40/batch = 8% of 512, 3958 evals/s, 276 msg/s, 14.3 leaves/msg, 126s)
2026-08-07 21:11:41 [iter 4/60] eval vs greedy: 55/80 games (132s, cand 75%)
2026-08-07 21:11:48   [GPU] 550,041 evals (13892 batches, avg 40/batch = 8% of 512, 3969 evals/s, 277 msg/s, 14.3 leaves/msg, 139s)
2026-08-07 21:11:53 [iter 4/60] eval vs greedy: 60/80 games (143s, cand 75%)
2026-08-07 21:12:00   [GPU] 600,003 evals (15178 batches, avg 40/batch = 8% of 512, 3973 evals/s, 277 msg/s, 14.3 leaves/msg, 151s)
2026-08-07 21:12:05 [iter 4/60] eval vs greedy: 65/80 games (156s, cand 74%)
2026-08-07 21:12:13   [GPU] 650,026 evals (16489 batches, avg 39/batch = 8% of 512, 3970 evals/s, 277 msg/s, 14.3 leaves/msg, 164s)
2026-08-07 21:12:16 [iter 4/60] eval vs greedy: 70/80 games (166s, cand 76%)
2026-08-07 21:12:28 [iter 4/60] eval vs greedy: 75/80 games (178s, cand 73%)
2026-08-07 21:12:29   [GPU] 700,005 evals (18032 batches, avg 39/batch = 8% of 512, 3887 evals/s, 272 msg/s, 14.3 leaves/msg, 180s)
2026-08-07 21:12:41 [iter 4/60] eval vs greedy: 80/80 games (192s, cand 74%)
2026-08-07 21:12:41 [iter 4/60] eval vs greedy done: 73.8% of 80 decided [seat0:25/40 seat1:34/40] (192s)
2026-08-07 21:12:41 [iter 4/60] GATE ARMED: win_vs_greedy=73.8% > 0.00. Champion seeded from this iteration; gating resumes at the next eval.
2026-08-07 21:12:41 [iter 4/60] eval vs minimax (depth 2, 80 games)...
2026-08-07 21:12:41 [EVAL-MP] 8 workers spawned (80 vs_minimax games, sims=600), GPU batcher starting...
2026-08-07 21:12:58   [GPU] 50,029 evals (1352 batches, avg 37/batch = 7% of 512, 3042 evals/s, 198 msg/s, 15.4 leaves/msg, 16s)
2026-08-07 21:13:10   [GPU] 100,018 evals (2586 batches, avg 39/batch = 8% of 512, 3491 evals/s, 235 msg/s, 14.9 leaves/msg, 29s)
2026-08-07 21:13:20   [GPU] 150,019 evals (3695 batches, avg 41/batch = 8% of 512, 3833 evals/s, 258 msg/s, 14.9 leaves/msg, 39s)
2026-08-07 21:13:25 [iter 4/60] eval vs minimax: 5/80 games (0%)
2026-08-07 21:13:31   [GPU] 200,026 evals (4801 batches, avg 42/batch = 8% of 512, 4042 evals/s, 271 msg/s, 14.9 leaves/msg, 49s)
2026-08-07 21:13:41   [GPU] 250,006 evals (5840 batches, avg 43/batch = 8% of 512, 4227 evals/s, 285 msg/s, 14.8 leaves/msg, 59s)
2026-08-07 21:13:50   [GPU] 300,051 evals (6874 batches, avg 44/batch = 9% of 512, 4365 evals/s, 295 msg/s, 14.8 leaves/msg, 69s)
2026-08-07 21:14:01   [GPU] 350,071 evals (7996 batches, avg 44/batch = 9% of 512, 4422 evals/s, 299 msg/s, 14.8 leaves/msg, 79s)
2026-08-07 21:14:06 [iter 4/60] eval vs minimax: 10/80 games (0%)
2026-08-07 21:14:11   [GPU] 400,068 evals (9161 batches, avg 44/batch = 9% of 512, 4452 evals/s, 303 msg/s, 14.7 leaves/msg, 90s)
2026-08-07 21:14:22   [GPU] 450,014 evals (10330 batches, avg 44/batch = 9% of 512, 4465 evals/s, 304 msg/s, 14.7 leaves/msg, 101s)
2026-08-07 21:14:27 [iter 4/60] eval vs minimax: 15/80 games (0%)
2026-08-07 21:14:35   [GPU] 500,004 evals (11618 batches, avg 43/batch = 8% of 512, 4408 evals/s, 301 msg/s, 14.6 leaves/msg, 113s)
2026-08-07 21:14:46   [GPU] 550,006 evals (12820 batches, avg 43/batch = 8% of 512, 4401 evals/s, 300 msg/s, 14.7 leaves/msg, 125s)
2026-08-07 21:14:53 [iter 4/60] eval vs minimax: 20/80 games (0%)
2026-08-07 21:14:58   [GPU] 600,008 evals (14052 batches, avg 43/batch = 8% of 512, 4383 evals/s, 300 msg/s, 14.6 leaves/msg, 137s)
2026-08-07 21:15:10   [GPU] 650,027 evals (15250 batches, avg 43/batch = 8% of 512, 4380 evals/s, 299 msg/s, 14.6 leaves/msg, 148s)
2026-08-07 21:15:20   [GPU] 700,033 evals (16364 batches, avg 43/batch = 8% of 512, 4404 evals/s, 301 msg/s, 14.6 leaves/msg, 159s)
2026-08-07 21:15:29 [iter 4/60] eval vs minimax: 25/80 games (0%)
2026-08-07 21:15:31   [GPU] 750,062 evals (17506 batches, avg 43/batch = 8% of 512, 4415 evals/s, 302 msg/s, 14.6 leaves/msg, 170s)
2026-08-07 21:15:43   [GPU] 800,074 evals (18699 batches, avg 43/batch = 8% of 512, 4408 evals/s, 302 msg/s, 14.6 leaves/msg, 181s)
2026-08-07 21:15:49 [iter 4/60] eval vs minimax: 30/80 games (0%)
2026-08-07 21:15:55   [GPU] 850,001 evals (19960 batches, avg 43/batch = 8% of 512, 4383 evals/s, 300 msg/s, 14.6 leaves/msg, 194s)
2026-08-07 21:16:08   [GPU] 900,014 evals (21215 batches, avg 42/batch = 8% of 512, 4362 evals/s, 298 msg/s, 14.6 leaves/msg, 206s)
2026-08-07 21:16:14 [iter 4/60] eval vs minimax: 35/80 games (0%)
2026-08-07 21:16:21   [GPU] 950,022 evals (22540 batches, avg 42/batch = 8% of 512, 4333 evals/s, 297 msg/s, 14.6 leaves/msg, 219s)
2026-08-07 21:16:33   [GPU] 1,000,017 evals (23818 batches, avg 42/batch = 8% of 512, 4317 evals/s, 297 msg/s, 14.6 leaves/msg, 232s)
2026-08-07 21:16:45   [GPU] 1,050,033 evals (25031 batches, avg 42/batch = 8% of 512, 4316 evals/s, 297 msg/s, 14.5 leaves/msg, 243s)
2026-08-07 21:16:56   [GPU] 1,100,028 evals (26196 batches, avg 42/batch = 8% of 512, 4328 evals/s, 298 msg/s, 14.5 leaves/msg, 254s)
2026-08-07 21:17:02 [iter 4/60] eval vs minimax: 40/80 games (0%)
2026-08-07 21:17:06   [GPU] 1,150,018 evals (27340 batches, avg 42/batch = 8% of 512, 4344 evals/s, 300 msg/s, 14.5 leaves/msg, 265s)
2026-08-07 21:17:18   [GPU] 1,200,013 evals (28557 batches, avg 42/batch = 8% of 512, 4345 evals/s, 300 msg/s, 14.5 leaves/msg, 276s)
2026-08-07 21:17:29   [GPU] 1,250,048 evals (29796 batches, avg 42/batch = 8% of 512, 4341 evals/s, 301 msg/s, 14.4 leaves/msg, 288s)
2026-08-07 21:17:41   [GPU] 1,300,026 evals (31007 batches, avg 42/batch = 8% of 512, 4342 evals/s, 301 msg/s, 14.4 leaves/msg, 299s)
2026-08-07 21:17:46 [iter 4/60] eval vs minimax: 45/80 games (0%)
2026-08-07 21:17:52   [GPU] 1,350,048 evals (32189 batches, avg 42/batch = 8% of 512, 4347 evals/s, 303 msg/s, 14.4 leaves/msg, 311s)
2026-08-07 21:18:04 [iter 4/60] eval vs minimax: 50/80 games (0%)
2026-08-07 21:18:05   [GPU] 1,400,011 evals (33485 batches, avg 42/batch = 8% of 512, 4330 evals/s, 302 msg/s, 14.4 leaves/msg, 323s)
2026-08-07 21:18:17 [iter 4/60] eval vs minimax: 55/80 games (0%)
2026-08-07 21:18:17   [GPU] 1,450,018 evals (34756 batches, avg 42/batch = 8% of 512, 4319 evals/s, 301 msg/s, 14.3 leaves/msg, 336s)
2026-08-07 21:18:30   [GPU] 1,500,014 evals (36011 batches, avg 42/batch = 8% of 512, 4309 evals/s, 300 msg/s, 14.4 leaves/msg, 348s)
2026-08-07 21:18:42   [GPU] 1,550,023 evals (37343 batches, avg 42/batch = 8% of 512, 4294 evals/s, 300 msg/s, 14.3 leaves/msg, 361s)
2026-08-07 21:18:45 [iter 4/60] eval vs minimax: 60/80 games (0%)
2026-08-07 21:18:56   [GPU] 1,600,005 evals (38676 batches, avg 41/batch = 8% of 512, 4270 evals/s, 298 msg/s, 14.3 leaves/msg, 375s)
2026-08-07 21:19:09   [GPU] 1,650,015 evals (39988 batches, avg 41/batch = 8% of 512, 4257 evals/s, 297 msg/s, 14.3 leaves/msg, 388s)
2026-08-07 21:19:21   [GPU] 1,700,017 evals (41234 batches, avg 41/batch = 8% of 512, 4255 evals/s, 296 msg/s, 14.4 leaves/msg, 400s)
2026-08-07 21:19:34 [iter 4/60] eval vs minimax: 65/80 games (0%)
2026-08-07 21:19:34   [GPU] 1,750,023 evals (42582 batches, avg 41/batch = 8% of 512, 4240 evals/s, 296 msg/s, 14.3 leaves/msg, 413s)
2026-08-07 21:19:48   [GPU] 1,800,002 evals (43970 batches, avg 41/batch = 8% of 512, 4218 evals/s, 294 msg/s, 14.3 leaves/msg, 427s)
2026-08-07 21:19:56 [iter 4/60] eval vs minimax: 70/80 games (2%)
2026-08-07 21:20:05   [GPU] 1,850,021 evals (45552 batches, avg 41/batch = 8% of 512, 4168 evals/s, 290 msg/s, 14.4 leaves/msg, 444s)
2026-08-07 21:20:26   [GPU] 1,900,000 evals (47369 batches, avg 40/batch = 8% of 512, 4087 evals/s, 285 msg/s, 14.3 leaves/msg, 465s)
2026-08-07 21:20:39 [iter 4/60] eval vs minimax: 75/80 games (2%)
2026-08-07 21:21:01   [GPU] 1,950,013 evals (49702 batches, avg 39/batch = 8% of 512, 3903 evals/s, 272 msg/s, 14.3 leaves/msg, 500s)
2026-08-07 21:21:50   [GPU] 2,000,015 evals (52421 batches, avg 38/batch = 7% of 512, 3648 evals/s, 254 msg/s, 14.3 leaves/msg, 548s)
2026-08-07 21:22:20 [iter 4/60] eval vs minimax: 80/80 games (2%)
2026-08-07 21:22:20 [iter 4/60] eval vs minimax done: 1.8% of 55 decided [seat0:0/40 seat1:1/40] (579s)
2026-08-07 21:22:20 >>> iter 4 | loss_p=1.479 loss_v=0.210 | vs_best=n/a (not evaluated) | vs_rand=100.0% | draw=18% | buf=28876 | rss=2.37GB | sp=1255s train=5s eval_best=0s eval_rand=365s | total=2397s
2026-08-07 21:22:20 [iter 5/60] self-play starting (160 games, 600 sims, MIXED 80/160 race-only)...
2026-08-07 21:22:20 [PARALLEL-MP] 8 workers spawned (160 games, sims=600), GPU batcher starting...
2026-08-07 21:22:31   [GPU] 50,001 evals (925 batches, avg 54/batch = 11% of 512, 4531 evals/s, 347 msg/s, 13.1 leaves/msg, 11s)
2026-08-07 21:22:35 [iter 5/60] self-play: 5/160 games...
2026-08-07 21:22:42   [GPU] 100,037 evals (1965 batches, avg 51/batch = 10% of 512, 4712 evals/s, 357 msg/s, 13.2 leaves/msg, 21s)
2026-08-07 21:22:54   [GPU] 150,032 evals (3204 batches, avg 47/batch = 9% of 512, 4504 evals/s, 339 msg/s, 13.3 leaves/msg, 33s)
2026-08-07 21:22:55 [iter 5/60] self-play: 10/160 games...
2026-08-07 21:23:07   [GPU] 200,019 evals (4518 batches, avg 44/batch = 9% of 512, 4300 evals/s, 317 msg/s, 13.6 leaves/msg, 47s)
2026-08-07 21:23:19   [GPU] 250,033 evals (5712 batches, avg 44/batch = 9% of 512, 4270 evals/s, 313 msg/s, 13.7 leaves/msg, 59s)
2026-08-07 21:23:31   [GPU] 300,029 evals (6939 batches, avg 43/batch = 8% of 512, 4259 evals/s, 309 msg/s, 13.8 leaves/msg, 70s)
2026-08-07 21:23:42   [GPU] 350,078 evals (8127 batches, avg 43/batch = 8% of 512, 4282 evals/s, 307 msg/s, 14.0 leaves/msg, 82s)
2026-08-07 21:23:52 [iter 5/60] self-play: 15/160 games...
2026-08-07 21:23:53   [GPU] 400,002 evals (9261 batches, avg 43/batch = 8% of 512, 4320 evals/s, 308 msg/s, 14.0 leaves/msg, 93s)
2026-08-07 21:24:03   [GPU] 450,008 evals (10338 batches, avg 44/batch = 9% of 512, 4396 evals/s, 314 msg/s, 14.0 leaves/msg, 102s)
2026-08-07 21:24:13   [GPU] 500,023 evals (11480 batches, avg 44/batch = 9% of 512, 4422 evals/s, 314 msg/s, 14.1 leaves/msg, 113s)
2026-08-07 21:24:24   [GPU] 550,044 evals (12627 batches, avg 44/batch = 9% of 512, 4439 evals/s, 314 msg/s, 14.1 leaves/msg, 124s)
2026-08-07 21:24:35   [GPU] 600,001 evals (13759 batches, avg 44/batch = 9% of 512, 4456 evals/s, 314 msg/s, 14.2 leaves/msg, 135s)
2026-08-07 21:24:46   [GPU] 650,011 evals (14902 batches, avg 44/batch = 9% of 512, 4473 evals/s, 315 msg/s, 14.2 leaves/msg, 145s)
2026-08-07 21:24:57   [GPU] 700,003 evals (16105 batches, avg 43/batch = 8% of 512, 4463 evals/s, 313 msg/s, 14.3 leaves/msg, 157s)
2026-08-07 21:25:08   [GPU] 750,001 evals (17255 batches, avg 43/batch = 8% of 512, 4470 evals/s, 313 msg/s, 14.3 leaves/msg, 168s)
2026-08-07 21:25:14 [iter 5/60] self-play: 20/160 games...
2026-08-07 21:25:19   [GPU] 800,022 evals (18391 batches, avg 44/batch = 8% of 512, 4479 evals/s, 315 msg/s, 14.2 leaves/msg, 179s)
2026-08-07 21:25:30 [iter 5/60] self-play: 25/160 games...
2026-08-07 21:25:31   [GPU] 850,012 evals (19599 batches, avg 43/batch = 8% of 512, 4462 evals/s, 314 msg/s, 14.2 leaves/msg, 191s)
2026-08-07 21:25:42   [GPU] 900,022 evals (20780 batches, avg 43/batch = 8% of 512, 4456 evals/s, 314 msg/s, 14.2 leaves/msg, 202s)
2026-08-07 21:25:52 [iter 5/60] self-play: 30/160 games...
2026-08-07 21:25:55   [GPU] 950,007 evals (22019 batches, avg 43/batch = 8% of 512, 4436 evals/s, 313 msg/s, 14.2 leaves/msg, 214s)
2026-08-07 21:26:08   [GPU] 1,000,015 evals (23343 batches, avg 43/batch = 8% of 512, 4397 evals/s, 309 msg/s, 14.2 leaves/msg, 227s)
2026-08-07 21:26:19   [GPU] 1,050,011 evals (24468 batches, avg 43/batch = 8% of 512, 4409 evals/s, 310 msg/s, 14.2 leaves/msg, 238s)
2026-08-07 21:26:26 [iter 5/60] self-play: 35/160 games...
2026-08-07 21:26:31   [GPU] 1,100,039 evals (25735 batches, avg 43/batch = 8% of 512, 4389 evals/s, 311 msg/s, 14.1 leaves/msg, 251s)
2026-08-07 21:26:40 [iter 5/60] self-play: 40/160 games...
2026-08-07 21:26:42   [GPU] 1,150,009 evals (26919 batches, avg 43/batch = 8% of 512, 4392 evals/s, 312 msg/s, 14.1 leaves/msg, 262s)
2026-08-07 21:26:54   [GPU] 1,200,031 evals (28152 batches, avg 43/batch = 8% of 512, 4382 evals/s, 311 msg/s, 14.1 leaves/msg, 274s)
2026-08-07 21:27:06   [GPU] 1,250,030 evals (29358 batches, avg 43/batch = 8% of 512, 4379 evals/s, 310 msg/s, 14.1 leaves/msg, 285s)
2026-08-07 21:27:13 [iter 5/60] self-play: 45/160 games...
2026-08-07 21:27:15   [GPU] 1,300,043 evals (30343 batches, avg 43/batch = 8% of 512, 4411 evals/s, 314 msg/s, 14.1 leaves/msg, 295s)
2026-08-07 21:27:24   [GPU] 1,350,012 evals (31321 batches, avg 43/batch = 8% of 512, 4440 evals/s, 316 msg/s, 14.0 leaves/msg, 304s)
2026-08-07 21:27:34   [GPU] 1,400,027 evals (32387 batches, avg 43/batch = 8% of 512, 4458 evals/s, 319 msg/s, 14.0 leaves/msg, 314s)
2026-08-07 21:27:35 [iter 5/60] self-play: 50/160 games...
2026-08-07 21:27:45   [GPU] 1,450,059 evals (33514 batches, avg 43/batch = 8% of 512, 4466 evals/s, 319 msg/s, 14.0 leaves/msg, 325s)
2026-08-07 21:27:52 [iter 5/60] self-play: 55/160 games...
2026-08-07 21:27:55   [GPU] 1,500,024 evals (34590 batches, avg 43/batch = 8% of 512, 4479 evals/s, 321 msg/s, 14.0 leaves/msg, 335s)
2026-08-07 21:28:09   [GPU] 1,550,030 evals (35962 batches, avg 43/batch = 8% of 512, 4443 evals/s, 318 msg/s, 14.0 leaves/msg, 349s)
2026-08-07 21:28:21   [GPU] 1,600,029 evals (37168 batches, avg 43/batch = 8% of 512, 4438 evals/s, 317 msg/s, 14.0 leaves/msg, 361s)
2026-08-07 21:28:26 [iter 5/60] self-play: 60/160 games...
2026-08-07 21:28:31   [GPU] 1,650,006 evals (38254 batches, avg 43/batch = 8% of 512, 4453 evals/s, 319 msg/s, 14.0 leaves/msg, 371s)
2026-08-07 21:28:41   [GPU] 1,700,002 evals (39352 batches, avg 43/batch = 8% of 512, 4465 evals/s, 320 msg/s, 14.0 leaves/msg, 381s)
2026-08-07 21:28:51   [GPU] 1,750,012 evals (40423 batches, avg 43/batch = 8% of 512, 4483 evals/s, 321 msg/s, 14.0 leaves/msg, 390s)
2026-08-07 21:29:00   [GPU] 1,800,001 evals (41483 batches, avg 43/batch = 8% of 512, 4499 evals/s, 322 msg/s, 14.0 leaves/msg, 400s)
2026-08-07 21:29:10   [GPU] 1,850,042 evals (42542 batches, avg 43/batch = 8% of 512, 4515 evals/s, 322 msg/s, 14.0 leaves/msg, 410s)
2026-08-07 21:29:15 [iter 5/60] self-play: 65/160 games...
2026-08-07 21:29:18   [GPU] 1,900,033 evals (43498 batches, avg 44/batch = 9% of 512, 4545 evals/s, 324 msg/s, 14.0 leaves/msg, 418s)
2026-08-07 21:29:27   [GPU] 1,950,050 evals (44438 batches, avg 44/batch = 9% of 512, 4573 evals/s, 326 msg/s, 14.0 leaves/msg, 426s)
2026-08-07 21:29:35   [GPU] 2,000,006 evals (45375 batches, avg 44/batch = 9% of 512, 4598 evals/s, 328 msg/s, 14.0 leaves/msg, 435s)
2026-08-07 21:29:42 [iter 5/60] self-play: 70/160 games...
2026-08-07 21:29:46   [GPU] 2,050,006 evals (46488 batches, avg 44/batch = 9% of 512, 4603 evals/s, 329 msg/s, 14.0 leaves/msg, 445s)
2026-08-07 21:29:56   [GPU] 2,100,000 evals (47633 batches, avg 44/batch = 9% of 512, 4609 evals/s, 329 msg/s, 14.0 leaves/msg, 456s)
2026-08-07 21:30:06   [GPU] 2,150,026 evals (48694 batches, avg 44/batch = 9% of 512, 4620 evals/s, 330 msg/s, 14.0 leaves/msg, 465s)
2026-08-07 21:30:10 [iter 5/60] self-play: 75/160 games...
2026-08-07 21:30:17   [GPU] 2,200,014 evals (49855 batches, avg 44/batch = 9% of 512, 4619 evals/s, 330 msg/s, 14.0 leaves/msg, 476s)
2026-08-07 21:30:28   [GPU] 2,250,051 evals (50998 batches, avg 44/batch = 9% of 512, 4619 evals/s, 330 msg/s, 14.0 leaves/msg, 487s)
2026-08-07 21:30:31 [iter 5/60] self-play: 80/160 games...
2026-08-07 21:30:39   [GPU] 2,300,008 evals (52145 batches, avg 44/batch = 9% of 512, 4614 evals/s, 330 msg/s, 14.0 leaves/msg, 498s)
2026-08-07 21:30:51   [GPU] 2,350,029 evals (53403 batches, avg 44/batch = 9% of 512, 4600 evals/s, 329 msg/s, 14.0 leaves/msg, 511s)
2026-08-07 21:31:04   [GPU] 2,400,020 evals (54700 batches, avg 44/batch = 9% of 512, 4583 evals/s, 328 msg/s, 14.0 leaves/msg, 524s)
2026-08-07 21:31:10 [iter 5/60] self-play: 85/160 games...
2026-08-07 21:31:17   [GPU] 2,450,001 evals (56045 batches, avg 44/batch = 9% of 512, 4565 evals/s, 327 msg/s, 14.0 leaves/msg, 537s)
2026-08-07 21:31:29   [GPU] 2,500,045 evals (57305 batches, avg 44/batch = 9% of 512, 4556 evals/s, 326 msg/s, 14.0 leaves/msg, 549s)
2026-08-07 21:31:40   [GPU] 2,550,020 evals (58491 batches, avg 44/batch = 9% of 512, 4553 evals/s, 326 msg/s, 14.0 leaves/msg, 560s)
2026-08-07 21:31:51   [GPU] 2,600,001 evals (59550 batches, avg 44/batch = 9% of 512, 4559 evals/s, 326 msg/s, 14.0 leaves/msg, 570s)
2026-08-07 21:32:01   [GPU] 2,650,065 evals (60614 batches, avg 44/batch = 9% of 512, 4566 evals/s, 327 msg/s, 14.0 leaves/msg, 580s)
2026-08-07 21:32:11   [GPU] 2,700,026 evals (61627 batches, avg 44/batch = 9% of 512, 4575 evals/s, 327 msg/s, 14.0 leaves/msg, 590s)
2026-08-07 21:32:22   [GPU] 2,750,019 evals (62825 batches, avg 44/batch = 9% of 512, 4570 evals/s, 327 msg/s, 14.0 leaves/msg, 602s)
2026-08-07 21:32:32 [iter 5/60] self-play: 90/160 games...
2026-08-07 21:32:34   [GPU] 2,800,031 evals (64053 batches, avg 44/batch = 9% of 512, 4560 evals/s, 327 msg/s, 14.0 leaves/msg, 614s)
2026-08-07 21:32:48   [GPU] 2,850,032 evals (65409 batches, avg 44/batch = 9% of 512, 4542 evals/s, 326 msg/s, 14.0 leaves/msg, 627s)
2026-08-07 21:33:00   [GPU] 2,900,002 evals (66650 batches, avg 44/batch = 8% of 512, 4535 evals/s, 325 msg/s, 14.0 leaves/msg, 639s)
2026-08-07 21:33:13   [GPU] 2,950,026 evals (67954 batches, avg 43/batch = 8% of 512, 4523 evals/s, 324 msg/s, 14.0 leaves/msg, 652s)
2026-08-07 21:33:24 [iter 5/60] self-play: 95/160 games...
2026-08-07 21:33:24   [GPU] 3,000,022 evals (69191 batches, avg 43/batch = 8% of 512, 4518 evals/s, 324 msg/s, 14.0 leaves/msg, 664s)
2026-08-07 21:33:35   [GPU] 3,050,060 evals (70326 batches, avg 43/batch = 8% of 512, 4521 evals/s, 324 msg/s, 13.9 leaves/msg, 675s)
2026-08-07 21:33:41 [iter 5/60] self-play: 100/160 games...
2026-08-07 21:33:47   [GPU] 3,100,011 evals (71595 batches, avg 43/batch = 8% of 512, 4512 evals/s, 324 msg/s, 13.9 leaves/msg, 687s)
2026-08-07 21:33:59   [GPU] 3,150,010 evals (72806 batches, avg 43/batch = 8% of 512, 4509 evals/s, 324 msg/s, 13.9 leaves/msg, 699s)
2026-08-07 21:34:12   [GPU] 3,200,013 evals (74151 batches, avg 43/batch = 8% of 512, 4497 evals/s, 323 msg/s, 13.9 leaves/msg, 712s)
2026-08-07 21:34:23   [GPU] 3,250,052 evals (75287 batches, avg 43/batch = 8% of 512, 4499 evals/s, 323 msg/s, 13.9 leaves/msg, 722s)
2026-08-07 21:34:27 [iter 5/60] self-play: 105/160 games...
2026-08-07 21:34:32   [GPU] 3,300,004 evals (76308 batches, avg 43/batch = 8% of 512, 4509 evals/s, 324 msg/s, 13.9 leaves/msg, 732s)
2026-08-07 21:34:40 [iter 5/60] self-play: 110/160 games...
2026-08-07 21:34:42   [GPU] 3,350,043 evals (77349 batches, avg 43/batch = 8% of 512, 4517 evals/s, 325 msg/s, 13.9 leaves/msg, 742s)
2026-08-07 21:34:51   [GPU] 3,400,040 evals (78305 batches, avg 43/batch = 8% of 512, 4529 evals/s, 326 msg/s, 13.9 leaves/msg, 751s)
2026-08-07 21:34:59 [iter 5/60] self-play: 115/160 games...
2026-08-07 21:35:01   [GPU] 3,450,006 evals (79312 batches, avg 43/batch = 8% of 512, 4538 evals/s, 327 msg/s, 13.9 leaves/msg, 760s)
2026-08-07 21:35:11   [GPU] 3,500,036 evals (80372 batches, avg 44/batch = 9% of 512, 4543 evals/s, 327 msg/s, 13.9 leaves/msg, 770s)
2026-08-07 21:35:21   [GPU] 3,550,015 evals (81464 batches, avg 44/batch = 9% of 512, 4548 evals/s, 328 msg/s, 13.9 leaves/msg, 781s)
2026-08-07 21:35:22 [iter 5/60] self-play: 120/160 games...
2026-08-07 21:35:32   [GPU] 3,600,008 evals (82617 batches, avg 44/batch = 9% of 512, 4550 evals/s, 328 msg/s, 13.9 leaves/msg, 791s)
2026-08-07 21:35:43   [GPU] 3,650,036 evals (83816 batches, avg 44/batch = 9% of 512, 4548 evals/s, 328 msg/s, 13.9 leaves/msg, 803s)
2026-08-07 21:35:54   [GPU] 3,700,031 evals (84974 batches, avg 44/batch = 9% of 512, 4548 evals/s, 328 msg/s, 13.9 leaves/msg, 813s)
2026-08-07 21:36:04   [GPU] 3,750,018 evals (86105 batches, avg 44/batch = 9% of 512, 4553 evals/s, 328 msg/s, 13.9 leaves/msg, 824s)
2026-08-07 21:36:13   [GPU] 3,800,043 evals (87118 batches, avg 44/batch = 9% of 512, 4563 evals/s, 328 msg/s, 13.9 leaves/msg, 833s)
2026-08-07 21:36:22   [GPU] 3,850,076 evals (88121 batches, avg 44/batch = 9% of 512, 4574 evals/s, 329 msg/s, 13.9 leaves/msg, 842s)
2026-08-07 21:36:31 [iter 5/60] self-play: 125/160 games...
2026-08-07 21:36:31   [GPU] 3,900,032 evals (89101 batches, avg 44/batch = 9% of 512, 4584 evals/s, 331 msg/s, 13.9 leaves/msg, 851s)
2026-08-07 21:36:42   [GPU] 3,950,060 evals (90225 batches, avg 44/batch = 9% of 512, 4586 evals/s, 331 msg/s, 13.9 leaves/msg, 861s)
2026-08-07 21:36:53   [GPU] 4,000,002 evals (91463 batches, avg 44/batch = 9% of 512, 4582 evals/s, 331 msg/s, 13.9 leaves/msg, 873s)
2026-08-07 21:36:59 [iter 5/60] self-play: 130/160 games...
2026-08-07 21:37:05   [GPU] 4,050,029 evals (92704 batches, avg 44/batch = 9% of 512, 4579 evals/s, 331 msg/s, 13.9 leaves/msg, 885s)
2026-08-07 21:37:17   [GPU] 4,100,021 evals (94012 batches, avg 44/batch = 9% of 512, 4571 evals/s, 330 msg/s, 13.9 leaves/msg, 897s)
2026-08-07 21:37:28 [iter 5/60] self-play: 135/160 games...
2026-08-07 21:37:29   [GPU] 4,150,057 evals (95222 batches, avg 44/batch = 9% of 512, 4568 evals/s, 330 msg/s, 13.9 leaves/msg, 909s)
2026-08-07 21:37:41   [GPU] 4,200,018 evals (96474 batches, avg 44/batch = 9% of 512, 4564 evals/s, 330 msg/s, 13.8 leaves/msg, 920s)
2026-08-07 21:37:54   [GPU] 4,250,038 evals (97860 batches, avg 43/batch = 8% of 512, 4551 evals/s, 329 msg/s, 13.8 leaves/msg, 934s)
2026-08-07 21:38:07   [GPU] 4,300,003 evals (99168 batches, avg 43/batch = 8% of 512, 4544 evals/s, 328 msg/s, 13.8 leaves/msg, 946s)
2026-08-07 21:38:17   [GPU] 4,350,057 evals (100228 batches, avg 43/batch = 8% of 512, 4549 evals/s, 328 msg/s, 13.8 leaves/msg, 956s)
2026-08-07 21:38:18 [iter 5/60] self-play: 140/160 games...
2026-08-07 21:38:28   [GPU] 4,400,028 evals (101409 batches, avg 43/batch = 8% of 512, 4548 evals/s, 329 msg/s, 13.8 leaves/msg, 967s)
2026-08-07 21:38:39   [GPU] 4,450,029 evals (102626 batches, avg 43/batch = 8% of 512, 4548 evals/s, 328 msg/s, 13.8 leaves/msg, 979s)
2026-08-07 21:38:50   [GPU] 4,500,040 evals (103820 batches, avg 43/batch = 8% of 512, 4547 evals/s, 328 msg/s, 13.8 leaves/msg, 990s)
2026-08-07 21:39:01   [GPU] 4,550,023 evals (104980 batches, avg 43/batch = 8% of 512, 4548 evals/s, 328 msg/s, 13.8 leaves/msg, 1001s)
2026-08-07 21:39:10   [GPU] 4,600,020 evals (106036 batches, avg 43/batch = 8% of 512, 4554 evals/s, 329 msg/s, 13.8 leaves/msg, 1010s)
2026-08-07 21:39:19   [GPU] 4,650,032 evals (106993 batches, avg 43/batch = 8% of 512, 4564 evals/s, 330 msg/s, 13.8 leaves/msg, 1019s)
2026-08-07 21:39:21 [iter 5/60] self-play: 145/160 games...
2026-08-07 21:39:30   [GPU] 4,700,004 evals (108117 batches, avg 43/batch = 8% of 512, 4567 evals/s, 330 msg/s, 13.8 leaves/msg, 1029s)
2026-08-07 21:39:41   [GPU] 4,750,031 evals (109348 batches, avg 43/batch = 8% of 512, 4564 evals/s, 330 msg/s, 13.8 leaves/msg, 1041s)
2026-08-07 21:39:49 [iter 5/60] self-play: 150/160 games...
2026-08-07 21:39:51   [GPU] 4,800,053 evals (110433 batches, avg 43/batch = 8% of 512, 4567 evals/s, 330 msg/s, 13.8 leaves/msg, 1051s)
2026-08-07 21:40:02   [GPU] 4,850,030 evals (111535 batches, avg 43/batch = 8% of 512, 4571 evals/s, 330 msg/s, 13.8 leaves/msg, 1061s)
2026-08-07 21:40:14   [GPU] 4,900,030 evals (112734 batches, avg 43/batch = 8% of 512, 4566 evals/s, 330 msg/s, 13.8 leaves/msg, 1073s)
2026-08-07 21:40:19 [iter 5/60] self-play: 155/160 games...
2026-08-07 21:40:43   [GPU] 4,950,021 evals (114827 batches, avg 43/batch = 8% of 512, 4488 evals/s, 324 msg/s, 13.8 leaves/msg, 1103s)
2026-08-07 21:41:37   [GPU] 5,000,006 evals (117656 batches, avg 42/batch = 8% of 512, 4325 evals/s, 312 msg/s, 13.8 leaves/msg, 1156s)
2026-08-07 21:42:30   [GPU] 5,050,031 evals (120402 batches, avg 42/batch = 8% of 512, 4174 evals/s, 301 msg/s, 13.9 leaves/msg, 1210s)
2026-08-07 21:43:27 [iter 5/60] self-play: 160/160 games...
2026-08-07 21:43:27 [iter 5/60] self-play done: 160 games (1267s) | wins: P0=33, P1=92, draw=35 | draw_rate=22% avg_len~22
2026-08-07 21:43:27 [iter 5/60] search: expanded=11.1 actions/node visits/action=54.2 walls/game=6.96 first_wall_ply=1.538 learner_sims/s=4288.67
2026-08-07 21:43:27 [iter 5/60] WARNING: draw_rate 22% > 20% — games timing out at max_game_moves=160 (weak value signal).
2026-08-07 21:43:27 [iter 5/60] training (600 steps, lr=9.90e-04)...
2026-08-07 21:43:32 [iter 5/60] training done: loss_p=1.419 loss_v=0.191 (5s)
2026-08-07 21:43:33 [iter 5/60] data: policy_wall_mass=0.148 walled_states=57% walls_on_board=13.7 value_mae walled=0.166 free=0.189
2026-08-07 21:43:33 [iter 5/60] eval skipped (eval_every=4)
2026-08-07 21:43:33 >>> iter 5 | loss_p=1.419 loss_v=0.191 | vs_best=n/a (not evaluated) | vs_rand=n/a | draw=22% | buf=35784 | rss=2.43GB | sp=1267s train=5s eval_best=0s eval_rand=0s | total=1273s
2026-08-07 21:43:33 [iter 6/60] self-play starting (160 games, 600 sims, MIXED 80/160 race-only)...
2026-08-07 21:43:33 [PARALLEL-MP] 8 workers spawned (160 games, sims=600), GPU batcher starting...
2026-08-07 21:43:44   [GPU] 50,008 evals (877 batches, avg 57/batch = 11% of 512, 4765 evals/s, 356 msg/s, 13.4 leaves/msg, 10s)
2026-08-07 21:43:51 [iter 6/60] self-play: 5/160 games...
2026-08-07 21:43:54   [GPU] 100,005 evals (1944 batches, avg 51/batch = 10% of 512, 4786 evals/s, 367 msg/s, 13.0 leaves/msg, 21s)
2026-08-07 21:44:06   [GPU] 150,022 evals (3174 batches, avg 47/batch = 9% of 512, 4562 evals/s, 342 msg/s, 13.3 leaves/msg, 33s)
2026-08-07 21:44:09 [iter 6/60] self-play: 10/160 games...
2026-08-07 21:44:19   [GPU] 200,000 evals (4504 batches, avg 44/batch = 9% of 512, 4373 evals/s, 328 msg/s, 13.3 leaves/msg, 46s)
2026-08-07 21:44:30   [GPU] 250,022 evals (5692 batches, avg 44/batch = 9% of 512, 4405 evals/s, 330 msg/s, 13.4 leaves/msg, 57s)
2026-08-07 21:44:36 [iter 6/60] self-play: 15/160 games...
2026-08-07 21:44:41   [GPU] 300,017 evals (6860 batches, avg 44/batch = 9% of 512, 4431 evals/s, 330 msg/s, 13.4 leaves/msg, 68s)
2026-08-07 21:44:52   [GPU] 350,045 evals (8025 batches, avg 44/batch = 9% of 512, 4456 evals/s, 334 msg/s, 13.3 leaves/msg, 79s)
2026-08-07 21:45:00 [iter 6/60] self-play: 20/160 games...
2026-08-07 21:45:02   [GPU] 400,016 evals (9152 batches, avg 44/batch = 9% of 512, 4486 evals/s, 335 msg/s, 13.4 leaves/msg, 89s)
2026-08-07 21:45:13   [GPU] 450,045 evals (10275 batches, avg 44/batch = 9% of 512, 4508 evals/s, 335 msg/s, 13.5 leaves/msg, 100s)
2026-08-07 21:45:24   [GPU] 500,040 evals (11369 batches, avg 44/batch = 9% of 512, 4537 evals/s, 337 msg/s, 13.5 leaves/msg, 110s)
2026-08-07 21:45:35   [GPU] 550,006 evals (12530 batches, avg 44/batch = 9% of 512, 4528 evals/s, 336 msg/s, 13.5 leaves/msg, 121s)
2026-08-07 21:45:46 [iter 6/60] self-play: 25/160 games...
2026-08-07 21:45:46   [GPU] 600,031 evals (13717 batches, avg 44/batch = 9% of 512, 4516 evals/s, 334 msg/s, 13.5 leaves/msg, 133s)
2026-08-07 21:45:56   [GPU] 650,015 evals (14756 batches, avg 44/batch = 9% of 512, 4555 evals/s, 337 msg/s, 13.5 leaves/msg, 143s)
2026-08-07 21:46:06   [GPU] 700,014 evals (15791 batches, avg 44/batch = 9% of 512, 4594 evals/s, 340 msg/s, 13.5 leaves/msg, 152s)
2026-08-07 21:46:17   [GPU] 750,018 evals (16987 batches, avg 44/batch = 9% of 512, 4573 evals/s, 338 msg/s, 13.5 leaves/msg, 164s)
2026-08-07 21:46:29   [GPU] 800,023 evals (18181 batches, avg 44/batch = 9% of 512, 4560 evals/s, 335 msg/s, 13.6 leaves/msg, 175s)
2026-08-07 21:46:40   [GPU] 850,006 evals (19391 batches, avg 44/batch = 9% of 512, 4542 evals/s, 333 msg/s, 13.7 leaves/msg, 187s)
2026-08-07 21:46:41 [iter 6/60] self-play: 30/160 games...
2026-08-07 21:46:50   [GPU] 900,054 evals (20401 batches, avg 44/batch = 9% of 512, 4574 evals/s, 334 msg/s, 13.7 leaves/msg, 197s)
2026-08-07 21:47:00   [GPU] 950,004 evals (21444 batches, avg 44/batch = 9% of 512, 4595 evals/s, 336 msg/s, 13.7 leaves/msg, 207s)
2026-08-07 21:47:02 [iter 6/60] self-play: 35/160 games...
2026-08-07 21:47:11   [GPU] 1,000,041 evals (22526 batches, avg 44/batch = 9% of 512, 4600 evals/s, 337 msg/s, 13.7 leaves/msg, 217s)
2026-08-07 21:47:21   [GPU] 1,050,010 evals (23581 batches, avg 45/batch = 9% of 512, 4619 evals/s, 338 msg/s, 13.7 leaves/msg, 227s)
2026-08-07 21:47:24 [iter 6/60] self-play: 40/160 games...
2026-08-07 21:47:32   [GPU] 1,100,003 evals (24728 batches, avg 44/batch = 9% of 512, 4615 evals/s, 338 msg/s, 13.6 leaves/msg, 238s)
2026-08-07 21:47:44   [GPU] 1,150,025 evals (25946 batches, avg 44/batch = 9% of 512, 4592 evals/s, 335 msg/s, 13.7 leaves/msg, 250s)
2026-08-07 21:47:48 [iter 6/60] self-play: 45/160 games...
2026-08-07 21:47:55   [GPU] 1,200,035 evals (27118 batches, avg 44/batch = 9% of 512, 4583 evals/s, 334 msg/s, 13.7 leaves/msg, 262s)
2026-08-07 21:48:07   [GPU] 1,250,028 evals (28307 batches, avg 44/batch = 9% of 512, 4572 evals/s, 333 msg/s, 13.7 leaves/msg, 273s)
2026-08-07 21:48:17   [GPU] 1,300,002 evals (29397 batches, avg 44/batch = 9% of 512, 4582 evals/s, 333 msg/s, 13.8 leaves/msg, 284s)
2026-08-07 21:48:27   [GPU] 1,350,005 evals (30490 batches, avg 44/batch = 9% of 512, 4591 evals/s, 333 msg/s, 13.8 leaves/msg, 294s)
2026-08-07 21:48:31 [iter 6/60] self-play: 50/160 games...
2026-08-07 21:48:39   [GPU] 1,400,014 evals (31699 batches, avg 44/batch = 9% of 512, 4579 evals/s, 332 msg/s, 13.8 leaves/msg, 306s)
2026-08-07 21:48:51   [GPU] 1,450,069 evals (32950 batches, avg 44/batch = 9% of 512, 4559 evals/s, 330 msg/s, 13.8 leaves/msg, 318s)
2026-08-07 21:49:04   [GPU] 1,500,051 evals (34189 batches, avg 44/batch = 9% of 512, 4538 evals/s, 327 msg/s, 13.9 leaves/msg, 331s)
2026-08-07 21:49:15   [GPU] 1,550,108 evals (35330 batches, avg 44/batch = 9% of 512, 4540 evals/s, 327 msg/s, 13.9 leaves/msg, 341s)
2026-08-07 21:49:25   [GPU] 1,600,041 evals (36446 batches, avg 44/batch = 9% of 512, 4545 evals/s, 327 msg/s, 13.9 leaves/msg, 352s)
2026-08-07 21:49:35   [GPU] 1,650,006 evals (37501 batches, avg 44/batch = 9% of 512, 4560 evals/s, 327 msg/s, 13.9 leaves/msg, 362s)
2026-08-07 21:49:44   [GPU] 1,700,029 evals (38519 batches, avg 44/batch = 9% of 512, 4580 evals/s, 329 msg/s, 13.9 leaves/msg, 371s)
2026-08-07 21:49:45 [iter 6/60] self-play: 55/160 games...
2026-08-07 21:49:54   [GPU] 1,750,013 evals (39541 batches, avg 44/batch = 9% of 512, 4596 evals/s, 330 msg/s, 13.9 leaves/msg, 381s)
2026-08-07 21:50:05   [GPU] 1,800,014 evals (40679 batches, avg 44/batch = 9% of 512, 4600 evals/s, 330 msg/s, 13.9 leaves/msg, 391s)
2026-08-07 21:50:15   [GPU] 1,850,001 evals (41723 batches, avg 44/batch = 9% of 512, 4610 evals/s, 330 msg/s, 14.0 leaves/msg, 401s)
2026-08-07 21:50:20 [iter 6/60] self-play: 60/160 games...
2026-08-07 21:50:24   [GPU] 1,900,009 evals (42780 batches, avg 44/batch = 9% of 512, 4622 evals/s, 332 msg/s, 13.9 leaves/msg, 411s)
2026-08-07 21:50:25 [iter 6/60] self-play: 65/160 games...
2026-08-07 21:50:35   [GPU] 1,950,003 evals (43831 batches, avg 44/batch = 9% of 512, 4626 evals/s, 333 msg/s, 13.9 leaves/msg, 422s)
2026-08-07 21:50:45 [iter 6/60] self-play: 70/160 games...
2026-08-07 21:50:46   [GPU] 2,000,001 evals (45037 batches, avg 44/batch = 9% of 512, 4620 evals/s, 333 msg/s, 13.9 leaves/msg, 433s)
2026-08-07 21:50:58   [GPU] 2,050,013 evals (46231 batches, avg 44/batch = 9% of 512, 4612 evals/s, 332 msg/s, 13.9 leaves/msg, 445s)
2026-08-07 21:51:08 [iter 6/60] self-play: 75/160 games...
2026-08-07 21:51:08   [GPU] 2,100,020 evals (47323 batches, avg 44/batch = 9% of 512, 4614 evals/s, 332 msg/s, 13.9 leaves/msg, 455s)
2026-08-07 21:51:20   [GPU] 2,150,004 evals (48504 batches, avg 44/batch = 9% of 512, 4609 evals/s, 332 msg/s, 13.9 leaves/msg, 466s)
2026-08-07 21:51:29   [GPU] 2,200,057 evals (49552 batches, avg 44/batch = 9% of 512, 4621 evals/s, 333 msg/s, 13.9 leaves/msg, 476s)
2026-08-07 21:51:39   [GPU] 2,250,027 evals (50631 batches, avg 44/batch = 9% of 512, 4630 evals/s, 334 msg/s, 13.9 leaves/msg, 486s)
2026-08-07 21:51:50   [GPU] 2,300,027 evals (51797 batches, avg 44/batch = 9% of 512, 4630 evals/s, 334 msg/s, 13.9 leaves/msg, 497s)
2026-08-07 21:51:57 [iter 6/60] self-play: 80/160 games...
2026-08-07 21:52:01   [GPU] 2,350,037 evals (52971 batches, avg 44/batch = 9% of 512, 4632 evals/s, 335 msg/s, 13.8 leaves/msg, 507s)
2026-08-07 21:52:12   [GPU] 2,400,054 evals (54159 batches, avg 44/batch = 9% of 512, 4632 evals/s, 335 msg/s, 13.8 leaves/msg, 518s)
2026-08-07 21:52:22   [GPU] 2,450,018 evals (55284 batches, avg 44/batch = 9% of 512, 4637 evals/s, 335 msg/s, 13.8 leaves/msg, 528s)
2026-08-07 21:52:32   [GPU] 2,500,051 evals (56391 batches, avg 44/batch = 9% of 512, 4645 evals/s, 336 msg/s, 13.8 leaves/msg, 538s)
2026-08-07 21:52:34 [iter 6/60] self-play: 85/160 games...
2026-08-07 21:52:41   [GPU] 2,550,045 evals (57463 batches, avg 44/batch = 9% of 512, 4654 evals/s, 337 msg/s, 13.8 leaves/msg, 548s)
2026-08-07 21:52:53   [GPU] 2,600,040 evals (58716 batches, avg 44/batch = 9% of 512, 4644 evals/s, 337 msg/s, 13.8 leaves/msg, 560s)
2026-08-07 21:53:05   [GPU] 2,650,043 evals (59914 batches, avg 44/batch = 9% of 512, 4639 evals/s, 336 msg/s, 13.8 leaves/msg, 571s)
2026-08-07 21:53:08 [iter 6/60] self-play: 90/160 games...
2026-08-07 21:53:16   [GPU] 2,700,018 evals (61086 batches, avg 44/batch = 9% of 512, 4636 evals/s, 336 msg/s, 13.8 leaves/msg, 582s)
2026-08-07 21:53:28   [GPU] 2,750,009 evals (62372 batches, avg 44/batch = 9% of 512, 4623 evals/s, 335 msg/s, 13.8 leaves/msg, 595s)
2026-08-07 21:53:39   [GPU] 2,800,028 evals (63563 batches, avg 44/batch = 9% of 512, 4620 evals/s, 335 msg/s, 13.8 leaves/msg, 606s)
2026-08-07 21:53:49   [GPU] 2,850,034 evals (64570 batches, avg 44/batch = 9% of 512, 4632 evals/s, 335 msg/s, 13.8 leaves/msg, 615s)
2026-08-07 21:53:57 [iter 6/60] self-play: 95/160 games...
2026-08-07 21:53:57   [GPU] 2,900,045 evals (65547 batches, avg 44/batch = 9% of 512, 4647 evals/s, 337 msg/s, 13.8 leaves/msg, 624s)
2026-08-07 21:54:08   [GPU] 2,950,055 evals (66710 batches, avg 44/batch = 9% of 512, 4649 evals/s, 338 msg/s, 13.8 leaves/msg, 634s)
2026-08-07 21:54:18 [iter 6/60] self-play: 100/160 games...
2026-08-07 21:54:19   [GPU] 3,000,020 evals (67964 batches, avg 44/batch = 9% of 512, 4644 evals/s, 338 msg/s, 13.7 leaves/msg, 646s)
2026-08-07 21:54:31   [GPU] 3,050,026 evals (69218 batches, avg 44/batch = 9% of 512, 4638 evals/s, 339 msg/s, 13.7 leaves/msg, 658s)
2026-08-07 21:54:43   [GPU] 3,100,004 evals (70518 batches, avg 44/batch = 9% of 512, 4629 evals/s, 338 msg/s, 13.7 leaves/msg, 670s)
2026-08-07 21:54:54   [GPU] 3,150,005 evals (71709 batches, avg 44/batch = 9% of 512, 4628 evals/s, 339 msg/s, 13.7 leaves/msg, 681s)
2026-08-07 21:55:04   [GPU] 3,200,024 evals (72852 batches, avg 44/batch = 9% of 512, 4632 evals/s, 339 msg/s, 13.7 leaves/msg, 691s)
2026-08-07 21:55:09 [iter 6/60] self-play: 105/160 games...
2026-08-07 21:55:15   [GPU] 3,250,016 evals (74027 batches, avg 44/batch = 9% of 512, 4633 evals/s, 340 msg/s, 13.6 leaves/msg, 702s)
2026-08-07 21:55:26   [GPU] 3,300,031 evals (75283 batches, avg 44/batch = 9% of 512, 4627 evals/s, 340 msg/s, 13.6 leaves/msg, 713s)
2026-08-07 21:55:37   [GPU] 3,350,030 evals (76447 batches, avg 44/batch = 9% of 512, 4628 evals/s, 340 msg/s, 13.6 leaves/msg, 724s)
2026-08-07 21:55:38 [iter 6/60] self-play: 110/160 games...
2026-08-07 21:55:49   [GPU] 3,400,003 evals (77689 batches, avg 44/batch = 9% of 512, 4623 evals/s, 340 msg/s, 13.6 leaves/msg, 736s)
2026-08-07 21:56:01   [GPU] 3,450,017 evals (78965 batches, avg 44/batch = 9% of 512, 4613 evals/s, 339 msg/s, 13.6 leaves/msg, 748s)
2026-08-07 21:56:13   [GPU] 3,500,023 evals (80164 batches, avg 44/batch = 9% of 512, 4610 evals/s, 339 msg/s, 13.6 leaves/msg, 759s)
2026-08-07 21:56:16 [iter 6/60] self-play: 115/160 games...
2026-08-07 21:56:25   [GPU] 3,550,031 evals (81502 batches, avg 44/batch = 9% of 512, 4599 evals/s, 339 msg/s, 13.6 leaves/msg, 772s)
2026-08-07 21:56:37   [GPU] 3,600,077 evals (82814 batches, avg 43/batch = 8% of 512, 4591 evals/s, 338 msg/s, 13.6 leaves/msg, 784s)
2026-08-07 21:56:49   [GPU] 3,650,001 evals (84047 batches, avg 43/batch = 8% of 512, 4587 evals/s, 338 msg/s, 13.6 leaves/msg, 796s)
2026-08-07 21:57:03   [GPU] 3,700,013 evals (85471 batches, avg 43/batch = 8% of 512, 4572 evals/s, 338 msg/s, 13.5 leaves/msg, 809s)
2026-08-07 21:57:08 [iter 6/60] self-play: 120/160 games...
2026-08-07 21:57:15   [GPU] 3,750,007 evals (86730 batches, avg 43/batch = 8% of 512, 4565 evals/s, 338 msg/s, 13.5 leaves/msg, 821s)
2026-08-07 21:57:28   [GPU] 3,800,011 evals (88021 batches, avg 43/batch = 8% of 512, 4553 evals/s, 337 msg/s, 13.5 leaves/msg, 835s)
2026-08-07 21:57:38 [iter 6/60] self-play: 125/160 games...
2026-08-07 21:57:40   [GPU] 3,850,045 evals (89199 batches, avg 43/batch = 8% of 512, 4547 evals/s, 336 msg/s, 13.5 leaves/msg, 847s)
2026-08-07 21:57:52   [GPU] 3,900,007 evals (90422 batches, avg 43/batch = 8% of 512, 4540 evals/s, 336 msg/s, 13.5 leaves/msg, 859s)
2026-08-07 21:58:03   [GPU] 3,950,038 evals (91551 batches, avg 43/batch = 8% of 512, 4540 evals/s, 336 msg/s, 13.5 leaves/msg, 870s)
2026-08-07 21:58:12 [iter 6/60] self-play: 130/160 games...
2026-08-07 21:58:12   [GPU] 4,000,028 evals (92537 batches, avg 43/batch = 8% of 512, 4550 evals/s, 337 msg/s, 13.5 leaves/msg, 879s)
2026-08-07 21:58:23   [GPU] 4,050,029 evals (93687 batches, avg 43/batch = 8% of 512, 4552 evals/s, 337 msg/s, 13.5 leaves/msg, 890s)
2026-08-07 21:58:33   [GPU] 4,100,048 evals (94752 batches, avg 43/batch = 8% of 512, 4557 evals/s, 337 msg/s, 13.5 leaves/msg, 900s)
2026-08-07 21:58:39 [iter 6/60] self-play: 135/160 games...
2026-08-07 21:58:43   [GPU] 4,150,002 evals (95820 batches, avg 43/batch = 8% of 512, 4563 evals/s, 337 msg/s, 13.5 leaves/msg, 910s)
2026-08-07 21:58:52   [GPU] 4,200,006 evals (96872 batches, avg 43/batch = 8% of 512, 4569 evals/s, 338 msg/s, 13.5 leaves/msg, 919s)
2026-08-07 21:58:53 [iter 6/60] self-play: 140/160 games...
2026-08-07 21:59:04   [GPU] 4,250,060 evals (98085 batches, avg 43/batch = 8% of 512, 4566 evals/s, 338 msg/s, 13.5 leaves/msg, 931s)
2026-08-07 21:59:16   [GPU] 4,300,045 evals (99297 batches, avg 43/batch = 8% of 512, 4562 evals/s, 337 msg/s, 13.5 leaves/msg, 943s)
2026-08-07 21:59:28   [GPU] 4,350,055 evals (100521 batches, avg 43/batch = 8% of 512, 4559 evals/s, 337 msg/s, 13.5 leaves/msg, 954s)
2026-08-07 21:59:32 [iter 6/60] self-play: 145/160 games...
2026-08-07 21:59:38   [GPU] 4,400,049 evals (101607 batches, avg 43/batch = 8% of 512, 4563 evals/s, 337 msg/s, 13.5 leaves/msg, 964s)
2026-08-07 21:59:48   [GPU] 4,450,046 evals (102697 batches, avg 43/batch = 8% of 512, 4567 evals/s, 337 msg/s, 13.6 leaves/msg, 974s)
2026-08-07 21:59:57   [GPU] 4,500,028 evals (103712 batches, avg 43/batch = 8% of 512, 4577 evals/s, 337 msg/s, 13.6 leaves/msg, 983s)
2026-08-07 22:00:05   [GPU] 4,550,058 evals (104669 batches, avg 43/batch = 8% of 512, 4588 evals/s, 338 msg/s, 13.6 leaves/msg, 992s)
2026-08-07 22:00:13   [GPU] 4,600,029 evals (105624 batches, avg 44/batch = 9% of 512, 4600 evals/s, 339 msg/s, 13.6 leaves/msg, 1000s)
2026-08-07 22:00:21   [GPU] 4,650,011 evals (106505 batches, avg 44/batch = 9% of 512, 4614 evals/s, 340 msg/s, 13.6 leaves/msg, 1008s)
2026-08-07 22:00:26 [iter 6/60] self-play: 150/160 games...
2026-08-07 22:00:30   [GPU] 4,700,021 evals (107528 batches, avg 44/batch = 9% of 512, 4622 evals/s, 340 msg/s, 13.6 leaves/msg, 1017s)
2026-08-07 22:00:40   [GPU] 4,750,027 evals (108558 batches, avg 44/batch = 9% of 512, 4628 evals/s, 341 msg/s, 13.6 leaves/msg, 1026s)
2026-08-07 22:00:51   [GPU] 4,800,012 evals (109747 batches, avg 44/batch = 9% of 512, 4625 evals/s, 340 msg/s, 13.6 leaves/msg, 1038s)
2026-08-07 22:00:55 [iter 6/60] self-play: 155/160 games...
2026-08-07 22:01:11   [GPU] 4,850,036 evals (111439 batches, avg 44/batch = 9% of 512, 4587 evals/s, 337 msg/s, 13.6 leaves/msg, 1057s)
2026-08-07 22:01:43   [GPU] 4,900,009 evals (113775 batches, avg 43/batch = 8% of 512, 4495 evals/s, 330 msg/s, 13.6 leaves/msg, 1090s)
2026-08-07 22:02:16   [GPU] 4,950,000 evals (116110 batches, avg 43/batch = 8% of 512, 4407 evals/s, 324 msg/s, 13.6 leaves/msg, 1123s)
2026-08-07 22:03:18   [GPU] 5,000,015 evals (118883 batches, avg 42/batch = 8% of 512, 4220 evals/s, 310 msg/s, 13.6 leaves/msg, 1185s)
2026-08-07 22:03:44 [iter 6/60] self-play: 160/160 games...
2026-08-07 22:03:44 [iter 6/60] self-play done: 160 games (1211s) | wins: P0=33, P1=90, draw=37 | draw_rate=23% avg_len~19
2026-08-07 22:03:44 [iter 6/60] search: expanded=10.5 actions/node visits/action=57.4 walls/game=7.14 first_wall_ply=2.15 learner_sims/s=4405.24
2026-08-07 22:03:44 [iter 6/60] WARNING: draw_rate 23% > 20% — games timing out at max_game_moves=160 (weak value signal).
2026-08-07 22:03:44 [iter 6/60] training (600 steps, lr=9.85e-04)...
2026-08-07 22:03:49 [iter 6/60] training done: loss_p=1.385 loss_v=0.181 (5s)
2026-08-07 22:03:50 [iter 6/60] data: policy_wall_mass=0.160 walled_states=51% walls_on_board=11.1 value_mae walled=0.193 free=0.230
2026-08-07 22:03:51 [iter 6/60] eval skipped (eval_every=4)
2026-08-07 22:03:51 >>> iter 6 | loss_p=1.385 loss_v=0.181 | vs_best=n/a (not evaluated) | vs_rand=n/a | draw=23% | buf=41726 | rss=2.47GB | sp=1211s train=5s eval_best=0s eval_rand=0s | total=1217s
2026-08-07 22:03:51 [iter 7/60] self-play starting (160 games, 600 sims, MIXED 80/160 race-only)...
2026-08-07 22:03:51 [PARALLEL-MP] 8 workers spawned (160 games, sims=600), GPU batcher starting...
2026-08-07 22:04:02   [GPU] 50,041 evals (945 batches, avg 53/batch = 10% of 512, 4412 evals/s, 351 msg/s, 12.6 leaves/msg, 11s)
2026-08-07 22:04:04 [iter 7/60] self-play: 5/160 games...
2026-08-07 22:04:13   [GPU] 100,022 evals (2101 batches, avg 48/batch = 9% of 512, 4429 evals/s, 334 msg/s, 13.3 leaves/msg, 23s)
2026-08-07 22:04:25   [GPU] 150,013 evals (3345 batches, avg 45/batch = 9% of 512, 4328 evals/s, 323 msg/s, 13.4 leaves/msg, 35s)
2026-08-07 22:04:29 [iter 7/60] self-play: 10/160 games...
2026-08-07 22:04:39   [GPU] 200,008 evals (4684 batches, avg 43/batch = 8% of 512, 4159 evals/s, 310 msg/s, 13.4 leaves/msg, 48s)
2026-08-07 22:04:51   [GPU] 250,044 evals (5898 batches, avg 42/batch = 8% of 512, 4139 evals/s, 301 msg/s, 13.7 leaves/msg, 60s)
2026-08-07 22:05:03   [GPU] 300,015 evals (7161 batches, avg 42/batch = 8% of 512, 4117 evals/s, 295 msg/s, 14.0 leaves/msg, 73s)
2026-08-07 22:05:14   [GPU] 350,046 evals (8290 batches, avg 42/batch = 8% of 512, 4190 evals/s, 301 msg/s, 13.9 leaves/msg, 84s)
2026-08-07 22:05:20 [iter 7/60] self-play: 15/160 games...
2026-08-07 22:05:26   [GPU] 400,021 evals (9531 batches, avg 42/batch = 8% of 512, 4181 evals/s, 303 msg/s, 13.8 leaves/msg, 96s)
2026-08-07 22:05:40   [GPU] 450,003 evals (10875 batches, avg 41/batch = 8% of 512, 4128 evals/s, 301 msg/s, 13.7 leaves/msg, 109s)
2026-08-07 22:05:53   [GPU] 500,012 evals (12220 batches, avg 41/batch = 8% of 512, 4088 evals/s, 298 msg/s, 13.7 leaves/msg, 122s)
2026-08-07 22:06:05   [GPU] 550,039 evals (13509 batches, avg 41/batch = 8% of 512, 4077 evals/s, 296 msg/s, 13.8 leaves/msg, 135s)
2026-08-07 22:06:18   [GPU] 600,039 evals (14772 batches, avg 41/batch = 8% of 512, 4081 evals/s, 297 msg/s, 13.8 leaves/msg, 147s)
2026-08-07 22:06:29   [GPU] 650,029 evals (16015 batches, avg 41/batch = 8% of 512, 4094 evals/s, 298 msg/s, 13.7 leaves/msg, 159s)
2026-08-07 22:06:41   [GPU] 700,032 evals (17199 batches, avg 41/batch = 8% of 512, 4119 evals/s, 300 msg/s, 13.7 leaves/msg, 170s)
2026-08-07 22:06:51   [GPU] 750,014 evals (18357 batches, avg 41/batch = 8% of 512, 4149 evals/s, 302 msg/s, 13.7 leaves/msg, 181s)
2026-08-07 22:07:02   [GPU] 800,052 evals (19466 batches, avg 41/batch = 8% of 512, 4190 evals/s, 305 msg/s, 13.7 leaves/msg, 191s)
2026-08-07 22:07:04 [iter 7/60] self-play: 20/160 games...
2026-08-07 22:07:12   [GPU] 850,018 evals (20554 batches, avg 41/batch = 8% of 512, 4227 evals/s, 309 msg/s, 13.7 leaves/msg, 201s)
2026-08-07 22:07:23   [GPU] 900,009 evals (21745 batches, avg 41/batch = 8% of 512, 4239 evals/s, 311 msg/s, 13.6 leaves/msg, 212s)
2026-08-07 22:07:30 [iter 7/60] self-play: 25/160 games...
2026-08-07 22:07:34   [GPU] 950,019 evals (22951 batches, avg 41/batch = 8% of 512, 4244 evals/s, 311 msg/s, 13.6 leaves/msg, 224s)
2026-08-07 22:07:46   [GPU] 1,000,000 evals (24169 batches, avg 41/batch = 8% of 512, 4249 evals/s, 313 msg/s, 13.6 leaves/msg, 235s)
2026-08-07 22:07:51 [iter 7/60] self-play: 30/160 games...
2026-08-07 22:07:58   [GPU] 1,050,044 evals (25469 batches, avg 41/batch = 8% of 512, 4238 evals/s, 313 msg/s, 13.6 leaves/msg, 248s)
2026-08-07 22:08:10   [GPU] 1,100,035 evals (26673 batches, avg 41/batch = 8% of 512, 4245 evals/s, 314 msg/s, 13.5 leaves/msg, 259s)
2026-08-07 22:08:16 [iter 7/60] self-play: 35/160 games...
2026-08-07 22:08:20   [GPU] 1,150,024 evals (27762 batches, avg 41/batch = 8% of 512, 4264 evals/s, 316 msg/s, 13.5 leaves/msg, 270s)
2026-08-07 22:08:32   [GPU] 1,200,002 evals (28939 batches, avg 41/batch = 8% of 512, 4269 evals/s, 316 msg/s, 13.5 leaves/msg, 281s)
2026-08-07 22:08:41   [GPU] 1,250,025 evals (29961 batches, avg 42/batch = 8% of 512, 4306 evals/s, 318 msg/s, 13.5 leaves/msg, 290s)
2026-08-07 22:08:45 [iter 7/60] self-play: 40/160 games...
2026-08-07 22:08:50   [GPU] 1,300,017 evals (30945 batches, avg 42/batch = 8% of 512, 4347 evals/s, 322 msg/s, 13.5 leaves/msg, 299s)
2026-08-07 22:08:59   [GPU] 1,350,064 evals (32006 batches, avg 42/batch = 8% of 512, 4374 evals/s, 324 msg/s, 13.5 leaves/msg, 309s)
2026-08-07 22:09:09   [GPU] 1,400,000 evals (33029 batches, avg 42/batch = 8% of 512, 4403 evals/s, 325 msg/s, 13.5 leaves/msg, 318s)
2026-08-07 22:09:17   [GPU] 1,450,030 evals (33990 batches, avg 43/batch = 8% of 512, 4440 evals/s, 327 msg/s, 13.6 leaves/msg, 327s)
2026-08-07 22:09:26   [GPU] 1,500,019 evals (34920 batches, avg 43/batch = 8% of 512, 4478 evals/s, 330 msg/s, 13.6 leaves/msg, 335s)
2026-08-07 22:09:27 [iter 7/60] self-play: 45/160 games...
2026-08-07 22:09:35   [GPU] 1,550,037 evals (35953 batches, avg 43/batch = 8% of 512, 4501 evals/s, 331 msg/s, 13.6 leaves/msg, 344s)
2026-08-07 22:09:44   [GPU] 1,600,011 evals (36970 batches, avg 43/batch = 8% of 512, 4522 evals/s, 332 msg/s, 13.6 leaves/msg, 354s)
2026-08-07 22:09:55   [GPU] 1,650,047 evals (38070 batches, avg 43/batch = 8% of 512, 4530 evals/s, 333 msg/s, 13.6 leaves/msg, 364s)
2026-08-07 22:10:05   [GPU] 1,700,026 evals (39109 batches, avg 43/batch = 8% of 512, 4545 evals/s, 333 msg/s, 13.6 leaves/msg, 374s)
2026-08-07 22:10:13 [iter 7/60] self-play: 50/160 games...
2026-08-07 22:10:14   [GPU] 1,750,058 evals (40077 batches, avg 44/batch = 9% of 512, 4568 evals/s, 334 msg/s, 13.7 leaves/msg, 383s)
2026-08-07 22:10:24   [GPU] 1,800,004 evals (41122 batches, avg 44/batch = 9% of 512, 4581 evals/s, 335 msg/s, 13.7 leaves/msg, 393s)
2026-08-07 22:10:33   [GPU] 1,850,017 evals (42189 batches, avg 44/batch = 9% of 512, 4593 evals/s, 336 msg/s, 13.7 leaves/msg, 403s)
2026-08-07 22:10:42   [GPU] 1,900,018 evals (43202 batches, avg 44/batch = 9% of 512, 4613 evals/s, 337 msg/s, 13.7 leaves/msg, 412s)
2026-08-07 22:10:52   [GPU] 1,950,014 evals (44251 batches, avg 44/batch = 9% of 512, 4628 evals/s, 338 msg/s, 13.7 leaves/msg, 421s)
2026-08-07 22:11:01   [GPU] 2,000,028 evals (45238 batches, avg 44/batch = 9% of 512, 4650 evals/s, 340 msg/s, 13.7 leaves/msg, 430s)
2026-08-07 22:11:01 [iter 7/60] self-play: 55/160 games...
2026-08-07 22:11:10   [GPU] 2,050,000 evals (46209 batches, avg 44/batch = 9% of 512, 4670 evals/s, 341 msg/s, 13.7 leaves/msg, 439s)
2026-08-07 22:11:20   [GPU] 2,100,060 evals (47295 batches, avg 44/batch = 9% of 512, 4675 evals/s, 342 msg/s, 13.7 leaves/msg, 449s)
2026-08-07 22:11:23 [iter 7/60] self-play: 60/160 games...
2026-08-07 22:11:30   [GPU] 2,150,037 evals (48414 batches, avg 44/batch = 9% of 512, 4681 evals/s, 343 msg/s, 13.6 leaves/msg, 459s)
2026-08-07 22:11:40   [GPU] 2,200,047 evals (49518 batches, avg 44/batch = 9% of 512, 4683 evals/s, 344 msg/s, 13.6 leaves/msg, 470s)
2026-08-07 22:11:44 [iter 7/60] self-play: 65/160 games...
2026-08-07 22:11:51   [GPU] 2,250,034 evals (50648 batches, avg 44/batch = 9% of 512, 4682 evals/s, 344 msg/s, 13.6 leaves/msg, 481s)
2026-08-07 22:12:02   [GPU] 2,300,004 evals (51771 batches, avg 44/batch = 9% of 512, 4682 evals/s, 344 msg/s, 13.6 leaves/msg, 491s)
2026-08-07 22:12:05 [iter 7/60] self-play: 70/160 games...
2026-08-07 22:12:13   [GPU] 2,350,003 evals (52912 batches, avg 44/batch = 9% of 512, 4680 evals/s, 344 msg/s, 13.6 leaves/msg, 502s)
2026-08-07 22:12:23   [GPU] 2,400,036 evals (54019 batches, avg 44/batch = 9% of 512, 4683 evals/s, 345 msg/s, 13.6 leaves/msg, 512s)
2026-08-07 22:12:32   [GPU] 2,450,013 evals (55041 batches, avg 45/batch = 9% of 512, 4695 evals/s, 346 msg/s, 13.6 leaves/msg, 522s)
2026-08-07 22:12:35 [iter 7/60] self-play: 75/160 games...
2026-08-07 22:12:44   [GPU] 2,500,038 evals (56267 batches, avg 44/batch = 9% of 512, 4688 evals/s, 346 msg/s, 13.5 leaves/msg, 533s)
2026-08-07 22:12:55   [GPU] 2,550,022 evals (57475 batches, avg 44/batch = 9% of 512, 4682 evals/s, 345 msg/s, 13.6 leaves/msg, 545s)
2026-08-07 22:13:05   [GPU] 2,600,022 evals (58485 batches, avg 44/batch = 9% of 512, 4692 evals/s, 346 msg/s, 13.6 leaves/msg, 554s)
2026-08-07 22:13:15   [GPU] 2,650,000 evals (59647 batches, avg 44/batch = 9% of 512, 4692 evals/s, 346 msg/s, 13.5 leaves/msg, 565s)
2026-08-07 22:13:21 [iter 7/60] self-play: 80/160 games...
2026-08-07 22:13:26   [GPU] 2,700,024 evals (60809 batches, avg 44/batch = 9% of 512, 4689 evals/s, 347 msg/s, 13.5 leaves/msg, 576s)
2026-08-07 22:13:41   [GPU] 2,750,019 evals (62213 batches, avg 44/batch = 9% of 512, 4661 evals/s, 345 msg/s, 13.5 leaves/msg, 590s)
2026-08-07 22:13:53   [GPU] 2,800,074 evals (63467 batches, avg 44/batch = 9% of 512, 4651 evals/s, 344 msg/s, 13.5 leaves/msg, 602s)
2026-08-07 22:14:01 [iter 7/60] self-play: 85/160 games...
2026-08-07 22:14:04   [GPU] 2,850,002 evals (64704 batches, avg 44/batch = 9% of 512, 4646 evals/s, 344 msg/s, 13.5 leaves/msg, 613s)
2026-08-07 22:14:16   [GPU] 2,900,005 evals (65910 batches, avg 44/batch = 9% of 512, 4637 evals/s, 344 msg/s, 13.5 leaves/msg, 625s)
2026-08-07 22:14:30   [GPU] 2,950,001 evals (67295 batches, avg 44/batch = 9% of 512, 4613 evals/s, 342 msg/s, 13.5 leaves/msg, 639s)
2026-08-07 22:14:44   [GPU] 3,000,014 evals (68656 batches, avg 44/batch = 9% of 512, 4592 evals/s, 340 msg/s, 13.5 leaves/msg, 653s)
2026-08-07 22:14:54 [iter 7/60] self-play: 90/160 games...
2026-08-07 22:14:56   [GPU] 3,050,016 evals (69851 batches, avg 44/batch = 9% of 512, 4587 evals/s, 340 msg/s, 13.5 leaves/msg, 665s)
2026-08-07 22:15:07   [GPU] 3,100,017 evals (71060 batches, avg 44/batch = 9% of 512, 4584 evals/s, 340 msg/s, 13.5 leaves/msg, 676s)
2026-08-07 22:15:18   [GPU] 3,150,014 evals (72312 batches, avg 44/batch = 9% of 512, 4579 evals/s, 339 msg/s, 13.5 leaves/msg, 688s)
2026-08-07 22:15:25 [iter 7/60] self-play: 95/160 games...
2026-08-07 22:15:28   [GPU] 3,200,037 evals (73382 batches, avg 44/batch = 9% of 512, 4588 evals/s, 340 msg/s, 13.5 leaves/msg, 698s)
2026-08-07 22:15:38   [GPU] 3,250,005 evals (74463 batches, avg 44/batch = 9% of 512, 4594 evals/s, 341 msg/s, 13.5 leaves/msg, 707s)
2026-08-07 22:15:48 [iter 7/60] self-play: 100/160 games...
2026-08-07 22:15:49   [GPU] 3,300,032 evals (75667 batches, avg 44/batch = 9% of 512, 4590 evals/s, 341 msg/s, 13.5 leaves/msg, 719s)
2026-08-07 22:16:01   [GPU] 3,350,056 evals (76892 batches, avg 44/batch = 9% of 512, 4587 evals/s, 341 msg/s, 13.4 leaves/msg, 730s)
2026-08-07 22:16:11   [GPU] 3,400,021 evals (77934 batches, avg 44/batch = 9% of 512, 4594 evals/s, 342 msg/s, 13.4 leaves/msg, 740s)
2026-08-07 22:16:22   [GPU] 3,450,027 evals (79140 batches, avg 44/batch = 9% of 512, 4590 evals/s, 341 msg/s, 13.4 leaves/msg, 752s)
2026-08-07 22:16:33   [GPU] 3,500,066 evals (80248 batches, avg 44/batch = 9% of 512, 4593 evals/s, 342 msg/s, 13.4 leaves/msg, 762s)
2026-08-07 22:16:33 [iter 7/60] self-play: 105/160 games...
2026-08-07 22:16:42   [GPU] 3,550,028 evals (81211 batches, avg 44/batch = 9% of 512, 4605 evals/s, 343 msg/s, 13.4 leaves/msg, 771s)
2026-08-07 22:16:51   [GPU] 3,600,014 evals (82296 batches, avg 44/batch = 9% of 512, 4610 evals/s, 343 msg/s, 13.4 leaves/msg, 781s)
2026-08-07 22:17:01   [GPU] 3,650,022 evals (83325 batches, avg 44/batch = 9% of 512, 4618 evals/s, 344 msg/s, 13.4 leaves/msg, 790s)
2026-08-07 22:17:05 [iter 7/60] self-play: 110/160 games...
2026-08-07 22:17:10   [GPU] 3,700,011 evals (84311 batches, avg 44/batch = 9% of 512, 4626 evals/s, 344 msg/s, 13.4 leaves/msg, 800s)
2026-08-07 22:17:20   [GPU] 3,750,033 evals (85351 batches, avg 44/batch = 9% of 512, 4631 evals/s, 345 msg/s, 13.4 leaves/msg, 810s)
2026-08-07 22:17:30   [GPU] 3,800,016 evals (86417 batches, avg 44/batch = 9% of 512, 4637 evals/s, 345 msg/s, 13.4 leaves/msg, 819s)
2026-08-07 22:17:39   [GPU] 3,850,037 evals (87387 batches, avg 44/batch = 9% of 512, 4650 evals/s, 346 msg/s, 13.5 leaves/msg, 828s)
2026-08-07 22:17:40 [iter 7/60] self-play: 115/160 games...
2026-08-07 22:17:48   [GPU] 3,900,029 evals (88454 batches, avg 44/batch = 9% of 512, 4656 evals/s, 346 msg/s, 13.5 leaves/msg, 838s)
2026-08-07 22:17:57   [GPU] 3,950,005 evals (89463 batches, avg 44/batch = 9% of 512, 4665 evals/s, 347 msg/s, 13.5 leaves/msg, 847s)
2026-08-07 22:18:01 [iter 7/60] self-play: 120/160 games...
2026-08-07 22:18:07   [GPU] 4,000,000 evals (90489 batches, avg 44/batch = 9% of 512, 4671 evals/s, 347 msg/s, 13.5 leaves/msg, 856s)
2026-08-07 22:18:17   [GPU] 4,050,011 evals (91590 batches, avg 44/batch = 9% of 512, 4673 evals/s, 347 msg/s, 13.5 leaves/msg, 867s)
2026-08-07 22:18:27   [GPU] 4,100,032 evals (92706 batches, avg 44/batch = 9% of 512, 4676 evals/s, 347 msg/s, 13.5 leaves/msg, 877s)
2026-08-07 22:18:38   [GPU] 4,150,015 evals (93802 batches, avg 44/batch = 9% of 512, 4679 evals/s, 347 msg/s, 13.5 leaves/msg, 887s)
2026-08-07 22:18:47   [GPU] 4,200,024 evals (94887 batches, avg 44/batch = 9% of 512, 4683 evals/s, 347 msg/s, 13.5 leaves/msg, 897s)
2026-08-07 22:18:57   [GPU] 4,250,009 evals (95921 batches, avg 44/batch = 9% of 512, 4690 evals/s, 348 msg/s, 13.5 leaves/msg, 906s)
2026-08-07 22:18:59 [iter 7/60] self-play: 125/160 games...
2026-08-07 22:19:07   [GPU] 4,300,021 evals (97030 batches, avg 44/batch = 9% of 512, 4692 evals/s, 349 msg/s, 13.5 leaves/msg, 916s)
2026-08-07 22:19:18   [GPU] 4,350,039 evals (98220 batches, avg 44/batch = 9% of 512, 4690 evals/s, 349 msg/s, 13.4 leaves/msg, 927s)
2026-08-07 22:19:26 [iter 7/60] self-play: 130/160 games...
2026-08-07 22:19:28   [GPU] 4,400,013 evals (99303 batches, avg 44/batch = 9% of 512, 4694 evals/s, 349 msg/s, 13.4 leaves/msg, 937s)
2026-08-07 22:19:39   [GPU] 4,450,040 evals (100529 batches, avg 44/batch = 9% of 512, 4691 evals/s, 349 msg/s, 13.4 leaves/msg, 949s)
2026-08-07 22:19:49   [GPU] 4,500,022 evals (101661 batches, avg 44/batch = 9% of 512, 4693 evals/s, 349 msg/s, 13.4 leaves/msg, 959s)
2026-08-07 22:19:54 [iter 7/60] self-play: 135/160 games...
2026-08-07 22:19:59   [GPU] 4,550,061 evals (102664 batches, avg 44/batch = 9% of 512, 4701 evals/s, 350 msg/s, 13.4 leaves/msg, 968s)
2026-08-07 22:20:07   [GPU] 4,600,005 evals (103559 batches, avg 44/batch = 9% of 512, 4713 evals/s, 351 msg/s, 13.4 leaves/msg, 976s)
2026-08-07 22:20:15   [GPU] 4,650,047 evals (104507 batches, avg 44/batch = 9% of 512, 4722 evals/s, 352 msg/s, 13.4 leaves/msg, 985s)
2026-08-07 22:20:24   [GPU] 4,700,034 evals (105485 batches, avg 45/batch = 9% of 512, 4731 evals/s, 353 msg/s, 13.4 leaves/msg, 993s)
2026-08-07 22:20:31 [iter 7/60] self-play: 140/160 games...
2026-08-07 22:20:33   [GPU] 4,750,000 evals (106439 batches, avg 45/batch = 9% of 512, 4740 evals/s, 353 msg/s, 13.4 leaves/msg, 1002s)
2026-08-07 22:20:42   [GPU] 4,800,078 evals (107440 batches, avg 45/batch = 9% of 512, 4747 evals/s, 354 msg/s, 13.4 leaves/msg, 1011s)
2026-08-07 22:20:51   [GPU] 4,850,049 evals (108461 batches, avg 45/batch = 9% of 512, 4753 evals/s, 354 msg/s, 13.4 leaves/msg, 1020s)
2026-08-07 22:21:01 [iter 7/60] self-play: 145/160 games...
2026-08-07 22:21:02   [GPU] 4,900,053 evals (109584 batches, avg 45/batch = 9% of 512, 4752 evals/s, 355 msg/s, 13.4 leaves/msg, 1031s)
2026-08-07 22:21:13   [GPU] 4,950,058 evals (110747 batches, avg 45/batch = 9% of 512, 4751 evals/s, 355 msg/s, 13.4 leaves/msg, 1042s)
2026-08-07 22:21:22   [GPU] 5,000,052 evals (111767 batches, avg 45/batch = 9% of 512, 4754 evals/s, 355 msg/s, 13.4 leaves/msg, 1052s)
2026-08-07 22:21:23 [iter 7/60] self-play: 150/160 games...
2026-08-07 22:21:33   [GPU] 5,050,010 evals (112978 batches, avg 45/batch = 9% of 512, 4752 evals/s, 356 msg/s, 13.4 leaves/msg, 1063s)
2026-08-07 22:21:48   [GPU] 5,100,012 evals (114507 batches, avg 45/batch = 9% of 512, 4735 evals/s, 355 msg/s, 13.3 leaves/msg, 1077s)
2026-08-07 22:22:04   [GPU] 5,150,000 evals (116191 batches, avg 44/batch = 9% of 512, 4711 evals/s, 354 msg/s, 13.3 leaves/msg, 1093s)
2026-08-07 22:22:17 [iter 7/60] self-play: 155/160 games...
2026-08-07 22:22:22   [GPU] 5,200,032 evals (118011 batches, avg 44/batch = 9% of 512, 4681 evals/s, 353 msg/s, 13.3 leaves/msg, 1111s)
2026-08-07 22:22:50   [GPU] 5,250,003 evals (120614 batches, avg 44/batch = 9% of 512, 4609 evals/s, 349 msg/s, 13.2 leaves/msg, 1139s)
2026-08-07 22:23:22   [GPU] 5,300,006 evals (123413 batches, avg 43/batch = 8% of 512, 4525 evals/s, 343 msg/s, 13.2 leaves/msg, 1171s)
2026-08-07 22:23:58   [GPU] 5,350,002 evals (126374 batches, avg 42/batch = 8% of 512, 4431 evals/s, 337 msg/s, 13.1 leaves/msg, 1207s)
2026-08-07 22:27:46 [iter 7/60] self-play: 160/160 games...
2026-08-07 22:27:46 [iter 7/60] self-play done: 160 games (1436s) | wins: P0=21, P1=98, draw=41 | draw_rate=26% avg_len~19
2026-08-07 22:27:46 [iter 7/60] search: expanded=9.0 actions/node visits/action=66.5 walls/game=7.69 first_wall_ply=1.45 learner_sims/s=3984.91
2026-08-07 22:27:46 [iter 7/60] WARNING: draw_rate 26% > 20% — games timing out at max_game_moves=160 (weak value signal).
2026-08-07 22:27:46 [iter 7/60] training (600 steps, lr=9.78e-04)...
2026-08-07 22:27:51 [iter 7/60] training done: loss_p=1.347 loss_v=0.168 (5s)
2026-08-07 22:27:52 [iter 7/60] data: policy_wall_mass=0.147 walled_states=51% walls_on_board=12.8 value_mae walled=0.169 free=0.171
2026-08-07 22:27:53 [iter 7/60] eval skipped (eval_every=4)
2026-08-07 22:27:53 >>> iter 7 | loss_p=1.347 loss_v=0.168 | vs_best=n/a (not evaluated) | vs_rand=n/a | draw=26% | buf=47676 | rss=2.49GB | sp=1436s train=5s eval_best=0s eval_rand=0s | total=1442s
2026-08-07 22:27:53 [iter 8/60] self-play starting (160 games, 600 sims, MIXED 80/160 race-only)...
2026-08-07 22:27:53 [PARALLEL-MP] 8 workers spawned (160 games, sims=600), GPU batcher starting...
2026-08-07 22:28:04   [GPU] 50,003 evals (958 batches, avg 52/batch = 10% of 512, 4436 evals/s, 350 msg/s, 12.7 leaves/msg, 11s)
2026-08-07 22:28:07 [iter 8/60] self-play: 5/160 games...
2026-08-07 22:28:16   [GPU] 100,027 evals (2194 batches, avg 46/batch = 9% of 512, 4315 evals/s, 332 msg/s, 13.0 leaves/msg, 23s)
2026-08-07 22:28:28   [GPU] 150,018 evals (3423 batches, avg 44/batch = 9% of 512, 4254 evals/s, 325 msg/s, 13.1 leaves/msg, 35s)
2026-08-07 22:28:30 [iter 8/60] self-play: 10/160 games...
2026-08-07 22:28:41   [GPU] 200,032 evals (4694 batches, avg 43/batch = 8% of 512, 4167 evals/s, 312 msg/s, 13.4 leaves/msg, 48s)
2026-08-07 22:28:53   [GPU] 250,003 evals (5943 batches, avg 42/batch = 8% of 512, 4151 evals/s, 303 msg/s, 13.7 leaves/msg, 60s)
2026-08-07 22:29:04   [GPU] 300,011 evals (7080 batches, avg 42/batch = 8% of 512, 4219 evals/s, 304 msg/s, 13.9 leaves/msg, 71s)
2026-08-07 22:29:14   [GPU] 350,017 evals (8177 batches, avg 43/batch = 8% of 512, 4299 evals/s, 311 msg/s, 13.8 leaves/msg, 81s)
2026-08-07 22:29:24   [GPU] 400,046 evals (9228 batches, avg 43/batch = 8% of 512, 4395 evals/s, 317 msg/s, 13.9 leaves/msg, 91s)
2026-08-07 22:29:33   [GPU] 450,032 evals (10227 batches, avg 44/batch = 9% of 512, 4501 evals/s, 324 msg/s, 13.9 leaves/msg, 100s)
2026-08-07 22:29:41   [GPU] 500,043 evals (11118 batches, avg 45/batch = 9% of 512, 4625 evals/s, 333 msg/s, 13.9 leaves/msg, 108s)
2026-08-07 22:29:49   [GPU] 550,042 evals (12008 batches, avg 46/batch = 9% of 512, 4735 evals/s, 341 msg/s, 13.9 leaves/msg, 116s)
2026-08-07 22:29:57   [GPU] 600,010 evals (12929 batches, avg 46/batch = 9% of 512, 4825 evals/s, 348 msg/s, 13.9 leaves/msg, 124s)
2026-08-07 22:30:05   [GPU] 650,014 evals (13858 batches, avg 47/batch = 9% of 512, 4905 evals/s, 354 msg/s, 13.9 leaves/msg, 133s)
2026-08-07 22:30:07 [iter 8/60] self-play: 15/160 games...
2026-08-07 22:30:14   [GPU] 700,026 evals (14758 batches, avg 47/batch = 9% of 512, 4973 evals/s, 359 msg/s, 13.9 leaves/msg, 141s)
2026-08-07 22:30:22   [GPU] 750,031 evals (15683 batches, avg 48/batch = 9% of 512, 5027 evals/s, 364 msg/s, 13.8 leaves/msg, 149s)
2026-08-07 22:30:27 [iter 8/60] self-play: 20/160 games...
2026-08-07 22:30:31   [GPU] 800,010 evals (16674 batches, avg 48/batch = 9% of 512, 5050 evals/s, 365 msg/s, 13.8 leaves/msg, 158s)
2026-08-07 22:30:42   [GPU] 850,005 evals (17820 batches, avg 48/batch = 9% of 512, 5020 evals/s, 365 msg/s, 13.8 leaves/msg, 169s)
2026-08-07 22:30:52 [iter 8/60] self-play: 25/160 games...
2026-08-07 22:30:55   [GPU] 900,015 evals (19165 batches, avg 47/batch = 9% of 512, 4934 evals/s, 359 msg/s, 13.7 leaves/msg, 182s)
2026-08-07 22:31:07   [GPU] 950,068 evals (20412 batches, avg 47/batch = 9% of 512, 4892 evals/s, 358 msg/s, 13.7 leaves/msg, 194s)
2026-08-07 22:31:18   [GPU] 1,000,006 evals (21575 batches, avg 46/batch = 9% of 512, 4875 evals/s, 357 msg/s, 13.6 leaves/msg, 205s)
2026-08-07 22:31:20 [iter 8/60] self-play: 30/160 games...
2026-08-07 22:31:28   [GPU] 1,050,031 evals (22683 batches, avg 46/batch = 9% of 512, 4873 evals/s, 356 msg/s, 13.7 leaves/msg, 215s)
2026-08-07 22:31:38   [GPU] 1,100,030 evals (23699 batches, avg 46/batch = 9% of 512, 4886 evals/s, 356 msg/s, 13.7 leaves/msg, 225s)
2026-08-07 22:31:46   [GPU] 1,150,047 evals (24511 batches, avg 47/batch = 9% of 512, 4933 evals/s, 360 msg/s, 13.7 leaves/msg, 233s)
2026-08-07 22:31:54   [GPU] 1,200,012 evals (25348 batches, avg 47/batch = 9% of 512, 4975 evals/s, 362 msg/s, 13.7 leaves/msg, 241s)
2026-08-07 22:32:01 [iter 8/60] self-play: 35/160 games...
2026-08-07 22:32:02   [GPU] 1,250,063 evals (26186 batches, avg 48/batch = 9% of 512, 5015 evals/s, 365 msg/s, 13.7 leaves/msg, 249s)
2026-08-07 22:32:11   [GPU] 1,300,019 evals (27117 batches, avg 48/batch = 9% of 512, 5036 evals/s, 366 msg/s, 13.8 leaves/msg, 258s)
2026-08-07 22:32:19   [GPU] 1,350,074 evals (27993 batches, avg 48/batch = 9% of 512, 5066 evals/s, 367 msg/s, 13.8 leaves/msg, 267s)
2026-08-07 22:32:25 [iter 8/60] self-play: 40/160 games...
2026-08-07 22:32:28   [GPU] 1,400,012 evals (28924 batches, avg 48/batch = 9% of 512, 5083 evals/s, 369 msg/s, 13.8 leaves/msg, 275s)
2026-08-07 22:32:38   [GPU] 1,450,040 evals (29965 batches, avg 48/batch = 9% of 512, 5081 evals/s, 368 msg/s, 13.8 leaves/msg, 285s)
2026-08-07 22:32:48   [GPU] 1,500,061 evals (31033 batches, avg 48/batch = 9% of 512, 5076 evals/s, 369 msg/s, 13.8 leaves/msg, 295s)
2026-08-07 22:32:49 [iter 8/60] self-play: 45/160 games...
2026-08-07 22:32:59   [GPU] 1,550,021 evals (32193 batches, avg 48/batch = 9% of 512, 5057 evals/s, 367 msg/s, 13.8 leaves/msg, 307s)
2026-08-07 22:33:11   [GPU] 1,600,026 evals (33351 batches, avg 48/batch = 9% of 512, 5036 evals/s, 365 msg/s, 13.8 leaves/msg, 318s)
2026-08-07 22:33:17 [iter 8/60] self-play: 50/160 games...
2026-08-07 22:33:21   [GPU] 1,650,008 evals (34458 batches, avg 48/batch = 9% of 512, 5027 evals/s, 365 msg/s, 13.8 leaves/msg, 328s)
2026-08-07 22:33:34   [GPU] 1,700,029 evals (35724 batches, avg 48/batch = 9% of 512, 4985 evals/s, 361 msg/s, 13.8 leaves/msg, 341s)
2026-08-07 22:33:46   [GPU] 1,750,050 evals (36934 batches, avg 47/batch = 9% of 512, 4959 evals/s, 359 msg/s, 13.8 leaves/msg, 353s)
2026-08-07 22:33:55   [GPU] 1,800,010 evals (37867 batches, avg 48/batch = 9% of 512, 4976 evals/s, 360 msg/s, 13.8 leaves/msg, 362s)
2026-08-07 22:33:55 [iter 8/60] self-play: 55/160 games...
2026-08-07 22:34:03   [GPU] 1,850,020 evals (38783 batches, avg 48/batch = 9% of 512, 4999 evals/s, 362 msg/s, 13.8 leaves/msg, 370s)
2026-08-07 22:34:12   [GPU] 1,900,068 evals (39789 batches, avg 48/batch = 9% of 512, 5007 evals/s, 362 msg/s, 13.8 leaves/msg, 379s)
2026-08-07 22:34:15 [iter 8/60] self-play: 60/160 games...
2026-08-07 22:34:21   [GPU] 1,950,029 evals (40797 batches, avg 48/batch = 9% of 512, 5017 evals/s, 364 msg/s, 13.8 leaves/msg, 389s)
2026-08-07 22:34:31   [GPU] 2,000,009 evals (41772 batches, avg 48/batch = 9% of 512, 5027 evals/s, 364 msg/s, 13.8 leaves/msg, 398s)
2026-08-07 22:34:41   [GPU] 2,050,005 evals (42833 batches, avg 48/batch = 9% of 512, 5028 evals/s, 364 msg/s, 13.8 leaves/msg, 408s)
2026-08-07 22:34:45 [iter 8/60] self-play: 65/160 games...
2026-08-07 22:34:50   [GPU] 2,100,001 evals (43852 batches, avg 48/batch = 9% of 512, 5032 evals/s, 364 msg/s, 13.8 leaves/msg, 417s)
2026-08-07 22:35:01   [GPU] 2,150,041 evals (44960 batches, avg 48/batch = 9% of 512, 5025 evals/s, 364 msg/s, 13.8 leaves/msg, 428s)
2026-08-07 22:35:03 [iter 8/60] self-play: 70/160 games...
2026-08-07 22:35:13   [GPU] 2,200,012 evals (46280 batches, avg 48/batch = 9% of 512, 4995 evals/s, 362 msg/s, 13.8 leaves/msg, 440s)
2026-08-07 22:35:19 [iter 8/60] self-play: 75/160 games...
2026-08-07 22:35:24   [GPU] 2,250,029 evals (47460 batches, avg 47/batch = 9% of 512, 4982 evals/s, 363 msg/s, 13.7 leaves/msg, 452s)
2026-08-07 22:35:36   [GPU] 2,300,063 evals (48623 batches, avg 47/batch = 9% of 512, 4969 evals/s, 362 msg/s, 13.7 leaves/msg, 463s)
2026-08-07 22:35:41 [iter 8/60] self-play: 80/160 games...
2026-08-07 22:35:46   [GPU] 2,350,057 evals (49698 batches, avg 47/batch = 9% of 512, 4968 evals/s, 362 msg/s, 13.7 leaves/msg, 473s)
2026-08-07 22:35:56   [GPU] 2,400,030 evals (50780 batches, avg 47/batch = 9% of 512, 4966 evals/s, 361 msg/s, 13.7 leaves/msg, 483s)
2026-08-07 22:36:06   [GPU] 2,450,026 evals (51809 batches, avg 47/batch = 9% of 512, 4969 evals/s, 361 msg/s, 13.8 leaves/msg, 493s)
2026-08-07 22:36:15   [GPU] 2,500,003 evals (52734 batches, avg 47/batch = 9% of 512, 4981 evals/s, 362 msg/s, 13.8 leaves/msg, 502s)
2026-08-07 22:36:18 [iter 8/60] self-play: 85/160 games...
2026-08-07 22:36:24   [GPU] 2,550,025 evals (53776 batches, avg 47/batch = 9% of 512, 4984 evals/s, 362 msg/s, 13.8 leaves/msg, 512s)
2026-08-07 22:36:33   [GPU] 2,600,058 evals (54735 batches, avg 48/batch = 9% of 512, 4995 evals/s, 363 msg/s, 13.8 leaves/msg, 521s)
2026-08-07 22:36:43   [GPU] 2,650,021 evals (55787 batches, avg 48/batch = 9% of 512, 4996 evals/s, 363 msg/s, 13.7 leaves/msg, 530s)
2026-08-07 22:36:48 [iter 8/60] self-play: 90/160 games...
2026-08-07 22:36:53   [GPU] 2,700,001 evals (56858 batches, avg 47/batch = 9% of 512, 4995 evals/s, 364 msg/s, 13.7 leaves/msg, 540s)
2026-08-07 22:37:04   [GPU] 2,750,070 evals (57949 batches, avg 47/batch = 9% of 512, 4990 evals/s, 363 msg/s, 13.7 leaves/msg, 551s)
2026-08-07 22:37:05 [iter 8/60] self-play: 95/160 games...
2026-08-07 22:37:14   [GPU] 2,800,023 evals (59033 batches, avg 47/batch = 9% of 512, 4987 evals/s, 364 msg/s, 13.7 leaves/msg, 561s)
2026-08-07 22:37:27   [GPU] 2,850,033 evals (60376 batches, avg 47/batch = 9% of 512, 4964 evals/s, 362 msg/s, 13.7 leaves/msg, 574s)
2026-08-07 22:37:39   [GPU] 2,900,004 evals (61683 batches, avg 47/batch = 9% of 512, 4948 evals/s, 362 msg/s, 13.7 leaves/msg, 586s)
2026-08-07 22:37:50 [iter 8/60] self-play: 100/160 games...
2026-08-07 22:37:50   [GPU] 2,950,001 evals (62947 batches, avg 47/batch = 9% of 512, 4938 evals/s, 362 msg/s, 13.6 leaves/msg, 597s)
2026-08-07 22:38:03   [GPU] 3,000,014 evals (64350 batches, avg 47/batch = 9% of 512, 4917 evals/s, 361 msg/s, 13.6 leaves/msg, 610s)
2026-08-07 22:38:15   [GPU] 3,050,017 evals (65706 batches, avg 46/batch = 9% of 512, 4901 evals/s, 361 msg/s, 13.6 leaves/msg, 622s)
2026-08-07 22:38:26   [GPU] 3,100,008 evals (67020 batches, avg 46/batch = 9% of 512, 4893 evals/s, 361 msg/s, 13.5 leaves/msg, 634s)
2026-08-07 22:38:38   [GPU] 3,150,021 evals (68322 batches, avg 46/batch = 9% of 512, 4883 evals/s, 362 msg/s, 13.5 leaves/msg, 645s)
2026-08-07 22:38:51   [GPU] 3,200,011 evals (69783 batches, avg 46/batch = 9% of 512, 4862 evals/s, 362 msg/s, 13.4 leaves/msg, 658s)
2026-08-07 22:38:59 [iter 8/60] self-play: 105/160 games...
2026-08-07 22:39:02   [GPU] 3,250,029 evals (71079 batches, avg 46/batch = 9% of 512, 4853 evals/s, 362 msg/s, 13.4 leaves/msg, 670s)
2026-08-07 22:39:14   [GPU] 3,300,012 evals (72400 batches, avg 46/batch = 9% of 512, 4843 evals/s, 363 msg/s, 13.4 leaves/msg, 681s)
2026-08-07 22:39:24   [GPU] 3,350,002 evals (73510 batches, avg 46/batch = 9% of 512, 4845 evals/s, 363 msg/s, 13.3 leaves/msg, 691s)
2026-08-07 22:39:28 [iter 8/60] self-play: 110/160 games...
2026-08-07 22:39:36   [GPU] 3,400,006 evals (74856 batches, avg 45/batch = 9% of 512, 4833 evals/s, 364 msg/s, 13.3 leaves/msg, 703s)
2026-08-07 22:39:48   [GPU] 3,450,007 evals (76177 batches, avg 45/batch = 9% of 512, 4822 evals/s, 364 msg/s, 13.3 leaves/msg, 715s)
2026-08-07 22:40:00   [GPU] 3,500,026 evals (77448 batches, avg 45/batch = 9% of 512, 4815 evals/s, 364 msg/s, 13.2 leaves/msg, 727s)
2026-08-07 22:40:06 [iter 8/60] self-play: 115/160 games...
2026-08-07 22:40:12   [GPU] 3,550,013 evals (78747 batches, avg 45/batch = 9% of 512, 4806 evals/s, 365 msg/s, 13.2 leaves/msg, 739s)
2026-08-07 22:40:23   [GPU] 3,600,015 evals (80038 batches, avg 45/batch = 9% of 512, 4798 evals/s, 365 msg/s, 13.1 leaves/msg, 750s)
2026-08-07 22:40:35   [GPU] 3,650,027 evals (81377 batches, avg 45/batch = 9% of 512, 4790 evals/s, 365 msg/s, 13.1 leaves/msg, 762s)
2026-08-07 22:40:45   [GPU] 3,700,027 evals (82475 batches, avg 45/batch = 9% of 512, 4794 evals/s, 366 msg/s, 13.1 leaves/msg, 772s)
2026-08-07 22:40:48 [iter 8/60] self-play: 120/160 games...
2026-08-07 22:40:53   [GPU] 3,750,013 evals (83423 batches, avg 45/batch = 9% of 512, 4804 evals/s, 368 msg/s, 13.1 leaves/msg, 781s)
2026-08-07 22:41:02   [GPU] 3,800,063 evals (84399 batches, avg 45/batch = 9% of 512, 4813 evals/s, 368 msg/s, 13.1 leaves/msg, 790s)
2026-08-07 22:41:12   [GPU] 3,850,039 evals (85385 batches, avg 45/batch = 9% of 512, 4820 evals/s, 368 msg/s, 13.1 leaves/msg, 799s)
2026-08-07 22:41:19 [iter 8/60] self-play: 125/160 games...
2026-08-07 22:41:21   [GPU] 3,900,029 evals (86392 batches, avg 45/batch = 9% of 512, 4825 evals/s, 369 msg/s, 13.1 leaves/msg, 808s)
2026-08-07 22:41:31   [GPU] 3,950,045 evals (87425 batches, avg 45/batch = 9% of 512, 4829 evals/s, 369 msg/s, 13.1 leaves/msg, 818s)
2026-08-07 22:41:41   [GPU] 4,000,023 evals (88483 batches, avg 45/batch = 9% of 512, 4833 evals/s, 369 msg/s, 13.1 leaves/msg, 828s)
2026-08-07 22:41:49 [iter 8/60] self-play: 130/160 games...
2026-08-07 22:41:50   [GPU] 4,050,015 evals (89521 batches, avg 45/batch = 9% of 512, 4838 evals/s, 369 msg/s, 13.1 leaves/msg, 837s)
2026-08-07 22:42:00   [GPU] 4,100,004 evals (90651 batches, avg 45/batch = 9% of 512, 4837 evals/s, 369 msg/s, 13.1 leaves/msg, 848s)
2026-08-07 22:42:11   [GPU] 4,150,048 evals (91786 batches, avg 45/batch = 9% of 512, 4835 evals/s, 368 msg/s, 13.1 leaves/msg, 858s)
2026-08-07 22:42:12 [iter 8/60] self-play: 135/160 games...
2026-08-07 22:42:20   [GPU] 4,200,007 evals (92778 batches, avg 45/batch = 9% of 512, 4843 evals/s, 369 msg/s, 13.1 leaves/msg, 867s)
2026-08-07 22:42:30   [GPU] 4,250,040 evals (93916 batches, avg 45/batch = 9% of 512, 4843 evals/s, 369 msg/s, 13.1 leaves/msg, 878s)
2026-08-07 22:42:40   [GPU] 4,300,028 evals (94999 batches, avg 45/batch = 9% of 512, 4846 evals/s, 369 msg/s, 13.1 leaves/msg, 887s)
2026-08-07 22:42:49   [GPU] 4,350,016 evals (95981 batches, avg 45/batch = 9% of 512, 4856 evals/s, 369 msg/s, 13.2 leaves/msg, 896s)
2026-08-07 22:42:56 [iter 8/60] self-play: 140/160 games...
2026-08-07 22:42:57   [GPU] 4,400,051 evals (96934 batches, avg 45/batch = 9% of 512, 4864 evals/s, 370 msg/s, 13.2 leaves/msg, 905s)
2026-08-07 22:43:06   [GPU] 4,450,088 evals (97840 batches, avg 45/batch = 9% of 512, 4875 evals/s, 370 msg/s, 13.2 leaves/msg, 913s)
2026-08-07 22:43:15   [GPU] 4,500,051 evals (98837 batches, avg 46/batch = 9% of 512, 4882 evals/s, 371 msg/s, 13.2 leaves/msg, 922s)
2026-08-07 22:43:24   [GPU] 4,550,036 evals (99822 batches, avg 46/batch = 9% of 512, 4888 evals/s, 371 msg/s, 13.2 leaves/msg, 931s)
2026-08-07 22:43:33   [GPU] 4,600,018 evals (100823 batches, avg 46/batch = 9% of 512, 4893 evals/s, 371 msg/s, 13.2 leaves/msg, 940s)
2026-08-07 22:43:39 [iter 8/60] self-play: 145/160 games...
2026-08-07 22:43:42   [GPU] 4,650,058 evals (101813 batches, avg 46/batch = 9% of 512, 4900 evals/s, 371 msg/s, 13.2 leaves/msg, 949s)
2026-08-07 22:43:51   [GPU] 4,700,023 evals (102786 batches, avg 46/batch = 9% of 512, 4907 evals/s, 372 msg/s, 13.2 leaves/msg, 958s)
2026-08-07 22:43:51 [iter 8/60] self-play: 150/160 games...
2026-08-07 22:44:00   [GPU] 4,750,056 evals (103755 batches, avg 46/batch = 9% of 512, 4913 evals/s, 372 msg/s, 13.2 leaves/msg, 967s)
2026-08-07 22:44:07 [iter 8/60] self-play: 155/160 games...
2026-08-07 22:44:11   [GPU] 4,800,024 evals (104907 batches, avg 46/batch = 9% of 512, 4907 evals/s, 372 msg/s, 13.2 leaves/msg, 978s)
2026-08-07 22:44:28   [GPU] 4,850,007 evals (106541 batches, avg 46/batch = 9% of 512, 4874 evals/s, 369 msg/s, 13.2 leaves/msg, 995s)
2026-08-07 22:44:50   [GPU] 4,900,023 evals (108494 batches, avg 45/batch = 9% of 512, 4816 evals/s, 365 msg/s, 13.2 leaves/msg, 1018s)
2026-08-07 22:45:21   [GPU] 4,950,011 evals (110904 batches, avg 45/batch = 9% of 512, 4723 evals/s, 358 msg/s, 13.2 leaves/msg, 1048s)
2026-08-07 22:46:10   [GPU] 5,000,011 evals (113932 batches, avg 44/batch = 9% of 512, 4557 evals/s, 345 msg/s, 13.2 leaves/msg, 1097s)
2026-08-07 22:46:49 [iter 8/60] self-play: 160/160 games...
2026-08-07 22:46:49 [iter 8/60] self-play done: 160 games (1137s) | wins: P0=22, P1=101, draw=37 | draw_rate=23% avg_len~19
2026-08-07 22:46:49 [iter 8/60] search: expanded=8.7 actions/node visits/action=68.7 walls/game=7.51 first_wall_ply=1.413 learner_sims/s=4747.31
2026-08-07 22:46:49 [iter 8/60] WARNING: draw_rate 23% > 20% — games timing out at max_game_moves=160 (weak value signal).
2026-08-07 22:46:49 [iter 8/60] training (600 steps, lr=9.70e-04)...
2026-08-07 22:46:55 [iter 8/60] training done: loss_p=1.335 loss_v=0.166 (5s)
2026-08-07 22:46:56 [iter 8/60] data: policy_wall_mass=0.157 walled_states=51% walls_on_board=11.7 value_mae walled=0.194 free=0.115
2026-08-07 22:46:56 [iter 8/60] eval vs best (40 games, 600 sims)...
2026-08-07 22:46:56 [EVAL-MP] 8 workers spawned (40 vs_best games, sims=600), GPU batcher starting...
2026-08-07 22:47:14   [GPU] 50,024 evals (1306 batches, avg 38/batch = 7% of 512, 2817 evals/s, 183 msg/s, 15.4 leaves/msg, 18s)
2026-08-07 22:47:28   [GPU] 100,029 evals (2573 batches, avg 39/batch = 8% of 512, 3125 evals/s, 203 msg/s, 15.4 leaves/msg, 32s)
2026-08-07 22:47:42   [GPU] 150,044 evals (3854 batches, avg 39/batch = 8% of 512, 3268 evals/s, 212 msg/s, 15.4 leaves/msg, 46s)
2026-08-07 22:47:56   [GPU] 200,003 evals (5123 batches, avg 39/batch = 8% of 512, 3355 evals/s, 219 msg/s, 15.3 leaves/msg, 60s)
2026-08-07 22:48:09   [GPU] 250,024 evals (6363 batches, avg 39/batch = 8% of 512, 3417 evals/s, 224 msg/s, 15.3 leaves/msg, 73s)
2026-08-07 22:48:23   [GPU] 300,027 evals (7608 batches, avg 39/batch = 8% of 512, 3467 evals/s, 228 msg/s, 15.2 leaves/msg, 87s)
2026-08-07 22:48:36   [GPU] 350,016 evals (8860 batches, avg 40/batch = 8% of 512, 3499 evals/s, 230 msg/s, 15.2 leaves/msg, 100s)
2026-08-07 22:48:49   [GPU] 400,053 evals (10110 batches, avg 40/batch = 8% of 512, 3533 evals/s, 233 msg/s, 15.2 leaves/msg, 113s)
2026-08-07 22:49:02   [GPU] 450,040 evals (11341 batches, avg 40/batch = 8% of 512, 3562 evals/s, 235 msg/s, 15.2 leaves/msg, 126s)
2026-08-07 22:49:16   [GPU] 500,017 evals (12594 batches, avg 40/batch = 8% of 512, 3587 evals/s, 237 msg/s, 15.2 leaves/msg, 139s)
2026-08-07 22:49:28   [GPU] 550,022 evals (13838 batches, avg 40/batch = 8% of 512, 3611 evals/s, 238 msg/s, 15.2 leaves/msg, 152s)
2026-08-07 22:49:42   [GPU] 600,026 evals (15101 batches, avg 40/batch = 8% of 512, 3622 evals/s, 239 msg/s, 15.1 leaves/msg, 166s)
2026-08-07 22:49:56   [GPU] 650,025 evals (16410 batches, avg 40/batch = 8% of 512, 3618 evals/s, 239 msg/s, 15.1 leaves/msg, 180s)
2026-08-07 22:50:10   [GPU] 700,010 evals (17692 batches, avg 40/batch = 8% of 512, 3612 evals/s, 239 msg/s, 15.1 leaves/msg, 194s)
2026-08-07 22:50:24   [GPU] 750,040 evals (19023 batches, avg 39/batch = 8% of 512, 3603 evals/s, 238 msg/s, 15.1 leaves/msg, 208s)
2026-08-07 22:50:26 [iter 8/60] eval vs best: 5/40 games (210s, cand 0%)
2026-08-07 22:50:40   [GPU] 800,015 evals (20352 batches, avg 39/batch = 8% of 512, 3578 evals/s, 236 msg/s, 15.2 leaves/msg, 224s)
2026-08-07 22:50:55   [GPU] 850,035 evals (21688 batches, avg 39/batch = 8% of 512, 3566 evals/s, 235 msg/s, 15.2 leaves/msg, 238s)
2026-08-07 22:51:10   [GPU] 900,001 evals (22994 batches, avg 39/batch = 8% of 512, 3548 evals/s, 234 msg/s, 15.2 leaves/msg, 254s)
2026-08-07 22:51:24   [GPU] 950,017 evals (24302 batches, avg 39/batch = 8% of 512, 3542 evals/s, 233 msg/s, 15.2 leaves/msg, 268s)
2026-08-07 22:51:39   [GPU] 1,000,027 evals (25625 batches, avg 39/batch = 8% of 512, 3537 evals/s, 233 msg/s, 15.2 leaves/msg, 283s)
2026-08-07 22:51:53   [GPU] 1,050,032 evals (26950 batches, avg 39/batch = 8% of 512, 3531 evals/s, 232 msg/s, 15.2 leaves/msg, 297s)
2026-08-07 22:52:09   [GPU] 1,100,008 evals (28326 batches, avg 39/batch = 8% of 512, 3521 evals/s, 232 msg/s, 15.2 leaves/msg, 312s)
2026-08-07 22:52:24   [GPU] 1,150,019 evals (29698 batches, avg 39/batch = 8% of 512, 3511 evals/s, 231 msg/s, 15.2 leaves/msg, 328s)
2026-08-07 22:52:39   [GPU] 1,200,020 evals (31065 batches, avg 39/batch = 8% of 512, 3502 evals/s, 231 msg/s, 15.2 leaves/msg, 343s)
2026-08-07 22:52:54   [GPU] 1,250,041 evals (32430 batches, avg 39/batch = 8% of 512, 3492 evals/s, 230 msg/s, 15.2 leaves/msg, 358s)
2026-08-07 22:53:09   [GPU] 1,300,021 evals (33811 batches, avg 38/batch = 8% of 512, 3485 evals/s, 230 msg/s, 15.1 leaves/msg, 373s)
2026-08-07 22:53:24   [GPU] 1,350,003 evals (35178 batches, avg 38/batch = 7% of 512, 3477 evals/s, 230 msg/s, 15.1 leaves/msg, 388s)
2026-08-07 22:53:40   [GPU] 1,400,011 evals (36580 batches, avg 38/batch = 7% of 512, 3470 evals/s, 229 msg/s, 15.1 leaves/msg, 403s)
2026-08-07 22:53:55   [GPU] 1,450,017 evals (37941 batches, avg 38/batch = 7% of 512, 3459 evals/s, 229 msg/s, 15.1 leaves/msg, 419s)
2026-08-07 22:54:07 [iter 8/60] eval vs best: 10/40 games (431s, cand 0%)
2026-08-07 22:54:10   [GPU] 1,500,030 evals (39300 batches, avg 38/batch = 7% of 512, 3455 evals/s, 229 msg/s, 15.1 leaves/msg, 434s)
2026-08-07 22:54:25   [GPU] 1,550,030 evals (40672 batches, avg 38/batch = 7% of 512, 3449 evals/s, 229 msg/s, 15.1 leaves/msg, 449s)
2026-08-07 22:54:39   [GPU] 1,600,048 evals (42005 batches, avg 38/batch = 7% of 512, 3453 evals/s, 229 msg/s, 15.1 leaves/msg, 463s)
2026-08-07 22:54:51 [iter 8/60] eval vs best: 15/40 games (475s, cand 0%)
2026-08-07 22:54:54   [GPU] 1,650,001 evals (43369 batches, avg 38/batch = 7% of 512, 3452 evals/s, 230 msg/s, 15.0 leaves/msg, 478s)
2026-08-07 22:55:11   [GPU] 1,700,048 evals (44835 batches, avg 38/batch = 7% of 512, 3436 evals/s, 229 msg/s, 15.0 leaves/msg, 495s)
2026-08-07 22:55:28   [GPU] 1,750,040 evals (46355 batches, avg 38/batch = 7% of 512, 3416 evals/s, 229 msg/s, 14.9 leaves/msg, 512s)
2026-08-07 22:55:45   [GPU] 1,800,036 evals (47825 batches, avg 38/batch = 7% of 512, 3401 evals/s, 229 msg/s, 14.9 leaves/msg, 529s)
2026-08-07 22:56:01   [GPU] 1,850,018 evals (49281 batches, avg 38/batch = 7% of 512, 3396 evals/s, 229 msg/s, 14.8 leaves/msg, 545s)
2026-08-07 22:56:16   [GPU] 1,900,052 evals (50704 batches, avg 37/batch = 7% of 512, 3396 evals/s, 230 msg/s, 14.8 leaves/msg, 559s)
2026-08-07 22:56:30   [GPU] 1,950,043 evals (52137 batches, avg 37/batch = 7% of 512, 3396 evals/s, 231 msg/s, 14.7 leaves/msg, 574s)
2026-08-07 22:56:45   [GPU] 2,000,017 evals (53561 batches, avg 37/batch = 7% of 512, 3394 evals/s, 231 msg/s, 14.7 leaves/msg, 589s)
2026-08-07 22:57:00   [GPU] 2,050,009 evals (54980 batches, avg 37/batch = 7% of 512, 3393 evals/s, 232 msg/s, 14.7 leaves/msg, 604s)
2026-08-07 22:57:15   [GPU] 2,100,023 evals (56408 batches, avg 37/batch = 7% of 512, 3391 evals/s, 232 msg/s, 14.6 leaves/msg, 619s)
2026-08-07 22:57:31   [GPU] 2,150,036 evals (57836 batches, avg 37/batch = 7% of 512, 3389 evals/s, 232 msg/s, 14.6 leaves/msg, 634s)
2026-08-07 22:57:46   [GPU] 2,200,015 evals (59275 batches, avg 37/batch = 7% of 512, 3385 evals/s, 233 msg/s, 14.5 leaves/msg, 650s)
2026-08-07 22:58:02   [GPU] 2,250,036 evals (60728 batches, avg 37/batch = 7% of 512, 3381 evals/s, 233 msg/s, 14.5 leaves/msg, 665s)
2026-08-07 22:58:17   [GPU] 2,300,027 evals (62201 batches, avg 37/batch = 7% of 512, 3376 evals/s, 233 msg/s, 14.5 leaves/msg, 681s)
2026-08-07 22:58:24 [iter 8/60] eval vs best: 20/40 games (688s, cand 0%)
2026-08-07 22:58:33   [GPU] 2,350,025 evals (63617 batches, avg 37/batch = 7% of 512, 3373 evals/s, 233 msg/s, 14.5 leaves/msg, 697s)
2026-08-07 22:58:48   [GPU] 2,400,078 evals (65010 batches, avg 37/batch = 7% of 512, 3372 evals/s, 233 msg/s, 14.5 leaves/msg, 712s)
2026-08-07 22:59:03   [GPU] 2,450,028 evals (66380 batches, avg 37/batch = 7% of 512, 3372 evals/s, 233 msg/s, 14.5 leaves/msg, 726s)
2026-08-07 22:59:17   [GPU] 2,500,031 evals (67715 batches, avg 37/batch = 7% of 512, 3375 evals/s, 233 msg/s, 14.5 leaves/msg, 741s)
2026-08-07 22:59:31 [iter 8/60] eval vs best: 25/40 games (755s, cand 50%)
2026-08-07 22:59:31   [GPU] 2,550,017 evals (69073 batches, avg 37/batch = 7% of 512, 3377 evals/s, 234 msg/s, 14.4 leaves/msg, 755s)
2026-08-07 22:59:46   [GPU] 2,600,040 evals (70440 batches, avg 37/batch = 7% of 512, 3379 evals/s, 235 msg/s, 14.4 leaves/msg, 770s)
2026-08-07 23:00:00   [GPU] 2,650,030 evals (71764 batches, avg 37/batch = 7% of 512, 3381 evals/s, 235 msg/s, 14.4 leaves/msg, 784s)
2026-08-07 23:00:14   [GPU] 2,700,004 evals (73104 batches, avg 37/batch = 7% of 512, 3383 evals/s, 235 msg/s, 14.4 leaves/msg, 798s)
2026-08-07 23:00:28   [GPU] 2,750,037 evals (74452 batches, avg 37/batch = 7% of 512, 3385 evals/s, 235 msg/s, 14.4 leaves/msg, 812s)
2026-08-07 23:00:43   [GPU] 2,800,025 evals (75827 batches, avg 37/batch = 7% of 512, 3386 evals/s, 236 msg/s, 14.4 leaves/msg, 827s)
2026-08-07 23:00:58   [GPU] 2,850,030 evals (77194 batches, avg 37/batch = 7% of 512, 3386 evals/s, 236 msg/s, 14.4 leaves/msg, 842s)
2026-08-07 23:01:12   [GPU] 2,900,003 evals (78542 batches, avg 37/batch = 7% of 512, 3387 evals/s, 236 msg/s, 14.4 leaves/msg, 856s)
2026-08-07 23:01:26   [GPU] 2,950,055 evals (79884 batches, avg 37/batch = 7% of 512, 3390 evals/s, 236 msg/s, 14.4 leaves/msg, 870s)
2026-08-07 23:01:41   [GPU] 3,000,004 evals (81228 batches, avg 37/batch = 7% of 512, 3392 evals/s, 236 msg/s, 14.3 leaves/msg, 885s)
2026-08-07 23:01:56   [GPU] 3,050,021 evals (82643 batches, avg 37/batch = 7% of 512, 3390 evals/s, 236 msg/s, 14.3 leaves/msg, 900s)
2026-08-07 23:02:11   [GPU] 3,100,038 evals (84048 batches, avg 37/batch = 7% of 512, 3389 evals/s, 236 msg/s, 14.3 leaves/msg, 915s)
2026-08-07 23:02:19 [iter 8/60] eval vs best: 30/40 games (923s, cand 50%)
2026-08-07 23:02:27   [GPU] 3,150,000 evals (85521 batches, avg 37/batch = 7% of 512, 3384 evals/s, 236 msg/s, 14.3 leaves/msg, 931s)
2026-08-07 23:02:44   [GPU] 3,200,009 evals (86955 batches, avg 37/batch = 7% of 512, 3376 evals/s, 236 msg/s, 14.3 leaves/msg, 948s)
2026-08-07 23:03:00   [GPU] 3,250,001 evals (88368 batches, avg 37/batch = 7% of 512, 3371 evals/s, 235 msg/s, 14.3 leaves/msg, 964s)
2026-08-07 23:03:16   [GPU] 3,300,016 evals (89785 batches, avg 37/batch = 7% of 512, 3369 evals/s, 235 msg/s, 14.4 leaves/msg, 980s)
2026-08-07 23:03:32   [GPU] 3,350,042 evals (91255 batches, avg 37/batch = 7% of 512, 3363 evals/s, 234 msg/s, 14.4 leaves/msg, 996s)
2026-08-07 23:03:37 [iter 8/60] eval vs best: 35/40 games (1001s, cand 50%)
2026-08-07 23:03:54   [GPU] 3,400,047 evals (92929 batches, avg 37/batch = 7% of 512, 3339 evals/s, 232 msg/s, 14.4 leaves/msg, 1018s)
2026-08-07 23:04:17   [GPU] 3,450,008 evals (94611 batches, avg 36/batch = 7% of 512, 3315 evals/s, 230 msg/s, 14.4 leaves/msg, 1041s)
2026-08-07 23:04:39   [GPU] 3,500,007 evals (96215 batches, avg 36/batch = 7% of 512, 3292 evals/s, 228 msg/s, 14.4 leaves/msg, 1063s)
2026-08-07 23:05:01   [GPU] 3,550,000 evals (97877 batches, avg 36/batch = 7% of 512, 3271 evals/s, 227 msg/s, 14.4 leaves/msg, 1085s)
2026-08-07 23:05:23   [GPU] 3,600,025 evals (99540 batches, avg 36/batch = 7% of 512, 3251 evals/s, 225 msg/s, 14.4 leaves/msg, 1107s)
2026-08-07 23:05:52   [GPU] 3,650,012 evals (101431 batches, avg 36/batch = 7% of 512, 3213 evals/s, 222 msg/s, 14.4 leaves/msg, 1136s)
2026-08-07 23:07:17 [iter 8/60] eval vs best: 40/40 games (1221s, cand 50%)
2026-08-07 23:07:17 [iter 8/60] eval vs best done: 50.0% of 2 decided reject (only 2/40 games decided — too few to gate on) (1221s)
2026-08-07 23:07:17 [iter 8/60] eval vs random (40 games, 600 sims)...
2026-08-07 23:07:17 [EVAL-MP] 8 workers spawned (40 vs_random games, sims=600), GPU batcher starting...
2026-08-07 23:07:32   [GPU] 50,011 evals (1258 batches, avg 40/batch = 8% of 512, 3329 evals/s, 226 msg/s, 14.7 leaves/msg, 15s)
2026-08-07 23:07:36 [iter 8/60] eval vs random: 5/40 games (19s, cand 100%)
2026-08-07 23:07:45   [GPU] 100,016 evals (2541 batches, avg 39/batch = 8% of 512, 3668 evals/s, 263 msg/s, 14.0 leaves/msg, 27s)
2026-08-07 23:07:53 [iter 8/60] eval vs random: 10/40 games (36s, cand 100%)
2026-08-07 23:07:56   [GPU] 150,016 evals (3782 batches, avg 40/batch = 8% of 512, 3849 evals/s, 280 msg/s, 13.7 leaves/msg, 39s)
2026-08-07 23:08:05 [iter 8/60] eval vs random: 15/40 games (48s, cand 100%)
2026-08-07 23:08:08   [GPU] 200,014 evals (5047 batches, avg 40/batch = 8% of 512, 3921 evals/s, 284 msg/s, 13.8 leaves/msg, 51s)
2026-08-07 23:08:20   [GPU] 250,009 evals (6259 batches, avg 40/batch = 8% of 512, 3991 evals/s, 287 msg/s, 13.9 leaves/msg, 63s)
2026-08-07 23:08:23 [iter 8/60] eval vs random: 20/40 games (66s, cand 100%)
2026-08-07 23:08:32   [GPU] 300,004 evals (7499 batches, avg 40/batch = 8% of 512, 4023 evals/s, 289 msg/s, 13.9 leaves/msg, 75s)
2026-08-07 23:08:44   [GPU] 350,055 evals (8746 batches, avg 40/batch = 8% of 512, 4049 evals/s, 291 msg/s, 13.9 leaves/msg, 86s)
2026-08-07 23:08:50 [iter 8/60] eval vs random: 25/40 games (93s, cand 100%)
2026-08-07 23:08:57   [GPU] 400,023 evals (10134 batches, avg 39/batch = 8% of 512, 4007 evals/s, 289 msg/s, 13.9 leaves/msg, 100s)
2026-08-07 23:09:11   [GPU] 450,017 evals (11565 batches, avg 39/batch = 8% of 512, 3956 evals/s, 286 msg/s, 13.9 leaves/msg, 114s)
2026-08-07 23:09:16 [iter 8/60] eval vs random: 30/40 games (118s, cand 100%)
2026-08-07 23:09:30   [GPU] 500,022 evals (13313 batches, avg 38/batch = 7% of 512, 3775 evals/s, 273 msg/s, 13.8 leaves/msg, 132s)
2026-08-07 23:09:54   [GPU] 550,031 evals (15301 batches, avg 36/batch = 7% of 512, 3509 evals/s, 252 msg/s, 13.9 leaves/msg, 157s)
2026-08-07 23:09:56 [iter 8/60] eval vs random: 35/40 games (158s, cand 100%)
2026-08-07 23:10:38   [GPU] 600,012 evals (18035 batches, avg 33/batch = 6% of 512, 2992 evals/s, 214 msg/s, 14.0 leaves/msg, 201s)
2026-08-07 23:11:46   [GPU] 650,006 evals (21134 batches, avg 31/batch = 6% of 512, 2419 evals/s, 172 msg/s, 14.0 leaves/msg, 269s)
2026-08-07 23:12:46 [iter 8/60] eval vs random: 40/40 games (329s, cand 100%)
2026-08-07 23:12:46 [iter 8/60] eval vs random done: 100.0% (329s)
2026-08-07 23:12:46 [iter 8/60] eval vs greedy (80 games, 600 sims)...
2026-08-07 23:12:46 [EVAL-MP] 8 workers spawned (80 vs_greedy games, sims=600), GPU batcher starting...
2026-08-07 23:13:01   [GPU] 50,045 evals (1189 batches, avg 42/batch = 8% of 512, 3436 evals/s, 224 msg/s, 15.4 leaves/msg, 15s)
2026-08-07 23:13:09 [iter 8/60] eval vs greedy: 5/80 games (23s, cand 60%)
2026-08-07 23:13:13   [GPU] 100,020 evals (2445 batches, avg 41/batch = 8% of 512, 3731 evals/s, 253 msg/s, 14.7 leaves/msg, 27s)
2026-08-07 23:13:25 [iter 8/60] eval vs greedy: 10/80 games (39s, cand 80%)
2026-08-07 23:13:25   [GPU] 150,028 evals (3708 batches, avg 40/batch = 8% of 512, 3860 evals/s, 261 msg/s, 14.8 leaves/msg, 39s)
2026-08-07 23:13:33 [iter 8/60] eval vs greedy: 15/80 games (46s, cand 80%)
2026-08-07 23:13:37   [GPU] 200,024 evals (4968 batches, avg 40/batch = 8% of 512, 3924 evals/s, 267 msg/s, 14.7 leaves/msg, 51s)
2026-08-07 23:13:49   [GPU] 250,060 evals (6179 batches, avg 40/batch = 8% of 512, 4003 evals/s, 273 msg/s, 14.7 leaves/msg, 62s)
2026-08-07 23:13:49 [iter 8/60] eval vs greedy: 20/80 games (63s, cand 80%)
2026-08-07 23:13:58 [iter 8/60] eval vs greedy: 25/80 games (72s, cand 80%)
2026-08-07 23:14:01   [GPU] 300,034 evals (7416 batches, avg 40/batch = 8% of 512, 4032 evals/s, 276 msg/s, 14.6 leaves/msg, 74s)
2026-08-07 23:14:12   [GPU] 350,003 evals (8622 batches, avg 41/batch = 8% of 512, 4086 evals/s, 279 msg/s, 14.6 leaves/msg, 86s)
2026-08-07 23:14:13 [iter 8/60] eval vs greedy: 30/80 games (87s, cand 77%)
2026-08-07 23:14:24   [GPU] 400,000 evals (9884 batches, avg 40/batch = 8% of 512, 4087 evals/s, 281 msg/s, 14.5 leaves/msg, 98s)
2026-08-07 23:14:28 [iter 8/60] eval vs greedy: 35/80 games (102s, cand 74%)
2026-08-07 23:14:36   [GPU] 450,012 evals (11115 batches, avg 40/batch = 8% of 512, 4097 evals/s, 282 msg/s, 14.5 leaves/msg, 110s)
2026-08-07 23:14:40 [iter 8/60] eval vs greedy: 40/80 games (114s, cand 72%)
2026-08-07 23:14:48   [GPU] 500,047 evals (12382 batches, avg 40/batch = 8% of 512, 4094 evals/s, 283 msg/s, 14.5 leaves/msg, 122s)
2026-08-07 23:14:49 [iter 8/60] eval vs greedy: 45/80 games (122s, cand 71%)
2026-08-07 23:15:00   [GPU] 550,029 evals (13623 batches, avg 40/batch = 8% of 512, 4112 evals/s, 284 msg/s, 14.5 leaves/msg, 134s)
2026-08-07 23:15:04 [iter 8/60] eval vs greedy: 50/80 games (138s, cand 70%)
2026-08-07 23:15:12   [GPU] 600,043 evals (14873 batches, avg 40/batch = 8% of 512, 4113 evals/s, 283 msg/s, 14.5 leaves/msg, 146s)
2026-08-07 23:15:19 [iter 8/60] eval vs greedy: 55/80 games (153s, cand 73%)
2026-08-07 23:15:24   [GPU] 650,005 evals (16072 batches, avg 40/batch = 8% of 512, 4128 evals/s, 284 msg/s, 14.5 leaves/msg, 157s)
2026-08-07 23:15:28 [iter 8/60] eval vs greedy: 60/80 games (162s, cand 72%)
2026-08-07 23:15:36   [GPU] 700,038 evals (17329 batches, avg 40/batch = 8% of 512, 4130 evals/s, 285 msg/s, 14.5 leaves/msg, 170s)
2026-08-07 23:15:43 [iter 8/60] eval vs greedy: 65/80 games (177s, cand 69%)
2026-08-07 23:15:50   [GPU] 750,020 evals (18773 batches, avg 40/batch = 8% of 512, 4083 evals/s, 282 msg/s, 14.5 leaves/msg, 184s)
2026-08-07 23:16:00 [iter 8/60] eval vs greedy: 70/80 games (193s, cand 70%)
2026-08-07 23:16:08   [GPU] 800,004 evals (20411 batches, avg 39/batch = 8% of 512, 3964 evals/s, 274 msg/s, 14.5 leaves/msg, 202s)
2026-08-07 23:16:17 [iter 8/60] eval vs greedy: 75/80 games (211s, cand 68%)
2026-08-07 23:16:35   [GPU] 850,005 evals (22479 batches, avg 38/batch = 7% of 512, 3719 evals/s, 258 msg/s, 14.4 leaves/msg, 229s)
2026-08-07 23:16:53 [iter 8/60] eval vs greedy: 80/80 games (247s, cand 68%)
2026-08-07 23:16:54 [iter 8/60] eval vs greedy done: 67.5% of 80 decided [seat0:19/40 seat1:35/40] (248s)
2026-08-07 23:16:54 [iter 8/60] eval vs minimax (depth 2, 80 games)...
2026-08-07 23:16:54 [EVAL-MP] 8 workers spawned (80 vs_minimax games, sims=600), GPU batcher starting...
2026-08-07 23:17:10   [GPU] 50,037 evals (1289 batches, avg 39/batch = 8% of 512, 3107 evals/s, 202 msg/s, 15.4 leaves/msg, 16s)
2026-08-07 23:17:23   [GPU] 100,031 evals (2571 batches, avg 39/batch = 8% of 512, 3483 evals/s, 238 msg/s, 14.7 leaves/msg, 29s)
2026-08-07 23:17:31 [iter 8/60] eval vs minimax: 5/80 games (0%)
2026-08-07 23:17:35   [GPU] 150,057 evals (3864 batches, avg 39/batch = 8% of 512, 3687 evals/s, 260 msg/s, 14.2 leaves/msg, 41s)
2026-08-07 23:17:47   [GPU] 200,027 evals (5142 batches, avg 39/batch = 8% of 512, 3789 evals/s, 267 msg/s, 14.2 leaves/msg, 53s)
2026-08-07 23:17:52 [iter 8/60] eval vs minimax: 10/80 games (10%)
2026-08-07 23:17:58   [GPU] 250,003 evals (6370 batches, avg 39/batch = 8% of 512, 3895 evals/s, 277 msg/s, 14.1 leaves/msg, 64s)
2026-08-07 23:18:09   [GPU] 300,028 evals (7543 batches, avg 40/batch = 8% of 512, 3989 evals/s, 283 msg/s, 14.1 leaves/msg, 75s)
2026-08-07 23:18:20   [GPU] 350,005 evals (8672 batches, avg 40/batch = 8% of 512, 4094 evals/s, 290 msg/s, 14.1 leaves/msg, 86s)
2026-08-07 23:18:30   [GPU] 400,008 evals (9796 batches, avg 41/batch = 8% of 512, 4175 evals/s, 296 msg/s, 14.1 leaves/msg, 96s)
2026-08-07 23:18:37 [iter 8/60] eval vs minimax: 15/80 games (8%)
2026-08-07 23:18:41   [GPU] 450,034 evals (10955 batches, avg 41/batch = 8% of 512, 4215 evals/s, 298 msg/s, 14.2 leaves/msg, 107s)
2026-08-07 23:18:53   [GPU] 500,034 evals (12161 batches, avg 41/batch = 8% of 512, 4215 evals/s, 297 msg/s, 14.2 leaves/msg, 119s)
2026-08-07 23:19:03   [GPU] 550,003 evals (13299 batches, avg 41/batch = 8% of 512, 4252 evals/s, 299 msg/s, 14.2 leaves/msg, 129s)
2026-08-07 23:19:08 [iter 8/60] eval vs minimax: 20/80 games (6%)
2026-08-07 23:19:14   [GPU] 600,013 evals (14493 batches, avg 41/batch = 8% of 512, 4275 evals/s, 302 msg/s, 14.1 leaves/msg, 140s)
2026-08-07 23:19:25 [iter 8/60] eval vs minimax: 25/80 games (5%)
2026-08-07 23:19:27   [GPU] 650,047 evals (15760 batches, avg 41/batch = 8% of 512, 4251 evals/s, 300 msg/s, 14.2 leaves/msg, 153s)
2026-08-07 23:19:37   [GPU] 700,010 evals (16904 batches, avg 41/batch = 8% of 512, 4283 evals/s, 302 msg/s, 14.2 leaves/msg, 163s)
2026-08-07 23:19:42 [iter 8/60] eval vs minimax: 30/80 games (4%)
2026-08-07 23:19:50   [GPU] 750,006 evals (18201 batches, avg 41/batch = 8% of 512, 4258 evals/s, 301 msg/s, 14.1 leaves/msg, 176s)
2026-08-07 23:20:02   [GPU] 800,008 evals (19452 batches, avg 41/batch = 8% of 512, 4251 evals/s, 300 msg/s, 14.2 leaves/msg, 188s)
2026-08-07 23:20:07 [iter 8/60] eval vs minimax: 35/80 games (4%)
2026-08-07 23:20:14   [GPU] 850,005 evals (20677 batches, avg 41/batch = 8% of 512, 4251 evals/s, 300 msg/s, 14.2 leaves/msg, 200s)
2026-08-07 23:20:26   [GPU] 900,011 evals (21948 batches, avg 41/batch = 8% of 512, 4237 evals/s, 299 msg/s, 14.2 leaves/msg, 212s)
2026-08-07 23:20:29 [iter 8/60] eval vs minimax: 40/80 games (6%)
2026-08-07 23:20:39   [GPU] 950,007 evals (23265 batches, avg 41/batch = 8% of 512, 4227 evals/s, 299 msg/s, 14.1 leaves/msg, 225s)
2026-08-07 23:20:43 [iter 8/60] eval vs minimax: 45/80 games (5%)
2026-08-07 23:20:51   [GPU] 1,000,077 evals (24562 batches, avg 41/batch = 8% of 512, 4215 evals/s, 299 msg/s, 14.1 leaves/msg, 237s)
2026-08-07 23:21:03   [GPU] 1,050,016 evals (25824 batches, avg 41/batch = 8% of 512, 4213 evals/s, 299 msg/s, 14.1 leaves/msg, 249s)
2026-08-07 23:21:04 [iter 8/60] eval vs minimax: 50/80 games (5%)
2026-08-07 23:21:16   [GPU] 1,100,001 evals (27098 batches, avg 41/batch = 8% of 512, 4205 evals/s, 298 msg/s, 14.1 leaves/msg, 262s)
2026-08-07 23:21:27   [GPU] 1,150,002 evals (28282 batches, avg 41/batch = 8% of 512, 4218 evals/s, 299 msg/s, 14.1 leaves/msg, 273s)
2026-08-07 23:21:39   [GPU] 1,200,014 evals (29552 batches, avg 41/batch = 8% of 512, 4216 evals/s, 299 msg/s, 14.1 leaves/msg, 285s)
2026-08-07 23:21:43 [iter 8/60] eval vs minimax: 55/80 games (4%)
2026-08-07 23:21:50   [GPU] 1,250,008 evals (30747 batches, avg 41/batch = 8% of 512, 4224 evals/s, 300 msg/s, 14.1 leaves/msg, 296s)
2026-08-07 23:22:01   [GPU] 1,300,031 evals (31936 batches, avg 41/batch = 8% of 512, 4233 evals/s, 301 msg/s, 14.1 leaves/msg, 307s)
2026-08-07 23:22:11 [iter 8/60] eval vs minimax: 60/80 games (4%)
2026-08-07 23:22:13   [GPU] 1,350,032 evals (33168 batches, avg 41/batch = 8% of 512, 4235 evals/s, 301 msg/s, 14.1 leaves/msg, 319s)
2026-08-07 23:22:25   [GPU] 1,400,041 evals (34464 batches, avg 41/batch = 8% of 512, 4229 evals/s, 300 msg/s, 14.1 leaves/msg, 331s)
2026-08-07 23:22:37   [GPU] 1,450,045 evals (35757 batches, avg 41/batch = 8% of 512, 4223 evals/s, 300 msg/s, 14.1 leaves/msg, 343s)
2026-08-07 23:22:38 [iter 8/60] eval vs minimax: 65/80 games (6%)
2026-08-07 23:22:51   [GPU] 1,500,008 evals (37116 batches, avg 40/batch = 8% of 512, 4207 evals/s, 299 msg/s, 14.1 leaves/msg, 357s)
2026-08-07 23:22:55 [iter 8/60] eval vs minimax: 70/80 games (5%)
2026-08-07 23:23:06   [GPU] 1,550,015 evals (38637 batches, avg 40/batch = 8% of 512, 4168 evals/s, 296 msg/s, 14.1 leaves/msg, 372s)
2026-08-07 23:23:27 [iter 8/60] eval vs minimax: 75/80 games (5%)
2026-08-07 23:23:29   [GPU] 1,600,005 evals (40637 batches, avg 39/batch = 8% of 512, 4051 evals/s, 288 msg/s, 14.1 leaves/msg, 395s)
2026-08-07 23:24:09   [GPU] 1,650,009 evals (43377 batches, avg 38/batch = 7% of 512, 3790 evals/s, 270 msg/s, 14.0 leaves/msg, 435s)
2026-08-07 23:24:59   [GPU] 1,700,001 evals (46038 batches, avg 37/batch = 7% of 512, 3508 evals/s, 250 msg/s, 14.1 leaves/msg, 485s)
2026-08-07 23:25:55 [iter 8/60] eval vs minimax: 80/80 games (5%)
2026-08-07 23:25:55 [iter 8/60] eval vs minimax done: 4.7% of 64 decided [seat0:0/40 seat1:3/40] (541s)
2026-08-07 23:25:55 >>> iter 8 | loss_p=1.335 loss_v=0.166 | vs_best=50.0% reject | vs_rand=100.0% | draw=23% | buf=53822 | rss=2.58GB | sp=1137s train=5s eval_best=1221s eval_rand=329s | total=3483s
2026-08-07 23:25:55 [iter 9/60] self-play starting (160 games, 600 sims, MIXED 80/160 race-only)...
2026-08-07 23:25:55 [PARALLEL-MP] 8 workers spawned (160 games, sims=600), GPU batcher starting...
2026-08-07 23:26:07   [GPU] 50,031 evals (1016 batches, avg 49/batch = 10% of 512, 4241 evals/s, 353 msg/s, 12.0 leaves/msg, 12s)
2026-08-07 23:26:09 [iter 9/60] self-play: 5/160 games...
2026-08-07 23:26:19   [GPU] 100,038 evals (2218 batches, avg 45/batch = 9% of 512, 4268 evals/s, 331 msg/s, 12.9 leaves/msg, 23s)
2026-08-07 23:26:31   [GPU] 150,001 evals (3498 batches, avg 43/batch = 8% of 512, 4211 evals/s, 326 msg/s, 12.9 leaves/msg, 36s)
2026-08-07 23:26:33 [iter 9/60] self-play: 10/160 games...
2026-08-07 23:26:43   [GPU] 200,059 evals (4788 batches, avg 42/batch = 8% of 512, 4166 evals/s, 316 msg/s, 13.2 leaves/msg, 48s)
2026-08-07 23:26:55   [GPU] 250,005 evals (5991 batches, avg 42/batch = 8% of 512, 4217 evals/s, 315 msg/s, 13.4 leaves/msg, 59s)
2026-08-07 23:27:04   [GPU] 300,031 evals (6960 batches, avg 43/batch = 8% of 512, 4401 evals/s, 328 msg/s, 13.4 leaves/msg, 68s)
2026-08-07 23:27:06 [iter 9/60] self-play: 15/160 games...
2026-08-07 23:27:13   [GPU] 350,029 evals (7971 batches, avg 44/batch = 9% of 512, 4532 evals/s, 339 msg/s, 13.4 leaves/msg, 77s)
2026-08-07 23:27:21   [GPU] 400,038 evals (8932 batches, avg 45/batch = 9% of 512, 4660 evals/s, 351 msg/s, 13.3 leaves/msg, 86s)
2026-08-07 23:27:31   [GPU] 450,015 evals (10042 batches, avg 45/batch = 9% of 512, 4693 evals/s, 353 msg/s, 13.3 leaves/msg, 96s)
2026-08-07 23:27:41   [GPU] 500,050 evals (11092 batches, avg 45/batch = 9% of 512, 4751 evals/s, 357 msg/s, 13.3 leaves/msg, 105s)
2026-08-07 23:27:45 [iter 9/60] self-play: 20/160 games...
2026-08-07 23:27:50   [GPU] 550,048 evals (12098 batches, avg 45/batch = 9% of 512, 4808 evals/s, 363 msg/s, 13.2 leaves/msg, 114s)
2026-08-07 23:27:59   [GPU] 600,019 evals (13091 batches, avg 46/batch = 9% of 512, 4865 evals/s, 369 msg/s, 13.2 leaves/msg, 123s)
2026-08-07 23:28:08   [GPU] 650,014 evals (14112 batches, avg 46/batch = 9% of 512, 4893 evals/s, 371 msg/s, 13.2 leaves/msg, 133s)
2026-08-07 23:28:18   [GPU] 700,019 evals (15139 batches, avg 46/batch = 9% of 512, 4917 evals/s, 372 msg/s, 13.2 leaves/msg, 142s)
2026-08-07 23:28:19 [iter 9/60] self-play: 25/160 games...
2026-08-07 23:28:28   [GPU] 750,050 evals (16184 batches, avg 46/batch = 9% of 512, 4930 evals/s, 374 msg/s, 13.2 leaves/msg, 152s)
2026-08-07 23:28:37   [GPU] 800,018 evals (17168 batches, avg 47/batch = 9% of 512, 4964 evals/s, 375 msg/s, 13.2 leaves/msg, 161s)
2026-08-07 23:28:43 [iter 9/60] self-play: 30/160 games...
2026-08-07 23:28:46   [GPU] 850,003 evals (18134 batches, avg 47/batch = 9% of 512, 4994 evals/s, 376 msg/s, 13.3 leaves/msg, 170s)
2026-08-07 23:28:55   [GPU] 900,061 evals (19124 batches, avg 47/batch = 9% of 512, 5010 evals/s, 376 msg/s, 13.3 leaves/msg, 180s)
2026-08-07 23:29:04   [GPU] 950,020 evals (20044 batches, avg 47/batch = 9% of 512, 5048 evals/s, 378 msg/s, 13.4 leaves/msg, 188s)
2026-08-07 23:29:14   [GPU] 1,000,009 evals (21118 batches, avg 47/batch = 9% of 512, 5045 evals/s, 378 msg/s, 13.3 leaves/msg, 198s)
2026-08-07 23:29:15 [iter 9/60] self-play: 35/160 games...
2026-08-07 23:29:25   [GPU] 1,050,032 evals (22320 batches, avg 47/batch = 9% of 512, 5018 evals/s, 377 msg/s, 13.3 leaves/msg, 209s)
2026-08-07 23:29:36   [GPU] 1,100,058 evals (23505 batches, avg 47/batch = 9% of 512, 4989 evals/s, 374 msg/s, 13.3 leaves/msg, 220s)
2026-08-07 23:29:39 [iter 9/60] self-play: 40/160 games...
2026-08-07 23:29:47   [GPU] 1,150,005 evals (24694 batches, avg 47/batch = 9% of 512, 4961 evals/s, 373 msg/s, 13.3 leaves/msg, 232s)
2026-08-07 23:30:01   [GPU] 1,200,000 evals (26088 batches, avg 46/batch = 9% of 512, 4895 evals/s, 368 msg/s, 13.3 leaves/msg, 245s)
2026-08-07 23:30:12   [GPU] 1,250,032 evals (27290 batches, avg 46/batch = 9% of 512, 4871 evals/s, 366 msg/s, 13.3 leaves/msg, 257s)
2026-08-07 23:30:17 [iter 9/60] self-play: 45/160 games...
2026-08-07 23:30:21   [GPU] 1,300,050 evals (28293 batches, avg 46/batch = 9% of 512, 4886 evals/s, 367 msg/s, 13.3 leaves/msg, 266s)
2026-08-07 23:30:31   [GPU] 1,350,015 evals (29302 batches, avg 46/batch = 9% of 512, 4903 evals/s, 368 msg/s, 13.3 leaves/msg, 275s)
2026-08-07 23:30:40   [GPU] 1,400,049 evals (30341 batches, avg 46/batch = 9% of 512, 4913 evals/s, 369 msg/s, 13.3 leaves/msg, 285s)
2026-08-07 23:30:49   [GPU] 1,450,031 evals (31318 batches, avg 46/batch = 9% of 512, 4937 evals/s, 370 msg/s, 13.3 leaves/msg, 294s)
2026-08-07 23:30:57   [GPU] 1,500,074 evals (32247 batches, avg 47/batch = 9% of 512, 4967 evals/s, 372 msg/s, 13.4 leaves/msg, 302s)
2026-08-07 23:31:05   [GPU] 1,550,042 evals (33102 batches, avg 47/batch = 9% of 512, 5005 evals/s, 374 msg/s, 13.4 leaves/msg, 310s)
2026-08-07 23:31:13   [GPU] 1,600,016 evals (33945 batches, avg 47/batch = 9% of 512, 5043 evals/s, 377 msg/s, 13.4 leaves/msg, 317s)
2026-08-07 23:31:20   [GPU] 1,650,028 evals (34779 batches, avg 47/batch = 9% of 512, 5082 evals/s, 380 msg/s, 13.4 leaves/msg, 325s)
2026-08-07 23:31:21 [iter 9/60] self-play: 50/160 games...
2026-08-07 23:31:28   [GPU] 1,700,071 evals (35677 batches, avg 48/batch = 9% of 512, 5105 evals/s, 381 msg/s, 13.4 leaves/msg, 333s)
2026-08-07 23:31:37   [GPU] 1,750,024 evals (36643 batches, avg 48/batch = 9% of 512, 5120 evals/s, 382 msg/s, 13.4 leaves/msg, 342s)
2026-08-07 23:31:45   [GPU] 1,800,017 evals (37509 batches, avg 48/batch = 9% of 512, 5149 evals/s, 384 msg/s, 13.4 leaves/msg, 350s)
2026-08-07 23:31:51 [iter 9/60] self-play: 55/160 games...
2026-08-07 23:31:53   [GPU] 1,850,018 evals (38408 batches, avg 48/batch = 9% of 512, 5173 evals/s, 387 msg/s, 13.4 leaves/msg, 358s)
2026-08-07 23:32:01 [iter 9/60] self-play: 60/160 games...
2026-08-07 23:32:03   [GPU] 1,900,042 evals (39490 batches, avg 48/batch = 9% of 512, 5168 evals/s, 387 msg/s, 13.4 leaves/msg, 368s)
2026-08-07 23:32:14   [GPU] 1,950,032 evals (40613 batches, avg 48/batch = 9% of 512, 5152 evals/s, 386 msg/s, 13.3 leaves/msg, 379s)
2026-08-07 23:32:21 [iter 9/60] self-play: 65/160 games...
2026-08-07 23:32:24   [GPU] 2,000,043 evals (41687 batches, avg 48/batch = 9% of 512, 5145 evals/s, 385 msg/s, 13.4 leaves/msg, 389s)
2026-08-07 23:32:35   [GPU] 2,050,063 evals (42880 batches, avg 48/batch = 9% of 512, 5127 evals/s, 384 msg/s, 13.3 leaves/msg, 400s)
2026-08-07 23:32:45   [GPU] 2,100,017 evals (43983 batches, avg 48/batch = 9% of 512, 5122 evals/s, 383 msg/s, 13.4 leaves/msg, 410s)
2026-08-07 23:32:54 [iter 9/60] self-play: 70/160 games...
2026-08-07 23:32:54   [GPU] 2,150,027 evals (44935 batches, avg 48/batch = 9% of 512, 5135 evals/s, 385 msg/s, 13.3 leaves/msg, 419s)
2026-08-07 23:33:04   [GPU] 2,200,002 evals (45937 batches, avg 48/batch = 9% of 512, 5135 evals/s, 384 msg/s, 13.4 leaves/msg, 428s)
2026-08-07 23:33:13   [GPU] 2,250,033 evals (46955 batches, avg 48/batch = 9% of 512, 5143 evals/s, 384 msg/s, 13.4 leaves/msg, 437s)
2026-08-07 23:33:21   [GPU] 2,300,012 evals (47854 batches, avg 48/batch = 9% of 512, 5163 evals/s, 385 msg/s, 13.4 leaves/msg, 445s)
2026-08-07 23:33:29   [GPU] 2,350,005 evals (48784 batches, avg 48/batch = 9% of 512, 5182 evals/s, 387 msg/s, 13.4 leaves/msg, 453s)
2026-08-07 23:33:38   [GPU] 2,400,030 evals (49691 batches, avg 48/batch = 9% of 512, 5193 evals/s, 388 msg/s, 13.4 leaves/msg, 462s)
2026-08-07 23:33:44 [iter 9/60] self-play: 75/160 games...
2026-08-07 23:33:46   [GPU] 2,450,020 evals (50631 batches, avg 48/batch = 9% of 512, 5203 evals/s, 388 msg/s, 13.4 leaves/msg, 471s)
2026-08-07 23:33:57   [GPU] 2,500,039 evals (51729 batches, avg 48/batch = 9% of 512, 5194 evals/s, 388 msg/s, 13.4 leaves/msg, 481s)
2026-08-07 23:34:06   [GPU] 2,550,025 evals (52771 batches, avg 48/batch = 9% of 512, 5194 evals/s, 388 msg/s, 13.4 leaves/msg, 491s)
2026-08-07 23:34:15   [GPU] 2,600,019 evals (53760 batches, avg 48/batch = 9% of 512, 5200 evals/s, 388 msg/s, 13.4 leaves/msg, 500s)
2026-08-07 23:34:16 [iter 9/60] self-play: 80/160 games...
2026-08-07 23:34:25   [GPU] 2,650,022 evals (54845 batches, avg 48/batch = 9% of 512, 5197 evals/s, 389 msg/s, 13.4 leaves/msg, 510s)
2026-08-07 23:34:35   [GPU] 2,700,021 evals (55914 batches, avg 48/batch = 9% of 512, 5192 evals/s, 388 msg/s, 13.4 leaves/msg, 520s)
2026-08-07 23:34:42 [iter 9/60] self-play: 85/160 games...
2026-08-07 23:34:46   [GPU] 2,750,008 evals (57083 batches, avg 48/batch = 9% of 512, 5183 evals/s, 388 msg/s, 13.4 leaves/msg, 531s)
2026-08-07 23:34:56   [GPU] 2,800,048 evals (58191 batches, avg 48/batch = 9% of 512, 5177 evals/s, 387 msg/s, 13.4 leaves/msg, 541s)
2026-08-07 23:34:58 [iter 9/60] self-play: 90/160 games...
2026-08-07 23:35:08   [GPU] 2,850,011 evals (59413 batches, avg 48/batch = 9% of 512, 5157 evals/s, 385 msg/s, 13.4 leaves/msg, 553s)
2026-08-07 23:35:21   [GPU] 2,900,038 evals (60738 batches, avg 48/batch = 9% of 512, 5124 evals/s, 383 msg/s, 13.4 leaves/msg, 566s)
2026-08-07 23:35:23 [iter 9/60] self-play: 95/160 games...
2026-08-07 23:35:33   [GPU] 2,950,041 evals (61948 batches, avg 48/batch = 9% of 512, 5109 evals/s, 382 msg/s, 13.4 leaves/msg, 577s)
2026-08-07 23:35:41 [iter 9/60] self-play: 100/160 games...
2026-08-07 23:35:43   [GPU] 3,000,001 evals (63073 batches, avg 48/batch = 9% of 512, 5101 evals/s, 382 msg/s, 13.4 leaves/msg, 588s)
2026-08-07 23:35:55   [GPU] 3,050,018 evals (64254 batches, avg 47/batch = 9% of 512, 5088 evals/s, 380 msg/s, 13.4 leaves/msg, 599s)
2026-08-07 23:36:07   [GPU] 3,100,039 evals (65463 batches, avg 47/batch = 9% of 512, 5071 evals/s, 378 msg/s, 13.4 leaves/msg, 611s)
2026-08-07 23:36:18   [GPU] 3,150,021 evals (66662 batches, avg 47/batch = 9% of 512, 5057 evals/s, 377 msg/s, 13.4 leaves/msg, 623s)
2026-08-07 23:36:19 [iter 9/60] self-play: 105/160 games...
2026-08-07 23:36:28   [GPU] 3,200,027 evals (67758 batches, avg 47/batch = 9% of 512, 5055 evals/s, 377 msg/s, 13.4 leaves/msg, 633s)
2026-08-07 23:36:40   [GPU] 3,250,013 evals (68955 batches, avg 47/batch = 9% of 512, 5045 evals/s, 375 msg/s, 13.4 leaves/msg, 644s)
2026-08-07 23:36:49   [GPU] 3,300,059 evals (70030 batches, avg 47/batch = 9% of 512, 5046 evals/s, 375 msg/s, 13.5 leaves/msg, 654s)
2026-08-07 23:36:59   [GPU] 3,350,042 evals (71020 batches, avg 47/batch = 9% of 512, 5051 evals/s, 375 msg/s, 13.5 leaves/msg, 663s)
2026-08-07 23:37:07 [iter 9/60] self-play: 110/160 games...
2026-08-07 23:37:09   [GPU] 3,400,058 evals (72123 batches, avg 47/batch = 9% of 512, 5048 evals/s, 376 msg/s, 13.4 leaves/msg, 674s)
2026-08-07 23:37:19   [GPU] 3,450,003 evals (73244 batches, avg 47/batch = 9% of 512, 5043 evals/s, 375 msg/s, 13.4 leaves/msg, 684s)
2026-08-07 23:37:29   [GPU] 3,500,035 evals (74306 batches, avg 47/batch = 9% of 512, 5045 evals/s, 375 msg/s, 13.5 leaves/msg, 694s)
2026-08-07 23:37:39   [GPU] 3,550,011 evals (75412 batches, avg 47/batch = 9% of 512, 5042 evals/s, 375 msg/s, 13.4 leaves/msg, 704s)
2026-08-07 23:37:45 [iter 9/60] self-play: 115/160 games...
2026-08-07 23:37:50   [GPU] 3,600,004 evals (76589 batches, avg 47/batch = 9% of 512, 5035 evals/s, 375 msg/s, 13.4 leaves/msg, 715s)
2026-08-07 23:38:01   [GPU] 3,650,010 evals (77749 batches, avg 47/batch = 9% of 512, 5029 evals/s, 374 msg/s, 13.4 leaves/msg, 726s)
2026-08-07 23:38:08 [iter 9/60] self-play: 120/160 games...
2026-08-07 23:38:12   [GPU] 3,700,027 evals (78910 batches, avg 47/batch = 9% of 512, 5021 evals/s, 373 msg/s, 13.4 leaves/msg, 737s)
2026-08-07 23:38:24   [GPU] 3,750,007 evals (80123 batches, avg 47/batch = 9% of 512, 5010 evals/s, 373 msg/s, 13.4 leaves/msg, 748s)
2026-08-07 23:38:33 [iter 9/60] self-play: 125/160 games...
2026-08-07 23:38:35   [GPU] 3,800,002 evals (81254 batches, avg 47/batch = 9% of 512, 5002 evals/s, 372 msg/s, 13.4 leaves/msg, 760s)
2026-08-07 23:38:48   [GPU] 3,850,031 evals (82545 batches, avg 47/batch = 9% of 512, 4984 evals/s, 371 msg/s, 13.4 leaves/msg, 772s)
2026-08-07 23:39:00   [GPU] 3,900,023 evals (83759 batches, avg 47/batch = 9% of 512, 4972 evals/s, 370 msg/s, 13.4 leaves/msg, 784s)
2026-08-07 23:39:03 [iter 9/60] self-play: 130/160 games...
2026-08-07 23:39:11   [GPU] 3,950,040 evals (84899 batches, avg 47/batch = 9% of 512, 4965 evals/s, 370 msg/s, 13.4 leaves/msg, 796s)
2026-08-07 23:39:18 [iter 9/60] self-play: 135/160 games...
2026-08-07 23:39:23   [GPU] 4,000,035 evals (86073 batches, avg 46/batch = 9% of 512, 4955 evals/s, 369 msg/s, 13.4 leaves/msg, 807s)
2026-08-07 23:39:32   [GPU] 4,050,058 evals (87077 batches, avg 47/batch = 9% of 512, 4958 evals/s, 369 msg/s, 13.4 leaves/msg, 817s)
2026-08-07 23:39:42   [GPU] 4,100,002 evals (88083 batches, avg 47/batch = 9% of 512, 4962 evals/s, 369 msg/s, 13.4 leaves/msg, 826s)
2026-08-07 23:39:42 [iter 9/60] self-play: 140/160 games...
2026-08-07 23:39:52   [GPU] 4,150,028 evals (89150 batches, avg 47/batch = 9% of 512, 4963 evals/s, 369 msg/s, 13.4 leaves/msg, 836s)
2026-08-07 23:40:00   [GPU] 4,200,039 evals (90099 batches, avg 47/batch = 9% of 512, 4971 evals/s, 369 msg/s, 13.5 leaves/msg, 845s)
2026-08-07 23:40:09   [GPU] 4,250,019 evals (91008 batches, avg 47/batch = 9% of 512, 4981 evals/s, 370 msg/s, 13.5 leaves/msg, 853s)
2026-08-07 23:40:18   [GPU] 4,300,040 evals (91988 batches, avg 47/batch = 9% of 512, 4986 evals/s, 370 msg/s, 13.5 leaves/msg, 862s)
2026-08-07 23:40:27   [GPU] 4,350,015 evals (92990 batches, avg 47/batch = 9% of 512, 4991 evals/s, 370 msg/s, 13.5 leaves/msg, 872s)
2026-08-07 23:40:36   [GPU] 4,400,064 evals (93983 batches, avg 47/batch = 9% of 512, 4997 evals/s, 371 msg/s, 13.5 leaves/msg, 880s)
2026-08-07 23:40:38 [iter 9/60] self-play: 145/160 games...
2026-08-07 23:40:45   [GPU] 4,450,007 evals (94981 batches, avg 47/batch = 9% of 512, 5003 evals/s, 371 msg/s, 13.5 leaves/msg, 889s)
2026-08-07 23:40:55   [GPU] 4,500,077 evals (96041 batches, avg 47/batch = 9% of 512, 5004 evals/s, 372 msg/s, 13.5 leaves/msg, 899s)
2026-08-07 23:40:57 [iter 9/60] self-play: 150/160 games...
2026-08-07 23:41:06   [GPU] 4,550,009 evals (97265 batches, avg 47/batch = 9% of 512, 4999 evals/s, 372 msg/s, 13.4 leaves/msg, 910s)
2026-08-07 23:41:16   [GPU] 4,600,047 evals (98456 batches, avg 47/batch = 9% of 512, 4994 evals/s, 371 msg/s, 13.4 leaves/msg, 921s)
2026-08-07 23:41:27   [GPU] 4,650,042 evals (99578 batches, avg 47/batch = 9% of 512, 4993 evals/s, 372 msg/s, 13.4 leaves/msg, 931s)
2026-08-07 23:41:39   [GPU] 4,700,012 evals (100932 batches, avg 47/batch = 9% of 512, 4980 evals/s, 371 msg/s, 13.4 leaves/msg, 944s)
2026-08-07 23:41:46 [iter 9/60] self-play: 155/160 games...
2026-08-07 23:41:52   [GPU] 4,750,015 evals (102265 batches, avg 46/batch = 9% of 512, 4965 evals/s, 370 msg/s, 13.4 leaves/msg, 957s)
2026-08-07 23:42:07   [GPU] 4,800,000 evals (103829 batches, avg 46/batch = 9% of 512, 4939 evals/s, 368 msg/s, 13.4 leaves/msg, 972s)
2026-08-07 23:42:22   [GPU] 4,850,015 evals (105301 batches, avg 46/batch = 9% of 512, 4916 evals/s, 366 msg/s, 13.4 leaves/msg, 986s)
2026-08-07 23:43:01   [GPU] 4,900,009 evals (107814 batches, avg 45/batch = 9% of 512, 4775 evals/s, 356 msg/s, 13.4 leaves/msg, 1026s)
2026-08-07 23:43:40 [iter 9/60] self-play: 160/160 games...
2026-08-07 23:43:40 [iter 9/60] self-play done: 160 games (1065s) | wins: P0=18, P1=106, draw=36 | draw_rate=22% avg_len~19
2026-08-07 23:43:40 [iter 9/60] search: expanded=9.0 actions/node visits/action=67.0 walls/game=7.64 first_wall_ply=1.587 learner_sims/s=4970.04
2026-08-07 23:43:40 [iter 9/60] WARNING: draw_rate 22% > 20% — games timing out at max_game_moves=160 (weak value signal).
2026-08-07 23:43:40 [iter 9/60] training (600 steps, lr=9.61e-04)...
2026-08-07 23:43:49 [iter 9/60] training done: loss_p=1.318 loss_v=0.164 (9s)
2026-08-07 23:43:53 [iter 9/60] data: policy_wall_mass=0.179 walled_states=51% walls_on_board=11.4 value_mae walled=0.225 free=0.144
2026-08-07 23:43:54 [iter 9/60] eval skipped (eval_every=4)
2026-08-07 23:43:54 >>> iter 9 | loss_p=1.318 loss_v=0.164 | vs_best=n/a (not evaluated) | vs_rand=n/a | draw=22% | buf=59942 | rss=2.63GB | sp=1065s train=9s eval_best=0s eval_rand=0s | total=1078s
2026-08-07 23:43:54 [iter 10/60] self-play starting (160 games, 600 sims, MIXED 80/160 race-only)...
2026-08-07 23:43:54 [PARALLEL-MP] 8 workers spawned (160 games, sims=600), GPU batcher starting...
2026-08-07 23:44:05   [GPU] 50,024 evals (885 batches, avg 57/batch = 11% of 512, 4441 evals/s, 336 msg/s, 13.2 leaves/msg, 11s)
2026-08-07 23:44:10 [iter 10/60] self-play: 5/160 games...
2026-08-07 23:44:17   [GPU] 100,068 evals (2001 batches, avg 50/batch = 10% of 512, 4342 evals/s, 324 msg/s, 13.4 leaves/msg, 23s)
2026-08-07 23:44:29   [GPU] 150,018 evals (3202 batches, avg 47/batch = 9% of 512, 4195 evals/s, 309 msg/s, 13.6 leaves/msg, 36s)
2026-08-07 23:44:33 [iter 10/60] self-play: 10/160 games...
2026-08-07 23:44:42   [GPU] 200,011 evals (4400 batches, avg 45/batch = 9% of 512, 4116 evals/s, 304 msg/s, 13.6 leaves/msg, 49s)
2026-08-07 23:44:51 [iter 10/60] self-play: 15/160 games...
2026-08-07 23:44:53   [GPU] 250,056 evals (5466 batches, avg 46/batch = 9% of 512, 4206 evals/s, 309 msg/s, 13.6 leaves/msg, 59s)
2026-08-07 23:45:04   [GPU] 300,007 evals (6535 batches, avg 46/batch = 9% of 512, 4277 evals/s, 315 msg/s, 13.6 leaves/msg, 70s)
2026-08-07 23:45:17   [GPU] 350,012 evals (7767 batches, avg 45/batch = 9% of 512, 4214 evals/s, 312 msg/s, 13.5 leaves/msg, 83s)
2026-08-07 23:45:28   [GPU] 400,012 evals (8886 batches, avg 45/batch = 9% of 512, 4235 evals/s, 313 msg/s, 13.5 leaves/msg, 94s)
2026-08-07 23:45:32 [iter 10/60] self-play: 20/160 games...
2026-08-07 23:45:39   [GPU] 450,016 evals (9967 batches, avg 45/batch = 9% of 512, 4254 evals/s, 315 msg/s, 13.5 leaves/msg, 106s)
2026-08-07 23:45:50   [GPU] 500,019 evals (11009 batches, avg 45/batch = 9% of 512, 4294 evals/s, 317 msg/s, 13.5 leaves/msg, 116s)
2026-08-07 23:46:01   [GPU] 550,035 evals (12127 batches, avg 45/batch = 9% of 512, 4305 evals/s, 318 msg/s, 13.5 leaves/msg, 128s)
2026-08-07 23:46:13   [GPU] 600,090 evals (13235 batches, avg 45/batch = 9% of 512, 4316 evals/s, 320 msg/s, 13.5 leaves/msg, 139s)
2026-08-07 23:46:22 [iter 10/60] self-play: 25/160 games...
2026-08-07 23:46:23   [GPU] 650,010 evals (14300 batches, avg 45/batch = 9% of 512, 4342 evals/s, 324 msg/s, 13.4 leaves/msg, 150s)
2026-08-07 23:46:34   [GPU] 700,030 evals (15310 batches, avg 46/batch = 9% of 512, 4373 evals/s, 326 msg/s, 13.4 leaves/msg, 160s)
2026-08-07 23:46:44   [GPU] 750,018 evals (16336 batches, avg 46/batch = 9% of 512, 4400 evals/s, 327 msg/s, 13.4 leaves/msg, 170s)
2026-08-07 23:46:53 [iter 10/60] self-play: 30/160 games...
2026-08-07 23:46:56   [GPU] 800,009 evals (17481 batches, avg 46/batch = 9% of 512, 4390 evals/s, 327 msg/s, 13.4 leaves/msg, 182s)
2026-08-07 23:47:08   [GPU] 850,006 evals (18621 batches, avg 46/batch = 9% of 512, 4375 evals/s, 324 msg/s, 13.5 leaves/msg, 194s)
2026-08-07 23:47:19   [GPU] 900,036 evals (19675 batches, avg 46/batch = 9% of 512, 4387 evals/s, 324 msg/s, 13.5 leaves/msg, 205s)
2026-08-07 23:47:29   [GPU] 950,007 evals (20647 batches, avg 46/batch = 9% of 512, 4412 evals/s, 326 msg/s, 13.5 leaves/msg, 215s)
2026-08-07 23:47:29 [iter 10/60] self-play: 35/160 games...
2026-08-07 23:47:41   [GPU] 1,000,011 evals (21763 batches, avg 46/batch = 9% of 512, 4402 evals/s, 325 msg/s, 13.6 leaves/msg, 227s)
2026-08-07 23:47:53   [GPU] 1,050,042 evals (22924 batches, avg 46/batch = 9% of 512, 4387 evals/s, 322 msg/s, 13.6 leaves/msg, 239s)
2026-08-07 23:48:03   [GPU] 1,100,044 evals (23926 batches, avg 46/batch = 9% of 512, 4407 evals/s, 323 msg/s, 13.6 leaves/msg, 250s)
2026-08-07 23:48:14   [GPU] 1,150,031 evals (25022 batches, avg 46/batch = 9% of 512, 4410 evals/s, 324 msg/s, 13.6 leaves/msg, 261s)
2026-08-07 23:48:24 [iter 10/60] self-play: 40/160 games...
2026-08-07 23:48:25   [GPU] 1,200,027 evals (26111 batches, avg 46/batch = 9% of 512, 4420 evals/s, 326 msg/s, 13.6 leaves/msg, 272s)
2026-08-07 23:48:36   [GPU] 1,250,047 evals (27206 batches, avg 46/batch = 9% of 512, 4424 evals/s, 328 msg/s, 13.5 leaves/msg, 283s)
2026-08-07 23:48:47   [GPU] 1,300,030 evals (28240 batches, avg 46/batch = 9% of 512, 4435 evals/s, 330 msg/s, 13.5 leaves/msg, 293s)
2026-08-07 23:48:50 [iter 10/60] self-play: 45/160 games...
2026-08-07 23:48:58   [GPU] 1,350,012 evals (29292 batches, avg 46/batch = 9% of 512, 4441 evals/s, 331 msg/s, 13.4 leaves/msg, 304s)
2026-08-07 23:49:10   [GPU] 1,400,086 evals (30478 batches, avg 46/batch = 9% of 512, 4427 evals/s, 330 msg/s, 13.4 leaves/msg, 316s)
2026-08-07 23:49:21 [iter 10/60] self-play: 50/160 games...
2026-08-07 23:49:22   [GPU] 1,450,000 evals (31626 batches, avg 46/batch = 9% of 512, 4415 evals/s, 330 msg/s, 13.4 leaves/msg, 328s)
2026-08-07 23:49:36   [GPU] 1,500,029 evals (32916 batches, avg 46/batch = 9% of 512, 4387 evals/s, 329 msg/s, 13.3 leaves/msg, 342s)
2026-08-07 23:49:48   [GPU] 1,550,034 evals (34072 batches, avg 45/batch = 9% of 512, 4377 evals/s, 328 msg/s, 13.3 leaves/msg, 354s)
2026-08-07 23:50:00   [GPU] 1,600,002 evals (35277 batches, avg 45/batch = 9% of 512, 4362 evals/s, 328 msg/s, 13.3 leaves/msg, 367s)
2026-08-07 23:50:04 [iter 10/60] self-play: 55/160 games...
2026-08-07 23:50:12   [GPU] 1,650,028 evals (36427 batches, avg 45/batch = 9% of 512, 4358 evals/s, 329 msg/s, 13.3 leaves/msg, 379s)
2026-08-07 23:50:25   [GPU] 1,700,051 evals (37684 batches, avg 45/batch = 9% of 512, 4342 evals/s, 329 msg/s, 13.2 leaves/msg, 391s)
2026-08-07 23:50:38   [GPU] 1,750,029 evals (38973 batches, avg 45/batch = 9% of 512, 4327 evals/s, 329 msg/s, 13.2 leaves/msg, 404s)
2026-08-07 23:50:44 [iter 10/60] self-play: 60/160 games...
2026-08-07 23:50:49   [GPU] 1,800,059 evals (40130 batches, avg 45/batch = 9% of 512, 4332 evals/s, 330 msg/s, 13.1 leaves/msg, 416s)
2026-08-07 23:51:01   [GPU] 1,850,007 evals (41401 batches, avg 45/batch = 9% of 512, 4324 evals/s, 331 msg/s, 13.1 leaves/msg, 428s)
2026-08-07 23:51:16   [GPU] 1,900,020 evals (42927 batches, avg 44/batch = 9% of 512, 4292 evals/s, 330 msg/s, 13.0 leaves/msg, 443s)
2026-08-07 23:51:30   [GPU] 1,950,045 evals (44353 batches, avg 44/batch = 9% of 512, 4274 evals/s, 330 msg/s, 13.0 leaves/msg, 456s)
2026-08-07 23:51:39 [iter 10/60] self-play: 65/160 games...
2026-08-07 23:51:43   [GPU] 2,000,005 evals (45701 batches, avg 44/batch = 9% of 512, 4261 evals/s, 330 msg/s, 12.9 leaves/msg, 469s)
2026-08-07 23:51:55   [GPU] 2,050,017 evals (46934 batches, avg 44/batch = 9% of 512, 4259 evals/s, 330 msg/s, 12.9 leaves/msg, 481s)
2026-08-07 23:52:04 [iter 10/60] self-play: 70/160 games...
2026-08-07 23:52:08   [GPU] 2,100,036 evals (48210 batches, avg 44/batch = 9% of 512, 4252 evals/s, 330 msg/s, 12.9 leaves/msg, 494s)
2026-08-07 23:52:20   [GPU] 2,150,010 evals (49485 batches, avg 43/batch = 8% of 512, 4245 evals/s, 329 msg/s, 12.9 leaves/msg, 506s)
2026-08-07 23:52:32   [GPU] 2,200,001 evals (50683 batches, avg 43/batch = 8% of 512, 4245 evals/s, 329 msg/s, 12.9 leaves/msg, 518s)
2026-08-07 23:52:41 [iter 10/60] self-play: 75/160 games...
2026-08-07 23:52:44   [GPU] 2,250,017 evals (51854 batches, avg 43/batch = 8% of 512, 4246 evals/s, 329 msg/s, 12.9 leaves/msg, 530s)
2026-08-07 23:52:57   [GPU] 2,300,023 evals (53165 batches, avg 43/batch = 8% of 512, 4233 evals/s, 327 msg/s, 12.9 leaves/msg, 543s)
2026-08-07 23:53:08   [GPU] 2,350,004 evals (54279 batches, avg 43/batch = 8% of 512, 4238 evals/s, 327 msg/s, 13.0 leaves/msg, 554s)
2026-08-07 23:53:11 [iter 10/60] self-play: 80/160 games...
2026-08-07 23:53:22   [GPU] 2,400,015 evals (55590 batches, avg 43/batch = 8% of 512, 4226 evals/s, 326 msg/s, 13.0 leaves/msg, 568s)
2026-08-07 23:53:35   [GPU] 2,450,027 evals (56900 batches, avg 43/batch = 8% of 512, 4214 evals/s, 325 msg/s, 13.0 leaves/msg, 581s)
2026-08-07 23:53:47   [GPU] 2,500,024 evals (58132 batches, avg 43/batch = 8% of 512, 4213 evals/s, 324 msg/s, 13.0 leaves/msg, 593s)
2026-08-07 23:53:59   [GPU] 2,550,045 evals (59381 batches, avg 43/batch = 8% of 512, 4212 evals/s, 324 msg/s, 13.0 leaves/msg, 605s)
2026-08-07 23:54:11   [GPU] 2,600,004 evals (60598 batches, avg 43/batch = 8% of 512, 4212 evals/s, 324 msg/s, 13.0 leaves/msg, 617s)
2026-08-07 23:54:22   [GPU] 2,650,001 evals (61757 batches, avg 43/batch = 8% of 512, 4215 evals/s, 325 msg/s, 13.0 leaves/msg, 629s)
2026-08-07 23:54:33   [GPU] 2,700,051 evals (62876 batches, avg 43/batch = 8% of 512, 4223 evals/s, 325 msg/s, 13.0 leaves/msg, 639s)
2026-08-07 23:54:40 [iter 10/60] self-play: 85/160 games...
2026-08-07 23:54:44   [GPU] 2,750,026 evals (63997 batches, avg 43/batch = 8% of 512, 4229 evals/s, 326 msg/s, 13.0 leaves/msg, 650s)
2026-08-07 23:54:56   [GPU] 2,800,015 evals (65224 batches, avg 43/batch = 8% of 512, 4229 evals/s, 327 msg/s, 12.9 leaves/msg, 662s)
2026-08-07 23:54:57 [iter 10/60] self-play: 90/160 games...
2026-08-07 23:55:08   [GPU] 2,850,015 evals (66463 batches, avg 43/batch = 8% of 512, 4227 evals/s, 327 msg/s, 12.9 leaves/msg, 674s)
2026-08-07 23:55:21   [GPU] 2,900,007 evals (67807 batches, avg 43/batch = 8% of 512, 4217 evals/s, 327 msg/s, 12.9 leaves/msg, 688s)
2026-08-07 23:55:22 [iter 10/60] self-play: 95/160 games...
2026-08-07 23:55:35   [GPU] 2,950,025 evals (69128 batches, avg 43/batch = 8% of 512, 4208 evals/s, 326 msg/s, 12.9 leaves/msg, 701s)
2026-08-07 23:55:49   [GPU] 3,000,002 evals (70537 batches, avg 43/batch = 8% of 512, 4192 evals/s, 325 msg/s, 12.9 leaves/msg, 716s)
2026-08-07 23:56:04   [GPU] 3,050,037 evals (71919 batches, avg 42/batch = 8% of 512, 4178 evals/s, 323 msg/s, 12.9 leaves/msg, 730s)
2026-08-07 23:56:09 [iter 10/60] self-play: 100/160 games...
2026-08-07 23:56:17   [GPU] 3,100,012 evals (73204 batches, avg 42/batch = 8% of 512, 4172 evals/s, 323 msg/s, 12.9 leaves/msg, 743s)
2026-08-07 23:56:29   [GPU] 3,150,019 evals (74400 batches, avg 42/batch = 8% of 512, 4172 evals/s, 323 msg/s, 12.9 leaves/msg, 755s)
2026-08-07 23:56:39   [GPU] 3,200,014 evals (75411 batches, avg 42/batch = 8% of 512, 4183 evals/s, 324 msg/s, 12.9 leaves/msg, 765s)
2026-08-07 23:56:50   [GPU] 3,250,050 evals (76578 batches, avg 42/batch = 8% of 512, 4188 evals/s, 324 msg/s, 12.9 leaves/msg, 776s)
2026-08-07 23:56:59 [iter 10/60] self-play: 105/160 games...
2026-08-07 23:56:59   [GPU] 3,300,031 evals (77572 batches, avg 43/batch = 8% of 512, 4200 evals/s, 325 msg/s, 12.9 leaves/msg, 786s)
2026-08-07 23:57:09   [GPU] 3,350,053 evals (78532 batches, avg 43/batch = 8% of 512, 4213 evals/s, 326 msg/s, 12.9 leaves/msg, 795s)
2026-08-07 23:57:18   [GPU] 3,400,022 evals (79514 batches, avg 43/batch = 8% of 512, 4225 evals/s, 327 msg/s, 12.9 leaves/msg, 805s)
2026-08-07 23:57:29   [GPU] 3,450,025 evals (80547 batches, avg 43/batch = 8% of 512, 4233 evals/s, 327 msg/s, 12.9 leaves/msg, 815s)
2026-08-07 23:57:32 [iter 10/60] self-play: 110/160 games...
2026-08-07 23:57:40   [GPU] 3,500,011 evals (81709 batches, avg 43/batch = 8% of 512, 4235 evals/s, 327 msg/s, 12.9 leaves/msg, 826s)
2026-08-07 23:57:51   [GPU] 3,550,025 evals (82882 batches, avg 43/batch = 8% of 512, 4238 evals/s, 328 msg/s, 12.9 leaves/msg, 838s)
2026-08-07 23:58:02   [GPU] 3,600,021 evals (83947 batches, avg 43/batch = 8% of 512, 4244 evals/s, 328 msg/s, 12.9 leaves/msg, 848s)
2026-08-07 23:58:04 [iter 10/60] self-play: 115/160 games...
2026-08-07 23:58:14   [GPU] 3,650,004 evals (85205 batches, avg 43/batch = 8% of 512, 4242 evals/s, 328 msg/s, 12.9 leaves/msg, 861s)
2026-08-07 23:58:21 [iter 10/60] self-play: 120/160 games...
2026-08-07 23:58:26   [GPU] 3,700,045 evals (86414 batches, avg 43/batch = 8% of 512, 4240 evals/s, 328 msg/s, 12.9 leaves/msg, 873s)
2026-08-07 23:58:39   [GPU] 3,750,035 evals (87701 batches, avg 43/batch = 8% of 512, 4236 evals/s, 328 msg/s, 12.9 leaves/msg, 885s)
2026-08-07 23:58:44 [iter 10/60] self-play: 125/160 games...
2026-08-07 23:58:52   [GPU] 3,800,016 evals (89001 batches, avg 43/batch = 8% of 512, 4231 evals/s, 328 msg/s, 12.9 leaves/msg, 898s)
2026-08-07 23:59:06   [GPU] 3,850,026 evals (90400 batches, avg 43/batch = 8% of 512, 4221 evals/s, 327 msg/s, 12.9 leaves/msg, 912s)
2026-08-07 23:59:19   [GPU] 3,900,053 evals (91757 batches, avg 43/batch = 8% of 512, 4213 evals/s, 326 msg/s, 12.9 leaves/msg, 926s)
2026-08-07 23:59:32   [GPU] 3,950,003 evals (93032 batches, avg 42/batch = 8% of 512, 4210 evals/s, 326 msg/s, 12.9 leaves/msg, 938s)
2026-08-07 23:59:36 [iter 10/60] self-play: 130/160 games...
2026-08-07 23:59:42   [GPU] 4,000,023 evals (94073 batches, avg 43/batch = 8% of 512, 4218 evals/s, 327 msg/s, 12.9 leaves/msg, 948s)
2026-08-07 23:59:52   [GPU] 4,050,061 evals (95177 batches, avg 43/batch = 8% of 512, 4224 evals/s, 327 msg/s, 12.9 leaves/msg, 959s)
2026-08-08 00:00:03   [GPU] 4,100,009 evals (96294 batches, avg 43/batch = 8% of 512, 4229 evals/s, 328 msg/s, 12.9 leaves/msg, 969s)
2026-08-08 00:00:14   [GPU] 4,150,038 evals (97414 batches, avg 43/batch = 8% of 512, 4233 evals/s, 328 msg/s, 12.9 leaves/msg, 980s)
2026-08-08 00:00:24   [GPU] 4,200,080 evals (98476 batches, avg 43/batch = 8% of 512, 4241 evals/s, 329 msg/s, 12.9 leaves/msg, 990s)
2026-08-08 00:00:26 [iter 10/60] self-play: 135/160 games...
2026-08-08 00:00:35   [GPU] 4,250,030 evals (99581 batches, avg 43/batch = 8% of 512, 4246 evals/s, 330 msg/s, 12.9 leaves/msg, 1001s)
2026-08-08 00:00:47   [GPU] 4,300,064 evals (100850 batches, avg 43/batch = 8% of 512, 4244 evals/s, 330 msg/s, 12.9 leaves/msg, 1013s)
2026-08-08 00:00:58   [GPU] 4,350,067 evals (101985 batches, avg 43/batch = 8% of 512, 4248 evals/s, 330 msg/s, 12.9 leaves/msg, 1024s)
2026-08-08 00:00:59 [iter 10/60] self-play: 140/160 games...
2026-08-08 00:01:09   [GPU] 4,400,051 evals (103186 batches, avg 43/batch = 8% of 512, 4250 evals/s, 330 msg/s, 12.9 leaves/msg, 1035s)
2026-08-08 00:01:23   [GPU] 4,450,009 evals (104541 batches, avg 43/batch = 8% of 512, 4241 evals/s, 330 msg/s, 12.9 leaves/msg, 1049s)
2026-08-08 00:01:34 [iter 10/60] self-play: 145/160 games...
2026-08-08 00:01:36   [GPU] 4,500,060 evals (105879 batches, avg 43/batch = 8% of 512, 4234 evals/s, 329 msg/s, 12.9 leaves/msg, 1063s)
2026-08-08 00:01:50   [GPU] 4,550,040 evals (107141 batches, avg 42/batch = 8% of 512, 4228 evals/s, 329 msg/s, 12.9 leaves/msg, 1076s)
2026-08-08 00:02:03   [GPU] 4,600,047 evals (108483 batches, avg 42/batch = 8% of 512, 4221 evals/s, 328 msg/s, 12.9 leaves/msg, 1090s)
2026-08-08 00:02:14   [GPU] 4,650,018 evals (109585 batches, avg 42/batch = 8% of 512, 4227 evals/s, 329 msg/s, 12.9 leaves/msg, 1100s)
2026-08-08 00:02:20 [iter 10/60] self-play: 150/160 games...
2026-08-08 00:02:24   [GPU] 4,700,001 evals (110645 batches, avg 42/batch = 8% of 512, 4234 evals/s, 329 msg/s, 12.9 leaves/msg, 1110s)
2026-08-08 00:02:33   [GPU] 4,750,009 evals (111665 batches, avg 43/batch = 8% of 512, 4242 evals/s, 329 msg/s, 12.9 leaves/msg, 1120s)
2026-08-08 00:02:41 [iter 10/60] self-play: 155/160 games...
2026-08-08 00:02:51   [GPU] 4,800,025 evals (113273 batches, avg 42/batch = 8% of 512, 4220 evals/s, 327 msg/s, 12.9 leaves/msg, 1137s)
2026-08-08 00:03:09   [GPU] 4,850,029 evals (114928 batches, avg 42/batch = 8% of 512, 4198 evals/s, 325 msg/s, 12.9 leaves/msg, 1155s)
2026-08-08 00:03:26   [GPU] 4,900,034 evals (116573 batches, avg 42/batch = 8% of 512, 4179 evals/s, 324 msg/s, 12.9 leaves/msg, 1173s)
2026-08-08 00:03:48   [GPU] 4,950,009 evals (118491 batches, avg 42/batch = 8% of 512, 4146 evals/s, 321 msg/s, 12.9 leaves/msg, 1194s)
2026-08-08 00:04:10   [GPU] 5,000,024 evals (120459 batches, avg 42/batch = 8% of 512, 4112 evals/s, 318 msg/s, 12.9 leaves/msg, 1216s)
2026-08-08 00:04:46   [GPU] 5,050,000 evals (122842 batches, avg 41/batch = 8% of 512, 4033 evals/s, 312 msg/s, 12.9 leaves/msg, 1252s)
2026-08-08 00:05:25 [iter 10/60] self-play: 160/160 games...
2026-08-08 00:05:26 [iter 10/60] self-play done: 160 games (1292s) | wins: P0=28, P1=96, draw=36 | draw_rate=22% avg_len~20
2026-08-08 00:05:26 [iter 10/60] search: expanded=9.5 actions/node visits/action=63.2 walls/game=7.44 first_wall_ply=1.35 learner_sims/s=4186.88
2026-08-08 00:05:26 [iter 10/60] WARNING: draw_rate 22% > 20% — games timing out at max_game_moves=160 (weak value signal).
2026-08-08 00:05:26 [iter 10/60] training (600 steps, lr=9.51e-04)...
2026-08-08 00:05:31 [iter 10/60] training done: loss_p=1.316 loss_v=0.156 (5s)
2026-08-08 00:05:32 [iter 10/60] data: policy_wall_mass=0.155 walled_states=54% walls_on_board=12.7 value_mae walled=0.185 free=0.133
2026-08-08 00:05:33 [iter 10/60] eval skipped (eval_every=4)
2026-08-08 00:05:33 >>> iter 10 | loss_p=1.316 loss_v=0.156 | vs_best=n/a (not evaluated) | vs_rand=n/a | draw=22% | buf=66454 | rss=2.67GB | sp=1292s train=5s eval_best=0s eval_rand=0s | total=1299s
2026-08-08 00:05:33 [iter 11/60] self-play starting (160 games, 600 sims, MIXED 80/160 race-only)...
2026-08-08 00:05:33 [PARALLEL-MP] 8 workers spawned (160 games, sims=600), GPU batcher starting...
2026-08-08 00:05:44   [GPU] 50,022 evals (918 batches, avg 54/batch = 11% of 512, 4397 evals/s, 339 msg/s, 13.0 leaves/msg, 11s)
2026-08-08 00:05:50 [iter 11/60] self-play: 5/160 games...
2026-08-08 00:05:56   [GPU] 100,024 evals (2138 batches, avg 47/batch = 9% of 512, 4252 evals/s, 326 msg/s, 13.1 leaves/msg, 24s)
2026-08-08 00:06:09   [GPU] 150,020 evals (3459 batches, avg 43/batch = 8% of 512, 4090 evals/s, 310 msg/s, 13.2 leaves/msg, 37s)
2026-08-08 00:06:19 [iter 11/60] self-play: 10/160 games...
2026-08-08 00:06:23   [GPU] 200,005 evals (4818 batches, avg 42/batch = 8% of 512, 4008 evals/s, 305 msg/s, 13.2 leaves/msg, 50s)
2026-08-08 00:06:36   [GPU] 250,050 evals (6132 batches, avg 41/batch = 8% of 512, 3950 evals/s, 293 msg/s, 13.5 leaves/msg, 63s)
2026-08-08 00:06:48   [GPU] 300,034 evals (7371 batches, avg 41/batch = 8% of 512, 3988 evals/s, 293 msg/s, 13.6 leaves/msg, 75s)
2026-08-08 00:06:59   [GPU] 350,054 evals (8589 batches, avg 41/batch = 8% of 512, 4035 evals/s, 300 msg/s, 13.4 leaves/msg, 87s)
2026-08-08 00:07:10   [GPU] 400,038 evals (9785 batches, avg 41/batch = 8% of 512, 4091 evals/s, 305 msg/s, 13.4 leaves/msg, 98s)
2026-08-08 00:07:21   [GPU] 450,032 evals (10964 batches, avg 41/batch = 8% of 512, 4147 evals/s, 310 msg/s, 13.4 leaves/msg, 109s)
2026-08-08 00:07:32   [GPU] 500,031 evals (12172 batches, avg 41/batch = 8% of 512, 4184 evals/s, 317 msg/s, 13.2 leaves/msg, 120s)
2026-08-08 00:07:33 [iter 11/60] self-play: 15/160 games...
2026-08-08 00:07:43   [GPU] 550,032 evals (13317 batches, avg 41/batch = 8% of 512, 4229 evals/s, 324 msg/s, 13.0 leaves/msg, 130s)
2026-08-08 00:07:55   [GPU] 600,024 evals (14590 batches, avg 41/batch = 8% of 512, 4230 evals/s, 325 msg/s, 13.0 leaves/msg, 142s)
2026-08-08 00:07:56 [iter 11/60] self-play: 20/160 games...
2026-08-08 00:08:06   [GPU] 650,001 evals (15787 batches, avg 41/batch = 8% of 512, 4236 evals/s, 328 msg/s, 12.9 leaves/msg, 153s)
2026-08-08 00:08:19   [GPU] 700,005 evals (17106 batches, avg 41/batch = 8% of 512, 4215 evals/s, 327 msg/s, 12.9 leaves/msg, 166s)
2026-08-08 00:08:27 [iter 11/60] self-play: 25/160 games...
2026-08-08 00:08:32   [GPU] 750,004 evals (18521 batches, avg 40/batch = 8% of 512, 4173 evals/s, 325 msg/s, 12.8 leaves/msg, 180s)
2026-08-08 00:08:44   [GPU] 800,032 evals (19738 batches, avg 41/batch = 8% of 512, 4185 evals/s, 327 msg/s, 12.8 leaves/msg, 191s)
2026-08-08 00:08:54   [GPU] 850,014 evals (20830 batches, avg 41/batch = 8% of 512, 4222 evals/s, 329 msg/s, 12.8 leaves/msg, 201s)
2026-08-08 00:09:04 [iter 11/60] self-play: 30/160 games...
2026-08-08 00:09:07   [GPU] 900,021 evals (22210 batches, avg 41/batch = 8% of 512, 4198 evals/s, 329 msg/s, 12.8 leaves/msg, 214s)
2026-08-08 00:09:20   [GPU] 950,015 evals (23588 batches, avg 40/batch = 8% of 512, 4173 evals/s, 327 msg/s, 12.8 leaves/msg, 228s)
2026-08-08 00:09:33   [GPU] 1,000,010 evals (24920 batches, avg 40/batch = 8% of 512, 4163 evals/s, 327 msg/s, 12.7 leaves/msg, 240s)
2026-08-08 00:09:46   [GPU] 1,050,036 evals (26281 batches, avg 40/batch = 8% of 512, 4152 evals/s, 326 msg/s, 12.7 leaves/msg, 253s)
2026-08-08 00:09:55 [iter 11/60] self-play: 35/160 games...
2026-08-08 00:09:57   [GPU] 1,100,030 evals (27470 batches, avg 40/batch = 8% of 512, 4168 evals/s, 328 msg/s, 12.7 leaves/msg, 264s)
2026-08-08 00:10:07   [GPU] 1,150,030 evals (28568 batches, avg 40/batch = 8% of 512, 4193 evals/s, 329 msg/s, 12.7 leaves/msg, 274s)
2026-08-08 00:10:17   [GPU] 1,200,042 evals (29585 batches, avg 41/batch = 8% of 512, 4227 evals/s, 332 msg/s, 12.7 leaves/msg, 284s)
2026-08-08 00:10:27   [GPU] 1,250,021 evals (30716 batches, avg 41/batch = 8% of 512, 4246 evals/s, 333 msg/s, 12.8 leaves/msg, 294s)
2026-08-08 00:10:32 [iter 11/60] self-play: 40/160 games...
2026-08-08 00:10:37   [GPU] 1,300,003 evals (31825 batches, avg 41/batch = 8% of 512, 4268 evals/s, 334 msg/s, 12.8 leaves/msg, 305s)
2026-08-08 00:10:49   [GPU] 1,350,006 evals (33086 batches, avg 41/batch = 8% of 512, 4268 evals/s, 334 msg/s, 12.8 leaves/msg, 316s)
2026-08-08 00:11:01   [GPU] 1,400,007 evals (34340 batches, avg 41/batch = 8% of 512, 4267 evals/s, 333 msg/s, 12.8 leaves/msg, 328s)
2026-08-08 00:11:10 [iter 11/60] self-play: 45/160 games...
2026-08-08 00:11:11   [GPU] 1,450,036 evals (35425 batches, avg 41/batch = 8% of 512, 4285 evals/s, 335 msg/s, 12.8 leaves/msg, 338s)
2026-08-08 00:11:22   [GPU] 1,500,030 evals (36572 batches, avg 41/batch = 8% of 512, 4295 evals/s, 335 msg/s, 12.8 leaves/msg, 349s)
2026-08-08 00:11:33   [GPU] 1,550,023 evals (37745 batches, avg 41/batch = 8% of 512, 4298 evals/s, 334 msg/s, 12.9 leaves/msg, 361s)
2026-08-08 00:11:40 [iter 11/60] self-play: 50/160 games...
2026-08-08 00:11:46   [GPU] 1,600,009 evals (39019 batches, avg 41/batch = 8% of 512, 4285 evals/s, 333 msg/s, 12.9 leaves/msg, 373s)
2026-08-08 00:11:59   [GPU] 1,650,029 evals (40309 batches, avg 41/batch = 8% of 512, 4274 evals/s, 331 msg/s, 12.9 leaves/msg, 386s)
2026-08-08 00:12:10   [GPU] 1,700,025 evals (41471 batches, avg 41/batch = 8% of 512, 4281 evals/s, 331 msg/s, 12.9 leaves/msg, 397s)
2026-08-08 00:12:17 [iter 11/60] self-play: 55/160 games...
2026-08-08 00:12:21   [GPU] 1,750,040 evals (42662 batches, avg 41/batch = 8% of 512, 4287 evals/s, 332 msg/s, 12.9 leaves/msg, 408s)
2026-08-08 00:12:32   [GPU] 1,800,017 evals (43847 batches, avg 41/batch = 8% of 512, 4290 evals/s, 331 msg/s, 12.9 leaves/msg, 420s)
2026-08-08 00:12:44   [GPU] 1,850,022 evals (45059 batches, avg 41/batch = 8% of 512, 4290 evals/s, 330 msg/s, 13.0 leaves/msg, 431s)
2026-08-08 00:12:49 [iter 11/60] self-play: 60/160 games...
2026-08-08 00:12:55   [GPU] 1,900,030 evals (46202 batches, avg 41/batch = 8% of 512, 4299 evals/s, 331 msg/s, 13.0 leaves/msg, 442s)
2026-08-08 00:13:05   [GPU] 1,950,042 evals (47248 batches, avg 41/batch = 8% of 512, 4315 evals/s, 332 msg/s, 13.0 leaves/msg, 452s)
2026-08-08 00:13:15   [GPU] 2,000,004 evals (48364 batches, avg 41/batch = 8% of 512, 4326 evals/s, 332 msg/s, 13.0 leaves/msg, 462s)
2026-08-08 00:13:26   [GPU] 2,050,029 evals (49543 batches, avg 41/batch = 8% of 512, 4328 evals/s, 332 msg/s, 13.1 leaves/msg, 474s)
2026-08-08 00:13:33 [iter 11/60] self-play: 65/160 games...
2026-08-08 00:13:36   [GPU] 2,100,014 evals (50585 batches, avg 42/batch = 8% of 512, 4345 evals/s, 333 msg/s, 13.1 leaves/msg, 483s)
2026-08-08 00:13:45   [GPU] 2,150,005 evals (51566 batches, avg 42/batch = 8% of 512, 4365 evals/s, 335 msg/s, 13.0 leaves/msg, 493s)
2026-08-08 00:13:51 [iter 11/60] self-play: 70/160 games...
2026-08-08 00:13:55   [GPU] 2,200,034 evals (52609 batches, avg 42/batch = 8% of 512, 4381 evals/s, 335 msg/s, 13.1 leaves/msg, 502s)
2026-08-08 00:14:05   [GPU] 2,250,072 evals (53687 batches, avg 42/batch = 8% of 512, 4392 evals/s, 336 msg/s, 13.1 leaves/msg, 512s)
2026-08-08 00:14:16   [GPU] 2,300,007 evals (54811 batches, avg 42/batch = 8% of 512, 4398 evals/s, 336 msg/s, 13.1 leaves/msg, 523s)
2026-08-08 00:14:24 [iter 11/60] self-play: 75/160 games...
2026-08-08 00:14:26   [GPU] 2,350,017 evals (55925 batches, avg 42/batch = 8% of 512, 4404 evals/s, 337 msg/s, 13.1 leaves/msg, 534s)
2026-08-08 00:14:37   [GPU] 2,400,008 evals (57101 batches, avg 42/batch = 8% of 512, 4407 evals/s, 336 msg/s, 13.1 leaves/msg, 545s)
2026-08-08 00:14:47   [GPU] 2,450,012 evals (58209 batches, avg 42/batch = 8% of 512, 4416 evals/s, 337 msg/s, 13.1 leaves/msg, 555s)
2026-08-08 00:14:57   [GPU] 2,500,000 evals (59251 batches, avg 42/batch = 8% of 512, 4428 evals/s, 338 msg/s, 13.1 leaves/msg, 565s)
2026-08-08 00:14:57 [iter 11/60] self-play: 80/160 games...
2026-08-08 00:15:09   [GPU] 2,550,019 evals (60479 batches, avg 42/batch = 8% of 512, 4421 evals/s, 337 msg/s, 13.1 leaves/msg, 577s)
2026-08-08 00:15:21   [GPU] 2,600,041 evals (61698 batches, avg 42/batch = 8% of 512, 4416 evals/s, 337 msg/s, 13.1 leaves/msg, 589s)
2026-08-08 00:15:26 [iter 11/60] self-play: 85/160 games...
2026-08-08 00:15:34   [GPU] 2,650,012 evals (62999 batches, avg 42/batch = 8% of 512, 4404 evals/s, 335 msg/s, 13.1 leaves/msg, 602s)
2026-08-08 00:15:47   [GPU] 2,700,033 evals (64290 batches, avg 42/batch = 8% of 512, 4393 evals/s, 334 msg/s, 13.2 leaves/msg, 615s)
2026-08-08 00:16:00   [GPU] 2,750,045 evals (65566 batches, avg 42/batch = 8% of 512, 4385 evals/s, 333 msg/s, 13.2 leaves/msg, 627s)
2026-08-08 00:16:11   [GPU] 2,800,009 evals (66732 batches, avg 42/batch = 8% of 512, 4386 evals/s, 332 msg/s, 13.2 leaves/msg, 638s)
2026-08-08 00:16:22   [GPU] 2,850,042 evals (67868 batches, avg 42/batch = 8% of 512, 4391 evals/s, 332 msg/s, 13.2 leaves/msg, 649s)
2026-08-08 00:16:31   [GPU] 2,900,018 evals (68882 batches, avg 42/batch = 8% of 512, 4403 evals/s, 333 msg/s, 13.2 leaves/msg, 659s)
2026-08-08 00:16:41   [GPU] 2,950,061 evals (69941 batches, avg 42/batch = 8% of 512, 4412 evals/s, 333 msg/s, 13.2 leaves/msg, 669s)
2026-08-08 00:16:52   [GPU] 3,000,046 evals (71073 batches, avg 42/batch = 8% of 512, 4414 evals/s, 333 msg/s, 13.3 leaves/msg, 680s)
2026-08-08 00:16:56 [iter 11/60] self-play: 90/160 games...
2026-08-08 00:17:03   [GPU] 3,050,039 evals (72189 batches, avg 42/batch = 8% of 512, 4419 evals/s, 334 msg/s, 13.2 leaves/msg, 690s)
2026-08-08 00:17:15   [GPU] 3,100,010 evals (73438 batches, avg 42/batch = 8% of 512, 4412 evals/s, 333 msg/s, 13.2 leaves/msg, 703s)
2026-08-08 00:17:19 [iter 11/60] self-play: 95/160 games...
2026-08-08 00:17:27   [GPU] 3,150,008 evals (74676 batches, avg 42/batch = 8% of 512, 4409 evals/s, 333 msg/s, 13.3 leaves/msg, 715s)
2026-08-08 00:17:40   [GPU] 3,200,018 evals (76009 batches, avg 42/batch = 8% of 512, 4398 evals/s, 332 msg/s, 13.3 leaves/msg, 728s)
2026-08-08 00:17:52   [GPU] 3,250,031 evals (77260 batches, avg 42/batch = 8% of 512, 4395 evals/s, 331 msg/s, 13.3 leaves/msg, 740s)
2026-08-08 00:17:56 [iter 11/60] self-play: 100/160 games...
2026-08-08 00:18:03   [GPU] 3,300,030 evals (78461 batches, avg 42/batch = 8% of 512, 4396 evals/s, 331 msg/s, 13.3 leaves/msg, 751s)
2026-08-08 00:18:15   [GPU] 3,350,008 evals (79722 batches, avg 42/batch = 8% of 512, 4393 evals/s, 332 msg/s, 13.2 leaves/msg, 763s)
2026-08-08 00:18:30   [GPU] 3,400,003 evals (81305 batches, avg 42/batch = 8% of 512, 4372 evals/s, 330 msg/s, 13.2 leaves/msg, 778s)
2026-08-08 00:18:35 [iter 11/60] self-play: 105/160 games...
2026-08-08 00:18:41   [GPU] 3,450,016 evals (82429 batches, avg 42/batch = 8% of 512, 4379 evals/s, 331 msg/s, 13.2 leaves/msg, 788s)
2026-08-08 00:18:50   [GPU] 3,500,011 evals (83485 batches, avg 42/batch = 8% of 512, 4389 evals/s, 332 msg/s, 13.2 leaves/msg, 797s)
2026-08-08 00:18:55 [iter 11/60] self-play: 110/160 games...
2026-08-08 00:19:03   [GPU] 3,550,031 evals (84818 batches, avg 42/batch = 8% of 512, 4382 evals/s, 332 msg/s, 13.2 leaves/msg, 810s)
2026-08-08 00:19:16   [GPU] 3,600,026 evals (86208 batches, avg 42/batch = 8% of 512, 4372 evals/s, 332 msg/s, 13.2 leaves/msg, 823s)
2026-08-08 00:19:27 [iter 11/60] self-play: 115/160 games...
2026-08-08 00:19:29   [GPU] 3,650,029 evals (87561 batches, avg 42/batch = 8% of 512, 4364 evals/s, 332 msg/s, 13.1 leaves/msg, 836s)
2026-08-08 00:19:42   [GPU] 3,700,003 evals (88917 batches, avg 42/batch = 8% of 512, 4357 evals/s, 332 msg/s, 13.1 leaves/msg, 849s)
2026-08-08 00:19:53   [GPU] 3,750,029 evals (90062 batches, avg 42/batch = 8% of 512, 4360 evals/s, 332 msg/s, 13.1 leaves/msg, 860s)
2026-08-08 00:20:05   [GPU] 3,800,011 evals (91375 batches, avg 42/batch = 8% of 512, 4356 evals/s, 332 msg/s, 13.1 leaves/msg, 872s)
2026-08-08 00:20:17   [GPU] 3,850,000 evals (92674 batches, avg 42/batch = 8% of 512, 4351 evals/s, 331 msg/s, 13.1 leaves/msg, 885s)
2026-08-08 00:20:29   [GPU] 3,900,045 evals (93946 batches, avg 42/batch = 8% of 512, 4350 evals/s, 331 msg/s, 13.1 leaves/msg, 897s)
2026-08-08 00:20:34 [iter 11/60] self-play: 120/160 games...
2026-08-08 00:20:41   [GPU] 3,950,016 evals (95176 batches, avg 42/batch = 8% of 512, 4348 evals/s, 331 msg/s, 13.1 leaves/msg, 908s)
2026-08-08 00:20:54   [GPU] 4,000,045 evals (96550 batches, avg 41/batch = 8% of 512, 4340 evals/s, 330 msg/s, 13.2 leaves/msg, 922s)
2026-08-08 00:21:06   [GPU] 4,050,028 evals (97794 batches, avg 41/batch = 8% of 512, 4339 evals/s, 330 msg/s, 13.2 leaves/msg, 933s)
2026-08-08 00:21:11 [iter 11/60] self-play: 125/160 games...
2026-08-08 00:21:17   [GPU] 4,100,016 evals (98874 batches, avg 41/batch = 8% of 512, 4344 evals/s, 330 msg/s, 13.2 leaves/msg, 944s)
2026-08-08 00:21:27   [GPU] 4,150,001 evals (99949 batches, avg 42/batch = 8% of 512, 4348 evals/s, 331 msg/s, 13.2 leaves/msg, 954s)
2026-08-08 00:21:39   [GPU] 4,200,023 evals (101115 batches, avg 42/batch = 8% of 512, 4348 evals/s, 331 msg/s, 13.2 leaves/msg, 966s)
2026-08-08 00:21:50   [GPU] 4,250,075 evals (102305 batches, avg 42/batch = 8% of 512, 4348 evals/s, 330 msg/s, 13.2 leaves/msg, 978s)
2026-08-08 00:21:56 [iter 11/60] self-play: 130/160 games...
2026-08-08 00:22:02   [GPU] 4,300,064 evals (103542 batches, avg 42/batch = 8% of 512, 4347 evals/s, 330 msg/s, 13.2 leaves/msg, 989s)
2026-08-08 00:22:16   [GPU] 4,350,026 evals (104944 batches, avg 41/batch = 8% of 512, 4337 evals/s, 330 msg/s, 13.2 leaves/msg, 1003s)
2026-08-08 00:22:29   [GPU] 4,400,056 evals (106361 batches, avg 41/batch = 8% of 512, 4327 evals/s, 329 msg/s, 13.1 leaves/msg, 1017s)
2026-08-08 00:22:34 [iter 11/60] self-play: 135/160 games...
2026-08-08 00:22:41   [GPU] 4,450,034 evals (107589 batches, avg 41/batch = 8% of 512, 4327 evals/s, 329 msg/s, 13.1 leaves/msg, 1028s)
2026-08-08 00:22:54   [GPU] 4,500,030 evals (108938 batches, avg 41/batch = 8% of 512, 4322 evals/s, 329 msg/s, 13.1 leaves/msg, 1041s)
2026-08-08 00:23:06   [GPU] 4,550,042 evals (110272 batches, avg 41/batch = 8% of 512, 4320 evals/s, 329 msg/s, 13.1 leaves/msg, 1053s)
2026-08-08 00:23:17   [GPU] 4,600,023 evals (111445 batches, avg 41/batch = 8% of 512, 4324 evals/s, 330 msg/s, 13.1 leaves/msg, 1064s)
2026-08-08 00:23:19 [iter 11/60] self-play: 140/160 games...
2026-08-08 00:23:27   [GPU] 4,650,045 evals (112575 batches, avg 41/batch = 8% of 512, 4329 evals/s, 331 msg/s, 13.1 leaves/msg, 1074s)
2026-08-08 00:23:39   [GPU] 4,700,018 evals (113909 batches, avg 41/batch = 8% of 512, 4326 evals/s, 331 msg/s, 13.1 leaves/msg, 1086s)
2026-08-08 00:23:53   [GPU] 4,750,022 evals (115313 batches, avg 41/batch = 8% of 512, 4316 evals/s, 330 msg/s, 13.1 leaves/msg, 1100s)
2026-08-08 00:24:00 [iter 11/60] self-play: 145/160 games...
2026-08-08 00:24:06   [GPU] 4,800,013 evals (116598 batches, avg 41/batch = 8% of 512, 4310 evals/s, 330 msg/s, 13.0 leaves/msg, 1114s)
2026-08-08 00:24:21   [GPU] 4,850,029 evals (117966 batches, avg 41/batch = 8% of 512, 4300 evals/s, 330 msg/s, 13.0 leaves/msg, 1128s)
2026-08-08 00:24:37   [GPU] 4,900,007 evals (119502 batches, avg 41/batch = 8% of 512, 4283 evals/s, 329 msg/s, 13.0 leaves/msg, 1144s)
2026-08-08 00:24:51   [GPU] 4,950,061 evals (120890 batches, avg 41/batch = 8% of 512, 4274 evals/s, 329 msg/s, 13.0 leaves/msg, 1158s)
2026-08-08 00:24:51 [iter 11/60] self-play: 150/160 games...
2026-08-08 00:25:04   [GPU] 5,000,012 evals (122229 batches, avg 41/batch = 8% of 512, 4268 evals/s, 329 msg/s, 13.0 leaves/msg, 1172s)
2026-08-08 00:25:15 [iter 11/60] self-play: 155/160 games...
2026-08-08 00:25:21   [GPU] 5,050,000 evals (123755 batches, avg 41/batch = 8% of 512, 4251 evals/s, 329 msg/s, 12.9 leaves/msg, 1188s)
2026-08-08 00:26:02   [GPU] 5,100,012 evals (126791 batches, avg 40/batch = 8% of 512, 4150 evals/s, 322 msg/s, 12.9 leaves/msg, 1229s)
2026-08-08 00:31:25   [GPU] 5,150,002 evals (137445 batches, avg 37/batch = 7% of 512, 3317 evals/s, 263 msg/s, 12.6 leaves/msg, 1553s)
2026-08-08 00:31:46 [iter 11/60] self-play: 160/160 games...
2026-08-08 00:31:47 [iter 11/60] self-play done: 160 games (1574s) | wins: P0=19, P1=101, draw=40 | draw_rate=25% avg_len~18
2026-08-08 00:31:47 [iter 11/60] search: expanded=9.7 actions/node visits/action=61.8 walls/game=7.44 first_wall_ply=1.312 learner_sims/s=3540.54
2026-08-08 00:31:47 [iter 11/60] WARNING: draw_rate 25% > 20% — games timing out at max_game_moves=160 (weak value signal).
2026-08-08 00:31:47 [iter 11/60] training (600 steps, lr=9.40e-04)...
2026-08-08 00:31:55 [iter 11/60] training done: loss_p=1.297 loss_v=0.151 (8s)
2026-08-08 00:31:58 [iter 11/60] data: policy_wall_mass=0.156 walled_states=50% walls_on_board=12.1 value_mae walled=0.234 free=0.157
2026-08-08 00:31:59 [iter 11/60] eval skipped (eval_every=4)
2026-08-08 00:31:59 >>> iter 11 | loss_p=1.297 loss_v=0.151 | vs_best=n/a (not evaluated) | vs_rand=n/a | draw=25% | buf=72228 | rss=2.72GB | sp=1574s train=8s eval_best=0s eval_rand=0s | total=1586s
2026-08-08 00:31:59 [iter 12/60] self-play starting (160 games, 600 sims, MIXED 80/160 race-only)...
2026-08-08 00:31:59 [PARALLEL-MP] 8 workers spawned (160 games, sims=600), GPU batcher starting...
2026-08-08 00:32:10   [GPU] 50,038 evals (856 batches, avg 58/batch = 11% of 512, 4374 evals/s, 310 msg/s, 14.1 leaves/msg, 11s)
2026-08-08 00:32:19 [iter 12/60] self-play: 5/160 games...
2026-08-08 00:32:23   [GPU] 100,046 evals (2054 batches, avg 49/batch = 10% of 512, 4132 evals/s, 316 msg/s, 13.1 leaves/msg, 24s)
2026-08-08 00:32:36   [GPU] 150,022 evals (3252 batches, avg 46/batch = 9% of 512, 4052 evals/s, 301 msg/s, 13.5 leaves/msg, 37s)
2026-08-08 00:32:44 [iter 12/60] self-play: 10/160 games...
2026-08-08 00:32:49   [GPU] 200,033 evals (4527 batches, avg 44/batch = 9% of 512, 3964 evals/s, 296 msg/s, 13.4 leaves/msg, 50s)
2026-08-08 00:33:04   [GPU] 250,005 evals (5832 batches, avg 43/batch = 8% of 512, 3866 evals/s, 282 msg/s, 13.7 leaves/msg, 65s)
2026-08-08 00:33:16   [GPU] 300,020 evals (7027 batches, avg 43/batch = 8% of 512, 3887 evals/s, 281 msg/s, 13.8 leaves/msg, 77s)
2026-08-08 00:33:29   [GPU] 350,011 evals (8248 batches, avg 42/batch = 8% of 512, 3886 evals/s, 280 msg/s, 13.9 leaves/msg, 90s)
2026-08-08 00:33:34 [iter 12/60] self-play: 15/160 games...
2026-08-08 00:33:40   [GPU] 400,004 evals (9398 batches, avg 43/batch = 8% of 512, 3947 evals/s, 285 msg/s, 13.9 leaves/msg, 101s)
2026-08-08 00:33:52   [GPU] 450,054 evals (10617 batches, avg 42/batch = 8% of 512, 3980 evals/s, 286 msg/s, 13.9 leaves/msg, 113s)
2026-08-08 00:34:05   [GPU] 500,057 evals (11908 batches, avg 42/batch = 8% of 512, 3979 evals/s, 284 msg/s, 14.0 leaves/msg, 126s)
2026-08-08 00:34:16   [GPU] 550,052 evals (13106 batches, avg 42/batch = 8% of 512, 4002 evals/s, 284 msg/s, 14.1 leaves/msg, 137s)
2026-08-08 00:34:28   [GPU] 600,012 evals (14269 batches, avg 42/batch = 8% of 512, 4039 evals/s, 285 msg/s, 14.2 leaves/msg, 149s)
2026-08-08 00:34:40   [GPU] 650,042 evals (15566 batches, avg 42/batch = 8% of 512, 4030 evals/s, 284 msg/s, 14.2 leaves/msg, 161s)
2026-08-08 00:34:52   [GPU] 700,039 evals (16806 batches, avg 42/batch = 8% of 512, 4044 evals/s, 284 msg/s, 14.2 leaves/msg, 173s)
2026-08-08 00:34:54 [iter 12/60] self-play: 20/160 games...
2026-08-08 00:35:04   [GPU] 750,013 evals (18013 batches, avg 42/batch = 8% of 512, 4058 evals/s, 287 msg/s, 14.2 leaves/msg, 185s)
2026-08-08 00:35:18   [GPU] 800,025 evals (19399 batches, avg 41/batch = 8% of 512, 4023 evals/s, 283 msg/s, 14.2 leaves/msg, 199s)
2026-08-08 00:35:18 [iter 12/60] self-play: 25/160 games...
2026-08-08 00:35:31   [GPU] 850,009 evals (20682 batches, avg 41/batch = 8% of 512, 4013 evals/s, 282 msg/s, 14.2 leaves/msg, 212s)
2026-08-08 00:35:45   [GPU] 900,003 evals (22015 batches, avg 41/batch = 8% of 512, 3986 evals/s, 279 msg/s, 14.3 leaves/msg, 226s)
2026-08-08 00:35:57   [GPU] 950,005 evals (23317 batches, avg 41/batch = 8% of 512, 3987 evals/s, 279 msg/s, 14.3 leaves/msg, 238s)
2026-08-08 00:36:07   [GPU] 1,000,047 evals (24361 batches, avg 41/batch = 8% of 512, 4029 evals/s, 282 msg/s, 14.3 leaves/msg, 248s)
2026-08-08 00:36:15 [iter 12/60] self-play: 30/160 games...
2026-08-08 00:36:18   [GPU] 1,050,028 evals (25550 batches, avg 41/batch = 8% of 512, 4049 evals/s, 283 msg/s, 14.3 leaves/msg, 259s)
2026-08-08 00:36:29   [GPU] 1,100,032 evals (26688 batches, avg 41/batch = 8% of 512, 4073 evals/s, 284 msg/s, 14.3 leaves/msg, 270s)
2026-08-08 00:36:39   [GPU] 1,150,046 evals (27705 batches, avg 42/batch = 8% of 512, 4112 evals/s, 287 msg/s, 14.3 leaves/msg, 280s)
2026-08-08 00:36:47   [GPU] 1,200,014 evals (28597 batches, avg 42/batch = 8% of 512, 4167 evals/s, 291 msg/s, 14.3 leaves/msg, 288s)
2026-08-08 00:36:51 [iter 12/60] self-play: 35/160 games...
2026-08-08 00:36:55   [GPU] 1,250,001 evals (29488 batches, avg 42/batch = 8% of 512, 4217 evals/s, 295 msg/s, 14.3 leaves/msg, 296s)
2026-08-08 00:37:05   [GPU] 1,300,018 evals (30446 batches, avg 43/batch = 8% of 512, 4255 evals/s, 297 msg/s, 14.3 leaves/msg, 306s)
2026-08-08 00:37:12   [GPU] 1,350,018 evals (31286 batches, avg 43/batch = 8% of 512, 4309 evals/s, 301 msg/s, 14.3 leaves/msg, 313s)
2026-08-08 00:37:16 [iter 12/60] self-play: 40/160 games...
2026-08-08 00:37:21   [GPU] 1,400,047 evals (32161 batches, avg 44/batch = 9% of 512, 4353 evals/s, 305 msg/s, 14.3 leaves/msg, 322s)
2026-08-08 00:37:29   [GPU] 1,450,029 evals (33097 batches, avg 44/batch = 9% of 512, 4387 evals/s, 307 msg/s, 14.3 leaves/msg, 331s)
2026-08-08 00:37:38   [GPU] 1,500,049 evals (33984 batches, avg 44/batch = 9% of 512, 4423 evals/s, 310 msg/s, 14.3 leaves/msg, 339s)
2026-08-08 00:37:39 [iter 12/60] self-play: 45/160 games...
2026-08-08 00:37:47   [GPU] 1,550,038 evals (34991 batches, avg 44/batch = 9% of 512, 4449 evals/s, 312 msg/s, 14.2 leaves/msg, 348s)
2026-08-08 00:37:57   [GPU] 1,600,024 evals (36088 batches, avg 44/batch = 9% of 512, 4466 evals/s, 314 msg/s, 14.2 leaves/msg, 358s)
2026-08-08 00:38:06 [iter 12/60] self-play: 50/160 games...
2026-08-08 00:38:06   [GPU] 1,650,044 evals (37107 batches, avg 44/batch = 9% of 512, 4489 evals/s, 315 msg/s, 14.2 leaves/msg, 368s)
2026-08-08 00:38:17   [GPU] 1,700,068 evals (38242 batches, avg 44/batch = 9% of 512, 4498 evals/s, 317 msg/s, 14.2 leaves/msg, 378s)
2026-08-08 00:38:27   [GPU] 1,750,070 evals (39357 batches, avg 44/batch = 9% of 512, 4508 evals/s, 318 msg/s, 14.2 leaves/msg, 388s)
2026-08-08 00:38:36 [iter 12/60] self-play: 55/160 games...
2026-08-08 00:38:38   [GPU] 1,800,004 evals (40530 batches, avg 44/batch = 9% of 512, 4512 evals/s, 318 msg/s, 14.2 leaves/msg, 399s)
2026-08-08 00:38:47   [GPU] 1,850,010 evals (41567 batches, avg 45/batch = 9% of 512, 4532 evals/s, 320 msg/s, 14.2 leaves/msg, 408s)
2026-08-08 00:38:58   [GPU] 1,900,008 evals (42721 batches, avg 44/batch = 9% of 512, 4535 evals/s, 320 msg/s, 14.2 leaves/msg, 419s)
2026-08-08 00:39:07   [GPU] 1,950,014 evals (43767 batches, avg 45/batch = 9% of 512, 4550 evals/s, 321 msg/s, 14.2 leaves/msg, 429s)
2026-08-08 00:39:14 [iter 12/60] self-play: 60/160 games...
2026-08-08 00:39:16   [GPU] 2,000,057 evals (44686 batches, avg 45/batch = 9% of 512, 4577 evals/s, 323 msg/s, 14.2 leaves/msg, 437s)
2026-08-08 00:39:25   [GPU] 2,050,051 evals (45644 batches, avg 45/batch = 9% of 512, 4596 evals/s, 325 msg/s, 14.2 leaves/msg, 446s)
2026-08-08 00:39:34   [GPU] 2,100,052 evals (46610 batches, avg 45/batch = 9% of 512, 4614 evals/s, 326 msg/s, 14.1 leaves/msg, 455s)
2026-08-08 00:39:45   [GPU] 2,150,044 evals (47827 batches, avg 45/batch = 9% of 512, 4610 evals/s, 327 msg/s, 14.1 leaves/msg, 466s)
2026-08-08 00:39:48 [iter 12/60] self-play: 65/160 games...
2026-08-08 00:39:55   [GPU] 2,200,027 evals (48890 batches, avg 45/batch = 9% of 512, 4618 evals/s, 328 msg/s, 14.1 leaves/msg, 476s)
2026-08-08 00:40:06   [GPU] 2,250,015 evals (49989 batches, avg 45/batch = 9% of 512, 4623 evals/s, 329 msg/s, 14.1 leaves/msg, 487s)
2026-08-08 00:40:08 [iter 12/60] self-play: 70/160 games...
2026-08-08 00:40:17   [GPU] 2,300,021 evals (51148 batches, avg 45/batch = 9% of 512, 4620 evals/s, 328 msg/s, 14.1 leaves/msg, 498s)
2026-08-08 00:40:29   [GPU] 2,350,015 evals (52429 batches, avg 45/batch = 9% of 512, 4606 evals/s, 328 msg/s, 14.1 leaves/msg, 510s)
2026-08-08 00:40:40   [GPU] 2,400,018 evals (53573 batches, avg 45/batch = 9% of 512, 4604 evals/s, 328 msg/s, 14.0 leaves/msg, 521s)
2026-08-08 00:40:42 [iter 12/60] self-play: 75/160 games...
2026-08-08 00:40:52   [GPU] 2,450,022 evals (54849 batches, avg 45/batch = 9% of 512, 4592 evals/s, 328 msg/s, 14.0 leaves/msg, 533s)
2026-08-08 00:41:04   [GPU] 2,500,017 evals (56030 batches, avg 45/batch = 9% of 512, 4588 evals/s, 327 msg/s, 14.0 leaves/msg, 545s)
2026-08-08 00:41:12 [iter 12/60] self-play: 80/160 games...
2026-08-08 00:41:14   [GPU] 2,550,020 evals (57113 batches, avg 45/batch = 9% of 512, 4595 evals/s, 328 msg/s, 14.0 leaves/msg, 555s)
2026-08-08 00:41:26   [GPU] 2,600,026 evals (58393 batches, avg 45/batch = 9% of 512, 4583 evals/s, 328 msg/s, 14.0 leaves/msg, 567s)
2026-08-08 00:41:38   [GPU] 2,650,000 evals (59621 batches, avg 44/batch = 9% of 512, 4577 evals/s, 327 msg/s, 14.0 leaves/msg, 579s)
2026-08-08 00:41:49   [GPU] 2,700,012 evals (60764 batches, avg 44/batch = 9% of 512, 4578 evals/s, 328 msg/s, 14.0 leaves/msg, 590s)
2026-08-08 00:41:49 [iter 12/60] self-play: 85/160 games...
2026-08-08 00:42:00   [GPU] 2,750,033 evals (61976 batches, avg 44/batch = 9% of 512, 4575 evals/s, 328 msg/s, 13.9 leaves/msg, 601s)
2026-08-08 00:42:11   [GPU] 2,800,029 evals (63141 batches, avg 44/batch = 9% of 512, 4577 evals/s, 329 msg/s, 13.9 leaves/msg, 612s)
2026-08-08 00:42:25   [GPU] 2,850,026 evals (64603 batches, avg 44/batch = 9% of 512, 4555 evals/s, 328 msg/s, 13.9 leaves/msg, 626s)
2026-08-08 00:42:26 [iter 12/60] self-play: 90/160 games...
2026-08-08 00:42:38   [GPU] 2,900,016 evals (66025 batches, avg 44/batch = 9% of 512, 4539 evals/s, 328 msg/s, 13.8 leaves/msg, 639s)
2026-08-08 00:42:44 [iter 12/60] self-play: 95/160 games...
2026-08-08 00:42:49   [GPU] 2,950,033 evals (67237 batches, avg 44/batch = 9% of 512, 4537 evals/s, 329 msg/s, 13.8 leaves/msg, 650s)
2026-08-08 00:43:00   [GPU] 3,000,040 evals (68457 batches, avg 44/batch = 9% of 512, 4535 evals/s, 329 msg/s, 13.8 leaves/msg, 662s)
2026-08-08 00:43:11   [GPU] 3,050,016 evals (69558 batches, avg 44/batch = 9% of 512, 4540 evals/s, 330 msg/s, 13.8 leaves/msg, 672s)
2026-08-08 00:43:13 [iter 12/60] self-play: 100/160 games...
2026-08-08 00:43:22   [GPU] 3,100,007 evals (70829 batches, avg 44/batch = 9% of 512, 4537 evals/s, 330 msg/s, 13.8 leaves/msg, 683s)
2026-08-08 00:43:32   [GPU] 3,150,025 evals (71954 batches, avg 44/batch = 9% of 512, 4543 evals/s, 330 msg/s, 13.8 leaves/msg, 693s)
2026-08-08 00:43:42   [GPU] 3,200,047 evals (73069 batches, avg 44/batch = 9% of 512, 4550 evals/s, 331 msg/s, 13.7 leaves/msg, 703s)
2026-08-08 00:43:53   [GPU] 3,250,053 evals (74205 batches, avg 44/batch = 9% of 512, 4553 evals/s, 332 msg/s, 13.7 leaves/msg, 714s)
2026-08-08 00:44:03   [GPU] 3,300,056 evals (75337 batches, avg 44/batch = 9% of 512, 4559 evals/s, 333 msg/s, 13.7 leaves/msg, 724s)
2026-08-08 00:44:13   [GPU] 3,350,003 evals (76474 batches, avg 44/batch = 9% of 512, 4563 evals/s, 334 msg/s, 13.7 leaves/msg, 734s)
2026-08-08 00:44:25   [GPU] 3,400,017 evals (77706 batches, avg 44/batch = 9% of 512, 4560 evals/s, 334 msg/s, 13.7 leaves/msg, 746s)
2026-08-08 00:44:25 [iter 12/60] self-play: 105/160 games...
2026-08-08 00:44:35   [GPU] 3,450,026 evals (78767 batches, avg 44/batch = 9% of 512, 4566 evals/s, 334 msg/s, 13.7 leaves/msg, 756s)
2026-08-08 00:44:45   [GPU] 3,500,048 evals (79831 batches, avg 44/batch = 9% of 512, 4570 evals/s, 335 msg/s, 13.7 leaves/msg, 766s)
2026-08-08 00:44:57   [GPU] 3,550,038 evals (81091 batches, avg 44/batch = 9% of 512, 4565 evals/s, 334 msg/s, 13.7 leaves/msg, 778s)
2026-08-08 00:45:02 [iter 12/60] self-play: 110/160 games...
2026-08-08 00:45:09   [GPU] 3,600,003 evals (82415 batches, avg 44/batch = 9% of 512, 4554 evals/s, 333 msg/s, 13.7 leaves/msg, 791s)
2026-08-08 00:45:22   [GPU] 3,650,036 evals (83713 batches, avg 44/batch = 9% of 512, 4545 evals/s, 333 msg/s, 13.7 leaves/msg, 803s)
2026-08-08 00:45:33   [GPU] 3,700,000 evals (84792 batches, avg 44/batch = 9% of 512, 4548 evals/s, 333 msg/s, 13.7 leaves/msg, 814s)
2026-08-08 00:45:37 [iter 12/60] self-play: 115/160 games...
2026-08-08 00:45:43   [GPU] 3,750,005 evals (85937 batches, avg 44/batch = 9% of 512, 4548 evals/s, 333 msg/s, 13.7 leaves/msg, 824s)
2026-08-08 00:45:55   [GPU] 3,800,023 evals (87177 batches, avg 44/batch = 9% of 512, 4544 evals/s, 333 msg/s, 13.7 leaves/msg, 836s)
2026-08-08 00:46:06   [GPU] 3,850,017 evals (88284 batches, avg 44/batch = 9% of 512, 4546 evals/s, 333 msg/s, 13.7 leaves/msg, 847s)
2026-08-08 00:46:18   [GPU] 3,900,033 evals (89573 batches, avg 44/batch = 9% of 512, 4539 evals/s, 332 msg/s, 13.7 leaves/msg, 859s)
2026-08-08 00:46:19 [iter 12/60] self-play: 120/160 games...
2026-08-08 00:46:30   [GPU] 3,950,033 evals (90850 batches, avg 43/batch = 8% of 512, 4533 evals/s, 332 msg/s, 13.7 leaves/msg, 871s)
2026-08-08 00:46:45   [GPU] 4,000,019 evals (92249 batches, avg 43/batch = 8% of 512, 4516 evals/s, 331 msg/s, 13.7 leaves/msg, 886s)
2026-08-08 00:46:57 [iter 12/60] self-play: 125/160 games...
2026-08-08 00:46:57   [GPU] 4,050,001 evals (93500 batches, avg 43/batch = 8% of 512, 4510 evals/s, 330 msg/s, 13.6 leaves/msg, 898s)
2026-08-08 00:47:11   [GPU] 4,100,035 evals (94900 batches, avg 43/batch = 8% of 512, 4497 evals/s, 329 msg/s, 13.7 leaves/msg, 912s)
2026-08-08 00:47:24   [GPU] 4,150,035 evals (96247 batches, avg 43/batch = 8% of 512, 4487 evals/s, 329 msg/s, 13.7 leaves/msg, 925s)
2026-08-08 00:47:36   [GPU] 4,200,014 evals (97491 batches, avg 43/batch = 8% of 512, 4483 evals/s, 328 msg/s, 13.7 leaves/msg, 937s)
2026-08-08 00:47:47   [GPU] 4,250,031 evals (98663 batches, avg 43/batch = 8% of 512, 4482 evals/s, 328 msg/s, 13.7 leaves/msg, 948s)
2026-08-08 00:47:58   [GPU] 4,300,042 evals (99833 batches, avg 43/batch = 8% of 512, 4482 evals/s, 328 msg/s, 13.7 leaves/msg, 959s)
2026-08-08 00:48:03 [iter 12/60] self-play: 130/160 games...
2026-08-08 00:48:08   [GPU] 4,350,014 evals (100903 batches, avg 43/batch = 8% of 512, 4487 evals/s, 328 msg/s, 13.7 leaves/msg, 969s)
2026-08-08 00:48:20   [GPU] 4,400,004 evals (102116 batches, avg 43/batch = 8% of 512, 4484 evals/s, 328 msg/s, 13.7 leaves/msg, 981s)
2026-08-08 00:48:32   [GPU] 4,450,000 evals (103283 batches, avg 43/batch = 8% of 512, 4483 evals/s, 328 msg/s, 13.7 leaves/msg, 993s)
2026-08-08 00:48:43   [GPU] 4,500,009 evals (104500 batches, avg 43/batch = 8% of 512, 4480 evals/s, 327 msg/s, 13.7 leaves/msg, 1004s)
2026-08-08 00:48:50 [iter 12/60] self-play: 135/160 games...
2026-08-08 00:48:54   [GPU] 4,550,029 evals (105695 batches, avg 43/batch = 8% of 512, 4481 evals/s, 327 msg/s, 13.7 leaves/msg, 1016s)
2026-08-08 00:49:06   [GPU] 4,600,015 evals (106884 batches, avg 43/batch = 8% of 512, 4479 evals/s, 327 msg/s, 13.7 leaves/msg, 1027s)
2026-08-08 00:49:13 [iter 12/60] self-play: 140/160 games...
2026-08-08 00:49:19   [GPU] 4,650,044 evals (108185 batches, avg 43/batch = 8% of 512, 4471 evals/s, 327 msg/s, 13.7 leaves/msg, 1040s)
2026-08-08 00:49:32   [GPU] 4,700,008 evals (109477 batches, avg 43/batch = 8% of 512, 4464 evals/s, 326 msg/s, 13.7 leaves/msg, 1053s)
2026-08-08 00:49:47   [GPU] 4,750,013 evals (110940 batches, avg 43/batch = 8% of 512, 4448 evals/s, 325 msg/s, 13.7 leaves/msg, 1068s)
2026-08-08 00:50:00   [GPU] 4,800,001 evals (112256 batches, avg 43/batch = 8% of 512, 4440 evals/s, 324 msg/s, 13.7 leaves/msg, 1081s)
2026-08-08 00:50:07 [iter 12/60] self-play: 145/160 games...
2026-08-08 00:50:12   [GPU] 4,850,043 evals (113484 batches, avg 43/batch = 8% of 512, 4438 evals/s, 324 msg/s, 13.7 leaves/msg, 1093s)
2026-08-08 00:50:22   [GPU] 4,900,025 evals (114590 batches, avg 43/batch = 8% of 512, 4441 evals/s, 324 msg/s, 13.7 leaves/msg, 1103s)
2026-08-08 00:50:34   [GPU] 4,950,026 evals (115816 batches, avg 43/batch = 8% of 512, 4440 evals/s, 324 msg/s, 13.7 leaves/msg, 1115s)
2026-08-08 00:50:46   [GPU] 5,000,003 evals (117070 batches, avg 43/batch = 8% of 512, 4436 evals/s, 324 msg/s, 13.7 leaves/msg, 1127s)
2026-08-08 00:50:58   [GPU] 5,050,031 evals (118267 batches, avg 43/batch = 8% of 512, 4435 evals/s, 323 msg/s, 13.7 leaves/msg, 1139s)
2026-08-08 00:51:04 [iter 12/60] self-play: 150/160 games...
2026-08-08 00:51:09   [GPU] 5,100,023 evals (119471 batches, avg 43/batch = 8% of 512, 4434 evals/s, 323 msg/s, 13.7 leaves/msg, 1150s)
2026-08-08 00:51:20   [GPU] 5,150,006 evals (120628 batches, avg 43/batch = 8% of 512, 4434 evals/s, 323 msg/s, 13.7 leaves/msg, 1161s)
2026-08-08 00:51:30   [GPU] 5,200,047 evals (121649 batches, avg 43/batch = 8% of 512, 4440 evals/s, 323 msg/s, 13.7 leaves/msg, 1171s)
2026-08-08 00:51:34 [iter 12/60] self-play: 155/160 games...
2026-08-08 00:51:49   [GPU] 5,250,009 evals (123383 batches, avg 43/batch = 8% of 512, 4411 evals/s, 321 msg/s, 13.7 leaves/msg, 1190s)
2026-08-08 00:52:23   [GPU] 5,300,022 evals (125812 batches, avg 42/batch = 8% of 512, 4328 evals/s, 315 msg/s, 13.7 leaves/msg, 1224s)
2026-08-08 00:53:31   [GPU] 5,350,003 evals (129244 batches, avg 41/batch = 8% of 512, 4141 evals/s, 302 msg/s, 13.7 leaves/msg, 1292s)
2026-08-08 00:53:47 [iter 12/60] self-play: 160/160 games...
2026-08-08 00:53:47 [iter 12/60] self-play done: 160 games (1308s) | wins: P0=21, P1=97, draw=42 | draw_rate=26% avg_len~17
2026-08-08 00:53:47 [iter 12/60] search: expanded=10.8 actions/node visits/action=55.8 walls/game=7.51 first_wall_ply=1.8 learner_sims/s=4322.46
2026-08-08 00:53:47 [iter 12/60] WARNING: draw_rate 26% > 20% — games timing out at max_game_moves=160 (weak value signal).
2026-08-08 00:53:47 [iter 12/60] training (600 steps, lr=9.27e-04)...
2026-08-08 00:53:52 [iter 12/60] training done: loss_p=1.280 loss_v=0.146 (5s)
2026-08-08 00:53:53 [iter 12/60] data: policy_wall_mass=0.157 walled_states=48% walls_on_board=10.3 value_mae walled=0.231 free=0.106
2026-08-08 00:53:54 [iter 12/60] eval vs best (40 games, 600 sims)...
2026-08-08 00:53:54 [EVAL-MP] 8 workers spawned (40 vs_best games, sims=600), GPU batcher starting...
2026-08-08 00:54:12   [GPU] 50,008 evals (1281 batches, avg 39/batch = 8% of 512, 2829 evals/s, 184 msg/s, 15.4 leaves/msg, 18s)
2026-08-08 00:54:26   [GPU] 100,059 evals (2543 batches, avg 39/batch = 8% of 512, 3099 evals/s, 201 msg/s, 15.4 leaves/msg, 32s)
2026-08-08 00:54:40   [GPU] 150,023 evals (3811 batches, avg 39/batch = 8% of 512, 3232 evals/s, 210 msg/s, 15.4 leaves/msg, 46s)
2026-08-08 00:54:55   [GPU] 200,028 evals (5140 batches, avg 39/batch = 8% of 512, 3293 evals/s, 216 msg/s, 15.2 leaves/msg, 61s)
2026-08-08 00:55:08   [GPU] 250,006 evals (6394 batches, avg 39/batch = 8% of 512, 3376 evals/s, 222 msg/s, 15.2 leaves/msg, 74s)
2026-08-08 00:55:21   [GPU] 300,031 evals (7630 batches, avg 39/batch = 8% of 512, 3428 evals/s, 226 msg/s, 15.2 leaves/msg, 88s)
2026-08-08 00:55:35   [GPU] 350,014 evals (8867 batches, avg 39/batch = 8% of 512, 3479 evals/s, 230 msg/s, 15.1 leaves/msg, 101s)
2026-08-08 00:55:48   [GPU] 400,000 evals (10116 batches, avg 40/batch = 8% of 512, 3503 evals/s, 232 msg/s, 15.1 leaves/msg, 114s)
2026-08-08 00:56:02   [GPU] 450,049 evals (11397 batches, avg 39/batch = 8% of 512, 3515 evals/s, 233 msg/s, 15.1 leaves/msg, 128s)
2026-08-08 00:56:16   [GPU] 500,081 evals (12621 batches, avg 40/batch = 8% of 512, 3530 evals/s, 234 msg/s, 15.1 leaves/msg, 142s)
2026-08-08 00:56:29   [GPU] 550,020 evals (13849 batches, avg 40/batch = 8% of 512, 3546 evals/s, 235 msg/s, 15.1 leaves/msg, 155s)
2026-08-08 00:56:42   [GPU] 600,028 evals (15076 batches, avg 40/batch = 8% of 512, 3567 evals/s, 237 msg/s, 15.1 leaves/msg, 168s)
2026-08-08 00:56:56   [GPU] 650,018 evals (16372 batches, avg 40/batch = 8% of 512, 3569 evals/s, 237 msg/s, 15.1 leaves/msg, 182s)
2026-08-08 00:57:11   [GPU] 700,042 evals (17656 batches, avg 40/batch = 8% of 512, 3558 evals/s, 236 msg/s, 15.1 leaves/msg, 197s)
2026-08-08 00:57:25   [GPU] 750,014 evals (18968 batches, avg 40/batch = 8% of 512, 3552 evals/s, 236 msg/s, 15.1 leaves/msg, 211s)
2026-08-08 00:57:37 [iter 12/60] eval vs best: 5/40 games (223s, cand 50%)
2026-08-08 00:57:39   [GPU] 800,029 evals (20297 batches, avg 39/batch = 8% of 512, 3549 evals/s, 235 msg/s, 15.1 leaves/msg, 225s)
2026-08-08 00:57:54   [GPU] 850,031 evals (21609 batches, avg 39/batch = 8% of 512, 3541 evals/s, 234 msg/s, 15.1 leaves/msg, 240s)
2026-08-08 00:58:08   [GPU] 900,037 evals (22933 batches, avg 39/batch = 8% of 512, 3541 evals/s, 234 msg/s, 15.1 leaves/msg, 254s)
2026-08-08 00:58:22   [GPU] 950,013 evals (24169 batches, avg 39/batch = 8% of 512, 3550 evals/s, 235 msg/s, 15.1 leaves/msg, 268s)
2026-08-08 00:58:31 [iter 12/60] eval vs best: 10/40 games (277s, cand 33%)
2026-08-08 00:58:35   [GPU] 1,000,016 evals (25471 batches, avg 39/batch = 8% of 512, 3553 evals/s, 235 msg/s, 15.1 leaves/msg, 281s)
2026-08-08 00:58:49   [GPU] 1,050,028 evals (26794 batches, avg 39/batch = 8% of 512, 3554 evals/s, 235 msg/s, 15.1 leaves/msg, 295s)
2026-08-08 00:59:04   [GPU] 1,100,020 evals (28177 batches, avg 39/batch = 8% of 512, 3545 evals/s, 235 msg/s, 15.1 leaves/msg, 310s)
2026-08-08 00:59:20   [GPU] 1,150,034 evals (29625 batches, avg 39/batch = 8% of 512, 3532 evals/s, 235 msg/s, 15.0 leaves/msg, 326s)
2026-08-08 00:59:35   [GPU] 1,200,036 evals (31024 batches, avg 39/batch = 8% of 512, 3524 evals/s, 236 msg/s, 14.9 leaves/msg, 341s)
2026-08-08 00:59:49   [GPU] 1,250,010 evals (32418 batches, avg 39/batch = 8% of 512, 3518 evals/s, 236 msg/s, 14.9 leaves/msg, 355s)
2026-08-08 01:00:04   [GPU] 1,300,013 evals (33807 batches, avg 38/batch = 8% of 512, 3511 evals/s, 237 msg/s, 14.8 leaves/msg, 370s)
2026-08-08 01:00:19   [GPU] 1,350,022 evals (35158 batches, avg 38/batch = 7% of 512, 3502 evals/s, 236 msg/s, 14.8 leaves/msg, 385s)
2026-08-08 01:00:35   [GPU] 1,400,073 evals (36453 batches, avg 38/batch = 8% of 512, 3495 evals/s, 236 msg/s, 14.8 leaves/msg, 401s)
2026-08-08 01:00:50   [GPU] 1,450,004 evals (37724 batches, avg 38/batch = 8% of 512, 3488 evals/s, 235 msg/s, 14.9 leaves/msg, 416s)
2026-08-08 01:01:05   [GPU] 1,500,020 evals (38996 batches, avg 38/batch = 8% of 512, 3483 evals/s, 234 msg/s, 14.9 leaves/msg, 431s)
2026-08-08 01:01:20   [GPU] 1,550,040 evals (40295 batches, avg 38/batch = 8% of 512, 3479 evals/s, 234 msg/s, 14.9 leaves/msg, 446s)
2026-08-08 01:01:34   [GPU] 1,600,061 evals (41611 batches, avg 38/batch = 8% of 512, 3477 evals/s, 233 msg/s, 14.9 leaves/msg, 460s)
2026-08-08 01:01:49   [GPU] 1,650,032 evals (42901 batches, avg 38/batch = 8% of 512, 3474 evals/s, 233 msg/s, 14.9 leaves/msg, 475s)
2026-08-08 01:01:51 [iter 12/60] eval vs best: 15/40 games (477s, cand 33%)
2026-08-08 01:02:04   [GPU] 1,700,009 evals (44239 batches, avg 38/batch = 8% of 512, 3471 evals/s, 232 msg/s, 14.9 leaves/msg, 490s)
2026-08-08 01:02:19   [GPU] 1,750,003 evals (45542 batches, avg 38/batch = 8% of 512, 3466 evals/s, 232 msg/s, 14.9 leaves/msg, 505s)
2026-08-08 01:02:34   [GPU] 1,800,014 evals (46883 batches, avg 38/batch = 7% of 512, 3461 evals/s, 231 msg/s, 15.0 leaves/msg, 520s)
2026-08-08 01:02:48   [GPU] 1,850,024 evals (48217 batches, avg 38/batch = 7% of 512, 3462 evals/s, 231 msg/s, 15.0 leaves/msg, 534s)
2026-08-08 01:03:03   [GPU] 1,900,017 evals (49513 batches, avg 38/batch = 7% of 512, 3461 evals/s, 231 msg/s, 15.0 leaves/msg, 549s)
2026-08-08 01:03:17   [GPU] 1,950,042 evals (50810 batches, avg 38/batch = 7% of 512, 3462 evals/s, 231 msg/s, 15.0 leaves/msg, 563s)
2026-08-08 01:03:32   [GPU] 2,000,030 evals (52149 batches, avg 38/batch = 7% of 512, 3460 evals/s, 231 msg/s, 15.0 leaves/msg, 578s)
2026-08-08 01:03:39 [iter 12/60] eval vs best: 20/40 games (585s, cand 33%)
2026-08-08 01:03:47   [GPU] 2,050,042 evals (53512 batches, avg 38/batch = 7% of 512, 3456 evals/s, 230 msg/s, 15.0 leaves/msg, 593s)
2026-08-08 01:04:02   [GPU] 2,100,019 evals (54840 batches, avg 38/batch = 7% of 512, 3453 evals/s, 230 msg/s, 15.0 leaves/msg, 608s)
2026-08-08 01:04:17   [GPU] 2,150,031 evals (56171 batches, avg 38/batch = 7% of 512, 3450 evals/s, 230 msg/s, 15.0 leaves/msg, 623s)
2026-08-08 01:04:32   [GPU] 2,200,036 evals (57521 batches, avg 38/batch = 7% of 512, 3449 evals/s, 230 msg/s, 15.0 leaves/msg, 638s)
2026-08-08 01:04:47   [GPU] 2,250,005 evals (58867 batches, avg 38/batch = 7% of 512, 3446 evals/s, 230 msg/s, 15.0 leaves/msg, 653s)
2026-08-08 01:05:02   [GPU] 2,300,028 evals (60212 batches, avg 38/batch = 7% of 512, 3444 evals/s, 230 msg/s, 15.0 leaves/msg, 668s)
2026-08-08 01:05:17   [GPU] 2,350,017 evals (61577 batches, avg 38/batch = 7% of 512, 3441 evals/s, 229 msg/s, 15.0 leaves/msg, 683s)
2026-08-08 01:05:32   [GPU] 2,400,029 evals (62971 batches, avg 38/batch = 7% of 512, 3440 evals/s, 229 msg/s, 15.0 leaves/msg, 698s)
2026-08-08 01:05:36 [iter 12/60] eval vs best: 25/40 games (702s, cand 25%)
2026-08-08 01:05:47   [GPU] 2,450,005 evals (64343 batches, avg 38/batch = 7% of 512, 3435 evals/s, 229 msg/s, 15.0 leaves/msg, 713s)
2026-08-08 01:06:02   [GPU] 2,500,030 evals (65737 batches, avg 38/batch = 7% of 512, 3432 evals/s, 229 msg/s, 15.0 leaves/msg, 728s)
2026-08-08 01:06:17   [GPU] 2,550,007 evals (67080 batches, avg 38/batch = 7% of 512, 3431 evals/s, 228 msg/s, 15.0 leaves/msg, 743s)
2026-08-08 01:06:32   [GPU] 2,600,004 evals (68451 batches, avg 38/batch = 7% of 512, 3429 evals/s, 228 msg/s, 15.0 leaves/msg, 758s)
2026-08-08 01:06:47   [GPU] 2,650,009 evals (69814 batches, avg 38/batch = 7% of 512, 3428 evals/s, 228 msg/s, 15.0 leaves/msg, 773s)
2026-08-08 01:07:03   [GPU] 2,700,031 evals (71262 batches, avg 38/batch = 7% of 512, 3422 evals/s, 228 msg/s, 15.0 leaves/msg, 789s)
2026-08-08 01:07:20   [GPU] 2,750,019 evals (72779 batches, avg 38/batch = 7% of 512, 3412 evals/s, 228 msg/s, 15.0 leaves/msg, 806s)
2026-08-08 01:07:36   [GPU] 2,800,036 evals (74315 batches, avg 38/batch = 7% of 512, 3405 evals/s, 228 msg/s, 14.9 leaves/msg, 822s)
2026-08-08 01:07:53   [GPU] 2,850,013 evals (75858 batches, avg 38/batch = 7% of 512, 3398 evals/s, 228 msg/s, 14.9 leaves/msg, 839s)
2026-08-08 01:08:01 [iter 12/60] eval vs best: 30/40 games (847s, cand 25%)
2026-08-08 01:08:12   [GPU] 2,900,029 evals (77522 batches, avg 37/batch = 7% of 512, 3379 evals/s, 227 msg/s, 14.9 leaves/msg, 858s)
2026-08-08 01:08:32   [GPU] 2,950,008 evals (79021 batches, avg 37/batch = 7% of 512, 3362 evals/s, 226 msg/s, 14.9 leaves/msg, 878s)
2026-08-08 01:08:50   [GPU] 3,000,030 evals (80600 batches, avg 37/batch = 7% of 512, 3347 evals/s, 225 msg/s, 14.9 leaves/msg, 896s)
2026-08-08 01:09:10   [GPU] 3,050,004 evals (82297 batches, avg 37/batch = 7% of 512, 3328 evals/s, 223 msg/s, 14.9 leaves/msg, 916s)
2026-08-08 01:09:35   [GPU] 3,100,014 evals (84401 batches, avg 37/batch = 7% of 512, 3295 evals/s, 221 msg/s, 14.9 leaves/msg, 941s)
2026-08-08 01:10:00   [GPU] 3,150,012 evals (86526 batches, avg 36/batch = 7% of 512, 3262 evals/s, 220 msg/s, 14.8 leaves/msg, 966s)
2026-08-08 01:10:02 [iter 12/60] eval vs best: 35/40 games (968s, cand 25%)
2026-08-08 01:10:27   [GPU] 3,200,035 evals (88707 batches, avg 36/batch = 7% of 512, 3224 evals/s, 218 msg/s, 14.8 leaves/msg, 993s)
2026-08-08 01:10:56   [GPU] 3,250,007 evals (90764 batches, avg 36/batch = 7% of 512, 3180 evals/s, 215 msg/s, 14.8 leaves/msg, 1022s)
2026-08-08 01:11:27   [GPU] 3,300,021 evals (92861 batches, avg 36/batch = 7% of 512, 3134 evals/s, 212 msg/s, 14.8 leaves/msg, 1053s)
2026-08-08 01:11:58   [GPU] 3,350,001 evals (95014 batches, avg 35/batch = 7% of 512, 3091 evals/s, 209 msg/s, 14.8 leaves/msg, 1084s)
2026-08-08 01:12:35   [GPU] 3,400,013 evals (97363 batches, avg 35/batch = 7% of 512, 3033 evals/s, 205 msg/s, 14.8 leaves/msg, 1121s)
2026-08-08 01:13:43   [GPU] 3,450,012 evals (100181 batches, avg 34/batch = 7% of 512, 2901 evals/s, 196 msg/s, 14.8 leaves/msg, 1189s)
2026-08-08 01:13:55 [iter 12/60] eval vs best: 40/40 games (1201s, cand 25%)
2026-08-08 01:13:56 [iter 12/60] eval vs best done: 25.0% of 4 decided reject (only 4/40 games decided — too few to gate on) (1202s)
2026-08-08 01:13:56 [iter 12/60] eval vs random (40 games, 600 sims)...
2026-08-08 01:13:56 [EVAL-MP] 8 workers spawned (40 vs_random games, sims=600), GPU batcher starting...
2026-08-08 01:14:12   [GPU] 50,046 evals (1331 batches, avg 38/batch = 7% of 512, 3040 evals/s, 206 msg/s, 14.7 leaves/msg, 16s)
2026-08-08 01:14:23 [iter 12/60] eval vs random: 5/40 games (28s, cand 100%)
2026-08-08 01:14:24   [GPU] 100,013 evals (2557 batches, avg 39/batch = 8% of 512, 3529 evals/s, 244 msg/s, 14.4 leaves/msg, 28s)
2026-08-08 01:14:34 [iter 12/60] eval vs random: 10/40 games (38s, cand 100%)
2026-08-08 01:14:36   [GPU] 150,028 evals (3800 batches, avg 39/batch = 8% of 512, 3716 evals/s, 257 msg/s, 14.4 leaves/msg, 40s)
2026-08-08 01:14:48   [GPU] 200,000 evals (5026 batches, avg 40/batch = 8% of 512, 3839 evals/s, 266 msg/s, 14.4 leaves/msg, 52s)
2026-08-08 01:14:50 [iter 12/60] eval vs random: 15/40 games (55s, cand 100%)
2026-08-08 01:15:00   [GPU] 250,052 evals (6242 batches, avg 40/batch = 8% of 512, 3909 evals/s, 271 msg/s, 14.4 leaves/msg, 64s)
2026-08-08 01:15:10 [iter 12/60] eval vs random: 20/40 games (74s, cand 100%)
2026-08-08 01:15:12   [GPU] 300,020 evals (7534 batches, avg 40/batch = 8% of 512, 3912 evals/s, 271 msg/s, 14.4 leaves/msg, 77s)
2026-08-08 01:15:31   [GPU] 350,015 evals (9222 batches, avg 38/batch = 7% of 512, 3658 evals/s, 252 msg/s, 14.5 leaves/msg, 96s)
2026-08-08 01:15:43 [iter 12/60] eval vs random: 25/40 games (108s, cand 100%)
2026-08-08 01:15:49   [GPU] 400,024 evals (10857 batches, avg 37/batch = 7% of 512, 3529 evals/s, 242 msg/s, 14.6 leaves/msg, 113s)
2026-08-08 01:16:07   [GPU] 450,010 evals (12543 batches, avg 36/batch = 7% of 512, 3421 evals/s, 236 msg/s, 14.5 leaves/msg, 132s)
2026-08-08 01:16:22 [iter 12/60] eval vs random: 30/40 games (146s, cand 100%)
2026-08-08 01:16:30   [GPU] 500,027 evals (14481 batches, avg 35/batch = 7% of 512, 3241 evals/s, 224 msg/s, 14.4 leaves/msg, 154s)
2026-08-08 01:16:53   [GPU] 550,006 evals (16283 batches, avg 34/batch = 7% of 512, 3099 evals/s, 214 msg/s, 14.5 leaves/msg, 177s)
2026-08-08 01:17:15   [GPU] 600,001 evals (18110 batches, avg 33/batch = 6% of 512, 3015 evals/s, 207 msg/s, 14.6 leaves/msg, 199s)
2026-08-08 01:17:37   [GPU] 650,011 evals (19961 batches, avg 33/batch = 6% of 512, 2942 evals/s, 201 msg/s, 14.6 leaves/msg, 221s)
2026-08-08 01:17:39 [iter 12/60] eval vs random: 35/40 games (223s, cand 100%)
2026-08-08 01:18:04   [GPU] 700,007 evals (22043 batches, avg 32/batch = 6% of 512, 2821 evals/s, 193 msg/s, 14.6 leaves/msg, 248s)
2026-08-08 01:18:58 [iter 12/60] eval vs random: 40/40 games (302s, cand 100%)
2026-08-08 01:18:58 [iter 12/60] eval vs random done: 100.0% (303s)
2026-08-08 01:18:58 [iter 12/60] eval vs greedy (80 games, 600 sims)...
2026-08-08 01:18:58 [EVAL-MP] 8 workers spawned (80 vs_greedy games, sims=600), GPU batcher starting...
2026-08-08 01:19:13   [GPU] 50,032 evals (1254 batches, avg 40/batch = 8% of 512, 3399 evals/s, 224 msg/s, 15.1 leaves/msg, 15s)
2026-08-08 01:19:22 [iter 12/60] eval vs greedy: 5/80 games (24s, cand 100%)
2026-08-08 01:19:26   [GPU] 100,008 evals (2555 batches, avg 39/batch = 8% of 512, 3615 evals/s, 249 msg/s, 14.5 leaves/msg, 28s)
2026-08-08 01:19:37 [iter 12/60] eval vs greedy: 10/80 games (39s, cand 90%)
2026-08-08 01:19:38   [GPU] 150,016 evals (3787 batches, avg 40/batch = 8% of 512, 3777 evals/s, 262 msg/s, 14.4 leaves/msg, 40s)
2026-08-08 01:19:46 [iter 12/60] eval vs greedy: 15/80 games (48s, cand 80%)
2026-08-08 01:19:51   [GPU] 200,029 evals (5089 batches, avg 39/batch = 8% of 512, 3792 evals/s, 264 msg/s, 14.3 leaves/msg, 53s)
2026-08-08 01:19:58 [iter 12/60] eval vs greedy: 20/80 games (60s, cand 75%)
2026-08-08 01:20:04   [GPU] 250,014 evals (6372 batches, avg 39/batch = 8% of 512, 3815 evals/s, 267 msg/s, 14.3 leaves/msg, 66s)
2026-08-08 01:20:13 [iter 12/60] eval vs greedy: 25/80 games (75s, cand 80%)
2026-08-08 01:20:16   [GPU] 300,038 evals (7579 batches, avg 40/batch = 8% of 512, 3868 evals/s, 271 msg/s, 14.3 leaves/msg, 78s)
2026-08-08 01:20:23 [iter 12/60] eval vs greedy: 30/80 games (84s, cand 83%)
2026-08-08 01:20:28   [GPU] 350,028 evals (8813 batches, avg 40/batch = 8% of 512, 3886 evals/s, 272 msg/s, 14.3 leaves/msg, 90s)
2026-08-08 01:20:36 [iter 12/60] eval vs greedy: 35/80 games (97s, cand 80%)
2026-08-08 01:20:41   [GPU] 400,005 evals (10078 batches, avg 40/batch = 8% of 512, 3912 evals/s, 273 msg/s, 14.3 leaves/msg, 102s)
2026-08-08 01:20:48 [iter 12/60] eval vs greedy: 40/80 games (110s, cand 80%)
2026-08-08 01:20:53   [GPU] 450,015 evals (11324 batches, avg 40/batch = 8% of 512, 3925 evals/s, 275 msg/s, 14.3 leaves/msg, 115s)
2026-08-08 01:20:58 [iter 12/60] eval vs greedy: 45/80 games (119s, cand 80%)
2026-08-08 01:21:06   [GPU] 500,039 evals (12594 batches, avg 40/batch = 8% of 512, 3925 evals/s, 274 msg/s, 14.3 leaves/msg, 127s)
2026-08-08 01:21:15 [iter 12/60] eval vs greedy: 50/80 games (137s, cand 80%)
2026-08-08 01:21:17   [GPU] 550,027 evals (13795 batches, avg 40/batch = 8% of 512, 3961 evals/s, 277 msg/s, 14.3 leaves/msg, 139s)
2026-08-08 01:21:29 [iter 12/60] eval vs greedy: 55/80 games (150s, cand 80%)
2026-08-08 01:21:30   [GPU] 600,002 evals (15056 batches, avg 40/batch = 8% of 512, 3967 evals/s, 276 msg/s, 14.4 leaves/msg, 151s)
2026-08-08 01:21:38 [iter 12/60] eval vs greedy: 60/80 games (160s, cand 80%)
2026-08-08 01:21:42   [GPU] 650,019 evals (16316 batches, avg 40/batch = 8% of 512, 3975 evals/s, 277 msg/s, 14.4 leaves/msg, 164s)
2026-08-08 01:21:54 [iter 12/60] eval vs greedy: 65/80 games (176s, cand 82%)
2026-08-08 01:21:54   [GPU] 700,010 evals (17590 batches, avg 40/batch = 8% of 512, 3978 evals/s, 277 msg/s, 14.4 leaves/msg, 176s)
2026-08-08 01:22:06   [GPU] 750,036 evals (18834 batches, avg 40/batch = 8% of 512, 3987 evals/s, 277 msg/s, 14.4 leaves/msg, 188s)
2026-08-08 01:22:09 [iter 12/60] eval vs greedy: 70/80 games (190s, cand 83%)
2026-08-08 01:22:22   [GPU] 800,005 evals (20312 batches, avg 39/batch = 8% of 512, 3924 evals/s, 273 msg/s, 14.4 leaves/msg, 204s)
2026-08-08 01:22:24 [iter 12/60] eval vs greedy: 75/80 games (206s, cand 84%)
2026-08-08 01:22:47 [iter 12/60] eval vs greedy: 80/80 games (229s, cand 81%)
2026-08-08 01:22:47 [iter 12/60] eval vs greedy done: 81.2% of 80 decided [seat0:28/40 seat1:37/40] (229s)
2026-08-08 01:22:47 [iter 12/60] eval vs minimax (depth 2, 80 games)...
2026-08-08 01:22:47 [EVAL-MP] 8 workers spawned (80 vs_minimax games, sims=600), GPU batcher starting...
2026-08-08 01:23:04   [GPU] 50,008 evals (1340 batches, avg 37/batch = 7% of 512, 3062 evals/s, 199 msg/s, 15.4 leaves/msg, 16s)
2026-08-08 01:23:18   [GPU] 100,013 evals (2693 batches, avg 37/batch = 7% of 512, 3318 evals/s, 233 msg/s, 14.2 leaves/msg, 30s)
2026-08-08 01:23:27 [iter 12/60] eval vs minimax: 5/80 games (0%)
2026-08-08 01:23:30   [GPU] 150,063 evals (3989 batches, avg 38/batch = 7% of 512, 3539 evals/s, 263 msg/s, 13.5 leaves/msg, 42s)
2026-08-08 01:23:43   [GPU] 200,043 evals (5311 batches, avg 38/batch = 7% of 512, 3600 evals/s, 262 msg/s, 13.7 leaves/msg, 56s)
2026-08-08 01:23:53 [iter 12/60] eval vs minimax: 10/80 games (0%)
2026-08-08 01:23:57   [GPU] 250,011 evals (6715 batches, avg 37/batch = 7% of 512, 3594 evals/s, 264 msg/s, 13.6 leaves/msg, 70s)
2026-08-08 01:24:11   [GPU] 300,046 evals (8106 batches, avg 37/batch = 7% of 512, 3601 evals/s, 266 msg/s, 13.5 leaves/msg, 83s)
2026-08-08 01:24:18 [iter 12/60] eval vs minimax: 15/80 games (0%)
2026-08-08 01:24:25   [GPU] 350,012 evals (9563 batches, avg 37/batch = 7% of 512, 3574 evals/s, 263 msg/s, 13.6 leaves/msg, 98s)
2026-08-08 01:24:39   [GPU] 400,067 evals (10932 batches, avg 37/batch = 7% of 512, 3585 evals/s, 264 msg/s, 13.6 leaves/msg, 112s)
2026-08-08 01:24:46 [iter 12/60] eval vs minimax: 20/80 games (0%)
2026-08-08 01:24:51   [GPU] 450,002 evals (12188 batches, avg 37/batch = 7% of 512, 3641 evals/s, 269 msg/s, 13.5 leaves/msg, 124s)
2026-08-08 01:25:04   [GPU] 500,048 evals (13518 batches, avg 37/batch = 7% of 512, 3651 evals/s, 270 msg/s, 13.5 leaves/msg, 137s)
2026-08-08 01:25:05 [iter 12/60] eval vs minimax: 25/80 games (0%)
2026-08-08 01:25:18   [GPU] 550,001 evals (14894 batches, avg 37/batch = 7% of 512, 3650 evals/s, 269 msg/s, 13.5 leaves/msg, 151s)
2026-08-08 01:25:31 [iter 12/60] eval vs minimax: 30/80 games (0%)
2026-08-08 01:25:32   [GPU] 600,000 evals (16225 batches, avg 37/batch = 7% of 512, 3656 evals/s, 269 msg/s, 13.6 leaves/msg, 164s)
2026-08-08 01:25:44   [GPU] 650,012 evals (17549 batches, avg 37/batch = 7% of 512, 3671 evals/s, 270 msg/s, 13.6 leaves/msg, 177s)
2026-08-08 01:25:57   [GPU] 700,019 evals (18848 batches, avg 37/batch = 7% of 512, 3695 evals/s, 272 msg/s, 13.6 leaves/msg, 189s)
2026-08-08 01:25:59 [iter 12/60] eval vs minimax: 35/80 games (3%)
2026-08-08 01:26:10   [GPU] 750,047 evals (20211 batches, avg 37/batch = 7% of 512, 3699 evals/s, 273 msg/s, 13.5 leaves/msg, 203s)
2026-08-08 01:26:22   [GPU] 800,021 evals (21445 batches, avg 37/batch = 7% of 512, 3731 evals/s, 276 msg/s, 13.5 leaves/msg, 214s)
2026-08-08 01:26:26 [iter 12/60] eval vs minimax: 40/80 games (3%)
2026-08-08 01:26:35   [GPU] 850,023 evals (22820 batches, avg 37/batch = 7% of 512, 3729 evals/s, 276 msg/s, 13.5 leaves/msg, 228s)
2026-08-08 01:26:43 [iter 12/60] eval vs minimax: 45/80 games (2%)
2026-08-08 01:26:48   [GPU] 900,016 evals (24114 batches, avg 37/batch = 7% of 512, 3739 evals/s, 276 msg/s, 13.6 leaves/msg, 241s)
2026-08-08 01:26:58 [iter 12/60] eval vs minimax: 50/80 games (2%)
2026-08-08 01:27:00   [GPU] 950,004 evals (25384 batches, avg 37/batch = 7% of 512, 3756 evals/s, 278 msg/s, 13.5 leaves/msg, 253s)
2026-08-08 01:27:13   [GPU] 1,000,023 evals (26650 batches, avg 38/batch = 7% of 512, 3762 evals/s, 277 msg/s, 13.6 leaves/msg, 266s)
2026-08-08 01:27:24 [iter 12/60] eval vs minimax: 55/80 games (2%)
2026-08-08 01:27:27   [GPU] 1,050,027 evals (27998 batches, avg 38/batch = 7% of 512, 3762 evals/s, 277 msg/s, 13.6 leaves/msg, 279s)
2026-08-08 01:27:42   [GPU] 1,100,000 evals (29483 batches, avg 37/batch = 7% of 512, 3740 evals/s, 276 msg/s, 13.6 leaves/msg, 294s)
2026-08-08 01:27:51 [iter 12/60] eval vs minimax: 60/80 games (2%)
2026-08-08 01:27:57   [GPU] 1,150,015 evals (31005 batches, avg 37/batch = 7% of 512, 3713 evals/s, 274 msg/s, 13.6 leaves/msg, 310s)
2026-08-08 01:28:11   [GPU] 1,200,013 evals (32338 batches, avg 37/batch = 7% of 512, 3711 evals/s, 273 msg/s, 13.6 leaves/msg, 323s)
2026-08-08 01:28:19 [iter 12/60] eval vs minimax: 65/80 games (2%)
2026-08-08 01:28:27   [GPU] 1,250,021 evals (33855 batches, avg 37/batch = 7% of 512, 3678 evals/s, 270 msg/s, 13.6 leaves/msg, 340s)
2026-08-08 01:28:45   [GPU] 1,300,029 evals (35520 batches, avg 37/batch = 7% of 512, 3635 evals/s, 267 msg/s, 13.6 leaves/msg, 358s)
2026-08-08 01:28:59 [iter 12/60] eval vs minimax: 70/80 games (2%)
2026-08-08 01:29:05   [GPU] 1,350,021 evals (37281 batches, avg 36/batch = 7% of 512, 3578 evals/s, 263 msg/s, 13.6 leaves/msg, 377s)
2026-08-08 01:29:35   [GPU] 1,400,005 evals (39629 batches, avg 35/batch = 7% of 512, 3431 evals/s, 253 msg/s, 13.6 leaves/msg, 408s)
2026-08-08 01:30:07   [GPU] 1,450,046 evals (41947 batches, avg 35/batch = 7% of 512, 3297 evals/s, 242 msg/s, 13.6 leaves/msg, 440s)
2026-08-08 01:30:10 [iter 12/60] eval vs minimax: 75/80 games (1%)
2026-08-08 01:30:54   [GPU] 1,500,000 evals (44669 batches, avg 34/batch = 7% of 512, 3086 evals/s, 226 msg/s, 13.6 leaves/msg, 486s)
2026-08-08 01:32:29   [GPU] 1,550,010 evals (48046 batches, avg 32/batch = 6% of 512, 2666 evals/s, 195 msg/s, 13.7 leaves/msg, 581s)
2026-08-08 01:32:57 [iter 12/60] eval vs minimax: 80/80 games (1%)
2026-08-08 01:32:58 [iter 12/60] eval vs minimax done: 1.4% of 69 decided [seat0:1/40 seat1:0/40] (610s)
2026-08-08 01:32:58 >>> iter 12 | loss_p=1.280 loss_v=0.146 | vs_best=25.0% reject | vs_rand=100.0% | draw=26% | buf=77636 | rss=2.80GB | sp=1308s train=5s eval_best=1202s eval_rand=303s | total=3659s
2026-08-08 01:32:58 [iter 13/60] self-play starting (160 games, 600 sims, MIXED 80/160 race-only)...
2026-08-08 01:32:58 [PARALLEL-MP] 8 workers spawned (160 games, sims=600), GPU batcher starting...
2026-08-08 01:33:08   [GPU] 50,003 evals (884 batches, avg 57/batch = 11% of 512, 4758 evals/s, 336 msg/s, 14.1 leaves/msg, 11s)
2026-08-08 01:33:18 [iter 13/60] self-play: 5/160 games...
2026-08-08 01:33:18   [GPU] 100,024 evals (1943 batches, avg 51/batch = 10% of 512, 4813 evals/s, 361 msg/s, 13.3 leaves/msg, 21s)
2026-08-08 01:33:30   [GPU] 150,030 evals (3170 batches, avg 47/batch = 9% of 512, 4571 evals/s, 339 msg/s, 13.5 leaves/msg, 33s)
2026-08-08 01:33:38 [iter 13/60] self-play: 10/160 games...
2026-08-08 01:33:42   [GPU] 200,018 evals (4392 batches, avg 46/batch = 9% of 512, 4477 evals/s, 329 msg/s, 13.6 leaves/msg, 45s)
2026-08-08 01:33:54   [GPU] 250,012 evals (5626 batches, avg 44/batch = 9% of 512, 4402 evals/s, 317 msg/s, 13.9 leaves/msg, 57s)
2026-08-08 01:34:05   [GPU] 300,006 evals (6739 batches, avg 45/batch = 9% of 512, 4457 evals/s, 319 msg/s, 14.0 leaves/msg, 67s)
2026-08-08 01:34:13   [GPU] 350,004 evals (7662 batches, avg 46/batch = 9% of 512, 4616 evals/s, 331 msg/s, 13.9 leaves/msg, 76s)
2026-08-08 01:34:23   [GPU] 400,038 evals (8749 batches, avg 46/batch = 9% of 512, 4673 evals/s, 336 msg/s, 13.9 leaves/msg, 86s)
2026-08-08 01:34:35   [GPU] 450,035 evals (9953 batches, avg 45/batch = 9% of 512, 4642 evals/s, 336 msg/s, 13.8 leaves/msg, 97s)
2026-08-08 01:34:46   [GPU] 500,001 evals (11169 batches, avg 45/batch = 9% of 512, 4631 evals/s, 338 msg/s, 13.7 leaves/msg, 108s)
2026-08-08 01:34:57   [GPU] 550,018 evals (12384 batches, avg 44/batch = 9% of 512, 4614 evals/s, 338 msg/s, 13.6 leaves/msg, 119s)
2026-08-08 01:35:08   [GPU] 600,063 evals (13599 batches, avg 44/batch = 9% of 512, 4602 evals/s, 339 msg/s, 13.6 leaves/msg, 130s)
2026-08-08 01:35:16 [iter 13/60] self-play: 15/160 games...
2026-08-08 01:35:19   [GPU] 650,032 evals (14755 batches, avg 44/batch = 9% of 512, 4607 evals/s, 342 msg/s, 13.5 leaves/msg, 141s)
2026-08-08 01:35:29   [GPU] 700,055 evals (15854 batches, avg 44/batch = 9% of 512, 4620 evals/s, 345 msg/s, 13.4 leaves/msg, 152s)
2026-08-08 01:35:31 [iter 13/60] self-play: 20/160 games...
2026-08-08 01:35:39   [GPU] 750,033 evals (16946 batches, avg 44/batch = 9% of 512, 4636 evals/s, 348 msg/s, 13.3 leaves/msg, 162s)
2026-08-08 01:35:51   [GPU] 800,016 evals (18210 batches, avg 44/batch = 9% of 512, 4607 evals/s, 346 msg/s, 13.3 leaves/msg, 174s)
2026-08-08 01:36:03   [GPU] 850,019 evals (19444 batches, avg 44/batch = 9% of 512, 4589 evals/s, 345 msg/s, 13.3 leaves/msg, 185s)
2026-08-08 01:36:03 [iter 13/60] self-play: 25/160 games...
2026-08-08 01:36:13   [GPU] 900,013 evals (20581 batches, avg 44/batch = 9% of 512, 4595 evals/s, 346 msg/s, 13.3 leaves/msg, 196s)
2026-08-08 01:36:25   [GPU] 950,046 evals (21783 batches, avg 44/batch = 9% of 512, 4586 evals/s, 347 msg/s, 13.2 leaves/msg, 207s)
2026-08-08 01:36:36   [GPU] 1,000,020 evals (23007 batches, avg 43/batch = 8% of 512, 4580 evals/s, 349 msg/s, 13.1 leaves/msg, 218s)
2026-08-08 01:36:36 [iter 13/60] self-play: 30/160 games...
2026-08-08 01:36:47   [GPU] 1,050,032 evals (24214 batches, avg 43/batch = 8% of 512, 4574 evals/s, 350 msg/s, 13.1 leaves/msg, 230s)
2026-08-08 01:36:58   [GPU] 1,100,031 evals (25448 batches, avg 43/batch = 8% of 512, 4569 evals/s, 350 msg/s, 13.0 leaves/msg, 241s)
2026-08-08 01:37:01 [iter 13/60] self-play: 35/160 games...
2026-08-08 01:37:11   [GPU] 1,150,023 evals (26746 batches, avg 43/batch = 8% of 512, 4546 evals/s, 350 msg/s, 13.0 leaves/msg, 253s)
2026-08-08 01:37:23   [GPU] 1,200,047 evals (28100 batches, avg 43/batch = 8% of 512, 4523 evals/s, 349 msg/s, 13.0 leaves/msg, 265s)
2026-08-08 01:37:33   [GPU] 1,250,015 evals (29213 batches, avg 43/batch = 8% of 512, 4539 evals/s, 351 msg/s, 12.9 leaves/msg, 275s)
2026-08-08 01:37:33 [iter 13/60] self-play: 40/160 games...
2026-08-08 01:37:43   [GPU] 1,300,037 evals (30317 batches, avg 43/batch = 8% of 512, 4559 evals/s, 353 msg/s, 12.9 leaves/msg, 285s)
2026-08-08 01:37:53   [GPU] 1,350,005 evals (31427 batches, avg 43/batch = 8% of 512, 4570 evals/s, 355 msg/s, 12.9 leaves/msg, 295s)
2026-08-08 01:38:02   [GPU] 1,400,034 evals (32481 batches, avg 43/batch = 8% of 512, 4593 evals/s, 357 msg/s, 12.9 leaves/msg, 305s)
2026-08-08 01:38:07 [iter 13/60] self-play: 45/160 games...
2026-08-08 01:38:12   [GPU] 1,450,013 evals (33549 batches, avg 43/batch = 8% of 512, 4610 evals/s, 358 msg/s, 12.9 leaves/msg, 315s)
2026-08-08 01:38:22   [GPU] 1,500,026 evals (34702 batches, avg 43/batch = 8% of 512, 4618 evals/s, 359 msg/s, 12.9 leaves/msg, 325s)
2026-08-08 01:38:32   [GPU] 1,550,005 evals (35734 batches, avg 43/batch = 8% of 512, 4634 evals/s, 360 msg/s, 12.9 leaves/msg, 334s)
2026-08-08 01:38:43   [GPU] 1,600,032 evals (36939 batches, avg 43/batch = 8% of 512, 4627 evals/s, 359 msg/s, 12.9 leaves/msg, 346s)
2026-08-08 01:38:56   [GPU] 1,650,012 evals (38224 batches, avg 43/batch = 8% of 512, 4607 evals/s, 357 msg/s, 12.9 leaves/msg, 358s)
2026-08-08 01:39:07   [GPU] 1,700,007 evals (39364 batches, avg 43/batch = 8% of 512, 4607 evals/s, 356 msg/s, 12.9 leaves/msg, 369s)
2026-08-08 01:39:07 [iter 13/60] self-play: 50/160 games...
2026-08-08 01:39:19   [GPU] 1,750,006 evals (40683 batches, avg 43/batch = 8% of 512, 4585 evals/s, 355 msg/s, 12.9 leaves/msg, 382s)
2026-08-08 01:39:32   [GPU] 1,800,010 evals (41979 batches, avg 43/batch = 8% of 512, 4566 evals/s, 353 msg/s, 13.0 leaves/msg, 394s)
2026-08-08 01:39:43   [GPU] 1,850,031 evals (43124 batches, avg 43/batch = 8% of 512, 4566 evals/s, 353 msg/s, 13.0 leaves/msg, 405s)
2026-08-08 01:39:48 [iter 13/60] self-play: 55/160 games...
2026-08-08 01:39:53   [GPU] 1,900,020 evals (44207 batches, avg 43/batch = 8% of 512, 4575 evals/s, 353 msg/s, 12.9 leaves/msg, 415s)
2026-08-08 01:40:02   [GPU] 1,950,020 evals (45173 batches, avg 43/batch = 8% of 512, 4594 evals/s, 355 msg/s, 13.0 leaves/msg, 424s)
2026-08-08 01:40:13   [GPU] 2,000,034 evals (46363 batches, avg 43/batch = 8% of 512, 4591 evals/s, 354 msg/s, 13.0 leaves/msg, 436s)
2026-08-08 01:40:24   [GPU] 2,050,002 evals (47543 batches, avg 43/batch = 8% of 512, 4592 evals/s, 354 msg/s, 13.0 leaves/msg, 446s)
2026-08-08 01:40:35   [GPU] 2,100,032 evals (48706 batches, avg 43/batch = 8% of 512, 4594 evals/s, 354 msg/s, 13.0 leaves/msg, 457s)
2026-08-08 01:40:46   [GPU] 2,150,050 evals (49898 batches, avg 43/batch = 8% of 512, 4593 evals/s, 354 msg/s, 13.0 leaves/msg, 468s)
2026-08-08 01:40:57   [GPU] 2,200,009 evals (51119 batches, avg 43/batch = 8% of 512, 4587 evals/s, 353 msg/s, 13.0 leaves/msg, 480s)
2026-08-08 01:40:59 [iter 13/60] self-play: 60/160 games...
2026-08-08 01:41:09   [GPU] 2,250,056 evals (52325 batches, avg 43/batch = 8% of 512, 4580 evals/s, 353 msg/s, 13.0 leaves/msg, 491s)
2026-08-08 01:41:11 [iter 13/60] self-play: 65/160 games...
2026-08-08 01:41:21   [GPU] 2,300,005 evals (53539 batches, avg 43/batch = 8% of 512, 4571 evals/s, 352 msg/s, 13.0 leaves/msg, 503s)
2026-08-08 01:41:33 [iter 13/60] self-play: 70/160 games...
2026-08-08 01:41:33   [GPU] 2,350,001 evals (54822 batches, avg 43/batch = 8% of 512, 4556 evals/s, 351 msg/s, 13.0 leaves/msg, 516s)
2026-08-08 01:41:47   [GPU] 2,400,009 evals (56153 batches, avg 43/batch = 8% of 512, 4537 evals/s, 348 msg/s, 13.0 leaves/msg, 529s)
2026-08-08 01:41:58   [GPU] 2,450,003 evals (57326 batches, avg 43/batch = 8% of 512, 4535 evals/s, 348 msg/s, 13.0 leaves/msg, 540s)
2026-08-08 01:42:09   [GPU] 2,500,022 evals (58443 batches, avg 43/batch = 8% of 512, 4536 evals/s, 348 msg/s, 13.0 leaves/msg, 551s)
2026-08-08 01:42:13 [iter 13/60] self-play: 75/160 games...
2026-08-08 01:42:19   [GPU] 2,550,001 evals (59537 batches, avg 43/batch = 8% of 512, 4540 evals/s, 348 msg/s, 13.0 leaves/msg, 562s)
2026-08-08 01:42:30   [GPU] 2,600,030 evals (60688 batches, avg 43/batch = 8% of 512, 4541 evals/s, 348 msg/s, 13.1 leaves/msg, 573s)
2026-08-08 01:42:41   [GPU] 2,650,030 evals (61821 batches, avg 43/batch = 8% of 512, 4542 evals/s, 347 msg/s, 13.1 leaves/msg, 583s)
2026-08-08 01:42:51   [GPU] 2,700,015 evals (62866 batches, avg 43/batch = 8% of 512, 4552 evals/s, 348 msg/s, 13.1 leaves/msg, 593s)
2026-08-08 01:42:55 [iter 13/60] self-play: 80/160 games...
2026-08-08 01:43:02   [GPU] 2,750,023 evals (64071 batches, avg 43/batch = 8% of 512, 4548 evals/s, 348 msg/s, 13.1 leaves/msg, 605s)
2026-08-08 01:43:15   [GPU] 2,800,047 evals (65402 batches, avg 43/batch = 8% of 512, 4536 evals/s, 347 msg/s, 13.1 leaves/msg, 617s)
2026-08-08 01:43:25   [GPU] 2,850,028 evals (66483 batches, avg 43/batch = 8% of 512, 4542 evals/s, 347 msg/s, 13.1 leaves/msg, 627s)
2026-08-08 01:43:30 [iter 13/60] self-play: 85/160 games...
2026-08-08 01:43:37   [GPU] 2,900,014 evals (67709 batches, avg 43/batch = 8% of 512, 4538 evals/s, 347 msg/s, 13.1 leaves/msg, 639s)
2026-08-08 01:43:50   [GPU] 2,950,025 evals (69057 batches, avg 43/batch = 8% of 512, 4523 evals/s, 346 msg/s, 13.1 leaves/msg, 652s)
2026-08-08 01:43:51 [iter 13/60] self-play: 90/160 games...
2026-08-08 01:44:01   [GPU] 3,000,005 evals (70192 batches, avg 43/batch = 8% of 512, 4523 evals/s, 345 msg/s, 13.1 leaves/msg, 663s)
2026-08-08 01:44:14   [GPU] 3,050,030 evals (71526 batches, avg 43/batch = 8% of 512, 4508 evals/s, 344 msg/s, 13.1 leaves/msg, 677s)
2026-08-08 01:44:24   [GPU] 3,100,013 evals (72612 batches, avg 43/batch = 8% of 512, 4515 evals/s, 344 msg/s, 13.1 leaves/msg, 687s)
2026-08-08 01:44:33   [GPU] 3,150,005 evals (73605 batches, avg 43/batch = 8% of 512, 4529 evals/s, 345 msg/s, 13.1 leaves/msg, 695s)
2026-08-08 01:44:37 [iter 13/60] self-play: 95/160 games...
2026-08-08 01:44:42   [GPU] 3,200,054 evals (74640 batches, avg 43/batch = 8% of 512, 4542 evals/s, 346 msg/s, 13.1 leaves/msg, 705s)
2026-08-08 01:44:52   [GPU] 3,250,012 evals (75655 batches, avg 43/batch = 8% of 512, 4551 evals/s, 347 msg/s, 13.1 leaves/msg, 714s)
2026-08-08 01:44:59 [iter 13/60] self-play: 100/160 games...
2026-08-08 01:45:01   [GPU] 3,300,008 evals (76594 batches, avg 43/batch = 8% of 512, 4564 evals/s, 348 msg/s, 13.1 leaves/msg, 723s)
2026-08-08 01:45:11   [GPU] 3,350,028 evals (77645 batches, avg 43/batch = 8% of 512, 4570 evals/s, 348 msg/s, 13.1 leaves/msg, 733s)
2026-08-08 01:45:20   [GPU] 3,400,068 evals (78639 batches, avg 43/batch = 8% of 512, 4583 evals/s, 349 msg/s, 13.1 leaves/msg, 742s)
2026-08-08 01:45:24 [iter 13/60] self-play: 105/160 games...
2026-08-08 01:45:29   [GPU] 3,450,026 evals (79648 batches, avg 43/batch = 8% of 512, 4592 evals/s, 349 msg/s, 13.1 leaves/msg, 751s)
2026-08-08 01:45:39   [GPU] 3,500,024 evals (80731 batches, avg 43/batch = 8% of 512, 4597 evals/s, 350 msg/s, 13.1 leaves/msg, 761s)
2026-08-08 01:45:40 [iter 13/60] self-play: 110/160 games...
2026-08-08 01:45:50   [GPU] 3,550,011 evals (81853 batches, avg 43/batch = 8% of 512, 4597 evals/s, 350 msg/s, 13.2 leaves/msg, 772s)
2026-08-08 01:45:56 [iter 13/60] self-play: 115/160 games...
2026-08-08 01:46:02   [GPU] 3,600,029 evals (83119 batches, avg 43/batch = 8% of 512, 4590 evals/s, 349 msg/s, 13.1 leaves/msg, 784s)
2026-08-08 01:46:15   [GPU] 3,650,014 evals (84446 batches, avg 43/batch = 8% of 512, 4577 evals/s, 348 msg/s, 13.2 leaves/msg, 797s)
2026-08-08 01:46:25   [GPU] 3,700,023 evals (85495 batches, avg 43/batch = 8% of 512, 4583 evals/s, 348 msg/s, 13.2 leaves/msg, 807s)
2026-08-08 01:46:33 [iter 13/60] self-play: 120/160 games...
2026-08-08 01:46:36   [GPU] 3,750,001 evals (86628 batches, avg 43/batch = 8% of 512, 4584 evals/s, 348 msg/s, 13.2 leaves/msg, 818s)
2026-08-08 01:46:46   [GPU] 3,800,035 evals (87723 batches, avg 43/batch = 8% of 512, 4586 evals/s, 348 msg/s, 13.2 leaves/msg, 829s)
2026-08-08 01:46:58   [GPU] 3,850,033 evals (88961 batches, avg 43/batch = 8% of 512, 4581 evals/s, 347 msg/s, 13.2 leaves/msg, 840s)
2026-08-08 01:47:08   [GPU] 3,900,014 evals (90019 batches, avg 43/batch = 8% of 512, 4587 evals/s, 348 msg/s, 13.2 leaves/msg, 850s)
2026-08-08 01:47:17   [GPU] 3,950,049 evals (90958 batches, avg 43/batch = 8% of 512, 4598 evals/s, 348 msg/s, 13.2 leaves/msg, 859s)
2026-08-08 01:47:19 [iter 13/60] self-play: 125/160 games...
2026-08-08 01:47:26   [GPU] 4,000,013 evals (92022 batches, avg 43/batch = 8% of 512, 4604 evals/s, 348 msg/s, 13.2 leaves/msg, 869s)
2026-08-08 01:47:36   [GPU] 4,050,030 evals (93055 batches, avg 44/batch = 9% of 512, 4612 evals/s, 349 msg/s, 13.2 leaves/msg, 878s)
2026-08-08 01:47:44   [GPU] 4,100,032 evals (94013 batches, avg 44/batch = 9% of 512, 4624 evals/s, 350 msg/s, 13.2 leaves/msg, 887s)
2026-08-08 01:47:54   [GPU] 4,150,029 evals (95051 batches, avg 44/batch = 9% of 512, 4627 evals/s, 350 msg/s, 13.2 leaves/msg, 897s)
2026-08-08 01:48:03 [iter 13/60] self-play: 130/160 games...
2026-08-08 01:48:05   [GPU] 4,200,026 evals (96107 batches, avg 44/batch = 9% of 512, 4630 evals/s, 350 msg/s, 13.2 leaves/msg, 907s)
2026-08-08 01:48:16   [GPU] 4,250,019 evals (97243 batches, avg 44/batch = 9% of 512, 4625 evals/s, 350 msg/s, 13.2 leaves/msg, 919s)
2026-08-08 01:48:23 [iter 13/60] self-play: 135/160 games...
2026-08-08 01:48:29   [GPU] 4,300,056 evals (98429 batches, avg 44/batch = 9% of 512, 4619 evals/s, 349 msg/s, 13.2 leaves/msg, 931s)
2026-08-08 01:48:39   [GPU] 4,350,008 evals (99590 batches, avg 44/batch = 9% of 512, 4619 evals/s, 349 msg/s, 13.2 leaves/msg, 942s)
2026-08-08 01:48:51   [GPU] 4,400,033 evals (100877 batches, avg 44/batch = 9% of 512, 4613 evals/s, 349 msg/s, 13.2 leaves/msg, 954s)
2026-08-08 01:48:59 [iter 13/60] self-play: 140/160 games...
2026-08-08 01:49:03   [GPU] 4,450,040 evals (102079 batches, avg 44/batch = 9% of 512, 4612 evals/s, 349 msg/s, 13.2 leaves/msg, 965s)
2026-08-08 01:49:10 [iter 13/60] self-play: 145/160 games...
2026-08-08 01:49:13   [GPU] 4,500,024 evals (103197 batches, avg 44/batch = 9% of 512, 4615 evals/s, 349 msg/s, 13.2 leaves/msg, 975s)
2026-08-08 01:49:23   [GPU] 4,550,069 evals (104293 batches, avg 44/batch = 9% of 512, 4618 evals/s, 349 msg/s, 13.2 leaves/msg, 985s)
2026-08-08 01:49:33   [GPU] 4,600,032 evals (105375 batches, avg 44/batch = 9% of 512, 4622 evals/s, 349 msg/s, 13.2 leaves/msg, 995s)
2026-08-08 01:49:44   [GPU] 4,650,030 evals (106516 batches, avg 44/batch = 9% of 512, 4622 evals/s, 349 msg/s, 13.2 leaves/msg, 1006s)
2026-08-08 01:49:47 [iter 13/60] self-play: 150/160 games...
2026-08-08 01:49:55   [GPU] 4,700,011 evals (107754 batches, avg 44/batch = 9% of 512, 4619 evals/s, 349 msg/s, 13.2 leaves/msg, 1017s)
2026-08-08 01:50:06   [GPU] 4,750,003 evals (108923 batches, avg 44/batch = 9% of 512, 4619 evals/s, 349 msg/s, 13.2 leaves/msg, 1028s)
2026-08-08 01:50:15 [iter 13/60] self-play: 155/160 games...
2026-08-08 01:50:16   [GPU] 4,800,008 evals (110050 batches, avg 44/batch = 9% of 512, 4621 evals/s, 349 msg/s, 13.2 leaves/msg, 1039s)
2026-08-08 01:50:33   [GPU] 4,850,008 evals (111637 batches, avg 43/batch = 8% of 512, 4596 evals/s, 347 msg/s, 13.2 leaves/msg, 1055s)
2026-08-08 01:50:48   [GPU] 4,900,041 evals (113141 batches, avg 43/batch = 8% of 512, 4577 evals/s, 345 msg/s, 13.3 leaves/msg, 1071s)
2026-08-08 01:51:02   [GPU] 4,950,003 evals (114534 batches, avg 43/batch = 8% of 512, 4566 evals/s, 344 msg/s, 13.3 leaves/msg, 1084s)
2026-08-08 01:51:21   [GPU] 5,000,015 evals (116336 batches, avg 43/batch = 8% of 512, 4533 evals/s, 342 msg/s, 13.3 leaves/msg, 1103s)
2026-08-08 01:52:07 [iter 13/60] self-play: 160/160 games...
2026-08-08 01:52:07 [iter 13/60] self-play done: 160 games (1150s) | wins: P0=22, P1=103, draw=35 | draw_rate=22% avg_len~21
2026-08-08 01:52:07 [iter 13/60] search: expanded=9.8 actions/node visits/action=61.2 walls/game=7.45 first_wall_ply=1.887 learner_sims/s=4673.38
2026-08-08 01:52:07 [iter 13/60] WARNING: draw_rate 22% > 20% — games timing out at max_game_moves=160 (weak value signal).
2026-08-08 01:52:07 [iter 13/60] training (600 steps, lr=9.14e-04)...
2026-08-08 01:52:13 [iter 13/60] training done: loss_p=1.280 loss_v=0.145 (5s)
2026-08-08 01:52:14 [iter 13/60] data: policy_wall_mass=0.165 walled_states=54% walls_on_board=13.9 value_mae walled=0.192 free=0.170
2026-08-08 01:52:14 [iter 13/60] eval skipped (eval_every=4)
2026-08-08 01:52:14 >>> iter 13 | loss_p=1.280 loss_v=0.145 | vs_best=n/a (not evaluated) | vs_rand=n/a | draw=22% | buf=84344 | rss=2.85GB | sp=1150s train=5s eval_best=0s eval_rand=0s | total=1157s
2026-08-08 01:52:14 [iter 14/60] self-play starting (160 games, 600 sims, MIXED 80/160 race-only)...
2026-08-08 01:52:14 [PARALLEL-MP] 8 workers spawned (160 games, sims=600), GPU batcher starting...
2026-08-08 01:52:26   [GPU] 50,031 evals (990 batches, avg 51/batch = 10% of 512, 4218 evals/s, 334 msg/s, 12.6 leaves/msg, 12s)
2026-08-08 01:52:28 [iter 14/60] self-play: 5/160 games...
2026-08-08 01:52:38   [GPU] 100,039 evals (2249 batches, avg 44/batch = 9% of 512, 4136 evals/s, 317 msg/s, 13.0 leaves/msg, 24s)
2026-08-08 01:52:50   [GPU] 150,014 evals (3494 batches, avg 43/batch = 8% of 512, 4147 evals/s, 312 msg/s, 13.3 leaves/msg, 36s)
2026-08-08 01:52:54 [iter 14/60] self-play: 10/160 games...
2026-08-08 01:53:02   [GPU] 200,029 evals (4744 batches, avg 42/batch = 8% of 512, 4156 evals/s, 312 msg/s, 13.3 leaves/msg, 48s)
2026-08-08 01:53:13   [GPU] 250,023 evals (5852 batches, avg 43/batch = 8% of 512, 4263 evals/s, 320 msg/s, 13.3 leaves/msg, 59s)
2026-08-08 01:53:20 [iter 14/60] self-play: 15/160 games...
2026-08-08 01:53:22   [GPU] 300,021 evals (6852 batches, avg 44/batch = 9% of 512, 4399 evals/s, 330 msg/s, 13.3 leaves/msg, 68s)
2026-08-08 01:53:32   [GPU] 350,006 evals (7877 batches, avg 44/batch = 9% of 512, 4492 evals/s, 341 msg/s, 13.2 leaves/msg, 78s)
2026-08-08 01:53:43   [GPU] 400,015 evals (9001 batches, avg 44/batch = 9% of 512, 4508 evals/s, 338 msg/s, 13.3 leaves/msg, 89s)
2026-08-08 01:53:53   [GPU] 450,014 evals (10061 batches, avg 45/batch = 9% of 512, 4561 evals/s, 341 msg/s, 13.4 leaves/msg, 99s)
2026-08-08 01:54:01 [iter 14/60] self-play: 20/160 games...
2026-08-08 01:54:02   [GPU] 500,029 evals (11028 batches, avg 45/batch = 9% of 512, 4642 evals/s, 349 msg/s, 13.3 leaves/msg, 108s)
2026-08-08 01:54:11   [GPU] 550,031 evals (11977 batches, avg 46/batch = 9% of 512, 4711 evals/s, 354 msg/s, 13.3 leaves/msg, 117s)
2026-08-08 01:54:19   [GPU] 600,003 evals (12858 batches, avg 47/batch = 9% of 512, 4793 evals/s, 359 msg/s, 13.3 leaves/msg, 125s)
2026-08-08 01:54:30   [GPU] 650,030 evals (13935 batches, avg 47/batch = 9% of 512, 4791 evals/s, 358 msg/s, 13.4 leaves/msg, 136s)
2026-08-08 01:54:32 [iter 14/60] self-play: 25/160 games...
2026-08-08 01:54:40   [GPU] 700,024 evals (15019 batches, avg 47/batch = 9% of 512, 4798 evals/s, 359 msg/s, 13.4 leaves/msg, 146s)
2026-08-08 01:54:50   [GPU] 750,042 evals (16112 batches, avg 47/batch = 9% of 512, 4807 evals/s, 360 msg/s, 13.3 leaves/msg, 156s)
2026-08-08 01:55:02   [GPU] 800,038 evals (17285 batches, avg 46/batch = 9% of 512, 4771 evals/s, 358 msg/s, 13.3 leaves/msg, 168s)
2026-08-08 01:55:06 [iter 14/60] self-play: 30/160 games...
2026-08-08 01:55:14   [GPU] 850,012 evals (18522 batches, avg 46/batch = 9% of 512, 4729 evals/s, 355 msg/s, 13.3 leaves/msg, 180s)
2026-08-08 01:55:24   [GPU] 900,012 evals (19598 batches, avg 46/batch = 9% of 512, 4735 evals/s, 356 msg/s, 13.3 leaves/msg, 190s)
2026-08-08 01:55:33 [iter 14/60] self-play: 35/160 games...
2026-08-08 01:55:35   [GPU] 950,033 evals (20655 batches, avg 46/batch = 9% of 512, 4743 evals/s, 358 msg/s, 13.3 leaves/msg, 200s)
2026-08-08 01:55:46   [GPU] 1,000,014 evals (21841 batches, avg 46/batch = 9% of 512, 4720 evals/s, 356 msg/s, 13.2 leaves/msg, 212s)
2026-08-08 01:55:56   [GPU] 1,050,018 evals (22891 batches, avg 46/batch = 9% of 512, 4730 evals/s, 357 msg/s, 13.2 leaves/msg, 222s)
2026-08-08 01:56:01 [iter 14/60] self-play: 40/160 games...
2026-08-08 01:56:06   [GPU] 1,100,021 evals (23932 batches, avg 46/batch = 9% of 512, 4740 evals/s, 358 msg/s, 13.2 leaves/msg, 232s)
2026-08-08 01:56:17   [GPU] 1,150,023 evals (25006 batches, avg 46/batch = 9% of 512, 4746 evals/s, 360 msg/s, 13.2 leaves/msg, 242s)
2026-08-08 01:56:26   [GPU] 1,200,035 evals (26020 batches, avg 46/batch = 9% of 512, 4760 evals/s, 362 msg/s, 13.2 leaves/msg, 252s)
2026-08-08 01:56:29 [iter 14/60] self-play: 45/160 games...
2026-08-08 01:56:36   [GPU] 1,250,039 evals (27088 batches, avg 46/batch = 9% of 512, 4768 evals/s, 363 msg/s, 13.1 leaves/msg, 262s)
2026-08-08 01:56:46   [GPU] 1,300,001 evals (28133 batches, avg 46/batch = 9% of 512, 4777 evals/s, 363 msg/s, 13.2 leaves/msg, 272s)
2026-08-08 01:56:51 [iter 14/60] self-play: 50/160 games...
2026-08-08 01:56:57   [GPU] 1,350,050 evals (29214 batches, avg 46/batch = 9% of 512, 4781 evals/s, 363 msg/s, 13.2 leaves/msg, 282s)
2026-08-08 01:57:07   [GPU] 1,400,028 evals (30302 batches, avg 46/batch = 9% of 512, 4786 evals/s, 363 msg/s, 13.2 leaves/msg, 293s)
2026-08-08 01:57:15   [GPU] 1,450,002 evals (31203 batches, avg 46/batch = 9% of 512, 4820 evals/s, 366 msg/s, 13.2 leaves/msg, 301s)
2026-08-08 01:57:15 [iter 14/60] self-play: 55/160 games...
2026-08-08 01:57:24   [GPU] 1,500,028 evals (32153 batches, avg 47/batch = 9% of 512, 4847 evals/s, 368 msg/s, 13.2 leaves/msg, 309s)
2026-08-08 01:57:33   [GPU] 1,550,001 evals (33147 batches, avg 47/batch = 9% of 512, 4866 evals/s, 370 msg/s, 13.2 leaves/msg, 319s)
2026-08-08 01:57:42   [GPU] 1,600,018 evals (34170 batches, avg 47/batch = 9% of 512, 4879 evals/s, 371 msg/s, 13.2 leaves/msg, 328s)
2026-08-08 01:57:44 [iter 14/60] self-play: 60/160 games...
2026-08-08 01:57:52   [GPU] 1,650,014 evals (35230 batches, avg 47/batch = 9% of 512, 4885 evals/s, 372 msg/s, 13.1 leaves/msg, 338s)
2026-08-08 01:58:01   [GPU] 1,700,023 evals (36138 batches, avg 47/batch = 9% of 512, 4910 evals/s, 374 msg/s, 13.1 leaves/msg, 346s)
2026-08-08 01:58:09   [GPU] 1,750,065 evals (37121 batches, avg 47/batch = 9% of 512, 4928 evals/s, 375 msg/s, 13.1 leaves/msg, 355s)
2026-08-08 01:58:18   [GPU] 1,800,003 evals (38025 batches, avg 47/batch = 9% of 512, 4955 evals/s, 377 msg/s, 13.1 leaves/msg, 363s)
2026-08-08 01:58:20 [iter 14/60] self-play: 65/160 games...
2026-08-08 01:58:26   [GPU] 1,850,002 evals (38927 batches, avg 48/batch = 9% of 512, 4982 evals/s, 379 msg/s, 13.2 leaves/msg, 371s)
2026-08-08 01:58:34   [GPU] 1,900,025 evals (39881 batches, avg 48/batch = 9% of 512, 5002 evals/s, 380 msg/s, 13.2 leaves/msg, 380s)
2026-08-08 01:58:43   [GPU] 1,950,065 evals (40828 batches, avg 48/batch = 9% of 512, 5023 evals/s, 382 msg/s, 13.2 leaves/msg, 388s)
2026-08-08 01:58:50   [GPU] 2,000,045 evals (41694 batches, avg 48/batch = 9% of 512, 5055 evals/s, 384 msg/s, 13.2 leaves/msg, 396s)
2026-08-08 01:58:54 [iter 14/60] self-play: 70/160 games...
2026-08-08 01:58:58   [GPU] 2,050,035 evals (42598 batches, avg 48/batch = 9% of 512, 5072 evals/s, 386 msg/s, 13.1 leaves/msg, 404s)
2026-08-08 01:59:07   [GPU] 2,100,037 evals (43549 batches, avg 48/batch = 9% of 512, 5085 evals/s, 387 msg/s, 13.1 leaves/msg, 413s)
2026-08-08 01:59:11 [iter 14/60] self-play: 75/160 games...
2026-08-08 01:59:16   [GPU] 2,150,037 evals (44518 batches, avg 48/batch = 9% of 512, 5098 evals/s, 388 msg/s, 13.1 leaves/msg, 422s)
2026-08-08 01:59:25   [GPU] 2,200,014 evals (45519 batches, avg 48/batch = 9% of 512, 5103 evals/s, 388 msg/s, 13.1 leaves/msg, 431s)
2026-08-08 01:59:28 [iter 14/60] self-play: 80/160 games...
2026-08-08 01:59:35   [GPU] 2,250,006 evals (46563 batches, avg 48/batch = 9% of 512, 5101 evals/s, 388 msg/s, 13.1 leaves/msg, 441s)
2026-08-08 01:59:47   [GPU] 2,300,024 evals (47784 batches, avg 48/batch = 9% of 512, 5080 evals/s, 386 msg/s, 13.2 leaves/msg, 453s)
2026-08-08 01:59:56 [iter 14/60] self-play: 85/160 games...
2026-08-08 01:59:58   [GPU] 2,350,036 evals (48890 batches, avg 48/batch = 9% of 512, 5073 evals/s, 386 msg/s, 13.2 leaves/msg, 463s)
2026-08-08 02:00:08   [GPU] 2,400,004 evals (49996 batches, avg 48/batch = 9% of 512, 5069 evals/s, 386 msg/s, 13.1 leaves/msg, 473s)
2026-08-08 02:00:18   [GPU] 2,450,016 evals (51058 batches, avg 48/batch = 9% of 512, 5070 evals/s, 386 msg/s, 13.1 leaves/msg, 483s)
2026-08-08 02:00:27   [GPU] 2,500,001 evals (52125 batches, avg 48/batch = 9% of 512, 5075 evals/s, 386 msg/s, 13.2 leaves/msg, 493s)
2026-08-08 02:00:35 [iter 14/60] self-play: 90/160 games...
2026-08-08 02:00:36   [GPU] 2,550,046 evals (53110 batches, avg 48/batch = 9% of 512, 5087 evals/s, 387 msg/s, 13.1 leaves/msg, 501s)
2026-08-08 02:00:44   [GPU] 2,600,060 evals (54078 batches, avg 48/batch = 9% of 512, 5100 evals/s, 389 msg/s, 13.1 leaves/msg, 510s)
2026-08-08 02:00:54   [GPU] 2,650,008 evals (55163 batches, avg 48/batch = 9% of 512, 5102 evals/s, 389 msg/s, 13.1 leaves/msg, 519s)
2026-08-08 02:01:03   [GPU] 2,700,004 evals (56189 batches, avg 48/batch = 9% of 512, 5111 evals/s, 390 msg/s, 13.1 leaves/msg, 528s)
2026-08-08 02:01:11   [GPU] 2,750,078 evals (57121 batches, avg 48/batch = 9% of 512, 5128 evals/s, 391 msg/s, 13.1 leaves/msg, 536s)
2026-08-08 02:01:19   [GPU] 2,800,026 evals (58144 batches, avg 48/batch = 9% of 512, 5137 evals/s, 392 msg/s, 13.1 leaves/msg, 545s)
2026-08-08 02:01:27 [iter 14/60] self-play: 95/160 games...
2026-08-08 02:01:28   [GPU] 2,850,058 evals (59162 batches, avg 48/batch = 9% of 512, 5144 evals/s, 393 msg/s, 13.1 leaves/msg, 554s)
2026-08-08 02:01:37   [GPU] 2,900,017 evals (60123 batches, avg 48/batch = 9% of 512, 5155 evals/s, 394 msg/s, 13.1 leaves/msg, 563s)
2026-08-08 02:01:46   [GPU] 2,950,045 evals (61099 batches, avg 48/batch = 9% of 512, 5161 evals/s, 394 msg/s, 13.1 leaves/msg, 572s)
2026-08-08 02:01:47 [iter 14/60] self-play: 100/160 games...
2026-08-08 02:01:55   [GPU] 3,000,011 evals (62131 batches, avg 48/batch = 9% of 512, 5162 evals/s, 394 msg/s, 13.1 leaves/msg, 581s)
2026-08-08 02:02:06   [GPU] 3,050,009 evals (63214 batches, avg 48/batch = 9% of 512, 5159 evals/s, 394 msg/s, 13.1 leaves/msg, 591s)
2026-08-08 02:02:09 [iter 14/60] self-play: 105/160 games...
2026-08-08 02:02:14   [GPU] 3,100,044 evals (64188 batches, avg 48/batch = 9% of 512, 5166 evals/s, 394 msg/s, 13.1 leaves/msg, 600s)
2026-08-08 02:02:24   [GPU] 3,150,021 evals (65208 batches, avg 48/batch = 9% of 512, 5170 evals/s, 394 msg/s, 13.1 leaves/msg, 609s)
2026-08-08 02:02:32   [GPU] 3,200,006 evals (66097 batches, avg 48/batch = 9% of 512, 5181 evals/s, 395 msg/s, 13.1 leaves/msg, 618s)
2026-08-08 02:02:35 [iter 14/60] self-play: 110/160 games...
2026-08-08 02:02:41   [GPU] 3,250,006 evals (67041 batches, avg 48/batch = 9% of 512, 5186 evals/s, 395 msg/s, 13.1 leaves/msg, 627s)
2026-08-08 02:02:50   [GPU] 3,300,025 evals (68010 batches, avg 49/batch = 9% of 512, 5190 evals/s, 395 msg/s, 13.1 leaves/msg, 636s)
2026-08-08 02:02:59   [GPU] 3,350,026 evals (69001 batches, avg 49/batch = 9% of 512, 5196 evals/s, 395 msg/s, 13.2 leaves/msg, 645s)
2026-08-08 02:03:07   [GPU] 3,400,006 evals (69920 batches, avg 49/batch = 9% of 512, 5207 evals/s, 396 msg/s, 13.2 leaves/msg, 653s)
2026-08-08 02:03:10 [iter 14/60] self-play: 115/160 games...
2026-08-08 02:03:16   [GPU] 3,450,038 evals (70896 batches, avg 49/batch = 10% of 512, 5210 evals/s, 396 msg/s, 13.2 leaves/msg, 662s)
2026-08-08 02:03:25   [GPU] 3,500,039 evals (71872 batches, avg 49/batch = 10% of 512, 5216 evals/s, 396 msg/s, 13.2 leaves/msg, 671s)
2026-08-08 02:03:35   [GPU] 3,550,032 evals (72966 batches, avg 49/batch = 10% of 512, 5212 evals/s, 396 msg/s, 13.2 leaves/msg, 681s)
2026-08-08 02:03:41 [iter 14/60] self-play: 120/160 games...
2026-08-08 02:03:46   [GPU] 3,600,026 evals (74114 batches, avg 49/batch = 9% of 512, 5204 evals/s, 395 msg/s, 13.2 leaves/msg, 692s)
2026-08-08 02:03:58   [GPU] 3,650,036 evals (75320 batches, avg 48/batch = 9% of 512, 5190 evals/s, 394 msg/s, 13.2 leaves/msg, 703s)
2026-08-08 02:04:10   [GPU] 3,700,038 evals (76609 batches, avg 48/batch = 9% of 512, 5169 evals/s, 392 msg/s, 13.2 leaves/msg, 716s)
2026-08-08 02:04:23   [GPU] 3,750,042 evals (77930 batches, avg 48/batch = 9% of 512, 5148 evals/s, 391 msg/s, 13.2 leaves/msg, 728s)
2026-08-08 02:04:26 [iter 14/60] self-play: 125/160 games...
2026-08-08 02:04:35   [GPU] 3,800,006 evals (79202 batches, avg 48/batch = 9% of 512, 5128 evals/s, 390 msg/s, 13.2 leaves/msg, 741s)
2026-08-08 02:04:50   [GPU] 3,850,004 evals (80664 batches, avg 48/batch = 9% of 512, 5097 evals/s, 387 msg/s, 13.2 leaves/msg, 755s)
2026-08-08 02:05:04   [GPU] 3,900,062 evals (82095 batches, avg 48/batch = 9% of 512, 5067 evals/s, 385 msg/s, 13.2 leaves/msg, 770s)
2026-08-08 02:05:18   [GPU] 3,950,012 evals (83481 batches, avg 47/batch = 9% of 512, 5037 evals/s, 383 msg/s, 13.2 leaves/msg, 784s)
2026-08-08 02:05:27 [iter 14/60] self-play: 130/160 games...
2026-08-08 02:05:32   [GPU] 4,000,020 evals (84803 batches, avg 47/batch = 9% of 512, 5017 evals/s, 381 msg/s, 13.2 leaves/msg, 797s)
2026-08-08 02:05:46   [GPU] 4,050,026 evals (86227 batches, avg 47/batch = 9% of 512, 4991 evals/s, 379 msg/s, 13.2 leaves/msg, 811s)
2026-08-08 02:05:59   [GPU] 4,100,036 evals (87577 batches, avg 47/batch = 9% of 512, 4974 evals/s, 378 msg/s, 13.1 leaves/msg, 824s)
2026-08-08 02:06:11   [GPU] 4,150,069 evals (88913 batches, avg 47/batch = 9% of 512, 4959 evals/s, 377 msg/s, 13.1 leaves/msg, 837s)
2026-08-08 02:06:23   [GPU] 4,200,031 evals (90156 batches, avg 47/batch = 9% of 512, 4949 evals/s, 377 msg/s, 13.1 leaves/msg, 849s)
2026-08-08 02:06:33   [GPU] 4,250,027 evals (91279 batches, avg 47/batch = 9% of 512, 4947 evals/s, 377 msg/s, 13.1 leaves/msg, 859s)
2026-08-08 02:06:38 [iter 14/60] self-play: 135/160 games...
2026-08-08 02:06:44   [GPU] 4,300,003 evals (92413 batches, avg 47/batch = 9% of 512, 4947 evals/s, 377 msg/s, 13.1 leaves/msg, 869s)
2026-08-08 02:06:54   [GPU] 4,350,022 evals (93587 batches, avg 46/batch = 9% of 512, 4943 evals/s, 377 msg/s, 13.1 leaves/msg, 880s)
2026-08-08 02:07:02 [iter 14/60] self-play: 140/160 games...
2026-08-08 02:07:05   [GPU] 4,400,042 evals (94782 batches, avg 46/batch = 9% of 512, 4939 evals/s, 377 msg/s, 13.1 leaves/msg, 891s)
2026-08-08 02:07:15   [GPU] 4,450,025 evals (95854 batches, avg 46/batch = 9% of 512, 4939 evals/s, 377 msg/s, 13.1 leaves/msg, 901s)
2026-08-08 02:07:17 [iter 14/60] self-play: 145/160 games...
2026-08-08 02:07:27   [GPU] 4,500,037 evals (97067 batches, avg 46/batch = 9% of 512, 4930 evals/s, 377 msg/s, 13.1 leaves/msg, 913s)
2026-08-08 02:07:37 [iter 14/60] self-play: 150/160 games...
2026-08-08 02:07:39   [GPU] 4,550,015 evals (98324 batches, avg 46/batch = 9% of 512, 4922 evals/s, 377 msg/s, 13.1 leaves/msg, 924s)
2026-08-08 02:07:51   [GPU] 4,600,002 evals (99581 batches, avg 46/batch = 9% of 512, 4913 evals/s, 377 msg/s, 13.0 leaves/msg, 936s)
2026-08-08 02:08:06 [iter 14/60] self-play: 155/160 games...
2026-08-08 02:08:08   [GPU] 4,650,000 evals (101409 batches, avg 46/batch = 9% of 512, 4875 evals/s, 375 msg/s, 13.0 leaves/msg, 954s)
2026-08-08 02:08:24   [GPU] 4,700,013 evals (103098 batches, avg 46/batch = 9% of 512, 4847 evals/s, 373 msg/s, 13.0 leaves/msg, 970s)
2026-08-08 02:08:42   [GPU] 4,750,000 evals (105031 batches, avg 45/batch = 9% of 512, 4809 evals/s, 372 msg/s, 12.9 leaves/msg, 988s)
2026-08-08 02:09:13   [GPU] 4,800,017 evals (107663 batches, avg 45/batch = 9% of 512, 4711 evals/s, 365 msg/s, 12.9 leaves/msg, 1019s)
2026-08-08 02:10:48   [GPU] 4,850,000 evals (112899 batches, avg 43/batch = 8% of 512, 4354 evals/s, 340 msg/s, 12.8 leaves/msg, 1114s)
2026-08-08 02:12:03 [iter 14/60] self-play: 160/160 games...
2026-08-08 02:12:04 [iter 14/60] self-play done: 160 games (1190s) | wins: P0=24, P1=99, draw=37 | draw_rate=23% avg_len~18
2026-08-08 02:12:04 [iter 14/60] search: expanded=8.0 actions/node visits/action=74.5 walls/game=7.82 first_wall_ply=1.7 learner_sims/s=4417.96
2026-08-08 02:12:04 [iter 14/60] WARNING: draw_rate 23% > 20% — games timing out at max_game_moves=160 (weak value signal).
2026-08-08 02:12:04 [iter 14/60] training (600 steps, lr=9.00e-04)...
2026-08-08 02:12:11 [iter 14/60] training done: loss_p=1.282 loss_v=0.147 (7s)
2026-08-08 02:12:12 [iter 14/60] data: policy_wall_mass=0.188 walled_states=49% walls_on_board=11.4 value_mae walled=0.261 free=0.134
2026-08-08 02:12:13 [iter 14/60] eval skipped (eval_every=4)
2026-08-08 02:12:13 >>> iter 14 | loss_p=1.282 loss_v=0.147 | vs_best=n/a (not evaluated) | vs_rand=n/a | draw=23% | buf=90022 | rss=2.89GB | sp=1190s train=7s eval_best=0s eval_rand=0s | total=1199s
2026-08-08 02:12:13 [iter 15/60] self-play starting (160 games, 600 sims, MIXED 80/160 race-only)...
2026-08-08 02:12:13 [PARALLEL-MP] 8 workers spawned (160 games, sims=600), GPU batcher starting...
2026-08-08 02:12:25   [GPU] 50,027 evals (972 batches, avg 51/batch = 10% of 512, 4099 evals/s, 338 msg/s, 12.1 leaves/msg, 12s)
2026-08-08 02:12:29 [iter 15/60] self-play: 5/160 games...
2026-08-08 02:12:37   [GPU] 100,002 evals (2130 batches, avg 47/batch = 9% of 512, 4176 evals/s, 323 msg/s, 12.9 leaves/msg, 24s)
2026-08-08 02:12:49   [GPU] 150,027 evals (3359 batches, avg 45/batch = 9% of 512, 4116 evals/s, 308 msg/s, 13.4 leaves/msg, 36s)
2026-08-08 02:12:53 [iter 15/60] self-play: 10/160 games...
2026-08-08 02:13:02   [GPU] 200,002 evals (4614 batches, avg 43/batch = 8% of 512, 4050 evals/s, 299 msg/s, 13.5 leaves/msg, 49s)
2026-08-08 02:13:15   [GPU] 250,015 evals (5866 batches, avg 43/batch = 8% of 512, 4007 evals/s, 289 msg/s, 13.8 leaves/msg, 62s)
2026-08-08 02:13:25   [GPU] 300,032 evals (6857 batches, avg 44/batch = 9% of 512, 4163 evals/s, 298 msg/s, 14.0 leaves/msg, 72s)
2026-08-08 02:13:34   [GPU] 350,002 evals (7776 batches, avg 45/batch = 9% of 512, 4303 evals/s, 308 msg/s, 14.0 leaves/msg, 81s)
2026-08-08 02:13:44 [iter 15/60] self-play: 15/160 games...
2026-08-08 02:13:45   [GPU] 400,070 evals (8849 batches, avg 45/batch = 9% of 512, 4353 evals/s, 313 msg/s, 13.9 leaves/msg, 92s)
2026-08-08 02:13:55   [GPU] 450,009 evals (9904 batches, avg 45/batch = 9% of 512, 4407 evals/s, 320 msg/s, 13.8 leaves/msg, 102s)
2026-08-08 02:14:08   [GPU] 500,019 evals (11132 batches, avg 45/batch = 9% of 512, 4350 evals/s, 315 msg/s, 13.8 leaves/msg, 115s)
2026-08-08 02:14:16 [iter 15/60] self-play: 20/160 games...
2026-08-08 02:14:19   [GPU] 550,021 evals (12249 batches, avg 45/batch = 9% of 512, 4344 evals/s, 315 msg/s, 13.8 leaves/msg, 127s)
2026-08-08 02:14:31   [GPU] 600,007 evals (13366 batches, avg 45/batch = 9% of 512, 4341 evals/s, 315 msg/s, 13.8 leaves/msg, 138s)
2026-08-08 02:14:43   [GPU] 650,010 evals (14572 batches, avg 45/batch = 9% of 512, 4321 evals/s, 312 msg/s, 13.8 leaves/msg, 150s)
2026-08-08 02:14:49 [iter 15/60] self-play: 25/160 games...
2026-08-08 02:14:55   [GPU] 700,046 evals (15789 batches, avg 44/batch = 9% of 512, 4320 evals/s, 315 msg/s, 13.7 leaves/msg, 162s)
2026-08-08 02:15:01 [iter 15/60] self-play: 30/160 games...
2026-08-08 02:15:06   [GPU] 750,039 evals (16944 batches, avg 44/batch = 9% of 512, 4328 evals/s, 316 msg/s, 13.7 leaves/msg, 173s)
2026-08-08 02:15:17   [GPU] 800,043 evals (18034 batches, avg 44/batch = 9% of 512, 4339 evals/s, 317 msg/s, 13.7 leaves/msg, 184s)
2026-08-08 02:15:21 [iter 15/60] self-play: 35/160 games...
2026-08-08 02:15:29   [GPU] 850,045 evals (19178 batches, avg 44/batch = 9% of 512, 4344 evals/s, 317 msg/s, 13.7 leaves/msg, 196s)
2026-08-08 02:15:42   [GPU] 900,010 evals (20537 batches, avg 44/batch = 9% of 512, 4300 evals/s, 314 msg/s, 13.7 leaves/msg, 209s)
2026-08-08 02:15:54   [GPU] 950,000 evals (21769 batches, avg 44/batch = 9% of 512, 4293 evals/s, 314 msg/s, 13.7 leaves/msg, 221s)
2026-08-08 02:16:07   [GPU] 1,000,002 evals (23077 batches, avg 43/batch = 8% of 512, 4267 evals/s, 312 msg/s, 13.7 leaves/msg, 234s)
2026-08-08 02:16:20   [GPU] 1,050,028 evals (24381 batches, avg 43/batch = 8% of 512, 4247 evals/s, 310 msg/s, 13.7 leaves/msg, 247s)
2026-08-08 02:16:25 [iter 15/60] self-play: 40/160 games...
2026-08-08 02:16:32   [GPU] 1,100,043 evals (25569 batches, avg 43/batch = 8% of 512, 4249 evals/s, 310 msg/s, 13.7 leaves/msg, 259s)
2026-08-08 02:16:45   [GPU] 1,150,063 evals (26878 batches, avg 43/batch = 8% of 512, 4230 evals/s, 309 msg/s, 13.7 leaves/msg, 272s)
2026-08-08 02:16:56   [GPU] 1,200,073 evals (28061 batches, avg 43/batch = 8% of 512, 4234 evals/s, 309 msg/s, 13.7 leaves/msg, 283s)
2026-08-08 02:17:02 [iter 15/60] self-play: 45/160 games...
2026-08-08 02:17:09   [GPU] 1,250,016 evals (29341 batches, avg 43/batch = 8% of 512, 4214 evals/s, 308 msg/s, 13.7 leaves/msg, 297s)
2026-08-08 02:17:22   [GPU] 1,300,006 evals (30574 batches, avg 43/batch = 8% of 512, 4205 evals/s, 306 msg/s, 13.7 leaves/msg, 309s)
2026-08-08 02:17:32   [GPU] 1,350,014 evals (31636 batches, avg 43/batch = 8% of 512, 4225 evals/s, 307 msg/s, 13.8 leaves/msg, 320s)
2026-08-08 02:17:44   [GPU] 1,400,026 evals (32827 batches, avg 43/batch = 8% of 512, 4226 evals/s, 307 msg/s, 13.8 leaves/msg, 331s)
2026-08-08 02:17:55   [GPU] 1,450,022 evals (33961 batches, avg 43/batch = 8% of 512, 4239 evals/s, 308 msg/s, 13.8 leaves/msg, 342s)
2026-08-08 02:17:56 [iter 15/60] self-play: 50/160 games...
2026-08-08 02:18:05   [GPU] 1,500,050 evals (34981 batches, avg 43/batch = 8% of 512, 4265 evals/s, 311 msg/s, 13.7 leaves/msg, 352s)
2026-08-08 02:18:15   [GPU] 1,550,045 evals (36014 batches, avg 43/batch = 8% of 512, 4286 evals/s, 312 msg/s, 13.7 leaves/msg, 362s)
2026-08-08 02:18:16 [iter 15/60] self-play: 55/160 games...
2026-08-08 02:18:24   [GPU] 1,600,007 evals (37038 batches, avg 43/batch = 8% of 512, 4309 evals/s, 315 msg/s, 13.7 leaves/msg, 371s)
2026-08-08 02:18:31 [iter 15/60] self-play: 60/160 games...
2026-08-08 02:18:37   [GPU] 1,650,050 evals (38290 batches, avg 43/batch = 8% of 512, 4300 evals/s, 315 msg/s, 13.6 leaves/msg, 384s)
2026-08-08 02:18:47 [iter 15/60] self-play: 65/160 games...
2026-08-08 02:18:48   [GPU] 1,700,009 evals (39469 batches, avg 43/batch = 8% of 512, 4300 evals/s, 316 msg/s, 13.6 leaves/msg, 395s)
2026-08-08 02:19:00   [GPU] 1,750,013 evals (40628 batches, avg 43/batch = 8% of 512, 4300 evals/s, 315 msg/s, 13.6 leaves/msg, 407s)
2026-08-08 02:19:12   [GPU] 1,800,033 evals (41808 batches, avg 43/batch = 8% of 512, 4299 evals/s, 316 msg/s, 13.6 leaves/msg, 419s)
2026-08-08 02:19:22   [GPU] 1,850,005 evals (42863 batches, avg 43/batch = 8% of 512, 4308 evals/s, 316 msg/s, 13.6 leaves/msg, 429s)
2026-08-08 02:19:23 [iter 15/60] self-play: 70/160 games...
2026-08-08 02:19:35   [GPU] 1,900,043 evals (44105 batches, avg 43/batch = 8% of 512, 4299 evals/s, 315 msg/s, 13.7 leaves/msg, 442s)
2026-08-08 02:19:46   [GPU] 1,950,038 evals (45245 batches, avg 43/batch = 8% of 512, 4302 evals/s, 315 msg/s, 13.7 leaves/msg, 453s)
2026-08-08 02:19:57 [iter 15/60] self-play: 75/160 games...
2026-08-08 02:19:58   [GPU] 2,000,023 evals (46466 batches, avg 43/batch = 8% of 512, 4300 evals/s, 315 msg/s, 13.7 leaves/msg, 465s)
2026-08-08 02:20:10   [GPU] 2,050,016 evals (47679 batches, avg 43/batch = 8% of 512, 4298 evals/s, 314 msg/s, 13.7 leaves/msg, 477s)
2026-08-08 02:20:20   [GPU] 2,100,049 evals (48728 batches, avg 43/batch = 8% of 512, 4315 evals/s, 315 msg/s, 13.7 leaves/msg, 487s)
2026-08-08 02:20:28 [iter 15/60] self-play: 80/160 games...
2026-08-08 02:20:28   [GPU] 2,150,058 evals (49654 batches, avg 43/batch = 8% of 512, 4340 evals/s, 317 msg/s, 13.7 leaves/msg, 495s)
2026-08-08 02:20:37   [GPU] 2,200,061 evals (50604 batches, avg 43/batch = 8% of 512, 4361 evals/s, 319 msg/s, 13.7 leaves/msg, 504s)
2026-08-08 02:20:47   [GPU] 2,250,030 evals (51638 batches, avg 44/batch = 9% of 512, 4375 evals/s, 320 msg/s, 13.7 leaves/msg, 514s)
2026-08-08 02:20:57   [GPU] 2,300,021 evals (52691 batches, avg 44/batch = 9% of 512, 4385 evals/s, 320 msg/s, 13.7 leaves/msg, 524s)
2026-08-08 02:21:08   [GPU] 2,350,045 evals (53776 batches, avg 44/batch = 9% of 512, 4392 evals/s, 320 msg/s, 13.7 leaves/msg, 535s)
2026-08-08 02:21:14 [iter 15/60] self-play: 85/160 games...
2026-08-08 02:21:19   [GPU] 2,400,024 evals (54899 batches, avg 44/batch = 9% of 512, 4394 evals/s, 321 msg/s, 13.7 leaves/msg, 546s)
2026-08-08 02:21:32   [GPU] 2,450,003 evals (56224 batches, avg 44/batch = 9% of 512, 4379 evals/s, 320 msg/s, 13.7 leaves/msg, 559s)
2026-08-08 02:21:46   [GPU] 2,500,025 evals (57539 batches, avg 43/batch = 8% of 512, 4365 evals/s, 319 msg/s, 13.7 leaves/msg, 573s)
2026-08-08 02:21:47 [iter 15/60] self-play: 90/160 games...
2026-08-08 02:21:59   [GPU] 2,550,031 evals (58871 batches, avg 43/batch = 8% of 512, 4349 evals/s, 318 msg/s, 13.7 leaves/msg, 586s)
2026-08-08 02:22:12   [GPU] 2,600,047 evals (60113 batches, avg 43/batch = 8% of 512, 4343 evals/s, 318 msg/s, 13.7 leaves/msg, 599s)
2026-08-08 02:22:24   [GPU] 2,650,009 evals (61432 batches, avg 43/batch = 8% of 512, 4334 evals/s, 318 msg/s, 13.6 leaves/msg, 611s)
2026-08-08 02:22:31 [iter 15/60] self-play: 95/160 games...
2026-08-08 02:22:36   [GPU] 2,700,004 evals (62606 batches, avg 43/batch = 8% of 512, 4335 evals/s, 318 msg/s, 13.6 leaves/msg, 623s)
2026-08-08 02:22:47   [GPU] 2,750,037 evals (63817 batches, avg 43/batch = 8% of 512, 4334 evals/s, 318 msg/s, 13.6 leaves/msg, 635s)
2026-08-08 02:22:59   [GPU] 2,800,029 evals (64961 batches, avg 43/batch = 8% of 512, 4336 evals/s, 319 msg/s, 13.6 leaves/msg, 646s)
2026-08-08 02:23:06 [iter 15/60] self-play: 100/160 games...
2026-08-08 02:23:12   [GPU] 2,850,017 evals (66303 batches, avg 43/batch = 8% of 512, 4326 evals/s, 319 msg/s, 13.6 leaves/msg, 659s)
2026-08-08 02:23:25   [GPU] 2,900,008 evals (67644 batches, avg 43/batch = 8% of 512, 4314 evals/s, 319 msg/s, 13.5 leaves/msg, 672s)
2026-08-08 02:23:40   [GPU] 2,950,007 evals (69106 batches, avg 43/batch = 8% of 512, 4295 evals/s, 318 msg/s, 13.5 leaves/msg, 687s)
2026-08-08 02:23:54   [GPU] 3,000,024 evals (70531 batches, avg 43/batch = 8% of 512, 4281 evals/s, 318 msg/s, 13.4 leaves/msg, 701s)
2026-08-08 02:24:04 [iter 15/60] self-play: 105/160 games...
2026-08-08 02:24:06   [GPU] 3,050,007 evals (71862 batches, avg 42/batch = 8% of 512, 4274 evals/s, 319 msg/s, 13.4 leaves/msg, 714s)
2026-08-08 02:24:19   [GPU] 3,100,036 evals (73171 batches, avg 42/batch = 8% of 512, 4270 evals/s, 319 msg/s, 13.4 leaves/msg, 726s)
2026-08-08 02:24:32   [GPU] 3,150,008 evals (74559 batches, avg 42/batch = 8% of 512, 4260 evals/s, 320 msg/s, 13.3 leaves/msg, 739s)
2026-08-08 02:24:37 [iter 15/60] self-play: 110/160 games...
2026-08-08 02:24:46   [GPU] 3,200,003 evals (75924 batches, avg 42/batch = 8% of 512, 4251 evals/s, 320 msg/s, 13.3 leaves/msg, 753s)
2026-08-08 02:24:56 [iter 15/60] self-play: 115/160 games...
2026-08-08 02:24:59   [GPU] 3,250,001 evals (77280 batches, avg 42/batch = 8% of 512, 4243 evals/s, 320 msg/s, 13.2 leaves/msg, 766s)
2026-08-08 02:25:13   [GPU] 3,300,001 evals (78711 batches, avg 42/batch = 8% of 512, 4232 evals/s, 321 msg/s, 13.2 leaves/msg, 780s)
2026-08-08 02:25:26   [GPU] 3,350,043 evals (80125 batches, avg 42/batch = 8% of 512, 4224 evals/s, 321 msg/s, 13.2 leaves/msg, 793s)
2026-08-08 02:25:37   [GPU] 3,400,012 evals (81342 batches, avg 42/batch = 8% of 512, 4228 evals/s, 322 msg/s, 13.1 leaves/msg, 804s)
2026-08-08 02:25:49   [GPU] 3,450,048 evals (82613 batches, avg 42/batch = 8% of 512, 4228 evals/s, 323 msg/s, 13.1 leaves/msg, 816s)
2026-08-08 02:26:00   [GPU] 3,500,004 evals (83818 batches, avg 42/batch = 8% of 512, 4232 evals/s, 324 msg/s, 13.1 leaves/msg, 827s)
2026-08-08 02:26:00 [iter 15/60] self-play: 120/160 games...
2026-08-08 02:26:10   [GPU] 3,550,078 evals (84871 batches, avg 42/batch = 8% of 512, 4242 evals/s, 325 msg/s, 13.1 leaves/msg, 837s)
2026-08-08 02:26:21   [GPU] 3,600,019 evals (86099 batches, avg 42/batch = 8% of 512, 4245 evals/s, 326 msg/s, 13.0 leaves/msg, 848s)
2026-08-08 02:26:31   [GPU] 3,650,012 evals (87245 batches, avg 42/batch = 8% of 512, 4251 evals/s, 326 msg/s, 13.0 leaves/msg, 859s)
2026-08-08 02:26:40 [iter 15/60] self-play: 125/160 games...
2026-08-08 02:26:41   [GPU] 3,700,038 evals (88328 batches, avg 42/batch = 8% of 512, 4261 evals/s, 328 msg/s, 13.0 leaves/msg, 868s)
2026-08-08 02:26:53   [GPU] 3,750,021 evals (89572 batches, avg 42/batch = 8% of 512, 4261 evals/s, 329 msg/s, 13.0 leaves/msg, 880s)
2026-08-08 02:26:59 [iter 15/60] self-play: 130/160 games...
2026-08-08 02:27:07   [GPU] 3,800,009 evals (90993 batches, avg 42/batch = 8% of 512, 4252 evals/s, 329 msg/s, 12.9 leaves/msg, 894s)
2026-08-08 02:27:21   [GPU] 3,850,002 evals (92434 batches, avg 42/batch = 8% of 512, 4240 evals/s, 328 msg/s, 12.9 leaves/msg, 908s)
2026-08-08 02:27:33 [iter 15/60] self-play: 135/160 games...
2026-08-08 02:27:36   [GPU] 3,900,049 evals (93901 batches, avg 42/batch = 8% of 512, 4227 evals/s, 327 msg/s, 12.9 leaves/msg, 923s)
2026-08-08 02:27:46   [GPU] 3,950,019 evals (94976 batches, avg 42/batch = 8% of 512, 4234 evals/s, 328 msg/s, 12.9 leaves/msg, 933s)
2026-08-08 02:27:56   [GPU] 4,000,073 evals (96111 batches, avg 42/batch = 8% of 512, 4239 evals/s, 329 msg/s, 12.9 leaves/msg, 944s)
2026-08-08 02:28:07   [GPU] 4,050,055 evals (97267 batches, avg 42/batch = 8% of 512, 4244 evals/s, 330 msg/s, 12.9 leaves/msg, 954s)
2026-08-08 02:28:18   [GPU] 4,100,055 evals (98421 batches, avg 42/batch = 8% of 512, 4249 evals/s, 330 msg/s, 12.9 leaves/msg, 965s)
2026-08-08 02:28:20 [iter 15/60] self-play: 140/160 games...
2026-08-08 02:28:30   [GPU] 4,150,017 evals (99736 batches, avg 42/batch = 8% of 512, 4245 evals/s, 331 msg/s, 12.8 leaves/msg, 978s)
2026-08-08 02:28:44   [GPU] 4,200,052 evals (101161 batches, avg 42/batch = 8% of 512, 4238 evals/s, 331 msg/s, 12.8 leaves/msg, 991s)
2026-08-08 02:28:46 [iter 15/60] self-play: 145/160 games...
2026-08-08 02:28:57   [GPU] 4,250,025 evals (102531 batches, avg 41/batch = 8% of 512, 4231 evals/s, 330 msg/s, 12.8 leaves/msg, 1005s)
2026-08-08 02:29:07 [iter 15/60] self-play: 150/160 games...
2026-08-08 02:29:11   [GPU] 4,300,034 evals (103863 batches, avg 41/batch = 8% of 512, 4224 evals/s, 330 msg/s, 12.8 leaves/msg, 1018s)
2026-08-08 02:29:23   [GPU] 4,350,002 evals (105103 batches, avg 41/batch = 8% of 512, 4223 evals/s, 330 msg/s, 12.8 leaves/msg, 1030s)
2026-08-08 02:29:36   [GPU] 4,400,024 evals (106422 batches, avg 41/batch = 8% of 512, 4218 evals/s, 329 msg/s, 12.8 leaves/msg, 1043s)
2026-08-08 02:29:51   [GPU] 4,450,006 evals (107876 batches, avg 41/batch = 8% of 512, 4207 evals/s, 328 msg/s, 12.8 leaves/msg, 1058s)
2026-08-08 02:30:06   [GPU] 4,500,013 evals (109377 batches, avg 41/batch = 8% of 512, 4195 evals/s, 328 msg/s, 12.8 leaves/msg, 1073s)
2026-08-08 02:30:11 [iter 15/60] self-play: 155/160 games...
2026-08-08 02:30:22   [GPU] 4,550,019 evals (110975 batches, avg 41/batch = 8% of 512, 4176 evals/s, 326 msg/s, 12.8 leaves/msg, 1090s)
2026-08-08 02:31:08   [GPU] 4,600,004 evals (114090 batches, avg 40/batch = 8% of 512, 4051 evals/s, 318 msg/s, 12.8 leaves/msg, 1136s)
2026-08-08 02:32:19   [GPU] 4,650,000 evals (118316 batches, avg 39/batch = 8% of 512, 3855 evals/s, 303 msg/s, 12.7 leaves/msg, 1206s)
2026-08-08 02:33:40 [iter 15/60] self-play: 160/160 games...
2026-08-08 02:33:41 [iter 15/60] self-play done: 160 games (1288s) | wins: P0=19, P1=115, draw=26 | draw_rate=16% avg_len~27
2026-08-08 02:33:41 [iter 15/60] search: expanded=10.2 actions/node visits/action=58.8 walls/game=7.58 first_wall_ply=1.55 learner_sims/s=3942.72
2026-08-08 02:33:41 [iter 15/60] training (600 steps, lr=8.84e-04)...
2026-08-08 02:33:48 [iter 15/60] training done: loss_p=1.269 loss_v=0.144 (7s)
2026-08-08 02:33:50 [iter 15/60] data: policy_wall_mass=0.175 walled_states=65% walls_on_board=17.8 value_mae walled=0.226 free=0.147
2026-08-08 02:33:51 [iter 15/60] eval skipped (eval_every=4)
2026-08-08 02:33:51 >>> iter 15 | loss_p=1.269 loss_v=0.144 | vs_best=n/a (not evaluated) | vs_rand=n/a | draw=16% | buf=98630 | rss=2.94GB | sp=1288s train=7s eval_best=0s eval_rand=0s | total=1298s
2026-08-08 02:33:51 [iter 16/60] self-play starting (160 games, 600 sims, MIXED 80/160 race-only)...
2026-08-08 02:33:51 [PARALLEL-MP] 8 workers spawned (160 games, sims=600), GPU batcher starting...
2026-08-08 02:34:03   [GPU] 50,058 evals (947 batches, avg 53/batch = 10% of 512, 4098 evals/s, 297 msg/s, 13.8 leaves/msg, 12s)
2026-08-08 02:34:08 [iter 16/60] self-play: 5/160 games...
2026-08-08 02:34:15   [GPU] 100,040 evals (2091 batches, avg 48/batch = 9% of 512, 4170 evals/s, 308 msg/s, 13.5 leaves/msg, 24s)
2026-08-08 02:34:27   [GPU] 150,005 evals (3319 batches, avg 45/batch = 9% of 512, 4179 evals/s, 311 msg/s, 13.4 leaves/msg, 36s)
2026-08-08 02:34:30 [iter 16/60] self-play: 10/160 games...
2026-08-08 02:34:39   [GPU] 200,025 evals (4561 batches, avg 44/batch = 9% of 512, 4158 evals/s, 306 msg/s, 13.6 leaves/msg, 48s)
2026-08-08 02:34:51   [GPU] 250,016 evals (5807 batches, avg 43/batch = 8% of 512, 4128 evals/s, 299 msg/s, 13.8 leaves/msg, 61s)
2026-08-08 02:35:01   [GPU] 300,020 evals (6905 batches, avg 43/batch = 8% of 512, 4236 evals/s, 308 msg/s, 13.8 leaves/msg, 71s)
2026-08-08 02:35:12 [iter 16/60] self-play: 15/160 games...
2026-08-08 02:35:13   [GPU] 350,045 evals (8070 batches, avg 43/batch = 8% of 512, 4275 evals/s, 314 msg/s, 13.6 leaves/msg, 82s)
2026-08-08 02:35:22   [GPU] 400,005 evals (9053 batches, avg 44/batch = 9% of 512, 4393 evals/s, 322 msg/s, 13.6 leaves/msg, 91s)
2026-08-08 02:35:32   [GPU] 450,006 evals (10124 batches, avg 44/batch = 9% of 512, 4439 evals/s, 328 msg/s, 13.5 leaves/msg, 101s)
2026-08-08 02:35:42   [GPU] 500,063 evals (11167 batches, avg 45/batch = 9% of 512, 4498 evals/s, 332 msg/s, 13.6 leaves/msg, 111s)
2026-08-08 02:35:52   [GPU] 550,031 evals (12193 batches, avg 45/batch = 9% of 512, 4544 evals/s, 337 msg/s, 13.5 leaves/msg, 121s)
2026-08-08 02:36:02   [GPU] 600,044 evals (13312 batches, avg 45/batch = 9% of 512, 4556 evals/s, 338 msg/s, 13.5 leaves/msg, 132s)
2026-08-08 02:36:13   [GPU] 650,036 evals (14428 batches, avg 45/batch = 9% of 512, 4568 evals/s, 339 msg/s, 13.5 leaves/msg, 142s)
2026-08-08 02:36:19 [iter 16/60] self-play: 20/160 games...
2026-08-08 02:36:24   [GPU] 700,014 evals (15534 batches, avg 45/batch = 9% of 512, 4579 evals/s, 343 msg/s, 13.4 leaves/msg, 153s)
2026-08-08 02:36:35   [GPU] 750,049 evals (16751 batches, avg 45/batch = 9% of 512, 4560 evals/s, 343 msg/s, 13.3 leaves/msg, 164s)
2026-08-08 02:36:48   [GPU] 800,034 evals (18067 batches, avg 44/batch = 9% of 512, 4521 evals/s, 341 msg/s, 13.3 leaves/msg, 177s)
2026-08-08 02:36:59 [iter 16/60] self-play: 25/160 games...
2026-08-08 02:37:00   [GPU] 850,033 evals (19362 batches, avg 44/batch = 9% of 512, 4489 evals/s, 339 msg/s, 13.3 leaves/msg, 189s)
2026-08-08 02:37:10   [GPU] 900,053 evals (20459 batches, avg 44/batch = 9% of 512, 4505 evals/s, 341 msg/s, 13.2 leaves/msg, 200s)
2026-08-08 02:37:21   [GPU] 950,046 evals (21552 batches, avg 44/batch = 9% of 512, 4522 evals/s, 343 msg/s, 13.2 leaves/msg, 210s)
2026-08-08 02:37:25 [iter 16/60] self-play: 30/160 games...
2026-08-08 02:37:32   [GPU] 1,000,005 evals (22736 batches, avg 44/batch = 9% of 512, 4518 evals/s, 344 msg/s, 13.1 leaves/msg, 221s)
2026-08-08 02:37:38 [iter 16/60] self-play: 35/160 games...
2026-08-08 02:37:44   [GPU] 1,050,038 evals (23991 batches, avg 44/batch = 9% of 512, 4496 evals/s, 344 msg/s, 13.1 leaves/msg, 234s)
2026-08-08 02:37:56   [GPU] 1,100,027 evals (25240 batches, avg 44/batch = 9% of 512, 4476 evals/s, 342 msg/s, 13.1 leaves/msg, 246s)
2026-08-08 02:38:06 [iter 16/60] self-play: 40/160 games...
2026-08-08 02:38:08   [GPU] 1,150,053 evals (26460 batches, avg 43/batch = 8% of 512, 4464 evals/s, 341 msg/s, 13.1 leaves/msg, 258s)
2026-08-08 02:38:20   [GPU] 1,200,000 evals (27651 batches, avg 43/batch = 8% of 512, 4459 evals/s, 341 msg/s, 13.1 leaves/msg, 269s)
2026-08-08 02:38:31   [GPU] 1,250,041 evals (28895 batches, avg 43/batch = 8% of 512, 4454 evals/s, 341 msg/s, 13.1 leaves/msg, 281s)
2026-08-08 02:38:42   [GPU] 1,300,031 evals (30019 batches, avg 43/batch = 8% of 512, 4469 evals/s, 342 msg/s, 13.1 leaves/msg, 291s)
2026-08-08 02:38:52   [GPU] 1,350,037 evals (31148 batches, avg 43/batch = 8% of 512, 4482 evals/s, 346 msg/s, 13.0 leaves/msg, 301s)
2026-08-08 02:38:53 [iter 16/60] self-play: 45/160 games...
2026-08-08 02:39:02   [GPU] 1,400,036 evals (32246 batches, avg 43/batch = 8% of 512, 4498 evals/s, 347 msg/s, 12.9 leaves/msg, 311s)
2026-08-08 02:39:13   [GPU] 1,450,029 evals (33404 batches, avg 43/batch = 8% of 512, 4504 evals/s, 347 msg/s, 13.0 leaves/msg, 322s)
2026-08-08 02:39:22   [GPU] 1,500,024 evals (34433 batches, avg 44/batch = 9% of 512, 4527 evals/s, 348 msg/s, 13.0 leaves/msg, 331s)
2026-08-08 02:39:26 [iter 16/60] self-play: 50/160 games...
2026-08-08 02:39:32   [GPU] 1,550,003 evals (35552 batches, avg 44/batch = 9% of 512, 4537 evals/s, 348 msg/s, 13.0 leaves/msg, 342s)
2026-08-08 02:39:43   [GPU] 1,600,046 evals (36707 batches, avg 44/batch = 9% of 512, 4544 evals/s, 348 msg/s, 13.1 leaves/msg, 352s)
2026-08-08 02:39:47 [iter 16/60] self-play: 55/160 games...
2026-08-08 02:39:53   [GPU] 1,650,050 evals (37809 batches, avg 44/batch = 9% of 512, 4552 evals/s, 349 msg/s, 13.0 leaves/msg, 363s)
2026-08-08 02:40:04   [GPU] 1,700,055 evals (38964 batches, avg 44/batch = 9% of 512, 4557 evals/s, 350 msg/s, 13.0 leaves/msg, 373s)
2026-08-08 02:40:14 [iter 16/60] self-play: 60/160 games...
2026-08-08 02:40:15   [GPU] 1,750,014 evals (40108 batches, avg 44/batch = 9% of 512, 4556 evals/s, 350 msg/s, 13.0 leaves/msg, 384s)
2026-08-08 02:40:25   [GPU] 1,800,023 evals (41227 batches, avg 44/batch = 9% of 512, 4562 evals/s, 351 msg/s, 13.0 leaves/msg, 395s)
2026-08-08 02:40:38   [GPU] 1,850,028 evals (42550 batches, avg 43/batch = 8% of 512, 4546 evals/s, 351 msg/s, 12.9 leaves/msg, 407s)
2026-08-08 02:40:50   [GPU] 1,900,013 evals (43903 batches, avg 43/batch = 8% of 512, 4526 evals/s, 350 msg/s, 12.9 leaves/msg, 420s)
2026-08-08 02:40:57 [iter 16/60] self-play: 65/160 games...
2026-08-08 02:41:02   [GPU] 1,950,018 evals (45117 batches, avg 43/batch = 8% of 512, 4524 evals/s, 351 msg/s, 12.9 leaves/msg, 431s)
2026-08-08 02:41:12   [GPU] 2,000,020 evals (46259 batches, avg 43/batch = 8% of 512, 4529 evals/s, 352 msg/s, 12.9 leaves/msg, 442s)
2026-08-08 02:41:21   [GPU] 2,050,046 evals (47300 batches, avg 43/batch = 8% of 512, 4547 evals/s, 353 msg/s, 12.9 leaves/msg, 451s)
2026-08-08 02:41:31   [GPU] 2,100,061 evals (48310 batches, avg 43/batch = 8% of 512, 4566 evals/s, 355 msg/s, 12.9 leaves/msg, 460s)
2026-08-08 02:41:39   [GPU] 2,150,006 evals (49258 batches, avg 44/batch = 9% of 512, 4586 evals/s, 357 msg/s, 12.8 leaves/msg, 469s)
2026-08-08 02:41:49   [GPU] 2,200,012 evals (50250 batches, avg 44/batch = 9% of 512, 4601 evals/s, 358 msg/s, 12.8 leaves/msg, 478s)
2026-08-08 02:41:50 [iter 16/60] self-play: 70/160 games...
2026-08-08 02:41:59   [GPU] 2,250,024 evals (51360 batches, avg 44/batch = 9% of 512, 4605 evals/s, 359 msg/s, 12.8 leaves/msg, 489s)
2026-08-08 02:42:11   [GPU] 2,300,022 evals (52575 batches, avg 44/batch = 9% of 512, 4600 evals/s, 359 msg/s, 12.8 leaves/msg, 500s)
2026-08-08 02:42:15 [iter 16/60] self-play: 75/160 games...
2026-08-08 02:42:23   [GPU] 2,350,009 evals (53879 batches, avg 44/batch = 9% of 512, 4583 evals/s, 358 msg/s, 12.8 leaves/msg, 513s)
2026-08-08 02:42:38   [GPU] 2,400,021 evals (55385 batches, avg 43/batch = 8% of 512, 4548 evals/s, 355 msg/s, 12.8 leaves/msg, 528s)
2026-08-08 02:42:48 [iter 16/60] self-play: 80/160 games...
2026-08-08 02:42:51   [GPU] 2,450,031 evals (56658 batches, avg 43/batch = 8% of 512, 4535 evals/s, 355 msg/s, 12.8 leaves/msg, 540s)
2026-08-08 02:43:03   [GPU] 2,500,020 evals (57895 batches, avg 43/batch = 8% of 512, 4527 evals/s, 355 msg/s, 12.8 leaves/msg, 552s)
2026-08-08 02:43:15   [GPU] 2,550,053 evals (59096 batches, avg 43/batch = 8% of 512, 4522 evals/s, 354 msg/s, 12.8 leaves/msg, 564s)
2026-08-08 02:43:22 [iter 16/60] self-play: 85/160 games...
2026-08-08 02:43:24   [GPU] 2,600,023 evals (60144 batches, avg 43/batch = 8% of 512, 4532 evals/s, 354 msg/s, 12.8 leaves/msg, 574s)
2026-08-08 02:43:35   [GPU] 2,650,046 evals (61282 batches, avg 43/batch = 8% of 512, 4536 evals/s, 354 msg/s, 12.8 leaves/msg, 584s)
2026-08-08 02:43:46   [GPU] 2,700,023 evals (62438 batches, avg 43/batch = 8% of 512, 4536 evals/s, 354 msg/s, 12.8 leaves/msg, 595s)
2026-08-08 02:43:57   [GPU] 2,750,034 evals (63626 batches, avg 43/batch = 8% of 512, 4535 evals/s, 353 msg/s, 12.8 leaves/msg, 606s)
2026-08-08 02:44:08   [GPU] 2,800,018 evals (64813 batches, avg 43/batch = 8% of 512, 4533 evals/s, 353 msg/s, 12.8 leaves/msg, 618s)
2026-08-08 02:44:19   [GPU] 2,850,009 evals (65918 batches, avg 43/batch = 8% of 512, 4535 evals/s, 353 msg/s, 12.9 leaves/msg, 629s)
2026-08-08 02:44:24 [iter 16/60] self-play: 90/160 games...
2026-08-08 02:44:30   [GPU] 2,900,014 evals (67045 batches, avg 43/batch = 8% of 512, 4534 evals/s, 352 msg/s, 12.9 leaves/msg, 640s)
2026-08-08 02:44:43   [GPU] 2,950,027 evals (68331 batches, avg 43/batch = 8% of 512, 4523 evals/s, 351 msg/s, 12.9 leaves/msg, 652s)
2026-08-08 02:44:51 [iter 16/60] self-play: 95/160 games...
2026-08-08 02:44:55   [GPU] 3,000,002 evals (69553 batches, avg 43/batch = 8% of 512, 4516 evals/s, 351 msg/s, 12.9 leaves/msg, 664s)
2026-08-08 02:45:08   [GPU] 3,050,054 evals (70919 batches, avg 43/batch = 8% of 512, 4501 evals/s, 350 msg/s, 12.9 leaves/msg, 678s)
2026-08-08 02:45:20   [GPU] 3,100,041 evals (72139 batches, avg 43/batch = 8% of 512, 4495 evals/s, 349 msg/s, 12.9 leaves/msg, 690s)
2026-08-08 02:45:32   [GPU] 3,150,009 evals (73316 batches, avg 43/batch = 8% of 512, 4493 evals/s, 349 msg/s, 12.9 leaves/msg, 701s)
2026-08-08 02:45:44   [GPU] 3,200,007 evals (74572 batches, avg 43/batch = 8% of 512, 4487 evals/s, 349 msg/s, 12.9 leaves/msg, 713s)
2026-08-08 02:45:55   [GPU] 3,250,040 evals (75738 batches, avg 43/batch = 8% of 512, 4489 evals/s, 349 msg/s, 12.9 leaves/msg, 724s)
2026-08-08 02:45:58 [iter 16/60] self-play: 100/160 games...
2026-08-08 02:46:05   [GPU] 3,300,006 evals (76831 batches, avg 43/batch = 8% of 512, 4494 evals/s, 350 msg/s, 12.9 leaves/msg, 734s)
2026-08-08 02:46:16   [GPU] 3,350,018 evals (78054 batches, avg 43/batch = 8% of 512, 4493 evals/s, 350 msg/s, 12.8 leaves/msg, 746s)
2026-08-08 02:46:30   [GPU] 3,400,015 evals (79461 batches, avg 43/batch = 8% of 512, 4478 evals/s, 349 msg/s, 12.8 leaves/msg, 759s)
2026-08-08 02:46:33 [iter 16/60] self-play: 105/160 games...
2026-08-08 02:46:43   [GPU] 3,450,015 evals (80756 batches, avg 43/batch = 8% of 512, 4468 evals/s, 348 msg/s, 12.8 leaves/msg, 772s)
2026-08-08 02:46:55   [GPU] 3,500,005 evals (81993 batches, avg 43/batch = 8% of 512, 4461 evals/s, 348 msg/s, 12.8 leaves/msg, 785s)
2026-08-08 02:47:10   [GPU] 3,550,008 evals (83402 batches, avg 43/batch = 8% of 512, 4442 evals/s, 346 msg/s, 12.8 leaves/msg, 799s)
2026-08-08 02:47:18 [iter 16/60] self-play: 110/160 games...
2026-08-08 02:47:24   [GPU] 3,600,055 evals (84760 batches, avg 42/batch = 8% of 512, 4426 evals/s, 345 msg/s, 12.8 leaves/msg, 813s)
2026-08-08 02:47:36 [iter 16/60] self-play: 115/160 games...
2026-08-08 02:47:39   [GPU] 3,650,038 evals (86317 batches, avg 42/batch = 8% of 512, 4405 evals/s, 344 msg/s, 12.8 leaves/msg, 829s)
2026-08-08 02:47:55   [GPU] 3,700,046 evals (87918 batches, avg 42/batch = 8% of 512, 4380 evals/s, 342 msg/s, 12.8 leaves/msg, 845s)
2026-08-08 02:48:09   [GPU] 3,750,017 evals (89323 batches, avg 42/batch = 8% of 512, 4369 evals/s, 342 msg/s, 12.8 leaves/msg, 858s)
2026-08-08 02:48:22   [GPU] 3,800,027 evals (90674 batches, avg 42/batch = 8% of 512, 4363 evals/s, 341 msg/s, 12.8 leaves/msg, 871s)
2026-08-08 02:48:34   [GPU] 3,850,062 evals (92040 batches, avg 42/batch = 8% of 512, 4357 evals/s, 341 msg/s, 12.8 leaves/msg, 884s)
2026-08-08 02:48:47   [GPU] 3,900,004 evals (93401 batches, avg 42/batch = 8% of 512, 4353 evals/s, 341 msg/s, 12.8 leaves/msg, 896s)
2026-08-08 02:48:59   [GPU] 3,950,015 evals (94756 batches, avg 42/batch = 8% of 512, 4349 evals/s, 341 msg/s, 12.8 leaves/msg, 908s)
2026-08-08 02:49:11   [GPU] 4,000,032 evals (96003 batches, avg 42/batch = 8% of 512, 4347 evals/s, 341 msg/s, 12.7 leaves/msg, 920s)
2026-08-08 02:49:15 [iter 16/60] self-play: 120/160 games...
2026-08-08 02:49:22   [GPU] 4,050,026 evals (97222 batches, avg 42/batch = 8% of 512, 4347 evals/s, 341 msg/s, 12.7 leaves/msg, 932s)
2026-08-08 02:49:34   [GPU] 4,100,006 evals (98476 batches, avg 42/batch = 8% of 512, 4345 evals/s, 342 msg/s, 12.7 leaves/msg, 944s)
2026-08-08 02:49:44 [iter 16/60] self-play: 125/160 games...
2026-08-08 02:49:47   [GPU] 4,150,019 evals (99804 batches, avg 42/batch = 8% of 512, 4338 evals/s, 341 msg/s, 12.7 leaves/msg, 957s)
2026-08-08 02:50:00   [GPU] 4,200,010 evals (101150 batches, avg 42/batch = 8% of 512, 4331 evals/s, 341 msg/s, 12.7 leaves/msg, 970s)
2026-08-08 02:50:11 [iter 16/60] self-play: 130/160 games...
2026-08-08 02:50:13   [GPU] 4,250,033 evals (102386 batches, avg 42/batch = 8% of 512, 4328 evals/s, 341 msg/s, 12.7 leaves/msg, 982s)
2026-08-08 02:50:25 [iter 16/60] self-play: 135/160 games...
2026-08-08 02:50:26   [GPU] 4,300,073 evals (103725 batches, avg 41/batch = 8% of 512, 4320 evals/s, 340 msg/s, 12.7 leaves/msg, 995s)
2026-08-08 02:50:40   [GPU] 4,350,046 evals (105071 batches, avg 41/batch = 8% of 512, 4310 evals/s, 339 msg/s, 12.7 leaves/msg, 1009s)
2026-08-08 02:50:56   [GPU] 4,400,018 evals (106598 batches, avg 41/batch = 8% of 512, 4290 evals/s, 337 msg/s, 12.7 leaves/msg, 1026s)
2026-08-08 02:51:09 [iter 16/60] self-play: 140/160 games...
2026-08-08 02:51:10   [GPU] 4,450,009 evals (108005 batches, avg 41/batch = 8% of 512, 4280 evals/s, 337 msg/s, 12.7 leaves/msg, 1040s)
2026-08-08 02:51:24   [GPU] 4,500,004 evals (109313 batches, avg 41/batch = 8% of 512, 4272 evals/s, 336 msg/s, 12.7 leaves/msg, 1053s)
2026-08-08 02:51:41   [GPU] 4,550,018 evals (110956 batches, avg 41/batch = 8% of 512, 4250 evals/s, 334 msg/s, 12.7 leaves/msg, 1071s)
2026-08-08 02:51:59   [GPU] 4,600,003 evals (112646 batches, avg 41/batch = 8% of 512, 4227 evals/s, 332 msg/s, 12.7 leaves/msg, 1088s)
2026-08-08 02:52:18   [GPU] 4,650,004 evals (114452 batches, avg 41/batch = 8% of 512, 4200 evals/s, 331 msg/s, 12.7 leaves/msg, 1107s)
2026-08-08 02:52:21 [iter 16/60] self-play: 145/160 games...
2026-08-08 02:52:35   [GPU] 4,700,008 evals (116149 batches, avg 40/batch = 8% of 512, 4181 evals/s, 330 msg/s, 12.7 leaves/msg, 1124s)
2026-08-08 02:52:54   [GPU] 4,750,022 evals (117977 batches, avg 40/batch = 8% of 512, 4155 evals/s, 328 msg/s, 12.7 leaves/msg, 1143s)
2026-08-08 02:53:12   [GPU] 4,800,012 evals (119728 batches, avg 40/batch = 8% of 512, 4133 evals/s, 327 msg/s, 12.6 leaves/msg, 1161s)
2026-08-08 02:53:24   [GPU] 4,850,030 evals (120998 batches, avg 40/batch = 8% of 512, 4132 evals/s, 327 msg/s, 12.6 leaves/msg, 1174s)
2026-08-08 02:53:39   [GPU] 4,900,029 evals (122449 batches, avg 40/batch = 8% of 512, 4124 evals/s, 327 msg/s, 12.6 leaves/msg, 1188s)
2026-08-08 02:53:39 [iter 16/60] self-play: 150/160 games...
2026-08-08 02:53:54   [GPU] 4,950,003 evals (124023 batches, avg 40/batch = 8% of 512, 4112 evals/s, 326 msg/s, 12.6 leaves/msg, 1204s)
2026-08-08 02:53:58 [iter 16/60] self-play: 155/160 games...
2026-08-08 02:54:29   [GPU] 5,000,000 evals (126853 batches, avg 39/batch = 8% of 512, 4037 evals/s, 321 msg/s, 12.6 leaves/msg, 1239s)
2026-08-08 02:55:09   [GPU] 5,050,004 evals (130057 batches, avg 39/batch = 8% of 512, 3950 evals/s, 315 msg/s, 12.5 leaves/msg, 1279s)
2026-08-08 02:57:33   [GPU] 5,100,014 evals (138207 batches, avg 37/batch = 7% of 512, 3586 evals/s, 291 msg/s, 12.3 leaves/msg, 1422s)
2026-08-08 02:58:56   [GPU] 5,150,018 evals (143851 batches, avg 36/batch = 7% of 512, 3421 evals/s, 280 msg/s, 12.2 leaves/msg, 1505s)
2026-08-08 03:01:30   [GPU] 5,200,000 evals (149249 batches, avg 35/batch = 7% of 512, 3134 evals/s, 258 msg/s, 12.1 leaves/msg, 1659s)
2026-08-08 03:02:02 [iter 16/60] self-play: 160/160 games...
2026-08-08 03:02:02 [iter 16/60] self-play done: 160 games (1691s) | wins: P0=19, P1=103, draw=38 | draw_rate=24% avg_len~20
2026-08-08 03:02:02 [iter 16/60] search: expanded=9.5 actions/node visits/action=63.0 walls/game=7.56 first_wall_ply=1.475 learner_sims/s=3305.25
2026-08-08 03:02:02 [iter 16/60] WARNING: draw_rate 24% > 20% — games timing out at max_game_moves=160 (weak value signal).
2026-08-08 03:02:02 [iter 16/60] training (600 steps, lr=8.68e-04)...
2026-08-08 03:02:08 [iter 16/60] training done: loss_p=1.244 loss_v=0.124 (7s)
2026-08-08 03:02:10 [iter 16/60] data: policy_wall_mass=0.155 walled_states=53% walls_on_board=13.4 value_mae walled=0.205 free=0.100
2026-08-08 03:02:11 [iter 16/60] eval vs best (40 games, 600 sims)...
2026-08-08 03:02:11 [EVAL-MP] 8 workers spawned (40 vs_best games, sims=600), GPU batcher starting...
2026-08-08 03:02:29   [GPU] 50,024 evals (1264 batches, avg 40/batch = 8% of 512, 2785 evals/s, 181 msg/s, 15.4 leaves/msg, 18s)
2026-08-08 03:02:43   [GPU] 100,030 evals (2530 batches, avg 40/batch = 8% of 512, 3086 evals/s, 201 msg/s, 15.4 leaves/msg, 32s)
2026-08-08 03:02:57   [GPU] 150,007 evals (3799 batches, avg 39/batch = 8% of 512, 3228 evals/s, 213 msg/s, 15.2 leaves/msg, 46s)
2026-08-08 03:03:12   [GPU] 200,039 evals (5053 batches, avg 40/batch = 8% of 512, 3292 evals/s, 217 msg/s, 15.2 leaves/msg, 61s)
2026-08-08 03:03:26   [GPU] 250,029 evals (6296 batches, avg 40/batch = 8% of 512, 3324 evals/s, 219 msg/s, 15.2 leaves/msg, 75s)
2026-08-08 03:03:40   [GPU] 300,053 evals (7543 batches, avg 40/batch = 8% of 512, 3355 evals/s, 220 msg/s, 15.2 leaves/msg, 89s)
2026-08-08 03:03:55   [GPU] 350,073 evals (8815 batches, avg 40/batch = 8% of 512, 3367 evals/s, 221 msg/s, 15.2 leaves/msg, 104s)
2026-08-08 03:04:09   [GPU] 400,073 evals (10025 batches, avg 40/batch = 8% of 512, 3378 evals/s, 222 msg/s, 15.2 leaves/msg, 118s)
2026-08-08 03:04:24   [GPU] 450,055 evals (11198 batches, avg 40/batch = 8% of 512, 3385 evals/s, 222 msg/s, 15.2 leaves/msg, 133s)
2026-08-08 03:04:38   [GPU] 500,021 evals (12424 batches, avg 40/batch = 8% of 512, 3393 evals/s, 222 msg/s, 15.3 leaves/msg, 147s)
2026-08-08 03:04:53   [GPU] 550,022 evals (13622 batches, avg 40/batch = 8% of 512, 3398 evals/s, 223 msg/s, 15.3 leaves/msg, 162s)
2026-08-08 03:05:07   [GPU] 600,013 evals (14774 batches, avg 41/batch = 8% of 512, 3405 evals/s, 223 msg/s, 15.3 leaves/msg, 176s)
2026-08-08 03:05:21   [GPU] 650,039 evals (15990 batches, avg 41/batch = 8% of 512, 3411 evals/s, 223 msg/s, 15.3 leaves/msg, 191s)
2026-08-08 03:05:36   [GPU] 700,030 evals (17216 batches, avg 41/batch = 8% of 512, 3416 evals/s, 224 msg/s, 15.3 leaves/msg, 205s)
2026-08-08 03:05:51   [GPU] 750,026 evals (18442 batches, avg 41/batch = 8% of 512, 3414 evals/s, 224 msg/s, 15.3 leaves/msg, 220s)
2026-08-08 03:05:52 [iter 16/60] eval vs best: 5/40 games (222s, cand 100%)
2026-08-08 03:06:07   [GPU] 800,014 evals (19692 batches, avg 41/batch = 8% of 512, 3395 evals/s, 222 msg/s, 15.3 leaves/msg, 236s)
2026-08-08 03:06:21   [GPU] 850,044 evals (20945 batches, avg 41/batch = 8% of 512, 3393 evals/s, 222 msg/s, 15.3 leaves/msg, 251s)
2026-08-08 03:06:29 [iter 16/60] eval vs best: 10/40 games (258s, cand 100%)
2026-08-08 03:06:36   [GPU] 900,005 evals (22177 batches, avg 41/batch = 8% of 512, 3395 evals/s, 222 msg/s, 15.3 leaves/msg, 265s)
2026-08-08 03:06:50   [GPU] 950,022 evals (23402 batches, avg 41/batch = 8% of 512, 3400 evals/s, 223 msg/s, 15.3 leaves/msg, 279s)
2026-08-08 03:07:05   [GPU] 1,000,061 evals (24624 batches, avg 41/batch = 8% of 512, 3400 evals/s, 223 msg/s, 15.3 leaves/msg, 294s)
2026-08-08 03:07:19   [GPU] 1,050,029 evals (25870 batches, avg 41/batch = 8% of 512, 3403 evals/s, 223 msg/s, 15.3 leaves/msg, 309s)
2026-08-08 03:07:34   [GPU] 1,100,005 evals (27081 batches, avg 41/batch = 8% of 512, 3408 evals/s, 224 msg/s, 15.2 leaves/msg, 323s)
2026-08-08 03:07:48   [GPU] 1,150,000 evals (28310 batches, avg 41/batch = 8% of 512, 3414 evals/s, 224 msg/s, 15.2 leaves/msg, 337s)
2026-08-08 03:08:02   [GPU] 1,200,005 evals (29514 batches, avg 41/batch = 8% of 512, 3422 evals/s, 225 msg/s, 15.2 leaves/msg, 351s)
2026-08-08 03:08:15   [GPU] 1,250,016 evals (30731 batches, avg 41/batch = 8% of 512, 3429 evals/s, 226 msg/s, 15.2 leaves/msg, 364s)
2026-08-08 03:08:29   [GPU] 1,300,016 evals (31943 batches, avg 41/batch = 8% of 512, 3437 evals/s, 227 msg/s, 15.2 leaves/msg, 378s)
2026-08-08 03:08:43   [GPU] 1,350,005 evals (33156 batches, avg 41/batch = 8% of 512, 3446 evals/s, 228 msg/s, 15.1 leaves/msg, 392s)
2026-08-08 03:08:56   [GPU] 1,400,033 evals (34369 batches, avg 41/batch = 8% of 512, 3452 evals/s, 228 msg/s, 15.1 leaves/msg, 406s)
2026-08-08 03:09:10   [GPU] 1,450,010 evals (35579 batches, avg 41/batch = 8% of 512, 3458 evals/s, 229 msg/s, 15.1 leaves/msg, 419s)
2026-08-08 03:09:24   [GPU] 1,500,033 evals (36790 batches, avg 41/batch = 8% of 512, 3464 evals/s, 230 msg/s, 15.1 leaves/msg, 433s)
2026-08-08 03:09:37 [iter 16/60] eval vs best: 15/40 games (446s, cand 100%)
2026-08-08 03:09:38   [GPU] 1,550,025 evals (38048 batches, avg 41/batch = 8% of 512, 3465 evals/s, 230 msg/s, 15.1 leaves/msg, 447s)
2026-08-08 03:09:53   [GPU] 1,600,002 evals (39350 batches, avg 41/batch = 8% of 512, 3461 evals/s, 229 msg/s, 15.1 leaves/msg, 462s)
2026-08-08 03:10:08   [GPU] 1,650,041 evals (40597 batches, avg 41/batch = 8% of 512, 3458 evals/s, 229 msg/s, 15.1 leaves/msg, 477s)
2026-08-08 03:10:23   [GPU] 1,700,037 evals (41857 batches, avg 41/batch = 8% of 512, 3456 evals/s, 229 msg/s, 15.1 leaves/msg, 492s)
2026-08-08 03:10:37   [GPU] 1,750,055 evals (43098 batches, avg 41/batch = 8% of 512, 3457 evals/s, 229 msg/s, 15.1 leaves/msg, 506s)
2026-08-08 03:10:52   [GPU] 1,800,025 evals (44382 batches, avg 41/batch = 8% of 512, 3456 evals/s, 229 msg/s, 15.1 leaves/msg, 521s)
2026-08-08 03:11:06   [GPU] 1,850,029 evals (45643 batches, avg 41/batch = 8% of 512, 3456 evals/s, 229 msg/s, 15.1 leaves/msg, 535s)
2026-08-08 03:11:21   [GPU] 1,900,056 evals (46899 batches, avg 41/batch = 8% of 512, 3455 evals/s, 229 msg/s, 15.1 leaves/msg, 550s)
2026-08-08 03:11:36   [GPU] 1,950,035 evals (48179 batches, avg 40/batch = 8% of 512, 3453 evals/s, 228 msg/s, 15.1 leaves/msg, 565s)
2026-08-08 03:11:50   [GPU] 2,000,002 evals (49466 batches, avg 40/batch = 8% of 512, 3452 evals/s, 228 msg/s, 15.1 leaves/msg, 579s)
2026-08-08 03:12:05   [GPU] 2,050,008 evals (50757 batches, avg 40/batch = 8% of 512, 3451 evals/s, 228 msg/s, 15.1 leaves/msg, 594s)
2026-08-08 03:12:20   [GPU] 2,100,062 evals (52073 batches, avg 40/batch = 8% of 512, 3448 evals/s, 228 msg/s, 15.1 leaves/msg, 609s)
2026-08-08 03:12:35   [GPU] 2,150,010 evals (53355 batches, avg 40/batch = 8% of 512, 3446 evals/s, 228 msg/s, 15.1 leaves/msg, 624s)
2026-08-08 03:12:48 [iter 16/60] eval vs best: 20/40 games (637s, cand 100%)
2026-08-08 03:12:50   [GPU] 2,200,021 evals (54648 batches, avg 40/batch = 8% of 512, 3443 evals/s, 227 msg/s, 15.1 leaves/msg, 639s)
2026-08-08 03:13:06   [GPU] 2,250,004 evals (55908 batches, avg 40/batch = 8% of 512, 3437 evals/s, 227 msg/s, 15.1 leaves/msg, 655s)
2026-08-08 03:13:22   [GPU] 2,300,001 evals (57170 batches, avg 40/batch = 8% of 512, 3429 evals/s, 226 msg/s, 15.1 leaves/msg, 671s)
2026-08-08 03:13:37   [GPU] 2,350,021 evals (58472 batches, avg 40/batch = 8% of 512, 3423 evals/s, 226 msg/s, 15.1 leaves/msg, 687s)
2026-08-08 03:13:54   [GPU] 2,400,001 evals (59705 batches, avg 40/batch = 8% of 512, 3413 evals/s, 225 msg/s, 15.2 leaves/msg, 703s)
2026-08-08 03:13:57 [iter 16/60] eval vs best: 25/40 games (706s, cand 100%)
2026-08-08 03:14:10   [GPU] 2,450,039 evals (60953 batches, avg 40/batch = 8% of 512, 3408 evals/s, 225 msg/s, 15.2 leaves/msg, 719s)
2026-08-08 03:14:24   [GPU] 2,500,008 evals (62190 batches, avg 40/batch = 8% of 512, 3408 evals/s, 225 msg/s, 15.2 leaves/msg, 734s)
2026-08-08 03:14:38   [GPU] 2,550,002 evals (63425 batches, avg 40/batch = 8% of 512, 3411 evals/s, 225 msg/s, 15.2 leaves/msg, 747s)
2026-08-08 03:14:52   [GPU] 2,600,025 evals (64684 batches, avg 40/batch = 8% of 512, 3414 evals/s, 225 msg/s, 15.2 leaves/msg, 762s)
2026-08-08 03:15:08   [GPU] 2,650,014 evals (66079 batches, avg 40/batch = 8% of 512, 3408 evals/s, 225 msg/s, 15.2 leaves/msg, 778s)
2026-08-08 03:15:24   [GPU] 2,700,035 evals (67462 batches, avg 40/batch = 8% of 512, 3403 evals/s, 224 msg/s, 15.2 leaves/msg, 793s)
2026-08-08 03:15:40   [GPU] 2,750,008 evals (68808 batches, avg 40/batch = 8% of 512, 3398 evals/s, 224 msg/s, 15.2 leaves/msg, 809s)
2026-08-08 03:15:56   [GPU] 2,800,024 evals (70178 batches, avg 40/batch = 8% of 512, 3394 evals/s, 224 msg/s, 15.2 leaves/msg, 825s)
2026-08-08 03:16:11   [GPU] 2,850,007 evals (71496 batches, avg 40/batch = 8% of 512, 3390 evals/s, 223 msg/s, 15.2 leaves/msg, 841s)
2026-08-08 03:16:28   [GPU] 2,900,000 evals (72903 batches, avg 40/batch = 8% of 512, 3384 evals/s, 223 msg/s, 15.2 leaves/msg, 857s)
2026-08-08 03:16:42 [iter 16/60] eval vs best: 30/40 games (872s, cand 100%)
2026-08-08 03:16:44   [GPU] 2,950,012 evals (74310 batches, avg 40/batch = 8% of 512, 3377 evals/s, 222 msg/s, 15.2 leaves/msg, 874s)
2026-08-08 03:17:01   [GPU] 3,000,044 evals (75718 batches, avg 40/batch = 8% of 512, 3369 evals/s, 222 msg/s, 15.2 leaves/msg, 890s)
2026-08-08 03:17:22   [GPU] 3,050,014 evals (77261 batches, avg 39/batch = 8% of 512, 3348 evals/s, 220 msg/s, 15.2 leaves/msg, 911s)
2026-08-08 03:17:41   [GPU] 3,100,033 evals (78824 batches, avg 39/batch = 8% of 512, 3332 evals/s, 219 msg/s, 15.2 leaves/msg, 930s)
2026-08-08 03:18:00   [GPU] 3,150,008 evals (80371 batches, avg 39/batch = 8% of 512, 3319 evals/s, 218 msg/s, 15.2 leaves/msg, 949s)
2026-08-08 03:18:19   [GPU] 3,200,002 evals (81896 batches, avg 39/batch = 8% of 512, 3306 evals/s, 218 msg/s, 15.2 leaves/msg, 968s)
2026-08-08 03:18:34 [iter 16/60] eval vs best: 35/40 games (983s, cand 100%)
2026-08-08 03:18:37   [GPU] 3,250,000 evals (83387 batches, avg 39/batch = 8% of 512, 3295 evals/s, 217 msg/s, 15.2 leaves/msg, 986s)
2026-08-08 03:18:58   [GPU] 3,300,025 evals (85062 batches, avg 39/batch = 8% of 512, 3275 evals/s, 216 msg/s, 15.2 leaves/msg, 1008s)
2026-08-08 03:19:20   [GPU] 3,350,013 evals (86744 batches, avg 39/batch = 8% of 512, 3254 evals/s, 214 msg/s, 15.2 leaves/msg, 1029s)
2026-08-08 03:19:42   [GPU] 3,400,011 evals (88498 batches, avg 38/batch = 8% of 512, 3236 evals/s, 213 msg/s, 15.2 leaves/msg, 1051s)
2026-08-08 03:20:08   [GPU] 3,450,003 evals (90418 batches, avg 38/batch = 7% of 512, 3202 evals/s, 211 msg/s, 15.2 leaves/msg, 1077s)
2026-08-08 03:21:02   [GPU] 3,500,005 evals (92840 batches, avg 38/batch = 7% of 512, 3094 evals/s, 204 msg/s, 15.2 leaves/msg, 1131s)
2026-08-08 03:21:39 [iter 16/60] eval vs best: 40/40 games (1168s, cand 100%)
2026-08-08 03:21:39 WARNING: 3 consecutive evals decided fewer than the 10 games the accept gate requires (25% of 40). The gate CANNOT accept at this decided rate regardless of strength — lower eval_games, raise max_game_moves, or check that the champion can reach its goal at all.
2026-08-08 03:21:39 [iter 16/60] eval vs best done: 100.0% of 4 decided reject (only 4/40 games decided — too few to gate on) (1168s)
2026-08-08 03:21:39 [iter 16/60] eval vs random (40 games, 600 sims)...
2026-08-08 03:21:39 [EVAL-MP] 8 workers spawned (40 vs_random games, sims=600), GPU batcher starting...
2026-08-08 03:21:55   [GPU] 50,027 evals (1277 batches, avg 39/batch = 8% of 512, 3147 evals/s, 210 msg/s, 15.0 leaves/msg, 16s)
2026-08-08 03:22:07 [iter 16/60] eval vs random: 5/40 games (27s, cand 100%)
2026-08-08 03:22:07   [GPU] 100,009 evals (2490 batches, avg 40/batch = 8% of 512, 3595 evals/s, 250 msg/s, 14.4 leaves/msg, 28s)
2026-08-08 03:22:19   [GPU] 150,037 evals (3684 batches, avg 41/batch = 8% of 512, 3809 evals/s, 265 msg/s, 14.4 leaves/msg, 39s)
2026-08-08 03:22:25 [iter 16/60] eval vs random: 10/40 games (45s, cand 100%)
2026-08-08 03:22:30   [GPU] 200,014 evals (4867 batches, avg 41/batch = 8% of 512, 3922 evals/s, 273 msg/s, 14.4 leaves/msg, 51s)
2026-08-08 03:22:42   [GPU] 250,045 evals (6051 batches, avg 41/batch = 8% of 512, 4013 evals/s, 280 msg/s, 14.3 leaves/msg, 62s)
2026-08-08 03:22:50 [iter 16/60] eval vs random: 15/40 games (71s, cand 100%)
2026-08-08 03:22:53   [GPU] 300,014 evals (7154 batches, avg 42/batch = 8% of 512, 4097 evals/s, 287 msg/s, 14.3 leaves/msg, 73s)
2026-08-08 03:23:03 [iter 16/60] eval vs random: 20/40 games (84s, cand 100%)
2026-08-08 03:23:04   [GPU] 350,008 evals (8326 batches, avg 42/batch = 8% of 512, 4131 evals/s, 290 msg/s, 14.3 leaves/msg, 85s)
2026-08-08 03:23:16   [GPU] 400,012 evals (9564 batches, avg 42/batch = 8% of 512, 4130 evals/s, 290 msg/s, 14.2 leaves/msg, 97s)
2026-08-08 03:23:20 [iter 16/60] eval vs random: 25/40 games (101s, cand 100%)
2026-08-08 03:23:28   [GPU] 450,008 evals (10834 batches, avg 42/batch = 8% of 512, 4123 evals/s, 291 msg/s, 14.2 leaves/msg, 109s)
2026-08-08 03:23:40 [iter 16/60] eval vs random: 30/40 games (121s, cand 100%)
2026-08-08 03:23:43   [GPU] 500,049 evals (12263 batches, avg 41/batch = 8% of 512, 4035 evals/s, 284 msg/s, 14.2 leaves/msg, 124s)
2026-08-08 03:24:02   [GPU] 550,045 evals (13913 batches, avg 40/batch = 8% of 512, 3851 evals/s, 271 msg/s, 14.2 leaves/msg, 143s)
2026-08-08 03:24:04 [iter 16/60] eval vs random: 35/40 games (145s, cand 100%)
2026-08-08 03:24:38   [GPU] 600,006 evals (16334 batches, avg 37/batch = 7% of 512, 3357 evals/s, 236 msg/s, 14.2 leaves/msg, 179s)
2026-08-08 03:25:36 [iter 16/60] eval vs random: 40/40 games (237s, cand 100%)
2026-08-08 03:25:37 [iter 16/60] eval vs random done: 100.0% (237s)
2026-08-08 03:25:37 [iter 16/60] eval vs greedy (80 games, 600 sims)...
2026-08-08 03:25:37 [EVAL-MP] 8 workers spawned (80 vs_greedy games, sims=600), GPU batcher starting...
2026-08-08 03:25:52   [GPU] 50,031 evals (1198 batches, avg 42/batch = 8% of 512, 3341 evals/s, 221 msg/s, 15.1 leaves/msg, 15s)
2026-08-08 03:26:02 [iter 16/60] eval vs greedy: 5/80 games (25s, cand 80%)
2026-08-08 03:26:05   [GPU] 100,025 evals (2488 batches, avg 40/batch = 8% of 512, 3584 evals/s, 251 msg/s, 14.3 leaves/msg, 28s)
2026-08-08 03:26:17 [iter 16/60] eval vs greedy: 10/80 games (40s, cand 80%)
2026-08-08 03:26:18   [GPU] 150,007 evals (3754 batches, avg 40/batch = 8% of 512, 3659 evals/s, 251 msg/s, 14.6 leaves/msg, 41s)
2026-08-08 03:26:28 [iter 16/60] eval vs greedy: 15/80 games (51s, cand 80%)
2026-08-08 03:26:30   [GPU] 200,040 evals (4987 batches, avg 40/batch = 8% of 512, 3772 evals/s, 261 msg/s, 14.5 leaves/msg, 53s)
2026-08-08 03:26:43   [GPU] 250,017 evals (6244 batches, avg 40/batch = 8% of 512, 3788 evals/s, 260 msg/s, 14.6 leaves/msg, 66s)
2026-08-08 03:26:47 [iter 16/60] eval vs greedy: 20/80 games (70s, cand 85%)
2026-08-08 03:26:55   [GPU] 300,019 evals (7508 batches, avg 40/batch = 8% of 512, 3813 evals/s, 262 msg/s, 14.5 leaves/msg, 79s)
2026-08-08 03:26:56 [iter 16/60] eval vs greedy: 25/80 games (79s, cand 84%)
2026-08-08 03:27:08   [GPU] 350,006 evals (8753 batches, avg 40/batch = 8% of 512, 3837 evals/s, 263 msg/s, 14.6 leaves/msg, 91s)
2026-08-08 03:27:12 [iter 16/60] eval vs greedy: 30/80 games (95s, cand 83%)
2026-08-08 03:27:21 [iter 16/60] eval vs greedy: 35/80 games (104s, cand 86%)
2026-08-08 03:27:21   [GPU] 400,014 evals (10045 batches, avg 40/batch = 8% of 512, 3834 evals/s, 264 msg/s, 14.5 leaves/msg, 104s)
2026-08-08 03:27:34   [GPU] 450,030 evals (11256 batches, avg 40/batch = 8% of 512, 3843 evals/s, 264 msg/s, 14.5 leaves/msg, 117s)
2026-08-08 03:27:43 [iter 16/60] eval vs greedy: 40/80 games (126s, cand 82%)
2026-08-08 03:27:47   [GPU] 500,087 evals (12546 batches, avg 40/batch = 8% of 512, 3827 evals/s, 264 msg/s, 14.5 leaves/msg, 131s)
2026-08-08 03:27:53 [iter 16/60] eval vs greedy: 45/80 games (136s, cand 78%)
2026-08-08 03:28:01   [GPU] 550,050 evals (13808 batches, avg 40/batch = 8% of 512, 3821 evals/s, 263 msg/s, 14.5 leaves/msg, 144s)
2026-08-08 03:28:05 [iter 16/60] eval vs greedy: 50/80 games (149s, cand 78%)
2026-08-08 03:28:14   [GPU] 600,014 evals (15077 batches, avg 40/batch = 8% of 512, 3823 evals/s, 264 msg/s, 14.5 leaves/msg, 157s)
2026-08-08 03:28:20 [iter 16/60] eval vs greedy: 55/80 games (163s, cand 75%)
2026-08-08 03:28:26   [GPU] 650,003 evals (16309 batches, avg 40/batch = 8% of 512, 3843 evals/s, 266 msg/s, 14.5 leaves/msg, 169s)
2026-08-08 03:28:34 [iter 16/60] eval vs greedy: 60/80 games (177s, cand 72%)
2026-08-08 03:28:38   [GPU] 700,044 evals (17534 batches, avg 40/batch = 8% of 512, 3866 evals/s, 267 msg/s, 14.5 leaves/msg, 181s)
2026-08-08 03:28:46 [iter 16/60] eval vs greedy: 65/80 games (189s, cand 71%)
2026-08-08 03:28:51   [GPU] 750,038 evals (18816 batches, avg 40/batch = 8% of 512, 3863 evals/s, 267 msg/s, 14.5 leaves/msg, 194s)
2026-08-08 03:28:57 [iter 16/60] eval vs greedy: 70/80 games (200s, cand 70%)
2026-08-08 03:29:07   [GPU] 800,033 evals (20300 batches, avg 39/batch = 8% of 512, 3813 evals/s, 264 msg/s, 14.5 leaves/msg, 210s)
2026-08-08 03:29:19 [iter 16/60] eval vs greedy: 75/80 games (222s, cand 69%)
2026-08-08 03:29:34   [GPU] 850,025 evals (22314 batches, avg 38/batch = 7% of 512, 3583 evals/s, 248 msg/s, 14.4 leaves/msg, 237s)
2026-08-08 03:29:47 [iter 16/60] eval vs greedy: 80/80 games (250s, cand 70%)
2026-08-08 03:29:47 [iter 16/60] eval vs greedy done: 70.0% of 80 decided [seat0:27/40 seat1:29/40] (250s)
2026-08-08 03:29:47 [iter 16/60] eval vs minimax (depth 2, 80 games)...
2026-08-08 03:29:47 [EVAL-MP] 8 workers spawned (80 vs_minimax games, sims=600), GPU batcher starting...
2026-08-08 03:30:03   [GPU] 50,029 evals (1287 batches, avg 39/batch = 8% of 512, 3145 evals/s, 204 msg/s, 15.4 leaves/msg, 16s)
2026-08-08 03:30:15   [GPU] 100,014 evals (2485 batches, avg 40/batch = 8% of 512, 3567 evals/s, 248 msg/s, 14.4 leaves/msg, 28s)
2026-08-08 03:30:18 [iter 16/60] eval vs minimax: 5/80 games (0%)
2026-08-08 03:30:27   [GPU] 150,007 evals (3714 batches, avg 40/batch = 8% of 512, 3736 evals/s, 262 msg/s, 14.2 leaves/msg, 40s)
2026-08-08 03:30:39   [GPU] 200,000 evals (4920 batches, avg 41/batch = 8% of 512, 3837 evals/s, 266 msg/s, 14.4 leaves/msg, 52s)
2026-08-08 03:30:42 [iter 16/60] eval vs minimax: 10/80 games (0%)
2026-08-08 03:30:52   [GPU] 250,024 evals (6187 batches, avg 40/batch = 8% of 512, 3874 evals/s, 273 msg/s, 14.2 leaves/msg, 65s)
2026-08-08 03:31:04   [GPU] 300,039 evals (7377 batches, avg 41/batch = 8% of 512, 3931 evals/s, 276 msg/s, 14.2 leaves/msg, 76s)
2026-08-08 03:31:09 [iter 16/60] eval vs minimax: 15/80 games (0%)
2026-08-08 03:31:16   [GPU] 350,060 evals (8594 batches, avg 41/batch = 8% of 512, 3963 evals/s, 279 msg/s, 14.2 leaves/msg, 88s)
2026-08-08 03:31:28   [GPU] 400,011 evals (9817 batches, avg 41/batch = 8% of 512, 3983 evals/s, 281 msg/s, 14.2 leaves/msg, 100s)
2026-08-08 03:31:39   [GPU] 450,023 evals (10952 batches, avg 41/batch = 8% of 512, 4045 evals/s, 287 msg/s, 14.1 leaves/msg, 111s)
2026-08-08 03:31:44 [iter 16/60] eval vs minimax: 20/80 games (0%)
2026-08-08 03:31:51   [GPU] 500,029 evals (12192 batches, avg 41/batch = 8% of 512, 4041 evals/s, 286 msg/s, 14.1 leaves/msg, 124s)
2026-08-08 03:32:04   [GPU] 550,006 evals (13417 batches, avg 41/batch = 8% of 512, 4037 evals/s, 284 msg/s, 14.2 leaves/msg, 136s)
2026-08-08 03:32:13 [iter 16/60] eval vs minimax: 25/80 games (0%)
2026-08-08 03:32:15   [GPU] 600,073 evals (14593 batches, avg 41/batch = 8% of 512, 4050 evals/s, 286 msg/s, 14.2 leaves/msg, 148s)
2026-08-08 03:32:28   [GPU] 650,019 evals (15824 batches, avg 41/batch = 8% of 512, 4053 evals/s, 285 msg/s, 14.2 leaves/msg, 160s)
2026-08-08 03:32:40   [GPU] 700,026 evals (17033 batches, avg 41/batch = 8% of 512, 4058 evals/s, 285 msg/s, 14.2 leaves/msg, 173s)
2026-08-08 03:32:43 [iter 16/60] eval vs minimax: 30/80 games (0%)
2026-08-08 03:32:50 [iter 16/60] eval vs minimax: 35/80 games (0%)
2026-08-08 03:32:50   [GPU] 750,025 evals (18141 batches, avg 41/batch = 8% of 512, 4098 evals/s, 289 msg/s, 14.2 leaves/msg, 183s)
2026-08-08 03:33:03   [GPU] 800,041 evals (19377 batches, avg 41/batch = 8% of 512, 4092 evals/s, 288 msg/s, 14.2 leaves/msg, 196s)
2026-08-08 03:33:15   [GPU] 850,059 evals (20556 batches, avg 41/batch = 8% of 512, 4101 evals/s, 288 msg/s, 14.2 leaves/msg, 207s)
2026-08-08 03:33:26 [iter 16/60] eval vs minimax: 40/80 games (0%)
2026-08-08 03:33:27   [GPU] 900,022 evals (21773 batches, avg 41/batch = 8% of 512, 4105 evals/s, 288 msg/s, 14.2 leaves/msg, 219s)
2026-08-08 03:33:38   [GPU] 950,007 evals (22969 batches, avg 41/batch = 8% of 512, 4113 evals/s, 289 msg/s, 14.2 leaves/msg, 231s)
2026-08-08 03:33:51   [GPU] 1,000,015 evals (24259 batches, avg 41/batch = 8% of 512, 4106 evals/s, 289 msg/s, 14.2 leaves/msg, 244s)
2026-08-08 03:33:52 [iter 16/60] eval vs minimax: 45/80 games (0%)
2026-08-08 03:34:03   [GPU] 1,050,004 evals (25520 batches, avg 41/batch = 8% of 512, 4099 evals/s, 289 msg/s, 14.2 leaves/msg, 256s)
2026-08-08 03:34:12 [iter 16/60] eval vs minimax: 50/80 games (0%)
2026-08-08 03:34:16   [GPU] 1,100,027 evals (26762 batches, avg 41/batch = 8% of 512, 4096 evals/s, 289 msg/s, 14.2 leaves/msg, 269s)
2026-08-08 03:34:28   [GPU] 1,150,035 evals (27984 batches, avg 41/batch = 8% of 512, 4094 evals/s, 289 msg/s, 14.2 leaves/msg, 281s)
2026-08-08 03:34:29 [iter 16/60] eval vs minimax: 55/80 games (0%)
2026-08-08 03:34:41   [GPU] 1,200,039 evals (29253 batches, avg 41/batch = 8% of 512, 4088 evals/s, 288 msg/s, 14.2 leaves/msg, 294s)
2026-08-08 03:34:52   [GPU] 1,250,013 evals (30436 batches, avg 41/batch = 8% of 512, 4101 evals/s, 290 msg/s, 14.2 leaves/msg, 305s)
2026-08-08 03:35:04   [GPU] 1,300,026 evals (31632 batches, avg 41/batch = 8% of 512, 4109 evals/s, 291 msg/s, 14.1 leaves/msg, 316s)
2026-08-08 03:35:08 [iter 16/60] eval vs minimax: 60/80 games (0%)
2026-08-08 03:35:16   [GPU] 1,350,019 evals (32862 batches, avg 41/batch = 8% of 512, 4109 evals/s, 291 msg/s, 14.1 leaves/msg, 329s)
2026-08-08 03:35:29   [GPU] 1,400,004 evals (34159 batches, avg 41/batch = 8% of 512, 4102 evals/s, 290 msg/s, 14.1 leaves/msg, 341s)
2026-08-08 03:35:35 [iter 16/60] eval vs minimax: 65/80 games (0%)
2026-08-08 03:35:43   [GPU] 1,450,013 evals (35560 batches, avg 41/batch = 8% of 512, 4073 evals/s, 288 msg/s, 14.1 leaves/msg, 356s)
2026-08-08 03:35:59   [GPU] 1,500,006 evals (37090 batches, avg 40/batch = 8% of 512, 4030 evals/s, 285 msg/s, 14.1 leaves/msg, 372s)
2026-08-08 03:36:08 [iter 16/60] eval vs minimax: 70/80 games (0%)
2026-08-08 03:36:21   [GPU] 1,550,018 evals (39035 batches, avg 40/batch = 8% of 512, 3932 evals/s, 279 msg/s, 14.1 leaves/msg, 394s)
2026-08-08 03:36:44   [GPU] 1,600,020 evals (40889 batches, avg 39/batch = 8% of 512, 3843 evals/s, 273 msg/s, 14.1 leaves/msg, 416s)
2026-08-08 03:36:52 [iter 16/60] eval vs minimax: 75/80 games (0%)
2026-08-08 03:37:25   [GPU] 1,650,028 evals (43402 batches, avg 38/batch = 7% of 512, 3607 evals/s, 256 msg/s, 14.1 leaves/msg, 457s)
2026-08-08 03:38:12   [GPU] 1,700,009 evals (46116 batches, avg 37/batch = 7% of 512, 3367 evals/s, 238 msg/s, 14.1 leaves/msg, 505s)
2026-08-08 03:39:33   [GPU] 1,750,015 evals (49336 batches, avg 35/batch = 7% of 512, 2989 evals/s, 211 msg/s, 14.1 leaves/msg, 586s)
2026-08-08 03:40:13 [iter 16/60] eval vs minimax: 80/80 games (0%)
2026-08-08 03:40:13 [iter 16/60] eval vs minimax done: 0.0% of 62 decided [seat0:0/40 seat1:0/40] (626s)
2026-08-08 03:40:13 [iter 16/60] WARNING: racing decay — best seat 72% is 20 pts below the peak 92% (1/2 evals)
2026-08-08 03:40:13 >>> iter 16 | loss_p=1.244 loss_v=0.124 | vs_best=100.0% reject | vs_rand=100.0% | draw=24% | buf=100000 | rss=3.04GB | sp=1691s train=7s eval_best=1168s eval_rand=237s | total=3983s
2026-08-08 03:40:13 [iter 17/60] self-play starting (160 games, 600 sims, MIXED 80/160 race-only)...
2026-08-08 03:40:13 [PARALLEL-MP] 8 workers spawned (160 games, sims=600), GPU batcher starting...
2026-08-08 03:40:25   [GPU] 50,007 evals (899 batches, avg 56/batch = 11% of 512, 4451 evals/s, 338 msg/s, 13.2 leaves/msg, 11s)
2026-08-08 03:40:28 [iter 17/60] self-play: 5/160 games...
2026-08-08 03:40:37   [GPU] 100,014 evals (2138 batches, avg 47/batch = 9% of 512, 4241 evals/s, 322 msg/s, 13.2 leaves/msg, 24s)
2026-08-08 03:40:49   [GPU] 150,025 evals (3349 batches, avg 45/batch = 9% of 512, 4205 evals/s, 314 msg/s, 13.4 leaves/msg, 36s)
2026-08-08 03:40:54 [iter 17/60] self-play: 10/160 games...
2026-08-08 03:41:02   [GPU] 200,055 evals (4723 batches, avg 42/batch = 8% of 512, 4068 evals/s, 307 msg/s, 13.3 leaves/msg, 49s)
2026-08-08 03:41:16   [GPU] 250,014 evals (6001 batches, avg 42/batch = 8% of 512, 4011 evals/s, 295 msg/s, 13.6 leaves/msg, 62s)
2026-08-08 03:41:27   [GPU] 300,043 evals (7100 batches, avg 42/batch = 8% of 512, 4075 evals/s, 297 msg/s, 13.7 leaves/msg, 74s)
2026-08-08 03:41:33 [iter 17/60] self-play: 15/160 games...
2026-08-08 03:41:36   [GPU] 350,019 evals (8025 batches, avg 44/batch = 9% of 512, 4225 evals/s, 310 msg/s, 13.6 leaves/msg, 83s)
2026-08-08 03:41:44   [GPU] 400,025 evals (8874 batches, avg 45/batch = 9% of 512, 4386 evals/s, 321 msg/s, 13.6 leaves/msg, 91s)
2026-08-08 03:41:53   [GPU] 450,029 evals (9770 batches, avg 46/batch = 9% of 512, 4494 evals/s, 328 msg/s, 13.7 leaves/msg, 100s)
2026-08-08 03:42:01   [GPU] 500,034 evals (10603 batches, avg 47/batch = 9% of 512, 4623 evals/s, 336 msg/s, 13.7 leaves/msg, 108s)
2026-08-08 03:42:09   [GPU] 550,040 evals (11435 batches, avg 48/batch = 9% of 512, 4744 evals/s, 346 msg/s, 13.7 leaves/msg, 116s)
2026-08-08 03:42:16   [GPU] 600,049 evals (12195 batches, avg 49/batch = 10% of 512, 4877 evals/s, 355 msg/s, 13.7 leaves/msg, 123s)
2026-08-08 03:42:20 [iter 17/60] self-play: 20/160 games...
2026-08-08 03:42:24   [GPU] 650,038 evals (13047 batches, avg 50/batch = 10% of 512, 4971 evals/s, 362 msg/s, 13.7 leaves/msg, 131s)
2026-08-08 03:42:32   [GPU] 700,041 evals (13917 batches, avg 50/batch = 10% of 512, 5048 evals/s, 367 msg/s, 13.8 leaves/msg, 139s)
2026-08-08 03:42:40   [GPU] 750,033 evals (14784 batches, avg 51/batch = 10% of 512, 5107 evals/s, 371 msg/s, 13.8 leaves/msg, 147s)
2026-08-08 03:42:43 [iter 17/60] self-play: 25/160 games...
2026-08-08 03:42:49   [GPU] 800,064 evals (15741 batches, avg 51/batch = 10% of 512, 5132 evals/s, 372 msg/s, 13.8 leaves/msg, 156s)
2026-08-08 03:43:00   [GPU] 850,012 evals (16852 batches, avg 50/batch = 10% of 512, 5096 evals/s, 370 msg/s, 13.8 leaves/msg, 167s)
2026-08-08 03:43:02 [iter 17/60] self-play: 30/160 games...
2026-08-08 03:43:10   [GPU] 900,009 evals (17883 batches, avg 50/batch = 10% of 512, 5088 evals/s, 369 msg/s, 13.8 leaves/msg, 177s)
2026-08-08 03:43:20   [GPU] 950,024 evals (18918 batches, avg 50/batch = 10% of 512, 5088 evals/s, 369 msg/s, 13.8 leaves/msg, 187s)
2026-08-08 03:43:26 [iter 17/60] self-play: 35/160 games...
2026-08-08 03:43:29   [GPU] 1,000,028 evals (19849 batches, avg 50/batch = 10% of 512, 5117 evals/s, 371 msg/s, 13.8 leaves/msg, 195s)
2026-08-08 03:43:39   [GPU] 1,050,024 evals (20930 batches, avg 50/batch = 10% of 512, 5111 evals/s, 371 msg/s, 13.8 leaves/msg, 205s)
2026-08-08 03:43:49   [GPU] 1,100,040 evals (21951 batches, avg 50/batch = 10% of 512, 5093 evals/s, 369 msg/s, 13.8 leaves/msg, 216s)
2026-08-08 03:43:59   [GPU] 1,150,023 evals (22979 batches, avg 50/batch = 10% of 512, 5088 evals/s, 369 msg/s, 13.8 leaves/msg, 226s)
2026-08-08 03:43:59 [iter 17/60] self-play: 40/160 games...
2026-08-08 03:44:10   [GPU] 1,200,007 evals (24027 batches, avg 50/batch = 10% of 512, 5078 evals/s, 367 msg/s, 13.8 leaves/msg, 236s)
2026-08-08 03:44:21   [GPU] 1,250,012 evals (25189 batches, avg 50/batch = 10% of 512, 5046 evals/s, 366 msg/s, 13.8 leaves/msg, 248s)
2026-08-08 03:44:32   [GPU] 1,300,021 evals (26357 batches, avg 49/batch = 10% of 512, 5017 evals/s, 363 msg/s, 13.8 leaves/msg, 259s)
2026-08-08 03:44:42   [GPU] 1,350,023 evals (27420 batches, avg 49/batch = 10% of 512, 5016 evals/s, 363 msg/s, 13.8 leaves/msg, 269s)
2026-08-08 03:44:48 [iter 17/60] self-play: 45/160 games...
2026-08-08 03:44:52   [GPU] 1,400,007 evals (28434 batches, avg 49/batch = 10% of 512, 5028 evals/s, 364 msg/s, 13.8 leaves/msg, 278s)
2026-08-08 03:45:01   [GPU] 1,450,012 evals (29437 batches, avg 49/batch = 10% of 512, 5035 evals/s, 365 msg/s, 13.8 leaves/msg, 288s)
2026-08-08 03:45:12   [GPU] 1,500,014 evals (30509 batches, avg 49/batch = 10% of 512, 5026 evals/s, 366 msg/s, 13.7 leaves/msg, 298s)
2026-08-08 03:45:19 [iter 17/60] self-play: 50/160 games...
2026-08-08 03:45:21   [GPU] 1,550,049 evals (31513 batches, avg 49/batch = 10% of 512, 5030 evals/s, 366 msg/s, 13.7 leaves/msg, 308s)
2026-08-08 03:45:32   [GPU] 1,600,029 evals (32623 batches, avg 49/batch = 10% of 512, 5018 evals/s, 365 msg/s, 13.7 leaves/msg, 319s)
2026-08-08 03:45:43   [GPU] 1,650,035 evals (33758 batches, avg 49/batch = 10% of 512, 5006 evals/s, 364 msg/s, 13.8 leaves/msg, 330s)
2026-08-08 03:45:47 [iter 17/60] self-play: 55/160 games...
2026-08-08 03:45:54   [GPU] 1,700,009 evals (34873 batches, avg 49/batch = 10% of 512, 4994 evals/s, 363 msg/s, 13.8 leaves/msg, 340s)
2026-08-08 03:46:05   [GPU] 1,750,008 evals (36047 batches, avg 49/batch = 9% of 512, 4977 evals/s, 361 msg/s, 13.8 leaves/msg, 352s)
2026-08-08 03:46:16   [GPU] 1,800,052 evals (37154 batches, avg 48/batch = 9% of 512, 4969 evals/s, 360 msg/s, 13.8 leaves/msg, 362s)
2026-08-08 03:46:25   [GPU] 1,850,048 evals (38152 batches, avg 48/batch = 9% of 512, 4980 evals/s, 361 msg/s, 13.8 leaves/msg, 372s)
2026-08-08 03:46:27 [iter 17/60] self-play: 60/160 games...
2026-08-08 03:46:34   [GPU] 1,900,059 evals (39098 batches, avg 49/batch = 9% of 512, 4996 evals/s, 362 msg/s, 13.8 leaves/msg, 380s)
2026-08-08 03:46:42   [GPU] 1,950,036 evals (40040 batches, avg 49/batch = 10% of 512, 5014 evals/s, 363 msg/s, 13.8 leaves/msg, 389s)
2026-08-08 03:46:52   [GPU] 2,000,034 evals (41073 batches, avg 49/batch = 10% of 512, 5020 evals/s, 364 msg/s, 13.8 leaves/msg, 398s)
2026-08-08 03:46:57 [iter 17/60] self-play: 65/160 games...
2026-08-08 03:47:01   [GPU] 2,050,056 evals (42119 batches, avg 49/batch = 10% of 512, 5023 evals/s, 364 msg/s, 13.8 leaves/msg, 408s)
2026-08-08 03:47:11   [GPU] 2,100,006 evals (43132 batches, avg 49/batch = 10% of 512, 5028 evals/s, 365 msg/s, 13.8 leaves/msg, 418s)
2026-08-08 03:47:17 [iter 17/60] self-play: 70/160 games...
2026-08-08 03:47:22   [GPU] 2,150,010 evals (44284 batches, avg 49/batch = 9% of 512, 5017 evals/s, 364 msg/s, 13.8 leaves/msg, 429s)
2026-08-08 03:47:32   [GPU] 2,200,024 evals (45311 batches, avg 49/batch = 9% of 512, 5018 evals/s, 364 msg/s, 13.8 leaves/msg, 438s)
2026-08-08 03:47:40 [iter 17/60] self-play: 75/160 games...
2026-08-08 03:47:41   [GPU] 2,250,057 evals (46311 batches, avg 49/batch = 9% of 512, 5025 evals/s, 365 msg/s, 13.8 leaves/msg, 448s)
2026-08-08 03:47:49   [GPU] 2,300,035 evals (47172 batches, avg 49/batch = 10% of 512, 5043 evals/s, 366 msg/s, 13.8 leaves/msg, 456s)
2026-08-08 03:47:57   [GPU] 2,350,042 evals (48026 batches, avg 49/batch = 10% of 512, 5062 evals/s, 368 msg/s, 13.8 leaves/msg, 464s)
2026-08-08 03:48:03 [iter 17/60] self-play: 80/160 games...
2026-08-08 03:48:06   [GPU] 2,400,060 evals (48952 batches, avg 49/batch = 10% of 512, 5074 evals/s, 369 msg/s, 13.8 leaves/msg, 473s)
2026-08-08 03:48:15   [GPU] 2,450,059 evals (49926 batches, avg 49/batch = 10% of 512, 5082 evals/s, 370 msg/s, 13.7 leaves/msg, 482s)
2026-08-08 03:48:25   [GPU] 2,500,038 evals (50906 batches, avg 49/batch = 10% of 512, 5088 evals/s, 370 msg/s, 13.7 leaves/msg, 491s)
2026-08-08 03:48:32 [iter 17/60] self-play: 85/160 games...
2026-08-08 03:48:33   [GPU] 2,550,014 evals (51809 batches, avg 49/batch = 10% of 512, 5100 evals/s, 371 msg/s, 13.7 leaves/msg, 500s)
2026-08-08 03:48:42   [GPU] 2,600,032 evals (52776 batches, avg 49/batch = 10% of 512, 5108 evals/s, 372 msg/s, 13.7 leaves/msg, 509s)
2026-08-08 03:48:52   [GPU] 2,650,067 evals (53756 batches, avg 49/batch = 10% of 512, 5113 evals/s, 372 msg/s, 13.7 leaves/msg, 518s)
2026-08-08 03:49:00   [GPU] 2,700,033 evals (54674 batches, avg 49/batch = 10% of 512, 5125 evals/s, 373 msg/s, 13.7 leaves/msg, 527s)
2026-08-08 03:49:00 [iter 17/60] self-play: 90/160 games...
2026-08-08 03:49:09   [GPU] 2,750,015 evals (55662 batches, avg 49/batch = 10% of 512, 5131 evals/s, 374 msg/s, 13.7 leaves/msg, 536s)
2026-08-08 03:49:19   [GPU] 2,800,064 evals (56671 batches, avg 49/batch = 10% of 512, 5134 evals/s, 374 msg/s, 13.7 leaves/msg, 545s)
2026-08-08 03:49:26 [iter 17/60] self-play: 95/160 games...
2026-08-08 03:49:29   [GPU] 2,850,043 evals (57727 batches, avg 49/batch = 10% of 512, 5129 evals/s, 375 msg/s, 13.7 leaves/msg, 556s)
2026-08-08 03:49:40   [GPU] 2,900,020 evals (58899 batches, avg 49/batch = 10% of 512, 5114 evals/s, 374 msg/s, 13.7 leaves/msg, 567s)
2026-08-08 03:49:44 [iter 17/60] self-play: 100/160 games...
2026-08-08 03:49:53   [GPU] 2,950,021 evals (60188 batches, avg 49/batch = 10% of 512, 5088 evals/s, 373 msg/s, 13.7 leaves/msg, 580s)
2026-08-08 03:50:05   [GPU] 3,000,058 evals (61358 batches, avg 49/batch = 10% of 512, 5072 evals/s, 372 msg/s, 13.7 leaves/msg, 591s)
2026-08-08 03:50:18   [GPU] 3,050,053 evals (62663 batches, avg 49/batch = 10% of 512, 5048 evals/s, 371 msg/s, 13.6 leaves/msg, 604s)
2026-08-08 03:50:31   [GPU] 3,100,008 evals (63986 batches, avg 48/batch = 9% of 512, 5022 evals/s, 369 msg/s, 13.6 leaves/msg, 617s)
2026-08-08 03:50:37 [iter 17/60] self-play: 105/160 games...
2026-08-08 03:50:41   [GPU] 3,150,007 evals (65127 batches, avg 48/batch = 9% of 512, 5016 evals/s, 368 msg/s, 13.6 leaves/msg, 628s)
2026-08-08 03:50:53   [GPU] 3,200,018 evals (66306 batches, avg 48/batch = 9% of 512, 5005 evals/s, 368 msg/s, 13.6 leaves/msg, 639s)
2026-08-08 03:51:03   [GPU] 3,250,003 evals (67413 batches, avg 48/batch = 9% of 512, 5002 evals/s, 368 msg/s, 13.6 leaves/msg, 650s)
2026-08-08 03:51:14   [GPU] 3,300,001 evals (68600 batches, avg 48/batch = 9% of 512, 4994 evals/s, 368 msg/s, 13.6 leaves/msg, 661s)
2026-08-08 03:51:24   [GPU] 3,350,010 evals (69648 batches, avg 48/batch = 9% of 512, 4994 evals/s, 368 msg/s, 13.6 leaves/msg, 671s)
2026-08-08 03:51:33 [iter 17/60] self-play: 110/160 games...
2026-08-08 03:51:33   [GPU] 3,400,000 evals (70606 batches, avg 48/batch = 9% of 512, 5001 evals/s, 369 msg/s, 13.5 leaves/msg, 680s)
2026-08-08 03:51:44   [GPU] 3,450,023 evals (71718 batches, avg 48/batch = 9% of 512, 4997 evals/s, 370 msg/s, 13.5 leaves/msg, 690s)
2026-08-08 03:51:47 [iter 17/60] self-play: 115/160 games...
2026-08-08 03:51:55   [GPU] 3,500,015 evals (72869 batches, avg 48/batch = 9% of 512, 4988 evals/s, 369 msg/s, 13.5 leaves/msg, 702s)
2026-08-08 03:52:08   [GPU] 3,550,014 evals (74213 batches, avg 48/batch = 9% of 512, 4965 evals/s, 368 msg/s, 13.5 leaves/msg, 715s)
2026-08-08 03:52:13 [iter 17/60] self-play: 120/160 games...
2026-08-08 03:52:22   [GPU] 3,600,056 evals (75571 batches, avg 48/batch = 9% of 512, 4941 evals/s, 367 msg/s, 13.5 leaves/msg, 729s)
2026-08-08 03:52:36   [GPU] 3,650,006 evals (77002 batches, avg 47/batch = 9% of 512, 4913 evals/s, 365 msg/s, 13.5 leaves/msg, 743s)
2026-08-08 03:52:50   [GPU] 3,700,016 evals (78384 batches, avg 47/batch = 9% of 512, 4890 evals/s, 364 msg/s, 13.4 leaves/msg, 757s)
2026-08-08 03:53:02   [GPU] 3,750,011 evals (79615 batches, avg 47/batch = 9% of 512, 4880 evals/s, 363 msg/s, 13.4 leaves/msg, 769s)
2026-08-08 03:53:05 [iter 17/60] self-play: 125/160 games...
2026-08-08 03:53:14   [GPU] 3,800,016 evals (80886 batches, avg 47/batch = 9% of 512, 4868 evals/s, 363 msg/s, 13.4 leaves/msg, 781s)
2026-08-08 03:53:26   [GPU] 3,850,017 evals (82145 batches, avg 47/batch = 9% of 512, 4857 evals/s, 362 msg/s, 13.4 leaves/msg, 793s)
2026-08-08 03:53:37   [GPU] 3,900,002 evals (83358 batches, avg 47/batch = 9% of 512, 4850 evals/s, 362 msg/s, 13.4 leaves/msg, 804s)
2026-08-08 03:53:47   [GPU] 3,950,019 evals (84442 batches, avg 47/batch = 9% of 512, 4851 evals/s, 362 msg/s, 13.4 leaves/msg, 814s)
2026-08-08 03:53:52 [iter 17/60] self-play: 130/160 games...
2026-08-08 03:53:57   [GPU] 4,000,024 evals (85448 batches, avg 47/batch = 9% of 512, 4855 evals/s, 363 msg/s, 13.4 leaves/msg, 824s)
2026-08-08 03:54:08   [GPU] 4,050,032 evals (86618 batches, avg 47/batch = 9% of 512, 4849 evals/s, 363 msg/s, 13.3 leaves/msg, 835s)
2026-08-08 03:54:20   [GPU] 4,100,003 evals (87784 batches, avg 47/batch = 9% of 512, 4844 evals/s, 363 msg/s, 13.3 leaves/msg, 846s)
2026-08-08 03:54:30   [GPU] 4,150,047 evals (88912 batches, avg 47/batch = 9% of 512, 4842 evals/s, 363 msg/s, 13.3 leaves/msg, 857s)
2026-08-08 03:54:34 [iter 17/60] self-play: 135/160 games...
2026-08-08 03:54:41   [GPU] 4,200,044 evals (90040 batches, avg 47/batch = 9% of 512, 4838 evals/s, 363 msg/s, 13.3 leaves/msg, 868s)
2026-08-08 03:54:55   [GPU] 4,250,012 evals (91334 batches, avg 47/batch = 9% of 512, 4821 evals/s, 362 msg/s, 13.3 leaves/msg, 882s)
2026-08-08 03:54:57 [iter 17/60] self-play: 140/160 games...
2026-08-08 03:55:09   [GPU] 4,300,036 evals (92683 batches, avg 46/batch = 9% of 512, 4803 evals/s, 362 msg/s, 13.3 leaves/msg, 895s)
2026-08-08 03:55:23   [GPU] 4,350,016 evals (94032 batches, avg 46/batch = 9% of 512, 4783 evals/s, 360 msg/s, 13.3 leaves/msg, 909s)
2026-08-08 03:55:30 [iter 17/60] self-play: 145/160 games...
2026-08-08 03:55:36   [GPU] 4,400,025 evals (95370 batches, avg 46/batch = 9% of 512, 4770 evals/s, 360 msg/s, 13.3 leaves/msg, 922s)
2026-08-08 03:55:48   [GPU] 4,450,002 evals (96662 batches, avg 46/batch = 9% of 512, 4760 evals/s, 360 msg/s, 13.2 leaves/msg, 935s)
2026-08-08 03:56:02   [GPU] 4,500,022 evals (98085 batches, avg 46/batch = 9% of 512, 4742 evals/s, 359 msg/s, 13.2 leaves/msg, 949s)
2026-08-08 03:56:17   [GPU] 4,550,009 evals (99550 batches, avg 46/batch = 9% of 512, 4723 evals/s, 358 msg/s, 13.2 leaves/msg, 963s)
2026-08-08 03:56:26 [iter 17/60] self-play: 150/160 games...
2026-08-08 03:56:31   [GPU] 4,600,003 evals (101010 batches, avg 46/batch = 9% of 512, 4704 evals/s, 357 msg/s, 13.2 leaves/msg, 978s)
2026-08-08 03:56:45   [GPU] 4,650,011 evals (102445 batches, avg 45/batch = 9% of 512, 4688 evals/s, 356 msg/s, 13.2 leaves/msg, 992s)
2026-08-08 03:56:57 [iter 17/60] self-play: 155/160 games...
2026-08-08 03:57:08   [GPU] 4,700,013 evals (104649 batches, avg 45/batch = 9% of 512, 4631 evals/s, 353 msg/s, 13.1 leaves/msg, 1015s)
2026-08-08 03:57:31   [GPU] 4,750,028 evals (106714 batches, avg 45/batch = 9% of 512, 4579 evals/s, 350 msg/s, 13.1 leaves/msg, 1037s)
2026-08-08 03:57:52   [GPU] 4,800,011 evals (108632 batches, avg 44/batch = 9% of 512, 4536 evals/s, 347 msg/s, 13.1 leaves/msg, 1058s)
2026-08-08 03:58:19   [GPU] 4,850,012 evals (110852 batches, avg 44/batch = 9% of 512, 4467 evals/s, 342 msg/s, 13.1 leaves/msg, 1086s)
2026-08-08 03:59:10 [iter 17/60] self-play: 160/160 games...
2026-08-08 03:59:10 [iter 17/60] self-play done: 160 games (1137s) | wins: P0=27, P1=102, draw=31 | draw_rate=19% avg_len~24
2026-08-08 03:59:10 [iter 17/60] search: expanded=9.2 actions/node visits/action=65.3 walls/game=7.59 first_wall_ply=1.9 learner_sims/s=4634.98
2026-08-08 03:59:10 [iter 17/60] training (600 steps, lr=8.51e-04)...
2026-08-08 03:59:17 [iter 17/60] training done: loss_p=1.224 loss_v=0.109 (7s)
2026-08-08 03:59:18 [iter 17/60] data: policy_wall_mass=0.166 walled_states=60% walls_on_board=15.4 value_mae walled=0.200 free=0.107
2026-08-08 03:59:19 [iter 17/60] eval skipped (eval_every=4)
2026-08-08 03:59:19 >>> iter 17 | loss_p=1.224 loss_v=0.109 | vs_best=n/a (not evaluated) | vs_rand=n/a | draw=19% | buf=100000 | rss=3.06GB | sp=1137s train=7s eval_best=0s eval_rand=0s | total=1146s
2026-08-08 03:59:19 [iter 18/60] self-play starting (160 games, 600 sims, MIXED 80/160 race-only)...
2026-08-08 03:59:19 [PARALLEL-MP] 8 workers spawned (160 games, sims=600), GPU batcher starting...
2026-08-08 03:59:30   [GPU] 50,026 evals (866 batches, avg 58/batch = 11% of 512, 4644 evals/s, 349 msg/s, 13.3 leaves/msg, 11s)
2026-08-08 03:59:38 [iter 18/60] self-play: 5/160 games...
2026-08-08 03:59:41   [GPU] 100,017 evals (2017 batches, avg 50/batch = 10% of 512, 4500 evals/s, 350 msg/s, 12.9 leaves/msg, 22s)
2026-08-08 03:59:53   [GPU] 150,008 evals (3202 batches, avg 47/batch = 9% of 512, 4396 evals/s, 335 msg/s, 13.1 leaves/msg, 34s)
2026-08-08 03:59:58 [iter 18/60] self-play: 10/160 games...
2026-08-08 04:00:06   [GPU] 200,059 evals (4485 batches, avg 45/batch = 9% of 512, 4249 evals/s, 316 msg/s, 13.4 leaves/msg, 47s)
2026-08-08 04:00:19   [GPU] 250,026 evals (5743 batches, avg 44/batch = 9% of 512, 4204 evals/s, 308 msg/s, 13.6 leaves/msg, 59s)
2026-08-08 04:00:30   [GPU] 300,003 evals (6947 batches, avg 43/batch = 8% of 512, 4226 evals/s, 309 msg/s, 13.7 leaves/msg, 71s)
2026-08-08 04:00:40   [GPU] 350,038 evals (8041 batches, avg 44/batch = 9% of 512, 4320 evals/s, 320 msg/s, 13.5 leaves/msg, 81s)
2026-08-08 04:00:41 [iter 18/60] self-play: 15/160 games...
2026-08-08 04:00:51   [GPU] 400,038 evals (9199 batches, avg 43/batch = 8% of 512, 4345 evals/s, 324 msg/s, 13.4 leaves/msg, 92s)
2026-08-08 04:01:03   [GPU] 450,001 evals (10472 batches, avg 43/batch = 8% of 512, 4333 evals/s, 328 msg/s, 13.2 leaves/msg, 104s)
2026-08-08 04:01:15   [GPU] 500,002 evals (11740 batches, avg 43/batch = 8% of 512, 4325 evals/s, 329 msg/s, 13.1 leaves/msg, 116s)
2026-08-08 04:01:26   [GPU] 550,027 evals (12958 batches, avg 42/batch = 8% of 512, 4341 evals/s, 333 msg/s, 13.0 leaves/msg, 127s)
2026-08-08 04:01:35   [GPU] 600,006 evals (14005 batches, avg 43/batch = 8% of 512, 4407 evals/s, 340 msg/s, 13.0 leaves/msg, 136s)
2026-08-08 04:01:45   [GPU] 650,036 evals (15109 batches, avg 43/batch = 8% of 512, 4459 evals/s, 344 msg/s, 13.0 leaves/msg, 146s)
2026-08-08 04:01:54   [GPU] 700,007 evals (16093 batches, avg 43/batch = 8% of 512, 4527 evals/s, 349 msg/s, 13.0 leaves/msg, 155s)
2026-08-08 04:01:57 [iter 18/60] self-play: 20/160 games...
2026-08-08 04:02:02   [GPU] 750,030 evals (17051 batches, avg 44/batch = 9% of 512, 4600 evals/s, 355 msg/s, 13.0 leaves/msg, 163s)
2026-08-08 04:02:10 [iter 18/60] self-play: 25/160 games...
2026-08-08 04:02:12   [GPU] 800,026 evals (18099 batches, avg 44/batch = 9% of 512, 4632 evals/s, 359 msg/s, 12.9 leaves/msg, 173s)
2026-08-08 04:02:23   [GPU] 850,064 evals (19235 batches, avg 44/batch = 9% of 512, 4635 evals/s, 359 msg/s, 12.9 leaves/msg, 183s)
2026-08-08 04:02:33   [GPU] 900,031 evals (20365 batches, avg 44/batch = 9% of 512, 4646 evals/s, 360 msg/s, 12.9 leaves/msg, 194s)
2026-08-08 04:02:41 [iter 18/60] self-play: 30/160 games...
2026-08-08 04:02:43   [GPU] 950,039 evals (21477 batches, avg 44/batch = 9% of 512, 4660 evals/s, 361 msg/s, 12.9 leaves/msg, 204s)
2026-08-08 04:02:53   [GPU] 1,000,006 evals (22526 batches, avg 44/batch = 9% of 512, 4683 evals/s, 363 msg/s, 12.9 leaves/msg, 214s)
2026-08-08 04:03:02   [GPU] 1,050,019 evals (23516 batches, avg 45/batch = 9% of 512, 4717 evals/s, 365 msg/s, 12.9 leaves/msg, 223s)
2026-08-08 04:03:03 [iter 18/60] self-play: 35/160 games...
2026-08-08 04:03:12   [GPU] 1,100,038 evals (24614 batches, avg 45/batch = 9% of 512, 4730 evals/s, 367 msg/s, 12.9 leaves/msg, 233s)
2026-08-08 04:03:19 [iter 18/60] self-play: 40/160 games...
2026-08-08 04:03:21   [GPU] 1,150,003 evals (25591 batches, avg 45/batch = 9% of 512, 4751 evals/s, 370 msg/s, 12.8 leaves/msg, 242s)
2026-08-08 04:03:31   [GPU] 1,200,010 evals (26615 batches, avg 45/batch = 9% of 512, 4766 evals/s, 370 msg/s, 12.9 leaves/msg, 252s)
2026-08-08 04:03:40   [GPU] 1,250,012 evals (27585 batches, avg 45/batch = 9% of 512, 4792 evals/s, 372 msg/s, 12.9 leaves/msg, 261s)
2026-08-08 04:03:41 [iter 18/60] self-play: 45/160 games...
2026-08-08 04:03:50   [GPU] 1,300,007 evals (28587 batches, avg 45/batch = 9% of 512, 4807 evals/s, 373 msg/s, 12.9 leaves/msg, 270s)
2026-08-08 04:03:59   [GPU] 1,350,013 evals (29608 batches, avg 46/batch = 9% of 512, 4823 evals/s, 373 msg/s, 12.9 leaves/msg, 280s)
2026-08-08 04:04:03 [iter 18/60] self-play: 50/160 games...
2026-08-08 04:04:08   [GPU] 1,400,024 evals (30639 batches, avg 46/batch = 9% of 512, 4840 evals/s, 374 msg/s, 12.9 leaves/msg, 289s)
2026-08-08 04:04:18   [GPU] 1,450,028 evals (31664 batches, avg 46/batch = 9% of 512, 4854 evals/s, 374 msg/s, 13.0 leaves/msg, 299s)
2026-08-08 04:04:26   [GPU] 1,500,027 evals (32586 batches, avg 46/batch = 9% of 512, 4880 evals/s, 376 msg/s, 13.0 leaves/msg, 307s)
2026-08-08 04:04:32 [iter 18/60] self-play: 55/160 games...
2026-08-08 04:04:35   [GPU] 1,550,001 evals (33502 batches, avg 46/batch = 9% of 512, 4908 evals/s, 378 msg/s, 13.0 leaves/msg, 316s)
2026-08-08 04:04:44   [GPU] 1,600,045 evals (34506 batches, avg 46/batch = 9% of 512, 4922 evals/s, 378 msg/s, 13.0 leaves/msg, 325s)
2026-08-08 04:04:54   [GPU] 1,650,038 evals (35511 batches, avg 46/batch = 9% of 512, 4928 evals/s, 379 msg/s, 13.0 leaves/msg, 335s)
2026-08-08 04:05:00 [iter 18/60] self-play: 60/160 games...
2026-08-08 04:05:04   [GPU] 1,700,018 evals (36544 batches, avg 47/batch = 9% of 512, 4933 evals/s, 379 msg/s, 13.0 leaves/msg, 345s)
2026-08-08 04:05:13   [GPU] 1,750,045 evals (37483 batches, avg 47/batch = 9% of 512, 4948 evals/s, 380 msg/s, 13.0 leaves/msg, 354s)
2026-08-08 04:05:23   [GPU] 1,800,026 evals (38621 batches, avg 47/batch = 9% of 512, 4944 evals/s, 380 msg/s, 13.0 leaves/msg, 364s)
2026-08-08 04:05:25 [iter 18/60] self-play: 65/160 games...
2026-08-08 04:05:33   [GPU] 1,850,037 evals (39601 batches, avg 47/batch = 9% of 512, 4954 evals/s, 381 msg/s, 13.0 leaves/msg, 373s)
2026-08-08 04:05:37 [iter 18/60] self-play: 70/160 games...
2026-08-08 04:05:42   [GPU] 1,900,026 evals (40641 batches, avg 47/batch = 9% of 512, 4957 evals/s, 382 msg/s, 13.0 leaves/msg, 383s)
2026-08-08 04:05:48 [iter 18/60] self-play: 75/160 games...
2026-08-08 04:05:53   [GPU] 1,950,028 evals (41766 batches, avg 47/batch = 9% of 512, 4946 evals/s, 382 msg/s, 12.9 leaves/msg, 394s)
2026-08-08 04:06:05   [GPU] 2,000,047 evals (42937 batches, avg 47/batch = 9% of 512, 4930 evals/s, 381 msg/s, 13.0 leaves/msg, 406s)
2026-08-08 04:06:14 [iter 18/60] self-play: 80/160 games...
2026-08-08 04:06:16   [GPU] 2,050,043 evals (44147 batches, avg 46/batch = 9% of 512, 4912 evals/s, 380 msg/s, 12.9 leaves/msg, 417s)
2026-08-08 04:06:28   [GPU] 2,100,058 evals (45359 batches, avg 46/batch = 9% of 512, 4891 evals/s, 378 msg/s, 12.9 leaves/msg, 429s)
2026-08-08 04:06:40   [GPU] 2,150,052 evals (46548 batches, avg 46/batch = 9% of 512, 4875 evals/s, 377 msg/s, 12.9 leaves/msg, 441s)
2026-08-08 04:06:46 [iter 18/60] self-play: 85/160 games...
2026-08-08 04:06:51   [GPU] 2,200,040 evals (47655 batches, avg 46/batch = 9% of 512, 4871 evals/s, 377 msg/s, 12.9 leaves/msg, 452s)
2026-08-08 04:07:02   [GPU] 2,250,017 evals (48868 batches, avg 46/batch = 9% of 512, 4856 evals/s, 376 msg/s, 12.9 leaves/msg, 463s)
2026-08-08 04:07:11 [iter 18/60] self-play: 90/160 games...
2026-08-08 04:07:14   [GPU] 2,300,024 evals (50070 batches, avg 46/batch = 9% of 512, 4843 evals/s, 375 msg/s, 12.9 leaves/msg, 475s)
2026-08-08 04:07:28   [GPU] 2,350,016 evals (51446 batches, avg 46/batch = 9% of 512, 4809 evals/s, 373 msg/s, 12.9 leaves/msg, 489s)
2026-08-08 04:07:41   [GPU] 2,400,003 evals (52781 batches, avg 45/batch = 9% of 512, 4784 evals/s, 371 msg/s, 12.9 leaves/msg, 502s)
2026-08-08 04:07:43 [iter 18/60] self-play: 95/160 games...
2026-08-08 04:07:53   [GPU] 2,450,024 evals (54039 batches, avg 45/batch = 9% of 512, 4766 evals/s, 371 msg/s, 12.9 leaves/msg, 514s)
2026-08-08 04:08:06   [GPU] 2,500,042 evals (55319 batches, avg 45/batch = 9% of 512, 4749 evals/s, 369 msg/s, 12.9 leaves/msg, 526s)
2026-08-08 04:08:16   [GPU] 2,550,026 evals (56451 batches, avg 45/batch = 9% of 512, 4747 evals/s, 368 msg/s, 12.9 leaves/msg, 537s)
2026-08-08 04:08:18 [iter 18/60] self-play: 100/160 games...
2026-08-08 04:08:25   [GPU] 2,600,033 evals (57373 batches, avg 45/batch = 9% of 512, 4759 evals/s, 369 msg/s, 12.9 leaves/msg, 546s)
2026-08-08 04:08:36   [GPU] 2,650,023 evals (58355 batches, avg 45/batch = 9% of 512, 4762 evals/s, 369 msg/s, 12.9 leaves/msg, 556s)
2026-08-08 04:08:45   [GPU] 2,700,019 evals (59226 batches, avg 46/batch = 9% of 512, 4771 evals/s, 370 msg/s, 12.9 leaves/msg, 566s)
2026-08-08 04:08:47 [iter 18/60] self-play: 105/160 games...
2026-08-08 04:08:56   [GPU] 2,750,023 evals (60315 batches, avg 46/batch = 9% of 512, 4763 evals/s, 369 msg/s, 12.9 leaves/msg, 577s)
2026-08-08 04:09:08   [GPU] 2,800,017 evals (61506 batches, avg 46/batch = 9% of 512, 4751 evals/s, 368 msg/s, 12.9 leaves/msg, 589s)
2026-08-08 04:09:20   [GPU] 2,850,013 evals (62639 batches, avg 45/batch = 9% of 512, 4746 evals/s, 367 msg/s, 12.9 leaves/msg, 600s)
2026-08-08 04:09:20 [iter 18/60] self-play: 110/160 games...
2026-08-08 04:09:32   [GPU] 2,900,005 evals (63938 batches, avg 45/batch = 9% of 512, 4731 evals/s, 366 msg/s, 12.9 leaves/msg, 613s)
2026-08-08 04:09:44   [GPU] 2,950,011 evals (65125 batches, avg 45/batch = 9% of 512, 4723 evals/s, 366 msg/s, 12.9 leaves/msg, 625s)
2026-08-08 04:09:51 [iter 18/60] self-play: 115/160 games...
2026-08-08 04:09:56   [GPU] 3,000,021 evals (66364 batches, avg 45/batch = 9% of 512, 4713 evals/s, 365 msg/s, 12.9 leaves/msg, 637s)
2026-08-08 04:10:08   [GPU] 3,050,005 evals (67623 batches, avg 45/batch = 9% of 512, 4701 evals/s, 364 msg/s, 12.9 leaves/msg, 649s)
2026-08-08 04:10:18   [GPU] 3,100,039 evals (68683 batches, avg 45/batch = 9% of 512, 4704 evals/s, 364 msg/s, 12.9 leaves/msg, 659s)
2026-08-08 04:10:21 [iter 18/60] self-play: 120/160 games...
2026-08-08 04:10:29   [GPU] 3,150,022 evals (69811 batches, avg 45/batch = 9% of 512, 4703 evals/s, 364 msg/s, 12.9 leaves/msg, 670s)
2026-08-08 04:10:42   [GPU] 3,200,043 evals (71132 batches, avg 45/batch = 9% of 512, 4688 evals/s, 363 msg/s, 12.9 leaves/msg, 683s)
2026-08-08 04:10:54   [GPU] 3,250,021 evals (72366 batches, avg 45/batch = 9% of 512, 4680 evals/s, 362 msg/s, 12.9 leaves/msg, 694s)
2026-08-08 04:11:04 [iter 18/60] self-play: 125/160 games...
2026-08-08 04:11:04   [GPU] 3,300,000 evals (73503 batches, avg 45/batch = 9% of 512, 4679 evals/s, 362 msg/s, 12.9 leaves/msg, 705s)
2026-08-08 04:11:17   [GPU] 3,350,029 evals (74794 batches, avg 45/batch = 9% of 512, 4668 evals/s, 362 msg/s, 12.9 leaves/msg, 718s)
2026-08-08 04:11:29   [GPU] 3,400,066 evals (76085 batches, avg 45/batch = 9% of 512, 4657 evals/s, 361 msg/s, 12.9 leaves/msg, 730s)
2026-08-08 04:11:42   [GPU] 3,450,007 evals (77416 batches, avg 45/batch = 9% of 512, 4644 evals/s, 361 msg/s, 12.9 leaves/msg, 743s)
2026-08-08 04:11:50 [iter 18/60] self-play: 130/160 games...
2026-08-08 04:11:54   [GPU] 3,500,029 evals (78612 batches, avg 45/batch = 9% of 512, 4639 evals/s, 360 msg/s, 12.9 leaves/msg, 754s)
2026-08-08 04:12:06   [GPU] 3,550,018 evals (79900 batches, avg 44/batch = 9% of 512, 4630 evals/s, 360 msg/s, 12.8 leaves/msg, 767s)
2026-08-08 04:12:12 [iter 18/60] self-play: 135/160 games...
2026-08-08 04:12:19   [GPU] 3,600,020 evals (81252 batches, avg 44/batch = 9% of 512, 4617 evals/s, 360 msg/s, 12.8 leaves/msg, 780s)
2026-08-08 04:12:32   [GPU] 3,650,008 evals (82599 batches, avg 44/batch = 9% of 512, 4603 evals/s, 359 msg/s, 12.8 leaves/msg, 793s)
2026-08-08 04:12:42 [iter 18/60] self-play: 140/160 games...
2026-08-08 04:12:44   [GPU] 3,700,045 evals (83828 batches, avg 44/batch = 9% of 512, 4596 evals/s, 359 msg/s, 12.8 leaves/msg, 805s)
2026-08-08 04:12:54   [GPU] 3,750,013 evals (84899 batches, avg 44/batch = 9% of 512, 4599 evals/s, 359 msg/s, 12.8 leaves/msg, 815s)
2026-08-08 04:13:00 [iter 18/60] self-play: 145/160 games...
2026-08-08 04:13:04   [GPU] 3,800,027 evals (85905 batches, avg 44/batch = 9% of 512, 4608 evals/s, 359 msg/s, 12.8 leaves/msg, 825s)
2026-08-08 04:13:14   [GPU] 3,850,013 evals (87045 batches, avg 44/batch = 9% of 512, 4609 evals/s, 359 msg/s, 12.8 leaves/msg, 835s)
2026-08-08 04:13:25   [GPU] 3,900,011 evals (88143 batches, avg 44/batch = 9% of 512, 4611 evals/s, 359 msg/s, 12.9 leaves/msg, 846s)
2026-08-08 04:13:32 [iter 18/60] self-play: 150/160 games...
2026-08-08 04:13:36   [GPU] 3,950,049 evals (89328 batches, avg 44/batch = 9% of 512, 4607 evals/s, 358 msg/s, 12.9 leaves/msg, 857s)
2026-08-08 04:13:47   [GPU] 4,000,021 evals (90383 batches, avg 44/batch = 9% of 512, 4611 evals/s, 359 msg/s, 12.9 leaves/msg, 868s)
2026-08-08 04:13:58   [GPU] 4,050,037 evals (91520 batches, avg 44/batch = 9% of 512, 4609 evals/s, 358 msg/s, 12.9 leaves/msg, 879s)
2026-08-08 04:14:09   [GPU] 4,100,001 evals (92689 batches, avg 44/batch = 9% of 512, 4605 evals/s, 357 msg/s, 12.9 leaves/msg, 890s)
2026-08-08 04:14:19   [GPU] 4,150,020 evals (93692 batches, avg 44/batch = 9% of 512, 4609 evals/s, 357 msg/s, 12.9 leaves/msg, 900s)
2026-08-08 04:14:22 [iter 18/60] self-play: 155/160 games...
2026-08-08 04:14:34   [GPU] 4,200,043 evals (95101 batches, avg 44/batch = 9% of 512, 4588 evals/s, 356 msg/s, 12.9 leaves/msg, 915s)
2026-08-08 04:14:57   [GPU] 4,250,006 evals (97092 batches, avg 44/batch = 9% of 512, 4530 evals/s, 351 msg/s, 12.9 leaves/msg, 938s)
2026-08-08 04:15:44   [GPU] 4,300,005 evals (99635 batches, avg 43/batch = 8% of 512, 4368 evals/s, 338 msg/s, 12.9 leaves/msg, 984s)
2026-08-08 04:16:30 [iter 18/60] self-play: 160/160 games...
2026-08-08 04:16:31 [iter 18/60] self-play done: 160 games (1031s) | wins: P0=37, P1=100, draw=23 | draw_rate=14% avg_len~26
2026-08-08 04:16:31 [iter 18/60] search: expanded=9.3 actions/node visits/action=64.8 walls/game=7.72 first_wall_ply=1.475 learner_sims/s=4581.66
2026-08-08 04:16:31 [iter 18/60] training (600 steps, lr=8.33e-04)...
2026-08-08 04:16:37 [iter 18/60] training done: loss_p=1.219 loss_v=0.110 (7s)
2026-08-08 04:16:39 [iter 18/60] data: policy_wall_mass=0.186 walled_states=62% walls_on_board=16.4 value_mae walled=0.207 free=0.123
2026-08-08 04:16:40 [iter 18/60] eval skipped (eval_every=4)
2026-08-08 04:16:40 >>> iter 18 | loss_p=1.219 loss_v=0.110 | vs_best=n/a (not evaluated) | vs_rand=n/a | draw=14% | buf=100000 | rss=3.07GB | sp=1031s train=7s eval_best=0s eval_rand=0s | total=1041s
2026-08-08 04:16:40 [iter 19/60] self-play starting (160 games, 600 sims, MIXED 80/160 race-only)...
2026-08-08 04:16:40 [PARALLEL-MP] 8 workers spawned (160 games, sims=600), GPU batcher starting...
2026-08-08 04:16:51   [GPU] 50,027 evals (945 batches, avg 53/batch = 10% of 512, 4295 evals/s, 341 msg/s, 12.6 leaves/msg, 12s)
2026-08-08 04:16:55 [iter 19/60] self-play: 5/160 games...
2026-08-08 04:17:04   [GPU] 100,005 evals (2194 batches, avg 46/batch = 9% of 512, 4154 evals/s, 320 msg/s, 13.0 leaves/msg, 24s)
2026-08-08 04:17:16   [GPU] 150,053 evals (3465 batches, avg 43/batch = 8% of 512, 4093 evals/s, 312 msg/s, 13.1 leaves/msg, 37s)
2026-08-08 04:17:16 [iter 19/60] self-play: 10/160 games...
2026-08-08 04:17:27   [GPU] 200,031 evals (4590 batches, avg 44/batch = 9% of 512, 4198 evals/s, 314 msg/s, 13.4 leaves/msg, 48s)
2026-08-08 04:17:38   [GPU] 250,005 evals (5706 batches, avg 44/batch = 9% of 512, 4282 evals/s, 323 msg/s, 13.3 leaves/msg, 58s)
2026-08-08 04:17:48   [GPU] 300,045 evals (6750 batches, avg 44/batch = 9% of 512, 4385 evals/s, 336 msg/s, 13.1 leaves/msg, 68s)
2026-08-08 04:17:57 [iter 19/60] self-play: 15/160 games...
2026-08-08 04:17:59   [GPU] 350,004 evals (7881 batches, avg 44/batch = 9% of 512, 4421 evals/s, 344 msg/s, 12.8 leaves/msg, 79s)
2026-08-08 04:18:09   [GPU] 400,039 evals (8937 batches, avg 45/batch = 9% of 512, 4488 evals/s, 356 msg/s, 12.6 leaves/msg, 89s)
2026-08-08 04:18:19   [GPU] 450,006 evals (10018 batches, avg 45/batch = 9% of 512, 4542 evals/s, 361 msg/s, 12.6 leaves/msg, 99s)
2026-08-08 04:18:28   [GPU] 500,020 evals (11007 batches, avg 45/batch = 9% of 512, 4632 evals/s, 367 msg/s, 12.6 leaves/msg, 108s)
2026-08-08 04:18:33 [iter 19/60] self-play: 20/160 games...
2026-08-08 04:18:36   [GPU] 550,052 evals (11934 batches, avg 46/batch = 9% of 512, 4724 evals/s, 374 msg/s, 12.6 leaves/msg, 116s)
2026-08-08 04:18:44   [GPU] 600,035 evals (12822 batches, avg 47/batch = 9% of 512, 4813 evals/s, 380 msg/s, 12.6 leaves/msg, 125s)
2026-08-08 04:18:54   [GPU] 650,031 evals (13818 batches, avg 47/batch = 9% of 512, 4842 evals/s, 385 msg/s, 12.6 leaves/msg, 134s)
2026-08-08 04:18:56 [iter 19/60] self-play: 25/160 games...
2026-08-08 04:19:04   [GPU] 700,010 evals (14933 batches, avg 47/batch = 9% of 512, 4833 evals/s, 386 msg/s, 12.5 leaves/msg, 145s)
2026-08-08 04:19:15   [GPU] 750,005 evals (16049 batches, avg 47/batch = 9% of 512, 4829 evals/s, 387 msg/s, 12.5 leaves/msg, 155s)
2026-08-08 04:19:16 [iter 19/60] self-play: 30/160 games...
2026-08-08 04:19:26   [GPU] 800,013 evals (17210 batches, avg 46/batch = 9% of 512, 4813 evals/s, 386 msg/s, 12.5 leaves/msg, 166s)
2026-08-08 04:19:36   [GPU] 850,049 evals (18330 batches, avg 46/batch = 9% of 512, 4810 evals/s, 385 msg/s, 12.5 leaves/msg, 177s)
2026-08-08 04:19:42 [iter 19/60] self-play: 35/160 games...
2026-08-08 04:19:46   [GPU] 900,051 evals (19385 batches, avg 46/batch = 9% of 512, 4817 evals/s, 387 msg/s, 12.4 leaves/msg, 187s)
2026-08-08 04:19:56   [GPU] 950,008 evals (20284 batches, avg 47/batch = 9% of 512, 4846 evals/s, 388 msg/s, 12.5 leaves/msg, 196s)
2026-08-08 04:20:01 [iter 19/60] self-play: 40/160 games...
2026-08-08 04:20:07   [GPU] 1,000,035 evals (21409 batches, avg 47/batch = 9% of 512, 4831 evals/s, 388 msg/s, 12.5 leaves/msg, 207s)
2026-08-08 04:20:18   [GPU] 1,050,020 evals (22576 batches, avg 47/batch = 9% of 512, 4804 evals/s, 385 msg/s, 12.5 leaves/msg, 219s)
2026-08-08 04:20:30   [GPU] 1,100,020 evals (23782 batches, avg 46/batch = 9% of 512, 4781 evals/s, 382 msg/s, 12.5 leaves/msg, 230s)
2026-08-08 04:20:40   [GPU] 1,150,062 evals (24846 batches, avg 46/batch = 9% of 512, 4790 evals/s, 383 msg/s, 12.5 leaves/msg, 240s)
2026-08-08 04:20:42 [iter 19/60] self-play: 45/160 games...
2026-08-08 04:20:49   [GPU] 1,200,011 evals (25882 batches, avg 46/batch = 9% of 512, 4802 evals/s, 383 msg/s, 12.5 leaves/msg, 250s)
2026-08-08 04:21:00   [GPU] 1,250,028 evals (26956 batches, avg 46/batch = 9% of 512, 4809 evals/s, 384 msg/s, 12.5 leaves/msg, 260s)
2026-08-08 04:21:09   [GPU] 1,300,033 evals (27992 batches, avg 46/batch = 9% of 512, 4820 evals/s, 384 msg/s, 12.6 leaves/msg, 270s)
2026-08-08 04:21:18   [GPU] 1,350,023 evals (28895 batches, avg 47/batch = 9% of 512, 4848 evals/s, 385 msg/s, 12.6 leaves/msg, 278s)
2026-08-08 04:21:22 [iter 19/60] self-play: 50/160 games...
2026-08-08 04:21:27   [GPU] 1,400,029 evals (29789 batches, avg 47/batch = 9% of 512, 4878 evals/s, 388 msg/s, 12.6 leaves/msg, 287s)
2026-08-08 04:21:35   [GPU] 1,450,036 evals (30688 batches, avg 47/batch = 9% of 512, 4905 evals/s, 389 msg/s, 12.6 leaves/msg, 296s)
2026-08-08 04:21:44   [GPU] 1,500,017 evals (31529 batches, avg 48/batch = 9% of 512, 4935 evals/s, 390 msg/s, 12.6 leaves/msg, 304s)
2026-08-08 04:21:52   [GPU] 1,550,041 evals (32345 batches, avg 48/batch = 9% of 512, 4969 evals/s, 392 msg/s, 12.7 leaves/msg, 312s)
2026-08-08 04:21:52 [iter 19/60] self-play: 55/160 games...
2026-08-08 04:22:00   [GPU] 1,600,028 evals (33228 batches, avg 48/batch = 9% of 512, 4998 evals/s, 393 msg/s, 12.7 leaves/msg, 320s)
2026-08-08 04:22:09   [GPU] 1,650,021 evals (34186 batches, avg 48/batch = 9% of 512, 5012 evals/s, 394 msg/s, 12.7 leaves/msg, 329s)
2026-08-08 04:22:19   [GPU] 1,700,031 evals (35179 batches, avg 48/batch = 9% of 512, 5012 evals/s, 393 msg/s, 12.8 leaves/msg, 339s)
2026-08-08 04:22:24 [iter 19/60] self-play: 60/160 games...
2026-08-08 04:22:30   [GPU] 1,750,009 evals (36277 batches, avg 48/batch = 9% of 512, 4996 evals/s, 392 msg/s, 12.8 leaves/msg, 350s)
2026-08-08 04:22:41   [GPU] 1,800,003 evals (37425 batches, avg 48/batch = 9% of 512, 4974 evals/s, 391 msg/s, 12.7 leaves/msg, 362s)
2026-08-08 04:22:46 [iter 19/60] self-play: 65/160 games...
2026-08-08 04:22:54   [GPU] 1,850,042 evals (38655 batches, avg 48/batch = 9% of 512, 4948 evals/s, 390 msg/s, 12.7 leaves/msg, 374s)
2026-08-08 04:23:06   [GPU] 1,900,005 evals (39955 batches, avg 48/batch = 9% of 512, 4921 evals/s, 388 msg/s, 12.7 leaves/msg, 386s)
2026-08-08 04:23:17   [GPU] 1,950,000 evals (41170 batches, avg 47/batch = 9% of 512, 4909 evals/s, 388 msg/s, 12.7 leaves/msg, 397s)
2026-08-08 04:23:24 [iter 19/60] self-play: 70/160 games...
2026-08-08 04:23:29   [GPU] 2,000,021 evals (42487 batches, avg 47/batch = 9% of 512, 4882 evals/s, 386 msg/s, 12.6 leaves/msg, 410s)
2026-08-08 04:23:41   [GPU] 2,050,014 evals (43699 batches, avg 47/batch = 9% of 512, 4870 evals/s, 385 msg/s, 12.6 leaves/msg, 421s)
2026-08-08 04:23:52   [GPU] 2,100,018 evals (44866 batches, avg 47/batch = 9% of 512, 4858 evals/s, 386 msg/s, 12.6 leaves/msg, 432s)
2026-08-08 04:23:59 [iter 19/60] self-play: 75/160 games...
2026-08-08 04:24:03   [GPU] 2,150,045 evals (46099 batches, avg 47/batch = 9% of 512, 4845 evals/s, 385 msg/s, 12.6 leaves/msg, 444s)
2026-08-08 04:24:14   [GPU] 2,200,030 evals (47321 batches, avg 46/batch = 9% of 512, 4837 evals/s, 385 msg/s, 12.6 leaves/msg, 455s)
2026-08-08 04:24:25   [GPU] 2,250,000 evals (48509 batches, avg 46/batch = 9% of 512, 4830 evals/s, 384 msg/s, 12.6 leaves/msg, 466s)
2026-08-08 04:24:36   [GPU] 2,300,036 evals (49652 batches, avg 46/batch = 9% of 512, 4829 evals/s, 384 msg/s, 12.6 leaves/msg, 476s)
2026-08-08 04:24:45   [GPU] 2,350,009 evals (50664 batches, avg 46/batch = 9% of 512, 4837 evals/s, 385 msg/s, 12.6 leaves/msg, 486s)
2026-08-08 04:24:49 [iter 19/60] self-play: 80/160 games...
2026-08-08 04:24:55   [GPU] 2,400,038 evals (51701 batches, avg 46/batch = 9% of 512, 4841 evals/s, 386 msg/s, 12.5 leaves/msg, 496s)
2026-08-08 04:25:07   [GPU] 2,450,001 evals (52874 batches, avg 46/batch = 9% of 512, 4832 evals/s, 385 msg/s, 12.5 leaves/msg, 507s)
2026-08-08 04:25:15 [iter 19/60] self-play: 85/160 games...
2026-08-08 04:25:18   [GPU] 2,500,011 evals (54061 batches, avg 46/batch = 9% of 512, 4822 evals/s, 384 msg/s, 12.5 leaves/msg, 519s)
2026-08-08 04:25:28   [GPU] 2,550,042 evals (55072 batches, avg 46/batch = 9% of 512, 4827 evals/s, 384 msg/s, 12.6 leaves/msg, 528s)
2026-08-08 04:25:38   [GPU] 2,600,058 evals (56107 batches, avg 46/batch = 9% of 512, 4829 evals/s, 384 msg/s, 12.6 leaves/msg, 538s)
2026-08-08 04:25:43 [iter 19/60] self-play: 90/160 games...
2026-08-08 04:25:50   [GPU] 2,650,010 evals (57297 batches, avg 46/batch = 9% of 512, 4819 evals/s, 383 msg/s, 12.6 leaves/msg, 550s)
2026-08-08 04:26:03   [GPU] 2,700,004 evals (58674 batches, avg 46/batch = 9% of 512, 4795 evals/s, 382 msg/s, 12.6 leaves/msg, 563s)
2026-08-08 04:26:15   [GPU] 2,750,027 evals (59974 batches, avg 46/batch = 9% of 512, 4780 evals/s, 381 msg/s, 12.5 leaves/msg, 575s)
2026-08-08 04:26:18 [iter 19/60] self-play: 95/160 games...
2026-08-08 04:26:27   [GPU] 2,800,005 evals (61273 batches, avg 46/batch = 9% of 512, 4766 evals/s, 381 msg/s, 12.5 leaves/msg, 587s)
2026-08-08 04:26:41   [GPU] 2,850,021 evals (62726 batches, avg 45/batch = 9% of 512, 4738 evals/s, 379 msg/s, 12.5 leaves/msg, 601s)
2026-08-08 04:26:53   [GPU] 2,900,013 evals (64003 batches, avg 45/batch = 9% of 512, 4727 evals/s, 378 msg/s, 12.5 leaves/msg, 614s)
2026-08-08 04:27:03 [iter 19/60] self-play: 100/160 games...
2026-08-08 04:27:04   [GPU] 2,950,017 evals (65154 batches, avg 45/batch = 9% of 512, 4723 evals/s, 379 msg/s, 12.5 leaves/msg, 625s)
2026-08-08 04:27:16   [GPU] 3,000,024 evals (66352 batches, avg 45/batch = 9% of 512, 4717 evals/s, 379 msg/s, 12.5 leaves/msg, 636s)
2026-08-08 04:27:27   [GPU] 3,050,030 evals (67588 batches, avg 45/batch = 9% of 512, 4709 evals/s, 378 msg/s, 12.4 leaves/msg, 648s)
2026-08-08 04:27:41   [GPU] 3,100,039 evals (69023 batches, avg 45/batch = 9% of 512, 4687 evals/s, 377 msg/s, 12.4 leaves/msg, 661s)
2026-08-08 04:27:43 [iter 19/60] self-play: 105/160 games...
2026-08-08 04:27:52   [GPU] 3,150,082 evals (70183 batches, avg 45/batch = 9% of 512, 4685 evals/s, 376 msg/s, 12.4 leaves/msg, 672s)
2026-08-08 04:28:04 [iter 19/60] self-play: 110/160 games...
2026-08-08 04:28:06   [GPU] 3,200,050 evals (71600 batches, avg 45/batch = 9% of 512, 4664 evals/s, 376 msg/s, 12.4 leaves/msg, 686s)
2026-08-08 04:28:19   [GPU] 3,250,012 evals (72956 batches, avg 45/batch = 9% of 512, 4648 evals/s, 375 msg/s, 12.4 leaves/msg, 699s)
2026-08-08 04:28:26 [iter 19/60] self-play: 115/160 games...
2026-08-08 04:28:32   [GPU] 3,300,009 evals (74364 batches, avg 44/batch = 9% of 512, 4632 evals/s, 375 msg/s, 12.4 leaves/msg, 713s)
2026-08-08 04:28:46   [GPU] 3,350,036 evals (75891 batches, avg 44/batch = 9% of 512, 4609 evals/s, 374 msg/s, 12.3 leaves/msg, 727s)
2026-08-08 04:29:00   [GPU] 3,400,017 evals (77370 batches, avg 44/batch = 9% of 512, 4593 evals/s, 374 msg/s, 12.3 leaves/msg, 740s)
2026-08-08 04:29:12   [GPU] 3,450,000 evals (78702 batches, avg 44/batch = 9% of 512, 4585 evals/s, 374 msg/s, 12.3 leaves/msg, 752s)
2026-08-08 04:29:23   [GPU] 3,500,005 evals (79958 batches, avg 44/batch = 9% of 512, 4585 evals/s, 374 msg/s, 12.3 leaves/msg, 763s)
2026-08-08 04:29:33   [GPU] 3,550,036 evals (81125 batches, avg 44/batch = 9% of 512, 4587 evals/s, 375 msg/s, 12.2 leaves/msg, 774s)
2026-08-08 04:29:44   [GPU] 3,600,011 evals (82367 batches, avg 44/batch = 9% of 512, 4587 evals/s, 376 msg/s, 12.2 leaves/msg, 785s)
2026-08-08 04:29:56   [GPU] 3,650,005 evals (83621 batches, avg 44/batch = 9% of 512, 4585 evals/s, 376 msg/s, 12.2 leaves/msg, 796s)
2026-08-08 04:29:58 [iter 19/60] self-play: 120/160 games...
2026-08-08 04:30:08   [GPU] 3,700,000 evals (84959 batches, avg 44/batch = 9% of 512, 4579 evals/s, 377 msg/s, 12.2 leaves/msg, 808s)
2026-08-08 04:30:21   [GPU] 3,750,015 evals (86474 batches, avg 43/batch = 8% of 512, 4563 evals/s, 376 msg/s, 12.1 leaves/msg, 822s)
2026-08-08 04:30:34   [GPU] 3,800,036 evals (87820 batches, avg 43/batch = 8% of 512, 4556 evals/s, 377 msg/s, 12.1 leaves/msg, 834s)
2026-08-08 04:30:36 [iter 19/60] self-play: 125/160 games...
2026-08-08 04:30:47   [GPU] 3,850,013 evals (89198 batches, avg 43/batch = 8% of 512, 4544 evals/s, 377 msg/s, 12.1 leaves/msg, 847s)
2026-08-08 04:30:53 [iter 19/60] self-play: 130/160 games...
2026-08-08 04:31:00   [GPU] 3,900,033 evals (90573 batches, avg 43/batch = 8% of 512, 4532 evals/s, 376 msg/s, 12.0 leaves/msg, 860s)
2026-08-08 04:31:12   [GPU] 3,950,010 evals (91775 batches, avg 43/batch = 8% of 512, 4530 evals/s, 376 msg/s, 12.1 leaves/msg, 872s)
2026-08-08 04:31:20 [iter 19/60] self-play: 135/160 games...
2026-08-08 04:31:25   [GPU] 4,000,022 evals (93148 batches, avg 43/batch = 8% of 512, 4518 evals/s, 375 msg/s, 12.1 leaves/msg, 885s)
2026-08-08 04:31:37   [GPU] 4,050,006 evals (94420 batches, avg 43/batch = 8% of 512, 4513 evals/s, 374 msg/s, 12.1 leaves/msg, 897s)
2026-08-08 04:31:49   [GPU] 4,100,031 evals (95714 batches, avg 43/batch = 8% of 512, 4508 evals/s, 374 msg/s, 12.1 leaves/msg, 909s)
2026-08-08 04:32:01   [GPU] 4,150,010 evals (97029 batches, avg 43/batch = 8% of 512, 4503 evals/s, 374 msg/s, 12.0 leaves/msg, 922s)
2026-08-08 04:32:13   [GPU] 4,200,045 evals (98223 batches, avg 43/batch = 8% of 512, 4502 evals/s, 374 msg/s, 12.0 leaves/msg, 933s)
2026-08-08 04:32:16 [iter 19/60] self-play: 140/160 games...
2026-08-08 04:32:24   [GPU] 4,250,033 evals (99429 batches, avg 43/batch = 8% of 512, 4500 evals/s, 374 msg/s, 12.0 leaves/msg, 944s)
2026-08-08 04:32:34   [GPU] 4,300,052 evals (100542 batches, avg 43/batch = 8% of 512, 4504 evals/s, 374 msg/s, 12.0 leaves/msg, 955s)
2026-08-08 04:32:45   [GPU] 4,350,023 evals (101735 batches, avg 43/batch = 8% of 512, 4504 evals/s, 375 msg/s, 12.0 leaves/msg, 966s)
2026-08-08 04:32:56   [GPU] 4,400,014 evals (102919 batches, avg 43/batch = 8% of 512, 4505 evals/s, 375 msg/s, 12.0 leaves/msg, 977s)
2026-08-08 04:33:01 [iter 19/60] self-play: 145/160 games...
2026-08-08 04:33:05   [GPU] 4,450,015 evals (103856 batches, avg 43/batch = 8% of 512, 4515 evals/s, 375 msg/s, 12.0 leaves/msg, 986s)
2026-08-08 04:33:14   [GPU] 4,500,011 evals (104780 batches, avg 43/batch = 8% of 512, 4524 evals/s, 376 msg/s, 12.0 leaves/msg, 995s)
2026-08-08 04:33:20 [iter 19/60] self-play: 150/160 games...
2026-08-08 04:33:24   [GPU] 4,550,047 evals (105817 batches, avg 43/batch = 8% of 512, 4529 evals/s, 376 msg/s, 12.1 leaves/msg, 1005s)
2026-08-08 04:33:34   [GPU] 4,600,025 evals (106850 batches, avg 43/batch = 8% of 512, 4535 evals/s, 376 msg/s, 12.1 leaves/msg, 1014s)
2026-08-08 04:33:42   [GPU] 4,650,015 evals (107757 batches, avg 43/batch = 8% of 512, 4546 evals/s, 376 msg/s, 12.1 leaves/msg, 1023s)
2026-08-08 04:33:47 [iter 19/60] self-play: 155/160 games...
2026-08-08 04:33:54   [GPU] 4,700,016 evals (108905 batches, avg 43/batch = 8% of 512, 4546 evals/s, 376 msg/s, 12.1 leaves/msg, 1034s)
2026-08-08 04:34:12   [GPU] 4,750,027 evals (110600 batches, avg 43/batch = 8% of 512, 4515 evals/s, 374 msg/s, 12.1 leaves/msg, 1052s)
2026-08-08 04:34:43   [GPU] 4,800,024 evals (113314 batches, avg 42/batch = 8% of 512, 4430 evals/s, 367 msg/s, 12.1 leaves/msg, 1083s)
2026-08-08 04:35:29   [GPU] 4,850,001 evals (116693 batches, avg 42/batch = 8% of 512, 4296 evals/s, 357 msg/s, 12.0 leaves/msg, 1129s)
2026-08-08 04:37:20   [GPU] 4,900,005 evals (121675 batches, avg 40/batch = 8% of 512, 3949 evals/s, 329 msg/s, 12.0 leaves/msg, 1241s)
2026-08-08 04:39:52 [iter 19/60] self-play: 160/160 games...
2026-08-08 04:39:53 [iter 19/60] self-play done: 160 games (1393s) | wins: P0=23, P1=103, draw=34 | draw_rate=21% avg_len~21
2026-08-08 04:39:53 [iter 19/60] search: expanded=7.8 actions/node visits/action=76.7 walls/game=7.76 first_wall_ply=1.45 learner_sims/s=3817.35
2026-08-08 04:39:53 [iter 19/60] WARNING: draw_rate 21% > 20% — games timing out at max_game_moves=160 (weak value signal).
2026-08-08 04:39:53 [iter 19/60] training (600 steps, lr=8.15e-04)...
2026-08-08 04:39:59 [iter 19/60] training done: loss_p=1.214 loss_v=0.107 (6s)
2026-08-08 04:40:00 [iter 19/60] data: policy_wall_mass=0.164 walled_states=56% walls_on_board=14.8 value_mae walled=0.212 free=0.059
2026-08-08 04:40:01 [iter 19/60] eval skipped (eval_every=4)
2026-08-08 04:40:01 >>> iter 19 | loss_p=1.214 loss_v=0.107 | vs_best=n/a (not evaluated) | vs_rand=n/a | draw=21% | buf=100000 | rss=3.09GB | sp=1393s train=6s eval_best=0s eval_rand=0s | total=1402s
2026-08-08 04:40:01 [iter 20/60] self-play starting (160 games, 600 sims, MIXED 80/160 race-only)...
2026-08-08 04:40:01 [PARALLEL-MP] 8 workers spawned (160 games, sims=600), GPU batcher starting...
2026-08-08 04:40:13   [GPU] 50,024 evals (947 batches, avg 53/batch = 10% of 512, 4388 evals/s, 351 msg/s, 12.5 leaves/msg, 11s)
2026-08-08 04:40:17 [iter 20/60] self-play: 5/160 games...
2026-08-08 04:40:24   [GPU] 100,010 evals (2106 batches, avg 47/batch = 9% of 512, 4304 evals/s, 341 msg/s, 12.6 leaves/msg, 23s)
2026-08-08 04:40:38   [GPU] 150,016 evals (3455 batches, avg 43/batch = 8% of 512, 4104 evals/s, 314 msg/s, 13.1 leaves/msg, 37s)
2026-08-08 04:40:40 [iter 20/60] self-play: 10/160 games...
2026-08-08 04:40:51   [GPU] 200,011 evals (4748 batches, avg 42/batch = 8% of 512, 4041 evals/s, 305 msg/s, 13.3 leaves/msg, 49s)
2026-08-08 04:41:01   [GPU] 250,020 evals (5831 batches, avg 43/batch = 8% of 512, 4201 evals/s, 313 msg/s, 13.4 leaves/msg, 60s)
2026-08-08 04:41:10   [GPU] 300,019 evals (6792 batches, avg 44/batch = 9% of 512, 4386 evals/s, 325 msg/s, 13.5 leaves/msg, 68s)
2026-08-08 04:41:18   [GPU] 350,014 evals (7729 batches, avg 45/batch = 9% of 512, 4557 evals/s, 338 msg/s, 13.5 leaves/msg, 77s)
2026-08-08 04:41:27   [GPU] 400,022 evals (8678 batches, avg 46/batch = 9% of 512, 4684 evals/s, 346 msg/s, 13.5 leaves/msg, 85s)
2026-08-08 04:41:35   [GPU] 450,026 evals (9593 batches, avg 47/batch = 9% of 512, 4804 evals/s, 354 msg/s, 13.6 leaves/msg, 94s)
2026-08-08 04:41:41 [iter 20/60] self-play: 15/160 games...
2026-08-08 04:41:43   [GPU] 500,035 evals (10511 batches, avg 48/batch = 9% of 512, 4906 evals/s, 362 msg/s, 13.5 leaves/msg, 102s)
2026-08-08 04:41:51   [GPU] 550,054 evals (11329 batches, avg 49/batch = 9% of 512, 5024 evals/s, 371 msg/s, 13.5 leaves/msg, 109s)
2026-08-08 04:41:58   [GPU] 600,041 evals (12186 batches, avg 49/batch = 10% of 512, 5116 evals/s, 378 msg/s, 13.5 leaves/msg, 117s)
2026-08-08 04:42:07   [GPU] 650,007 evals (13065 batches, avg 50/batch = 10% of 512, 5174 evals/s, 382 msg/s, 13.5 leaves/msg, 126s)
2026-08-08 04:42:16 [iter 20/60] self-play: 20/160 games...
2026-08-08 04:42:16   [GPU] 700,022 evals (14048 batches, avg 50/batch = 10% of 512, 5183 evals/s, 382 msg/s, 13.6 leaves/msg, 135s)
2026-08-08 04:42:26   [GPU] 750,018 evals (15092 batches, avg 50/batch = 10% of 512, 5170 evals/s, 382 msg/s, 13.5 leaves/msg, 145s)
2026-08-08 04:42:31 [iter 20/60] self-play: 25/160 games...
2026-08-08 04:42:35   [GPU] 800,002 evals (15990 batches, avg 50/batch = 10% of 512, 5216 evals/s, 386 msg/s, 13.5 leaves/msg, 153s)
2026-08-08 04:42:44   [GPU] 850,045 evals (17031 batches, avg 50/batch = 10% of 512, 5210 evals/s, 388 msg/s, 13.4 leaves/msg, 163s)
2026-08-08 04:42:52 [iter 20/60] self-play: 30/160 games...
2026-08-08 04:42:53   [GPU] 900,013 evals (17954 batches, avg 50/batch = 10% of 512, 5245 evals/s, 390 msg/s, 13.5 leaves/msg, 172s)
2026-08-08 04:43:01   [GPU] 950,029 evals (18873 batches, avg 50/batch = 10% of 512, 5275 evals/s, 391 msg/s, 13.5 leaves/msg, 180s)
2026-08-08 04:43:10   [GPU] 1,000,004 evals (19826 batches, avg 50/batch = 10% of 512, 5288 evals/s, 391 msg/s, 13.5 leaves/msg, 189s)
2026-08-08 04:43:16 [iter 20/60] self-play: 35/160 games...
2026-08-08 04:43:20   [GPU] 1,050,025 evals (20881 batches, avg 50/batch = 10% of 512, 5280 evals/s, 391 msg/s, 13.5 leaves/msg, 199s)
2026-08-08 04:43:29   [GPU] 1,100,022 evals (21873 batches, avg 50/batch = 10% of 512, 5290 evals/s, 391 msg/s, 13.5 leaves/msg, 208s)
2026-08-08 04:43:39   [GPU] 1,150,004 evals (22903 batches, avg 50/batch = 10% of 512, 5287 evals/s, 392 msg/s, 13.5 leaves/msg, 218s)
2026-08-08 04:43:47 [iter 20/60] self-play: 40/160 games...
2026-08-08 04:43:49   [GPU] 1,200,016 evals (23996 batches, avg 50/batch = 10% of 512, 5265 evals/s, 392 msg/s, 13.4 leaves/msg, 228s)
2026-08-08 04:43:59   [GPU] 1,250,032 evals (25060 batches, avg 50/batch = 10% of 512, 5248 evals/s, 391 msg/s, 13.4 leaves/msg, 238s)
2026-08-08 04:44:11   [GPU] 1,300,011 evals (26252 batches, avg 50/batch = 10% of 512, 5202 evals/s, 388 msg/s, 13.4 leaves/msg, 250s)
2026-08-08 04:44:13 [iter 20/60] self-play: 45/160 games...
2026-08-08 04:44:23   [GPU] 1,350,002 evals (27458 batches, avg 49/batch = 10% of 512, 5165 evals/s, 387 msg/s, 13.3 leaves/msg, 261s)
2026-08-08 04:44:35   [GPU] 1,400,011 evals (28772 batches, avg 49/batch = 10% of 512, 5110 evals/s, 385 msg/s, 13.3 leaves/msg, 274s)
2026-08-08 04:44:48   [GPU] 1,450,008 evals (30131 batches, avg 48/batch = 9% of 512, 5057 evals/s, 382 msg/s, 13.2 leaves/msg, 287s)
2026-08-08 04:45:00   [GPU] 1,500,059 evals (31410 batches, avg 48/batch = 9% of 512, 5024 evals/s, 381 msg/s, 13.2 leaves/msg, 299s)
2026-08-08 04:45:11   [GPU] 1,550,003 evals (32595 batches, avg 48/batch = 9% of 512, 5001 evals/s, 380 msg/s, 13.2 leaves/msg, 310s)
2026-08-08 04:45:13 [iter 20/60] self-play: 50/160 games...
2026-08-08 04:45:22   [GPU] 1,600,021 evals (33760 batches, avg 47/batch = 9% of 512, 4986 evals/s, 380 msg/s, 13.1 leaves/msg, 321s)
2026-08-08 04:45:32   [GPU] 1,650,028 evals (34789 batches, avg 47/batch = 9% of 512, 4989 evals/s, 381 msg/s, 13.1 leaves/msg, 331s)
2026-08-08 04:45:41   [GPU] 1,700,047 evals (35784 batches, avg 48/batch = 9% of 512, 4998 evals/s, 382 msg/s, 13.1 leaves/msg, 340s)
2026-08-08 04:45:51   [GPU] 1,750,031 evals (36752 batches, avg 48/batch = 9% of 512, 5010 evals/s, 383 msg/s, 13.1 leaves/msg, 349s)
2026-08-08 04:45:59   [GPU] 1,800,000 evals (37703 batches, avg 48/batch = 9% of 512, 5024 evals/s, 384 msg/s, 13.1 leaves/msg, 358s)
2026-08-08 04:46:09   [GPU] 1,850,045 evals (38717 batches, avg 48/batch = 9% of 512, 5033 evals/s, 385 msg/s, 13.1 leaves/msg, 368s)
2026-08-08 04:46:17   [GPU] 1,900,023 evals (39630 batches, avg 48/batch = 9% of 512, 5052 evals/s, 387 msg/s, 13.1 leaves/msg, 376s)
2026-08-08 04:46:21 [iter 20/60] self-play: 55/160 games...
2026-08-08 04:46:28   [GPU] 1,950,023 evals (40745 batches, avg 48/batch = 9% of 512, 5046 evals/s, 388 msg/s, 13.0 leaves/msg, 386s)
2026-08-08 04:46:32 [iter 20/60] self-play: 60/160 games...
2026-08-08 04:46:40   [GPU] 2,000,016 evals (41983 batches, avg 48/batch = 9% of 512, 5019 evals/s, 387 msg/s, 13.0 leaves/msg, 399s)
2026-08-08 04:46:45 [iter 20/60] self-play: 65/160 games...
2026-08-08 04:46:54   [GPU] 2,050,009 evals (43391 batches, avg 47/batch = 9% of 512, 4966 evals/s, 383 msg/s, 13.0 leaves/msg, 413s)
2026-08-08 04:47:08   [GPU] 2,100,057 evals (44785 batches, avg 47/batch = 9% of 512, 4917 evals/s, 379 msg/s, 13.0 leaves/msg, 427s)
2026-08-08 04:47:11 [iter 20/60] self-play: 70/160 games...
2026-08-08 04:47:23   [GPU] 2,150,000 evals (46241 batches, avg 46/batch = 9% of 512, 4862 evals/s, 375 msg/s, 13.0 leaves/msg, 442s)
2026-08-08 04:47:36   [GPU] 2,200,019 evals (47547 batches, avg 46/batch = 9% of 512, 4835 evals/s, 373 msg/s, 13.0 leaves/msg, 455s)
2026-08-08 04:47:46   [GPU] 2,250,002 evals (48574 batches, avg 46/batch = 9% of 512, 4840 evals/s, 373 msg/s, 13.0 leaves/msg, 465s)
2026-08-08 04:47:57   [GPU] 2,300,010 evals (49708 batches, avg 46/batch = 9% of 512, 4834 evals/s, 373 msg/s, 13.0 leaves/msg, 476s)
2026-08-08 04:48:08   [GPU] 2,350,063 evals (50818 batches, avg 46/batch = 9% of 512, 4830 evals/s, 372 msg/s, 13.0 leaves/msg, 487s)
2026-08-08 04:48:19   [GPU] 2,400,006 evals (51949 batches, avg 46/batch = 9% of 512, 4825 evals/s, 372 msg/s, 13.0 leaves/msg, 497s)
2026-08-08 04:48:21 [iter 20/60] self-play: 75/160 games...
2026-08-08 04:48:31   [GPU] 2,450,012 evals (53238 batches, avg 46/batch = 9% of 512, 4808 evals/s, 371 msg/s, 13.0 leaves/msg, 510s)
2026-08-08 04:48:43   [GPU] 2,500,005 evals (54583 batches, avg 46/batch = 9% of 512, 4788 evals/s, 370 msg/s, 12.9 leaves/msg, 522s)
2026-08-08 04:48:56   [GPU] 2,550,071 evals (55937 batches, avg 46/batch = 9% of 512, 4765 evals/s, 369 msg/s, 12.9 leaves/msg, 535s)
2026-08-08 04:49:10   [GPU] 2,600,005 evals (57329 batches, avg 45/batch = 9% of 512, 4734 evals/s, 367 msg/s, 12.9 leaves/msg, 549s)
2026-08-08 04:49:23 [iter 20/60] self-play: 80/160 games...
2026-08-08 04:49:25   [GPU] 2,650,040 evals (58767 batches, avg 45/batch = 9% of 512, 4696 evals/s, 364 msg/s, 12.9 leaves/msg, 564s)
2026-08-08 04:49:40   [GPU] 2,700,011 evals (60190 batches, avg 45/batch = 9% of 512, 4662 evals/s, 362 msg/s, 12.9 leaves/msg, 579s)
2026-08-08 04:49:55   [GPU] 2,750,008 evals (61576 batches, avg 45/batch = 9% of 512, 4635 evals/s, 360 msg/s, 12.9 leaves/msg, 593s)
2026-08-08 04:49:59 [iter 20/60] self-play: 85/160 games...
2026-08-08 04:50:07   [GPU] 2,800,020 evals (62920 batches, avg 45/batch = 9% of 512, 4619 evals/s, 360 msg/s, 12.8 leaves/msg, 606s)
2026-08-08 04:50:22   [GPU] 2,850,006 evals (64366 batches, avg 44/batch = 9% of 512, 4593 evals/s, 358 msg/s, 12.8 leaves/msg, 621s)
2026-08-08 04:50:26 [iter 20/60] self-play: 90/160 games...
2026-08-08 04:50:35   [GPU] 2,900,066 evals (65722 batches, avg 44/batch = 9% of 512, 4578 evals/s, 357 msg/s, 12.8 leaves/msg, 634s)
2026-08-08 04:50:48   [GPU] 2,950,005 evals (67110 batches, avg 44/batch = 9% of 512, 4560 evals/s, 356 msg/s, 12.8 leaves/msg, 647s)
2026-08-08 04:51:00   [GPU] 3,000,009 evals (68391 batches, avg 44/batch = 9% of 512, 4551 evals/s, 356 msg/s, 12.8 leaves/msg, 659s)
2026-08-08 04:51:10 [iter 20/60] self-play: 95/160 games...
2026-08-08 04:51:12   [GPU] 3,050,068 evals (69639 batches, avg 44/batch = 9% of 512, 4545 evals/s, 356 msg/s, 12.8 leaves/msg, 671s)
2026-08-08 04:51:25   [GPU] 3,100,037 evals (70955 batches, avg 44/batch = 9% of 512, 4533 evals/s, 355 msg/s, 12.8 leaves/msg, 684s)
2026-08-08 04:51:38   [GPU] 3,150,025 evals (72274 batches, avg 44/batch = 9% of 512, 4521 evals/s, 355 msg/s, 12.7 leaves/msg, 697s)
2026-08-08 04:51:50   [GPU] 3,200,017 evals (73515 batches, avg 44/batch = 9% of 512, 4516 evals/s, 354 msg/s, 12.7 leaves/msg, 709s)
2026-08-08 04:52:01   [GPU] 3,250,001 evals (74702 batches, avg 44/batch = 8% of 512, 4514 evals/s, 354 msg/s, 12.7 leaves/msg, 720s)
2026-08-08 04:52:05 [iter 20/60] self-play: 100/160 games...
2026-08-08 04:52:12   [GPU] 3,300,036 evals (75848 batches, avg 44/batch = 8% of 512, 4515 evals/s, 355 msg/s, 12.7 leaves/msg, 731s)
2026-08-08 04:52:22   [GPU] 3,350,050 evals (76931 batches, avg 44/batch = 9% of 512, 4521 evals/s, 355 msg/s, 12.7 leaves/msg, 741s)
2026-08-08 04:52:32   [GPU] 3,400,040 evals (78036 batches, avg 44/batch = 9% of 512, 4526 evals/s, 356 msg/s, 12.7 leaves/msg, 751s)
2026-08-08 04:52:44   [GPU] 3,450,036 evals (79301 batches, avg 44/batch = 8% of 512, 4521 evals/s, 356 msg/s, 12.7 leaves/msg, 763s)
2026-08-08 04:52:55   [GPU] 3,500,021 evals (80436 batches, avg 44/batch = 8% of 512, 4523 evals/s, 356 msg/s, 12.7 leaves/msg, 774s)
2026-08-08 04:52:59 [iter 20/60] self-play: 105/160 games...
2026-08-08 04:53:04   [GPU] 3,550,032 evals (81445 batches, avg 44/batch = 9% of 512, 4533 evals/s, 356 msg/s, 12.7 leaves/msg, 783s)
2026-08-08 04:53:14   [GPU] 3,600,010 evals (82517 batches, avg 44/batch = 9% of 512, 4539 evals/s, 357 msg/s, 12.7 leaves/msg, 793s)
2026-08-08 04:53:18 [iter 20/60] self-play: 110/160 games...
2026-08-08 04:53:25   [GPU] 3,650,032 evals (83647 batches, avg 44/batch = 9% of 512, 4541 evals/s, 357 msg/s, 12.7 leaves/msg, 804s)
2026-08-08 04:53:36   [GPU] 3,700,011 evals (84817 batches, avg 44/batch = 9% of 512, 4539 evals/s, 357 msg/s, 12.7 leaves/msg, 815s)
2026-08-08 04:53:38 [iter 20/60] self-play: 115/160 games...
2026-08-08 04:53:48   [GPU] 3,750,015 evals (86046 batches, avg 44/batch = 9% of 512, 4535 evals/s, 357 msg/s, 12.7 leaves/msg, 827s)
2026-08-08 04:53:58 [iter 20/60] self-play: 120/160 games...
2026-08-08 04:53:59   [GPU] 3,800,056 evals (87121 batches, avg 44/batch = 9% of 512, 4537 evals/s, 357 msg/s, 12.7 leaves/msg, 837s)
2026-08-08 04:54:11   [GPU] 3,850,015 evals (88401 batches, avg 44/batch = 9% of 512, 4530 evals/s, 357 msg/s, 12.7 leaves/msg, 850s)
2026-08-08 04:54:23   [GPU] 3,900,015 evals (89671 batches, avg 43/batch = 8% of 512, 4525 evals/s, 357 msg/s, 12.7 leaves/msg, 862s)
2026-08-08 04:54:33 [iter 20/60] self-play: 125/160 games...
2026-08-08 04:54:34   [GPU] 3,950,042 evals (90773 batches, avg 44/batch = 8% of 512, 4528 evals/s, 357 msg/s, 12.7 leaves/msg, 872s)
2026-08-08 04:54:43   [GPU] 4,000,045 evals (91714 batches, avg 44/batch = 9% of 512, 4538 evals/s, 357 msg/s, 12.7 leaves/msg, 881s)
2026-08-08 04:54:52   [GPU] 4,050,061 evals (92691 batches, avg 44/batch = 9% of 512, 4547 evals/s, 358 msg/s, 12.7 leaves/msg, 891s)
2026-08-08 04:55:01   [GPU] 4,100,066 evals (93625 batches, avg 44/batch = 9% of 512, 4558 evals/s, 358 msg/s, 12.7 leaves/msg, 899s)
2026-08-08 04:55:10   [GPU] 4,150,066 evals (94563 batches, avg 44/batch = 9% of 512, 4569 evals/s, 359 msg/s, 12.7 leaves/msg, 908s)
2026-08-08 04:55:13 [iter 20/60] self-play: 130/160 games...
2026-08-08 04:55:19   [GPU] 4,200,034 evals (95563 batches, avg 44/batch = 9% of 512, 4576 evals/s, 359 msg/s, 12.7 leaves/msg, 918s)
2026-08-08 04:55:29   [GPU] 4,250,024 evals (96568 batches, avg 44/batch = 9% of 512, 4583 evals/s, 359 msg/s, 12.8 leaves/msg, 927s)
2026-08-08 04:55:36 [iter 20/60] self-play: 135/160 games...
2026-08-08 04:55:38   [GPU] 4,300,036 evals (97579 batches, avg 44/batch = 9% of 512, 4589 evals/s, 360 msg/s, 12.7 leaves/msg, 937s)
2026-08-08 04:55:48   [GPU] 4,350,077 evals (98600 batches, avg 44/batch = 9% of 512, 4593 evals/s, 360 msg/s, 12.8 leaves/msg, 947s)
2026-08-08 04:55:50 [iter 20/60] self-play: 140/160 games...
2026-08-08 04:55:59   [GPU] 4,400,021 evals (99673 batches, avg 44/batch = 9% of 512, 4596 evals/s, 360 msg/s, 12.8 leaves/msg, 957s)
2026-08-08 04:56:06 [iter 20/60] self-play: 145/160 games...
2026-08-08 04:56:09   [GPU] 4,450,016 evals (100735 batches, avg 44/batch = 9% of 512, 4599 evals/s, 361 msg/s, 12.8 leaves/msg, 968s)
2026-08-08 04:56:19   [GPU] 4,500,009 evals (101809 batches, avg 44/batch = 9% of 512, 4603 evals/s, 361 msg/s, 12.8 leaves/msg, 978s)
2026-08-08 04:56:28 [iter 20/60] self-play: 150/160 games...
2026-08-08 04:56:29   [GPU] 4,550,033 evals (102820 batches, avg 44/batch = 9% of 512, 4608 evals/s, 361 msg/s, 12.8 leaves/msg, 987s)
2026-08-08 04:56:39   [GPU] 4,600,014 evals (103901 batches, avg 44/batch = 9% of 512, 4611 evals/s, 361 msg/s, 12.8 leaves/msg, 998s)
2026-08-08 04:56:48   [GPU] 4,650,056 evals (104903 batches, avg 44/batch = 9% of 512, 4619 evals/s, 361 msg/s, 12.8 leaves/msg, 1007s)
2026-08-08 04:56:57   [GPU] 4,700,006 evals (105862 batches, avg 44/batch = 9% of 512, 4628 evals/s, 362 msg/s, 12.8 leaves/msg, 1016s)
2026-08-08 04:57:05   [GPU] 4,750,003 evals (106767 batches, avg 44/batch = 9% of 512, 4638 evals/s, 363 msg/s, 12.8 leaves/msg, 1024s)
2026-08-08 04:57:16   [GPU] 4,800,050 evals (107896 batches, avg 44/batch = 9% of 512, 4640 evals/s, 363 msg/s, 12.8 leaves/msg, 1034s)
2026-08-08 04:57:25   [GPU] 4,850,007 evals (108926 batches, avg 45/batch = 9% of 512, 4645 evals/s, 363 msg/s, 12.8 leaves/msg, 1044s)
2026-08-08 04:57:35   [GPU] 4,900,004 evals (109915 batches, avg 45/batch = 9% of 512, 4651 evals/s, 363 msg/s, 12.8 leaves/msg, 1054s)
2026-08-08 04:57:42 [iter 20/60] self-play: 155/160 games...
2026-08-08 04:57:45   [GPU] 4,950,056 evals (110952 batches, avg 45/batch = 9% of 512, 4655 evals/s, 363 msg/s, 12.8 leaves/msg, 1063s)
2026-08-08 04:57:58   [GPU] 5,000,045 evals (112290 batches, avg 45/batch = 9% of 512, 4643 evals/s, 362 msg/s, 12.8 leaves/msg, 1077s)
2026-08-08 04:58:25   [GPU] 5,050,006 evals (114654 batches, avg 44/batch = 9% of 512, 4573 evals/s, 357 msg/s, 12.8 leaves/msg, 1104s)
2026-08-08 04:59:03 [iter 20/60] self-play: 160/160 games...
2026-08-08 04:59:04 [iter 20/60] self-play done: 160 games (1142s) | wins: P0=30, P1=94, draw=36 | draw_rate=22% avg_len~21
2026-08-08 04:59:04 [iter 20/60] search: expanded=8.1 actions/node visits/action=73.8 walls/game=7.86 first_wall_ply=1.512 learner_sims/s=4766.91
2026-08-08 04:59:04 [iter 20/60] WARNING: draw_rate 22% > 20% — games timing out at max_game_moves=160 (weak value signal).
2026-08-08 04:59:04 [iter 20/60] training (600 steps, lr=7.95e-04)...
2026-08-08 04:59:10 [iter 20/60] training done: loss_p=1.202 loss_v=0.098 (7s)
2026-08-08 04:59:12 [iter 20/60] data: policy_wall_mass=0.169 walled_states=56% walls_on_board=15.1 value_mae walled=0.210 free=0.116
2026-08-08 04:59:13 [iter 20/60] eval vs best (40 games, 600 sims)...
2026-08-08 04:59:13 [EVAL-MP] 8 workers spawned (40 vs_best games, sims=600), GPU batcher starting...
2026-08-08 04:59:31   [GPU] 50,040 evals (1216 batches, avg 41/batch = 8% of 512, 2703 evals/s, 176 msg/s, 15.4 leaves/msg, 19s)
2026-08-08 04:59:47   [GPU] 100,019 evals (2472 batches, avg 40/batch = 8% of 512, 2929 evals/s, 190 msg/s, 15.4 leaves/msg, 34s)
2026-08-08 05:00:02   [GPU] 150,023 evals (3709 batches, avg 40/batch = 8% of 512, 3087 evals/s, 200 msg/s, 15.4 leaves/msg, 49s)
2026-08-08 05:00:16   [GPU] 200,012 evals (4944 batches, avg 40/batch = 8% of 512, 3160 evals/s, 209 msg/s, 15.1 leaves/msg, 63s)
2026-08-08 05:00:31   [GPU] 250,021 evals (6186 batches, avg 40/batch = 8% of 512, 3196 evals/s, 210 msg/s, 15.2 leaves/msg, 78s)
2026-08-08 05:00:46   [GPU] 300,000 evals (7399 batches, avg 41/batch = 8% of 512, 3228 evals/s, 212 msg/s, 15.2 leaves/msg, 93s)
2026-08-08 05:01:00   [GPU] 350,002 evals (8613 batches, avg 41/batch = 8% of 512, 3260 evals/s, 214 msg/s, 15.2 leaves/msg, 107s)
2026-08-08 05:01:15   [GPU] 400,007 evals (9833 batches, avg 41/batch = 8% of 512, 3283 evals/s, 215 msg/s, 15.3 leaves/msg, 122s)
2026-08-08 05:01:29   [GPU] 450,001 evals (11076 batches, avg 41/batch = 8% of 512, 3303 evals/s, 216 msg/s, 15.3 leaves/msg, 136s)
2026-08-08 05:01:44   [GPU] 500,012 evals (12321 batches, avg 41/batch = 8% of 512, 3319 evals/s, 217 msg/s, 15.3 leaves/msg, 151s)
2026-08-08 05:01:58   [GPU] 550,013 evals (13549 batches, avg 41/batch = 8% of 512, 3338 evals/s, 218 msg/s, 15.3 leaves/msg, 165s)
2026-08-08 05:02:12   [GPU] 600,038 evals (14784 batches, avg 41/batch = 8% of 512, 3352 evals/s, 219 msg/s, 15.3 leaves/msg, 179s)
2026-08-08 05:02:26   [GPU] 650,012 evals (16000 batches, avg 41/batch = 8% of 512, 3362 evals/s, 220 msg/s, 15.3 leaves/msg, 193s)
2026-08-08 05:02:41   [GPU] 700,007 evals (17208 batches, avg 41/batch = 8% of 512, 3372 evals/s, 220 msg/s, 15.3 leaves/msg, 208s)
2026-08-08 05:02:53 [iter 20/60] eval vs best: 5/40 games (220s, cand 50%)
2026-08-08 05:02:55   [GPU] 750,036 evals (18438 batches, avg 41/batch = 8% of 512, 3373 evals/s, 220 msg/s, 15.3 leaves/msg, 222s)
2026-08-08 05:03:11   [GPU] 800,005 evals (19703 batches, avg 41/batch = 8% of 512, 3361 evals/s, 219 msg/s, 15.3 leaves/msg, 238s)
2026-08-08 05:03:26   [GPU] 850,041 evals (20979 batches, avg 41/batch = 8% of 512, 3363 evals/s, 220 msg/s, 15.3 leaves/msg, 253s)
2026-08-08 05:03:40   [GPU] 900,005 evals (22249 batches, avg 40/batch = 8% of 512, 3370 evals/s, 220 msg/s, 15.3 leaves/msg, 267s)
2026-08-08 05:03:54   [GPU] 950,043 evals (23507 batches, avg 40/batch = 8% of 512, 3379 evals/s, 221 msg/s, 15.3 leaves/msg, 281s)
2026-08-08 05:03:58 [iter 20/60] eval vs best: 10/40 games (285s, cand 50%)
2026-08-08 05:04:08   [GPU] 1,000,003 evals (24717 batches, avg 40/batch = 8% of 512, 3384 evals/s, 222 msg/s, 15.3 leaves/msg, 296s)
2026-08-08 05:04:23   [GPU] 1,050,022 evals (25894 batches, avg 41/batch = 8% of 512, 3390 evals/s, 222 msg/s, 15.2 leaves/msg, 310s)
2026-08-08 05:04:38   [GPU] 1,100,009 evals (27109 batches, avg 41/batch = 8% of 512, 3389 evals/s, 223 msg/s, 15.2 leaves/msg, 325s)
2026-08-08 05:04:51   [GPU] 1,150,027 evals (28336 batches, avg 41/batch = 8% of 512, 3400 evals/s, 224 msg/s, 15.2 leaves/msg, 338s)
2026-08-08 05:05:05   [GPU] 1,200,017 evals (29576 batches, avg 41/batch = 8% of 512, 3409 evals/s, 225 msg/s, 15.2 leaves/msg, 352s)
2026-08-08 05:05:19   [GPU] 1,250,029 evals (30790 batches, avg 41/batch = 8% of 512, 3415 evals/s, 225 msg/s, 15.2 leaves/msg, 366s)
2026-08-08 05:05:34   [GPU] 1,300,014 evals (32052 batches, avg 41/batch = 8% of 512, 3414 evals/s, 225 msg/s, 15.2 leaves/msg, 381s)
2026-08-08 05:05:49   [GPU] 1,350,009 evals (33327 batches, avg 41/batch = 8% of 512, 3412 evals/s, 225 msg/s, 15.2 leaves/msg, 396s)
2026-08-08 05:06:04   [GPU] 1,400,046 evals (34596 batches, avg 40/batch = 8% of 512, 3410 evals/s, 225 msg/s, 15.2 leaves/msg, 411s)
2026-08-08 05:06:18   [GPU] 1,450,025 evals (35864 batches, avg 40/batch = 8% of 512, 3408 evals/s, 225 msg/s, 15.2 leaves/msg, 426s)
2026-08-08 05:06:31 [iter 20/60] eval vs best: 15/40 games (438s, cand 75%)
2026-08-08 05:06:34   [GPU] 1,500,058 evals (37173 batches, avg 40/batch = 8% of 512, 3404 evals/s, 224 msg/s, 15.2 leaves/msg, 441s)
2026-08-08 05:06:49   [GPU] 1,550,031 evals (38465 batches, avg 40/batch = 8% of 512, 3400 evals/s, 224 msg/s, 15.2 leaves/msg, 456s)
2026-08-08 05:07:03   [GPU] 1,600,008 evals (39694 batches, avg 40/batch = 8% of 512, 3402 evals/s, 224 msg/s, 15.2 leaves/msg, 470s)
2026-08-08 05:07:18   [GPU] 1,650,007 evals (40991 batches, avg 40/batch = 8% of 512, 3400 evals/s, 224 msg/s, 15.2 leaves/msg, 485s)
2026-08-08 05:07:33   [GPU] 1,700,005 evals (42254 batches, avg 40/batch = 8% of 512, 3400 evals/s, 224 msg/s, 15.2 leaves/msg, 500s)
2026-08-08 05:07:48   [GPU] 1,750,041 evals (43530 batches, avg 40/batch = 8% of 512, 3401 evals/s, 224 msg/s, 15.2 leaves/msg, 515s)
2026-08-08 05:08:02   [GPU] 1,800,034 evals (44786 batches, avg 40/batch = 8% of 512, 3400 evals/s, 224 msg/s, 15.2 leaves/msg, 529s)
2026-08-08 05:08:17   [GPU] 1,850,015 evals (46048 batches, avg 40/batch = 8% of 512, 3401 evals/s, 224 msg/s, 15.2 leaves/msg, 544s)
2026-08-08 05:08:31   [GPU] 1,900,011 evals (47282 batches, avg 40/batch = 8% of 512, 3402 evals/s, 224 msg/s, 15.2 leaves/msg, 558s)
2026-08-08 05:08:33 [iter 20/60] eval vs best: 20/40 games (560s, cand 75%)
2026-08-08 05:08:46   [GPU] 1,950,009 evals (48533 batches, avg 40/batch = 8% of 512, 3402 evals/s, 224 msg/s, 15.2 leaves/msg, 573s)
2026-08-08 05:09:01   [GPU] 2,000,017 evals (49824 batches, avg 40/batch = 8% of 512, 3401 evals/s, 224 msg/s, 15.2 leaves/msg, 588s)
2026-08-08 05:09:16   [GPU] 2,050,005 evals (51079 batches, avg 40/batch = 8% of 512, 3398 evals/s, 223 msg/s, 15.2 leaves/msg, 603s)
2026-08-08 05:09:32   [GPU] 2,100,002 evals (52353 batches, avg 40/batch = 8% of 512, 3395 evals/s, 223 msg/s, 15.2 leaves/msg, 619s)
2026-08-08 05:09:47   [GPU] 2,150,011 evals (53641 batches, avg 40/batch = 8% of 512, 3393 evals/s, 223 msg/s, 15.2 leaves/msg, 634s)
2026-08-08 05:10:02   [GPU] 2,200,031 evals (54906 batches, avg 40/batch = 8% of 512, 3390 evals/s, 223 msg/s, 15.2 leaves/msg, 649s)
2026-08-08 05:10:17   [GPU] 2,250,075 evals (56192 batches, avg 40/batch = 8% of 512, 3386 evals/s, 222 msg/s, 15.2 leaves/msg, 665s)
2026-08-08 05:10:33 [iter 20/60] eval vs best: 25/40 games (680s, cand 80%)
2026-08-08 05:10:33   [GPU] 2,300,046 evals (57481 batches, avg 40/batch = 8% of 512, 3383 evals/s, 222 msg/s, 15.2 leaves/msg, 680s)
2026-08-08 05:10:48   [GPU] 2,350,002 evals (58789 batches, avg 40/batch = 8% of 512, 3379 evals/s, 222 msg/s, 15.2 leaves/msg, 695s)
2026-08-08 05:11:03   [GPU] 2,400,003 evals (60064 batches, avg 40/batch = 8% of 512, 3378 evals/s, 222 msg/s, 15.2 leaves/msg, 710s)
2026-08-08 05:11:18   [GPU] 2,450,004 evals (61311 batches, avg 40/batch = 8% of 512, 3378 evals/s, 222 msg/s, 15.2 leaves/msg, 725s)
2026-08-08 05:11:32   [GPU] 2,500,035 evals (62514 batches, avg 40/batch = 8% of 512, 3381 evals/s, 222 msg/s, 15.2 leaves/msg, 739s)
2026-08-08 05:11:47   [GPU] 2,550,039 evals (63758 batches, avg 40/batch = 8% of 512, 3383 evals/s, 222 msg/s, 15.2 leaves/msg, 754s)
2026-08-08 05:12:01   [GPU] 2,600,012 evals (65025 batches, avg 40/batch = 8% of 512, 3385 evals/s, 222 msg/s, 15.2 leaves/msg, 768s)
2026-08-08 05:12:16   [GPU] 2,650,028 evals (66299 batches, avg 40/batch = 8% of 512, 3386 evals/s, 223 msg/s, 15.2 leaves/msg, 783s)
2026-08-08 05:12:30   [GPU] 2,700,003 evals (67566 batches, avg 40/batch = 8% of 512, 3387 evals/s, 223 msg/s, 15.2 leaves/msg, 797s)
2026-08-08 05:12:46   [GPU] 2,750,007 evals (68893 batches, avg 40/batch = 8% of 512, 3384 evals/s, 223 msg/s, 15.2 leaves/msg, 813s)
2026-08-08 05:13:02   [GPU] 2,800,011 evals (70282 batches, avg 40/batch = 8% of 512, 3377 evals/s, 222 msg/s, 15.2 leaves/msg, 829s)
2026-08-08 05:13:13 [iter 20/60] eval vs best: 30/40 games (840s, cand 83%)
2026-08-08 05:13:19   [GPU] 2,850,010 evals (71714 batches, avg 40/batch = 8% of 512, 3369 evals/s, 222 msg/s, 15.2 leaves/msg, 846s)
2026-08-08 05:13:39   [GPU] 2,900,062 evals (73257 batches, avg 40/batch = 8% of 512, 3348 evals/s, 220 msg/s, 15.2 leaves/msg, 866s)
2026-08-08 05:14:00   [GPU] 2,950,033 evals (74843 batches, avg 39/batch = 8% of 512, 3326 evals/s, 219 msg/s, 15.2 leaves/msg, 887s)
2026-08-08 05:14:20   [GPU] 3,000,015 evals (76401 batches, avg 39/batch = 8% of 512, 3307 evals/s, 218 msg/s, 15.2 leaves/msg, 907s)
2026-08-08 05:14:33 [iter 20/60] eval vs best: 35/40 games (920s, cand 71%)
2026-08-08 05:14:42   [GPU] 3,050,018 evals (78105 batches, avg 39/batch = 8% of 512, 3283 evals/s, 216 msg/s, 15.2 leaves/msg, 929s)
2026-08-08 05:15:12   [GPU] 3,100,009 evals (80182 batches, avg 39/batch = 8% of 512, 3234 evals/s, 213 msg/s, 15.2 leaves/msg, 959s)
2026-08-08 05:15:42   [GPU] 3,150,003 evals (82294 batches, avg 38/batch = 7% of 512, 3184 evals/s, 210 msg/s, 15.2 leaves/msg, 989s)
2026-08-08 05:16:13   [GPU] 3,200,031 evals (84377 batches, avg 38/batch = 7% of 512, 3138 evals/s, 207 msg/s, 15.2 leaves/msg, 1020s)
2026-08-08 05:16:44   [GPU] 3,250,013 evals (86574 batches, avg 38/batch = 7% of 512, 3091 evals/s, 204 msg/s, 15.1 leaves/msg, 1051s)
2026-08-08 05:17:17 [iter 20/60] eval vs best: 40/40 games (1084s, cand 75%)
2026-08-08 05:17:18 [iter 20/60] eval vs best done: 75.0% of 8 decided reject (only 8/40 games decided — too few to gate on) (1085s)
2026-08-08 05:17:18 [iter 20/60] eval vs random (40 games, 600 sims)...
2026-08-08 05:17:18 [EVAL-MP] 8 workers spawned (40 vs_random games, sims=600), GPU batcher starting...
2026-08-08 05:17:34   [GPU] 50,002 evals (1331 batches, avg 38/batch = 7% of 512, 3080 evals/s, 209 msg/s, 14.7 leaves/msg, 16s)
2026-08-08 05:17:47   [GPU] 100,053 evals (2569 batches, avg 39/batch = 8% of 512, 3407 evals/s, 229 msg/s, 14.9 leaves/msg, 29s)
2026-08-08 05:17:48 [iter 20/60] eval vs random: 5/40 games (31s, cand 100%)
2026-08-08 05:17:59   [GPU] 150,028 evals (3703 batches, avg 41/batch = 8% of 512, 3639 evals/s, 248 msg/s, 14.6 leaves/msg, 41s)
2026-08-08 05:18:09 [iter 20/60] eval vs random: 10/40 games (51s, cand 100%)
2026-08-08 05:18:11   [GPU] 200,042 evals (4853 batches, avg 41/batch = 8% of 512, 3749 evals/s, 257 msg/s, 14.6 leaves/msg, 53s)
2026-08-08 05:18:23 [iter 20/60] eval vs random: 15/40 games (65s, cand 100%)
2026-08-08 05:18:24   [GPU] 250,014 evals (6128 batches, avg 41/batch = 8% of 512, 3800 evals/s, 264 msg/s, 14.4 leaves/msg, 66s)
2026-08-08 05:18:36   [GPU] 300,035 evals (7378 batches, avg 41/batch = 8% of 512, 3849 evals/s, 267 msg/s, 14.4 leaves/msg, 78s)
2026-08-08 05:18:38 [iter 20/60] eval vs random: 20/40 games (80s, cand 100%)
2026-08-08 05:18:47   [GPU] 350,004 evals (8559 batches, avg 41/batch = 8% of 512, 3920 evals/s, 272 msg/s, 14.4 leaves/msg, 89s)
2026-08-08 05:18:53 [iter 20/60] eval vs random: 25/40 games (95s, cand 100%)
2026-08-08 05:19:02   [GPU] 400,060 evals (9985 batches, avg 40/batch = 8% of 512, 3851 evals/s, 269 msg/s, 14.3 leaves/msg, 104s)
2026-08-08 05:19:15   [GPU] 450,025 evals (11282 batches, avg 40/batch = 8% of 512, 3843 evals/s, 269 msg/s, 14.3 leaves/msg, 117s)
2026-08-08 05:19:16 [iter 20/60] eval vs random: 30/40 games (118s, cand 100%)
2026-08-08 05:19:34   [GPU] 500,054 evals (12944 batches, avg 39/batch = 8% of 512, 3673 evals/s, 256 msg/s, 14.3 leaves/msg, 136s)
2026-08-08 05:19:52   [GPU] 550,028 evals (14593 batches, avg 38/batch = 7% of 512, 3567 evals/s, 248 msg/s, 14.4 leaves/msg, 154s)
2026-08-08 05:20:03 [iter 20/60] eval vs random: 35/40 games (165s, cand 100%)
2026-08-08 05:20:48   [GPU] 600,014 evals (17214 batches, avg 35/batch = 7% of 512, 2851 evals/s, 199 msg/s, 14.4 leaves/msg, 210s)
2026-08-08 05:22:23 [iter 20/60] eval vs random: 40/40 games (305s, cand 100%)
2026-08-08 05:22:23 [iter 20/60] eval vs random done: 100.0% (305s)
2026-08-08 05:22:23 [iter 20/60] eval vs greedy (80 games, 600 sims)...
2026-08-08 05:22:23 [EVAL-MP] 8 workers spawned (80 vs_greedy games, sims=600), GPU batcher starting...
2026-08-08 05:22:38   [GPU] 50,028 evals (1244 batches, avg 40/batch = 8% of 512, 3281 evals/s, 215 msg/s, 15.3 leaves/msg, 15s)
2026-08-08 05:22:46 [iter 20/60] eval vs greedy: 5/80 games (24s, cand 40%)
2026-08-08 05:22:51   [GPU] 100,009 evals (2458 batches, avg 41/batch = 8% of 512, 3618 evals/s, 250 msg/s, 14.5 leaves/msg, 28s)
2026-08-08 05:23:03   [GPU] 150,009 evals (3665 batches, avg 41/batch = 8% of 512, 3749 evals/s, 255 msg/s, 14.7 leaves/msg, 40s)
2026-08-08 05:23:05 [iter 20/60] eval vs greedy: 10/80 games (42s, cand 50%)
2026-08-08 05:23:10 [iter 20/60] eval vs greedy: 15/80 games (47s, cand 40%)
2026-08-08 05:23:16   [GPU] 200,037 evals (4961 batches, avg 40/batch = 8% of 512, 3782 evals/s, 263 msg/s, 14.4 leaves/msg, 53s)
2026-08-08 05:23:27 [iter 20/60] eval vs greedy: 20/80 games (64s, cand 40%)
2026-08-08 05:23:28   [GPU] 250,004 evals (6182 batches, avg 40/batch = 8% of 512, 3857 evals/s, 267 msg/s, 14.4 leaves/msg, 65s)
2026-08-08 05:23:39 [iter 20/60] eval vs greedy: 25/80 games (76s, cand 40%)
2026-08-08 05:23:41   [GPU] 300,025 evals (7477 batches, avg 40/batch = 8% of 512, 3854 evals/s, 268 msg/s, 14.4 leaves/msg, 78s)
2026-08-08 05:23:51 [iter 20/60] eval vs greedy: 30/80 games (88s, cand 40%)
2026-08-08 05:23:53   [GPU] 350,002 evals (8684 batches, avg 40/batch = 8% of 512, 3897 evals/s, 272 msg/s, 14.3 leaves/msg, 90s)
2026-08-08 05:24:05   [GPU] 400,006 evals (9938 batches, avg 40/batch = 8% of 512, 3909 evals/s, 272 msg/s, 14.4 leaves/msg, 102s)
2026-08-08 05:24:08 [iter 20/60] eval vs greedy: 35/80 games (106s, cand 43%)
2026-08-08 05:24:17   [GPU] 450,002 evals (11149 batches, avg 40/batch = 8% of 512, 3935 evals/s, 275 msg/s, 14.3 leaves/msg, 114s)
2026-08-08 05:24:18 [iter 20/60] eval vs greedy: 40/80 games (115s, cand 48%)
2026-08-08 05:24:29   [GPU] 500,022 evals (12328 batches, avg 41/batch = 8% of 512, 3965 evals/s, 276 msg/s, 14.4 leaves/msg, 126s)
2026-08-08 05:24:33 [iter 20/60] eval vs greedy: 45/80 games (130s, cand 53%)
2026-08-08 05:24:41   [GPU] 550,005 evals (13547 batches, avg 41/batch = 8% of 512, 3980 evals/s, 277 msg/s, 14.4 leaves/msg, 138s)
2026-08-08 05:24:46 [iter 20/60] eval vs greedy: 50/80 games (143s, cand 56%)
2026-08-08 05:24:53   [GPU] 600,001 evals (14730 batches, avg 41/batch = 8% of 512, 4004 evals/s, 278 msg/s, 14.4 leaves/msg, 150s)
2026-08-08 05:24:55 [iter 20/60] eval vs greedy: 55/80 games (152s, cand 56%)
2026-08-08 05:25:05   [GPU] 650,042 evals (15996 batches, avg 41/batch = 8% of 512, 4001 evals/s, 278 msg/s, 14.4 leaves/msg, 162s)
2026-08-08 05:25:14 [iter 20/60] eval vs greedy: 60/80 games (171s, cand 57%)
2026-08-08 05:25:18   [GPU] 700,007 evals (17259 batches, avg 41/batch = 8% of 512, 3994 evals/s, 279 msg/s, 14.3 leaves/msg, 175s)
2026-08-08 05:25:26 [iter 20/60] eval vs greedy: 65/80 games (183s, cand 55%)
2026-08-08 05:25:30   [GPU] 750,010 evals (18482 batches, avg 41/batch = 8% of 512, 4001 evals/s, 279 msg/s, 14.4 leaves/msg, 187s)
2026-08-08 05:25:35 [iter 20/60] eval vs greedy: 70/80 games (192s, cand 57%)
2026-08-08 05:25:44   [GPU] 800,034 evals (19835 batches, avg 40/batch = 8% of 512, 3976 evals/s, 277 msg/s, 14.4 leaves/msg, 201s)
2026-08-08 05:25:56 [iter 20/60] eval vs greedy: 75/80 games (213s, cand 59%)
2026-08-08 05:26:04   [GPU] 850,013 evals (21466 batches, avg 40/batch = 8% of 512, 3852 evals/s, 268 msg/s, 14.4 leaves/msg, 221s)
2026-08-08 05:26:14 [iter 20/60] eval vs greedy: 80/80 games (231s, cand 60%)
2026-08-08 05:26:14 [iter 20/60] eval vs greedy done: 60.0% of 80 decided [seat0:22/40 seat1:26/40] (232s)
2026-08-08 05:26:14 [iter 20/60] eval vs minimax (depth 2, 80 games)...
2026-08-08 05:26:14 [EVAL-MP] 8 workers spawned (80 vs_minimax games, sims=600), GPU batcher starting...
2026-08-08 05:26:31   [GPU] 50,024 evals (1311 batches, avg 38/batch = 7% of 512, 2963 evals/s, 192 msg/s, 15.4 leaves/msg, 17s)
2026-08-08 05:26:45   [GPU] 100,011 evals (2600 batches, avg 38/batch = 8% of 512, 3315 evals/s, 223 msg/s, 14.9 leaves/msg, 30s)
2026-08-08 05:26:57   [GPU] 150,013 evals (3854 batches, avg 39/batch = 8% of 512, 3548 evals/s, 247 msg/s, 14.4 leaves/msg, 42s)
2026-08-08 05:27:09   [GPU] 200,089 evals (5122 batches, avg 39/batch = 8% of 512, 3655 evals/s, 260 msg/s, 14.0 leaves/msg, 55s)
2026-08-08 05:27:16 [iter 20/60] eval vs minimax: 5/80 games (0%)
2026-08-08 05:27:20   [GPU] 250,007 evals (6299 batches, avg 40/batch = 8% of 512, 3792 evals/s, 274 msg/s, 13.9 leaves/msg, 66s)
2026-08-08 05:27:31   [GPU] 300,032 evals (7410 batches, avg 40/batch = 8% of 512, 3919 evals/s, 281 msg/s, 14.0 leaves/msg, 77s)
2026-08-08 05:27:42 [iter 20/60] eval vs minimax: 10/80 games (0%)
2026-08-08 05:27:43   [GPU] 350,005 evals (8602 batches, avg 41/batch = 8% of 512, 3968 evals/s, 284 msg/s, 14.0 leaves/msg, 88s)
2026-08-08 05:27:56   [GPU] 400,021 evals (9919 batches, avg 40/batch = 8% of 512, 3929 evals/s, 279 msg/s, 14.1 leaves/msg, 102s)
2026-08-08 05:28:00 [iter 20/60] eval vs minimax: 15/80 games (0%)
2026-08-08 05:28:08   [GPU] 450,015 evals (11117 batches, avg 40/batch = 8% of 512, 3961 evals/s, 280 msg/s, 14.1 leaves/msg, 114s)
2026-08-08 05:28:18 [iter 20/60] eval vs minimax: 20/80 games (0%)
2026-08-08 05:28:20   [GPU] 500,016 evals (12313 batches, avg 41/batch = 8% of 512, 3991 evals/s, 284 msg/s, 14.0 leaves/msg, 125s)
2026-08-08 05:28:32   [GPU] 550,038 evals (13552 batches, avg 41/batch = 8% of 512, 4000 evals/s, 285 msg/s, 14.1 leaves/msg, 137s)
2026-08-08 05:28:43 [iter 20/60] eval vs minimax: 25/80 games (0%)
2026-08-08 05:28:44   [GPU] 600,019 evals (14741 batches, avg 41/batch = 8% of 512, 4019 evals/s, 286 msg/s, 14.0 leaves/msg, 149s)
2026-08-08 05:28:56   [GPU] 650,022 evals (15964 batches, avg 41/batch = 8% of 512, 4022 evals/s, 286 msg/s, 14.1 leaves/msg, 162s)
2026-08-08 05:29:09 [iter 20/60] eval vs minimax: 30/80 games (0%)
2026-08-08 05:29:10   [GPU] 700,072 evals (17367 batches, avg 40/batch = 8% of 512, 3981 evals/s, 285 msg/s, 13.9 leaves/msg, 176s)
2026-08-08 05:29:23   [GPU] 750,001 evals (18655 batches, avg 40/batch = 8% of 512, 3979 evals/s, 288 msg/s, 13.8 leaves/msg, 188s)
2026-08-08 05:29:24 [iter 20/60] eval vs minimax: 35/80 games (0%)
2026-08-08 05:29:36   [GPU] 800,003 evals (19903 batches, avg 40/batch = 8% of 512, 3975 evals/s, 286 msg/s, 13.9 leaves/msg, 201s)
2026-08-08 05:29:47   [GPU] 850,009 evals (21080 batches, avg 40/batch = 8% of 512, 3991 evals/s, 287 msg/s, 13.9 leaves/msg, 213s)
2026-08-08 05:29:57 [iter 20/60] eval vs minimax: 40/80 games (3%)
2026-08-08 05:29:59   [GPU] 900,063 evals (22227 batches, avg 40/batch = 8% of 512, 4015 evals/s, 288 msg/s, 13.9 leaves/msg, 224s)
2026-08-08 05:30:11   [GPU] 950,009 evals (23437 batches, avg 41/batch = 8% of 512, 4021 evals/s, 288 msg/s, 14.0 leaves/msg, 236s)
2026-08-08 05:30:23 [iter 20/60] eval vs minimax: 45/80 games (3%)
2026-08-08 05:30:23   [GPU] 1,000,004 evals (24680 batches, avg 41/batch = 8% of 512, 4021 evals/s, 289 msg/s, 13.9 leaves/msg, 249s)
2026-08-08 05:30:36   [GPU] 1,050,022 evals (25991 batches, avg 40/batch = 8% of 512, 4013 evals/s, 288 msg/s, 13.9 leaves/msg, 262s)
2026-08-08 05:30:48   [GPU] 1,100,011 evals (27226 batches, avg 40/batch = 8% of 512, 4019 evals/s, 288 msg/s, 13.9 leaves/msg, 274s)
2026-08-08 05:30:51 [iter 20/60] eval vs minimax: 50/80 games (2%)
2026-08-08 05:31:01   [GPU] 1,150,063 evals (28511 batches, avg 40/batch = 8% of 512, 4015 evals/s, 288 msg/s, 13.9 leaves/msg, 286s)
2026-08-08 05:31:13   [GPU] 1,200,035 evals (29708 batches, avg 40/batch = 8% of 512, 4016 evals/s, 288 msg/s, 14.0 leaves/msg, 299s)
2026-08-08 05:31:18 [iter 20/60] eval vs minimax: 55/80 games (4%)
2026-08-08 05:31:27   [GPU] 1,250,015 evals (31002 batches, avg 40/batch = 8% of 512, 3999 evals/s, 286 msg/s, 14.0 leaves/msg, 313s)
2026-08-08 05:31:42   [GPU] 1,300,006 evals (32359 batches, avg 40/batch = 8% of 512, 3975 evals/s, 284 msg/s, 14.0 leaves/msg, 327s)
2026-08-08 05:31:49 [iter 20/60] eval vs minimax: 60/80 games (4%)
2026-08-08 05:31:56   [GPU] 1,350,000 evals (33679 batches, avg 40/batch = 8% of 512, 3957 evals/s, 283 msg/s, 14.0 leaves/msg, 341s)
2026-08-08 05:32:11   [GPU] 1,400,031 evals (35099 batches, avg 40/batch = 8% of 512, 3923 evals/s, 280 msg/s, 14.0 leaves/msg, 357s)
2026-08-08 05:32:26   [GPU] 1,450,039 evals (36511 batches, avg 40/batch = 8% of 512, 3901 evals/s, 278 msg/s, 14.0 leaves/msg, 372s)
2026-08-08 05:32:26 [iter 20/60] eval vs minimax: 65/80 games (4%)
2026-08-08 05:32:41   [GPU] 1,500,007 evals (37951 batches, avg 40/batch = 8% of 512, 3879 evals/s, 276 msg/s, 14.1 leaves/msg, 387s)
2026-08-08 05:32:58   [GPU] 1,550,046 evals (39541 batches, avg 39/batch = 8% of 512, 3842 evals/s, 274 msg/s, 14.0 leaves/msg, 403s)
2026-08-08 05:33:09 [iter 20/60] eval vs minimax: 70/80 games (4%)
2026-08-08 05:33:16   [GPU] 1,600,003 evals (41165 batches, avg 39/batch = 8% of 512, 3794 evals/s, 270 msg/s, 14.1 leaves/msg, 422s)
2026-08-08 05:33:40   [GPU] 1,650,020 evals (43056 batches, avg 38/batch = 7% of 512, 3707 evals/s, 264 msg/s, 14.1 leaves/msg, 445s)
2026-08-08 05:34:00   [GPU] 1,700,019 evals (44853 batches, avg 38/batch = 7% of 512, 3650 evals/s, 259 msg/s, 14.1 leaves/msg, 466s)
2026-08-08 05:34:01 [iter 20/60] eval vs minimax: 75/80 games (3%)
2026-08-08 05:34:33   [GPU] 1,750,006 evals (47094 batches, avg 37/batch = 7% of 512, 3510 evals/s, 249 msg/s, 14.1 leaves/msg, 499s)
2026-08-08 05:35:06 [iter 20/60] eval vs minimax: 80/80 games (3%)
2026-08-08 05:35:06 [iter 20/60] eval vs minimax done: 3.2% of 63 decided [seat0:0/40 seat1:2/40] (532s)
2026-08-08 05:35:06 [iter 20/60] WARNING: racing decay — best seat 65% is 28 pts below the peak 92% (2/2 evals)
2026-08-08 05:35:06 >>> iter 20 | loss_p=1.202 loss_v=0.098 | vs_best=75.0% reject | vs_rand=100.0% | draw=22% | buf=100000 | rss=3.15GB | sp=1142s train=7s eval_best=1085s eval_rand=305s | total=3305s
2026-08-08 05:35:06 STOPPING EARLY at iteration 20/60 — racing decay: best per-seat greedy rate 65% stayed >=20 pts below its peak 92% for 2 consecutive evals. best.pt holds the peak; resume by raising greedy_stop_patience if this was noise.
