2026-08-24 22:29:08 ======================================================================
2026-08-24 22:29:08 training_loop_mp launched | N=4 board=9x9 | sims=600 games/iter=160 | self_play=parallel workers=8 vec_games=0
2026-08-24 22:29:08 checkpoint_dir=/tf/dl-quoridor/runs/n4_9x9_v12 | eval=40+8+80 greedy | accept_margin=0.14 | buffer=100000
2026-08-24 22:29:08 train_steps=600 max_moves=320 explore_moves=40 warmup=5000 discount=0.99/ply leaf_batch=16 vloss=1.0 | clone seat-0 value targets weighted 0.0
2026-08-24 22:29:08 resources: 8 usable cpus (cgroup quota), 32 GB limit (host 1623 GB), gpu: NVIDIA RTX PRO 6000 Blackwell Server Edition, 10 GB, rss=1.57 GB at launch
2026-08-24 22:29:08 ======================================================================
2026-08-24 22:29:08 Config frozen -> /tf/dl-quoridor/runs/n4_9x9_v12/config.json
2026-08-24 22:29:08 Learner warm-started from /tf/dl-quoridor/runs/pretrain_n4_9x9/pretrain.pt
2026-08-24 22:29:08 Champion initialised from the starting model -> /tf/dl-quoridor/runs/n4_9x9_v12/best.pt
2026-08-24 22:29:08 Starting N=4 training: 40 iterations, 160 games/iter, 600 sims
2026-08-24 22:29:08 Policy anchored to /tf/dl-quoridor/runs/pretrain_n4_9x9/pretrain.pt (anchor_weight=0.2)
2026-08-24 22:29:08 Gate held: eval-vs-best is skipped until win_vs_greedy > 0.05, then the champion is seeded from the learner. An untrained net cannot reach its goal, so gate games against it time out rather than decide.
2026-08-24 22:29:08 [iter 1/40] self-play starting (160 games, 600 sims, MIXED 80/160 race-only)...
2026-08-24 22:29:08 [PARALLEL-MP] 8 workers spawned (160 games, sims=600), GPU batcher starting...
2026-08-24 22:29:26   [GPU] 50,015 evals (1495 batches, avg 33/batch = 7% of 512, 2881 evals/s, 205 msg/s, 14.1 leaves/msg, 17s)
2026-08-24 22:29:29 [iter 1/40] self-play: 5/160 games...
2026-08-24 22:29:40   [GPU] 100,008 evals (2933 batches, avg 34/batch = 7% of 512, 3139 evals/s, 233 msg/s, 13.5 leaves/msg, 32s)
2026-08-24 22:29:49 [iter 1/40] self-play: 10/160 games...
2026-08-24 22:29:57   [GPU] 150,021 evals (4477 batches, avg 34/batch = 7% of 512, 3103 evals/s, 224 msg/s, 13.9 leaves/msg, 48s)
2026-08-24 22:30:12   [GPU] 200,016 evals (5983 batches, avg 33/batch = 7% of 512, 3134 evals/s, 228 msg/s, 13.7 leaves/msg, 64s)
2026-08-24 22:30:25 [iter 1/40] self-play: 15/160 games...
2026-08-24 22:30:28   [GPU] 250,036 evals (7468 batches, avg 33/batch = 7% of 512, 3125 evals/s, 225 msg/s, 13.9 leaves/msg, 80s)
2026-08-24 22:30:44   [GPU] 300,006 evals (8917 batches, avg 34/batch = 7% of 512, 3138 evals/s, 227 msg/s, 13.8 leaves/msg, 96s)
2026-08-24 22:30:59   [GPU] 350,016 evals (10328 batches, avg 34/batch = 7% of 512, 3151 evals/s, 227 msg/s, 13.9 leaves/msg, 111s)
2026-08-24 22:31:12   [GPU] 400,042 evals (11572 batches, avg 35/batch = 7% of 512, 3241 evals/s, 234 msg/s, 13.9 leaves/msg, 123s)
2026-08-24 22:31:17 [iter 1/40] self-play: 20/160 games...
2026-08-24 22:31:23   [GPU] 450,030 evals (12734 batches, avg 35/batch = 7% of 512, 3335 evals/s, 242 msg/s, 13.8 leaves/msg, 135s)
2026-08-24 22:31:36   [GPU] 500,044 evals (13950 batches, avg 36/batch = 7% of 512, 3392 evals/s, 247 msg/s, 13.8 leaves/msg, 147s)
2026-08-24 22:31:37 [iter 1/40] self-play: 25/160 games...
2026-08-24 22:31:48   [GPU] 550,027 evals (15208 batches, avg 36/batch = 7% of 512, 3438 evals/s, 249 msg/s, 13.8 leaves/msg, 160s)
2026-08-24 22:32:01   [GPU] 600,057 evals (16436 batches, avg 37/batch = 7% of 512, 3485 evals/s, 253 msg/s, 13.8 leaves/msg, 172s)
2026-08-24 22:32:10 [iter 1/40] self-play: 30/160 games...
2026-08-24 22:32:14   [GPU] 650,026 evals (17723 batches, avg 37/batch = 7% of 512, 3503 evals/s, 255 msg/s, 13.8 leaves/msg, 186s)
2026-08-24 22:32:27   [GPU] 700,024 evals (18994 batches, avg 37/batch = 7% of 512, 3522 evals/s, 255 msg/s, 13.8 leaves/msg, 199s)
2026-08-24 22:32:38   [GPU] 750,056 evals (20105 batches, avg 37/batch = 7% of 512, 3573 evals/s, 258 msg/s, 13.9 leaves/msg, 210s)
2026-08-24 22:32:50   [GPU] 800,016 evals (21215 batches, avg 38/batch = 7% of 512, 3618 evals/s, 261 msg/s, 13.9 leaves/msg, 221s)
2026-08-24 22:33:01   [GPU] 850,011 evals (22344 batches, avg 38/batch = 7% of 512, 3654 evals/s, 264 msg/s, 13.9 leaves/msg, 233s)
2026-08-24 22:33:13   [GPU] 900,007 evals (23467 batches, avg 38/batch = 7% of 512, 3685 evals/s, 265 msg/s, 13.9 leaves/msg, 244s)
2026-08-24 22:33:24   [GPU] 950,011 evals (24534 batches, avg 39/batch = 8% of 512, 3724 evals/s, 268 msg/s, 13.9 leaves/msg, 255s)
2026-08-24 22:33:34   [GPU] 1,000,035 evals (25557 batches, avg 39/batch = 8% of 512, 3765 evals/s, 271 msg/s, 13.9 leaves/msg, 266s)
2026-08-24 22:33:45   [GPU] 1,050,005 evals (26580 batches, avg 40/batch = 8% of 512, 3800 evals/s, 273 msg/s, 13.9 leaves/msg, 276s)
2026-08-24 22:33:55   [GPU] 1,100,028 evals (27604 batches, avg 40/batch = 8% of 512, 3832 evals/s, 275 msg/s, 13.9 leaves/msg, 287s)
2026-08-24 22:34:06   [GPU] 1,150,060 evals (28667 batches, avg 40/batch = 8% of 512, 3860 evals/s, 278 msg/s, 13.9 leaves/msg, 298s)
2026-08-24 22:34:18 [iter 1/40] self-play: 35/160 games...
2026-08-24 22:34:18   [GPU] 1,200,051 evals (29751 batches, avg 40/batch = 8% of 512, 3880 evals/s, 279 msg/s, 13.9 leaves/msg, 309s)
2026-08-24 22:34:28   [GPU] 1,250,000 evals (30725 batches, avg 41/batch = 8% of 512, 3915 evals/s, 281 msg/s, 13.9 leaves/msg, 319s)
2026-08-24 22:34:37   [GPU] 1,300,058 evals (31657 batches, avg 41/batch = 8% of 512, 3952 evals/s, 284 msg/s, 13.9 leaves/msg, 329s)
2026-08-24 22:34:47   [GPU] 1,350,030 evals (32644 batches, avg 41/batch = 8% of 512, 3982 evals/s, 286 msg/s, 13.9 leaves/msg, 339s)
2026-08-24 22:34:59   [GPU] 1,400,012 evals (33765 batches, avg 41/batch = 8% of 512, 3992 evals/s, 287 msg/s, 13.9 leaves/msg, 351s)
2026-08-24 22:35:06 [iter 1/40] self-play: 40/160 games...
2026-08-24 22:35:10   [GPU] 1,450,027 evals (34886 batches, avg 42/batch = 8% of 512, 4005 evals/s, 289 msg/s, 13.9 leaves/msg, 362s)
2026-08-24 22:35:23   [GPU] 1,500,021 evals (36083 batches, avg 42/batch = 8% of 512, 4006 evals/s, 289 msg/s, 13.9 leaves/msg, 374s)
2026-08-24 22:35:34   [GPU] 1,550,017 evals (37197 batches, avg 42/batch = 8% of 512, 4019 evals/s, 290 msg/s, 13.9 leaves/msg, 386s)
2026-08-24 22:35:34 [iter 1/40] self-play: 45/160 games...
2026-08-24 22:35:47   [GPU] 1,600,007 evals (38397 batches, avg 42/batch = 8% of 512, 4018 evals/s, 290 msg/s, 13.9 leaves/msg, 398s)
2026-08-24 22:36:00   [GPU] 1,650,015 evals (39614 batches, avg 42/batch = 8% of 512, 4012 evals/s, 289 msg/s, 13.9 leaves/msg, 411s)
2026-08-24 22:36:12   [GPU] 1,700,062 evals (40747 batches, avg 42/batch = 8% of 512, 4016 evals/s, 290 msg/s, 13.9 leaves/msg, 423s)
2026-08-24 22:36:23   [GPU] 1,750,045 evals (41828 batches, avg 42/batch = 8% of 512, 4026 evals/s, 290 msg/s, 13.9 leaves/msg, 435s)
2026-08-24 22:36:34   [GPU] 1,800,003 evals (42932 batches, avg 42/batch = 8% of 512, 4035 evals/s, 291 msg/s, 13.8 leaves/msg, 446s)
2026-08-24 22:36:38 [iter 1/40] self-play: 50/160 games...
2026-08-24 22:36:47   [GPU] 1,850,007 evals (44115 batches, avg 42/batch = 8% of 512, 4035 evals/s, 291 msg/s, 13.9 leaves/msg, 459s)
2026-08-24 22:36:59   [GPU] 1,900,056 evals (45286 batches, avg 42/batch = 8% of 512, 4036 evals/s, 291 msg/s, 13.9 leaves/msg, 471s)
2026-08-24 22:37:12   [GPU] 1,950,020 evals (46500 batches, avg 42/batch = 8% of 512, 4036 evals/s, 292 msg/s, 13.8 leaves/msg, 483s)
2026-08-24 22:37:23 [iter 1/40] self-play: 55/160 games...
2026-08-24 22:37:24   [GPU] 2,000,044 evals (47667 batches, avg 42/batch = 8% of 512, 4038 evals/s, 292 msg/s, 13.8 leaves/msg, 495s)
2026-08-24 22:37:35   [GPU] 2,050,037 evals (48772 batches, avg 42/batch = 8% of 512, 4048 evals/s, 292 msg/s, 13.9 leaves/msg, 506s)
2026-08-24 22:37:48   [GPU] 2,100,047 evals (50046 batches, avg 42/batch = 8% of 512, 4044 evals/s, 293 msg/s, 13.8 leaves/msg, 519s)
2026-08-24 22:37:57 [iter 1/40] self-play: 60/160 games...
2026-08-24 22:38:01   [GPU] 2,150,002 evals (51320 batches, avg 42/batch = 8% of 512, 4038 evals/s, 293 msg/s, 13.8 leaves/msg, 533s)
2026-08-24 22:38:13   [GPU] 2,200,044 evals (52517 batches, avg 42/batch = 8% of 512, 4039 evals/s, 293 msg/s, 13.8 leaves/msg, 545s)
2026-08-24 22:38:26   [GPU] 2,250,055 evals (53733 batches, avg 42/batch = 8% of 512, 4037 evals/s, 293 msg/s, 13.8 leaves/msg, 557s)
2026-08-24 22:38:38   [GPU] 2,300,053 evals (54941 batches, avg 42/batch = 8% of 512, 4037 evals/s, 292 msg/s, 13.8 leaves/msg, 570s)
2026-08-24 22:38:40 [iter 1/40] self-play: 65/160 games...
2026-08-24 22:38:51   [GPU] 2,350,005 evals (56181 batches, avg 42/batch = 8% of 512, 4033 evals/s, 292 msg/s, 13.8 leaves/msg, 583s)
2026-08-24 22:39:03   [GPU] 2,400,002 evals (57388 batches, avg 42/batch = 8% of 512, 4033 evals/s, 292 msg/s, 13.8 leaves/msg, 595s)
2026-08-24 22:39:15   [GPU] 2,450,014 evals (58480 batches, avg 42/batch = 8% of 512, 4041 evals/s, 293 msg/s, 13.8 leaves/msg, 606s)
2026-08-24 22:39:23 [iter 1/40] self-play: 70/160 games...
2026-08-24 22:39:27   [GPU] 2,500,050 evals (59675 batches, avg 42/batch = 8% of 512, 4040 evals/s, 293 msg/s, 13.8 leaves/msg, 619s)
2026-08-24 22:39:40   [GPU] 2,550,013 evals (60852 batches, avg 42/batch = 8% of 512, 4040 evals/s, 293 msg/s, 13.8 leaves/msg, 631s)
2026-08-24 22:39:51   [GPU] 2,600,063 evals (61968 batches, avg 42/batch = 8% of 512, 4046 evals/s, 293 msg/s, 13.8 leaves/msg, 643s)
2026-08-24 22:40:03   [GPU] 2,650,000 evals (63096 batches, avg 42/batch = 8% of 512, 4050 evals/s, 293 msg/s, 13.8 leaves/msg, 654s)
2026-08-24 22:40:15   [GPU] 2,700,057 evals (64238 batches, avg 42/batch = 8% of 512, 4054 evals/s, 293 msg/s, 13.8 leaves/msg, 666s)
2026-08-24 22:40:26   [GPU] 2,750,043 evals (65389 batches, avg 42/batch = 8% of 512, 4056 evals/s, 293 msg/s, 13.8 leaves/msg, 678s)
2026-08-24 22:40:29 [iter 1/40] self-play: 75/160 games...
2026-08-24 22:40:37   [GPU] 2,800,013 evals (66482 batches, avg 42/batch = 8% of 512, 4065 evals/s, 293 msg/s, 13.9 leaves/msg, 689s)
2026-08-24 22:40:48   [GPU] 2,850,002 evals (67556 batches, avg 42/batch = 8% of 512, 4076 evals/s, 294 msg/s, 13.9 leaves/msg, 699s)
2026-08-24 22:40:58   [GPU] 2,900,041 evals (68643 batches, avg 42/batch = 8% of 512, 4085 evals/s, 295 msg/s, 13.8 leaves/msg, 710s)
2026-08-24 22:41:11   [GPU] 2,950,003 evals (69845 batches, avg 42/batch = 8% of 512, 4085 evals/s, 295 msg/s, 13.8 leaves/msg, 722s)
2026-08-24 22:41:18 [iter 1/40] self-play: 80/160 games...
2026-08-24 22:41:23   [GPU] 3,000,024 evals (71015 batches, avg 42/batch = 8% of 512, 4084 evals/s, 296 msg/s, 13.8 leaves/msg, 735s)
2026-08-24 22:41:36   [GPU] 3,050,012 evals (72257 batches, avg 42/batch = 8% of 512, 4081 evals/s, 295 msg/s, 13.8 leaves/msg, 747s)
2026-08-24 22:41:45 [iter 1/40] self-play: 85/160 games...
2026-08-24 22:41:48   [GPU] 3,100,018 evals (73416 batches, avg 42/batch = 8% of 512, 4083 evals/s, 295 msg/s, 13.8 leaves/msg, 759s)
2026-08-24 22:42:00   [GPU] 3,150,048 evals (74613 batches, avg 42/batch = 8% of 512, 4082 evals/s, 295 msg/s, 13.8 leaves/msg, 772s)
2026-08-24 22:42:14   [GPU] 3,200,000 evals (75888 batches, avg 42/batch = 8% of 512, 4075 evals/s, 295 msg/s, 13.8 leaves/msg, 785s)
2026-08-24 22:42:26   [GPU] 3,250,050 evals (77028 batches, avg 42/batch = 8% of 512, 4075 evals/s, 295 msg/s, 13.8 leaves/msg, 797s)
2026-08-24 22:42:37   [GPU] 3,300,028 evals (78092 batches, avg 42/batch = 8% of 512, 4082 evals/s, 295 msg/s, 13.8 leaves/msg, 808s)
2026-08-24 22:42:40 [iter 1/40] self-play: 90/160 games...
2026-08-24 22:42:50   [GPU] 3,350,029 evals (79321 batches, avg 42/batch = 8% of 512, 4079 evals/s, 295 msg/s, 13.8 leaves/msg, 821s)
2026-08-24 22:43:02   [GPU] 3,400,007 evals (80509 batches, avg 42/batch = 8% of 512, 4080 evals/s, 295 msg/s, 13.8 leaves/msg, 833s)
2026-08-24 22:43:15   [GPU] 3,450,047 evals (81763 batches, avg 42/batch = 8% of 512, 4076 evals/s, 295 msg/s, 13.8 leaves/msg, 846s)
2026-08-24 22:43:24 [iter 1/40] self-play: 95/160 games...
2026-08-24 22:43:29   [GPU] 3,500,006 evals (83036 batches, avg 42/batch = 8% of 512, 4069 evals/s, 294 msg/s, 13.8 leaves/msg, 860s)
2026-08-24 22:43:41   [GPU] 3,550,007 evals (84199 batches, avg 42/batch = 8% of 512, 4069 evals/s, 294 msg/s, 13.8 leaves/msg, 872s)
2026-08-24 22:43:53   [GPU] 3,600,030 evals (85345 batches, avg 42/batch = 8% of 512, 4072 evals/s, 294 msg/s, 13.8 leaves/msg, 884s)
2026-08-24 22:44:06   [GPU] 3,650,048 evals (86585 batches, avg 42/batch = 8% of 512, 4068 evals/s, 294 msg/s, 13.8 leaves/msg, 897s)
2026-08-24 22:44:19   [GPU] 3,700,008 evals (87861 batches, avg 42/batch = 8% of 512, 4062 evals/s, 293 msg/s, 13.8 leaves/msg, 911s)
2026-08-24 22:44:32   [GPU] 3,750,007 evals (89062 batches, avg 42/batch = 8% of 512, 4062 evals/s, 293 msg/s, 13.9 leaves/msg, 923s)
2026-08-24 22:44:44   [GPU] 3,800,048 evals (90282 batches, avg 42/batch = 8% of 512, 4060 evals/s, 293 msg/s, 13.9 leaves/msg, 936s)
2026-08-24 22:44:44 [iter 1/40] self-play: 100/160 games...
2026-08-24 22:44:58   [GPU] 3,850,013 evals (91530 batches, avg 42/batch = 8% of 512, 4056 evals/s, 293 msg/s, 13.9 leaves/msg, 949s)
2026-08-24 22:45:11   [GPU] 3,900,073 evals (92773 batches, avg 42/batch = 8% of 512, 4051 evals/s, 292 msg/s, 13.9 leaves/msg, 963s)
2026-08-24 22:45:25   [GPU] 3,950,011 evals (94041 batches, avg 42/batch = 8% of 512, 4046 evals/s, 292 msg/s, 13.9 leaves/msg, 976s)
2026-08-24 22:45:38   [GPU] 4,000,050 evals (95287 batches, avg 42/batch = 8% of 512, 4042 evals/s, 291 msg/s, 13.9 leaves/msg, 990s)
2026-08-24 22:45:49   [GPU] 4,050,022 evals (96417 batches, avg 42/batch = 8% of 512, 4046 evals/s, 292 msg/s, 13.9 leaves/msg, 1001s)
2026-08-24 22:46:01   [GPU] 4,100,055 evals (97542 batches, avg 42/batch = 8% of 512, 4050 evals/s, 292 msg/s, 13.9 leaves/msg, 1012s)
2026-08-24 22:46:12   [GPU] 4,150,035 evals (98644 batches, avg 42/batch = 8% of 512, 4055 evals/s, 292 msg/s, 13.9 leaves/msg, 1023s)
2026-08-24 22:46:15 [iter 1/40] self-play: 105/160 games...
2026-08-24 22:46:24   [GPU] 4,200,025 evals (99839 batches, avg 42/batch = 8% of 512, 4056 evals/s, 292 msg/s, 13.9 leaves/msg, 1035s)
2026-08-24 22:46:35   [GPU] 4,250,031 evals (100978 batches, avg 42/batch = 8% of 512, 4060 evals/s, 293 msg/s, 13.9 leaves/msg, 1047s)
2026-08-24 22:46:38 [iter 1/40] self-play: 110/160 games...
2026-08-24 22:46:49   [GPU] 4,300,068 evals (102338 batches, avg 42/batch = 8% of 512, 4053 evals/s, 293 msg/s, 13.9 leaves/msg, 1061s)
2026-08-24 22:47:03   [GPU] 4,350,029 evals (103636 batches, avg 42/batch = 8% of 512, 4049 evals/s, 292 msg/s, 13.9 leaves/msg, 1074s)
2026-08-24 22:47:06 [iter 1/40] self-play: 115/160 games...
2026-08-24 22:47:16   [GPU] 4,400,028 evals (104915 batches, avg 42/batch = 8% of 512, 4046 evals/s, 292 msg/s, 13.8 leaves/msg, 1088s)
2026-08-24 22:47:29   [GPU] 4,450,011 evals (106171 batches, avg 42/batch = 8% of 512, 4042 evals/s, 292 msg/s, 13.9 leaves/msg, 1101s)
2026-08-24 22:47:43   [GPU] 4,500,004 evals (107487 batches, avg 42/batch = 8% of 512, 4037 evals/s, 292 msg/s, 13.8 leaves/msg, 1115s)
2026-08-24 22:47:55 [iter 1/40] self-play: 120/160 games...
2026-08-24 22:47:58   [GPU] 4,550,029 evals (108890 batches, avg 42/batch = 8% of 512, 4029 evals/s, 291 msg/s, 13.8 leaves/msg, 1129s)
2026-08-24 22:48:12   [GPU] 4,600,027 evals (110281 batches, avg 42/batch = 8% of 512, 4022 evals/s, 291 msg/s, 13.8 leaves/msg, 1144s)
2026-08-24 22:48:29   [GPU] 4,650,016 evals (111874 batches, avg 42/batch = 8% of 512, 4006 evals/s, 290 msg/s, 13.8 leaves/msg, 1161s)
2026-08-24 22:48:35 [iter 1/40] self-play: 125/160 games...
2026-08-24 22:48:44   [GPU] 4,700,004 evals (113249 batches, avg 42/batch = 8% of 512, 3999 evals/s, 290 msg/s, 13.8 leaves/msg, 1175s)
2026-08-24 22:49:00   [GPU] 4,750,020 evals (114747 batches, avg 41/batch = 8% of 512, 3988 evals/s, 289 msg/s, 13.8 leaves/msg, 1191s)
2026-08-24 22:49:11 [iter 1/40] self-play: 130/160 games...
2026-08-24 22:49:14   [GPU] 4,800,021 evals (116153 batches, avg 41/batch = 8% of 512, 3981 evals/s, 289 msg/s, 13.8 leaves/msg, 1206s)
2026-08-24 22:49:29   [GPU] 4,850,021 evals (117552 batches, avg 41/batch = 8% of 512, 3973 evals/s, 289 msg/s, 13.8 leaves/msg, 1221s)
2026-08-24 22:49:43   [GPU] 4,900,033 evals (118854 batches, avg 41/batch = 8% of 512, 3970 evals/s, 289 msg/s, 13.8 leaves/msg, 1234s)
2026-08-24 22:49:56   [GPU] 4,950,018 evals (120121 batches, avg 41/batch = 8% of 512, 3969 evals/s, 289 msg/s, 13.8 leaves/msg, 1247s)
2026-08-24 22:50:10   [GPU] 5,000,003 evals (121459 batches, avg 41/batch = 8% of 512, 3965 evals/s, 289 msg/s, 13.7 leaves/msg, 1261s)
2026-08-24 22:50:23   [GPU] 5,050,015 evals (122746 batches, avg 41/batch = 8% of 512, 3962 evals/s, 289 msg/s, 13.7 leaves/msg, 1275s)
2026-08-24 22:50:36   [GPU] 5,100,047 evals (123981 batches, avg 41/batch = 8% of 512, 3961 evals/s, 289 msg/s, 13.7 leaves/msg, 1288s)
2026-08-24 22:50:49   [GPU] 5,150,039 evals (125219 batches, avg 41/batch = 8% of 512, 3959 evals/s, 289 msg/s, 13.7 leaves/msg, 1301s)
2026-08-24 22:51:02   [GPU] 5,200,032 evals (126473 batches, avg 41/batch = 8% of 512, 3958 evals/s, 289 msg/s, 13.7 leaves/msg, 1314s)
2026-08-24 22:51:15   [GPU] 5,250,009 evals (127713 batches, avg 41/batch = 8% of 512, 3957 evals/s, 289 msg/s, 13.7 leaves/msg, 1327s)
2026-08-24 22:51:29   [GPU] 5,300,026 evals (128988 batches, avg 41/batch = 8% of 512, 3954 evals/s, 289 msg/s, 13.7 leaves/msg, 1340s)
2026-08-24 22:51:41   [GPU] 5,350,019 evals (130178 batches, avg 41/batch = 8% of 512, 3955 evals/s, 289 msg/s, 13.7 leaves/msg, 1353s)
2026-08-24 22:51:53   [GPU] 5,400,015 evals (131356 batches, avg 41/batch = 8% of 512, 3956 evals/s, 289 msg/s, 13.7 leaves/msg, 1365s)
2026-08-24 22:52:06   [GPU] 5,450,006 evals (132524 batches, avg 41/batch = 8% of 512, 3957 evals/s, 289 msg/s, 13.7 leaves/msg, 1377s)
2026-08-24 22:52:18   [GPU] 5,500,004 evals (133693 batches, avg 41/batch = 8% of 512, 3958 evals/s, 289 msg/s, 13.7 leaves/msg, 1390s)
2026-08-24 22:52:24 [iter 1/40] self-play: 135/160 games...
2026-08-24 22:52:29   [GPU] 5,550,031 evals (134797 batches, avg 41/batch = 8% of 512, 3962 evals/s, 290 msg/s, 13.7 leaves/msg, 1401s)
2026-08-24 22:52:40   [GPU] 5,600,043 evals (135846 batches, avg 41/batch = 8% of 512, 3968 evals/s, 290 msg/s, 13.7 leaves/msg, 1411s)
2026-08-24 22:52:51   [GPU] 5,650,018 evals (136937 batches, avg 41/batch = 8% of 512, 3972 evals/s, 291 msg/s, 13.7 leaves/msg, 1423s)
2026-08-24 22:53:03   [GPU] 5,700,036 evals (138136 batches, avg 41/batch = 8% of 512, 3973 evals/s, 291 msg/s, 13.7 leaves/msg, 1435s)
2026-08-24 22:53:16   [GPU] 5,750,002 evals (139386 batches, avg 41/batch = 8% of 512, 3972 evals/s, 291 msg/s, 13.7 leaves/msg, 1448s)
2026-08-24 22:53:28   [GPU] 5,800,012 evals (140556 batches, avg 41/batch = 8% of 512, 3974 evals/s, 291 msg/s, 13.7 leaves/msg, 1460s)
2026-08-24 22:53:29 [iter 1/40] self-play: 140/160 games...
2026-08-24 22:53:41   [GPU] 5,850,009 evals (141806 batches, avg 41/batch = 8% of 512, 3973 evals/s, 291 msg/s, 13.6 leaves/msg, 1472s)
2026-08-24 22:53:55   [GPU] 5,900,006 evals (143150 batches, avg 41/batch = 8% of 512, 3968 evals/s, 291 msg/s, 13.6 leaves/msg, 1487s)
2026-08-24 22:54:08   [GPU] 5,950,020 evals (144399 batches, avg 41/batch = 8% of 512, 3967 evals/s, 291 msg/s, 13.6 leaves/msg, 1500s)
2026-08-24 22:54:13 [iter 1/40] self-play: 145/160 games...
2026-08-24 22:54:21   [GPU] 6,000,023 evals (145650 batches, avg 41/batch = 8% of 512, 3967 evals/s, 291 msg/s, 13.6 leaves/msg, 1512s)
2026-08-24 22:54:34   [GPU] 6,050,010 evals (146913 batches, avg 41/batch = 8% of 512, 3967 evals/s, 291 msg/s, 13.6 leaves/msg, 1525s)
2026-08-24 22:54:46   [GPU] 6,100,014 evals (148133 batches, avg 41/batch = 8% of 512, 3966 evals/s, 291 msg/s, 13.6 leaves/msg, 1538s)
2026-08-24 22:55:01   [GPU] 6,150,030 evals (149511 batches, avg 41/batch = 8% of 512, 3962 evals/s, 291 msg/s, 13.6 leaves/msg, 1552s)
2026-08-24 22:55:02 [iter 1/40] self-play: 150/160 games...
2026-08-24 22:55:16   [GPU] 6,200,004 evals (150982 batches, avg 41/batch = 8% of 512, 3955 evals/s, 291 msg/s, 13.6 leaves/msg, 1568s)
2026-08-24 22:55:30   [GPU] 6,250,039 evals (152379 batches, avg 41/batch = 8% of 512, 3952 evals/s, 291 msg/s, 13.6 leaves/msg, 1581s)
2026-08-24 22:55:47   [GPU] 6,300,041 evals (154080 batches, avg 41/batch = 8% of 512, 3940 evals/s, 291 msg/s, 13.5 leaves/msg, 1599s)
2026-08-24 22:55:51 [iter 1/40] self-play: 155/160 games...
2026-08-24 22:56:11   [GPU] 6,350,008 evals (156129 batches, avg 41/batch = 8% of 512, 3914 evals/s, 289 msg/s, 13.5 leaves/msg, 1622s)
2026-08-24 22:56:39   [GPU] 6,400,020 evals (158243 batches, avg 40/batch = 8% of 512, 3878 evals/s, 286 msg/s, 13.5 leaves/msg, 1650s)
2026-08-24 22:57:05   [GPU] 6,450,004 evals (160289 batches, avg 40/batch = 8% of 512, 3847 evals/s, 284 msg/s, 13.5 leaves/msg, 1677s)
2026-08-24 22:57:30   [GPU] 6,500,024 evals (162330 batches, avg 40/batch = 8% of 512, 3819 evals/s, 282 msg/s, 13.5 leaves/msg, 1702s)
2026-08-24 22:57:56   [GPU] 6,550,010 evals (164370 batches, avg 40/batch = 8% of 512, 3792 evals/s, 280 msg/s, 13.6 leaves/msg, 1727s)
2026-08-24 22:58:21   [GPU] 6,600,008 evals (166389 batches, avg 40/batch = 8% of 512, 3766 evals/s, 278 msg/s, 13.6 leaves/msg, 1752s)
2026-08-24 22:58:53   [GPU] 6,650,021 evals (168760 batches, avg 39/batch = 8% of 512, 3725 evals/s, 275 msg/s, 13.6 leaves/msg, 1785s)
2026-08-24 22:59:39   [GPU] 6,700,011 evals (171523 batches, avg 39/batch = 8% of 512, 3661 evals/s, 270 msg/s, 13.6 leaves/msg, 1830s)
2026-08-24 23:00:20 [iter 1/40] self-play: 160/160 games...
2026-08-24 23:00:20 [iter 1/40] self-play done: 160 games (1872s) | wins: P0=59, P1=32, P2=20, P3=26, draw=23 | draw_rate=14% avg_len~28
2026-08-24 23:00:20 [iter 1/40] search: expanded=7.3 actions/node visits/action=82.5 walls/game=4.79 first_wall_ply=2.753 learner_sims/s=3808.39
2026-08-24 23:00:20 [iter 1/40] training (600 steps, lr=1.00e-03)...
2026-08-24 23:00:28 [iter 1/40] training done: loss_p=1.329 loss_v=0.117 (8s)
2026-08-24 23:00:29 [iter 1/40] data: policy_wall_mass=0.082 walled_states=52% walls_on_board=13.9 value_mae walled=0.169 free=0.314
2026-08-24 23:00:29 [iter 1/40] eval skipped (eval_every=4)
2026-08-24 23:00:29 >>> iter 1 | loss_p=1.329 loss_v=0.117 | vs_best=n/a (not evaluated) | vs_rand=n/a | draw=14% | buf=9040 | rss=2.19GB | sp=1872s train=8s eval_best=0s eval_rand=0s | total=1881s
2026-08-24 23:00:29 [iter 2/40] self-play starting (160 games, 600 sims, MIXED 80/160 race-only)...
2026-08-24 23:00:29 [PARALLEL-MP] 8 workers spawned (160 games, sims=600), GPU batcher starting...
2026-08-24 23:00:46   [GPU] 50,001 evals (1435 batches, avg 35/batch = 7% of 512, 2903 evals/s, 198 msg/s, 14.6 leaves/msg, 17s)
2026-08-24 23:00:52 [iter 2/40] self-play: 5/160 games...
2026-08-24 23:01:00   [GPU] 100,007 evals (2788 batches, avg 36/batch = 7% of 512, 3215 evals/s, 227 msg/s, 14.2 leaves/msg, 31s)
2026-08-24 23:01:05 [iter 2/40] self-play: 10/160 games...
2026-08-24 23:01:17   [GPU] 150,015 evals (4414 batches, avg 34/batch = 7% of 512, 3125 evals/s, 223 msg/s, 14.0 leaves/msg, 48s)
2026-08-24 23:01:35 [iter 2/40] self-play: 15/160 games...
2026-08-24 23:01:35   [GPU] 200,005 evals (6002 batches, avg 33/batch = 7% of 512, 3019 evals/s, 214 msg/s, 14.1 leaves/msg, 66s)
2026-08-24 23:01:52   [GPU] 250,034 evals (7550 batches, avg 33/batch = 6% of 512, 3003 evals/s, 212 msg/s, 14.2 leaves/msg, 83s)
2026-08-24 23:02:09   [GPU] 300,051 evals (8989 batches, avg 33/batch = 7% of 512, 3010 evals/s, 210 msg/s, 14.3 leaves/msg, 100s)
2026-08-24 23:02:22   [GPU] 350,004 evals (10209 batches, avg 34/batch = 7% of 512, 3108 evals/s, 216 msg/s, 14.4 leaves/msg, 113s)
2026-08-24 23:02:23 [iter 2/40] self-play: 20/160 games...
2026-08-24 23:02:34   [GPU] 400,027 evals (11385 batches, avg 35/batch = 7% of 512, 3206 evals/s, 223 msg/s, 14.4 leaves/msg, 125s)
2026-08-24 23:02:46   [GPU] 450,023 evals (12547 batches, avg 36/batch = 7% of 512, 3280 evals/s, 228 msg/s, 14.4 leaves/msg, 137s)
2026-08-24 23:02:58   [GPU] 500,013 evals (13689 batches, avg 37/batch = 7% of 512, 3354 evals/s, 233 msg/s, 14.4 leaves/msg, 149s)
2026-08-24 23:03:09   [GPU] 550,033 evals (14785 batches, avg 37/batch = 7% of 512, 3431 evals/s, 238 msg/s, 14.4 leaves/msg, 160s)
2026-08-24 23:03:21   [GPU] 600,019 evals (15867 batches, avg 38/batch = 7% of 512, 3499 evals/s, 243 msg/s, 14.4 leaves/msg, 171s)
2026-08-24 23:03:32   [GPU] 650,017 evals (17024 batches, avg 38/batch = 7% of 512, 3550 evals/s, 247 msg/s, 14.4 leaves/msg, 183s)
2026-08-24 23:03:44   [GPU] 700,045 evals (18161 batches, avg 39/batch = 8% of 512, 3599 evals/s, 251 msg/s, 14.4 leaves/msg, 195s)
2026-08-24 23:03:53   [GPU] 750,050 evals (19149 batches, avg 39/batch = 8% of 512, 3673 evals/s, 256 msg/s, 14.4 leaves/msg, 204s)
2026-08-24 23:04:03   [GPU] 800,046 evals (20108 batches, avg 40/batch = 8% of 512, 3749 evals/s, 261 msg/s, 14.4 leaves/msg, 213s)
2026-08-24 23:04:10 [iter 2/40] self-play: 25/160 games...
2026-08-24 23:04:12   [GPU] 850,041 evals (21103 batches, avg 40/batch = 8% of 512, 3815 evals/s, 267 msg/s, 14.3 leaves/msg, 223s)
2026-08-24 23:04:22   [GPU] 900,036 evals (22155 batches, avg 41/batch = 8% of 512, 3860 evals/s, 270 msg/s, 14.3 leaves/msg, 233s)
2026-08-24 23:04:33   [GPU] 950,044 evals (23233 batches, avg 41/batch = 8% of 512, 3900 evals/s, 273 msg/s, 14.3 leaves/msg, 244s)
2026-08-24 23:04:44   [GPU] 1,000,034 evals (24374 batches, avg 41/batch = 8% of 512, 3924 evals/s, 275 msg/s, 14.3 leaves/msg, 255s)
2026-08-24 23:04:54   [GPU] 1,050,027 evals (25419 batches, avg 41/batch = 8% of 512, 3966 evals/s, 278 msg/s, 14.3 leaves/msg, 265s)
2026-08-24 23:05:04   [GPU] 1,100,000 evals (26450 batches, avg 42/batch = 8% of 512, 4006 evals/s, 281 msg/s, 14.3 leaves/msg, 275s)
2026-08-24 23:05:14   [GPU] 1,150,034 evals (27524 batches, avg 42/batch = 8% of 512, 4033 evals/s, 283 msg/s, 14.2 leaves/msg, 285s)
2026-08-24 23:05:26   [GPU] 1,200,011 evals (28673 batches, avg 42/batch = 8% of 512, 4045 evals/s, 284 msg/s, 14.2 leaves/msg, 297s)
2026-08-24 23:05:33 [iter 2/40] self-play: 30/160 games...
2026-08-24 23:05:38   [GPU] 1,250,049 evals (29861 batches, avg 42/batch = 8% of 512, 4049 evals/s, 285 msg/s, 14.2 leaves/msg, 309s)
2026-08-24 23:05:50   [GPU] 1,300,070 evals (31036 batches, avg 42/batch = 8% of 512, 4055 evals/s, 286 msg/s, 14.2 leaves/msg, 321s)
2026-08-24 23:06:00   [GPU] 1,350,015 evals (32042 batches, avg 42/batch = 8% of 512, 4086 evals/s, 288 msg/s, 14.2 leaves/msg, 330s)
2026-08-24 23:06:10   [GPU] 1,400,001 evals (33141 batches, avg 42/batch = 8% of 512, 4105 evals/s, 291 msg/s, 14.1 leaves/msg, 341s)
2026-08-24 23:06:16 [iter 2/40] self-play: 35/160 games...
2026-08-24 23:06:23   [GPU] 1,450,034 evals (34355 batches, avg 42/batch = 8% of 512, 4102 evals/s, 291 msg/s, 14.1 leaves/msg, 353s)
2026-08-24 23:06:34   [GPU] 1,500,009 evals (35519 batches, avg 42/batch = 8% of 512, 4109 evals/s, 291 msg/s, 14.1 leaves/msg, 365s)
2026-08-24 23:06:47   [GPU] 1,550,011 evals (36790 batches, avg 42/batch = 8% of 512, 4100 evals/s, 291 msg/s, 14.1 leaves/msg, 378s)
2026-08-24 23:06:56 [iter 2/40] self-play: 40/160 games...
2026-08-24 23:07:00   [GPU] 1,600,031 evals (38060 batches, avg 42/batch = 8% of 512, 4091 evals/s, 291 msg/s, 14.0 leaves/msg, 391s)
2026-08-24 23:07:13   [GPU] 1,650,009 evals (39330 batches, avg 42/batch = 8% of 512, 4084 evals/s, 291 msg/s, 14.0 leaves/msg, 404s)
2026-08-24 23:07:27   [GPU] 1,700,036 evals (40685 batches, avg 42/batch = 8% of 512, 4069 evals/s, 290 msg/s, 14.0 leaves/msg, 418s)
2026-08-24 23:07:40   [GPU] 1,750,064 evals (41959 batches, avg 42/batch = 8% of 512, 4059 evals/s, 289 msg/s, 14.0 leaves/msg, 431s)
2026-08-24 23:07:42 [iter 2/40] self-play: 45/160 games...
2026-08-24 23:07:56   [GPU] 1,800,003 evals (43344 batches, avg 42/batch = 8% of 512, 4032 evals/s, 288 msg/s, 14.0 leaves/msg, 446s)
2026-08-24 23:08:09   [GPU] 1,850,043 evals (44653 batches, avg 41/batch = 8% of 512, 4021 evals/s, 287 msg/s, 14.0 leaves/msg, 460s)
2026-08-24 23:08:22   [GPU] 1,900,027 evals (45872 batches, avg 41/batch = 8% of 512, 4017 evals/s, 286 msg/s, 14.0 leaves/msg, 473s)
2026-08-24 23:08:35   [GPU] 1,950,059 evals (47102 batches, avg 41/batch = 8% of 512, 4016 evals/s, 286 msg/s, 14.0 leaves/msg, 486s)
2026-08-24 23:08:45 [iter 2/40] self-play: 50/160 games...
2026-08-24 23:08:47   [GPU] 2,000,032 evals (48349 batches, avg 41/batch = 8% of 512, 4014 evals/s, 287 msg/s, 14.0 leaves/msg, 498s)
2026-08-24 23:09:01   [GPU] 2,050,009 evals (49642 batches, avg 41/batch = 8% of 512, 4003 evals/s, 286 msg/s, 14.0 leaves/msg, 512s)
2026-08-24 23:09:13   [GPU] 2,100,001 evals (50747 batches, avg 41/batch = 8% of 512, 4011 evals/s, 286 msg/s, 14.0 leaves/msg, 524s)
2026-08-24 23:09:25   [GPU] 2,150,040 evals (51944 batches, avg 41/batch = 8% of 512, 4010 evals/s, 286 msg/s, 14.0 leaves/msg, 536s)
2026-08-24 23:09:38   [GPU] 2,200,005 evals (53188 batches, avg 41/batch = 8% of 512, 4006 evals/s, 286 msg/s, 14.0 leaves/msg, 549s)
2026-08-24 23:09:51   [GPU] 2,250,044 evals (54416 batches, avg 41/batch = 8% of 512, 4004 evals/s, 286 msg/s, 14.0 leaves/msg, 562s)
2026-08-24 23:10:04   [GPU] 2,300,039 evals (55666 batches, avg 41/batch = 8% of 512, 4002 evals/s, 286 msg/s, 14.0 leaves/msg, 575s)
2026-08-24 23:10:18   [GPU] 2,350,009 evals (56976 batches, avg 41/batch = 8% of 512, 3992 evals/s, 285 msg/s, 14.0 leaves/msg, 589s)
2026-08-24 23:10:27 [iter 2/40] self-play: 55/160 games...
2026-08-24 23:10:30   [GPU] 2,400,022 evals (58153 batches, avg 41/batch = 8% of 512, 3994 evals/s, 285 msg/s, 14.0 leaves/msg, 601s)
2026-08-24 23:10:41   [GPU] 2,450,043 evals (59199 batches, avg 41/batch = 8% of 512, 4007 evals/s, 286 msg/s, 14.0 leaves/msg, 611s)
2026-08-24 23:10:51   [GPU] 2,500,004 evals (60228 batches, avg 42/batch = 8% of 512, 4023 evals/s, 287 msg/s, 14.0 leaves/msg, 621s)
2026-08-24 23:11:02   [GPU] 2,550,071 evals (61328 batches, avg 42/batch = 8% of 512, 4032 evals/s, 287 msg/s, 14.0 leaves/msg, 633s)
2026-08-24 23:11:13   [GPU] 2,600,077 evals (62418 batches, avg 42/batch = 8% of 512, 4040 evals/s, 288 msg/s, 14.0 leaves/msg, 644s)
2026-08-24 23:11:25   [GPU] 2,650,021 evals (63580 batches, avg 42/batch = 8% of 512, 4043 evals/s, 288 msg/s, 14.0 leaves/msg, 655s)
2026-08-24 23:11:36   [GPU] 2,700,002 evals (64734 batches, avg 42/batch = 8% of 512, 4047 evals/s, 288 msg/s, 14.0 leaves/msg, 667s)
2026-08-24 23:11:47   [GPU] 2,750,049 evals (65766 batches, avg 42/batch = 8% of 512, 4058 evals/s, 289 msg/s, 14.0 leaves/msg, 678s)
2026-08-24 23:11:53 [iter 2/40] self-play: 60/160 games...
2026-08-24 23:11:57   [GPU] 2,800,074 evals (66846 batches, avg 42/batch = 8% of 512, 4070 evals/s, 290 msg/s, 14.0 leaves/msg, 688s)
2026-08-24 23:12:09   [GPU] 2,850,004 evals (68037 batches, avg 42/batch = 8% of 512, 4071 evals/s, 290 msg/s, 14.0 leaves/msg, 700s)
2026-08-24 23:12:22   [GPU] 2,900,029 evals (69325 batches, avg 42/batch = 8% of 512, 4067 evals/s, 290 msg/s, 14.0 leaves/msg, 713s)
2026-08-24 23:12:29 [iter 2/40] self-play: 65/160 games...
2026-08-24 23:12:35   [GPU] 2,950,038 evals (70561 batches, avg 42/batch = 8% of 512, 4063 evals/s, 290 msg/s, 14.0 leaves/msg, 726s)
2026-08-24 23:12:48   [GPU] 3,000,003 evals (71842 batches, avg 42/batch = 8% of 512, 4058 evals/s, 289 msg/s, 14.0 leaves/msg, 739s)
2026-08-24 23:13:00   [GPU] 3,050,020 evals (73031 batches, avg 42/batch = 8% of 512, 4060 evals/s, 289 msg/s, 14.0 leaves/msg, 751s)
2026-08-24 23:13:13   [GPU] 3,100,009 evals (74257 batches, avg 42/batch = 8% of 512, 4060 evals/s, 290 msg/s, 14.0 leaves/msg, 763s)
2026-08-24 23:13:26   [GPU] 3,150,036 evals (75568 batches, avg 42/batch = 8% of 512, 4056 evals/s, 289 msg/s, 14.0 leaves/msg, 777s)
2026-08-24 23:13:31 [iter 2/40] self-play: 70/160 games...
2026-08-24 23:13:39   [GPU] 3,200,021 evals (76892 batches, avg 42/batch = 8% of 512, 4049 evals/s, 289 msg/s, 14.0 leaves/msg, 790s)
2026-08-24 23:13:52   [GPU] 3,250,000 evals (78180 batches, avg 42/batch = 8% of 512, 4047 evals/s, 289 msg/s, 14.0 leaves/msg, 803s)
2026-08-24 23:14:06   [GPU] 3,300,026 evals (79533 batches, avg 41/batch = 8% of 512, 4038 evals/s, 288 msg/s, 14.0 leaves/msg, 817s)
2026-08-24 23:14:09 [iter 2/40] self-play: 75/160 games...
2026-08-24 23:14:19   [GPU] 3,350,005 evals (80786 batches, avg 41/batch = 8% of 512, 4037 evals/s, 288 msg/s, 14.0 leaves/msg, 830s)
2026-08-24 23:14:33   [GPU] 3,400,054 evals (82084 batches, avg 41/batch = 8% of 512, 4031 evals/s, 288 msg/s, 14.0 leaves/msg, 843s)
2026-08-24 23:14:45 [iter 2/40] self-play: 80/160 games...
2026-08-24 23:14:46   [GPU] 3,450,002 evals (83326 batches, avg 41/batch = 8% of 512, 4028 evals/s, 288 msg/s, 14.0 leaves/msg, 857s)
2026-08-24 23:15:00   [GPU] 3,500,009 evals (84626 batches, avg 41/batch = 8% of 512, 4021 evals/s, 287 msg/s, 14.0 leaves/msg, 870s)
2026-08-24 23:15:14   [GPU] 3,550,024 evals (85921 batches, avg 41/batch = 8% of 512, 4013 evals/s, 286 msg/s, 14.0 leaves/msg, 885s)
2026-08-24 23:15:26 [iter 2/40] self-play: 85/160 games...
2026-08-24 23:15:26   [GPU] 3,600,006 evals (87109 batches, avg 41/batch = 8% of 512, 4014 evals/s, 287 msg/s, 14.0 leaves/msg, 897s)
2026-08-24 23:15:40   [GPU] 3,650,046 evals (88462 batches, avg 41/batch = 8% of 512, 4005 evals/s, 286 msg/s, 14.0 leaves/msg, 911s)
2026-08-24 23:15:53   [GPU] 3,700,065 evals (89680 batches, avg 41/batch = 8% of 512, 4006 evals/s, 286 msg/s, 14.0 leaves/msg, 924s)
2026-08-24 23:16:05   [GPU] 3,750,027 evals (90926 batches, avg 41/batch = 8% of 512, 4006 evals/s, 286 msg/s, 14.0 leaves/msg, 936s)
2026-08-24 23:16:12 [iter 2/40] self-play: 90/160 games...
2026-08-24 23:16:19   [GPU] 3,800,012 evals (92272 batches, avg 41/batch = 8% of 512, 4000 evals/s, 285 msg/s, 14.0 leaves/msg, 950s)
2026-08-24 23:16:32   [GPU] 3,850,014 evals (93562 batches, avg 41/batch = 8% of 512, 3998 evals/s, 285 msg/s, 14.0 leaves/msg, 963s)
2026-08-24 23:16:44   [GPU] 3,900,047 evals (94730 batches, avg 41/batch = 8% of 512, 4000 evals/s, 285 msg/s, 14.0 leaves/msg, 975s)
2026-08-24 23:16:57   [GPU] 3,950,002 evals (95964 batches, avg 41/batch = 8% of 512, 4000 evals/s, 285 msg/s, 14.0 leaves/msg, 988s)
2026-08-24 23:17:09   [GPU] 4,000,026 evals (97196 batches, avg 41/batch = 8% of 512, 3999 evals/s, 285 msg/s, 14.0 leaves/msg, 1000s)
2026-08-24 23:17:22   [GPU] 4,050,001 evals (98388 batches, avg 41/batch = 8% of 512, 4000 evals/s, 285 msg/s, 14.1 leaves/msg, 1012s)
2026-08-24 23:17:34   [GPU] 4,100,023 evals (99560 batches, avg 41/batch = 8% of 512, 4002 evals/s, 285 msg/s, 14.1 leaves/msg, 1024s)
2026-08-24 23:17:45   [GPU] 4,150,063 evals (100701 batches, avg 41/batch = 8% of 512, 4005 evals/s, 285 msg/s, 14.1 leaves/msg, 1036s)
2026-08-24 23:17:57   [GPU] 4,200,020 evals (101821 batches, avg 41/batch = 8% of 512, 4009 evals/s, 285 msg/s, 14.1 leaves/msg, 1048s)
2026-08-24 23:18:02 [iter 2/40] self-play: 95/160 games...
2026-08-24 23:18:09   [GPU] 4,250,030 evals (103039 batches, avg 41/batch = 8% of 512, 4010 evals/s, 285 msg/s, 14.1 leaves/msg, 1060s)
2026-08-24 23:18:21   [GPU] 4,300,014 evals (104192 batches, avg 41/batch = 8% of 512, 4013 evals/s, 285 msg/s, 14.1 leaves/msg, 1072s)
2026-08-24 23:18:33   [GPU] 4,350,042 evals (105384 batches, avg 41/batch = 8% of 512, 4012 evals/s, 285 msg/s, 14.1 leaves/msg, 1084s)
2026-08-24 23:18:44   [GPU] 4,400,026 evals (106472 batches, avg 41/batch = 8% of 512, 4018 evals/s, 285 msg/s, 14.1 leaves/msg, 1095s)
2026-08-24 23:18:47 [iter 2/40] self-play: 100/160 games...
2026-08-24 23:18:55   [GPU] 4,450,010 evals (107571 batches, avg 41/batch = 8% of 512, 4024 evals/s, 286 msg/s, 14.1 leaves/msg, 1106s)
2026-08-24 23:19:08   [GPU] 4,500,030 evals (108815 batches, avg 41/batch = 8% of 512, 4022 evals/s, 286 msg/s, 14.1 leaves/msg, 1119s)
2026-08-24 23:19:19   [GPU] 4,550,034 evals (109949 batches, avg 41/batch = 8% of 512, 4026 evals/s, 286 msg/s, 14.1 leaves/msg, 1130s)
2026-08-24 23:19:30   [GPU] 4,600,018 evals (111020 batches, avg 41/batch = 8% of 512, 4032 evals/s, 286 msg/s, 14.1 leaves/msg, 1141s)
2026-08-24 23:19:39 [iter 2/40] self-play: 105/160 games...
2026-08-24 23:19:40   [GPU] 4,650,005 evals (112092 batches, avg 41/batch = 8% of 512, 4039 evals/s, 287 msg/s, 14.1 leaves/msg, 1151s)
2026-08-24 23:19:53   [GPU] 4,700,030 evals (113294 batches, avg 41/batch = 8% of 512, 4039 evals/s, 287 msg/s, 14.1 leaves/msg, 1164s)
2026-08-24 23:20:04   [GPU] 4,750,024 evals (114408 batches, avg 42/batch = 8% of 512, 4044 evals/s, 287 msg/s, 14.1 leaves/msg, 1175s)
2026-08-24 23:20:14   [GPU] 4,800,037 evals (115490 batches, avg 42/batch = 8% of 512, 4050 evals/s, 287 msg/s, 14.1 leaves/msg, 1185s)
2026-08-24 23:20:25   [GPU] 4,850,014 evals (116586 batches, avg 42/batch = 8% of 512, 4056 evals/s, 288 msg/s, 14.1 leaves/msg, 1196s)
2026-08-24 23:20:33 [iter 2/40] self-play: 110/160 games...
2026-08-24 23:20:37   [GPU] 4,900,011 evals (117772 batches, avg 42/batch = 8% of 512, 4058 evals/s, 288 msg/s, 14.1 leaves/msg, 1207s)
2026-08-24 23:20:49   [GPU] 4,950,020 evals (118953 batches, avg 42/batch = 8% of 512, 4059 evals/s, 288 msg/s, 14.1 leaves/msg, 1219s)
2026-08-24 23:20:59   [GPU] 5,000,013 evals (120012 batches, avg 42/batch = 8% of 512, 4066 evals/s, 288 msg/s, 14.1 leaves/msg, 1230s)
2026-08-24 23:21:09   [GPU] 5,050,016 evals (121066 batches, avg 42/batch = 8% of 512, 4072 evals/s, 289 msg/s, 14.1 leaves/msg, 1240s)
2026-08-24 23:21:21   [GPU] 5,100,024 evals (122190 batches, avg 42/batch = 8% of 512, 4074 evals/s, 289 msg/s, 14.1 leaves/msg, 1252s)
2026-08-24 23:21:32   [GPU] 5,150,065 evals (123273 batches, avg 42/batch = 8% of 512, 4079 evals/s, 289 msg/s, 14.1 leaves/msg, 1263s)
2026-08-24 23:21:42   [GPU] 5,200,046 evals (124328 batches, avg 42/batch = 8% of 512, 4085 evals/s, 290 msg/s, 14.1 leaves/msg, 1273s)
2026-08-24 23:21:54   [GPU] 5,250,019 evals (125478 batches, avg 42/batch = 8% of 512, 4087 evals/s, 290 msg/s, 14.1 leaves/msg, 1285s)
2026-08-24 23:21:56 [iter 2/40] self-play: 115/160 games...
2026-08-24 23:22:05   [GPU] 5,300,015 evals (126618 batches, avg 42/batch = 8% of 512, 4089 evals/s, 290 msg/s, 14.1 leaves/msg, 1296s)
2026-08-24 23:22:16 [iter 2/40] self-play: 120/160 games...
2026-08-24 23:22:17   [GPU] 5,350,049 evals (127779 batches, avg 42/batch = 8% of 512, 4091 evals/s, 290 msg/s, 14.1 leaves/msg, 1308s)
2026-08-24 23:22:28   [GPU] 5,400,039 evals (128873 batches, avg 42/batch = 8% of 512, 4095 evals/s, 291 msg/s, 14.1 leaves/msg, 1319s)
2026-08-24 23:22:39   [GPU] 5,450,016 evals (130019 batches, avg 42/batch = 8% of 512, 4099 evals/s, 291 msg/s, 14.1 leaves/msg, 1330s)
2026-08-24 23:22:50   [GPU] 5,500,017 evals (131172 batches, avg 42/batch = 8% of 512, 4101 evals/s, 291 msg/s, 14.1 leaves/msg, 1341s)
2026-08-24 23:22:54 [iter 2/40] self-play: 125/160 games...
2026-08-24 23:23:02   [GPU] 5,550,017 evals (132285 batches, avg 42/batch = 8% of 512, 4104 evals/s, 291 msg/s, 14.1 leaves/msg, 1352s)
2026-08-24 23:23:13   [GPU] 5,600,027 evals (133361 batches, avg 42/batch = 8% of 512, 4107 evals/s, 291 msg/s, 14.1 leaves/msg, 1363s)
2026-08-24 23:23:24   [GPU] 5,650,018 evals (134525 batches, avg 42/batch = 8% of 512, 4108 evals/s, 291 msg/s, 14.1 leaves/msg, 1375s)
2026-08-24 23:23:35   [GPU] 5,700,027 evals (135593 batches, avg 42/batch = 8% of 512, 4114 evals/s, 292 msg/s, 14.1 leaves/msg, 1386s)
2026-08-24 23:23:43 [iter 2/40] self-play: 130/160 games...
2026-08-24 23:23:46   [GPU] 5,750,063 evals (136760 batches, avg 42/batch = 8% of 512, 4116 evals/s, 292 msg/s, 14.1 leaves/msg, 1397s)
2026-08-24 23:23:58   [GPU] 5,800,011 evals (137984 batches, avg 42/batch = 8% of 512, 4116 evals/s, 292 msg/s, 14.1 leaves/msg, 1409s)
2026-08-24 23:24:11   [GPU] 5,850,035 evals (139266 batches, avg 42/batch = 8% of 512, 4114 evals/s, 292 msg/s, 14.1 leaves/msg, 1422s)
2026-08-24 23:24:12 [iter 2/40] self-play: 135/160 games...
2026-08-24 23:24:22   [GPU] 5,900,061 evals (140389 batches, avg 42/batch = 8% of 512, 4118 evals/s, 292 msg/s, 14.1 leaves/msg, 1433s)
2026-08-24 23:24:35   [GPU] 5,950,009 evals (141678 batches, avg 42/batch = 8% of 512, 4117 evals/s, 292 msg/s, 14.1 leaves/msg, 1445s)
2026-08-24 23:24:39 [iter 2/40] self-play: 140/160 games...
2026-08-24 23:24:46   [GPU] 6,000,003 evals (142892 batches, avg 42/batch = 8% of 512, 4118 evals/s, 293 msg/s, 14.1 leaves/msg, 1457s)
2026-08-24 23:25:00   [GPU] 6,050,035 evals (144256 batches, avg 42/batch = 8% of 512, 4114 evals/s, 292 msg/s, 14.1 leaves/msg, 1471s)
2026-08-24 23:25:12 [iter 2/40] self-play: 145/160 games...
2026-08-24 23:25:13   [GPU] 6,100,032 evals (145524 batches, avg 42/batch = 8% of 512, 4112 evals/s, 292 msg/s, 14.1 leaves/msg, 1483s)
2026-08-24 23:25:27   [GPU] 6,150,018 evals (146965 batches, avg 42/batch = 8% of 512, 4105 evals/s, 292 msg/s, 14.1 leaves/msg, 1498s)
2026-08-24 23:25:39   [GPU] 6,200,011 evals (148166 batches, avg 42/batch = 8% of 512, 4105 evals/s, 292 msg/s, 14.1 leaves/msg, 1510s)
2026-08-24 23:25:51   [GPU] 6,250,015 evals (149346 batches, avg 42/batch = 8% of 512, 4107 evals/s, 292 msg/s, 14.1 leaves/msg, 1522s)
2026-08-24 23:26:00 [iter 2/40] self-play: 150/160 games...
2026-08-24 23:26:05   [GPU] 6,300,003 evals (150650 batches, avg 42/batch = 8% of 512, 4103 evals/s, 292 msg/s, 14.1 leaves/msg, 1535s)
2026-08-24 23:26:18   [GPU] 6,350,029 evals (151956 batches, avg 42/batch = 8% of 512, 4099 evals/s, 291 msg/s, 14.1 leaves/msg, 1549s)
2026-08-24 23:26:30   [GPU] 6,400,018 evals (153131 batches, avg 42/batch = 8% of 512, 4100 evals/s, 291 msg/s, 14.1 leaves/msg, 1561s)
2026-08-24 23:26:42   [GPU] 6,450,000 evals (154267 batches, avg 42/batch = 8% of 512, 4102 evals/s, 291 msg/s, 14.1 leaves/msg, 1572s)
2026-08-24 23:26:53   [GPU] 6,500,049 evals (155506 batches, avg 42/batch = 8% of 512, 4103 evals/s, 292 msg/s, 14.1 leaves/msg, 1584s)
2026-08-24 23:27:06   [GPU] 6,550,037 evals (156839 batches, avg 42/batch = 8% of 512, 4101 evals/s, 291 msg/s, 14.1 leaves/msg, 1597s)
2026-08-24 23:27:18   [GPU] 6,600,005 evals (158122 batches, avg 42/batch = 8% of 512, 4102 evals/s, 291 msg/s, 14.1 leaves/msg, 1609s)
2026-08-24 23:27:30   [GPU] 6,650,006 evals (159377 batches, avg 42/batch = 8% of 512, 4102 evals/s, 291 msg/s, 14.1 leaves/msg, 1621s)
2026-08-24 23:27:42   [GPU] 6,700,007 evals (160649 batches, avg 42/batch = 8% of 512, 4103 evals/s, 291 msg/s, 14.1 leaves/msg, 1633s)
2026-08-24 23:27:54   [GPU] 6,750,061 evals (161921 batches, avg 42/batch = 8% of 512, 4103 evals/s, 291 msg/s, 14.1 leaves/msg, 1645s)
2026-08-24 23:28:06   [GPU] 6,800,014 evals (163186 batches, avg 42/batch = 8% of 512, 4104 evals/s, 292 msg/s, 14.1 leaves/msg, 1657s)
2026-08-24 23:28:18   [GPU] 6,850,062 evals (164446 batches, avg 42/batch = 8% of 512, 4104 evals/s, 292 msg/s, 14.1 leaves/msg, 1669s)
2026-08-24 23:28:30   [GPU] 6,900,042 evals (165715 batches, avg 42/batch = 8% of 512, 4105 evals/s, 292 msg/s, 14.1 leaves/msg, 1681s)
2026-08-24 23:28:42   [GPU] 6,950,041 evals (166963 batches, avg 42/batch = 8% of 512, 4105 evals/s, 292 msg/s, 14.1 leaves/msg, 1693s)
2026-08-24 23:28:54   [GPU] 7,000,043 evals (168223 batches, avg 42/batch = 8% of 512, 4106 evals/s, 292 msg/s, 14.1 leaves/msg, 1705s)
2026-08-24 23:29:02 [iter 2/40] self-play: 155/160 games...
2026-08-24 23:29:07   [GPU] 7,050,008 evals (169571 batches, avg 42/batch = 8% of 512, 4105 evals/s, 292 msg/s, 14.1 leaves/msg, 1718s)
2026-08-24 23:29:23   [GPU] 7,100,014 evals (171221 batches, avg 41/batch = 8% of 512, 4096 evals/s, 291 msg/s, 14.1 leaves/msg, 1733s)
2026-08-24 23:29:40   [GPU] 7,150,024 evals (172977 batches, avg 41/batch = 8% of 512, 4085 evals/s, 290 msg/s, 14.1 leaves/msg, 1750s)
2026-08-24 23:29:57   [GPU] 7,200,028 evals (174757 batches, avg 41/batch = 8% of 512, 4073 evals/s, 290 msg/s, 14.1 leaves/msg, 1768s)
2026-08-24 23:30:27   [GPU] 7,250,004 evals (177172 batches, avg 41/batch = 8% of 512, 4032 evals/s, 287 msg/s, 14.0 leaves/msg, 1798s)
2026-08-24 23:31:58   [GPU] 7,300,000 evals (180725 batches, avg 40/batch = 8% of 512, 3866 evals/s, 275 msg/s, 14.0 leaves/msg, 1888s)
2026-08-24 23:32:09 [iter 2/40] self-play: 160/160 games...
2026-08-24 23:32:09 [iter 2/40] self-play done: 160 games (1900s) | wins: P0=54, P1=32, P2=19, P3=27, draw=28 | draw_rate=18% avg_len~24
2026-08-24 23:32:09 [iter 2/40] search: expanded=6.8 actions/node visits/action=88.6 walls/game=5.76 first_wall_ply=2.837 learner_sims/s=4051.72
2026-08-24 23:32:09 [iter 2/40] training (600 steps, lr=9.99e-04)...
2026-08-24 23:32:17 [iter 2/40] training done: loss_p=1.262 loss_v=0.104 (7s)
2026-08-24 23:32:18 [iter 2/40] data: policy_wall_mass=0.101 walled_states=57% walls_on_board=16.6 value_mae walled=0.146 free=0.252
2026-08-24 23:32:18 [iter 2/40] eval skipped (eval_every=4)
2026-08-24 23:32:18 >>> iter 2 | loss_p=1.262 loss_v=0.104 | vs_best=n/a (not evaluated) | vs_rand=n/a | draw=18% | buf=16782 | rss=2.27GB | sp=1900s train=7s eval_best=0s eval_rand=0s | total=1909s
2026-08-24 23:32:18 [iter 3/40] self-play starting (160 games, 600 sims, MIXED 80/160 race-only)...
2026-08-24 23:32:18 [PARALLEL-MP] 8 workers spawned (160 games, sims=600), GPU batcher starting...
2026-08-24 23:32:35   [GPU] 50,040 evals (1421 batches, avg 35/batch = 7% of 512, 2908 evals/s, 211 msg/s, 13.8 leaves/msg, 17s)
2026-08-24 23:32:37 [iter 3/40] self-play: 5/160 games...
2026-08-24 23:32:50   [GPU] 100,014 evals (2918 batches, avg 34/batch = 7% of 512, 3072 evals/s, 223 msg/s, 13.8 leaves/msg, 33s)
2026-08-24 23:32:55 [iter 3/40] self-play: 10/160 games...
2026-08-24 23:33:07   [GPU] 150,017 evals (4499 batches, avg 33/batch = 7% of 512, 3043 evals/s, 220 msg/s, 13.8 leaves/msg, 49s)
2026-08-24 23:33:15 [iter 3/40] self-play: 15/160 games...
2026-08-24 23:33:27   [GPU] 200,059 evals (6196 batches, avg 32/batch = 6% of 512, 2914 evals/s, 210 msg/s, 13.9 leaves/msg, 69s)
2026-08-24 23:33:48   [GPU] 250,008 evals (7852 batches, avg 32/batch = 6% of 512, 2787 evals/s, 199 msg/s, 14.0 leaves/msg, 90s)
2026-08-24 23:34:04   [GPU] 300,036 evals (9307 batches, avg 32/batch = 6% of 512, 2837 evals/s, 200 msg/s, 14.2 leaves/msg, 106s)
2026-08-24 23:34:11 [iter 3/40] self-play: 20/160 games...
2026-08-24 23:34:19   [GPU] 350,023 evals (10702 batches, avg 33/batch = 6% of 512, 2891 evals/s, 203 msg/s, 14.2 leaves/msg, 121s)
2026-08-24 23:34:35   [GPU] 400,018 evals (12107 batches, avg 33/batch = 6% of 512, 2918 evals/s, 203 msg/s, 14.3 leaves/msg, 137s)
2026-08-24 23:34:50   [GPU] 450,013 evals (13430 batches, avg 34/batch = 7% of 512, 2960 evals/s, 205 msg/s, 14.4 leaves/msg, 152s)
2026-08-24 23:35:03   [GPU] 500,019 evals (14654 batches, avg 34/batch = 7% of 512, 3022 evals/s, 209 msg/s, 14.5 leaves/msg, 165s)
2026-08-24 23:35:15   [GPU] 550,039 evals (15795 batches, avg 35/batch = 7% of 512, 3102 evals/s, 214 msg/s, 14.5 leaves/msg, 177s)
2026-08-24 23:35:27   [GPU] 600,031 evals (16891 batches, avg 36/batch = 7% of 512, 3179 evals/s, 219 msg/s, 14.5 leaves/msg, 189s)
2026-08-24 23:35:38   [GPU] 650,016 evals (17995 batches, avg 36/batch = 7% of 512, 3246 evals/s, 224 msg/s, 14.5 leaves/msg, 200s)
2026-08-24 23:35:50   [GPU] 700,010 evals (19105 batches, avg 37/batch = 7% of 512, 3303 evals/s, 228 msg/s, 14.5 leaves/msg, 212s)
2026-08-24 23:35:59 [iter 3/40] self-play: 25/160 games...
2026-08-24 23:36:00   [GPU] 750,005 evals (20124 batches, avg 37/batch = 7% of 512, 3379 evals/s, 233 msg/s, 14.5 leaves/msg, 222s)
2026-08-24 23:36:11   [GPU] 800,086 evals (21211 batches, avg 38/batch = 7% of 512, 3434 evals/s, 237 msg/s, 14.5 leaves/msg, 233s)
2026-08-24 23:36:23   [GPU] 850,017 evals (22367 batches, avg 38/batch = 7% of 512, 3466 evals/s, 240 msg/s, 14.5 leaves/msg, 245s)
2026-08-24 23:36:34   [GPU] 900,010 evals (23450 batches, avg 38/batch = 7% of 512, 3513 evals/s, 244 msg/s, 14.4 leaves/msg, 256s)
2026-08-24 23:36:43 [iter 3/40] self-play: 30/160 games...
2026-08-24 23:36:46   [GPU] 950,045 evals (24607 batches, avg 39/batch = 8% of 512, 3544 evals/s, 246 msg/s, 14.4 leaves/msg, 268s)
2026-08-24 23:36:59   [GPU] 1,000,015 evals (25814 batches, avg 39/batch = 8% of 512, 3562 evals/s, 247 msg/s, 14.4 leaves/msg, 281s)
2026-08-24 23:37:10   [GPU] 1,050,050 evals (26909 batches, avg 39/batch = 8% of 512, 3601 evals/s, 250 msg/s, 14.4 leaves/msg, 292s)
2026-08-24 23:37:20   [GPU] 1,100,020 evals (27967 batches, avg 39/batch = 8% of 512, 3643 evals/s, 253 msg/s, 14.4 leaves/msg, 302s)
2026-08-24 23:37:31   [GPU] 1,150,010 evals (29068 batches, avg 40/batch = 8% of 512, 3674 evals/s, 255 msg/s, 14.4 leaves/msg, 313s)
2026-08-24 23:37:43   [GPU] 1,200,005 evals (30211 batches, avg 40/batch = 8% of 512, 3694 evals/s, 256 msg/s, 14.4 leaves/msg, 325s)
2026-08-24 23:37:54   [GPU] 1,250,034 evals (31319 batches, avg 40/batch = 8% of 512, 3716 evals/s, 258 msg/s, 14.4 leaves/msg, 336s)
2026-08-24 23:38:06   [GPU] 1,300,037 evals (32404 batches, avg 40/batch = 8% of 512, 3739 evals/s, 259 msg/s, 14.4 leaves/msg, 348s)
2026-08-24 23:38:18   [GPU] 1,350,057 evals (33548 batches, avg 40/batch = 8% of 512, 3752 evals/s, 260 msg/s, 14.4 leaves/msg, 360s)
2026-08-24 23:38:22 [iter 3/40] self-play: 35/160 games...
2026-08-24 23:38:29   [GPU] 1,400,000 evals (34638 batches, avg 40/batch = 8% of 512, 3776 evals/s, 262 msg/s, 14.4 leaves/msg, 371s)
2026-08-24 23:38:38 [iter 3/40] self-play: 40/160 games...
2026-08-24 23:38:41   [GPU] 1,450,023 evals (35888 batches, avg 40/batch = 8% of 512, 3780 evals/s, 263 msg/s, 14.4 leaves/msg, 384s)
2026-08-24 23:38:56   [GPU] 1,500,012 evals (37234 batches, avg 40/batch = 8% of 512, 3771 evals/s, 263 msg/s, 14.3 leaves/msg, 398s)
2026-08-24 23:39:02 [iter 3/40] self-play: 45/160 games...
2026-08-24 23:39:09   [GPU] 1,550,012 evals (38531 batches, avg 40/batch = 8% of 512, 3767 evals/s, 263 msg/s, 14.3 leaves/msg, 411s)
2026-08-24 23:39:25   [GPU] 1,600,010 evals (39943 batches, avg 40/batch = 8% of 512, 3750 evals/s, 262 msg/s, 14.3 leaves/msg, 427s)
2026-08-24 23:39:40   [GPU] 1,650,011 evals (41323 batches, avg 40/batch = 8% of 512, 3735 evals/s, 261 msg/s, 14.3 leaves/msg, 442s)
2026-08-24 23:39:53   [GPU] 1,700,015 evals (42614 batches, avg 40/batch = 8% of 512, 3734 evals/s, 261 msg/s, 14.3 leaves/msg, 455s)
2026-08-24 23:40:04 [iter 3/40] self-play: 50/160 games...
2026-08-24 23:40:07   [GPU] 1,750,057 evals (43898 batches, avg 40/batch = 8% of 512, 3733 evals/s, 262 msg/s, 14.3 leaves/msg, 469s)
2026-08-24 23:40:21   [GPU] 1,800,031 evals (45160 batches, avg 40/batch = 8% of 512, 3729 evals/s, 261 msg/s, 14.3 leaves/msg, 483s)
2026-08-24 23:40:33   [GPU] 1,850,052 evals (46383 batches, avg 40/batch = 8% of 512, 3736 evals/s, 262 msg/s, 14.3 leaves/msg, 495s)
2026-08-24 23:40:48   [GPU] 1,900,002 evals (47741 batches, avg 40/batch = 8% of 512, 3723 evals/s, 261 msg/s, 14.3 leaves/msg, 510s)
2026-08-24 23:40:51 [iter 3/40] self-play: 55/160 games...
2026-08-24 23:41:01   [GPU] 1,950,034 evals (48968 batches, avg 40/batch = 8% of 512, 3725 evals/s, 261 msg/s, 14.3 leaves/msg, 524s)
2026-08-24 23:41:14   [GPU] 2,000,054 evals (50162 batches, avg 40/batch = 8% of 512, 3729 evals/s, 261 msg/s, 14.3 leaves/msg, 536s)
2026-08-24 23:41:28   [GPU] 2,050,006 evals (51435 batches, avg 40/batch = 8% of 512, 3724 evals/s, 261 msg/s, 14.3 leaves/msg, 550s)
2026-08-24 23:41:42   [GPU] 2,100,012 evals (52701 batches, avg 40/batch = 8% of 512, 3720 evals/s, 261 msg/s, 14.3 leaves/msg, 564s)
2026-08-24 23:41:56   [GPU] 2,150,022 evals (53958 batches, avg 40/batch = 8% of 512, 3720 evals/s, 261 msg/s, 14.3 leaves/msg, 578s)
2026-08-24 23:42:08   [GPU] 2,200,007 evals (55161 batches, avg 40/batch = 8% of 512, 3726 evals/s, 261 msg/s, 14.3 leaves/msg, 591s)
2026-08-24 23:42:11 [iter 3/40] self-play: 60/160 games...
2026-08-24 23:42:22   [GPU] 2,250,001 evals (56404 batches, avg 40/batch = 8% of 512, 3727 evals/s, 261 msg/s, 14.3 leaves/msg, 604s)
2026-08-24 23:42:35   [GPU] 2,300,022 evals (57626 batches, avg 40/batch = 8% of 512, 3728 evals/s, 261 msg/s, 14.3 leaves/msg, 617s)
2026-08-24 23:42:42 [iter 3/40] self-play: 65/160 games...
2026-08-24 23:42:48   [GPU] 2,350,034 evals (58828 batches, avg 40/batch = 8% of 512, 3733 evals/s, 262 msg/s, 14.3 leaves/msg, 630s)
2026-08-24 23:43:02   [GPU] 2,400,036 evals (60139 batches, avg 40/batch = 8% of 512, 3729 evals/s, 261 msg/s, 14.3 leaves/msg, 644s)
2026-08-24 23:43:12 [iter 3/40] self-play: 70/160 games...
2026-08-24 23:43:15   [GPU] 2,450,017 evals (61427 batches, avg 40/batch = 8% of 512, 3729 evals/s, 261 msg/s, 14.3 leaves/msg, 657s)
2026-08-24 23:43:29   [GPU] 2,500,021 evals (62704 batches, avg 40/batch = 8% of 512, 3728 evals/s, 261 msg/s, 14.3 leaves/msg, 671s)
2026-08-24 23:43:43   [GPU] 2,550,016 evals (64031 batches, avg 40/batch = 8% of 512, 3724 evals/s, 261 msg/s, 14.3 leaves/msg, 685s)
2026-08-24 23:43:57   [GPU] 2,600,027 evals (65396 batches, avg 40/batch = 8% of 512, 3717 evals/s, 260 msg/s, 14.3 leaves/msg, 700s)
2026-08-24 23:44:00 [iter 3/40] self-play: 75/160 games...
2026-08-24 23:44:10   [GPU] 2,650,010 evals (66576 batches, avg 40/batch = 8% of 512, 3724 evals/s, 261 msg/s, 14.3 leaves/msg, 712s)
2026-08-24 23:44:22   [GPU] 2,700,028 evals (67758 batches, avg 40/batch = 8% of 512, 3731 evals/s, 261 msg/s, 14.3 leaves/msg, 724s)
2026-08-24 23:44:36   [GPU] 2,750,010 evals (69087 batches, avg 40/batch = 8% of 512, 3727 evals/s, 261 msg/s, 14.3 leaves/msg, 738s)
2026-08-24 23:44:40 [iter 3/40] self-play: 80/160 games...
2026-08-24 23:44:49   [GPU] 2,800,037 evals (70391 batches, avg 40/batch = 8% of 512, 3729 evals/s, 261 msg/s, 14.3 leaves/msg, 751s)
2026-08-24 23:45:02   [GPU] 2,850,041 evals (71699 batches, avg 40/batch = 8% of 512, 3729 evals/s, 261 msg/s, 14.3 leaves/msg, 764s)
2026-08-24 23:45:15   [GPU] 2,900,013 evals (72964 batches, avg 40/batch = 8% of 512, 3730 evals/s, 261 msg/s, 14.3 leaves/msg, 778s)
2026-08-24 23:45:27   [GPU] 2,950,033 evals (74157 batches, avg 40/batch = 8% of 512, 3738 evals/s, 262 msg/s, 14.3 leaves/msg, 789s)
2026-08-24 23:45:33 [iter 3/40] self-play: 85/160 games...
2026-08-24 23:45:40   [GPU] 3,000,027 evals (75459 batches, avg 40/batch = 8% of 512, 3739 evals/s, 262 msg/s, 14.3 leaves/msg, 802s)
2026-08-24 23:45:54   [GPU] 3,050,045 evals (76777 batches, avg 40/batch = 8% of 512, 3737 evals/s, 262 msg/s, 14.3 leaves/msg, 816s)
2026-08-24 23:46:06   [GPU] 3,100,022 evals (77986 batches, avg 40/batch = 8% of 512, 3744 evals/s, 262 msg/s, 14.3 leaves/msg, 828s)
2026-08-24 23:46:18   [GPU] 3,150,006 evals (79215 batches, avg 40/batch = 8% of 512, 3750 evals/s, 263 msg/s, 14.3 leaves/msg, 840s)
2026-08-24 23:46:31   [GPU] 3,200,044 evals (80528 batches, avg 40/batch = 8% of 512, 3750 evals/s, 262 msg/s, 14.3 leaves/msg, 853s)
2026-08-24 23:46:44   [GPU] 3,250,029 evals (81739 batches, avg 40/batch = 8% of 512, 3754 evals/s, 263 msg/s, 14.3 leaves/msg, 866s)
2026-08-24 23:46:56   [GPU] 3,300,026 evals (82919 batches, avg 40/batch = 8% of 512, 3760 evals/s, 263 msg/s, 14.3 leaves/msg, 878s)
2026-08-24 23:47:07   [GPU] 3,350,057 evals (84091 batches, avg 40/batch = 8% of 512, 3767 evals/s, 263 msg/s, 14.3 leaves/msg, 889s)
2026-08-24 23:47:19   [GPU] 3,400,001 evals (85251 batches, avg 40/batch = 8% of 512, 3775 evals/s, 264 msg/s, 14.3 leaves/msg, 901s)
2026-08-24 23:47:23 [iter 3/40] self-play: 90/160 games...
2026-08-24 23:47:31   [GPU] 3,450,001 evals (86486 batches, avg 40/batch = 8% of 512, 3779 evals/s, 264 msg/s, 14.3 leaves/msg, 913s)
2026-08-24 23:47:42   [GPU] 3,500,037 evals (87596 batches, avg 40/batch = 8% of 512, 3788 evals/s, 265 msg/s, 14.3 leaves/msg, 924s)
2026-08-24 23:47:53   [GPU] 3,550,000 evals (88707 batches, avg 40/batch = 8% of 512, 3797 evals/s, 266 msg/s, 14.3 leaves/msg, 935s)
2026-08-24 23:48:05   [GPU] 3,600,020 evals (89951 batches, avg 40/batch = 8% of 512, 3800 evals/s, 266 msg/s, 14.3 leaves/msg, 947s)
2026-08-24 23:48:08 [iter 3/40] self-play: 95/160 games...
2026-08-24 23:48:17   [GPU] 3,650,025 evals (91090 batches, avg 40/batch = 8% of 512, 3807 evals/s, 266 msg/s, 14.3 leaves/msg, 959s)
2026-08-24 23:48:28   [GPU] 3,700,017 evals (92243 batches, avg 40/batch = 8% of 512, 3815 evals/s, 267 msg/s, 14.3 leaves/msg, 970s)
2026-08-24 23:48:40   [GPU] 3,750,032 evals (93488 batches, avg 40/batch = 8% of 512, 3817 evals/s, 267 msg/s, 14.3 leaves/msg, 983s)
2026-08-24 23:48:53   [GPU] 3,800,042 evals (94728 batches, avg 40/batch = 8% of 512, 3819 evals/s, 267 msg/s, 14.3 leaves/msg, 995s)
2026-08-24 23:49:07   [GPU] 3,850,024 evals (96105 batches, avg 40/batch = 8% of 512, 3816 evals/s, 267 msg/s, 14.3 leaves/msg, 1009s)
2026-08-24 23:49:19   [GPU] 3,900,015 evals (97377 batches, avg 40/batch = 8% of 512, 3818 evals/s, 267 msg/s, 14.3 leaves/msg, 1021s)
2026-08-24 23:49:21 [iter 3/40] self-play: 100/160 games...
2026-08-24 23:49:33   [GPU] 3,950,050 evals (98684 batches, avg 40/batch = 8% of 512, 3817 evals/s, 268 msg/s, 14.3 leaves/msg, 1035s)
2026-08-24 23:49:48   [GPU] 4,000,042 evals (100058 batches, avg 40/batch = 8% of 512, 3811 evals/s, 267 msg/s, 14.3 leaves/msg, 1050s)
2026-08-24 23:50:00   [GPU] 4,050,013 evals (101279 batches, avg 40/batch = 8% of 512, 3813 evals/s, 267 msg/s, 14.3 leaves/msg, 1062s)
2026-08-24 23:50:11 [iter 3/40] self-play: 105/160 games...
2026-08-24 23:50:12   [GPU] 4,100,022 evals (102475 batches, avg 40/batch = 8% of 512, 3816 evals/s, 268 msg/s, 14.3 leaves/msg, 1074s)
2026-08-24 23:50:27   [GPU] 4,150,042 evals (103853 batches, avg 40/batch = 8% of 512, 3811 evals/s, 268 msg/s, 14.2 leaves/msg, 1089s)
2026-08-24 23:50:39   [GPU] 4,200,057 evals (105071 batches, avg 40/batch = 8% of 512, 3815 evals/s, 268 msg/s, 14.2 leaves/msg, 1101s)
2026-08-24 23:50:41 [iter 3/40] self-play: 110/160 games...
2026-08-24 23:50:52   [GPU] 4,250,012 evals (106364 batches, avg 40/batch = 8% of 512, 3813 evals/s, 268 msg/s, 14.2 leaves/msg, 1115s)
2026-08-24 23:51:05   [GPU] 4,300,041 evals (107605 batches, avg 40/batch = 8% of 512, 3815 evals/s, 268 msg/s, 14.2 leaves/msg, 1127s)
2026-08-24 23:51:17   [GPU] 4,350,003 evals (108773 batches, avg 40/batch = 8% of 512, 3820 evals/s, 269 msg/s, 14.2 leaves/msg, 1139s)
2026-08-24 23:51:30   [GPU] 4,400,051 evals (110071 batches, avg 40/batch = 8% of 512, 3819 evals/s, 269 msg/s, 14.2 leaves/msg, 1152s)
2026-08-24 23:51:38 [iter 3/40] self-play: 115/160 games...
2026-08-24 23:51:43   [GPU] 4,450,011 evals (111320 batches, avg 40/batch = 8% of 512, 3818 evals/s, 269 msg/s, 14.2 leaves/msg, 1165s)
2026-08-24 23:51:55   [GPU] 4,500,008 evals (112485 batches, avg 40/batch = 8% of 512, 3822 evals/s, 269 msg/s, 14.2 leaves/msg, 1177s)
2026-08-24 23:52:08   [GPU] 4,550,025 evals (113678 batches, avg 40/batch = 8% of 512, 3824 evals/s, 269 msg/s, 14.2 leaves/msg, 1190s)
2026-08-24 23:52:21   [GPU] 4,600,007 evals (114924 batches, avg 40/batch = 8% of 512, 3824 evals/s, 269 msg/s, 14.2 leaves/msg, 1203s)
2026-08-24 23:52:34   [GPU] 4,650,021 evals (116148 batches, avg 40/batch = 8% of 512, 3824 evals/s, 269 msg/s, 14.2 leaves/msg, 1216s)
2026-08-24 23:52:46   [GPU] 4,700,015 evals (117318 batches, avg 40/batch = 8% of 512, 3826 evals/s, 269 msg/s, 14.2 leaves/msg, 1228s)
2026-08-24 23:52:58   [GPU] 4,750,006 evals (118460 batches, avg 40/batch = 8% of 512, 3830 evals/s, 270 msg/s, 14.2 leaves/msg, 1240s)
2026-08-24 23:53:10   [GPU] 4,800,030 evals (119596 batches, avg 40/batch = 8% of 512, 3833 evals/s, 270 msg/s, 14.2 leaves/msg, 1252s)
2026-08-24 23:53:22   [GPU] 4,850,019 evals (120740 batches, avg 40/batch = 8% of 512, 3836 evals/s, 270 msg/s, 14.2 leaves/msg, 1264s)
2026-08-24 23:53:32 [iter 3/40] self-play: 120/160 games...
2026-08-24 23:53:33   [GPU] 4,900,025 evals (121843 batches, avg 40/batch = 8% of 512, 3842 evals/s, 270 msg/s, 14.2 leaves/msg, 1276s)
2026-08-24 23:53:44   [GPU] 4,950,028 evals (122946 batches, avg 40/batch = 8% of 512, 3847 evals/s, 271 msg/s, 14.2 leaves/msg, 1287s)
2026-08-24 23:53:57   [GPU] 5,000,022 evals (124132 batches, avg 40/batch = 8% of 512, 3849 evals/s, 271 msg/s, 14.2 leaves/msg, 1299s)
2026-08-24 23:54:02 [iter 3/40] self-play: 125/160 games...
2026-08-24 23:54:08   [GPU] 5,050,031 evals (125232 batches, avg 40/batch = 8% of 512, 3855 evals/s, 272 msg/s, 14.2 leaves/msg, 1310s)
2026-08-24 23:54:21   [GPU] 5,100,045 evals (126462 batches, avg 40/batch = 8% of 512, 3856 evals/s, 272 msg/s, 14.2 leaves/msg, 1323s)
2026-08-24 23:54:29 [iter 3/40] self-play: 130/160 games...
2026-08-24 23:54:34   [GPU] 5,150,002 evals (127754 batches, avg 40/batch = 8% of 512, 3855 evals/s, 272 msg/s, 14.2 leaves/msg, 1336s)
2026-08-24 23:54:45 [iter 3/40] self-play: 135/160 games...
2026-08-24 23:54:48   [GPU] 5,200,019 evals (129102 batches, avg 40/batch = 8% of 512, 3852 evals/s, 272 msg/s, 14.2 leaves/msg, 1350s)
2026-08-24 23:55:03   [GPU] 5,250,046 evals (130515 batches, avg 40/batch = 8% of 512, 3846 evals/s, 272 msg/s, 14.2 leaves/msg, 1365s)
2026-08-24 23:55:15 [iter 3/40] self-play: 140/160 games...
2026-08-24 23:55:17   [GPU] 5,300,023 evals (131969 batches, avg 40/batch = 8% of 512, 3842 evals/s, 271 msg/s, 14.2 leaves/msg, 1380s)
2026-08-24 23:55:35   [GPU] 5,350,006 evals (133518 batches, avg 40/batch = 8% of 512, 3830 evals/s, 270 msg/s, 14.2 leaves/msg, 1397s)
2026-08-24 23:55:50   [GPU] 5,400,015 evals (134978 batches, avg 40/batch = 8% of 512, 3824 evals/s, 270 msg/s, 14.2 leaves/msg, 1412s)
2026-08-24 23:55:55 [iter 3/40] self-play: 145/160 games...
2026-08-24 23:56:05   [GPU] 5,450,006 evals (136396 batches, avg 40/batch = 8% of 512, 3818 evals/s, 270 msg/s, 14.2 leaves/msg, 1427s)
2026-08-24 23:56:20   [GPU] 5,500,020 evals (137763 batches, avg 40/batch = 8% of 512, 3813 evals/s, 269 msg/s, 14.2 leaves/msg, 1442s)
2026-08-24 23:56:33   [GPU] 5,550,007 evals (138956 batches, avg 40/batch = 8% of 512, 3815 evals/s, 269 msg/s, 14.2 leaves/msg, 1455s)
2026-08-24 23:56:45   [GPU] 5,600,006 evals (140118 batches, avg 40/batch = 8% of 512, 3818 evals/s, 269 msg/s, 14.2 leaves/msg, 1467s)
2026-08-24 23:56:57   [GPU] 5,650,035 evals (141242 batches, avg 40/batch = 8% of 512, 3821 evals/s, 270 msg/s, 14.2 leaves/msg, 1479s)
2026-08-24 23:57:08   [GPU] 5,700,023 evals (142349 batches, avg 40/batch = 8% of 512, 3826 evals/s, 270 msg/s, 14.2 leaves/msg, 1490s)
2026-08-24 23:57:08 [iter 3/40] self-play: 150/160 games...
2026-08-24 23:57:20   [GPU] 5,750,037 evals (143546 batches, avg 40/batch = 8% of 512, 3828 evals/s, 270 msg/s, 14.2 leaves/msg, 1502s)
2026-08-24 23:57:32   [GPU] 5,800,003 evals (144731 batches, avg 40/batch = 8% of 512, 3832 evals/s, 270 msg/s, 14.2 leaves/msg, 1514s)
2026-08-24 23:57:46   [GPU] 5,850,021 evals (146181 batches, avg 40/batch = 8% of 512, 3829 evals/s, 270 msg/s, 14.2 leaves/msg, 1528s)
2026-08-24 23:58:00   [GPU] 5,900,000 evals (147607 batches, avg 40/batch = 8% of 512, 3826 evals/s, 270 msg/s, 14.2 leaves/msg, 1542s)
2026-08-24 23:58:13   [GPU] 5,950,004 evals (148984 batches, avg 40/batch = 8% of 512, 3826 evals/s, 270 msg/s, 14.2 leaves/msg, 1555s)
2026-08-24 23:58:23 [iter 3/40] self-play: 155/160 games...
2026-08-24 23:58:27   [GPU] 6,000,009 evals (150440 batches, avg 40/batch = 8% of 512, 3824 evals/s, 270 msg/s, 14.2 leaves/msg, 1569s)
2026-08-24 23:58:43   [GPU] 6,050,008 evals (152043 batches, avg 40/batch = 8% of 512, 3817 evals/s, 269 msg/s, 14.2 leaves/msg, 1585s)
2026-08-24 23:58:58   [GPU] 6,100,004 evals (153643 batches, avg 40/batch = 8% of 512, 3811 evals/s, 269 msg/s, 14.2 leaves/msg, 1600s)
2026-08-24 23:59:14   [GPU] 6,150,024 evals (155227 batches, avg 40/batch = 8% of 512, 3805 evals/s, 268 msg/s, 14.2 leaves/msg, 1616s)
2026-08-24 23:59:34   [GPU] 6,200,008 evals (157056 batches, avg 39/batch = 8% of 512, 3790 evals/s, 267 msg/s, 14.2 leaves/msg, 1636s)
2026-08-25 00:00:02   [GPU] 6,250,016 evals (159218 batches, avg 39/batch = 8% of 512, 3756 evals/s, 265 msg/s, 14.2 leaves/msg, 1664s)
2026-08-25 00:00:34   [GPU] 6,300,013 evals (161498 batches, avg 39/batch = 8% of 512, 3715 evals/s, 262 msg/s, 14.2 leaves/msg, 1696s)
2026-08-25 00:01:02   [GPU] 6,350,017 evals (163738 batches, avg 39/batch = 8% of 512, 3684 evals/s, 260 msg/s, 14.2 leaves/msg, 1724s)
2026-08-25 00:01:30   [GPU] 6,400,024 evals (165966 batches, avg 39/batch = 8% of 512, 3653 evals/s, 257 msg/s, 14.2 leaves/msg, 1752s)
2026-08-25 00:02:30 [iter 3/40] self-play: 160/160 games...
2026-08-25 00:02:31 [iter 3/40] self-play done: 160 games (1813s) | wins: P0=31, P1=35, P2=32, P3=40, draw=22 | draw_rate=14% avg_len~27
2026-08-25 00:02:31 [iter 3/40] search: expanded=8.0 actions/node visits/action=74.9 walls/game=5.44 first_wall_ply=2.625 learner_sims/s=3739.89
2026-08-25 00:02:31 [iter 3/40] training (600 steps, lr=9.94e-04)...
2026-08-25 00:02:38 [iter 3/40] training done: loss_p=1.298 loss_v=0.114 (7s)
2026-08-25 00:02:39 [iter 3/40] data: policy_wall_mass=0.113 walled_states=63% walls_on_board=17.3 value_mae walled=0.161 free=0.316
2026-08-25 00:02:39 [iter 3/40] eval skipped (eval_every=4)
2026-08-25 00:02:39 >>> iter 3 | loss_p=1.298 loss_v=0.114 | vs_best=n/a (not evaluated) | vs_rand=n/a | draw=14% | buf=25300 | rss=2.35GB | sp=1813s train=7s eval_best=0s eval_rand=0s | total=1822s
2026-08-25 00:02:39 [iter 4/40] self-play starting (160 games, 600 sims, MIXED 80/160 race-only)...
2026-08-25 00:02:39 [PARALLEL-MP] 8 workers spawned (160 games, sims=600), GPU batcher starting...
2026-08-25 00:02:57   [GPU] 50,021 evals (1431 batches, avg 35/batch = 7% of 512, 2902 evals/s, 218 msg/s, 13.3 leaves/msg, 17s)
2026-08-25 00:02:57 [iter 4/40] self-play: 5/160 games...
2026-08-25 00:03:13   [GPU] 100,000 evals (2981 batches, avg 34/batch = 7% of 512, 3009 evals/s, 228 msg/s, 13.2 leaves/msg, 33s)
2026-08-25 00:03:14 [iter 4/40] self-play: 10/160 games...
2026-08-25 00:03:31 [iter 4/40] self-play: 15/160 games...
2026-08-25 00:03:33   [GPU] 150,014 evals (4781 batches, avg 31/batch = 6% of 512, 2806 evals/s, 216 msg/s, 13.0 leaves/msg, 53s)
2026-08-25 00:03:51   [GPU] 200,024 evals (6413 batches, avg 31/batch = 6% of 512, 2782 evals/s, 208 msg/s, 13.4 leaves/msg, 72s)
2026-08-25 00:04:12   [GPU] 250,042 evals (8155 batches, avg 31/batch = 6% of 512, 2699 evals/s, 200 msg/s, 13.5 leaves/msg, 93s)
2026-08-25 00:04:28   [GPU] 300,021 evals (9562 batches, avg 31/batch = 6% of 512, 2767 evals/s, 202 msg/s, 13.7 leaves/msg, 108s)
2026-08-25 00:04:33 [iter 4/40] self-play: 20/160 games...
2026-08-25 00:04:44   [GPU] 350,025 evals (11020 batches, avg 32/batch = 6% of 512, 2810 evals/s, 205 msg/s, 13.7 leaves/msg, 125s)
2026-08-25 00:04:59   [GPU] 400,015 evals (12426 batches, avg 32/batch = 6% of 512, 2865 evals/s, 209 msg/s, 13.7 leaves/msg, 140s)
2026-08-25 00:05:14   [GPU] 450,022 evals (13822 batches, avg 33/batch = 6% of 512, 2909 evals/s, 210 msg/s, 13.8 leaves/msg, 155s)
2026-08-25 00:05:27   [GPU] 500,005 evals (15080 batches, avg 33/batch = 6% of 512, 2980 evals/s, 215 msg/s, 13.9 leaves/msg, 168s)
2026-08-25 00:05:32 [iter 4/40] self-play: 25/160 games...
2026-08-25 00:05:41   [GPU] 550,012 evals (16366 batches, avg 34/batch = 7% of 512, 3032 evals/s, 218 msg/s, 13.9 leaves/msg, 181s)
2026-08-25 00:05:54   [GPU] 600,034 evals (17599 batches, avg 34/batch = 7% of 512, 3085 evals/s, 221 msg/s, 14.0 leaves/msg, 194s)
2026-08-25 00:06:06   [GPU] 650,032 evals (18779 batches, avg 35/batch = 7% of 512, 3142 evals/s, 225 msg/s, 14.0 leaves/msg, 207s)
2026-08-25 00:06:17   [GPU] 700,062 evals (19869 batches, avg 35/batch = 7% of 512, 3212 evals/s, 229 msg/s, 14.0 leaves/msg, 218s)
2026-08-25 00:06:28   [GPU] 750,013 evals (20934 batches, avg 36/batch = 7% of 512, 3283 evals/s, 235 msg/s, 14.0 leaves/msg, 228s)
2026-08-25 00:06:30 [iter 4/40] self-play: 30/160 games...
2026-08-25 00:06:40   [GPU] 800,031 evals (22136 batches, avg 36/batch = 7% of 512, 3323 evals/s, 238 msg/s, 14.0 leaves/msg, 241s)
2026-08-25 00:06:52   [GPU] 850,054 evals (23315 batches, avg 36/batch = 7% of 512, 3363 evals/s, 241 msg/s, 13.9 leaves/msg, 253s)
2026-08-25 00:07:04   [GPU] 900,031 evals (24506 batches, avg 37/batch = 7% of 512, 3397 evals/s, 243 msg/s, 14.0 leaves/msg, 265s)
2026-08-25 00:07:17 [iter 4/40] self-play: 35/160 games...
2026-08-25 00:07:17   [GPU] 950,032 evals (25721 batches, avg 37/batch = 7% of 512, 3420 evals/s, 245 msg/s, 14.0 leaves/msg, 278s)
2026-08-25 00:07:28   [GPU] 1,000,033 evals (26807 batches, avg 37/batch = 7% of 512, 3465 evals/s, 247 msg/s, 14.0 leaves/msg, 289s)
2026-08-25 00:07:40   [GPU] 1,050,026 evals (27917 batches, avg 38/batch = 7% of 512, 3499 evals/s, 250 msg/s, 14.0 leaves/msg, 300s)
2026-08-25 00:07:51   [GPU] 1,100,019 evals (29031 batches, avg 38/batch = 7% of 512, 3529 evals/s, 252 msg/s, 14.0 leaves/msg, 312s)
2026-08-25 00:08:04   [GPU] 1,150,025 evals (30196 batches, avg 38/batch = 7% of 512, 3548 evals/s, 254 msg/s, 14.0 leaves/msg, 324s)
2026-08-25 00:08:15   [GPU] 1,200,066 evals (31299 batches, avg 38/batch = 7% of 512, 3573 evals/s, 255 msg/s, 14.0 leaves/msg, 336s)
2026-08-25 00:08:26   [GPU] 1,250,044 evals (32374 batches, avg 39/batch = 8% of 512, 3606 evals/s, 257 msg/s, 14.0 leaves/msg, 347s)
2026-08-25 00:08:29 [iter 4/40] self-play: 40/160 games...
2026-08-25 00:08:37   [GPU] 1,300,040 evals (33475 batches, avg 39/batch = 8% of 512, 3636 evals/s, 259 msg/s, 14.0 leaves/msg, 358s)
2026-08-25 00:08:49   [GPU] 1,350,002 evals (34700 batches, avg 39/batch = 8% of 512, 3651 evals/s, 261 msg/s, 14.0 leaves/msg, 370s)
2026-08-25 00:08:52 [iter 4/40] self-play: 45/160 games...
2026-08-25 00:09:02   [GPU] 1,400,045 evals (35980 batches, avg 39/batch = 8% of 512, 3658 evals/s, 262 msg/s, 14.0 leaves/msg, 383s)
2026-08-25 00:09:14 [iter 4/40] self-play: 50/160 games...
2026-08-25 00:09:16   [GPU] 1,450,010 evals (37302 batches, avg 39/batch = 8% of 512, 3658 evals/s, 263 msg/s, 13.9 leaves/msg, 396s)
2026-08-25 00:09:30   [GPU] 1,500,008 evals (38660 batches, avg 39/batch = 8% of 512, 3651 evals/s, 262 msg/s, 13.9 leaves/msg, 411s)
2026-08-25 00:09:44 [iter 4/40] self-play: 55/160 games...
2026-08-25 00:09:46   [GPU] 1,550,016 evals (40063 batches, avg 39/batch = 8% of 512, 3634 evals/s, 260 msg/s, 14.0 leaves/msg, 427s)
2026-08-25 00:10:00   [GPU] 1,600,035 evals (41328 batches, avg 39/batch = 8% of 512, 3636 evals/s, 260 msg/s, 14.0 leaves/msg, 440s)
2026-08-25 00:10:14   [GPU] 1,650,002 evals (42646 batches, avg 39/batch = 8% of 512, 3633 evals/s, 260 msg/s, 14.0 leaves/msg, 454s)
2026-08-25 00:10:29 [iter 4/40] self-play: 60/160 games...
2026-08-25 00:10:29   [GPU] 1,700,006 evals (44055 batches, avg 39/batch = 8% of 512, 3623 evals/s, 260 msg/s, 13.9 leaves/msg, 469s)
2026-08-25 00:10:45   [GPU] 1,750,004 evals (45498 batches, avg 38/batch = 8% of 512, 3605 evals/s, 259 msg/s, 13.9 leaves/msg, 485s)
2026-08-25 00:11:00   [GPU] 1,800,001 evals (46839 batches, avg 38/batch = 8% of 512, 3599 evals/s, 258 msg/s, 14.0 leaves/msg, 500s)
2026-08-25 00:11:07 [iter 4/40] self-play: 65/160 games...
2026-08-25 00:11:15   [GPU] 1,850,004 evals (48260 batches, avg 38/batch = 7% of 512, 3588 evals/s, 257 msg/s, 13.9 leaves/msg, 516s)
2026-08-25 00:11:32   [GPU] 1,900,004 evals (49693 batches, avg 38/batch = 7% of 512, 3570 evals/s, 256 msg/s, 14.0 leaves/msg, 532s)
2026-08-25 00:11:45   [GPU] 1,950,017 evals (50957 batches, avg 38/batch = 7% of 512, 3574 evals/s, 255 msg/s, 14.0 leaves/msg, 546s)
2026-08-25 00:11:58   [GPU] 2,000,004 evals (52214 batches, avg 38/batch = 7% of 512, 3578 evals/s, 256 msg/s, 14.0 leaves/msg, 559s)
2026-08-25 00:12:10 [iter 4/40] self-play: 70/160 games...
2026-08-25 00:12:13   [GPU] 2,050,014 evals (53506 batches, avg 38/batch = 7% of 512, 3577 evals/s, 255 msg/s, 14.0 leaves/msg, 573s)
2026-08-25 00:12:25   [GPU] 2,100,004 evals (54674 batches, avg 38/batch = 8% of 512, 3587 evals/s, 256 msg/s, 14.0 leaves/msg, 585s)
2026-08-25 00:12:35   [GPU] 2,150,054 evals (55707 batches, avg 39/batch = 8% of 512, 3609 evals/s, 257 msg/s, 14.0 leaves/msg, 596s)
2026-08-25 00:12:45   [GPU] 2,200,034 evals (56740 batches, avg 39/batch = 8% of 512, 3631 evals/s, 259 msg/s, 14.0 leaves/msg, 606s)
2026-08-25 00:12:56   [GPU] 2,250,040 evals (57812 batches, avg 39/batch = 8% of 512, 3648 evals/s, 260 msg/s, 14.0 leaves/msg, 617s)
2026-08-25 00:13:07   [GPU] 2,300,017 evals (58921 batches, avg 39/batch = 8% of 512, 3662 evals/s, 260 msg/s, 14.1 leaves/msg, 628s)
2026-08-25 00:13:19   [GPU] 2,350,005 evals (60059 batches, avg 39/batch = 8% of 512, 3675 evals/s, 262 msg/s, 14.0 leaves/msg, 640s)
2026-08-25 00:13:20 [iter 4/40] self-play: 75/160 games...
2026-08-25 00:13:31   [GPU] 2,400,010 evals (61252 batches, avg 39/batch = 8% of 512, 3684 evals/s, 262 msg/s, 14.1 leaves/msg, 651s)
2026-08-25 00:13:43   [GPU] 2,450,044 evals (62433 batches, avg 39/batch = 8% of 512, 3695 evals/s, 263 msg/s, 14.0 leaves/msg, 663s)
2026-08-25 00:13:55   [GPU] 2,500,028 evals (63696 batches, avg 39/batch = 8% of 512, 3700 evals/s, 263 msg/s, 14.0 leaves/msg, 676s)
2026-08-25 00:13:56 [iter 4/40] self-play: 80/160 games...
2026-08-25 00:14:07   [GPU] 2,550,011 evals (64885 batches, avg 39/batch = 8% of 512, 3708 evals/s, 264 msg/s, 14.0 leaves/msg, 688s)
2026-08-25 00:14:21   [GPU] 2,600,028 evals (66220 batches, avg 39/batch = 8% of 512, 3706 evals/s, 264 msg/s, 14.0 leaves/msg, 702s)
2026-08-25 00:14:23 [iter 4/40] self-play: 85/160 games...
2026-08-25 00:14:35   [GPU] 2,650,025 evals (67648 batches, avg 39/batch = 8% of 512, 3702 evals/s, 264 msg/s, 14.0 leaves/msg, 716s)
2026-08-25 00:14:43 [iter 4/40] self-play: 90/160 games...
2026-08-25 00:14:49   [GPU] 2,700,003 evals (69054 batches, avg 39/batch = 8% of 512, 3700 evals/s, 264 msg/s, 14.0 leaves/msg, 730s)
2026-08-25 00:15:00 [iter 4/40] self-play: 95/160 games...
2026-08-25 00:15:06   [GPU] 2,750,045 evals (70565 batches, avg 39/batch = 8% of 512, 3685 evals/s, 263 msg/s, 14.0 leaves/msg, 746s)
2026-08-25 00:15:23   [GPU] 2,800,007 evals (72092 batches, avg 39/batch = 8% of 512, 3666 evals/s, 262 msg/s, 14.0 leaves/msg, 764s)
2026-08-25 00:15:39   [GPU] 2,850,019 evals (73513 batches, avg 39/batch = 8% of 512, 3655 evals/s, 261 msg/s, 14.0 leaves/msg, 780s)
2026-08-25 00:15:47 [iter 4/40] self-play: 100/160 games...
2026-08-25 00:15:55   [GPU] 2,900,030 evals (74901 batches, avg 39/batch = 8% of 512, 3647 evals/s, 261 msg/s, 14.0 leaves/msg, 795s)
2026-08-25 00:16:10   [GPU] 2,950,025 evals (76262 batches, avg 39/batch = 8% of 512, 3640 evals/s, 260 msg/s, 14.0 leaves/msg, 810s)
2026-08-25 00:16:23   [GPU] 3,000,000 evals (77507 batches, avg 39/batch = 8% of 512, 3644 evals/s, 260 msg/s, 14.0 leaves/msg, 823s)
2026-08-25 00:16:36   [GPU] 3,050,004 evals (78802 batches, avg 39/batch = 8% of 512, 3644 evals/s, 260 msg/s, 14.0 leaves/msg, 837s)
2026-08-25 00:16:46 [iter 4/40] self-play: 105/160 games...
2026-08-25 00:16:49   [GPU] 3,100,019 evals (80010 batches, avg 39/batch = 8% of 512, 3649 evals/s, 260 msg/s, 14.0 leaves/msg, 849s)
2026-08-25 00:17:03   [GPU] 3,150,003 evals (81350 batches, avg 39/batch = 8% of 512, 3647 evals/s, 260 msg/s, 14.0 leaves/msg, 864s)
2026-08-25 00:17:16   [GPU] 3,200,030 evals (82592 batches, avg 39/batch = 8% of 512, 3651 evals/s, 260 msg/s, 14.0 leaves/msg, 876s)
2026-08-25 00:17:28   [GPU] 3,250,007 evals (83816 batches, avg 39/batch = 8% of 512, 3656 evals/s, 261 msg/s, 14.0 leaves/msg, 889s)
2026-08-25 00:17:42   [GPU] 3,300,012 evals (85072 batches, avg 39/batch = 8% of 512, 3658 evals/s, 261 msg/s, 14.0 leaves/msg, 902s)
2026-08-25 00:17:52 [iter 4/40] self-play: 110/160 games...
2026-08-25 00:17:55   [GPU] 3,350,053 evals (86339 batches, avg 39/batch = 8% of 512, 3659 evals/s, 261 msg/s, 14.0 leaves/msg, 916s)
2026-08-25 00:18:09   [GPU] 3,400,053 evals (87629 batches, avg 39/batch = 8% of 512, 3658 evals/s, 261 msg/s, 14.0 leaves/msg, 930s)
2026-08-25 00:18:21   [GPU] 3,450,059 evals (88790 batches, avg 39/batch = 8% of 512, 3664 evals/s, 261 msg/s, 14.0 leaves/msg, 942s)
2026-08-25 00:18:34   [GPU] 3,500,022 evals (89988 batches, avg 39/batch = 8% of 512, 3669 evals/s, 261 msg/s, 14.0 leaves/msg, 954s)
2026-08-25 00:18:47   [GPU] 3,550,005 evals (91261 batches, avg 39/batch = 8% of 512, 3669 evals/s, 261 msg/s, 14.0 leaves/msg, 968s)
2026-08-25 00:18:58 [iter 4/40] self-play: 115/160 games...
2026-08-25 00:19:00   [GPU] 3,600,020 evals (92502 batches, avg 39/batch = 8% of 512, 3670 evals/s, 261 msg/s, 14.0 leaves/msg, 981s)
2026-08-25 00:19:12   [GPU] 3,650,049 evals (93672 batches, avg 39/batch = 8% of 512, 3678 evals/s, 262 msg/s, 14.1 leaves/msg, 992s)
2026-08-25 00:19:24   [GPU] 3,700,010 evals (94889 batches, avg 39/batch = 8% of 512, 3683 evals/s, 262 msg/s, 14.0 leaves/msg, 1005s)
2026-08-25 00:19:36   [GPU] 3,750,014 evals (96108 batches, avg 39/batch = 8% of 512, 3687 evals/s, 262 msg/s, 14.1 leaves/msg, 1017s)
2026-08-25 00:19:49 [iter 4/40] self-play: 120/160 games...
2026-08-25 00:19:50   [GPU] 3,800,056 evals (97481 batches, avg 39/batch = 8% of 512, 3686 evals/s, 263 msg/s, 14.0 leaves/msg, 1031s)
2026-08-25 00:20:05   [GPU] 3,850,006 evals (98883 batches, avg 39/batch = 8% of 512, 3682 evals/s, 263 msg/s, 14.0 leaves/msg, 1046s)
2026-08-25 00:20:13 [iter 4/40] self-play: 125/160 games...
2026-08-25 00:20:18   [GPU] 3,900,043 evals (100153 batches, avg 39/batch = 8% of 512, 3683 evals/s, 263 msg/s, 14.0 leaves/msg, 1059s)
2026-08-25 00:20:33   [GPU] 3,950,007 evals (101556 batches, avg 39/batch = 8% of 512, 3678 evals/s, 262 msg/s, 14.0 leaves/msg, 1074s)
2026-08-25 00:20:47   [GPU] 4,000,035 evals (102847 batches, avg 39/batch = 8% of 512, 3678 evals/s, 262 msg/s, 14.0 leaves/msg, 1088s)
2026-08-25 00:20:58 [iter 4/40] self-play: 130/160 games...
2026-08-25 00:21:01   [GPU] 4,050,029 evals (104196 batches, avg 39/batch = 8% of 512, 3677 evals/s, 262 msg/s, 14.0 leaves/msg, 1101s)
2026-08-25 00:21:15   [GPU] 4,100,033 evals (105541 batches, avg 39/batch = 8% of 512, 3674 evals/s, 262 msg/s, 14.0 leaves/msg, 1116s)
2026-08-25 00:21:28   [GPU] 4,150,036 evals (106754 batches, avg 39/batch = 8% of 512, 3678 evals/s, 262 msg/s, 14.0 leaves/msg, 1128s)
2026-08-25 00:21:40   [GPU] 4,200,004 evals (107955 batches, avg 39/batch = 8% of 512, 3682 evals/s, 263 msg/s, 14.0 leaves/msg, 1141s)
2026-08-25 00:21:52   [GPU] 4,250,004 evals (109178 batches, avg 39/batch = 8% of 512, 3686 evals/s, 263 msg/s, 14.0 leaves/msg, 1153s)
2026-08-25 00:22:04   [GPU] 4,300,029 evals (110310 batches, avg 39/batch = 8% of 512, 3693 evals/s, 263 msg/s, 14.0 leaves/msg, 1164s)
2026-08-25 00:22:15   [GPU] 4,350,030 evals (111423 batches, avg 39/batch = 8% of 512, 3700 evals/s, 264 msg/s, 14.0 leaves/msg, 1176s)
2026-08-25 00:22:26   [GPU] 4,400,031 evals (112545 batches, avg 39/batch = 8% of 512, 3707 evals/s, 264 msg/s, 14.0 leaves/msg, 1187s)
2026-08-25 00:22:29 [iter 4/40] self-play: 135/160 games...
2026-08-25 00:22:39   [GPU] 4,450,012 evals (113759 batches, avg 39/batch = 8% of 512, 3710 evals/s, 264 msg/s, 14.0 leaves/msg, 1199s)
2026-08-25 00:22:52   [GPU] 4,500,050 evals (114980 batches, avg 39/batch = 8% of 512, 3713 evals/s, 265 msg/s, 14.0 leaves/msg, 1212s)
2026-08-25 00:23:01 [iter 4/40] self-play: 140/160 games...
2026-08-25 00:23:04   [GPU] 4,550,002 evals (116168 batches, avg 39/batch = 8% of 512, 3716 evals/s, 265 msg/s, 14.0 leaves/msg, 1224s)
2026-08-25 00:23:16   [GPU] 4,600,029 evals (117343 batches, avg 39/batch = 8% of 512, 3721 evals/s, 266 msg/s, 14.0 leaves/msg, 1236s)
2026-08-25 00:23:28   [GPU] 4,650,021 evals (118578 batches, avg 39/batch = 8% of 512, 3724 evals/s, 266 msg/s, 14.0 leaves/msg, 1249s)
2026-08-25 00:23:33 [iter 4/40] self-play: 145/160 games...
2026-08-25 00:23:41   [GPU] 4,700,001 evals (119870 batches, avg 39/batch = 8% of 512, 3725 evals/s, 266 msg/s, 14.0 leaves/msg, 1262s)
2026-08-25 00:23:55   [GPU] 4,750,026 evals (121236 batches, avg 39/batch = 8% of 512, 3724 evals/s, 266 msg/s, 14.0 leaves/msg, 1276s)
2026-08-25 00:24:06 [iter 4/40] self-play: 150/160 games...
2026-08-25 00:24:09   [GPU] 4,800,009 evals (122555 batches, avg 39/batch = 8% of 512, 3722 evals/s, 266 msg/s, 14.0 leaves/msg, 1290s)
2026-08-25 00:24:24   [GPU] 4,850,044 evals (123914 batches, avg 39/batch = 8% of 512, 3719 evals/s, 265 msg/s, 14.0 leaves/msg, 1304s)
2026-08-25 00:24:36   [GPU] 4,900,014 evals (125158 batches, avg 39/batch = 8% of 512, 3721 evals/s, 265 msg/s, 14.0 leaves/msg, 1317s)
2026-08-25 00:24:50   [GPU] 4,950,048 evals (126417 batches, avg 39/batch = 8% of 512, 3720 evals/s, 265 msg/s, 14.0 leaves/msg, 1331s)
2026-08-25 00:25:03   [GPU] 5,000,004 evals (127668 batches, avg 39/batch = 8% of 512, 3721 evals/s, 265 msg/s, 14.0 leaves/msg, 1344s)
2026-08-25 00:25:16   [GPU] 5,050,017 evals (128884 batches, avg 39/batch = 8% of 512, 3723 evals/s, 265 msg/s, 14.0 leaves/msg, 1356s)
2026-08-25 00:25:29   [GPU] 5,100,009 evals (130093 batches, avg 39/batch = 8% of 512, 3725 evals/s, 265 msg/s, 14.0 leaves/msg, 1369s)
2026-08-25 00:25:41   [GPU] 5,150,004 evals (131310 batches, avg 39/batch = 8% of 512, 3727 evals/s, 265 msg/s, 14.0 leaves/msg, 1382s)
2026-08-25 00:25:54   [GPU] 5,200,017 evals (132528 batches, avg 39/batch = 8% of 512, 3730 evals/s, 265 msg/s, 14.1 leaves/msg, 1394s)
2026-08-25 00:26:06   [GPU] 5,250,020 evals (133723 batches, avg 39/batch = 8% of 512, 3732 evals/s, 265 msg/s, 14.1 leaves/msg, 1407s)
2026-08-25 00:26:19   [GPU] 5,300,008 evals (134886 batches, avg 39/batch = 8% of 512, 3734 evals/s, 265 msg/s, 14.1 leaves/msg, 1420s)
2026-08-25 00:26:31   [GPU] 5,350,009 evals (136013 batches, avg 39/batch = 8% of 512, 3737 evals/s, 266 msg/s, 14.1 leaves/msg, 1431s)
2026-08-25 00:26:41 [iter 4/40] self-play: 155/160 games...
2026-08-25 00:26:44   [GPU] 5,400,003 evals (137315 batches, avg 39/batch = 8% of 512, 3738 evals/s, 266 msg/s, 14.1 leaves/msg, 1444s)
2026-08-25 00:27:06   [GPU] 5,450,006 evals (139218 batches, avg 39/batch = 8% of 512, 3717 evals/s, 264 msg/s, 14.1 leaves/msg, 1466s)
2026-08-25 00:27:32   [GPU] 5,500,009 evals (141305 batches, avg 39/batch = 8% of 512, 3686 evals/s, 262 msg/s, 14.1 leaves/msg, 1492s)
2026-08-25 00:28:01   [GPU] 5,550,008 evals (143611 batches, avg 39/batch = 8% of 512, 3647 evals/s, 259 msg/s, 14.1 leaves/msg, 1522s)
2026-08-25 00:29:23 [iter 4/40] self-play: 160/160 games...
2026-08-25 00:29:23 [iter 4/40] self-play done: 160 games (1604s) | wins: P0=35, P1=53, P2=22, P3=34, draw=16 | draw_rate=10% avg_len~30
2026-08-25 00:29:23 [iter 4/40] search: expanded=8.1 actions/node visits/action=74.3 walls/game=5.40 first_wall_ply=3.177 learner_sims/s=3727.22
2026-08-25 00:29:23 [iter 4/40] training (600 steps, lr=9.88e-04)...
2026-08-25 00:29:31 [iter 4/40] training done: loss_p=1.321 loss_v=0.125 (8s)
2026-08-25 00:29:32 [iter 4/40] data: policy_wall_mass=0.120 walled_states=68% walls_on_board=19.5 value_mae walled=0.199 free=0.280
2026-08-25 00:29:32 [iter 4/40] eval vs best SKIPPED (gate held until win_vs_greedy > 0.05)
2026-08-25 00:29:32 [iter 4/40] eval vs random (8 games, 600 sims)...
2026-08-25 00:29:32 [EVAL-MP] 8 workers spawned (8 vs_random games, sims=600), GPU batcher starting...
2026-08-25 00:29:53   [GPU] 50,035 evals (1386 batches, avg 36/batch = 7% of 512, 2401 evals/s, 163 msg/s, 14.7 leaves/msg, 21s)
2026-08-25 00:30:07   [GPU] 100,012 evals (2860 batches, avg 35/batch = 7% of 512, 2846 evals/s, 194 msg/s, 14.7 leaves/msg, 35s)
2026-08-25 00:30:23   [GPU] 150,005 evals (4383 batches, avg 34/batch = 7% of 512, 2983 evals/s, 205 msg/s, 14.6 leaves/msg, 50s)
2026-08-25 00:30:38 [iter 4/40] eval vs random: 5/8 games (66s, cand 75%)
2026-08-25 00:30:40   [GPU] 200,004 evals (6145 batches, avg 33/batch = 6% of 512, 2939 evals/s, 203 msg/s, 14.5 leaves/msg, 68s)
2026-08-25 00:30:58 [iter 4/40] eval vs random: 8/8 games (86s, cand 60%)
2026-08-25 00:30:58 [iter 4/40] eval vs random done: 60.0% (86s)
2026-08-25 00:30:58 [iter 4/40] eval vs greedy (80 games, 600 sims)...
2026-08-25 00:30:58 [EVAL-MP] 8 workers spawned (80 vs_greedy games, sims=600), GPU batcher starting...
2026-08-25 00:31:14 [iter 4/40] eval vs greedy: 5/80 games (16s, cand 40%)
2026-08-25 00:31:24   [GPU] 50,015 evals (1672 batches, avg 30/batch = 6% of 512, 1967 evals/s, 132 msg/s, 14.9 leaves/msg, 25s)
2026-08-25 00:31:27 [iter 4/40] eval vs greedy: 10/80 games (28s, cand 20%)
2026-08-25 00:31:29 [iter 4/40] eval vs greedy: 15/80 games (30s, cand 13%)
2026-08-25 00:31:40 [iter 4/40] eval vs greedy: 20/80 games (42s, cand 10%)
2026-08-25 00:31:45   [GPU] 100,018 evals (3388 batches, avg 30/batch = 6% of 512, 2136 evals/s, 144 msg/s, 14.8 leaves/msg, 47s)
2026-08-25 00:31:51 [iter 4/40] eval vs greedy: 25/80 games (53s, cand 8%)
2026-08-25 00:31:55 [iter 4/40] eval vs greedy: 30/80 games (57s, cand 10%)
2026-08-25 00:32:06   [GPU] 150,021 evals (5076 batches, avg 30/batch = 6% of 512, 2200 evals/s, 148 msg/s, 14.8 leaves/msg, 68s)
2026-08-25 00:32:07 [iter 4/40] eval vs greedy: 35/80 games (69s, cand 11%)
2026-08-25 00:32:15 [iter 4/40] eval vs greedy: 40/80 games (77s, cand 10%)
2026-08-25 00:32:21 [iter 4/40] eval vs greedy: 45/80 games (83s, cand 13%)
2026-08-25 00:32:28   [GPU] 200,022 evals (6823 batches, avg 29/batch = 6% of 512, 2224 evals/s, 151 msg/s, 14.7 leaves/msg, 90s)
2026-08-25 00:32:29 [iter 4/40] eval vs greedy: 50/80 games (91s, cand 12%)
2026-08-25 00:32:40 [iter 4/40] eval vs greedy: 55/80 games (101s, cand 13%)
2026-08-25 00:32:46 [iter 4/40] eval vs greedy: 60/80 games (108s, cand 15%)
2026-08-25 00:32:50   [GPU] 250,021 evals (8532 batches, avg 29/batch = 6% of 512, 2240 evals/s, 152 msg/s, 14.7 leaves/msg, 112s)
2026-08-25 00:32:56 [iter 4/40] eval vs greedy: 65/80 games (118s, cand 14%)
2026-08-25 00:33:05 [iter 4/40] eval vs greedy: 70/80 games (127s, cand 13%)
2026-08-25 00:33:11 [iter 4/40] eval vs greedy: 75/80 games (133s, cand 13%)
2026-08-25 00:33:14   [GPU] 300,005 evals (10318 batches, avg 29/batch = 6% of 512, 2210 evals/s, 150 msg/s, 14.7 leaves/msg, 136s)
2026-08-25 00:33:28 [iter 4/40] eval vs greedy: 80/80 games (150s, cand 14%)
2026-08-25 00:33:28 [iter 4/40] eval vs greedy done: 13.8% of 80 decided [seat0:11/20 seat1:0/20 seat2:0/20 seat3:0/20] (150s)
2026-08-25 00:33:29 [iter 4/40] new greedy peak 13.8% - saved greedy_peak.pt
2026-08-25 00:33:29 [iter 4/40] GATE ARMED: win_vs_greedy=13.8% > 0.05. Champion seeded from this iteration; gating resumes at the next eval.
2026-08-25 00:33:29 [iter 4/40] eval vs minimax (depth 2, 40 games)...
2026-08-25 00:33:29 [EVAL-MP] 8 workers spawned (40 vs_minimax games, sims=600), GPU batcher starting...
2026-08-25 00:33:54   [GPU] 50,040 evals (1699 batches, avg 29/batch = 6% of 512, 1938 evals/s, 127 msg/s, 15.3 leaves/msg, 26s)
2026-08-25 00:34:03 [iter 4/40] eval vs minimax: 5/40 games (0%)
2026-08-25 00:34:12   [GPU] 100,023 evals (3205 batches, avg 31/batch = 6% of 512, 2320 evals/s, 157 msg/s, 14.8 leaves/msg, 43s)
2026-08-25 00:34:30   [GPU] 150,059 evals (4741 batches, avg 32/batch = 6% of 512, 2424 evals/s, 163 msg/s, 14.9 leaves/msg, 62s)
2026-08-25 00:34:34 [iter 4/40] eval vs minimax: 10/40 games (0%)
2026-08-25 00:34:40 [iter 4/40] eval vs minimax: 15/40 games (0%)
2026-08-25 00:34:49   [GPU] 200,002 evals (6261 batches, avg 32/batch = 6% of 512, 2482 evals/s, 170 msg/s, 14.6 leaves/msg, 81s)
2026-08-25 00:35:08   [GPU] 250,011 evals (7774 batches, avg 32/batch = 6% of 512, 2518 evals/s, 171 msg/s, 14.7 leaves/msg, 99s)
2026-08-25 00:35:12 [iter 4/40] eval vs minimax: 20/40 games (0%)
2026-08-25 00:35:28   [GPU] 300,011 evals (9416 batches, avg 32/batch = 6% of 512, 2504 evals/s, 171 msg/s, 14.7 leaves/msg, 120s)
2026-08-25 00:35:35 [iter 4/40] eval vs minimax: 25/40 games (0%)
2026-08-25 00:35:46   [GPU] 350,013 evals (10924 batches, avg 32/batch = 6% of 512, 2553 evals/s, 174 msg/s, 14.7 leaves/msg, 137s)
2026-08-25 00:35:54 [iter 4/40] eval vs minimax: 30/40 games (0%)
2026-08-25 00:36:04   [GPU] 400,046 evals (12488 batches, avg 32/batch = 6% of 512, 2576 evals/s, 176 msg/s, 14.6 leaves/msg, 155s)
2026-08-25 00:36:09 [iter 4/40] eval vs minimax: 35/40 games (0%)
2026-08-25 00:36:25   [GPU] 450,014 evals (14205 batches, avg 32/batch = 6% of 512, 2556 evals/s, 175 msg/s, 14.6 leaves/msg, 176s)
2026-08-25 00:36:31 [iter 4/40] eval vs minimax: 40/40 games (0%)
2026-08-25 00:36:31 [iter 4/40] eval vs minimax done: 0.0% of 40 decided [seat0:0/10 seat1:0/10 seat2:0/10 seat3:0/10] (183s)
2026-08-25 00:36:31 >>> iter 4 | loss_p=1.321 loss_v=0.125 | vs_best=n/a (not evaluated) | vs_rand=60.0% | draw=10% | buf=34984 | rss=2.45GB | sp=1604s train=8s eval_best=0s eval_rand=86s | total=2032s
2026-08-25 00:36:31 [iter 5/40] self-play starting (160 games, 600 sims, MIXED 80/160 race-only)...
2026-08-25 00:36:31 [PARALLEL-MP] 8 workers spawned (160 games, sims=600), GPU batcher starting...
2026-08-25 00:36:49   [GPU] 50,016 evals (1473 batches, avg 34/batch = 7% of 512, 2823 evals/s, 214 msg/s, 13.2 leaves/msg, 18s)
2026-08-25 00:36:51 [iter 5/40] self-play: 5/160 games...
2026-08-25 00:37:05 [iter 5/40] self-play: 10/160 games...
2026-08-25 00:37:06   [GPU] 100,027 evals (3083 batches, avg 32/batch = 6% of 512, 2915 evals/s, 226 msg/s, 12.9 leaves/msg, 34s)
2026-08-25 00:37:23 [iter 5/40] self-play: 15/160 games...
2026-08-25 00:37:25   [GPU] 150,049 evals (4794 batches, avg 31/batch = 6% of 512, 2804 evals/s, 215 msg/s, 13.0 leaves/msg, 54s)
2026-08-25 00:37:45   [GPU] 200,028 evals (6490 batches, avg 31/batch = 6% of 512, 2712 evals/s, 204 msg/s, 13.3 leaves/msg, 74s)
2026-08-25 00:38:02   [GPU] 250,025 evals (7907 batches, avg 32/batch = 6% of 512, 2778 evals/s, 204 msg/s, 13.6 leaves/msg, 90s)
2026-08-25 00:38:10 [iter 5/40] self-play: 20/160 games...
2026-08-25 00:38:15   [GPU] 300,009 evals (9234 batches, avg 32/batch = 6% of 512, 2906 evals/s, 213 msg/s, 13.7 leaves/msg, 103s)
2026-08-25 00:38:29   [GPU] 350,053 evals (10613 batches, avg 33/batch = 6% of 512, 2977 evals/s, 215 msg/s, 13.8 leaves/msg, 118s)
2026-08-25 00:38:43   [GPU] 400,003 evals (11962 batches, avg 33/batch = 7% of 512, 3039 evals/s, 218 msg/s, 13.9 leaves/msg, 132s)
2026-08-25 00:38:56   [GPU] 450,010 evals (13251 batches, avg 34/batch = 7% of 512, 3106 evals/s, 222 msg/s, 14.0 leaves/msg, 145s)
2026-08-25 00:39:09   [GPU] 500,017 evals (14504 batches, avg 34/batch = 7% of 512, 3167 evals/s, 225 msg/s, 14.1 leaves/msg, 158s)
2026-08-25 00:39:22   [GPU] 550,032 evals (15739 batches, avg 35/batch = 7% of 512, 3229 evals/s, 229 msg/s, 14.1 leaves/msg, 170s)
2026-08-25 00:39:34   [GPU] 600,003 evals (16959 batches, avg 35/batch = 7% of 512, 3286 evals/s, 232 msg/s, 14.2 leaves/msg, 183s)
2026-08-25 00:39:46   [GPU] 650,012 evals (18173 batches, avg 36/batch = 7% of 512, 3337 evals/s, 235 msg/s, 14.2 leaves/msg, 195s)
2026-08-25 00:39:58   [GPU] 700,036 evals (19334 batches, avg 36/batch = 7% of 512, 3386 evals/s, 238 msg/s, 14.2 leaves/msg, 207s)
2026-08-25 00:40:10   [GPU] 750,016 evals (20515 batches, avg 37/batch = 7% of 512, 3426 evals/s, 241 msg/s, 14.2 leaves/msg, 219s)
2026-08-25 00:40:22   [GPU] 800,046 evals (21675 batches, avg 37/batch = 7% of 512, 3466 evals/s, 243 msg/s, 14.3 leaves/msg, 231s)
2026-08-25 00:40:34   [GPU] 850,044 evals (22866 batches, avg 37/batch = 7% of 512, 3500 evals/s, 246 msg/s, 14.2 leaves/msg, 243s)
2026-08-25 00:40:46   [GPU] 900,017 evals (24030 batches, avg 37/batch = 7% of 512, 3533 evals/s, 248 msg/s, 14.3 leaves/msg, 255s)
2026-08-25 00:40:57   [GPU] 950,027 evals (25116 batches, avg 38/batch = 7% of 512, 3580 evals/s, 251 msg/s, 14.3 leaves/msg, 265s)
2026-08-25 00:41:08   [GPU] 1,000,008 evals (26227 batches, avg 38/batch = 7% of 512, 3618 evals/s, 254 msg/s, 14.2 leaves/msg, 276s)
2026-08-25 00:41:10 [iter 5/40] self-play: 25/160 games...
2026-08-25 00:41:20   [GPU] 1,050,013 evals (27412 batches, avg 38/batch = 7% of 512, 3639 evals/s, 255 msg/s, 14.3 leaves/msg, 289s)
2026-08-25 00:41:32   [GPU] 1,100,055 evals (28624 batches, avg 38/batch = 8% of 512, 3657 evals/s, 257 msg/s, 14.2 leaves/msg, 301s)
2026-08-25 00:41:45   [GPU] 1,150,012 evals (29867 batches, avg 39/batch = 8% of 512, 3665 evals/s, 258 msg/s, 14.2 leaves/msg, 314s)
2026-08-25 00:41:48 [iter 5/40] self-play: 30/160 games...
2026-08-25 00:41:59   [GPU] 1,200,021 evals (31155 batches, avg 39/batch = 8% of 512, 3666 evals/s, 258 msg/s, 14.2 leaves/msg, 327s)
2026-08-25 00:42:12   [GPU] 1,250,032 evals (32385 batches, avg 39/batch = 8% of 512, 3673 evals/s, 259 msg/s, 14.2 leaves/msg, 340s)
2026-08-25 00:42:27   [GPU] 1,300,026 evals (33745 batches, avg 39/batch = 8% of 512, 3660 evals/s, 258 msg/s, 14.2 leaves/msg, 355s)
2026-08-25 00:42:31 [iter 5/40] self-play: 35/160 games...
2026-08-25 00:42:39   [GPU] 1,350,042 evals (34984 batches, avg 39/batch = 8% of 512, 3669 evals/s, 258 msg/s, 14.2 leaves/msg, 368s)
2026-08-25 00:42:53   [GPU] 1,400,010 evals (36268 batches, avg 39/batch = 8% of 512, 3670 evals/s, 259 msg/s, 14.2 leaves/msg, 382s)
2026-08-25 00:43:08   [GPU] 1,450,003 evals (37661 batches, avg 39/batch = 8% of 512, 3658 evals/s, 258 msg/s, 14.2 leaves/msg, 396s)
2026-08-25 00:43:21   [GPU] 1,500,032 evals (38908 batches, avg 39/batch = 8% of 512, 3666 evals/s, 258 msg/s, 14.2 leaves/msg, 409s)
2026-08-25 00:43:32   [GPU] 1,550,031 evals (40059 batches, avg 39/batch = 8% of 512, 3683 evals/s, 260 msg/s, 14.2 leaves/msg, 421s)
2026-08-25 00:43:32 [iter 5/40] self-play: 40/160 games...
2026-08-25 00:43:45   [GPU] 1,600,000 evals (41309 batches, avg 39/batch = 8% of 512, 3690 evals/s, 261 msg/s, 14.2 leaves/msg, 434s)
2026-08-25 00:43:58   [GPU] 1,650,034 evals (42545 batches, avg 39/batch = 8% of 512, 3695 evals/s, 261 msg/s, 14.2 leaves/msg, 447s)
2026-08-25 00:44:09   [GPU] 1,700,016 evals (43650 batches, avg 39/batch = 8% of 512, 3716 evals/s, 262 msg/s, 14.2 leaves/msg, 458s)
2026-08-25 00:44:15 [iter 5/40] self-play: 45/160 games...
2026-08-25 00:44:21   [GPU] 1,750,007 evals (44810 batches, avg 39/batch = 8% of 512, 3730 evals/s, 263 msg/s, 14.2 leaves/msg, 469s)
2026-08-25 00:44:32   [GPU] 1,800,004 evals (45970 batches, avg 39/batch = 8% of 512, 3744 evals/s, 264 msg/s, 14.2 leaves/msg, 481s)
2026-08-25 00:44:44   [GPU] 1,850,013 evals (47142 batches, avg 39/batch = 8% of 512, 3758 evals/s, 265 msg/s, 14.2 leaves/msg, 492s)
2026-08-25 00:44:56   [GPU] 1,900,058 evals (48392 batches, avg 39/batch = 8% of 512, 3765 evals/s, 266 msg/s, 14.2 leaves/msg, 505s)
2026-08-25 00:45:05 [iter 5/40] self-play: 50/160 games...
2026-08-25 00:45:08   [GPU] 1,950,021 evals (49567 batches, avg 39/batch = 8% of 512, 3776 evals/s, 267 msg/s, 14.2 leaves/msg, 516s)
2026-08-25 00:45:21   [GPU] 2,000,040 evals (50860 batches, avg 39/batch = 8% of 512, 3777 evals/s, 267 msg/s, 14.2 leaves/msg, 529s)
2026-08-25 00:45:32   [GPU] 2,050,023 evals (52040 batches, avg 39/batch = 8% of 512, 3790 evals/s, 268 msg/s, 14.1 leaves/msg, 541s)
2026-08-25 00:45:46   [GPU] 2,100,030 evals (53373 batches, avg 39/batch = 8% of 512, 3788 evals/s, 268 msg/s, 14.1 leaves/msg, 554s)
2026-08-25 00:45:51 [iter 5/40] self-play: 55/160 games...
2026-08-25 00:45:58   [GPU] 2,150,013 evals (54594 batches, avg 39/batch = 8% of 512, 3795 evals/s, 269 msg/s, 14.1 leaves/msg, 567s)
2026-08-25 00:46:10   [GPU] 2,200,046 evals (55793 batches, avg 39/batch = 8% of 512, 3805 evals/s, 269 msg/s, 14.1 leaves/msg, 578s)
2026-08-25 00:46:23   [GPU] 2,250,031 evals (57116 batches, avg 39/batch = 8% of 512, 3802 evals/s, 270 msg/s, 14.1 leaves/msg, 592s)
2026-08-25 00:46:35 [iter 5/40] self-play: 60/160 games...
2026-08-25 00:46:37   [GPU] 2,300,073 evals (58377 batches, avg 39/batch = 8% of 512, 3800 evals/s, 270 msg/s, 14.1 leaves/msg, 605s)
2026-08-25 00:46:49   [GPU] 2,350,023 evals (59607 batches, avg 39/batch = 8% of 512, 3804 evals/s, 270 msg/s, 14.1 leaves/msg, 618s)
2026-08-25 00:47:02   [GPU] 2,400,055 evals (60861 batches, avg 39/batch = 8% of 512, 3806 evals/s, 270 msg/s, 14.1 leaves/msg, 631s)
2026-08-25 00:47:13   [GPU] 2,450,008 evals (61979 batches, avg 40/batch = 8% of 512, 3816 evals/s, 271 msg/s, 14.1 leaves/msg, 642s)
2026-08-25 00:47:23 [iter 5/40] self-play: 65/160 games...
2026-08-25 00:47:25   [GPU] 2,500,016 evals (63125 batches, avg 40/batch = 8% of 512, 3826 evals/s, 271 msg/s, 14.1 leaves/msg, 653s)
2026-08-25 00:47:37   [GPU] 2,550,024 evals (64328 batches, avg 40/batch = 8% of 512, 3831 evals/s, 272 msg/s, 14.1 leaves/msg, 666s)
2026-08-25 00:47:50   [GPU] 2,600,000 evals (65585 batches, avg 40/batch = 8% of 512, 3833 evals/s, 272 msg/s, 14.1 leaves/msg, 678s)
2026-08-25 00:48:01   [GPU] 2,650,041 evals (66701 batches, avg 40/batch = 8% of 512, 3844 evals/s, 273 msg/s, 14.1 leaves/msg, 689s)
2026-08-25 00:48:03 [iter 5/40] self-play: 70/160 games...
2026-08-25 00:48:14   [GPU] 2,700,040 evals (67951 batches, avg 40/batch = 8% of 512, 3843 evals/s, 273 msg/s, 14.1 leaves/msg, 703s)
2026-08-25 00:48:26   [GPU] 2,750,017 evals (69139 batches, avg 40/batch = 8% of 512, 3847 evals/s, 273 msg/s, 14.1 leaves/msg, 715s)
2026-08-25 00:48:38   [GPU] 2,800,018 evals (70293 batches, avg 40/batch = 8% of 512, 3854 evals/s, 274 msg/s, 14.1 leaves/msg, 727s)
2026-08-25 00:48:50   [GPU] 2,850,039 evals (71459 batches, avg 40/batch = 8% of 512, 3858 evals/s, 274 msg/s, 14.1 leaves/msg, 739s)
2026-08-25 00:49:03   [GPU] 2,900,010 evals (72670 batches, avg 40/batch = 8% of 512, 3858 evals/s, 274 msg/s, 14.1 leaves/msg, 752s)
2026-08-25 00:49:05 [iter 5/40] self-play: 75/160 games...
2026-08-25 00:49:15   [GPU] 2,950,031 evals (73790 batches, avg 40/batch = 8% of 512, 3865 evals/s, 274 msg/s, 14.1 leaves/msg, 763s)
2026-08-25 00:49:26   [GPU] 3,000,056 evals (74933 batches, avg 40/batch = 8% of 512, 3871 evals/s, 275 msg/s, 14.1 leaves/msg, 775s)
2026-08-25 00:49:36 [iter 5/40] self-play: 80/160 games...
2026-08-25 00:49:39   [GPU] 3,050,021 evals (76154 batches, avg 40/batch = 8% of 512, 3873 evals/s, 275 msg/s, 14.1 leaves/msg, 788s)
2026-08-25 00:49:51   [GPU] 3,100,068 evals (77362 batches, avg 40/batch = 8% of 512, 3875 evals/s, 276 msg/s, 14.1 leaves/msg, 800s)
2026-08-25 00:50:05   [GPU] 3,150,065 evals (78600 batches, avg 40/batch = 8% of 512, 3874 evals/s, 275 msg/s, 14.1 leaves/msg, 813s)
2026-08-25 00:50:08 [iter 5/40] self-play: 85/160 games...
2026-08-25 00:50:18   [GPU] 3,200,038 evals (79891 batches, avg 40/batch = 8% of 512, 3871 evals/s, 275 msg/s, 14.1 leaves/msg, 827s)
2026-08-25 00:50:32   [GPU] 3,250,037 evals (81120 batches, avg 40/batch = 8% of 512, 3869 evals/s, 275 msg/s, 14.1 leaves/msg, 840s)
2026-08-25 00:50:43   [GPU] 3,300,046 evals (82240 batches, avg 40/batch = 8% of 512, 3875 evals/s, 275 msg/s, 14.1 leaves/msg, 852s)
2026-08-25 00:50:48 [iter 5/40] self-play: 90/160 games...
2026-08-25 00:50:57   [GPU] 3,350,015 evals (83507 batches, avg 40/batch = 8% of 512, 3872 evals/s, 275 msg/s, 14.1 leaves/msg, 865s)
2026-08-25 00:51:09   [GPU] 3,400,002 evals (84705 batches, avg 40/batch = 8% of 512, 3872 evals/s, 275 msg/s, 14.1 leaves/msg, 878s)
2026-08-25 00:51:22   [GPU] 3,450,003 evals (85955 batches, avg 40/batch = 8% of 512, 3873 evals/s, 276 msg/s, 14.1 leaves/msg, 891s)
2026-08-25 00:51:36   [GPU] 3,500,038 evals (87285 batches, avg 40/batch = 8% of 512, 3868 evals/s, 275 msg/s, 14.1 leaves/msg, 905s)
2026-08-25 00:51:37 [iter 5/40] self-play: 95/160 games...
2026-08-25 00:51:48   [GPU] 3,550,013 evals (88448 batches, avg 40/batch = 8% of 512, 3874 evals/s, 276 msg/s, 14.1 leaves/msg, 916s)
2026-08-25 00:52:01   [GPU] 3,600,016 evals (89695 batches, avg 40/batch = 8% of 512, 3874 evals/s, 275 msg/s, 14.1 leaves/msg, 929s)
2026-08-25 00:52:13   [GPU] 3,650,024 evals (90899 batches, avg 40/batch = 8% of 512, 3876 evals/s, 275 msg/s, 14.1 leaves/msg, 942s)
2026-08-25 00:52:25   [GPU] 3,700,029 evals (92047 batches, avg 40/batch = 8% of 512, 3881 evals/s, 276 msg/s, 14.1 leaves/msg, 953s)
2026-08-25 00:52:27 [iter 5/40] self-play: 100/160 games...
2026-08-25 00:52:38   [GPU] 3,750,003 evals (93293 batches, avg 40/batch = 8% of 512, 3879 evals/s, 276 msg/s, 14.1 leaves/msg, 967s)
2026-08-25 00:52:52   [GPU] 3,800,009 evals (94536 batches, avg 40/batch = 8% of 512, 3877 evals/s, 276 msg/s, 14.1 leaves/msg, 980s)
2026-08-25 00:53:02   [GPU] 3,850,000 evals (95597 batches, avg 40/batch = 8% of 512, 3885 evals/s, 276 msg/s, 14.1 leaves/msg, 991s)
2026-08-25 00:53:10 [iter 5/40] self-play: 105/160 games...
2026-08-25 00:53:14   [GPU] 3,900,035 evals (96744 batches, avg 40/batch = 8% of 512, 3890 evals/s, 277 msg/s, 14.1 leaves/msg, 1003s)
2026-08-25 00:53:27   [GPU] 3,950,049 evals (97988 batches, avg 40/batch = 8% of 512, 3889 evals/s, 276 msg/s, 14.1 leaves/msg, 1016s)
2026-08-25 00:53:39 [iter 5/40] self-play: 110/160 games...
2026-08-25 00:53:40   [GPU] 4,000,013 evals (99248 batches, avg 40/batch = 8% of 512, 3888 evals/s, 276 msg/s, 14.1 leaves/msg, 1029s)
2026-08-25 00:53:55   [GPU] 4,050,010 evals (100571 batches, avg 40/batch = 8% of 512, 3881 evals/s, 276 msg/s, 14.1 leaves/msg, 1044s)
2026-08-25 00:54:08   [GPU] 4,100,003 evals (101814 batches, avg 40/batch = 8% of 512, 3881 evals/s, 276 msg/s, 14.1 leaves/msg, 1056s)
2026-08-25 00:54:22   [GPU] 4,150,031 evals (103116 batches, avg 40/batch = 8% of 512, 3876 evals/s, 275 msg/s, 14.1 leaves/msg, 1071s)
2026-08-25 00:54:37   [GPU] 4,200,033 evals (104428 batches, avg 40/batch = 8% of 512, 3870 evals/s, 275 msg/s, 14.1 leaves/msg, 1085s)
2026-08-25 00:54:51   [GPU] 4,250,035 evals (105725 batches, avg 40/batch = 8% of 512, 3865 evals/s, 274 msg/s, 14.1 leaves/msg, 1100s)
2026-08-25 00:55:04   [GPU] 4,300,028 evals (106937 batches, avg 40/batch = 8% of 512, 3865 evals/s, 274 msg/s, 14.1 leaves/msg, 1113s)
2026-08-25 00:55:17   [GPU] 4,350,018 evals (108149 batches, avg 40/batch = 8% of 512, 3865 evals/s, 274 msg/s, 14.1 leaves/msg, 1126s)
2026-08-25 00:55:31   [GPU] 4,400,046 evals (109430 batches, avg 40/batch = 8% of 512, 3862 evals/s, 274 msg/s, 14.1 leaves/msg, 1139s)
2026-08-25 00:55:36 [iter 5/40] self-play: 115/160 games...
2026-08-25 00:55:43   [GPU] 4,450,061 evals (110543 batches, avg 40/batch = 8% of 512, 3866 evals/s, 274 msg/s, 14.1 leaves/msg, 1151s)
2026-08-25 00:55:53   [GPU] 4,500,055 evals (111562 batches, avg 40/batch = 8% of 512, 3874 evals/s, 274 msg/s, 14.1 leaves/msg, 1162s)
2026-08-25 00:56:03   [GPU] 4,550,043 evals (112584 batches, avg 40/batch = 8% of 512, 3883 evals/s, 275 msg/s, 14.1 leaves/msg, 1172s)
2026-08-25 00:56:15   [GPU] 4,600,004 evals (113687 batches, avg 40/batch = 8% of 512, 3888 evals/s, 275 msg/s, 14.1 leaves/msg, 1183s)
2026-08-25 00:56:27   [GPU] 4,650,030 evals (114844 batches, avg 40/batch = 8% of 512, 3890 evals/s, 275 msg/s, 14.1 leaves/msg, 1196s)
2026-08-25 00:56:38   [GPU] 4,700,016 evals (115946 batches, avg 41/batch = 8% of 512, 3894 evals/s, 276 msg/s, 14.1 leaves/msg, 1207s)
2026-08-25 00:56:49   [GPU] 4,750,039 evals (117017 batches, avg 41/batch = 8% of 512, 3901 evals/s, 276 msg/s, 14.1 leaves/msg, 1218s)
2026-08-25 00:56:51 [iter 5/40] self-play: 120/160 games...
2026-08-25 00:57:01   [GPU] 4,800,038 evals (118140 batches, avg 41/batch = 8% of 512, 3905 evals/s, 277 msg/s, 14.1 leaves/msg, 1229s)
2026-08-25 00:57:13   [GPU] 4,850,013 evals (119304 batches, avg 41/batch = 8% of 512, 3908 evals/s, 277 msg/s, 14.1 leaves/msg, 1241s)
2026-08-25 00:57:25   [GPU] 4,900,065 evals (120454 batches, avg 41/batch = 8% of 512, 3910 evals/s, 277 msg/s, 14.1 leaves/msg, 1253s)
2026-08-25 00:57:37   [GPU] 4,950,000 evals (121592 batches, avg 41/batch = 8% of 512, 3913 evals/s, 277 msg/s, 14.1 leaves/msg, 1265s)
2026-08-25 00:57:49   [GPU] 5,000,017 evals (122756 batches, avg 41/batch = 8% of 512, 3915 evals/s, 277 msg/s, 14.1 leaves/msg, 1277s)
2026-08-25 00:57:59   [GPU] 5,050,027 evals (123816 batches, avg 41/batch = 8% of 512, 3921 evals/s, 278 msg/s, 14.1 leaves/msg, 1288s)
2026-08-25 00:58:10   [GPU] 5,100,009 evals (124868 batches, avg 41/batch = 8% of 512, 3928 evals/s, 278 msg/s, 14.1 leaves/msg, 1298s)
2026-08-25 00:58:13 [iter 5/40] self-play: 125/160 games...
2026-08-25 00:58:21   [GPU] 5,150,018 evals (125964 batches, avg 41/batch = 8% of 512, 3932 evals/s, 278 msg/s, 14.1 leaves/msg, 1310s)
2026-08-25 00:58:33   [GPU] 5,200,035 evals (127052 batches, avg 41/batch = 8% of 512, 3936 evals/s, 279 msg/s, 14.1 leaves/msg, 1321s)
2026-08-25 00:58:43   [GPU] 5,250,015 evals (128120 batches, avg 41/batch = 8% of 512, 3942 evals/s, 279 msg/s, 14.1 leaves/msg, 1332s)
2026-08-25 00:58:56   [GPU] 5,300,026 evals (129287 batches, avg 41/batch = 8% of 512, 3943 evals/s, 279 msg/s, 14.1 leaves/msg, 1344s)
2026-08-25 00:59:07   [GPU] 5,350,011 evals (130408 batches, avg 41/batch = 8% of 512, 3948 evals/s, 279 msg/s, 14.1 leaves/msg, 1355s)
2026-08-25 00:59:18 [iter 5/40] self-play: 130/160 games...
2026-08-25 00:59:19   [GPU] 5,400,027 evals (131568 batches, avg 41/batch = 8% of 512, 3950 evals/s, 280 msg/s, 14.1 leaves/msg, 1367s)
2026-08-25 00:59:31   [GPU] 5,450,017 evals (132784 batches, avg 41/batch = 8% of 512, 3949 evals/s, 280 msg/s, 14.1 leaves/msg, 1380s)
2026-08-25 00:59:43 [iter 5/40] self-play: 135/160 games...
2026-08-25 00:59:44   [GPU] 5,500,024 evals (133986 batches, avg 41/batch = 8% of 512, 3949 evals/s, 280 msg/s, 14.1 leaves/msg, 1393s)
2026-08-25 00:59:56   [GPU] 5,550,064 evals (135175 batches, avg 41/batch = 8% of 512, 3951 evals/s, 280 msg/s, 14.1 leaves/msg, 1405s)
2026-08-25 01:00:10   [GPU] 5,600,014 evals (136447 batches, avg 41/batch = 8% of 512, 3949 evals/s, 280 msg/s, 14.1 leaves/msg, 1418s)
2026-08-25 01:00:17 [iter 5/40] self-play: 140/160 games...
2026-08-25 01:00:22   [GPU] 5,650,022 evals (137657 batches, avg 41/batch = 8% of 512, 3949 evals/s, 280 msg/s, 14.1 leaves/msg, 1431s)
2026-08-25 01:00:34   [GPU] 5,700,003 evals (138872 batches, avg 41/batch = 8% of 512, 3951 evals/s, 280 msg/s, 14.1 leaves/msg, 1443s)
2026-08-25 01:00:47   [GPU] 5,750,020 evals (140111 batches, avg 41/batch = 8% of 512, 3950 evals/s, 280 msg/s, 14.1 leaves/msg, 1456s)
2026-08-25 01:00:58   [GPU] 5,800,047 evals (141246 batches, avg 41/batch = 8% of 512, 3955 evals/s, 280 msg/s, 14.1 leaves/msg, 1467s)
2026-08-25 01:01:07 [iter 5/40] self-play: 145/160 games...
2026-08-25 01:01:10   [GPU] 5,850,034 evals (142400 batches, avg 41/batch = 8% of 512, 3957 evals/s, 281 msg/s, 14.1 leaves/msg, 1478s)
2026-08-25 01:01:22   [GPU] 5,900,041 evals (143601 batches, avg 41/batch = 8% of 512, 3958 evals/s, 281 msg/s, 14.1 leaves/msg, 1491s)
2026-08-25 01:01:34   [GPU] 5,950,009 evals (144726 batches, avg 41/batch = 8% of 512, 3961 evals/s, 281 msg/s, 14.1 leaves/msg, 1502s)
2026-08-25 01:01:46   [GPU] 6,000,013 evals (145889 batches, avg 41/batch = 8% of 512, 3963 evals/s, 281 msg/s, 14.1 leaves/msg, 1514s)
2026-08-25 01:01:58   [GPU] 6,050,035 evals (147071 batches, avg 41/batch = 8% of 512, 3965 evals/s, 281 msg/s, 14.1 leaves/msg, 1526s)
2026-08-25 01:02:02 [iter 5/40] self-play: 150/160 games...
2026-08-25 01:02:10   [GPU] 6,100,022 evals (148268 batches, avg 41/batch = 8% of 512, 3965 evals/s, 281 msg/s, 14.1 leaves/msg, 1538s)
2026-08-25 01:02:23   [GPU] 6,150,008 evals (149544 batches, avg 41/batch = 8% of 512, 3964 evals/s, 281 msg/s, 14.1 leaves/msg, 1552s)
2026-08-25 01:02:33 [iter 5/40] self-play: 155/160 games...
2026-08-25 01:02:40   [GPU] 6,200,025 evals (151112 batches, avg 41/batch = 8% of 512, 3953 evals/s, 281 msg/s, 14.1 leaves/msg, 1568s)
2026-08-25 01:02:57   [GPU] 6,250,065 evals (152728 batches, avg 41/batch = 8% of 512, 3942 evals/s, 280 msg/s, 14.1 leaves/msg, 1586s)
2026-08-25 01:03:14   [GPU] 6,300,010 evals (154316 batches, avg 41/batch = 8% of 512, 3931 evals/s, 279 msg/s, 14.1 leaves/msg, 1603s)
2026-08-25 01:03:30   [GPU] 6,350,004 evals (155883 batches, avg 41/batch = 8% of 512, 3922 evals/s, 278 msg/s, 14.1 leaves/msg, 1619s)
2026-08-25 01:03:46   [GPU] 6,400,030 evals (157437 batches, avg 41/batch = 8% of 512, 3915 evals/s, 278 msg/s, 14.1 leaves/msg, 1635s)
2026-08-25 01:04:04   [GPU] 6,450,013 evals (159288 batches, avg 40/batch = 8% of 512, 3902 evals/s, 277 msg/s, 14.1 leaves/msg, 1653s)
2026-08-25 01:04:23   [GPU] 6,500,000 evals (161091 batches, avg 40/batch = 8% of 512, 3889 evals/s, 276 msg/s, 14.1 leaves/msg, 1672s)
2026-08-25 01:04:42   [GPU] 6,550,018 evals (162987 batches, avg 40/batch = 8% of 512, 3875 evals/s, 275 msg/s, 14.1 leaves/msg, 1690s)
2026-08-25 01:05:00   [GPU] 6,600,015 evals (164786 batches, avg 40/batch = 8% of 512, 3862 evals/s, 274 msg/s, 14.1 leaves/msg, 1709s)
2026-08-25 01:05:19   [GPU] 6,650,024 evals (166627 batches, avg 40/batch = 8% of 512, 3850 evals/s, 273 msg/s, 14.1 leaves/msg, 1727s)
2026-08-25 01:05:44   [GPU] 6,700,023 evals (168768 batches, avg 40/batch = 8% of 512, 3822 evals/s, 271 msg/s, 14.1 leaves/msg, 1753s)
2026-08-25 01:06:26   [GPU] 6,750,009 evals (171518 batches, avg 39/batch = 8% of 512, 3761 evals/s, 267 msg/s, 14.1 leaves/msg, 1795s)
2026-08-25 01:07:28   [GPU] 6,800,000 evals (174957 batches, avg 39/batch = 8% of 512, 3662 evals/s, 260 msg/s, 14.1 leaves/msg, 1857s)
2026-08-25 01:07:58 [iter 5/40] self-play: 160/160 games...
2026-08-25 01:07:58 [iter 5/40] self-play done: 160 games (1887s) | wins: P0=33, P1=41, P2=29, P3=29, draw=28 | draw_rate=18% avg_len~19
2026-08-25 01:07:58 [iter 5/40] search: expanded=7.4 actions/node visits/action=81.3 walls/game=5.40 first_wall_ply=2.354 learner_sims/s=3829.68
2026-08-25 01:07:58 [iter 5/40] training (600 steps, lr=9.78e-04)...
2026-08-25 01:08:06 [iter 5/40] training done: loss_p=1.307 loss_v=0.128 (8s)
2026-08-25 01:08:07 [iter 5/40] data: policy_wall_mass=0.110 walled_states=51% walls_on_board=13.2 value_mae walled=0.220 free=0.332
2026-08-25 01:08:07 [iter 5/40] eval skipped (eval_every=4)
2026-08-25 01:08:07 >>> iter 5 | loss_p=1.307 loss_v=0.128 | vs_best=n/a (not evaluated) | vs_rand=n/a | draw=18% | buf=41148 | rss=2.51GB | sp=1887s train=8s eval_best=0s eval_rand=0s | total=1896s
2026-08-25 01:08:07 [iter 6/40] self-play starting (160 games, 600 sims, MIXED 80/160 race-only)...
2026-08-25 01:08:07 [PARALLEL-MP] 8 workers spawned (160 games, sims=600), GPU batcher starting...
2026-08-25 01:08:25   [GPU] 50,025 evals (1464 batches, avg 34/batch = 7% of 512, 2897 evals/s, 223 msg/s, 13.0 leaves/msg, 17s)
2026-08-25 01:08:25 [iter 6/40] self-play: 5/160 games...
2026-08-25 01:08:39 [iter 6/40] self-play: 10/160 games...
2026-08-25 01:08:42   [GPU] 100,027 evals (3058 batches, avg 33/batch = 6% of 512, 2919 evals/s, 223 msg/s, 13.1 leaves/msg, 34s)
2026-08-25 01:09:01 [iter 6/40] self-play: 15/160 games...
2026-08-25 01:09:02   [GPU] 150,007 evals (4818 batches, avg 31/batch = 6% of 512, 2761 evals/s, 209 msg/s, 13.2 leaves/msg, 54s)
2026-08-25 01:09:22   [GPU] 200,021 evals (6565 batches, avg 30/batch = 6% of 512, 2675 evals/s, 199 msg/s, 13.4 leaves/msg, 75s)
2026-08-25 01:09:41   [GPU] 250,030 evals (8160 batches, avg 31/batch = 6% of 512, 2662 evals/s, 194 msg/s, 13.7 leaves/msg, 94s)
2026-08-25 01:09:46 [iter 6/40] self-play: 20/160 games...
2026-08-25 01:09:57   [GPU] 300,000 evals (9584 batches, avg 31/batch = 6% of 512, 2740 evals/s, 200 msg/s, 13.7 leaves/msg, 109s)
2026-08-25 01:10:11   [GPU] 350,009 evals (10875 batches, avg 32/batch = 6% of 512, 2833 evals/s, 205 msg/s, 13.8 leaves/msg, 124s)
2026-08-25 01:10:25   [GPU] 400,052 evals (12232 batches, avg 33/batch = 6% of 512, 2905 evals/s, 210 msg/s, 13.8 leaves/msg, 138s)
2026-08-25 01:10:38   [GPU] 450,012 evals (13552 batches, avg 33/batch = 6% of 512, 2981 evals/s, 215 msg/s, 13.8 leaves/msg, 151s)
2026-08-25 01:10:39 [iter 6/40] self-play: 25/160 games...
2026-08-25 01:10:53   [GPU] 500,020 evals (14900 batches, avg 34/batch = 7% of 512, 3019 evals/s, 218 msg/s, 13.9 leaves/msg, 166s)
2026-08-25 01:11:06   [GPU] 550,027 evals (16153 batches, avg 34/batch = 7% of 512, 3076 evals/s, 221 msg/s, 13.9 leaves/msg, 179s)
2026-08-25 01:11:19   [GPU] 600,046 evals (17371 batches, avg 35/batch = 7% of 512, 3137 evals/s, 225 msg/s, 13.9 leaves/msg, 191s)
2026-08-25 01:11:32   [GPU] 650,022 evals (18644 batches, avg 35/batch = 7% of 512, 3174 evals/s, 227 msg/s, 14.0 leaves/msg, 205s)
2026-08-25 01:11:45   [GPU] 700,008 evals (19888 batches, avg 35/batch = 7% of 512, 3211 evals/s, 229 msg/s, 14.0 leaves/msg, 218s)
2026-08-25 01:11:58   [GPU] 750,015 evals (21086 batches, avg 36/batch = 7% of 512, 3248 evals/s, 231 msg/s, 14.0 leaves/msg, 231s)
2026-08-25 01:12:11   [GPU] 800,014 evals (22296 batches, avg 36/batch = 7% of 512, 3283 evals/s, 234 msg/s, 14.1 leaves/msg, 244s)
2026-08-25 01:12:23   [GPU] 850,006 evals (23458 batches, avg 36/batch = 7% of 512, 3321 evals/s, 236 msg/s, 14.1 leaves/msg, 256s)
2026-08-25 01:12:36   [GPU] 900,004 evals (24609 batches, avg 37/batch = 7% of 512, 3356 evals/s, 238 msg/s, 14.1 leaves/msg, 268s)
2026-08-25 01:12:37 [iter 6/40] self-play: 30/160 games...
2026-08-25 01:12:48   [GPU] 950,051 evals (25831 batches, avg 37/batch = 7% of 512, 3381 evals/s, 240 msg/s, 14.1 leaves/msg, 281s)
2026-08-25 01:13:00   [GPU] 1,000,006 evals (26982 batches, avg 37/batch = 7% of 512, 3413 evals/s, 242 msg/s, 14.1 leaves/msg, 293s)
2026-08-25 01:13:12   [GPU] 1,050,004 evals (28100 batches, avg 37/batch = 7% of 512, 3449 evals/s, 244 msg/s, 14.1 leaves/msg, 304s)
2026-08-25 01:13:26   [GPU] 1,100,012 evals (29393 batches, avg 37/batch = 7% of 512, 3456 evals/s, 246 msg/s, 14.1 leaves/msg, 318s)
2026-08-25 01:13:32 [iter 6/40] self-play: 35/160 games...
2026-08-25 01:13:40   [GPU] 1,150,007 evals (30707 batches, avg 37/batch = 7% of 512, 3462 evals/s, 246 msg/s, 14.1 leaves/msg, 332s)
2026-08-25 01:13:54   [GPU] 1,200,017 evals (32049 batches, avg 37/batch = 7% of 512, 3462 evals/s, 246 msg/s, 14.1 leaves/msg, 347s)
2026-08-25 01:14:09   [GPU] 1,250,008 evals (33426 batches, avg 37/batch = 7% of 512, 3454 evals/s, 245 msg/s, 14.1 leaves/msg, 362s)
2026-08-25 01:14:22   [GPU] 1,300,010 evals (34669 batches, avg 37/batch = 7% of 512, 3468 evals/s, 246 msg/s, 14.1 leaves/msg, 375s)
2026-08-25 01:14:25 [iter 6/40] self-play: 40/160 games...
2026-08-25 01:14:36   [GPU] 1,350,015 evals (35963 batches, avg 38/batch = 7% of 512, 3473 evals/s, 247 msg/s, 14.1 leaves/msg, 389s)
2026-08-25 01:14:50   [GPU] 1,400,013 evals (37260 batches, avg 38/batch = 7% of 512, 3479 evals/s, 247 msg/s, 14.1 leaves/msg, 402s)
2026-08-25 01:15:04   [GPU] 1,450,056 evals (38574 batches, avg 38/batch = 7% of 512, 3481 evals/s, 247 msg/s, 14.1 leaves/msg, 417s)
2026-08-25 01:15:16   [GPU] 1,500,047 evals (39721 batches, avg 38/batch = 7% of 512, 3502 evals/s, 248 msg/s, 14.1 leaves/msg, 428s)
2026-08-25 01:15:27   [GPU] 1,550,008 evals (40860 batches, avg 38/batch = 7% of 512, 3524 evals/s, 250 msg/s, 14.1 leaves/msg, 440s)
2026-08-25 01:15:28 [iter 6/40] self-play: 45/160 games...
2026-08-25 01:15:40   [GPU] 1,600,010 evals (42146 batches, avg 38/batch = 7% of 512, 3532 evals/s, 251 msg/s, 14.1 leaves/msg, 453s)
2026-08-25 01:15:53   [GPU] 1,650,019 evals (43434 batches, avg 38/batch = 7% of 512, 3541 evals/s, 252 msg/s, 14.1 leaves/msg, 466s)
2026-08-25 01:16:05 [iter 6/40] self-play: 50/160 games...
2026-08-25 01:16:06   [GPU] 1,700,009 evals (44720 batches, avg 38/batch = 7% of 512, 3549 evals/s, 252 msg/s, 14.1 leaves/msg, 479s)
2026-08-25 01:16:21   [GPU] 1,750,008 evals (46077 batches, avg 38/batch = 7% of 512, 3547 evals/s, 252 msg/s, 14.1 leaves/msg, 493s)
2026-08-25 01:16:35   [GPU] 1,800,038 evals (47417 batches, avg 38/batch = 7% of 512, 3549 evals/s, 253 msg/s, 14.0 leaves/msg, 507s)
2026-08-25 01:16:42 [iter 6/40] self-play: 55/160 games...
2026-08-25 01:16:48   [GPU] 1,850,055 evals (48676 batches, avg 38/batch = 7% of 512, 3555 evals/s, 253 msg/s, 14.1 leaves/msg, 520s)
2026-08-25 01:17:00   [GPU] 1,900,014 evals (49912 batches, avg 38/batch = 7% of 512, 3567 evals/s, 254 msg/s, 14.0 leaves/msg, 533s)
2026-08-25 01:17:13   [GPU] 1,950,030 evals (51231 batches, avg 38/batch = 7% of 512, 3571 evals/s, 255 msg/s, 14.0 leaves/msg, 546s)
2026-08-25 01:17:27   [GPU] 2,000,025 evals (52513 batches, avg 38/batch = 7% of 512, 3576 evals/s, 255 msg/s, 14.0 leaves/msg, 559s)
2026-08-25 01:17:39   [GPU] 2,050,064 evals (53717 batches, avg 38/batch = 7% of 512, 3589 evals/s, 256 msg/s, 14.0 leaves/msg, 571s)
2026-08-25 01:17:41 [iter 6/40] self-play: 60/160 games...
2026-08-25 01:17:51   [GPU] 2,100,018 evals (54962 batches, avg 38/batch = 7% of 512, 3596 evals/s, 256 msg/s, 14.0 leaves/msg, 584s)
2026-08-25 01:18:05   [GPU] 2,150,030 evals (56272 batches, avg 38/batch = 7% of 512, 3600 evals/s, 256 msg/s, 14.0 leaves/msg, 597s)
2026-08-25 01:18:18   [GPU] 2,200,034 evals (57530 batches, avg 38/batch = 7% of 512, 3606 evals/s, 257 msg/s, 14.0 leaves/msg, 610s)
2026-08-25 01:18:30   [GPU] 2,250,041 evals (58732 batches, avg 38/batch = 7% of 512, 3616 evals/s, 257 msg/s, 14.0 leaves/msg, 622s)
2026-08-25 01:18:43   [GPU] 2,300,023 evals (59977 batches, avg 38/batch = 7% of 512, 3620 evals/s, 258 msg/s, 14.0 leaves/msg, 635s)
2026-08-25 01:18:52 [iter 6/40] self-play: 65/160 games...
2026-08-25 01:18:55   [GPU] 2,350,001 evals (61109 batches, avg 38/batch = 8% of 512, 3631 evals/s, 259 msg/s, 14.0 leaves/msg, 647s)
2026-08-25 01:19:07   [GPU] 2,400,022 evals (62328 batches, avg 39/batch = 8% of 512, 3637 evals/s, 259 msg/s, 14.0 leaves/msg, 660s)
2026-08-25 01:19:20   [GPU] 2,450,037 evals (63523 batches, avg 39/batch = 8% of 512, 3643 evals/s, 259 msg/s, 14.0 leaves/msg, 673s)
2026-08-25 01:19:31   [GPU] 2,500,033 evals (64667 batches, avg 39/batch = 8% of 512, 3655 evals/s, 260 msg/s, 14.0 leaves/msg, 684s)
2026-08-25 01:19:41 [iter 6/40] self-play: 70/160 games...
2026-08-25 01:19:43   [GPU] 2,550,026 evals (65821 batches, avg 39/batch = 8% of 512, 3666 evals/s, 262 msg/s, 14.0 leaves/msg, 696s)
2026-08-25 01:19:55   [GPU] 2,600,014 evals (67038 batches, avg 39/batch = 8% of 512, 3672 evals/s, 262 msg/s, 14.0 leaves/msg, 708s)
2026-08-25 01:20:06   [GPU] 2,650,029 evals (68160 batches, avg 39/batch = 8% of 512, 3686 evals/s, 263 msg/s, 14.0 leaves/msg, 719s)
2026-08-25 01:20:19   [GPU] 2,700,000 evals (69412 batches, avg 39/batch = 8% of 512, 3692 evals/s, 264 msg/s, 14.0 leaves/msg, 731s)
2026-08-25 01:20:25 [iter 6/40] self-play: 75/160 games...
2026-08-25 01:20:32   [GPU] 2,750,033 evals (70666 batches, avg 39/batch = 8% of 512, 3696 evals/s, 264 msg/s, 14.0 leaves/msg, 744s)
2026-08-25 01:20:45   [GPU] 2,800,033 evals (71970 batches, avg 39/batch = 8% of 512, 3697 evals/s, 264 msg/s, 14.0 leaves/msg, 757s)
2026-08-25 01:20:59   [GPU] 2,850,041 evals (73288 batches, avg 39/batch = 8% of 512, 3694 evals/s, 264 msg/s, 14.0 leaves/msg, 771s)
2026-08-25 01:21:11   [GPU] 2,900,023 evals (74491 batches, avg 39/batch = 8% of 512, 3700 evals/s, 264 msg/s, 14.0 leaves/msg, 784s)
2026-08-25 01:21:17 [iter 6/40] self-play: 80/160 games...
2026-08-25 01:21:24   [GPU] 2,950,024 evals (75748 batches, avg 39/batch = 8% of 512, 3702 evals/s, 264 msg/s, 14.0 leaves/msg, 797s)
2026-08-25 01:21:38   [GPU] 3,000,017 evals (77018 batches, avg 39/batch = 8% of 512, 3702 evals/s, 264 msg/s, 14.0 leaves/msg, 810s)
2026-08-25 01:21:52   [GPU] 3,050,015 evals (78352 batches, avg 39/batch = 8% of 512, 3700 evals/s, 264 msg/s, 14.0 leaves/msg, 824s)
2026-08-25 01:21:59 [iter 6/40] self-play: 85/160 games...
2026-08-25 01:22:06   [GPU] 3,100,021 evals (79660 batches, avg 39/batch = 8% of 512, 3699 evals/s, 264 msg/s, 14.0 leaves/msg, 838s)
2026-08-25 01:22:21   [GPU] 3,150,025 evals (81030 batches, avg 39/batch = 8% of 512, 3692 evals/s, 263 msg/s, 14.0 leaves/msg, 853s)
2026-08-25 01:22:35   [GPU] 3,200,002 evals (82299 batches, avg 39/batch = 8% of 512, 3690 evals/s, 263 msg/s, 14.0 leaves/msg, 867s)
2026-08-25 01:22:47   [GPU] 3,250,024 evals (83479 batches, avg 39/batch = 8% of 512, 3695 evals/s, 264 msg/s, 14.0 leaves/msg, 879s)
2026-08-25 01:22:57 [iter 6/40] self-play: 90/160 games...
2026-08-25 01:23:01   [GPU] 3,300,006 evals (84777 batches, avg 39/batch = 8% of 512, 3693 evals/s, 264 msg/s, 14.0 leaves/msg, 894s)
2026-08-25 01:23:15   [GPU] 3,350,012 evals (86076 batches, avg 39/batch = 8% of 512, 3692 evals/s, 264 msg/s, 14.0 leaves/msg, 907s)
2026-08-25 01:23:29   [GPU] 3,400,014 evals (87359 batches, avg 39/batch = 8% of 512, 3691 evals/s, 264 msg/s, 14.0 leaves/msg, 921s)
2026-08-25 01:23:43   [GPU] 3,450,016 evals (88700 batches, avg 39/batch = 8% of 512, 3687 evals/s, 263 msg/s, 14.0 leaves/msg, 936s)
2026-08-25 01:23:46 [iter 6/40] self-play: 95/160 games...
2026-08-25 01:23:56   [GPU] 3,500,004 evals (89947 batches, avg 39/batch = 8% of 512, 3690 evals/s, 263 msg/s, 14.0 leaves/msg, 949s)
2026-08-25 01:24:08   [GPU] 3,550,015 evals (91103 batches, avg 39/batch = 8% of 512, 3697 evals/s, 264 msg/s, 14.0 leaves/msg, 960s)
2026-08-25 01:24:21   [GPU] 3,600,013 evals (92388 batches, avg 39/batch = 8% of 512, 3698 evals/s, 264 msg/s, 14.0 leaves/msg, 974s)
2026-08-25 01:24:24 [iter 6/40] self-play: 100/160 games...
2026-08-25 01:24:34   [GPU] 3,650,024 evals (93648 batches, avg 39/batch = 8% of 512, 3700 evals/s, 264 msg/s, 14.0 leaves/msg, 986s)
2026-08-25 01:24:48   [GPU] 3,700,025 evals (94967 batches, avg 39/batch = 8% of 512, 3699 evals/s, 264 msg/s, 14.0 leaves/msg, 1000s)
2026-08-25 01:25:00   [GPU] 3,750,016 evals (96147 batches, avg 39/batch = 8% of 512, 3705 evals/s, 265 msg/s, 14.0 leaves/msg, 1012s)
2026-08-25 01:25:09 [iter 6/40] self-play: 105/160 games...
2026-08-25 01:25:12   [GPU] 3,800,016 evals (97336 batches, avg 39/batch = 8% of 512, 3709 evals/s, 265 msg/s, 14.0 leaves/msg, 1024s)
2026-08-25 01:25:25   [GPU] 3,850,002 evals (98565 batches, avg 39/batch = 8% of 512, 3711 evals/s, 265 msg/s, 14.0 leaves/msg, 1037s)
2026-08-25 01:25:38   [GPU] 3,900,063 evals (99776 batches, avg 39/batch = 8% of 512, 3713 evals/s, 265 msg/s, 14.0 leaves/msg, 1050s)
2026-08-25 01:25:50   [GPU] 3,950,015 evals (100983 batches, avg 39/batch = 8% of 512, 3716 evals/s, 265 msg/s, 14.0 leaves/msg, 1063s)
2026-08-25 01:26:03   [GPU] 4,000,013 evals (102136 batches, avg 39/batch = 8% of 512, 3720 evals/s, 265 msg/s, 14.0 leaves/msg, 1075s)
2026-08-25 01:26:15   [GPU] 4,050,022 evals (103319 batches, avg 39/batch = 8% of 512, 3724 evals/s, 266 msg/s, 14.0 leaves/msg, 1087s)
2026-08-25 01:26:27   [GPU] 4,100,000 evals (104455 batches, avg 39/batch = 8% of 512, 3730 evals/s, 266 msg/s, 14.0 leaves/msg, 1099s)
2026-08-25 01:26:38   [GPU] 4,150,052 evals (105569 batches, avg 39/batch = 8% of 512, 3738 evals/s, 267 msg/s, 14.0 leaves/msg, 1110s)
2026-08-25 01:26:40 [iter 6/40] self-play: 110/160 games...
2026-08-25 01:26:50   [GPU] 4,200,035 evals (106792 batches, avg 39/batch = 8% of 512, 3741 evals/s, 267 msg/s, 14.0 leaves/msg, 1123s)
2026-08-25 01:27:02   [GPU] 4,250,000 evals (107949 batches, avg 39/batch = 8% of 512, 3747 evals/s, 268 msg/s, 14.0 leaves/msg, 1134s)
2026-08-25 01:27:02 [iter 6/40] self-play: 115/160 games...
2026-08-25 01:27:15   [GPU] 4,300,004 evals (109268 batches, avg 39/batch = 8% of 512, 3747 evals/s, 268 msg/s, 14.0 leaves/msg, 1148s)
2026-08-25 01:27:26 [iter 6/40] self-play: 120/160 games...
2026-08-25 01:27:29   [GPU] 4,350,002 evals (110554 batches, avg 39/batch = 8% of 512, 3745 evals/s, 268 msg/s, 14.0 leaves/msg, 1161s)
2026-08-25 01:27:44   [GPU] 4,400,013 evals (111930 batches, avg 39/batch = 8% of 512, 3740 evals/s, 268 msg/s, 14.0 leaves/msg, 1177s)
2026-08-25 01:27:59   [GPU] 4,450,002 evals (113290 batches, avg 39/batch = 8% of 512, 3736 evals/s, 267 msg/s, 14.0 leaves/msg, 1191s)
2026-08-25 01:28:04 [iter 6/40] self-play: 125/160 games...
2026-08-25 01:28:14   [GPU] 4,500,026 evals (114725 batches, avg 39/batch = 8% of 512, 3730 evals/s, 267 msg/s, 14.0 leaves/msg, 1206s)
2026-08-25 01:28:27 [iter 6/40] self-play: 130/160 games...
2026-08-25 01:28:29   [GPU] 4,550,027 evals (116128 batches, avg 39/batch = 8% of 512, 3724 evals/s, 267 msg/s, 14.0 leaves/msg, 1222s)
2026-08-25 01:28:45   [GPU] 4,600,003 evals (117518 batches, avg 39/batch = 8% of 512, 3717 evals/s, 266 msg/s, 14.0 leaves/msg, 1237s)
2026-08-25 01:28:58   [GPU] 4,650,071 evals (118753 batches, avg 39/batch = 8% of 512, 3718 evals/s, 266 msg/s, 14.0 leaves/msg, 1251s)
2026-08-25 01:29:10 [iter 6/40] self-play: 135/160 games...
2026-08-25 01:29:14   [GPU] 4,700,042 evals (120174 batches, avg 39/batch = 8% of 512, 3712 evals/s, 266 msg/s, 14.0 leaves/msg, 1266s)
2026-08-25 01:29:27   [GPU] 4,750,006 evals (121462 batches, avg 39/batch = 8% of 512, 3711 evals/s, 266 msg/s, 14.0 leaves/msg, 1280s)
2026-08-25 01:29:42   [GPU] 4,800,028 evals (122835 batches, avg 39/batch = 8% of 512, 3706 evals/s, 265 msg/s, 14.0 leaves/msg, 1295s)
2026-08-25 01:29:56   [GPU] 4,850,012 evals (124137 batches, avg 39/batch = 8% of 512, 3706 evals/s, 265 msg/s, 14.0 leaves/msg, 1309s)
2026-08-25 01:29:57 [iter 6/40] self-play: 140/160 games...
2026-08-25 01:30:11   [GPU] 4,900,049 evals (125466 batches, avg 39/batch = 8% of 512, 3702 evals/s, 265 msg/s, 14.0 leaves/msg, 1324s)
2026-08-25 01:30:26   [GPU] 4,950,034 evals (126755 batches, avg 39/batch = 8% of 512, 3699 evals/s, 265 msg/s, 14.0 leaves/msg, 1338s)
2026-08-25 01:30:39   [GPU] 5,000,029 evals (127934 batches, avg 39/batch = 8% of 512, 3701 evals/s, 264 msg/s, 14.0 leaves/msg, 1351s)
2026-08-25 01:30:50   [GPU] 5,050,021 evals (129058 batches, avg 39/batch = 8% of 512, 3705 evals/s, 265 msg/s, 14.0 leaves/msg, 1363s)
2026-08-25 01:31:02   [GPU] 5,100,002 evals (130146 batches, avg 39/batch = 8% of 512, 3711 evals/s, 265 msg/s, 14.0 leaves/msg, 1374s)
2026-08-25 01:31:14   [GPU] 5,150,010 evals (131267 batches, avg 39/batch = 8% of 512, 3715 evals/s, 265 msg/s, 14.0 leaves/msg, 1386s)
2026-08-25 01:31:26   [GPU] 5,200,047 evals (132406 batches, avg 39/batch = 8% of 512, 3718 evals/s, 265 msg/s, 14.0 leaves/msg, 1398s)
2026-08-25 01:31:30 [iter 6/40] self-play: 145/160 games...
2026-08-25 01:31:37   [GPU] 5,250,013 evals (133497 batches, avg 39/batch = 8% of 512, 3724 evals/s, 266 msg/s, 14.0 leaves/msg, 1410s)
2026-08-25 01:31:50   [GPU] 5,300,053 evals (134680 batches, avg 39/batch = 8% of 512, 3726 evals/s, 266 msg/s, 14.0 leaves/msg, 1423s)
2026-08-25 01:32:01   [GPU] 5,350,022 evals (135754 batches, avg 39/batch = 8% of 512, 3732 evals/s, 266 msg/s, 14.0 leaves/msg, 1434s)
2026-08-25 01:32:12 [iter 6/40] self-play: 150/160 games...
2026-08-25 01:32:13   [GPU] 5,400,042 evals (136894 batches, avg 39/batch = 8% of 512, 3736 evals/s, 267 msg/s, 14.0 leaves/msg, 1445s)
2026-08-25 01:32:26   [GPU] 5,450,023 evals (138100 batches, avg 39/batch = 8% of 512, 3737 evals/s, 267 msg/s, 14.0 leaves/msg, 1458s)
2026-08-25 01:32:37   [GPU] 5,500,006 evals (139211 batches, avg 40/batch = 8% of 512, 3742 evals/s, 267 msg/s, 14.0 leaves/msg, 1470s)
2026-08-25 01:32:49   [GPU] 5,550,001 evals (140388 batches, avg 40/batch = 8% of 512, 3746 evals/s, 267 msg/s, 14.0 leaves/msg, 1482s)
2026-08-25 01:33:02   [GPU] 5,600,068 evals (141694 batches, avg 40/batch = 8% of 512, 3746 evals/s, 267 msg/s, 14.0 leaves/msg, 1495s)
2026-08-25 01:33:11 [iter 6/40] self-play: 155/160 games...
2026-08-25 01:33:19   [GPU] 5,650,010 evals (143280 batches, avg 39/batch = 8% of 512, 3737 evals/s, 267 msg/s, 14.0 leaves/msg, 1512s)
2026-08-25 01:33:38   [GPU] 5,700,004 evals (144981 batches, avg 39/batch = 8% of 512, 3725 evals/s, 266 msg/s, 14.0 leaves/msg, 1530s)
2026-08-25 01:34:02   [GPU] 5,750,046 evals (146966 batches, avg 39/batch = 8% of 512, 3700 evals/s, 264 msg/s, 14.0 leaves/msg, 1554s)
2026-08-25 01:34:24   [GPU] 5,800,016 evals (148891 batches, avg 39/batch = 8% of 512, 3678 evals/s, 263 msg/s, 14.0 leaves/msg, 1577s)
2026-08-25 01:34:56   [GPU] 5,850,003 evals (151223 batches, avg 39/batch = 8% of 512, 3637 evals/s, 260 msg/s, 14.0 leaves/msg, 1608s)
2026-08-25 01:35:47   [GPU] 5,900,014 evals (154076 batches, avg 38/batch = 7% of 512, 3556 evals/s, 254 msg/s, 14.0 leaves/msg, 1659s)
2026-08-25 01:37:08 [iter 6/40] self-play: 160/160 games...
2026-08-25 01:37:09 [iter 6/40] self-play done: 160 games (1741s) | wins: P0=39, P1=40, P2=24, P3=37, draw=20 | draw_rate=12% avg_len~26
2026-08-25 01:37:09 [iter 6/40] search: expanded=8.2 actions/node visits/action=72.8 walls/game=5.41 first_wall_ply=2.218 learner_sims/s=3638.5
2026-08-25 01:37:09 [iter 6/40] training (600 steps, lr=9.66e-04)...
2026-08-25 01:37:17 [iter 6/40] training done: loss_p=1.317 loss_v=0.133 (8s)
2026-08-25 01:37:18 [iter 6/40] data: policy_wall_mass=0.122 walled_states=64% walls_on_board=18.6 value_mae walled=0.201 free=0.345
2026-08-25 01:37:18 [iter 6/40] eval skipped (eval_every=4)
2026-08-25 01:37:18 >>> iter 6 | loss_p=1.317 loss_v=0.133 | vs_best=n/a (not evaluated) | vs_rand=n/a | draw=12% | buf=49468 | rss=2.58GB | sp=1741s train=8s eval_best=0s eval_rand=0s | total=1751s
2026-08-25 01:37:18 [iter 7/40] self-play starting (160 games, 600 sims, MIXED 80/160 race-only)...
2026-08-25 01:37:18 [PARALLEL-MP] 8 workers spawned (160 games, sims=600), GPU batcher starting...
2026-08-25 01:37:37 [iter 7/40] self-play: 5/160 games...
2026-08-25 01:37:37   [GPU] 50,018 evals (1589 batches, avg 31/batch = 6% of 512, 2622 evals/s, 219 msg/s, 12.0 leaves/msg, 19s)
2026-08-25 01:37:53 [iter 7/40] self-play: 10/160 games...
2026-08-25 01:37:54   [GPU] 100,030 evals (3179 batches, avg 31/batch = 6% of 512, 2771 evals/s, 226 msg/s, 12.3 leaves/msg, 36s)
2026-08-25 01:38:12 [iter 7/40] self-play: 15/160 games...
2026-08-25 01:38:15   [GPU] 150,009 evals (4972 batches, avg 30/batch = 6% of 512, 2664 evals/s, 211 msg/s, 12.6 leaves/msg, 56s)
2026-08-25 01:38:34   [GPU] 200,036 evals (6669 batches, avg 30/batch = 6% of 512, 2630 evals/s, 203 msg/s, 13.0 leaves/msg, 76s)
2026-08-25 01:38:53   [GPU] 250,000 evals (8273 batches, avg 30/batch = 6% of 512, 2627 evals/s, 199 msg/s, 13.2 leaves/msg, 95s)
2026-08-25 01:38:57 [iter 7/40] self-play: 20/160 games...
2026-08-25 01:39:11   [GPU] 300,021 evals (9775 batches, avg 31/batch = 6% of 512, 2672 evals/s, 200 msg/s, 13.3 leaves/msg, 112s)
2026-08-25 01:39:26   [GPU] 350,008 evals (11165 batches, avg 31/batch = 6% of 512, 2742 evals/s, 203 msg/s, 13.5 leaves/msg, 128s)
2026-08-25 01:39:40   [GPU] 400,038 evals (12476 batches, avg 32/batch = 6% of 512, 2820 evals/s, 206 msg/s, 13.7 leaves/msg, 142s)
2026-08-25 01:39:53   [GPU] 450,001 evals (13670 batches, avg 33/batch = 6% of 512, 2912 evals/s, 211 msg/s, 13.8 leaves/msg, 155s)
2026-08-25 01:40:05   [GPU] 500,011 evals (14861 batches, avg 34/batch = 7% of 512, 3000 evals/s, 218 msg/s, 13.8 leaves/msg, 167s)
2026-08-25 01:40:12 [iter 7/40] self-play: 25/160 games...
2026-08-25 01:40:16   [GPU] 550,007 evals (16024 batches, avg 34/batch = 7% of 512, 3089 evals/s, 224 msg/s, 13.8 leaves/msg, 178s)
2026-08-25 01:40:28   [GPU] 600,002 evals (17155 batches, avg 35/batch = 7% of 512, 3167 evals/s, 230 msg/s, 13.8 leaves/msg, 189s)
2026-08-25 01:40:37 [iter 7/40] self-play: 30/160 games...
2026-08-25 01:40:39   [GPU] 650,038 evals (18299 batches, avg 36/batch = 7% of 512, 3235 evals/s, 236 msg/s, 13.7 leaves/msg, 201s)
2026-08-25 01:40:52   [GPU] 700,033 evals (19559 batches, avg 36/batch = 7% of 512, 3274 evals/s, 238 msg/s, 13.8 leaves/msg, 214s)
2026-08-25 01:41:03   [GPU] 750,041 evals (20694 batches, avg 36/batch = 7% of 512, 3331 evals/s, 242 msg/s, 13.8 leaves/msg, 225s)
2026-08-25 01:41:15   [GPU] 800,027 evals (21815 batches, avg 37/batch = 7% of 512, 3386 evals/s, 246 msg/s, 13.8 leaves/msg, 236s)
2026-08-25 01:41:27   [GPU] 850,016 evals (23025 batches, avg 37/batch = 7% of 512, 3420 evals/s, 248 msg/s, 13.8 leaves/msg, 249s)
2026-08-25 01:41:40   [GPU] 900,008 evals (24318 batches, avg 37/batch = 7% of 512, 3441 evals/s, 249 msg/s, 13.8 leaves/msg, 262s)
2026-08-25 01:41:45 [iter 7/40] self-play: 35/160 games...
2026-08-25 01:41:52   [GPU] 950,018 evals (25514 batches, avg 37/batch = 7% of 512, 3472 evals/s, 251 msg/s, 13.8 leaves/msg, 274s)
2026-08-25 01:42:03   [GPU] 1,000,036 evals (26685 batches, avg 37/batch = 7% of 512, 3509 evals/s, 255 msg/s, 13.8 leaves/msg, 285s)
2026-08-25 01:42:16   [GPU] 1,050,012 evals (27928 batches, avg 38/batch = 7% of 512, 3531 evals/s, 256 msg/s, 13.8 leaves/msg, 297s)
2026-08-25 01:42:30   [GPU] 1,100,001 evals (29251 batches, avg 38/batch = 7% of 512, 3533 evals/s, 256 msg/s, 13.8 leaves/msg, 311s)
2026-08-25 01:42:43   [GPU] 1,150,011 evals (30510 batches, avg 38/batch = 7% of 512, 3546 evals/s, 257 msg/s, 13.8 leaves/msg, 324s)
2026-08-25 01:42:55   [GPU] 1,200,034 evals (31728 batches, avg 38/batch = 7% of 512, 3566 evals/s, 259 msg/s, 13.8 leaves/msg, 337s)
2026-08-25 01:42:55 [iter 7/40] self-play: 40/160 games...
2026-08-25 01:43:08   [GPU] 1,250,000 evals (32976 batches, avg 38/batch = 7% of 512, 3576 evals/s, 259 msg/s, 13.8 leaves/msg, 350s)
2026-08-25 01:43:21   [GPU] 1,300,015 evals (34208 batches, avg 38/batch = 7% of 512, 3584 evals/s, 259 msg/s, 13.8 leaves/msg, 363s)
2026-08-25 01:43:33   [GPU] 1,350,039 evals (35397 batches, avg 38/batch = 7% of 512, 3602 evals/s, 260 msg/s, 13.8 leaves/msg, 375s)
2026-08-25 01:43:45   [GPU] 1,400,000 evals (36589 batches, avg 38/batch = 7% of 512, 3620 evals/s, 262 msg/s, 13.8 leaves/msg, 387s)
2026-08-25 01:43:48 [iter 7/40] self-play: 45/160 games...
2026-08-25 01:43:57   [GPU] 1,450,014 evals (37803 batches, avg 38/batch = 7% of 512, 3633 evals/s, 264 msg/s, 13.8 leaves/msg, 399s)
2026-08-25 01:44:11   [GPU] 1,500,021 evals (39055 batches, avg 38/batch = 8% of 512, 3638 evals/s, 263 msg/s, 13.8 leaves/msg, 412s)
2026-08-25 01:44:23   [GPU] 1,550,007 evals (40244 batches, avg 39/batch = 8% of 512, 3653 evals/s, 265 msg/s, 13.8 leaves/msg, 424s)
2026-08-25 01:44:32 [iter 7/40] self-play: 50/160 games...
2026-08-25 01:44:35   [GPU] 1,600,042 evals (41507 batches, avg 39/batch = 8% of 512, 3661 evals/s, 266 msg/s, 13.8 leaves/msg, 437s)
2026-08-25 01:44:49   [GPU] 1,650,021 evals (42823 batches, avg 39/batch = 8% of 512, 3664 evals/s, 266 msg/s, 13.8 leaves/msg, 450s)
2026-08-25 01:45:00   [GPU] 1,700,000 evals (43998 batches, avg 39/batch = 8% of 512, 3681 evals/s, 267 msg/s, 13.8 leaves/msg, 462s)
2026-08-25 01:45:12   [GPU] 1,750,006 evals (45209 batches, avg 39/batch = 8% of 512, 3693 evals/s, 268 msg/s, 13.8 leaves/msg, 474s)
2026-08-25 01:45:17 [iter 7/40] self-play: 55/160 games...
2026-08-25 01:45:25   [GPU] 1,800,007 evals (46508 batches, avg 39/batch = 8% of 512, 3696 evals/s, 268 msg/s, 13.8 leaves/msg, 487s)
2026-08-25 01:45:37   [GPU] 1,850,045 evals (47704 batches, avg 39/batch = 8% of 512, 3707 evals/s, 269 msg/s, 13.8 leaves/msg, 499s)
2026-08-25 01:45:50   [GPU] 1,900,009 evals (48952 batches, avg 39/batch = 8% of 512, 3710 evals/s, 269 msg/s, 13.8 leaves/msg, 512s)
2026-08-25 01:46:02   [GPU] 1,950,047 evals (50114 batches, avg 39/batch = 8% of 512, 3723 evals/s, 270 msg/s, 13.8 leaves/msg, 524s)
2026-08-25 01:46:06 [iter 7/40] self-play: 60/160 games...
2026-08-25 01:46:14   [GPU] 2,000,033 evals (51313 batches, avg 39/batch = 8% of 512, 3732 evals/s, 270 msg/s, 13.8 leaves/msg, 536s)
2026-08-25 01:46:28   [GPU] 2,050,014 evals (52596 batches, avg 39/batch = 8% of 512, 3730 evals/s, 270 msg/s, 13.8 leaves/msg, 550s)
2026-08-25 01:46:41   [GPU] 2,100,018 evals (53848 batches, avg 39/batch = 8% of 512, 3730 evals/s, 270 msg/s, 13.8 leaves/msg, 563s)
2026-08-25 01:46:53   [GPU] 2,150,011 evals (54979 batches, avg 39/batch = 8% of 512, 3741 evals/s, 270 msg/s, 13.8 leaves/msg, 575s)
2026-08-25 01:47:00 [iter 7/40] self-play: 65/160 games...
2026-08-25 01:47:06   [GPU] 2,200,032 evals (56160 batches, avg 39/batch = 8% of 512, 3745 evals/s, 271 msg/s, 13.8 leaves/msg, 587s)
2026-08-25 01:47:18   [GPU] 2,250,021 evals (57323 batches, avg 39/batch = 8% of 512, 3750 evals/s, 271 msg/s, 13.9 leaves/msg, 600s)
2026-08-25 01:47:30   [GPU] 2,300,049 evals (58470 batches, avg 39/batch = 8% of 512, 3758 evals/s, 271 msg/s, 13.9 leaves/msg, 612s)
2026-08-25 01:47:43   [GPU] 2,350,041 evals (59658 batches, avg 39/batch = 8% of 512, 3763 evals/s, 271 msg/s, 13.9 leaves/msg, 625s)
2026-08-25 01:47:52 [iter 7/40] self-play: 70/160 games...
2026-08-25 01:47:55   [GPU] 2,400,041 evals (60880 batches, avg 39/batch = 8% of 512, 3766 evals/s, 272 msg/s, 13.9 leaves/msg, 637s)
2026-08-25 01:48:09   [GPU] 2,450,006 evals (62141 batches, avg 39/batch = 8% of 512, 3767 evals/s, 272 msg/s, 13.8 leaves/msg, 650s)
2026-08-25 01:48:22   [GPU] 2,500,030 evals (63406 batches, avg 39/batch = 8% of 512, 3766 evals/s, 272 msg/s, 13.8 leaves/msg, 664s)
2026-08-25 01:48:30 [iter 7/40] self-play: 75/160 games...
2026-08-25 01:48:35   [GPU] 2,550,013 evals (64626 batches, avg 39/batch = 8% of 512, 3767 evals/s, 272 msg/s, 13.9 leaves/msg, 677s)
2026-08-25 01:48:48   [GPU] 2,600,018 evals (65865 batches, avg 39/batch = 8% of 512, 3771 evals/s, 272 msg/s, 13.8 leaves/msg, 689s)
2026-08-25 01:49:02   [GPU] 2,650,052 evals (67189 batches, avg 39/batch = 8% of 512, 3764 evals/s, 272 msg/s, 13.8 leaves/msg, 704s)
2026-08-25 01:49:10 [iter 7/40] self-play: 80/160 games...
2026-08-25 01:49:15   [GPU] 2,700,011 evals (68389 batches, avg 39/batch = 8% of 512, 3769 evals/s, 272 msg/s, 13.8 leaves/msg, 716s)
2026-08-25 01:49:28   [GPU] 2,750,013 evals (69660 batches, avg 39/batch = 8% of 512, 3769 evals/s, 273 msg/s, 13.8 leaves/msg, 730s)
2026-08-25 01:49:40   [GPU] 2,800,028 evals (70869 batches, avg 40/batch = 8% of 512, 3773 evals/s, 273 msg/s, 13.8 leaves/msg, 742s)
2026-08-25 01:49:52 [iter 7/40] self-play: 85/160 games...
2026-08-25 01:49:52   [GPU] 2,850,008 evals (72035 batches, avg 40/batch = 8% of 512, 3781 evals/s, 273 msg/s, 13.8 leaves/msg, 754s)
2026-08-25 01:50:05   [GPU] 2,900,029 evals (73333 batches, avg 40/batch = 8% of 512, 3780 evals/s, 273 msg/s, 13.8 leaves/msg, 767s)
2026-08-25 01:50:17   [GPU] 2,950,010 evals (74481 batches, avg 40/batch = 8% of 512, 3788 evals/s, 273 msg/s, 13.9 leaves/msg, 779s)
2026-08-25 01:50:28   [GPU] 3,000,006 evals (75608 batches, avg 40/batch = 8% of 512, 3799 evals/s, 274 msg/s, 13.9 leaves/msg, 790s)
2026-08-25 01:50:40   [GPU] 3,050,005 evals (76826 batches, avg 40/batch = 8% of 512, 3804 evals/s, 275 msg/s, 13.9 leaves/msg, 802s)
2026-08-25 01:50:52   [GPU] 3,100,008 evals (78042 batches, avg 40/batch = 8% of 512, 3809 evals/s, 275 msg/s, 13.9 leaves/msg, 814s)
2026-08-25 01:50:55 [iter 7/40] self-play: 90/160 games...
2026-08-25 01:51:06   [GPU] 3,150,009 evals (79368 batches, avg 40/batch = 8% of 512, 3807 evals/s, 275 msg/s, 13.9 leaves/msg, 827s)
2026-08-25 01:51:19   [GPU] 3,200,001 evals (80689 batches, avg 40/batch = 8% of 512, 3806 evals/s, 275 msg/s, 13.9 leaves/msg, 841s)
2026-08-25 01:51:29 [iter 7/40] self-play: 95/160 games...
2026-08-25 01:51:33   [GPU] 3,250,005 evals (82000 batches, avg 40/batch = 8% of 512, 3802 evals/s, 274 msg/s, 13.9 leaves/msg, 855s)
2026-08-25 01:51:46   [GPU] 3,300,023 evals (83280 batches, avg 40/batch = 8% of 512, 3804 evals/s, 275 msg/s, 13.9 leaves/msg, 867s)
2026-08-25 01:52:00   [GPU] 3,350,005 evals (84628 batches, avg 40/batch = 8% of 512, 3798 evals/s, 274 msg/s, 13.9 leaves/msg, 882s)
2026-08-25 01:52:06 [iter 7/40] self-play: 100/160 games...
2026-08-25 01:52:14   [GPU] 3,400,024 evals (86001 batches, avg 40/batch = 8% of 512, 3794 evals/s, 274 msg/s, 13.8 leaves/msg, 896s)
2026-08-25 01:52:30   [GPU] 3,450,057 evals (87490 batches, avg 39/batch = 8% of 512, 3785 evals/s, 273 msg/s, 13.8 leaves/msg, 912s)
2026-08-25 01:52:31 [iter 7/40] self-play: 105/160 games...
2026-08-25 01:52:45   [GPU] 3,500,010 evals (88914 batches, avg 39/batch = 8% of 512, 3777 evals/s, 273 msg/s, 13.8 leaves/msg, 927s)
2026-08-25 01:53:00   [GPU] 3,550,012 evals (90320 batches, avg 39/batch = 8% of 512, 3770 evals/s, 272 msg/s, 13.8 leaves/msg, 942s)
2026-08-25 01:53:08 [iter 7/40] self-play: 110/160 games...
2026-08-25 01:53:17   [GPU] 3,600,059 evals (91854 batches, avg 39/batch = 8% of 512, 3755 evals/s, 271 msg/s, 13.8 leaves/msg, 959s)
2026-08-25 01:53:31   [GPU] 3,650,018 evals (93180 batches, avg 39/batch = 8% of 512, 3751 evals/s, 271 msg/s, 13.9 leaves/msg, 973s)
2026-08-25 01:53:45   [GPU] 3,700,010 evals (94493 batches, avg 39/batch = 8% of 512, 3749 evals/s, 271 msg/s, 13.9 leaves/msg, 987s)
2026-08-25 01:53:55 [iter 7/40] self-play: 115/160 games...
2026-08-25 01:53:59   [GPU] 3,750,012 evals (95788 batches, avg 39/batch = 8% of 512, 3748 evals/s, 270 msg/s, 13.9 leaves/msg, 1001s)
2026-08-25 01:54:10   [GPU] 3,800,042 evals (96950 batches, avg 39/batch = 8% of 512, 3754 evals/s, 271 msg/s, 13.9 leaves/msg, 1012s)
2026-08-25 01:54:23   [GPU] 3,850,031 evals (98223 batches, avg 39/batch = 8% of 512, 3758 evals/s, 271 msg/s, 13.9 leaves/msg, 1025s)
2026-08-25 01:54:35   [GPU] 3,900,018 evals (99482 batches, avg 39/batch = 8% of 512, 3761 evals/s, 271 msg/s, 13.9 leaves/msg, 1037s)
2026-08-25 01:54:47   [GPU] 3,950,024 evals (100687 batches, avg 39/batch = 8% of 512, 3766 evals/s, 271 msg/s, 13.9 leaves/msg, 1049s)
2026-08-25 01:54:59   [GPU] 4,000,017 evals (101879 batches, avg 39/batch = 8% of 512, 3772 evals/s, 272 msg/s, 13.9 leaves/msg, 1061s)
2026-08-25 01:55:10   [GPU] 4,050,026 evals (103016 batches, avg 39/batch = 8% of 512, 3779 evals/s, 272 msg/s, 13.9 leaves/msg, 1072s)
2026-08-25 01:55:22   [GPU] 4,100,015 evals (104215 batches, avg 39/batch = 8% of 512, 3783 evals/s, 272 msg/s, 13.9 leaves/msg, 1084s)
2026-08-25 01:55:35   [GPU] 4,150,021 evals (105467 batches, avg 39/batch = 8% of 512, 3785 evals/s, 272 msg/s, 13.9 leaves/msg, 1096s)
2026-08-25 01:55:46   [GPU] 4,200,057 evals (106586 batches, avg 39/batch = 8% of 512, 3792 evals/s, 273 msg/s, 13.9 leaves/msg, 1108s)
2026-08-25 01:55:53 [iter 7/40] self-play: 120/160 games...
2026-08-25 01:55:57   [GPU] 4,250,022 evals (107720 batches, avg 39/batch = 8% of 512, 3800 evals/s, 273 msg/s, 13.9 leaves/msg, 1119s)
2026-08-25 01:56:09   [GPU] 4,300,043 evals (108931 batches, avg 39/batch = 8% of 512, 3802 evals/s, 273 msg/s, 13.9 leaves/msg, 1131s)
2026-08-25 01:56:21   [GPU] 4,350,070 evals (110093 batches, avg 40/batch = 8% of 512, 3807 evals/s, 274 msg/s, 13.9 leaves/msg, 1143s)
2026-08-25 01:56:32   [GPU] 4,400,022 evals (111208 batches, avg 40/batch = 8% of 512, 3813 evals/s, 274 msg/s, 13.9 leaves/msg, 1154s)
2026-08-25 01:56:43   [GPU] 4,450,028 evals (112313 batches, avg 40/batch = 8% of 512, 3820 evals/s, 274 msg/s, 13.9 leaves/msg, 1165s)
2026-08-25 01:56:55   [GPU] 4,500,004 evals (113497 batches, avg 40/batch = 8% of 512, 3824 evals/s, 275 msg/s, 13.9 leaves/msg, 1177s)
2026-08-25 01:57:06   [GPU] 4,550,037 evals (114626 batches, avg 40/batch = 8% of 512, 3831 evals/s, 275 msg/s, 13.9 leaves/msg, 1188s)
2026-08-25 01:57:12 [iter 7/40] self-play: 125/160 games...
2026-08-25 01:57:18   [GPU] 4,600,008 evals (115843 batches, avg 40/batch = 8% of 512, 3835 evals/s, 276 msg/s, 13.9 leaves/msg, 1199s)
2026-08-25 01:57:28 [iter 7/40] self-play: 130/160 games...
2026-08-25 01:57:30   [GPU] 4,650,056 evals (117116 batches, avg 40/batch = 8% of 512, 3836 evals/s, 276 msg/s, 13.9 leaves/msg, 1212s)
2026-08-25 01:57:45   [GPU] 4,700,003 evals (118568 batches, avg 40/batch = 8% of 512, 3832 evals/s, 276 msg/s, 13.9 leaves/msg, 1226s)
2026-08-25 01:57:53 [iter 7/40] self-play: 135/160 games...
2026-08-25 01:57:59   [GPU] 4,750,025 evals (120011 batches, avg 40/batch = 8% of 512, 3827 evals/s, 276 msg/s, 13.9 leaves/msg, 1241s)
2026-08-25 01:58:11 [iter 7/40] self-play: 140/160 games...
2026-08-25 01:58:16   [GPU] 4,800,000 evals (121640 batches, avg 39/batch = 8% of 512, 3816 evals/s, 276 msg/s, 13.8 leaves/msg, 1258s)
2026-08-25 01:58:31 [iter 7/40] self-play: 145/160 games...
2026-08-25 01:58:33   [GPU] 4,850,005 evals (123274 batches, avg 39/batch = 8% of 512, 3803 evals/s, 275 msg/s, 13.8 leaves/msg, 1275s)
2026-08-25 01:58:51 [iter 7/40] self-play: 150/160 games...
2026-08-25 01:58:52   [GPU] 4,900,020 evals (124932 batches, avg 39/batch = 8% of 512, 3788 evals/s, 274 msg/s, 13.8 leaves/msg, 1294s)
2026-08-25 01:59:10   [GPU] 4,950,013 evals (126479 batches, avg 39/batch = 8% of 512, 3772 evals/s, 272 msg/s, 13.8 leaves/msg, 1312s)
2026-08-25 01:59:24   [GPU] 5,000,031 evals (127791 batches, avg 39/batch = 8% of 512, 3771 evals/s, 272 msg/s, 13.8 leaves/msg, 1326s)
2026-08-25 01:59:39   [GPU] 5,050,009 evals (129116 batches, avg 39/batch = 8% of 512, 3768 evals/s, 272 msg/s, 13.9 leaves/msg, 1340s)
2026-08-25 01:59:53   [GPU] 5,100,047 evals (130476 batches, avg 39/batch = 8% of 512, 3764 evals/s, 272 msg/s, 13.9 leaves/msg, 1355s)
2026-08-25 02:00:07   [GPU] 5,150,021 evals (131749 batches, avg 39/batch = 8% of 512, 3763 evals/s, 271 msg/s, 13.9 leaves/msg, 1368s)
2026-08-25 02:00:20   [GPU] 5,200,020 evals (133011 batches, avg 39/batch = 8% of 512, 3764 evals/s, 271 msg/s, 13.9 leaves/msg, 1382s)
2026-08-25 02:00:32   [GPU] 5,250,063 evals (134228 batches, avg 39/batch = 8% of 512, 3766 evals/s, 271 msg/s, 13.9 leaves/msg, 1394s)
2026-08-25 02:00:45   [GPU] 5,300,011 evals (135439 batches, avg 39/batch = 8% of 512, 3768 evals/s, 272 msg/s, 13.9 leaves/msg, 1406s)
2026-08-25 02:00:57   [GPU] 5,350,011 evals (136638 batches, avg 39/batch = 8% of 512, 3771 evals/s, 272 msg/s, 13.9 leaves/msg, 1419s)
2026-08-25 02:01:10   [GPU] 5,400,031 evals (137840 batches, avg 39/batch = 8% of 512, 3773 evals/s, 272 msg/s, 13.9 leaves/msg, 1431s)
2026-08-25 02:01:23   [GPU] 5,450,017 evals (139120 batches, avg 39/batch = 8% of 512, 3772 evals/s, 272 msg/s, 13.9 leaves/msg, 1445s)
2026-08-25 02:01:38   [GPU] 5,500,029 evals (140517 batches, avg 39/batch = 8% of 512, 3768 evals/s, 271 msg/s, 13.9 leaves/msg, 1460s)
2026-08-25 02:01:53   [GPU] 5,550,021 evals (141920 batches, avg 39/batch = 8% of 512, 3764 evals/s, 271 msg/s, 13.9 leaves/msg, 1474s)
2026-08-25 02:02:07   [GPU] 5,600,003 evals (143308 batches, avg 39/batch = 8% of 512, 3761 evals/s, 270 msg/s, 13.9 leaves/msg, 1489s)
2026-08-25 02:02:22   [GPU] 5,650,005 evals (144690 batches, avg 39/batch = 8% of 512, 3757 evals/s, 270 msg/s, 13.9 leaves/msg, 1504s)
2026-08-25 02:02:36   [GPU] 5,700,007 evals (146028 batches, avg 39/batch = 8% of 512, 3755 evals/s, 270 msg/s, 13.9 leaves/msg, 1518s)
2026-08-25 02:02:50   [GPU] 5,750,024 evals (147344 batches, avg 39/batch = 8% of 512, 3754 evals/s, 270 msg/s, 13.9 leaves/msg, 1532s)
2026-08-25 02:02:57 [iter 7/40] self-play: 155/160 games...
2026-08-25 02:03:05   [GPU] 5,800,032 evals (148821 batches, avg 39/batch = 8% of 512, 3749 evals/s, 269 msg/s, 13.9 leaves/msg, 1547s)
2026-08-25 02:03:26   [GPU] 5,850,011 evals (150624 batches, avg 39/batch = 8% of 512, 3732 evals/s, 268 msg/s, 13.9 leaves/msg, 1567s)
2026-08-25 02:03:47   [GPU] 5,900,005 evals (152448 batches, avg 39/batch = 8% of 512, 3714 evals/s, 267 msg/s, 13.9 leaves/msg, 1588s)
2026-08-25 02:04:07   [GPU] 5,950,021 evals (154277 batches, avg 39/batch = 8% of 512, 3697 evals/s, 266 msg/s, 13.9 leaves/msg, 1609s)
2026-08-25 02:04:48   [GPU] 6,000,006 evals (157070 batches, avg 38/batch = 7% of 512, 3636 evals/s, 262 msg/s, 13.9 leaves/msg, 1650s)
2026-08-25 02:05:11 [iter 7/40] self-play: 160/160 games...
2026-08-25 02:05:11 [iter 7/40] self-play done: 160 games (1673s) | wins: P0=29, P1=48, P2=23, P3=40, draw=20 | draw_rate=12% avg_len~27
2026-08-25 02:05:11 [iter 7/40] search: expanded=8.0 actions/node visits/action=74.6 walls/game=5.45 first_wall_ply=2.577 learner_sims/s=3839.54
2026-08-25 02:05:11 [iter 7/40] training (600 steps, lr=9.51e-04)...
2026-08-25 02:05:19 [iter 7/40] training done: loss_p=1.332 loss_v=0.137 (8s)
2026-08-25 02:05:20 [iter 7/40] data: policy_wall_mass=0.119 walled_states=66% walls_on_board=18.8 value_mae walled=0.224 free=0.380
2026-08-25 02:05:21 [iter 7/40] eval skipped (eval_every=4)
2026-08-25 02:05:21 >>> iter 7 | loss_p=1.332 loss_v=0.137 | vs_best=n/a (not evaluated) | vs_rand=n/a | draw=12% | buf=58080 | rss=2.65GB | sp=1673s train=8s eval_best=0s eval_rand=0s | total=1682s
2026-08-25 02:05:21 [iter 8/40] self-play starting (160 games, 600 sims, MIXED 80/160 race-only)...
2026-08-25 02:05:21 [PARALLEL-MP] 8 workers spawned (160 games, sims=600), GPU batcher starting...
2026-08-25 02:05:38   [GPU] 50,023 evals (1444 batches, avg 35/batch = 7% of 512, 2925 evals/s, 214 msg/s, 13.7 leaves/msg, 17s)
2026-08-25 02:05:39 [iter 8/40] self-play: 5/160 games...
2026-08-25 02:05:54   [GPU] 100,000 evals (2999 batches, avg 33/batch = 7% of 512, 3006 evals/s, 231 msg/s, 13.0 leaves/msg, 33s)
2026-08-25 02:05:54 [iter 8/40] self-play: 10/160 games...
2026-08-25 02:06:12   [GPU] 150,021 evals (4682 batches, avg 32/batch = 6% of 512, 2905 evals/s, 221 msg/s, 13.1 leaves/msg, 52s)
2026-08-25 02:06:14 [iter 8/40] self-play: 15/160 games...
2026-08-25 02:06:33   [GPU] 200,027 evals (6429 batches, avg 31/batch = 6% of 512, 2781 evals/s, 211 msg/s, 13.2 leaves/msg, 72s)
2026-08-25 02:06:52   [GPU] 250,035 evals (8063 batches, avg 31/batch = 6% of 512, 2723 evals/s, 202 msg/s, 13.5 leaves/msg, 92s)
2026-08-25 02:07:00 [iter 8/40] self-play: 20/160 games...
2026-08-25 02:07:10   [GPU] 300,006 evals (9604 batches, avg 31/batch = 6% of 512, 2744 evals/s, 202 msg/s, 13.6 leaves/msg, 109s)
2026-08-25 02:07:27   [GPU] 350,002 evals (11065 batches, avg 32/batch = 6% of 512, 2773 evals/s, 202 msg/s, 13.8 leaves/msg, 126s)
2026-08-25 02:07:42   [GPU] 400,005 evals (12440 batches, avg 32/batch = 6% of 512, 2831 evals/s, 206 msg/s, 13.7 leaves/msg, 141s)
2026-08-25 02:07:57   [GPU] 450,021 evals (13828 batches, avg 33/batch = 6% of 512, 2873 evals/s, 208 msg/s, 13.8 leaves/msg, 157s)
2026-08-25 02:08:10   [GPU] 500,037 evals (15049 batches, avg 33/batch = 6% of 512, 2960 evals/s, 213 msg/s, 13.9 leaves/msg, 169s)
2026-08-25 02:08:18 [iter 8/40] self-play: 25/160 games...
2026-08-25 02:08:23   [GPU] 550,039 evals (16274 batches, avg 34/batch = 7% of 512, 3022 evals/s, 218 msg/s, 13.9 leaves/msg, 182s)
2026-08-25 02:08:36   [GPU] 600,029 evals (17474 batches, avg 34/batch = 7% of 512, 3076 evals/s, 220 msg/s, 14.0 leaves/msg, 195s)
2026-08-25 02:08:48   [GPU] 650,041 evals (18668 batches, avg 35/batch = 7% of 512, 3128 evals/s, 223 msg/s, 14.0 leaves/msg, 208s)
2026-08-25 02:09:01   [GPU] 700,037 evals (19835 batches, avg 35/batch = 7% of 512, 3180 evals/s, 226 msg/s, 14.1 leaves/msg, 220s)
2026-08-25 02:09:12   [GPU] 750,036 evals (20969 batches, avg 36/batch = 7% of 512, 3236 evals/s, 230 msg/s, 14.1 leaves/msg, 232s)
2026-08-25 02:09:23   [GPU] 800,061 evals (22029 batches, avg 36/batch = 7% of 512, 3298 evals/s, 233 msg/s, 14.1 leaves/msg, 243s)
2026-08-25 02:09:33   [GPU] 850,043 evals (23049 batches, avg 37/batch = 7% of 512, 3363 evals/s, 238 msg/s, 14.1 leaves/msg, 253s)
2026-08-25 02:09:43   [GPU] 900,041 evals (24052 batches, avg 37/batch = 7% of 512, 3426 evals/s, 242 msg/s, 14.2 leaves/msg, 263s)
2026-08-25 02:09:53   [GPU] 950,044 evals (25038 batches, avg 38/batch = 7% of 512, 3487 evals/s, 246 msg/s, 14.2 leaves/msg, 272s)
2026-08-25 02:10:03   [GPU] 1,000,018 evals (26011 batches, avg 38/batch = 8% of 512, 3544 evals/s, 250 msg/s, 14.2 leaves/msg, 282s)
2026-08-25 02:10:13   [GPU] 1,050,025 evals (26999 batches, avg 39/batch = 8% of 512, 3597 evals/s, 253 msg/s, 14.2 leaves/msg, 292s)
2026-08-25 02:10:22   [GPU] 1,100,072 evals (27978 batches, avg 39/batch = 8% of 512, 3645 evals/s, 256 msg/s, 14.2 leaves/msg, 302s)
2026-08-25 02:10:32   [GPU] 1,150,025 evals (28942 batches, avg 40/batch = 8% of 512, 3692 evals/s, 259 msg/s, 14.2 leaves/msg, 311s)
2026-08-25 02:10:42   [GPU] 1,200,023 evals (29934 batches, avg 40/batch = 8% of 512, 3736 evals/s, 263 msg/s, 14.2 leaves/msg, 321s)
2026-08-25 02:10:53   [GPU] 1,250,042 evals (31013 batches, avg 40/batch = 8% of 512, 3764 evals/s, 265 msg/s, 14.2 leaves/msg, 332s)
2026-08-25 02:11:03   [GPU] 1,300,073 evals (32031 batches, avg 41/batch = 8% of 512, 3803 evals/s, 268 msg/s, 14.2 leaves/msg, 342s)
2026-08-25 02:11:10 [iter 8/40] self-play: 30/160 games...
2026-08-25 02:11:14   [GPU] 1,350,058 evals (33149 batches, avg 41/batch = 8% of 512, 3822 evals/s, 270 msg/s, 14.2 leaves/msg, 353s)
2026-08-25 02:11:26   [GPU] 1,400,055 evals (34329 batches, avg 41/batch = 8% of 512, 3831 evals/s, 271 msg/s, 14.2 leaves/msg, 365s)
2026-08-25 02:11:37   [GPU] 1,450,001 evals (35435 batches, avg 41/batch = 8% of 512, 3853 evals/s, 272 msg/s, 14.2 leaves/msg, 376s)
2026-08-25 02:11:50   [GPU] 1,500,046 evals (36699 batches, avg 41/batch = 8% of 512, 3854 evals/s, 273 msg/s, 14.1 leaves/msg, 389s)
2026-08-25 02:11:51 [iter 8/40] self-play: 35/160 games...
2026-08-25 02:12:02   [GPU] 1,550,015 evals (37960 batches, avg 41/batch = 8% of 512, 3858 evals/s, 273 msg/s, 14.1 leaves/msg, 402s)
2026-08-25 02:12:13 [iter 8/40] self-play: 40/160 games...
2026-08-25 02:12:16   [GPU] 1,600,020 evals (39289 batches, avg 41/batch = 8% of 512, 3853 evals/s, 273 msg/s, 14.1 leaves/msg, 415s)
2026-08-25 02:12:31   [GPU] 1,650,011 evals (40710 batches, avg 41/batch = 8% of 512, 3836 evals/s, 273 msg/s, 14.1 leaves/msg, 430s)
2026-08-25 02:12:44 [iter 8/40] self-play: 45/160 games...
2026-08-25 02:12:45   [GPU] 1,700,033 evals (42097 batches, avg 40/batch = 8% of 512, 3824 evals/s, 272 msg/s, 14.1 leaves/msg, 445s)
2026-08-25 02:13:01   [GPU] 1,750,013 evals (43569 batches, avg 40/batch = 8% of 512, 3800 evals/s, 270 msg/s, 14.1 leaves/msg, 461s)
2026-08-25 02:13:06 [iter 8/40] self-play: 50/160 games...
2026-08-25 02:13:19   [GPU] 1,800,031 evals (45120 batches, avg 40/batch = 8% of 512, 3765 evals/s, 268 msg/s, 14.1 leaves/msg, 478s)
2026-08-25 02:13:35   [GPU] 1,850,033 evals (46647 batches, avg 40/batch = 8% of 512, 3743 evals/s, 266 msg/s, 14.0 leaves/msg, 494s)
2026-08-25 02:13:51 [iter 8/40] self-play: 55/160 games...
2026-08-25 02:13:53   [GPU] 1,900,036 evals (48170 batches, avg 39/batch = 8% of 512, 3708 evals/s, 263 msg/s, 14.1 leaves/msg, 512s)
2026-08-25 02:14:07   [GPU] 1,950,027 evals (49537 batches, avg 39/batch = 8% of 512, 3701 evals/s, 263 msg/s, 14.1 leaves/msg, 527s)
2026-08-25 02:14:23   [GPU] 2,000,001 evals (50912 batches, avg 39/batch = 8% of 512, 3691 evals/s, 262 msg/s, 14.1 leaves/msg, 542s)
2026-08-25 02:14:38   [GPU] 2,050,005 evals (52286 batches, avg 39/batch = 8% of 512, 3679 evals/s, 261 msg/s, 14.1 leaves/msg, 557s)
2026-08-25 02:14:53   [GPU] 2,100,017 evals (53675 batches, avg 39/batch = 8% of 512, 3667 evals/s, 260 msg/s, 14.1 leaves/msg, 573s)
2026-08-25 02:15:09   [GPU] 2,150,038 evals (55047 batches, avg 39/batch = 8% of 512, 3656 evals/s, 259 msg/s, 14.1 leaves/msg, 588s)
2026-08-25 02:15:22   [GPU] 2,200,031 evals (56289 batches, avg 39/batch = 8% of 512, 3658 evals/s, 258 msg/s, 14.2 leaves/msg, 602s)
2026-08-25 02:15:27 [iter 8/40] self-play: 60/160 games...
2026-08-25 02:15:36   [GPU] 2,250,061 evals (57613 batches, avg 39/batch = 8% of 512, 3654 evals/s, 258 msg/s, 14.1 leaves/msg, 616s)
2026-08-25 02:15:50   [GPU] 2,300,063 evals (58923 batches, avg 39/batch = 8% of 512, 3654 evals/s, 258 msg/s, 14.2 leaves/msg, 630s)
2026-08-25 02:16:02   [GPU] 2,350,046 evals (60134 batches, avg 39/batch = 8% of 512, 3664 evals/s, 259 msg/s, 14.2 leaves/msg, 641s)
2026-08-25 02:16:14   [GPU] 2,400,026 evals (61334 batches, avg 39/batch = 8% of 512, 3675 evals/s, 259 msg/s, 14.2 leaves/msg, 653s)
2026-08-25 02:16:25   [GPU] 2,450,018 evals (62556 batches, avg 39/batch = 8% of 512, 3685 evals/s, 260 msg/s, 14.2 leaves/msg, 665s)
2026-08-25 02:16:37   [GPU] 2,500,030 evals (63746 batches, avg 39/batch = 8% of 512, 3697 evals/s, 260 msg/s, 14.2 leaves/msg, 676s)
2026-08-25 02:16:48   [GPU] 2,550,005 evals (64895 batches, avg 39/batch = 8% of 512, 3710 evals/s, 261 msg/s, 14.2 leaves/msg, 687s)
2026-08-25 02:16:59   [GPU] 2,600,009 evals (65970 batches, avg 39/batch = 8% of 512, 3725 evals/s, 262 msg/s, 14.2 leaves/msg, 698s)
2026-08-25 02:17:10   [GPU] 2,650,000 evals (67009 batches, avg 40/batch = 8% of 512, 3737 evals/s, 263 msg/s, 14.2 leaves/msg, 709s)
2026-08-25 02:17:21   [GPU] 2,700,061 evals (68123 batches, avg 40/batch = 8% of 512, 3748 evals/s, 263 msg/s, 14.2 leaves/msg, 720s)
2026-08-25 02:17:32   [GPU] 2,750,055 evals (69222 batches, avg 40/batch = 8% of 512, 3761 evals/s, 264 msg/s, 14.2 leaves/msg, 731s)
2026-08-25 02:17:42   [GPU] 2,800,020 evals (70241 batches, avg 40/batch = 8% of 512, 3778 evals/s, 265 msg/s, 14.2 leaves/msg, 741s)
2026-08-25 02:17:52   [GPU] 2,850,012 evals (71264 batches, avg 40/batch = 8% of 512, 3792 evals/s, 266 msg/s, 14.2 leaves/msg, 752s)
2026-08-25 02:17:54 [iter 8/40] self-play: 65/160 games...
2026-08-25 02:18:03   [GPU] 2,900,014 evals (72375 batches, avg 40/batch = 8% of 512, 3803 evals/s, 267 msg/s, 14.2 leaves/msg, 763s)
2026-08-25 02:18:15   [GPU] 2,950,016 evals (73522 batches, avg 40/batch = 8% of 512, 3812 evals/s, 268 msg/s, 14.2 leaves/msg, 774s)
2026-08-25 02:18:27   [GPU] 3,000,067 evals (74668 batches, avg 40/batch = 8% of 512, 3816 evals/s, 268 msg/s, 14.2 leaves/msg, 786s)
2026-08-25 02:18:37   [GPU] 3,050,010 evals (75753 batches, avg 40/batch = 8% of 512, 3828 evals/s, 269 msg/s, 14.2 leaves/msg, 797s)
2026-08-25 02:18:42 [iter 8/40] self-play: 70/160 games...
2026-08-25 02:18:50   [GPU] 3,100,014 evals (76989 batches, avg 40/batch = 8% of 512, 3831 evals/s, 270 msg/s, 14.2 leaves/msg, 809s)
2026-08-25 02:19:02   [GPU] 3,150,003 evals (78197 batches, avg 40/batch = 8% of 512, 3834 evals/s, 270 msg/s, 14.2 leaves/msg, 822s)
2026-08-25 02:19:13   [GPU] 3,200,058 evals (79303 batches, avg 40/batch = 8% of 512, 3844 evals/s, 270 msg/s, 14.2 leaves/msg, 833s)
2026-08-25 02:19:19 [iter 8/40] self-play: 75/160 games...
2026-08-25 02:19:27   [GPU] 3,250,047 evals (80586 batches, avg 40/batch = 8% of 512, 3842 evals/s, 271 msg/s, 14.2 leaves/msg, 846s)
2026-08-25 02:19:39   [GPU] 3,300,027 evals (81840 batches, avg 40/batch = 8% of 512, 3843 evals/s, 271 msg/s, 14.2 leaves/msg, 859s)
2026-08-25 02:19:54   [GPU] 3,350,009 evals (83168 batches, avg 40/batch = 8% of 512, 3836 evals/s, 270 msg/s, 14.2 leaves/msg, 873s)
2026-08-25 02:20:06 [iter 8/40] self-play: 80/160 games...
2026-08-25 02:20:06   [GPU] 3,400,039 evals (84398 batches, avg 40/batch = 8% of 512, 3839 evals/s, 271 msg/s, 14.2 leaves/msg, 886s)
2026-08-25 02:20:19   [GPU] 3,450,031 evals (85702 batches, avg 40/batch = 8% of 512, 3839 evals/s, 271 msg/s, 14.2 leaves/msg, 899s)
2026-08-25 02:20:26 [iter 8/40] self-play: 85/160 games...
2026-08-25 02:20:33   [GPU] 3,500,015 evals (87010 batches, avg 40/batch = 8% of 512, 3836 evals/s, 271 msg/s, 14.2 leaves/msg, 912s)
2026-08-25 02:20:46   [GPU] 3,550,038 evals (88323 batches, avg 40/batch = 8% of 512, 3838 evals/s, 271 msg/s, 14.2 leaves/msg, 925s)
2026-08-25 02:20:57   [GPU] 3,600,033 evals (89502 batches, avg 40/batch = 8% of 512, 3845 evals/s, 271 msg/s, 14.2 leaves/msg, 936s)
2026-08-25 02:20:59 [iter 8/40] self-play: 90/160 games...
2026-08-25 02:21:10   [GPU] 3,650,058 evals (90865 batches, avg 40/batch = 8% of 512, 3843 evals/s, 272 msg/s, 14.2 leaves/msg, 950s)
2026-08-25 02:21:24   [GPU] 3,700,037 evals (92202 batches, avg 40/batch = 8% of 512, 3842 evals/s, 272 msg/s, 14.1 leaves/msg, 963s)
2026-08-25 02:21:35 [iter 8/40] self-play: 95/160 games...
2026-08-25 02:21:37   [GPU] 3,750,004 evals (93546 batches, avg 40/batch = 8% of 512, 3842 evals/s, 271 msg/s, 14.2 leaves/msg, 976s)
2026-08-25 02:21:47   [GPU] 3,800,023 evals (94652 batches, avg 40/batch = 8% of 512, 3851 evals/s, 272 msg/s, 14.2 leaves/msg, 987s)
2026-08-25 02:21:59   [GPU] 3,850,015 evals (95852 batches, avg 40/batch = 8% of 512, 3857 evals/s, 273 msg/s, 14.1 leaves/msg, 998s)
2026-08-25 02:22:12   [GPU] 3,900,028 evals (97087 batches, avg 40/batch = 8% of 512, 3857 evals/s, 273 msg/s, 14.1 leaves/msg, 1011s)
2026-08-25 02:22:23   [GPU] 3,950,007 evals (98274 batches, avg 40/batch = 8% of 512, 3864 evals/s, 273 msg/s, 14.2 leaves/msg, 1022s)
2026-08-25 02:22:25 [iter 8/40] self-play: 100/160 games...
2026-08-25 02:22:35   [GPU] 4,000,017 evals (99499 batches, avg 40/batch = 8% of 512, 3867 evals/s, 273 msg/s, 14.2 leaves/msg, 1034s)
2026-08-25 02:22:48   [GPU] 4,050,014 evals (100733 batches, avg 40/batch = 8% of 512, 3868 evals/s, 273 msg/s, 14.2 leaves/msg, 1047s)
2026-08-25 02:23:00   [GPU] 4,100,004 evals (101939 batches, avg 40/batch = 8% of 512, 3871 evals/s, 273 msg/s, 14.2 leaves/msg, 1059s)
2026-08-25 02:23:12   [GPU] 4,150,058 evals (103090 batches, avg 40/batch = 8% of 512, 3875 evals/s, 273 msg/s, 14.2 leaves/msg, 1071s)
2026-08-25 02:23:23   [GPU] 4,200,033 evals (104215 batches, avg 40/batch = 8% of 512, 3880 evals/s, 274 msg/s, 14.2 leaves/msg, 1083s)
2026-08-25 02:23:35   [GPU] 4,250,035 evals (105333 batches, avg 40/batch = 8% of 512, 3884 evals/s, 274 msg/s, 14.2 leaves/msg, 1094s)
2026-08-25 02:23:47   [GPU] 4,300,037 evals (106464 batches, avg 40/batch = 8% of 512, 3887 evals/s, 274 msg/s, 14.2 leaves/msg, 1106s)
2026-08-25 02:23:58   [GPU] 4,350,019 evals (107573 batches, avg 40/batch = 8% of 512, 3892 evals/s, 274 msg/s, 14.2 leaves/msg, 1118s)
2026-08-25 02:24:05 [iter 8/40] self-play: 105/160 games...
2026-08-25 02:24:09   [GPU] 4,400,055 evals (108625 batches, avg 41/batch = 8% of 512, 3900 evals/s, 275 msg/s, 14.2 leaves/msg, 1128s)
2026-08-25 02:24:21   [GPU] 4,450,029 evals (109742 batches, avg 41/batch = 8% of 512, 3904 evals/s, 275 msg/s, 14.2 leaves/msg, 1140s)
2026-08-25 02:24:23 [iter 8/40] self-play: 110/160 games...
2026-08-25 02:24:33   [GPU] 4,500,062 evals (110930 batches, avg 41/batch = 8% of 512, 3905 evals/s, 276 msg/s, 14.2 leaves/msg, 1152s)
2026-08-25 02:24:45   [GPU] 4,550,037 evals (112073 batches, avg 41/batch = 8% of 512, 3908 evals/s, 276 msg/s, 14.2 leaves/msg, 1164s)
2026-08-25 02:24:59   [GPU] 4,600,018 evals (113347 batches, avg 41/batch = 8% of 512, 3905 evals/s, 276 msg/s, 14.2 leaves/msg, 1178s)
2026-08-25 02:25:02 [iter 8/40] self-play: 115/160 games...
2026-08-25 02:25:11   [GPU] 4,650,063 evals (114533 batches, avg 41/batch = 8% of 512, 3907 evals/s, 276 msg/s, 14.2 leaves/msg, 1190s)
2026-08-25 02:25:23   [GPU] 4,700,005 evals (115726 batches, avg 41/batch = 8% of 512, 3909 evals/s, 276 msg/s, 14.2 leaves/msg, 1202s)
2026-08-25 02:25:37   [GPU] 4,750,047 evals (117073 batches, avg 41/batch = 8% of 512, 3905 evals/s, 276 msg/s, 14.2 leaves/msg, 1216s)
2026-08-25 02:25:38 [iter 8/40] self-play: 120/160 games...
2026-08-25 02:25:50   [GPU] 4,800,012 evals (118370 batches, avg 41/batch = 8% of 512, 3903 evals/s, 276 msg/s, 14.2 leaves/msg, 1230s)
2026-08-25 02:26:05   [GPU] 4,850,011 evals (119726 batches, avg 41/batch = 8% of 512, 3898 evals/s, 275 msg/s, 14.2 leaves/msg, 1244s)
2026-08-25 02:26:08 [iter 8/40] self-play: 125/160 games...
2026-08-25 02:26:19   [GPU] 4,900,023 evals (121072 batches, avg 40/batch = 8% of 512, 3893 evals/s, 275 msg/s, 14.2 leaves/msg, 1259s)
2026-08-25 02:26:35   [GPU] 4,950,030 evals (122509 batches, avg 40/batch = 8% of 512, 3883 evals/s, 274 msg/s, 14.2 leaves/msg, 1275s)
2026-08-25 02:26:49   [GPU] 5,000,012 evals (123777 batches, avg 40/batch = 8% of 512, 3882 evals/s, 274 msg/s, 14.2 leaves/msg, 1288s)
2026-08-25 02:27:03   [GPU] 5,050,024 evals (125095 batches, avg 40/batch = 8% of 512, 3878 evals/s, 274 msg/s, 14.2 leaves/msg, 1302s)
2026-08-25 02:27:17   [GPU] 5,100,002 evals (126390 batches, avg 40/batch = 8% of 512, 3875 evals/s, 273 msg/s, 14.2 leaves/msg, 1316s)
2026-08-25 02:27:21 [iter 8/40] self-play: 130/160 games...
2026-08-25 02:27:31   [GPU] 5,150,039 evals (127663 batches, avg 40/batch = 8% of 512, 3873 evals/s, 273 msg/s, 14.2 leaves/msg, 1330s)
2026-08-25 02:27:42   [GPU] 5,200,003 evals (128777 batches, avg 40/batch = 8% of 512, 3876 evals/s, 273 msg/s, 14.2 leaves/msg, 1342s)
2026-08-25 02:27:53   [GPU] 5,250,003 evals (129868 batches, avg 40/batch = 8% of 512, 3881 evals/s, 274 msg/s, 14.2 leaves/msg, 1353s)
2026-08-25 02:28:05   [GPU] 5,300,023 evals (131002 batches, avg 40/batch = 8% of 512, 3884 evals/s, 274 msg/s, 14.2 leaves/msg, 1365s)
2026-08-25 02:28:17   [GPU] 5,350,025 evals (132140 batches, avg 40/batch = 8% of 512, 3886 evals/s, 274 msg/s, 14.2 leaves/msg, 1377s)
2026-08-25 02:28:29   [GPU] 5,400,007 evals (133238 batches, avg 41/batch = 8% of 512, 3890 evals/s, 274 msg/s, 14.2 leaves/msg, 1388s)
2026-08-25 02:28:41   [GPU] 5,450,010 evals (134337 batches, avg 41/batch = 8% of 512, 3893 evals/s, 274 msg/s, 14.2 leaves/msg, 1400s)
2026-08-25 02:28:52   [GPU] 5,500,020 evals (135431 batches, avg 41/batch = 8% of 512, 3897 evals/s, 275 msg/s, 14.2 leaves/msg, 1411s)
2026-08-25 02:29:03   [GPU] 5,550,012 evals (136521 batches, avg 41/batch = 8% of 512, 3901 evals/s, 275 msg/s, 14.2 leaves/msg, 1423s)
2026-08-25 02:29:15   [GPU] 5,600,033 evals (137610 batches, avg 41/batch = 8% of 512, 3905 evals/s, 275 msg/s, 14.2 leaves/msg, 1434s)
2026-08-25 02:29:26   [GPU] 5,650,029 evals (138649 batches, avg 41/batch = 8% of 512, 3910 evals/s, 275 msg/s, 14.2 leaves/msg, 1445s)
2026-08-25 02:29:36   [GPU] 5,700,001 evals (139630 batches, avg 41/batch = 8% of 512, 3917 evals/s, 276 msg/s, 14.2 leaves/msg, 1455s)
2026-08-25 02:29:46   [GPU] 5,750,002 evals (140596 batches, avg 41/batch = 8% of 512, 3925 evals/s, 276 msg/s, 14.2 leaves/msg, 1465s)
2026-08-25 02:29:56   [GPU] 5,800,058 evals (141571 batches, avg 41/batch = 8% of 512, 3931 evals/s, 277 msg/s, 14.2 leaves/msg, 1475s)
2026-08-25 02:30:06   [GPU] 5,850,035 evals (142552 batches, avg 41/batch = 8% of 512, 3938 evals/s, 277 msg/s, 14.2 leaves/msg, 1486s)
2026-08-25 02:30:17   [GPU] 5,900,051 evals (143610 batches, avg 41/batch = 8% of 512, 3942 evals/s, 277 msg/s, 14.2 leaves/msg, 1497s)
2026-08-25 02:30:23 [iter 8/40] self-play: 135/160 games...
2026-08-25 02:30:28   [GPU] 5,950,021 evals (144614 batches, avg 41/batch = 8% of 512, 3949 evals/s, 278 msg/s, 14.2 leaves/msg, 1507s)
2026-08-25 02:30:38   [GPU] 6,000,009 evals (145635 batches, avg 41/batch = 8% of 512, 3955 evals/s, 278 msg/s, 14.2 leaves/msg, 1517s)
2026-08-25 02:30:50   [GPU] 6,050,000 evals (146830 batches, avg 41/batch = 8% of 512, 3956 evals/s, 279 msg/s, 14.2 leaves/msg, 1529s)
2026-08-25 02:30:57 [iter 8/40] self-play: 140/160 games...
2026-08-25 02:31:02   [GPU] 6,100,060 evals (147990 batches, avg 41/batch = 8% of 512, 3958 evals/s, 279 msg/s, 14.2 leaves/msg, 1541s)
2026-08-25 02:31:16   [GPU] 6,150,021 evals (149298 batches, avg 41/batch = 8% of 512, 3955 evals/s, 279 msg/s, 14.2 leaves/msg, 1555s)
2026-08-25 02:31:23 [iter 8/40] self-play: 145/160 games...
2026-08-25 02:31:29   [GPU] 6,200,001 evals (150582 batches, avg 41/batch = 8% of 512, 3953 evals/s, 279 msg/s, 14.2 leaves/msg, 1569s)
2026-08-25 02:31:45   [GPU] 6,250,079 evals (152004 batches, avg 41/batch = 8% of 512, 3945 evals/s, 278 msg/s, 14.2 leaves/msg, 1584s)
2026-08-25 02:31:58 [iter 8/40] self-play: 150/160 games...
2026-08-25 02:32:00   [GPU] 6,300,028 evals (153434 batches, avg 41/batch = 8% of 512, 3939 evals/s, 278 msg/s, 14.2 leaves/msg, 1599s)
2026-08-25 02:32:16   [GPU] 6,350,019 evals (154953 batches, avg 41/batch = 8% of 512, 3930 evals/s, 277 msg/s, 14.2 leaves/msg, 1616s)
2026-08-25 02:32:21 [iter 8/40] self-play: 155/160 games...
2026-08-25 02:32:40   [GPU] 6,400,005 evals (156847 batches, avg 41/batch = 8% of 512, 3904 evals/s, 276 msg/s, 14.2 leaves/msg, 1639s)
2026-08-25 02:33:01   [GPU] 6,450,023 evals (158536 batches, avg 41/batch = 8% of 512, 3885 evals/s, 274 msg/s, 14.2 leaves/msg, 1660s)
2026-08-25 02:33:21   [GPU] 6,500,003 evals (160208 batches, avg 41/batch = 8% of 512, 3868 evals/s, 273 msg/s, 14.2 leaves/msg, 1681s)
2026-08-25 02:33:46   [GPU] 6,550,030 evals (162194 batches, avg 40/batch = 8% of 512, 3840 evals/s, 271 msg/s, 14.2 leaves/msg, 1706s)
2026-08-25 02:34:16   [GPU] 6,600,016 evals (164389 batches, avg 40/batch = 8% of 512, 3803 evals/s, 268 msg/s, 14.2 leaves/msg, 1735s)
2026-08-25 02:34:42   [GPU] 6,650,012 evals (166510 batches, avg 40/batch = 8% of 512, 3776 evals/s, 266 msg/s, 14.2 leaves/msg, 1761s)
2026-08-25 02:35:07   [GPU] 6,700,003 evals (168595 batches, avg 40/batch = 8% of 512, 3750 evals/s, 265 msg/s, 14.2 leaves/msg, 1787s)
2026-08-25 02:35:33   [GPU] 6,750,013 evals (170712 batches, avg 40/batch = 8% of 512, 3725 evals/s, 263 msg/s, 14.2 leaves/msg, 1812s)
2026-08-25 02:35:58   [GPU] 6,800,004 evals (172790 batches, avg 39/batch = 8% of 512, 3701 evals/s, 261 msg/s, 14.2 leaves/msg, 1838s)
2026-08-25 02:36:24   [GPU] 6,850,018 evals (174886 batches, avg 39/batch = 8% of 512, 3676 evals/s, 259 msg/s, 14.2 leaves/msg, 1863s)
2026-08-25 02:36:55   [GPU] 6,900,031 evals (177317 batches, avg 39/batch = 8% of 512, 3642 evals/s, 257 msg/s, 14.2 leaves/msg, 1895s)
2026-08-25 02:38:58   [GPU] 6,950,002 evals (180879 batches, avg 38/batch = 8% of 512, 3445 evals/s, 243 msg/s, 14.2 leaves/msg, 2017s)
2026-08-25 02:38:58 [iter 8/40] self-play: 160/160 games...
2026-08-25 02:38:58 [iter 8/40] self-play done: 160 games (2018s) | wins: P0=33, P1=47, P2=19, P3=35, draw=26 | draw_rate=16% avg_len~25
2026-08-25 02:38:58 [iter 8/40] search: expanded=8.1 actions/node visits/action=73.8 walls/game=5.44 first_wall_ply=2.949 learner_sims/s=3645.56
2026-08-25 02:38:58 [iter 8/40] training (600 steps, lr=9.34e-04)...
2026-08-25 02:39:06 [iter 8/40] training done: loss_p=1.313 loss_v=0.141 (8s)
2026-08-25 02:39:07 [iter 8/40] data: policy_wall_mass=0.103 walled_states=62% walls_on_board=17.7 value_mae walled=0.218 free=0.341
2026-08-25 02:39:08 [iter 8/40] eval vs best (40 games, 600 sims)...
2026-08-25 02:39:08 [EVAL-MP] 8 workers spawned (40 vs_best games, sims=600), GPU batcher starting...
2026-08-25 02:39:38   [GPU] 50,024 evals (1519 batches, avg 33/batch = 6% of 512, 1657 evals/s, 108 msg/s, 15.4 leaves/msg, 30s)
2026-08-25 02:40:04   [GPU] 100,008 evals (3237 batches, avg 31/batch = 6% of 512, 1801 evals/s, 117 msg/s, 15.4 leaves/msg, 56s)
2026-08-25 02:40:26   [GPU] 150,000 evals (4899 batches, avg 31/batch = 6% of 512, 1926 evals/s, 125 msg/s, 15.4 leaves/msg, 78s)
2026-08-25 02:40:46   [GPU] 200,017 evals (6489 batches, avg 31/batch = 6% of 512, 2041 evals/s, 133 msg/s, 15.3 leaves/msg, 98s)
2026-08-25 02:41:05   [GPU] 250,017 evals (7990 batches, avg 31/batch = 6% of 512, 2140 evals/s, 141 msg/s, 15.2 leaves/msg, 117s)
2026-08-25 02:41:24   [GPU] 300,028 evals (9516 batches, avg 32/batch = 6% of 512, 2205 evals/s, 146 msg/s, 15.1 leaves/msg, 136s)
2026-08-25 02:41:43   [GPU] 350,000 evals (11011 batches, avg 32/batch = 6% of 512, 2262 evals/s, 151 msg/s, 15.0 leaves/msg, 155s)
2026-08-25 02:42:01   [GPU] 400,029 evals (12492 batches, avg 32/batch = 6% of 512, 2315 evals/s, 155 msg/s, 15.0 leaves/msg, 173s)
2026-08-25 02:42:19   [GPU] 450,002 evals (13955 batches, avg 32/batch = 6% of 512, 2359 evals/s, 158 msg/s, 15.0 leaves/msg, 191s)
2026-08-25 02:42:35   [GPU] 500,037 evals (15311 batches, avg 33/batch = 6% of 512, 2417 evals/s, 162 msg/s, 14.9 leaves/msg, 207s)
2026-08-25 02:42:50   [GPU] 550,009 evals (16593 batches, avg 33/batch = 6% of 512, 2476 evals/s, 166 msg/s, 14.9 leaves/msg, 222s)
2026-08-25 02:43:04 [iter 8/40] eval vs best: 5/40 games (236s, cand 20%)
2026-08-25 02:43:05   [GPU] 600,000 evals (17877 batches, avg 34/batch = 7% of 512, 2529 evals/s, 170 msg/s, 14.9 leaves/msg, 237s)
2026-08-25 02:43:21   [GPU] 650,028 evals (19215 batches, avg 34/batch = 7% of 512, 2567 evals/s, 173 msg/s, 14.8 leaves/msg, 253s)
2026-08-25 02:43:37   [GPU] 700,015 evals (20564 batches, avg 34/batch = 7% of 512, 2600 evals/s, 175 msg/s, 14.8 leaves/msg, 269s)
2026-08-25 02:43:53   [GPU] 750,025 evals (21899 batches, avg 34/batch = 7% of 512, 2631 evals/s, 177 msg/s, 14.8 leaves/msg, 285s)
2026-08-25 02:44:09   [GPU] 800,005 evals (23222 batches, avg 34/batch = 7% of 512, 2659 evals/s, 179 msg/s, 14.8 leaves/msg, 301s)
2026-08-25 02:44:25   [GPU] 850,017 evals (24549 batches, avg 35/batch = 7% of 512, 2685 evals/s, 181 msg/s, 14.8 leaves/msg, 317s)
2026-08-25 02:44:40   [GPU] 900,028 evals (25860 batches, avg 35/batch = 7% of 512, 2708 evals/s, 183 msg/s, 14.8 leaves/msg, 332s)
2026-08-25 02:44:56   [GPU] 950,023 evals (27156 batches, avg 35/batch = 7% of 512, 2732 evals/s, 184 msg/s, 14.8 leaves/msg, 348s)
2026-08-25 02:45:11   [GPU] 1,000,008 evals (28441 batches, avg 35/batch = 7% of 512, 2754 evals/s, 186 msg/s, 14.8 leaves/msg, 363s)
2026-08-25 02:45:27   [GPU] 1,050,017 evals (29758 batches, avg 35/batch = 7% of 512, 2773 evals/s, 187 msg/s, 14.8 leaves/msg, 379s)
2026-08-25 02:45:44   [GPU] 1,100,020 evals (31179 batches, avg 35/batch = 7% of 512, 2779 evals/s, 188 msg/s, 14.8 leaves/msg, 396s)
2026-08-25 02:46:01   [GPU] 1,150,007 evals (32586 batches, avg 35/batch = 7% of 512, 2784 evals/s, 188 msg/s, 14.8 leaves/msg, 413s)
2026-08-25 02:46:18   [GPU] 1,200,046 evals (33982 batches, avg 35/batch = 7% of 512, 2791 evals/s, 188 msg/s, 14.8 leaves/msg, 430s)
2026-08-25 02:46:35   [GPU] 1,250,006 evals (35363 batches, avg 35/batch = 7% of 512, 2796 evals/s, 188 msg/s, 14.8 leaves/msg, 447s)
2026-08-25 02:46:52   [GPU] 1,300,015 evals (36783 batches, avg 35/batch = 7% of 512, 2801 evals/s, 189 msg/s, 14.8 leaves/msg, 464s)
2026-08-25 02:47:09   [GPU] 1,350,019 evals (38212 batches, avg 35/batch = 7% of 512, 2805 evals/s, 189 msg/s, 14.8 leaves/msg, 481s)
2026-08-25 02:47:30   [GPU] 1,400,003 evals (39834 batches, avg 35/batch = 7% of 512, 2789 evals/s, 188 msg/s, 14.8 leaves/msg, 502s)
2026-08-25 02:47:50   [GPU] 1,450,033 evals (41398 batches, avg 35/batch = 7% of 512, 2777 evals/s, 187 msg/s, 14.8 leaves/msg, 522s)
2026-08-25 02:48:00 [iter 8/40] eval vs best: 10/40 games (532s, cand 30%)
2026-08-25 02:48:11   [GPU] 1,500,033 evals (43046 batches, avg 35/batch = 7% of 512, 2761 evals/s, 186 msg/s, 14.8 leaves/msg, 543s)
2026-08-25 02:48:34   [GPU] 1,550,000 evals (44722 batches, avg 35/batch = 7% of 512, 2741 evals/s, 185 msg/s, 14.8 leaves/msg, 566s)
2026-08-25 02:48:55   [GPU] 1,600,009 evals (46349 batches, avg 35/batch = 7% of 512, 2727 evals/s, 184 msg/s, 14.9 leaves/msg, 587s)
2026-08-25 02:49:14   [GPU] 1,650,001 evals (47887 batches, avg 34/batch = 7% of 512, 2723 evals/s, 183 msg/s, 14.9 leaves/msg, 606s)
2026-08-25 02:49:32   [GPU] 1,700,021 evals (49356 batches, avg 34/batch = 7% of 512, 2723 evals/s, 183 msg/s, 14.9 leaves/msg, 624s)
2026-08-25 02:49:50   [GPU] 1,750,040 evals (50787 batches, avg 34/batch = 7% of 512, 2726 evals/s, 183 msg/s, 14.9 leaves/msg, 642s)
2026-08-25 02:50:09 [iter 8/40] eval vs best: 15/40 games (661s, cand 27%)
2026-08-25 02:50:11   [GPU] 1,800,015 evals (52436 batches, avg 34/batch = 7% of 512, 2715 evals/s, 183 msg/s, 14.9 leaves/msg, 663s)
2026-08-25 02:50:34   [GPU] 1,850,018 evals (54137 batches, avg 34/batch = 7% of 512, 2698 evals/s, 182 msg/s, 14.9 leaves/msg, 686s)
2026-08-25 02:50:56   [GPU] 1,900,002 evals (55819 batches, avg 34/batch = 7% of 512, 2683 evals/s, 181 msg/s, 14.9 leaves/msg, 708s)
2026-08-25 02:51:18   [GPU] 1,950,024 evals (57448 batches, avg 34/batch = 7% of 512, 2673 evals/s, 180 msg/s, 14.9 leaves/msg, 730s)
2026-08-25 02:51:37   [GPU] 2,000,033 evals (58957 batches, avg 34/batch = 7% of 512, 2672 evals/s, 180 msg/s, 14.9 leaves/msg, 749s)
2026-08-25 02:51:54   [GPU] 2,050,012 evals (60381 batches, avg 34/batch = 7% of 512, 2675 evals/s, 180 msg/s, 14.9 leaves/msg, 766s)
2026-08-25 02:52:12   [GPU] 2,100,006 evals (61778 batches, avg 34/batch = 7% of 512, 2680 evals/s, 180 msg/s, 14.9 leaves/msg, 784s)
2026-08-25 02:52:29   [GPU] 2,150,034 evals (63155 batches, avg 34/batch = 7% of 512, 2686 evals/s, 180 msg/s, 14.9 leaves/msg, 801s)
2026-08-25 02:52:46   [GPU] 2,200,005 evals (64496 batches, avg 34/batch = 7% of 512, 2691 evals/s, 181 msg/s, 14.9 leaves/msg, 818s)
2026-08-25 02:53:02   [GPU] 2,250,002 evals (65881 batches, avg 34/batch = 7% of 512, 2697 evals/s, 181 msg/s, 14.9 leaves/msg, 834s)
2026-08-25 02:53:19   [GPU] 2,300,003 evals (67247 batches, avg 34/batch = 7% of 512, 2704 evals/s, 181 msg/s, 14.9 leaves/msg, 851s)
2026-08-25 02:53:36   [GPU] 2,350,017 evals (68597 batches, avg 34/batch = 7% of 512, 2709 evals/s, 182 msg/s, 14.9 leaves/msg, 868s)
2026-08-25 02:53:53   [GPU] 2,400,038 evals (70027 batches, avg 34/batch = 7% of 512, 2713 evals/s, 182 msg/s, 14.9 leaves/msg, 885s)
2026-08-25 02:54:10   [GPU] 2,450,057 evals (71427 batches, avg 34/batch = 7% of 512, 2717 evals/s, 182 msg/s, 14.9 leaves/msg, 902s)
2026-08-25 02:54:27   [GPU] 2,500,017 evals (72808 batches, avg 34/batch = 7% of 512, 2721 evals/s, 182 msg/s, 14.9 leaves/msg, 919s)
2026-08-25 02:54:44   [GPU] 2,550,004 evals (74216 batches, avg 34/batch = 7% of 512, 2726 evals/s, 183 msg/s, 14.9 leaves/msg, 936s)
2026-08-25 02:55:00   [GPU] 2,600,060 evals (75592 batches, avg 34/batch = 7% of 512, 2731 evals/s, 183 msg/s, 14.9 leaves/msg, 952s)
2026-08-25 02:55:17   [GPU] 2,650,020 evals (76970 batches, avg 34/batch = 7% of 512, 2736 evals/s, 183 msg/s, 14.9 leaves/msg, 969s)
2026-08-25 02:55:33   [GPU] 2,700,032 evals (78344 batches, avg 34/batch = 7% of 512, 2740 evals/s, 184 msg/s, 14.9 leaves/msg, 985s)
2026-08-25 02:55:50   [GPU] 2,750,034 evals (79667 batches, avg 35/batch = 7% of 512, 2745 evals/s, 184 msg/s, 14.9 leaves/msg, 1002s)
2026-08-25 02:56:06   [GPU] 2,800,055 evals (81012 batches, avg 35/batch = 7% of 512, 2751 evals/s, 184 msg/s, 14.9 leaves/msg, 1018s)
2026-08-25 02:56:22   [GPU] 2,850,088 evals (82355 batches, avg 35/batch = 7% of 512, 2756 evals/s, 185 msg/s, 14.9 leaves/msg, 1034s)
2026-08-25 02:56:38   [GPU] 2,900,002 evals (83746 batches, avg 35/batch = 7% of 512, 2762 evals/s, 185 msg/s, 14.9 leaves/msg, 1050s)
2026-08-25 02:56:55 [iter 8/40] eval vs best: 20/40 games (1067s, cand 20%)
2026-08-25 02:56:55   [GPU] 2,950,024 evals (85130 batches, avg 35/batch = 7% of 512, 2765 evals/s, 185 msg/s, 14.9 leaves/msg, 1067s)
2026-08-25 02:57:14   [GPU] 3,000,013 evals (86692 batches, avg 35/batch = 7% of 512, 2763 evals/s, 185 msg/s, 14.9 leaves/msg, 1086s)
2026-08-25 02:57:35   [GPU] 3,050,012 evals (88326 batches, avg 35/batch = 7% of 512, 2755 evals/s, 185 msg/s, 14.9 leaves/msg, 1107s)
2026-08-25 02:57:55   [GPU] 3,100,019 evals (89878 batches, avg 34/batch = 7% of 512, 2752 evals/s, 184 msg/s, 14.9 leaves/msg, 1127s)
2026-08-25 02:58:13   [GPU] 3,150,017 evals (91394 batches, avg 34/batch = 7% of 512, 2751 evals/s, 184 msg/s, 14.9 leaves/msg, 1145s)
2026-08-25 02:58:33   [GPU] 3,200,059 evals (92947 batches, avg 34/batch = 7% of 512, 2748 evals/s, 184 msg/s, 14.9 leaves/msg, 1165s)
2026-08-25 02:58:51   [GPU] 3,250,007 evals (94444 batches, avg 34/batch = 7% of 512, 2747 evals/s, 184 msg/s, 14.9 leaves/msg, 1183s)
2026-08-25 02:59:08   [GPU] 3,300,023 evals (95871 batches, avg 34/batch = 7% of 512, 2750 evals/s, 184 msg/s, 14.9 leaves/msg, 1200s)
2026-08-25 02:59:12 [iter 8/40] eval vs best: 25/40 games (1204s, cand 24%)
2026-08-25 02:59:28   [GPU] 3,350,003 evals (97498 batches, avg 34/batch = 7% of 512, 2745 evals/s, 184 msg/s, 14.9 leaves/msg, 1220s)
2026-08-25 02:59:49   [GPU] 3,400,010 evals (99149 batches, avg 34/batch = 7% of 512, 2740 evals/s, 184 msg/s, 14.9 leaves/msg, 1241s)
2026-08-25 03:00:12   [GPU] 3,450,001 evals (100909 batches, avg 34/batch = 7% of 512, 2730 evals/s, 183 msg/s, 14.9 leaves/msg, 1264s)
2026-08-25 03:00:36   [GPU] 3,500,009 evals (102694 batches, avg 34/batch = 7% of 512, 2718 evals/s, 182 msg/s, 14.9 leaves/msg, 1288s)
2026-08-25 03:00:59   [GPU] 3,550,030 evals (104485 batches, avg 34/batch = 7% of 512, 2708 evals/s, 181 msg/s, 14.9 leaves/msg, 1311s)
2026-08-25 03:01:22   [GPU] 3,600,018 evals (106310 batches, avg 34/batch = 7% of 512, 2698 evals/s, 181 msg/s, 14.9 leaves/msg, 1334s)
2026-08-25 03:01:45   [GPU] 3,650,031 evals (108067 batches, avg 34/batch = 7% of 512, 2691 evals/s, 180 msg/s, 14.9 leaves/msg, 1356s)
2026-08-25 03:02:07   [GPU] 3,700,022 evals (109862 batches, avg 34/batch = 7% of 512, 2683 evals/s, 180 msg/s, 14.9 leaves/msg, 1379s)
2026-08-25 03:02:18 [iter 8/40] eval vs best: 30/40 games (1390s, cand 23%)
2026-08-25 03:02:30   [GPU] 3,750,004 evals (111732 batches, avg 34/batch = 7% of 512, 2674 evals/s, 179 msg/s, 14.9 leaves/msg, 1402s)
2026-08-25 03:02:52   [GPU] 3,800,016 evals (113552 batches, avg 33/batch = 7% of 512, 2668 evals/s, 179 msg/s, 14.9 leaves/msg, 1424s)
2026-08-25 03:03:13   [GPU] 3,850,004 evals (115302 batches, avg 33/batch = 7% of 512, 2664 evals/s, 179 msg/s, 14.9 leaves/msg, 1445s)
2026-08-25 03:03:35   [GPU] 3,900,011 evals (117033 batches, avg 33/batch = 7% of 512, 2659 evals/s, 178 msg/s, 14.9 leaves/msg, 1467s)
2026-08-25 03:03:55   [GPU] 3,950,031 evals (118664 batches, avg 33/batch = 7% of 512, 2657 evals/s, 178 msg/s, 14.9 leaves/msg, 1487s)
2026-08-25 03:04:14   [GPU] 4,000,012 evals (120298 batches, avg 33/batch = 6% of 512, 2656 evals/s, 178 msg/s, 14.9 leaves/msg, 1506s)
2026-08-25 03:04:35   [GPU] 4,050,000 evals (121972 batches, avg 33/batch = 6% of 512, 2653 evals/s, 178 msg/s, 14.9 leaves/msg, 1527s)
2026-08-25 03:04:56   [GPU] 4,100,023 evals (123679 batches, avg 33/batch = 6% of 512, 2649 evals/s, 178 msg/s, 14.9 leaves/msg, 1548s)
2026-08-25 03:05:17   [GPU] 4,150,024 evals (125391 batches, avg 33/batch = 6% of 512, 2646 evals/s, 178 msg/s, 14.9 leaves/msg, 1569s)
2026-08-25 03:05:38   [GPU] 4,200,038 evals (127059 batches, avg 33/batch = 6% of 512, 2642 evals/s, 177 msg/s, 14.9 leaves/msg, 1589s)
2026-08-25 03:05:59   [GPU] 4,250,027 evals (128828 batches, avg 33/batch = 6% of 512, 2637 evals/s, 177 msg/s, 14.9 leaves/msg, 1611s)
2026-08-25 03:06:22   [GPU] 4,300,009 evals (130589 batches, avg 33/batch = 6% of 512, 2631 evals/s, 177 msg/s, 14.9 leaves/msg, 1634s)
2026-08-25 03:06:45   [GPU] 4,350,042 evals (132321 batches, avg 33/batch = 6% of 512, 2626 evals/s, 176 msg/s, 14.9 leaves/msg, 1657s)
2026-08-25 03:07:07   [GPU] 4,400,016 evals (134078 batches, avg 33/batch = 6% of 512, 2621 evals/s, 176 msg/s, 14.9 leaves/msg, 1679s)
2026-08-25 03:07:32   [GPU] 4,450,006 evals (136029 batches, avg 33/batch = 6% of 512, 2611 evals/s, 175 msg/s, 14.9 leaves/msg, 1704s)
2026-08-25 03:08:00   [GPU] 4,500,000 evals (138013 batches, avg 33/batch = 6% of 512, 2599 evals/s, 174 msg/s, 14.9 leaves/msg, 1731s)
2026-08-25 03:08:25   [GPU] 4,550,025 evals (139948 batches, avg 33/batch = 6% of 512, 2590 evals/s, 174 msg/s, 14.9 leaves/msg, 1757s)
2026-08-25 03:08:49   [GPU] 4,600,028 evals (141809 batches, avg 32/batch = 6% of 512, 2583 evals/s, 173 msg/s, 14.9 leaves/msg, 1781s)
2026-08-25 03:09:12   [GPU] 4,650,011 evals (143625 batches, avg 32/batch = 6% of 512, 2578 evals/s, 173 msg/s, 14.9 leaves/msg, 1804s)
2026-08-25 03:09:30 [iter 8/40] eval vs best: 35/40 games (1822s, cand 26%)
2026-08-25 03:09:36   [GPU] 4,700,026 evals (145550 batches, avg 32/batch = 6% of 512, 2571 evals/s, 173 msg/s, 14.9 leaves/msg, 1828s)
2026-08-25 03:10:05   [GPU] 4,750,010 evals (147681 batches, avg 32/batch = 6% of 512, 2558 evals/s, 172 msg/s, 14.9 leaves/msg, 1857s)
2026-08-25 03:10:47   [GPU] 4,800,001 evals (150209 batches, avg 32/batch = 6% of 512, 2528 evals/s, 170 msg/s, 14.9 leaves/msg, 1899s)
2026-08-25 03:11:29   [GPU] 4,850,006 evals (152730 batches, avg 32/batch = 6% of 512, 2499 evals/s, 168 msg/s, 14.9 leaves/msg, 1940s)
2026-08-25 03:12:23   [GPU] 4,900,012 evals (155614 batches, avg 31/batch = 6% of 512, 2456 evals/s, 165 msg/s, 14.9 leaves/msg, 1995s)
2026-08-25 03:13:48   [GPU] 4,950,002 evals (158812 batches, avg 31/batch = 6% of 512, 2380 evals/s, 160 msg/s, 14.9 leaves/msg, 2080s)
2026-08-25 03:15:52   [GPU] 5,000,005 evals (162203 batches, avg 31/batch = 6% of 512, 2268 evals/s, 153 msg/s, 14.9 leaves/msg, 2204s)
2026-08-25 03:17:57 [iter 8/40] eval vs best: 40/40 games (2329s, cand 25%)
2026-08-25 03:17:58 [iter 8/40] eval vs best done: 25.0% of 40 decided, 23 adjudicated reject (2330s)
2026-08-25 03:17:58 [iter 8/40] eval vs random (8 games, 600 sims)...
2026-08-25 03:17:58 [EVAL-MP] 8 workers spawned (8 vs_random games, sims=600), GPU batcher starting...
2026-08-25 03:18:18   [GPU] 50,023 evals (1335 batches, avg 37/batch = 7% of 512, 2448 evals/s, 165 msg/s, 14.9 leaves/msg, 20s)
2026-08-25 03:18:24 [iter 8/40] eval vs random: 5/8 games (26s, cand 100%)
2026-08-25 03:18:43   [GPU] 100,005 evals (3323 batches, avg 30/batch = 6% of 512, 2191 evals/s, 151 msg/s, 14.5 leaves/msg, 46s)
2026-08-25 03:19:27 [iter 8/40] eval vs random: 8/8 games (90s, cand 100%)
2026-08-25 03:19:28 [iter 8/40] eval vs random done: 100.0% (90s)
2026-08-25 03:19:28 [iter 8/40] eval vs greedy (80 games, 600 sims)...
2026-08-25 03:19:28 [EVAL-MP] 8 workers spawned (80 vs_greedy games, sims=600), GPU batcher starting...
2026-08-25 03:19:44 [iter 8/40] eval vs greedy: 5/80 games (16s, cand 20%)
2026-08-25 03:19:52   [GPU] 50,012 evals (1695 batches, avg 30/batch = 6% of 512, 2033 evals/s, 135 msg/s, 15.1 leaves/msg, 25s)
2026-08-25 03:19:54 [iter 8/40] eval vs greedy: 10/80 games (26s, cand 20%)
2026-08-25 03:19:59 [iter 8/40] eval vs greedy: 15/80 games (31s, cand 20%)
2026-08-25 03:20:09 [iter 8/40] eval vs greedy: 20/80 games (41s, cand 15%)
2026-08-25 03:20:14   [GPU] 100,018 evals (3389 batches, avg 30/batch = 6% of 512, 2183 evals/s, 147 msg/s, 14.9 leaves/msg, 46s)
2026-08-25 03:20:17 [iter 8/40] eval vs greedy: 25/80 games (49s, cand 16%)
2026-08-25 03:20:25 [iter 8/40] eval vs greedy: 30/80 games (58s, cand 17%)
2026-08-25 03:20:33 [iter 8/40] eval vs greedy: 35/80 games (65s, cand 17%)
2026-08-25 03:20:35   [GPU] 150,019 evals (5082 batches, avg 30/batch = 6% of 512, 2230 evals/s, 150 msg/s, 14.9 leaves/msg, 67s)
2026-08-25 03:20:41 [iter 8/40] eval vs greedy: 40/80 games (74s, cand 18%)
2026-08-25 03:20:53 [iter 8/40] eval vs greedy: 45/80 games (85s, cand 18%)
2026-08-25 03:20:56   [GPU] 200,040 evals (6719 batches, avg 30/batch = 6% of 512, 2276 evals/s, 153 msg/s, 14.9 leaves/msg, 88s)
2026-08-25 03:20:57 [iter 8/40] eval vs greedy: 50/80 games (89s, cand 18%)
2026-08-25 03:21:08 [iter 8/40] eval vs greedy: 55/80 games (100s, cand 20%)
2026-08-25 03:21:15 [iter 8/40] eval vs greedy: 60/80 games (108s, cand 18%)
2026-08-25 03:21:17   [GPU] 250,020 evals (8412 batches, avg 30/batch = 6% of 512, 2286 evals/s, 154 msg/s, 14.9 leaves/msg, 109s)
2026-08-25 03:21:22 [iter 8/40] eval vs greedy: 65/80 games (114s, cand 20%)
2026-08-25 03:21:30 [iter 8/40] eval vs greedy: 70/80 games (122s, cand 20%)
2026-08-25 03:21:41   [GPU] 300,006 evals (10196 batches, avg 29/batch = 6% of 512, 2247 evals/s, 151 msg/s, 14.9 leaves/msg, 134s)
2026-08-25 03:21:42 [iter 8/40] eval vs greedy: 75/80 games (134s, cand 20%)
2026-08-25 03:21:56 [iter 8/40] eval vs greedy: 80/80 games (148s, cand 19%)
2026-08-25 03:21:56 [iter 8/40] eval vs greedy done: 18.8% of 80 decided [seat0:15/20 seat1:0/20 seat2:0/20 seat3:0/20] (148s)
2026-08-25 03:21:56 [iter 8/40] new greedy peak 18.8% - saved greedy_peak.pt
2026-08-25 03:21:56 [iter 8/40] eval vs minimax (depth 2, 40 games)...
2026-08-25 03:21:56 [EVAL-MP] 8 workers spawned (40 vs_minimax games, sims=600), GPU batcher starting...
2026-08-25 03:22:22   [GPU] 50,005 evals (1688 batches, avg 30/batch = 6% of 512, 1914 evals/s, 126 msg/s, 15.2 leaves/msg, 26s)
2026-08-25 03:22:34 [iter 8/40] eval vs minimax: 5/40 games (0%)
2026-08-25 03:22:35   [GPU] 100,026 evals (2919 batches, avg 34/batch = 7% of 512, 2575 evals/s, 177 msg/s, 14.5 leaves/msg, 39s)
2026-08-25 03:22:57   [GPU] 150,027 evals (4615 batches, avg 33/batch = 6% of 512, 2461 evals/s, 167 msg/s, 14.7 leaves/msg, 61s)
2026-08-25 03:23:02 [iter 8/40] eval vs minimax: 10/40 games (0%)
2026-08-25 03:23:11 [iter 8/40] eval vs minimax: 15/40 games (0%)
2026-08-25 03:23:12   [GPU] 200,030 evals (6027 batches, avg 33/batch = 6% of 512, 2626 evals/s, 182 msg/s, 14.5 leaves/msg, 76s)
2026-08-25 03:23:33   [GPU] 250,014 evals (7691 batches, avg 33/batch = 6% of 512, 2585 evals/s, 178 msg/s, 14.6 leaves/msg, 97s)
2026-08-25 03:23:36 [iter 8/40] eval vs minimax: 20/40 games (0%)
2026-08-25 03:23:51 [iter 8/40] eval vs minimax: 25/40 games (0%)
2026-08-25 03:23:53   [GPU] 300,043 evals (9373 batches, avg 32/batch = 6% of 512, 2576 evals/s, 178 msg/s, 14.5 leaves/msg, 116s)
2026-08-25 03:24:12   [GPU] 350,001 evals (10963 batches, avg 32/batch = 6% of 512, 2583 evals/s, 178 msg/s, 14.5 leaves/msg, 135s)
2026-08-25 03:24:19 [iter 8/40] eval vs minimax: 30/40 games (0%)
2026-08-25 03:24:33   [GPU] 400,001 evals (12649 batches, avg 32/batch = 6% of 512, 2556 evals/s, 177 msg/s, 14.5 leaves/msg, 157s)
2026-08-25 03:24:46 [iter 8/40] eval vs minimax: 35/40 games (0%)
2026-08-25 03:24:56 [iter 8/40] eval vs minimax: 40/40 games (0%)
2026-08-25 03:24:56 [iter 8/40] eval vs minimax done: 0.0% of 40 decided [seat0:0/10 seat1:0/10 seat2:0/10 seat3:0/10] (180s)
2026-08-25 03:24:56 >>> iter 8 | loss_p=1.313 loss_v=0.141 | vs_best=25.0% reject | vs_rand=100.0% | draw=16% | buf=65960 | rss=2.76GB | sp=2018s train=8s eval_best=2330s eval_rand=90s | total=4775s
2026-08-25 03:24:56 [iter 9/40] self-play starting (160 games, 600 sims, MIXED 80/160 race-only)...
2026-08-25 03:24:56 [PARALLEL-MP] 8 workers spawned (160 games, sims=600), GPU batcher starting...
2026-08-25 03:25:14   [GPU] 50,015 evals (1497 batches, avg 33/batch = 7% of 512, 2795 evals/s, 219 msg/s, 12.8 leaves/msg, 18s)
2026-08-25 03:25:15 [iter 9/40] self-play: 5/160 games...
2026-08-25 03:25:29 [iter 9/40] self-play: 10/160 games...
2026-08-25 03:25:30   [GPU] 100,000 evals (3063 batches, avg 33/batch = 6% of 512, 2908 evals/s, 225 msg/s, 12.9 leaves/msg, 34s)
2026-08-25 03:25:47 [iter 9/40] self-play: 15/160 games...
2026-08-25 03:25:50   [GPU] 150,019 evals (4849 batches, avg 31/batch = 6% of 512, 2755 evals/s, 214 msg/s, 12.9 leaves/msg, 54s)
2026-08-25 03:26:11   [GPU] 200,002 evals (6579 batches, avg 30/batch = 6% of 512, 2668 evals/s, 202 msg/s, 13.2 leaves/msg, 75s)
2026-08-25 03:26:30   [GPU] 250,048 evals (8138 batches, avg 31/batch = 6% of 512, 2673 evals/s, 197 msg/s, 13.5 leaves/msg, 94s)
2026-08-25 03:26:35 [iter 9/40] self-play: 20/160 games...
2026-08-25 03:26:44   [GPU] 300,002 evals (9528 batches, avg 31/batch = 6% of 512, 2768 evals/s, 203 msg/s, 13.6 leaves/msg, 108s)
2026-08-25 03:26:58   [GPU] 350,013 evals (10841 batches, avg 32/batch = 6% of 512, 2870 evals/s, 209 msg/s, 13.8 leaves/msg, 122s)
2026-08-25 03:27:11   [GPU] 400,009 evals (12100 batches, avg 33/batch = 6% of 512, 2971 evals/s, 215 msg/s, 13.8 leaves/msg, 135s)
2026-08-25 03:27:25   [GPU] 450,014 evals (13491 batches, avg 33/batch = 7% of 512, 3024 evals/s, 218 msg/s, 13.9 leaves/msg, 149s)
2026-08-25 03:27:38   [GPU] 500,029 evals (14759 batches, avg 34/batch = 7% of 512, 3094 evals/s, 223 msg/s, 13.9 leaves/msg, 162s)
2026-08-25 03:27:50   [GPU] 550,013 evals (15985 batches, avg 34/batch = 7% of 512, 3162 evals/s, 229 msg/s, 13.8 leaves/msg, 174s)
2026-08-25 03:27:52 [iter 9/40] self-play: 25/160 games...
2026-08-25 03:28:03   [GPU] 600,016 evals (17280 batches, avg 35/batch = 7% of 512, 3204 evals/s, 232 msg/s, 13.8 leaves/msg, 187s)
2026-08-25 03:28:16   [GPU] 650,012 evals (18512 batches, avg 35/batch = 7% of 512, 3244 evals/s, 234 msg/s, 13.8 leaves/msg, 200s)
2026-08-25 03:28:29   [GPU] 700,063 evals (19745 batches, avg 35/batch = 7% of 512, 3281 evals/s, 237 msg/s, 13.9 leaves/msg, 213s)
2026-08-25 03:28:42   [GPU] 750,040 evals (20975 batches, avg 36/batch = 7% of 512, 3319 evals/s, 239 msg/s, 13.9 leaves/msg, 226s)
2026-08-25 03:28:54   [GPU] 800,000 evals (22146 batches, avg 36/batch = 7% of 512, 3362 evals/s, 243 msg/s, 13.8 leaves/msg, 238s)
2026-08-25 03:29:06   [GPU] 850,033 evals (23268 batches, avg 37/batch = 7% of 512, 3402 evals/s, 246 msg/s, 13.9 leaves/msg, 250s)
2026-08-25 03:29:16   [GPU] 900,002 evals (24296 batches, avg 37/batch = 7% of 512, 3463 evals/s, 251 msg/s, 13.8 leaves/msg, 260s)
2026-08-25 03:29:21 [iter 9/40] self-play: 30/160 games...
2026-08-25 03:29:27   [GPU] 950,001 evals (25459 batches, avg 37/batch = 7% of 512, 3500 evals/s, 254 msg/s, 13.8 leaves/msg, 271s)
2026-08-25 03:29:39   [GPU] 1,000,043 evals (26647 batches, avg 38/batch = 7% of 512, 3529 evals/s, 256 msg/s, 13.8 leaves/msg, 283s)
2026-08-25 03:29:50   [GPU] 1,050,016 evals (27749 batches, avg 38/batch = 7% of 512, 3572 evals/s, 259 msg/s, 13.8 leaves/msg, 294s)
2026-08-25 03:30:01   [GPU] 1,100,016 evals (28897 batches, avg 38/batch = 7% of 512, 3607 evals/s, 262 msg/s, 13.7 leaves/msg, 305s)
2026-08-25 03:30:13   [GPU] 1,150,017 evals (30102 batches, avg 38/batch = 7% of 512, 3627 evals/s, 264 msg/s, 13.7 leaves/msg, 317s)
2026-08-25 03:30:25   [GPU] 1,200,007 evals (31260 batches, avg 38/batch = 7% of 512, 3651 evals/s, 266 msg/s, 13.8 leaves/msg, 329s)
2026-08-25 03:30:37   [GPU] 1,250,056 evals (32488 batches, avg 38/batch = 8% of 512, 3667 evals/s, 268 msg/s, 13.7 leaves/msg, 341s)
2026-08-25 03:30:41 [iter 9/40] self-play: 35/160 games...
2026-08-25 03:30:49   [GPU] 1,300,008 evals (33710 batches, avg 39/batch = 8% of 512, 3686 evals/s, 270 msg/s, 13.7 leaves/msg, 353s)
2026-08-25 03:31:02   [GPU] 1,350,004 evals (35068 batches, avg 38/batch = 8% of 512, 3687 evals/s, 271 msg/s, 13.6 leaves/msg, 366s)
2026-08-25 03:31:06 [iter 9/40] self-play: 40/160 games...
2026-08-25 03:31:14   [GPU] 1,400,025 evals (36291 batches, avg 39/batch = 8% of 512, 3701 evals/s, 272 msg/s, 13.6 leaves/msg, 378s)
2026-08-25 03:31:28   [GPU] 1,450,024 evals (37640 batches, avg 39/batch = 8% of 512, 3696 evals/s, 271 msg/s, 13.6 leaves/msg, 392s)
2026-08-25 03:31:41   [GPU] 1,500,025 evals (38869 batches, avg 39/batch = 8% of 512, 3706 evals/s, 272 msg/s, 13.7 leaves/msg, 405s)
2026-08-25 03:31:53   [GPU] 1,550,030 evals (40072 batches, avg 39/batch = 8% of 512, 3721 evals/s, 273 msg/s, 13.6 leaves/msg, 417s)
2026-08-25 03:31:55 [iter 9/40] self-play: 45/160 games...
2026-08-25 03:32:07   [GPU] 1,600,045 evals (41483 batches, avg 39/batch = 8% of 512, 3714 evals/s, 272 msg/s, 13.6 leaves/msg, 431s)
2026-08-25 03:32:20   [GPU] 1,650,009 evals (42788 batches, avg 39/batch = 8% of 512, 3716 evals/s, 272 msg/s, 13.7 leaves/msg, 444s)
2026-08-25 03:32:33   [GPU] 1,700,047 evals (44024 batches, avg 39/batch = 8% of 512, 3722 evals/s, 272 msg/s, 13.7 leaves/msg, 457s)
2026-08-25 03:32:39 [iter 9/40] self-play: 50/160 games...
2026-08-25 03:32:49   [GPU] 1,750,007 evals (45473 batches, avg 38/batch = 8% of 512, 3703 evals/s, 271 msg/s, 13.7 leaves/msg, 473s)
2026-08-25 03:33:03   [GPU] 1,800,012 evals (46878 batches, avg 38/batch = 7% of 512, 3696 evals/s, 270 msg/s, 13.7 leaves/msg, 487s)
2026-08-25 03:33:18   [GPU] 1,850,000 evals (48275 batches, avg 38/batch = 7% of 512, 3689 evals/s, 270 msg/s, 13.7 leaves/msg, 502s)
2026-08-25 03:33:33   [GPU] 1,900,001 evals (49712 batches, avg 38/batch = 7% of 512, 3673 evals/s, 268 msg/s, 13.7 leaves/msg, 517s)
2026-08-25 03:33:49   [GPU] 1,950,022 evals (51128 batches, avg 38/batch = 7% of 512, 3662 evals/s, 267 msg/s, 13.7 leaves/msg, 533s)
2026-08-25 03:34:04   [GPU] 2,000,045 evals (52554 batches, avg 38/batch = 7% of 512, 3649 evals/s, 266 msg/s, 13.7 leaves/msg, 548s)
2026-08-25 03:34:10 [iter 9/40] self-play: 55/160 games...
2026-08-25 03:34:19   [GPU] 2,050,001 evals (53939 batches, avg 38/batch = 7% of 512, 3642 evals/s, 265 msg/s, 13.7 leaves/msg, 563s)
2026-08-25 03:34:35   [GPU] 2,100,037 evals (55381 batches, avg 38/batch = 7% of 512, 3628 evals/s, 264 msg/s, 13.7 leaves/msg, 579s)
2026-08-25 03:34:38 [iter 9/40] self-play: 60/160 games...
2026-08-25 03:34:50   [GPU] 2,150,060 evals (56844 batches, avg 38/batch = 7% of 512, 3617 evals/s, 264 msg/s, 13.7 leaves/msg, 594s)
2026-08-25 03:35:01 [iter 9/40] self-play: 65/160 games...
2026-08-25 03:35:06   [GPU] 2,200,010 evals (58316 batches, avg 38/batch = 7% of 512, 3607 evals/s, 263 msg/s, 13.7 leaves/msg, 610s)
2026-08-25 03:35:17 [iter 9/40] self-play: 70/160 games...
2026-08-25 03:35:23   [GPU] 2,250,002 evals (59900 batches, avg 38/batch = 7% of 512, 3589 evals/s, 262 msg/s, 13.7 leaves/msg, 627s)
2026-08-25 03:35:40 [iter 9/40] self-play: 75/160 games...
2026-08-25 03:35:42   [GPU] 2,300,016 evals (61588 batches, avg 37/batch = 7% of 512, 3560 evals/s, 260 msg/s, 13.7 leaves/msg, 646s)
2026-08-25 03:35:58   [GPU] 2,350,023 evals (63078 batches, avg 37/batch = 7% of 512, 3548 evals/s, 259 msg/s, 13.7 leaves/msg, 662s)
2026-08-25 03:36:17   [GPU] 2,400,038 evals (64656 batches, avg 37/batch = 7% of 512, 3522 evals/s, 256 msg/s, 13.7 leaves/msg, 681s)
2026-08-25 03:36:30 [iter 9/40] self-play: 80/160 games...
2026-08-25 03:36:33   [GPU] 2,450,024 evals (66056 batches, avg 37/batch = 7% of 512, 3516 evals/s, 256 msg/s, 13.7 leaves/msg, 697s)
2026-08-25 03:36:49   [GPU] 2,500,013 evals (67494 batches, avg 37/batch = 7% of 512, 3508 evals/s, 255 msg/s, 13.8 leaves/msg, 713s)
2026-08-25 03:36:57 [iter 9/40] self-play: 85/160 games...
2026-08-25 03:37:04   [GPU] 2,550,019 evals (68905 batches, avg 37/batch = 7% of 512, 3503 evals/s, 255 msg/s, 13.8 leaves/msg, 728s)
2026-08-25 03:37:21   [GPU] 2,600,062 evals (70342 batches, avg 37/batch = 7% of 512, 3492 evals/s, 254 msg/s, 13.8 leaves/msg, 745s)
2026-08-25 03:37:34   [GPU] 2,650,035 evals (71639 batches, avg 37/batch = 7% of 512, 3495 evals/s, 254 msg/s, 13.8 leaves/msg, 758s)
2026-08-25 03:37:47   [GPU] 2,700,006 evals (72895 batches, avg 37/batch = 7% of 512, 3500 evals/s, 254 msg/s, 13.8 leaves/msg, 771s)
2026-08-25 03:37:50 [iter 9/40] self-play: 90/160 games...
2026-08-25 03:38:01   [GPU] 2,750,046 evals (74255 batches, avg 37/batch = 7% of 512, 3502 evals/s, 254 msg/s, 13.8 leaves/msg, 785s)
2026-08-25 03:38:14   [GPU] 2,800,027 evals (75495 batches, avg 37/batch = 7% of 512, 3508 evals/s, 255 msg/s, 13.8 leaves/msg, 798s)
2026-08-25 03:38:27 [iter 9/40] self-play: 95/160 games...
2026-08-25 03:38:28   [GPU] 2,850,006 evals (76821 batches, avg 37/batch = 7% of 512, 3509 evals/s, 255 msg/s, 13.8 leaves/msg, 812s)
2026-08-25 03:38:40   [GPU] 2,900,078 evals (78023 batches, avg 37/batch = 7% of 512, 3519 evals/s, 255 msg/s, 13.8 leaves/msg, 824s)
2026-08-25 03:38:53   [GPU] 2,950,075 evals (79279 batches, avg 37/batch = 7% of 512, 3526 evals/s, 256 msg/s, 13.8 leaves/msg, 837s)
2026-08-25 03:39:05   [GPU] 3,000,042 evals (80517 batches, avg 37/batch = 7% of 512, 3533 evals/s, 256 msg/s, 13.8 leaves/msg, 849s)
2026-08-25 03:39:17   [GPU] 3,050,023 evals (81712 batches, avg 37/batch = 7% of 512, 3542 evals/s, 257 msg/s, 13.8 leaves/msg, 861s)
2026-08-25 03:39:29   [GPU] 3,100,046 evals (82890 batches, avg 37/batch = 7% of 512, 3551 evals/s, 257 msg/s, 13.8 leaves/msg, 873s)
2026-08-25 03:39:42   [GPU] 3,150,014 evals (84132 batches, avg 37/batch = 7% of 512, 3557 evals/s, 257 msg/s, 13.8 leaves/msg, 886s)
2026-08-25 03:39:51 [iter 9/40] self-play: 100/160 games...
2026-08-25 03:39:53   [GPU] 3,200,018 evals (85273 batches, avg 38/batch = 7% of 512, 3569 evals/s, 258 msg/s, 13.8 leaves/msg, 897s)
2026-08-25 03:40:04   [GPU] 3,250,002 evals (86471 batches, avg 38/batch = 7% of 512, 3578 evals/s, 259 msg/s, 13.8 leaves/msg, 908s)
2026-08-25 03:40:12 [iter 9/40] self-play: 105/160 games...
2026-08-25 03:40:17   [GPU] 3,300,018 evals (87765 batches, avg 38/batch = 7% of 512, 3583 evals/s, 260 msg/s, 13.8 leaves/msg, 921s)
2026-08-25 03:40:29 [iter 9/40] self-play: 110/160 games...
2026-08-25 03:40:31   [GPU] 3,350,009 evals (89121 batches, avg 38/batch = 7% of 512, 3583 evals/s, 260 msg/s, 13.8 leaves/msg, 935s)
2026-08-25 03:40:45   [GPU] 3,400,034 evals (90491 batches, avg 38/batch = 7% of 512, 3583 evals/s, 260 msg/s, 13.8 leaves/msg, 949s)
2026-08-25 03:41:00   [GPU] 3,450,021 evals (91899 batches, avg 38/batch = 7% of 512, 3578 evals/s, 260 msg/s, 13.8 leaves/msg, 964s)
2026-08-25 03:41:10 [iter 9/40] self-play: 115/160 games...
2026-08-25 03:41:15   [GPU] 3,500,021 evals (93317 batches, avg 38/batch = 7% of 512, 3574 evals/s, 259 msg/s, 13.8 leaves/msg, 979s)
2026-08-25 03:41:29   [GPU] 3,550,040 evals (94712 batches, avg 37/batch = 7% of 512, 3574 evals/s, 259 msg/s, 13.8 leaves/msg, 993s)
2026-08-25 03:41:45   [GPU] 3,600,005 evals (96132 batches, avg 37/batch = 7% of 512, 3569 evals/s, 259 msg/s, 13.8 leaves/msg, 1009s)
2026-08-25 03:41:59   [GPU] 3,650,000 evals (97497 batches, avg 37/batch = 7% of 512, 3567 evals/s, 258 msg/s, 13.8 leaves/msg, 1023s)
2026-08-25 03:42:12   [GPU] 3,700,046 evals (98719 batches, avg 37/batch = 7% of 512, 3572 evals/s, 258 msg/s, 13.8 leaves/msg, 1036s)
2026-08-25 03:42:14 [iter 9/40] self-play: 120/160 games...
2026-08-25 03:42:25   [GPU] 3,750,009 evals (99959 batches, avg 38/batch = 7% of 512, 3576 evals/s, 259 msg/s, 13.8 leaves/msg, 1049s)
2026-08-25 03:42:38   [GPU] 3,800,023 evals (101190 batches, avg 38/batch = 7% of 512, 3579 evals/s, 259 msg/s, 13.8 leaves/msg, 1062s)
2026-08-25 03:42:50   [GPU] 3,850,011 evals (102348 batches, avg 38/batch = 7% of 512, 3585 evals/s, 259 msg/s, 13.8 leaves/msg, 1074s)
2026-08-25 03:43:01   [GPU] 3,900,048 evals (103407 batches, avg 38/batch = 7% of 512, 3595 evals/s, 260 msg/s, 13.8 leaves/msg, 1085s)
2026-08-25 03:43:11   [GPU] 3,950,010 evals (104478 batches, avg 38/batch = 7% of 512, 3606 evals/s, 260 msg/s, 13.9 leaves/msg, 1095s)
2026-08-25 03:43:14 [iter 9/40] self-play: 125/160 games...
2026-08-25 03:43:23   [GPU] 4,000,023 evals (105616 batches, avg 38/batch = 7% of 512, 3613 evals/s, 261 msg/s, 13.9 leaves/msg, 1107s)
2026-08-25 03:43:35   [GPU] 4,050,022 evals (106723 batches, avg 38/batch = 7% of 512, 3620 evals/s, 261 msg/s, 13.9 leaves/msg, 1119s)
2026-08-25 03:43:47   [GPU] 4,100,022 evals (107879 batches, avg 38/batch = 7% of 512, 3625 evals/s, 261 msg/s, 13.9 leaves/msg, 1131s)
2026-08-25 03:43:58   [GPU] 4,150,055 evals (108971 batches, avg 38/batch = 7% of 512, 3635 evals/s, 262 msg/s, 13.9 leaves/msg, 1142s)
2026-08-25 03:44:02 [iter 9/40] self-play: 130/160 games...
2026-08-25 03:44:10   [GPU] 4,200,004 evals (110167 batches, avg 38/batch = 7% of 512, 3641 evals/s, 263 msg/s, 13.9 leaves/msg, 1154s)
2026-08-25 03:44:22   [GPU] 4,250,009 evals (111450 batches, avg 38/batch = 7% of 512, 3644 evals/s, 263 msg/s, 13.9 leaves/msg, 1166s)
2026-08-25 03:44:27 [iter 9/40] self-play: 135/160 games...
2026-08-25 03:44:35   [GPU] 4,300,025 evals (112752 batches, avg 38/batch = 7% of 512, 3646 evals/s, 263 msg/s, 13.8 leaves/msg, 1179s)
2026-08-25 03:44:50   [GPU] 4,350,017 evals (114109 batches, avg 38/batch = 7% of 512, 3644 evals/s, 263 msg/s, 13.8 leaves/msg, 1194s)
2026-08-25 03:45:03   [GPU] 4,400,009 evals (115380 batches, avg 38/batch = 7% of 512, 3645 evals/s, 263 msg/s, 13.9 leaves/msg, 1207s)
2026-08-25 03:45:15   [GPU] 4,450,006 evals (116564 batches, avg 38/batch = 7% of 512, 3650 evals/s, 263 msg/s, 13.9 leaves/msg, 1219s)
2026-08-25 03:45:21 [iter 9/40] self-play: 140/160 games...
2026-08-25 03:45:29   [GPU] 4,500,016 evals (117848 batches, avg 38/batch = 7% of 512, 3651 evals/s, 264 msg/s, 13.8 leaves/msg, 1233s)
2026-08-25 03:45:42   [GPU] 4,550,021 evals (119105 batches, avg 38/batch = 7% of 512, 3652 evals/s, 264 msg/s, 13.8 leaves/msg, 1246s)
2026-08-25 03:45:54   [GPU] 4,600,012 evals (120238 batches, avg 38/batch = 7% of 512, 3658 evals/s, 264 msg/s, 13.9 leaves/msg, 1258s)
2026-08-25 03:46:01 [iter 9/40] self-play: 145/160 games...
2026-08-25 03:46:06   [GPU] 4,650,053 evals (121499 batches, avg 38/batch = 7% of 512, 3660 evals/s, 265 msg/s, 13.8 leaves/msg, 1271s)
2026-08-25 03:46:20   [GPU] 4,700,015 evals (122784 batches, avg 38/batch = 7% of 512, 3660 evals/s, 265 msg/s, 13.8 leaves/msg, 1284s)
2026-08-25 03:46:21 [iter 9/40] self-play: 150/160 games...
2026-08-25 03:46:36   [GPU] 4,750,011 evals (124192 batches, avg 38/batch = 7% of 512, 3655 evals/s, 264 msg/s, 13.8 leaves/msg, 1300s)
2026-08-25 03:46:47 [iter 9/40] self-play: 155/160 games...
2026-08-25 03:46:55   [GPU] 4,800,026 evals (125864 batches, avg 38/batch = 7% of 512, 3640 evals/s, 263 msg/s, 13.8 leaves/msg, 1319s)
2026-08-25 03:47:18   [GPU] 4,850,015 evals (127725 batches, avg 38/batch = 7% of 512, 3615 evals/s, 261 msg/s, 13.8 leaves/msg, 1342s)
2026-08-25 03:47:38   [GPU] 4,900,007 evals (129496 batches, avg 38/batch = 7% of 512, 3598 evals/s, 260 msg/s, 13.8 leaves/msg, 1362s)
2026-08-25 03:47:58   [GPU] 4,950,007 evals (131252 batches, avg 38/batch = 7% of 512, 3583 evals/s, 259 msg/s, 13.8 leaves/msg, 1382s)
2026-08-25 03:48:20   [GPU] 5,000,011 evals (133145 batches, avg 38/batch = 7% of 512, 3562 evals/s, 258 msg/s, 13.8 leaves/msg, 1404s)
2026-08-25 03:48:42   [GPU] 5,050,030 evals (135062 batches, avg 37/batch = 7% of 512, 3541 evals/s, 256 msg/s, 13.8 leaves/msg, 1426s)
2026-08-25 03:49:18   [GPU] 5,100,005 evals (137514 batches, avg 37/batch = 7% of 512, 3489 evals/s, 252 msg/s, 13.8 leaves/msg, 1462s)
2026-08-25 03:49:54   [GPU] 5,150,007 evals (139948 batches, avg 37/batch = 7% of 512, 3438 evals/s, 249 msg/s, 13.8 leaves/msg, 1498s)
2026-08-25 03:50:31   [GPU] 5,200,018 evals (142441 batches, avg 37/batch = 7% of 512, 3388 evals/s, 245 msg/s, 13.8 leaves/msg, 1535s)
2026-08-25 03:51:12   [GPU] 5,250,006 evals (145054 batches, avg 36/batch = 7% of 512, 3332 evals/s, 241 msg/s, 13.8 leaves/msg, 1576s)
2026-08-25 03:51:21 [iter 9/40] self-play: 160/160 games...
2026-08-25 03:51:22 [iter 9/40] self-play done: 160 games (1586s) | wins: P0=40, P1=46, P2=22, P3=36, draw=16 | draw_rate=10% avg_len~27
2026-08-25 03:51:22 [iter 9/40] search: expanded=8.4 actions/node visits/action=71.2 walls/game=5.39 first_wall_ply=2.95 learner_sims/s=3560.14
2026-08-25 03:51:22 [iter 9/40] training (600 steps, lr=9.14e-04)...
2026-08-25 03:51:30 [iter 9/40] training done: loss_p=1.339 loss_v=0.144 (8s)
2026-08-25 03:51:31 [iter 9/40] data: policy_wall_mass=0.136 walled_states=65% walls_on_board=17.4 value_mae walled=0.247 free=0.323
2026-08-25 03:51:32 [iter 9/40] eval skipped (eval_every=4)
2026-08-25 03:51:32 >>> iter 9 | loss_p=1.339 loss_v=0.144 | vs_best=n/a (not evaluated) | vs_rand=n/a | draw=10% | buf=74538 | rss=2.83GB | sp=1586s train=8s eval_best=0s eval_rand=0s | total=1596s
2026-08-25 03:51:32 [iter 10/40] self-play starting (160 games, 600 sims, MIXED 80/160 race-only)...
2026-08-25 03:51:32 [PARALLEL-MP] 8 workers spawned (160 games, sims=600), GPU batcher starting...
2026-08-25 03:51:48   [GPU] 50,009 evals (1398 batches, avg 36/batch = 7% of 512, 2969 evals/s, 213 msg/s, 14.0 leaves/msg, 17s)
2026-08-25 03:51:52 [iter 10/40] self-play: 5/160 games...
2026-08-25 03:52:03 [iter 10/40] self-play: 10/160 games...
2026-08-25 03:52:04   [GPU] 100,016 evals (2918 batches, avg 34/batch = 7% of 512, 3054 evals/s, 235 msg/s, 13.0 leaves/msg, 33s)
2026-08-25 03:52:24 [iter 10/40] self-play: 15/160 games...
2026-08-25 03:52:24   [GPU] 150,019 evals (4666 batches, avg 32/batch = 6% of 512, 2887 evals/s, 222 msg/s, 13.0 leaves/msg, 52s)
2026-08-25 03:52:43   [GPU] 200,041 evals (6333 batches, avg 32/batch = 6% of 512, 2813 evals/s, 213 msg/s, 13.2 leaves/msg, 71s)
2026-08-25 03:53:03   [GPU] 250,007 evals (7963 batches, avg 31/batch = 6% of 512, 2745 evals/s, 203 msg/s, 13.5 leaves/msg, 91s)
2026-08-25 03:53:13 [iter 10/40] self-play: 20/160 games...
2026-08-25 03:53:19   [GPU] 300,043 evals (9415 batches, avg 32/batch = 6% of 512, 2806 evals/s, 206 msg/s, 13.6 leaves/msg, 107s)
2026-08-25 03:53:34   [GPU] 350,023 evals (10772 batches, avg 32/batch = 6% of 512, 2864 evals/s, 208 msg/s, 13.8 leaves/msg, 122s)
2026-08-25 03:53:49   [GPU] 400,063 evals (12106 batches, avg 33/batch = 6% of 512, 2918 evals/s, 210 msg/s, 13.9 leaves/msg, 137s)
2026-08-25 03:54:01   [GPU] 450,034 evals (13280 batches, avg 34/batch = 7% of 512, 3008 evals/s, 215 msg/s, 14.0 leaves/msg, 150s)
2026-08-25 03:54:09 [iter 10/40] self-play: 25/160 games...
2026-08-25 03:54:14   [GPU] 500,037 evals (14494 batches, avg 34/batch = 7% of 512, 3082 evals/s, 222 msg/s, 13.9 leaves/msg, 162s)
2026-08-25 03:54:28   [GPU] 550,001 evals (15772 batches, avg 35/batch = 7% of 512, 3125 evals/s, 224 msg/s, 14.0 leaves/msg, 176s)
2026-08-25 03:54:40   [GPU] 600,037 evals (16994 batches, avg 35/batch = 7% of 512, 3184 evals/s, 228 msg/s, 14.0 leaves/msg, 188s)
2026-08-25 03:54:46 [iter 10/40] self-play: 30/160 games...
2026-08-25 03:54:55   [GPU] 650,025 evals (18347 batches, avg 35/batch = 7% of 512, 3201 evals/s, 229 msg/s, 14.0 leaves/msg, 203s)
2026-08-25 03:55:08   [GPU] 700,017 evals (19566 batches, avg 36/batch = 7% of 512, 3238 evals/s, 231 msg/s, 14.0 leaves/msg, 216s)
2026-08-25 03:55:21   [GPU] 750,013 evals (20767 batches, avg 36/batch = 7% of 512, 3277 evals/s, 235 msg/s, 14.0 leaves/msg, 229s)
2026-08-25 03:55:35   [GPU] 800,043 evals (22106 batches, avg 36/batch = 7% of 512, 3290 evals/s, 236 msg/s, 13.9 leaves/msg, 243s)
2026-08-25 03:55:45 [iter 10/40] self-play: 35/160 games...
2026-08-25 03:55:49   [GPU] 850,022 evals (23447 batches, avg 36/batch = 7% of 512, 3304 evals/s, 237 msg/s, 14.0 leaves/msg, 257s)
2026-08-25 03:56:01   [GPU] 900,027 evals (24674 batches, avg 36/batch = 7% of 512, 3339 evals/s, 239 msg/s, 14.0 leaves/msg, 270s)
2026-08-25 03:56:14   [GPU] 950,013 evals (25905 batches, avg 37/batch = 7% of 512, 3365 evals/s, 241 msg/s, 14.0 leaves/msg, 282s)
2026-08-25 03:56:29   [GPU] 1,000,042 evals (27285 batches, avg 37/batch = 7% of 512, 3367 evals/s, 242 msg/s, 13.9 leaves/msg, 297s)
2026-08-25 03:56:36 [iter 10/40] self-play: 40/160 games...
2026-08-25 03:56:42   [GPU] 1,050,013 evals (28622 batches, avg 37/batch = 7% of 512, 3382 evals/s, 243 msg/s, 13.9 leaves/msg, 310s)
2026-08-25 03:56:57   [GPU] 1,100,032 evals (29999 batches, avg 37/batch = 7% of 512, 3383 evals/s, 243 msg/s, 13.9 leaves/msg, 325s)
2026-08-25 03:57:10   [GPU] 1,150,026 evals (31300 batches, avg 37/batch = 7% of 512, 3397 evals/s, 244 msg/s, 13.9 leaves/msg, 339s)
2026-08-25 03:57:18 [iter 10/40] self-play: 45/160 games...
2026-08-25 03:57:25   [GPU] 1,200,017 evals (32638 batches, avg 37/batch = 7% of 512, 3399 evals/s, 245 msg/s, 13.9 leaves/msg, 353s)
2026-08-25 03:57:39   [GPU] 1,250,034 evals (33962 batches, avg 37/batch = 7% of 512, 3400 evals/s, 245 msg/s, 13.9 leaves/msg, 368s)
2026-08-25 03:57:53   [GPU] 1,300,021 evals (35229 batches, avg 37/batch = 7% of 512, 3411 evals/s, 245 msg/s, 13.9 leaves/msg, 381s)
2026-08-25 03:58:08   [GPU] 1,350,016 evals (36545 batches, avg 37/batch = 7% of 512, 3409 evals/s, 245 msg/s, 13.9 leaves/msg, 396s)
2026-08-25 03:58:22   [GPU] 1,400,002 evals (37810 batches, avg 37/batch = 7% of 512, 3416 evals/s, 245 msg/s, 13.9 leaves/msg, 410s)
2026-08-25 03:58:34   [GPU] 1,450,001 evals (39013 batches, avg 37/batch = 7% of 512, 3434 evals/s, 246 msg/s, 13.9 leaves/msg, 422s)
2026-08-25 03:58:37 [iter 10/40] self-play: 50/160 games...
2026-08-25 03:58:48   [GPU] 1,500,016 evals (40311 batches, avg 37/batch = 7% of 512, 3441 evals/s, 247 msg/s, 13.9 leaves/msg, 436s)
2026-08-25 03:59:01   [GPU] 1,550,031 evals (41634 batches, avg 37/batch = 7% of 512, 3446 evals/s, 248 msg/s, 13.9 leaves/msg, 450s)
2026-08-25 03:59:07 [iter 10/40] self-play: 55/160 games...
2026-08-25 03:59:16   [GPU] 1,600,017 evals (43014 batches, avg 37/batch = 7% of 512, 3446 evals/s, 248 msg/s, 13.9 leaves/msg, 464s)
2026-08-25 03:59:31   [GPU] 1,650,013 evals (44414 batches, avg 37/batch = 7% of 512, 3439 evals/s, 247 msg/s, 13.9 leaves/msg, 480s)
2026-08-25 03:59:46   [GPU] 1,700,025 evals (45776 batches, avg 37/batch = 7% of 512, 3437 evals/s, 247 msg/s, 13.9 leaves/msg, 495s)
2026-08-25 03:59:55 [iter 10/40] self-play: 60/160 games...
2026-08-25 04:00:00   [GPU] 1,750,031 evals (47074 batches, avg 37/batch = 7% of 512, 3441 evals/s, 247 msg/s, 13.9 leaves/msg, 509s)
2026-08-25 04:00:15   [GPU] 1,800,014 evals (48444 batches, avg 37/batch = 7% of 512, 3438 evals/s, 247 msg/s, 13.9 leaves/msg, 524s)
2026-08-25 04:00:29   [GPU] 1,850,005 evals (49743 batches, avg 37/batch = 7% of 512, 3440 evals/s, 247 msg/s, 14.0 leaves/msg, 538s)
2026-08-25 04:00:42   [GPU] 1,900,038 evals (50931 batches, avg 37/batch = 7% of 512, 3455 evals/s, 247 msg/s, 14.0 leaves/msg, 550s)
2026-08-25 04:00:52 [iter 10/40] self-play: 65/160 games...
2026-08-25 04:00:54   [GPU] 1,950,006 evals (52168 batches, avg 37/batch = 7% of 512, 3466 evals/s, 248 msg/s, 14.0 leaves/msg, 563s)
2026-08-25 04:01:10   [GPU] 2,000,015 evals (53642 batches, avg 37/batch = 7% of 512, 3460 evals/s, 249 msg/s, 13.9 leaves/msg, 578s)
2026-08-25 04:01:11 [iter 10/40] self-play: 70/160 games...
2026-08-25 04:01:26   [GPU] 2,050,024 evals (55198 batches, avg 37/batch = 7% of 512, 3446 evals/s, 248 msg/s, 13.9 leaves/msg, 595s)
2026-08-25 04:01:34 [iter 10/40] self-play: 75/160 games...
2026-08-25 04:01:43   [GPU] 2,100,015 evals (56700 batches, avg 37/batch = 7% of 512, 3436 evals/s, 247 msg/s, 13.9 leaves/msg, 611s)
2026-08-25 04:02:00   [GPU] 2,150,003 evals (58242 batches, avg 37/batch = 7% of 512, 3423 evals/s, 247 msg/s, 13.9 leaves/msg, 628s)
2026-08-25 04:02:04 [iter 10/40] self-play: 80/160 games...
2026-08-25 04:02:14   [GPU] 2,200,010 evals (59610 batches, avg 37/batch = 7% of 512, 3424 evals/s, 247 msg/s, 13.9 leaves/msg, 643s)
2026-08-25 04:02:30   [GPU] 2,250,015 evals (61044 batches, avg 37/batch = 7% of 512, 3420 evals/s, 246 msg/s, 13.9 leaves/msg, 658s)
2026-08-25 04:02:43   [GPU] 2,300,007 evals (62388 batches, avg 37/batch = 7% of 512, 3425 evals/s, 246 msg/s, 13.9 leaves/msg, 671s)
2026-08-25 04:02:50 [iter 10/40] self-play: 85/160 games...
2026-08-25 04:02:58   [GPU] 2,350,043 evals (63760 batches, avg 37/batch = 7% of 512, 3425 evals/s, 247 msg/s, 13.9 leaves/msg, 686s)
2026-08-25 04:03:12   [GPU] 2,400,045 evals (65087 batches, avg 37/batch = 7% of 512, 3428 evals/s, 246 msg/s, 13.9 leaves/msg, 700s)
2026-08-25 04:03:24   [GPU] 2,450,012 evals (66264 batches, avg 37/batch = 7% of 512, 3441 evals/s, 247 msg/s, 13.9 leaves/msg, 712s)
2026-08-25 04:03:35   [GPU] 2,500,051 evals (67446 batches, avg 37/batch = 7% of 512, 3454 evals/s, 248 msg/s, 13.9 leaves/msg, 724s)
2026-08-25 04:03:46 [iter 10/40] self-play: 90/160 games...
2026-08-25 04:03:46   [GPU] 2,550,013 evals (68547 batches, avg 37/batch = 7% of 512, 3470 evals/s, 249 msg/s, 13.9 leaves/msg, 735s)
2026-08-25 04:03:59   [GPU] 2,600,036 evals (69794 batches, avg 37/batch = 7% of 512, 3478 evals/s, 250 msg/s, 13.9 leaves/msg, 748s)
2026-08-25 04:04:10   [GPU] 2,650,013 evals (70928 batches, avg 37/batch = 7% of 512, 3493 evals/s, 251 msg/s, 13.9 leaves/msg, 759s)
2026-08-25 04:04:21   [GPU] 2,700,044 evals (72060 batches, avg 37/batch = 7% of 512, 3508 evals/s, 252 msg/s, 13.9 leaves/msg, 770s)
2026-08-25 04:04:33   [GPU] 2,750,004 evals (73247 batches, avg 38/batch = 7% of 512, 3520 evals/s, 253 msg/s, 13.9 leaves/msg, 781s)
2026-08-25 04:04:45   [GPU] 2,800,062 evals (74427 batches, avg 38/batch = 7% of 512, 3530 evals/s, 253 msg/s, 13.9 leaves/msg, 793s)
2026-08-25 04:04:57   [GPU] 2,850,010 evals (75603 batches, avg 38/batch = 7% of 512, 3541 evals/s, 254 msg/s, 13.9 leaves/msg, 805s)
2026-08-25 04:05:08   [GPU] 2,900,002 evals (76756 batches, avg 38/batch = 7% of 512, 3552 evals/s, 255 msg/s, 13.9 leaves/msg, 816s)
2026-08-25 04:05:19   [GPU] 2,950,012 evals (77892 batches, avg 38/batch = 7% of 512, 3565 evals/s, 256 msg/s, 14.0 leaves/msg, 828s)
2026-08-25 04:05:31   [GPU] 3,000,043 evals (79089 batches, avg 38/batch = 7% of 512, 3574 evals/s, 256 msg/s, 13.9 leaves/msg, 839s)
2026-08-25 04:05:38 [iter 10/40] self-play: 95/160 games...
2026-08-25 04:05:43   [GPU] 3,050,031 evals (80292 batches, avg 38/batch = 7% of 512, 3583 evals/s, 257 msg/s, 13.9 leaves/msg, 851s)
2026-08-25 04:05:54   [GPU] 3,100,030 evals (81436 batches, avg 38/batch = 7% of 512, 3593 evals/s, 258 msg/s, 13.9 leaves/msg, 863s)
2026-08-25 04:06:08   [GPU] 3,150,054 evals (82709 batches, avg 38/batch = 7% of 512, 3595 evals/s, 258 msg/s, 13.9 leaves/msg, 876s)
2026-08-25 04:06:20   [GPU] 3,200,024 evals (83883 batches, avg 38/batch = 7% of 512, 3603 evals/s, 258 msg/s, 13.9 leaves/msg, 888s)
2026-08-25 04:06:27 [iter 10/40] self-play: 100/160 games...
2026-08-25 04:06:32   [GPU] 3,250,020 evals (85068 batches, avg 38/batch = 7% of 512, 3611 evals/s, 259 msg/s, 13.9 leaves/msg, 900s)
2026-08-25 04:06:44   [GPU] 3,300,008 evals (86312 batches, avg 38/batch = 7% of 512, 3616 evals/s, 259 msg/s, 13.9 leaves/msg, 913s)
2026-08-25 04:06:56   [GPU] 3,350,043 evals (87495 batches, avg 38/batch = 7% of 512, 3624 evals/s, 260 msg/s, 13.9 leaves/msg, 925s)
2026-08-25 04:07:08   [GPU] 3,400,002 evals (88659 batches, avg 38/batch = 7% of 512, 3632 evals/s, 260 msg/s, 14.0 leaves/msg, 936s)
2026-08-25 04:07:19   [GPU] 3,450,025 evals (89797 batches, avg 38/batch = 8% of 512, 3641 evals/s, 261 msg/s, 13.9 leaves/msg, 948s)
2026-08-25 04:07:31   [GPU] 3,500,034 evals (90963 batches, avg 38/batch = 8% of 512, 3647 evals/s, 261 msg/s, 14.0 leaves/msg, 960s)
2026-08-25 04:07:37 [iter 10/40] self-play: 105/160 games...
2026-08-25 04:07:43   [GPU] 3,550,017 evals (92099 batches, avg 39/batch = 8% of 512, 3656 evals/s, 262 msg/s, 13.9 leaves/msg, 971s)
2026-08-25 04:07:55   [GPU] 3,600,005 evals (93330 batches, avg 39/batch = 8% of 512, 3659 evals/s, 262 msg/s, 13.9 leaves/msg, 984s)
2026-08-25 04:08:08   [GPU] 3,650,011 evals (94576 batches, avg 39/batch = 8% of 512, 3662 evals/s, 263 msg/s, 13.9 leaves/msg, 997s)
2026-08-25 04:08:21 [iter 10/40] self-play: 110/160 games...
2026-08-25 04:08:22   [GPU] 3,700,041 evals (95870 batches, avg 39/batch = 8% of 512, 3661 evals/s, 263 msg/s, 13.9 leaves/msg, 1011s)
2026-08-25 04:08:37   [GPU] 3,750,068 evals (97188 batches, avg 39/batch = 8% of 512, 3658 evals/s, 262 msg/s, 13.9 leaves/msg, 1025s)
2026-08-25 04:08:49   [GPU] 3,800,016 evals (98380 batches, avg 39/batch = 8% of 512, 3662 evals/s, 263 msg/s, 13.9 leaves/msg, 1038s)
2026-08-25 04:09:02   [GPU] 3,850,022 evals (99593 batches, avg 39/batch = 8% of 512, 3667 evals/s, 263 msg/s, 13.9 leaves/msg, 1050s)
2026-08-25 04:09:14   [GPU] 3,900,062 evals (100800 batches, avg 39/batch = 8% of 512, 3670 evals/s, 263 msg/s, 14.0 leaves/msg, 1063s)
2026-08-25 04:09:27   [GPU] 3,950,046 evals (101994 batches, avg 39/batch = 8% of 512, 3673 evals/s, 263 msg/s, 14.0 leaves/msg, 1076s)
2026-08-25 04:09:40   [GPU] 4,000,010 evals (103165 batches, avg 39/batch = 8% of 512, 3677 evals/s, 263 msg/s, 14.0 leaves/msg, 1088s)
2026-08-25 04:09:52   [GPU] 4,050,040 evals (104320 batches, avg 39/batch = 8% of 512, 3681 evals/s, 263 msg/s, 14.0 leaves/msg, 1100s)
2026-08-25 04:10:04   [GPU] 4,100,034 evals (105473 batches, avg 39/batch = 8% of 512, 3686 evals/s, 264 msg/s, 14.0 leaves/msg, 1112s)
2026-08-25 04:10:14 [iter 10/40] self-play: 115/160 games...
2026-08-25 04:10:16   [GPU] 4,150,024 evals (106616 batches, avg 39/batch = 8% of 512, 3691 evals/s, 264 msg/s, 14.0 leaves/msg, 1124s)
2026-08-25 04:10:27   [GPU] 4,200,033 evals (107709 batches, avg 39/batch = 8% of 512, 3699 evals/s, 265 msg/s, 14.0 leaves/msg, 1135s)
2026-08-25 04:10:40   [GPU] 4,250,050 evals (108914 batches, avg 39/batch = 8% of 512, 3700 evals/s, 265 msg/s, 14.0 leaves/msg, 1149s)
2026-08-25 04:10:52   [GPU] 4,300,009 evals (110047 batches, avg 39/batch = 8% of 512, 3705 evals/s, 265 msg/s, 14.0 leaves/msg, 1160s)
2026-08-25 04:11:01 [iter 10/40] self-play: 120/160 games...
2026-08-25 04:11:05   [GPU] 4,350,031 evals (111241 batches, avg 39/batch = 8% of 512, 3709 evals/s, 265 msg/s, 14.0 leaves/msg, 1173s)
2026-08-25 04:11:19   [GPU] 4,400,001 evals (112569 batches, avg 39/batch = 8% of 512, 3706 evals/s, 265 msg/s, 14.0 leaves/msg, 1187s)
2026-08-25 04:11:24 [iter 10/40] self-play: 125/160 games...
2026-08-25 04:11:34   [GPU] 4,450,036 evals (113930 batches, avg 39/batch = 8% of 512, 3702 evals/s, 265 msg/s, 14.0 leaves/msg, 1202s)
2026-08-25 04:11:48   [GPU] 4,500,058 evals (115250 batches, avg 39/batch = 8% of 512, 3701 evals/s, 265 msg/s, 14.0 leaves/msg, 1216s)
2026-08-25 04:11:55 [iter 10/40] self-play: 130/160 games...
2026-08-25 04:12:03   [GPU] 4,550,000 evals (116653 batches, avg 39/batch = 8% of 512, 3695 evals/s, 265 msg/s, 14.0 leaves/msg, 1232s)
2026-08-25 04:12:17   [GPU] 4,600,036 evals (117953 batches, avg 39/batch = 8% of 512, 3693 evals/s, 264 msg/s, 14.0 leaves/msg, 1246s)
2026-08-25 04:12:31   [GPU] 4,650,011 evals (119240 batches, avg 39/batch = 8% of 512, 3691 evals/s, 264 msg/s, 14.0 leaves/msg, 1260s)
2026-08-25 04:12:47   [GPU] 4,700,022 evals (120638 batches, avg 39/batch = 8% of 512, 3685 evals/s, 264 msg/s, 14.0 leaves/msg, 1275s)
2026-08-25 04:12:56 [iter 10/40] self-play: 135/160 games...
2026-08-25 04:13:02   [GPU] 4,750,008 evals (122002 batches, avg 39/batch = 8% of 512, 3680 evals/s, 263 msg/s, 14.0 leaves/msg, 1291s)
2026-08-25 04:13:16   [GPU] 4,800,033 evals (123313 batches, avg 39/batch = 8% of 512, 3680 evals/s, 263 msg/s, 14.0 leaves/msg, 1304s)
2026-08-25 04:13:31   [GPU] 4,850,000 evals (124649 batches, avg 39/batch = 8% of 512, 3677 evals/s, 263 msg/s, 14.0 leaves/msg, 1319s)
2026-08-25 04:13:45   [GPU] 4,900,032 evals (125907 batches, avg 39/batch = 8% of 512, 3676 evals/s, 263 msg/s, 14.0 leaves/msg, 1333s)
2026-08-25 04:13:58   [GPU] 4,950,044 evals (127144 batches, avg 39/batch = 8% of 512, 3677 evals/s, 263 msg/s, 14.0 leaves/msg, 1346s)
2026-08-25 04:14:10   [GPU] 5,000,006 evals (128291 batches, avg 39/batch = 8% of 512, 3681 evals/s, 263 msg/s, 14.0 leaves/msg, 1358s)
2026-08-25 04:14:18 [iter 10/40] self-play: 140/160 games...
2026-08-25 04:14:22   [GPU] 5,050,011 evals (129448 batches, avg 39/batch = 8% of 512, 3686 evals/s, 263 msg/s, 14.0 leaves/msg, 1370s)
2026-08-25 04:14:34   [GPU] 5,100,022 evals (130642 batches, avg 39/batch = 8% of 512, 3688 evals/s, 263 msg/s, 14.0 leaves/msg, 1383s)
2026-08-25 04:14:49   [GPU] 5,150,036 evals (131915 batches, avg 39/batch = 8% of 512, 3686 evals/s, 263 msg/s, 14.0 leaves/msg, 1397s)
2026-08-25 04:15:01   [GPU] 5,200,024 evals (133108 batches, avg 39/batch = 8% of 512, 3689 evals/s, 263 msg/s, 14.0 leaves/msg, 1410s)
2026-08-25 04:15:12 [iter 10/40] self-play: 145/160 games...
2026-08-25 04:15:14   [GPU] 5,250,036 evals (134282 batches, avg 39/batch = 8% of 512, 3692 evals/s, 264 msg/s, 14.0 leaves/msg, 1422s)
2026-08-25 04:15:27   [GPU] 5,300,021 evals (135508 batches, avg 39/batch = 8% of 512, 3692 evals/s, 263 msg/s, 14.0 leaves/msg, 1436s)
2026-08-25 04:15:42   [GPU] 5,350,019 evals (136788 batches, avg 39/batch = 8% of 512, 3690 evals/s, 263 msg/s, 14.0 leaves/msg, 1450s)
2026-08-25 04:15:56   [GPU] 5,400,047 evals (138109 batches, avg 39/batch = 8% of 512, 3687 evals/s, 263 msg/s, 14.0 leaves/msg, 1464s)
2026-08-25 04:16:05 [iter 10/40] self-play: 150/160 games...
2026-08-25 04:16:10   [GPU] 5,450,009 evals (139379 batches, avg 39/batch = 8% of 512, 3687 evals/s, 263 msg/s, 14.0 leaves/msg, 1478s)
2026-08-25 04:16:24   [GPU] 5,500,050 evals (140736 batches, avg 39/batch = 8% of 512, 3684 evals/s, 263 msg/s, 14.0 leaves/msg, 1493s)
2026-08-25 04:16:42   [GPU] 5,550,030 evals (142268 batches, avg 39/batch = 8% of 512, 3675 evals/s, 263 msg/s, 14.0 leaves/msg, 1510s)
2026-08-25 04:17:00   [GPU] 5,600,006 evals (143820 batches, avg 39/batch = 8% of 512, 3664 evals/s, 262 msg/s, 14.0 leaves/msg, 1528s)
2026-08-25 04:17:17   [GPU] 5,650,013 evals (145359 batches, avg 39/batch = 8% of 512, 3655 evals/s, 261 msg/s, 14.0 leaves/msg, 1546s)
2026-08-25 04:17:34   [GPU] 5,700,005 evals (146855 batches, avg 39/batch = 8% of 512, 3648 evals/s, 260 msg/s, 14.0 leaves/msg, 1562s)
2026-08-25 04:17:43 [iter 10/40] self-play: 155/160 games...
2026-08-25 04:17:52   [GPU] 5,750,001 evals (148473 batches, avg 39/batch = 8% of 512, 3638 evals/s, 260 msg/s, 14.0 leaves/msg, 1581s)
2026-08-25 04:18:11   [GPU] 5,800,028 evals (150139 batches, avg 39/batch = 8% of 512, 3626 evals/s, 259 msg/s, 14.0 leaves/msg, 1600s)
2026-08-25 04:18:30   [GPU] 5,850,034 evals (151778 batches, avg 39/batch = 8% of 512, 3615 evals/s, 258 msg/s, 14.0 leaves/msg, 1618s)
2026-08-25 04:18:49   [GPU] 5,900,041 evals (153502 batches, avg 38/batch = 8% of 512, 3603 evals/s, 257 msg/s, 14.0 leaves/msg, 1638s)
2026-08-25 04:19:10   [GPU] 5,950,021 evals (155335 batches, avg 38/batch = 7% of 512, 3588 evals/s, 256 msg/s, 14.0 leaves/msg, 1658s)
2026-08-25 04:19:30   [GPU] 6,000,001 evals (157172 batches, avg 38/batch = 7% of 512, 3574 evals/s, 255 msg/s, 14.0 leaves/msg, 1679s)
2026-08-25 04:19:51   [GPU] 6,050,036 evals (158985 batches, avg 38/batch = 7% of 512, 3561 evals/s, 254 msg/s, 14.0 leaves/msg, 1699s)
2026-08-25 04:20:11   [GPU] 6,100,003 evals (160811 batches, avg 38/batch = 7% of 512, 3548 evals/s, 253 msg/s, 14.0 leaves/msg, 1719s)
2026-08-25 04:20:32   [GPU] 6,150,014 evals (162644 batches, avg 38/batch = 7% of 512, 3535 evals/s, 252 msg/s, 14.0 leaves/msg, 1740s)
2026-08-25 04:20:52   [GPU] 6,200,026 evals (164478 batches, avg 38/batch = 7% of 512, 3522 evals/s, 251 msg/s, 14.0 leaves/msg, 1760s)
2026-08-25 04:21:20   [GPU] 6,250,011 evals (166682 batches, avg 37/batch = 7% of 512, 3494 evals/s, 249 msg/s, 14.0 leaves/msg, 1789s)
2026-08-25 04:21:26 [iter 10/40] self-play: 160/160 games...
2026-08-25 04:21:27 [iter 10/40] self-play done: 160 games (1795s) | wins: P0=34, P1=44, P2=15, P3=45, draw=22 | draw_rate=14% avg_len~25
2026-08-25 04:21:27 [iter 10/40] search: expanded=8.6 actions/node visits/action=69.8 walls/game=5.36 first_wall_ply=2.987 learner_sims/s=3698.95
2026-08-25 04:21:27 [iter 10/40] training (600 steps, lr=8.92e-04)...
2026-08-25 04:21:35 [iter 10/40] training done: loss_p=1.331 loss_v=0.147 (8s)
2026-08-25 04:21:36 [iter 10/40] data: policy_wall_mass=0.108 walled_states=63% walls_on_board=18.4 value_mae walled=0.222 free=0.357
2026-08-25 04:21:37 [iter 10/40] eval skipped (eval_every=4)
2026-08-25 04:21:37 >>> iter 10 | loss_p=1.331 loss_v=0.147 | vs_best=n/a (not evaluated) | vs_rand=n/a | draw=14% | buf=82592 | rss=2.90GB | sp=1795s train=8s eval_best=0s eval_rand=0s | total=1805s
2026-08-25 04:21:37 [iter 11/40] self-play starting (160 games, 600 sims, MIXED 80/160 race-only)...
2026-08-25 04:21:37 [PARALLEL-MP] 8 workers spawned (160 games, sims=600), GPU batcher starting...
2026-08-25 04:21:54   [GPU] 50,031 evals (1453 batches, avg 34/batch = 7% of 512, 2924 evals/s, 218 msg/s, 13.4 leaves/msg, 17s)
2026-08-25 04:21:56 [iter 11/40] self-play: 5/160 games...
2026-08-25 04:22:09 [iter 11/40] self-play: 10/160 games...
2026-08-25 04:22:10   [GPU] 100,003 evals (3041 batches, avg 33/batch = 6% of 512, 2982 evals/s, 229 msg/s, 13.0 leaves/msg, 34s)
2026-08-25 04:22:26 [iter 11/40] self-play: 15/160 games...
2026-08-25 04:22:29   [GPU] 150,011 evals (4666 batches, avg 32/batch = 6% of 512, 2879 evals/s, 218 msg/s, 13.2 leaves/msg, 52s)
2026-08-25 04:22:48   [GPU] 200,030 evals (6291 batches, avg 32/batch = 6% of 512, 2811 evals/s, 209 msg/s, 13.4 leaves/msg, 71s)
2026-08-25 04:23:06   [GPU] 250,023 evals (7829 batches, avg 32/batch = 6% of 512, 2815 evals/s, 206 msg/s, 13.7 leaves/msg, 89s)
2026-08-25 04:23:13 [iter 11/40] self-play: 20/160 games...
2026-08-25 04:23:22   [GPU] 300,010 evals (9286 batches, avg 32/batch = 6% of 512, 2858 evals/s, 208 msg/s, 13.7 leaves/msg, 105s)
2026-08-25 04:23:37   [GPU] 350,024 evals (10683 batches, avg 33/batch = 6% of 512, 2902 evals/s, 209 msg/s, 13.9 leaves/msg, 121s)
2026-08-25 04:23:53   [GPU] 400,027 evals (12116 batches, avg 33/batch = 6% of 512, 2934 evals/s, 211 msg/s, 13.9 leaves/msg, 136s)
2026-08-25 04:24:07   [GPU] 450,031 evals (13394 batches, avg 34/batch = 7% of 512, 2999 evals/s, 215 msg/s, 13.9 leaves/msg, 150s)
2026-08-25 04:24:19 [iter 11/40] self-play: 25/160 games...
2026-08-25 04:24:20   [GPU] 500,033 evals (14632 batches, avg 34/batch = 7% of 512, 3069 evals/s, 221 msg/s, 13.9 leaves/msg, 163s)
2026-08-25 04:24:33   [GPU] 550,021 evals (15889 batches, avg 35/batch = 7% of 512, 3123 evals/s, 224 msg/s, 14.0 leaves/msg, 176s)
2026-08-25 04:24:47   [GPU] 600,044 evals (17180 batches, avg 35/batch = 7% of 512, 3162 evals/s, 227 msg/s, 14.0 leaves/msg, 190s)
2026-08-25 04:24:59   [GPU] 650,008 evals (18358 batches, avg 35/batch = 7% of 512, 3221 evals/s, 230 msg/s, 14.0 leaves/msg, 202s)
2026-08-25 04:25:09 [iter 11/40] self-play: 30/160 games...
2026-08-25 04:25:12   [GPU] 700,057 evals (19607 batches, avg 36/batch = 7% of 512, 3258 evals/s, 234 msg/s, 13.9 leaves/msg, 215s)
2026-08-25 04:25:26   [GPU] 750,009 evals (20930 batches, avg 36/batch = 7% of 512, 3274 evals/s, 235 msg/s, 13.9 leaves/msg, 229s)
2026-08-25 04:25:40   [GPU] 800,002 evals (22260 batches, avg 36/batch = 7% of 512, 3291 evals/s, 237 msg/s, 13.9 leaves/msg, 243s)
2026-08-25 04:25:40 [iter 11/40] self-play: 35/160 games...
2026-08-25 04:25:54   [GPU] 850,043 evals (23544 batches, avg 36/batch = 7% of 512, 3311 evals/s, 239 msg/s, 13.9 leaves/msg, 257s)
2026-08-25 04:25:59 [iter 11/40] self-play: 40/160 games...
2026-08-25 04:26:09   [GPU] 900,014 evals (24955 batches, avg 36/batch = 7% of 512, 3312 evals/s, 239 msg/s, 13.8 leaves/msg, 272s)
2026-08-25 04:26:24   [GPU] 950,023 evals (26390 batches, avg 36/batch = 7% of 512, 3306 evals/s, 239 msg/s, 13.8 leaves/msg, 287s)
2026-08-25 04:26:25 [iter 11/40] self-play: 45/160 games...
2026-08-25 04:26:41   [GPU] 1,000,008 evals (27883 batches, avg 36/batch = 7% of 512, 3287 evals/s, 238 msg/s, 13.8 leaves/msg, 304s)
2026-08-25 04:26:56   [GPU] 1,050,013 evals (29306 batches, avg 36/batch = 7% of 512, 3290 evals/s, 238 msg/s, 13.8 leaves/msg, 319s)
2026-08-25 04:26:59 [iter 11/40] self-play: 50/160 games...
2026-08-25 04:27:12   [GPU] 1,100,023 evals (30740 batches, avg 36/batch = 7% of 512, 3280 evals/s, 237 msg/s, 13.9 leaves/msg, 335s)
2026-08-25 04:27:25   [GPU] 1,150,040 evals (31960 batches, avg 36/batch = 7% of 512, 3304 evals/s, 238 msg/s, 13.9 leaves/msg, 348s)
2026-08-25 04:27:39   [GPU] 1,200,023 evals (33290 batches, avg 36/batch = 7% of 512, 3316 evals/s, 239 msg/s, 13.9 leaves/msg, 362s)
2026-08-25 04:27:44 [iter 11/40] self-play: 55/160 games...
2026-08-25 04:27:52   [GPU] 1,250,014 evals (34545 batches, avg 36/batch = 7% of 512, 3337 evals/s, 241 msg/s, 13.9 leaves/msg, 375s)
2026-08-25 04:28:03   [GPU] 1,300,017 evals (35761 batches, avg 36/batch = 7% of 512, 3363 evals/s, 243 msg/s, 13.9 leaves/msg, 387s)
2026-08-25 04:28:16   [GPU] 1,350,029 evals (37007 batches, avg 36/batch = 7% of 512, 3382 evals/s, 244 msg/s, 13.8 leaves/msg, 399s)
2026-08-25 04:28:28   [GPU] 1,400,034 evals (38230 batches, avg 37/batch = 7% of 512, 3403 evals/s, 246 msg/s, 13.8 leaves/msg, 411s)
2026-08-25 04:28:42   [GPU] 1,450,002 evals (39538 batches, avg 37/batch = 7% of 512, 3415 evals/s, 247 msg/s, 13.8 leaves/msg, 425s)
2026-08-25 04:28:53   [GPU] 1,500,041 evals (40690 batches, avg 37/batch = 7% of 512, 3440 evals/s, 249 msg/s, 13.8 leaves/msg, 436s)
2026-08-25 04:29:03   [GPU] 1,550,006 evals (41778 batches, avg 37/batch = 7% of 512, 3471 evals/s, 251 msg/s, 13.8 leaves/msg, 447s)
2026-08-25 04:29:07 [iter 11/40] self-play: 60/160 games...
2026-08-25 04:29:15   [GPU] 1,600,004 evals (42917 batches, avg 37/batch = 7% of 512, 3495 evals/s, 253 msg/s, 13.8 leaves/msg, 458s)
2026-08-25 04:29:26   [GPU] 1,650,027 evals (44075 batches, avg 37/batch = 7% of 512, 3515 evals/s, 255 msg/s, 13.8 leaves/msg, 469s)
2026-08-25 04:29:37   [GPU] 1,700,019 evals (45165 batches, avg 38/batch = 7% of 512, 3538 evals/s, 256 msg/s, 13.8 leaves/msg, 480s)
2026-08-25 04:29:48   [GPU] 1,750,042 evals (46269 batches, avg 38/batch = 7% of 512, 3561 evals/s, 258 msg/s, 13.8 leaves/msg, 492s)
2026-08-25 04:30:00   [GPU] 1,800,019 evals (47450 batches, avg 38/batch = 7% of 512, 3576 evals/s, 259 msg/s, 13.8 leaves/msg, 503s)
2026-08-25 04:30:12   [GPU] 1,850,009 evals (48631 batches, avg 38/batch = 7% of 512, 3592 evals/s, 260 msg/s, 13.8 leaves/msg, 515s)
2026-08-25 04:30:23   [GPU] 1,900,012 evals (49743 batches, avg 38/batch = 7% of 512, 3614 evals/s, 262 msg/s, 13.8 leaves/msg, 526s)
2026-08-25 04:30:26 [iter 11/40] self-play: 65/160 games...
2026-08-25 04:30:34   [GPU] 1,950,018 evals (50923 batches, avg 38/batch = 7% of 512, 3628 evals/s, 263 msg/s, 13.8 leaves/msg, 537s)
2026-08-25 04:30:46   [GPU] 2,000,034 evals (52071 batches, avg 38/batch = 8% of 512, 3644 evals/s, 264 msg/s, 13.8 leaves/msg, 549s)
2026-08-25 04:30:56   [GPU] 2,050,038 evals (53192 batches, avg 39/batch = 8% of 512, 3663 evals/s, 266 msg/s, 13.8 leaves/msg, 560s)
2026-08-25 04:31:01 [iter 11/40] self-play: 70/160 games...
2026-08-25 04:31:09   [GPU] 2,100,010 evals (54432 batches, avg 39/batch = 8% of 512, 3670 evals/s, 267 msg/s, 13.8 leaves/msg, 572s)
2026-08-25 04:31:23   [GPU] 2,150,006 evals (55731 batches, avg 39/batch = 8% of 512, 3671 evals/s, 267 msg/s, 13.7 leaves/msg, 586s)
2026-08-25 04:31:26 [iter 11/40] self-play: 75/160 games...
2026-08-25 04:31:38   [GPU] 2,200,010 evals (57228 batches, avg 38/batch = 8% of 512, 3660 evals/s, 267 msg/s, 13.7 leaves/msg, 601s)
2026-08-25 04:31:43 [iter 11/40] self-play: 80/160 games...
2026-08-25 04:31:54   [GPU] 2,250,015 evals (58745 batches, avg 38/batch = 7% of 512, 3645 evals/s, 266 msg/s, 13.7 leaves/msg, 617s)
2026-08-25 04:32:09 [iter 11/40] self-play: 85/160 games...
2026-08-25 04:32:09   [GPU] 2,300,024 evals (60232 batches, avg 38/batch = 7% of 512, 3636 evals/s, 266 msg/s, 13.7 leaves/msg, 633s)
2026-08-25 04:32:26   [GPU] 2,350,037 evals (61765 batches, avg 38/batch = 7% of 512, 3619 evals/s, 264 msg/s, 13.7 leaves/msg, 649s)
2026-08-25 04:32:41   [GPU] 2,400,024 evals (63161 batches, avg 38/batch = 7% of 512, 3613 evals/s, 264 msg/s, 13.7 leaves/msg, 664s)
2026-08-25 04:32:55   [GPU] 2,450,017 evals (64533 batches, avg 38/batch = 7% of 512, 3612 evals/s, 264 msg/s, 13.7 leaves/msg, 678s)
2026-08-25 04:33:00 [iter 11/40] self-play: 90/160 games...
2026-08-25 04:33:09   [GPU] 2,500,003 evals (65899 batches, avg 38/batch = 7% of 512, 3611 evals/s, 263 msg/s, 13.7 leaves/msg, 692s)
2026-08-25 04:33:21   [GPU] 2,550,046 evals (67122 batches, avg 38/batch = 7% of 512, 3620 evals/s, 264 msg/s, 13.7 leaves/msg, 704s)
2026-08-25 04:33:33   [GPU] 2,600,000 evals (68255 batches, avg 38/batch = 7% of 512, 3633 evals/s, 265 msg/s, 13.7 leaves/msg, 716s)
2026-08-25 04:33:44   [GPU] 2,650,060 evals (69408 batches, avg 38/batch = 7% of 512, 3644 evals/s, 266 msg/s, 13.7 leaves/msg, 727s)
2026-08-25 04:33:54 [iter 11/40] self-play: 95/160 games...
2026-08-25 04:33:56   [GPU] 2,700,002 evals (70607 batches, avg 38/batch = 7% of 512, 3651 evals/s, 267 msg/s, 13.7 leaves/msg, 739s)
2026-08-25 04:34:08   [GPU] 2,750,027 evals (71804 batches, avg 38/batch = 7% of 512, 3660 evals/s, 267 msg/s, 13.7 leaves/msg, 751s)
2026-08-25 04:34:22   [GPU] 2,800,059 evals (73132 batches, avg 38/batch = 7% of 512, 3661 evals/s, 267 msg/s, 13.7 leaves/msg, 765s)
2026-08-25 04:34:22 [iter 11/40] self-play: 100/160 games...
2026-08-25 04:34:35   [GPU] 2,850,032 evals (74422 batches, avg 38/batch = 7% of 512, 3662 evals/s, 268 msg/s, 13.7 leaves/msg, 778s)
2026-08-25 04:34:49   [GPU] 2,900,045 evals (75733 batches, avg 38/batch = 7% of 512, 3661 evals/s, 268 msg/s, 13.7 leaves/msg, 792s)
2026-08-25 04:34:50 [iter 11/40] self-play: 105/160 games...
2026-08-25 04:35:03   [GPU] 2,950,004 evals (77079 batches, avg 38/batch = 7% of 512, 3658 evals/s, 267 msg/s, 13.7 leaves/msg, 806s)
2026-08-25 04:35:18   [GPU] 3,000,014 evals (78492 batches, avg 38/batch = 7% of 512, 3652 evals/s, 267 msg/s, 13.7 leaves/msg, 821s)
2026-08-25 04:35:28 [iter 11/40] self-play: 110/160 games...
2026-08-25 04:35:34   [GPU] 3,050,061 evals (79969 batches, avg 38/batch = 7% of 512, 3643 evals/s, 267 msg/s, 13.6 leaves/msg, 837s)
2026-08-25 04:35:49   [GPU] 3,100,009 evals (81413 batches, avg 38/batch = 7% of 512, 3636 evals/s, 267 msg/s, 13.6 leaves/msg, 853s)
2026-08-25 04:36:07 [iter 11/40] self-play: 115/160 games...
2026-08-25 04:36:07   [GPU] 3,150,026 evals (82965 batches, avg 38/batch = 7% of 512, 3618 evals/s, 265 msg/s, 13.6 leaves/msg, 871s)
2026-08-25 04:36:23   [GPU] 3,200,013 evals (84385 batches, avg 38/batch = 7% of 512, 3613 evals/s, 265 msg/s, 13.6 leaves/msg, 886s)
2026-08-25 04:36:37   [GPU] 3,250,009 evals (85770 batches, avg 38/batch = 7% of 512, 3609 evals/s, 265 msg/s, 13.6 leaves/msg, 901s)
2026-08-25 04:36:52   [GPU] 3,300,026 evals (87110 batches, avg 38/batch = 7% of 512, 3606 evals/s, 264 msg/s, 13.6 leaves/msg, 915s)
2026-08-25 04:37:06   [GPU] 3,350,025 evals (88418 batches, avg 38/batch = 7% of 512, 3605 evals/s, 264 msg/s, 13.6 leaves/msg, 929s)
2026-08-25 04:37:20   [GPU] 3,400,037 evals (89722 batches, avg 38/batch = 7% of 512, 3605 evals/s, 264 msg/s, 13.6 leaves/msg, 943s)
2026-08-25 04:37:32   [GPU] 3,450,041 evals (90890 batches, avg 38/batch = 7% of 512, 3612 evals/s, 265 msg/s, 13.6 leaves/msg, 955s)
2026-08-25 04:37:39 [iter 11/40] self-play: 120/160 games...
2026-08-25 04:37:44   [GPU] 3,500,020 evals (92082 batches, avg 38/batch = 7% of 512, 3619 evals/s, 266 msg/s, 13.6 leaves/msg, 967s)
2026-08-25 04:37:58   [GPU] 3,550,043 evals (93402 batches, avg 38/batch = 7% of 512, 3619 evals/s, 266 msg/s, 13.6 leaves/msg, 981s)
2026-08-25 04:38:11   [GPU] 3,600,001 evals (94617 batches, avg 38/batch = 7% of 512, 3623 evals/s, 266 msg/s, 13.6 leaves/msg, 994s)
2026-08-25 04:38:19 [iter 11/40] self-play: 125/160 games...
2026-08-25 04:38:24   [GPU] 3,650,010 evals (95944 batches, avg 38/batch = 7% of 512, 3624 evals/s, 266 msg/s, 13.6 leaves/msg, 1007s)
2026-08-25 04:38:39   [GPU] 3,700,006 evals (97293 batches, avg 38/batch = 7% of 512, 3621 evals/s, 266 msg/s, 13.6 leaves/msg, 1022s)
2026-08-25 04:38:53   [GPU] 3,750,000 evals (98675 batches, avg 38/batch = 7% of 512, 3619 evals/s, 266 msg/s, 13.6 leaves/msg, 1036s)
2026-08-25 04:39:07   [GPU] 3,800,031 evals (100008 batches, avg 38/batch = 7% of 512, 3617 evals/s, 266 msg/s, 13.6 leaves/msg, 1051s)
2026-08-25 04:39:20   [GPU] 3,850,023 evals (101195 batches, avg 38/batch = 7% of 512, 3623 evals/s, 267 msg/s, 13.6 leaves/msg, 1063s)
2026-08-25 04:39:24 [iter 11/40] self-play: 130/160 games...
2026-08-25 04:39:34   [GPU] 3,900,006 evals (102557 batches, avg 38/batch = 7% of 512, 3620 evals/s, 267 msg/s, 13.6 leaves/msg, 1077s)
2026-08-25 04:39:47   [GPU] 3,950,041 evals (103790 batches, avg 38/batch = 7% of 512, 3623 evals/s, 267 msg/s, 13.6 leaves/msg, 1090s)
2026-08-25 04:40:00   [GPU] 4,000,051 evals (105015 batches, avg 38/batch = 7% of 512, 3626 evals/s, 267 msg/s, 13.6 leaves/msg, 1103s)
2026-08-25 04:40:14   [GPU] 4,050,004 evals (106319 batches, avg 38/batch = 7% of 512, 3625 evals/s, 267 msg/s, 13.6 leaves/msg, 1117s)
2026-08-25 04:40:28   [GPU] 4,100,036 evals (107592 batches, avg 38/batch = 7% of 512, 3625 evals/s, 266 msg/s, 13.6 leaves/msg, 1131s)
2026-08-25 04:40:42   [GPU] 4,150,036 evals (108857 batches, avg 38/batch = 7% of 512, 3625 evals/s, 266 msg/s, 13.6 leaves/msg, 1145s)
2026-08-25 04:40:50 [iter 11/40] self-play: 135/160 games...
2026-08-25 04:40:55   [GPU] 4,200,015 evals (110192 batches, avg 38/batch = 7% of 512, 3626 evals/s, 267 msg/s, 13.6 leaves/msg, 1158s)
2026-08-25 04:41:08 [iter 11/40] self-play: 140/160 games...
2026-08-25 04:41:10   [GPU] 4,250,018 evals (111613 batches, avg 38/batch = 7% of 512, 3622 evals/s, 267 msg/s, 13.6 leaves/msg, 1173s)
2026-08-25 04:41:25 [iter 11/40] self-play: 145/160 games...
2026-08-25 04:41:26   [GPU] 4,300,003 evals (113117 batches, avg 38/batch = 7% of 512, 3616 evals/s, 267 msg/s, 13.6 leaves/msg, 1189s)
2026-08-25 04:41:42   [GPU] 4,350,023 evals (114649 batches, avg 38/batch = 7% of 512, 3608 evals/s, 266 msg/s, 13.6 leaves/msg, 1206s)
2026-08-25 04:41:58   [GPU] 4,400,024 evals (116128 batches, avg 38/batch = 7% of 512, 3602 evals/s, 265 msg/s, 13.6 leaves/msg, 1222s)
2026-08-25 04:42:03 [iter 11/40] self-play: 150/160 games...
2026-08-25 04:42:17   [GPU] 4,450,021 evals (117708 batches, avg 38/batch = 7% of 512, 3589 evals/s, 264 msg/s, 13.6 leaves/msg, 1240s)
2026-08-25 04:42:32   [GPU] 4,500,002 evals (119083 batches, avg 38/batch = 7% of 512, 3586 evals/s, 264 msg/s, 13.6 leaves/msg, 1255s)
2026-08-25 04:42:48   [GPU] 4,550,020 evals (120538 batches, avg 38/batch = 7% of 512, 3579 evals/s, 263 msg/s, 13.6 leaves/msg, 1271s)
2026-08-25 04:43:03   [GPU] 4,600,020 evals (121901 batches, avg 38/batch = 7% of 512, 3576 evals/s, 263 msg/s, 13.6 leaves/msg, 1286s)
2026-08-25 04:43:17   [GPU] 4,650,015 evals (123169 batches, avg 38/batch = 7% of 512, 3577 evals/s, 263 msg/s, 13.6 leaves/msg, 1300s)
2026-08-25 04:43:30   [GPU] 4,700,023 evals (124443 batches, avg 38/batch = 7% of 512, 3578 evals/s, 262 msg/s, 13.6 leaves/msg, 1313s)
2026-08-25 04:43:44   [GPU] 4,750,020 evals (125720 batches, avg 38/batch = 7% of 512, 3580 evals/s, 262 msg/s, 13.6 leaves/msg, 1327s)
2026-08-25 04:43:57   [GPU] 4,800,051 evals (126977 batches, avg 38/batch = 7% of 512, 3581 evals/s, 262 msg/s, 13.6 leaves/msg, 1340s)
2026-08-25 04:44:10   [GPU] 4,850,004 evals (128168 batches, avg 38/batch = 7% of 512, 3585 evals/s, 263 msg/s, 13.7 leaves/msg, 1353s)
2026-08-25 04:44:22   [GPU] 4,900,006 evals (129366 batches, avg 38/batch = 7% of 512, 3591 evals/s, 263 msg/s, 13.7 leaves/msg, 1365s)
2026-08-25 04:44:33   [GPU] 4,950,034 evals (130502 batches, avg 38/batch = 7% of 512, 3598 evals/s, 263 msg/s, 13.7 leaves/msg, 1376s)
2026-08-25 04:44:44   [GPU] 5,000,030 evals (131613 batches, avg 38/batch = 7% of 512, 3605 evals/s, 264 msg/s, 13.7 leaves/msg, 1387s)
2026-08-25 04:44:56   [GPU] 5,050,036 evals (132849 batches, avg 38/batch = 7% of 512, 3609 evals/s, 264 msg/s, 13.7 leaves/msg, 1399s)
2026-08-25 04:45:09   [GPU] 5,100,044 evals (134107 batches, avg 38/batch = 7% of 512, 3612 evals/s, 264 msg/s, 13.7 leaves/msg, 1412s)
2026-08-25 04:45:22   [GPU] 5,150,013 evals (135385 batches, avg 38/batch = 7% of 512, 3615 evals/s, 264 msg/s, 13.7 leaves/msg, 1425s)
2026-08-25 04:45:34   [GPU] 5,200,006 evals (136680 batches, avg 38/batch = 7% of 512, 3617 evals/s, 264 msg/s, 13.7 leaves/msg, 1438s)
2026-08-25 04:45:41 [iter 11/40] self-play: 155/160 games...
2026-08-25 04:45:48   [GPU] 5,250,009 evals (138055 batches, avg 38/batch = 7% of 512, 3618 evals/s, 264 msg/s, 13.7 leaves/msg, 1451s)
2026-08-25 04:46:04   [GPU] 5,300,034 evals (139669 batches, avg 38/batch = 7% of 512, 3613 evals/s, 264 msg/s, 13.7 leaves/msg, 1467s)
2026-08-25 04:46:21   [GPU] 5,350,023 evals (141365 batches, avg 38/batch = 7% of 512, 3604 evals/s, 263 msg/s, 13.7 leaves/msg, 1484s)
2026-08-25 04:46:39   [GPU] 5,400,010 evals (143139 batches, avg 38/batch = 7% of 512, 3595 evals/s, 263 msg/s, 13.7 leaves/msg, 1502s)
2026-08-25 04:47:05 [iter 11/40] self-play: 160/160 games...
2026-08-25 04:47:06 [iter 11/40] self-play done: 160 games (1529s) | wins: P0=33, P1=52, P2=20, P3=40, draw=15 | draw_rate=9% avg_len~31
2026-08-25 04:47:06 [iter 11/40] search: expanded=8.3 actions/node visits/action=72.4 walls/game=5.29 first_wall_ply=3.384 learner_sims/s=3816.8
2026-08-25 04:47:06 [iter 11/40] training (600 steps, lr=8.68e-04)...
2026-08-25 04:47:14 [iter 11/40] training done: loss_p=1.336 loss_v=0.148 (8s)
2026-08-25 04:47:15 [iter 11/40] data: policy_wall_mass=0.111 walled_states=68% walls_on_board=20.7 value_mae walled=0.218 free=0.348
2026-08-25 04:47:16 [iter 11/40] eval skipped (eval_every=4)
2026-08-25 04:47:16 >>> iter 11 | loss_p=1.336 loss_v=0.148 | vs_best=n/a (not evaluated) | vs_rand=n/a | draw=9% | buf=92444 | rss=2.98GB | sp=1529s train=8s eval_best=0s eval_rand=0s | total=1539s
2026-08-25 04:47:16 [iter 12/40] self-play starting (160 games, 600 sims, MIXED 80/160 race-only)...
2026-08-25 04:47:16 [PARALLEL-MP] 8 workers spawned (160 games, sims=600), GPU batcher starting...
2026-08-25 04:47:34   [GPU] 50,015 evals (1472 batches, avg 34/batch = 7% of 512, 2887 evals/s, 207 msg/s, 13.9 leaves/msg, 17s)
2026-08-25 04:47:36 [iter 12/40] self-play: 5/160 games...
2026-08-25 04:47:49   [GPU] 100,020 evals (2976 batches, avg 34/batch = 7% of 512, 3079 evals/s, 232 msg/s, 13.3 leaves/msg, 32s)
2026-08-25 04:47:52 [iter 12/40] self-play: 10/160 games...
2026-08-25 04:48:07   [GPU] 150,008 evals (4681 batches, avg 32/batch = 6% of 512, 2930 evals/s, 222 msg/s, 13.2 leaves/msg, 51s)
2026-08-25 04:48:13 [iter 12/40] self-play: 15/160 games...
2026-08-25 04:48:26   [GPU] 200,032 evals (6324 batches, avg 32/batch = 6% of 512, 2872 evals/s, 213 msg/s, 13.5 leaves/msg, 70s)
2026-08-25 04:48:45   [GPU] 250,018 evals (7904 batches, avg 32/batch = 6% of 512, 2828 evals/s, 207 msg/s, 13.6 leaves/msg, 88s)
2026-08-25 04:49:00   [GPU] 300,012 evals (9298 batches, avg 32/batch = 6% of 512, 2897 evals/s, 211 msg/s, 13.8 leaves/msg, 104s)
2026-08-25 04:49:02 [iter 12/40] self-play: 20/160 games...
2026-08-25 04:49:14   [GPU] 350,004 evals (10632 batches, avg 33/batch = 6% of 512, 2960 evals/s, 214 msg/s, 13.8 leaves/msg, 118s)
2026-08-25 04:49:29   [GPU] 400,009 evals (11951 batches, avg 33/batch = 7% of 512, 3010 evals/s, 216 msg/s, 13.9 leaves/msg, 133s)
2026-08-25 04:49:43   [GPU] 450,016 evals (13222 batches, avg 34/batch = 7% of 512, 3073 evals/s, 221 msg/s, 13.9 leaves/msg, 146s)
2026-08-25 04:49:55   [GPU] 500,036 evals (14439 batches, avg 35/batch = 7% of 512, 3141 evals/s, 225 msg/s, 14.0 leaves/msg, 159s)
2026-08-25 04:50:07   [GPU] 550,040 evals (15577 batches, avg 35/batch = 7% of 512, 3226 evals/s, 231 msg/s, 14.0 leaves/msg, 171s)
2026-08-25 04:50:18   [GPU] 600,036 evals (16698 batches, avg 36/batch = 7% of 512, 3303 evals/s, 237 msg/s, 13.9 leaves/msg, 182s)
2026-08-25 04:50:20 [iter 12/40] self-play: 25/160 games...
2026-08-25 04:50:29   [GPU] 650,063 evals (17821 batches, avg 36/batch = 7% of 512, 3366 evals/s, 241 msg/s, 14.0 leaves/msg, 193s)
2026-08-25 04:50:41   [GPU] 700,006 evals (18961 batches, avg 37/batch = 7% of 512, 3419 evals/s, 244 msg/s, 14.0 leaves/msg, 205s)
2026-08-25 04:50:52   [GPU] 750,019 evals (20079 batches, avg 37/batch = 7% of 512, 3471 evals/s, 248 msg/s, 14.0 leaves/msg, 216s)
2026-08-25 04:51:03   [GPU] 800,022 evals (21187 batches, avg 38/batch = 7% of 512, 3524 evals/s, 251 msg/s, 14.0 leaves/msg, 227s)
2026-08-25 04:51:15   [GPU] 850,033 evals (22324 batches, avg 38/batch = 7% of 512, 3567 evals/s, 254 msg/s, 14.1 leaves/msg, 238s)
2026-08-25 04:51:25   [GPU] 900,015 evals (23360 batches, avg 39/batch = 8% of 512, 3620 evals/s, 258 msg/s, 14.1 leaves/msg, 249s)
2026-08-25 04:51:35   [GPU] 950,018 evals (24387 batches, avg 39/batch = 8% of 512, 3674 evals/s, 262 msg/s, 14.0 leaves/msg, 259s)
2026-08-25 04:51:45   [GPU] 1,000,000 evals (25423 batches, avg 39/batch = 8% of 512, 3723 evals/s, 266 msg/s, 14.0 leaves/msg, 269s)
2026-08-25 04:51:55   [GPU] 1,050,006 evals (26479 batches, avg 40/batch = 8% of 512, 3764 evals/s, 268 msg/s, 14.0 leaves/msg, 279s)
2026-08-25 04:52:05   [GPU] 1,100,002 evals (27532 batches, avg 40/batch = 8% of 512, 3803 evals/s, 271 msg/s, 14.0 leaves/msg, 289s)
2026-08-25 04:52:15   [GPU] 1,150,041 evals (28589 batches, avg 40/batch = 8% of 512, 3843 evals/s, 274 msg/s, 14.0 leaves/msg, 299s)
2026-08-25 04:52:26   [GPU] 1,200,076 evals (29642 batches, avg 40/batch = 8% of 512, 3878 evals/s, 276 msg/s, 14.0 leaves/msg, 309s)
2026-08-25 04:52:36   [GPU] 1,250,063 evals (30706 batches, avg 41/batch = 8% of 512, 3910 evals/s, 278 msg/s, 14.0 leaves/msg, 320s)
2026-08-25 04:52:46   [GPU] 1,300,009 evals (31782 batches, avg 41/batch = 8% of 512, 3937 evals/s, 281 msg/s, 14.0 leaves/msg, 330s)
2026-08-25 04:52:48 [iter 12/40] self-play: 30/160 games...
2026-08-25 04:52:57   [GPU] 1,350,031 evals (32902 batches, avg 41/batch = 8% of 512, 3961 evals/s, 283 msg/s, 14.0 leaves/msg, 341s)
2026-08-25 04:53:06   [GPU] 1,400,031 evals (33896 batches, avg 41/batch = 8% of 512, 3998 evals/s, 286 msg/s, 14.0 leaves/msg, 350s)
2026-08-25 04:53:13 [iter 12/40] self-play: 35/160 games...
2026-08-25 04:53:18   [GPU] 1,450,005 evals (35116 batches, avg 41/batch = 8% of 512, 4009 evals/s, 289 msg/s, 13.9 leaves/msg, 362s)
2026-08-25 04:53:27 [iter 12/40] self-play: 40/160 games...
2026-08-25 04:53:32   [GPU] 1,500,013 evals (36495 batches, avg 41/batch = 8% of 512, 3994 evals/s, 289 msg/s, 13.8 leaves/msg, 376s)
2026-08-25 04:53:44 [iter 12/40] self-play: 45/160 games...
2026-08-25 04:53:46   [GPU] 1,550,003 evals (37888 batches, avg 41/batch = 8% of 512, 3980 evals/s, 288 msg/s, 13.8 leaves/msg, 389s)
2026-08-25 04:54:02   [GPU] 1,600,002 evals (39462 batches, avg 41/batch = 8% of 512, 3946 evals/s, 287 msg/s, 13.8 leaves/msg, 406s)
2026-08-25 04:54:06 [iter 12/40] self-play: 50/160 games...
2026-08-25 04:54:20   [GPU] 1,650,032 evals (41085 batches, avg 40/batch = 8% of 512, 3897 evals/s, 284 msg/s, 13.7 leaves/msg, 423s)
2026-08-25 04:54:37   [GPU] 1,700,000 evals (42619 batches, avg 40/batch = 8% of 512, 3854 evals/s, 280 msg/s, 13.7 leaves/msg, 441s)
2026-08-25 04:54:40 [iter 12/40] self-play: 55/160 games...
2026-08-25 04:54:51   [GPU] 1,750,060 evals (43933 batches, avg 40/batch = 8% of 512, 3845 evals/s, 280 msg/s, 13.8 leaves/msg, 455s)
2026-08-25 04:55:06   [GPU] 1,800,024 evals (45249 batches, avg 40/batch = 8% of 512, 3835 evals/s, 279 msg/s, 13.7 leaves/msg, 469s)
2026-08-25 04:55:20   [GPU] 1,850,022 evals (46607 batches, avg 40/batch = 8% of 512, 3821 evals/s, 278 msg/s, 13.8 leaves/msg, 484s)
2026-08-25 04:55:22 [iter 12/40] self-play: 60/160 games...
2026-08-25 04:55:34   [GPU] 1,900,026 evals (47897 batches, avg 40/batch = 8% of 512, 3819 evals/s, 278 msg/s, 13.7 leaves/msg, 498s)
2026-08-25 04:55:48   [GPU] 1,950,012 evals (49191 batches, avg 40/batch = 8% of 512, 3813 evals/s, 277 msg/s, 13.8 leaves/msg, 511s)
2026-08-25 04:55:49 [iter 12/40] self-play: 65/160 games...
2026-08-25 04:56:01   [GPU] 2,000,017 evals (50440 batches, avg 40/batch = 8% of 512, 3811 evals/s, 277 msg/s, 13.8 leaves/msg, 525s)
2026-08-25 04:56:15   [GPU] 2,050,020 evals (51726 batches, avg 40/batch = 8% of 512, 3803 evals/s, 276 msg/s, 13.8 leaves/msg, 539s)
2026-08-25 04:56:27   [GPU] 2,100,015 evals (52875 batches, avg 40/batch = 8% of 512, 3812 evals/s, 276 msg/s, 13.8 leaves/msg, 551s)
2026-08-25 04:56:38   [GPU] 2,150,018 evals (53976 batches, avg 40/batch = 8% of 512, 3825 evals/s, 277 msg/s, 13.8 leaves/msg, 562s)
2026-08-25 04:56:50   [GPU] 2,200,042 evals (55104 batches, avg 40/batch = 8% of 512, 3834 evals/s, 278 msg/s, 13.8 leaves/msg, 574s)
2026-08-25 04:57:02   [GPU] 2,250,007 evals (56225 batches, avg 40/batch = 8% of 512, 3842 evals/s, 278 msg/s, 13.8 leaves/msg, 586s)
2026-08-25 04:57:13   [GPU] 2,300,016 evals (57346 batches, avg 40/batch = 8% of 512, 3852 evals/s, 278 msg/s, 13.8 leaves/msg, 597s)
2026-08-25 04:57:25   [GPU] 2,350,003 evals (58442 batches, avg 40/batch = 8% of 512, 3863 evals/s, 279 msg/s, 13.9 leaves/msg, 608s)
2026-08-25 04:57:35   [GPU] 2,400,034 evals (59512 batches, avg 40/batch = 8% of 512, 3875 evals/s, 279 msg/s, 13.9 leaves/msg, 619s)
2026-08-25 04:57:46   [GPU] 2,450,001 evals (60599 batches, avg 40/batch = 8% of 512, 3888 evals/s, 280 msg/s, 13.9 leaves/msg, 630s)
2026-08-25 04:57:57   [GPU] 2,500,018 evals (61670 batches, avg 41/batch = 8% of 512, 3903 evals/s, 281 msg/s, 13.9 leaves/msg, 641s)
2026-08-25 04:58:05 [iter 12/40] self-play: 70/160 games...
2026-08-25 04:58:07   [GPU] 2,550,012 evals (62706 batches, avg 41/batch = 8% of 512, 3920 evals/s, 282 msg/s, 13.9 leaves/msg, 651s)
2026-08-25 04:58:17   [GPU] 2,600,014 evals (63754 batches, avg 41/batch = 8% of 512, 3935 evals/s, 283 msg/s, 13.9 leaves/msg, 661s)
2026-08-25 04:58:26   [GPU] 2,650,044 evals (64710 batches, avg 41/batch = 8% of 512, 3955 evals/s, 284 msg/s, 13.9 leaves/msg, 670s)
2026-08-25 04:58:35   [GPU] 2,700,020 evals (65673 batches, avg 41/batch = 8% of 512, 3976 evals/s, 286 msg/s, 13.9 leaves/msg, 679s)
2026-08-25 04:58:45   [GPU] 2,750,021 evals (66724 batches, avg 41/batch = 8% of 512, 3991 evals/s, 287 msg/s, 13.9 leaves/msg, 689s)
2026-08-25 04:58:50 [iter 12/40] self-play: 75/160 games...
2026-08-25 04:58:56   [GPU] 2,800,026 evals (67895 batches, avg 41/batch = 8% of 512, 3999 evals/s, 288 msg/s, 13.9 leaves/msg, 700s)
2026-08-25 04:59:07   [GPU] 2,850,001 evals (69009 batches, avg 41/batch = 8% of 512, 4009 evals/s, 289 msg/s, 13.9 leaves/msg, 711s)
2026-08-25 04:59:19   [GPU] 2,900,026 evals (70274 batches, avg 41/batch = 8% of 512, 4010 evals/s, 289 msg/s, 13.9 leaves/msg, 723s)
2026-08-25 04:59:24 [iter 12/40] self-play: 80/160 games...
2026-08-25 04:59:33   [GPU] 2,950,045 evals (71639 batches, avg 41/batch = 8% of 512, 4003 evals/s, 289 msg/s, 13.9 leaves/msg, 737s)
2026-08-25 04:59:43 [iter 12/40] self-play: 85/160 games...
2026-08-25 04:59:48   [GPU] 3,000,009 evals (73081 batches, avg 41/batch = 8% of 512, 3988 evals/s, 288 msg/s, 13.8 leaves/msg, 752s)
2026-08-25 05:00:03   [GPU] 3,050,023 evals (74479 batches, avg 41/batch = 8% of 512, 3977 evals/s, 287 msg/s, 13.8 leaves/msg, 767s)
2026-08-25 05:00:11 [iter 12/40] self-play: 90/160 games...
2026-08-25 05:00:20   [GPU] 3,100,037 evals (75943 batches, avg 41/batch = 8% of 512, 3957 evals/s, 286 msg/s, 13.8 leaves/msg, 783s)
2026-08-25 05:00:35   [GPU] 3,150,012 evals (77358 batches, avg 41/batch = 8% of 512, 3942 evals/s, 285 msg/s, 13.9 leaves/msg, 799s)
2026-08-25 05:00:49   [GPU] 3,200,016 evals (78606 batches, avg 41/batch = 8% of 512, 3938 evals/s, 284 msg/s, 13.9 leaves/msg, 813s)
2026-08-25 05:01:03   [GPU] 3,250,030 evals (79906 batches, avg 41/batch = 8% of 512, 3930 evals/s, 283 msg/s, 13.9 leaves/msg, 827s)
2026-08-25 05:01:18   [GPU] 3,300,050 evals (81279 batches, avg 41/batch = 8% of 512, 3918 evals/s, 282 msg/s, 13.9 leaves/msg, 842s)
2026-08-25 05:01:21 [iter 12/40] self-play: 95/160 games...
2026-08-25 05:01:31   [GPU] 3,350,066 evals (82485 batches, avg 41/batch = 8% of 512, 3917 evals/s, 282 msg/s, 13.9 leaves/msg, 855s)
2026-08-25 05:01:43   [GPU] 3,400,000 evals (83637 batches, avg 41/batch = 8% of 512, 3922 evals/s, 283 msg/s, 13.9 leaves/msg, 867s)
2026-08-25 05:01:55   [GPU] 3,450,023 evals (84827 batches, avg 41/batch = 8% of 512, 3924 evals/s, 283 msg/s, 13.9 leaves/msg, 879s)
2026-08-25 05:02:08   [GPU] 3,500,022 evals (86015 batches, avg 41/batch = 8% of 512, 3924 evals/s, 282 msg/s, 13.9 leaves/msg, 892s)
2026-08-25 05:02:20   [GPU] 3,550,022 evals (87148 batches, avg 41/batch = 8% of 512, 3929 evals/s, 283 msg/s, 13.9 leaves/msg, 904s)
2026-08-25 05:02:28 [iter 12/40] self-play: 100/160 games...
2026-08-25 05:02:31   [GPU] 3,600,029 evals (88289 batches, avg 41/batch = 8% of 512, 3934 evals/s, 284 msg/s, 13.9 leaves/msg, 915s)
2026-08-25 05:02:44   [GPU] 3,650,028 evals (89506 batches, avg 41/batch = 8% of 512, 3935 evals/s, 284 msg/s, 13.9 leaves/msg, 928s)
2026-08-25 05:02:51 [iter 12/40] self-play: 105/160 games...
2026-08-25 05:02:56   [GPU] 3,700,037 evals (90671 batches, avg 41/batch = 8% of 512, 3939 evals/s, 284 msg/s, 13.9 leaves/msg, 939s)
2026-08-25 05:03:09   [GPU] 3,750,003 evals (91957 batches, avg 41/batch = 8% of 512, 3937 evals/s, 284 msg/s, 13.9 leaves/msg, 953s)
2026-08-25 05:03:21   [GPU] 3,800,002 evals (93140 batches, avg 41/batch = 8% of 512, 3940 evals/s, 284 msg/s, 13.9 leaves/msg, 964s)
2026-08-25 05:03:27 [iter 12/40] self-play: 110/160 games...
2026-08-25 05:03:35   [GPU] 3,850,025 evals (94478 batches, avg 41/batch = 8% of 512, 3934 evals/s, 284 msg/s, 13.9 leaves/msg, 979s)
2026-08-25 05:03:49   [GPU] 3,900,034 evals (95816 batches, avg 41/batch = 8% of 512, 3927 evals/s, 283 msg/s, 13.9 leaves/msg, 993s)
2026-08-25 05:04:05   [GPU] 3,950,044 evals (97200 batches, avg 41/batch = 8% of 512, 3916 evals/s, 282 msg/s, 13.9 leaves/msg, 1009s)
2026-08-25 05:04:05 [iter 12/40] self-play: 115/160 games...
2026-08-25 05:04:17   [GPU] 4,000,000 evals (98406 batches, avg 41/batch = 8% of 512, 3918 evals/s, 283 msg/s, 13.9 leaves/msg, 1021s)
2026-08-25 05:04:30 [iter 12/40] self-play: 120/160 games...
2026-08-25 05:04:32   [GPU] 4,050,019 evals (99800 batches, avg 41/batch = 8% of 512, 3912 evals/s, 282 msg/s, 13.9 leaves/msg, 1035s)
2026-08-25 05:04:47   [GPU] 4,100,002 evals (101266 batches, avg 40/batch = 8% of 512, 3900 evals/s, 282 msg/s, 13.9 leaves/msg, 1051s)
2026-08-25 05:04:55 [iter 12/40] self-play: 125/160 games...
2026-08-25 05:05:02   [GPU] 4,150,011 evals (102658 batches, avg 40/batch = 8% of 512, 3893 evals/s, 281 msg/s, 13.8 leaves/msg, 1066s)
2026-08-25 05:05:17 [iter 12/40] self-play: 130/160 games...
2026-08-25 05:05:18   [GPU] 4,200,002 evals (104133 batches, avg 40/batch = 8% of 512, 3883 evals/s, 280 msg/s, 13.8 leaves/msg, 1082s)
2026-08-25 05:05:35   [GPU] 4,250,043 evals (105678 batches, avg 40/batch = 8% of 512, 3868 evals/s, 279 msg/s, 13.8 leaves/msg, 1099s)
2026-08-25 05:05:52   [GPU] 4,300,011 evals (107196 batches, avg 40/batch = 8% of 512, 3852 evals/s, 278 msg/s, 13.8 leaves/msg, 1116s)
2026-08-25 05:05:58 [iter 12/40] self-play: 135/160 games...
2026-08-25 05:06:07   [GPU] 4,350,017 evals (108547 batches, avg 40/batch = 8% of 512, 3846 evals/s, 277 msg/s, 13.9 leaves/msg, 1131s)
2026-08-25 05:06:21   [GPU] 4,400,050 evals (109809 batches, avg 40/batch = 8% of 512, 3843 evals/s, 277 msg/s, 13.9 leaves/msg, 1145s)
2026-08-25 05:06:35   [GPU] 4,450,011 evals (111115 batches, avg 40/batch = 8% of 512, 3840 evals/s, 277 msg/s, 13.9 leaves/msg, 1159s)
2026-08-25 05:06:48   [GPU] 4,500,023 evals (112366 batches, avg 40/batch = 8% of 512, 3840 evals/s, 277 msg/s, 13.9 leaves/msg, 1172s)
2026-08-25 05:07:00   [GPU] 4,550,016 evals (113591 batches, avg 40/batch = 8% of 512, 3843 evals/s, 277 msg/s, 13.9 leaves/msg, 1184s)
2026-08-25 05:07:12   [GPU] 4,600,009 evals (114806 batches, avg 40/batch = 8% of 512, 3845 evals/s, 277 msg/s, 13.9 leaves/msg, 1196s)
2026-08-25 05:07:25   [GPU] 4,650,018 evals (116031 batches, avg 40/batch = 8% of 512, 3848 evals/s, 277 msg/s, 13.9 leaves/msg, 1208s)
2026-08-25 05:07:36   [GPU] 4,700,057 evals (117160 batches, avg 40/batch = 8% of 512, 3854 evals/s, 277 msg/s, 13.9 leaves/msg, 1219s)
2026-08-25 05:07:47   [GPU] 4,750,002 evals (118331 batches, avg 40/batch = 8% of 512, 3859 evals/s, 277 msg/s, 13.9 leaves/msg, 1231s)
2026-08-25 05:07:58   [GPU] 4,800,007 evals (119480 batches, avg 40/batch = 8% of 512, 3865 evals/s, 278 msg/s, 13.9 leaves/msg, 1242s)
2026-08-25 05:08:08   [GPU] 4,850,045 evals (120511 batches, avg 40/batch = 8% of 512, 3874 evals/s, 278 msg/s, 13.9 leaves/msg, 1252s)
2026-08-25 05:08:16 [iter 12/40] self-play: 140/160 games...
2026-08-25 05:08:19   [GPU] 4,900,024 evals (121571 batches, avg 40/batch = 8% of 512, 3882 evals/s, 279 msg/s, 13.9 leaves/msg, 1262s)
2026-08-25 05:08:30   [GPU] 4,950,030 evals (122704 batches, avg 40/batch = 8% of 512, 3887 evals/s, 279 msg/s, 13.9 leaves/msg, 1274s)
2026-08-25 05:08:41   [GPU] 5,000,010 evals (123847 batches, avg 40/batch = 8% of 512, 3891 evals/s, 279 msg/s, 13.9 leaves/msg, 1285s)
2026-08-25 05:08:52   [GPU] 5,050,022 evals (124967 batches, avg 40/batch = 8% of 512, 3896 evals/s, 280 msg/s, 13.9 leaves/msg, 1296s)
2026-08-25 05:09:03   [GPU] 5,100,063 evals (126081 batches, avg 40/batch = 8% of 512, 3902 evals/s, 280 msg/s, 13.9 leaves/msg, 1307s)
2026-08-25 05:09:14   [GPU] 5,150,029 evals (127205 batches, avg 40/batch = 8% of 512, 3907 evals/s, 280 msg/s, 13.9 leaves/msg, 1318s)
2026-08-25 05:09:26   [GPU] 5,200,004 evals (128383 batches, avg 41/batch = 8% of 512, 3910 evals/s, 280 msg/s, 13.9 leaves/msg, 1330s)
2026-08-25 05:09:38   [GPU] 5,250,019 evals (129592 batches, avg 41/batch = 8% of 512, 3912 evals/s, 280 msg/s, 13.9 leaves/msg, 1342s)
2026-08-25 05:09:49   [GPU] 5,300,003 evals (130695 batches, avg 41/batch = 8% of 512, 3918 evals/s, 281 msg/s, 14.0 leaves/msg, 1353s)
2026-08-25 05:10:00   [GPU] 5,350,051 evals (131835 batches, avg 41/batch = 8% of 512, 3923 evals/s, 281 msg/s, 13.9 leaves/msg, 1364s)
2026-08-25 05:10:04 [iter 12/40] self-play: 145/160 games...
2026-08-25 05:10:12   [GPU] 5,400,055 evals (133058 batches, avg 41/batch = 8% of 512, 3924 evals/s, 281 msg/s, 13.9 leaves/msg, 1376s)
2026-08-25 05:10:24   [GPU] 5,450,007 evals (134213 batches, avg 41/batch = 8% of 512, 3927 evals/s, 281 msg/s, 14.0 leaves/msg, 1388s)
2026-08-25 05:10:35   [GPU] 5,500,005 evals (135302 batches, avg 41/batch = 8% of 512, 3932 evals/s, 282 msg/s, 14.0 leaves/msg, 1399s)
2026-08-25 05:10:40 [iter 12/40] self-play: 150/160 games...
2026-08-25 05:10:48   [GPU] 5,550,020 evals (136599 batches, avg 41/batch = 8% of 512, 3930 evals/s, 282 msg/s, 13.9 leaves/msg, 1412s)
2026-08-25 05:11:01   [GPU] 5,600,011 evals (137858 batches, avg 41/batch = 8% of 512, 3930 evals/s, 282 msg/s, 13.9 leaves/msg, 1425s)
2026-08-25 05:11:18   [GPU] 5,650,014 evals (139388 batches, avg 41/batch = 8% of 512, 3920 evals/s, 281 msg/s, 13.9 leaves/msg, 1441s)
2026-08-25 05:11:27 [iter 12/40] self-play: 155/160 games...
2026-08-25 05:11:36   [GPU] 5,700,005 evals (141084 batches, avg 40/batch = 8% of 512, 3905 evals/s, 280 msg/s, 13.9 leaves/msg, 1460s)
2026-08-25 05:12:05   [GPU] 5,750,029 evals (143294 batches, avg 40/batch = 8% of 512, 3862 evals/s, 277 msg/s, 13.9 leaves/msg, 1489s)
2026-08-25 05:12:37   [GPU] 5,800,010 evals (145573 batches, avg 40/batch = 8% of 512, 3815 evals/s, 274 msg/s, 13.9 leaves/msg, 1520s)
2026-08-25 05:14:02   [GPU] 5,850,005 evals (148756 batches, avg 39/batch = 8% of 512, 3643 evals/s, 261 msg/s, 13.9 leaves/msg, 1606s)
2026-08-25 05:16:00   [GPU] 5,900,007 evals (152236 batches, avg 39/batch = 8% of 512, 3423 evals/s, 245 msg/s, 13.9 leaves/msg, 1723s)
2026-08-25 05:17:52 [iter 12/40] self-play: 160/160 games...
2026-08-25 05:17:53 [iter 12/40] self-play done: 160 games (1836s) | wins: P0=33, P1=43, P2=22, P3=44, draw=18 | draw_rate=11% avg_len~30
2026-08-25 05:17:53 [iter 12/40] search: expanded=8.0 actions/node visits/action=75.2 walls/game=5.44 first_wall_ply=2.494 learner_sims/s=3458.71
2026-08-25 05:17:53 [iter 12/40] training (600 steps, lr=8.42e-04)...
2026-08-25 05:18:01 [iter 12/40] training done: loss_p=1.327 loss_v=0.149 (8s)
2026-08-25 05:18:02 [iter 12/40] data: policy_wall_mass=0.108 walled_states=67% walls_on_board=19.9 value_mae walled=0.220 free=0.341
2026-08-25 05:18:03 [iter 12/40] eval vs best (40 games, 600 sims)...
2026-08-25 05:18:03 [EVAL-MP] 8 workers spawned (40 vs_best games, sims=600), GPU batcher starting...
2026-08-25 05:18:34   [GPU] 50,024 evals (1692 batches, avg 30/batch = 6% of 512, 1633 evals/s, 106 msg/s, 15.4 leaves/msg, 31s)
2026-08-25 05:18:59   [GPU] 100,014 evals (3413 batches, avg 29/batch = 6% of 512, 1785 evals/s, 116 msg/s, 15.4 leaves/msg, 56s)
2026-08-25 05:19:21   [GPU] 150,010 evals (5062 batches, avg 30/batch = 6% of 512, 1931 evals/s, 125 msg/s, 15.4 leaves/msg, 78s)
2026-08-25 05:19:41   [GPU] 200,004 evals (6604 batches, avg 30/batch = 6% of 512, 2054 evals/s, 134 msg/s, 15.4 leaves/msg, 97s)
2026-08-25 05:19:59   [GPU] 250,004 evals (8122 batches, avg 31/batch = 6% of 512, 2153 evals/s, 140 msg/s, 15.3 leaves/msg, 116s)
2026-08-25 05:20:18   [GPU] 300,021 evals (9649 batches, avg 31/batch = 6% of 512, 2223 evals/s, 146 msg/s, 15.2 leaves/msg, 135s)
2026-08-25 05:20:37   [GPU] 350,031 evals (11129 batches, avg 31/batch = 6% of 512, 2283 evals/s, 150 msg/s, 15.2 leaves/msg, 153s)
2026-08-25 05:20:55   [GPU] 400,041 evals (12601 batches, avg 32/batch = 6% of 512, 2336 evals/s, 154 msg/s, 15.2 leaves/msg, 171s)
2026-08-25 05:21:12   [GPU] 450,023 evals (14043 batches, avg 32/batch = 6% of 512, 2383 evals/s, 157 msg/s, 15.1 leaves/msg, 189s)
2026-08-25 05:21:29   [GPU] 500,039 evals (15454 batches, avg 32/batch = 6% of 512, 2426 evals/s, 160 msg/s, 15.1 leaves/msg, 206s)
2026-08-25 05:21:46   [GPU] 550,037 evals (16825 batches, avg 33/batch = 6% of 512, 2466 evals/s, 163 msg/s, 15.1 leaves/msg, 223s)
2026-08-25 05:22:03   [GPU] 600,047 evals (18213 batches, avg 33/batch = 6% of 512, 2499 evals/s, 165 msg/s, 15.1 leaves/msg, 240s)
2026-08-25 05:22:20   [GPU] 650,020 evals (19603 batches, avg 33/batch = 6% of 512, 2529 evals/s, 168 msg/s, 15.1 leaves/msg, 257s)
2026-08-25 05:22:37   [GPU] 700,012 evals (20991 batches, avg 33/batch = 7% of 512, 2556 evals/s, 169 msg/s, 15.1 leaves/msg, 274s)
2026-08-25 05:22:54   [GPU] 750,018 evals (22385 batches, avg 34/batch = 7% of 512, 2580 evals/s, 171 msg/s, 15.1 leaves/msg, 291s)
2026-08-25 05:23:11   [GPU] 800,029 evals (23742 batches, avg 34/batch = 7% of 512, 2598 evals/s, 172 msg/s, 15.1 leaves/msg, 308s)
2026-08-25 05:23:28   [GPU] 850,005 evals (25137 batches, avg 34/batch = 7% of 512, 2617 evals/s, 174 msg/s, 15.1 leaves/msg, 325s)
2026-08-25 05:23:45   [GPU] 900,020 evals (26527 batches, avg 34/batch = 7% of 512, 2634 evals/s, 175 msg/s, 15.1 leaves/msg, 342s)
2026-08-25 05:24:02   [GPU] 950,060 evals (27922 batches, avg 34/batch = 7% of 512, 2651 evals/s, 176 msg/s, 15.1 leaves/msg, 358s)
2026-08-25 05:24:19   [GPU] 1,000,010 evals (29313 batches, avg 34/batch = 7% of 512, 2665 evals/s, 177 msg/s, 15.1 leaves/msg, 375s)
2026-08-25 05:24:35   [GPU] 1,050,016 evals (30682 batches, avg 34/batch = 7% of 512, 2678 evals/s, 178 msg/s, 15.1 leaves/msg, 392s)
2026-08-25 05:24:53   [GPU] 1,100,012 evals (32134 batches, avg 34/batch = 7% of 512, 2686 evals/s, 179 msg/s, 15.0 leaves/msg, 410s)
2026-08-25 05:25:12   [GPU] 1,150,024 evals (33645 batches, avg 34/batch = 7% of 512, 2684 evals/s, 178 msg/s, 15.0 leaves/msg, 428s)
2026-08-25 05:25:31   [GPU] 1,200,026 evals (35180 batches, avg 34/batch = 7% of 512, 2680 evals/s, 178 msg/s, 15.0 leaves/msg, 448s)
2026-08-25 05:25:51   [GPU] 1,250,011 evals (36745 batches, avg 34/batch = 7% of 512, 2671 evals/s, 178 msg/s, 15.0 leaves/msg, 468s)
2026-08-25 05:26:11   [GPU] 1,300,013 evals (38316 batches, avg 34/batch = 7% of 512, 2665 evals/s, 177 msg/s, 15.0 leaves/msg, 488s)
2026-08-25 05:26:31   [GPU] 1,350,009 evals (39851 batches, avg 34/batch = 7% of 512, 2661 evals/s, 177 msg/s, 15.0 leaves/msg, 507s)
2026-08-25 05:26:50   [GPU] 1,400,006 evals (41392 batches, avg 34/batch = 7% of 512, 2657 evals/s, 176 msg/s, 15.1 leaves/msg, 527s)
2026-08-25 05:27:11   [GPU] 1,450,016 evals (42977 batches, avg 34/batch = 7% of 512, 2647 evals/s, 176 msg/s, 15.1 leaves/msg, 548s)
2026-08-25 05:27:32   [GPU] 1,500,015 evals (44569 batches, avg 34/batch = 7% of 512, 2639 evals/s, 175 msg/s, 15.1 leaves/msg, 568s)
2026-08-25 05:27:52   [GPU] 1,550,024 evals (46133 batches, avg 34/batch = 7% of 512, 2633 evals/s, 175 msg/s, 15.1 leaves/msg, 589s)
2026-08-25 05:27:57 [iter 12/40] eval vs best: 5/40 games (594s, cand 67%)
2026-08-25 05:28:13   [GPU] 1,600,017 evals (47737 batches, avg 34/batch = 7% of 512, 2624 evals/s, 174 msg/s, 15.1 leaves/msg, 610s)
2026-08-25 05:28:35   [GPU] 1,650,023 evals (49378 batches, avg 33/batch = 7% of 512, 2613 evals/s, 174 msg/s, 15.1 leaves/msg, 631s)
2026-08-25 05:28:56   [GPU] 1,700,001 evals (51042 batches, avg 33/batch = 7% of 512, 2604 evals/s, 173 msg/s, 15.1 leaves/msg, 653s)
2026-08-25 05:29:19   [GPU] 1,750,018 evals (52724 batches, avg 33/batch = 6% of 512, 2591 evals/s, 172 msg/s, 15.1 leaves/msg, 675s)
2026-08-25 05:29:41   [GPU] 1,800,031 evals (54412 batches, avg 33/batch = 6% of 512, 2579 evals/s, 171 msg/s, 15.1 leaves/msg, 698s)
2026-08-25 05:30:04   [GPU] 1,850,002 evals (56106 batches, avg 33/batch = 6% of 512, 2568 evals/s, 171 msg/s, 15.1 leaves/msg, 720s)
2026-08-25 05:30:25   [GPU] 1,900,058 evals (57751 batches, avg 33/batch = 6% of 512, 2562 evals/s, 170 msg/s, 15.1 leaves/msg, 742s)
2026-08-25 05:30:45   [GPU] 1,950,014 evals (59307 batches, avg 33/batch = 6% of 512, 2561 evals/s, 170 msg/s, 15.1 leaves/msg, 761s)
2026-08-25 05:31:04   [GPU] 2,000,049 evals (60856 batches, avg 33/batch = 6% of 512, 2561 evals/s, 170 msg/s, 15.1 leaves/msg, 781s)
2026-08-25 05:31:23   [GPU] 2,050,006 evals (62322 batches, avg 33/batch = 6% of 512, 2564 evals/s, 170 msg/s, 15.1 leaves/msg, 799s)
2026-08-25 05:31:41   [GPU] 2,100,025 evals (63778 batches, avg 33/batch = 6% of 512, 2570 evals/s, 170 msg/s, 15.1 leaves/msg, 817s)
2026-08-25 05:31:58   [GPU] 2,150,025 evals (65215 batches, avg 33/batch = 6% of 512, 2575 evals/s, 171 msg/s, 15.1 leaves/msg, 835s)
2026-08-25 05:32:08 [iter 12/40] eval vs best: 10/40 games (844s, cand 71%)
2026-08-25 05:32:17   [GPU] 2,200,030 evals (66682 batches, avg 33/batch = 6% of 512, 2578 evals/s, 171 msg/s, 15.1 leaves/msg, 853s)
2026-08-25 05:32:35   [GPU] 2,250,021 evals (68165 batches, avg 33/batch = 6% of 512, 2581 evals/s, 171 msg/s, 15.1 leaves/msg, 872s)
2026-08-25 05:32:53   [GPU] 2,300,051 evals (69660 batches, avg 33/batch = 6% of 512, 2584 evals/s, 171 msg/s, 15.1 leaves/msg, 890s)
2026-08-25 05:33:12   [GPU] 2,350,021 evals (71131 batches, avg 33/batch = 6% of 512, 2587 evals/s, 172 msg/s, 15.1 leaves/msg, 908s)
2026-08-25 05:33:30   [GPU] 2,400,006 evals (72574 batches, avg 33/batch = 6% of 512, 2591 evals/s, 172 msg/s, 15.1 leaves/msg, 926s)
2026-08-25 05:33:47   [GPU] 2,450,003 evals (74013 batches, avg 33/batch = 6% of 512, 2595 evals/s, 172 msg/s, 15.1 leaves/msg, 944s)
2026-08-25 05:34:05   [GPU] 2,500,002 evals (75499 batches, avg 33/batch = 6% of 512, 2599 evals/s, 172 msg/s, 15.1 leaves/msg, 962s)
2026-08-25 05:34:24   [GPU] 2,550,027 evals (76985 batches, avg 33/batch = 6% of 512, 2600 evals/s, 172 msg/s, 15.1 leaves/msg, 981s)
2026-08-25 05:34:43   [GPU] 2,600,013 evals (78466 batches, avg 33/batch = 6% of 512, 2602 evals/s, 173 msg/s, 15.1 leaves/msg, 999s)
2026-08-25 05:35:01   [GPU] 2,650,026 evals (79947 batches, avg 33/batch = 6% of 512, 2604 evals/s, 173 msg/s, 15.1 leaves/msg, 1018s)
2026-08-25 05:35:19   [GPU] 2,700,017 evals (81419 batches, avg 33/batch = 6% of 512, 2607 evals/s, 173 msg/s, 15.1 leaves/msg, 1036s)
2026-08-25 05:35:37   [GPU] 2,750,005 evals (82854 batches, avg 33/batch = 6% of 512, 2610 evals/s, 173 msg/s, 15.1 leaves/msg, 1054s)
2026-08-25 05:35:56   [GPU] 2,800,024 evals (84395 batches, avg 33/batch = 6% of 512, 2610 evals/s, 173 msg/s, 15.1 leaves/msg, 1073s)
2026-08-25 05:36:17   [GPU] 2,850,045 evals (85977 batches, avg 33/batch = 6% of 512, 2607 evals/s, 173 msg/s, 15.1 leaves/msg, 1093s)
2026-08-25 05:36:37   [GPU] 2,900,003 evals (87556 batches, avg 33/batch = 6% of 512, 2604 evals/s, 173 msg/s, 15.1 leaves/msg, 1114s)
2026-08-25 05:36:48 [iter 12/40] eval vs best: 15/40 games (1124s, cand 50%)
2026-08-25 05:36:57   [GPU] 2,950,011 evals (89151 batches, avg 33/batch = 6% of 512, 2602 evals/s, 173 msg/s, 15.1 leaves/msg, 1134s)
2026-08-25 05:37:17   [GPU] 3,000,037 evals (90781 batches, avg 33/batch = 6% of 512, 2599 evals/s, 173 msg/s, 15.1 leaves/msg, 1154s)
2026-08-25 05:37:38   [GPU] 3,050,011 evals (92395 batches, avg 33/batch = 6% of 512, 2596 evals/s, 172 msg/s, 15.1 leaves/msg, 1175s)
2026-08-25 05:38:01   [GPU] 3,100,005 evals (94129 batches, avg 33/batch = 6% of 512, 2588 evals/s, 172 msg/s, 15.0 leaves/msg, 1198s)
2026-08-25 05:38:23   [GPU] 3,150,009 evals (95771 batches, avg 33/batch = 6% of 512, 2583 evals/s, 172 msg/s, 15.1 leaves/msg, 1220s)
2026-08-25 05:38:31 [iter 12/40] eval vs best: 20/40 games (1228s, cand 41%)
2026-08-25 05:38:43   [GPU] 3,200,007 evals (97343 batches, avg 33/batch = 6% of 512, 2581 evals/s, 171 msg/s, 15.1 leaves/msg, 1240s)
2026-08-25 05:39:03   [GPU] 3,250,012 evals (98864 batches, avg 33/batch = 6% of 512, 2581 evals/s, 171 msg/s, 15.1 leaves/msg, 1259s)
2026-08-25 05:39:23   [GPU] 3,300,001 evals (100456 batches, avg 33/batch = 6% of 512, 2579 evals/s, 171 msg/s, 15.0 leaves/msg, 1279s)
2026-08-25 05:39:43   [GPU] 3,350,012 evals (102077 batches, avg 33/batch = 6% of 512, 2577 evals/s, 171 msg/s, 15.0 leaves/msg, 1300s)
2026-08-25 05:40:04   [GPU] 3,400,073 evals (103680 batches, avg 33/batch = 6% of 512, 2574 evals/s, 171 msg/s, 15.0 leaves/msg, 1321s)
2026-08-25 05:40:24   [GPU] 3,450,052 evals (105215 batches, avg 33/batch = 6% of 512, 2574 evals/s, 171 msg/s, 15.0 leaves/msg, 1340s)
2026-08-25 05:40:44   [GPU] 3,500,006 evals (106769 batches, avg 33/batch = 6% of 512, 2573 evals/s, 171 msg/s, 15.0 leaves/msg, 1360s)
2026-08-25 05:41:04   [GPU] 3,550,008 evals (108369 batches, avg 33/batch = 6% of 512, 2571 evals/s, 171 msg/s, 15.1 leaves/msg, 1381s)
2026-08-25 05:41:25   [GPU] 3,600,020 evals (110008 batches, avg 33/batch = 6% of 512, 2568 evals/s, 171 msg/s, 15.1 leaves/msg, 1402s)
2026-08-25 05:41:48   [GPU] 3,650,032 evals (111663 batches, avg 33/batch = 6% of 512, 2563 evals/s, 170 msg/s, 15.1 leaves/msg, 1424s)
2026-08-25 05:42:09   [GPU] 3,700,002 evals (113304 batches, avg 33/batch = 6% of 512, 2560 evals/s, 170 msg/s, 15.1 leaves/msg, 1446s)
2026-08-25 05:42:30   [GPU] 3,750,014 evals (114954 batches, avg 33/batch = 6% of 512, 2557 evals/s, 170 msg/s, 15.1 leaves/msg, 1467s)
2026-08-25 05:42:51   [GPU] 3,800,033 evals (116607 batches, avg 33/batch = 6% of 512, 2554 evals/s, 170 msg/s, 15.1 leaves/msg, 1488s)
2026-08-25 05:43:12   [GPU] 3,850,022 evals (118251 batches, avg 33/batch = 6% of 512, 2552 evals/s, 169 msg/s, 15.1 leaves/msg, 1509s)
2026-08-25 05:43:33   [GPU] 3,900,015 evals (119884 batches, avg 33/batch = 6% of 512, 2549 evals/s, 169 msg/s, 15.1 leaves/msg, 1530s)
2026-08-25 05:43:54   [GPU] 3,950,004 evals (121518 batches, avg 33/batch = 6% of 512, 2547 evals/s, 169 msg/s, 15.1 leaves/msg, 1551s)
2026-08-25 05:44:15   [GPU] 4,000,037 evals (123157 batches, avg 32/batch = 6% of 512, 2545 evals/s, 169 msg/s, 15.1 leaves/msg, 1572s)
2026-08-25 05:44:36   [GPU] 4,050,009 evals (124807 batches, avg 32/batch = 6% of 512, 2542 evals/s, 169 msg/s, 15.1 leaves/msg, 1593s)
2026-08-25 05:44:38 [iter 12/40] eval vs best: 25/40 games (1594s, cand 41%)
2026-08-25 05:45:01   [GPU] 4,100,028 evals (126629 batches, avg 32/batch = 6% of 512, 2535 evals/s, 168 msg/s, 15.1 leaves/msg, 1617s)
2026-08-25 05:45:25   [GPU] 4,150,011 evals (128447 batches, avg 32/batch = 6% of 512, 2528 evals/s, 168 msg/s, 15.1 leaves/msg, 1642s)
2026-08-25 05:45:51   [GPU] 4,200,011 evals (130357 batches, avg 32/batch = 6% of 512, 2519 evals/s, 167 msg/s, 15.1 leaves/msg, 1667s)
2026-08-25 05:46:16   [GPU] 4,250,016 evals (132230 batches, avg 32/batch = 6% of 512, 2511 evals/s, 167 msg/s, 15.1 leaves/msg, 1692s)
2026-08-25 05:46:41   [GPU] 4,300,024 evals (134074 batches, avg 32/batch = 6% of 512, 2504 evals/s, 166 msg/s, 15.1 leaves/msg, 1718s)
2026-08-25 05:47:06   [GPU] 4,350,015 evals (135909 batches, avg 32/batch = 6% of 512, 2496 evals/s, 166 msg/s, 15.1 leaves/msg, 1743s)
2026-08-25 05:47:31   [GPU] 4,400,044 evals (137764 batches, avg 32/batch = 6% of 512, 2489 evals/s, 165 msg/s, 15.1 leaves/msg, 1768s)
2026-08-25 05:47:56   [GPU] 4,450,011 evals (139617 batches, avg 32/batch = 6% of 512, 2483 evals/s, 165 msg/s, 15.1 leaves/msg, 1792s)
2026-08-25 05:48:22   [GPU] 4,500,007 evals (141552 batches, avg 32/batch = 6% of 512, 2475 evals/s, 164 msg/s, 15.1 leaves/msg, 1818s)
2026-08-25 05:48:37 [iter 12/40] eval vs best: 30/40 games (1834s, cand 33%)
2026-08-25 05:48:55   [GPU] 4,550,029 evals (143726 batches, avg 32/batch = 6% of 512, 2457 evals/s, 163 msg/s, 15.0 leaves/msg, 1852s)
2026-08-25 05:49:30   [GPU] 4,600,005 evals (145896 batches, avg 32/batch = 6% of 512, 2438 evals/s, 162 msg/s, 15.0 leaves/msg, 1887s)
2026-08-25 05:50:01   [GPU] 4,650,001 evals (147932 batches, avg 31/batch = 6% of 512, 2425 evals/s, 161 msg/s, 15.0 leaves/msg, 1917s)
2026-08-25 05:50:26   [GPU] 4,700,012 evals (149913 batches, avg 31/batch = 6% of 512, 2419 evals/s, 161 msg/s, 15.0 leaves/msg, 1943s)
2026-08-25 05:50:55   [GPU] 4,750,019 evals (151949 batches, avg 31/batch = 6% of 512, 2409 evals/s, 160 msg/s, 15.0 leaves/msg, 1972s)
2026-08-25 05:51:24   [GPU] 4,800,003 evals (153964 batches, avg 31/batch = 6% of 512, 2399 evals/s, 160 msg/s, 15.0 leaves/msg, 2001s)
2026-08-25 05:51:52   [GPU] 4,850,021 evals (155939 batches, avg 31/batch = 6% of 512, 2390 evals/s, 159 msg/s, 15.0 leaves/msg, 2029s)
2026-08-25 05:52:19   [GPU] 4,900,006 evals (157884 batches, avg 31/batch = 6% of 512, 2384 evals/s, 158 msg/s, 15.0 leaves/msg, 2056s)
2026-08-25 05:52:45   [GPU] 4,950,006 evals (159808 batches, avg 31/batch = 6% of 512, 2377 evals/s, 158 msg/s, 15.0 leaves/msg, 2082s)
2026-08-25 05:53:12   [GPU] 5,000,011 evals (161761 batches, avg 31/batch = 6% of 512, 2371 evals/s, 158 msg/s, 15.0 leaves/msg, 2109s)
2026-08-25 05:53:38   [GPU] 5,050,012 evals (163677 batches, avg 31/batch = 6% of 512, 2365 evals/s, 157 msg/s, 15.0 leaves/msg, 2135s)
2026-08-25 05:54:05   [GPU] 5,100,025 evals (165632 batches, avg 31/batch = 6% of 512, 2360 evals/s, 157 msg/s, 15.0 leaves/msg, 2161s)
2026-08-25 05:54:31   [GPU] 5,150,013 evals (167646 batches, avg 31/batch = 6% of 512, 2354 evals/s, 156 msg/s, 15.0 leaves/msg, 2188s)
2026-08-25 05:55:04   [GPU] 5,200,006 evals (169765 batches, avg 31/batch = 6% of 512, 2342 evals/s, 156 msg/s, 15.0 leaves/msg, 2221s)
2026-08-25 05:55:36   [GPU] 5,250,027 evals (171814 batches, avg 31/batch = 6% of 512, 2331 evals/s, 155 msg/s, 15.0 leaves/msg, 2252s)
2026-08-25 05:56:07   [GPU] 5,300,042 evals (173982 batches, avg 30/batch = 6% of 512, 2321 evals/s, 154 msg/s, 15.0 leaves/msg, 2284s)
2026-08-25 05:56:37   [GPU] 5,350,023 evals (176031 batches, avg 30/batch = 6% of 512, 2312 evals/s, 154 msg/s, 15.0 leaves/msg, 2314s)
2026-08-25 05:57:07   [GPU] 5,400,018 evals (178051 batches, avg 30/batch = 6% of 512, 2304 evals/s, 153 msg/s, 15.0 leaves/msg, 2344s)
2026-08-25 05:57:36   [GPU] 5,450,008 evals (180111 batches, avg 30/batch = 6% of 512, 2297 evals/s, 153 msg/s, 15.0 leaves/msg, 2373s)
2026-08-25 05:58:04   [GPU] 5,500,025 evals (182099 batches, avg 30/batch = 6% of 512, 2291 evals/s, 152 msg/s, 15.0 leaves/msg, 2401s)
2026-08-25 05:58:29 [iter 12/40] eval vs best: 35/40 games (2425s, cand 32%)
2026-08-25 05:58:31   [GPU] 5,550,037 evals (184073 batches, avg 30/batch = 6% of 512, 2286 evals/s, 152 msg/s, 15.0 leaves/msg, 2427s)
2026-08-25 05:58:58   [GPU] 5,600,021 evals (186065 batches, avg 30/batch = 6% of 512, 2281 evals/s, 152 msg/s, 15.0 leaves/msg, 2455s)
2026-08-25 05:59:30   [GPU] 5,650,022 evals (188172 batches, avg 30/batch = 6% of 512, 2272 evals/s, 151 msg/s, 15.0 leaves/msg, 2486s)
2026-08-25 06:00:02   [GPU] 5,700,043 evals (190324 batches, avg 30/batch = 6% of 512, 2263 evals/s, 150 msg/s, 15.0 leaves/msg, 2519s)
2026-08-25 06:00:40   [GPU] 5,750,024 evals (192719 batches, avg 30/batch = 6% of 512, 2249 evals/s, 150 msg/s, 15.0 leaves/msg, 2557s)
2026-08-25 06:01:35   [GPU] 5,800,013 evals (195479 batches, avg 30/batch = 6% of 512, 2221 evals/s, 148 msg/s, 15.0 leaves/msg, 2612s)
2026-08-25 06:02:51   [GPU] 5,850,013 evals (198518 batches, avg 29/batch = 6% of 512, 2177 evals/s, 145 msg/s, 15.0 leaves/msg, 2687s)
2026-08-25 06:03:44 [iter 12/40] eval vs best: 40/40 games (2740s, cand 33%)
2026-08-25 06:03:44 [iter 12/40] eval vs best done: 33.3% of 36 decided, 25 adjudicated reject (2741s)
2026-08-25 06:03:44 [iter 12/40] eval vs random (8 games, 600 sims)...
2026-08-25 06:03:44 [EVAL-MP] 8 workers spawned (8 vs_random games, sims=600), GPU batcher starting...
2026-08-25 06:04:04   [GPU] 50,013 evals (1353 batches, avg 37/batch = 7% of 512, 2516 evals/s, 166 msg/s, 15.2 leaves/msg, 20s)
2026-08-25 06:04:17   [GPU] 100,035 evals (2617 batches, avg 38/batch = 7% of 512, 3076 evals/s, 207 msg/s, 14.9 leaves/msg, 33s)
2026-08-25 06:04:20 [iter 12/40] eval vs random: 5/8 games (36s, cand 80%)
2026-08-25 06:04:42   [GPU] 150,011 evals (4740 batches, avg 32/batch = 6% of 512, 2605 evals/s, 177 msg/s, 14.7 leaves/msg, 58s)
2026-08-25 06:05:02 [iter 12/40] eval vs random: 8/8 games (78s, cand 86%)
2026-08-25 06:05:02 [iter 12/40] eval vs random done: 85.7% (78s)
2026-08-25 06:05:02 [iter 12/40] eval vs greedy (80 games, 600 sims)...
2026-08-25 06:05:02 [EVAL-MP] 8 workers spawned (80 vs_greedy games, sims=600), GPU batcher starting...
2026-08-25 06:05:16 [iter 12/40] eval vs greedy: 5/80 games (14s, cand 20%)
2026-08-25 06:05:26   [GPU] 50,012 evals (1621 batches, avg 31/batch = 6% of 512, 2116 evals/s, 142 msg/s, 14.9 leaves/msg, 24s)
2026-08-25 06:05:27 [iter 12/40] eval vs greedy: 10/80 games (25s, cand 10%)
2026-08-25 06:05:33 [iter 12/40] eval vs greedy: 15/80 games (31s, cand 20%)
2026-08-25 06:05:40 [iter 12/40] eval vs greedy: 20/80 games (38s, cand 20%)
2026-08-25 06:05:46   [GPU] 100,027 evals (3286 batches, avg 30/batch = 6% of 512, 2269 evals/s, 153 msg/s, 14.8 leaves/msg, 44s)
2026-08-25 06:05:49 [iter 12/40] eval vs greedy: 25/80 games (47s, cand 20%)
2026-08-25 06:05:56 [iter 12/40] eval vs greedy: 30/80 games (54s, cand 17%)
2026-08-25 06:06:03 [iter 12/40] eval vs greedy: 35/80 games (61s, cand 14%)
2026-08-25 06:06:06   [GPU] 150,018 evals (4944 batches, avg 30/batch = 6% of 512, 2330 evals/s, 157 msg/s, 14.8 leaves/msg, 64s)
2026-08-25 06:06:11 [iter 12/40] eval vs greedy: 40/80 games (70s, cand 15%)
2026-08-25 06:06:19 [iter 12/40] eval vs greedy: 45/80 games (78s, cand 16%)
2026-08-25 06:06:24 [iter 12/40] eval vs greedy: 50/80 games (82s, cand 14%)
2026-08-25 06:06:27   [GPU] 200,030 evals (6655 batches, avg 30/batch = 6% of 512, 2337 evals/s, 158 msg/s, 14.8 leaves/msg, 86s)
2026-08-25 06:06:34 [iter 12/40] eval vs greedy: 55/80 games (93s, cand 15%)
2026-08-25 06:06:46 [iter 12/40] eval vs greedy: 60/80 games (104s, cand 13%)
2026-08-25 06:06:47   [GPU] 250,006 evals (8250 batches, avg 30/batch = 6% of 512, 2371 evals/s, 161 msg/s, 14.8 leaves/msg, 105s)
2026-08-25 06:06:48 [iter 12/40] eval vs greedy: 65/80 games (106s, cand 12%)
2026-08-25 06:06:59 [iter 12/40] eval vs greedy: 70/80 games (117s, cand 11%)
2026-08-25 06:07:06 [iter 12/40] eval vs greedy: 75/80 games (124s, cand 11%)
2026-08-25 06:07:16   [GPU] 300,001 evals (10172 batches, avg 29/batch = 6% of 512, 2239 evals/s, 152 msg/s, 14.8 leaves/msg, 134s)
2026-08-25 06:07:22 [iter 12/40] eval vs greedy: 80/80 games (140s, cand 11%)
2026-08-25 06:07:22 [iter 12/40] eval vs greedy done: 11.2% of 80 decided [seat0:9/20 seat1:0/20 seat2:0/20 seat3:0/20] (140s)
2026-08-25 06:07:22 [iter 12/40] eval vs minimax (depth 2, 40 games)...
2026-08-25 06:07:22 [EVAL-MP] 8 workers spawned (40 vs_minimax games, sims=600), GPU batcher starting...
2026-08-25 06:07:48   [GPU] 50,003 evals (1614 batches, avg 31/batch = 6% of 512, 1925 evals/s, 126 msg/s, 15.3 leaves/msg, 26s)
2026-08-25 06:07:59 [iter 12/40] eval vs minimax: 5/40 games (0%)
2026-08-25 06:08:01   [GPU] 100,020 evals (2856 batches, avg 35/batch = 7% of 512, 2545 evals/s, 174 msg/s, 14.6 leaves/msg, 39s)
2026-08-25 06:08:22   [GPU] 150,019 evals (4495 batches, avg 33/batch = 7% of 512, 2514 evals/s, 170 msg/s, 14.8 leaves/msg, 60s)
2026-08-25 06:08:23 [iter 12/40] eval vs minimax: 10/40 games (0%)
2026-08-25 06:08:37   [GPU] 200,003 evals (5879 batches, avg 34/batch = 7% of 512, 2668 evals/s, 183 msg/s, 14.5 leaves/msg, 75s)
2026-08-25 06:08:42 [iter 12/40] eval vs minimax: 15/40 games (0%)
2026-08-25 06:08:54   [GPU] 250,000 evals (7404 batches, avg 34/batch = 7% of 512, 2706 evals/s, 186 msg/s, 14.5 leaves/msg, 92s)
2026-08-25 06:08:59 [iter 12/40] eval vs minimax: 20/40 games (0%)
2026-08-25 06:09:14   [GPU] 300,005 evals (9063 batches, avg 33/batch = 6% of 512, 2668 evals/s, 184 msg/s, 14.5 leaves/msg, 112s)
2026-08-25 06:09:28 [iter 12/40] eval vs minimax: 25/40 games (0%)
2026-08-25 06:09:29   [GPU] 350,030 evals (10374 batches, avg 34/batch = 7% of 512, 2753 evals/s, 189 msg/s, 14.5 leaves/msg, 127s)
2026-08-25 06:09:37 [iter 12/40] eval vs minimax: 30/40 games (0%)
2026-08-25 06:09:49   [GPU] 400,021 evals (12034 batches, avg 33/batch = 6% of 512, 2719 evals/s, 187 msg/s, 14.5 leaves/msg, 147s)
2026-08-25 06:10:05 [iter 12/40] eval vs minimax: 35/40 games (0%)
2026-08-25 06:10:06   [GPU] 450,046 evals (13540 batches, avg 33/batch = 6% of 512, 2751 evals/s, 189 msg/s, 14.5 leaves/msg, 164s)
2026-08-25 06:10:36 [iter 12/40] eval vs minimax: 40/40 games (0%)
2026-08-25 06:10:37 [iter 12/40] eval vs minimax done: 0.0% of 40 decided [seat0:0/10 seat1:0/10 seat2:0/10 seat3:0/10] (195s)
2026-08-25 06:10:37 >>> iter 12 | loss_p=1.327 loss_v=0.149 | vs_best=33.3% reject | vs_rand=85.7% | draw=11% | buf=100000 | rss=3.11GB | sp=1836s train=8s eval_best=2741s eval_rand=78s | total=5001s
2026-08-25 06:10:37 [iter 13/40] self-play starting (160 games, 600 sims, MIXED 80/160 race-only)...
2026-08-25 06:10:37 [PARALLEL-MP] 8 workers spawned (160 games, sims=600), GPU batcher starting...
2026-08-25 06:10:54   [GPU] 50,000 evals (1430 batches, avg 35/batch = 7% of 512, 2966 evals/s, 213 msg/s, 13.9 leaves/msg, 17s)
2026-08-25 06:10:57 [iter 13/40] self-play: 5/160 games...
2026-08-25 06:11:08 [iter 13/40] self-play: 10/160 games...
2026-08-25 06:11:09   [GPU] 100,022 evals (2979 batches, avg 34/batch = 7% of 512, 3074 evals/s, 237 msg/s, 13.0 leaves/msg, 33s)
2026-08-25 06:11:25 [iter 13/40] self-play: 15/160 games...
2026-08-25 06:11:29   [GPU] 150,010 evals (4689 batches, avg 32/batch = 6% of 512, 2893 evals/s, 220 msg/s, 13.1 leaves/msg, 52s)
2026-08-25 06:11:47   [GPU] 200,014 evals (6342 batches, avg 32/batch = 6% of 512, 2841 evals/s, 211 msg/s, 13.4 leaves/msg, 70s)
2026-08-25 06:12:08   [GPU] 250,033 evals (7999 batches, avg 31/batch = 6% of 512, 2751 evals/s, 201 msg/s, 13.7 leaves/msg, 91s)
2026-08-25 06:12:18 [iter 13/40] self-play: 20/160 games...
2026-08-25 06:12:26   [GPU] 300,000 evals (9570 batches, avg 31/batch = 6% of 512, 2749 evals/s, 200 msg/s, 13.7 leaves/msg, 109s)
2026-08-25 06:12:45   [GPU] 350,033 evals (11138 batches, avg 31/batch = 6% of 512, 2738 evals/s, 198 msg/s, 13.9 leaves/msg, 128s)
2026-08-25 06:13:01   [GPU] 400,017 evals (12568 batches, avg 32/batch = 6% of 512, 2770 evals/s, 198 msg/s, 14.0 leaves/msg, 144s)
2026-08-25 06:13:15   [GPU] 450,038 evals (13859 batches, avg 32/batch = 6% of 512, 2843 evals/s, 204 msg/s, 13.9 leaves/msg, 158s)
2026-08-25 06:13:17 [iter 13/40] self-play: 25/160 games...
2026-08-25 06:13:28   [GPU] 500,002 evals (15079 batches, avg 33/batch = 6% of 512, 2916 evals/s, 209 msg/s, 14.0 leaves/msg, 171s)
2026-08-25 06:13:41   [GPU] 550,020 evals (16270 batches, avg 34/batch = 7% of 512, 2985 evals/s, 214 msg/s, 14.0 leaves/msg, 184s)
2026-08-25 06:13:53   [GPU] 600,013 evals (17410 batches, avg 34/batch = 7% of 512, 3059 evals/s, 219 msg/s, 14.0 leaves/msg, 196s)
2026-08-25 06:14:05 [iter 13/40] self-play: 30/160 games...
2026-08-25 06:14:06   [GPU] 650,044 evals (18613 batches, avg 35/batch = 7% of 512, 3112 evals/s, 224 msg/s, 13.9 leaves/msg, 209s)
2026-08-25 06:14:19   [GPU] 700,014 evals (19894 batches, avg 35/batch = 7% of 512, 3147 evals/s, 226 msg/s, 13.9 leaves/msg, 222s)
2026-08-25 06:14:31   [GPU] 750,005 evals (21090 batches, avg 36/batch = 7% of 512, 3197 evals/s, 229 msg/s, 13.9 leaves/msg, 235s)
2026-08-25 06:14:44   [GPU] 800,046 evals (22290 batches, avg 36/batch = 7% of 512, 3237 evals/s, 233 msg/s, 13.9 leaves/msg, 247s)
2026-08-25 06:14:57   [GPU] 850,018 evals (23518 batches, avg 36/batch = 7% of 512, 3269 evals/s, 235 msg/s, 13.9 leaves/msg, 260s)
2026-08-25 06:15:09   [GPU] 900,017 evals (24697 batches, avg 36/batch = 7% of 512, 3301 evals/s, 237 msg/s, 14.0 leaves/msg, 273s)
2026-08-25 06:15:21   [GPU] 950,081 evals (25810 batches, avg 37/batch = 7% of 512, 3340 evals/s, 239 msg/s, 14.0 leaves/msg, 284s)
2026-08-25 06:15:32   [GPU] 1,000,005 evals (26862 batches, avg 37/batch = 7% of 512, 3384 evals/s, 242 msg/s, 14.0 leaves/msg, 296s)
2026-08-25 06:15:43   [GPU] 1,050,011 evals (27917 batches, avg 38/batch = 7% of 512, 3423 evals/s, 244 msg/s, 14.0 leaves/msg, 307s)
2026-08-25 06:15:54   [GPU] 1,100,006 evals (28956 batches, avg 38/batch = 7% of 512, 3466 evals/s, 247 msg/s, 14.0 leaves/msg, 317s)
2026-08-25 06:16:04   [GPU] 1,150,022 evals (29925 batches, avg 38/batch = 8% of 512, 3516 evals/s, 250 msg/s, 14.1 leaves/msg, 327s)
2026-08-25 06:16:14   [GPU] 1,200,040 evals (30871 batches, avg 39/batch = 8% of 512, 3560 evals/s, 253 msg/s, 14.1 leaves/msg, 337s)
2026-08-25 06:16:25   [GPU] 1,250,068 evals (31908 batches, avg 39/batch = 8% of 512, 3592 evals/s, 255 msg/s, 14.1 leaves/msg, 348s)
2026-08-25 06:16:31 [iter 13/40] self-play: 35/160 games...
2026-08-25 06:16:35   [GPU] 1,300,063 evals (32920 batches, avg 39/batch = 8% of 512, 3630 evals/s, 258 msg/s, 14.1 leaves/msg, 358s)
2026-08-25 06:16:45   [GPU] 1,350,018 evals (33923 batches, avg 40/batch = 8% of 512, 3670 evals/s, 261 msg/s, 14.0 leaves/msg, 368s)
2026-08-25 06:16:55   [GPU] 1,400,044 evals (34961 batches, avg 40/batch = 8% of 512, 3705 evals/s, 264 msg/s, 14.0 leaves/msg, 378s)
2026-08-25 06:17:06   [GPU] 1,450,043 evals (36089 batches, avg 40/batch = 8% of 512, 3729 evals/s, 267 msg/s, 14.0 leaves/msg, 389s)
2026-08-25 06:17:18   [GPU] 1,500,026 evals (37280 batches, avg 40/batch = 8% of 512, 3743 evals/s, 269 msg/s, 13.9 leaves/msg, 401s)
2026-08-25 06:17:19 [iter 13/40] self-play: 40/160 games...
2026-08-25 06:17:30   [GPU] 1,550,053 evals (38544 batches, avg 40/batch = 8% of 512, 3750 evals/s, 271 msg/s, 13.9 leaves/msg, 413s)
2026-08-25 06:17:35 [iter 13/40] self-play: 45/160 games...
2026-08-25 06:17:44   [GPU] 1,600,006 evals (39822 batches, avg 40/batch = 8% of 512, 3749 evals/s, 270 msg/s, 13.9 leaves/msg, 427s)
2026-08-25 06:17:57   [GPU] 1,650,009 evals (41115 batches, avg 40/batch = 8% of 512, 3745 evals/s, 270 msg/s, 13.9 leaves/msg, 441s)
2026-08-25 06:18:12   [GPU] 1,700,011 evals (42427 batches, avg 40/batch = 8% of 512, 3738 evals/s, 270 msg/s, 13.8 leaves/msg, 455s)
2026-08-25 06:18:12 [iter 13/40] self-play: 50/160 games...
2026-08-25 06:18:27   [GPU] 1,750,009 evals (43821 batches, avg 40/batch = 8% of 512, 3721 evals/s, 269 msg/s, 13.9 leaves/msg, 470s)
2026-08-25 06:18:44   [GPU] 1,800,026 evals (45297 batches, avg 40/batch = 8% of 512, 3696 evals/s, 267 msg/s, 13.9 leaves/msg, 487s)
2026-08-25 06:18:45 [iter 13/40] self-play: 55/160 games...
2026-08-25 06:18:57   [GPU] 1,850,000 evals (46542 batches, avg 40/batch = 8% of 512, 3700 evals/s, 267 msg/s, 13.9 leaves/msg, 500s)
2026-08-25 06:19:11   [GPU] 1,900,001 evals (47861 batches, avg 40/batch = 8% of 512, 3696 evals/s, 266 msg/s, 13.9 leaves/msg, 514s)
2026-08-25 06:19:25   [GPU] 1,950,019 evals (49128 batches, avg 40/batch = 8% of 512, 3690 evals/s, 266 msg/s, 13.9 leaves/msg, 528s)
2026-08-25 06:19:40   [GPU] 2,000,034 evals (50508 batches, avg 40/batch = 8% of 512, 3680 evals/s, 265 msg/s, 13.9 leaves/msg, 544s)
2026-08-25 06:19:41 [iter 13/40] self-play: 60/160 games...
2026-08-25 06:19:57   [GPU] 2,050,023 evals (52017 batches, avg 39/batch = 8% of 512, 3661 evals/s, 264 msg/s, 13.8 leaves/msg, 560s)
2026-08-25 06:20:08 [iter 13/40] self-play: 65/160 games...
2026-08-25 06:20:12   [GPU] 2,100,020 evals (53435 batches, avg 39/batch = 8% of 512, 3653 evals/s, 264 msg/s, 13.9 leaves/msg, 575s)
2026-08-25 06:20:29   [GPU] 2,150,036 evals (54960 batches, avg 39/batch = 8% of 512, 3629 evals/s, 262 msg/s, 13.9 leaves/msg, 592s)
2026-08-25 06:20:44   [GPU] 2,200,032 evals (56296 batches, avg 39/batch = 8% of 512, 3626 evals/s, 261 msg/s, 13.9 leaves/msg, 607s)
2026-08-25 06:20:59   [GPU] 2,250,011 evals (57740 batches, avg 39/batch = 8% of 512, 3615 evals/s, 261 msg/s, 13.9 leaves/msg, 622s)
2026-08-25 06:21:00 [iter 13/40] self-play: 70/160 games...
2026-08-25 06:21:15   [GPU] 2,300,070 evals (59165 batches, avg 39/batch = 8% of 512, 3602 evals/s, 259 msg/s, 13.9 leaves/msg, 639s)
2026-08-25 06:21:29   [GPU] 2,350,020 evals (60538 batches, avg 39/batch = 8% of 512, 3601 evals/s, 260 msg/s, 13.9 leaves/msg, 653s)
2026-08-25 06:21:44   [GPU] 2,400,043 evals (61901 batches, avg 39/batch = 8% of 512, 3597 evals/s, 259 msg/s, 13.9 leaves/msg, 667s)
2026-08-25 06:21:59   [GPU] 2,450,025 evals (63266 batches, avg 39/batch = 8% of 512, 3594 evals/s, 259 msg/s, 13.9 leaves/msg, 682s)
2026-08-25 06:22:13   [GPU] 2,500,042 evals (64613 batches, avg 39/batch = 8% of 512, 3591 evals/s, 259 msg/s, 13.9 leaves/msg, 696s)
2026-08-25 06:22:27   [GPU] 2,550,005 evals (65958 batches, avg 39/batch = 8% of 512, 3589 evals/s, 258 msg/s, 13.9 leaves/msg, 710s)
2026-08-25 06:22:39 [iter 13/40] self-play: 75/160 games...
2026-08-25 06:22:40   [GPU] 2,600,012 evals (67214 batches, avg 39/batch = 8% of 512, 3594 evals/s, 259 msg/s, 13.9 leaves/msg, 723s)
2026-08-25 06:22:51   [GPU] 2,650,019 evals (68327 batches, avg 39/batch = 8% of 512, 3608 evals/s, 260 msg/s, 13.9 leaves/msg, 735s)
2026-08-25 06:23:02   [GPU] 2,700,025 evals (69445 batches, avg 39/batch = 8% of 512, 3622 evals/s, 261 msg/s, 13.9 leaves/msg, 746s)
2026-08-25 06:23:14   [GPU] 2,750,027 evals (70587 batches, avg 39/batch = 8% of 512, 3632 evals/s, 262 msg/s, 13.9 leaves/msg, 757s)
2026-08-25 06:23:26   [GPU] 2,800,018 evals (71773 batches, avg 39/batch = 8% of 512, 3640 evals/s, 263 msg/s, 13.9 leaves/msg, 769s)
2026-08-25 06:23:39   [GPU] 2,850,005 evals (73004 batches, avg 39/batch = 8% of 512, 3645 evals/s, 263 msg/s, 13.9 leaves/msg, 782s)
2026-08-25 06:23:50   [GPU] 2,900,000 evals (74136 batches, avg 39/batch = 8% of 512, 3656 evals/s, 264 msg/s, 13.9 leaves/msg, 793s)
2026-08-25 06:23:59 [iter 13/40] self-play: 80/160 games...
2026-08-25 06:24:01   [GPU] 2,950,039 evals (75246 batches, avg 39/batch = 8% of 512, 3669 evals/s, 265 msg/s, 13.8 leaves/msg, 804s)
2026-08-25 06:24:12   [GPU] 3,000,014 evals (76398 batches, avg 39/batch = 8% of 512, 3678 evals/s, 266 msg/s, 13.8 leaves/msg, 816s)
2026-08-25 06:24:24   [GPU] 3,050,023 evals (77575 batches, avg 39/batch = 8% of 512, 3685 evals/s, 266 msg/s, 13.8 leaves/msg, 828s)
2026-08-25 06:24:37   [GPU] 3,100,005 evals (78817 batches, avg 39/batch = 8% of 512, 3688 evals/s, 267 msg/s, 13.8 leaves/msg, 840s)
2026-08-25 06:24:48 [iter 13/40] self-play: 85/160 games...
2026-08-25 06:24:49   [GPU] 3,150,006 evals (80028 batches, avg 39/batch = 8% of 512, 3694 evals/s, 267 msg/s, 13.8 leaves/msg, 853s)
2026-08-25 06:25:02   [GPU] 3,200,035 evals (81255 batches, avg 39/batch = 8% of 512, 3699 evals/s, 268 msg/s, 13.8 leaves/msg, 865s)
2026-08-25 06:25:15   [GPU] 3,250,027 evals (82543 batches, avg 39/batch = 8% of 512, 3701 evals/s, 268 msg/s, 13.8 leaves/msg, 878s)
2026-08-25 06:25:26 [iter 13/40] self-play: 90/160 games...
2026-08-25 06:25:27   [GPU] 3,300,052 evals (83776 batches, avg 39/batch = 8% of 512, 3707 evals/s, 269 msg/s, 13.8 leaves/msg, 890s)
2026-08-25 06:25:40   [GPU] 3,350,018 evals (85060 batches, avg 39/batch = 8% of 512, 3709 evals/s, 269 msg/s, 13.8 leaves/msg, 903s)
2026-08-25 06:25:53   [GPU] 3,400,004 evals (86308 batches, avg 39/batch = 8% of 512, 3712 evals/s, 270 msg/s, 13.8 leaves/msg, 916s)
2026-08-25 06:26:01 [iter 13/40] self-play: 95/160 games...
2026-08-25 06:26:06   [GPU] 3,450,021 evals (87667 batches, avg 39/batch = 8% of 512, 3712 evals/s, 270 msg/s, 13.8 leaves/msg, 929s)
2026-08-25 06:26:19   [GPU] 3,500,017 evals (88923 batches, avg 39/batch = 8% of 512, 3716 evals/s, 270 msg/s, 13.8 leaves/msg, 942s)
2026-08-25 06:26:33   [GPU] 3,550,031 evals (90290 batches, avg 39/batch = 8% of 512, 3713 evals/s, 270 msg/s, 13.7 leaves/msg, 956s)
2026-08-25 06:26:36 [iter 13/40] self-play: 100/160 games...
2026-08-25 06:26:47   [GPU] 3,600,022 evals (91609 batches, avg 39/batch = 8% of 512, 3712 evals/s, 270 msg/s, 13.7 leaves/msg, 970s)
2026-08-25 06:27:00   [GPU] 3,650,014 evals (92894 batches, avg 39/batch = 8% of 512, 3712 evals/s, 270 msg/s, 13.7 leaves/msg, 983s)
2026-08-25 06:27:11 [iter 13/40] self-play: 105/160 games...
2026-08-25 06:27:14   [GPU] 3,700,034 evals (94229 batches, avg 39/batch = 8% of 512, 3711 evals/s, 271 msg/s, 13.7 leaves/msg, 997s)
2026-08-25 06:27:28   [GPU] 3,750,034 evals (95522 batches, avg 39/batch = 8% of 512, 3710 evals/s, 270 msg/s, 13.7 leaves/msg, 1011s)
2026-08-25 06:27:40   [GPU] 3,800,049 evals (96689 batches, avg 39/batch = 8% of 512, 3714 evals/s, 271 msg/s, 13.7 leaves/msg, 1023s)
2026-08-25 06:27:53   [GPU] 3,850,013 evals (97885 batches, avg 39/batch = 8% of 512, 3716 evals/s, 271 msg/s, 13.7 leaves/msg, 1036s)
2026-08-25 06:28:06   [GPU] 3,900,031 evals (99085 batches, avg 39/batch = 8% of 512, 3718 evals/s, 271 msg/s, 13.7 leaves/msg, 1049s)
2026-08-25 06:28:18   [GPU] 3,950,027 evals (100242 batches, avg 39/batch = 8% of 512, 3722 evals/s, 271 msg/s, 13.8 leaves/msg, 1061s)
2026-08-25 06:28:30   [GPU] 4,000,029 evals (101379 batches, avg 39/batch = 8% of 512, 3727 evals/s, 271 msg/s, 13.8 leaves/msg, 1073s)
2026-08-25 06:28:42   [GPU] 4,050,001 evals (102481 batches, avg 40/batch = 8% of 512, 3732 evals/s, 271 msg/s, 13.8 leaves/msg, 1085s)
2026-08-25 06:28:53   [GPU] 4,100,032 evals (103535 batches, avg 40/batch = 8% of 512, 3740 evals/s, 271 msg/s, 13.8 leaves/msg, 1096s)
2026-08-25 06:29:03   [GPU] 4,150,061 evals (104517 batches, avg 40/batch = 8% of 512, 3750 evals/s, 272 msg/s, 13.8 leaves/msg, 1107s)
2026-08-25 06:29:09 [iter 13/40] self-play: 110/160 games...
2026-08-25 06:29:14   [GPU] 4,200,002 evals (105559 batches, avg 40/batch = 8% of 512, 3759 evals/s, 272 msg/s, 13.8 leaves/msg, 1117s)
2026-08-25 06:29:25   [GPU] 4,250,013 evals (106621 batches, avg 40/batch = 8% of 512, 3766 evals/s, 273 msg/s, 13.8 leaves/msg, 1129s)
2026-08-25 06:29:36   [GPU] 4,300,031 evals (107617 batches, avg 40/batch = 8% of 512, 3776 evals/s, 273 msg/s, 13.8 leaves/msg, 1139s)
2026-08-25 06:29:45   [GPU] 4,350,002 evals (108617 batches, avg 40/batch = 8% of 512, 3787 evals/s, 274 msg/s, 13.8 leaves/msg, 1149s)
2026-08-25 06:29:56   [GPU] 4,400,025 evals (109670 batches, avg 40/batch = 8% of 512, 3794 evals/s, 274 msg/s, 13.8 leaves/msg, 1160s)
2026-08-25 06:30:07   [GPU] 4,450,023 evals (110726 batches, avg 40/batch = 8% of 512, 3802 evals/s, 275 msg/s, 13.8 leaves/msg, 1170s)
2026-08-25 06:30:18   [GPU] 4,500,027 evals (111815 batches, avg 40/batch = 8% of 512, 3808 evals/s, 275 msg/s, 13.8 leaves/msg, 1182s)
2026-08-25 06:30:20 [iter 13/40] self-play: 115/160 games...
2026-08-25 06:30:28   [GPU] 4,550,061 evals (112849 batches, avg 40/batch = 8% of 512, 3818 evals/s, 276 msg/s, 13.8 leaves/msg, 1192s)
2026-08-25 06:30:40 [iter 13/40] self-play: 120/160 games...
2026-08-25 06:30:40   [GPU] 4,600,024 evals (114026 batches, avg 40/batch = 8% of 512, 3823 evals/s, 277 msg/s, 13.8 leaves/msg, 1203s)
2026-08-25 06:30:53   [GPU] 4,650,015 evals (115308 batches, avg 40/batch = 8% of 512, 3824 evals/s, 277 msg/s, 13.8 leaves/msg, 1216s)
2026-08-25 06:31:00 [iter 13/40] self-play: 125/160 games...
2026-08-25 06:31:06   [GPU] 4,700,001 evals (116646 batches, avg 40/batch = 8% of 512, 3823 evals/s, 277 msg/s, 13.8 leaves/msg, 1229s)
2026-08-25 06:31:18 [iter 13/40] self-play: 130/160 games...
2026-08-25 06:31:22   [GPU] 4,750,023 evals (118167 batches, avg 40/batch = 8% of 512, 3815 evals/s, 276 msg/s, 13.8 leaves/msg, 1245s)
2026-08-25 06:31:38   [GPU] 4,800,018 evals (119635 batches, avg 40/batch = 8% of 512, 3807 evals/s, 276 msg/s, 13.8 leaves/msg, 1261s)
2026-08-25 06:31:39 [iter 13/40] self-play: 135/160 games...
2026-08-25 06:31:54   [GPU] 4,850,006 evals (121158 batches, avg 40/batch = 8% of 512, 3797 evals/s, 275 msg/s, 13.8 leaves/msg, 1277s)
2026-08-25 06:32:11   [GPU] 4,900,056 evals (122603 batches, avg 40/batch = 8% of 512, 3787 evals/s, 274 msg/s, 13.8 leaves/msg, 1294s)
2026-08-25 06:32:24   [GPU] 4,950,041 evals (123825 batches, avg 40/batch = 8% of 512, 3788 evals/s, 274 msg/s, 13.8 leaves/msg, 1307s)
2026-08-25 06:32:30 [iter 13/40] self-play: 140/160 games...
2026-08-25 06:32:37   [GPU] 5,000,014 evals (125057 batches, avg 40/batch = 8% of 512, 3788 evals/s, 274 msg/s, 13.8 leaves/msg, 1320s)
2026-08-25 06:32:49   [GPU] 5,050,038 evals (126247 batches, avg 40/batch = 8% of 512, 3789 evals/s, 274 msg/s, 13.8 leaves/msg, 1333s)
2026-08-25 06:33:02   [GPU] 5,100,005 evals (127433 batches, avg 40/batch = 8% of 512, 3791 evals/s, 274 msg/s, 13.8 leaves/msg, 1345s)
2026-08-25 06:33:15   [GPU] 5,150,028 evals (128681 batches, avg 40/batch = 8% of 512, 3791 evals/s, 274 msg/s, 13.8 leaves/msg, 1358s)
2026-08-25 06:33:27   [GPU] 5,200,019 evals (129876 batches, avg 40/batch = 8% of 512, 3794 evals/s, 275 msg/s, 13.8 leaves/msg, 1371s)
2026-08-25 06:33:39   [GPU] 5,250,016 evals (130984 batches, avg 40/batch = 8% of 512, 3799 evals/s, 275 msg/s, 13.8 leaves/msg, 1382s)
2026-08-25 06:33:44 [iter 13/40] self-play: 145/160 games...
2026-08-25 06:33:50   [GPU] 5,300,035 evals (132128 batches, avg 40/batch = 8% of 512, 3804 evals/s, 276 msg/s, 13.8 leaves/msg, 1393s)
2026-08-25 06:34:01   [GPU] 5,350,036 evals (133278 batches, avg 40/batch = 8% of 512, 3809 evals/s, 276 msg/s, 13.8 leaves/msg, 1404s)
2026-08-25 06:34:12   [GPU] 5,400,009 evals (134416 batches, avg 40/batch = 8% of 512, 3815 evals/s, 276 msg/s, 13.8 leaves/msg, 1415s)
2026-08-25 06:34:23   [GPU] 5,450,016 evals (135496 batches, avg 40/batch = 8% of 512, 3821 evals/s, 277 msg/s, 13.8 leaves/msg, 1426s)
2026-08-25 06:34:34   [GPU] 5,500,061 evals (136535 batches, avg 40/batch = 8% of 512, 3828 evals/s, 277 msg/s, 13.8 leaves/msg, 1437s)
2026-08-25 06:34:44   [GPU] 5,550,040 evals (137573 batches, avg 40/batch = 8% of 512, 3834 evals/s, 278 msg/s, 13.8 leaves/msg, 1447s)
2026-08-25 06:34:55   [GPU] 5,600,037 evals (138596 batches, avg 40/batch = 8% of 512, 3840 evals/s, 278 msg/s, 13.8 leaves/msg, 1458s)
2026-08-25 06:35:05   [GPU] 5,650,028 evals (139633 batches, avg 40/batch = 8% of 512, 3847 evals/s, 278 msg/s, 13.8 leaves/msg, 1469s)
2026-08-25 06:35:15   [GPU] 5,700,009 evals (140651 batches, avg 41/batch = 8% of 512, 3856 evals/s, 279 msg/s, 13.8 leaves/msg, 1478s)
2026-08-25 06:35:24   [GPU] 5,750,014 evals (141613 batches, avg 41/batch = 8% of 512, 3865 evals/s, 280 msg/s, 13.8 leaves/msg, 1488s)
2026-08-25 06:35:34   [GPU] 5,800,020 evals (142601 batches, avg 41/batch = 8% of 512, 3874 evals/s, 281 msg/s, 13.8 leaves/msg, 1497s)
2026-08-25 06:35:44   [GPU] 5,850,041 evals (143672 batches, avg 41/batch = 8% of 512, 3881 evals/s, 281 msg/s, 13.8 leaves/msg, 1507s)
2026-08-25 06:35:54   [GPU] 5,900,044 evals (144708 batches, avg 41/batch = 8% of 512, 3888 evals/s, 282 msg/s, 13.8 leaves/msg, 1517s)
2026-08-25 06:35:59 [iter 13/40] self-play: 150/160 games...
2026-08-25 06:36:05   [GPU] 5,950,024 evals (145875 batches, avg 41/batch = 8% of 512, 3892 evals/s, 282 msg/s, 13.8 leaves/msg, 1529s)
2026-08-25 06:36:17   [GPU] 6,000,024 evals (147053 batches, avg 41/batch = 8% of 512, 3896 evals/s, 283 msg/s, 13.8 leaves/msg, 1540s)
2026-08-25 06:36:26 [iter 13/40] self-play: 155/160 games...
2026-08-25 06:36:38   [GPU] 6,050,020 evals (148916 batches, avg 41/batch = 8% of 512, 3874 evals/s, 282 msg/s, 13.7 leaves/msg, 1562s)
2026-08-25 06:37:10   [GPU] 6,100,031 evals (151126 batches, avg 40/batch = 8% of 512, 3828 evals/s, 278 msg/s, 13.8 leaves/msg, 1594s)
2026-08-25 06:37:37   [GPU] 6,150,017 evals (153317 batches, avg 40/batch = 8% of 512, 3795 evals/s, 276 msg/s, 13.8 leaves/msg, 1621s)
2026-08-25 06:38:21   [GPU] 6,200,014 evals (155925 batches, avg 40/batch = 8% of 512, 3726 evals/s, 271 msg/s, 13.8 leaves/msg, 1664s)
2026-08-25 06:38:41 [iter 13/40] self-play: 160/160 games...
2026-08-25 06:38:41 [iter 13/40] self-play done: 160 games (1685s) | wins: P0=37, P1=38, P2=24, P3=40, draw=21 | draw_rate=13% avg_len~27
2026-08-25 06:38:41 [iter 13/40] search: expanded=7.7 actions/node visits/action=78.3 walls/game=5.29 first_wall_ply=2.868 learner_sims/s=3940.34
2026-08-25 06:38:41 [iter 13/40] training (600 steps, lr=8.15e-04)...
2026-08-25 06:38:50 [iter 13/40] training done: loss_p=1.334 loss_v=0.149 (8s)
2026-08-25 06:38:51 [iter 13/40] data: policy_wall_mass=0.108 walled_states=65% walls_on_board=19.0 value_mae walled=0.216 free=0.328
2026-08-25 06:38:52 [iter 13/40] eval skipped (eval_every=4)
2026-08-25 06:38:52 >>> iter 13 | loss_p=1.334 loss_v=0.149 | vs_best=n/a (not evaluated) | vs_rand=n/a | draw=13% | buf=100000 | rss=3.16GB | sp=1685s train=8s eval_best=0s eval_rand=0s | total=1695s
2026-08-25 06:38:52 [iter 14/40] self-play starting (160 games, 600 sims, MIXED 80/160 race-only)...
2026-08-25 06:38:52 [PARALLEL-MP] 8 workers spawned (160 games, sims=600), GPU batcher starting...
2026-08-25 06:39:09   [GPU] 50,041 evals (1456 batches, avg 34/batch = 7% of 512, 2913 evals/s, 220 msg/s, 13.2 leaves/msg, 17s)
2026-08-25 06:39:11 [iter 14/40] self-play: 5/160 games...
2026-08-25 06:39:24 [iter 14/40] self-play: 10/160 games...
2026-08-25 06:39:26   [GPU] 100,011 evals (3065 batches, avg 33/batch = 6% of 512, 2939 evals/s, 228 msg/s, 12.9 leaves/msg, 34s)
2026-08-25 06:39:44 [iter 14/40] self-play: 15/160 games...
2026-08-25 06:39:46   [GPU] 150,000 evals (4801 batches, avg 31/batch = 6% of 512, 2788 evals/s, 215 msg/s, 13.0 leaves/msg, 54s)
2026-08-25 06:40:07   [GPU] 200,027 evals (6508 batches, avg 31/batch = 6% of 512, 2681 evals/s, 203 msg/s, 13.2 leaves/msg, 75s)
2026-08-25 06:40:25   [GPU] 250,034 evals (8104 batches, avg 31/batch = 6% of 512, 2677 evals/s, 198 msg/s, 13.5 leaves/msg, 93s)
2026-08-25 06:40:31 [iter 14/40] self-play: 20/160 games...
2026-08-25 06:40:42   [GPU] 300,042 evals (9631 batches, avg 31/batch = 6% of 512, 2714 evals/s, 200 msg/s, 13.6 leaves/msg, 111s)
2026-08-25 06:41:00   [GPU] 350,039 evals (11104 batches, avg 32/batch = 6% of 512, 2744 evals/s, 199 msg/s, 13.8 leaves/msg, 128s)
2026-08-25 06:41:14   [GPU] 400,064 evals (12447 batches, avg 32/batch = 6% of 512, 2807 evals/s, 202 msg/s, 13.9 leaves/msg, 143s)
2026-08-25 06:41:29   [GPU] 450,002 evals (13741 batches, avg 33/batch = 6% of 512, 2867 evals/s, 205 msg/s, 14.0 leaves/msg, 157s)
2026-08-25 06:41:42   [GPU] 500,017 evals (14952 batches, avg 33/batch = 7% of 512, 2937 evals/s, 209 msg/s, 14.1 leaves/msg, 170s)
2026-08-25 06:41:55   [GPU] 550,018 evals (16147 batches, avg 34/batch = 7% of 512, 3008 evals/s, 213 msg/s, 14.1 leaves/msg, 183s)
2026-08-25 06:42:07   [GPU] 600,010 evals (17287 batches, avg 35/batch = 7% of 512, 3075 evals/s, 218 msg/s, 14.1 leaves/msg, 195s)
2026-08-25 06:42:19   [GPU] 650,014 evals (18435 batches, avg 35/batch = 7% of 512, 3132 evals/s, 221 msg/s, 14.2 leaves/msg, 208s)
2026-08-25 06:42:30   [GPU] 700,018 evals (19504 batches, avg 36/batch = 7% of 512, 3206 evals/s, 226 msg/s, 14.2 leaves/msg, 218s)
2026-08-25 06:42:40 [iter 14/40] self-play: 25/160 games...
2026-08-25 06:42:42   [GPU] 750,050 evals (20616 batches, avg 36/batch = 7% of 512, 3266 evals/s, 231 msg/s, 14.1 leaves/msg, 230s)
2026-08-25 06:42:54   [GPU] 800,005 evals (21786 batches, avg 37/batch = 7% of 512, 3303 evals/s, 233 msg/s, 14.2 leaves/msg, 242s)
2026-08-25 06:43:06   [GPU] 850,025 evals (22912 batches, avg 37/batch = 7% of 512, 3343 evals/s, 236 msg/s, 14.2 leaves/msg, 254s)
2026-08-25 06:43:18   [GPU] 900,050 evals (24043 batches, avg 37/batch = 7% of 512, 3378 evals/s, 238 msg/s, 14.2 leaves/msg, 266s)
2026-08-25 06:43:30   [GPU] 950,044 evals (25165 batches, avg 38/batch = 7% of 512, 3418 evals/s, 240 msg/s, 14.2 leaves/msg, 278s)
2026-08-25 06:43:41   [GPU] 1,000,018 evals (26294 batches, avg 38/batch = 7% of 512, 3454 evals/s, 243 msg/s, 14.2 leaves/msg, 290s)
2026-08-25 06:43:53   [GPU] 1,050,060 evals (27415 batches, avg 38/batch = 7% of 512, 3486 evals/s, 245 msg/s, 14.2 leaves/msg, 301s)
2026-08-25 06:44:05   [GPU] 1,100,057 evals (28530 batches, avg 39/batch = 8% of 512, 3518 evals/s, 247 msg/s, 14.3 leaves/msg, 313s)
2026-08-25 06:44:16   [GPU] 1,150,055 evals (29648 batches, avg 39/batch = 8% of 512, 3551 evals/s, 249 msg/s, 14.2 leaves/msg, 324s)
2026-08-25 06:44:28   [GPU] 1,200,002 evals (30801 batches, avg 39/batch = 8% of 512, 3576 evals/s, 251 msg/s, 14.2 leaves/msg, 336s)
2026-08-25 06:44:38   [GPU] 1,250,009 evals (31878 batches, avg 39/batch = 8% of 512, 3612 evals/s, 254 msg/s, 14.2 leaves/msg, 346s)
2026-08-25 06:44:49   [GPU] 1,300,037 evals (32979 batches, avg 39/batch = 8% of 512, 3646 evals/s, 257 msg/s, 14.2 leaves/msg, 357s)
2026-08-25 06:44:50 [iter 14/40] self-play: 30/160 games...
2026-08-25 06:45:01   [GPU] 1,350,013 evals (34197 batches, avg 39/batch = 8% of 512, 3657 evals/s, 258 msg/s, 14.2 leaves/msg, 369s)
2026-08-25 06:45:12   [GPU] 1,400,001 evals (35356 batches, avg 40/batch = 8% of 512, 3679 evals/s, 259 msg/s, 14.2 leaves/msg, 381s)
2026-08-25 06:45:25 [iter 14/40] self-play: 35/160 games...
2026-08-25 06:45:26   [GPU] 1,450,026 evals (36662 batches, avg 40/batch = 8% of 512, 3682 evals/s, 261 msg/s, 14.1 leaves/msg, 394s)
2026-08-25 06:45:39   [GPU] 1,500,017 evals (37958 batches, avg 40/batch = 8% of 512, 3683 evals/s, 261 msg/s, 14.1 leaves/msg, 407s)
2026-08-25 06:45:54 [iter 14/40] self-play: 40/160 games...
2026-08-25 06:45:55   [GPU] 1,550,041 evals (39405 batches, avg 39/batch = 8% of 512, 3667 evals/s, 260 msg/s, 14.1 leaves/msg, 423s)
2026-08-25 06:46:10   [GPU] 1,600,016 evals (40821 batches, avg 39/batch = 8% of 512, 3651 evals/s, 259 msg/s, 14.1 leaves/msg, 438s)
2026-08-25 06:46:25 [iter 14/40] self-play: 45/160 games...
2026-08-25 06:46:25   [GPU] 1,650,018 evals (42214 batches, avg 39/batch = 8% of 512, 3642 evals/s, 258 msg/s, 14.1 leaves/msg, 453s)
2026-08-25 06:46:41   [GPU] 1,700,007 evals (43629 batches, avg 39/batch = 8% of 512, 3628 evals/s, 257 msg/s, 14.1 leaves/msg, 469s)
2026-08-25 06:46:56   [GPU] 1,750,015 evals (44997 batches, avg 39/batch = 8% of 512, 3619 evals/s, 256 msg/s, 14.1 leaves/msg, 484s)
2026-08-25 06:47:09   [GPU] 1,800,030 evals (46249 batches, avg 39/batch = 8% of 512, 3624 evals/s, 256 msg/s, 14.1 leaves/msg, 497s)
2026-08-25 06:47:22   [GPU] 1,850,024 evals (47491 batches, avg 39/batch = 8% of 512, 3626 evals/s, 256 msg/s, 14.2 leaves/msg, 510s)
2026-08-25 06:47:35   [GPU] 1,900,004 evals (48690 batches, avg 39/batch = 8% of 512, 3633 evals/s, 256 msg/s, 14.2 leaves/msg, 523s)
2026-08-25 06:47:47   [GPU] 1,950,048 evals (49861 batches, avg 39/batch = 8% of 512, 3641 evals/s, 257 msg/s, 14.2 leaves/msg, 536s)
2026-08-25 06:47:59 [iter 14/40] self-play: 50/160 games...
2026-08-25 06:48:00   [GPU] 2,000,069 evals (51043 batches, avg 39/batch = 8% of 512, 3650 evals/s, 257 msg/s, 14.2 leaves/msg, 548s)
2026-08-25 06:48:12   [GPU] 2,050,045 evals (52211 batches, avg 39/batch = 8% of 512, 3662 evals/s, 258 msg/s, 14.2 leaves/msg, 560s)
2026-08-25 06:48:24   [GPU] 2,100,000 evals (53404 batches, avg 39/batch = 8% of 512, 3672 evals/s, 259 msg/s, 14.2 leaves/msg, 572s)
2026-08-25 06:48:32 [iter 14/40] self-play: 55/160 games...
2026-08-25 06:48:36   [GPU] 2,150,046 evals (54584 batches, avg 39/batch = 8% of 512, 3683 evals/s, 260 msg/s, 14.2 leaves/msg, 584s)
2026-08-25 06:48:46   [GPU] 2,200,000 evals (55630 batches, avg 40/batch = 8% of 512, 3705 evals/s, 261 msg/s, 14.2 leaves/msg, 594s)
2026-08-25 06:48:56   [GPU] 2,250,066 evals (56677 batches, avg 40/batch = 8% of 512, 3726 evals/s, 263 msg/s, 14.2 leaves/msg, 604s)
2026-08-25 06:49:08   [GPU] 2,300,049 evals (57862 batches, avg 40/batch = 8% of 512, 3734 evals/s, 264 msg/s, 14.2 leaves/msg, 616s)
2026-08-25 06:49:19   [GPU] 2,350,026 evals (58960 batches, avg 40/batch = 8% of 512, 3748 evals/s, 264 msg/s, 14.2 leaves/msg, 627s)
2026-08-25 06:49:27 [iter 14/40] self-play: 60/160 games...
2026-08-25 06:49:29   [GPU] 2,400,029 evals (60037 batches, avg 40/batch = 8% of 512, 3765 evals/s, 266 msg/s, 14.2 leaves/msg, 637s)
2026-08-25 06:49:41   [GPU] 2,450,017 evals (61197 batches, avg 40/batch = 8% of 512, 3776 evals/s, 267 msg/s, 14.2 leaves/msg, 649s)
2026-08-25 06:49:53   [GPU] 2,500,046 evals (62460 batches, avg 40/batch = 8% of 512, 3779 evals/s, 267 msg/s, 14.2 leaves/msg, 662s)
2026-08-25 06:50:05   [GPU] 2,550,019 evals (63599 batches, avg 40/batch = 8% of 512, 3790 evals/s, 268 msg/s, 14.2 leaves/msg, 673s)
2026-08-25 06:50:14 [iter 14/40] self-play: 65/160 games...
2026-08-25 06:50:16   [GPU] 2,600,000 evals (64749 batches, avg 40/batch = 8% of 512, 3801 evals/s, 269 msg/s, 14.1 leaves/msg, 684s)
2026-08-25 06:50:29   [GPU] 2,650,015 evals (66017 batches, avg 40/batch = 8% of 512, 3801 evals/s, 269 msg/s, 14.1 leaves/msg, 697s)
2026-08-25 06:50:42   [GPU] 2,700,017 evals (67217 batches, avg 40/batch = 8% of 512, 3805 evals/s, 269 msg/s, 14.1 leaves/msg, 710s)
2026-08-25 06:50:47 [iter 14/40] self-play: 70/160 games...
2026-08-25 06:50:55   [GPU] 2,750,016 evals (68505 batches, avg 40/batch = 8% of 512, 3801 evals/s, 269 msg/s, 14.1 leaves/msg, 724s)
2026-08-25 06:51:08   [GPU] 2,800,030 evals (69685 batches, avg 40/batch = 8% of 512, 3804 evals/s, 269 msg/s, 14.1 leaves/msg, 736s)
2026-08-25 06:51:20   [GPU] 2,850,058 evals (70843 batches, avg 40/batch = 8% of 512, 3809 evals/s, 270 msg/s, 14.1 leaves/msg, 748s)
2026-08-25 06:51:34   [GPU] 2,900,007 evals (72174 batches, avg 40/batch = 8% of 512, 3805 evals/s, 270 msg/s, 14.1 leaves/msg, 762s)
2026-08-25 06:51:37 [iter 14/40] self-play: 75/160 games...
2026-08-25 06:51:46   [GPU] 2,950,008 evals (73358 batches, avg 40/batch = 8% of 512, 3809 evals/s, 270 msg/s, 14.1 leaves/msg, 774s)
2026-08-25 06:51:59   [GPU] 3,000,018 evals (74601 batches, avg 40/batch = 8% of 512, 3814 evals/s, 271 msg/s, 14.1 leaves/msg, 787s)
2026-08-25 06:52:10 [iter 14/40] self-play: 80/160 games...
2026-08-25 06:52:11   [GPU] 3,050,028 evals (75883 batches, avg 40/batch = 8% of 512, 3815 evals/s, 271 msg/s, 14.1 leaves/msg, 800s)
2026-08-25 06:52:24   [GPU] 3,100,035 evals (77125 batches, avg 40/batch = 8% of 512, 3817 evals/s, 271 msg/s, 14.1 leaves/msg, 812s)
2026-08-25 06:52:38   [GPU] 3,150,020 evals (78518 batches, avg 40/batch = 8% of 512, 3813 evals/s, 271 msg/s, 14.1 leaves/msg, 826s)
2026-08-25 06:52:50   [GPU] 3,200,008 evals (79704 batches, avg 40/batch = 8% of 512, 3819 evals/s, 272 msg/s, 14.1 leaves/msg, 838s)
2026-08-25 06:53:01   [GPU] 3,250,027 evals (80846 batches, avg 40/batch = 8% of 512, 3826 evals/s, 272 msg/s, 14.1 leaves/msg, 850s)
2026-08-25 06:53:03 [iter 14/40] self-play: 85/160 games...
2026-08-25 06:53:14   [GPU] 3,300,035 evals (82067 batches, avg 40/batch = 8% of 512, 3829 evals/s, 272 msg/s, 14.1 leaves/msg, 862s)
2026-08-25 06:53:26   [GPU] 3,350,039 evals (83239 batches, avg 40/batch = 8% of 512, 3834 evals/s, 273 msg/s, 14.1 leaves/msg, 874s)
2026-08-25 06:53:37   [GPU] 3,400,011 evals (84371 batches, avg 40/batch = 8% of 512, 3840 evals/s, 273 msg/s, 14.1 leaves/msg, 885s)
2026-08-25 06:53:49   [GPU] 3,450,008 evals (85468 batches, avg 40/batch = 8% of 512, 3848 evals/s, 273 msg/s, 14.1 leaves/msg, 897s)
2026-08-25 06:54:00   [GPU] 3,500,041 evals (86534 batches, avg 40/batch = 8% of 512, 3856 evals/s, 274 msg/s, 14.1 leaves/msg, 908s)
2026-08-25 06:54:11   [GPU] 3,550,019 evals (87670 batches, avg 40/batch = 8% of 512, 3862 evals/s, 275 msg/s, 14.1 leaves/msg, 919s)
2026-08-25 06:54:22   [GPU] 3,600,044 evals (88718 batches, avg 41/batch = 8% of 512, 3872 evals/s, 275 msg/s, 14.1 leaves/msg, 930s)
2026-08-25 06:54:31 [iter 14/40] self-play: 90/160 games...
2026-08-25 06:54:32   [GPU] 3,650,025 evals (89782 batches, avg 41/batch = 8% of 512, 3881 evals/s, 276 msg/s, 14.0 leaves/msg, 940s)
2026-08-25 06:54:44   [GPU] 3,700,000 evals (90900 batches, avg 41/batch = 8% of 512, 3887 evals/s, 277 msg/s, 14.0 leaves/msg, 952s)
2026-08-25 06:54:54   [GPU] 3,750,057 evals (91937 batches, avg 41/batch = 8% of 512, 3897 evals/s, 277 msg/s, 14.0 leaves/msg, 962s)
2026-08-25 06:55:05   [GPU] 3,800,040 evals (92973 batches, avg 41/batch = 8% of 512, 3906 evals/s, 278 msg/s, 14.0 leaves/msg, 973s)
2026-08-25 06:55:16   [GPU] 3,850,037 evals (94059 batches, avg 41/batch = 8% of 512, 3913 evals/s, 279 msg/s, 14.0 leaves/msg, 984s)
2026-08-25 06:55:28   [GPU] 3,900,033 evals (95252 batches, avg 41/batch = 8% of 512, 3914 evals/s, 279 msg/s, 14.0 leaves/msg, 996s)
2026-08-25 06:55:33 [iter 14/40] self-play: 95/160 games...
2026-08-25 06:55:40   [GPU] 3,950,027 evals (96418 batches, avg 41/batch = 8% of 512, 3917 evals/s, 279 msg/s, 14.0 leaves/msg, 1008s)
2026-08-25 06:55:53   [GPU] 4,000,025 evals (97642 batches, avg 41/batch = 8% of 512, 3918 evals/s, 279 msg/s, 14.0 leaves/msg, 1021s)
2026-08-25 06:56:05   [GPU] 4,050,011 evals (98842 batches, avg 41/batch = 8% of 512, 3919 evals/s, 279 msg/s, 14.0 leaves/msg, 1033s)
2026-08-25 06:56:15 [iter 14/40] self-play: 100/160 games...
2026-08-25 06:56:17   [GPU] 4,100,029 evals (100019 batches, avg 41/batch = 8% of 512, 3923 evals/s, 280 msg/s, 14.0 leaves/msg, 1045s)
2026-08-25 06:56:31   [GPU] 4,150,001 evals (101334 batches, avg 41/batch = 8% of 512, 3919 evals/s, 279 msg/s, 14.0 leaves/msg, 1059s)
2026-08-25 06:56:43   [GPU] 4,200,037 evals (102539 batches, avg 41/batch = 8% of 512, 3922 evals/s, 280 msg/s, 14.0 leaves/msg, 1071s)
2026-08-25 06:56:53 [iter 14/40] self-play: 105/160 games...
2026-08-25 06:56:55   [GPU] 4,250,036 evals (103751 batches, avg 41/batch = 8% of 512, 3924 evals/s, 280 msg/s, 14.0 leaves/msg, 1083s)
2026-08-25 06:57:09   [GPU] 4,300,036 evals (105060 batches, avg 41/batch = 8% of 512, 3920 evals/s, 280 msg/s, 14.0 leaves/msg, 1097s)
2026-08-25 06:57:18 [iter 14/40] self-play: 110/160 games...
2026-08-25 06:57:22   [GPU] 4,350,034 evals (106331 batches, avg 41/batch = 8% of 512, 3918 evals/s, 280 msg/s, 14.0 leaves/msg, 1110s)
2026-08-25 06:57:36   [GPU] 4,400,073 evals (107620 batches, avg 41/batch = 8% of 512, 3914 evals/s, 280 msg/s, 14.0 leaves/msg, 1124s)
2026-08-25 06:57:49   [GPU] 4,450,025 evals (108866 batches, avg 41/batch = 8% of 512, 3912 evals/s, 280 msg/s, 14.0 leaves/msg, 1137s)
2026-08-25 06:58:03   [GPU] 4,500,012 evals (110140 batches, avg 41/batch = 8% of 512, 3910 evals/s, 279 msg/s, 14.0 leaves/msg, 1151s)
2026-08-25 06:58:17   [GPU] 4,550,037 evals (111438 batches, avg 41/batch = 8% of 512, 3907 evals/s, 279 msg/s, 14.0 leaves/msg, 1165s)
2026-08-25 06:58:25 [iter 14/40] self-play: 115/160 games...
2026-08-25 06:58:31   [GPU] 4,600,041 evals (112859 batches, avg 41/batch = 8% of 512, 3900 evals/s, 279 msg/s, 14.0 leaves/msg, 1180s)
2026-08-25 06:58:47   [GPU] 4,650,039 evals (114303 batches, avg 41/batch = 8% of 512, 3890 evals/s, 278 msg/s, 14.0 leaves/msg, 1195s)
2026-08-25 06:58:52 [iter 14/40] self-play: 120/160 games...
2026-08-25 06:59:02   [GPU] 4,700,023 evals (115707 batches, avg 41/batch = 8% of 512, 3883 evals/s, 278 msg/s, 14.0 leaves/msg, 1210s)
2026-08-25 06:59:17   [GPU] 4,750,022 evals (117131 batches, avg 41/batch = 8% of 512, 3876 evals/s, 277 msg/s, 14.0 leaves/msg, 1226s)
2026-08-25 06:59:31   [GPU] 4,800,032 evals (118462 batches, avg 41/batch = 8% of 512, 3874 evals/s, 277 msg/s, 14.0 leaves/msg, 1239s)
2026-08-25 06:59:37 [iter 14/40] self-play: 125/160 games...
2026-08-25 06:59:45   [GPU] 4,850,004 evals (119802 batches, avg 40/batch = 8% of 512, 3870 evals/s, 277 msg/s, 14.0 leaves/msg, 1253s)
2026-08-25 07:00:00   [GPU] 4,900,050 evals (121167 batches, avg 40/batch = 8% of 512, 3864 evals/s, 276 msg/s, 14.0 leaves/msg, 1268s)
2026-08-25 07:00:14   [GPU] 4,950,019 evals (122473 batches, avg 40/batch = 8% of 512, 3862 evals/s, 276 msg/s, 14.0 leaves/msg, 1282s)
2026-08-25 07:00:26   [GPU] 5,000,044 evals (123684 batches, avg 40/batch = 8% of 512, 3863 evals/s, 276 msg/s, 14.0 leaves/msg, 1294s)
2026-08-25 07:00:39   [GPU] 5,050,022 evals (124845 batches, avg 40/batch = 8% of 512, 3865 evals/s, 276 msg/s, 14.0 leaves/msg, 1307s)
2026-08-25 07:00:51   [GPU] 5,100,019 evals (126030 batches, avg 40/batch = 8% of 512, 3867 evals/s, 276 msg/s, 14.0 leaves/msg, 1319s)
2026-08-25 07:01:03   [GPU] 5,150,011 evals (127290 batches, avg 40/batch = 8% of 512, 3868 evals/s, 277 msg/s, 14.0 leaves/msg, 1332s)
2026-08-25 07:01:15   [GPU] 5,200,011 evals (128470 batches, avg 40/batch = 8% of 512, 3871 evals/s, 277 msg/s, 14.0 leaves/msg, 1343s)
2026-08-25 07:01:26   [GPU] 5,250,046 evals (129582 batches, avg 41/batch = 8% of 512, 3877 evals/s, 277 msg/s, 14.0 leaves/msg, 1354s)
2026-08-25 07:01:37   [GPU] 5,300,024 evals (130756 batches, avg 41/batch = 8% of 512, 3881 evals/s, 278 msg/s, 14.0 leaves/msg, 1366s)
2026-08-25 07:01:50   [GPU] 5,350,006 evals (131980 batches, avg 41/batch = 8% of 512, 3883 evals/s, 278 msg/s, 14.0 leaves/msg, 1378s)
2026-08-25 07:02:00 [iter 14/40] self-play: 130/160 games...
2026-08-25 07:02:02   [GPU] 5,400,023 evals (133246 batches, avg 41/batch = 8% of 512, 3884 evals/s, 278 msg/s, 14.0 leaves/msg, 1390s)
2026-08-25 07:02:15   [GPU] 5,450,004 evals (134543 batches, avg 41/batch = 8% of 512, 3884 evals/s, 278 msg/s, 14.0 leaves/msg, 1403s)
2026-08-25 07:02:28   [GPU] 5,500,017 evals (135856 batches, avg 40/batch = 8% of 512, 3883 evals/s, 278 msg/s, 14.0 leaves/msg, 1416s)
2026-08-25 07:02:43   [GPU] 5,550,023 evals (137341 batches, avg 40/batch = 8% of 512, 3877 evals/s, 278 msg/s, 14.0 leaves/msg, 1431s)
2026-08-25 07:02:44 [iter 14/40] self-play: 135/160 games...
2026-08-25 07:02:58   [GPU] 5,600,043 evals (138781 batches, avg 40/batch = 8% of 512, 3873 evals/s, 277 msg/s, 14.0 leaves/msg, 1446s)
2026-08-25 07:03:15   [GPU] 5,650,035 evals (140307 batches, avg 40/batch = 8% of 512, 3862 evals/s, 277 msg/s, 14.0 leaves/msg, 1463s)
2026-08-25 07:03:29   [GPU] 5,700,026 evals (141672 batches, avg 40/batch = 8% of 512, 3858 evals/s, 276 msg/s, 14.0 leaves/msg, 1477s)
2026-08-25 07:03:31 [iter 14/40] self-play: 140/160 games...
2026-08-25 07:03:44   [GPU] 5,750,015 evals (143079 batches, avg 40/batch = 8% of 512, 3853 evals/s, 276 msg/s, 14.0 leaves/msg, 1492s)
2026-08-25 07:04:00   [GPU] 5,800,003 evals (144528 batches, avg 40/batch = 8% of 512, 3847 evals/s, 276 msg/s, 14.0 leaves/msg, 1508s)
2026-08-25 07:04:13   [GPU] 5,850,069 evals (145820 batches, avg 40/batch = 8% of 512, 3847 evals/s, 276 msg/s, 13.9 leaves/msg, 1521s)
2026-08-25 07:04:13 [iter 14/40] self-play: 145/160 games...
2026-08-25 07:04:26   [GPU] 5,900,047 evals (147121 batches, avg 40/batch = 8% of 512, 3846 evals/s, 276 msg/s, 13.9 leaves/msg, 1534s)
2026-08-25 07:04:38 [iter 14/40] self-play: 150/160 games...
2026-08-25 07:04:39   [GPU] 5,950,004 evals (148388 batches, avg 40/batch = 8% of 512, 3846 evals/s, 276 msg/s, 13.9 leaves/msg, 1547s)
2026-08-25 07:04:53   [GPU] 6,000,015 evals (149746 batches, avg 40/batch = 8% of 512, 3843 evals/s, 276 msg/s, 13.9 leaves/msg, 1561s)
2026-08-25 07:05:06   [GPU] 6,050,036 evals (151023 batches, avg 40/batch = 8% of 512, 3843 evals/s, 275 msg/s, 14.0 leaves/msg, 1574s)
2026-08-25 07:05:21   [GPU] 6,100,024 evals (152395 batches, avg 40/batch = 8% of 512, 3839 evals/s, 275 msg/s, 13.9 leaves/msg, 1589s)
2026-08-25 07:05:35   [GPU] 6,150,030 evals (153797 batches, avg 40/batch = 8% of 512, 3836 evals/s, 275 msg/s, 14.0 leaves/msg, 1603s)
2026-08-25 07:05:49   [GPU] 6,200,030 evals (155160 batches, avg 40/batch = 8% of 512, 3834 evals/s, 275 msg/s, 14.0 leaves/msg, 1617s)
2026-08-25 07:06:03   [GPU] 6,250,030 evals (156490 batches, avg 40/batch = 8% of 512, 3832 evals/s, 274 msg/s, 14.0 leaves/msg, 1631s)
2026-08-25 07:06:16   [GPU] 6,300,050 evals (157824 batches, avg 40/batch = 8% of 512, 3833 evals/s, 274 msg/s, 14.0 leaves/msg, 1644s)
2026-08-25 07:06:28   [GPU] 6,350,022 evals (159142 batches, avg 40/batch = 8% of 512, 3833 evals/s, 274 msg/s, 14.0 leaves/msg, 1656s)
2026-08-25 07:06:33 [iter 14/40] self-play: 155/160 games...
2026-08-25 07:06:46   [GPU] 6,400,014 evals (160808 batches, avg 40/batch = 8% of 512, 3823 evals/s, 274 msg/s, 14.0 leaves/msg, 1674s)
2026-08-25 07:07:14   [GPU] 6,450,012 evals (163004 batches, avg 40/batch = 8% of 512, 3789 evals/s, 271 msg/s, 14.0 leaves/msg, 1702s)
2026-08-25 07:08:21   [GPU] 6,500,010 evals (166231 batches, avg 39/batch = 8% of 512, 3674 evals/s, 263 msg/s, 14.0 leaves/msg, 1769s)
2026-08-25 07:08:41 [iter 14/40] self-play: 160/160 games...
2026-08-25 07:08:41 [iter 14/40] self-play done: 160 games (1789s) | wins: P0=32, P1=45, P2=19, P3=42, draw=22 | draw_rate=14% avg_len~28
2026-08-25 07:08:41 [iter 14/40] search: expanded=8.1 actions/node visits/action=74.3 walls/game=5.33 first_wall_ply=2.575 learner_sims/s=3867.94
2026-08-25 07:08:41 [iter 14/40] training (600 steps, lr=7.85e-04)...
2026-08-25 07:08:50 [iter 14/40] training done: loss_p=1.321 loss_v=0.149 (8s)
2026-08-25 07:08:51 [iter 14/40] data: policy_wall_mass=0.105 walled_states=65% walls_on_board=19.7 value_mae walled=0.216 free=0.353
2026-08-25 07:08:52 [iter 14/40] eval skipped (eval_every=4)
2026-08-25 07:08:52 >>> iter 14 | loss_p=1.321 loss_v=0.149 | vs_best=n/a (not evaluated) | vs_rand=n/a | draw=14% | buf=100000 | rss=3.17GB | sp=1789s train=8s eval_best=0s eval_rand=0s | total=1800s
2026-08-25 07:08:52 [iter 15/40] self-play starting (160 games, 600 sims, MIXED 80/160 race-only)...
2026-08-25 07:08:52 [PARALLEL-MP] 8 workers spawned (160 games, sims=600), GPU batcher starting...
2026-08-25 07:09:09   [GPU] 50,001 evals (1508 batches, avg 33/batch = 6% of 512, 2870 evals/s, 217 msg/s, 13.2 leaves/msg, 17s)
2026-08-25 07:09:10 [iter 15/40] self-play: 5/160 games...
2026-08-25 07:09:24 [iter 15/40] self-play: 10/160 games...
2026-08-25 07:09:25   [GPU] 100,014 evals (3076 batches, avg 33/batch = 6% of 512, 2997 evals/s, 228 msg/s, 13.1 leaves/msg, 33s)
2026-08-25 07:09:42 [iter 15/40] self-play: 15/160 games...
2026-08-25 07:09:45   [GPU] 150,003 evals (4859 batches, avg 31/batch = 6% of 512, 2807 evals/s, 216 msg/s, 13.0 leaves/msg, 53s)
2026-08-25 07:10:04   [GPU] 200,022 evals (6524 batches, avg 31/batch = 6% of 512, 2774 evals/s, 209 msg/s, 13.3 leaves/msg, 72s)
2026-08-25 07:10:21   [GPU] 250,012 evals (8036 batches, avg 31/batch = 6% of 512, 2794 evals/s, 206 msg/s, 13.6 leaves/msg, 89s)
2026-08-25 07:10:34 [iter 15/40] self-play: 20/160 games...
2026-08-25 07:10:36   [GPU] 300,030 evals (9403 batches, avg 32/batch = 6% of 512, 2876 evals/s, 210 msg/s, 13.7 leaves/msg, 104s)
2026-08-25 07:10:51   [GPU] 350,011 evals (10741 batches, avg 33/batch = 6% of 512, 2942 evals/s, 213 msg/s, 13.8 leaves/msg, 119s)
2026-08-25 07:11:03   [GPU] 400,004 evals (11907 batches, avg 34/batch = 7% of 512, 3050 evals/s, 219 msg/s, 13.9 leaves/msg, 131s)
2026-08-25 07:11:14   [GPU] 450,018 evals (12994 batches, avg 35/batch = 7% of 512, 3168 evals/s, 227 msg/s, 14.0 leaves/msg, 142s)
2026-08-25 07:11:25   [GPU] 500,055 evals (14082 batches, avg 36/batch = 7% of 512, 3274 evals/s, 235 msg/s, 13.9 leaves/msg, 153s)
2026-08-25 07:11:37   [GPU] 550,028 evals (15230 batches, avg 36/batch = 7% of 512, 3344 evals/s, 240 msg/s, 13.9 leaves/msg, 164s)
2026-08-25 07:11:47   [GPU] 600,017 evals (16295 batches, avg 37/batch = 7% of 512, 3432 evals/s, 246 msg/s, 13.9 leaves/msg, 175s)
2026-08-25 07:11:57   [GPU] 650,018 evals (17343 batches, avg 37/batch = 7% of 512, 3514 evals/s, 253 msg/s, 13.9 leaves/msg, 185s)
2026-08-25 07:12:01 [iter 15/40] self-play: 25/160 games...
2026-08-25 07:12:08   [GPU] 700,063 evals (18444 batches, avg 38/batch = 7% of 512, 3572 evals/s, 257 msg/s, 13.9 leaves/msg, 196s)
2026-08-25 07:12:19   [GPU] 750,008 evals (19574 batches, avg 38/batch = 7% of 512, 3620 evals/s, 260 msg/s, 13.9 leaves/msg, 207s)
2026-08-25 07:12:30   [GPU] 800,028 evals (20703 batches, avg 39/batch = 8% of 512, 3666 evals/s, 264 msg/s, 13.9 leaves/msg, 218s)
2026-08-25 07:12:41   [GPU] 850,011 evals (21811 batches, avg 39/batch = 8% of 512, 3709 evals/s, 267 msg/s, 13.9 leaves/msg, 229s)
2026-08-25 07:12:52   [GPU] 900,022 evals (22920 batches, avg 39/batch = 8% of 512, 3750 evals/s, 270 msg/s, 13.9 leaves/msg, 240s)
2026-08-25 07:13:02   [GPU] 950,004 evals (23976 batches, avg 40/batch = 8% of 512, 3798 evals/s, 273 msg/s, 13.9 leaves/msg, 250s)
2026-08-25 07:13:12   [GPU] 1,000,047 evals (25035 batches, avg 40/batch = 8% of 512, 3841 evals/s, 276 msg/s, 13.9 leaves/msg, 260s)
2026-08-25 07:13:22   [GPU] 1,050,067 evals (26075 batches, avg 40/batch = 8% of 512, 3884 evals/s, 279 msg/s, 13.9 leaves/msg, 270s)
2026-08-25 07:13:32   [GPU] 1,100,005 evals (27077 batches, avg 41/batch = 8% of 512, 3931 evals/s, 283 msg/s, 13.9 leaves/msg, 280s)
2026-08-25 07:13:41   [GPU] 1,150,036 evals (28065 batches, avg 41/batch = 8% of 512, 3975 evals/s, 286 msg/s, 13.9 leaves/msg, 289s)
2026-08-25 07:13:51   [GPU] 1,200,059 evals (29076 batches, avg 41/batch = 8% of 512, 4014 evals/s, 289 msg/s, 13.9 leaves/msg, 299s)
2026-08-25 07:14:02   [GPU] 1,250,047 evals (30187 batches, avg 41/batch = 8% of 512, 4037 evals/s, 291 msg/s, 13.9 leaves/msg, 310s)
2026-08-25 07:14:12   [GPU] 1,300,007 evals (31222 batches, avg 42/batch = 8% of 512, 4068 evals/s, 293 msg/s, 13.9 leaves/msg, 320s)
2026-08-25 07:14:21   [GPU] 1,350,036 evals (32225 batches, avg 42/batch = 8% of 512, 4103 evals/s, 296 msg/s, 13.9 leaves/msg, 329s)
2026-08-25 07:14:31   [GPU] 1,400,022 evals (33342 batches, avg 42/batch = 8% of 512, 4125 evals/s, 300 msg/s, 13.8 leaves/msg, 339s)
2026-08-25 07:14:31 [iter 15/40] self-play: 30/160 games...
2026-08-25 07:14:43   [GPU] 1,450,010 evals (34536 batches, avg 42/batch = 8% of 512, 4129 evals/s, 300 msg/s, 13.7 leaves/msg, 351s)
2026-08-25 07:14:55 [iter 15/40] self-play: 35/160 games...
2026-08-25 07:14:55   [GPU] 1,500,046 evals (35787 batches, avg 42/batch = 8% of 512, 4127 evals/s, 301 msg/s, 13.7 leaves/msg, 363s)
2026-08-25 07:15:10   [GPU] 1,550,006 evals (37196 batches, avg 42/batch = 8% of 512, 4105 evals/s, 299 msg/s, 13.7 leaves/msg, 378s)
2026-08-25 07:15:14 [iter 15/40] self-play: 40/160 games...
2026-08-25 07:15:23   [GPU] 1,600,002 evals (38529 batches, avg 42/batch = 8% of 512, 4092 evals/s, 299 msg/s, 13.7 leaves/msg, 391s)
2026-08-25 07:15:38   [GPU] 1,650,045 evals (39936 batches, avg 41/batch = 8% of 512, 4068 evals/s, 297 msg/s, 13.7 leaves/msg, 406s)
2026-08-25 07:15:51   [GPU] 1,700,015 evals (41251 batches, avg 41/batch = 8% of 512, 4059 evals/s, 296 msg/s, 13.7 leaves/msg, 419s)
2026-08-25 07:15:55 [iter 15/40] self-play: 45/160 games...
2026-08-25 07:16:06   [GPU] 1,750,031 evals (42669 batches, avg 41/batch = 8% of 512, 4035 evals/s, 294 msg/s, 13.7 leaves/msg, 434s)
2026-08-25 07:16:20   [GPU] 1,800,005 evals (44038 batches, avg 41/batch = 8% of 512, 4015 evals/s, 292 msg/s, 13.7 leaves/msg, 448s)
2026-08-25 07:16:34   [GPU] 1,850,017 evals (45411 batches, avg 41/batch = 8% of 512, 4000 evals/s, 291 msg/s, 13.7 leaves/msg, 462s)
2026-08-25 07:16:36 [iter 15/40] self-play: 50/160 games...
2026-08-25 07:16:51   [GPU] 1,900,015 evals (46887 batches, avg 41/batch = 8% of 512, 3969 evals/s, 289 msg/s, 13.7 leaves/msg, 479s)
2026-08-25 07:17:07   [GPU] 1,950,014 evals (48336 batches, avg 40/batch = 8% of 512, 3938 evals/s, 287 msg/s, 13.7 leaves/msg, 495s)
2026-08-25 07:17:07 [iter 15/40] self-play: 55/160 games...
2026-08-25 07:17:20   [GPU] 2,000,004 evals (49605 batches, avg 40/batch = 8% of 512, 3934 evals/s, 286 msg/s, 13.7 leaves/msg, 508s)
2026-08-25 07:17:35 [iter 15/40] self-play: 60/160 games...
2026-08-25 07:17:35   [GPU] 2,050,030 evals (51022 batches, avg 40/batch = 8% of 512, 3918 evals/s, 285 msg/s, 13.7 leaves/msg, 523s)
2026-08-25 07:17:51   [GPU] 2,100,008 evals (52453 batches, avg 40/batch = 8% of 512, 3899 evals/s, 284 msg/s, 13.7 leaves/msg, 539s)
2026-08-25 07:18:01 [iter 15/40] self-play: 65/160 games...
2026-08-25 07:18:05   [GPU] 2,150,033 evals (53823 batches, avg 40/batch = 8% of 512, 3887 evals/s, 283 msg/s, 13.7 leaves/msg, 553s)
2026-08-25 07:18:21   [GPU] 2,200,041 evals (55207 batches, avg 40/batch = 8% of 512, 3867 evals/s, 281 msg/s, 13.8 leaves/msg, 569s)
2026-08-25 07:18:34   [GPU] 2,250,012 evals (56470 batches, avg 40/batch = 8% of 512, 3865 evals/s, 281 msg/s, 13.8 leaves/msg, 582s)
2026-08-25 07:18:48   [GPU] 2,300,007 evals (57779 batches, avg 40/batch = 8% of 512, 3859 evals/s, 280 msg/s, 13.8 leaves/msg, 596s)
2026-08-25 07:18:54 [iter 15/40] self-play: 70/160 games...
2026-08-25 07:19:02   [GPU] 2,350,011 evals (59107 batches, avg 40/batch = 8% of 512, 3852 evals/s, 280 msg/s, 13.8 leaves/msg, 610s)
2026-08-25 07:19:15   [GPU] 2,400,030 evals (60299 batches, avg 40/batch = 8% of 512, 3855 evals/s, 280 msg/s, 13.8 leaves/msg, 623s)
2026-08-25 07:19:27   [GPU] 2,450,018 evals (61492 batches, avg 40/batch = 8% of 512, 3861 evals/s, 281 msg/s, 13.8 leaves/msg, 635s)
2026-08-25 07:19:39   [GPU] 2,500,036 evals (62706 batches, avg 40/batch = 8% of 512, 3863 evals/s, 281 msg/s, 13.8 leaves/msg, 647s)
2026-08-25 07:19:52   [GPU] 2,550,014 evals (63925 batches, avg 40/batch = 8% of 512, 3864 evals/s, 281 msg/s, 13.8 leaves/msg, 660s)
2026-08-25 07:20:04   [GPU] 2,600,003 evals (65118 batches, avg 40/batch = 8% of 512, 3867 evals/s, 281 msg/s, 13.8 leaves/msg, 672s)
2026-08-25 07:20:17   [GPU] 2,650,002 evals (66289 batches, avg 40/batch = 8% of 512, 3871 evals/s, 281 msg/s, 13.8 leaves/msg, 685s)
2026-08-25 07:20:29   [GPU] 2,700,005 evals (67428 batches, avg 40/batch = 8% of 512, 3876 evals/s, 281 msg/s, 13.8 leaves/msg, 697s)
2026-08-25 07:20:40   [GPU] 2,750,014 evals (68560 batches, avg 40/batch = 8% of 512, 3883 evals/s, 282 msg/s, 13.8 leaves/msg, 708s)
2026-08-25 07:20:51   [GPU] 2,800,038 evals (69663 batches, avg 40/batch = 8% of 512, 3894 evals/s, 282 msg/s, 13.8 leaves/msg, 719s)
2026-08-25 07:21:02   [GPU] 2,850,013 evals (70719 batches, avg 40/batch = 8% of 512, 3906 evals/s, 283 msg/s, 13.8 leaves/msg, 730s)
2026-08-25 07:21:12   [GPU] 2,900,039 evals (71781 batches, avg 40/batch = 8% of 512, 3917 evals/s, 284 msg/s, 13.8 leaves/msg, 740s)
2026-08-25 07:21:24   [GPU] 2,950,049 evals (72903 batches, avg 40/batch = 8% of 512, 3923 evals/s, 285 msg/s, 13.8 leaves/msg, 752s)
2026-08-25 07:21:28 [iter 15/40] self-play: 75/160 games...
2026-08-25 07:21:35   [GPU] 3,000,037 evals (74002 batches, avg 41/batch = 8% of 512, 3934 evals/s, 285 msg/s, 13.8 leaves/msg, 763s)
2026-08-25 07:21:46   [GPU] 3,050,059 evals (75122 batches, avg 41/batch = 8% of 512, 3941 evals/s, 286 msg/s, 13.8 leaves/msg, 774s)
2026-08-25 07:21:58   [GPU] 3,100,023 evals (76340 batches, avg 41/batch = 8% of 512, 3942 evals/s, 286 msg/s, 13.8 leaves/msg, 786s)
2026-08-25 07:22:03 [iter 15/40] self-play: 80/160 games...
2026-08-25 07:22:10   [GPU] 3,150,010 evals (77537 batches, avg 41/batch = 8% of 512, 3945 evals/s, 286 msg/s, 13.8 leaves/msg, 798s)
2026-08-25 07:22:24   [GPU] 3,200,003 evals (78845 batches, avg 41/batch = 8% of 512, 3943 evals/s, 286 msg/s, 13.8 leaves/msg, 812s)
2026-08-25 07:22:33 [iter 15/40] self-play: 85/160 games...
2026-08-25 07:22:35   [GPU] 3,250,005 evals (80016 batches, avg 41/batch = 8% of 512, 3948 evals/s, 287 msg/s, 13.8 leaves/msg, 823s)
2026-08-25 07:22:49   [GPU] 3,300,005 evals (81318 batches, avg 41/batch = 8% of 512, 3945 evals/s, 287 msg/s, 13.8 leaves/msg, 836s)
2026-08-25 07:22:59 [iter 15/40] self-play: 90/160 games...
2026-08-25 07:23:01   [GPU] 3,350,016 evals (82553 batches, avg 41/batch = 8% of 512, 3947 evals/s, 287 msg/s, 13.8 leaves/msg, 849s)
2026-08-25 07:23:14   [GPU] 3,400,024 evals (83860 batches, avg 41/batch = 8% of 512, 3945 evals/s, 287 msg/s, 13.8 leaves/msg, 862s)
2026-08-25 07:23:26   [GPU] 3,450,002 evals (85027 batches, avg 41/batch = 8% of 512, 3949 evals/s, 287 msg/s, 13.8 leaves/msg, 874s)
2026-08-25 07:23:37   [GPU] 3,500,010 evals (86186 batches, avg 41/batch = 8% of 512, 3954 evals/s, 287 msg/s, 13.8 leaves/msg, 885s)
2026-08-25 07:23:50   [GPU] 3,550,008 evals (87403 batches, avg 41/batch = 8% of 512, 3954 evals/s, 287 msg/s, 13.8 leaves/msg, 898s)
2026-08-25 07:24:03 [iter 15/40] self-play: 95/160 games...
2026-08-25 07:24:03   [GPU] 3,600,010 evals (88621 batches, avg 41/batch = 8% of 512, 3953 evals/s, 287 msg/s, 13.8 leaves/msg, 911s)
2026-08-25 07:24:14   [GPU] 3,650,031 evals (89721 batches, avg 41/batch = 8% of 512, 3961 evals/s, 287 msg/s, 13.8 leaves/msg, 922s)
2026-08-25 07:24:24   [GPU] 3,700,048 evals (90815 batches, avg 41/batch = 8% of 512, 3969 evals/s, 288 msg/s, 13.8 leaves/msg, 932s)
2026-08-25 07:24:36   [GPU] 3,750,022 evals (91970 batches, avg 41/batch = 8% of 512, 3971 evals/s, 288 msg/s, 13.8 leaves/msg, 944s)
2026-08-25 07:24:47   [GPU] 3,800,023 evals (93038 batches, avg 41/batch = 8% of 512, 3979 evals/s, 288 msg/s, 13.8 leaves/msg, 955s)
2026-08-25 07:24:54 [iter 15/40] self-play: 100/160 games...
2026-08-25 07:24:58   [GPU] 3,850,000 evals (94171 batches, avg 41/batch = 8% of 512, 3986 evals/s, 289 msg/s, 13.8 leaves/msg, 966s)
2026-08-25 07:25:11   [GPU] 3,900,002 evals (95479 batches, avg 41/batch = 8% of 512, 3982 evals/s, 289 msg/s, 13.8 leaves/msg, 979s)
2026-08-25 07:25:17 [iter 15/40] self-play: 105/160 games...
2026-08-25 07:25:24   [GPU] 3,950,017 evals (96724 batches, avg 41/batch = 8% of 512, 3983 evals/s, 289 msg/s, 13.8 leaves/msg, 992s)
2026-08-25 07:25:37 [iter 15/40] self-play: 110/160 games...
2026-08-25 07:25:37   [GPU] 4,000,035 evals (98055 batches, avg 41/batch = 8% of 512, 3978 evals/s, 289 msg/s, 13.8 leaves/msg, 1005s)
2026-08-25 07:25:52   [GPU] 4,050,020 evals (99412 batches, avg 41/batch = 8% of 512, 3972 evals/s, 289 msg/s, 13.7 leaves/msg, 1020s)
2026-08-25 07:25:58 [iter 15/40] self-play: 115/160 games...
2026-08-25 07:26:07   [GPU] 4,100,015 evals (100832 batches, avg 41/batch = 8% of 512, 3962 evals/s, 288 msg/s, 13.7 leaves/msg, 1035s)
2026-08-25 07:26:22   [GPU] 4,150,012 evals (102215 batches, avg 41/batch = 8% of 512, 3951 evals/s, 287 msg/s, 13.7 leaves/msg, 1050s)
2026-08-25 07:26:29 [iter 15/40] self-play: 120/160 games...
2026-08-25 07:26:37   [GPU] 4,200,002 evals (103638 batches, avg 41/batch = 8% of 512, 3942 evals/s, 287 msg/s, 13.7 leaves/msg, 1065s)
2026-08-25 07:26:52   [GPU] 4,250,011 evals (105000 batches, avg 40/batch = 8% of 512, 3934 evals/s, 286 msg/s, 13.7 leaves/msg, 1080s)
2026-08-25 07:27:06   [GPU] 4,300,041 evals (106291 batches, avg 40/batch = 8% of 512, 3929 evals/s, 286 msg/s, 13.7 leaves/msg, 1094s)
2026-08-25 07:27:10 [iter 15/40] self-play: 125/160 games...
2026-08-25 07:27:20   [GPU] 4,350,003 evals (107535 batches, avg 40/batch = 8% of 512, 3928 evals/s, 286 msg/s, 13.8 leaves/msg, 1108s)
2026-08-25 07:27:34   [GPU] 4,400,021 evals (108899 batches, avg 40/batch = 8% of 512, 3921 evals/s, 285 msg/s, 13.7 leaves/msg, 1122s)
2026-08-25 07:27:41 [iter 15/40] self-play: 130/160 games...
2026-08-25 07:27:47   [GPU] 4,450,010 evals (110195 batches, avg 40/batch = 8% of 512, 3920 evals/s, 285 msg/s, 13.7 leaves/msg, 1135s)
2026-08-25 07:28:00   [GPU] 4,500,007 evals (111453 batches, avg 40/batch = 8% of 512, 3919 evals/s, 285 msg/s, 13.8 leaves/msg, 1148s)
2026-08-25 07:28:13   [GPU] 4,550,044 evals (112678 batches, avg 40/batch = 8% of 512, 3918 evals/s, 285 msg/s, 13.7 leaves/msg, 1161s)
2026-08-25 07:28:26 [iter 15/40] self-play: 135/160 games...
2026-08-25 07:28:27   [GPU] 4,600,011 evals (113901 batches, avg 40/batch = 8% of 512, 3916 evals/s, 285 msg/s, 13.8 leaves/msg, 1175s)
2026-08-25 07:28:38   [GPU] 4,650,000 evals (115022 batches, avg 40/batch = 8% of 512, 3921 evals/s, 285 msg/s, 13.8 leaves/msg, 1186s)
2026-08-25 07:28:50   [GPU] 4,700,060 evals (116222 batches, avg 40/batch = 8% of 512, 3922 evals/s, 285 msg/s, 13.8 leaves/msg, 1198s)
2026-08-25 07:29:00 [iter 15/40] self-play: 140/160 games...
2026-08-25 07:29:03   [GPU] 4,750,040 evals (117395 batches, avg 40/batch = 8% of 512, 3924 evals/s, 285 msg/s, 13.8 leaves/msg, 1211s)
2026-08-25 07:29:15   [GPU] 4,800,002 evals (118601 batches, avg 40/batch = 8% of 512, 3924 evals/s, 285 msg/s, 13.8 leaves/msg, 1223s)
2026-08-25 07:29:28   [GPU] 4,850,006 evals (119813 batches, avg 40/batch = 8% of 512, 3923 evals/s, 285 msg/s, 13.8 leaves/msg, 1236s)
2026-08-25 07:29:40   [GPU] 4,900,009 evals (120962 batches, avg 41/batch = 8% of 512, 3928 evals/s, 285 msg/s, 13.8 leaves/msg, 1248s)
2026-08-25 07:29:45 [iter 15/40] self-play: 145/160 games...
2026-08-25 07:29:52   [GPU] 4,950,007 evals (122210 batches, avg 41/batch = 8% of 512, 3927 evals/s, 285 msg/s, 13.8 leaves/msg, 1260s)
2026-08-25 07:30:05   [GPU] 5,000,027 evals (123434 batches, avg 41/batch = 8% of 512, 3927 evals/s, 285 msg/s, 13.8 leaves/msg, 1273s)
2026-08-25 07:30:17   [GPU] 5,050,042 evals (124566 batches, avg 41/batch = 8% of 512, 3931 evals/s, 285 msg/s, 13.8 leaves/msg, 1285s)
2026-08-25 07:30:29   [GPU] 5,100,025 evals (125742 batches, avg 41/batch = 8% of 512, 3933 evals/s, 285 msg/s, 13.8 leaves/msg, 1297s)
2026-08-25 07:30:41   [GPU] 5,150,009 evals (126967 batches, avg 41/batch = 8% of 512, 3934 evals/s, 285 msg/s, 13.8 leaves/msg, 1309s)
2026-08-25 07:30:45 [iter 15/40] self-play: 150/160 games...
2026-08-25 07:30:55   [GPU] 5,200,026 evals (128236 batches, avg 41/batch = 8% of 512, 3931 evals/s, 285 msg/s, 13.8 leaves/msg, 1323s)
2026-08-25 07:31:07   [GPU] 5,250,038 evals (129446 batches, avg 41/batch = 8% of 512, 3933 evals/s, 285 msg/s, 13.8 leaves/msg, 1335s)
2026-08-25 07:31:19   [GPU] 5,300,047 evals (130691 batches, avg 41/batch = 8% of 512, 3934 evals/s, 285 msg/s, 13.8 leaves/msg, 1347s)
2026-08-25 07:31:26 [iter 15/40] self-play: 155/160 games...
2026-08-25 07:31:35   [GPU] 5,350,020 evals (132216 batches, avg 40/batch = 8% of 512, 3925 evals/s, 285 msg/s, 13.8 leaves/msg, 1363s)
2026-08-25 07:31:51   [GPU] 5,400,008 evals (133749 batches, avg 40/batch = 8% of 512, 3916 evals/s, 284 msg/s, 13.8 leaves/msg, 1379s)
2026-08-25 07:32:11   [GPU] 5,450,009 evals (135499 batches, avg 40/batch = 8% of 512, 3896 evals/s, 283 msg/s, 13.8 leaves/msg, 1399s)
2026-08-25 07:32:38   [GPU] 5,500,006 evals (137616 batches, avg 40/batch = 8% of 512, 3857 evals/s, 280 msg/s, 13.8 leaves/msg, 1426s)
2026-08-25 07:33:06   [GPU] 5,550,029 evals (139717 batches, avg 40/batch = 8% of 512, 3818 evals/s, 277 msg/s, 13.8 leaves/msg, 1454s)
2026-08-25 07:33:32   [GPU] 5,600,004 evals (141785 batches, avg 39/batch = 8% of 512, 3783 evals/s, 274 msg/s, 13.8 leaves/msg, 1480s)
2026-08-25 07:34:09   [GPU] 5,650,028 evals (144297 batches, avg 39/batch = 8% of 512, 3723 evals/s, 270 msg/s, 13.8 leaves/msg, 1517s)
2026-08-25 07:34:40   [GPU] 5,700,023 evals (146368 batches, avg 39/batch = 8% of 512, 3683 evals/s, 267 msg/s, 13.8 leaves/msg, 1548s)
2026-08-25 07:35:20   [GPU] 5,750,002 evals (148995 batches, avg 39/batch = 8% of 512, 3620 evals/s, 262 msg/s, 13.8 leaves/msg, 1588s)
2026-08-25 07:35:44 [iter 15/40] self-play: 160/160 games...
2026-08-25 07:35:44 [iter 15/40] self-play done: 160 games (1612s) | wins: P0=36, P1=46, P2=18, P3=40, draw=20 | draw_rate=12% avg_len~24
2026-08-25 07:35:44 [iter 15/40] search: expanded=7.4 actions/node visits/action=80.9 walls/game=5.32 first_wall_ply=3.026 learner_sims/s=3828.98
2026-08-25 07:35:44 [iter 15/40] training (600 steps, lr=7.54e-04)...
2026-08-25 07:35:52 [iter 15/40] training done: loss_p=1.307 loss_v=0.150 (8s)
2026-08-25 07:35:53 [iter 15/40] data: policy_wall_mass=0.127 walled_states=62% walls_on_board=17.2 value_mae walled=0.214 free=0.338
2026-08-25 07:35:55 [iter 15/40] eval skipped (eval_every=4)
2026-08-25 07:35:55 >>> iter 15 | loss_p=1.307 loss_v=0.150 | vs_best=n/a (not evaluated) | vs_rand=n/a | draw=12% | buf=100000 | rss=3.18GB | sp=1612s train=8s eval_best=0s eval_rand=0s | total=1623s
2026-08-25 07:35:55 [iter 16/40] self-play starting (160 games, 600 sims, MIXED 80/160 race-only)...
2026-08-25 07:35:55 [PARALLEL-MP] 8 workers spawned (160 games, sims=600), GPU batcher starting...
2026-08-25 07:36:12   [GPU] 50,009 evals (1470 batches, avg 34/batch = 7% of 512, 2879 evals/s, 207 msg/s, 13.9 leaves/msg, 17s)
2026-08-25 07:36:14 [iter 16/40] self-play: 5/160 games...
2026-08-25 07:36:28   [GPU] 100,002 evals (3037 batches, avg 33/batch = 6% of 512, 2967 evals/s, 223 msg/s, 13.3 leaves/msg, 34s)
2026-08-25 07:36:29 [iter 16/40] self-play: 10/160 games...
2026-08-25 07:36:48 [iter 16/40] self-play: 15/160 games...
2026-08-25 07:36:48   [GPU] 150,047 evals (4822 batches, avg 31/batch = 6% of 512, 2802 evals/s, 215 msg/s, 13.0 leaves/msg, 54s)
2026-08-25 07:37:07   [GPU] 200,001 evals (6477 batches, avg 31/batch = 6% of 512, 2771 evals/s, 206 msg/s, 13.4 leaves/msg, 72s)
2026-08-25 07:37:27   [GPU] 250,021 evals (8175 batches, avg 31/batch = 6% of 512, 2692 evals/s, 198 msg/s, 13.6 leaves/msg, 93s)
2026-08-25 07:37:41 [iter 16/40] self-play: 20/160 games...
2026-08-25 07:37:41   [GPU] 300,008 evals (9431 batches, avg 32/batch = 6% of 512, 2820 evals/s, 206 msg/s, 13.7 leaves/msg, 106s)
2026-08-25 07:37:55   [GPU] 350,016 evals (10732 batches, avg 33/batch = 6% of 512, 2909 evals/s, 212 msg/s, 13.7 leaves/msg, 120s)
2026-08-25 07:38:08   [GPU] 400,024 evals (11960 batches, avg 33/batch = 7% of 512, 3009 evals/s, 218 msg/s, 13.8 leaves/msg, 133s)
2026-08-25 07:38:19   [GPU] 450,020 evals (13109 batches, avg 34/batch = 7% of 512, 3118 evals/s, 226 msg/s, 13.8 leaves/msg, 144s)
2026-08-25 07:38:24 [iter 16/40] self-play: 25/160 games...
2026-08-25 07:38:31   [GPU] 500,047 evals (14332 batches, avg 35/batch = 7% of 512, 3193 evals/s, 233 msg/s, 13.7 leaves/msg, 157s)
2026-08-25 07:38:43   [GPU] 550,042 evals (15470 batches, avg 36/batch = 7% of 512, 3268 evals/s, 237 msg/s, 13.8 leaves/msg, 168s)
2026-08-25 07:38:50 [iter 16/40] self-play: 30/160 games...
2026-08-25 07:38:55   [GPU] 600,010 evals (16697 batches, avg 36/batch = 7% of 512, 3318 evals/s, 241 msg/s, 13.8 leaves/msg, 181s)
2026-08-25 07:39:09   [GPU] 650,011 evals (17953 batches, avg 36/batch = 7% of 512, 3350 evals/s, 243 msg/s, 13.8 leaves/msg, 194s)
2026-08-25 07:39:22   [GPU] 700,023 evals (19236 batches, avg 36/batch = 7% of 512, 3379 evals/s, 245 msg/s, 13.8 leaves/msg, 207s)
2026-08-25 07:39:36 [iter 16/40] self-play: 35/160 games...
2026-08-25 07:39:36   [GPU] 750,000 evals (20562 batches, avg 36/batch = 7% of 512, 3387 evals/s, 245 msg/s, 13.9 leaves/msg, 221s)
2026-08-25 07:39:48   [GPU] 800,026 evals (21744 batches, avg 37/batch = 7% of 512, 3431 evals/s, 247 msg/s, 13.9 leaves/msg, 233s)
2026-08-25 07:40:00   [GPU] 850,014 evals (22929 batches, avg 37/batch = 7% of 512, 3468 evals/s, 250 msg/s, 13.9 leaves/msg, 245s)
2026-08-25 07:40:10 [iter 16/40] self-play: 40/160 games...
2026-08-25 07:40:12   [GPU] 900,045 evals (24201 batches, avg 37/batch = 7% of 512, 3491 evals/s, 251 msg/s, 13.9 leaves/msg, 258s)
2026-08-25 07:40:25   [GPU] 950,001 evals (25467 batches, avg 37/batch = 7% of 512, 3510 evals/s, 253 msg/s, 13.9 leaves/msg, 271s)
2026-08-25 07:40:39   [GPU] 1,000,004 evals (26735 batches, avg 37/batch = 7% of 512, 3517 evals/s, 253 msg/s, 13.9 leaves/msg, 284s)
2026-08-25 07:40:51   [GPU] 1,050,002 evals (27889 batches, avg 38/batch = 7% of 512, 3545 evals/s, 254 msg/s, 13.9 leaves/msg, 296s)
2026-08-25 07:41:01 [iter 16/40] self-play: 45/160 games...
2026-08-25 07:41:03   [GPU] 1,100,003 evals (29073 batches, avg 38/batch = 7% of 512, 3569 evals/s, 257 msg/s, 13.9 leaves/msg, 308s)
2026-08-25 07:41:17   [GPU] 1,150,001 evals (30397 batches, avg 38/batch = 7% of 512, 3566 evals/s, 256 msg/s, 13.9 leaves/msg, 323s)
2026-08-25 07:41:28   [GPU] 1,200,030 evals (31502 batches, avg 38/batch = 7% of 512, 3599 evals/s, 258 msg/s, 14.0 leaves/msg, 333s)
2026-08-25 07:41:38   [GPU] 1,250,043 evals (32528 batches, avg 38/batch = 8% of 512, 3640 evals/s, 261 msg/s, 13.9 leaves/msg, 343s)
2026-08-25 07:41:49   [GPU] 1,300,018 evals (33644 batches, avg 39/batch = 8% of 512, 3667 evals/s, 263 msg/s, 14.0 leaves/msg, 355s)
2026-08-25 07:42:00   [GPU] 1,350,018 evals (34719 batches, avg 39/batch = 8% of 512, 3697 evals/s, 264 msg/s, 14.0 leaves/msg, 365s)
2026-08-25 07:42:03 [iter 16/40] self-play: 50/160 games...
2026-08-25 07:42:11   [GPU] 1,400,008 evals (35873 batches, avg 39/batch = 8% of 512, 3720 evals/s, 266 msg/s, 14.0 leaves/msg, 376s)
2026-08-25 07:42:22   [GPU] 1,450,060 evals (36987 batches, avg 39/batch = 8% of 512, 3747 evals/s, 268 msg/s, 14.0 leaves/msg, 387s)
2026-08-25 07:42:26 [iter 16/40] self-play: 55/160 games...
2026-08-25 07:42:34   [GPU] 1,500,018 evals (38235 batches, avg 39/batch = 8% of 512, 3753 evals/s, 269 msg/s, 13.9 leaves/msg, 400s)
2026-08-25 07:42:47   [GPU] 1,550,008 evals (39449 batches, avg 39/batch = 8% of 512, 3762 evals/s, 270 msg/s, 13.9 leaves/msg, 412s)
2026-08-25 07:43:00   [GPU] 1,600,045 evals (40724 batches, avg 39/batch = 8% of 512, 3761 evals/s, 270 msg/s, 13.9 leaves/msg, 425s)
2026-08-25 07:43:12   [GPU] 1,650,021 evals (41881 batches, avg 39/batch = 8% of 512, 3775 evals/s, 270 msg/s, 14.0 leaves/msg, 437s)
2026-08-25 07:43:17 [iter 16/40] self-play: 60/160 games...
2026-08-25 07:43:23   [GPU] 1,700,043 evals (43029 batches, avg 40/batch = 8% of 512, 3791 evals/s, 272 msg/s, 13.9 leaves/msg, 448s)
2026-08-25 07:43:35   [GPU] 1,750,053 evals (44199 batches, avg 40/batch = 8% of 512, 3799 evals/s, 272 msg/s, 14.0 leaves/msg, 461s)
2026-08-25 07:43:48   [GPU] 1,800,040 evals (45415 batches, avg 40/batch = 8% of 512, 3800 evals/s, 272 msg/s, 14.0 leaves/msg, 474s)
2026-08-25 07:44:00   [GPU] 1,850,029 evals (46563 batches, avg 40/batch = 8% of 512, 3809 evals/s, 273 msg/s, 14.0 leaves/msg, 486s)
2026-08-25 07:44:12   [GPU] 1,900,015 evals (47674 batches, avg 40/batch = 8% of 512, 3821 evals/s, 274 msg/s, 14.0 leaves/msg, 497s)
2026-08-25 07:44:15 [iter 16/40] self-play: 65/160 games...
2026-08-25 07:44:24   [GPU] 1,950,000 evals (48827 batches, avg 40/batch = 8% of 512, 3829 evals/s, 274 msg/s, 14.0 leaves/msg, 509s)
2026-08-25 07:44:36   [GPU] 2,000,016 evals (49966 batches, avg 40/batch = 8% of 512, 3838 evals/s, 274 msg/s, 14.0 leaves/msg, 521s)
2026-08-25 07:44:47   [GPU] 2,050,016 evals (51062 batches, avg 40/batch = 8% of 512, 3849 evals/s, 275 msg/s, 14.0 leaves/msg, 533s)
2026-08-25 07:44:58   [GPU] 2,100,022 evals (52145 batches, avg 40/batch = 8% of 512, 3861 evals/s, 276 msg/s, 14.0 leaves/msg, 544s)
2026-08-25 07:45:10   [GPU] 2,150,033 evals (53255 batches, avg 40/batch = 8% of 512, 3869 evals/s, 276 msg/s, 14.0 leaves/msg, 556s)
2026-08-25 07:45:21   [GPU] 2,200,012 evals (54322 batches, avg 40/batch = 8% of 512, 3884 evals/s, 278 msg/s, 14.0 leaves/msg, 566s)
2026-08-25 07:45:32   [GPU] 2,250,005 evals (55416 batches, avg 41/batch = 8% of 512, 3896 evals/s, 279 msg/s, 14.0 leaves/msg, 577s)
2026-08-25 07:45:33 [iter 16/40] self-play: 70/160 games...
2026-08-25 07:45:45   [GPU] 2,300,060 evals (56633 batches, avg 41/batch = 8% of 512, 3898 evals/s, 279 msg/s, 14.0 leaves/msg, 590s)
2026-08-25 07:45:56   [GPU] 2,350,005 evals (57732 batches, avg 41/batch = 8% of 512, 3909 evals/s, 280 msg/s, 14.0 leaves/msg, 601s)
2026-08-25 07:46:08   [GPU] 2,400,023 evals (58955 batches, avg 41/batch = 8% of 512, 3910 evals/s, 280 msg/s, 14.0 leaves/msg, 614s)
2026-08-25 07:46:16 [iter 16/40] self-play: 75/160 games...
2026-08-25 07:46:21   [GPU] 2,450,000 evals (60139 batches, avg 41/batch = 8% of 512, 3912 evals/s, 280 msg/s, 14.0 leaves/msg, 626s)
2026-08-25 07:46:32   [GPU] 2,500,058 evals (61271 batches, avg 41/batch = 8% of 512, 3922 evals/s, 280 msg/s, 14.0 leaves/msg, 637s)
2026-08-25 07:46:44   [GPU] 2,550,022 evals (62435 batches, avg 41/batch = 8% of 512, 3928 evals/s, 281 msg/s, 14.0 leaves/msg, 649s)
2026-08-25 07:46:57   [GPU] 2,600,010 evals (63661 batches, avg 41/batch = 8% of 512, 3928 evals/s, 281 msg/s, 14.0 leaves/msg, 662s)
2026-08-25 07:47:11   [GPU] 2,650,010 evals (64990 batches, avg 41/batch = 8% of 512, 3919 evals/s, 280 msg/s, 14.0 leaves/msg, 676s)
2026-08-25 07:47:23   [GPU] 2,700,001 evals (66161 batches, avg 41/batch = 8% of 512, 3924 evals/s, 280 msg/s, 14.0 leaves/msg, 688s)
2026-08-25 07:47:32 [iter 16/40] self-play: 80/160 games...
2026-08-25 07:47:34   [GPU] 2,750,037 evals (67324 batches, avg 41/batch = 8% of 512, 3932 evals/s, 281 msg/s, 14.0 leaves/msg, 699s)
2026-08-25 07:47:48   [GPU] 2,800,027 evals (68640 batches, avg 41/batch = 8% of 512, 3926 evals/s, 281 msg/s, 14.0 leaves/msg, 713s)
2026-08-25 07:47:53 [iter 16/40] self-play: 85/160 games...
2026-08-25 07:48:01   [GPU] 2,850,011 evals (69907 batches, avg 41/batch = 8% of 512, 3925 evals/s, 281 msg/s, 14.0 leaves/msg, 726s)
2026-08-25 07:48:15   [GPU] 2,900,001 evals (71328 batches, avg 41/batch = 8% of 512, 3914 evals/s, 281 msg/s, 13.9 leaves/msg, 741s)
2026-08-25 07:48:20 [iter 16/40] self-play: 90/160 games...
2026-08-25 07:48:30   [GPU] 2,950,017 evals (72711 batches, avg 41/batch = 8% of 512, 3903 evals/s, 280 msg/s, 13.9 leaves/msg, 756s)
2026-08-25 07:48:45   [GPU] 3,000,016 evals (74055 batches, avg 41/batch = 8% of 512, 3896 evals/s, 280 msg/s, 13.9 leaves/msg, 770s)
2026-08-25 07:48:54 [iter 16/40] self-play: 95/160 games...
2026-08-25 07:49:00   [GPU] 3,050,010 evals (75443 batches, avg 40/batch = 8% of 512, 3884 evals/s, 279 msg/s, 13.9 leaves/msg, 785s)
2026-08-25 07:49:14   [GPU] 3,100,000 evals (76780 batches, avg 40/batch = 8% of 512, 3876 evals/s, 278 msg/s, 13.9 leaves/msg, 800s)
2026-08-25 07:49:30   [GPU] 3,150,030 evals (78150 batches, avg 40/batch = 8% of 512, 3864 evals/s, 277 msg/s, 14.0 leaves/msg, 815s)
2026-08-25 07:49:43   [GPU] 3,200,018 evals (79365 batches, avg 40/batch = 8% of 512, 3864 evals/s, 277 msg/s, 14.0 leaves/msg, 828s)
2026-08-25 07:49:49 [iter 16/40] self-play: 100/160 games...
2026-08-25 07:49:56   [GPU] 3,250,035 evals (80600 batches, avg 40/batch = 8% of 512, 3861 evals/s, 277 msg/s, 14.0 leaves/msg, 842s)
2026-08-25 07:50:10   [GPU] 3,300,035 evals (81823 batches, avg 40/batch = 8% of 512, 3857 evals/s, 276 msg/s, 14.0 leaves/msg, 856s)
2026-08-25 07:50:23   [GPU] 3,350,022 evals (82995 batches, avg 40/batch = 8% of 512, 3858 evals/s, 276 msg/s, 14.0 leaves/msg, 868s)
2026-08-25 07:50:35   [GPU] 3,400,004 evals (84119 batches, avg 40/batch = 8% of 512, 3864 evals/s, 276 msg/s, 14.0 leaves/msg, 880s)
2026-08-25 07:50:46   [GPU] 3,450,034 evals (85227 batches, avg 40/batch = 8% of 512, 3870 evals/s, 277 msg/s, 14.0 leaves/msg, 891s)
2026-08-25 07:50:58   [GPU] 3,500,038 evals (86307 batches, avg 41/batch = 8% of 512, 3876 evals/s, 277 msg/s, 14.0 leaves/msg, 903s)
2026-08-25 07:51:08   [GPU] 3,550,033 evals (87348 batches, avg 41/batch = 8% of 512, 3887 evals/s, 278 msg/s, 14.0 leaves/msg, 913s)
2026-08-25 07:51:18   [GPU] 3,600,014 evals (88358 batches, avg 41/batch = 8% of 512, 3898 evals/s, 278 msg/s, 14.0 leaves/msg, 924s)
2026-08-25 07:51:28   [GPU] 3,650,004 evals (89375 batches, avg 41/batch = 8% of 512, 3910 evals/s, 279 msg/s, 14.0 leaves/msg, 933s)
2026-08-25 07:51:39   [GPU] 3,700,007 evals (90485 batches, avg 41/batch = 8% of 512, 3919 evals/s, 280 msg/s, 14.0 leaves/msg, 944s)
2026-08-25 07:51:47 [iter 16/40] self-play: 105/160 games...
2026-08-25 07:51:49   [GPU] 3,750,037 evals (91597 batches, avg 41/batch = 8% of 512, 3927 evals/s, 281 msg/s, 14.0 leaves/msg, 955s)
2026-08-25 07:52:02   [GPU] 3,800,038 evals (92816 batches, avg 41/batch = 8% of 512, 3930 evals/s, 281 msg/s, 14.0 leaves/msg, 967s)
2026-08-25 07:52:11 [iter 16/40] self-play: 110/160 games...
2026-08-25 07:52:14   [GPU] 3,850,007 evals (94076 batches, avg 41/batch = 8% of 512, 3930 evals/s, 282 msg/s, 14.0 leaves/msg, 980s)
2026-08-25 07:52:27   [GPU] 3,900,015 evals (95323 batches, avg 41/batch = 8% of 512, 3930 evals/s, 282 msg/s, 14.0 leaves/msg, 992s)
2026-08-25 07:52:41   [GPU] 3,950,034 evals (96677 batches, avg 41/batch = 8% of 512, 3923 evals/s, 281 msg/s, 14.0 leaves/msg, 1007s)
2026-08-25 07:52:50 [iter 16/40] self-play: 115/160 games...
2026-08-25 07:52:55   [GPU] 4,000,037 evals (97973 batches, avg 41/batch = 8% of 512, 3920 evals/s, 281 msg/s, 14.0 leaves/msg, 1020s)
2026-08-25 07:53:08   [GPU] 4,050,034 evals (99207 batches, avg 41/batch = 8% of 512, 3920 evals/s, 281 msg/s, 14.0 leaves/msg, 1033s)
2026-08-25 07:53:22   [GPU] 4,100,016 evals (100536 batches, avg 41/batch = 8% of 512, 3915 evals/s, 281 msg/s, 14.0 leaves/msg, 1047s)
2026-08-25 07:53:36   [GPU] 4,150,046 evals (101847 batches, avg 41/batch = 8% of 512, 3912 evals/s, 280 msg/s, 14.0 leaves/msg, 1061s)
2026-08-25 07:53:47 [iter 16/40] self-play: 120/160 games...
2026-08-25 07:53:48   [GPU] 4,200,005 evals (103064 batches, avg 41/batch = 8% of 512, 3914 evals/s, 280 msg/s, 14.0 leaves/msg, 1073s)
2026-08-25 07:54:02   [GPU] 4,250,009 evals (104402 batches, avg 41/batch = 8% of 512, 3908 evals/s, 280 msg/s, 14.0 leaves/msg, 1088s)
2026-08-25 07:54:15   [GPU] 4,300,005 evals (105622 batches, avg 41/batch = 8% of 512, 3907 evals/s, 280 msg/s, 14.0 leaves/msg, 1101s)
2026-08-25 07:54:27   [GPU] 4,350,026 evals (106782 batches, avg 41/batch = 8% of 512, 3911 evals/s, 280 msg/s, 14.0 leaves/msg, 1112s)
2026-08-25 07:54:38 [iter 16/40] self-play: 125/160 games...
2026-08-25 07:54:39   [GPU] 4,400,030 evals (107950 batches, avg 41/batch = 8% of 512, 3914 evals/s, 280 msg/s, 14.0 leaves/msg, 1124s)
2026-08-25 07:54:52   [GPU] 4,450,017 evals (109170 batches, avg 41/batch = 8% of 512, 3913 evals/s, 280 msg/s, 14.0 leaves/msg, 1137s)
2026-08-25 07:55:05   [GPU] 4,500,060 evals (110424 batches, avg 41/batch = 8% of 512, 3913 evals/s, 280 msg/s, 14.0 leaves/msg, 1150s)
2026-08-25 07:55:18   [GPU] 4,550,015 evals (111675 batches, avg 41/batch = 8% of 512, 3912 evals/s, 280 msg/s, 14.0 leaves/msg, 1163s)
2026-08-25 07:55:31   [GPU] 4,600,036 evals (112984 batches, avg 41/batch = 8% of 512, 3910 evals/s, 280 msg/s, 14.0 leaves/msg, 1177s)
2026-08-25 07:55:33 [iter 16/40] self-play: 130/160 games...
2026-08-25 07:55:45   [GPU] 4,650,033 evals (114350 batches, avg 41/batch = 8% of 512, 3905 evals/s, 280 msg/s, 13.9 leaves/msg, 1191s)
2026-08-25 07:55:58   [GPU] 4,700,021 evals (115610 batches, avg 41/batch = 8% of 512, 3906 evals/s, 280 msg/s, 13.9 leaves/msg, 1203s)
2026-08-25 07:55:59 [iter 16/40] self-play: 135/160 games...
2026-08-25 07:56:11   [GPU] 4,750,053 evals (116902 batches, avg 41/batch = 8% of 512, 3904 evals/s, 280 msg/s, 13.9 leaves/msg, 1217s)
2026-08-25 07:56:26   [GPU] 4,800,010 evals (118273 batches, avg 41/batch = 8% of 512, 3897 evals/s, 280 msg/s, 13.9 leaves/msg, 1232s)
2026-08-25 07:56:40   [GPU] 4,850,004 evals (119560 batches, avg 41/batch = 8% of 512, 3894 evals/s, 279 msg/s, 13.9 leaves/msg, 1245s)
2026-08-25 07:56:50 [iter 16/40] self-play: 140/160 games...
2026-08-25 07:56:53   [GPU] 4,900,012 evals (120801 batches, avg 41/batch = 8% of 512, 3895 evals/s, 279 msg/s, 13.9 leaves/msg, 1258s)
2026-08-25 07:57:06   [GPU] 4,950,003 evals (122050 batches, avg 41/batch = 8% of 512, 3893 evals/s, 279 msg/s, 13.9 leaves/msg, 1271s)
2026-08-25 07:57:20   [GPU] 5,000,011 evals (123340 batches, avg 41/batch = 8% of 512, 3890 evals/s, 279 msg/s, 13.9 leaves/msg, 1285s)
2026-08-25 07:57:33   [GPU] 5,050,025 evals (124602 batches, avg 41/batch = 8% of 512, 3889 evals/s, 279 msg/s, 14.0 leaves/msg, 1299s)
2026-08-25 07:57:39 [iter 16/40] self-play: 145/160 games...
2026-08-25 07:57:47   [GPU] 5,100,018 evals (125910 batches, avg 41/batch = 8% of 512, 3886 evals/s, 279 msg/s, 13.9 leaves/msg, 1312s)
2026-08-25 07:58:00   [GPU] 5,150,032 evals (127175 batches, avg 40/batch = 8% of 512, 3885 evals/s, 279 msg/s, 13.9 leaves/msg, 1326s)
2026-08-25 07:58:05 [iter 16/40] self-play: 150/160 games...
2026-08-25 07:58:16   [GPU] 5,200,028 evals (128584 batches, avg 40/batch = 8% of 512, 3876 evals/s, 278 msg/s, 13.9 leaves/msg, 1341s)
2026-08-25 07:58:30   [GPU] 5,250,026 evals (129868 batches, avg 40/batch = 8% of 512, 3873 evals/s, 278 msg/s, 14.0 leaves/msg, 1356s)
2026-08-25 07:58:46   [GPU] 5,300,014 evals (131244 batches, avg 40/batch = 8% of 512, 3866 evals/s, 277 msg/s, 13.9 leaves/msg, 1371s)
2026-08-25 07:59:05   [GPU] 5,350,000 evals (132836 batches, avg 40/batch = 8% of 512, 3848 evals/s, 276 msg/s, 14.0 leaves/msg, 1390s)
2026-08-25 07:59:22   [GPU] 5,400,033 evals (134320 batches, avg 40/batch = 8% of 512, 3837 evals/s, 275 msg/s, 14.0 leaves/msg, 1407s)
2026-08-25 07:59:37   [GPU] 5,450,026 evals (135770 batches, avg 40/batch = 8% of 512, 3831 evals/s, 274 msg/s, 14.0 leaves/msg, 1423s)
2026-08-25 07:59:42 [iter 16/40] self-play: 155/160 games...
2026-08-25 07:59:55   [GPU] 5,500,011 evals (137403 batches, avg 40/batch = 8% of 512, 3817 evals/s, 274 msg/s, 13.9 leaves/msg, 1441s)
2026-08-25 08:00:14   [GPU] 5,550,003 evals (139025 batches, avg 40/batch = 8% of 512, 3804 evals/s, 273 msg/s, 13.9 leaves/msg, 1459s)
2026-08-25 08:00:31   [GPU] 5,600,007 evals (140657 batches, avg 40/batch = 8% of 512, 3793 evals/s, 272 msg/s, 13.9 leaves/msg, 1476s)
2026-08-25 08:00:50   [GPU] 5,650,005 evals (142452 batches, avg 40/batch = 8% of 512, 3778 evals/s, 271 msg/s, 13.9 leaves/msg, 1495s)
2026-08-25 08:01:11   [GPU] 5,700,001 evals (144317 batches, avg 39/batch = 8% of 512, 3759 evals/s, 270 msg/s, 13.9 leaves/msg, 1516s)
2026-08-25 08:01:31   [GPU] 5,750,014 evals (146100 batches, avg 39/batch = 8% of 512, 3744 evals/s, 269 msg/s, 13.9 leaves/msg, 1536s)
2026-08-25 08:01:50   [GPU] 5,800,003 evals (147883 batches, avg 39/batch = 8% of 512, 3730 evals/s, 268 msg/s, 13.9 leaves/msg, 1555s)
2026-08-25 08:02:09   [GPU] 5,850,010 evals (149725 batches, avg 39/batch = 8% of 512, 3717 evals/s, 267 msg/s, 13.9 leaves/msg, 1574s)
2026-08-25 08:02:30   [GPU] 5,900,028 evals (151705 batches, avg 39/batch = 8% of 512, 3698 evals/s, 266 msg/s, 13.9 leaves/msg, 1596s)
2026-08-25 08:02:53   [GPU] 5,950,031 evals (153794 batches, avg 39/batch = 8% of 512, 3676 evals/s, 264 msg/s, 13.9 leaves/msg, 1618s)
2026-08-25 08:03:21 [iter 16/40] self-play: 160/160 games...
2026-08-25 08:03:21 [iter 16/40] self-play done: 160 games (1647s) | wins: P0=27, P1=46, P2=19, P3=48, draw=20 | draw_rate=12% avg_len~27
2026-08-25 08:03:21 [iter 16/40] search: expanded=7.7 actions/node visits/action=77.5 walls/game=5.55 first_wall_ply=2.987 learner_sims/s=3883.59
2026-08-25 08:03:21 [iter 16/40] training (600 steps, lr=7.22e-04)...
2026-08-25 08:03:30 [iter 16/40] training done: loss_p=1.313 loss_v=0.151 (8s)
2026-08-25 08:03:31 [iter 16/40] data: policy_wall_mass=0.122 walled_states=63% walls_on_board=18.3 value_mae walled=0.201 free=0.352
2026-08-25 08:03:32 [iter 16/40] eval vs best (40 games, 600 sims)...
2026-08-25 08:03:32 [EVAL-MP] 8 workers spawned (40 vs_best games, sims=600), GPU batcher starting...
2026-08-25 08:04:03   [GPU] 50,023 evals (1778 batches, avg 28/batch = 5% of 512, 1620 evals/s, 106 msg/s, 15.3 leaves/msg, 31s)
2026-08-25 08:04:29   [GPU] 100,018 evals (3407 batches, avg 29/batch = 6% of 512, 1762 evals/s, 115 msg/s, 15.4 leaves/msg, 57s)
2026-08-25 08:04:51   [GPU] 150,030 evals (5043 batches, avg 30/batch = 6% of 512, 1896 evals/s, 123 msg/s, 15.4 leaves/msg, 79s)
2026-08-25 08:05:10   [GPU] 200,027 evals (6538 batches, avg 31/batch = 6% of 512, 2042 evals/s, 133 msg/s, 15.4 leaves/msg, 98s)
2026-08-25 08:05:27   [GPU] 250,025 evals (7914 batches, avg 32/batch = 6% of 512, 2176 evals/s, 142 msg/s, 15.3 leaves/msg, 115s)
2026-08-25 08:05:44   [GPU] 300,020 evals (9288 batches, avg 32/batch = 6% of 512, 2281 evals/s, 150 msg/s, 15.2 leaves/msg, 132s)
2026-08-25 08:06:01   [GPU] 350,048 evals (10720 batches, avg 33/batch = 6% of 512, 2350 evals/s, 154 msg/s, 15.2 leaves/msg, 149s)
2026-08-25 08:06:18   [GPU] 400,005 evals (12144 batches, avg 33/batch = 6% of 512, 2408 evals/s, 158 msg/s, 15.2 leaves/msg, 166s)
2026-08-25 08:06:36   [GPU] 450,013 evals (13563 batches, avg 33/batch = 6% of 512, 2452 evals/s, 161 msg/s, 15.2 leaves/msg, 184s)
2026-08-25 08:06:53   [GPU] 500,013 evals (14971 batches, avg 33/batch = 7% of 512, 2492 evals/s, 164 msg/s, 15.2 leaves/msg, 201s)
2026-08-25 08:07:10   [GPU] 550,004 evals (16369 batches, avg 34/batch = 7% of 512, 2525 evals/s, 166 msg/s, 15.2 leaves/msg, 218s)
2026-08-25 08:07:27   [GPU] 600,044 evals (17764 batches, avg 34/batch = 7% of 512, 2555 evals/s, 168 msg/s, 15.2 leaves/msg, 235s)
2026-08-25 08:07:44   [GPU] 650,030 evals (19165 batches, avg 34/batch = 7% of 512, 2583 evals/s, 170 msg/s, 15.2 leaves/msg, 252s)
2026-08-25 08:08:00   [GPU] 700,015 evals (20537 batches, avg 34/batch = 7% of 512, 2608 evals/s, 172 msg/s, 15.2 leaves/msg, 268s)
2026-08-25 08:08:17   [GPU] 750,006 evals (21929 batches, avg 34/batch = 7% of 512, 2630 evals/s, 174 msg/s, 15.2 leaves/msg, 285s)
2026-08-25 08:08:34   [GPU] 800,021 evals (23310 batches, avg 34/batch = 7% of 512, 2649 evals/s, 175 msg/s, 15.1 leaves/msg, 302s)
2026-08-25 08:08:51   [GPU] 850,031 evals (24688 batches, avg 34/batch = 7% of 512, 2666 evals/s, 176 msg/s, 15.1 leaves/msg, 319s)
2026-08-25 08:09:08   [GPU] 900,008 evals (26086 batches, avg 35/batch = 7% of 512, 2683 evals/s, 177 msg/s, 15.1 leaves/msg, 335s)
2026-08-25 08:09:24   [GPU] 950,047 evals (27474 batches, avg 35/batch = 7% of 512, 2697 evals/s, 178 msg/s, 15.1 leaves/msg, 352s)
2026-08-25 08:09:41   [GPU] 1,000,005 evals (28874 batches, avg 35/batch = 7% of 512, 2710 evals/s, 179 msg/s, 15.1 leaves/msg, 369s)
2026-08-25 08:09:58   [GPU] 1,050,021 evals (30256 batches, avg 35/batch = 7% of 512, 2722 evals/s, 180 msg/s, 15.1 leaves/msg, 386s)
2026-08-25 08:10:15   [GPU] 1,100,012 evals (31640 batches, avg 35/batch = 7% of 512, 2733 evals/s, 181 msg/s, 15.1 leaves/msg, 403s)
2026-08-25 08:10:32   [GPU] 1,150,040 evals (33024 batches, avg 35/batch = 7% of 512, 2742 evals/s, 181 msg/s, 15.1 leaves/msg, 419s)
2026-08-25 08:10:48   [GPU] 1,200,046 evals (34381 batches, avg 35/batch = 7% of 512, 2751 evals/s, 182 msg/s, 15.1 leaves/msg, 436s)
2026-08-25 08:11:06   [GPU] 1,250,009 evals (35818 batches, avg 35/batch = 7% of 512, 2754 evals/s, 182 msg/s, 15.1 leaves/msg, 454s)
2026-08-25 08:11:24   [GPU] 1,300,039 evals (37302 batches, avg 35/batch = 7% of 512, 2752 evals/s, 182 msg/s, 15.1 leaves/msg, 472s)
2026-08-25 08:11:44   [GPU] 1,350,030 evals (38868 batches, avg 35/batch = 7% of 512, 2745 evals/s, 182 msg/s, 15.1 leaves/msg, 492s)
2026-08-25 08:12:04   [GPU] 1,400,015 evals (40447 batches, avg 35/batch = 7% of 512, 2735 evals/s, 181 msg/s, 15.1 leaves/msg, 512s)
2026-08-25 08:12:13 [iter 16/40] eval vs best: 5/40 games (521s, cand 25%)
2026-08-25 08:12:25   [GPU] 1,450,056 evals (42117 batches, avg 34/batch = 7% of 512, 2719 evals/s, 180 msg/s, 15.1 leaves/msg, 533s)
2026-08-25 08:12:46   [GPU] 1,500,027 evals (43762 batches, avg 34/batch = 7% of 512, 2706 evals/s, 180 msg/s, 15.1 leaves/msg, 554s)
2026-08-25 08:13:07   [GPU] 1,550,030 evals (45358 batches, avg 34/batch = 7% of 512, 2695 evals/s, 179 msg/s, 15.0 leaves/msg, 575s)
2026-08-25 08:13:28   [GPU] 1,600,035 evals (46983 batches, avg 34/batch = 7% of 512, 2683 evals/s, 178 msg/s, 15.1 leaves/msg, 596s)
2026-08-25 08:13:49   [GPU] 1,650,011 evals (48568 batches, avg 34/batch = 7% of 512, 2676 evals/s, 178 msg/s, 15.1 leaves/msg, 617s)
2026-08-25 08:14:09   [GPU] 1,700,003 evals (50114 batches, avg 34/batch = 7% of 512, 2671 evals/s, 177 msg/s, 15.1 leaves/msg, 637s)
2026-08-25 08:14:28   [GPU] 1,750,026 evals (51637 batches, avg 34/batch = 7% of 512, 2666 evals/s, 177 msg/s, 15.1 leaves/msg, 656s)
2026-08-25 08:14:48   [GPU] 1,800,064 evals (53140 batches, avg 34/batch = 7% of 512, 2664 evals/s, 177 msg/s, 15.1 leaves/msg, 676s)
2026-08-25 08:15:06   [GPU] 1,850,014 evals (54614 batches, avg 34/batch = 7% of 512, 2665 evals/s, 177 msg/s, 15.1 leaves/msg, 694s)
2026-08-25 08:15:24   [GPU] 1,900,009 evals (56062 batches, avg 34/batch = 7% of 512, 2668 evals/s, 177 msg/s, 15.1 leaves/msg, 712s)
2026-08-25 08:15:43   [GPU] 1,950,010 evals (57548 batches, avg 34/batch = 7% of 512, 2669 evals/s, 177 msg/s, 15.1 leaves/msg, 730s)
2026-08-25 08:15:59   [GPU] 2,000,060 evals (58910 batches, avg 34/batch = 7% of 512, 2676 evals/s, 177 msg/s, 15.1 leaves/msg, 747s)
2026-08-25 08:16:15   [GPU] 2,050,025 evals (60257 batches, avg 34/batch = 7% of 512, 2685 evals/s, 178 msg/s, 15.1 leaves/msg, 763s)
2026-08-25 08:16:19 [iter 16/40] eval vs best: 10/40 games (767s, cand 22%)
2026-08-25 08:16:33   [GPU] 2,100,000 evals (61673 batches, avg 34/batch = 7% of 512, 2690 evals/s, 179 msg/s, 15.1 leaves/msg, 781s)
2026-08-25 08:16:52   [GPU] 2,150,003 evals (63187 batches, avg 34/batch = 7% of 512, 2689 evals/s, 178 msg/s, 15.1 leaves/msg, 800s)
2026-08-25 08:17:11   [GPU] 2,200,020 evals (64663 batches, avg 34/batch = 7% of 512, 2687 evals/s, 178 msg/s, 15.1 leaves/msg, 819s)
2026-08-25 08:17:29   [GPU] 2,250,005 evals (66132 batches, avg 34/batch = 7% of 512, 2689 evals/s, 178 msg/s, 15.1 leaves/msg, 837s)
2026-08-25 08:17:47   [GPU] 2,300,012 evals (67595 batches, avg 34/batch = 7% of 512, 2690 evals/s, 178 msg/s, 15.1 leaves/msg, 855s)
2026-08-25 08:18:04   [GPU] 2,350,008 evals (69022 batches, avg 34/batch = 7% of 512, 2694 evals/s, 179 msg/s, 15.1 leaves/msg, 872s)
2026-08-25 08:18:22   [GPU] 2,400,009 evals (70423 batches, avg 34/batch = 7% of 512, 2698 evals/s, 179 msg/s, 15.1 leaves/msg, 890s)
2026-08-25 08:18:38   [GPU] 2,450,001 evals (71787 batches, avg 34/batch = 7% of 512, 2704 evals/s, 179 msg/s, 15.1 leaves/msg, 906s)
2026-08-25 08:18:54   [GPU] 2,500,048 evals (73153 batches, avg 34/batch = 7% of 512, 2710 evals/s, 180 msg/s, 15.1 leaves/msg, 922s)
2026-08-25 08:19:11   [GPU] 2,550,025 evals (74519 batches, avg 34/batch = 7% of 512, 2717 evals/s, 180 msg/s, 15.1 leaves/msg, 939s)
2026-08-25 08:19:27   [GPU] 2,600,004 evals (75883 batches, avg 34/batch = 7% of 512, 2723 evals/s, 180 msg/s, 15.1 leaves/msg, 955s)
2026-08-25 08:19:43   [GPU] 2,650,048 evals (77262 batches, avg 34/batch = 7% of 512, 2728 evals/s, 181 msg/s, 15.1 leaves/msg, 971s)
2026-08-25 08:20:00   [GPU] 2,700,029 evals (78605 batches, avg 34/batch = 7% of 512, 2734 evals/s, 181 msg/s, 15.1 leaves/msg, 988s)
2026-08-25 08:20:17   [GPU] 2,750,011 evals (80039 batches, avg 34/batch = 7% of 512, 2736 evals/s, 181 msg/s, 15.1 leaves/msg, 1005s)
2026-08-25 08:20:34   [GPU] 2,800,032 evals (81462 batches, avg 34/batch = 7% of 512, 2739 evals/s, 181 msg/s, 15.1 leaves/msg, 1022s)
2026-08-25 08:20:53   [GPU] 2,850,006 evals (82919 batches, avg 34/batch = 7% of 512, 2739 evals/s, 182 msg/s, 15.1 leaves/msg, 1041s)
2026-08-25 08:21:11   [GPU] 2,900,003 evals (84399 batches, avg 34/batch = 7% of 512, 2737 evals/s, 181 msg/s, 15.1 leaves/msg, 1059s)
2026-08-25 08:21:30   [GPU] 2,950,060 evals (85858 batches, avg 34/batch = 7% of 512, 2736 evals/s, 181 msg/s, 15.1 leaves/msg, 1078s)
2026-08-25 08:21:48   [GPU] 3,000,014 evals (87339 batches, avg 34/batch = 7% of 512, 2737 evals/s, 181 msg/s, 15.1 leaves/msg, 1096s)
2026-08-25 08:22:07   [GPU] 3,050,001 evals (88809 batches, avg 34/batch = 7% of 512, 2737 evals/s, 181 msg/s, 15.1 leaves/msg, 1115s)
2026-08-25 08:22:07 [iter 16/40] eval vs best: 15/40 games (1115s, cand 15%)
2026-08-25 08:22:25   [GPU] 3,100,033 evals (90281 batches, avg 34/batch = 7% of 512, 2736 evals/s, 181 msg/s, 15.1 leaves/msg, 1133s)
2026-08-25 08:22:43   [GPU] 3,150,010 evals (91749 batches, avg 34/batch = 7% of 512, 2737 evals/s, 181 msg/s, 15.1 leaves/msg, 1151s)
2026-08-25 08:23:00   [GPU] 3,200,024 evals (93182 batches, avg 34/batch = 7% of 512, 2739 evals/s, 181 msg/s, 15.1 leaves/msg, 1168s)
2026-08-25 08:23:18   [GPU] 3,250,029 evals (94627 batches, avg 34/batch = 7% of 512, 2741 evals/s, 182 msg/s, 15.1 leaves/msg, 1186s)
2026-08-25 08:23:36   [GPU] 3,300,029 evals (96142 batches, avg 34/batch = 7% of 512, 2740 evals/s, 182 msg/s, 15.1 leaves/msg, 1204s)
2026-08-25 08:23:56   [GPU] 3,350,003 evals (97718 batches, avg 34/batch = 7% of 512, 2737 evals/s, 182 msg/s, 15.1 leaves/msg, 1224s)
2026-08-25 08:24:15   [GPU] 3,400,021 evals (99269 batches, avg 34/batch = 7% of 512, 2734 evals/s, 181 msg/s, 15.1 leaves/msg, 1243s)
2026-08-25 08:24:32 [iter 16/40] eval vs best: 20/40 games (1260s, cand 28%)
2026-08-25 08:24:36   [GPU] 3,450,033 evals (100866 batches, avg 34/batch = 7% of 512, 2730 evals/s, 181 msg/s, 15.1 leaves/msg, 1264s)
2026-08-25 08:24:57   [GPU] 3,500,018 evals (102454 batches, avg 34/batch = 7% of 512, 2724 evals/s, 181 msg/s, 15.1 leaves/msg, 1285s)
2026-08-25 08:25:17   [GPU] 3,550,017 evals (103992 batches, avg 34/batch = 7% of 512, 2721 evals/s, 181 msg/s, 15.1 leaves/msg, 1305s)
2026-08-25 08:25:36   [GPU] 3,600,026 evals (105532 batches, avg 34/batch = 7% of 512, 2719 evals/s, 180 msg/s, 15.1 leaves/msg, 1324s)
2026-08-25 08:25:55   [GPU] 3,650,023 evals (107058 batches, avg 34/batch = 7% of 512, 2718 evals/s, 180 msg/s, 15.1 leaves/msg, 1343s)
2026-08-25 08:26:14   [GPU] 3,700,011 evals (108578 batches, avg 34/batch = 7% of 512, 2716 evals/s, 180 msg/s, 15.1 leaves/msg, 1362s)
2026-08-25 08:26:33   [GPU] 3,750,008 evals (110087 batches, avg 34/batch = 7% of 512, 2715 evals/s, 180 msg/s, 15.1 leaves/msg, 1381s)
2026-08-25 08:26:51   [GPU] 3,800,027 evals (111558 batches, avg 34/batch = 7% of 512, 2715 evals/s, 180 msg/s, 15.1 leaves/msg, 1399s)
2026-08-25 08:27:09   [GPU] 3,850,029 evals (113011 batches, avg 34/batch = 7% of 512, 2717 evals/s, 180 msg/s, 15.1 leaves/msg, 1417s)
2026-08-25 08:27:26   [GPU] 3,900,025 evals (114389 batches, avg 34/batch = 7% of 512, 2720 evals/s, 181 msg/s, 15.1 leaves/msg, 1434s)
2026-08-25 08:27:41   [GPU] 3,950,041 evals (115712 batches, avg 34/batch = 7% of 512, 2725 evals/s, 181 msg/s, 15.1 leaves/msg, 1449s)
2026-08-25 08:27:57   [GPU] 4,000,048 evals (117030 batches, avg 34/batch = 7% of 512, 2731 evals/s, 181 msg/s, 15.0 leaves/msg, 1465s)
2026-08-25 08:28:13   [GPU] 4,050,010 evals (118374 batches, avg 34/batch = 7% of 512, 2735 evals/s, 182 msg/s, 15.0 leaves/msg, 1481s)
2026-08-25 08:28:29   [GPU] 4,100,017 evals (119758 batches, avg 34/batch = 7% of 512, 2738 evals/s, 182 msg/s, 15.0 leaves/msg, 1497s)
2026-08-25 08:28:46   [GPU] 4,150,002 evals (121126 batches, avg 34/batch = 7% of 512, 2741 evals/s, 182 msg/s, 15.0 leaves/msg, 1514s)
2026-08-25 08:29:02   [GPU] 4,200,042 evals (122482 batches, avg 34/batch = 7% of 512, 2744 evals/s, 183 msg/s, 15.0 leaves/msg, 1530s)
2026-08-25 08:29:19   [GPU] 4,250,005 evals (123826 batches, avg 34/batch = 7% of 512, 2748 evals/s, 183 msg/s, 15.0 leaves/msg, 1547s)
2026-08-25 08:29:35   [GPU] 4,300,014 evals (125168 batches, avg 34/batch = 7% of 512, 2752 evals/s, 183 msg/s, 15.0 leaves/msg, 1563s)
2026-08-25 08:29:50   [GPU] 4,350,014 evals (126483 batches, avg 34/batch = 7% of 512, 2756 evals/s, 183 msg/s, 15.0 leaves/msg, 1578s)
2026-08-25 08:30:06   [GPU] 4,400,039 evals (127803 batches, avg 34/batch = 7% of 512, 2760 evals/s, 184 msg/s, 15.0 leaves/msg, 1594s)
2026-08-25 08:30:22   [GPU] 4,450,011 evals (129132 batches, avg 34/batch = 7% of 512, 2764 evals/s, 184 msg/s, 15.0 leaves/msg, 1610s)
2026-08-25 08:30:38   [GPU] 4,500,011 evals (130452 batches, avg 34/batch = 7% of 512, 2768 evals/s, 184 msg/s, 15.0 leaves/msg, 1626s)
2026-08-25 08:30:54   [GPU] 4,550,021 evals (131803 batches, avg 35/batch = 7% of 512, 2771 evals/s, 185 msg/s, 15.0 leaves/msg, 1642s)
2026-08-25 08:31:12   [GPU] 4,600,008 evals (133243 batches, avg 35/batch = 7% of 512, 2772 evals/s, 185 msg/s, 15.0 leaves/msg, 1660s)
2026-08-25 08:31:29   [GPU] 4,650,017 evals (134681 batches, avg 35/batch = 7% of 512, 2772 evals/s, 185 msg/s, 15.0 leaves/msg, 1677s)
2026-08-25 08:31:39 [iter 16/40] eval vs best: 25/40 games (1687s, cand 32%)
2026-08-25 08:31:51   [GPU] 4,700,007 evals (136369 batches, avg 34/batch = 7% of 512, 2766 evals/s, 185 msg/s, 15.0 leaves/msg, 1699s)
2026-08-25 08:32:15   [GPU] 4,750,010 evals (138136 batches, avg 34/batch = 7% of 512, 2757 evals/s, 184 msg/s, 15.0 leaves/msg, 1723s)
2026-08-25 08:32:37   [GPU] 4,800,017 evals (139837 batches, avg 34/batch = 7% of 512, 2751 evals/s, 183 msg/s, 15.0 leaves/msg, 1745s)
2026-08-25 08:32:59   [GPU] 4,850,003 evals (141522 batches, avg 34/batch = 7% of 512, 2745 evals/s, 183 msg/s, 15.0 leaves/msg, 1767s)
2026-08-25 08:33:22   [GPU] 4,900,016 evals (143265 batches, avg 34/batch = 7% of 512, 2737 evals/s, 183 msg/s, 15.0 leaves/msg, 1790s)
2026-08-25 08:33:50   [GPU] 4,950,009 evals (145271 batches, avg 34/batch = 7% of 512, 2723 evals/s, 182 msg/s, 15.0 leaves/msg, 1818s)
2026-08-25 08:34:17   [GPU] 5,000,000 evals (147243 batches, avg 34/batch = 7% of 512, 2710 evals/s, 181 msg/s, 15.0 leaves/msg, 1845s)
2026-08-25 08:34:40 [iter 16/40] eval vs best: 30/40 games (1868s, cand 33%)
2026-08-25 08:34:44   [GPU] 5,050,006 evals (149252 batches, avg 34/batch = 7% of 512, 2698 evals/s, 180 msg/s, 15.0 leaves/msg, 1872s)
2026-08-25 08:35:11   [GPU] 5,100,010 evals (151209 batches, avg 34/batch = 7% of 512, 2686 evals/s, 179 msg/s, 15.0 leaves/msg, 1899s)
2026-08-25 08:35:43   [GPU] 5,150,045 evals (153321 batches, avg 34/batch = 7% of 512, 2667 evals/s, 178 msg/s, 15.0 leaves/msg, 1931s)
2026-08-25 08:36:11   [GPU] 5,200,005 evals (155314 batches, avg 33/batch = 7% of 512, 2655 evals/s, 177 msg/s, 15.0 leaves/msg, 1959s)
2026-08-25 08:36:43   [GPU] 5,250,019 evals (157470 batches, avg 33/batch = 7% of 512, 2637 evals/s, 176 msg/s, 15.0 leaves/msg, 1991s)
2026-08-25 08:37:20   [GPU] 5,300,041 evals (159784 batches, avg 33/batch = 6% of 512, 2613 evals/s, 174 msg/s, 15.0 leaves/msg, 2028s)
2026-08-25 08:37:57   [GPU] 5,350,008 evals (162078 batches, avg 33/batch = 6% of 512, 2591 evals/s, 173 msg/s, 15.0 leaves/msg, 2065s)
2026-08-25 08:38:33   [GPU] 5,400,000 evals (164322 batches, avg 33/batch = 6% of 512, 2571 evals/s, 172 msg/s, 15.0 leaves/msg, 2101s)
2026-08-25 08:39:11   [GPU] 5,450,008 evals (166681 batches, avg 33/batch = 6% of 512, 2548 evals/s, 170 msg/s, 15.0 leaves/msg, 2139s)
2026-08-25 08:39:56   [GPU] 5,500,005 evals (169174 batches, avg 33/batch = 6% of 512, 2519 evals/s, 168 msg/s, 15.0 leaves/msg, 2184s)
2026-08-25 08:40:41   [GPU] 5,550,031 evals (171694 batches, avg 32/batch = 6% of 512, 2490 evals/s, 166 msg/s, 15.0 leaves/msg, 2229s)
2026-08-25 08:41:25   [GPU] 5,600,005 evals (174205 batches, avg 32/batch = 6% of 512, 2463 evals/s, 164 msg/s, 15.0 leaves/msg, 2273s)
2026-08-25 08:41:54 [iter 16/40] eval vs best: 35/40 games (2302s, cand 34%)
2026-08-25 08:42:15   [GPU] 5,650,000 evals (176820 batches, avg 32/batch = 6% of 512, 2433 evals/s, 162 msg/s, 15.0 leaves/msg, 2323s)
2026-08-25 08:43:13   [GPU] 5,700,013 evals (179583 batches, avg 32/batch = 6% of 512, 2394 evals/s, 160 msg/s, 15.0 leaves/msg, 2381s)
2026-08-25 08:44:11   [GPU] 5,750,000 evals (182096 batches, avg 32/batch = 6% of 512, 2358 evals/s, 158 msg/s, 15.0 leaves/msg, 2439s)
2026-08-25 08:45:20   [GPU] 5,800,010 evals (185044 batches, avg 31/batch = 6% of 512, 2312 evals/s, 155 msg/s, 15.0 leaves/msg, 2508s)
2026-08-25 08:47:17   [GPU] 5,850,000 evals (188432 batches, avg 31/batch = 6% of 512, 2229 evals/s, 149 msg/s, 15.0 leaves/msg, 2625s)
2026-08-25 08:49:14   [GPU] 5,900,008 evals (191822 batches, avg 31/batch = 6% of 512, 2152 evals/s, 144 msg/s, 15.0 leaves/msg, 2742s)
2026-08-25 08:51:00 [iter 16/40] eval vs best: 40/40 games (2848s, cand 32%)
2026-08-25 08:51:00 [iter 16/40] eval vs best done: 32.4% of 37 decided, 26 adjudicated reject (2848s)
2026-08-25 08:51:00 [iter 16/40] eval vs random (8 games, 600 sims)...
2026-08-25 08:51:00 [EVAL-MP] 8 workers spawned (8 vs_random games, sims=600), GPU batcher starting...
2026-08-25 08:51:21   [GPU] 50,040 evals (1376 batches, avg 36/batch = 7% of 512, 2346 evals/s, 161 msg/s, 14.6 leaves/msg, 21s)
2026-08-25 08:51:36   [GPU] 100,023 evals (2882 batches, avg 35/batch = 7% of 512, 2742 evals/s, 187 msg/s, 14.7 leaves/msg, 36s)
2026-08-25 08:51:43 [iter 16/40] eval vs random: 5/8 games (43s, cand 80%)
2026-08-25 08:51:57   [GPU] 150,031 evals (4767 batches, avg 31/batch = 6% of 512, 2640 evals/s, 183 msg/s, 14.4 leaves/msg, 57s)
2026-08-25 08:52:20 [iter 16/40] eval vs random: 8/8 games (80s, cand 71%)
2026-08-25 08:52:21 [iter 16/40] eval vs random done: 71.4% (81s)
2026-08-25 08:52:21 [iter 16/40] eval vs greedy (80 games, 600 sims)...
2026-08-25 08:52:21 [EVAL-MP] 8 workers spawned (80 vs_greedy games, sims=600), GPU batcher starting...
2026-08-25 08:52:37 [iter 16/40] eval vs greedy: 5/80 games (16s, cand 0%)
2026-08-25 08:52:45   [GPU] 50,023 evals (1600 batches, avg 31/batch = 6% of 512, 2075 evals/s, 139 msg/s, 14.9 leaves/msg, 24s)
2026-08-25 08:52:48 [iter 16/40] eval vs greedy: 10/80 games (27s, cand 0%)
2026-08-25 08:52:52 [iter 16/40] eval vs greedy: 15/80 games (32s, cand 0%)
2026-08-25 08:53:05 [iter 16/40] eval vs greedy: 20/80 games (44s, cand 0%)
2026-08-25 08:53:05   [GPU] 100,014 evals (3247 batches, avg 31/batch = 6% of 512, 2233 evals/s, 151 msg/s, 14.8 leaves/msg, 45s)
2026-08-25 08:53:13 [iter 16/40] eval vs greedy: 25/80 games (52s, cand 0%)
2026-08-25 08:53:20 [iter 16/40] eval vs greedy: 30/80 games (59s, cand 0%)
2026-08-25 08:53:27   [GPU] 150,009 evals (4926 batches, avg 30/batch = 6% of 512, 2246 evals/s, 151 msg/s, 14.8 leaves/msg, 67s)
2026-08-25 08:53:30 [iter 16/40] eval vs greedy: 35/80 games (69s, cand 0%)
2026-08-25 08:53:36 [iter 16/40] eval vs greedy: 40/80 games (75s, cand 2%)
2026-08-25 08:53:45 [iter 16/40] eval vs greedy: 45/80 games (84s, cand 2%)
2026-08-25 08:53:49   [GPU] 200,024 evals (6585 batches, avg 30/batch = 6% of 512, 2273 evals/s, 153 msg/s, 14.9 leaves/msg, 88s)
2026-08-25 08:53:54 [iter 16/40] eval vs greedy: 50/80 games (93s, cand 4%)
2026-08-25 08:54:02 [iter 16/40] eval vs greedy: 55/80 games (101s, cand 4%)
2026-08-25 08:54:10   [GPU] 250,012 evals (8220 batches, avg 30/batch = 6% of 512, 2293 evals/s, 154 msg/s, 14.9 leaves/msg, 109s)
2026-08-25 08:54:10 [iter 16/40] eval vs greedy: 60/80 games (110s, cand 3%)
2026-08-25 08:54:20 [iter 16/40] eval vs greedy: 65/80 games (119s, cand 5%)
2026-08-25 08:54:28 [iter 16/40] eval vs greedy: 70/80 games (127s, cand 4%)
2026-08-25 08:54:32   [GPU] 300,008 evals (9936 batches, avg 30/batch = 6% of 512, 2278 evals/s, 153 msg/s, 14.9 leaves/msg, 132s)
2026-08-25 08:54:36 [iter 16/40] eval vs greedy: 75/80 games (135s, cand 4%)
2026-08-25 08:54:49 [iter 16/40] eval vs greedy: 80/80 games (148s, cand 4%)
2026-08-25 08:54:49 [iter 16/40] eval vs greedy done: 3.8% of 80 decided [seat0:3/20 seat1:0/20 seat2:0/20 seat3:0/20] (148s)
2026-08-25 08:54:49 [iter 16/40] eval vs minimax (depth 2, 40 games)...
2026-08-25 08:54:49 [EVAL-MP] 8 workers spawned (40 vs_minimax games, sims=600), GPU batcher starting...
2026-08-25 08:55:16   [GPU] 50,029 evals (1700 batches, avg 29/batch = 6% of 512, 1876 evals/s, 123 msg/s, 15.3 leaves/msg, 27s)
2026-08-25 08:55:23 [iter 16/40] eval vs minimax: 5/40 games (0%)
2026-08-25 08:55:34   [GPU] 100,001 evals (3173 batches, avg 32/batch = 6% of 512, 2225 evals/s, 152 msg/s, 14.6 leaves/msg, 45s)
2026-08-25 08:55:50 [iter 16/40] eval vs minimax: 10/40 games (0%)
2026-08-25 08:55:52   [GPU] 150,014 evals (4649 batches, avg 32/batch = 6% of 512, 2382 evals/s, 163 msg/s, 14.6 leaves/msg, 63s)
2026-08-25 08:56:00 [iter 16/40] eval vs minimax: 15/40 games (0%)
2026-08-25 08:56:12   [GPU] 200,024 evals (6275 batches, avg 32/batch = 6% of 512, 2418 evals/s, 167 msg/s, 14.5 leaves/msg, 83s)
2026-08-25 08:56:28   [GPU] 250,010 evals (7689 batches, avg 33/batch = 6% of 512, 2521 evals/s, 173 msg/s, 14.6 leaves/msg, 99s)
2026-08-25 08:56:30 [iter 16/40] eval vs minimax: 20/40 games (0%)
2026-08-25 08:56:50   [GPU] 300,004 evals (9402 batches, avg 32/batch = 6% of 512, 2469 evals/s, 170 msg/s, 14.5 leaves/msg, 121s)
2026-08-25 08:57:02 [iter 16/40] eval vs minimax: 25/40 games (0%)
2026-08-25 08:57:05   [GPU] 350,033 evals (10717 batches, avg 33/batch = 6% of 512, 2569 evals/s, 176 msg/s, 14.6 leaves/msg, 136s)
2026-08-25 08:57:13 [iter 16/40] eval vs minimax: 30/40 games (0%)
2026-08-25 08:57:24   [GPU] 400,052 evals (12303 batches, avg 33/batch = 6% of 512, 2576 evals/s, 178 msg/s, 14.5 leaves/msg, 155s)
2026-08-25 08:57:38 [iter 16/40] eval vs minimax: 35/40 games (0%)
2026-08-25 08:57:40   [GPU] 450,000 evals (13742 batches, avg 33/batch = 6% of 512, 2628 evals/s, 182 msg/s, 14.5 leaves/msg, 171s)
2026-08-25 08:57:51 [iter 16/40] eval vs minimax: 40/40 games (0%)
2026-08-25 08:57:51 [iter 16/40] eval vs minimax done: 0.0% of 40 decided [seat0:0/10 seat1:0/10 seat2:0/10 seat3:0/10] (183s)
2026-08-25 08:57:51 [iter 16/40] WARNING: racing decay - best seat 15% is 60 pts below the peak 75% (1/2 evals)
2026-08-25 08:57:51 >>> iter 16 | loss_p=1.313 loss_v=0.151 | vs_best=32.4% reject | vs_rand=71.4% | draw=12% | buf=100000 | rss=3.24GB | sp=1647s train=8s eval_best=2848s eval_rand=81s | total=4917s
2026-08-25 08:57:51 [iter 17/40] self-play starting (160 games, 600 sims, MIXED 80/160 race-only)...
2026-08-25 08:57:51 [PARALLEL-MP] 8 workers spawned (160 games, sims=600), GPU batcher starting...
2026-08-25 08:58:09   [GPU] 50,009 evals (1430 batches, avg 35/batch = 7% of 512, 2842 evals/s, 209 msg/s, 13.6 leaves/msg, 18s)
2026-08-25 08:58:11 [iter 17/40] self-play: 5/160 games...
2026-08-25 08:58:23 [iter 17/40] self-play: 10/160 games...
2026-08-25 08:58:25   [GPU] 100,005 evals (2975 batches, avg 34/batch = 7% of 512, 2963 evals/s, 228 msg/s, 13.0 leaves/msg, 34s)
2026-08-25 08:58:41 [iter 17/40] self-play: 15/160 games...
2026-08-25 08:58:44   [GPU] 150,000 evals (4723 batches, avg 32/batch = 6% of 512, 2843 evals/s, 218 msg/s, 13.0 leaves/msg, 53s)
2026-08-25 08:59:04   [GPU] 200,011 evals (6381 batches, avg 31/batch = 6% of 512, 2766 evals/s, 209 msg/s, 13.2 leaves/msg, 72s)
2026-08-25 08:59:22   [GPU] 250,019 evals (7904 batches, avg 32/batch = 6% of 512, 2773 evals/s, 205 msg/s, 13.5 leaves/msg, 90s)
2026-08-25 08:59:31 [iter 17/40] self-play: 20/160 games...
2026-08-25 08:59:35   [GPU] 300,018 evals (9196 batches, avg 33/batch = 6% of 512, 2885 evals/s, 212 msg/s, 13.6 leaves/msg, 104s)
2026-08-25 08:59:49   [GPU] 350,015 evals (10456 batches, avg 33/batch = 7% of 512, 2989 evals/s, 217 msg/s, 13.7 leaves/msg, 117s)
2026-08-25 09:00:02   [GPU] 400,011 evals (11742 batches, avg 34/batch = 7% of 512, 3066 evals/s, 224 msg/s, 13.7 leaves/msg, 130s)
2026-08-25 09:00:15   [GPU] 450,037 evals (13020 batches, avg 35/batch = 7% of 512, 3130 evals/s, 227 msg/s, 13.8 leaves/msg, 144s)
2026-08-25 09:00:26   [GPU] 500,031 evals (14129 batches, avg 35/batch = 7% of 512, 3240 evals/s, 235 msg/s, 13.8 leaves/msg, 154s)
2026-08-25 09:00:36 [iter 17/40] self-play: 25/160 games...
2026-08-25 09:00:36   [GPU] 550,019 evals (15239 batches, avg 36/batch = 7% of 512, 3339 evals/s, 243 msg/s, 13.7 leaves/msg, 165s)
2026-08-25 09:00:47   [GPU] 600,020 evals (16405 batches, avg 37/batch = 7% of 512, 3412 evals/s, 248 msg/s, 13.8 leaves/msg, 176s)
2026-08-25 09:00:59   [GPU] 650,020 evals (17610 batches, avg 37/batch = 7% of 512, 3469 evals/s, 253 msg/s, 13.7 leaves/msg, 187s)
2026-08-25 09:01:12   [GPU] 700,004 evals (18892 batches, avg 37/batch = 7% of 512, 3495 evals/s, 255 msg/s, 13.7 leaves/msg, 200s)
2026-08-25 09:01:18 [iter 17/40] self-play: 30/160 games...
2026-08-25 09:01:25   [GPU] 750,002 evals (20203 batches, avg 37/batch = 7% of 512, 3510 evals/s, 256 msg/s, 13.7 leaves/msg, 214s)
2026-08-25 09:01:38   [GPU] 800,006 evals (21478 batches, avg 37/batch = 7% of 512, 3534 evals/s, 258 msg/s, 13.7 leaves/msg, 226s)
2026-08-25 09:01:52   [GPU] 850,020 evals (22864 batches, avg 37/batch = 7% of 512, 3528 evals/s, 257 msg/s, 13.7 leaves/msg, 241s)
2026-08-25 09:01:55 [iter 17/40] self-play: 35/160 games...
2026-08-25 09:02:06   [GPU] 900,044 evals (24191 batches, avg 37/batch = 7% of 512, 3534 evals/s, 258 msg/s, 13.7 leaves/msg, 255s)
2026-08-25 09:02:21   [GPU] 950,029 evals (25582 batches, avg 37/batch = 7% of 512, 3524 evals/s, 257 msg/s, 13.7 leaves/msg, 270s)
2026-08-25 09:02:34   [GPU] 1,000,014 evals (26861 batches, avg 37/batch = 7% of 512, 3537 evals/s, 257 msg/s, 13.8 leaves/msg, 283s)
2026-08-25 09:02:44 [iter 17/40] self-play: 40/160 games...
2026-08-25 09:02:47   [GPU] 1,050,034 evals (28098 batches, avg 37/batch = 7% of 512, 3555 evals/s, 258 msg/s, 13.8 leaves/msg, 295s)
2026-08-25 09:03:02   [GPU] 1,100,001 evals (29504 batches, avg 37/batch = 7% of 512, 3541 evals/s, 257 msg/s, 13.8 leaves/msg, 311s)
2026-08-25 09:03:15   [GPU] 1,150,010 evals (30797 batches, avg 37/batch = 7% of 512, 3550 evals/s, 257 msg/s, 13.8 leaves/msg, 324s)
2026-08-25 09:03:27 [iter 17/40] self-play: 45/160 games...
2026-08-25 09:03:28   [GPU] 1,200,051 evals (32025 batches, avg 37/batch = 7% of 512, 3569 evals/s, 259 msg/s, 13.8 leaves/msg, 336s)
2026-08-25 09:03:40   [GPU] 1,250,031 evals (33248 batches, avg 38/batch = 7% of 512, 3581 evals/s, 259 msg/s, 13.8 leaves/msg, 349s)
2026-08-25 09:03:53   [GPU] 1,300,059 evals (34464 batches, avg 38/batch = 7% of 512, 3593 evals/s, 259 msg/s, 13.9 leaves/msg, 362s)
2026-08-25 09:04:07   [GPU] 1,350,027 evals (35768 batches, avg 38/batch = 7% of 512, 3590 evals/s, 258 msg/s, 13.9 leaves/msg, 376s)
2026-08-25 09:04:20   [GPU] 1,400,013 evals (36946 batches, avg 38/batch = 7% of 512, 3605 evals/s, 259 msg/s, 13.9 leaves/msg, 388s)
2026-08-25 09:04:29 [iter 17/40] self-play: 50/160 games...
2026-08-25 09:04:32   [GPU] 1,450,017 evals (38140 batches, avg 38/batch = 7% of 512, 3616 evals/s, 260 msg/s, 13.9 leaves/msg, 401s)
2026-08-25 09:04:46   [GPU] 1,500,000 evals (39375 batches, avg 38/batch = 7% of 512, 3621 evals/s, 260 msg/s, 13.9 leaves/msg, 414s)
2026-08-25 09:04:58   [GPU] 1,550,007 evals (40596 batches, avg 38/batch = 7% of 512, 3631 evals/s, 261 msg/s, 13.9 leaves/msg, 427s)
2026-08-25 09:05:13   [GPU] 1,600,029 evals (41944 batches, avg 38/batch = 7% of 512, 3622 evals/s, 260 msg/s, 13.9 leaves/msg, 442s)
2026-08-25 09:05:16 [iter 17/40] self-play: 55/160 games...
2026-08-25 09:05:26   [GPU] 1,650,008 evals (43191 batches, avg 38/batch = 7% of 512, 3627 evals/s, 260 msg/s, 13.9 leaves/msg, 455s)
2026-08-25 09:05:40   [GPU] 1,700,013 evals (44493 batches, avg 38/batch = 7% of 512, 3625 evals/s, 260 msg/s, 13.9 leaves/msg, 469s)
2026-08-25 09:05:55   [GPU] 1,750,009 evals (45840 batches, avg 38/batch = 7% of 512, 3618 evals/s, 259 msg/s, 14.0 leaves/msg, 484s)
2026-08-25 09:06:09   [GPU] 1,800,009 evals (47115 batches, avg 38/batch = 7% of 512, 3617 evals/s, 259 msg/s, 14.0 leaves/msg, 498s)
2026-08-25 09:06:24   [GPU] 1,850,061 evals (48425 batches, avg 38/batch = 7% of 512, 3612 evals/s, 258 msg/s, 14.0 leaves/msg, 512s)
2026-08-25 09:06:36 [iter 17/40] self-play: 60/160 games...
2026-08-25 09:06:36   [GPU] 1,900,013 evals (49631 batches, avg 38/batch = 7% of 512, 3621 evals/s, 259 msg/s, 14.0 leaves/msg, 525s)
2026-08-25 09:06:49   [GPU] 1,950,034 evals (50806 batches, avg 38/batch = 7% of 512, 3630 evals/s, 260 msg/s, 14.0 leaves/msg, 537s)
2026-08-25 09:07:03   [GPU] 2,000,019 evals (52111 batches, avg 38/batch = 7% of 512, 3627 evals/s, 259 msg/s, 14.0 leaves/msg, 551s)
2026-08-25 09:07:15   [GPU] 2,050,007 evals (53290 batches, avg 38/batch = 8% of 512, 3635 evals/s, 259 msg/s, 14.0 leaves/msg, 564s)
2026-08-25 09:07:27 [iter 17/40] self-play: 65/160 games...
2026-08-25 09:07:28   [GPU] 2,100,007 evals (54522 batches, avg 39/batch = 8% of 512, 3642 evals/s, 260 msg/s, 14.0 leaves/msg, 577s)
2026-08-25 09:07:42   [GPU] 2,150,037 evals (55894 batches, avg 38/batch = 8% of 512, 3640 evals/s, 260 msg/s, 14.0 leaves/msg, 591s)
2026-08-25 09:07:54   [GPU] 2,200,052 evals (57119 batches, avg 39/batch = 8% of 512, 3649 evals/s, 261 msg/s, 14.0 leaves/msg, 603s)
2026-08-25 09:07:55 [iter 17/40] self-play: 70/160 games...
2026-08-25 09:08:08   [GPU] 2,250,042 evals (58427 batches, avg 39/batch = 8% of 512, 3651 evals/s, 261 msg/s, 14.0 leaves/msg, 616s)
2026-08-25 09:08:20   [GPU] 2,300,004 evals (59652 batches, avg 39/batch = 8% of 512, 3659 evals/s, 262 msg/s, 14.0 leaves/msg, 629s)
2026-08-25 09:08:28 [iter 17/40] self-play: 75/160 games...
2026-08-25 09:08:35   [GPU] 2,350,002 evals (61085 batches, avg 38/batch = 8% of 512, 3653 evals/s, 261 msg/s, 14.0 leaves/msg, 643s)
2026-08-25 09:08:48   [GPU] 2,400,039 evals (62425 batches, avg 38/batch = 8% of 512, 3654 evals/s, 261 msg/s, 14.0 leaves/msg, 657s)
2026-08-25 09:09:03   [GPU] 2,450,023 evals (63822 batches, avg 38/batch = 7% of 512, 3646 evals/s, 261 msg/s, 14.0 leaves/msg, 672s)
2026-08-25 09:09:16   [GPU] 2,500,036 evals (65011 batches, avg 38/batch = 8% of 512, 3654 evals/s, 261 msg/s, 14.0 leaves/msg, 684s)
2026-08-25 09:09:24 [iter 17/40] self-play: 80/160 games...
2026-08-25 09:09:28   [GPU] 2,550,039 evals (66201 batches, avg 39/batch = 8% of 512, 3663 evals/s, 262 msg/s, 14.0 leaves/msg, 696s)
2026-08-25 09:09:40   [GPU] 2,600,003 evals (67369 batches, avg 39/batch = 8% of 512, 3669 evals/s, 262 msg/s, 14.0 leaves/msg, 709s)
2026-08-25 09:09:52   [GPU] 2,650,003 evals (68519 batches, avg 39/batch = 8% of 512, 3678 evals/s, 263 msg/s, 14.0 leaves/msg, 721s)
2026-08-25 09:10:04   [GPU] 2,700,075 evals (69642 batches, avg 39/batch = 8% of 512, 3688 evals/s, 263 msg/s, 14.0 leaves/msg, 732s)
2026-08-25 09:10:16   [GPU] 2,750,040 evals (70854 batches, avg 39/batch = 8% of 512, 3693 evals/s, 264 msg/s, 14.0 leaves/msg, 745s)
2026-08-25 09:10:19 [iter 17/40] self-play: 85/160 games...
2026-08-25 09:10:29   [GPU] 2,800,010 evals (72156 batches, avg 39/batch = 8% of 512, 3696 evals/s, 264 msg/s, 14.0 leaves/msg, 758s)
2026-08-25 09:10:34 [iter 17/40] self-play: 90/160 games...
2026-08-25 09:10:44   [GPU] 2,850,028 evals (73590 batches, avg 39/batch = 8% of 512, 3689 evals/s, 264 msg/s, 14.0 leaves/msg, 773s)
2026-08-25 09:10:52 [iter 17/40] self-play: 95/160 games...
2026-08-25 09:10:59   [GPU] 2,900,001 evals (74985 batches, avg 39/batch = 8% of 512, 3682 evals/s, 263 msg/s, 14.0 leaves/msg, 788s)
2026-08-25 09:11:13   [GPU] 2,950,005 evals (76338 batches, avg 39/batch = 8% of 512, 3679 evals/s, 263 msg/s, 14.0 leaves/msg, 802s)
2026-08-25 09:11:29   [GPU] 3,000,024 evals (77736 batches, avg 39/batch = 8% of 512, 3670 evals/s, 262 msg/s, 14.0 leaves/msg, 817s)
2026-08-25 09:11:38 [iter 17/40] self-play: 100/160 games...
2026-08-25 09:11:43   [GPU] 3,050,023 evals (79067 batches, avg 39/batch = 8% of 512, 3669 evals/s, 262 msg/s, 14.0 leaves/msg, 831s)
2026-08-25 09:11:57   [GPU] 3,100,014 evals (80393 batches, avg 39/batch = 8% of 512, 3667 evals/s, 262 msg/s, 14.0 leaves/msg, 845s)
2026-08-25 09:12:10   [GPU] 3,150,019 evals (81690 batches, avg 39/batch = 8% of 512, 3667 evals/s, 262 msg/s, 14.0 leaves/msg, 859s)
2026-08-25 09:12:23   [GPU] 3,200,021 evals (82928 batches, avg 39/batch = 8% of 512, 3671 evals/s, 262 msg/s, 14.0 leaves/msg, 872s)
2026-08-25 09:12:35   [GPU] 3,250,033 evals (84109 batches, avg 39/batch = 8% of 512, 3678 evals/s, 262 msg/s, 14.0 leaves/msg, 884s)
2026-08-25 09:12:47   [GPU] 3,300,054 evals (85266 batches, avg 39/batch = 8% of 512, 3687 evals/s, 263 msg/s, 14.0 leaves/msg, 895s)
2026-08-25 09:12:57   [GPU] 3,350,001 evals (86361 batches, avg 39/batch = 8% of 512, 3698 evals/s, 264 msg/s, 14.0 leaves/msg, 906s)
2026-08-25 09:13:07   [GPU] 3,400,071 evals (87407 batches, avg 39/batch = 8% of 512, 3712 evals/s, 265 msg/s, 14.0 leaves/msg, 916s)
2026-08-25 09:13:18   [GPU] 3,450,047 evals (88411 batches, avg 39/batch = 8% of 512, 3725 evals/s, 265 msg/s, 14.0 leaves/msg, 926s)
2026-08-25 09:13:27   [GPU] 3,500,047 evals (89413 batches, avg 39/batch = 8% of 512, 3740 evals/s, 266 msg/s, 14.0 leaves/msg, 936s)
2026-08-25 09:13:37   [GPU] 3,550,027 evals (90412 batches, avg 39/batch = 8% of 512, 3755 evals/s, 267 msg/s, 14.0 leaves/msg, 945s)
2026-08-25 09:13:47   [GPU] 3,600,014 evals (91404 batches, avg 39/batch = 8% of 512, 3769 evals/s, 268 msg/s, 14.0 leaves/msg, 955s)
2026-08-25 09:13:56   [GPU] 3,650,024 evals (92384 batches, avg 40/batch = 8% of 512, 3783 evals/s, 269 msg/s, 14.0 leaves/msg, 965s)
2026-08-25 09:14:06   [GPU] 3,700,003 evals (93349 batches, avg 40/batch = 8% of 512, 3798 evals/s, 270 msg/s, 14.1 leaves/msg, 974s)
2026-08-25 09:14:16   [GPU] 3,750,004 evals (94403 batches, avg 40/batch = 8% of 512, 3808 evals/s, 271 msg/s, 14.0 leaves/msg, 985s)
2026-08-25 09:14:26   [GPU] 3,800,019 evals (95440 batches, avg 40/batch = 8% of 512, 3820 evals/s, 272 msg/s, 14.1 leaves/msg, 995s)
2026-08-25 09:14:35   [GPU] 3,850,006 evals (96411 batches, avg 40/batch = 8% of 512, 3834 evals/s, 273 msg/s, 14.0 leaves/msg, 1004s)
2026-08-25 09:14:38 [iter 17/40] self-play: 105/160 games...
2026-08-25 09:14:46   [GPU] 3,900,022 evals (97525 batches, avg 40/batch = 8% of 512, 3843 evals/s, 274 msg/s, 14.0 leaves/msg, 1015s)
2026-08-25 09:14:56   [GPU] 3,950,026 evals (98595 batches, avg 40/batch = 8% of 512, 3854 evals/s, 275 msg/s, 14.0 leaves/msg, 1025s)
2026-08-25 09:15:00 [iter 17/40] self-play: 110/160 games...
2026-08-25 09:15:08   [GPU] 4,000,041 evals (99812 batches, avg 40/batch = 8% of 512, 3857 evals/s, 275 msg/s, 14.0 leaves/msg, 1037s)
2026-08-25 09:15:20   [GPU] 4,050,004 evals (100981 batches, avg 40/batch = 8% of 512, 3864 evals/s, 276 msg/s, 14.0 leaves/msg, 1048s)
2026-08-25 09:15:30 [iter 17/40] self-play: 115/160 games...
2026-08-25 09:15:32   [GPU] 4,100,010 evals (102303 batches, avg 40/batch = 8% of 512, 3864 evals/s, 276 msg/s, 14.0 leaves/msg, 1061s)
2026-08-25 09:15:46   [GPU] 4,150,002 evals (103619 batches, avg 40/batch = 8% of 512, 3863 evals/s, 276 msg/s, 14.0 leaves/msg, 1074s)
2026-08-25 09:16:00   [GPU] 4,200,044 evals (104996 batches, avg 40/batch = 8% of 512, 3857 evals/s, 276 msg/s, 14.0 leaves/msg, 1089s)
2026-08-25 09:16:05 [iter 17/40] self-play: 120/160 games...
2026-08-25 09:16:14   [GPU] 4,250,025 evals (106311 batches, avg 40/batch = 8% of 512, 3855 evals/s, 276 msg/s, 14.0 leaves/msg, 1103s)
2026-08-25 09:16:29   [GPU] 4,300,015 evals (107656 batches, avg 40/batch = 8% of 512, 3848 evals/s, 275 msg/s, 14.0 leaves/msg, 1117s)
2026-08-25 09:16:40 [iter 17/40] self-play: 125/160 games...
2026-08-25 09:16:42   [GPU] 4,350,011 evals (108944 batches, avg 40/batch = 8% of 512, 3846 evals/s, 275 msg/s, 14.0 leaves/msg, 1131s)
2026-08-25 09:16:57   [GPU] 4,400,042 evals (110269 batches, avg 40/batch = 8% of 512, 3842 evals/s, 275 msg/s, 14.0 leaves/msg, 1145s)
2026-08-25 09:17:11   [GPU] 4,450,025 evals (111596 batches, avg 40/batch = 8% of 512, 3837 evals/s, 274 msg/s, 14.0 leaves/msg, 1160s)
2026-08-25 09:17:24 [iter 17/40] self-play: 130/160 games...
2026-08-25 09:17:25   [GPU] 4,500,033 evals (112909 batches, avg 40/batch = 8% of 512, 3835 evals/s, 274 msg/s, 14.0 leaves/msg, 1174s)
2026-08-25 09:17:40   [GPU] 4,550,027 evals (114253 batches, avg 40/batch = 8% of 512, 3830 evals/s, 274 msg/s, 14.0 leaves/msg, 1188s)
2026-08-25 09:17:54   [GPU] 4,600,002 evals (115602 batches, avg 40/batch = 8% of 512, 3825 evals/s, 273 msg/s, 14.0 leaves/msg, 1203s)
2026-08-25 09:17:59 [iter 17/40] self-play: 135/160 games...
2026-08-25 09:18:08   [GPU] 4,650,019 evals (116976 batches, avg 40/batch = 8% of 512, 3822 evals/s, 273 msg/s, 14.0 leaves/msg, 1217s)
2026-08-25 09:18:23   [GPU] 4,700,001 evals (118368 batches, avg 40/batch = 8% of 512, 3815 evals/s, 273 msg/s, 14.0 leaves/msg, 1232s)
2026-08-25 09:18:36   [GPU] 4,750,008 evals (119614 batches, avg 40/batch = 8% of 512, 3816 evals/s, 273 msg/s, 14.0 leaves/msg, 1245s)
2026-08-25 09:18:39 [iter 17/40] self-play: 140/160 games...
2026-08-25 09:18:50   [GPU] 4,800,007 evals (120942 batches, avg 40/batch = 8% of 512, 3814 evals/s, 273 msg/s, 14.0 leaves/msg, 1259s)
2026-08-25 09:19:04   [GPU] 4,850,015 evals (122235 batches, avg 40/batch = 8% of 512, 3812 evals/s, 273 msg/s, 14.0 leaves/msg, 1272s)
2026-08-25 09:19:08 [iter 17/40] self-play: 145/160 games...
2026-08-25 09:19:17   [GPU] 4,900,019 evals (123503 batches, avg 40/batch = 8% of 512, 3811 evals/s, 273 msg/s, 14.0 leaves/msg, 1286s)
2026-08-25 09:19:33   [GPU] 4,950,022 evals (124871 batches, avg 40/batch = 8% of 512, 3804 evals/s, 272 msg/s, 14.0 leaves/msg, 1301s)
2026-08-25 09:19:46   [GPU] 5,000,041 evals (126105 batches, avg 40/batch = 8% of 512, 3804 evals/s, 272 msg/s, 14.0 leaves/msg, 1314s)
2026-08-25 09:19:59   [GPU] 5,050,055 evals (127368 batches, avg 40/batch = 8% of 512, 3803 evals/s, 272 msg/s, 14.0 leaves/msg, 1328s)
2026-08-25 09:20:07 [iter 17/40] self-play: 150/160 games...
2026-08-25 09:20:14   [GPU] 5,100,017 evals (128674 batches, avg 40/batch = 8% of 512, 3800 evals/s, 272 msg/s, 14.0 leaves/msg, 1342s)
2026-08-25 09:20:27   [GPU] 5,150,020 evals (129925 batches, avg 40/batch = 8% of 512, 3798 evals/s, 272 msg/s, 14.0 leaves/msg, 1356s)
2026-08-25 09:20:40   [GPU] 5,200,026 evals (131125 batches, avg 40/batch = 8% of 512, 3800 evals/s, 272 msg/s, 14.0 leaves/msg, 1368s)
2026-08-25 09:20:53   [GPU] 5,250,012 evals (132362 batches, avg 40/batch = 8% of 512, 3800 evals/s, 272 msg/s, 14.0 leaves/msg, 1381s)
2026-08-25 09:21:05   [GPU] 5,300,000 evals (133583 batches, avg 40/batch = 8% of 512, 3802 evals/s, 272 msg/s, 14.0 leaves/msg, 1394s)
2026-08-25 09:21:14 [iter 17/40] self-play: 155/160 games...
2026-08-25 09:21:20   [GPU] 5,350,014 evals (134971 batches, avg 40/batch = 8% of 512, 3799 evals/s, 271 msg/s, 14.0 leaves/msg, 1408s)
2026-08-25 09:21:36   [GPU] 5,400,020 evals (136501 batches, avg 40/batch = 8% of 512, 3792 evals/s, 271 msg/s, 14.0 leaves/msg, 1424s)
2026-08-25 09:21:51   [GPU] 5,450,034 evals (138016 batches, avg 39/batch = 8% of 512, 3785 evals/s, 270 msg/s, 14.0 leaves/msg, 1440s)
2026-08-25 09:22:07   [GPU] 5,500,013 evals (139506 batches, avg 39/batch = 8% of 512, 3779 evals/s, 270 msg/s, 14.0 leaves/msg, 1456s)
2026-08-25 09:22:23   [GPU] 5,550,033 evals (141038 batches, avg 39/batch = 8% of 512, 3772 evals/s, 269 msg/s, 14.0 leaves/msg, 1471s)
2026-08-25 09:22:38   [GPU] 5,600,010 evals (142541 batches, avg 39/batch = 8% of 512, 3766 evals/s, 269 msg/s, 14.0 leaves/msg, 1487s)
2026-08-25 09:22:57   [GPU] 5,650,030 evals (144252 batches, avg 39/batch = 8% of 512, 3753 evals/s, 268 msg/s, 14.0 leaves/msg, 1505s)
2026-08-25 09:23:22   [GPU] 5,700,026 evals (146349 batches, avg 39/batch = 8% of 512, 3724 evals/s, 266 msg/s, 14.0 leaves/msg, 1531s)
2026-08-25 09:23:48   [GPU] 5,750,015 evals (148475 batches, avg 39/batch = 8% of 512, 3694 evals/s, 264 msg/s, 14.0 leaves/msg, 1556s)
2026-08-25 09:24:17   [GPU] 5,800,016 evals (150763 batches, avg 38/batch = 8% of 512, 3658 evals/s, 261 msg/s, 14.0 leaves/msg, 1586s)
2026-08-25 09:25:36   [GPU] 5,850,011 evals (154053 batches, avg 38/batch = 7% of 512, 3514 evals/s, 251 msg/s, 14.0 leaves/msg, 1665s)
2026-08-25 09:25:43 [iter 17/40] self-play: 160/160 games...
2026-08-25 09:25:43 [iter 17/40] self-play done: 160 games (1672s) | wins: P0=30, P1=43, P2=23, P3=48, draw=16 | draw_rate=10% avg_len~33
2026-08-25 09:25:43 [iter 17/40] search: expanded=8.0 actions/node visits/action=75.0 walls/game=5.49 first_wall_ply=3.3 learner_sims/s=3724.48
2026-08-25 09:25:43 [iter 17/40] training (600 steps, lr=6.89e-04)...
2026-08-25 09:25:52 [iter 17/40] training done: loss_p=1.300 loss_v=0.150 (8s)
2026-08-25 09:25:53 [iter 17/40] data: policy_wall_mass=0.106 walled_states=71% walls_on_board=22.2 value_mae walled=0.203 free=0.345
2026-08-25 09:25:54 [iter 17/40] eval skipped (eval_every=4)
2026-08-25 09:25:54 >>> iter 17 | loss_p=1.300 loss_v=0.150 | vs_best=n/a (not evaluated) | vs_rand=n/a | draw=10% | buf=100000 | rss=3.26GB | sp=1672s train=8s eval_best=0s eval_rand=0s | total=1683s
2026-08-25 09:25:54 [iter 18/40] self-play starting (160 games, 600 sims, MIXED 80/160 race-only)...
2026-08-25 09:25:54 [PARALLEL-MP] 8 workers spawned (160 games, sims=600), GPU batcher starting...
2026-08-25 09:26:11   [GPU] 50,034 evals (1441 batches, avg 35/batch = 7% of 512, 2980 evals/s, 215 msg/s, 13.9 leaves/msg, 17s)
2026-08-25 09:26:13 [iter 18/40] self-play: 5/160 games...
2026-08-25 09:26:26 [iter 18/40] self-play: 10/160 games...
2026-08-25 09:26:27   [GPU] 100,025 evals (2968 batches, avg 34/batch = 7% of 512, 3075 evals/s, 228 msg/s, 13.5 leaves/msg, 33s)
2026-08-25 09:26:44 [iter 18/40] self-play: 15/160 games...
2026-08-25 09:26:46   [GPU] 150,002 evals (4655 batches, avg 32/batch = 6% of 512, 2913 evals/s, 218 msg/s, 13.4 leaves/msg, 51s)
2026-08-25 09:27:05   [GPU] 200,020 evals (6366 batches, avg 31/batch = 6% of 512, 2839 evals/s, 211 msg/s, 13.4 leaves/msg, 70s)
2026-08-25 09:27:23   [GPU] 250,003 evals (7948 batches, avg 31/batch = 6% of 512, 2810 evals/s, 206 msg/s, 13.6 leaves/msg, 89s)
2026-08-25 09:27:36   [GPU] 300,011 evals (9161 batches, avg 33/batch = 6% of 512, 2954 evals/s, 214 msg/s, 13.8 leaves/msg, 102s)
2026-08-25 09:27:42 [iter 18/40] self-play: 20/160 games...
2026-08-25 09:27:47   [GPU] 350,029 evals (10293 batches, avg 34/batch = 7% of 512, 3095 evals/s, 225 msg/s, 13.7 leaves/msg, 113s)
2026-08-25 09:28:00   [GPU] 400,005 evals (11560 batches, avg 35/batch = 7% of 512, 3164 evals/s, 231 msg/s, 13.7 leaves/msg, 126s)
2026-08-25 09:28:09 [iter 18/40] self-play: 25/160 games...
2026-08-25 09:28:12   [GPU] 450,001 evals (12717 batches, avg 35/batch = 7% of 512, 3260 evals/s, 237 msg/s, 13.7 leaves/msg, 138s)
2026-08-25 09:28:26   [GPU] 500,014 evals (13988 batches, avg 36/batch = 7% of 512, 3300 evals/s, 239 msg/s, 13.8 leaves/msg, 152s)
2026-08-25 09:28:37   [GPU] 550,047 evals (15155 batches, avg 36/batch = 7% of 512, 3367 evals/s, 243 msg/s, 13.8 leaves/msg, 163s)
2026-08-25 09:28:49   [GPU] 600,023 evals (16305 batches, avg 37/batch = 7% of 512, 3432 evals/s, 248 msg/s, 13.8 leaves/msg, 175s)
2026-08-25 09:29:01   [GPU] 650,036 evals (17539 batches, avg 37/batch = 7% of 512, 3471 evals/s, 250 msg/s, 13.9 leaves/msg, 187s)
2026-08-25 09:29:14   [GPU] 700,031 evals (18754 batches, avg 37/batch = 7% of 512, 3503 evals/s, 252 msg/s, 13.9 leaves/msg, 200s)
2026-08-25 09:29:26   [GPU] 750,009 evals (19913 batches, avg 38/batch = 7% of 512, 3544 evals/s, 254 msg/s, 13.9 leaves/msg, 212s)
2026-08-25 09:29:34 [iter 18/40] self-play: 30/160 games...
2026-08-25 09:29:38   [GPU] 800,006 evals (21143 batches, avg 38/batch = 7% of 512, 3573 evals/s, 258 msg/s, 13.8 leaves/msg, 224s)
2026-08-25 09:29:49   [GPU] 850,025 evals (22260 batches, avg 38/batch = 7% of 512, 3619 evals/s, 261 msg/s, 13.9 leaves/msg, 235s)
2026-08-25 09:30:01   [GPU] 900,004 evals (23513 batches, avg 38/batch = 7% of 512, 3638 evals/s, 263 msg/s, 13.8 leaves/msg, 247s)
2026-08-25 09:30:08 [iter 18/40] self-play: 35/160 games...
2026-08-25 09:30:13   [GPU] 950,015 evals (24683 batches, avg 38/batch = 8% of 512, 3670 evals/s, 265 msg/s, 13.8 leaves/msg, 259s)
2026-08-25 09:30:23   [GPU] 1,000,019 evals (25747 batches, avg 39/batch = 8% of 512, 3714 evals/s, 268 msg/s, 13.8 leaves/msg, 269s)
2026-08-25 09:30:34   [GPU] 1,050,043 evals (26882 batches, avg 39/batch = 8% of 512, 3745 evals/s, 271 msg/s, 13.8 leaves/msg, 280s)
2026-08-25 09:30:46   [GPU] 1,100,008 evals (28047 batches, avg 39/batch = 8% of 512, 3766 evals/s, 273 msg/s, 13.8 leaves/msg, 292s)
2026-08-25 09:30:58   [GPU] 1,150,001 evals (29234 batches, avg 39/batch = 8% of 512, 3783 evals/s, 274 msg/s, 13.8 leaves/msg, 304s)
2026-08-25 09:31:10   [GPU] 1,200,016 evals (30394 batches, avg 39/batch = 8% of 512, 3801 evals/s, 275 msg/s, 13.8 leaves/msg, 316s)
2026-08-25 09:31:22   [GPU] 1,250,008 evals (31565 batches, avg 40/batch = 8% of 512, 3816 evals/s, 276 msg/s, 13.8 leaves/msg, 328s)
2026-08-25 09:31:34   [GPU] 1,300,004 evals (32781 batches, avg 40/batch = 8% of 512, 3825 evals/s, 278 msg/s, 13.8 leaves/msg, 340s)
2026-08-25 09:31:44 [iter 18/40] self-play: 40/160 games...
2026-08-25 09:31:46   [GPU] 1,350,054 evals (33933 batches, avg 40/batch = 8% of 512, 3841 evals/s, 279 msg/s, 13.8 leaves/msg, 351s)
2026-08-25 09:31:57   [GPU] 1,400,009 evals (35142 batches, avg 40/batch = 8% of 512, 3853 evals/s, 280 msg/s, 13.8 leaves/msg, 363s)
2026-08-25 09:32:10   [GPU] 1,450,013 evals (36363 batches, avg 40/batch = 8% of 512, 3861 evals/s, 280 msg/s, 13.8 leaves/msg, 376s)
2026-08-25 09:32:21   [GPU] 1,500,023 evals (37531 batches, avg 40/batch = 8% of 512, 3876 evals/s, 282 msg/s, 13.8 leaves/msg, 387s)
2026-08-25 09:32:26 [iter 18/40] self-play: 45/160 games...
2026-08-25 09:32:34   [GPU] 1,550,027 evals (38878 batches, avg 40/batch = 8% of 512, 3872 evals/s, 282 msg/s, 13.7 leaves/msg, 400s)
2026-08-25 09:32:48   [GPU] 1,600,042 evals (40219 batches, avg 40/batch = 8% of 512, 3863 evals/s, 282 msg/s, 13.7 leaves/msg, 414s)
2026-08-25 09:32:54 [iter 18/40] self-play: 50/160 games...
2026-08-25 09:33:04   [GPU] 1,650,011 evals (41659 batches, avg 40/batch = 8% of 512, 3842 evals/s, 281 msg/s, 13.7 leaves/msg, 429s)
2026-08-25 09:33:20   [GPU] 1,700,023 evals (43126 batches, avg 39/batch = 8% of 512, 3814 evals/s, 279 msg/s, 13.7 leaves/msg, 446s)
2026-08-25 09:33:25 [iter 18/40] self-play: 55/160 games...
2026-08-25 09:33:36   [GPU] 1,750,031 evals (44585 batches, avg 39/batch = 8% of 512, 3791 evals/s, 277 msg/s, 13.7 leaves/msg, 462s)
2026-08-25 09:33:51   [GPU] 1,800,004 evals (45994 batches, avg 39/batch = 8% of 512, 3775 evals/s, 276 msg/s, 13.7 leaves/msg, 477s)
2026-08-25 09:34:07   [GPU] 1,850,002 evals (47423 batches, avg 39/batch = 8% of 512, 3753 evals/s, 273 msg/s, 13.7 leaves/msg, 493s)
2026-08-25 09:34:22   [GPU] 1,900,004 evals (48798 batches, avg 39/batch = 8% of 512, 3739 evals/s, 272 msg/s, 13.7 leaves/msg, 508s)
2026-08-25 09:34:36   [GPU] 1,950,009 evals (50046 batches, avg 39/batch = 8% of 512, 3738 evals/s, 272 msg/s, 13.8 leaves/msg, 522s)
2026-08-25 09:34:49   [GPU] 2,000,015 evals (51271 batches, avg 39/batch = 8% of 512, 3740 evals/s, 272 msg/s, 13.8 leaves/msg, 535s)
2026-08-25 09:35:02   [GPU] 2,050,068 evals (52538 batches, avg 39/batch = 8% of 512, 3740 evals/s, 272 msg/s, 13.7 leaves/msg, 548s)
2026-08-25 09:35:14 [iter 18/40] self-play: 60/160 games...
2026-08-25 09:35:15   [GPU] 2,100,006 evals (53740 batches, avg 39/batch = 8% of 512, 3746 evals/s, 273 msg/s, 13.7 leaves/msg, 561s)
2026-08-25 09:35:27   [GPU] 2,150,031 evals (54969 batches, avg 39/batch = 8% of 512, 3750 evals/s, 273 msg/s, 13.7 leaves/msg, 573s)
2026-08-25 09:35:41   [GPU] 2,200,027 evals (56203 batches, avg 39/batch = 8% of 512, 3749 evals/s, 273 msg/s, 13.7 leaves/msg, 587s)
2026-08-25 09:35:53   [GPU] 2,250,008 evals (57373 batches, avg 39/batch = 8% of 512, 3757 evals/s, 273 msg/s, 13.8 leaves/msg, 599s)
2026-08-25 09:36:01 [iter 18/40] self-play: 65/160 games...
2026-08-25 09:36:06   [GPU] 2,300,047 evals (58639 batches, avg 39/batch = 8% of 512, 3757 evals/s, 273 msg/s, 13.7 leaves/msg, 612s)
2026-08-25 09:36:21   [GPU] 2,350,062 evals (59974 batches, avg 39/batch = 8% of 512, 3750 evals/s, 273 msg/s, 13.8 leaves/msg, 627s)
2026-08-25 09:36:34   [GPU] 2,400,004 evals (61255 batches, avg 39/batch = 8% of 512, 3750 evals/s, 273 msg/s, 13.7 leaves/msg, 640s)
2026-08-25 09:36:48   [GPU] 2,450,030 evals (62529 batches, avg 39/batch = 8% of 512, 3747 evals/s, 273 msg/s, 13.8 leaves/msg, 654s)
2026-08-25 09:37:00   [GPU] 2,500,019 evals (63728 batches, avg 39/batch = 8% of 512, 3754 evals/s, 273 msg/s, 13.8 leaves/msg, 666s)
2026-08-25 09:37:12   [GPU] 2,550,012 evals (64917 batches, avg 39/batch = 8% of 512, 3761 evals/s, 273 msg/s, 13.8 leaves/msg, 678s)
2026-08-25 09:37:24   [GPU] 2,600,046 evals (66092 batches, avg 39/batch = 8% of 512, 3769 evals/s, 273 msg/s, 13.8 leaves/msg, 690s)
2026-08-25 09:37:36   [GPU] 2,650,037 evals (67259 batches, avg 39/batch = 8% of 512, 3777 evals/s, 274 msg/s, 13.8 leaves/msg, 702s)
2026-08-25 09:37:47   [GPU] 2,700,018 evals (68396 batches, avg 39/batch = 8% of 512, 3787 evals/s, 274 msg/s, 13.8 leaves/msg, 713s)
2026-08-25 09:37:58   [GPU] 2,750,084 evals (69550 batches, avg 40/batch = 8% of 512, 3797 evals/s, 275 msg/s, 13.8 leaves/msg, 724s)
2026-08-25 09:38:01 [iter 18/40] self-play: 70/160 games...
2026-08-25 09:38:09   [GPU] 2,800,005 evals (70723 batches, avg 40/batch = 8% of 512, 3807 evals/s, 276 msg/s, 13.8 leaves/msg, 735s)
2026-08-25 09:38:20   [GPU] 2,850,004 evals (71847 batches, avg 40/batch = 8% of 512, 3819 evals/s, 277 msg/s, 13.8 leaves/msg, 746s)
2026-08-25 09:38:29 [iter 18/40] self-play: 75/160 games...
2026-08-25 09:38:33   [GPU] 2,900,008 evals (73101 batches, avg 40/batch = 8% of 512, 3822 evals/s, 278 msg/s, 13.8 leaves/msg, 759s)
2026-08-25 09:38:44   [GPU] 2,950,021 evals (74286 batches, avg 40/batch = 8% of 512, 3830 evals/s, 278 msg/s, 13.8 leaves/msg, 770s)
2026-08-25 09:38:58   [GPU] 3,000,008 evals (75589 batches, avg 40/batch = 8% of 512, 3828 evals/s, 278 msg/s, 13.8 leaves/msg, 784s)
2026-08-25 09:39:09   [GPU] 3,050,006 evals (76757 batches, avg 40/batch = 8% of 512, 3834 evals/s, 278 msg/s, 13.8 leaves/msg, 795s)
2026-08-25 09:39:20   [GPU] 3,100,018 evals (77880 batches, avg 40/batch = 8% of 512, 3845 evals/s, 279 msg/s, 13.8 leaves/msg, 806s)
2026-08-25 09:39:25 [iter 18/40] self-play: 80/160 games...
2026-08-25 09:39:31   [GPU] 3,150,043 evals (79013 batches, avg 40/batch = 8% of 512, 3855 evals/s, 280 msg/s, 13.8 leaves/msg, 817s)
2026-08-25 09:39:43   [GPU] 3,200,037 evals (80189 batches, avg 40/batch = 8% of 512, 3861 evals/s, 281 msg/s, 13.8 leaves/msg, 829s)
2026-08-25 09:39:54   [GPU] 3,250,013 evals (81369 batches, avg 40/batch = 8% of 512, 3867 evals/s, 281 msg/s, 13.8 leaves/msg, 840s)
2026-08-25 09:40:04   [GPU] 3,300,001 evals (82417 batches, avg 40/batch = 8% of 512, 3881 evals/s, 282 msg/s, 13.8 leaves/msg, 850s)
2026-08-25 09:40:14   [GPU] 3,350,047 evals (83462 batches, avg 40/batch = 8% of 512, 3894 evals/s, 283 msg/s, 13.8 leaves/msg, 860s)
2026-08-25 09:40:14 [iter 18/40] self-play: 85/160 games...
2026-08-25 09:40:27   [GPU] 3,400,015 evals (84712 batches, avg 40/batch = 8% of 512, 3895 evals/s, 283 msg/s, 13.8 leaves/msg, 873s)
2026-08-25 09:40:39   [GPU] 3,450,010 evals (85901 batches, avg 40/batch = 8% of 512, 3900 evals/s, 283 msg/s, 13.8 leaves/msg, 885s)
2026-08-25 09:40:47 [iter 18/40] self-play: 90/160 games...
2026-08-25 09:40:52   [GPU] 3,500,000 evals (87195 batches, avg 40/batch = 8% of 512, 3898 evals/s, 283 msg/s, 13.8 leaves/msg, 898s)
2026-08-25 09:41:07 [iter 18/40] self-play: 95/160 games...
2026-08-25 09:41:07   [GPU] 3,550,010 evals (88629 batches, avg 40/batch = 8% of 512, 3888 evals/s, 283 msg/s, 13.8 leaves/msg, 913s)
2026-08-25 09:41:22   [GPU] 3,600,060 evals (90029 batches, avg 40/batch = 8% of 512, 3879 evals/s, 282 msg/s, 13.8 leaves/msg, 928s)
2026-08-25 09:41:37 [iter 18/40] self-play: 100/160 games...
2026-08-25 09:41:37   [GPU] 3,650,024 evals (91431 batches, avg 40/batch = 8% of 512, 3870 evals/s, 281 msg/s, 13.8 leaves/msg, 943s)
2026-08-25 09:41:53   [GPU] 3,700,001 evals (92833 batches, avg 40/batch = 8% of 512, 3859 evals/s, 280 msg/s, 13.8 leaves/msg, 959s)
2026-08-25 09:42:07   [GPU] 3,750,014 evals (94145 batches, avg 40/batch = 8% of 512, 3855 evals/s, 280 msg/s, 13.8 leaves/msg, 973s)
2026-08-25 09:42:19 [iter 18/40] self-play: 105/160 games...
2026-08-25 09:42:21   [GPU] 3,800,015 evals (95466 batches, avg 40/batch = 8% of 512, 3851 evals/s, 280 msg/s, 13.8 leaves/msg, 987s)
2026-08-25 09:42:36   [GPU] 3,850,007 evals (96822 batches, avg 40/batch = 8% of 512, 3843 evals/s, 279 msg/s, 13.8 leaves/msg, 1002s)
2026-08-25 09:42:48   [GPU] 3,900,028 evals (97991 batches, avg 40/batch = 8% of 512, 3848 evals/s, 279 msg/s, 13.8 leaves/msg, 1014s)
2026-08-25 09:42:55 [iter 18/40] self-play: 110/160 games...
2026-08-25 09:43:00   [GPU] 3,950,000 evals (99268 batches, avg 40/batch = 8% of 512, 3848 evals/s, 279 msg/s, 13.8 leaves/msg, 1026s)
2026-08-25 09:43:13   [GPU] 4,000,058 evals (100537 batches, avg 40/batch = 8% of 512, 3849 evals/s, 279 msg/s, 13.8 leaves/msg, 1039s)
2026-08-25 09:43:25   [GPU] 4,050,008 evals (101722 batches, avg 40/batch = 8% of 512, 3855 evals/s, 279 msg/s, 13.8 leaves/msg, 1051s)
2026-08-25 09:43:37   [GPU] 4,100,001 evals (102967 batches, avg 40/batch = 8% of 512, 3856 evals/s, 280 msg/s, 13.8 leaves/msg, 1063s)
2026-08-25 09:43:51 [iter 18/40] self-play: 115/160 games...
2026-08-25 09:43:51   [GPU] 4,150,020 evals (104303 batches, avg 40/batch = 8% of 512, 3852 evals/s, 279 msg/s, 13.8 leaves/msg, 1077s)
2026-08-25 09:44:04   [GPU] 4,200,019 evals (105535 batches, avg 40/batch = 8% of 512, 3855 evals/s, 279 msg/s, 13.8 leaves/msg, 1090s)
2026-08-25 09:44:16   [GPU] 4,250,041 evals (106743 batches, avg 40/batch = 8% of 512, 3856 evals/s, 279 msg/s, 13.8 leaves/msg, 1102s)
2026-08-25 09:44:28   [GPU] 4,300,002 evals (107961 batches, avg 40/batch = 8% of 512, 3859 evals/s, 280 msg/s, 13.8 leaves/msg, 1114s)
2026-08-25 09:44:41   [GPU] 4,350,037 evals (109220 batches, avg 40/batch = 8% of 512, 3859 evals/s, 280 msg/s, 13.8 leaves/msg, 1127s)
2026-08-25 09:44:53   [GPU] 4,400,025 evals (110372 batches, avg 40/batch = 8% of 512, 3864 evals/s, 280 msg/s, 13.8 leaves/msg, 1139s)
2026-08-25 09:44:59 [iter 18/40] self-play: 120/160 games...
2026-08-25 09:45:04   [GPU] 4,450,005 evals (111509 batches, avg 40/batch = 8% of 512, 3870 evals/s, 280 msg/s, 13.8 leaves/msg, 1150s)
2026-08-25 09:45:16   [GPU] 4,500,028 evals (112710 batches, avg 40/batch = 8% of 512, 3872 evals/s, 280 msg/s, 13.8 leaves/msg, 1162s)
2026-08-25 09:45:28   [GPU] 4,550,007 evals (113887 batches, avg 40/batch = 8% of 512, 3876 evals/s, 281 msg/s, 13.8 leaves/msg, 1174s)
2026-08-25 09:45:39   [GPU] 4,600,042 evals (115015 batches, avg 40/batch = 8% of 512, 3881 evals/s, 281 msg/s, 13.8 leaves/msg, 1185s)
2026-08-25 09:45:50   [GPU] 4,650,024 evals (116126 batches, avg 40/batch = 8% of 512, 3887 evals/s, 281 msg/s, 13.8 leaves/msg, 1196s)
2026-08-25 09:46:02   [GPU] 4,700,006 evals (117255 batches, avg 40/batch = 8% of 512, 3892 evals/s, 281 msg/s, 13.8 leaves/msg, 1208s)
2026-08-25 09:46:13   [GPU] 4,750,024 evals (118368 batches, avg 40/batch = 8% of 512, 3897 evals/s, 282 msg/s, 13.8 leaves/msg, 1219s)
2026-08-25 09:46:17 [iter 18/40] self-play: 125/160 games...
2026-08-25 09:46:24   [GPU] 4,800,036 evals (119516 batches, avg 40/batch = 8% of 512, 3902 evals/s, 282 msg/s, 13.8 leaves/msg, 1230s)
2026-08-25 09:46:35 [iter 18/40] self-play: 130/160 games...
2026-08-25 09:46:36   [GPU] 4,850,011 evals (120672 batches, avg 40/batch = 8% of 512, 3906 evals/s, 283 msg/s, 13.8 leaves/msg, 1242s)
2026-08-25 09:46:49   [GPU] 4,900,047 evals (121954 batches, avg 40/batch = 8% of 512, 3905 evals/s, 283 msg/s, 13.8 leaves/msg, 1255s)
2026-08-25 09:46:58 [iter 18/40] self-play: 135/160 games...
2026-08-25 09:47:03   [GPU] 4,950,018 evals (123366 batches, avg 40/batch = 8% of 512, 3901 evals/s, 283 msg/s, 13.8 leaves/msg, 1269s)
2026-08-25 09:47:17   [GPU] 5,000,041 evals (124769 batches, avg 40/batch = 8% of 512, 3897 evals/s, 282 msg/s, 13.8 leaves/msg, 1283s)
2026-08-25 09:47:17 [iter 18/40] self-play: 140/160 games...
2026-08-25 09:47:31   [GPU] 5,050,039 evals (126101 batches, avg 40/batch = 8% of 512, 3895 evals/s, 282 msg/s, 13.8 leaves/msg, 1297s)
2026-08-25 09:47:45   [GPU] 5,100,044 evals (127479 batches, avg 40/batch = 8% of 512, 3890 evals/s, 282 msg/s, 13.8 leaves/msg, 1311s)
2026-08-25 09:47:51 [iter 18/40] self-play: 145/160 games...
2026-08-25 09:47:59   [GPU] 5,150,015 evals (128838 batches, avg 40/batch = 8% of 512, 3886 evals/s, 282 msg/s, 13.8 leaves/msg, 1325s)
2026-08-25 09:48:14   [GPU] 5,200,014 evals (130244 batches, avg 40/batch = 8% of 512, 3881 evals/s, 281 msg/s, 13.8 leaves/msg, 1340s)
2026-08-25 09:48:28   [GPU] 5,250,004 evals (131627 batches, avg 40/batch = 8% of 512, 3878 evals/s, 281 msg/s, 13.8 leaves/msg, 1354s)
2026-08-25 09:48:40   [GPU] 5,300,031 evals (132863 batches, avg 40/batch = 8% of 512, 3879 evals/s, 281 msg/s, 13.8 leaves/msg, 1366s)
2026-08-25 09:48:46 [iter 18/40] self-play: 150/160 games...
2026-08-25 09:48:53   [GPU] 5,350,025 evals (134130 batches, avg 40/batch = 8% of 512, 3879 evals/s, 281 msg/s, 13.8 leaves/msg, 1379s)
2026-08-25 09:49:05   [GPU] 5,400,030 evals (135388 batches, avg 40/batch = 8% of 512, 3881 evals/s, 281 msg/s, 13.8 leaves/msg, 1391s)
2026-08-25 09:49:20   [GPU] 5,450,003 evals (136894 batches, avg 40/batch = 8% of 512, 3876 evals/s, 281 msg/s, 13.8 leaves/msg, 1406s)
2026-08-25 09:49:34   [GPU] 5,500,012 evals (138296 batches, avg 40/batch = 8% of 512, 3873 evals/s, 281 msg/s, 13.8 leaves/msg, 1420s)
2026-08-25 09:49:38 [iter 18/40] self-play: 155/160 games...
2026-08-25 09:49:49   [GPU] 5,550,034 evals (139808 batches, avg 40/batch = 8% of 512, 3867 evals/s, 280 msg/s, 13.8 leaves/msg, 1435s)
2026-08-25 09:50:06   [GPU] 5,600,018 evals (141429 batches, avg 40/batch = 8% of 512, 3858 evals/s, 280 msg/s, 13.8 leaves/msg, 1452s)
2026-08-25 09:50:23   [GPU] 5,650,025 evals (143104 batches, avg 39/batch = 8% of 512, 3846 evals/s, 279 msg/s, 13.8 leaves/msg, 1469s)
2026-08-25 09:50:43   [GPU] 5,700,026 evals (145007 batches, avg 39/batch = 8% of 512, 3827 evals/s, 277 msg/s, 13.8 leaves/msg, 1489s)
2026-08-25 09:51:10   [GPU] 5,750,030 evals (147178 batches, avg 39/batch = 8% of 512, 3792 evals/s, 275 msg/s, 13.8 leaves/msg, 1516s)
2026-08-25 09:51:41   [GPU] 5,800,013 evals (149442 batches, avg 39/batch = 8% of 512, 3749 evals/s, 272 msg/s, 13.8 leaves/msg, 1547s)
2026-08-25 09:52:12   [GPU] 5,850,002 evals (151692 batches, avg 39/batch = 8% of 512, 3707 evals/s, 269 msg/s, 13.8 leaves/msg, 1578s)
2026-08-25 09:52:53   [GPU] 5,900,006 evals (154394 batches, avg 38/batch = 7% of 512, 3644 evals/s, 264 msg/s, 13.8 leaves/msg, 1619s)
2026-08-25 09:53:13 [iter 18/40] self-play: 160/160 games...
2026-08-25 09:53:14 [iter 18/40] self-play done: 160 games (1640s) | wins: P0=34, P1=41, P2=22, P3=47, draw=16 | draw_rate=10% avg_len~34
2026-08-25 09:53:14 [iter 18/40] search: expanded=7.7 actions/node visits/action=78.4 walls/game=5.44 first_wall_ply=3.57 learner_sims/s=3854.16
2026-08-25 09:53:14 [iter 18/40] training (600 steps, lr=6.55e-04)...
2026-08-25 09:53:22 [iter 18/40] training done: loss_p=1.293 loss_v=0.148 (8s)
2026-08-25 09:53:23 [iter 18/40] data: policy_wall_mass=0.105 walled_states=71% walls_on_board=22.0 value_mae walled=0.198 free=0.329
2026-08-25 09:53:24 [iter 18/40] eval skipped (eval_every=4)
2026-08-25 09:53:24 >>> iter 18 | loss_p=1.293 loss_v=0.148 | vs_best=n/a (not evaluated) | vs_rand=n/a | draw=10% | buf=100000 | rss=3.27GB | sp=1640s train=8s eval_best=0s eval_rand=0s | total=1650s
2026-08-25 09:53:24 [iter 19/40] self-play starting (160 games, 600 sims, MIXED 80/160 race-only)...
2026-08-25 09:53:24 [PARALLEL-MP] 8 workers spawned (160 games, sims=600), GPU batcher starting...
2026-08-25 09:53:42   [GPU] 50,018 evals (1482 batches, avg 34/batch = 7% of 512, 2869 evals/s, 213 msg/s, 13.4 leaves/msg, 17s)
2026-08-25 09:53:44 [iter 19/40] self-play: 5/160 games...
2026-08-25 09:53:56 [iter 19/40] self-play: 10/160 games...
2026-08-25 09:53:58   [GPU] 100,046 evals (3053 batches, avg 33/batch = 6% of 512, 2938 evals/s, 225 msg/s, 13.0 leaves/msg, 34s)
2026-08-25 09:54:14 [iter 19/40] self-play: 15/160 games...
2026-08-25 09:54:18   [GPU] 150,016 evals (4825 batches, avg 31/batch = 6% of 512, 2797 evals/s, 214 msg/s, 13.1 leaves/msg, 54s)
2026-08-25 09:54:38   [GPU] 200,014 evals (6532 batches, avg 31/batch = 6% of 512, 2730 evals/s, 206 msg/s, 13.3 leaves/msg, 73s)
2026-08-25 09:54:55   [GPU] 250,001 evals (8022 batches, avg 31/batch = 6% of 512, 2757 evals/s, 203 msg/s, 13.6 leaves/msg, 91s)
2026-08-25 09:55:08 [iter 19/40] self-play: 20/160 games...
2026-08-25 09:55:09   [GPU] 300,036 evals (9348 batches, avg 32/batch = 6% of 512, 2867 evals/s, 210 msg/s, 13.7 leaves/msg, 105s)
2026-08-25 09:55:23   [GPU] 350,025 evals (10633 batches, avg 33/batch = 6% of 512, 2953 evals/s, 214 msg/s, 13.8 leaves/msg, 119s)
2026-08-25 09:55:36   [GPU] 400,023 evals (11837 batches, avg 34/batch = 7% of 512, 3043 evals/s, 219 msg/s, 13.9 leaves/msg, 131s)
2026-08-25 09:55:48   [GPU] 450,037 evals (12991 batches, avg 35/batch = 7% of 512, 3136 evals/s, 224 msg/s, 14.0 leaves/msg, 144s)
2026-08-25 09:56:00   [GPU] 500,012 evals (14173 batches, avg 35/batch = 7% of 512, 3211 evals/s, 230 msg/s, 14.0 leaves/msg, 156s)
2026-08-25 09:56:12   [GPU] 550,058 evals (15353 batches, avg 36/batch = 7% of 512, 3271 evals/s, 234 msg/s, 14.0 leaves/msg, 168s)
2026-08-25 09:56:23   [GPU] 600,007 evals (16431 batches, avg 37/batch = 7% of 512, 3351 evals/s, 239 msg/s, 14.0 leaves/msg, 179s)
2026-08-25 09:56:32 [iter 19/40] self-play: 25/160 games...
2026-08-25 09:56:34   [GPU] 650,021 evals (17477 batches, avg 37/batch = 7% of 512, 3434 evals/s, 246 msg/s, 14.0 leaves/msg, 189s)
2026-08-25 09:56:44   [GPU] 700,017 evals (18568 batches, avg 38/batch = 7% of 512, 3499 evals/s, 250 msg/s, 14.0 leaves/msg, 200s)
2026-08-25 09:56:55   [GPU] 750,033 evals (19677 batches, avg 38/batch = 7% of 512, 3556 evals/s, 254 msg/s, 14.0 leaves/msg, 211s)
2026-08-25 09:57:07   [GPU] 800,026 evals (20848 batches, avg 38/batch = 7% of 512, 3588 evals/s, 257 msg/s, 14.0 leaves/msg, 223s)
2026-08-25 09:57:19   [GPU] 850,017 evals (21976 batches, avg 39/batch = 8% of 512, 3622 evals/s, 259 msg/s, 14.0 leaves/msg, 235s)
2026-08-25 09:57:29   [GPU] 900,028 evals (23043 batches, avg 39/batch = 8% of 512, 3673 evals/s, 262 msg/s, 14.0 leaves/msg, 245s)
2026-08-25 09:57:37 [iter 19/40] self-play: 30/160 games...
2026-08-25 09:57:42   [GPU] 950,020 evals (24222 batches, avg 39/batch = 8% of 512, 3689 evals/s, 264 msg/s, 14.0 leaves/msg, 258s)
2026-08-25 09:57:54   [GPU] 1,000,027 evals (25401 batches, avg 39/batch = 8% of 512, 3709 evals/s, 265 msg/s, 14.0 leaves/msg, 270s)
2026-08-25 09:58:07   [GPU] 1,050,000 evals (26630 batches, avg 39/batch = 8% of 512, 3718 evals/s, 266 msg/s, 14.0 leaves/msg, 282s)
2026-08-25 09:58:21   [GPU] 1,100,032 evals (27907 batches, avg 39/batch = 8% of 512, 3710 evals/s, 265 msg/s, 14.0 leaves/msg, 297s)
2026-08-25 09:58:21 [iter 19/40] self-play: 35/160 games...
2026-08-25 09:58:33   [GPU] 1,150,009 evals (29075 batches, avg 40/batch = 8% of 512, 3725 evals/s, 266 msg/s, 14.0 leaves/msg, 309s)
2026-08-25 09:58:46   [GPU] 1,200,018 evals (30286 batches, avg 40/batch = 8% of 512, 3732 evals/s, 267 msg/s, 14.0 leaves/msg, 322s)
2026-08-25 09:58:59   [GPU] 1,250,011 evals (31526 batches, avg 40/batch = 8% of 512, 3733 evals/s, 266 msg/s, 14.0 leaves/msg, 335s)
2026-08-25 09:59:12   [GPU] 1,300,035 evals (32737 batches, avg 40/batch = 8% of 512, 3738 evals/s, 266 msg/s, 14.0 leaves/msg, 348s)
2026-08-25 09:59:25   [GPU] 1,350,013 evals (33927 batches, avg 40/batch = 8% of 512, 3746 evals/s, 267 msg/s, 14.0 leaves/msg, 360s)
2026-08-25 09:59:38   [GPU] 1,400,041 evals (35190 batches, avg 40/batch = 8% of 512, 3746 evals/s, 267 msg/s, 14.0 leaves/msg, 374s)
2026-08-25 09:59:49 [iter 19/40] self-play: 40/160 games...
2026-08-25 09:59:51   [GPU] 1,450,031 evals (36408 batches, avg 40/batch = 8% of 512, 3753 evals/s, 267 msg/s, 14.0 leaves/msg, 386s)
2026-08-25 10:00:05   [GPU] 1,500,042 evals (37700 batches, avg 40/batch = 8% of 512, 3747 evals/s, 268 msg/s, 14.0 leaves/msg, 400s)
2026-08-25 10:00:17   [GPU] 1,550,005 evals (38914 batches, avg 40/batch = 8% of 512, 3754 evals/s, 269 msg/s, 14.0 leaves/msg, 413s)
2026-08-25 10:00:20 [iter 19/40] self-play: 45/160 games...
2026-08-25 10:00:29   [GPU] 1,600,035 evals (40134 batches, avg 40/batch = 8% of 512, 3766 evals/s, 270 msg/s, 13.9 leaves/msg, 425s)
2026-08-25 10:00:41   [GPU] 1,650,063 evals (41323 batches, avg 40/batch = 8% of 512, 3777 evals/s, 271 msg/s, 13.9 leaves/msg, 437s)
2026-08-25 10:00:46 [iter 19/40] self-play: 50/160 games...
2026-08-25 10:00:54   [GPU] 1,700,060 evals (42670 batches, avg 40/batch = 8% of 512, 3777 evals/s, 272 msg/s, 13.9 leaves/msg, 450s)
2026-08-25 10:01:07   [GPU] 1,750,017 evals (43974 batches, avg 40/batch = 8% of 512, 3781 evals/s, 273 msg/s, 13.9 leaves/msg, 463s)
2026-08-25 10:01:09 [iter 19/40] self-play: 55/160 games...
2026-08-25 10:01:22   [GPU] 1,800,020 evals (45418 batches, avg 40/batch = 8% of 512, 3767 evals/s, 272 msg/s, 13.9 leaves/msg, 478s)
2026-08-25 10:01:38   [GPU] 1,850,027 evals (46915 batches, avg 39/batch = 8% of 512, 3747 evals/s, 271 msg/s, 13.8 leaves/msg, 494s)
2026-08-25 10:01:52   [GPU] 1,900,032 evals (48288 batches, avg 39/batch = 8% of 512, 3742 evals/s, 270 msg/s, 13.8 leaves/msg, 508s)
2026-08-25 10:02:02 [iter 19/40] self-play: 60/160 games...
2026-08-25 10:02:06   [GPU] 1,950,006 evals (49657 batches, avg 39/batch = 8% of 512, 3739 evals/s, 271 msg/s, 13.8 leaves/msg, 521s)
2026-08-25 10:02:20 [iter 19/40] self-play: 65/160 games...
2026-08-25 10:02:22   [GPU] 2,000,007 evals (51147 batches, avg 39/batch = 8% of 512, 3720 evals/s, 270 msg/s, 13.8 leaves/msg, 538s)
2026-08-25 10:02:38   [GPU] 2,050,009 evals (52648 batches, avg 39/batch = 8% of 512, 3699 evals/s, 268 msg/s, 13.8 leaves/msg, 554s)
2026-08-25 10:02:53   [GPU] 2,100,053 evals (54015 batches, avg 39/batch = 8% of 512, 3691 evals/s, 268 msg/s, 13.8 leaves/msg, 569s)
2026-08-25 10:02:55 [iter 19/40] self-play: 70/160 games...
2026-08-25 10:03:09   [GPU] 2,150,046 evals (55464 batches, avg 39/batch = 8% of 512, 3675 evals/s, 266 msg/s, 13.8 leaves/msg, 585s)
2026-08-25 10:03:22   [GPU] 2,200,007 evals (56676 batches, avg 39/batch = 8% of 512, 3680 evals/s, 266 msg/s, 13.8 leaves/msg, 598s)
2026-08-25 10:03:34   [GPU] 2,250,004 evals (57885 batches, avg 39/batch = 8% of 512, 3687 evals/s, 267 msg/s, 13.8 leaves/msg, 610s)
2026-08-25 10:03:43 [iter 19/40] self-play: 75/160 games...
2026-08-25 10:03:49   [GPU] 2,300,000 evals (59300 batches, avg 39/batch = 8% of 512, 3680 evals/s, 267 msg/s, 13.8 leaves/msg, 625s)
2026-08-25 10:04:04   [GPU] 2,350,013 evals (60649 batches, avg 39/batch = 8% of 512, 3676 evals/s, 266 msg/s, 13.8 leaves/msg, 639s)
2026-08-25 10:04:17   [GPU] 2,400,059 evals (61923 batches, avg 39/batch = 8% of 512, 3676 evals/s, 266 msg/s, 13.8 leaves/msg, 653s)
2026-08-25 10:04:26 [iter 19/40] self-play: 80/160 games...
2026-08-25 10:04:30   [GPU] 2,450,036 evals (63170 batches, avg 39/batch = 8% of 512, 3680 evals/s, 267 msg/s, 13.8 leaves/msg, 666s)
2026-08-25 10:04:44   [GPU] 2,500,053 evals (64482 batches, avg 39/batch = 8% of 512, 3677 evals/s, 266 msg/s, 13.8 leaves/msg, 680s)
2026-08-25 10:04:59   [GPU] 2,550,031 evals (65842 batches, avg 39/batch = 8% of 512, 3670 evals/s, 266 msg/s, 13.8 leaves/msg, 695s)
2026-08-25 10:05:12   [GPU] 2,600,023 evals (67054 batches, avg 39/batch = 8% of 512, 3674 evals/s, 266 msg/s, 13.8 leaves/msg, 708s)
2026-08-25 10:05:18 [iter 19/40] self-play: 85/160 games...
2026-08-25 10:05:25   [GPU] 2,650,042 evals (68360 batches, avg 39/batch = 8% of 512, 3674 evals/s, 266 msg/s, 13.8 leaves/msg, 721s)
2026-08-25 10:05:37 [iter 19/40] self-play: 90/160 games...
2026-08-25 10:05:38   [GPU] 2,700,037 evals (69616 batches, avg 39/batch = 8% of 512, 3678 evals/s, 267 msg/s, 13.8 leaves/msg, 734s)
2026-08-25 10:05:52 [iter 19/40] self-play: 95/160 games...
2026-08-25 10:05:55   [GPU] 2,750,028 evals (71167 batches, avg 39/batch = 8% of 512, 3661 evals/s, 266 msg/s, 13.8 leaves/msg, 751s)
2026-08-25 10:06:13   [GPU] 2,800,007 evals (72775 batches, avg 38/batch = 8% of 512, 3642 evals/s, 265 msg/s, 13.8 leaves/msg, 769s)
2026-08-25 10:06:14 [iter 19/40] self-play: 100/160 games...
2026-08-25 10:06:31   [GPU] 2,850,009 evals (74362 batches, avg 38/batch = 7% of 512, 3622 evals/s, 263 msg/s, 13.8 leaves/msg, 787s)
2026-08-25 10:06:49   [GPU] 2,900,038 evals (75874 batches, avg 38/batch = 7% of 512, 3606 evals/s, 262 msg/s, 13.8 leaves/msg, 804s)
2026-08-25 10:07:03   [GPU] 2,950,020 evals (77196 batches, avg 38/batch = 7% of 512, 3605 evals/s, 262 msg/s, 13.8 leaves/msg, 818s)
2026-08-25 10:07:04 [iter 19/40] self-play: 105/160 games...
2026-08-25 10:07:17   [GPU] 3,000,025 evals (78483 batches, avg 38/batch = 7% of 512, 3603 evals/s, 261 msg/s, 13.8 leaves/msg, 833s)
2026-08-25 10:07:30   [GPU] 3,050,034 evals (79717 batches, avg 38/batch = 7% of 512, 3605 evals/s, 261 msg/s, 13.8 leaves/msg, 846s)
2026-08-25 10:07:42   [GPU] 3,100,047 evals (80845 batches, avg 38/batch = 7% of 512, 3612 evals/s, 262 msg/s, 13.8 leaves/msg, 858s)
2026-08-25 10:07:54   [GPU] 3,150,032 evals (81946 batches, avg 38/batch = 8% of 512, 3623 evals/s, 262 msg/s, 13.8 leaves/msg, 870s)
2026-08-25 10:08:04   [GPU] 3,200,015 evals (82995 batches, avg 39/batch = 8% of 512, 3637 evals/s, 263 msg/s, 13.8 leaves/msg, 880s)
2026-08-25 10:08:14   [GPU] 3,250,054 evals (84046 batches, avg 39/batch = 8% of 512, 3651 evals/s, 265 msg/s, 13.8 leaves/msg, 890s)
2026-08-25 10:08:16 [iter 19/40] self-play: 110/160 games...
2026-08-25 10:08:27   [GPU] 3,300,018 evals (85208 batches, avg 39/batch = 8% of 512, 3657 evals/s, 265 msg/s, 13.8 leaves/msg, 902s)
2026-08-25 10:08:38   [GPU] 3,350,063 evals (86293 batches, avg 39/batch = 8% of 512, 3668 evals/s, 266 msg/s, 13.8 leaves/msg, 913s)
2026-08-25 10:08:49   [GPU] 3,400,034 evals (87410 batches, avg 39/batch = 8% of 512, 3675 evals/s, 266 msg/s, 13.8 leaves/msg, 925s)
2026-08-25 10:08:56 [iter 19/40] self-play: 115/160 games...
2026-08-25 10:09:02   [GPU] 3,450,028 evals (88612 batches, avg 39/batch = 8% of 512, 3679 evals/s, 267 msg/s, 13.8 leaves/msg, 938s)
2026-08-25 10:09:15   [GPU] 3,500,022 evals (89884 batches, avg 39/batch = 8% of 512, 3680 evals/s, 267 msg/s, 13.8 leaves/msg, 951s)
2026-08-25 10:09:21 [iter 19/40] self-play: 120/160 games...
2026-08-25 10:09:29   [GPU] 3,550,000 evals (91160 batches, avg 39/batch = 8% of 512, 3681 evals/s, 267 msg/s, 13.8 leaves/msg, 964s)
2026-08-25 10:09:43   [GPU] 3,600,018 evals (92475 batches, avg 39/batch = 8% of 512, 3678 evals/s, 267 msg/s, 13.8 leaves/msg, 979s)
2026-08-25 10:09:57   [GPU] 3,650,041 evals (93724 batches, avg 39/batch = 8% of 512, 3678 evals/s, 267 msg/s, 13.8 leaves/msg, 992s)
2026-08-25 10:10:09   [GPU] 3,700,025 evals (94872 batches, avg 39/batch = 8% of 512, 3684 evals/s, 267 msg/s, 13.8 leaves/msg, 1004s)
2026-08-25 10:10:12 [iter 19/40] self-play: 125/160 games...
2026-08-25 10:10:21   [GPU] 3,750,011 evals (96056 batches, avg 39/batch = 8% of 512, 3687 evals/s, 267 msg/s, 13.8 leaves/msg, 1017s)
2026-08-25 10:10:33   [GPU] 3,800,012 evals (97209 batches, avg 39/batch = 8% of 512, 3694 evals/s, 268 msg/s, 13.8 leaves/msg, 1029s)
2026-08-25 10:10:44   [GPU] 3,850,052 evals (98388 batches, avg 39/batch = 8% of 512, 3701 evals/s, 268 msg/s, 13.8 leaves/msg, 1040s)
2026-08-25 10:10:54 [iter 19/40] self-play: 130/160 games...
2026-08-25 10:10:56   [GPU] 3,900,012 evals (99603 batches, avg 39/batch = 8% of 512, 3709 evals/s, 269 msg/s, 13.8 leaves/msg, 1052s)
2026-08-25 10:11:09   [GPU] 3,950,031 evals (100946 batches, avg 39/batch = 8% of 512, 3710 evals/s, 270 msg/s, 13.8 leaves/msg, 1065s)
2026-08-25 10:11:13 [iter 19/40] self-play: 135/160 games...
2026-08-25 10:11:24   [GPU] 4,000,050 evals (102432 batches, avg 39/batch = 8% of 512, 3704 evals/s, 269 msg/s, 13.7 leaves/msg, 1080s)
2026-08-25 10:11:30 [iter 19/40] self-play: 140/160 games...
2026-08-25 10:11:40   [GPU] 4,050,015 evals (103907 batches, avg 39/batch = 8% of 512, 3697 evals/s, 269 msg/s, 13.7 leaves/msg, 1096s)
2026-08-25 10:11:50 [iter 19/40] self-play: 145/160 games...
2026-08-25 10:11:55   [GPU] 4,100,021 evals (105289 batches, avg 39/batch = 8% of 512, 3693 evals/s, 269 msg/s, 13.7 leaves/msg, 1110s)
2026-08-25 10:12:12   [GPU] 4,150,007 evals (106849 batches, avg 39/batch = 8% of 512, 3681 evals/s, 268 msg/s, 13.7 leaves/msg, 1127s)
2026-08-25 10:12:19 [iter 19/40] self-play: 150/160 games...
2026-08-25 10:12:29   [GPU] 4,200,056 evals (108367 batches, avg 39/batch = 8% of 512, 3668 evals/s, 267 msg/s, 13.7 leaves/msg, 1145s)
2026-08-25 10:12:44   [GPU] 4,250,018 evals (109705 batches, avg 39/batch = 8% of 512, 3666 evals/s, 267 msg/s, 13.8 leaves/msg, 1159s)
2026-08-25 10:12:57   [GPU] 4,300,012 evals (111025 batches, avg 39/batch = 8% of 512, 3665 evals/s, 266 msg/s, 13.8 leaves/msg, 1173s)
2026-08-25 10:13:14   [GPU] 4,350,010 evals (112573 batches, avg 39/batch = 8% of 512, 3657 evals/s, 266 msg/s, 13.8 leaves/msg, 1189s)
2026-08-25 10:13:29   [GPU] 4,400,007 evals (114046 batches, avg 39/batch = 8% of 512, 3653 evals/s, 265 msg/s, 13.8 leaves/msg, 1205s)
2026-08-25 10:13:43   [GPU] 4,450,002 evals (115480 batches, avg 39/batch = 8% of 512, 3650 evals/s, 265 msg/s, 13.8 leaves/msg, 1219s)
2026-08-25 10:13:57   [GPU] 4,500,005 evals (116839 batches, avg 39/batch = 8% of 512, 3650 evals/s, 265 msg/s, 13.8 leaves/msg, 1233s)
2026-08-25 10:14:10   [GPU] 4,550,010 evals (118187 batches, avg 38/batch = 8% of 512, 3651 evals/s, 265 msg/s, 13.8 leaves/msg, 1246s)
2026-08-25 10:14:23   [GPU] 4,600,009 evals (119513 batches, avg 38/batch = 8% of 512, 3654 evals/s, 265 msg/s, 13.8 leaves/msg, 1259s)
2026-08-25 10:14:36   [GPU] 4,650,034 evals (120835 batches, avg 38/batch = 8% of 512, 3657 evals/s, 265 msg/s, 13.8 leaves/msg, 1272s)
2026-08-25 10:14:49   [GPU] 4,700,041 evals (122196 batches, avg 38/batch = 8% of 512, 3659 evals/s, 266 msg/s, 13.8 leaves/msg, 1284s)
2026-08-25 10:14:49 [iter 19/40] self-play: 155/160 games...
2026-08-25 10:15:04   [GPU] 4,750,026 evals (123730 batches, avg 38/batch = 7% of 512, 3656 evals/s, 265 msg/s, 13.8 leaves/msg, 1299s)
2026-08-25 10:15:18   [GPU] 4,800,020 evals (125248 batches, avg 38/batch = 7% of 512, 3654 evals/s, 265 msg/s, 13.8 leaves/msg, 1314s)
2026-08-25 10:15:33   [GPU] 4,850,000 evals (126760 batches, avg 38/batch = 7% of 512, 3650 evals/s, 265 msg/s, 13.8 leaves/msg, 1329s)
2026-08-25 10:15:47   [GPU] 4,900,007 evals (128265 batches, avg 38/batch = 7% of 512, 3649 evals/s, 265 msg/s, 13.8 leaves/msg, 1343s)
2026-08-25 10:16:04   [GPU] 4,950,044 evals (129998 batches, avg 38/batch = 7% of 512, 3640 evals/s, 265 msg/s, 13.7 leaves/msg, 1360s)
2026-08-25 10:16:33   [GPU] 5,000,020 evals (132196 batches, avg 38/batch = 7% of 512, 3600 evals/s, 262 msg/s, 13.7 leaves/msg, 1389s)
2026-08-25 10:16:44 [iter 19/40] self-play: 160/160 games...
2026-08-25 10:16:45 [iter 19/40] self-play done: 160 games (1400s) | wins: P0=39, P1=38, P2=22, P3=49, draw=12 | draw_rate=8% avg_len~32
2026-08-25 10:16:45 [iter 19/40] search: expanded=8.1 actions/node visits/action=74.0 walls/game=5.47 first_wall_ply=2.351 learner_sims/s=3853.53
2026-08-25 10:16:45 [iter 19/40] training (600 steps, lr=6.20e-04)...
2026-08-25 10:16:53 [iter 19/40] training done: loss_p=1.286 loss_v=0.146 (8s)
2026-08-25 10:16:54 [iter 19/40] data: policy_wall_mass=0.125 walled_states=70% walls_on_board=20.7 value_mae walled=0.215 free=0.330
2026-08-25 10:16:55 [iter 19/40] eval skipped (eval_every=4)
2026-08-25 10:16:55 >>> iter 19 | loss_p=1.286 loss_v=0.146 | vs_best=n/a (not evaluated) | vs_rand=n/a | draw=8% | buf=100000 | rss=3.28GB | sp=1400s train=8s eval_best=0s eval_rand=0s | total=1411s
2026-08-25 10:16:55 [iter 20/40] self-play starting (160 games, 600 sims, MIXED 80/160 race-only)...
2026-08-25 10:16:55 [PARALLEL-MP] 8 workers spawned (160 games, sims=600), GPU batcher starting...
2026-08-25 10:17:13   [GPU] 50,024 evals (1488 batches, avg 34/batch = 7% of 512, 2839 evals/s, 208 msg/s, 13.6 leaves/msg, 18s)
2026-08-25 10:17:15 [iter 20/40] self-play: 5/160 games...
2026-08-25 10:17:29   [GPU] 100,013 evals (2999 batches, avg 33/batch = 7% of 512, 3001 evals/s, 222 msg/s, 13.5 leaves/msg, 33s)
2026-08-25 10:17:31 [iter 20/40] self-play: 10/160 games...
2026-08-25 10:17:48   [GPU] 150,035 evals (4698 batches, avg 32/batch = 6% of 512, 2867 evals/s, 212 msg/s, 13.5 leaves/msg, 52s)
2026-08-25 10:17:51 [iter 20/40] self-play: 15/160 games...
2026-08-25 10:18:06   [GPU] 200,029 evals (6346 batches, avg 32/batch = 6% of 512, 2819 evals/s, 206 msg/s, 13.7 leaves/msg, 71s)
2026-08-25 10:18:24   [GPU] 250,044 evals (7900 batches, avg 32/batch = 6% of 512, 2810 evals/s, 203 msg/s, 13.8 leaves/msg, 89s)
2026-08-25 10:18:38   [GPU] 300,008 evals (9186 batches, avg 33/batch = 6% of 512, 2933 evals/s, 210 msg/s, 14.0 leaves/msg, 102s)
2026-08-25 10:18:50   [GPU] 350,028 evals (10416 batches, avg 34/batch = 7% of 512, 3057 evals/s, 219 msg/s, 14.0 leaves/msg, 114s)
2026-08-25 10:18:52 [iter 20/40] self-play: 20/160 games...
2026-08-25 10:19:03   [GPU] 400,027 evals (11738 batches, avg 34/batch = 7% of 512, 3132 evals/s, 226 msg/s, 13.8 leaves/msg, 128s)
2026-08-25 10:19:18   [GPU] 450,021 evals (13185 batches, avg 34/batch = 7% of 512, 3159 evals/s, 227 msg/s, 13.9 leaves/msg, 142s)
2026-08-25 10:19:30   [GPU] 500,050 evals (14445 batches, avg 35/batch = 7% of 512, 3226 evals/s, 231 msg/s, 13.9 leaves/msg, 155s)
2026-08-25 10:19:40 [iter 20/40] self-play: 25/160 games...
2026-08-25 10:19:43   [GPU] 550,039 evals (15681 batches, avg 35/batch = 7% of 512, 3286 evals/s, 236 msg/s, 13.9 leaves/msg, 167s)
2026-08-25 10:19:56   [GPU] 600,012 evals (16982 batches, avg 35/batch = 7% of 512, 3318 evals/s, 237 msg/s, 14.0 leaves/msg, 181s)
2026-08-25 10:20:10   [GPU] 650,017 evals (18338 batches, avg 35/batch = 7% of 512, 3339 evals/s, 239 msg/s, 14.0 leaves/msg, 195s)
2026-08-25 10:20:22   [GPU] 700,033 evals (19576 batches, avg 36/batch = 7% of 512, 3383 evals/s, 242 msg/s, 14.0 leaves/msg, 207s)
2026-08-25 10:20:33   [GPU] 750,034 evals (20733 batches, avg 36/batch = 7% of 512, 3441 evals/s, 247 msg/s, 14.0 leaves/msg, 218s)
2026-08-25 10:20:33 [iter 20/40] self-play: 30/160 games...
2026-08-25 10:20:46   [GPU] 800,009 evals (22072 batches, avg 36/batch = 7% of 512, 3461 evals/s, 248 msg/s, 13.9 leaves/msg, 231s)
2026-08-25 10:20:55 [iter 20/40] self-play: 35/160 games...
2026-08-25 10:21:00   [GPU] 850,014 evals (23407 batches, avg 36/batch = 7% of 512, 3471 evals/s, 250 msg/s, 13.9 leaves/msg, 245s)
2026-08-25 10:21:14   [GPU] 900,000 evals (24724 batches, avg 36/batch = 7% of 512, 3481 evals/s, 251 msg/s, 13.9 leaves/msg, 259s)
2026-08-25 10:21:28   [GPU] 950,016 evals (26050 batches, avg 36/batch = 7% of 512, 3482 evals/s, 251 msg/s, 13.9 leaves/msg, 273s)
2026-08-25 10:21:41   [GPU] 1,000,013 evals (27285 batches, avg 37/batch = 7% of 512, 3505 evals/s, 252 msg/s, 13.9 leaves/msg, 285s)
2026-08-25 10:21:41 [iter 20/40] self-play: 40/160 games...
2026-08-25 10:21:53   [GPU] 1,050,011 evals (28532 batches, avg 37/batch = 7% of 512, 3526 evals/s, 254 msg/s, 13.9 leaves/msg, 298s)
2026-08-25 10:22:07   [GPU] 1,100,014 evals (29859 batches, avg 37/batch = 7% of 512, 3531 evals/s, 254 msg/s, 13.9 leaves/msg, 312s)
2026-08-25 10:22:19   [GPU] 1,150,024 evals (31089 batches, avg 37/batch = 7% of 512, 3550 evals/s, 255 msg/s, 13.9 leaves/msg, 324s)
2026-08-25 10:22:31   [GPU] 1,200,000 evals (32238 batches, avg 37/batch = 7% of 512, 3578 evals/s, 256 msg/s, 14.0 leaves/msg, 335s)
2026-08-25 10:22:40 [iter 20/40] self-play: 45/160 games...
2026-08-25 10:22:42   [GPU] 1,250,047 evals (33353 batches, avg 37/batch = 7% of 512, 3610 evals/s, 259 msg/s, 13.9 leaves/msg, 346s)
2026-08-25 10:22:53   [GPU] 1,300,001 evals (34478 batches, avg 38/batch = 7% of 512, 3635 evals/s, 260 msg/s, 14.0 leaves/msg, 358s)
2026-08-25 10:23:04   [GPU] 1,350,031 evals (35597 batches, avg 38/batch = 7% of 512, 3660 evals/s, 262 msg/s, 14.0 leaves/msg, 369s)
2026-08-25 10:23:15   [GPU] 1,400,017 evals (36675 batches, avg 38/batch = 7% of 512, 3688 evals/s, 264 msg/s, 14.0 leaves/msg, 380s)
2026-08-25 10:23:26   [GPU] 1,450,063 evals (37733 batches, avg 38/batch = 8% of 512, 3715 evals/s, 266 msg/s, 14.0 leaves/msg, 390s)
2026-08-25 10:23:36   [GPU] 1,500,020 evals (38787 batches, avg 39/batch = 8% of 512, 3741 evals/s, 267 msg/s, 14.0 leaves/msg, 401s)
2026-08-25 10:23:47   [GPU] 1,550,048 evals (39868 batches, avg 39/batch = 8% of 512, 3764 evals/s, 269 msg/s, 14.0 leaves/msg, 412s)
2026-08-25 10:23:59   [GPU] 1,600,036 evals (40991 batches, avg 39/batch = 8% of 512, 3776 evals/s, 270 msg/s, 14.0 leaves/msg, 424s)
2026-08-25 10:24:09   [GPU] 1,650,017 evals (42008 batches, avg 39/batch = 8% of 512, 3805 evals/s, 272 msg/s, 14.0 leaves/msg, 434s)
2026-08-25 10:24:17 [iter 20/40] self-play: 50/160 games...
2026-08-25 10:24:20   [GPU] 1,700,021 evals (43117 batches, avg 39/batch = 8% of 512, 3821 evals/s, 274 msg/s, 14.0 leaves/msg, 445s)
2026-08-25 10:24:32   [GPU] 1,750,025 evals (44235 batches, avg 40/batch = 8% of 512, 3834 evals/s, 275 msg/s, 14.0 leaves/msg, 456s)
2026-08-25 10:24:41   [GPU] 1,800,048 evals (45236 batches, avg 40/batch = 8% of 512, 3863 evals/s, 277 msg/s, 14.0 leaves/msg, 466s)
2026-08-25 10:24:51 [iter 20/40] self-play: 55/160 games...
2026-08-25 10:24:52   [GPU] 1,850,027 evals (46355 batches, avg 40/batch = 8% of 512, 3880 evals/s, 279 msg/s, 13.9 leaves/msg, 477s)
2026-08-25 10:25:04   [GPU] 1,900,060 evals (47534 batches, avg 40/batch = 8% of 512, 3888 evals/s, 280 msg/s, 13.9 leaves/msg, 489s)
2026-08-25 10:25:16   [GPU] 1,950,014 evals (48734 batches, avg 40/batch = 8% of 512, 3894 evals/s, 280 msg/s, 13.9 leaves/msg, 501s)
2026-08-25 10:25:25 [iter 20/40] self-play: 60/160 games...
2026-08-25 10:25:29   [GPU] 2,000,041 evals (50012 batches, avg 40/batch = 8% of 512, 3895 evals/s, 281 msg/s, 13.9 leaves/msg, 513s)
2026-08-25 10:25:43   [GPU] 2,050,040 evals (51426 batches, avg 40/batch = 8% of 512, 3883 evals/s, 281 msg/s, 13.8 leaves/msg, 528s)
2026-08-25 10:25:49 [iter 20/40] self-play: 65/160 games...
2026-08-25 10:25:57   [GPU] 2,100,030 evals (52742 batches, avg 40/batch = 8% of 512, 3880 evals/s, 280 msg/s, 13.8 leaves/msg, 541s)
2026-08-25 10:26:11   [GPU] 2,150,002 evals (54109 batches, avg 40/batch = 8% of 512, 3866 evals/s, 279 msg/s, 13.9 leaves/msg, 556s)
2026-08-25 10:26:24   [GPU] 2,200,013 evals (55324 batches, avg 40/batch = 8% of 512, 3868 evals/s, 279 msg/s, 13.9 leaves/msg, 569s)
2026-08-25 10:26:37   [GPU] 2,250,049 evals (56591 batches, avg 40/batch = 8% of 512, 3866 evals/s, 279 msg/s, 13.9 leaves/msg, 582s)
2026-08-25 10:26:49 [iter 20/40] self-play: 70/160 games...
2026-08-25 10:26:51   [GPU] 2,300,028 evals (57909 batches, avg 40/batch = 8% of 512, 3858 evals/s, 279 msg/s, 13.8 leaves/msg, 596s)
2026-08-25 10:27:05   [GPU] 2,350,051 evals (59162 batches, avg 40/batch = 8% of 512, 3856 evals/s, 278 msg/s, 13.9 leaves/msg, 609s)
2026-08-25 10:27:17   [GPU] 2,400,017 evals (60324 batches, avg 40/batch = 8% of 512, 3863 evals/s, 278 msg/s, 13.9 leaves/msg, 621s)
2026-08-25 10:27:29   [GPU] 2,450,011 evals (61532 batches, avg 40/batch = 8% of 512, 3866 evals/s, 279 msg/s, 13.9 leaves/msg, 634s)
2026-08-25 10:27:42   [GPU] 2,500,058 evals (62736 batches, avg 40/batch = 8% of 512, 3868 evals/s, 279 msg/s, 13.9 leaves/msg, 646s)
2026-08-25 10:27:52 [iter 20/40] self-play: 75/160 games...
2026-08-25 10:27:54   [GPU] 2,550,015 evals (63991 batches, avg 40/batch = 8% of 512, 3868 evals/s, 279 msg/s, 13.9 leaves/msg, 659s)
2026-08-25 10:28:08   [GPU] 2,600,041 evals (65277 batches, avg 40/batch = 8% of 512, 3866 evals/s, 279 msg/s, 13.9 leaves/msg, 673s)
2026-08-25 10:28:17 [iter 20/40] self-play: 80/160 games...
2026-08-25 10:28:21   [GPU] 2,650,018 evals (66562 batches, avg 40/batch = 8% of 512, 3865 evals/s, 279 msg/s, 13.9 leaves/msg, 686s)
2026-08-25 10:28:35   [GPU] 2,700,020 evals (67931 batches, avg 40/batch = 8% of 512, 3857 evals/s, 278 msg/s, 13.9 leaves/msg, 700s)
2026-08-25 10:28:49   [GPU] 2,750,015 evals (69253 batches, avg 40/batch = 8% of 512, 3853 evals/s, 278 msg/s, 13.9 leaves/msg, 714s)
2026-08-25 10:28:50 [iter 20/40] self-play: 85/160 games...
2026-08-25 10:29:05   [GPU] 2,800,014 evals (70745 batches, avg 40/batch = 8% of 512, 3839 evals/s, 277 msg/s, 13.9 leaves/msg, 729s)
2026-08-25 10:29:06 [iter 20/40] self-play: 90/160 games...
2026-08-25 10:29:22   [GPU] 2,850,018 evals (72285 batches, avg 39/batch = 8% of 512, 3819 evals/s, 275 msg/s, 13.9 leaves/msg, 746s)
2026-08-25 10:29:41   [GPU] 2,900,017 evals (73915 batches, avg 39/batch = 8% of 512, 3786 evals/s, 273 msg/s, 13.9 leaves/msg, 766s)
2026-08-25 10:29:44 [iter 20/40] self-play: 95/160 games...
2026-08-25 10:29:56   [GPU] 2,950,016 evals (75292 batches, avg 39/batch = 8% of 512, 3778 evals/s, 272 msg/s, 13.9 leaves/msg, 781s)
2026-08-25 10:30:11   [GPU] 3,000,009 evals (76670 batches, avg 39/batch = 8% of 512, 3768 evals/s, 272 msg/s, 13.9 leaves/msg, 796s)
2026-08-25 10:30:25   [GPU] 3,050,056 evals (77916 batches, avg 39/batch = 8% of 512, 3768 evals/s, 271 msg/s, 13.9 leaves/msg, 809s)
2026-08-25 10:30:37   [GPU] 3,100,040 evals (79120 batches, avg 39/batch = 8% of 512, 3771 evals/s, 271 msg/s, 13.9 leaves/msg, 822s)
2026-08-25 10:30:50   [GPU] 3,150,029 evals (80298 batches, avg 39/batch = 8% of 512, 3775 evals/s, 271 msg/s, 13.9 leaves/msg, 835s)
2026-08-25 10:31:02   [GPU] 3,200,024 evals (81494 batches, avg 39/batch = 8% of 512, 3778 evals/s, 272 msg/s, 13.9 leaves/msg, 847s)
2026-08-25 10:31:10 [iter 20/40] self-play: 100/160 games...
2026-08-25 10:31:14   [GPU] 3,250,023 evals (82678 batches, avg 39/batch = 8% of 512, 3784 evals/s, 272 msg/s, 13.9 leaves/msg, 859s)
2026-08-25 10:31:27   [GPU] 3,300,003 evals (83948 batches, avg 39/batch = 8% of 512, 3785 evals/s, 272 msg/s, 13.9 leaves/msg, 872s)
2026-08-25 10:31:37 [iter 20/40] self-play: 105/160 games...
2026-08-25 10:31:39   [GPU] 3,350,044 evals (85150 batches, avg 39/batch = 8% of 512, 3791 evals/s, 273 msg/s, 13.9 leaves/msg, 884s)
2026-08-25 10:31:52   [GPU] 3,400,031 evals (86415 batches, avg 39/batch = 8% of 512, 3792 evals/s, 273 msg/s, 13.9 leaves/msg, 897s)
2026-08-25 10:32:00 [iter 20/40] self-play: 110/160 games...
2026-08-25 10:32:05   [GPU] 3,450,014 evals (87730 batches, avg 39/batch = 8% of 512, 3793 evals/s, 273 msg/s, 13.9 leaves/msg, 909s)
2026-08-25 10:32:18   [GPU] 3,500,005 evals (89055 batches, avg 39/batch = 8% of 512, 3793 evals/s, 274 msg/s, 13.9 leaves/msg, 923s)
2026-08-25 10:32:30   [GPU] 3,550,028 evals (90322 batches, avg 39/batch = 8% of 512, 3796 evals/s, 274 msg/s, 13.9 leaves/msg, 935s)
2026-08-25 10:32:41 [iter 20/40] self-play: 115/160 games...
2026-08-25 10:32:44   [GPU] 3,600,011 evals (91622 batches, avg 39/batch = 8% of 512, 3795 evals/s, 274 msg/s, 13.9 leaves/msg, 948s)
2026-08-25 10:32:56   [GPU] 3,650,010 evals (92878 batches, avg 39/batch = 8% of 512, 3798 evals/s, 274 msg/s, 13.9 leaves/msg, 961s)
2026-08-25 10:33:10   [GPU] 3,700,035 evals (94254 batches, avg 39/batch = 8% of 512, 3794 evals/s, 274 msg/s, 13.8 leaves/msg, 975s)
2026-08-25 10:33:23   [GPU] 3,750,011 evals (95475 batches, avg 39/batch = 8% of 512, 3798 evals/s, 274 msg/s, 13.9 leaves/msg, 987s)
2026-08-25 10:33:32 [iter 20/40] self-play: 120/160 games...
2026-08-25 10:33:34   [GPU] 3,800,018 evals (96636 batches, avg 39/batch = 8% of 512, 3805 evals/s, 275 msg/s, 13.8 leaves/msg, 999s)
2026-08-25 10:33:46   [GPU] 3,850,065 evals (97870 batches, avg 39/batch = 8% of 512, 3808 evals/s, 275 msg/s, 13.8 leaves/msg, 1011s)
2026-08-25 10:33:59   [GPU] 3,900,008 evals (99134 batches, avg 39/batch = 8% of 512, 3809 evals/s, 275 msg/s, 13.8 leaves/msg, 1024s)
2026-08-25 10:34:13   [GPU] 3,950,002 evals (100472 batches, avg 39/batch = 8% of 512, 3805 evals/s, 275 msg/s, 13.8 leaves/msg, 1038s)
2026-08-25 10:34:26   [GPU] 4,000,002 evals (101705 batches, avg 39/batch = 8% of 512, 3806 evals/s, 275 msg/s, 13.8 leaves/msg, 1051s)
2026-08-25 10:34:38 [iter 20/40] self-play: 125/160 games...
2026-08-25 10:34:38   [GPU] 4,050,003 evals (102942 batches, avg 39/batch = 8% of 512, 3810 evals/s, 276 msg/s, 13.8 leaves/msg, 1063s)
2026-08-25 10:34:52   [GPU] 4,100,040 evals (104294 batches, avg 39/batch = 8% of 512, 3806 evals/s, 275 msg/s, 13.8 leaves/msg, 1077s)
2026-08-25 10:35:04   [GPU] 4,150,056 evals (105489 batches, avg 39/batch = 8% of 512, 3812 evals/s, 276 msg/s, 13.8 leaves/msg, 1089s)
2026-08-25 10:35:16   [GPU] 4,200,004 evals (106696 batches, avg 39/batch = 8% of 512, 3816 evals/s, 276 msg/s, 13.8 leaves/msg, 1101s)
2026-08-25 10:35:29   [GPU] 4,250,016 evals (107992 batches, avg 39/batch = 8% of 512, 3816 evals/s, 276 msg/s, 13.8 leaves/msg, 1114s)
2026-08-25 10:35:41   [GPU] 4,300,035 evals (109153 batches, avg 39/batch = 8% of 512, 3820 evals/s, 276 msg/s, 13.8 leaves/msg, 1126s)
2026-08-25 10:35:53   [GPU] 4,350,000 evals (110334 batches, avg 39/batch = 8% of 512, 3825 evals/s, 276 msg/s, 13.8 leaves/msg, 1137s)
2026-08-25 10:36:04   [GPU] 4,400,076 evals (111453 batches, avg 39/batch = 8% of 512, 3831 evals/s, 277 msg/s, 13.8 leaves/msg, 1148s)
2026-08-25 10:36:15   [GPU] 4,450,013 evals (112610 batches, avg 40/batch = 8% of 512, 3836 evals/s, 277 msg/s, 13.8 leaves/msg, 1160s)
2026-08-25 10:36:17 [iter 20/40] self-play: 130/160 games...
2026-08-25 10:36:28   [GPU] 4,500,026 evals (113862 batches, avg 40/batch = 8% of 512, 3839 evals/s, 278 msg/s, 13.8 leaves/msg, 1172s)
2026-08-25 10:36:39   [GPU] 4,550,046 evals (115062 batches, avg 40/batch = 8% of 512, 3843 evals/s, 278 msg/s, 13.8 leaves/msg, 1184s)
2026-08-25 10:36:40 [iter 20/40] self-play: 135/160 games...
2026-08-25 10:36:52   [GPU] 4,600,010 evals (116327 batches, avg 40/batch = 8% of 512, 3843 evals/s, 278 msg/s, 13.8 leaves/msg, 1197s)
2026-08-25 10:37:05   [GPU] 4,650,003 evals (117568 batches, avg 40/batch = 8% of 512, 3844 evals/s, 278 msg/s, 13.8 leaves/msg, 1210s)
2026-08-25 10:37:18   [GPU] 4,700,005 evals (118835 batches, avg 40/batch = 8% of 512, 3845 evals/s, 278 msg/s, 13.8 leaves/msg, 1222s)
2026-08-25 10:37:30 [iter 20/40] self-play: 140/160 games...
2026-08-25 10:37:30   [GPU] 4,750,015 evals (120068 batches, avg 40/batch = 8% of 512, 3848 evals/s, 278 msg/s, 13.8 leaves/msg, 1235s)
2026-08-25 10:37:44   [GPU] 4,800,012 evals (121423 batches, avg 40/batch = 8% of 512, 3844 evals/s, 278 msg/s, 13.8 leaves/msg, 1249s)
2026-08-25 10:37:56   [GPU] 4,850,004 evals (122661 batches, avg 40/batch = 8% of 512, 3846 evals/s, 278 msg/s, 13.8 leaves/msg, 1261s)
2026-08-25 10:38:08   [GPU] 4,900,013 evals (123886 batches, avg 40/batch = 8% of 512, 3849 evals/s, 278 msg/s, 13.8 leaves/msg, 1273s)
2026-08-25 10:38:10 [iter 20/40] self-play: 145/160 games...
2026-08-25 10:38:22   [GPU] 4,950,013 evals (125201 batches, avg 40/batch = 8% of 512, 3848 evals/s, 278 msg/s, 13.8 leaves/msg, 1286s)
2026-08-25 10:38:35   [GPU] 5,000,003 evals (126516 batches, avg 40/batch = 8% of 512, 3847 evals/s, 278 msg/s, 13.8 leaves/msg, 1300s)
2026-08-25 10:38:48   [GPU] 5,050,055 evals (127874 batches, avg 39/batch = 8% of 512, 3846 evals/s, 279 msg/s, 13.8 leaves/msg, 1313s)
2026-08-25 10:38:59   [GPU] 5,100,012 evals (129024 batches, avg 40/batch = 8% of 512, 3852 evals/s, 279 msg/s, 13.8 leaves/msg, 1324s)
2026-08-25 10:39:05 [iter 20/40] self-play: 150/160 games...
2026-08-25 10:39:11   [GPU] 5,150,056 evals (130219 batches, avg 40/batch = 8% of 512, 3856 evals/s, 279 msg/s, 13.8 leaves/msg, 1336s)
2026-08-25 10:39:23   [GPU] 5,200,031 evals (131448 batches, avg 40/batch = 8% of 512, 3859 evals/s, 279 msg/s, 13.8 leaves/msg, 1348s)
2026-08-25 10:39:33   [GPU] 5,250,022 evals (132534 batches, avg 40/batch = 8% of 512, 3866 evals/s, 280 msg/s, 13.8 leaves/msg, 1358s)
2026-08-25 10:39:44   [GPU] 5,300,022 evals (133631 batches, avg 40/batch = 8% of 512, 3873 evals/s, 280 msg/s, 13.8 leaves/msg, 1368s)
2026-08-25 10:39:55   [GPU] 5,350,003 evals (134845 batches, avg 40/batch = 8% of 512, 3877 evals/s, 281 msg/s, 13.8 leaves/msg, 1380s)
2026-08-25 10:40:07   [GPU] 5,400,029 evals (136107 batches, avg 40/batch = 8% of 512, 3880 evals/s, 281 msg/s, 13.8 leaves/msg, 1392s)
2026-08-25 10:40:19   [GPU] 5,450,022 evals (137343 batches, avg 40/batch = 8% of 512, 3883 evals/s, 281 msg/s, 13.8 leaves/msg, 1403s)
2026-08-25 10:40:32   [GPU] 5,500,030 evals (138651 batches, avg 40/batch = 8% of 512, 3883 evals/s, 281 msg/s, 13.8 leaves/msg, 1416s)
2026-08-25 10:40:45   [GPU] 5,550,044 evals (140033 batches, avg 40/batch = 8% of 512, 3883 evals/s, 281 msg/s, 13.8 leaves/msg, 1429s)
2026-08-25 10:40:57   [GPU] 5,600,012 evals (141369 batches, avg 40/batch = 8% of 512, 3883 evals/s, 281 msg/s, 13.8 leaves/msg, 1442s)
2026-08-25 10:41:10   [GPU] 5,650,027 evals (142680 batches, avg 40/batch = 8% of 512, 3884 evals/s, 281 msg/s, 13.8 leaves/msg, 1455s)
2026-08-25 10:41:23   [GPU] 5,700,039 evals (144011 batches, avg 40/batch = 8% of 512, 3885 evals/s, 281 msg/s, 13.8 leaves/msg, 1467s)
2026-08-25 10:41:28 [iter 20/40] self-play: 155/160 games...
2026-08-25 10:41:37   [GPU] 5,750,024 evals (145477 batches, avg 40/batch = 8% of 512, 3880 evals/s, 280 msg/s, 13.8 leaves/msg, 1482s)
2026-08-25 10:41:55   [GPU] 5,800,014 evals (147093 batches, avg 39/batch = 8% of 512, 3868 evals/s, 280 msg/s, 13.8 leaves/msg, 1499s)
2026-08-25 10:42:16   [GPU] 5,850,000 evals (148918 batches, avg 39/batch = 8% of 512, 3847 evals/s, 278 msg/s, 13.8 leaves/msg, 1521s)
2026-08-25 10:42:37   [GPU] 5,900,030 evals (150750 batches, avg 39/batch = 8% of 512, 3827 evals/s, 277 msg/s, 13.8 leaves/msg, 1542s)
2026-08-25 10:43:01   [GPU] 5,950,015 evals (152746 batches, avg 39/batch = 8% of 512, 3800 evals/s, 275 msg/s, 13.8 leaves/msg, 1566s)
2026-08-25 10:43:46   [GPU] 6,000,000 evals (155578 batches, avg 39/batch = 8% of 512, 3724 evals/s, 269 msg/s, 13.8 leaves/msg, 1611s)
2026-08-25 10:44:41 [iter 20/40] self-play: 160/160 games...
2026-08-25 10:44:41 [iter 20/40] self-play done: 160 games (1666s) | wins: P0=27, P1=43, P2=17, P3=56, draw=17 | draw_rate=11% avg_len~33
2026-08-25 10:44:41 [iter 20/40] search: expanded=7.5 actions/node visits/action=80.1 walls/game=5.47 first_wall_ply=2.949 learner_sims/s=3861.06
2026-08-25 10:44:41 [iter 20/40] training (600 steps, lr=5.85e-04)...
2026-08-25 10:44:49 [iter 20/40] training done: loss_p=1.264 loss_v=0.143 (8s)
2026-08-25 10:44:50 [iter 20/40] data: policy_wall_mass=0.108 walled_states=71% walls_on_board=21.9 value_mae walled=0.186 free=0.302
2026-08-25 10:44:52 [iter 20/40] eval vs best (40 games, 600 sims)...
2026-08-25 10:44:52 [EVAL-MP] 8 workers spawned (40 vs_best games, sims=600), GPU batcher starting...
2026-08-25 10:45:22   [GPU] 50,022 evals (1800 batches, avg 28/batch = 5% of 512, 1668 evals/s, 109 msg/s, 15.4 leaves/msg, 30s)
2026-08-25 10:45:47   [GPU] 100,000 evals (3553 batches, avg 28/batch = 5% of 512, 1802 evals/s, 117 msg/s, 15.4 leaves/msg, 55s)
2026-08-25 10:46:10   [GPU] 150,019 evals (5241 batches, avg 29/batch = 6% of 512, 1906 evals/s, 124 msg/s, 15.4 leaves/msg, 79s)
2026-08-25 10:46:31   [GPU] 200,027 evals (6830 batches, avg 29/batch = 6% of 512, 2020 evals/s, 132 msg/s, 15.3 leaves/msg, 99s)
2026-08-25 10:46:50   [GPU] 250,045 evals (8438 batches, avg 30/batch = 6% of 512, 2105 evals/s, 138 msg/s, 15.2 leaves/msg, 119s)
2026-08-25 10:47:09   [GPU] 300,000 evals (9962 batches, avg 30/batch = 6% of 512, 2176 evals/s, 144 msg/s, 15.1 leaves/msg, 138s)
2026-08-25 10:47:29   [GPU] 350,005 evals (11490 batches, avg 30/batch = 6% of 512, 2229 evals/s, 148 msg/s, 15.1 leaves/msg, 157s)
2026-08-25 10:47:47   [GPU] 400,026 evals (12968 batches, avg 31/batch = 6% of 512, 2282 evals/s, 152 msg/s, 15.1 leaves/msg, 175s)
2026-08-25 10:48:04   [GPU] 450,017 evals (14387 batches, avg 31/batch = 6% of 512, 2335 evals/s, 155 msg/s, 15.0 leaves/msg, 193s)
2026-08-25 10:48:21   [GPU] 500,026 evals (15780 batches, avg 32/batch = 6% of 512, 2382 evals/s, 158 msg/s, 15.0 leaves/msg, 210s)
2026-08-25 10:48:24 [iter 20/40] eval vs best: 5/40 games (212s, cand 60%)
2026-08-25 10:48:39   [GPU] 550,015 evals (17252 batches, avg 32/batch = 6% of 512, 2417 evals/s, 161 msg/s, 15.0 leaves/msg, 228s)
2026-08-25 10:48:57   [GPU] 600,001 evals (18708 batches, avg 32/batch = 6% of 512, 2446 evals/s, 164 msg/s, 14.9 leaves/msg, 245s)
2026-08-25 10:49:14   [GPU] 650,009 evals (20153 batches, avg 32/batch = 6% of 512, 2472 evals/s, 165 msg/s, 14.9 leaves/msg, 263s)
2026-08-25 10:49:32   [GPU] 700,025 evals (21584 batches, avg 32/batch = 6% of 512, 2495 evals/s, 167 msg/s, 14.9 leaves/msg, 281s)
2026-08-25 10:49:49   [GPU] 750,002 evals (22989 batches, avg 33/batch = 6% of 512, 2522 evals/s, 169 msg/s, 14.9 leaves/msg, 297s)
2026-08-25 10:50:05   [GPU] 800,023 evals (24346 batches, avg 33/batch = 6% of 512, 2551 evals/s, 171 msg/s, 14.9 leaves/msg, 314s)
2026-08-25 10:50:21   [GPU] 850,010 evals (25658 batches, avg 33/batch = 6% of 512, 2582 evals/s, 173 msg/s, 14.9 leaves/msg, 329s)
2026-08-25 10:50:36   [GPU] 900,031 evals (26919 batches, avg 33/batch = 7% of 512, 2614 evals/s, 175 msg/s, 14.9 leaves/msg, 344s)
2026-08-25 10:50:52   [GPU] 950,031 evals (28239 batches, avg 34/batch = 7% of 512, 2638 evals/s, 177 msg/s, 14.9 leaves/msg, 360s)
2026-08-25 10:51:08   [GPU] 1,000,042 evals (29594 batches, avg 34/batch = 7% of 512, 2656 evals/s, 178 msg/s, 14.9 leaves/msg, 377s)
2026-08-25 10:51:25   [GPU] 1,050,048 evals (31005 batches, avg 34/batch = 7% of 512, 2668 evals/s, 179 msg/s, 14.9 leaves/msg, 394s)
2026-08-25 10:51:42   [GPU] 1,100,051 evals (32377 batches, avg 34/batch = 7% of 512, 2680 evals/s, 180 msg/s, 14.9 leaves/msg, 410s)
2026-08-25 10:51:52 [iter 20/40] eval vs best: 10/40 games (421s, cand 70%)
2026-08-25 10:52:00   [GPU] 1,150,031 evals (33841 batches, avg 34/batch = 7% of 512, 2685 evals/s, 181 msg/s, 14.9 leaves/msg, 428s)
2026-08-25 10:52:18   [GPU] 1,200,021 evals (35262 batches, avg 34/batch = 7% of 512, 2690 evals/s, 181 msg/s, 14.9 leaves/msg, 446s)
2026-08-25 10:52:35   [GPU] 1,250,014 evals (36628 batches, avg 34/batch = 7% of 512, 2700 evals/s, 182 msg/s, 14.9 leaves/msg, 463s)
2026-08-25 10:52:51   [GPU] 1,300,055 evals (37996 batches, avg 34/batch = 7% of 512, 2710 evals/s, 182 msg/s, 14.9 leaves/msg, 480s)
2026-08-25 10:53:08   [GPU] 1,350,004 evals (39320 batches, avg 34/batch = 7% of 512, 2722 evals/s, 183 msg/s, 14.9 leaves/msg, 496s)
2026-08-25 10:53:24   [GPU] 1,400,048 evals (40639 batches, avg 34/batch = 7% of 512, 2732 evals/s, 184 msg/s, 14.9 leaves/msg, 513s)
2026-08-25 10:53:42   [GPU] 1,450,011 evals (42075 batches, avg 34/batch = 7% of 512, 2736 evals/s, 184 msg/s, 14.9 leaves/msg, 530s)
2026-08-25 10:53:59   [GPU] 1,500,007 evals (43508 batches, avg 34/batch = 7% of 512, 2740 evals/s, 184 msg/s, 14.9 leaves/msg, 548s)
2026-08-25 10:54:17   [GPU] 1,550,004 evals (44951 batches, avg 34/batch = 7% of 512, 2743 evals/s, 185 msg/s, 14.9 leaves/msg, 565s)
2026-08-25 10:54:35   [GPU] 1,600,015 evals (46428 batches, avg 34/batch = 7% of 512, 2742 evals/s, 185 msg/s, 14.8 leaves/msg, 584s)
2026-08-25 10:54:53   [GPU] 1,650,014 evals (47876 batches, avg 34/batch = 7% of 512, 2743 evals/s, 185 msg/s, 14.8 leaves/msg, 602s)
2026-08-25 10:55:07 [iter 20/40] eval vs best: 15/40 games (616s, cand 64%)
2026-08-25 10:55:11   [GPU] 1,700,002 evals (49361 batches, avg 34/batch = 7% of 512, 2745 evals/s, 185 msg/s, 14.8 leaves/msg, 619s)
2026-08-25 10:55:29   [GPU] 1,750,039 evals (50903 batches, avg 34/batch = 7% of 512, 2743 evals/s, 185 msg/s, 14.8 leaves/msg, 638s)
2026-08-25 10:55:48   [GPU] 1,800,022 evals (52399 batches, avg 34/batch = 7% of 512, 2741 evals/s, 185 msg/s, 14.8 leaves/msg, 657s)
2026-08-25 10:56:06   [GPU] 1,850,012 evals (53865 batches, avg 34/batch = 7% of 512, 2742 evals/s, 185 msg/s, 14.8 leaves/msg, 675s)
2026-08-25 10:56:23   [GPU] 1,900,006 evals (55252 batches, avg 34/batch = 7% of 512, 2747 evals/s, 185 msg/s, 14.8 leaves/msg, 692s)
2026-08-25 10:56:41   [GPU] 1,950,013 evals (56665 batches, avg 34/batch = 7% of 512, 2749 evals/s, 185 msg/s, 14.8 leaves/msg, 709s)
2026-08-25 10:57:00   [GPU] 2,000,034 evals (58192 batches, avg 34/batch = 7% of 512, 2745 evals/s, 185 msg/s, 14.8 leaves/msg, 728s)
2026-08-25 10:57:19   [GPU] 2,050,015 evals (59719 batches, avg 34/batch = 7% of 512, 2744 evals/s, 185 msg/s, 14.8 leaves/msg, 747s)
2026-08-25 10:57:37   [GPU] 2,100,035 evals (61185 batches, avg 34/batch = 7% of 512, 2745 evals/s, 185 msg/s, 14.8 leaves/msg, 765s)
2026-08-25 10:57:45 [iter 20/40] eval vs best: 20/40 games (774s, cand 53%)
2026-08-25 10:57:55   [GPU] 2,150,023 evals (62645 batches, avg 34/batch = 7% of 512, 2746 evals/s, 185 msg/s, 14.8 leaves/msg, 783s)
2026-08-25 10:58:13   [GPU] 2,200,043 evals (64103 batches, avg 34/batch = 7% of 512, 2746 evals/s, 185 msg/s, 14.8 leaves/msg, 801s)
2026-08-25 10:58:32   [GPU] 2,250,037 evals (65616 batches, avg 34/batch = 7% of 512, 2743 evals/s, 185 msg/s, 14.8 leaves/msg, 820s)
2026-08-25 10:58:52   [GPU] 2,300,037 evals (67182 batches, avg 34/batch = 7% of 512, 2737 evals/s, 185 msg/s, 14.8 leaves/msg, 840s)
2026-08-25 10:59:12   [GPU] 2,350,040 evals (68733 batches, avg 34/batch = 7% of 512, 2731 evals/s, 184 msg/s, 14.8 leaves/msg, 861s)
2026-08-25 10:59:31   [GPU] 2,400,008 evals (70248 batches, avg 34/batch = 7% of 512, 2728 evals/s, 184 msg/s, 14.8 leaves/msg, 880s)
2026-08-25 10:59:50   [GPU] 2,450,027 evals (71753 batches, avg 34/batch = 7% of 512, 2728 evals/s, 184 msg/s, 14.8 leaves/msg, 898s)
2026-08-25 11:00:07   [GPU] 2,500,030 evals (73215 batches, avg 34/batch = 7% of 512, 2730 evals/s, 184 msg/s, 14.8 leaves/msg, 916s)
2026-08-25 11:00:22 [iter 20/40] eval vs best: 25/40 games (930s, cand 50%)
2026-08-25 11:00:25   [GPU] 2,550,015 evals (74707 batches, avg 34/batch = 7% of 512, 2732 evals/s, 184 msg/s, 14.8 leaves/msg, 933s)
2026-08-25 11:00:47   [GPU] 2,600,017 evals (76420 batches, avg 34/batch = 7% of 512, 2722 evals/s, 184 msg/s, 14.8 leaves/msg, 955s)
2026-08-25 11:01:08   [GPU] 2,650,015 evals (78128 batches, avg 34/batch = 7% of 512, 2713 evals/s, 183 msg/s, 14.8 leaves/msg, 977s)
2026-08-25 11:01:30   [GPU] 2,700,027 evals (79789 batches, avg 34/batch = 7% of 512, 2705 evals/s, 182 msg/s, 14.8 leaves/msg, 998s)
2026-08-25 11:01:51   [GPU] 2,750,026 evals (81432 batches, avg 34/batch = 7% of 512, 2699 evals/s, 182 msg/s, 14.8 leaves/msg, 1019s)
2026-08-25 11:02:13   [GPU] 2,800,017 evals (83217 batches, avg 34/batch = 7% of 512, 2688 evals/s, 181 msg/s, 14.8 leaves/msg, 1042s)
2026-08-25 11:02:36   [GPU] 2,850,031 evals (85013 batches, avg 34/batch = 7% of 512, 2677 evals/s, 180 msg/s, 14.8 leaves/msg, 1065s)
2026-08-25 11:03:03   [GPU] 2,900,008 evals (86973 batches, avg 33/batch = 7% of 512, 2657 evals/s, 179 msg/s, 14.8 leaves/msg, 1091s)
2026-08-25 11:03:16 [iter 20/40] eval vs best: 30/40 games (1104s, cand 52%)
2026-08-25 11:03:34   [GPU] 2,950,012 evals (89127 batches, avg 33/batch = 6% of 512, 2628 evals/s, 177 msg/s, 14.8 leaves/msg, 1122s)
2026-08-25 11:04:05   [GPU] 3,000,019 evals (91211 batches, avg 33/batch = 6% of 512, 2600 evals/s, 175 msg/s, 14.8 leaves/msg, 1154s)
2026-08-25 11:04:35   [GPU] 3,050,033 evals (93250 batches, avg 33/batch = 6% of 512, 2577 evals/s, 174 msg/s, 14.8 leaves/msg, 1183s)
2026-08-25 11:05:05   [GPU] 3,100,026 evals (95301 batches, avg 33/batch = 6% of 512, 2555 evals/s, 172 msg/s, 14.8 leaves/msg, 1213s)
2026-08-25 11:05:33   [GPU] 3,150,004 evals (97343 batches, avg 32/batch = 6% of 512, 2536 evals/s, 171 msg/s, 14.9 leaves/msg, 1242s)
2026-08-25 11:06:02   [GPU] 3,200,007 evals (99366 batches, avg 32/batch = 6% of 512, 2520 evals/s, 170 msg/s, 14.9 leaves/msg, 1270s)
2026-08-25 11:06:36   [GPU] 3,250,001 evals (101582 batches, avg 32/batch = 6% of 512, 2491 evals/s, 168 msg/s, 14.9 leaves/msg, 1305s)
2026-08-25 11:07:11   [GPU] 3,300,013 evals (103814 batches, avg 32/batch = 6% of 512, 2464 evals/s, 166 msg/s, 14.9 leaves/msg, 1339s)
2026-08-25 11:07:45   [GPU] 3,350,014 evals (106006 batches, avg 32/batch = 6% of 512, 2439 evals/s, 164 msg/s, 14.9 leaves/msg, 1374s)
2026-08-25 11:08:20   [GPU] 3,400,012 evals (108192 batches, avg 31/batch = 6% of 512, 2414 evals/s, 162 msg/s, 14.9 leaves/msg, 1408s)
2026-08-25 11:08:54   [GPU] 3,450,026 evals (110356 batches, avg 31/batch = 6% of 512, 2391 evals/s, 161 msg/s, 14.9 leaves/msg, 1443s)
2026-08-25 11:09:32   [GPU] 3,500,003 evals (112671 batches, avg 31/batch = 6% of 512, 2364 evals/s, 159 msg/s, 14.9 leaves/msg, 1480s)
2026-08-25 11:10:16   [GPU] 3,550,012 evals (115086 batches, avg 31/batch = 6% of 512, 2329 evals/s, 156 msg/s, 14.9 leaves/msg, 1524s)
2026-08-25 11:10:59   [GPU] 3,600,009 evals (117519 batches, avg 31/batch = 6% of 512, 2297 evals/s, 154 msg/s, 14.9 leaves/msg, 1568s)
2026-08-25 11:11:43   [GPU] 3,650,013 evals (120002 batches, avg 30/batch = 6% of 512, 2265 evals/s, 152 msg/s, 14.9 leaves/msg, 1612s)
2026-08-25 11:12:21 [iter 20/40] eval vs best: 35/40 games (1650s, cand 52%)
2026-08-25 11:12:35   [GPU] 3,700,001 evals (122613 batches, avg 30/batch = 6% of 512, 2225 evals/s, 149 msg/s, 14.9 leaves/msg, 1663s)
2026-08-25 11:13:31   [GPU] 3,750,015 evals (125233 batches, avg 30/batch = 6% of 512, 2181 evals/s, 146 msg/s, 14.9 leaves/msg, 1720s)
2026-08-25 11:14:15   [GPU] 3,800,013 evals (127750 batches, avg 30/batch = 6% of 512, 2155 evals/s, 145 msg/s, 14.9 leaves/msg, 1763s)
2026-08-25 11:14:58   [GPU] 3,850,029 evals (130208 batches, avg 30/batch = 6% of 512, 2131 evals/s, 143 msg/s, 14.9 leaves/msg, 1807s)
2026-08-25 11:15:38   [GPU] 3,900,008 evals (132613 batches, avg 29/batch = 6% of 512, 2112 evals/s, 142 msg/s, 14.9 leaves/msg, 1846s)
2026-08-25 11:16:16   [GPU] 3,950,011 evals (135020 batches, avg 29/batch = 6% of 512, 2096 evals/s, 141 msg/s, 14.9 leaves/msg, 1884s)
2026-08-25 11:16:54   [GPU] 4,000,015 evals (137359 batches, avg 29/batch = 6% of 512, 2080 evals/s, 139 msg/s, 14.9 leaves/msg, 1923s)
2026-08-25 11:17:33   [GPU] 4,050,008 evals (139726 batches, avg 29/batch = 6% of 512, 2065 evals/s, 138 msg/s, 14.9 leaves/msg, 1961s)
2026-08-25 11:18:11   [GPU] 4,100,006 evals (142110 batches, avg 29/batch = 6% of 512, 2050 evals/s, 137 msg/s, 14.9 leaves/msg, 2000s)
2026-08-25 11:18:50   [GPU] 4,150,030 evals (144481 batches, avg 29/batch = 6% of 512, 2036 evals/s, 136 msg/s, 14.9 leaves/msg, 2038s)
2026-08-25 11:19:39   [GPU] 4,200,001 evals (147087 batches, avg 29/batch = 6% of 512, 2012 evals/s, 135 msg/s, 14.9 leaves/msg, 2088s)
2026-08-25 11:21:31   [GPU] 4,250,007 evals (150217 batches, avg 28/batch = 6% of 512, 1932 evals/s, 130 msg/s, 14.9 leaves/msg, 2200s)
2026-08-25 11:24:03   [GPU] 4,300,002 evals (153482 batches, avg 28/batch = 5% of 512, 1829 evals/s, 123 msg/s, 14.9 leaves/msg, 2351s)
2026-08-25 11:24:10 [iter 20/40] eval vs best: 40/40 games (2358s, cand 53%)
2026-08-25 11:24:10 [iter 20/40] eval vs best done: 52.6% of 38 decided, 17 adjudicated ACCEPT (2358s)
2026-08-25 11:24:10 [iter 20/40] eval vs random (8 games, 600 sims)...
2026-08-25 11:24:10 [EVAL-MP] 8 workers spawned (8 vs_random games, sims=600), GPU batcher starting...
2026-08-25 11:24:30   [GPU] 50,008 evals (1321 batches, avg 38/batch = 7% of 512, 2515 evals/s, 166 msg/s, 15.2 leaves/msg, 20s)
2026-08-25 11:24:40 [iter 20/40] eval vs random: 5/8 games (30s, cand 100%)
2026-08-25 11:24:52   [GPU] 100,011 evals (3115 batches, avg 32/batch = 6% of 512, 2375 evals/s, 168 msg/s, 14.1 leaves/msg, 42s)
2026-08-25 11:25:24 [iter 20/40] eval vs random: 8/8 games (74s, cand 100%)
2026-08-25 11:25:25 [iter 20/40] eval vs random done: 100.0% (75s)
2026-08-25 11:25:25 [iter 20/40] eval vs greedy (80 games, 600 sims)...
2026-08-25 11:25:25 [EVAL-MP] 8 workers spawned (80 vs_greedy games, sims=600), GPU batcher starting...
2026-08-25 11:25:40 [iter 20/40] eval vs greedy: 5/80 games (15s, cand 20%)
2026-08-25 11:25:49   [GPU] 50,039 evals (1699 batches, avg 29/batch = 6% of 512, 2083 evals/s, 139 msg/s, 15.0 leaves/msg, 24s)
2026-08-25 11:25:50 [iter 20/40] eval vs greedy: 10/80 games (25s, cand 20%)
2026-08-25 11:25:55 [iter 20/40] eval vs greedy: 15/80 games (30s, cand 20%)
2026-08-25 11:26:05 [iter 20/40] eval vs greedy: 20/80 games (40s, cand 20%)
2026-08-25 11:26:10   [GPU] 100,000 evals (3373 batches, avg 30/batch = 6% of 512, 2230 evals/s, 149 msg/s, 14.9 leaves/msg, 45s)
2026-08-25 11:26:12 [iter 20/40] eval vs greedy: 25/80 games (47s, cand 20%)
2026-08-25 11:26:19 [iter 20/40] eval vs greedy: 30/80 games (55s, cand 17%)
2026-08-25 11:26:28 [iter 20/40] eval vs greedy: 35/80 games (63s, cand 17%)
2026-08-25 11:26:31   [GPU] 150,025 evals (5045 batches, avg 30/batch = 6% of 512, 2277 evals/s, 152 msg/s, 15.0 leaves/msg, 66s)
2026-08-25 11:26:35 [iter 20/40] eval vs greedy: 40/80 games (71s, cand 18%)
2026-08-25 11:26:43 [iter 20/40] eval vs greedy: 45/80 games (78s, cand 20%)
2026-08-25 11:26:50 [iter 20/40] eval vs greedy: 50/80 games (86s, cand 20%)
2026-08-25 11:26:51   [GPU] 200,009 evals (6736 batches, avg 30/batch = 6% of 512, 2313 evals/s, 155 msg/s, 14.9 leaves/msg, 86s)
2026-08-25 11:26:59 [iter 20/40] eval vs greedy: 55/80 games (95s, cand 20%)
2026-08-25 11:27:06 [iter 20/40] eval vs greedy: 60/80 games (101s, cand 18%)
2026-08-25 11:27:12   [GPU] 250,014 evals (8429 batches, avg 30/batch = 6% of 512, 2324 evals/s, 156 msg/s, 14.9 leaves/msg, 108s)
2026-08-25 11:27:15 [iter 20/40] eval vs greedy: 65/80 games (110s, cand 18%)
2026-08-25 11:27:23 [iter 20/40] eval vs greedy: 70/80 games (118s, cand 19%)
2026-08-25 11:27:31 [iter 20/40] eval vs greedy: 75/80 games (126s, cand 19%)
2026-08-25 11:27:35   [GPU] 300,016 evals (10207 batches, avg 29/batch = 6% of 512, 2298 evals/s, 154 msg/s, 14.9 leaves/msg, 131s)
2026-08-25 11:27:39 [iter 20/40] eval vs greedy: 80/80 games (134s, cand 18%)
2026-08-25 11:27:39 [iter 20/40] eval vs greedy done: 17.5% of 80 decided [seat0:14/20 seat1:0/20 seat2:0/20 seat3:0/20] (134s)
2026-08-25 11:27:39 [iter 20/40] eval vs minimax (depth 2, 40 games)...
2026-08-25 11:27:39 [EVAL-MP] 8 workers spawned (40 vs_minimax games, sims=600), GPU batcher starting...
2026-08-25 11:28:06   [GPU] 50,046 evals (1683 batches, avg 30/batch = 6% of 512, 1859 evals/s, 122 msg/s, 15.3 leaves/msg, 27s)
2026-08-25 11:28:19   [GPU] 100,032 evals (2875 batches, avg 35/batch = 7% of 512, 2514 evals/s, 172 msg/s, 14.6 leaves/msg, 40s)
2026-08-25 11:28:20 [iter 20/40] eval vs minimax: 5/40 games (0%)
2026-08-25 11:28:39   [GPU] 150,019 evals (4546 batches, avg 33/batch = 6% of 512, 2486 evals/s, 171 msg/s, 14.5 leaves/msg, 60s)
2026-08-25 11:28:46 [iter 20/40] eval vs minimax: 10/40 games (0%)
2026-08-25 11:28:55   [GPU] 200,027 evals (5982 batches, avg 33/batch = 7% of 512, 2625 evals/s, 182 msg/s, 14.4 leaves/msg, 76s)
2026-08-25 11:29:03 [iter 20/40] eval vs minimax: 15/40 games (0%)
2026-08-25 11:29:13   [GPU] 250,007 evals (7590 batches, avg 33/batch = 6% of 512, 2650 evals/s, 185 msg/s, 14.4 leaves/msg, 94s)
2026-08-25 11:29:22 [iter 20/40] eval vs minimax: 20/40 games (0%)
2026-08-25 11:29:31   [GPU] 300,017 evals (9117 batches, avg 33/batch = 6% of 512, 2685 evals/s, 187 msg/s, 14.4 leaves/msg, 112s)
2026-08-25 11:29:40 [iter 20/40] eval vs minimax: 25/40 games (0%)
2026-08-25 11:29:50   [GPU] 350,004 evals (10783 batches, avg 32/batch = 6% of 512, 2670 evals/s, 187 msg/s, 14.3 leaves/msg, 131s)
2026-08-25 11:30:06 [iter 20/40] eval vs minimax: 30/40 games (0%)
2026-08-25 11:30:07   [GPU] 400,002 evals (12303 batches, avg 33/batch = 6% of 512, 2700 evals/s, 188 msg/s, 14.3 leaves/msg, 148s)
2026-08-25 11:30:27   [GPU] 450,018 evals (14008 batches, avg 32/batch = 6% of 512, 2677 evals/s, 187 msg/s, 14.3 leaves/msg, 168s)
2026-08-25 11:30:31 [iter 20/40] eval vs minimax: 35/40 games (0%)
2026-08-25 11:30:48 [iter 20/40] eval vs minimax: 40/40 games (0%)
2026-08-25 11:30:48 [iter 20/40] eval vs minimax done: 0.0% of 40 decided [seat0:0/10 seat1:0/10 seat2:0/10 seat3:0/10] (189s)
2026-08-25 11:30:48 >>> iter 20 | loss_p=1.264 loss_v=0.143 | vs_best=52.6% ACCEPT | vs_rand=100.0% | draw=11% | buf=100000 | rss=3.34GB | sp=1666s train=8s eval_best=2358s eval_rand=75s | total=4433s
2026-08-25 11:30:48 [iter 21/40] self-play starting (160 games, 600 sims, MIXED 80/160 race-only)...
2026-08-25 11:30:48 [PARALLEL-MP] 8 workers spawned (160 games, sims=600), GPU batcher starting...
2026-08-25 11:31:05   [GPU] 50,008 evals (1466 batches, avg 34/batch = 7% of 512, 2952 evals/s, 216 msg/s, 13.7 leaves/msg, 17s)
2026-08-25 11:31:06 [iter 21/40] self-play: 5/160 games...
2026-08-25 11:31:21   [GPU] 100,018 evals (3001 batches, avg 33/batch = 7% of 512, 3079 evals/s, 230 msg/s, 13.4 leaves/msg, 32s)
2026-08-25 11:31:21 [iter 21/40] self-play: 10/160 games...
2026-08-25 11:31:39   [GPU] 150,000 evals (4677 batches, avg 32/batch = 6% of 512, 2940 evals/s, 218 msg/s, 13.5 leaves/msg, 51s)
2026-08-25 11:31:41 [iter 21/40] self-play: 15/160 games...
2026-08-25 11:31:58   [GPU] 200,014 evals (6350 batches, avg 31/batch = 6% of 512, 2850 evals/s, 212 msg/s, 13.5 leaves/msg, 70s)
2026-08-25 11:32:16   [GPU] 250,075 evals (7875 batches, avg 32/batch = 6% of 512, 2843 evals/s, 207 msg/s, 13.7 leaves/msg, 88s)
2026-08-25 11:32:30   [GPU] 300,001 evals (9158 batches, avg 33/batch = 6% of 512, 2958 evals/s, 213 msg/s, 13.9 leaves/msg, 101s)
2026-08-25 11:32:33 [iter 21/40] self-play: 20/160 games...
2026-08-25 11:32:43   [GPU] 350,020 evals (10412 batches, avg 34/batch = 7% of 512, 3052 evals/s, 220 msg/s, 13.9 leaves/msg, 115s)
2026-08-25 11:32:56   [GPU] 400,040 evals (11593 batches, avg 35/batch = 7% of 512, 3139 evals/s, 225 msg/s, 13.9 leaves/msg, 127s)
2026-08-25 11:33:07   [GPU] 450,041 evals (12696 batches, avg 35/batch = 7% of 512, 3235 evals/s, 231 msg/s, 14.0 leaves/msg, 139s)
2026-08-25 11:33:18   [GPU] 500,001 evals (13741 batches, avg 36/batch = 7% of 512, 3330 evals/s, 237 msg/s, 14.1 leaves/msg, 150s)
2026-08-25 11:33:29   [GPU] 550,007 evals (14767 batches, avg 37/batch = 7% of 512, 3427 evals/s, 243 msg/s, 14.1 leaves/msg, 161s)
2026-08-25 11:33:40   [GPU] 600,003 evals (15861 batches, avg 38/batch = 7% of 512, 3492 evals/s, 248 msg/s, 14.1 leaves/msg, 172s)
2026-08-25 11:33:51   [GPU] 650,031 evals (16944 batches, avg 38/batch = 7% of 512, 3551 evals/s, 252 msg/s, 14.1 leaves/msg, 183s)
2026-08-25 11:34:01   [GPU] 700,016 evals (17969 batches, avg 39/batch = 8% of 512, 3624 evals/s, 257 msg/s, 14.1 leaves/msg, 193s)
2026-08-25 11:34:08 [iter 21/40] self-play: 25/160 games...
2026-08-25 11:34:11   [GPU] 750,024 evals (19008 batches, avg 39/batch = 8% of 512, 3689 evals/s, 262 msg/s, 14.1 leaves/msg, 203s)
2026-08-25 11:34:22   [GPU] 800,027 evals (20068 batches, avg 40/batch = 8% of 512, 3746 evals/s, 266 msg/s, 14.1 leaves/msg, 214s)
2026-08-25 11:34:32   [GPU] 850,015 evals (21132 batches, avg 40/batch = 8% of 512, 3797 evals/s, 270 msg/s, 14.1 leaves/msg, 224s)
2026-08-25 11:34:43   [GPU] 900,000 evals (22288 batches, avg 40/batch = 8% of 512, 3828 evals/s, 273 msg/s, 14.0 leaves/msg, 235s)
2026-08-25 11:34:54 [iter 21/40] self-play: 30/160 games...
2026-08-25 11:34:54   [GPU] 950,068 evals (23412 batches, avg 41/batch = 8% of 512, 3863 evals/s, 276 msg/s, 14.0 leaves/msg, 246s)
2026-08-25 11:35:06   [GPU] 1,000,014 evals (24651 batches, avg 41/batch = 8% of 512, 3871 evals/s, 278 msg/s, 13.9 leaves/msg, 258s)
2026-08-25 11:35:20 [iter 21/40] self-play: 35/160 games...
2026-08-25 11:35:20   [GPU] 1,050,006 evals (25950 batches, avg 40/batch = 8% of 512, 3861 evals/s, 278 msg/s, 13.9 leaves/msg, 272s)
2026-08-25 11:35:33   [GPU] 1,100,023 evals (27210 batches, avg 40/batch = 8% of 512, 3866 evals/s, 278 msg/s, 13.9 leaves/msg, 285s)
2026-08-25 11:35:47   [GPU] 1,150,003 evals (28586 batches, avg 40/batch = 8% of 512, 3844 evals/s, 276 msg/s, 13.9 leaves/msg, 299s)
2026-08-25 11:36:00   [GPU] 1,200,009 evals (29826 batches, avg 40/batch = 8% of 512, 3847 evals/s, 276 msg/s, 13.9 leaves/msg, 312s)
2026-08-25 11:36:07 [iter 21/40] self-play: 40/160 games...
2026-08-25 11:36:12   [GPU] 1,250,010 evals (31027 batches, avg 40/batch = 8% of 512, 3859 evals/s, 277 msg/s, 13.9 leaves/msg, 324s)
2026-08-25 11:36:25   [GPU] 1,300,014 evals (32238 batches, avg 40/batch = 8% of 512, 3861 evals/s, 277 msg/s, 13.9 leaves/msg, 337s)
2026-08-25 11:36:37   [GPU] 1,350,046 evals (33395 batches, avg 40/batch = 8% of 512, 3871 evals/s, 277 msg/s, 14.0 leaves/msg, 349s)
2026-08-25 11:36:50   [GPU] 1,400,011 evals (34611 batches, avg 40/batch = 8% of 512, 3872 evals/s, 278 msg/s, 13.9 leaves/msg, 362s)
2026-08-25 11:37:01   [GPU] 1,450,054 evals (35713 batches, avg 41/batch = 8% of 512, 3887 evals/s, 278 msg/s, 14.0 leaves/msg, 373s)
2026-08-25 11:37:11   [GPU] 1,500,009 evals (36709 batches, avg 41/batch = 8% of 512, 3916 evals/s, 280 msg/s, 14.0 leaves/msg, 383s)
2026-08-25 11:37:21   [GPU] 1,550,057 evals (37738 batches, avg 41/batch = 8% of 512, 3943 evals/s, 283 msg/s, 13.9 leaves/msg, 393s)
2026-08-25 11:37:24 [iter 21/40] self-play: 45/160 games...
2026-08-25 11:37:32   [GPU] 1,600,033 evals (38874 batches, avg 41/batch = 8% of 512, 3958 evals/s, 285 msg/s, 13.9 leaves/msg, 404s)
2026-08-25 11:37:42 [iter 21/40] self-play: 50/160 games...
2026-08-25 11:37:43   [GPU] 1,650,013 evals (39998 batches, avg 41/batch = 8% of 512, 3973 evals/s, 287 msg/s, 13.9 leaves/msg, 415s)
2026-08-25 11:37:56   [GPU] 1,700,008 evals (41202 batches, avg 41/batch = 8% of 512, 3978 evals/s, 287 msg/s, 13.8 leaves/msg, 427s)
2026-08-25 11:38:02 [iter 21/40] self-play: 55/160 games...
2026-08-25 11:38:09   [GPU] 1,750,000 evals (42502 batches, avg 41/batch = 8% of 512, 3966 evals/s, 286 msg/s, 13.8 leaves/msg, 441s)
2026-08-25 11:38:23   [GPU] 1,800,037 evals (43799 batches, avg 41/batch = 8% of 512, 3957 evals/s, 286 msg/s, 13.8 leaves/msg, 455s)
2026-08-25 11:38:38   [GPU] 1,850,031 evals (45152 batches, avg 41/batch = 8% of 512, 3937 evals/s, 284 msg/s, 13.9 leaves/msg, 470s)
2026-08-25 11:38:47 [iter 21/40] self-play: 60/160 games...
2026-08-25 11:38:52   [GPU] 1,900,060 evals (46486 batches, avg 41/batch = 8% of 512, 3927 evals/s, 283 msg/s, 13.9 leaves/msg, 484s)
2026-08-25 11:39:07   [GPU] 1,950,004 evals (47812 batches, avg 41/batch = 8% of 512, 3913 evals/s, 282 msg/s, 13.9 leaves/msg, 498s)
2026-08-25 11:39:19   [GPU] 2,000,031 evals (48995 batches, avg 41/batch = 8% of 512, 3917 evals/s, 282 msg/s, 13.9 leaves/msg, 511s)
2026-08-25 11:39:30 [iter 21/40] self-play: 65/160 games...
2026-08-25 11:39:31   [GPU] 2,050,034 evals (50162 batches, avg 41/batch = 8% of 512, 3923 evals/s, 282 msg/s, 13.9 leaves/msg, 523s)
2026-08-25 11:39:44   [GPU] 2,100,015 evals (51378 batches, avg 41/batch = 8% of 512, 3921 evals/s, 282 msg/s, 13.9 leaves/msg, 536s)
2026-08-25 11:39:58   [GPU] 2,150,016 evals (52673 batches, avg 41/batch = 8% of 512, 3912 evals/s, 281 msg/s, 13.9 leaves/msg, 550s)
2026-08-25 11:40:10   [GPU] 2,200,004 evals (53807 batches, avg 41/batch = 8% of 512, 3918 evals/s, 281 msg/s, 13.9 leaves/msg, 561s)
2026-08-25 11:40:21   [GPU] 2,250,026 evals (54880 batches, avg 41/batch = 8% of 512, 3928 evals/s, 282 msg/s, 13.9 leaves/msg, 573s)
2026-08-25 11:40:33   [GPU] 2,300,032 evals (56012 batches, avg 41/batch = 8% of 512, 3933 evals/s, 282 msg/s, 13.9 leaves/msg, 585s)
2026-08-25 11:40:45   [GPU] 2,350,018 evals (57160 batches, avg 41/batch = 8% of 512, 3937 evals/s, 283 msg/s, 13.9 leaves/msg, 597s)
2026-08-25 11:40:57   [GPU] 2,400,024 evals (58279 batches, avg 41/batch = 8% of 512, 3943 evals/s, 283 msg/s, 13.9 leaves/msg, 609s)
2026-08-25 11:41:08   [GPU] 2,450,014 evals (59368 batches, avg 41/batch = 8% of 512, 3951 evals/s, 283 msg/s, 13.9 leaves/msg, 620s)
2026-08-25 11:41:12 [iter 21/40] self-play: 70/160 games...
2026-08-25 11:41:20   [GPU] 2,500,014 evals (60478 batches, avg 41/batch = 8% of 512, 3957 evals/s, 284 msg/s, 13.9 leaves/msg, 632s)
2026-08-25 11:41:30   [GPU] 2,550,031 evals (61457 batches, avg 41/batch = 8% of 512, 3976 evals/s, 285 msg/s, 13.9 leaves/msg, 641s)
2026-08-25 11:41:39   [GPU] 2,600,004 evals (62448 batches, avg 42/batch = 8% of 512, 3995 evals/s, 287 msg/s, 13.9 leaves/msg, 651s)
2026-08-25 11:41:50   [GPU] 2,650,040 evals (63565 batches, avg 42/batch = 8% of 512, 4003 evals/s, 288 msg/s, 13.9 leaves/msg, 662s)
2026-08-25 11:41:57 [iter 21/40] self-play: 75/160 games...
2026-08-25 11:42:01   [GPU] 2,700,021 evals (64676 batches, avg 42/batch = 8% of 512, 4014 evals/s, 289 msg/s, 13.9 leaves/msg, 673s)
2026-08-25 11:42:11   [GPU] 2,750,017 evals (65717 batches, avg 42/batch = 8% of 512, 4029 evals/s, 290 msg/s, 13.9 leaves/msg, 683s)
2026-08-25 11:42:21   [GPU] 2,800,006 evals (66825 batches, avg 42/batch = 8% of 512, 4040 evals/s, 291 msg/s, 13.9 leaves/msg, 693s)
2026-08-25 11:42:34   [GPU] 2,850,044 evals (68029 batches, avg 42/batch = 8% of 512, 4040 evals/s, 291 msg/s, 13.9 leaves/msg, 705s)
2026-08-25 11:42:44   [GPU] 2,900,045 evals (69144 batches, avg 42/batch = 8% of 512, 4049 evals/s, 292 msg/s, 13.9 leaves/msg, 716s)
2026-08-25 11:42:53 [iter 21/40] self-play: 80/160 games...
2026-08-25 11:42:55   [GPU] 2,950,000 evals (70260 batches, avg 42/batch = 8% of 512, 4058 evals/s, 292 msg/s, 13.9 leaves/msg, 727s)
2026-08-25 11:43:08   [GPU] 3,000,004 evals (71492 batches, avg 42/batch = 8% of 512, 4055 evals/s, 292 msg/s, 13.9 leaves/msg, 740s)
2026-08-25 11:43:21   [GPU] 3,050,013 evals (72733 batches, avg 42/batch = 8% of 512, 4051 evals/s, 292 msg/s, 13.9 leaves/msg, 753s)
2026-08-25 11:43:29 [iter 21/40] self-play: 85/160 games...
2026-08-25 11:43:33   [GPU] 3,100,024 evals (73926 batches, avg 42/batch = 8% of 512, 4053 evals/s, 292 msg/s, 13.9 leaves/msg, 765s)
2026-08-25 11:43:46   [GPU] 3,150,011 evals (75181 batches, avg 42/batch = 8% of 512, 4047 evals/s, 292 msg/s, 13.9 leaves/msg, 778s)
2026-08-25 11:43:59   [GPU] 3,200,052 evals (76385 batches, avg 42/batch = 8% of 512, 4049 evals/s, 292 msg/s, 13.9 leaves/msg, 790s)
2026-08-25 11:44:03 [iter 21/40] self-play: 90/160 games...
2026-08-25 11:44:13   [GPU] 3,250,008 evals (77736 batches, avg 42/batch = 8% of 512, 4038 evals/s, 291 msg/s, 13.9 leaves/msg, 805s)
2026-08-25 11:44:26   [GPU] 3,300,042 evals (79024 batches, avg 42/batch = 8% of 512, 4036 evals/s, 292 msg/s, 13.8 leaves/msg, 818s)
2026-08-25 11:44:37 [iter 21/40] self-play: 95/160 games...
2026-08-25 11:44:39   [GPU] 3,350,022 evals (80359 batches, avg 42/batch = 8% of 512, 4033 evals/s, 292 msg/s, 13.8 leaves/msg, 831s)
2026-08-25 11:44:52   [GPU] 3,400,035 evals (81686 batches, avg 42/batch = 8% of 512, 4030 evals/s, 292 msg/s, 13.8 leaves/msg, 844s)
2026-08-25 11:45:05 [iter 21/40] self-play: 100/160 games...
2026-08-25 11:45:05   [GPU] 3,450,006 evals (83041 batches, avg 42/batch = 8% of 512, 4024 evals/s, 292 msg/s, 13.8 leaves/msg, 857s)
2026-08-25 11:45:19   [GPU] 3,500,024 evals (84394 batches, avg 41/batch = 8% of 512, 4021 evals/s, 291 msg/s, 13.8 leaves/msg, 871s)
2026-08-25 11:45:33   [GPU] 3,550,002 evals (85784 batches, avg 41/batch = 8% of 512, 4011 evals/s, 291 msg/s, 13.8 leaves/msg, 885s)
2026-08-25 11:45:45   [GPU] 3,600,043 evals (87044 batches, avg 41/batch = 8% of 512, 4013 evals/s, 290 msg/s, 13.8 leaves/msg, 897s)
2026-08-25 11:45:53 [iter 21/40] self-play: 105/160 games...
2026-08-25 11:45:58   [GPU] 3,650,018 evals (88302 batches, avg 41/batch = 8% of 512, 4013 evals/s, 291 msg/s, 13.8 leaves/msg, 909s)
2026-08-25 11:46:10   [GPU] 3,700,023 evals (89535 batches, avg 41/batch = 8% of 512, 4012 evals/s, 290 msg/s, 13.8 leaves/msg, 922s)
2026-08-25 11:46:23   [GPU] 3,750,012 evals (90757 batches, avg 41/batch = 8% of 512, 4010 evals/s, 290 msg/s, 13.8 leaves/msg, 935s)
2026-08-25 11:46:35   [GPU] 3,800,048 evals (91899 batches, avg 41/batch = 8% of 512, 4012 evals/s, 290 msg/s, 13.8 leaves/msg, 947s)
2026-08-25 11:46:48   [GPU] 3,850,040 evals (93074 batches, avg 41/batch = 8% of 512, 4013 evals/s, 290 msg/s, 13.8 leaves/msg, 959s)
2026-08-25 11:47:00   [GPU] 3,900,025 evals (94279 batches, avg 41/batch = 8% of 512, 4012 evals/s, 289 msg/s, 13.9 leaves/msg, 972s)
2026-08-25 11:47:12   [GPU] 3,950,041 evals (95442 batches, avg 41/batch = 8% of 512, 4015 evals/s, 290 msg/s, 13.9 leaves/msg, 984s)
2026-08-25 11:47:17 [iter 21/40] self-play: 110/160 games...
2026-08-25 11:47:25   [GPU] 4,000,033 evals (96730 batches, avg 41/batch = 8% of 512, 4011 evals/s, 290 msg/s, 13.9 leaves/msg, 997s)
2026-08-25 11:47:39   [GPU] 4,050,053 evals (97996 batches, avg 41/batch = 8% of 512, 4006 evals/s, 289 msg/s, 13.9 leaves/msg, 1011s)
2026-08-25 11:47:51   [GPU] 4,100,039 evals (99198 batches, avg 41/batch = 8% of 512, 4008 evals/s, 289 msg/s, 13.9 leaves/msg, 1023s)
2026-08-25 11:48:04   [GPU] 4,150,024 evals (100482 batches, avg 41/batch = 8% of 512, 4005 evals/s, 289 msg/s, 13.9 leaves/msg, 1036s)
2026-08-25 11:48:18 [iter 21/40] self-play: 115/160 games...
2026-08-25 11:48:20   [GPU] 4,200,033 evals (101911 batches, avg 41/batch = 8% of 512, 3991 evals/s, 288 msg/s, 13.9 leaves/msg, 1052s)
2026-08-25 11:48:35   [GPU] 4,250,008 evals (103303 batches, avg 41/batch = 8% of 512, 3982 evals/s, 287 msg/s, 13.9 leaves/msg, 1067s)
2026-08-25 11:48:53   [GPU] 4,300,026 evals (104777 batches, avg 41/batch = 8% of 512, 3965 evals/s, 286 msg/s, 13.9 leaves/msg, 1084s)
2026-08-25 11:49:00 [iter 21/40] self-play: 120/160 games...
2026-08-25 11:49:06   [GPU] 4,350,026 evals (106032 batches, avg 41/batch = 8% of 512, 3963 evals/s, 286 msg/s, 13.9 leaves/msg, 1098s)
2026-08-25 11:49:20   [GPU] 4,400,061 evals (107370 batches, avg 41/batch = 8% of 512, 3956 evals/s, 285 msg/s, 13.9 leaves/msg, 1112s)
2026-08-25 11:49:33   [GPU] 4,450,043 evals (108575 batches, avg 41/batch = 8% of 512, 3956 evals/s, 285 msg/s, 13.9 leaves/msg, 1125s)
2026-08-25 11:49:45   [GPU] 4,500,007 evals (109747 batches, avg 41/batch = 8% of 512, 3959 evals/s, 285 msg/s, 13.9 leaves/msg, 1137s)
2026-08-25 11:49:48 [iter 21/40] self-play: 125/160 games...
2026-08-25 11:49:57   [GPU] 4,550,011 evals (111013 batches, avg 41/batch = 8% of 512, 3959 evals/s, 285 msg/s, 13.9 leaves/msg, 1149s)
2026-08-25 11:50:10   [GPU] 4,600,007 evals (112271 batches, avg 41/batch = 8% of 512, 3959 evals/s, 285 msg/s, 13.9 leaves/msg, 1162s)
2026-08-25 11:50:23   [GPU] 4,650,000 evals (113510 batches, avg 41/batch = 8% of 512, 3959 evals/s, 285 msg/s, 13.9 leaves/msg, 1175s)
2026-08-25 11:50:37   [GPU] 4,700,023 evals (114846 batches, avg 41/batch = 8% of 512, 3954 evals/s, 285 msg/s, 13.9 leaves/msg, 1189s)
2026-08-25 11:50:49   [GPU] 4,750,020 evals (116057 batches, avg 41/batch = 8% of 512, 3954 evals/s, 285 msg/s, 13.9 leaves/msg, 1201s)
2026-08-25 11:51:01   [GPU] 4,800,021 evals (117223 batches, avg 41/batch = 8% of 512, 3956 evals/s, 285 msg/s, 13.9 leaves/msg, 1213s)
2026-08-25 11:51:14   [GPU] 4,850,028 evals (118434 batches, avg 41/batch = 8% of 512, 3957 evals/s, 285 msg/s, 13.9 leaves/msg, 1226s)
2026-08-25 11:51:27   [GPU] 4,900,047 evals (119644 batches, avg 41/batch = 8% of 512, 3956 evals/s, 285 msg/s, 13.9 leaves/msg, 1239s)
2026-08-25 11:51:33 [iter 21/40] self-play: 130/160 games...
2026-08-25 11:51:41   [GPU] 4,950,026 evals (120908 batches, avg 41/batch = 8% of 512, 3952 evals/s, 284 msg/s, 13.9 leaves/msg, 1252s)
2026-08-25 11:51:53   [GPU] 5,000,021 evals (122115 batches, avg 41/batch = 8% of 512, 3952 evals/s, 284 msg/s, 13.9 leaves/msg, 1265s)
2026-08-25 11:52:06   [GPU] 5,050,015 evals (123397 batches, avg 41/batch = 8% of 512, 3951 evals/s, 284 msg/s, 13.9 leaves/msg, 1278s)
2026-08-25 11:52:19 [iter 21/40] self-play: 135/160 games...
2026-08-25 11:52:21   [GPU] 5,100,004 evals (124779 batches, avg 41/batch = 8% of 512, 3945 evals/s, 284 msg/s, 13.9 leaves/msg, 1293s)
2026-08-25 11:52:34   [GPU] 5,150,012 evals (126115 batches, avg 41/batch = 8% of 512, 3942 evals/s, 284 msg/s, 13.9 leaves/msg, 1306s)
2026-08-25 11:52:49   [GPU] 5,200,046 evals (127477 batches, avg 41/batch = 8% of 512, 3937 evals/s, 284 msg/s, 13.9 leaves/msg, 1321s)
2026-08-25 11:52:50 [iter 21/40] self-play: 140/160 games...
2026-08-25 11:53:05   [GPU] 5,250,012 evals (128916 batches, avg 41/batch = 8% of 512, 3929 evals/s, 283 msg/s, 13.9 leaves/msg, 1336s)
2026-08-25 11:53:13 [iter 21/40] self-play: 145/160 games...
2026-08-25 11:53:20   [GPU] 5,300,015 evals (130370 batches, avg 41/batch = 8% of 512, 3922 evals/s, 283 msg/s, 13.9 leaves/msg, 1351s)
2026-08-25 11:53:37   [GPU] 5,350,044 evals (131959 batches, avg 41/batch = 8% of 512, 3907 evals/s, 282 msg/s, 13.9 leaves/msg, 1369s)
2026-08-25 11:53:52   [GPU] 5,400,026 evals (133370 batches, avg 40/batch = 8% of 512, 3902 evals/s, 281 msg/s, 13.9 leaves/msg, 1384s)
2026-08-25 11:54:03 [iter 21/40] self-play: 150/160 games...
2026-08-25 11:54:08   [GPU] 5,450,008 evals (134879 batches, avg 40/batch = 8% of 512, 3893 evals/s, 281 msg/s, 13.9 leaves/msg, 1400s)
2026-08-25 11:54:23   [GPU] 5,500,009 evals (136252 batches, avg 40/batch = 8% of 512, 3888 evals/s, 281 msg/s, 13.9 leaves/msg, 1415s)
2026-08-25 11:54:36   [GPU] 5,550,036 evals (137522 batches, avg 40/batch = 8% of 512, 3887 evals/s, 281 msg/s, 13.9 leaves/msg, 1428s)
2026-08-25 11:54:50   [GPU] 5,600,020 evals (138847 batches, avg 40/batch = 8% of 512, 3885 evals/s, 280 msg/s, 13.9 leaves/msg, 1441s)
2026-08-25 11:55:02   [GPU] 5,650,046 evals (140107 batches, avg 40/batch = 8% of 512, 3885 evals/s, 280 msg/s, 13.9 leaves/msg, 1454s)
2026-08-25 11:55:15   [GPU] 5,700,000 evals (141347 batches, avg 40/batch = 8% of 512, 3887 evals/s, 281 msg/s, 13.9 leaves/msg, 1466s)
2026-08-25 11:55:28   [GPU] 5,750,025 evals (142720 batches, avg 40/batch = 8% of 512, 3884 evals/s, 280 msg/s, 13.9 leaves/msg, 1480s)
2026-08-25 11:55:37 [iter 21/40] self-play: 155/160 games...
2026-08-25 11:55:43   [GPU] 5,800,037 evals (144187 batches, avg 40/batch = 8% of 512, 3879 evals/s, 280 msg/s, 13.8 leaves/msg, 1495s)
2026-08-25 11:55:59   [GPU] 5,850,006 evals (145778 batches, avg 40/batch = 8% of 512, 3871 evals/s, 280 msg/s, 13.8 leaves/msg, 1511s)
2026-08-25 11:56:15   [GPU] 5,900,030 evals (147348 batches, avg 40/batch = 8% of 512, 3864 evals/s, 279 msg/s, 13.8 leaves/msg, 1527s)
2026-08-25 11:56:30   [GPU] 5,950,044 evals (148884 batches, avg 40/batch = 8% of 512, 3858 evals/s, 279 msg/s, 13.8 leaves/msg, 1542s)
2026-08-25 11:56:48   [GPU] 6,000,005 evals (150608 batches, avg 40/batch = 8% of 512, 3845 evals/s, 278 msg/s, 13.8 leaves/msg, 1560s)
2026-08-25 11:57:07   [GPU] 6,050,003 evals (152356 batches, avg 40/batch = 8% of 512, 3832 evals/s, 277 msg/s, 13.8 leaves/msg, 1579s)
2026-08-25 11:57:25   [GPU] 6,100,028 evals (154124 batches, avg 40/batch = 8% of 512, 3821 evals/s, 276 msg/s, 13.8 leaves/msg, 1596s)
2026-08-25 11:57:57   [GPU] 6,150,003 evals (156677 batches, avg 39/batch = 8% of 512, 3775 evals/s, 273 msg/s, 13.8 leaves/msg, 1629s)
2026-08-25 11:58:31   [GPU] 6,200,009 evals (159286 batches, avg 39/batch = 8% of 512, 3729 evals/s, 270 msg/s, 13.8 leaves/msg, 1663s)
2026-08-25 11:59:00 [iter 21/40] self-play: 160/160 games...
2026-08-25 11:59:00 [iter 21/40] self-play done: 160 games (1692s) | wins: P0=35, P1=36, P2=23, P3=45, draw=21 | draw_rate=13% avg_len~27
2026-08-25 11:59:00 [iter 21/40] search: expanded=7.8 actions/node visits/action=77.3 walls/game=5.54 first_wall_ply=2.87 learner_sims/s=3916.9
2026-08-25 11:59:00 [iter 21/40] training (600 steps, lr=5.50e-04)...
2026-08-25 11:59:08 [iter 21/40] training done: loss_p=1.260 loss_v=0.141 (8s)
2026-08-25 11:59:09 [iter 21/40] data: policy_wall_mass=0.109 walled_states=65% walls_on_board=19.2 value_mae walled=0.174 free=0.391
2026-08-25 11:59:11 [iter 21/40] eval skipped (eval_every=4)
2026-08-25 11:59:11 >>> iter 21 | loss_p=1.260 loss_v=0.141 | vs_best=n/a (not evaluated) | vs_rand=n/a | draw=13% | buf=100000 | rss=3.37GB | sp=1692s train=8s eval_best=0s eval_rand=0s | total=1702s
2026-08-25 11:59:11 [iter 22/40] self-play starting (160 games, 600 sims, MIXED 80/160 race-only)...
2026-08-25 11:59:11 [PARALLEL-MP] 8 workers spawned (160 games, sims=600), GPU batcher starting...
2026-08-25 11:59:28   [GPU] 50,041 evals (1481 batches, avg 34/batch = 7% of 512, 2864 evals/s, 207 msg/s, 13.8 leaves/msg, 17s)
2026-08-25 11:59:31 [iter 22/40] self-play: 5/160 games...
2026-08-25 11:59:44   [GPU] 100,067 evals (2996 batches, avg 33/batch = 7% of 512, 3027 evals/s, 225 msg/s, 13.4 leaves/msg, 33s)
2026-08-25 11:59:45 [iter 22/40] self-play: 10/160 games...
2026-08-25 12:00:03   [GPU] 150,013 evals (4653 batches, avg 32/batch = 6% of 512, 2887 evals/s, 213 msg/s, 13.5 leaves/msg, 52s)
2026-08-25 12:00:08 [iter 22/40] self-play: 15/160 games...
2026-08-25 12:00:22   [GPU] 200,003 evals (6345 batches, avg 32/batch = 6% of 512, 2803 evals/s, 205 msg/s, 13.7 leaves/msg, 71s)
2026-08-25 12:00:41   [GPU] 250,041 evals (7978 batches, avg 31/batch = 6% of 512, 2753 evals/s, 199 msg/s, 13.8 leaves/msg, 91s)
2026-08-25 12:00:52 [iter 22/40] self-play: 20/160 games...
2026-08-25 12:00:55   [GPU] 300,004 evals (9276 batches, avg 32/batch = 6% of 512, 2866 evals/s, 207 msg/s, 13.8 leaves/msg, 105s)
2026-08-25 12:01:08   [GPU] 350,014 evals (10480 batches, avg 33/batch = 7% of 512, 2974 evals/s, 213 msg/s, 13.9 leaves/msg, 118s)
2026-08-25 12:01:22   [GPU] 400,026 evals (11714 batches, avg 34/batch = 7% of 512, 3056 evals/s, 219 msg/s, 13.9 leaves/msg, 131s)
2026-08-25 12:01:29 [iter 22/40] self-play: 25/160 games...
2026-08-25 12:01:36   [GPU] 450,020 evals (13106 batches, avg 34/batch = 7% of 512, 3086 evals/s, 222 msg/s, 13.9 leaves/msg, 146s)
2026-08-25 12:01:52   [GPU] 500,003 evals (14498 batches, avg 34/batch = 7% of 512, 3104 evals/s, 224 msg/s, 13.9 leaves/msg, 161s)
2026-08-25 12:02:04 [iter 22/40] self-play: 30/160 games...
2026-08-25 12:02:07   [GPU] 550,000 evals (15910 batches, avg 35/batch = 7% of 512, 3119 evals/s, 225 msg/s, 13.9 leaves/msg, 176s)
2026-08-25 12:02:24   [GPU] 600,010 evals (17373 batches, avg 35/batch = 7% of 512, 3108 evals/s, 223 msg/s, 14.0 leaves/msg, 193s)
2026-08-25 12:02:37   [GPU] 650,023 evals (18666 batches, avg 35/batch = 7% of 512, 3144 evals/s, 225 msg/s, 14.0 leaves/msg, 207s)
2026-08-25 12:02:52   [GPU] 700,011 evals (20012 batches, avg 35/batch = 7% of 512, 3164 evals/s, 226 msg/s, 14.0 leaves/msg, 221s)
2026-08-25 12:03:06   [GPU] 750,017 evals (21311 batches, avg 35/batch = 7% of 512, 3182 evals/s, 227 msg/s, 14.0 leaves/msg, 236s)
2026-08-25 12:03:21   [GPU] 800,038 evals (22584 batches, avg 35/batch = 7% of 512, 3201 evals/s, 227 msg/s, 14.1 leaves/msg, 250s)
2026-08-25 12:03:33   [GPU] 850,006 evals (23766 batches, avg 36/batch = 7% of 512, 3234 evals/s, 229 msg/s, 14.1 leaves/msg, 263s)
2026-08-25 12:03:46   [GPU] 900,023 evals (24940 batches, avg 36/batch = 7% of 512, 3267 evals/s, 231 msg/s, 14.1 leaves/msg, 275s)
2026-08-25 12:03:49 [iter 22/40] self-play: 35/160 games...
2026-08-25 12:03:59   [GPU] 950,054 evals (26132 batches, avg 36/batch = 7% of 512, 3298 evals/s, 234 msg/s, 14.1 leaves/msg, 288s)
2026-08-25 12:04:12   [GPU] 1,000,020 evals (27362 batches, avg 37/batch = 7% of 512, 3320 evals/s, 236 msg/s, 14.1 leaves/msg, 301s)
2026-08-25 12:04:25   [GPU] 1,050,094 evals (28558 batches, avg 37/batch = 7% of 512, 3344 evals/s, 237 msg/s, 14.1 leaves/msg, 314s)
2026-08-25 12:04:36   [GPU] 1,100,036 evals (29669 batches, avg 37/batch = 7% of 512, 3379 evals/s, 240 msg/s, 14.1 leaves/msg, 326s)
2026-08-25 12:04:38 [iter 22/40] self-play: 40/160 games...
2026-08-25 12:04:49   [GPU] 1,150,032 evals (30884 batches, avg 37/batch = 7% of 512, 3397 evals/s, 241 msg/s, 14.1 leaves/msg, 339s)
2026-08-25 12:05:03   [GPU] 1,200,050 evals (32170 batches, avg 37/batch = 7% of 512, 3406 evals/s, 242 msg/s, 14.1 leaves/msg, 352s)
2026-08-25 12:05:15   [GPU] 1,250,038 evals (33350 batches, avg 37/batch = 7% of 512, 3429 evals/s, 244 msg/s, 14.1 leaves/msg, 365s)
2026-08-25 12:05:24 [iter 22/40] self-play: 45/160 games...
2026-08-25 12:05:28   [GPU] 1,300,004 evals (34524 batches, avg 38/batch = 7% of 512, 3449 evals/s, 246 msg/s, 14.0 leaves/msg, 377s)
2026-08-25 12:05:41   [GPU] 1,350,019 evals (35734 batches, avg 38/batch = 7% of 512, 3462 evals/s, 247 msg/s, 14.0 leaves/msg, 390s)
2026-08-25 12:05:53   [GPU] 1,400,000 evals (36915 batches, avg 38/batch = 7% of 512, 3482 evals/s, 248 msg/s, 14.0 leaves/msg, 402s)
2026-08-25 12:06:05   [GPU] 1,450,023 evals (38092 batches, avg 38/batch = 7% of 512, 3500 evals/s, 250 msg/s, 14.0 leaves/msg, 414s)
2026-08-25 12:06:17   [GPU] 1,500,041 evals (39245 batches, avg 38/batch = 7% of 512, 3517 evals/s, 251 msg/s, 14.0 leaves/msg, 426s)
2026-08-25 12:06:30   [GPU] 1,550,021 evals (40520 batches, avg 38/batch = 7% of 512, 3526 evals/s, 253 msg/s, 13.9 leaves/msg, 440s)
2026-08-25 12:06:41   [GPU] 1,600,021 evals (41692 batches, avg 38/batch = 7% of 512, 3549 evals/s, 256 msg/s, 13.9 leaves/msg, 451s)
2026-08-25 12:06:46 [iter 22/40] self-play: 50/160 games...
2026-08-25 12:06:54   [GPU] 1,650,036 evals (42992 batches, avg 38/batch = 7% of 512, 3560 evals/s, 258 msg/s, 13.8 leaves/msg, 463s)
2026-08-25 12:07:05 [iter 22/40] self-play: 55/160 games...
2026-08-25 12:07:07   [GPU] 1,700,009 evals (44300 batches, avg 38/batch = 7% of 512, 3567 evals/s, 260 msg/s, 13.7 leaves/msg, 477s)
2026-08-25 12:07:21   [GPU] 1,750,001 evals (45677 batches, avg 38/batch = 7% of 512, 3567 evals/s, 260 msg/s, 13.7 leaves/msg, 491s)
2026-08-25 12:07:31 [iter 22/40] self-play: 60/160 games...
2026-08-25 12:07:37   [GPU] 1,800,039 evals (47179 batches, avg 38/batch = 7% of 512, 3556 evals/s, 260 msg/s, 13.7 leaves/msg, 506s)
2026-08-25 12:07:53   [GPU] 1,850,054 evals (48713 batches, avg 38/batch = 7% of 512, 3543 evals/s, 260 msg/s, 13.6 leaves/msg, 522s)
2026-08-25 12:07:55 [iter 22/40] self-play: 65/160 games...
2026-08-25 12:08:10   [GPU] 1,900,029 evals (50283 batches, avg 38/batch = 7% of 512, 3526 evals/s, 259 msg/s, 13.6 leaves/msg, 539s)
2026-08-25 12:08:24   [GPU] 1,950,002 evals (51680 batches, avg 38/batch = 7% of 512, 3525 evals/s, 260 msg/s, 13.5 leaves/msg, 553s)
2026-08-25 12:08:29 [iter 22/40] self-play: 70/160 games...
2026-08-25 12:08:38   [GPU] 2,000,014 evals (53046 batches, avg 38/batch = 7% of 512, 3524 evals/s, 260 msg/s, 13.5 leaves/msg, 568s)
2026-08-25 12:08:51   [GPU] 2,050,028 evals (54287 batches, avg 38/batch = 7% of 512, 3533 evals/s, 261 msg/s, 13.5 leaves/msg, 580s)
2026-08-25 12:09:03   [GPU] 2,100,029 evals (55504 batches, avg 38/batch = 7% of 512, 3544 evals/s, 262 msg/s, 13.5 leaves/msg, 593s)
2026-08-25 12:09:17   [GPU] 2,150,041 evals (56831 batches, avg 38/batch = 7% of 512, 3545 evals/s, 263 msg/s, 13.5 leaves/msg, 606s)
2026-08-25 12:09:19 [iter 22/40] self-play: 75/160 games...
2026-08-25 12:09:30   [GPU] 2,200,048 evals (58067 batches, avg 38/batch = 7% of 512, 3553 evals/s, 263 msg/s, 13.5 leaves/msg, 619s)
2026-08-25 12:09:42   [GPU] 2,250,015 evals (59289 batches, avg 38/batch = 7% of 512, 3563 evals/s, 264 msg/s, 13.5 leaves/msg, 632s)
2026-08-25 12:09:56   [GPU] 2,300,026 evals (60589 batches, avg 38/batch = 7% of 512, 3566 evals/s, 265 msg/s, 13.5 leaves/msg, 645s)
2026-08-25 12:10:08   [GPU] 2,350,027 evals (61832 batches, avg 38/batch = 7% of 512, 3574 evals/s, 265 msg/s, 13.5 leaves/msg, 658s)
2026-08-25 12:10:20   [GPU] 2,400,032 evals (63037 batches, avg 38/batch = 7% of 512, 3584 evals/s, 266 msg/s, 13.5 leaves/msg, 670s)
2026-08-25 12:10:32   [GPU] 2,450,053 evals (64175 batches, avg 38/batch = 7% of 512, 3598 evals/s, 267 msg/s, 13.5 leaves/msg, 681s)
2026-08-25 12:10:43   [GPU] 2,500,026 evals (65318 batches, avg 38/batch = 7% of 512, 3610 evals/s, 268 msg/s, 13.5 leaves/msg, 693s)
2026-08-25 12:10:55   [GPU] 2,550,056 evals (66445 batches, avg 38/batch = 7% of 512, 3623 evals/s, 269 msg/s, 13.5 leaves/msg, 704s)
2026-08-25 12:11:05   [GPU] 2,600,006 evals (67488 batches, avg 39/batch = 8% of 512, 3642 evals/s, 270 msg/s, 13.5 leaves/msg, 714s)
2026-08-25 12:11:08 [iter 22/40] self-play: 80/160 games...
2026-08-25 12:11:15   [GPU] 2,650,021 evals (68570 batches, avg 39/batch = 8% of 512, 3656 evals/s, 271 msg/s, 13.5 leaves/msg, 725s)
2026-08-25 12:11:27   [GPU] 2,700,027 evals (69714 batches, avg 39/batch = 8% of 512, 3665 evals/s, 272 msg/s, 13.5 leaves/msg, 737s)
2026-08-25 12:11:39   [GPU] 2,750,044 evals (70863 batches, avg 39/batch = 8% of 512, 3673 evals/s, 272 msg/s, 13.5 leaves/msg, 749s)
2026-08-25 12:11:50   [GPU] 2,800,037 evals (71925 batches, avg 39/batch = 8% of 512, 3689 evals/s, 273 msg/s, 13.5 leaves/msg, 759s)
2026-08-25 12:11:57 [iter 22/40] self-play: 85/160 games...
2026-08-25 12:12:02   [GPU] 2,850,026 evals (73138 batches, avg 39/batch = 8% of 512, 3695 evals/s, 274 msg/s, 13.5 leaves/msg, 771s)
2026-08-25 12:12:15   [GPU] 2,900,000 evals (74366 batches, avg 39/batch = 8% of 512, 3698 evals/s, 274 msg/s, 13.5 leaves/msg, 784s)
2026-08-25 12:12:27   [GPU] 2,950,032 evals (75521 batches, avg 39/batch = 8% of 512, 3706 evals/s, 275 msg/s, 13.5 leaves/msg, 796s)
2026-08-25 12:12:30 [iter 22/40] self-play: 90/160 games...
2026-08-25 12:12:41   [GPU] 3,000,020 evals (76838 batches, avg 39/batch = 8% of 512, 3702 evals/s, 274 msg/s, 13.5 leaves/msg, 810s)
2026-08-25 12:12:55   [GPU] 3,050,038 evals (78151 batches, avg 39/batch = 8% of 512, 3700 evals/s, 274 msg/s, 13.5 leaves/msg, 824s)
2026-08-25 12:13:01 [iter 22/40] self-play: 95/160 games...
2026-08-25 12:13:09   [GPU] 3,100,055 evals (79561 batches, avg 39/batch = 8% of 512, 3696 evals/s, 274 msg/s, 13.5 leaves/msg, 839s)
2026-08-25 12:13:23 [iter 22/40] self-play: 100/160 games...
2026-08-25 12:13:25   [GPU] 3,150,010 evals (81010 batches, avg 39/batch = 8% of 512, 3686 evals/s, 273 msg/s, 13.5 leaves/msg, 855s)
2026-08-25 12:13:41   [GPU] 3,200,018 evals (82458 batches, avg 39/batch = 8% of 512, 3677 evals/s, 272 msg/s, 13.5 leaves/msg, 870s)
2026-08-25 12:13:45 [iter 22/40] self-play: 105/160 games...
2026-08-25 12:13:56   [GPU] 3,250,044 evals (83865 batches, avg 39/batch = 8% of 512, 3671 evals/s, 271 msg/s, 13.5 leaves/msg, 885s)
2026-08-25 12:14:12   [GPU] 3,300,015 evals (85278 batches, avg 39/batch = 8% of 512, 3662 evals/s, 271 msg/s, 13.5 leaves/msg, 901s)
2026-08-25 12:14:25   [GPU] 3,350,002 evals (86523 batches, avg 39/batch = 8% of 512, 3664 evals/s, 270 msg/s, 13.5 leaves/msg, 914s)
2026-08-25 12:14:39   [GPU] 3,400,045 evals (87761 batches, avg 39/batch = 8% of 512, 3664 evals/s, 270 msg/s, 13.6 leaves/msg, 928s)
2026-08-25 12:14:51 [iter 22/40] self-play: 110/160 games...
2026-08-25 12:14:52   [GPU] 3,450,028 evals (88994 batches, avg 39/batch = 8% of 512, 3666 evals/s, 270 msg/s, 13.6 leaves/msg, 941s)
2026-08-25 12:15:05   [GPU] 3,500,063 evals (90214 batches, avg 39/batch = 8% of 512, 3668 evals/s, 270 msg/s, 13.6 leaves/msg, 954s)
2026-08-25 12:15:15   [GPU] 3,550,028 evals (91265 batches, avg 39/batch = 8% of 512, 3680 evals/s, 271 msg/s, 13.6 leaves/msg, 965s)
2026-08-25 12:15:27   [GPU] 3,600,021 evals (92398 batches, avg 39/batch = 8% of 512, 3687 evals/s, 272 msg/s, 13.6 leaves/msg, 976s)
2026-08-25 12:15:39 [iter 22/40] self-play: 115/160 games...
2026-08-25 12:15:39   [GPU] 3,650,000 evals (93581 batches, avg 39/batch = 8% of 512, 3692 evals/s, 272 msg/s, 13.6 leaves/msg, 989s)
2026-08-25 12:15:51   [GPU] 3,700,016 evals (94692 batches, avg 39/batch = 8% of 512, 3700 evals/s, 272 msg/s, 13.6 leaves/msg, 1000s)
2026-08-25 12:16:04   [GPU] 3,750,053 evals (95986 batches, avg 39/batch = 8% of 512, 3701 evals/s, 273 msg/s, 13.6 leaves/msg, 1013s)
2026-08-25 12:16:12 [iter 22/40] self-play: 120/160 games...
2026-08-25 12:16:16   [GPU] 3,800,001 evals (97213 batches, avg 39/batch = 8% of 512, 3705 evals/s, 273 msg/s, 13.6 leaves/msg, 1026s)
2026-08-25 12:16:31   [GPU] 3,850,004 evals (98572 batches, avg 39/batch = 8% of 512, 3700 evals/s, 272 msg/s, 13.6 leaves/msg, 1041s)
2026-08-25 12:16:43   [GPU] 3,900,005 evals (99790 batches, avg 39/batch = 8% of 512, 3705 evals/s, 273 msg/s, 13.6 leaves/msg, 1053s)
2026-08-25 12:16:54 [iter 22/40] self-play: 125/160 games...
2026-08-25 12:16:55   [GPU] 3,950,054 evals (101001 batches, avg 39/batch = 8% of 512, 3710 evals/s, 273 msg/s, 13.6 leaves/msg, 1065s)
2026-08-25 12:17:08   [GPU] 4,000,038 evals (102267 batches, avg 39/batch = 8% of 512, 3712 evals/s, 273 msg/s, 13.6 leaves/msg, 1078s)
2026-08-25 12:17:22   [GPU] 4,050,036 evals (103557 batches, avg 39/batch = 8% of 512, 3712 evals/s, 273 msg/s, 13.6 leaves/msg, 1091s)
2026-08-25 12:17:36   [GPU] 4,100,040 evals (104882 batches, avg 39/batch = 8% of 512, 3710 evals/s, 273 msg/s, 13.6 leaves/msg, 1105s)
2026-08-25 12:17:49   [GPU] 4,150,011 evals (106160 batches, avg 39/batch = 8% of 512, 3712 evals/s, 273 msg/s, 13.6 leaves/msg, 1118s)
2026-08-25 12:17:51 [iter 22/40] self-play: 130/160 games...
2026-08-25 12:18:02   [GPU] 4,200,023 evals (107422 batches, avg 39/batch = 8% of 512, 3712 evals/s, 273 msg/s, 13.6 leaves/msg, 1131s)
2026-08-25 12:18:13   [GPU] 4,250,006 evals (108554 batches, avg 39/batch = 8% of 512, 3720 evals/s, 274 msg/s, 13.6 leaves/msg, 1143s)
2026-08-25 12:18:24   [GPU] 4,300,052 evals (109658 batches, avg 39/batch = 8% of 512, 3728 evals/s, 274 msg/s, 13.6 leaves/msg, 1153s)
2026-08-25 12:18:36   [GPU] 4,350,029 evals (110844 batches, avg 39/batch = 8% of 512, 3734 evals/s, 275 msg/s, 13.6 leaves/msg, 1165s)
2026-08-25 12:18:39 [iter 22/40] self-play: 135/160 games...
2026-08-25 12:18:48   [GPU] 4,400,027 evals (112097 batches, avg 39/batch = 8% of 512, 3736 evals/s, 275 msg/s, 13.6 leaves/msg, 1178s)
2026-08-25 12:19:01   [GPU] 4,450,000 evals (113341 batches, avg 39/batch = 8% of 512, 3739 evals/s, 276 msg/s, 13.6 leaves/msg, 1190s)
2026-08-25 12:19:14   [GPU] 4,500,045 evals (114572 batches, avg 39/batch = 8% of 512, 3741 evals/s, 276 msg/s, 13.6 leaves/msg, 1203s)
2026-08-25 12:19:25   [GPU] 4,550,012 evals (115741 batches, avg 39/batch = 8% of 512, 3746 evals/s, 276 msg/s, 13.6 leaves/msg, 1215s)
2026-08-25 12:19:27 [iter 22/40] self-play: 140/160 games...
2026-08-25 12:19:38   [GPU] 4,600,003 evals (116982 batches, avg 39/batch = 8% of 512, 3749 evals/s, 277 msg/s, 13.5 leaves/msg, 1227s)
2026-08-25 12:19:50   [GPU] 4,650,027 evals (118181 batches, avg 39/batch = 8% of 512, 3752 evals/s, 277 msg/s, 13.6 leaves/msg, 1239s)
2026-08-25 12:20:01   [GPU] 4,700,044 evals (119292 batches, avg 39/batch = 8% of 512, 3760 evals/s, 278 msg/s, 13.5 leaves/msg, 1250s)
2026-08-25 12:20:04 [iter 22/40] self-play: 145/160 games...
2026-08-25 12:20:13   [GPU] 4,750,018 evals (120612 batches, avg 39/batch = 8% of 512, 3761 evals/s, 278 msg/s, 13.5 leaves/msg, 1263s)
2026-08-25 12:20:19 [iter 22/40] self-play: 150/160 games...
2026-08-25 12:20:28   [GPU] 4,800,054 evals (122020 batches, avg 39/batch = 8% of 512, 3758 evals/s, 278 msg/s, 13.5 leaves/msg, 1277s)
2026-08-25 12:20:42   [GPU] 4,850,015 evals (123356 batches, avg 39/batch = 8% of 512, 3757 evals/s, 278 msg/s, 13.5 leaves/msg, 1291s)
2026-08-25 12:20:58   [GPU] 4,900,022 evals (124913 batches, avg 39/batch = 8% of 512, 3748 evals/s, 277 msg/s, 13.5 leaves/msg, 1307s)
2026-08-25 12:21:15   [GPU] 4,950,051 evals (126489 batches, avg 39/batch = 8% of 512, 3739 evals/s, 276 msg/s, 13.5 leaves/msg, 1324s)
2026-08-25 12:21:16 [iter 22/40] self-play: 155/160 games...
2026-08-25 12:21:36   [GPU] 5,000,020 evals (128374 batches, avg 39/batch = 8% of 512, 3716 evals/s, 275 msg/s, 13.5 leaves/msg, 1345s)
2026-08-25 12:21:55   [GPU] 5,050,009 evals (130138 batches, avg 39/batch = 8% of 512, 3701 evals/s, 274 msg/s, 13.5 leaves/msg, 1365s)
2026-08-25 12:22:32   [GPU] 5,100,000 evals (132796 batches, avg 38/batch = 8% of 512, 3638 evals/s, 269 msg/s, 13.5 leaves/msg, 1402s)
2026-08-25 12:23:59   [GPU] 5,150,001 evals (136870 batches, avg 38/batch = 7% of 512, 3460 evals/s, 257 msg/s, 13.5 leaves/msg, 1488s)
2026-08-25 12:25:32   [GPU] 5,200,010 evals (141059 batches, avg 37/batch = 7% of 512, 3289 evals/s, 244 msg/s, 13.5 leaves/msg, 1581s)
2026-08-25 12:26:37 [iter 22/40] self-play: 160/160 games...
2026-08-25 12:26:38 [iter 22/40] self-play done: 160 games (1647s) | wins: P0=28, P1=35, P2=28, P3=55, draw=14 | draw_rate=9% avg_len~31
2026-08-25 12:26:38 [iter 22/40] search: expanded=7.9 actions/node visits/action=75.5 walls/game=5.49 first_wall_ply=2.494 learner_sims/s=3418.47
2026-08-25 12:26:38 [iter 22/40] training (600 steps, lr=5.15e-04)...
2026-08-25 12:26:46 [iter 22/40] training done: loss_p=1.251 loss_v=0.138 (8s)
2026-08-25 12:26:47 [iter 22/40] data: policy_wall_mass=0.128 walled_states=70% walls_on_board=20.2 value_mae walled=0.187 free=0.315
2026-08-25 12:26:48 [iter 22/40] eval skipped (eval_every=4)
2026-08-25 12:26:48 >>> iter 22 | loss_p=1.251 loss_v=0.138 | vs_best=n/a (not evaluated) | vs_rand=n/a | draw=9% | buf=100000 | rss=3.38GB | sp=1647s train=8s eval_best=0s eval_rand=0s | total=1658s
2026-08-25 12:26:48 [iter 23/40] self-play starting (160 games, 600 sims, MIXED 80/160 race-only)...
2026-08-25 12:26:48 [PARALLEL-MP] 8 workers spawned (160 games, sims=600), GPU batcher starting...
2026-08-25 12:27:06 [iter 23/40] self-play: 5/160 games...
2026-08-25 12:27:06   [GPU] 50,010 evals (1463 batches, avg 34/batch = 7% of 512, 2859 evals/s, 215 msg/s, 13.3 leaves/msg, 17s)
2026-08-25 12:27:18 [iter 23/40] self-play: 10/160 games...
2026-08-25 12:27:22   [GPU] 100,000 evals (3021 batches, avg 33/batch = 6% of 512, 2954 evals/s, 226 msg/s, 13.1 leaves/msg, 34s)
2026-08-25 12:27:42   [GPU] 150,017 evals (4760 batches, avg 32/batch = 6% of 512, 2807 evals/s, 212 msg/s, 13.2 leaves/msg, 53s)
2026-08-25 12:27:43 [iter 23/40] self-play: 15/160 games...
2026-08-25 12:28:01   [GPU] 200,001 evals (6429 batches, avg 31/batch = 6% of 512, 2752 evals/s, 205 msg/s, 13.5 leaves/msg, 73s)
2026-08-25 12:28:22   [GPU] 250,003 evals (8116 batches, avg 31/batch = 6% of 512, 2673 evals/s, 196 msg/s, 13.6 leaves/msg, 94s)
2026-08-25 12:28:32 [iter 23/40] self-play: 20/160 games...
2026-08-25 12:28:37   [GPU] 300,044 evals (9489 batches, avg 32/batch = 6% of 512, 2773 evals/s, 203 msg/s, 13.6 leaves/msg, 108s)
2026-08-25 12:28:50   [GPU] 350,004 evals (10704 batches, avg 33/batch = 6% of 512, 2884 evals/s, 209 msg/s, 13.8 leaves/msg, 121s)
2026-08-25 12:29:01   [GPU] 400,040 evals (11830 batches, avg 34/batch = 7% of 512, 3006 evals/s, 216 msg/s, 13.9 leaves/msg, 133s)
2026-08-25 12:29:14   [GPU] 450,039 evals (13091 batches, avg 34/batch = 7% of 512, 3088 evals/s, 223 msg/s, 13.9 leaves/msg, 146s)
2026-08-25 12:29:16 [iter 23/40] self-play: 25/160 games...
2026-08-25 12:29:26   [GPU] 500,006 evals (14320 batches, avg 35/batch = 7% of 512, 3170 evals/s, 230 msg/s, 13.8 leaves/msg, 158s)
2026-08-25 12:29:36 [iter 23/40] self-play: 30/160 games...
2026-08-25 12:29:39   [GPU] 550,013 evals (15627 batches, avg 35/batch = 7% of 512, 3215 evals/s, 234 msg/s, 13.8 leaves/msg, 171s)
2026-08-25 12:29:53   [GPU] 600,025 evals (16941 batches, avg 35/batch = 7% of 512, 3250 evals/s, 236 msg/s, 13.8 leaves/msg, 185s)
2026-08-25 12:29:59 [iter 23/40] self-play: 35/160 games...
2026-08-25 12:30:07   [GPU] 650,018 evals (18368 batches, avg 35/batch = 7% of 512, 3266 evals/s, 238 msg/s, 13.7 leaves/msg, 199s)
2026-08-25 12:30:21   [GPU] 700,015 evals (19689 batches, avg 36/batch = 7% of 512, 3292 evals/s, 240 msg/s, 13.7 leaves/msg, 213s)
2026-08-25 12:30:35   [GPU] 750,013 evals (21004 batches, avg 36/batch = 7% of 512, 3308 evals/s, 240 msg/s, 13.8 leaves/msg, 227s)
2026-08-25 12:30:47   [GPU] 800,004 evals (22178 batches, avg 36/batch = 7% of 512, 3355 evals/s, 243 msg/s, 13.8 leaves/msg, 238s)
2026-08-25 12:30:52 [iter 23/40] self-play: 40/160 games...
2026-08-25 12:30:59   [GPU] 850,013 evals (23377 batches, avg 36/batch = 7% of 512, 3394 evals/s, 245 msg/s, 13.8 leaves/msg, 250s)
2026-08-25 12:31:11   [GPU] 900,019 evals (24605 batches, avg 37/batch = 7% of 512, 3421 evals/s, 247 msg/s, 13.9 leaves/msg, 263s)
2026-08-25 12:31:24   [GPU] 950,008 evals (25803 batches, avg 37/batch = 7% of 512, 3446 evals/s, 248 msg/s, 13.9 leaves/msg, 276s)
2026-08-25 12:31:36   [GPU] 1,000,040 evals (26952 batches, avg 37/batch = 7% of 512, 3477 evals/s, 250 msg/s, 13.9 leaves/msg, 288s)
2026-08-25 12:31:47   [GPU] 1,050,041 evals (28040 batches, avg 37/batch = 7% of 512, 3514 evals/s, 252 msg/s, 13.9 leaves/msg, 299s)
2026-08-25 12:31:58   [GPU] 1,100,051 evals (29112 batches, avg 38/batch = 7% of 512, 3551 evals/s, 254 msg/s, 14.0 leaves/msg, 310s)
2026-08-25 12:32:09   [GPU] 1,150,000 evals (30164 batches, avg 38/batch = 7% of 512, 3588 evals/s, 257 msg/s, 14.0 leaves/msg, 321s)
2026-08-25 12:32:20   [GPU] 1,200,024 evals (31210 batches, avg 38/batch = 8% of 512, 3622 evals/s, 259 msg/s, 14.0 leaves/msg, 331s)
2026-08-25 12:32:31   [GPU] 1,250,029 evals (32343 batches, avg 39/batch = 8% of 512, 3647 evals/s, 262 msg/s, 13.9 leaves/msg, 343s)
2026-08-25 12:32:44   [GPU] 1,300,002 evals (33551 batches, avg 39/batch = 8% of 512, 3660 evals/s, 264 msg/s, 13.8 leaves/msg, 355s)
2026-08-25 12:32:47 [iter 23/40] self-play: 45/160 games...
2026-08-25 12:32:55   [GPU] 1,350,049 evals (34677 batches, avg 39/batch = 8% of 512, 3681 evals/s, 266 msg/s, 13.9 leaves/msg, 367s)
2026-08-25 12:33:08   [GPU] 1,400,018 evals (35889 batches, avg 39/batch = 8% of 512, 3689 evals/s, 267 msg/s, 13.8 leaves/msg, 380s)
2026-08-25 12:33:20   [GPU] 1,450,007 evals (37066 batches, avg 39/batch = 8% of 512, 3698 evals/s, 267 msg/s, 13.8 leaves/msg, 392s)
2026-08-25 12:33:32   [GPU] 1,500,032 evals (38187 batches, avg 39/batch = 8% of 512, 3715 evals/s, 268 msg/s, 13.9 leaves/msg, 404s)
2026-08-25 12:33:44   [GPU] 1,550,037 evals (39318 batches, avg 39/batch = 8% of 512, 3731 evals/s, 270 msg/s, 13.8 leaves/msg, 415s)
2026-08-25 12:33:56   [GPU] 1,600,017 evals (40478 batches, avg 40/batch = 8% of 512, 3741 evals/s, 270 msg/s, 13.8 leaves/msg, 428s)
2026-08-25 12:34:09   [GPU] 1,650,003 evals (41655 batches, avg 40/batch = 8% of 512, 3746 evals/s, 271 msg/s, 13.8 leaves/msg, 440s)
2026-08-25 12:34:21   [GPU] 1,700,037 evals (42793 batches, avg 40/batch = 8% of 512, 3756 evals/s, 271 msg/s, 13.9 leaves/msg, 453s)
2026-08-25 12:34:32   [GPU] 1,750,064 evals (43876 batches, avg 40/batch = 8% of 512, 3771 evals/s, 272 msg/s, 13.9 leaves/msg, 464s)
2026-08-25 12:34:41 [iter 23/40] self-play: 50/160 games...
2026-08-25 12:34:43   [GPU] 1,800,022 evals (44999 batches, avg 40/batch = 8% of 512, 3788 evals/s, 273 msg/s, 13.9 leaves/msg, 475s)
2026-08-25 12:34:55   [GPU] 1,850,022 evals (46168 batches, avg 40/batch = 8% of 512, 3800 evals/s, 275 msg/s, 13.8 leaves/msg, 487s)
2026-08-25 12:35:04 [iter 23/40] self-play: 55/160 games...
2026-08-25 12:35:07   [GPU] 1,900,042 evals (47396 batches, avg 40/batch = 8% of 512, 3809 evals/s, 276 msg/s, 13.8 leaves/msg, 499s)
2026-08-25 12:35:21   [GPU] 1,950,022 evals (48690 batches, avg 40/batch = 8% of 512, 3807 evals/s, 276 msg/s, 13.8 leaves/msg, 512s)
2026-08-25 12:35:30 [iter 23/40] self-play: 60/160 games...
2026-08-25 12:35:34   [GPU] 2,000,012 evals (50021 batches, avg 40/batch = 8% of 512, 3804 evals/s, 276 msg/s, 13.8 leaves/msg, 526s)
2026-08-25 12:35:49   [GPU] 2,050,012 evals (51422 batches, avg 40/batch = 8% of 512, 3794 evals/s, 276 msg/s, 13.8 leaves/msg, 540s)
2026-08-25 12:36:03   [GPU] 2,100,025 evals (52764 batches, avg 40/batch = 8% of 512, 3789 evals/s, 275 msg/s, 13.8 leaves/msg, 554s)
2026-08-25 12:36:04 [iter 23/40] self-play: 65/160 games...
2026-08-25 12:36:18   [GPU] 2,150,034 evals (54231 batches, avg 40/batch = 8% of 512, 3772 evals/s, 274 msg/s, 13.8 leaves/msg, 570s)
2026-08-25 12:36:32   [GPU] 2,200,018 evals (55568 batches, avg 40/batch = 8% of 512, 3767 evals/s, 274 msg/s, 13.8 leaves/msg, 584s)
2026-08-25 12:36:45   [GPU] 2,250,018 evals (56845 batches, avg 40/batch = 8% of 512, 3768 evals/s, 274 msg/s, 13.8 leaves/msg, 597s)
2026-08-25 12:36:58 [iter 23/40] self-play: 70/160 games...
2026-08-25 12:37:01   [GPU] 2,300,006 evals (58286 batches, avg 39/batch = 8% of 512, 3757 evals/s, 274 msg/s, 13.7 leaves/msg, 612s)
2026-08-25 12:37:15   [GPU] 2,350,032 evals (59684 batches, avg 39/batch = 8% of 512, 3748 evals/s, 273 msg/s, 13.7 leaves/msg, 627s)
2026-08-25 12:37:22 [iter 23/40] self-play: 75/160 games...
2026-08-25 12:37:30   [GPU] 2,400,022 evals (61072 batches, avg 39/batch = 8% of 512, 3741 evals/s, 273 msg/s, 13.7 leaves/msg, 641s)
2026-08-25 12:37:45   [GPU] 2,450,030 evals (62503 batches, avg 39/batch = 8% of 512, 3732 evals/s, 272 msg/s, 13.7 leaves/msg, 657s)
2026-08-25 12:37:59   [GPU] 2,500,015 evals (63875 batches, avg 39/batch = 8% of 512, 3726 evals/s, 271 msg/s, 13.7 leaves/msg, 671s)
2026-08-25 12:38:08 [iter 23/40] self-play: 80/160 games...
2026-08-25 12:38:12   [GPU] 2,550,023 evals (65145 batches, avg 39/batch = 8% of 512, 3729 evals/s, 271 msg/s, 13.7 leaves/msg, 684s)
2026-08-25 12:38:26   [GPU] 2,600,008 evals (66522 batches, avg 39/batch = 8% of 512, 3725 evals/s, 271 msg/s, 13.7 leaves/msg, 698s)
2026-08-25 12:38:41   [GPU] 2,650,015 evals (67901 batches, avg 39/batch = 8% of 512, 3718 evals/s, 270 msg/s, 13.8 leaves/msg, 713s)
2026-08-25 12:38:54   [GPU] 2,700,062 evals (69144 batches, avg 39/batch = 8% of 512, 3723 evals/s, 270 msg/s, 13.8 leaves/msg, 725s)
2026-08-25 12:39:01 [iter 23/40] self-play: 85/160 games...
2026-08-25 12:39:07   [GPU] 2,750,009 evals (70423 batches, avg 39/batch = 8% of 512, 3724 evals/s, 271 msg/s, 13.8 leaves/msg, 738s)
2026-08-25 12:39:21   [GPU] 2,800,031 evals (71786 batches, avg 39/batch = 8% of 512, 3722 evals/s, 270 msg/s, 13.8 leaves/msg, 752s)
2026-08-25 12:39:34   [GPU] 2,850,009 evals (73077 batches, avg 39/batch = 8% of 512, 3722 evals/s, 270 msg/s, 13.8 leaves/msg, 766s)
2026-08-25 12:39:47   [GPU] 2,900,015 evals (74311 batches, avg 39/batch = 8% of 512, 3726 evals/s, 270 msg/s, 13.8 leaves/msg, 778s)
2026-08-25 12:39:59   [GPU] 2,950,024 evals (75510 batches, avg 39/batch = 8% of 512, 3732 evals/s, 271 msg/s, 13.8 leaves/msg, 790s)
2026-08-25 12:40:10   [GPU] 3,000,016 evals (76622 batches, avg 39/batch = 8% of 512, 3743 evals/s, 271 msg/s, 13.8 leaves/msg, 801s)
2026-08-25 12:40:21   [GPU] 3,050,008 evals (77734 batches, avg 39/batch = 8% of 512, 3755 evals/s, 272 msg/s, 13.8 leaves/msg, 812s)
2026-08-25 12:40:32   [GPU] 3,100,014 evals (78914 batches, avg 39/batch = 8% of 512, 3762 evals/s, 273 msg/s, 13.8 leaves/msg, 824s)
2026-08-25 12:40:42   [GPU] 3,150,029 evals (79952 batches, avg 39/batch = 8% of 512, 3777 evals/s, 274 msg/s, 13.8 leaves/msg, 834s)
2026-08-25 12:40:53   [GPU] 3,200,007 evals (80998 batches, avg 40/batch = 8% of 512, 3790 evals/s, 276 msg/s, 13.7 leaves/msg, 844s)
2026-08-25 12:40:55 [iter 23/40] self-play: 90/160 games...
2026-08-25 12:41:04   [GPU] 3,250,026 evals (82188 batches, avg 40/batch = 8% of 512, 3797 evals/s, 276 msg/s, 13.7 leaves/msg, 856s)
2026-08-25 12:41:16   [GPU] 3,300,058 evals (83315 batches, avg 40/batch = 8% of 512, 3805 evals/s, 277 msg/s, 13.8 leaves/msg, 867s)
2026-08-25 12:41:26   [GPU] 3,350,013 evals (84407 batches, avg 40/batch = 8% of 512, 3816 evals/s, 278 msg/s, 13.7 leaves/msg, 878s)
2026-08-25 12:41:39   [GPU] 3,400,016 evals (85615 batches, avg 40/batch = 8% of 512, 3819 evals/s, 278 msg/s, 13.7 leaves/msg, 890s)
2026-08-25 12:41:45 [iter 23/40] self-play: 95/160 games...
2026-08-25 12:41:51   [GPU] 3,450,012 evals (86811 batches, avg 40/batch = 8% of 512, 3823 evals/s, 278 msg/s, 13.7 leaves/msg, 902s)
2026-08-25 12:42:02   [GPU] 3,500,004 evals (87937 batches, avg 40/batch = 8% of 512, 3831 evals/s, 279 msg/s, 13.8 leaves/msg, 914s)
2026-08-25 12:42:15   [GPU] 3,550,034 evals (89210 batches, avg 40/batch = 8% of 512, 3833 evals/s, 279 msg/s, 13.7 leaves/msg, 926s)
2026-08-25 12:42:28 [iter 23/40] self-play: 100/160 games...
2026-08-25 12:42:29   [GPU] 3,600,040 evals (90570 batches, avg 40/batch = 8% of 512, 3829 evals/s, 279 msg/s, 13.7 leaves/msg, 940s)
2026-08-25 12:42:41   [GPU] 3,650,039 evals (91797 batches, avg 40/batch = 8% of 512, 3831 evals/s, 279 msg/s, 13.7 leaves/msg, 953s)
2026-08-25 12:42:54   [GPU] 3,700,017 evals (93076 batches, avg 40/batch = 8% of 512, 3832 evals/s, 279 msg/s, 13.7 leaves/msg, 966s)
2026-08-25 12:43:08   [GPU] 3,750,007 evals (94374 batches, avg 40/batch = 8% of 512, 3830 evals/s, 278 msg/s, 13.8 leaves/msg, 979s)
2026-08-25 12:43:20   [GPU] 3,800,006 evals (95607 batches, avg 40/batch = 8% of 512, 3833 evals/s, 279 msg/s, 13.7 leaves/msg, 991s)
2026-08-25 12:43:23 [iter 23/40] self-play: 105/160 games...
2026-08-25 12:43:34   [GPU] 3,850,007 evals (97054 batches, avg 40/batch = 8% of 512, 3827 evals/s, 279 msg/s, 13.7 leaves/msg, 1006s)
2026-08-25 12:43:42 [iter 23/40] self-play: 110/160 games...
2026-08-25 12:43:49   [GPU] 3,900,004 evals (98438 batches, avg 40/batch = 8% of 512, 3822 evals/s, 279 msg/s, 13.7 leaves/msg, 1020s)
2026-08-25 12:44:03 [iter 23/40] self-play: 115/160 games...
2026-08-25 12:44:04   [GPU] 3,950,026 evals (99883 batches, avg 40/batch = 8% of 512, 3812 evals/s, 278 msg/s, 13.7 leaves/msg, 1036s)
2026-08-25 12:44:20   [GPU] 4,000,030 evals (101353 batches, avg 39/batch = 8% of 512, 3803 evals/s, 277 msg/s, 13.7 leaves/msg, 1052s)
2026-08-25 12:44:38   [GPU] 4,050,060 evals (102974 batches, avg 39/batch = 8% of 512, 3785 evals/s, 276 msg/s, 13.7 leaves/msg, 1070s)
2026-08-25 12:44:53   [GPU] 4,100,030 evals (104349 batches, avg 39/batch = 8% of 512, 3781 evals/s, 276 msg/s, 13.7 leaves/msg, 1084s)
2026-08-25 12:45:02 [iter 23/40] self-play: 120/160 games...
2026-08-25 12:45:06   [GPU] 4,150,048 evals (105626 batches, avg 39/batch = 8% of 512, 3781 evals/s, 276 msg/s, 13.7 leaves/msg, 1098s)
2026-08-25 12:45:19   [GPU] 4,200,063 evals (106816 batches, avg 39/batch = 8% of 512, 3783 evals/s, 276 msg/s, 13.7 leaves/msg, 1110s)
2026-08-25 12:45:31   [GPU] 4,250,036 evals (108048 batches, avg 39/batch = 8% of 512, 3784 evals/s, 276 msg/s, 13.7 leaves/msg, 1123s)
2026-08-25 12:45:44   [GPU] 4,300,048 evals (109261 batches, avg 39/batch = 8% of 512, 3787 evals/s, 276 msg/s, 13.7 leaves/msg, 1136s)
2026-08-25 12:45:55   [GPU] 4,350,043 evals (110398 batches, avg 39/batch = 8% of 512, 3794 evals/s, 277 msg/s, 13.7 leaves/msg, 1146s)
2026-08-25 12:45:56 [iter 23/40] self-play: 125/160 games...
2026-08-25 12:46:08   [GPU] 4,400,031 evals (111628 batches, avg 39/batch = 8% of 512, 3795 evals/s, 277 msg/s, 13.7 leaves/msg, 1159s)
2026-08-25 12:46:16 [iter 23/40] self-play: 130/160 games...
2026-08-25 12:46:21   [GPU] 4,450,020 evals (112847 batches, avg 39/batch = 8% of 512, 3796 evals/s, 277 msg/s, 13.7 leaves/msg, 1172s)
2026-08-25 12:46:33   [GPU] 4,500,042 evals (114019 batches, avg 39/batch = 8% of 512, 3799 evals/s, 277 msg/s, 13.7 leaves/msg, 1184s)
2026-08-25 12:46:45   [GPU] 4,550,039 evals (115252 batches, avg 39/batch = 8% of 512, 3801 evals/s, 278 msg/s, 13.7 leaves/msg, 1197s)
2026-08-25 12:46:47 [iter 23/40] self-play: 135/160 games...
2026-08-25 12:46:58   [GPU] 4,600,000 evals (116537 batches, avg 39/batch = 8% of 512, 3802 evals/s, 278 msg/s, 13.7 leaves/msg, 1210s)
2026-08-25 12:47:12 [iter 23/40] self-play: 140/160 games...
2026-08-25 12:47:13   [GPU] 4,650,012 evals (117925 batches, avg 39/batch = 8% of 512, 3797 evals/s, 277 msg/s, 13.7 leaves/msg, 1225s)
2026-08-25 12:47:28   [GPU] 4,700,039 evals (119273 batches, avg 39/batch = 8% of 512, 3792 evals/s, 277 msg/s, 13.7 leaves/msg, 1239s)
2026-08-25 12:47:42   [GPU] 4,750,032 evals (120613 batches, avg 39/batch = 8% of 512, 3789 evals/s, 277 msg/s, 13.7 leaves/msg, 1254s)
2026-08-25 12:47:54   [GPU] 4,800,030 evals (121837 batches, avg 39/batch = 8% of 512, 3792 evals/s, 277 msg/s, 13.7 leaves/msg, 1266s)
2026-08-25 12:48:01 [iter 23/40] self-play: 145/160 games...
2026-08-25 12:48:08   [GPU] 4,850,010 evals (123164 batches, avg 39/batch = 8% of 512, 3791 evals/s, 277 msg/s, 13.7 leaves/msg, 1279s)
2026-08-25 12:48:22   [GPU] 4,900,006 evals (124470 batches, avg 39/batch = 8% of 512, 3789 evals/s, 277 msg/s, 13.7 leaves/msg, 1293s)
2026-08-25 12:48:33   [GPU] 4,950,039 evals (125631 batches, avg 39/batch = 8% of 512, 3794 evals/s, 277 msg/s, 13.7 leaves/msg, 1305s)
2026-08-25 12:48:45   [GPU] 5,000,026 evals (126788 batches, avg 39/batch = 8% of 512, 3798 evals/s, 277 msg/s, 13.7 leaves/msg, 1316s)
2026-08-25 12:48:52 [iter 23/40] self-play: 150/160 games...
2026-08-25 12:48:58   [GPU] 5,050,040 evals (128079 batches, avg 39/batch = 8% of 512, 3798 evals/s, 277 msg/s, 13.7 leaves/msg, 1330s)
2026-08-25 12:49:11   [GPU] 5,100,005 evals (129328 batches, avg 39/batch = 8% of 512, 3799 evals/s, 277 msg/s, 13.7 leaves/msg, 1342s)
2026-08-25 12:49:18 [iter 23/40] self-play: 155/160 games...
2026-08-25 12:49:28   [GPU] 5,150,029 evals (130963 batches, avg 39/batch = 8% of 512, 3788 evals/s, 277 msg/s, 13.7 leaves/msg, 1360s)
2026-08-25 12:49:48   [GPU] 5,200,009 evals (132739 batches, avg 39/batch = 8% of 512, 3770 evals/s, 275 msg/s, 13.7 leaves/msg, 1379s)
2026-08-25 12:50:07   [GPU] 5,250,031 evals (134460 batches, avg 39/batch = 8% of 512, 3754 evals/s, 274 msg/s, 13.7 leaves/msg, 1398s)
2026-08-25 12:50:23   [GPU] 5,300,018 evals (136035 batches, avg 39/batch = 8% of 512, 3745 evals/s, 273 msg/s, 13.7 leaves/msg, 1415s)
2026-08-25 12:50:39   [GPU] 5,350,023 evals (137567 batches, avg 39/batch = 8% of 512, 3739 evals/s, 273 msg/s, 13.7 leaves/msg, 1431s)
2026-08-25 12:51:01   [GPU] 5,400,020 evals (139483 batches, avg 39/batch = 8% of 512, 3719 evals/s, 271 msg/s, 13.7 leaves/msg, 1452s)
2026-08-25 12:51:31   [GPU] 5,450,004 evals (141730 batches, avg 38/batch = 8% of 512, 3677 evals/s, 268 msg/s, 13.7 leaves/msg, 1482s)
2026-08-25 12:51:59   [GPU] 5,500,008 evals (143988 batches, avg 38/batch = 7% of 512, 3642 evals/s, 266 msg/s, 13.7 leaves/msg, 1510s)
2026-08-25 12:52:42   [GPU] 5,550,001 evals (146712 batches, avg 38/batch = 7% of 512, 3571 evals/s, 261 msg/s, 13.7 leaves/msg, 1554s)
2026-08-25 12:53:27   [GPU] 5,600,023 evals (149440 batches, avg 37/batch = 7% of 512, 3503 evals/s, 256 msg/s, 13.7 leaves/msg, 1599s)
2026-08-25 12:53:56 [iter 23/40] self-play: 160/160 games...
2026-08-25 12:53:56 [iter 23/40] self-play done: 160 games (1628s) | wins: P0=33, P1=39, P2=25, P3=48, draw=15 | draw_rate=9% avg_len~33
2026-08-25 12:53:56 [iter 23/40] search: expanded=8.0 actions/node visits/action=75.2 walls/game=5.45 first_wall_ply=3.447 learner_sims/s=3706.47
2026-08-25 12:53:56 [iter 23/40] training (600 steps, lr=4.80e-04)...
2026-08-25 12:54:05 [iter 23/40] training done: loss_p=1.248 loss_v=0.136 (8s)
2026-08-25 12:54:06 [iter 23/40] data: policy_wall_mass=0.115 walled_states=70% walls_on_board=21.5 value_mae walled=0.192 free=0.329
2026-08-25 12:54:07 [iter 23/40] eval skipped (eval_every=4)
2026-08-25 12:54:07 >>> iter 23 | loss_p=1.248 loss_v=0.136 | vs_best=n/a (not evaluated) | vs_rand=n/a | draw=9% | buf=100000 | rss=3.40GB | sp=1628s train=8s eval_best=0s eval_rand=0s | total=1638s
2026-08-25 12:54:07 [iter 24/40] self-play starting (160 games, 600 sims, MIXED 80/160 race-only)...
2026-08-25 12:54:07 [PARALLEL-MP] 8 workers spawned (160 games, sims=600), GPU batcher starting...
2026-08-25 12:54:25   [GPU] 50,019 evals (1507 batches, avg 33/batch = 6% of 512, 2803 evals/s, 203 msg/s, 13.8 leaves/msg, 18s)
2026-08-25 12:54:27 [iter 24/40] self-play: 5/160 games...
2026-08-25 12:54:41   [GPU] 100,024 evals (3110 batches, avg 32/batch = 6% of 512, 2914 evals/s, 218 msg/s, 13.4 leaves/msg, 34s)
2026-08-25 12:54:43 [iter 24/40] self-play: 10/160 games...
2026-08-25 12:55:00   [GPU] 150,031 evals (4841 batches, avg 31/batch = 6% of 512, 2797 evals/s, 210 msg/s, 13.3 leaves/msg, 54s)
2026-08-25 12:55:04 [iter 24/40] self-play: 15/160 games...
2026-08-25 12:55:20   [GPU] 200,036 evals (6618 batches, avg 30/batch = 6% of 512, 2719 evals/s, 204 msg/s, 13.3 leaves/msg, 74s)
2026-08-25 12:55:42   [GPU] 250,050 evals (8295 batches, avg 30/batch = 6% of 512, 2634 evals/s, 193 msg/s, 13.6 leaves/msg, 95s)
2026-08-25 12:55:55 [iter 24/40] self-play: 20/160 games...
2026-08-25 12:55:56   [GPU] 300,040 evals (9661 batches, avg 31/batch = 6% of 512, 2736 evals/s, 200 msg/s, 13.7 leaves/msg, 110s)
2026-08-25 12:56:11   [GPU] 350,017 evals (11015 batches, avg 32/batch = 6% of 512, 2813 evals/s, 204 msg/s, 13.8 leaves/msg, 124s)
2026-08-25 12:56:26   [GPU] 400,000 evals (12382 batches, avg 32/batch = 6% of 512, 2867 evals/s, 206 msg/s, 13.9 leaves/msg, 140s)
2026-08-25 12:56:40   [GPU] 450,005 evals (13690 batches, avg 33/batch = 6% of 512, 2933 evals/s, 210 msg/s, 13.9 leaves/msg, 153s)
2026-08-25 12:56:51 [iter 24/40] self-play: 25/160 games...
2026-08-25 12:56:53   [GPU] 500,030 evals (14924 batches, avg 34/batch = 7% of 512, 3010 evals/s, 218 msg/s, 13.8 leaves/msg, 166s)
2026-08-25 12:57:06 [iter 24/40] self-play: 30/160 games...
2026-08-25 12:57:07   [GPU] 550,012 evals (16274 batches, avg 34/batch = 7% of 512, 3049 evals/s, 220 msg/s, 13.8 leaves/msg, 180s)
2026-08-25 12:57:22   [GPU] 600,054 evals (17651 batches, avg 34/batch = 7% of 512, 3075 evals/s, 222 msg/s, 13.8 leaves/msg, 195s)
2026-08-25 12:57:37   [GPU] 650,018 evals (19076 batches, avg 34/batch = 7% of 512, 3090 evals/s, 224 msg/s, 13.8 leaves/msg, 210s)
2026-08-25 12:57:45 [iter 24/40] self-play: 35/160 games...
2026-08-25 12:57:52   [GPU] 700,030 evals (20448 batches, avg 34/batch = 7% of 512, 3114 evals/s, 225 msg/s, 13.8 leaves/msg, 225s)
2026-08-25 12:58:05   [GPU] 750,041 evals (21760 batches, avg 34/batch = 7% of 512, 3149 evals/s, 228 msg/s, 13.8 leaves/msg, 238s)
2026-08-25 12:58:19   [GPU] 800,012 evals (23088 batches, avg 35/batch = 7% of 512, 3172 evals/s, 229 msg/s, 13.9 leaves/msg, 252s)
2026-08-25 12:58:33   [GPU] 850,023 evals (24395 batches, avg 35/batch = 7% of 512, 3198 evals/s, 230 msg/s, 13.9 leaves/msg, 266s)
2026-08-25 12:58:45   [GPU] 900,000 evals (25603 batches, avg 35/batch = 7% of 512, 3238 evals/s, 233 msg/s, 13.9 leaves/msg, 278s)
2026-08-25 12:58:56   [GPU] 950,085 evals (26747 batches, avg 36/batch = 7% of 512, 3282 evals/s, 236 msg/s, 13.9 leaves/msg, 289s)
2026-08-25 12:59:07   [GPU] 1,000,027 evals (27849 batches, avg 36/batch = 7% of 512, 3332 evals/s, 239 msg/s, 13.9 leaves/msg, 300s)
2026-08-25 12:59:17   [GPU] 1,050,003 evals (28916 batches, avg 36/batch = 7% of 512, 3380 evals/s, 242 msg/s, 13.9 leaves/msg, 311s)
2026-08-25 12:59:28   [GPU] 1,100,041 evals (29953 batches, avg 37/batch = 7% of 512, 3429 evals/s, 246 msg/s, 13.9 leaves/msg, 321s)
2026-08-25 12:59:37   [GPU] 1,150,004 evals (30966 batches, avg 37/batch = 7% of 512, 3478 evals/s, 250 msg/s, 13.9 leaves/msg, 331s)
2026-08-25 12:59:48   [GPU] 1,200,005 evals (32056 batches, avg 37/batch = 7% of 512, 3517 evals/s, 253 msg/s, 13.9 leaves/msg, 341s)
2026-08-25 12:59:58   [GPU] 1,250,003 evals (33123 batches, avg 38/batch = 7% of 512, 3556 evals/s, 256 msg/s, 13.9 leaves/msg, 351s)
2026-08-25 13:00:08   [GPU] 1,300,015 evals (34127 batches, avg 38/batch = 7% of 512, 3602 evals/s, 259 msg/s, 13.9 leaves/msg, 361s)
2026-08-25 13:00:17 [iter 24/40] self-play: 40/160 games...
2026-08-25 13:00:17   [GPU] 1,350,006 evals (35151 batches, avg 38/batch = 8% of 512, 3642 evals/s, 263 msg/s, 13.8 leaves/msg, 371s)
2026-08-25 13:00:29   [GPU] 1,400,038 evals (36339 batches, avg 39/batch = 8% of 512, 3661 evals/s, 265 msg/s, 13.8 leaves/msg, 382s)
2026-08-25 13:00:37 [iter 24/40] self-play: 45/160 games...
2026-08-25 13:00:41   [GPU] 1,450,005 evals (37589 batches, avg 39/batch = 8% of 512, 3675 evals/s, 267 msg/s, 13.8 leaves/msg, 395s)
2026-08-25 13:00:54   [GPU] 1,500,015 evals (38832 batches, avg 39/batch = 8% of 512, 3683 evals/s, 268 msg/s, 13.8 leaves/msg, 407s)
2026-08-25 13:01:04 [iter 24/40] self-play: 50/160 games...
2026-08-25 13:01:07   [GPU] 1,550,012 evals (40090 batches, avg 39/batch = 8% of 512, 3690 evals/s, 269 msg/s, 13.7 leaves/msg, 420s)
2026-08-25 13:01:21   [GPU] 1,600,039 evals (41391 batches, avg 39/batch = 8% of 512, 3687 evals/s, 268 msg/s, 13.7 leaves/msg, 434s)
2026-08-25 13:01:35   [GPU] 1,650,017 evals (42744 batches, avg 39/batch = 8% of 512, 3678 evals/s, 268 msg/s, 13.7 leaves/msg, 449s)
2026-08-25 13:01:40 [iter 24/40] self-play: 55/160 games...
2026-08-25 13:01:48   [GPU] 1,700,006 evals (43925 batches, avg 39/batch = 8% of 512, 3689 evals/s, 269 msg/s, 13.7 leaves/msg, 461s)
2026-08-25 13:01:59   [GPU] 1,750,045 evals (45064 batches, avg 39/batch = 8% of 512, 3707 evals/s, 270 msg/s, 13.7 leaves/msg, 472s)
2026-08-25 13:02:11   [GPU] 1,800,043 evals (46281 batches, avg 39/batch = 8% of 512, 3714 evals/s, 271 msg/s, 13.7 leaves/msg, 485s)
2026-08-25 13:02:24   [GPU] 1,850,013 evals (47489 batches, avg 39/batch = 8% of 512, 3721 evals/s, 272 msg/s, 13.7 leaves/msg, 497s)
2026-08-25 13:02:37   [GPU] 1,900,007 evals (48730 batches, avg 39/batch = 8% of 512, 3721 evals/s, 271 msg/s, 13.7 leaves/msg, 511s)
2026-08-25 13:02:39 [iter 24/40] self-play: 60/160 games...
2026-08-25 13:02:50   [GPU] 1,950,037 evals (49936 batches, avg 39/batch = 8% of 512, 3727 evals/s, 272 msg/s, 13.7 leaves/msg, 523s)
2026-08-25 13:03:04   [GPU] 2,000,076 evals (51227 batches, avg 39/batch = 8% of 512, 3725 evals/s, 272 msg/s, 13.7 leaves/msg, 537s)
2026-08-25 13:03:09 [iter 24/40] self-play: 65/160 games...
2026-08-25 13:03:16   [GPU] 2,050,015 evals (52450 batches, avg 39/batch = 8% of 512, 3732 evals/s, 272 msg/s, 13.7 leaves/msg, 549s)
2026-08-25 13:03:27 [iter 24/40] self-play: 70/160 games...
2026-08-25 13:03:30   [GPU] 2,100,018 evals (53746 batches, avg 39/batch = 8% of 512, 3729 evals/s, 272 msg/s, 13.7 leaves/msg, 563s)
2026-08-25 13:03:44   [GPU] 2,150,005 evals (55084 batches, avg 39/batch = 8% of 512, 3724 evals/s, 272 msg/s, 13.7 leaves/msg, 577s)
2026-08-25 13:03:52 [iter 24/40] self-play: 75/160 games...
2026-08-25 13:03:59   [GPU] 2,200,009 evals (56451 batches, avg 39/batch = 8% of 512, 3717 evals/s, 272 msg/s, 13.7 leaves/msg, 592s)
2026-08-25 13:04:15   [GPU] 2,250,002 evals (57978 batches, avg 39/batch = 8% of 512, 3701 evals/s, 271 msg/s, 13.7 leaves/msg, 608s)
2026-08-25 13:04:19 [iter 24/40] self-play: 80/160 games...
2026-08-25 13:04:31   [GPU] 2,300,001 evals (59441 batches, avg 39/batch = 8% of 512, 3685 evals/s, 269 msg/s, 13.7 leaves/msg, 624s)
2026-08-25 13:04:46   [GPU] 2,350,008 evals (60835 batches, avg 39/batch = 8% of 512, 3674 evals/s, 268 msg/s, 13.7 leaves/msg, 640s)
2026-08-25 13:04:58 [iter 24/40] self-play: 85/160 games...
2026-08-25 13:05:01   [GPU] 2,400,005 evals (62240 batches, avg 39/batch = 8% of 512, 3667 evals/s, 268 msg/s, 13.7 leaves/msg, 654s)
2026-08-25 13:05:19   [GPU] 2,450,011 evals (63759 batches, avg 38/batch = 8% of 512, 3645 evals/s, 266 msg/s, 13.7 leaves/msg, 672s)
2026-08-25 13:05:33   [GPU] 2,500,015 evals (65023 batches, avg 38/batch = 8% of 512, 3645 evals/s, 266 msg/s, 13.7 leaves/msg, 686s)
2026-08-25 13:05:47   [GPU] 2,550,029 evals (66337 batches, avg 38/batch = 8% of 512, 3643 evals/s, 265 msg/s, 13.7 leaves/msg, 700s)
2026-08-25 13:06:02   [GPU] 2,600,023 evals (67642 batches, avg 38/batch = 8% of 512, 3638 evals/s, 265 msg/s, 13.7 leaves/msg, 715s)
2026-08-25 13:06:08 [iter 24/40] self-play: 90/160 games...
2026-08-25 13:06:16   [GPU] 2,650,072 evals (68982 batches, avg 38/batch = 8% of 512, 3633 evals/s, 264 msg/s, 13.8 leaves/msg, 729s)
2026-08-25 13:06:30   [GPU] 2,700,016 evals (70217 batches, avg 38/batch = 8% of 512, 3634 evals/s, 264 msg/s, 13.8 leaves/msg, 743s)
2026-08-25 13:06:41   [GPU] 2,750,012 evals (71368 batches, avg 39/batch = 8% of 512, 3645 evals/s, 265 msg/s, 13.8 leaves/msg, 754s)
2026-08-25 13:06:54   [GPU] 2,800,034 evals (72584 batches, avg 39/batch = 8% of 512, 3651 evals/s, 265 msg/s, 13.8 leaves/msg, 767s)
2026-08-25 13:07:07   [GPU] 2,850,054 evals (73812 batches, avg 39/batch = 8% of 512, 3655 evals/s, 265 msg/s, 13.8 leaves/msg, 780s)
2026-08-25 13:07:20   [GPU] 2,900,049 evals (75069 batches, avg 39/batch = 8% of 512, 3657 evals/s, 266 msg/s, 13.8 leaves/msg, 793s)
2026-08-25 13:07:30 [iter 24/40] self-play: 95/160 games...
2026-08-25 13:07:33   [GPU] 2,950,024 evals (76311 batches, avg 39/batch = 8% of 512, 3661 evals/s, 266 msg/s, 13.8 leaves/msg, 806s)
2026-08-25 13:07:44   [GPU] 3,000,027 evals (77470 batches, avg 39/batch = 8% of 512, 3672 evals/s, 267 msg/s, 13.8 leaves/msg, 817s)
2026-08-25 13:07:55   [GPU] 3,050,041 evals (78651 batches, avg 39/batch = 8% of 512, 3681 evals/s, 268 msg/s, 13.8 leaves/msg, 829s)
2026-08-25 13:08:07   [GPU] 3,100,001 evals (79832 batches, avg 39/batch = 8% of 512, 3689 evals/s, 268 msg/s, 13.8 leaves/msg, 840s)
2026-08-25 13:08:18   [GPU] 3,150,031 evals (80993 batches, avg 39/batch = 8% of 512, 3699 evals/s, 269 msg/s, 13.8 leaves/msg, 852s)
2026-08-25 13:08:31   [GPU] 3,200,028 evals (82241 batches, avg 39/batch = 8% of 512, 3703 evals/s, 269 msg/s, 13.7 leaves/msg, 864s)
2026-08-25 13:08:41 [iter 24/40] self-play: 100/160 games...
2026-08-25 13:08:43   [GPU] 3,250,005 evals (83430 batches, avg 39/batch = 8% of 512, 3711 evals/s, 270 msg/s, 13.7 leaves/msg, 876s)
2026-08-25 13:08:55   [GPU] 3,300,045 evals (84676 batches, avg 39/batch = 8% of 512, 3714 evals/s, 270 msg/s, 13.7 leaves/msg, 889s)
2026-08-25 13:09:09   [GPU] 3,350,016 evals (85988 batches, avg 39/batch = 8% of 512, 3713 evals/s, 270 msg/s, 13.7 leaves/msg, 902s)
2026-08-25 13:09:15 [iter 24/40] self-play: 105/160 games...
2026-08-25 13:09:22   [GPU] 3,400,014 evals (87256 batches, avg 39/batch = 8% of 512, 3716 evals/s, 271 msg/s, 13.7 leaves/msg, 915s)
2026-08-25 13:09:37   [GPU] 3,450,020 evals (88698 batches, avg 39/batch = 8% of 512, 3709 evals/s, 270 msg/s, 13.7 leaves/msg, 930s)
2026-08-25 13:09:51 [iter 24/40] self-play: 110/160 games...
2026-08-25 13:09:52   [GPU] 3,500,034 evals (90157 batches, avg 39/batch = 8% of 512, 3704 evals/s, 271 msg/s, 13.7 leaves/msg, 945s)
2026-08-25 13:10:06   [GPU] 3,550,032 evals (91548 batches, avg 39/batch = 8% of 512, 3700 evals/s, 270 msg/s, 13.7 leaves/msg, 960s)
2026-08-25 13:10:22   [GPU] 3,600,005 evals (93003 batches, avg 39/batch = 8% of 512, 3690 evals/s, 270 msg/s, 13.7 leaves/msg, 976s)
2026-08-25 13:10:25 [iter 24/40] self-play: 115/160 games...
2026-08-25 13:10:37   [GPU] 3,650,064 evals (94369 batches, avg 39/batch = 8% of 512, 3687 evals/s, 269 msg/s, 13.7 leaves/msg, 990s)
2026-08-25 13:10:50   [GPU] 3,700,003 evals (95661 batches, avg 39/batch = 8% of 512, 3688 evals/s, 270 msg/s, 13.7 leaves/msg, 1003s)
2026-08-25 13:11:05   [GPU] 3,750,007 evals (97040 batches, avg 39/batch = 8% of 512, 3683 evals/s, 269 msg/s, 13.7 leaves/msg, 1018s)
2026-08-25 13:11:19   [GPU] 3,800,017 evals (98347 batches, avg 39/batch = 8% of 512, 3680 evals/s, 269 msg/s, 13.7 leaves/msg, 1033s)
2026-08-25 13:11:33   [GPU] 3,850,015 evals (99586 batches, avg 39/batch = 8% of 512, 3680 evals/s, 269 msg/s, 13.7 leaves/msg, 1046s)
2026-08-25 13:11:46   [GPU] 3,900,019 evals (100849 batches, avg 39/batch = 8% of 512, 3681 evals/s, 269 msg/s, 13.7 leaves/msg, 1059s)
2026-08-25 13:11:58   [GPU] 3,950,023 evals (102014 batches, avg 39/batch = 8% of 512, 3688 evals/s, 269 msg/s, 13.7 leaves/msg, 1071s)
2026-08-25 13:11:59 [iter 24/40] self-play: 120/160 games...
2026-08-25 13:12:09   [GPU] 4,000,037 evals (103134 batches, avg 39/batch = 8% of 512, 3696 evals/s, 270 msg/s, 13.7 leaves/msg, 1082s)
2026-08-25 13:12:18 [iter 24/40] self-play: 125/160 games...
2026-08-25 13:12:21   [GPU] 4,050,012 evals (104368 batches, avg 39/batch = 8% of 512, 3700 evals/s, 270 msg/s, 13.7 leaves/msg, 1095s)
2026-08-25 13:12:34   [GPU] 4,100,024 evals (105609 batches, avg 39/batch = 8% of 512, 3704 evals/s, 271 msg/s, 13.7 leaves/msg, 1107s)
2026-08-25 13:12:45   [GPU] 4,150,027 evals (106799 batches, avg 39/batch = 8% of 512, 3711 evals/s, 271 msg/s, 13.7 leaves/msg, 1118s)
2026-08-25 13:12:50 [iter 24/40] self-play: 130/160 games...
2026-08-25 13:12:59   [GPU] 4,200,003 evals (108139 batches, avg 39/batch = 8% of 512, 3710 evals/s, 271 msg/s, 13.7 leaves/msg, 1132s)
2026-08-25 13:13:12 [iter 24/40] self-play: 135/160 games...
2026-08-25 13:13:13   [GPU] 4,250,036 evals (109500 batches, avg 39/batch = 8% of 512, 3709 evals/s, 271 msg/s, 13.7 leaves/msg, 1146s)
2026-08-25 13:13:27   [GPU] 4,300,038 evals (110846 batches, avg 39/batch = 8% of 512, 3707 evals/s, 271 msg/s, 13.7 leaves/msg, 1160s)
2026-08-25 13:13:43   [GPU] 4,350,022 evals (112311 batches, avg 39/batch = 8% of 512, 3700 evals/s, 271 msg/s, 13.7 leaves/msg, 1176s)
2026-08-25 13:13:46 [iter 24/40] self-play: 140/160 games...
2026-08-25 13:13:58   [GPU] 4,400,070 evals (113816 batches, avg 39/batch = 8% of 512, 3692 evals/s, 271 msg/s, 13.6 leaves/msg, 1192s)
2026-08-25 13:14:12 [iter 24/40] self-play: 145/160 games...
2026-08-25 13:14:16   [GPU] 4,450,031 evals (115435 batches, avg 39/batch = 8% of 512, 3680 evals/s, 270 msg/s, 13.6 leaves/msg, 1209s)
2026-08-25 13:14:33   [GPU] 4,500,045 evals (116969 batches, avg 38/batch = 8% of 512, 3670 evals/s, 269 msg/s, 13.6 leaves/msg, 1226s)
2026-08-25 13:14:43 [iter 24/40] self-play: 150/160 games...
2026-08-25 13:14:49   [GPU] 4,550,035 evals (118357 batches, avg 38/batch = 8% of 512, 3664 evals/s, 269 msg/s, 13.6 leaves/msg, 1242s)
2026-08-25 13:15:03   [GPU] 4,600,014 evals (119626 batches, avg 38/batch = 8% of 512, 3661 evals/s, 269 msg/s, 13.6 leaves/msg, 1257s)
2026-08-25 13:15:16   [GPU] 4,650,002 evals (120863 batches, avg 38/batch = 8% of 512, 3664 evals/s, 269 msg/s, 13.6 leaves/msg, 1269s)
2026-08-25 13:15:32   [GPU] 4,700,024 evals (122316 batches, avg 38/batch = 8% of 512, 3657 evals/s, 268 msg/s, 13.6 leaves/msg, 1285s)
2026-08-25 13:15:48   [GPU] 4,750,003 evals (123798 batches, avg 38/batch = 7% of 512, 3650 evals/s, 267 msg/s, 13.6 leaves/msg, 1301s)
2026-08-25 13:15:53 [iter 24/40] self-play: 155/160 games...
2026-08-25 13:16:08   [GPU] 4,800,019 evals (125484 batches, avg 38/batch = 7% of 512, 3634 evals/s, 266 msg/s, 13.7 leaves/msg, 1321s)
2026-08-25 13:16:28   [GPU] 4,850,032 evals (127186 batches, avg 38/batch = 7% of 512, 3617 evals/s, 265 msg/s, 13.7 leaves/msg, 1341s)
2026-08-25 13:16:54   [GPU] 4,900,003 evals (129243 batches, avg 38/batch = 7% of 512, 3584 evals/s, 262 msg/s, 13.7 leaves/msg, 1367s)
2026-08-25 13:17:25   [GPU] 4,950,002 evals (131484 batches, avg 38/batch = 7% of 512, 3540 evals/s, 259 msg/s, 13.7 leaves/msg, 1398s)
2026-08-25 13:17:56   [GPU] 5,000,040 evals (133757 batches, avg 37/batch = 7% of 512, 3498 evals/s, 256 msg/s, 13.7 leaves/msg, 1429s)
2026-08-25 13:18:26   [GPU] 5,050,001 evals (136016 batches, avg 37/batch = 7% of 512, 3461 evals/s, 253 msg/s, 13.7 leaves/msg, 1459s)
2026-08-25 13:18:56   [GPU] 5,100,023 evals (138281 batches, avg 37/batch = 7% of 512, 3425 evals/s, 250 msg/s, 13.7 leaves/msg, 1489s)
2026-08-25 13:20:29   [GPU] 5,150,007 evals (141816 batches, avg 36/batch = 7% of 512, 3255 evals/s, 238 msg/s, 13.7 leaves/msg, 1582s)
2026-08-25 13:22:20   [GPU] 5,200,006 evals (145368 batches, avg 36/batch = 7% of 512, 3072 evals/s, 225 msg/s, 13.7 leaves/msg, 1693s)
2026-08-25 13:22:28 [iter 24/40] self-play: 160/160 games...
2026-08-25 13:22:29 [iter 24/40] self-play done: 160 games (1702s) | wins: P0=35, P1=44, P2=20, P3=46, draw=15 | draw_rate=9% avg_len~28
2026-08-25 13:22:29 [iter 24/40] search: expanded=8.6 actions/node visits/action=69.9 walls/game=5.52 first_wall_ply=2.051 learner_sims/s=3299.26
2026-08-25 13:22:29 [iter 24/40] training (600 steps, lr=4.45e-04)...
2026-08-25 13:22:37 [iter 24/40] training done: loss_p=1.247 loss_v=0.137 (9s)
2026-08-25 13:22:38 [iter 24/40] data: policy_wall_mass=0.134 walled_states=67% walls_on_board=19.2 value_mae walled=0.214 free=0.331
2026-08-25 13:22:40 [iter 24/40] eval vs best (40 games, 600 sims)...
2026-08-25 13:22:40 [EVAL-MP] 8 workers spawned (40 vs_best games, sims=600), GPU batcher starting...
2026-08-25 13:23:10   [GPU] 50,040 evals (1646 batches, avg 30/batch = 6% of 512, 1641 evals/s, 107 msg/s, 15.4 leaves/msg, 30s)
2026-08-25 13:23:36   [GPU] 100,018 evals (3379 batches, avg 30/batch = 6% of 512, 1785 evals/s, 116 msg/s, 15.4 leaves/msg, 56s)
2026-08-25 13:23:58   [GPU] 150,038 evals (5010 batches, avg 30/batch = 6% of 512, 1925 evals/s, 125 msg/s, 15.4 leaves/msg, 78s)
2026-08-25 13:24:17   [GPU] 200,019 evals (6532 batches, avg 31/batch = 6% of 512, 2056 evals/s, 134 msg/s, 15.4 leaves/msg, 97s)
2026-08-25 13:24:33   [GPU] 250,030 evals (7863 batches, avg 32/batch = 6% of 512, 2196 evals/s, 143 msg/s, 15.3 leaves/msg, 114s)
2026-08-25 13:24:49   [GPU] 300,039 evals (9159 batches, avg 33/batch = 6% of 512, 2318 evals/s, 152 msg/s, 15.2 leaves/msg, 129s)
2026-08-25 13:25:04   [GPU] 350,009 evals (10415 batches, avg 34/batch = 7% of 512, 2422 evals/s, 161 msg/s, 15.1 leaves/msg, 145s)
2026-08-25 13:25:21   [GPU] 400,024 evals (11839 batches, avg 34/batch = 7% of 512, 2473 evals/s, 165 msg/s, 15.0 leaves/msg, 162s)
2026-08-25 13:25:38   [GPU] 450,012 evals (13251 batches, avg 34/batch = 7% of 512, 2517 evals/s, 168 msg/s, 15.0 leaves/msg, 179s)
2026-08-25 13:25:55   [GPU] 500,059 evals (14649 batches, avg 34/batch = 7% of 512, 2558 evals/s, 171 msg/s, 15.0 leaves/msg, 196s)
2026-08-25 13:26:12   [GPU] 550,015 evals (16019 batches, avg 34/batch = 7% of 512, 2595 evals/s, 173 msg/s, 15.0 leaves/msg, 212s)
2026-08-25 13:26:28   [GPU] 600,005 evals (17330 batches, avg 35/batch = 7% of 512, 2630 evals/s, 176 msg/s, 15.0 leaves/msg, 228s)
2026-08-25 13:26:43   [GPU] 650,067 evals (18613 batches, avg 35/batch = 7% of 512, 2669 evals/s, 178 msg/s, 15.0 leaves/msg, 244s)
2026-08-25 13:26:58   [GPU] 700,001 evals (19904 batches, avg 35/batch = 7% of 512, 2708 evals/s, 182 msg/s, 14.9 leaves/msg, 259s)
2026-08-25 13:27:14   [GPU] 750,029 evals (21236 batches, avg 35/batch = 7% of 512, 2732 evals/s, 183 msg/s, 14.9 leaves/msg, 275s)
2026-08-25 13:27:30   [GPU] 800,031 evals (22552 batches, avg 35/batch = 7% of 512, 2758 evals/s, 185 msg/s, 14.9 leaves/msg, 290s)
2026-08-25 13:27:42 [iter 24/40] eval vs best: 5/40 games (302s, cand 20%)
2026-08-25 13:27:45   [GPU] 850,034 evals (23866 batches, avg 36/batch = 7% of 512, 2781 evals/s, 187 msg/s, 14.9 leaves/msg, 306s)
2026-08-25 13:28:01   [GPU] 900,057 evals (25181 batches, avg 36/batch = 7% of 512, 2801 evals/s, 188 msg/s, 14.9 leaves/msg, 321s)
2026-08-25 13:28:17   [GPU] 950,026 evals (26486 batches, avg 36/batch = 7% of 512, 2818 evals/s, 190 msg/s, 14.9 leaves/msg, 337s)
2026-08-25 13:28:32   [GPU] 1,000,026 evals (27776 batches, avg 36/batch = 7% of 512, 2835 evals/s, 191 msg/s, 14.9 leaves/msg, 353s)
2026-08-25 13:28:47   [GPU] 1,050,033 evals (29034 batches, avg 36/batch = 7% of 512, 2857 evals/s, 192 msg/s, 14.9 leaves/msg, 368s)
2026-08-25 13:29:02   [GPU] 1,100,005 evals (30279 batches, avg 36/batch = 7% of 512, 2878 evals/s, 194 msg/s, 14.9 leaves/msg, 382s)
2026-08-25 13:29:17   [GPU] 1,150,062 evals (31499 batches, avg 37/batch = 7% of 512, 2897 evals/s, 195 msg/s, 14.9 leaves/msg, 397s)
2026-08-25 13:29:31   [GPU] 1,200,025 evals (32716 batches, avg 37/batch = 7% of 512, 2917 evals/s, 197 msg/s, 14.8 leaves/msg, 411s)
2026-08-25 13:29:47   [GPU] 1,250,000 evals (34089 batches, avg 37/batch = 7% of 512, 2924 evals/s, 198 msg/s, 14.8 leaves/msg, 428s)
2026-08-25 13:30:06   [GPU] 1,300,017 evals (35629 batches, avg 36/batch = 7% of 512, 2912 evals/s, 197 msg/s, 14.8 leaves/msg, 446s)
2026-08-25 13:30:26   [GPU] 1,350,011 evals (37195 batches, avg 36/batch = 7% of 512, 2896 evals/s, 196 msg/s, 14.8 leaves/msg, 466s)
2026-08-25 13:30:44   [GPU] 1,400,041 evals (38685 batches, avg 36/batch = 7% of 512, 2888 evals/s, 195 msg/s, 14.8 leaves/msg, 485s)
2026-08-25 13:30:57 [iter 24/40] eval vs best: 10/40 games (498s, cand 40%)
2026-08-25 13:31:02   [GPU] 1,450,003 evals (40131 batches, avg 36/batch = 7% of 512, 2884 evals/s, 195 msg/s, 14.8 leaves/msg, 503s)
2026-08-25 13:31:20   [GPU] 1,500,001 evals (41530 batches, avg 36/batch = 7% of 512, 2882 evals/s, 195 msg/s, 14.8 leaves/msg, 521s)
2026-08-25 13:31:38   [GPU] 1,550,013 evals (43003 batches, avg 36/batch = 7% of 512, 2880 evals/s, 195 msg/s, 14.8 leaves/msg, 538s)
2026-08-25 13:31:57   [GPU] 1,600,036 evals (44602 batches, avg 36/batch = 7% of 512, 2870 evals/s, 195 msg/s, 14.8 leaves/msg, 558s)
2026-08-25 13:32:17   [GPU] 1,650,011 evals (46206 batches, avg 36/batch = 7% of 512, 2856 evals/s, 194 msg/s, 14.8 leaves/msg, 578s)
2026-08-25 13:32:36   [GPU] 1,700,008 evals (47735 batches, avg 36/batch = 7% of 512, 2848 evals/s, 193 msg/s, 14.8 leaves/msg, 597s)
2026-08-25 13:32:55   [GPU] 1,750,064 evals (49237 batches, avg 36/batch = 7% of 512, 2844 evals/s, 193 msg/s, 14.8 leaves/msg, 615s)
2026-08-25 13:32:56 [iter 24/40] eval vs best: 15/40 games (617s, cand 43%)
2026-08-25 13:33:14   [GPU] 1,800,009 evals (50731 batches, avg 35/batch = 7% of 512, 2839 evals/s, 192 msg/s, 14.8 leaves/msg, 634s)
2026-08-25 13:33:32   [GPU] 1,850,012 evals (52216 batches, avg 35/batch = 7% of 512, 2837 evals/s, 192 msg/s, 14.8 leaves/msg, 652s)
2026-08-25 13:33:50   [GPU] 1,900,022 evals (53705 batches, avg 35/batch = 7% of 512, 2835 evals/s, 192 msg/s, 14.8 leaves/msg, 670s)
2026-08-25 13:34:07   [GPU] 1,950,022 evals (55150 batches, avg 35/batch = 7% of 512, 2836 evals/s, 192 msg/s, 14.8 leaves/msg, 688s)
2026-08-25 13:34:24   [GPU] 2,000,006 evals (56536 batches, avg 35/batch = 7% of 512, 2840 evals/s, 192 msg/s, 14.8 leaves/msg, 704s)
2026-08-25 13:34:40   [GPU] 2,050,006 evals (57936 batches, avg 35/batch = 7% of 512, 2844 evals/s, 192 msg/s, 14.8 leaves/msg, 721s)
2026-08-25 13:34:57   [GPU] 2,100,032 evals (59337 batches, avg 35/batch = 7% of 512, 2848 evals/s, 193 msg/s, 14.8 leaves/msg, 737s)
2026-08-25 13:35:14   [GPU] 2,150,036 evals (60745 batches, avg 35/batch = 7% of 512, 2851 evals/s, 193 msg/s, 14.8 leaves/msg, 754s)
2026-08-25 13:35:31   [GPU] 2,200,019 evals (62203 batches, avg 35/batch = 7% of 512, 2852 evals/s, 193 msg/s, 14.8 leaves/msg, 772s)
2026-08-25 13:35:47   [GPU] 2,250,000 evals (63607 batches, avg 35/batch = 7% of 512, 2856 evals/s, 193 msg/s, 14.8 leaves/msg, 788s)
2026-08-25 13:36:04   [GPU] 2,300,011 evals (65003 batches, avg 35/batch = 7% of 512, 2859 evals/s, 193 msg/s, 14.8 leaves/msg, 804s)
2026-08-25 13:36:21   [GPU] 2,350,042 evals (66366 batches, avg 35/batch = 7% of 512, 2862 evals/s, 193 msg/s, 14.8 leaves/msg, 821s)
2026-08-25 13:36:37   [GPU] 2,400,021 evals (67711 batches, avg 35/batch = 7% of 512, 2865 evals/s, 194 msg/s, 14.8 leaves/msg, 838s)
2026-08-25 13:36:54   [GPU] 2,450,020 evals (69071 batches, avg 35/batch = 7% of 512, 2868 evals/s, 194 msg/s, 14.8 leaves/msg, 854s)
2026-08-25 13:37:11   [GPU] 2,500,024 evals (70441 batches, avg 35/batch = 7% of 512, 2870 evals/s, 194 msg/s, 14.8 leaves/msg, 871s)
2026-08-25 13:37:27   [GPU] 2,550,044 evals (71781 batches, avg 36/batch = 7% of 512, 2874 evals/s, 194 msg/s, 14.8 leaves/msg, 887s)
2026-08-25 13:37:43   [GPU] 2,600,008 evals (73104 batches, avg 36/batch = 7% of 512, 2878 evals/s, 194 msg/s, 14.8 leaves/msg, 903s)
2026-08-25 13:37:59   [GPU] 2,650,005 evals (74417 batches, avg 36/batch = 7% of 512, 2882 evals/s, 195 msg/s, 14.8 leaves/msg, 919s)
2026-08-25 13:38:16   [GPU] 2,700,026 evals (75770 batches, avg 36/batch = 7% of 512, 2884 evals/s, 195 msg/s, 14.8 leaves/msg, 936s)
2026-08-25 13:38:33   [GPU] 2,750,030 evals (77166 batches, avg 36/batch = 7% of 512, 2884 evals/s, 195 msg/s, 14.8 leaves/msg, 953s)
2026-08-25 13:38:50   [GPU] 2,800,008 evals (78563 batches, avg 36/batch = 7% of 512, 2886 evals/s, 195 msg/s, 14.8 leaves/msg, 970s)
2026-08-25 13:39:06   [GPU] 2,850,006 evals (79992 batches, avg 36/batch = 7% of 512, 2889 evals/s, 195 msg/s, 14.8 leaves/msg, 987s)
2026-08-25 13:39:12 [iter 24/40] eval vs best: 20/40 games (993s, cand 42%)
2026-08-25 13:39:27   [GPU] 2,900,013 evals (81703 batches, avg 35/batch = 7% of 512, 2878 evals/s, 194 msg/s, 14.8 leaves/msg, 1007s)
2026-08-25 13:39:48   [GPU] 2,950,001 evals (83335 batches, avg 35/batch = 7% of 512, 2870 evals/s, 194 msg/s, 14.8 leaves/msg, 1028s)
2026-08-25 13:40:08   [GPU] 3,000,007 evals (85016 batches, avg 35/batch = 7% of 512, 2860 evals/s, 193 msg/s, 14.8 leaves/msg, 1049s)
2026-08-25 13:40:30   [GPU] 3,050,017 evals (86700 batches, avg 35/batch = 7% of 512, 2849 evals/s, 192 msg/s, 14.8 leaves/msg, 1071s)
2026-08-25 13:40:51   [GPU] 3,100,031 evals (88343 batches, avg 35/batch = 7% of 512, 2840 evals/s, 192 msg/s, 14.8 leaves/msg, 1092s)
2026-08-25 13:41:11   [GPU] 3,150,011 evals (89928 batches, avg 35/batch = 7% of 512, 2834 evals/s, 191 msg/s, 14.8 leaves/msg, 1112s)
2026-08-25 13:41:31   [GPU] 3,200,003 evals (91523 batches, avg 35/batch = 7% of 512, 2829 evals/s, 191 msg/s, 14.8 leaves/msg, 1131s)
2026-08-25 13:41:52   [GPU] 3,250,012 evals (93252 batches, avg 35/batch = 7% of 512, 2820 evals/s, 190 msg/s, 14.8 leaves/msg, 1152s)
2026-08-25 13:42:15   [GPU] 3,300,007 evals (95038 batches, avg 35/batch = 7% of 512, 2808 evals/s, 190 msg/s, 14.8 leaves/msg, 1175s)
2026-08-25 13:42:22 [iter 24/40] eval vs best: 25/40 games (1182s, cand 42%)
2026-08-25 13:42:38   [GPU] 3,350,006 evals (96812 batches, avg 35/batch = 7% of 512, 2794 evals/s, 189 msg/s, 14.8 leaves/msg, 1199s)
2026-08-25 13:43:00   [GPU] 3,400,026 evals (98501 batches, avg 35/batch = 7% of 512, 2786 evals/s, 188 msg/s, 14.8 leaves/msg, 1220s)
2026-08-25 13:43:20   [GPU] 3,450,011 evals (100146 batches, avg 34/batch = 7% of 512, 2780 evals/s, 188 msg/s, 14.8 leaves/msg, 1241s)
2026-08-25 13:43:43   [GPU] 3,500,014 evals (101927 batches, avg 34/batch = 7% of 512, 2770 evals/s, 187 msg/s, 14.8 leaves/msg, 1264s)
2026-08-25 13:44:07   [GPU] 3,550,027 evals (103726 batches, avg 34/batch = 7% of 512, 2758 evals/s, 186 msg/s, 14.8 leaves/msg, 1287s)
2026-08-25 13:44:31   [GPU] 3,600,018 evals (105578 batches, avg 34/batch = 7% of 512, 2746 evals/s, 185 msg/s, 14.8 leaves/msg, 1311s)
2026-08-25 13:44:54   [GPU] 3,650,024 evals (107404 batches, avg 34/batch = 7% of 512, 2734 evals/s, 185 msg/s, 14.8 leaves/msg, 1335s)
2026-08-25 13:45:11 [iter 24/40] eval vs best: 30/40 games (1352s, cand 41%)
2026-08-25 13:45:18   [GPU] 3,700,000 evals (109234 batches, avg 34/batch = 7% of 512, 2724 evals/s, 184 msg/s, 14.8 leaves/msg, 1358s)
2026-08-25 13:45:51   [GPU] 3,750,024 evals (111449 batches, avg 34/batch = 7% of 512, 2695 evals/s, 182 msg/s, 14.8 leaves/msg, 1391s)
2026-08-25 13:46:20   [GPU] 3,800,014 evals (113472 batches, avg 33/batch = 7% of 512, 2675 evals/s, 181 msg/s, 14.8 leaves/msg, 1420s)
2026-08-25 13:46:44   [GPU] 3,850,014 evals (115320 batches, avg 33/batch = 7% of 512, 2665 evals/s, 180 msg/s, 14.8 leaves/msg, 1445s)
2026-08-25 13:47:06   [GPU] 3,900,009 evals (117107 batches, avg 33/batch = 7% of 512, 2660 evals/s, 180 msg/s, 14.8 leaves/msg, 1466s)
2026-08-25 13:47:29   [GPU] 3,950,037 evals (118971 batches, avg 33/batch = 6% of 512, 2652 evals/s, 179 msg/s, 14.8 leaves/msg, 1490s)
2026-08-25 13:47:53   [GPU] 4,000,040 evals (120855 batches, avg 33/batch = 6% of 512, 2644 evals/s, 179 msg/s, 14.8 leaves/msg, 1513s)
2026-08-25 13:48:16   [GPU] 4,050,010 evals (122709 batches, avg 33/batch = 6% of 512, 2637 evals/s, 178 msg/s, 14.8 leaves/msg, 1536s)
2026-08-25 13:48:38   [GPU] 4,100,025 evals (124531 batches, avg 33/batch = 6% of 512, 2630 evals/s, 178 msg/s, 14.8 leaves/msg, 1559s)
2026-08-25 13:49:01   [GPU] 4,150,027 evals (126376 batches, avg 33/batch = 6% of 512, 2624 evals/s, 177 msg/s, 14.8 leaves/msg, 1582s)
2026-08-25 13:49:19 [iter 24/40] eval vs best: 35/40 games (1600s, cand 38%)
2026-08-25 13:49:31   [GPU] 4,200,025 evals (128609 batches, avg 33/batch = 6% of 512, 2606 evals/s, 176 msg/s, 14.8 leaves/msg, 1612s)
2026-08-25 13:50:07   [GPU] 4,250,017 evals (131099 batches, avg 32/batch = 6% of 512, 2579 evals/s, 175 msg/s, 14.8 leaves/msg, 1648s)
2026-08-25 13:51:16   [GPU] 4,300,010 evals (133959 batches, avg 32/batch = 6% of 512, 2505 evals/s, 169 msg/s, 14.8 leaves/msg, 1716s)
2026-08-25 13:52:25   [GPU] 4,350,018 evals (136800 batches, avg 32/batch = 6% of 512, 2437 evals/s, 165 msg/s, 14.8 leaves/msg, 1785s)
2026-08-25 13:53:35   [GPU] 4,400,026 evals (139679 batches, avg 32/batch = 6% of 512, 2372 evals/s, 160 msg/s, 14.8 leaves/msg, 1855s)
2026-08-25 13:54:58   [GPU] 4,450,009 evals (142493 batches, avg 31/batch = 6% of 512, 2296 evals/s, 155 msg/s, 14.8 leaves/msg, 1938s)
2026-08-25 13:56:13   [GPU] 4,500,005 evals (145489 batches, avg 31/batch = 6% of 512, 2235 evals/s, 151 msg/s, 14.8 leaves/msg, 2014s)
2026-08-25 13:57:19   [GPU] 4,550,019 evals (148332 batches, avg 31/batch = 6% of 512, 2188 evals/s, 148 msg/s, 14.8 leaves/msg, 2080s)
2026-08-25 13:58:19   [GPU] 4,600,012 evals (151129 batches, avg 30/batch = 6% of 512, 2150 evals/s, 145 msg/s, 14.8 leaves/msg, 2139s)
2026-08-25 13:59:19   [GPU] 4,650,009 evals (153939 batches, avg 30/batch = 6% of 512, 2115 evals/s, 143 msg/s, 14.8 leaves/msg, 2199s)
2026-08-25 14:00:18   [GPU] 4,700,007 evals (156753 batches, avg 30/batch = 6% of 512, 2081 evals/s, 141 msg/s, 14.8 leaves/msg, 2259s)
2026-08-25 14:01:18   [GPU] 4,750,004 evals (159540 batches, avg 30/batch = 6% of 512, 2049 evals/s, 138 msg/s, 14.8 leaves/msg, 2318s)
2026-08-25 14:02:56   [GPU] 4,800,009 evals (162762 batches, avg 29/batch = 6% of 512, 1986 evals/s, 134 msg/s, 14.8 leaves/msg, 2417s)
2026-08-25 14:03:13 [iter 24/40] eval vs best: 40/40 games (2433s, cand 34%)
2026-08-25 14:03:13 [iter 24/40] eval vs best done: 34.2% of 38 decided, 20 adjudicated reject (2434s)
2026-08-25 14:03:13 [iter 24/40] eval vs random (8 games, 600 sims)...
2026-08-25 14:03:13 [EVAL-MP] 8 workers spawned (8 vs_random games, sims=600), GPU batcher starting...
2026-08-25 14:03:34   [GPU] 50,014 evals (1398 batches, avg 36/batch = 7% of 512, 2433 evals/s, 163 msg/s, 14.9 leaves/msg, 21s)
2026-08-25 14:03:37 [iter 24/40] eval vs random: 5/8 games (24s, cand 100%)
2026-08-25 14:04:09   [GPU] 100,025 evals (3712 batches, avg 27/batch = 5% of 512, 1808 evals/s, 126 msg/s, 14.3 leaves/msg, 55s)
2026-08-25 14:04:38 [iter 24/40] eval vs random: 8/8 games (85s, cand 100%)
2026-08-25 14:04:38 [iter 24/40] eval vs random done: 100.0% (85s)
2026-08-25 14:04:39 [iter 24/40] eval vs greedy (80 games, 600 sims)...
2026-08-25 14:04:39 [EVAL-MP] 8 workers spawned (80 vs_greedy games, sims=600), GPU batcher starting...
2026-08-25 14:04:53 [iter 24/40] eval vs greedy: 5/80 games (15s, cand 20%)
2026-08-25 14:05:03   [GPU] 50,023 evals (1669 batches, avg 30/batch = 6% of 512, 2082 evals/s, 138 msg/s, 15.0 leaves/msg, 24s)
2026-08-25 14:05:04 [iter 24/40] eval vs greedy: 10/80 games (25s, cand 20%)
2026-08-25 14:05:10 [iter 24/40] eval vs greedy: 15/80 games (32s, cand 20%)
2026-08-25 14:05:16 [iter 24/40] eval vs greedy: 20/80 games (38s, cand 20%)
2026-08-25 14:05:24   [GPU] 100,029 evals (3358 batches, avg 30/batch = 6% of 512, 2216 evals/s, 148 msg/s, 15.0 leaves/msg, 45s)
2026-08-25 14:05:27 [iter 24/40] eval vs greedy: 25/80 games (49s, cand 24%)
2026-08-25 14:05:32 [iter 24/40] eval vs greedy: 30/80 games (53s, cand 23%)
2026-08-25 14:05:42 [iter 24/40] eval vs greedy: 35/80 games (63s, cand 26%)
2026-08-25 14:05:44   [GPU] 150,000 evals (5025 batches, avg 30/batch = 6% of 512, 2292 evals/s, 153 msg/s, 14.9 leaves/msg, 65s)
2026-08-25 14:05:50 [iter 24/40] eval vs greedy: 40/80 games (72s, cand 25%)
2026-08-25 14:05:57 [iter 24/40] eval vs greedy: 45/80 games (78s, cand 22%)
2026-08-25 14:06:06   [GPU] 200,002 evals (6766 batches, avg 30/batch = 6% of 512, 2295 evals/s, 154 msg/s, 14.9 leaves/msg, 87s)
2026-08-25 14:06:06 [iter 24/40] eval vs greedy: 50/80 games (88s, cand 22%)
2026-08-25 14:06:15 [iter 24/40] eval vs greedy: 55/80 games (97s, cand 20%)
2026-08-25 14:06:23 [iter 24/40] eval vs greedy: 60/80 games (105s, cand 18%)
2026-08-25 14:06:26   [GPU] 250,020 evals (8426 batches, avg 30/batch = 6% of 512, 2318 evals/s, 155 msg/s, 14.9 leaves/msg, 108s)
2026-08-25 14:06:29 [iter 24/40] eval vs greedy: 65/80 games (110s, cand 20%)
2026-08-25 14:06:38 [iter 24/40] eval vs greedy: 70/80 games (120s, cand 21%)
2026-08-25 14:06:45 [iter 24/40] eval vs greedy: 75/80 games (127s, cand 20%)
2026-08-25 14:06:54   [GPU] 300,027 evals (10330 batches, avg 29/batch = 6% of 512, 2213 evals/s, 148 msg/s, 14.9 leaves/msg, 136s)
2026-08-25 14:07:06 [iter 24/40] eval vs greedy: 80/80 games (148s, cand 19%)
2026-08-25 14:07:06 [iter 24/40] eval vs greedy done: 18.8% of 80 decided [seat0:15/20 seat1:0/20 seat2:0/20 seat3:0/20] (148s)
2026-08-25 14:07:06 [iter 24/40] eval vs minimax (depth 2, 40 games)...
2026-08-25 14:07:06 [EVAL-MP] 8 workers spawned (40 vs_minimax games, sims=600), GPU batcher starting...
2026-08-25 14:07:33   [GPU] 50,022 evals (1727 batches, avg 29/batch = 6% of 512, 1873 evals/s, 122 msg/s, 15.4 leaves/msg, 27s)
2026-08-25 14:07:44 [iter 24/40] eval vs minimax: 5/40 games (0%)
2026-08-25 14:07:48   [GPU] 100,032 evals (3010 batches, avg 33/batch = 6% of 512, 2436 evals/s, 168 msg/s, 14.5 leaves/msg, 41s)
2026-08-25 14:08:10   [GPU] 150,026 evals (4656 batches, avg 32/batch = 6% of 512, 2378 evals/s, 162 msg/s, 14.7 leaves/msg, 63s)
2026-08-25 14:08:13 [iter 24/40] eval vs minimax: 10/40 games (0%)
2026-08-25 14:08:18 [iter 24/40] eval vs minimax: 15/40 games (0%)
2026-08-25 14:08:29   [GPU] 200,027 evals (6252 batches, avg 32/batch = 6% of 512, 2429 evals/s, 168 msg/s, 14.5 leaves/msg, 82s)
2026-08-25 14:08:45   [GPU] 250,011 evals (7667 batches, avg 33/batch = 6% of 512, 2543 evals/s, 175 msg/s, 14.5 leaves/msg, 98s)
2026-08-25 14:08:46 [iter 24/40] eval vs minimax: 20/40 games (0%)
2026-08-25 14:09:06   [GPU] 300,018 evals (9370 batches, avg 32/batch = 6% of 512, 2509 evals/s, 173 msg/s, 14.5 leaves/msg, 120s)
2026-08-25 14:09:06 [iter 24/40] eval vs minimax: 25/40 games (0%)
2026-08-25 14:09:21 [iter 24/40] eval vs minimax: 30/40 games (0%)
2026-08-25 14:09:21   [GPU] 350,013 evals (10773 batches, avg 32/batch = 6% of 512, 2594 evals/s, 180 msg/s, 14.4 leaves/msg, 135s)
2026-08-25 14:09:42   [GPU] 400,014 evals (12496 batches, avg 32/batch = 6% of 512, 2564 evals/s, 178 msg/s, 14.4 leaves/msg, 156s)
2026-08-25 14:09:56 [iter 24/40] eval vs minimax: 35/40 games (0%)
2026-08-25 14:10:00   [GPU] 450,009 evals (14059 batches, avg 32/batch = 6% of 512, 2598 evals/s, 181 msg/s, 14.4 leaves/msg, 173s)
2026-08-25 14:10:15 [iter 24/40] eval vs minimax: 40/40 games (0%)
2026-08-25 14:10:15 [iter 24/40] eval vs minimax done: 0.0% of 40 decided [seat0:0/10 seat1:0/10 seat2:0/10 seat3:0/10] (189s)
2026-08-25 14:10:15 >>> iter 24 | loss_p=1.247 loss_v=0.137 | vs_best=34.2% reject | vs_rand=100.0% | draw=9% | buf=100000 | rss=3.45GB | sp=1702s train=9s eval_best=2434s eval_rand=85s | total=4568s
2026-08-25 14:10:15 [iter 25/40] self-play starting (160 games, 600 sims, MIXED 80/160 race-only)...
2026-08-25 14:10:15 [PARALLEL-MP] 8 workers spawned (160 games, sims=600), GPU batcher starting...
2026-08-25 14:10:32   [GPU] 50,017 evals (1463 batches, avg 34/batch = 7% of 512, 2905 evals/s, 213 msg/s, 13.6 leaves/msg, 17s)
2026-08-25 14:10:34 [iter 25/40] self-play: 5/160 games...
2026-08-25 14:10:48   [GPU] 100,057 evals (2960 batches, avg 34/batch = 7% of 512, 3067 evals/s, 230 msg/s, 13.3 leaves/msg, 33s)
2026-08-25 14:10:49 [iter 25/40] self-play: 10/160 games...
2026-08-25 14:11:08   [GPU] 150,013 evals (4685 batches, avg 32/batch = 6% of 512, 2865 evals/s, 218 msg/s, 13.1 leaves/msg, 52s)
2026-08-25 14:11:11 [iter 25/40] self-play: 15/160 games...
2026-08-25 14:11:26   [GPU] 200,009 evals (6270 batches, avg 32/batch = 6% of 512, 2845 evals/s, 213 msg/s, 13.3 leaves/msg, 70s)
2026-08-25 14:11:45   [GPU] 250,006 evals (7894 batches, avg 32/batch = 6% of 512, 2791 evals/s, 207 msg/s, 13.5 leaves/msg, 90s)
2026-08-25 14:11:59   [GPU] 300,008 evals (9243 batches, avg 32/batch = 6% of 512, 2879 evals/s, 212 msg/s, 13.6 leaves/msg, 104s)
2026-08-25 14:12:05 [iter 25/40] self-play: 20/160 games...
2026-08-25 14:12:13   [GPU] 350,061 evals (10521 batches, avg 33/batch = 6% of 512, 2981 evals/s, 221 msg/s, 13.5 leaves/msg, 117s)
2026-08-25 14:12:27   [GPU] 400,037 evals (11858 batches, avg 34/batch = 7% of 512, 3043 evals/s, 225 msg/s, 13.5 leaves/msg, 131s)
2026-08-25 14:12:31 [iter 25/40] self-play: 25/160 games...
2026-08-25 14:12:40   [GPU] 450,001 evals (13109 batches, avg 34/batch = 7% of 512, 3116 evals/s, 229 msg/s, 13.6 leaves/msg, 144s)
2026-08-25 14:12:54   [GPU] 500,013 evals (14476 batches, avg 35/batch = 7% of 512, 3150 evals/s, 235 msg/s, 13.4 leaves/msg, 159s)
2026-08-25 14:13:07 [iter 25/40] self-play: 30/160 games...
2026-08-25 14:13:07   [GPU] 550,009 evals (15736 batches, avg 35/batch = 7% of 512, 3204 evals/s, 238 msg/s, 13.4 leaves/msg, 172s)
2026-08-25 14:13:22   [GPU] 600,059 evals (17120 batches, avg 35/batch = 7% of 512, 3209 evals/s, 238 msg/s, 13.5 leaves/msg, 187s)
2026-08-25 14:13:35   [GPU] 650,038 evals (18364 batches, avg 35/batch = 7% of 512, 3251 evals/s, 240 msg/s, 13.6 leaves/msg, 200s)
2026-08-25 14:13:48   [GPU] 700,030 evals (19598 batches, avg 36/batch = 7% of 512, 3292 evals/s, 243 msg/s, 13.6 leaves/msg, 213s)
2026-08-25 14:14:01   [GPU] 750,019 evals (20859 batches, avg 36/batch = 7% of 512, 3319 evals/s, 244 msg/s, 13.6 leaves/msg, 226s)
2026-08-25 14:14:14   [GPU] 800,011 evals (22050 batches, avg 36/batch = 7% of 512, 3352 evals/s, 246 msg/s, 13.7 leaves/msg, 239s)
2026-08-25 14:14:26   [GPU] 850,060 evals (23201 batches, avg 37/batch = 7% of 512, 3390 evals/s, 248 msg/s, 13.7 leaves/msg, 251s)
2026-08-25 14:14:38   [GPU] 900,009 evals (24316 batches, avg 37/batch = 7% of 512, 3430 evals/s, 250 msg/s, 13.7 leaves/msg, 262s)
2026-08-25 14:14:49   [GPU] 950,065 evals (25405 batches, avg 37/batch = 7% of 512, 3465 evals/s, 252 msg/s, 13.8 leaves/msg, 274s)
2026-08-25 14:15:01   [GPU] 1,000,009 evals (26460 batches, avg 38/batch = 7% of 512, 3504 evals/s, 254 msg/s, 13.8 leaves/msg, 285s)
2026-08-25 14:15:11   [GPU] 1,050,014 evals (27455 batches, avg 38/batch = 7% of 512, 3549 evals/s, 257 msg/s, 13.8 leaves/msg, 296s)
2026-08-25 14:15:21   [GPU] 1,100,011 evals (28439 batches, avg 39/batch = 8% of 512, 3593 evals/s, 260 msg/s, 13.8 leaves/msg, 306s)
2026-08-25 14:15:32   [GPU] 1,150,060 evals (29472 batches, avg 39/batch = 8% of 512, 3627 evals/s, 263 msg/s, 13.8 leaves/msg, 317s)
2026-08-25 14:15:43 [iter 25/40] self-play: 35/160 games...
2026-08-25 14:15:43   [GPU] 1,200,014 evals (30517 batches, avg 39/batch = 8% of 512, 3657 evals/s, 265 msg/s, 13.8 leaves/msg, 328s)
2026-08-25 14:15:53   [GPU] 1,250,052 evals (31501 batches, avg 40/batch = 8% of 512, 3696 evals/s, 267 msg/s, 13.8 leaves/msg, 338s)
2026-08-25 14:16:05   [GPU] 1,300,052 evals (32617 batches, avg 40/batch = 8% of 512, 3719 evals/s, 271 msg/s, 13.7 leaves/msg, 350s)
2026-08-25 14:16:13 [iter 25/40] self-play: 40/160 games...
2026-08-25 14:16:17   [GPU] 1,350,010 evals (33764 batches, avg 40/batch = 8% of 512, 3736 evals/s, 272 msg/s, 13.7 leaves/msg, 361s)
2026-08-25 14:16:30   [GPU] 1,400,013 evals (35035 batches, avg 40/batch = 8% of 512, 3734 evals/s, 272 msg/s, 13.7 leaves/msg, 375s)
2026-08-25 14:16:37 [iter 25/40] self-play: 45/160 games...
2026-08-25 14:16:44   [GPU] 1,450,001 evals (36334 batches, avg 40/batch = 8% of 512, 3728 evals/s, 271 msg/s, 13.7 leaves/msg, 389s)
2026-08-25 14:16:59   [GPU] 1,500,060 evals (37646 batches, avg 40/batch = 8% of 512, 3718 evals/s, 270 msg/s, 13.8 leaves/msg, 403s)
2026-08-25 14:17:12   [GPU] 1,550,029 evals (38862 batches, avg 40/batch = 8% of 512, 3722 evals/s, 270 msg/s, 13.8 leaves/msg, 416s)
2026-08-25 14:17:25   [GPU] 1,600,030 evals (40127 batches, avg 40/batch = 8% of 512, 3720 evals/s, 270 msg/s, 13.8 leaves/msg, 430s)
2026-08-25 14:17:40   [GPU] 1,650,036 evals (41432 batches, avg 40/batch = 8% of 512, 3713 evals/s, 269 msg/s, 13.8 leaves/msg, 444s)
2026-08-25 14:17:53   [GPU] 1,700,023 evals (42689 batches, avg 40/batch = 8% of 512, 3713 evals/s, 269 msg/s, 13.8 leaves/msg, 458s)
2026-08-25 14:17:54 [iter 25/40] self-play: 50/160 games...
2026-08-25 14:18:06   [GPU] 1,750,006 evals (43904 batches, avg 40/batch = 8% of 512, 3717 evals/s, 269 msg/s, 13.8 leaves/msg, 471s)
2026-08-25 14:18:17   [GPU] 1,800,017 evals (44960 batches, avg 40/batch = 8% of 512, 3737 evals/s, 270 msg/s, 13.8 leaves/msg, 482s)
2026-08-25 14:18:28   [GPU] 1,850,013 evals (45995 batches, avg 40/batch = 8% of 512, 3758 evals/s, 272 msg/s, 13.8 leaves/msg, 492s)
2026-08-25 14:18:40   [GPU] 1,900,015 evals (47143 batches, avg 40/batch = 8% of 512, 3768 evals/s, 273 msg/s, 13.8 leaves/msg, 504s)
2026-08-25 14:18:50 [iter 25/40] self-play: 55/160 games...
2026-08-25 14:18:52   [GPU] 1,950,016 evals (48379 batches, avg 40/batch = 8% of 512, 3772 evals/s, 274 msg/s, 13.8 leaves/msg, 517s)
2026-08-25 14:19:04   [GPU] 2,000,036 evals (49567 batches, avg 40/batch = 8% of 512, 3782 evals/s, 275 msg/s, 13.8 leaves/msg, 529s)
2026-08-25 14:19:08 [iter 25/40] self-play: 60/160 games...
2026-08-25 14:19:16   [GPU] 2,050,002 evals (50758 batches, avg 40/batch = 8% of 512, 3789 evals/s, 276 msg/s, 13.7 leaves/msg, 541s)
2026-08-25 14:19:30 [iter 25/40] self-play: 65/160 games...
2026-08-25 14:19:30   [GPU] 2,100,012 evals (52082 batches, avg 40/batch = 8% of 512, 3783 evals/s, 276 msg/s, 13.7 leaves/msg, 555s)
2026-08-25 14:19:46   [GPU] 2,150,009 evals (53474 batches, avg 40/batch = 8% of 512, 3768 evals/s, 275 msg/s, 13.7 leaves/msg, 571s)
2026-08-25 14:19:54 [iter 25/40] self-play: 70/160 games...
2026-08-25 14:20:00   [GPU] 2,200,002 evals (54745 batches, avg 40/batch = 8% of 512, 3761 evals/s, 274 msg/s, 13.7 leaves/msg, 585s)
2026-08-25 14:20:14   [GPU] 2,250,004 evals (56023 batches, avg 40/batch = 8% of 512, 3757 evals/s, 274 msg/s, 13.7 leaves/msg, 599s)
2026-08-25 14:20:27   [GPU] 2,300,023 evals (57240 batches, avg 40/batch = 8% of 512, 3762 evals/s, 274 msg/s, 13.7 leaves/msg, 611s)
2026-08-25 14:20:41   [GPU] 2,350,048 evals (58540 batches, avg 40/batch = 8% of 512, 3758 evals/s, 274 msg/s, 13.7 leaves/msg, 625s)
2026-08-25 14:20:55   [GPU] 2,400,030 evals (59940 batches, avg 40/batch = 8% of 512, 3749 evals/s, 273 msg/s, 13.7 leaves/msg, 640s)
2026-08-25 14:21:10 [iter 25/40] self-play: 75/160 games...
2026-08-25 14:21:10   [GPU] 2,450,025 evals (61272 batches, avg 40/batch = 8% of 512, 3742 evals/s, 273 msg/s, 13.7 leaves/msg, 655s)
2026-08-25 14:21:23   [GPU] 2,500,046 evals (62487 batches, avg 40/batch = 8% of 512, 3746 evals/s, 273 msg/s, 13.7 leaves/msg, 667s)
2026-08-25 14:21:35   [GPU] 2,550,026 evals (63694 batches, avg 40/batch = 8% of 512, 3752 evals/s, 273 msg/s, 13.7 leaves/msg, 680s)
2026-08-25 14:21:48   [GPU] 2,600,024 evals (64912 batches, avg 40/batch = 8% of 512, 3754 evals/s, 273 msg/s, 13.7 leaves/msg, 693s)
2026-08-25 14:22:02   [GPU] 2,650,063 evals (66189 batches, avg 40/batch = 8% of 512, 3750 evals/s, 273 msg/s, 13.7 leaves/msg, 707s)
2026-08-25 14:22:14   [GPU] 2,700,014 evals (67378 batches, avg 40/batch = 8% of 512, 3754 evals/s, 273 msg/s, 13.7 leaves/msg, 719s)
2026-08-25 14:22:26   [GPU] 2,750,023 evals (68502 batches, avg 40/batch = 8% of 512, 3765 evals/s, 274 msg/s, 13.7 leaves/msg, 730s)
2026-08-25 14:22:28 [iter 25/40] self-play: 80/160 games...
2026-08-25 14:22:38   [GPU] 2,800,040 evals (69693 batches, avg 40/batch = 8% of 512, 3769 evals/s, 275 msg/s, 13.7 leaves/msg, 743s)
2026-08-25 14:22:52   [GPU] 2,850,028 evals (70992 batches, avg 40/batch = 8% of 512, 3765 evals/s, 274 msg/s, 13.7 leaves/msg, 757s)
2026-08-25 14:23:03 [iter 25/40] self-play: 85/160 games...
2026-08-25 14:23:05   [GPU] 2,900,013 evals (72228 batches, avg 40/batch = 8% of 512, 3766 evals/s, 275 msg/s, 13.7 leaves/msg, 770s)
2026-08-25 14:23:20   [GPU] 2,950,014 evals (73556 batches, avg 40/batch = 8% of 512, 3761 evals/s, 274 msg/s, 13.7 leaves/msg, 784s)
2026-08-25 14:23:32   [GPU] 3,000,020 evals (74786 batches, avg 40/batch = 8% of 512, 3764 evals/s, 274 msg/s, 13.7 leaves/msg, 797s)
2026-08-25 14:23:43 [iter 25/40] self-play: 90/160 games...
2026-08-25 14:23:45   [GPU] 3,050,015 evals (76028 batches, avg 40/batch = 8% of 512, 3766 evals/s, 275 msg/s, 13.7 leaves/msg, 810s)
2026-08-25 14:23:59   [GPU] 3,100,036 evals (77379 batches, avg 40/batch = 8% of 512, 3762 evals/s, 274 msg/s, 13.7 leaves/msg, 824s)
2026-08-25 14:24:12   [GPU] 3,150,001 evals (78637 batches, avg 40/batch = 8% of 512, 3765 evals/s, 275 msg/s, 13.7 leaves/msg, 837s)
2026-08-25 14:24:25   [GPU] 3,200,002 evals (79909 batches, avg 40/batch = 8% of 512, 3764 evals/s, 275 msg/s, 13.7 leaves/msg, 850s)
2026-08-25 14:24:39   [GPU] 3,250,019 evals (81233 batches, avg 40/batch = 8% of 512, 3763 evals/s, 275 msg/s, 13.7 leaves/msg, 864s)
2026-08-25 14:24:53 [iter 25/40] self-play: 95/160 games...
2026-08-25 14:24:53   [GPU] 3,300,034 evals (82627 batches, avg 40/batch = 8% of 512, 3759 evals/s, 275 msg/s, 13.7 leaves/msg, 878s)
2026-08-25 14:25:06   [GPU] 3,350,011 evals (83924 batches, avg 40/batch = 8% of 512, 3759 evals/s, 274 msg/s, 13.7 leaves/msg, 891s)
2026-08-25 14:25:22   [GPU] 3,400,003 evals (85407 batches, avg 40/batch = 8% of 512, 3750 evals/s, 274 msg/s, 13.7 leaves/msg, 907s)
2026-08-25 14:25:25 [iter 25/40] self-play: 100/160 games...
2026-08-25 14:25:36   [GPU] 3,450,014 evals (86805 batches, avg 40/batch = 8% of 512, 3745 evals/s, 274 msg/s, 13.7 leaves/msg, 921s)
2026-08-25 14:25:46 [iter 25/40] self-play: 105/160 games...
2026-08-25 14:25:52   [GPU] 3,500,003 evals (88159 batches, avg 40/batch = 8% of 512, 3737 evals/s, 273 msg/s, 13.7 leaves/msg, 937s)
2026-08-25 14:26:08   [GPU] 3,550,000 evals (89570 batches, avg 40/batch = 8% of 512, 3724 evals/s, 272 msg/s, 13.7 leaves/msg, 953s)
2026-08-25 14:26:21 [iter 25/40] self-play: 110/160 games...
2026-08-25 14:26:24   [GPU] 3,600,038 evals (90964 batches, avg 40/batch = 8% of 512, 3716 evals/s, 272 msg/s, 13.7 leaves/msg, 969s)
2026-08-25 14:26:39   [GPU] 3,650,022 evals (92286 batches, avg 40/batch = 8% of 512, 3709 evals/s, 271 msg/s, 13.7 leaves/msg, 984s)
2026-08-25 14:26:53   [GPU] 3,700,042 evals (93531 batches, avg 40/batch = 8% of 512, 3708 evals/s, 271 msg/s, 13.7 leaves/msg, 998s)
2026-08-25 14:27:06   [GPU] 3,750,044 evals (94702 batches, avg 40/batch = 8% of 512, 3709 evals/s, 271 msg/s, 13.7 leaves/msg, 1011s)
2026-08-25 14:27:19   [GPU] 3,800,079 evals (95865 batches, avg 40/batch = 8% of 512, 3712 evals/s, 271 msg/s, 13.7 leaves/msg, 1024s)
2026-08-25 14:27:31   [GPU] 3,850,033 evals (97014 batches, avg 40/batch = 8% of 512, 3716 evals/s, 271 msg/s, 13.7 leaves/msg, 1036s)
2026-08-25 14:27:44   [GPU] 3,900,046 evals (98162 batches, avg 40/batch = 8% of 512, 3720 evals/s, 271 msg/s, 13.7 leaves/msg, 1048s)
2026-08-25 14:27:56   [GPU] 3,950,040 evals (99297 batches, avg 40/batch = 8% of 512, 3725 evals/s, 271 msg/s, 13.7 leaves/msg, 1060s)
2026-08-25 14:28:07   [GPU] 4,000,016 evals (100384 batches, avg 40/batch = 8% of 512, 3732 evals/s, 271 msg/s, 13.7 leaves/msg, 1072s)
2026-08-25 14:28:18   [GPU] 4,050,025 evals (101456 batches, avg 40/batch = 8% of 512, 3739 evals/s, 272 msg/s, 13.8 leaves/msg, 1083s)
2026-08-25 14:28:29   [GPU] 4,100,035 evals (102552 batches, avg 40/batch = 8% of 512, 3747 evals/s, 272 msg/s, 13.8 leaves/msg, 1094s)
2026-08-25 14:28:42   [GPU] 4,150,039 evals (103707 batches, avg 40/batch = 8% of 512, 3751 evals/s, 273 msg/s, 13.8 leaves/msg, 1107s)
2026-08-25 14:28:47 [iter 25/40] self-play: 115/160 games...
2026-08-25 14:28:53   [GPU] 4,200,047 evals (104772 batches, avg 40/batch = 8% of 512, 3757 evals/s, 273 msg/s, 13.8 leaves/msg, 1118s)
2026-08-25 14:29:04   [GPU] 4,250,023 evals (105802 batches, avg 40/batch = 8% of 512, 3764 evals/s, 273 msg/s, 13.8 leaves/msg, 1129s)
2026-08-25 14:29:16   [GPU] 4,300,046 evals (106887 batches, avg 40/batch = 8% of 512, 3769 evals/s, 274 msg/s, 13.8 leaves/msg, 1141s)
2026-08-25 14:29:29   [GPU] 4,350,066 evals (108028 batches, avg 40/batch = 8% of 512, 3772 evals/s, 274 msg/s, 13.8 leaves/msg, 1153s)
2026-08-25 14:29:41   [GPU] 4,400,031 evals (109259 batches, avg 40/batch = 8% of 512, 3774 evals/s, 274 msg/s, 13.8 leaves/msg, 1166s)
2026-08-25 14:29:47 [iter 25/40] self-play: 120/160 games...
2026-08-25 14:29:53   [GPU] 4,450,015 evals (110449 batches, avg 40/batch = 8% of 512, 3778 evals/s, 275 msg/s, 13.8 leaves/msg, 1178s)
2026-08-25 14:30:06   [GPU] 4,500,009 evals (111686 batches, avg 40/batch = 8% of 512, 3780 evals/s, 275 msg/s, 13.8 leaves/msg, 1191s)
2026-08-25 14:30:09 [iter 25/40] self-play: 125/160 games...
2026-08-25 14:30:19   [GPU] 4,550,019 evals (112917 batches, avg 40/batch = 8% of 512, 3781 evals/s, 275 msg/s, 13.8 leaves/msg, 1203s)
2026-08-25 14:30:31   [GPU] 4,600,003 evals (114119 batches, avg 40/batch = 8% of 512, 3782 evals/s, 275 msg/s, 13.8 leaves/msg, 1216s)
2026-08-25 14:30:44 [iter 25/40] self-play: 130/160 games...
2026-08-25 14:30:44   [GPU] 4,650,040 evals (115368 batches, avg 40/batch = 8% of 512, 3785 evals/s, 275 msg/s, 13.7 leaves/msg, 1229s)
2026-08-25 14:30:58   [GPU] 4,700,018 evals (116745 batches, avg 40/batch = 8% of 512, 3783 evals/s, 275 msg/s, 13.7 leaves/msg, 1242s)
2026-08-25 14:31:02 [iter 25/40] self-play: 135/160 games...
2026-08-25 14:31:13   [GPU] 4,750,000 evals (118123 batches, avg 40/batch = 8% of 512, 3777 evals/s, 275 msg/s, 13.7 leaves/msg, 1257s)
2026-08-25 14:31:29   [GPU] 4,800,011 evals (119565 batches, avg 40/batch = 8% of 512, 3769 evals/s, 274 msg/s, 13.7 leaves/msg, 1273s)
2026-08-25 14:31:45   [GPU] 4,850,014 evals (120944 batches, avg 40/batch = 8% of 512, 3761 evals/s, 273 msg/s, 13.8 leaves/msg, 1289s)
2026-08-25 14:31:56 [iter 25/40] self-play: 140/160 games...
2026-08-25 14:31:58   [GPU] 4,900,009 evals (122167 batches, avg 40/batch = 8% of 512, 3763 evals/s, 273 msg/s, 13.8 leaves/msg, 1302s)
2026-08-25 14:32:11   [GPU] 4,950,035 evals (123416 batches, avg 40/batch = 8% of 512, 3762 evals/s, 273 msg/s, 13.8 leaves/msg, 1316s)
2026-08-25 14:32:25   [GPU] 5,000,020 evals (124679 batches, avg 40/batch = 8% of 512, 3761 evals/s, 273 msg/s, 13.8 leaves/msg, 1329s)
2026-08-25 14:32:39   [GPU] 5,050,025 evals (125982 batches, avg 40/batch = 8% of 512, 3759 evals/s, 273 msg/s, 13.8 leaves/msg, 1344s)
2026-08-25 14:32:42 [iter 25/40] self-play: 145/160 games...
2026-08-25 14:32:51   [GPU] 5,100,037 evals (127173 batches, avg 40/batch = 8% of 512, 3761 evals/s, 273 msg/s, 13.8 leaves/msg, 1356s)
2026-08-25 14:33:05   [GPU] 5,150,013 evals (128467 batches, avg 40/batch = 8% of 512, 3761 evals/s, 273 msg/s, 13.8 leaves/msg, 1369s)
2026-08-25 14:33:08 [iter 25/40] self-play: 150/160 games...
2026-08-25 14:33:19   [GPU] 5,200,071 evals (129815 batches, avg 40/batch = 8% of 512, 3758 evals/s, 273 msg/s, 13.8 leaves/msg, 1384s)
2026-08-25 14:33:33   [GPU] 5,250,003 evals (131207 batches, avg 40/batch = 8% of 512, 3755 evals/s, 273 msg/s, 13.8 leaves/msg, 1398s)
2026-08-25 14:33:38 [iter 25/40] self-play: 155/160 games...
2026-08-25 14:33:54   [GPU] 5,300,019 evals (132984 batches, avg 40/batch = 8% of 512, 3735 evals/s, 272 msg/s, 13.8 leaves/msg, 1419s)
2026-08-25 14:34:15   [GPU] 5,350,025 evals (134825 batches, avg 40/batch = 8% of 512, 3717 evals/s, 270 msg/s, 13.8 leaves/msg, 1439s)
2026-08-25 14:34:34   [GPU] 5,400,046 evals (136582 batches, avg 40/batch = 8% of 512, 3702 evals/s, 269 msg/s, 13.8 leaves/msg, 1459s)
2026-08-25 14:34:54   [GPU] 5,450,006 evals (138383 batches, avg 39/batch = 8% of 512, 3686 evals/s, 268 msg/s, 13.8 leaves/msg, 1478s)
2026-08-25 14:35:29   [GPU] 5,500,011 evals (140859 batches, avg 39/batch = 8% of 512, 3633 evals/s, 264 msg/s, 13.8 leaves/msg, 1514s)
2026-08-25 14:36:06   [GPU] 5,550,015 evals (143346 batches, avg 39/batch = 8% of 512, 3578 evals/s, 260 msg/s, 13.8 leaves/msg, 1551s)
2026-08-25 14:36:44   [GPU] 5,600,005 evals (145812 batches, avg 38/batch = 8% of 512, 3525 evals/s, 256 msg/s, 13.8 leaves/msg, 1589s)
2026-08-25 14:37:46   [GPU] 5,650,003 evals (149070 batches, avg 38/batch = 7% of 512, 3422 evals/s, 249 msg/s, 13.8 leaves/msg, 1651s)
2026-08-25 14:38:44 [iter 25/40] self-play: 160/160 games...
2026-08-25 14:38:45 [iter 25/40] self-play done: 160 games (1709s) | wins: P0=35, P1=41, P2=27, P3=39, draw=18 | draw_rate=11% avg_len~28
2026-08-25 14:38:45 [iter 25/40] search: expanded=7.9 actions/node visits/action=75.6 walls/game=5.31 first_wall_ply=2.707 learner_sims/s=3568.06
2026-08-25 14:38:45 [iter 25/40] training (600 steps, lr=4.11e-04)...
2026-08-25 14:38:53 [iter 25/40] training done: loss_p=1.240 loss_v=0.138 (8s)
2026-08-25 14:38:54 [iter 25/40] data: policy_wall_mass=0.126 walled_states=65% walls_on_board=18.8 value_mae walled=0.183 free=0.345
2026-08-25 14:38:55 [iter 25/40] eval skipped (eval_every=4)
2026-08-25 14:38:55 >>> iter 25 | loss_p=1.240 loss_v=0.138 | vs_best=n/a (not evaluated) | vs_rand=n/a | draw=11% | buf=100000 | rss=3.47GB | sp=1709s train=8s eval_best=0s eval_rand=0s | total=1720s
2026-08-25 14:38:55 [iter 26/40] self-play starting (160 games, 600 sims, MIXED 80/160 race-only)...
2026-08-25 14:38:55 [PARALLEL-MP] 8 workers spawned (160 games, sims=600), GPU batcher starting...
2026-08-25 14:39:12   [GPU] 50,015 evals (1422 batches, avg 35/batch = 7% of 512, 2939 evals/s, 209 msg/s, 14.1 leaves/msg, 17s)
2026-08-25 14:39:15 [iter 26/40] self-play: 5/160 games...
2026-08-25 14:39:28   [GPU] 100,000 evals (2964 batches, avg 34/batch = 7% of 512, 3055 evals/s, 237 msg/s, 12.9 leaves/msg, 33s)
2026-08-25 14:39:28 [iter 26/40] self-play: 10/160 games...
2026-08-25 14:39:47   [GPU] 150,004 evals (4606 batches, avg 33/batch = 6% of 512, 2891 evals/s, 220 msg/s, 13.2 leaves/msg, 52s)
2026-08-25 14:39:52 [iter 26/40] self-play: 15/160 games...
2026-08-25 14:40:06   [GPU] 200,028 evals (6316 batches, avg 32/batch = 6% of 512, 2812 evals/s, 211 msg/s, 13.3 leaves/msg, 71s)
2026-08-25 14:40:24   [GPU] 250,003 evals (7844 batches, avg 32/batch = 6% of 512, 2804 evals/s, 207 msg/s, 13.5 leaves/msg, 89s)
2026-08-25 14:40:37   [GPU] 300,041 evals (9083 batches, avg 33/batch = 6% of 512, 2930 evals/s, 214 msg/s, 13.7 leaves/msg, 102s)
2026-08-25 14:40:42 [iter 26/40] self-play: 20/160 games...
2026-08-25 14:40:51   [GPU] 350,008 evals (10291 batches, avg 34/batch = 7% of 512, 3027 evals/s, 220 msg/s, 13.8 leaves/msg, 116s)
2026-08-25 14:41:04   [GPU] 400,021 evals (11555 batches, avg 35/batch = 7% of 512, 3089 evals/s, 222 msg/s, 13.9 leaves/msg, 130s)
2026-08-25 14:41:18   [GPU] 450,008 evals (12832 batches, avg 35/batch = 7% of 512, 3140 evals/s, 225 msg/s, 14.0 leaves/msg, 143s)
2026-08-25 14:41:31   [GPU] 500,022 evals (13976 batches, avg 36/batch = 7% of 512, 3214 evals/s, 229 msg/s, 14.0 leaves/msg, 156s)
2026-08-25 14:41:42   [GPU] 550,029 evals (15058 batches, avg 37/batch = 7% of 512, 3299 evals/s, 235 msg/s, 14.0 leaves/msg, 167s)
2026-08-25 14:41:43 [iter 26/40] self-play: 25/160 games...
2026-08-25 14:41:53   [GPU] 600,005 evals (16144 batches, avg 37/batch = 7% of 512, 3368 evals/s, 240 msg/s, 14.1 leaves/msg, 178s)
2026-08-25 14:42:05   [GPU] 650,000 evals (17228 batches, avg 38/batch = 7% of 512, 3428 evals/s, 243 msg/s, 14.1 leaves/msg, 190s)
2026-08-25 14:42:16   [GPU] 700,036 evals (18282 batches, avg 38/batch = 7% of 512, 3487 evals/s, 247 msg/s, 14.1 leaves/msg, 201s)
2026-08-25 14:42:27   [GPU] 750,029 evals (19329 batches, avg 39/batch = 8% of 512, 3544 evals/s, 250 msg/s, 14.1 leaves/msg, 212s)
2026-08-25 14:42:38   [GPU] 800,009 evals (20363 batches, avg 39/batch = 8% of 512, 3595 evals/s, 254 msg/s, 14.2 leaves/msg, 223s)
2026-08-25 14:42:48   [GPU] 850,021 evals (21402 batches, avg 40/batch = 8% of 512, 3642 evals/s, 257 msg/s, 14.2 leaves/msg, 233s)
2026-08-25 14:42:59   [GPU] 900,005 evals (22389 batches, avg 40/batch = 8% of 512, 3694 evals/s, 260 msg/s, 14.2 leaves/msg, 244s)
2026-08-25 14:43:09   [GPU] 950,008 evals (23351 batches, avg 41/batch = 8% of 512, 3747 evals/s, 264 msg/s, 14.2 leaves/msg, 254s)
2026-08-25 14:43:18   [GPU] 1,000,017 evals (24311 batches, avg 41/batch = 8% of 512, 3799 evals/s, 267 msg/s, 14.2 leaves/msg, 263s)
2026-08-25 14:43:28   [GPU] 1,050,053 evals (25269 batches, avg 42/batch = 8% of 512, 3847 evals/s, 270 msg/s, 14.2 leaves/msg, 273s)
2026-08-25 14:43:38   [GPU] 1,100,033 evals (26230 batches, avg 42/batch = 8% of 512, 3891 evals/s, 273 msg/s, 14.2 leaves/msg, 283s)
2026-08-25 14:43:48   [GPU] 1,150,030 evals (27186 batches, avg 42/batch = 8% of 512, 3931 evals/s, 276 msg/s, 14.2 leaves/msg, 293s)
2026-08-25 14:43:57   [GPU] 1,200,022 evals (28148 batches, avg 43/batch = 8% of 512, 3967 evals/s, 279 msg/s, 14.2 leaves/msg, 302s)
2026-08-25 14:44:08   [GPU] 1,250,017 evals (29134 batches, avg 43/batch = 8% of 512, 3999 evals/s, 281 msg/s, 14.2 leaves/msg, 313s)
2026-08-25 14:44:18   [GPU] 1,300,076 evals (30120 batches, avg 43/batch = 8% of 512, 4029 evals/s, 284 msg/s, 14.2 leaves/msg, 323s)
2026-08-25 14:44:28   [GPU] 1,350,001 evals (31112 batches, avg 43/batch = 8% of 512, 4058 evals/s, 286 msg/s, 14.2 leaves/msg, 333s)
2026-08-25 14:44:38   [GPU] 1,400,054 evals (32096 batches, avg 44/batch = 9% of 512, 4085 evals/s, 288 msg/s, 14.2 leaves/msg, 343s)
2026-08-25 14:44:48   [GPU] 1,450,030 evals (33125 batches, avg 44/batch = 9% of 512, 4108 evals/s, 291 msg/s, 14.1 leaves/msg, 353s)
2026-08-25 14:44:59   [GPU] 1,500,002 evals (34212 batches, avg 44/batch = 9% of 512, 4122 evals/s, 292 msg/s, 14.1 leaves/msg, 364s)
2026-08-25 14:45:08 [iter 26/40] self-play: 30/160 games...
2026-08-25 14:45:10   [GPU] 1,550,016 evals (35346 batches, avg 44/batch = 9% of 512, 4132 evals/s, 294 msg/s, 14.0 leaves/msg, 375s)
2026-08-25 14:45:20 [iter 26/40] self-play: 35/160 games...
2026-08-25 14:45:23   [GPU] 1,600,003 evals (36634 batches, avg 44/batch = 9% of 512, 4120 evals/s, 295 msg/s, 14.0 leaves/msg, 388s)
2026-08-25 14:45:37 [iter 26/40] self-play: 40/160 games...
2026-08-25 14:45:40   [GPU] 1,650,034 evals (38200 batches, avg 43/batch = 8% of 512, 4078 evals/s, 294 msg/s, 13.9 leaves/msg, 405s)
2026-08-25 14:45:55 [iter 26/40] self-play: 45/160 games...
2026-08-25 14:45:57   [GPU] 1,700,022 evals (39784 batches, avg 43/batch = 8% of 512, 4031 evals/s, 291 msg/s, 13.8 leaves/msg, 422s)
2026-08-25 14:46:15   [GPU] 1,750,037 evals (41433 batches, avg 42/batch = 8% of 512, 3973 evals/s, 287 msg/s, 13.8 leaves/msg, 441s)
2026-08-25 14:46:28 [iter 26/40] self-play: 50/160 games...
2026-08-25 14:46:35   [GPU] 1,800,023 evals (43066 batches, avg 42/batch = 8% of 512, 3913 evals/s, 283 msg/s, 13.8 leaves/msg, 460s)
2026-08-25 14:46:52   [GPU] 1,850,018 evals (44557 batches, avg 42/batch = 8% of 512, 3876 evals/s, 280 msg/s, 13.8 leaves/msg, 477s)
2026-08-25 14:47:06   [GPU] 1,900,003 evals (45825 batches, avg 41/batch = 8% of 512, 3869 evals/s, 280 msg/s, 13.8 leaves/msg, 491s)
2026-08-25 14:47:21   [GPU] 1,950,016 evals (47121 batches, avg 41/batch = 8% of 512, 3856 evals/s, 279 msg/s, 13.8 leaves/msg, 506s)
2026-08-25 14:47:29 [iter 26/40] self-play: 55/160 games...
2026-08-25 14:47:34   [GPU] 2,000,015 evals (48337 batches, avg 41/batch = 8% of 512, 3854 evals/s, 279 msg/s, 13.8 leaves/msg, 519s)
2026-08-25 14:47:46   [GPU] 2,050,041 evals (49501 batches, avg 41/batch = 8% of 512, 3859 evals/s, 279 msg/s, 13.8 leaves/msg, 531s)
2026-08-25 14:47:59   [GPU] 2,100,033 evals (50695 batches, avg 41/batch = 8% of 512, 3859 evals/s, 279 msg/s, 13.8 leaves/msg, 544s)
2026-08-25 14:48:13   [GPU] 2,150,008 evals (51934 batches, avg 41/batch = 8% of 512, 3856 evals/s, 279 msg/s, 13.8 leaves/msg, 558s)
2026-08-25 14:48:25   [GPU] 2,200,028 evals (53075 batches, avg 41/batch = 8% of 512, 3862 evals/s, 280 msg/s, 13.8 leaves/msg, 570s)
2026-08-25 14:48:28 [iter 26/40] self-play: 60/160 games...
2026-08-25 14:48:37   [GPU] 2,250,017 evals (54261 batches, avg 41/batch = 8% of 512, 3868 evals/s, 280 msg/s, 13.8 leaves/msg, 582s)
2026-08-25 14:48:49   [GPU] 2,300,009 evals (55449 batches, avg 41/batch = 8% of 512, 3873 evals/s, 281 msg/s, 13.8 leaves/msg, 594s)
2026-08-25 14:49:02   [GPU] 2,350,013 evals (56709 batches, avg 41/batch = 8% of 512, 3874 evals/s, 281 msg/s, 13.8 leaves/msg, 607s)
2026-08-25 14:49:15   [GPU] 2,400,009 evals (58047 batches, avg 41/batch = 8% of 512, 3871 evals/s, 282 msg/s, 13.7 leaves/msg, 620s)
2026-08-25 14:49:22 [iter 26/40] self-play: 65/160 games...
2026-08-25 14:49:27   [GPU] 2,450,038 evals (59197 batches, avg 41/batch = 8% of 512, 3878 evals/s, 282 msg/s, 13.7 leaves/msg, 632s)
2026-08-25 14:49:39   [GPU] 2,500,025 evals (60411 batches, avg 41/batch = 8% of 512, 3882 evals/s, 283 msg/s, 13.7 leaves/msg, 644s)
2026-08-25 14:49:51   [GPU] 2,550,027 evals (61571 batches, avg 41/batch = 8% of 512, 3886 evals/s, 283 msg/s, 13.7 leaves/msg, 656s)
2026-08-25 14:50:02   [GPU] 2,600,022 evals (62646 batches, avg 42/batch = 8% of 512, 3897 evals/s, 283 msg/s, 13.8 leaves/msg, 667s)
2026-08-25 14:50:13   [GPU] 2,650,020 evals (63754 batches, avg 42/batch = 8% of 512, 3907 evals/s, 284 msg/s, 13.8 leaves/msg, 678s)
2026-08-25 14:50:25   [GPU] 2,700,060 evals (64894 batches, avg 42/batch = 8% of 512, 3912 evals/s, 284 msg/s, 13.8 leaves/msg, 690s)
2026-08-25 14:50:37 [iter 26/40] self-play: 70/160 games...
2026-08-25 14:50:37   [GPU] 2,750,044 evals (66031 batches, avg 42/batch = 8% of 512, 3918 evals/s, 285 msg/s, 13.7 leaves/msg, 702s)
2026-08-25 14:50:49   [GPU] 2,800,045 evals (67259 batches, avg 42/batch = 8% of 512, 3920 evals/s, 285 msg/s, 13.7 leaves/msg, 714s)
2026-08-25 14:51:00 [iter 26/40] self-play: 75/160 games...
2026-08-25 14:51:01   [GPU] 2,850,033 evals (68472 batches, avg 42/batch = 8% of 512, 3925 evals/s, 286 msg/s, 13.7 leaves/msg, 726s)
2026-08-25 14:51:14   [GPU] 2,900,006 evals (69744 batches, avg 42/batch = 8% of 512, 3925 evals/s, 286 msg/s, 13.7 leaves/msg, 739s)
2026-08-25 14:51:27 [iter 26/40] self-play: 80/160 games...
2026-08-25 14:51:27   [GPU] 2,950,020 evals (71037 batches, avg 42/batch = 8% of 512, 3920 evals/s, 286 msg/s, 13.7 leaves/msg, 752s)
2026-08-25 14:51:41   [GPU] 3,000,016 evals (72347 batches, avg 41/batch = 8% of 512, 3915 evals/s, 285 msg/s, 13.7 leaves/msg, 766s)
2026-08-25 14:51:54   [GPU] 3,050,015 evals (73636 batches, avg 41/batch = 8% of 512, 3913 evals/s, 285 msg/s, 13.7 leaves/msg, 779s)
2026-08-25 14:52:05 [iter 26/40] self-play: 85/160 games...
2026-08-25 14:52:07   [GPU] 3,100,011 evals (74892 batches, avg 41/batch = 8% of 512, 3914 evals/s, 286 msg/s, 13.7 leaves/msg, 792s)
2026-08-25 14:52:22   [GPU] 3,150,046 evals (76262 batches, avg 41/batch = 8% of 512, 3904 evals/s, 285 msg/s, 13.7 leaves/msg, 807s)
2026-08-25 14:52:35   [GPU] 3,200,001 evals (77553 batches, avg 41/batch = 8% of 512, 3903 evals/s, 284 msg/s, 13.7 leaves/msg, 820s)
2026-08-25 14:52:48   [GPU] 3,250,024 evals (78833 batches, avg 41/batch = 8% of 512, 3901 evals/s, 284 msg/s, 13.7 leaves/msg, 833s)
2026-08-25 14:53:01   [GPU] 3,300,045 evals (80087 batches, avg 41/batch = 8% of 512, 3899 evals/s, 284 msg/s, 13.7 leaves/msg, 846s)
2026-08-25 14:53:14   [GPU] 3,350,022 evals (81301 batches, avg 41/batch = 8% of 512, 3899 evals/s, 284 msg/s, 13.7 leaves/msg, 859s)
2026-08-25 14:53:17 [iter 26/40] self-play: 90/160 games...
2026-08-25 14:53:27   [GPU] 3,400,030 evals (82558 batches, avg 41/batch = 8% of 512, 3898 evals/s, 283 msg/s, 13.8 leaves/msg, 872s)
2026-08-25 14:53:39   [GPU] 3,450,034 evals (83747 batches, avg 41/batch = 8% of 512, 3902 evals/s, 284 msg/s, 13.8 leaves/msg, 884s)
2026-08-25 14:53:52   [GPU] 3,500,002 evals (84995 batches, avg 41/batch = 8% of 512, 3903 evals/s, 284 msg/s, 13.8 leaves/msg, 897s)
2026-08-25 14:53:55 [iter 26/40] self-play: 95/160 games...
2026-08-25 14:54:05   [GPU] 3,550,009 evals (86284 batches, avg 41/batch = 8% of 512, 3900 evals/s, 284 msg/s, 13.7 leaves/msg, 910s)
2026-08-25 14:54:19   [GPU] 3,600,007 evals (87605 batches, avg 41/batch = 8% of 512, 3896 evals/s, 284 msg/s, 13.7 leaves/msg, 924s)
2026-08-25 14:54:28 [iter 26/40] self-play: 100/160 games...
2026-08-25 14:54:32   [GPU] 3,650,038 evals (88877 batches, avg 41/batch = 8% of 512, 3896 evals/s, 284 msg/s, 13.7 leaves/msg, 937s)
2026-08-25 14:54:46   [GPU] 3,700,023 evals (90230 batches, avg 41/batch = 8% of 512, 3890 evals/s, 283 msg/s, 13.7 leaves/msg, 951s)
2026-08-25 14:54:50 [iter 26/40] self-play: 105/160 games...
2026-08-25 14:55:02   [GPU] 3,750,005 evals (91636 batches, avg 41/batch = 8% of 512, 3879 evals/s, 283 msg/s, 13.7 leaves/msg, 967s)
2026-08-25 14:55:15   [GPU] 3,800,001 evals (92893 batches, avg 41/batch = 8% of 512, 3878 evals/s, 282 msg/s, 13.7 leaves/msg, 980s)
2026-08-25 14:55:28   [GPU] 3,850,007 evals (94135 batches, avg 41/batch = 8% of 512, 3877 evals/s, 283 msg/s, 13.7 leaves/msg, 993s)
2026-08-25 14:55:38 [iter 26/40] self-play: 110/160 games...
2026-08-25 14:55:41   [GPU] 3,900,002 evals (95407 batches, avg 41/batch = 8% of 512, 3876 evals/s, 283 msg/s, 13.7 leaves/msg, 1006s)
2026-08-25 14:55:55   [GPU] 3,950,040 evals (96688 batches, avg 41/batch = 8% of 512, 3874 evals/s, 283 msg/s, 13.7 leaves/msg, 1020s)
2026-08-25 14:56:07   [GPU] 4,000,002 evals (97917 batches, avg 41/batch = 8% of 512, 3875 evals/s, 283 msg/s, 13.7 leaves/msg, 1032s)
2026-08-25 14:56:21   [GPU] 4,050,022 evals (99206 batches, avg 41/batch = 8% of 512, 3872 evals/s, 283 msg/s, 13.7 leaves/msg, 1046s)
2026-08-25 14:56:29 [iter 26/40] self-play: 115/160 games...
2026-08-25 14:56:33   [GPU] 4,100,010 evals (100428 batches, avg 41/batch = 8% of 512, 3873 evals/s, 283 msg/s, 13.7 leaves/msg, 1059s)
2026-08-25 14:56:44   [GPU] 4,150,034 evals (101529 batches, avg 41/batch = 8% of 512, 3880 evals/s, 283 msg/s, 13.7 leaves/msg, 1069s)
2026-08-25 14:56:56   [GPU] 4,200,040 evals (102677 batches, avg 41/batch = 8% of 512, 3886 evals/s, 284 msg/s, 13.7 leaves/msg, 1081s)
2026-08-25 14:57:07   [GPU] 4,250,018 evals (103867 batches, avg 41/batch = 8% of 512, 3890 evals/s, 284 msg/s, 13.7 leaves/msg, 1092s)
2026-08-25 14:57:19   [GPU] 4,300,000 evals (105026 batches, avg 41/batch = 8% of 512, 3895 evals/s, 285 msg/s, 13.7 leaves/msg, 1104s)
2026-08-25 14:57:32   [GPU] 4,350,050 evals (106272 batches, avg 41/batch = 8% of 512, 3896 evals/s, 285 msg/s, 13.7 leaves/msg, 1117s)
2026-08-25 14:57:44   [GPU] 4,400,017 evals (107462 batches, avg 41/batch = 8% of 512, 3898 evals/s, 285 msg/s, 13.7 leaves/msg, 1129s)
2026-08-25 14:57:55   [GPU] 4,450,011 evals (108587 batches, avg 41/batch = 8% of 512, 3903 evals/s, 285 msg/s, 13.7 leaves/msg, 1140s)
2026-08-25 14:58:00 [iter 26/40] self-play: 120/160 games...
2026-08-25 14:58:06   [GPU] 4,500,056 evals (109670 batches, avg 41/batch = 8% of 512, 3911 evals/s, 286 msg/s, 13.7 leaves/msg, 1151s)
2026-08-25 14:58:17   [GPU] 4,550,046 evals (110815 batches, avg 41/batch = 8% of 512, 3916 evals/s, 287 msg/s, 13.7 leaves/msg, 1162s)
2026-08-25 14:58:28   [GPU] 4,600,031 evals (111944 batches, avg 41/batch = 8% of 512, 3922 evals/s, 287 msg/s, 13.7 leaves/msg, 1173s)
2026-08-25 14:58:39   [GPU] 4,650,008 evals (113044 batches, avg 41/batch = 8% of 512, 3928 evals/s, 288 msg/s, 13.7 leaves/msg, 1184s)
2026-08-25 14:58:50   [GPU] 4,700,040 evals (114136 batches, avg 41/batch = 8% of 512, 3935 evals/s, 288 msg/s, 13.7 leaves/msg, 1195s)
2026-08-25 14:59:00   [GPU] 4,750,007 evals (115231 batches, avg 41/batch = 8% of 512, 3941 evals/s, 289 msg/s, 13.7 leaves/msg, 1205s)
2026-08-25 14:59:11   [GPU] 4,800,008 evals (116378 batches, avg 41/batch = 8% of 512, 3946 evals/s, 289 msg/s, 13.6 leaves/msg, 1216s)
2026-08-25 14:59:22   [GPU] 4,850,009 evals (117491 batches, avg 41/batch = 8% of 512, 3953 evals/s, 290 msg/s, 13.6 leaves/msg, 1227s)
2026-08-25 14:59:23 [iter 26/40] self-play: 125/160 games...
2026-08-25 14:59:33   [GPU] 4,900,038 evals (118590 batches, avg 41/batch = 8% of 512, 3959 evals/s, 290 msg/s, 13.6 leaves/msg, 1238s)
2026-08-25 14:59:45   [GPU] 4,950,017 evals (119782 batches, avg 41/batch = 8% of 512, 3962 evals/s, 291 msg/s, 13.6 leaves/msg, 1250s)
2026-08-25 14:59:55   [GPU] 5,000,017 evals (120924 batches, avg 41/batch = 8% of 512, 3967 evals/s, 291 msg/s, 13.6 leaves/msg, 1260s)
2026-08-25 14:59:56 [iter 26/40] self-play: 130/160 games...
2026-08-25 15:00:08   [GPU] 5,050,040 evals (122182 batches, avg 41/batch = 8% of 512, 3967 evals/s, 291 msg/s, 13.6 leaves/msg, 1273s)
2026-08-25 15:00:21   [GPU] 5,100,006 evals (123468 batches, avg 41/batch = 8% of 512, 3965 evals/s, 291 msg/s, 13.6 leaves/msg, 1286s)
2026-08-25 15:00:30 [iter 26/40] self-play: 135/160 games...
2026-08-25 15:00:35   [GPU] 5,150,013 evals (124754 batches, avg 41/batch = 8% of 512, 3962 evals/s, 291 msg/s, 13.6 leaves/msg, 1300s)
2026-08-25 15:00:47   [GPU] 5,200,009 evals (125943 batches, avg 41/batch = 8% of 512, 3964 evals/s, 291 msg/s, 13.6 leaves/msg, 1312s)
2026-08-25 15:00:59   [GPU] 5,250,003 evals (127134 batches, avg 41/batch = 8% of 512, 3966 evals/s, 291 msg/s, 13.6 leaves/msg, 1324s)
2026-08-25 15:01:12   [GPU] 5,300,002 evals (128389 batches, avg 41/batch = 8% of 512, 3965 evals/s, 291 msg/s, 13.6 leaves/msg, 1337s)
2026-08-25 15:01:26   [GPU] 5,350,008 evals (129720 batches, avg 41/batch = 8% of 512, 3960 evals/s, 290 msg/s, 13.6 leaves/msg, 1351s)
2026-08-25 15:01:35 [iter 26/40] self-play: 140/160 games...
2026-08-25 15:01:39   [GPU] 5,400,022 evals (130997 batches, avg 41/batch = 8% of 512, 3958 evals/s, 290 msg/s, 13.6 leaves/msg, 1364s)
2026-08-25 15:01:54   [GPU] 5,450,016 evals (132343 batches, avg 41/batch = 8% of 512, 3953 evals/s, 290 msg/s, 13.6 leaves/msg, 1379s)
2026-08-25 15:02:07   [GPU] 5,500,051 evals (133644 batches, avg 41/batch = 8% of 512, 3950 evals/s, 290 msg/s, 13.6 leaves/msg, 1392s)
2026-08-25 15:02:19   [GPU] 5,550,062 evals (134815 batches, avg 41/batch = 8% of 512, 3953 evals/s, 290 msg/s, 13.6 leaves/msg, 1404s)
2026-08-25 15:02:23 [iter 26/40] self-play: 145/160 games...
2026-08-25 15:02:32   [GPU] 5,600,000 evals (136048 batches, avg 41/batch = 8% of 512, 3952 evals/s, 290 msg/s, 13.6 leaves/msg, 1417s)
2026-08-25 15:02:46   [GPU] 5,650,010 evals (137344 batches, avg 41/batch = 8% of 512, 3948 evals/s, 289 msg/s, 13.6 leaves/msg, 1431s)
2026-08-25 15:03:00   [GPU] 5,700,058 evals (138609 batches, avg 41/batch = 8% of 512, 3944 evals/s, 289 msg/s, 13.7 leaves/msg, 1445s)
2026-08-25 15:03:13   [GPU] 5,750,025 evals (139766 batches, avg 41/batch = 8% of 512, 3945 evals/s, 289 msg/s, 13.7 leaves/msg, 1458s)
2026-08-25 15:03:26   [GPU] 5,800,022 evals (140955 batches, avg 41/batch = 8% of 512, 3944 evals/s, 289 msg/s, 13.7 leaves/msg, 1471s)
2026-08-25 15:03:39   [GPU] 5,850,045 evals (142183 batches, avg 41/batch = 8% of 512, 3942 evals/s, 289 msg/s, 13.7 leaves/msg, 1484s)
2026-08-25 15:03:52   [GPU] 5,900,044 evals (143353 batches, avg 41/batch = 8% of 512, 3941 evals/s, 288 msg/s, 13.7 leaves/msg, 1497s)
2026-08-25 15:04:00 [iter 26/40] self-play: 150/160 games...
2026-08-25 15:04:05   [GPU] 5,950,063 evals (144592 batches, avg 41/batch = 8% of 512, 3940 evals/s, 288 msg/s, 13.7 leaves/msg, 1510s)
2026-08-25 15:04:18   [GPU] 6,000,002 evals (145786 batches, avg 41/batch = 8% of 512, 3940 evals/s, 289 msg/s, 13.7 leaves/msg, 1523s)
2026-08-25 15:04:32 [iter 26/40] self-play: 155/160 games...
2026-08-25 15:04:33   [GPU] 6,050,013 evals (147239 batches, avg 41/batch = 8% of 512, 3933 evals/s, 288 msg/s, 13.6 leaves/msg, 1538s)
2026-08-25 15:04:51   [GPU] 6,100,006 evals (148809 batches, avg 41/batch = 8% of 512, 3921 evals/s, 287 msg/s, 13.6 leaves/msg, 1556s)
2026-08-25 15:05:07   [GPU] 6,150,030 evals (150399 batches, avg 41/batch = 8% of 512, 3911 evals/s, 287 msg/s, 13.6 leaves/msg, 1572s)
2026-08-25 15:05:28   [GPU] 6,200,035 evals (152253 batches, avg 41/batch = 8% of 512, 3891 evals/s, 285 msg/s, 13.6 leaves/msg, 1593s)
2026-08-25 15:05:48   [GPU] 6,250,017 evals (154075 batches, avg 41/batch = 8% of 512, 3874 evals/s, 284 msg/s, 13.6 leaves/msg, 1613s)
2026-08-25 15:06:15   [GPU] 6,300,004 evals (156264 batches, avg 40/batch = 8% of 512, 3840 evals/s, 282 msg/s, 13.6 leaves/msg, 1640s)
2026-08-25 15:07:28   [GPU] 6,350,007 evals (159702 batches, avg 40/batch = 8% of 512, 3707 evals/s, 272 msg/s, 13.6 leaves/msg, 1713s)
2026-08-25 15:08:44 [iter 26/40] self-play: 160/160 games...
2026-08-25 15:08:45 [iter 26/40] self-play done: 160 games (1790s) | wins: P0=42, P1=39, P2=16, P3=41, draw=22 | draw_rate=14% avg_len~27
2026-08-25 15:08:45 [iter 26/40] search: expanded=7.4 actions/node visits/action=81.6 walls/game=5.54 first_wall_ply=2.658 learner_sims/s=3810.97
2026-08-25 15:08:45 [iter 26/40] training (600 steps, lr=3.78e-04)...
2026-08-25 15:08:53 [iter 26/40] training done: loss_p=1.223 loss_v=0.137 (8s)
2026-08-25 15:08:54 [iter 26/40] data: policy_wall_mass=0.111 walled_states=64% walls_on_board=19.1 value_mae walled=0.191 free=0.337
2026-08-25 15:08:55 [iter 26/40] eval skipped (eval_every=4)
2026-08-25 15:08:55 >>> iter 26 | loss_p=1.223 loss_v=0.137 | vs_best=n/a (not evaluated) | vs_rand=n/a | draw=14% | buf=100000 | rss=3.48GB | sp=1790s train=8s eval_best=0s eval_rand=0s | total=1800s
2026-08-25 15:08:55 [iter 27/40] self-play starting (160 games, 600 sims, MIXED 80/160 race-only)...
2026-08-25 15:08:55 [PARALLEL-MP] 8 workers spawned (160 games, sims=600), GPU batcher starting...
2026-08-25 15:09:13   [GPU] 50,052 evals (1489 batches, avg 34/batch = 7% of 512, 2839 evals/s, 214 msg/s, 13.2 leaves/msg, 18s)
2026-08-25 15:09:13 [iter 27/40] self-play: 5/160 games...
2026-08-25 15:09:28 [iter 27/40] self-play: 10/160 games...
2026-08-25 15:09:29   [GPU] 100,005 evals (3082 batches, avg 32/batch = 6% of 512, 2961 evals/s, 227 msg/s, 13.1 leaves/msg, 34s)
2026-08-25 15:09:47 [iter 27/40] self-play: 15/160 games...
2026-08-25 15:09:49   [GPU] 150,011 evals (4869 batches, avg 31/batch = 6% of 512, 2788 evals/s, 213 msg/s, 13.1 leaves/msg, 54s)
2026-08-25 15:10:08   [GPU] 200,043 evals (6544 batches, avg 31/batch = 6% of 512, 2753 evals/s, 208 msg/s, 13.3 leaves/msg, 73s)
2026-08-25 15:10:27   [GPU] 250,043 evals (8148 batches, avg 31/batch = 6% of 512, 2703 evals/s, 199 msg/s, 13.6 leaves/msg, 92s)
2026-08-25 15:10:41 [iter 27/40] self-play: 20/160 games...
2026-08-25 15:10:42   [GPU] 300,000 evals (9499 batches, avg 32/batch = 6% of 512, 2799 evals/s, 205 msg/s, 13.6 leaves/msg, 107s)
2026-08-25 15:10:57   [GPU] 350,065 evals (10826 batches, avg 32/batch = 6% of 512, 2876 evals/s, 209 msg/s, 13.8 leaves/msg, 122s)
2026-08-25 15:11:10   [GPU] 400,027 evals (12084 batches, avg 33/batch = 6% of 512, 2959 evals/s, 214 msg/s, 13.8 leaves/msg, 135s)
2026-08-25 15:11:23   [GPU] 450,034 evals (13370 batches, avg 34/batch = 7% of 512, 3032 evals/s, 219 msg/s, 13.8 leaves/msg, 148s)
2026-08-25 15:11:27 [iter 27/40] self-play: 25/160 games...
2026-08-25 15:11:37   [GPU] 500,038 evals (14686 batches, avg 34/batch = 7% of 512, 3091 evals/s, 224 msg/s, 13.8 leaves/msg, 162s)
2026-08-25 15:11:50   [GPU] 550,027 evals (16009 batches, avg 34/batch = 7% of 512, 3140 evals/s, 226 msg/s, 13.9 leaves/msg, 175s)
2026-08-25 15:12:01   [GPU] 600,021 evals (17152 batches, avg 35/batch = 7% of 512, 3220 evals/s, 231 msg/s, 13.9 leaves/msg, 186s)
2026-08-25 15:12:12   [GPU] 650,028 evals (18306 batches, avg 36/batch = 7% of 512, 3294 evals/s, 238 msg/s, 13.8 leaves/msg, 197s)
2026-08-25 15:12:17 [iter 27/40] self-play: 30/160 games...
2026-08-25 15:12:25   [GPU] 700,012 evals (19577 batches, avg 36/batch = 7% of 512, 3329 evals/s, 242 msg/s, 13.8 leaves/msg, 210s)
2026-08-25 15:12:36   [GPU] 750,001 evals (20689 batches, avg 36/batch = 7% of 512, 3389 evals/s, 246 msg/s, 13.8 leaves/msg, 221s)
2026-08-25 15:12:48   [GPU] 800,044 evals (21873 batches, avg 37/batch = 7% of 512, 3429 evals/s, 249 msg/s, 13.8 leaves/msg, 233s)
2026-08-25 15:13:01   [GPU] 850,071 evals (23111 batches, avg 37/batch = 7% of 512, 3451 evals/s, 250 msg/s, 13.8 leaves/msg, 246s)
2026-08-25 15:13:03 [iter 27/40] self-play: 35/160 games...
2026-08-25 15:13:13   [GPU] 900,015 evals (24295 batches, avg 37/batch = 7% of 512, 3489 evals/s, 253 msg/s, 13.8 leaves/msg, 258s)
2026-08-25 15:13:27   [GPU] 950,011 evals (25606 batches, avg 37/batch = 7% of 512, 3498 evals/s, 254 msg/s, 13.8 leaves/msg, 272s)
2026-08-25 15:13:40   [GPU] 1,000,046 evals (26862 batches, avg 37/batch = 7% of 512, 3513 evals/s, 255 msg/s, 13.8 leaves/msg, 285s)
2026-08-25 15:13:52   [GPU] 1,050,026 evals (28040 batches, avg 37/batch = 7% of 512, 3540 evals/s, 256 msg/s, 13.8 leaves/msg, 297s)
2026-08-25 15:13:58 [iter 27/40] self-play: 40/160 games...
2026-08-25 15:14:05   [GPU] 1,100,012 evals (29347 batches, avg 37/batch = 7% of 512, 3550 evals/s, 258 msg/s, 13.8 leaves/msg, 310s)
2026-08-25 15:14:19   [GPU] 1,150,000 evals (30643 batches, avg 38/batch = 7% of 512, 3554 evals/s, 258 msg/s, 13.8 leaves/msg, 324s)
2026-08-25 15:14:19 [iter 27/40] self-play: 45/160 games...
2026-08-25 15:14:34   [GPU] 1,200,012 evals (32076 batches, avg 37/batch = 7% of 512, 3538 evals/s, 258 msg/s, 13.7 leaves/msg, 339s)
2026-08-25 15:14:48   [GPU] 1,250,008 evals (33389 batches, avg 37/batch = 7% of 512, 3538 evals/s, 257 msg/s, 13.8 leaves/msg, 353s)
2026-08-25 15:15:02 [iter 27/40] self-play: 50/160 games...
2026-08-25 15:15:02   [GPU] 1,300,041 evals (34693 batches, avg 37/batch = 7% of 512, 3544 evals/s, 258 msg/s, 13.7 leaves/msg, 367s)
2026-08-25 15:15:18   [GPU] 1,350,003 evals (36102 batches, avg 37/batch = 7% of 512, 3528 evals/s, 257 msg/s, 13.7 leaves/msg, 383s)
2026-08-25 15:15:31   [GPU] 1,400,029 evals (37334 batches, avg 38/batch = 7% of 512, 3538 evals/s, 257 msg/s, 13.8 leaves/msg, 396s)
2026-08-25 15:15:44   [GPU] 1,450,024 evals (38619 batches, avg 38/batch = 7% of 512, 3542 evals/s, 257 msg/s, 13.8 leaves/msg, 409s)
2026-08-25 15:15:59   [GPU] 1,500,032 evals (39925 batches, avg 38/batch = 7% of 512, 3541 evals/s, 257 msg/s, 13.8 leaves/msg, 424s)
2026-08-25 15:16:03 [iter 27/40] self-play: 55/160 games...
2026-08-25 15:16:11   [GPU] 1,550,020 evals (41095 batches, avg 38/batch = 7% of 512, 3557 evals/s, 258 msg/s, 13.8 leaves/msg, 436s)
2026-08-25 15:16:23   [GPU] 1,600,039 evals (42270 batches, avg 38/batch = 7% of 512, 3572 evals/s, 259 msg/s, 13.8 leaves/msg, 448s)
2026-08-25 15:16:36   [GPU] 1,650,023 evals (43512 batches, avg 38/batch = 7% of 512, 3580 evals/s, 259 msg/s, 13.8 leaves/msg, 461s)
2026-08-25 15:16:37 [iter 27/40] self-play: 60/160 games...
2026-08-25 15:16:48   [GPU] 1,700,004 evals (44701 batches, avg 38/batch = 7% of 512, 3592 evals/s, 260 msg/s, 13.8 leaves/msg, 473s)
2026-08-25 15:17:02   [GPU] 1,750,015 evals (45947 batches, avg 38/batch = 7% of 512, 3596 evals/s, 260 msg/s, 13.8 leaves/msg, 487s)
2026-08-25 15:17:14   [GPU] 1,800,009 evals (47103 batches, avg 38/batch = 7% of 512, 3610 evals/s, 261 msg/s, 13.8 leaves/msg, 499s)
2026-08-25 15:17:16 [iter 27/40] self-play: 65/160 games...
2026-08-25 15:17:27   [GPU] 1,850,043 evals (48392 batches, avg 38/batch = 7% of 512, 3612 evals/s, 262 msg/s, 13.8 leaves/msg, 512s)
2026-08-25 15:17:40   [GPU] 1,900,011 evals (49665 batches, avg 38/batch = 7% of 512, 3615 evals/s, 262 msg/s, 13.8 leaves/msg, 526s)
2026-08-25 15:17:54   [GPU] 1,950,004 evals (50912 batches, avg 38/batch = 7% of 512, 3621 evals/s, 263 msg/s, 13.8 leaves/msg, 539s)
2026-08-25 15:17:58 [iter 27/40] self-play: 70/160 games...
2026-08-25 15:18:08   [GPU] 2,000,010 evals (52219 batches, avg 38/batch = 7% of 512, 3619 evals/s, 262 msg/s, 13.8 leaves/msg, 553s)
2026-08-25 15:18:20   [GPU] 2,050,005 evals (53418 batches, avg 38/batch = 7% of 512, 3627 evals/s, 263 msg/s, 13.8 leaves/msg, 565s)
2026-08-25 15:18:32   [GPU] 2,100,006 evals (54597 batches, avg 38/batch = 8% of 512, 3637 evals/s, 264 msg/s, 13.8 leaves/msg, 577s)
2026-08-25 15:18:46   [GPU] 2,150,022 evals (55919 batches, avg 38/batch = 8% of 512, 3636 evals/s, 264 msg/s, 13.8 leaves/msg, 591s)
2026-08-25 15:18:54 [iter 27/40] self-play: 75/160 games...
2026-08-25 15:19:01   [GPU] 2,200,009 evals (57301 batches, avg 38/batch = 7% of 512, 3630 evals/s, 264 msg/s, 13.8 leaves/msg, 606s)
2026-08-25 15:19:16   [GPU] 2,250,021 evals (58732 batches, avg 38/batch = 7% of 512, 3621 evals/s, 263 msg/s, 13.8 leaves/msg, 621s)
2026-08-25 15:19:17 [iter 27/40] self-play: 80/160 games...
2026-08-25 15:19:31   [GPU] 2,300,041 evals (60125 batches, avg 38/batch = 7% of 512, 3614 evals/s, 263 msg/s, 13.8 leaves/msg, 636s)
2026-08-25 15:19:47   [GPU] 2,350,054 evals (61547 batches, avg 38/batch = 7% of 512, 3602 evals/s, 262 msg/s, 13.8 leaves/msg, 653s)
2026-08-25 15:20:02 [iter 27/40] self-play: 85/160 games...
2026-08-25 15:20:02   [GPU] 2,400,001 evals (62931 batches, avg 38/batch = 7% of 512, 3597 evals/s, 262 msg/s, 13.7 leaves/msg, 667s)
2026-08-25 15:20:19   [GPU] 2,450,028 evals (64470 batches, avg 38/batch = 7% of 512, 3579 evals/s, 260 msg/s, 13.7 leaves/msg, 684s)
2026-08-25 15:20:29 [iter 27/40] self-play: 90/160 games...
2026-08-25 15:20:36   [GPU] 2,500,014 evals (65943 batches, avg 38/batch = 7% of 512, 3567 evals/s, 259 msg/s, 13.8 leaves/msg, 701s)
2026-08-25 15:20:52   [GPU] 2,550,017 evals (67404 batches, avg 38/batch = 7% of 512, 3555 evals/s, 258 msg/s, 13.8 leaves/msg, 717s)
2026-08-25 15:21:07   [GPU] 2,600,007 evals (68810 batches, avg 38/batch = 7% of 512, 3551 evals/s, 258 msg/s, 13.8 leaves/msg, 732s)
2026-08-25 15:21:23   [GPU] 2,650,008 evals (70228 batches, avg 38/batch = 7% of 512, 3542 evals/s, 257 msg/s, 13.8 leaves/msg, 748s)
2026-08-25 15:21:37   [GPU] 2,700,020 evals (71526 batches, avg 38/batch = 7% of 512, 3544 evals/s, 257 msg/s, 13.8 leaves/msg, 762s)
2026-08-25 15:21:50   [GPU] 2,750,021 evals (72782 batches, avg 38/batch = 7% of 512, 3548 evals/s, 257 msg/s, 13.8 leaves/msg, 775s)
2026-08-25 15:22:03   [GPU] 2,800,007 evals (74052 batches, avg 38/batch = 7% of 512, 3551 evals/s, 257 msg/s, 13.8 leaves/msg, 789s)
2026-08-25 15:22:13 [iter 27/40] self-play: 95/160 games...
2026-08-25 15:22:17   [GPU] 2,850,002 evals (75312 batches, avg 38/batch = 7% of 512, 3554 evals/s, 257 msg/s, 13.8 leaves/msg, 802s)
2026-08-25 15:22:29   [GPU] 2,900,012 evals (76487 batches, avg 38/batch = 7% of 512, 3561 evals/s, 258 msg/s, 13.8 leaves/msg, 814s)
2026-08-25 15:22:42   [GPU] 2,950,042 evals (77707 batches, avg 38/batch = 7% of 512, 3565 evals/s, 258 msg/s, 13.8 leaves/msg, 828s)
2026-08-25 15:22:56   [GPU] 3,000,015 evals (78955 batches, avg 38/batch = 7% of 512, 3568 evals/s, 258 msg/s, 13.8 leaves/msg, 841s)
2026-08-25 15:23:09   [GPU] 3,050,032 evals (80210 batches, avg 38/batch = 7% of 512, 3571 evals/s, 258 msg/s, 13.8 leaves/msg, 854s)
2026-08-25 15:23:22   [GPU] 3,100,059 evals (81437 batches, avg 38/batch = 7% of 512, 3574 evals/s, 258 msg/s, 13.9 leaves/msg, 867s)
2026-08-25 15:23:36   [GPU] 3,150,036 evals (82692 batches, avg 38/batch = 7% of 512, 3576 evals/s, 258 msg/s, 13.8 leaves/msg, 881s)
2026-08-25 15:23:49   [GPU] 3,200,006 evals (83882 batches, avg 38/batch = 7% of 512, 3581 evals/s, 258 msg/s, 13.9 leaves/msg, 894s)
2026-08-25 15:24:00   [GPU] 3,250,030 evals (84978 batches, avg 38/batch = 7% of 512, 3593 evals/s, 259 msg/s, 13.9 leaves/msg, 905s)
2026-08-25 15:24:06 [iter 27/40] self-play: 100/160 games...
2026-08-25 15:24:11   [GPU] 3,300,009 evals (86094 batches, avg 38/batch = 7% of 512, 3603 evals/s, 260 msg/s, 13.9 leaves/msg, 916s)
2026-08-25 15:24:23   [GPU] 3,350,014 evals (87275 batches, avg 38/batch = 7% of 512, 3609 evals/s, 260 msg/s, 13.9 leaves/msg, 928s)
2026-08-25 15:24:36   [GPU] 3,400,018 evals (88472 batches, avg 38/batch = 8% of 512, 3615 evals/s, 261 msg/s, 13.9 leaves/msg, 941s)
2026-08-25 15:24:48   [GPU] 3,450,010 evals (89635 batches, avg 38/batch = 8% of 512, 3621 evals/s, 261 msg/s, 13.9 leaves/msg, 953s)
2026-08-25 15:25:00   [GPU] 3,500,026 evals (90813 batches, avg 39/batch = 8% of 512, 3626 evals/s, 261 msg/s, 13.9 leaves/msg, 965s)
2026-08-25 15:25:13   [GPU] 3,550,055 evals (92050 batches, avg 39/batch = 8% of 512, 3629 evals/s, 262 msg/s, 13.9 leaves/msg, 978s)
2026-08-25 15:25:27   [GPU] 3,600,027 evals (93322 batches, avg 39/batch = 8% of 512, 3630 evals/s, 262 msg/s, 13.9 leaves/msg, 992s)
2026-08-25 15:25:38   [GPU] 3,650,041 evals (94468 batches, avg 39/batch = 8% of 512, 3638 evals/s, 262 msg/s, 13.9 leaves/msg, 1003s)
2026-08-25 15:25:42 [iter 27/40] self-play: 105/160 games...
2026-08-25 15:25:50   [GPU] 3,700,019 evals (95665 batches, avg 39/batch = 8% of 512, 3644 evals/s, 263 msg/s, 13.9 leaves/msg, 1015s)
2026-08-25 15:26:03   [GPU] 3,750,026 evals (96871 batches, avg 39/batch = 8% of 512, 3649 evals/s, 264 msg/s, 13.8 leaves/msg, 1028s)
2026-08-25 15:26:05 [iter 27/40] self-play: 110/160 games...
2026-08-25 15:26:17   [GPU] 3,800,016 evals (98259 batches, avg 39/batch = 8% of 512, 3647 evals/s, 264 msg/s, 13.8 leaves/msg, 1042s)
2026-08-25 15:26:19 [iter 27/40] self-play: 115/160 games...
2026-08-25 15:26:32   [GPU] 3,850,041 evals (99699 batches, avg 39/batch = 8% of 512, 3642 evals/s, 264 msg/s, 13.8 leaves/msg, 1057s)
2026-08-25 15:26:48 [iter 27/40] self-play: 120/160 games...
2026-08-25 15:26:49   [GPU] 3,900,073 evals (101254 batches, avg 39/batch = 8% of 512, 3632 evals/s, 263 msg/s, 13.8 leaves/msg, 1074s)
2026-08-25 15:27:06   [GPU] 3,950,012 evals (102772 batches, avg 38/batch = 8% of 512, 3621 evals/s, 263 msg/s, 13.8 leaves/msg, 1091s)
2026-08-25 15:27:10 [iter 27/40] self-play: 125/160 games...
2026-08-25 15:27:23   [GPU] 4,000,005 evals (104326 batches, avg 38/batch = 7% of 512, 3609 evals/s, 262 msg/s, 13.8 leaves/msg, 1108s)
2026-08-25 15:27:38   [GPU] 4,050,038 evals (105679 batches, avg 38/batch = 7% of 512, 3607 evals/s, 262 msg/s, 13.8 leaves/msg, 1123s)
2026-08-25 15:27:44 [iter 27/40] self-play: 130/160 games...
2026-08-25 15:27:54   [GPU] 4,100,043 evals (107132 batches, avg 38/batch = 7% of 512, 3601 evals/s, 261 msg/s, 13.8 leaves/msg, 1139s)
2026-08-25 15:28:07   [GPU] 4,150,028 evals (108431 batches, avg 38/batch = 7% of 512, 3602 evals/s, 261 msg/s, 13.8 leaves/msg, 1152s)
2026-08-25 15:28:17 [iter 27/40] self-play: 135/160 games...
2026-08-25 15:28:20   [GPU] 4,200,025 evals (109765 batches, avg 38/batch = 7% of 512, 3604 evals/s, 262 msg/s, 13.8 leaves/msg, 1165s)
2026-08-25 15:28:32   [GPU] 4,250,017 evals (110996 batches, avg 38/batch = 7% of 512, 3609 evals/s, 262 msg/s, 13.8 leaves/msg, 1178s)
2026-08-25 15:28:47   [GPU] 4,300,038 evals (112385 batches, avg 38/batch = 7% of 512, 3608 evals/s, 262 msg/s, 13.8 leaves/msg, 1192s)
2026-08-25 15:28:52 [iter 27/40] self-play: 140/160 games...
2026-08-25 15:29:00   [GPU] 4,350,028 evals (113672 batches, avg 38/batch = 7% of 512, 3611 evals/s, 262 msg/s, 13.8 leaves/msg, 1205s)
2026-08-25 15:29:13   [GPU] 4,400,015 evals (115029 batches, avg 38/batch = 7% of 512, 3611 evals/s, 262 msg/s, 13.8 leaves/msg, 1219s)
2026-08-25 15:29:26   [GPU] 4,450,027 evals (116338 batches, avg 38/batch = 7% of 512, 3614 evals/s, 262 msg/s, 13.8 leaves/msg, 1231s)
2026-08-25 15:29:28 [iter 27/40] self-play: 145/160 games...
2026-08-25 15:29:40   [GPU] 4,500,047 evals (117746 batches, avg 38/batch = 7% of 512, 3613 evals/s, 262 msg/s, 13.8 leaves/msg, 1245s)
2026-08-25 15:29:53   [GPU] 4,550,041 evals (119016 batches, avg 38/batch = 7% of 512, 3616 evals/s, 263 msg/s, 13.8 leaves/msg, 1258s)
2026-08-25 15:30:05   [GPU] 4,600,040 evals (120211 batches, avg 38/batch = 7% of 512, 3623 evals/s, 263 msg/s, 13.8 leaves/msg, 1270s)
2026-08-25 15:30:16   [GPU] 4,650,043 evals (121407 batches, avg 38/batch = 7% of 512, 3629 evals/s, 263 msg/s, 13.8 leaves/msg, 1282s)
2026-08-25 15:30:29   [GPU] 4,700,006 evals (122612 batches, avg 38/batch = 7% of 512, 3633 evals/s, 264 msg/s, 13.8 leaves/msg, 1294s)
2026-08-25 15:30:32 [iter 27/40] self-play: 150/160 games...
2026-08-25 15:30:43   [GPU] 4,750,007 evals (123916 batches, avg 38/batch = 7% of 512, 3633 evals/s, 263 msg/s, 13.8 leaves/msg, 1308s)
2026-08-25 15:30:55   [GPU] 4,800,028 evals (125129 batches, avg 38/batch = 7% of 512, 3636 evals/s, 264 msg/s, 13.8 leaves/msg, 1320s)
2026-08-25 15:31:07   [GPU] 4,850,045 evals (126285 batches, avg 38/batch = 8% of 512, 3642 evals/s, 264 msg/s, 13.8 leaves/msg, 1332s)
2026-08-25 15:31:19   [GPU] 4,900,024 evals (127538 batches, avg 38/batch = 8% of 512, 3644 evals/s, 264 msg/s, 13.8 leaves/msg, 1345s)
2026-08-25 15:31:33   [GPU] 4,950,002 evals (128873 batches, avg 38/batch = 8% of 512, 3645 evals/s, 264 msg/s, 13.8 leaves/msg, 1358s)
2026-08-25 15:31:48   [GPU] 5,000,018 evals (130331 batches, avg 38/batch = 7% of 512, 3642 evals/s, 264 msg/s, 13.8 leaves/msg, 1373s)
2026-08-25 15:32:03   [GPU] 5,050,038 evals (131803 batches, avg 38/batch = 7% of 512, 3639 evals/s, 264 msg/s, 13.8 leaves/msg, 1388s)
2026-08-25 15:32:18   [GPU] 5,100,004 evals (133234 batches, avg 38/batch = 7% of 512, 3636 evals/s, 263 msg/s, 13.8 leaves/msg, 1403s)
2026-08-25 15:32:24 [iter 27/40] self-play: 155/160 games...
2026-08-25 15:32:37   [GPU] 5,150,032 evals (134903 batches, avg 38/batch = 7% of 512, 3622 evals/s, 262 msg/s, 13.8 leaves/msg, 1422s)
2026-08-25 15:32:56   [GPU] 5,200,029 evals (136657 batches, avg 38/batch = 7% of 512, 3608 evals/s, 261 msg/s, 13.8 leaves/msg, 1441s)
2026-08-25 15:33:19   [GPU] 5,250,005 evals (138574 batches, avg 38/batch = 7% of 512, 3586 evals/s, 260 msg/s, 13.8 leaves/msg, 1464s)
2026-08-25 15:33:42   [GPU] 5,300,017 evals (140512 batches, avg 38/batch = 7% of 512, 3565 evals/s, 258 msg/s, 13.8 leaves/msg, 1487s)
2026-08-25 15:34:15   [GPU] 5,350,014 evals (142940 batches, avg 37/batch = 7% of 512, 3520 evals/s, 255 msg/s, 13.8 leaves/msg, 1520s)
2026-08-25 15:34:49 [iter 27/40] self-play: 160/160 games...
2026-08-25 15:34:50 [iter 27/40] self-play done: 160 games (1555s) | wins: P0=30, P1=50, P2=20, P3=45, draw=15 | draw_rate=9% avg_len~30
2026-08-25 15:34:50 [iter 27/40] search: expanded=8.4 actions/node visits/action=71.1 walls/game=5.46 first_wall_ply=2.862 learner_sims/s=3711.67
2026-08-25 15:34:50 [iter 27/40] training (600 steps, lr=3.46e-04)...
2026-08-25 15:34:58 [iter 27/40] training done: loss_p=1.226 loss_v=0.137 (8s)
2026-08-25 15:34:59 [iter 27/40] data: policy_wall_mass=0.123 walled_states=68% walls_on_board=20.3 value_mae walled=0.188 free=0.353
2026-08-25 15:35:00 [iter 27/40] eval skipped (eval_every=4)
2026-08-25 15:35:00 >>> iter 27 | loss_p=1.226 loss_v=0.137 | vs_best=n/a (not evaluated) | vs_rand=n/a | draw=9% | buf=100000 | rss=3.50GB | sp=1555s train=8s eval_best=0s eval_rand=0s | total=1565s
2026-08-25 15:35:00 [iter 28/40] self-play starting (160 games, 600 sims, MIXED 80/160 race-only)...
2026-08-25 15:35:00 [PARALLEL-MP] 8 workers spawned (160 games, sims=600), GPU batcher starting...
2026-08-25 15:35:17   [GPU] 50,023 evals (1500 batches, avg 33/batch = 7% of 512, 2890 evals/s, 208 msg/s, 13.9 leaves/msg, 17s)
2026-08-25 15:35:20 [iter 28/40] self-play: 5/160 games...
2026-08-25 15:35:33   [GPU] 100,005 evals (2986 batches, avg 33/batch = 7% of 512, 3061 evals/s, 226 msg/s, 13.5 leaves/msg, 33s)
2026-08-25 15:35:37 [iter 28/40] self-play: 10/160 games...
2026-08-25 15:35:52   [GPU] 150,000 evals (4711 batches, avg 32/batch = 6% of 512, 2895 evals/s, 218 msg/s, 13.3 leaves/msg, 52s)
2026-08-25 15:35:57 [iter 28/40] self-play: 15/160 games...
2026-08-25 15:36:10   [GPU] 200,008 evals (6360 batches, avg 31/batch = 6% of 512, 2842 evals/s, 211 msg/s, 13.5 leaves/msg, 70s)
2026-08-25 15:36:29   [GPU] 250,022 evals (7950 batches, avg 31/batch = 6% of 512, 2813 evals/s, 206 msg/s, 13.6 leaves/msg, 89s)
2026-08-25 15:36:43   [GPU] 300,002 evals (9300 batches, avg 32/batch = 6% of 512, 2900 evals/s, 210 msg/s, 13.8 leaves/msg, 103s)
2026-08-25 15:36:49 [iter 28/40] self-play: 20/160 games...
2026-08-25 15:36:57   [GPU] 350,017 evals (10576 batches, avg 33/batch = 6% of 512, 2992 evals/s, 216 msg/s, 13.8 leaves/msg, 117s)
2026-08-25 15:37:11   [GPU] 400,012 evals (11892 batches, avg 34/batch = 7% of 512, 3063 evals/s, 220 msg/s, 13.9 leaves/msg, 131s)
2026-08-25 15:37:24   [GPU] 450,058 evals (13212 batches, avg 34/batch = 7% of 512, 3124 evals/s, 224 msg/s, 13.9 leaves/msg, 144s)
2026-08-25 15:37:36   [GPU] 500,058 evals (14413 batches, avg 35/batch = 7% of 512, 3204 evals/s, 229 msg/s, 14.0 leaves/msg, 156s)
2026-08-25 15:37:47   [GPU] 550,002 evals (15543 batches, avg 35/batch = 7% of 512, 3296 evals/s, 236 msg/s, 14.0 leaves/msg, 167s)
2026-08-25 15:37:49 [iter 28/40] self-play: 25/160 games...
2026-08-25 15:37:59   [GPU] 600,077 evals (16728 batches, avg 36/batch = 7% of 512, 3360 evals/s, 240 msg/s, 14.0 leaves/msg, 179s)
2026-08-25 15:38:11   [GPU] 650,012 evals (17972 batches, avg 36/batch = 7% of 512, 3396 evals/s, 243 msg/s, 14.0 leaves/msg, 191s)
2026-08-25 15:38:22   [GPU] 700,015 evals (19078 batches, avg 37/batch = 7% of 512, 3464 evals/s, 247 msg/s, 14.0 leaves/msg, 202s)
2026-08-25 15:38:32   [GPU] 750,004 evals (20142 batches, avg 37/batch = 7% of 512, 3537 evals/s, 253 msg/s, 14.0 leaves/msg, 212s)
2026-08-25 15:38:38 [iter 28/40] self-play: 30/160 games...
2026-08-25 15:38:43   [GPU] 800,015 evals (21311 batches, avg 38/batch = 7% of 512, 3582 evals/s, 257 msg/s, 13.9 leaves/msg, 223s)
2026-08-25 15:38:55   [GPU] 850,023 evals (22484 batches, avg 38/batch = 7% of 512, 3620 evals/s, 259 msg/s, 14.0 leaves/msg, 235s)
2026-08-25 15:39:05   [GPU] 900,047 evals (23581 batches, avg 38/batch = 7% of 512, 3669 evals/s, 263 msg/s, 14.0 leaves/msg, 245s)
2026-08-25 15:39:16   [GPU] 950,038 evals (24689 batches, avg 38/batch = 8% of 512, 3714 evals/s, 266 msg/s, 14.0 leaves/msg, 256s)
2026-08-25 15:39:28   [GPU] 1,000,022 evals (25888 batches, avg 39/batch = 8% of 512, 3737 evals/s, 267 msg/s, 14.0 leaves/msg, 268s)
2026-08-25 15:39:39   [GPU] 1,050,046 evals (27079 batches, avg 39/batch = 8% of 512, 3761 evals/s, 269 msg/s, 14.0 leaves/msg, 279s)
2026-08-25 15:39:50   [GPU] 1,100,051 evals (28219 batches, avg 39/batch = 8% of 512, 3788 evals/s, 271 msg/s, 14.0 leaves/msg, 290s)
2026-08-25 15:39:58 [iter 28/40] self-play: 35/160 games...
2026-08-25 15:40:01   [GPU] 1,150,017 evals (29377 batches, avg 39/batch = 8% of 512, 3816 evals/s, 274 msg/s, 14.0 leaves/msg, 301s)
2026-08-25 15:40:13   [GPU] 1,200,032 evals (30582 batches, avg 39/batch = 8% of 512, 3834 evals/s, 275 msg/s, 13.9 leaves/msg, 313s)
2026-08-25 15:40:18 [iter 28/40] self-play: 40/160 games...
2026-08-25 15:40:25   [GPU] 1,250,050 evals (31818 batches, avg 39/batch = 8% of 512, 3842 evals/s, 277 msg/s, 13.9 leaves/msg, 325s)
2026-08-25 15:40:36 [iter 28/40] self-play: 45/160 games...
2026-08-25 15:40:40   [GPU] 1,300,024 evals (33228 batches, avg 39/batch = 8% of 512, 3826 evals/s, 277 msg/s, 13.8 leaves/msg, 340s)
2026-08-25 15:40:52 [iter 28/40] self-play: 50/160 games...
2026-08-25 15:40:55   [GPU] 1,350,033 evals (34677 batches, avg 39/batch = 8% of 512, 3807 evals/s, 276 msg/s, 13.8 leaves/msg, 355s)
2026-08-25 15:41:10   [GPU] 1,400,000 evals (36172 batches, avg 39/batch = 8% of 512, 3779 evals/s, 275 msg/s, 13.7 leaves/msg, 370s)
2026-08-25 15:41:22 [iter 28/40] self-play: 55/160 games...
2026-08-25 15:41:27   [GPU] 1,450,000 evals (37670 batches, avg 38/batch = 8% of 512, 3750 evals/s, 273 msg/s, 13.8 leaves/msg, 387s)
2026-08-25 15:41:39   [GPU] 1,500,023 evals (38942 batches, avg 39/batch = 8% of 512, 3755 evals/s, 273 msg/s, 13.7 leaves/msg, 399s)
2026-08-25 15:41:53   [GPU] 1,550,026 evals (40246 batches, avg 39/batch = 8% of 512, 3757 evals/s, 273 msg/s, 13.8 leaves/msg, 413s)
2026-08-25 15:42:06   [GPU] 1,600,017 evals (41546 batches, avg 39/batch = 8% of 512, 3756 evals/s, 273 msg/s, 13.8 leaves/msg, 426s)
2026-08-25 15:42:19   [GPU] 1,650,010 evals (42774 batches, avg 39/batch = 8% of 512, 3761 evals/s, 273 msg/s, 13.8 leaves/msg, 439s)
2026-08-25 15:42:31   [GPU] 1,700,046 evals (43997 batches, avg 39/batch = 8% of 512, 3768 evals/s, 273 msg/s, 13.8 leaves/msg, 451s)
2026-08-25 15:42:43   [GPU] 1,750,051 evals (45153 batches, avg 39/batch = 8% of 512, 3776 evals/s, 274 msg/s, 13.8 leaves/msg, 463s)
2026-08-25 15:42:55   [GPU] 1,800,034 evals (46249 batches, avg 39/batch = 8% of 512, 3793 evals/s, 275 msg/s, 13.8 leaves/msg, 475s)
2026-08-25 15:42:56 [iter 28/40] self-play: 60/160 games...
2026-08-25 15:43:06   [GPU] 1,850,032 evals (47383 batches, avg 39/batch = 8% of 512, 3806 evals/s, 276 msg/s, 13.8 leaves/msg, 486s)
2026-08-25 15:43:18   [GPU] 1,900,026 evals (48565 batches, avg 39/batch = 8% of 512, 3813 evals/s, 276 msg/s, 13.8 leaves/msg, 498s)
2026-08-25 15:43:31   [GPU] 1,950,005 evals (49770 batches, avg 39/batch = 8% of 512, 3818 evals/s, 277 msg/s, 13.8 leaves/msg, 511s)
2026-08-25 15:43:33 [iter 28/40] self-play: 65/160 games...
2026-08-25 15:43:43   [GPU] 2,000,025 evals (50963 batches, avg 39/batch = 8% of 512, 3825 evals/s, 277 msg/s, 13.8 leaves/msg, 523s)
2026-08-25 15:43:57   [GPU] 2,050,031 evals (52255 batches, avg 39/batch = 8% of 512, 3819 evals/s, 277 msg/s, 13.8 leaves/msg, 537s)
2026-08-25 15:44:09   [GPU] 2,100,035 evals (53429 batches, avg 39/batch = 8% of 512, 3824 evals/s, 277 msg/s, 13.8 leaves/msg, 549s)
2026-08-25 15:44:20   [GPU] 2,150,036 evals (54548 batches, avg 39/batch = 8% of 512, 3836 evals/s, 278 msg/s, 13.8 leaves/msg, 560s)
2026-08-25 15:44:33   [GPU] 2,200,000 evals (55710 batches, avg 39/batch = 8% of 512, 3841 evals/s, 278 msg/s, 13.8 leaves/msg, 573s)
2026-08-25 15:44:42 [iter 28/40] self-play: 70/160 games...
2026-08-25 15:44:46   [GPU] 2,250,035 evals (56920 batches, avg 40/batch = 8% of 512, 3842 evals/s, 278 msg/s, 13.8 leaves/msg, 586s)
2026-08-25 15:44:59   [GPU] 2,300,004 evals (58202 batches, avg 40/batch = 8% of 512, 3843 evals/s, 279 msg/s, 13.8 leaves/msg, 599s)
2026-08-25 15:45:10 [iter 28/40] self-play: 75/160 games...
2026-08-25 15:45:11   [GPU] 2,350,035 evals (59428 batches, avg 40/batch = 8% of 512, 3846 evals/s, 279 msg/s, 13.8 leaves/msg, 611s)
2026-08-25 15:45:23   [GPU] 2,400,001 evals (60598 batches, avg 40/batch = 8% of 512, 3855 evals/s, 280 msg/s, 13.8 leaves/msg, 623s)
2026-08-25 15:45:36   [GPU] 2,450,022 evals (61880 batches, avg 40/batch = 8% of 512, 3853 evals/s, 280 msg/s, 13.7 leaves/msg, 636s)
2026-08-25 15:45:48   [GPU] 2,500,035 evals (63071 batches, avg 40/batch = 8% of 512, 3858 evals/s, 281 msg/s, 13.8 leaves/msg, 648s)
2026-08-25 15:45:59   [GPU] 2,550,005 evals (64193 batches, avg 40/batch = 8% of 512, 3868 evals/s, 281 msg/s, 13.7 leaves/msg, 659s)
2026-08-25 15:46:00 [iter 28/40] self-play: 80/160 games...
2026-08-25 15:46:11   [GPU] 2,600,011 evals (65334 batches, avg 40/batch = 8% of 512, 3876 evals/s, 282 msg/s, 13.7 leaves/msg, 671s)
2026-08-25 15:46:23   [GPU] 2,650,012 evals (66493 batches, avg 40/batch = 8% of 512, 3880 evals/s, 282 msg/s, 13.8 leaves/msg, 683s)
2026-08-25 15:46:34   [GPU] 2,700,032 evals (67592 batches, avg 40/batch = 8% of 512, 3889 evals/s, 283 msg/s, 13.8 leaves/msg, 694s)
2026-08-25 15:46:45   [GPU] 2,750,009 evals (68708 batches, avg 40/batch = 8% of 512, 3900 evals/s, 284 msg/s, 13.7 leaves/msg, 705s)
2026-08-25 15:46:56   [GPU] 2,800,019 evals (69851 batches, avg 40/batch = 8% of 512, 3909 evals/s, 285 msg/s, 13.7 leaves/msg, 716s)
2026-08-25 15:46:59 [iter 28/40] self-play: 85/160 games...
2026-08-25 15:47:07   [GPU] 2,850,020 evals (71018 batches, avg 40/batch = 8% of 512, 3918 evals/s, 286 msg/s, 13.7 leaves/msg, 727s)
2026-08-25 15:47:20   [GPU] 2,900,006 evals (72303 batches, avg 40/batch = 8% of 512, 3918 evals/s, 286 msg/s, 13.7 leaves/msg, 740s)
2026-08-25 15:47:22 [iter 28/40] self-play: 90/160 games...
2026-08-25 15:47:34   [GPU] 2,950,040 evals (73620 batches, avg 40/batch = 8% of 512, 3912 evals/s, 286 msg/s, 13.7 leaves/msg, 754s)
2026-08-25 15:47:47   [GPU] 3,000,005 evals (74920 batches, avg 40/batch = 8% of 512, 3909 evals/s, 286 msg/s, 13.7 leaves/msg, 767s)
2026-08-25 15:48:02 [iter 28/40] self-play: 95/160 games...
2026-08-25 15:48:02   [GPU] 3,050,040 evals (76288 batches, avg 40/batch = 8% of 512, 3900 evals/s, 286 msg/s, 13.7 leaves/msg, 782s)
2026-08-25 15:48:14   [GPU] 3,100,034 evals (77499 batches, avg 40/batch = 8% of 512, 3904 evals/s, 286 msg/s, 13.7 leaves/msg, 794s)
2026-08-25 15:48:27   [GPU] 3,150,021 evals (78766 batches, avg 40/batch = 8% of 512, 3903 evals/s, 286 msg/s, 13.6 leaves/msg, 807s)
2026-08-25 15:48:38 [iter 28/40] self-play: 100/160 games...
2026-08-25 15:48:40   [GPU] 3,200,002 evals (79998 batches, avg 40/batch = 8% of 512, 3905 evals/s, 286 msg/s, 13.6 leaves/msg, 820s)
2026-08-25 15:48:52   [GPU] 3,250,023 evals (81200 batches, avg 40/batch = 8% of 512, 3908 evals/s, 287 msg/s, 13.6 leaves/msg, 832s)
2026-08-25 15:49:05   [GPU] 3,300,013 evals (82505 batches, avg 40/batch = 8% of 512, 3904 evals/s, 287 msg/s, 13.6 leaves/msg, 845s)
2026-08-25 15:49:12 [iter 28/40] self-play: 105/160 games...
2026-08-25 15:49:17   [GPU] 3,350,022 evals (83724 batches, avg 40/batch = 8% of 512, 3908 evals/s, 287 msg/s, 13.6 leaves/msg, 857s)
2026-08-25 15:49:31   [GPU] 3,400,025 evals (85010 batches, avg 40/batch = 8% of 512, 3905 evals/s, 287 msg/s, 13.6 leaves/msg, 871s)
2026-08-25 15:49:43   [GPU] 3,450,012 evals (86208 batches, avg 40/batch = 8% of 512, 3906 evals/s, 287 msg/s, 13.6 leaves/msg, 883s)
2026-08-25 15:49:54   [GPU] 3,500,005 evals (87326 batches, avg 40/batch = 8% of 512, 3914 evals/s, 287 msg/s, 13.6 leaves/msg, 894s)
2026-08-25 15:50:02 [iter 28/40] self-play: 110/160 games...
2026-08-25 15:50:06   [GPU] 3,550,004 evals (88563 batches, avg 40/batch = 8% of 512, 3918 evals/s, 288 msg/s, 13.6 leaves/msg, 906s)
2026-08-25 15:50:17   [GPU] 3,600,018 evals (89701 batches, avg 40/batch = 8% of 512, 3925 evals/s, 289 msg/s, 13.6 leaves/msg, 917s)
2026-08-25 15:50:29   [GPU] 3,650,042 evals (90918 batches, avg 40/batch = 8% of 512, 3928 evals/s, 289 msg/s, 13.6 leaves/msg, 929s)
2026-08-25 15:50:36 [iter 28/40] self-play: 115/160 games...
2026-08-25 15:50:42   [GPU] 3,700,038 evals (92267 batches, avg 40/batch = 8% of 512, 3927 evals/s, 290 msg/s, 13.5 leaves/msg, 942s)
2026-08-25 15:50:53 [iter 28/40] self-play: 120/160 games...
2026-08-25 15:50:55   [GPU] 3,750,006 evals (93594 batches, avg 40/batch = 8% of 512, 3925 evals/s, 290 msg/s, 13.5 leaves/msg, 955s)
2026-08-25 15:51:10   [GPU] 3,800,033 evals (94960 batches, avg 40/batch = 8% of 512, 3919 evals/s, 289 msg/s, 13.5 leaves/msg, 970s)
2026-08-25 15:51:13 [iter 28/40] self-play: 125/160 games...
2026-08-25 15:51:24   [GPU] 3,850,003 evals (96317 batches, avg 40/batch = 8% of 512, 3913 evals/s, 289 msg/s, 13.5 leaves/msg, 984s)
2026-08-25 15:51:40   [GPU] 3,900,036 evals (97824 batches, avg 40/batch = 8% of 512, 3901 evals/s, 288 msg/s, 13.5 leaves/msg, 1000s)
2026-08-25 15:51:54   [GPU] 3,950,022 evals (99242 batches, avg 40/batch = 8% of 512, 3894 evals/s, 287 msg/s, 13.6 leaves/msg, 1014s)
2026-08-25 15:51:58 [iter 28/40] self-play: 130/160 games...
2026-08-25 15:52:10   [GPU] 4,000,005 evals (100738 batches, avg 40/batch = 8% of 512, 3882 evals/s, 286 msg/s, 13.6 leaves/msg, 1030s)
2026-08-25 15:52:23   [GPU] 4,050,022 evals (102022 batches, avg 40/batch = 8% of 512, 3882 evals/s, 286 msg/s, 13.6 leaves/msg, 1043s)
2026-08-25 15:52:36   [GPU] 4,100,002 evals (103305 batches, avg 40/batch = 8% of 512, 3882 evals/s, 286 msg/s, 13.6 leaves/msg, 1056s)
2026-08-25 15:52:44 [iter 28/40] self-play: 135/160 games...
2026-08-25 15:52:50   [GPU] 4,150,030 evals (104665 batches, avg 40/batch = 8% of 512, 3877 evals/s, 286 msg/s, 13.6 leaves/msg, 1070s)
2026-08-25 15:53:04   [GPU] 4,200,017 evals (105980 batches, avg 40/batch = 8% of 512, 3876 evals/s, 286 msg/s, 13.6 leaves/msg, 1084s)
2026-08-25 15:53:06 [iter 28/40] self-play: 140/160 games...
2026-08-25 15:53:16   [GPU] 4,250,017 evals (107214 batches, avg 40/batch = 8% of 512, 3879 evals/s, 286 msg/s, 13.6 leaves/msg, 1096s)
2026-08-25 15:53:31   [GPU] 4,300,025 evals (108642 batches, avg 40/batch = 8% of 512, 3871 evals/s, 286 msg/s, 13.6 leaves/msg, 1111s)
2026-08-25 15:53:38 [iter 28/40] self-play: 145/160 games...
2026-08-25 15:53:46   [GPU] 4,350,016 evals (110058 batches, avg 40/batch = 8% of 512, 3863 evals/s, 285 msg/s, 13.6 leaves/msg, 1126s)
2026-08-25 15:54:01   [GPU] 4,400,035 evals (111458 batches, avg 39/batch = 8% of 512, 3856 evals/s, 284 msg/s, 13.6 leaves/msg, 1141s)
2026-08-25 15:54:14   [GPU] 4,450,007 evals (112715 batches, avg 39/batch = 8% of 512, 3856 evals/s, 284 msg/s, 13.6 leaves/msg, 1154s)
2026-08-25 15:54:27   [GPU] 4,500,028 evals (113988 batches, avg 39/batch = 8% of 512, 3855 evals/s, 284 msg/s, 13.6 leaves/msg, 1167s)
2026-08-25 15:54:36 [iter 28/40] self-play: 150/160 games...
2026-08-25 15:54:41   [GPU] 4,550,004 evals (115287 batches, avg 39/batch = 8% of 512, 3852 evals/s, 284 msg/s, 13.6 leaves/msg, 1181s)
2026-08-25 15:54:54   [GPU] 4,600,034 evals (116535 batches, avg 39/batch = 8% of 512, 3853 evals/s, 284 msg/s, 13.6 leaves/msg, 1194s)
2026-08-25 15:55:05   [GPU] 4,650,035 evals (117657 batches, avg 40/batch = 8% of 512, 3858 evals/s, 284 msg/s, 13.6 leaves/msg, 1205s)
2026-08-25 15:55:17   [GPU] 4,700,023 evals (118842 batches, avg 40/batch = 8% of 512, 3863 evals/s, 285 msg/s, 13.6 leaves/msg, 1217s)
2026-08-25 15:55:29   [GPU] 4,750,017 evals (120097 batches, avg 40/batch = 8% of 512, 3865 evals/s, 285 msg/s, 13.6 leaves/msg, 1229s)
2026-08-25 15:55:41   [GPU] 4,800,013 evals (121365 batches, avg 40/batch = 8% of 512, 3867 evals/s, 285 msg/s, 13.6 leaves/msg, 1241s)
2026-08-25 15:55:55   [GPU] 4,850,032 evals (122816 batches, avg 39/batch = 8% of 512, 3864 evals/s, 285 msg/s, 13.6 leaves/msg, 1255s)
2026-08-25 15:56:09   [GPU] 4,900,014 evals (124265 batches, avg 39/batch = 8% of 512, 3860 evals/s, 285 msg/s, 13.6 leaves/msg, 1269s)
2026-08-25 15:56:14 [iter 28/40] self-play: 155/160 games...
2026-08-25 15:56:27   [GPU] 4,950,019 evals (125935 batches, avg 39/batch = 8% of 512, 3847 evals/s, 284 msg/s, 13.6 leaves/msg, 1287s)
2026-08-25 15:56:48   [GPU] 5,000,006 evals (127922 batches, avg 39/batch = 8% of 512, 3821 evals/s, 282 msg/s, 13.5 leaves/msg, 1308s)
2026-08-25 15:57:17   [GPU] 5,050,034 evals (130192 batches, avg 39/batch = 8% of 512, 3777 evals/s, 279 msg/s, 13.5 leaves/msg, 1337s)
2026-08-25 15:57:46   [GPU] 5,100,026 evals (132450 batches, avg 39/batch = 8% of 512, 3734 evals/s, 276 msg/s, 13.5 leaves/msg, 1366s)
2026-08-25 15:58:30   [GPU] 5,150,010 evals (135187 batches, avg 38/batch = 7% of 512, 3652 evals/s, 270 msg/s, 13.5 leaves/msg, 1410s)
2026-08-25 15:59:42   [GPU] 5,200,014 evals (138345 batches, avg 38/batch = 7% of 512, 3509 evals/s, 259 msg/s, 13.5 leaves/msg, 1482s)
2026-08-25 16:00:16 [iter 28/40] self-play: 160/160 games...
2026-08-25 16:00:17 [iter 28/40] self-play done: 160 games (1517s) | wins: P0=29, P1=56, P2=18, P3=41, draw=16 | draw_rate=10% avg_len~27
2026-08-25 16:00:17 [iter 28/40] search: expanded=7.7 actions/node visits/action=78.4 walls/game=5.49 first_wall_ply=3.221 learner_sims/s=3710.44
2026-08-25 16:00:17 [iter 28/40] training (600 steps, lr=3.15e-04)...
2026-08-25 16:00:25 [iter 28/40] training done: loss_p=1.224 loss_v=0.137 (8s)
2026-08-25 16:00:26 [iter 28/40] data: policy_wall_mass=0.136 walled_states=64% walls_on_board=18.2 value_mae walled=0.196 free=0.362
2026-08-25 16:00:27 [iter 28/40] eval vs best (40 games, 600 sims)...
2026-08-25 16:00:27 [EVAL-MP] 8 workers spawned (40 vs_best games, sims=600), GPU batcher starting...
2026-08-25 16:00:58   [GPU] 50,008 evals (1734 batches, avg 29/batch = 6% of 512, 1630 evals/s, 106 msg/s, 15.4 leaves/msg, 31s)
2026-08-25 16:01:24   [GPU] 100,010 evals (3403 batches, avg 29/batch = 6% of 512, 1764 evals/s, 114 msg/s, 15.4 leaves/msg, 57s)
2026-08-25 16:01:45   [GPU] 150,013 evals (5003 batches, avg 30/batch = 6% of 512, 1915 evals/s, 124 msg/s, 15.4 leaves/msg, 78s)
2026-08-25 16:02:05   [GPU] 200,006 evals (6522 batches, avg 31/batch = 6% of 512, 2043 evals/s, 133 msg/s, 15.4 leaves/msg, 98s)
2026-08-25 16:02:24   [GPU] 250,017 evals (8016 batches, avg 31/batch = 6% of 512, 2145 evals/s, 140 msg/s, 15.3 leaves/msg, 117s)
2026-08-25 16:02:42   [GPU] 300,045 evals (9528 batches, avg 31/batch = 6% of 512, 2225 evals/s, 147 msg/s, 15.2 leaves/msg, 135s)
2026-08-25 16:03:02   [GPU] 350,017 evals (11102 batches, avg 32/batch = 6% of 512, 2266 evals/s, 150 msg/s, 15.1 leaves/msg, 154s)
2026-08-25 16:03:22   [GPU] 400,056 evals (12683 batches, avg 32/batch = 6% of 512, 2293 evals/s, 152 msg/s, 15.1 leaves/msg, 174s)
2026-08-25 16:03:28 [iter 28/40] eval vs best: 5/40 games (181s, cand 40%)
2026-08-25 16:03:41   [GPU] 450,004 evals (14237 batches, avg 32/batch = 6% of 512, 2318 evals/s, 153 msg/s, 15.1 leaves/msg, 194s)
2026-08-25 16:04:00   [GPU] 500,022 evals (15734 batches, avg 32/batch = 6% of 512, 2349 evals/s, 155 msg/s, 15.1 leaves/msg, 213s)
2026-08-25 16:04:17   [GPU] 550,015 evals (17153 batches, avg 32/batch = 6% of 512, 2389 evals/s, 158 msg/s, 15.1 leaves/msg, 230s)
2026-08-25 16:04:35   [GPU] 600,027 evals (18584 batches, avg 32/batch = 6% of 512, 2420 evals/s, 161 msg/s, 15.1 leaves/msg, 248s)
2026-08-25 16:04:53   [GPU] 650,007 evals (20011 batches, avg 32/batch = 6% of 512, 2449 evals/s, 163 msg/s, 15.1 leaves/msg, 265s)
2026-08-25 16:05:10   [GPU] 700,000 evals (21424 batches, avg 33/batch = 6% of 512, 2477 evals/s, 165 msg/s, 15.0 leaves/msg, 283s)
2026-08-25 16:05:26   [GPU] 750,036 evals (22788 batches, avg 33/batch = 6% of 512, 2511 evals/s, 167 msg/s, 15.0 leaves/msg, 299s)
2026-08-25 16:05:41   [GPU] 800,006 evals (24073 batches, avg 33/batch = 6% of 512, 2548 evals/s, 170 msg/s, 15.0 leaves/msg, 314s)
2026-08-25 16:05:56   [GPU] 850,035 evals (25354 batches, avg 34/batch = 7% of 512, 2583 evals/s, 172 msg/s, 15.0 leaves/msg, 329s)
2026-08-25 16:06:11   [GPU] 900,045 evals (26606 batches, avg 34/batch = 7% of 512, 2617 evals/s, 174 msg/s, 15.0 leaves/msg, 344s)
2026-08-25 16:06:26   [GPU] 950,012 evals (27865 batches, avg 34/batch = 7% of 512, 2649 evals/s, 177 msg/s, 15.0 leaves/msg, 359s)
2026-08-25 16:06:40   [GPU] 1,000,032 evals (29072 batches, avg 34/batch = 7% of 512, 2683 evals/s, 179 msg/s, 15.0 leaves/msg, 373s)
2026-08-25 16:06:55   [GPU] 1,050,041 evals (30388 batches, avg 35/batch = 7% of 512, 2708 evals/s, 181 msg/s, 14.9 leaves/msg, 388s)
2026-08-25 16:07:11   [GPU] 1,100,043 evals (31713 batches, avg 35/batch = 7% of 512, 2727 evals/s, 183 msg/s, 14.9 leaves/msg, 403s)
2026-08-25 16:07:26   [GPU] 1,150,009 evals (33016 batches, avg 35/batch = 7% of 512, 2745 evals/s, 184 msg/s, 14.9 leaves/msg, 419s)
2026-08-25 16:07:42   [GPU] 1,200,044 evals (34327 batches, avg 35/batch = 7% of 512, 2762 evals/s, 185 msg/s, 14.9 leaves/msg, 435s)
2026-08-25 16:07:57   [GPU] 1,250,029 evals (35628 batches, avg 35/batch = 7% of 512, 2778 evals/s, 187 msg/s, 14.9 leaves/msg, 450s)
2026-08-25 16:08:13   [GPU] 1,300,058 evals (36997 batches, avg 35/batch = 7% of 512, 2788 evals/s, 187 msg/s, 14.9 leaves/msg, 466s)
2026-08-25 16:08:30   [GPU] 1,350,045 evals (38369 batches, avg 35/batch = 7% of 512, 2797 evals/s, 188 msg/s, 14.9 leaves/msg, 483s)
2026-08-25 16:08:46   [GPU] 1,400,033 evals (39721 batches, avg 35/batch = 7% of 512, 2807 evals/s, 189 msg/s, 14.9 leaves/msg, 499s)
2026-08-25 16:09:03   [GPU] 1,450,046 evals (41133 batches, avg 35/batch = 7% of 512, 2812 evals/s, 189 msg/s, 14.9 leaves/msg, 516s)
2026-08-25 16:09:19   [GPU] 1,500,039 evals (42500 batches, avg 35/batch = 7% of 512, 2819 evals/s, 190 msg/s, 14.9 leaves/msg, 532s)
2026-08-25 16:09:22 [iter 28/40] eval vs best: 10/40 games (535s, cand 30%)
2026-08-25 16:09:39   [GPU] 1,550,006 evals (44104 batches, avg 35/batch = 7% of 512, 2808 evals/s, 190 msg/s, 14.8 leaves/msg, 552s)
2026-08-25 16:10:00   [GPU] 1,600,019 evals (45790 batches, avg 35/batch = 7% of 512, 2791 evals/s, 189 msg/s, 14.8 leaves/msg, 573s)
2026-08-25 16:10:21   [GPU] 1,650,002 evals (47387 batches, avg 35/batch = 7% of 512, 2779 evals/s, 188 msg/s, 14.8 leaves/msg, 594s)
2026-08-25 16:10:42   [GPU] 1,700,004 evals (48983 batches, avg 35/batch = 7% of 512, 2767 evals/s, 187 msg/s, 14.8 leaves/msg, 614s)
2026-08-25 16:11:00   [GPU] 1,750,071 evals (50479 batches, avg 35/batch = 7% of 512, 2764 evals/s, 186 msg/s, 14.8 leaves/msg, 633s)
2026-08-25 16:11:18   [GPU] 1,800,038 evals (51953 batches, avg 35/batch = 7% of 512, 2764 evals/s, 186 msg/s, 14.8 leaves/msg, 651s)
2026-08-25 16:11:30 [iter 28/40] eval vs best: 15/40 games (663s, cand 33%)
2026-08-25 16:11:38   [GPU] 1,850,014 evals (53521 batches, avg 35/batch = 7% of 512, 2758 evals/s, 186 msg/s, 14.8 leaves/msg, 671s)
2026-08-25 16:11:57   [GPU] 1,900,026 evals (55074 batches, avg 34/batch = 7% of 512, 2753 evals/s, 186 msg/s, 14.8 leaves/msg, 690s)
2026-08-25 16:12:17   [GPU] 1,950,012 evals (56624 batches, avg 34/batch = 7% of 512, 2749 evals/s, 186 msg/s, 14.8 leaves/msg, 709s)
2026-08-25 16:12:36   [GPU] 2,000,040 evals (58141 batches, avg 34/batch = 7% of 512, 2746 evals/s, 185 msg/s, 14.8 leaves/msg, 728s)
2026-08-25 16:12:54   [GPU] 2,050,018 evals (59649 batches, avg 34/batch = 7% of 512, 2744 evals/s, 185 msg/s, 14.8 leaves/msg, 747s)
2026-08-25 16:13:12   [GPU] 2,100,029 evals (61127 batches, avg 34/batch = 7% of 512, 2744 evals/s, 185 msg/s, 14.8 leaves/msg, 765s)
2026-08-25 16:13:30   [GPU] 2,150,014 evals (62557 batches, avg 34/batch = 7% of 512, 2746 evals/s, 185 msg/s, 14.8 leaves/msg, 783s)
2026-08-25 16:13:47   [GPU] 2,200,011 evals (63967 batches, avg 34/batch = 7% of 512, 2750 evals/s, 185 msg/s, 14.8 leaves/msg, 800s)
2026-08-25 16:14:04   [GPU] 2,250,014 evals (65400 batches, avg 34/batch = 7% of 512, 2753 evals/s, 186 msg/s, 14.8 leaves/msg, 817s)
2026-08-25 16:14:22   [GPU] 2,300,005 evals (66854 batches, avg 34/batch = 7% of 512, 2755 evals/s, 186 msg/s, 14.8 leaves/msg, 835s)
2026-08-25 16:14:40   [GPU] 2,350,018 evals (68296 batches, avg 34/batch = 7% of 512, 2756 evals/s, 186 msg/s, 14.8 leaves/msg, 853s)
2026-08-25 16:14:57   [GPU] 2,400,036 evals (69729 batches, avg 34/batch = 7% of 512, 2758 evals/s, 186 msg/s, 14.8 leaves/msg, 870s)
2026-08-25 16:15:15   [GPU] 2,450,014 evals (71165 batches, avg 34/batch = 7% of 512, 2760 evals/s, 186 msg/s, 14.9 leaves/msg, 888s)
2026-08-25 16:15:32   [GPU] 2,500,044 evals (72566 batches, avg 34/batch = 7% of 512, 2763 evals/s, 186 msg/s, 14.9 leaves/msg, 905s)
2026-08-25 16:15:49   [GPU] 2,550,018 evals (73943 batches, avg 34/batch = 7% of 512, 2767 evals/s, 186 msg/s, 14.9 leaves/msg, 921s)
2026-08-25 16:16:05   [GPU] 2,600,022 evals (75312 batches, avg 35/batch = 7% of 512, 2771 evals/s, 187 msg/s, 14.9 leaves/msg, 938s)
2026-08-25 16:16:22   [GPU] 2,650,017 evals (76650 batches, avg 35/batch = 7% of 512, 2776 evals/s, 187 msg/s, 14.9 leaves/msg, 955s)
2026-08-25 16:16:38   [GPU] 2,700,002 evals (78036 batches, avg 35/batch = 7% of 512, 2780 evals/s, 187 msg/s, 14.8 leaves/msg, 971s)
2026-08-25 16:16:56   [GPU] 2,750,045 evals (79462 batches, avg 35/batch = 7% of 512, 2780 evals/s, 187 msg/s, 14.8 leaves/msg, 989s)
2026-08-25 16:17:04 [iter 28/40] eval vs best: 20/40 games (997s, cand 30%)
2026-08-25 16:17:15   [GPU] 2,800,010 evals (80994 batches, avg 35/batch = 7% of 512, 2777 evals/s, 187 msg/s, 14.8 leaves/msg, 1008s)
2026-08-25 16:17:36   [GPU] 2,850,032 evals (82617 batches, avg 34/batch = 7% of 512, 2769 evals/s, 187 msg/s, 14.8 leaves/msg, 1029s)
2026-08-25 16:17:58   [GPU] 2,900,021 evals (84257 batches, avg 34/batch = 7% of 512, 2761 evals/s, 186 msg/s, 14.8 leaves/msg, 1051s)
2026-08-25 16:18:19   [GPU] 2,950,032 evals (85883 batches, avg 34/batch = 7% of 512, 2752 evals/s, 186 msg/s, 14.8 leaves/msg, 1072s)
2026-08-25 16:18:40   [GPU] 3,000,012 evals (87466 batches, avg 34/batch = 7% of 512, 2746 evals/s, 185 msg/s, 14.8 leaves/msg, 1093s)
2026-08-25 16:18:59   [GPU] 3,050,011 evals (88967 batches, avg 34/batch = 7% of 512, 2743 evals/s, 185 msg/s, 14.8 leaves/msg, 1112s)
2026-08-25 16:19:17   [GPU] 3,100,021 evals (90403 batches, avg 34/batch = 7% of 512, 2745 evals/s, 185 msg/s, 14.8 leaves/msg, 1129s)
2026-08-25 16:19:35   [GPU] 3,150,003 evals (91895 batches, avg 34/batch = 7% of 512, 2744 evals/s, 185 msg/s, 14.8 leaves/msg, 1148s)
2026-08-25 16:19:54   [GPU] 3,200,044 evals (93420 batches, avg 34/batch = 7% of 512, 2742 evals/s, 185 msg/s, 14.8 leaves/msg, 1167s)
2026-08-25 16:20:14   [GPU] 3,250,009 evals (95019 batches, avg 34/batch = 7% of 512, 2737 evals/s, 185 msg/s, 14.8 leaves/msg, 1187s)
2026-08-25 16:20:33 [iter 28/40] eval vs best: 25/40 games (1206s, cand 28%)
2026-08-25 16:20:35   [GPU] 3,300,027 evals (96650 batches, avg 34/batch = 7% of 512, 2732 evals/s, 184 msg/s, 14.8 leaves/msg, 1208s)
2026-08-25 16:20:57   [GPU] 3,350,019 evals (98342 batches, avg 34/batch = 7% of 512, 2724 evals/s, 184 msg/s, 14.8 leaves/msg, 1230s)
2026-08-25 16:21:18   [GPU] 3,400,012 evals (99980 batches, avg 34/batch = 7% of 512, 2718 evals/s, 183 msg/s, 14.8 leaves/msg, 1251s)
2026-08-25 16:21:39   [GPU] 3,450,005 evals (101587 batches, avg 34/batch = 7% of 512, 2713 evals/s, 183 msg/s, 14.8 leaves/msg, 1271s)
2026-08-25 16:21:58   [GPU] 3,500,012 evals (103149 batches, avg 34/batch = 7% of 512, 2711 evals/s, 183 msg/s, 14.8 leaves/msg, 1291s)
2026-08-25 16:22:18   [GPU] 3,550,007 evals (104742 batches, avg 34/batch = 7% of 512, 2708 evals/s, 183 msg/s, 14.8 leaves/msg, 1311s)
2026-08-25 16:22:38   [GPU] 3,600,013 evals (106320 batches, avg 34/batch = 7% of 512, 2706 evals/s, 182 msg/s, 14.8 leaves/msg, 1331s)
2026-08-25 16:22:57   [GPU] 3,650,025 evals (107862 batches, avg 34/batch = 7% of 512, 2704 evals/s, 182 msg/s, 14.8 leaves/msg, 1350s)
2026-08-25 16:23:17   [GPU] 3,700,012 evals (109415 batches, avg 34/batch = 7% of 512, 2702 evals/s, 182 msg/s, 14.8 leaves/msg, 1370s)
2026-08-25 16:23:36   [GPU] 3,750,008 evals (110957 batches, avg 34/batch = 7% of 512, 2700 evals/s, 182 msg/s, 14.8 leaves/msg, 1389s)
2026-08-25 16:23:55   [GPU] 3,800,014 evals (112477 batches, avg 34/batch = 7% of 512, 2700 evals/s, 182 msg/s, 14.8 leaves/msg, 1407s)
2026-08-25 16:24:13   [GPU] 3,850,011 evals (114035 batches, avg 34/batch = 7% of 512, 2699 evals/s, 182 msg/s, 14.8 leaves/msg, 1426s)
2026-08-25 16:24:32   [GPU] 3,900,020 evals (115579 batches, avg 34/batch = 7% of 512, 2699 evals/s, 182 msg/s, 14.8 leaves/msg, 1445s)
2026-08-25 16:24:51   [GPU] 3,950,000 evals (117127 batches, avg 34/batch = 7% of 512, 2699 evals/s, 182 msg/s, 14.8 leaves/msg, 1464s)
2026-08-25 16:25:11   [GPU] 4,000,009 evals (118780 batches, avg 34/batch = 7% of 512, 2696 evals/s, 182 msg/s, 14.8 leaves/msg, 1484s)
2026-08-25 16:25:30   [GPU] 4,050,008 evals (120420 batches, avg 34/batch = 7% of 512, 2694 evals/s, 181 msg/s, 14.8 leaves/msg, 1503s)
2026-08-25 16:25:50   [GPU] 4,100,001 evals (122053 batches, avg 34/batch = 7% of 512, 2693 evals/s, 181 msg/s, 14.8 leaves/msg, 1523s)
2026-08-25 16:26:10   [GPU] 4,150,039 evals (123736 batches, avg 34/batch = 7% of 512, 2689 evals/s, 181 msg/s, 14.8 leaves/msg, 1543s)
2026-08-25 16:26:30 [iter 28/40] eval vs best: 30/40 games (1563s, cand 30%)
2026-08-25 16:26:32   [GPU] 4,200,009 evals (125474 batches, avg 33/batch = 7% of 512, 2684 evals/s, 181 msg/s, 14.8 leaves/msg, 1565s)
2026-08-25 16:26:56   [GPU] 4,250,017 evals (127312 batches, avg 33/batch = 7% of 512, 2675 evals/s, 180 msg/s, 14.8 leaves/msg, 1589s)
2026-08-25 16:27:22   [GPU] 4,300,010 evals (129252 batches, avg 33/batch = 6% of 512, 2663 evals/s, 179 msg/s, 14.8 leaves/msg, 1615s)
2026-08-25 16:27:48   [GPU] 4,350,028 evals (131160 batches, avg 33/batch = 6% of 512, 2651 evals/s, 179 msg/s, 14.8 leaves/msg, 1641s)
2026-08-25 16:28:12   [GPU] 4,400,030 evals (132962 batches, avg 33/batch = 6% of 512, 2644 evals/s, 178 msg/s, 14.8 leaves/msg, 1664s)
2026-08-25 16:28:34   [GPU] 4,450,017 evals (134717 batches, avg 33/batch = 6% of 512, 2638 evals/s, 178 msg/s, 14.8 leaves/msg, 1687s)
2026-08-25 16:29:00   [GPU] 4,500,022 evals (136659 batches, avg 33/batch = 6% of 512, 2627 evals/s, 177 msg/s, 14.8 leaves/msg, 1713s)
2026-08-25 16:29:29   [GPU] 4,550,012 evals (138777 batches, avg 33/batch = 6% of 512, 2612 evals/s, 176 msg/s, 14.8 leaves/msg, 1742s)
2026-08-25 16:30:03   [GPU] 4,600,009 evals (141033 batches, avg 33/batch = 6% of 512, 2590 evals/s, 175 msg/s, 14.8 leaves/msg, 1776s)
2026-08-25 16:30:37   [GPU] 4,650,007 evals (143285 batches, avg 32/batch = 6% of 512, 2569 evals/s, 173 msg/s, 14.8 leaves/msg, 1810s)
2026-08-25 16:31:12   [GPU] 4,700,044 evals (145503 batches, avg 32/batch = 6% of 512, 2548 evals/s, 172 msg/s, 14.8 leaves/msg, 1844s)
2026-08-25 16:31:46   [GPU] 4,750,001 evals (147726 batches, avg 32/batch = 6% of 512, 2528 evals/s, 170 msg/s, 14.8 leaves/msg, 1879s)
2026-08-25 16:31:58 [iter 28/40] eval vs best: 35/40 games (1891s, cand 29%)
2026-08-25 16:32:30   [GPU] 4,800,027 evals (150271 batches, avg 32/batch = 6% of 512, 2496 evals/s, 168 msg/s, 14.8 leaves/msg, 1923s)
2026-08-25 16:33:23   [GPU] 4,850,014 evals (152950 batches, avg 32/batch = 6% of 512, 2455 evals/s, 165 msg/s, 14.8 leaves/msg, 1976s)
2026-08-25 16:34:21   [GPU] 4,900,013 evals (155685 batches, avg 31/batch = 6% of 512, 2409 evals/s, 162 msg/s, 14.8 leaves/msg, 2034s)
2026-08-25 16:35:21   [GPU] 4,950,006 evals (158463 batches, avg 31/batch = 6% of 512, 2365 evals/s, 159 msg/s, 14.8 leaves/msg, 2093s)
2026-08-25 16:36:28   [GPU] 5,000,004 evals (161390 batches, avg 31/batch = 6% of 512, 2313 evals/s, 156 msg/s, 14.8 leaves/msg, 2161s)
2026-08-25 16:37:36   [GPU] 5,050,007 evals (164340 batches, avg 31/batch = 6% of 512, 2265 evals/s, 153 msg/s, 14.8 leaves/msg, 2229s)
2026-08-25 16:38:44   [GPU] 5,100,003 evals (167288 batches, avg 30/batch = 6% of 512, 2221 evals/s, 150 msg/s, 14.8 leaves/msg, 2297s)
2026-08-25 16:39:52   [GPU] 5,150,012 evals (170201 batches, avg 30/batch = 6% of 512, 2178 evals/s, 147 msg/s, 14.8 leaves/msg, 2364s)
2026-08-25 16:40:40 [iter 28/40] eval vs best: 40/40 games (2413s, cand 31%)
2026-08-25 16:40:40 [iter 28/40] eval vs best done: 30.8% of 39 decided, 23 adjudicated reject (2413s)
2026-08-25 16:40:40 [iter 28/40] eval vs random (8 games, 600 sims)...
2026-08-25 16:40:40 [EVAL-MP] 8 workers spawned (8 vs_random games, sims=600), GPU batcher starting...
2026-08-25 16:41:00   [GPU] 50,032 evals (1316 batches, avg 38/batch = 7% of 512, 2539 evals/s, 168 msg/s, 15.1 leaves/msg, 20s)
2026-08-25 16:41:02 [iter 28/40] eval vs random: 5/8 games (22s, cand 100%)
2026-08-25 16:41:03 [iter 28/40] eval vs random: 8/8 games (23s, cand 100%)
2026-08-25 16:41:04 [iter 28/40] eval vs random done: 100.0% (23s)
2026-08-25 16:41:04 [iter 28/40] eval vs greedy (80 games, 600 sims)...
2026-08-25 16:41:04 [EVAL-MP] 8 workers spawned (80 vs_greedy games, sims=600), GPU batcher starting...
2026-08-25 16:41:21 [iter 28/40] eval vs greedy: 5/80 games (17s, cand 20%)
2026-08-25 16:41:29   [GPU] 50,018 evals (1608 batches, avg 31/batch = 6% of 512, 2010 evals/s, 134 msg/s, 15.0 leaves/msg, 25s)
2026-08-25 16:41:31 [iter 28/40] eval vs greedy: 10/80 games (27s, cand 10%)
2026-08-25 16:41:35 [iter 28/40] eval vs greedy: 15/80 games (31s, cand 7%)
2026-08-25 16:41:45 [iter 28/40] eval vs greedy: 20/80 games (41s, cand 10%)
2026-08-25 16:41:50   [GPU] 100,010 evals (3275 batches, avg 31/batch = 6% of 512, 2184 evals/s, 146 msg/s, 15.0 leaves/msg, 46s)
2026-08-25 16:41:54 [iter 28/40] eval vs greedy: 25/80 games (50s, cand 8%)
2026-08-25 16:42:04 [iter 28/40] eval vs greedy: 30/80 games (60s, cand 10%)
2026-08-25 16:42:09 [iter 28/40] eval vs greedy: 35/80 games (65s, cand 11%)
2026-08-25 16:42:11   [GPU] 150,019 evals (4980 batches, avg 30/batch = 6% of 512, 2244 evals/s, 151 msg/s, 14.9 leaves/msg, 67s)
2026-08-25 16:42:19 [iter 28/40] eval vs greedy: 40/80 games (76s, cand 12%)
2026-08-25 16:42:23 [iter 28/40] eval vs greedy: 45/80 games (79s, cand 16%)
2026-08-25 16:42:31   [GPU] 200,012 evals (6649 batches, avg 30/batch = 6% of 512, 2281 evals/s, 154 msg/s, 14.8 leaves/msg, 88s)
2026-08-25 16:42:33 [iter 28/40] eval vs greedy: 50/80 games (89s, cand 18%)
2026-08-25 16:42:43 [iter 28/40] eval vs greedy: 55/80 games (99s, cand 18%)
2026-08-25 16:42:51 [iter 28/40] eval vs greedy: 60/80 games (107s, cand 18%)
2026-08-25 16:42:53   [GPU] 250,005 evals (8350 batches, avg 30/batch = 6% of 512, 2284 evals/s, 154 msg/s, 14.9 leaves/msg, 109s)
2026-08-25 16:42:58 [iter 28/40] eval vs greedy: 65/80 games (114s, cand 17%)
2026-08-25 16:43:09 [iter 28/40] eval vs greedy: 70/80 games (125s, cand 16%)
2026-08-25 16:43:17   [GPU] 300,018 evals (10117 batches, avg 30/batch = 6% of 512, 2255 evals/s, 152 msg/s, 14.8 leaves/msg, 133s)
2026-08-25 16:43:17 [iter 28/40] eval vs greedy: 75/80 games (134s, cand 16%)
2026-08-25 16:43:38 [iter 28/40] eval vs greedy: 80/80 games (154s, cand 15%)
2026-08-25 16:43:38 [iter 28/40] eval vs greedy done: 15.0% of 80 decided [seat0:12/20 seat1:0/20 seat2:0/20 seat3:0/20] (155s)
2026-08-25 16:43:38 [iter 28/40] eval vs minimax (depth 2, 40 games)...
2026-08-25 16:43:38 [EVAL-MP] 8 workers spawned (40 vs_minimax games, sims=600), GPU batcher starting...
2026-08-25 16:44:05   [GPU] 50,006 evals (1710 batches, avg 29/batch = 6% of 512, 1881 evals/s, 123 msg/s, 15.3 leaves/msg, 27s)
2026-08-25 16:44:17   [GPU] 100,019 evals (2907 batches, avg 34/batch = 7% of 512, 2559 evals/s, 175 msg/s, 14.6 leaves/msg, 39s)
2026-08-25 16:44:20 [iter 28/40] eval vs minimax: 5/40 games (0%)
2026-08-25 16:44:39   [GPU] 150,012 evals (4622 batches, avg 32/batch = 6% of 512, 2486 evals/s, 174 msg/s, 14.3 leaves/msg, 60s)
2026-08-25 16:44:44 [iter 28/40] eval vs minimax: 10/40 games (0%)
2026-08-25 16:44:55   [GPU] 200,032 evals (6095 batches, avg 33/batch = 6% of 512, 2614 evals/s, 185 msg/s, 14.1 leaves/msg, 77s)
2026-08-25 16:44:59 [iter 28/40] eval vs minimax: 15/40 games (0%)
2026-08-25 16:45:13   [GPU] 250,001 evals (7668 batches, avg 33/batch = 6% of 512, 2643 evals/s, 187 msg/s, 14.1 leaves/msg, 95s)
2026-08-25 16:45:23 [iter 28/40] eval vs minimax: 20/40 games (0%)
2026-08-25 16:45:30   [GPU] 300,023 evals (9235 batches, avg 32/batch = 6% of 512, 2682 evals/s, 191 msg/s, 14.0 leaves/msg, 112s)
2026-08-25 16:45:45 [iter 28/40] eval vs minimax: 25/40 games (0%)
2026-08-25 16:45:45   [GPU] 350,006 evals (10689 batches, avg 33/batch = 6% of 512, 2752 evals/s, 197 msg/s, 14.0 leaves/msg, 127s)
2026-08-25 16:46:06   [GPU] 400,029 evals (12395 batches, avg 32/batch = 6% of 512, 2712 evals/s, 193 msg/s, 14.0 leaves/msg, 147s)
2026-08-25 16:46:11 [iter 28/40] eval vs minimax: 30/40 games (0%)
2026-08-25 16:46:24   [GPU] 450,010 evals (14019 batches, avg 32/batch = 6% of 512, 2716 evals/s, 194 msg/s, 14.0 leaves/msg, 166s)
2026-08-25 16:46:32 [iter 28/40] eval vs minimax: 35/40 games (0%)
2026-08-25 16:46:57 [iter 28/40] eval vs minimax: 40/40 games (0%)
2026-08-25 16:46:57 [iter 28/40] eval vs minimax done: 0.0% of 40 decided [seat0:0/10 seat1:0/10 seat2:0/10 seat3:0/10] (199s)
2026-08-25 16:46:57 >>> iter 28 | loss_p=1.224 loss_v=0.137 | vs_best=30.8% reject | vs_rand=100.0% | draw=10% | buf=100000 | rss=3.55GB | sp=1517s train=8s eval_best=2413s eval_rand=23s | total=4317s
2026-08-25 16:46:57 STOPPING EARLY at iteration 28/40 - peak stall: 5 consecutive greedy evals without a new pooled peak (best 18.8%). greedy_peak.pt holds it; resume by raising peak_stall_evals to search longer.
