2026-08-07 19:47:42 ======================================================================
2026-08-07 19:47:42 training_loop_mp launched | N=4 board=9x9 | sims=600 games/iter=160 | self_play=parallel workers=8 vec_games=0
2026-08-07 19:47:42 checkpoint_dir=/tf/dl-quoridor/runs/n4_9x9_v8 | eval=40+40+80 greedy | accept_margin=0.14 | buffer=100000
2026-08-07 19:47:42 train_steps=600 max_moves=320 explore_moves=40 warmup=5000 discount=0.99/ply leaf_batch=16 vloss=1.0
2026-08-07 19:47:42 resources: 16 usable cpus (cgroup quota), 128 GB limit (host 1623 GB), gpu: NVIDIA RTX PRO 6000 Blackwell Server Edition, 22 GB, rss=1.55 GB at launch
2026-08-07 19:47:42 ======================================================================
2026-08-07 19:47:42 Config frozen -> /tf/dl-quoridor/runs/n4_9x9_v8/config.json
2026-08-07 19:47:42 Champion initialised from the starting model -> /tf/dl-quoridor/runs/n4_9x9_v8/best.pt
2026-08-07 19:47:42 Starting N=4 training: 40 iterations, 160 games/iter, 600 sims
2026-08-07 19:47:42 Gate held: eval-vs-best is skipped until win_vs_greedy > 0.00, then the champion is seeded from the learner. An untrained net cannot reach its goal, so gate games against it time out rather than decide.
2026-08-07 19:47:42 [iter 1/40] self-play starting (160 games, 600 sims, MIXED 80/160 race-only)...
2026-08-07 19:47:42 [PARALLEL-MP] 8 workers spawned (160 games, sims=600), GPU batcher starting...
2026-08-07 19:47:59   [GPU] 50,029 evals (1419 batches, avg 35/batch = 7% of 512, 2942 evals/s, 195 msg/s, 15.1 leaves/msg, 17s)
2026-08-07 19:48:05 [iter 1/40] self-play: 5/160 games...
2026-08-07 19:48:13   [GPU] 100,005 evals (2778 batches, avg 36/batch = 7% of 512, 3274 evals/s, 217 msg/s, 15.1 leaves/msg, 31s)
2026-08-07 19:48:26   [GPU] 150,003 evals (4057 batches, avg 37/batch = 7% of 512, 3435 evals/s, 227 msg/s, 15.1 leaves/msg, 44s)
2026-08-07 19:48:37   [GPU] 200,021 evals (5145 batches, avg 39/batch = 8% of 512, 3657 evals/s, 242 msg/s, 15.1 leaves/msg, 55s)
2026-08-07 19:48:47   [GPU] 250,058 evals (6114 batches, avg 41/batch = 8% of 512, 3876 evals/s, 258 msg/s, 15.0 leaves/msg, 65s)
2026-08-07 19:48:57   [GPU] 300,047 evals (7046 batches, avg 43/batch = 8% of 512, 4036 evals/s, 269 msg/s, 15.0 leaves/msg, 74s)
2026-08-07 19:49:06   [GPU] 350,000 evals (7926 batches, avg 44/batch = 9% of 512, 4180 evals/s, 278 msg/s, 15.0 leaves/msg, 84s)
2026-08-07 19:49:08 [iter 1/40] self-play: 10/160 games...
2026-08-07 19:49:16   [GPU] 400,028 evals (8892 batches, avg 45/batch = 9% of 512, 4263 evals/s, 285 msg/s, 15.0 leaves/msg, 94s)
2026-08-07 19:49:26   [GPU] 450,036 evals (9843 batches, avg 46/batch = 9% of 512, 4344 evals/s, 291 msg/s, 14.9 leaves/msg, 104s)
2026-08-07 19:49:37   [GPU] 500,003 evals (10889 batches, avg 46/batch = 9% of 512, 4367 evals/s, 293 msg/s, 14.9 leaves/msg, 114s)
2026-08-07 19:49:45 [iter 1/40] self-play: 15/160 games...
2026-08-07 19:49:47   [GPU] 550,022 evals (11865 batches, avg 46/batch = 9% of 512, 4414 evals/s, 296 msg/s, 14.9 leaves/msg, 125s)
2026-08-07 19:49:56   [GPU] 600,012 evals (12753 batches, avg 47/batch = 9% of 512, 4485 evals/s, 301 msg/s, 14.9 leaves/msg, 134s)
2026-08-07 19:50:05   [GPU] 650,028 evals (13639 batches, avg 48/batch = 9% of 512, 4546 evals/s, 305 msg/s, 14.9 leaves/msg, 143s)
2026-08-07 19:50:15   [GPU] 700,016 evals (14519 batches, avg 48/batch = 9% of 512, 4595 evals/s, 308 msg/s, 14.9 leaves/msg, 152s)
2026-08-07 19:50:24   [GPU] 750,040 evals (15403 batches, avg 49/batch = 10% of 512, 4646 evals/s, 312 msg/s, 14.9 leaves/msg, 161s)
2026-08-07 19:50:33   [GPU] 800,000 evals (16343 batches, avg 49/batch = 10% of 512, 4677 evals/s, 314 msg/s, 14.9 leaves/msg, 171s)
2026-08-07 19:50:43   [GPU] 850,006 evals (17313 batches, avg 49/batch = 10% of 512, 4695 evals/s, 315 msg/s, 14.9 leaves/msg, 181s)
2026-08-07 19:50:53   [GPU] 900,011 evals (18268 batches, avg 49/batch = 10% of 512, 4710 evals/s, 317 msg/s, 14.9 leaves/msg, 191s)
2026-08-07 19:50:53 [iter 1/40] self-play: 20/160 games...
2026-08-07 19:51:04   [GPU] 950,034 evals (19252 batches, avg 49/batch = 10% of 512, 4715 evals/s, 317 msg/s, 14.9 leaves/msg, 201s)
2026-08-07 19:51:13 [iter 1/40] self-play: 25/160 games...
2026-08-07 19:51:15   [GPU] 1,000,026 evals (20326 batches, avg 49/batch = 10% of 512, 4703 evals/s, 316 msg/s, 14.9 leaves/msg, 213s)
2026-08-07 19:51:26   [GPU] 1,050,006 evals (21452 batches, avg 49/batch = 10% of 512, 4689 evals/s, 315 msg/s, 14.9 leaves/msg, 224s)
2026-08-07 19:51:37   [GPU] 1,100,009 evals (22479 batches, avg 49/batch = 10% of 512, 4690 evals/s, 315 msg/s, 14.9 leaves/msg, 235s)
2026-08-07 19:51:39 [iter 1/40] self-play: 30/160 games...
2026-08-07 19:51:49   [GPU] 1,150,002 evals (23625 batches, avg 49/batch = 10% of 512, 4664 evals/s, 314 msg/s, 14.9 leaves/msg, 247s)
2026-08-07 19:52:00   [GPU] 1,200,058 evals (24649 batches, avg 49/batch = 10% of 512, 4663 evals/s, 314 msg/s, 14.9 leaves/msg, 257s)
2026-08-07 19:52:09   [GPU] 1,250,047 evals (25584 batches, avg 49/batch = 10% of 512, 4679 evals/s, 315 msg/s, 14.9 leaves/msg, 267s)
2026-08-07 19:52:19   [GPU] 1,300,061 evals (26462 batches, avg 49/batch = 10% of 512, 4707 evals/s, 316 msg/s, 14.9 leaves/msg, 276s)
2026-08-07 19:52:27   [GPU] 1,350,063 evals (27331 batches, avg 49/batch = 10% of 512, 4740 evals/s, 319 msg/s, 14.9 leaves/msg, 285s)
2026-08-07 19:52:35   [GPU] 1,400,064 evals (28146 batches, avg 50/batch = 10% of 512, 4779 evals/s, 321 msg/s, 14.9 leaves/msg, 293s)
2026-08-07 19:52:43   [GPU] 1,450,001 evals (28949 batches, avg 50/batch = 10% of 512, 4821 evals/s, 324 msg/s, 14.9 leaves/msg, 301s)
2026-08-07 19:52:51   [GPU] 1,500,066 evals (29760 batches, avg 50/batch = 10% of 512, 4855 evals/s, 326 msg/s, 14.9 leaves/msg, 309s)
2026-08-07 19:53:00   [GPU] 1,550,002 evals (30623 batches, avg 51/batch = 10% of 512, 4879 evals/s, 328 msg/s, 14.9 leaves/msg, 318s)
2026-08-07 19:53:09   [GPU] 1,600,075 evals (31506 batches, avg 51/batch = 10% of 512, 4900 evals/s, 329 msg/s, 14.9 leaves/msg, 327s)
2026-08-07 19:53:18   [GPU] 1,650,007 evals (32404 batches, avg 51/batch = 10% of 512, 4915 evals/s, 330 msg/s, 14.9 leaves/msg, 336s)
2026-08-07 19:53:28   [GPU] 1,700,023 evals (33367 batches, avg 51/batch = 10% of 512, 4918 evals/s, 330 msg/s, 14.9 leaves/msg, 346s)
2026-08-07 19:53:32 [iter 1/40] self-play: 35/160 games...
2026-08-07 19:53:37   [GPU] 1,750,030 evals (34277 batches, avg 51/batch = 10% of 512, 4931 evals/s, 331 msg/s, 14.9 leaves/msg, 355s)
2026-08-07 19:53:47   [GPU] 1,800,003 evals (35285 batches, avg 51/batch = 10% of 512, 4930 evals/s, 331 msg/s, 14.9 leaves/msg, 365s)
2026-08-07 19:53:53 [iter 1/40] self-play: 40/160 games...
2026-08-07 19:53:57   [GPU] 1,850,005 evals (36216 batches, avg 51/batch = 10% of 512, 4937 evals/s, 332 msg/s, 14.9 leaves/msg, 375s)
2026-08-07 19:54:08   [GPU] 1,900,002 evals (37257 batches, avg 51/batch = 10% of 512, 4932 evals/s, 332 msg/s, 14.9 leaves/msg, 385s)
2026-08-07 19:54:19   [GPU] 1,950,003 evals (38339 batches, avg 51/batch = 10% of 512, 4921 evals/s, 331 msg/s, 14.9 leaves/msg, 396s)
2026-08-07 19:54:29 [iter 1/40] self-play: 45/160 games...
2026-08-07 19:54:29   [GPU] 2,000,066 evals (39329 batches, avg 51/batch = 10% of 512, 4921 evals/s, 331 msg/s, 14.9 leaves/msg, 406s)
2026-08-07 19:54:39   [GPU] 2,050,044 evals (40345 batches, avg 51/batch = 10% of 512, 4918 evals/s, 331 msg/s, 14.9 leaves/msg, 417s)
2026-08-07 19:54:50   [GPU] 2,100,016 evals (41426 batches, avg 51/batch = 10% of 512, 4911 evals/s, 330 msg/s, 14.9 leaves/msg, 428s)
2026-08-07 19:54:59   [GPU] 2,150,028 evals (42367 batches, avg 51/batch = 10% of 512, 4918 evals/s, 331 msg/s, 14.9 leaves/msg, 437s)
2026-08-07 19:55:09   [GPU] 2,200,007 evals (43308 batches, avg 51/batch = 10% of 512, 4923 evals/s, 331 msg/s, 14.9 leaves/msg, 447s)
2026-08-07 19:55:19   [GPU] 2,250,029 evals (44274 batches, avg 51/batch = 10% of 512, 4925 evals/s, 331 msg/s, 14.9 leaves/msg, 457s)
2026-08-07 19:55:28 [iter 1/40] self-play: 50/160 games...
2026-08-07 19:55:29   [GPU] 2,300,009 evals (45206 batches, avg 51/batch = 10% of 512, 4933 evals/s, 332 msg/s, 14.9 leaves/msg, 466s)
2026-08-07 19:55:38   [GPU] 2,350,027 evals (46190 batches, avg 51/batch = 10% of 512, 4936 evals/s, 332 msg/s, 14.9 leaves/msg, 476s)
2026-08-07 19:55:48   [GPU] 2,400,009 evals (47114 batches, avg 51/batch = 10% of 512, 4943 evals/s, 332 msg/s, 14.9 leaves/msg, 486s)
2026-08-07 19:55:57   [GPU] 2,450,011 evals (48014 batches, avg 51/batch = 10% of 512, 4952 evals/s, 333 msg/s, 14.9 leaves/msg, 495s)
2026-08-07 19:56:06   [GPU] 2,500,022 evals (48900 batches, avg 51/batch = 10% of 512, 4963 evals/s, 334 msg/s, 14.9 leaves/msg, 504s)
2026-08-07 19:56:15   [GPU] 2,550,027 evals (49783 batches, avg 51/batch = 10% of 512, 4974 evals/s, 334 msg/s, 14.9 leaves/msg, 513s)
2026-08-07 19:56:19 [iter 1/40] self-play: 55/160 games...
2026-08-07 19:56:25   [GPU] 2,600,018 evals (50760 batches, avg 51/batch = 10% of 512, 4974 evals/s, 335 msg/s, 14.9 leaves/msg, 523s)
2026-08-07 19:56:35   [GPU] 2,650,012 evals (51774 batches, avg 51/batch = 10% of 512, 4972 evals/s, 335 msg/s, 14.9 leaves/msg, 533s)
2026-08-07 19:56:46 [iter 1/40] self-play: 60/160 games...
2026-08-07 19:56:46   [GPU] 2,700,032 evals (52828 batches, avg 51/batch = 10% of 512, 4966 evals/s, 334 msg/s, 14.9 leaves/msg, 544s)
2026-08-07 19:56:57   [GPU] 2,750,039 evals (53844 batches, avg 51/batch = 10% of 512, 4962 evals/s, 334 msg/s, 14.9 leaves/msg, 554s)
2026-08-07 19:57:08   [GPU] 2,800,046 evals (54921 batches, avg 51/batch = 10% of 512, 4954 evals/s, 333 msg/s, 14.9 leaves/msg, 565s)
2026-08-07 19:57:15 [iter 1/40] self-play: 65/160 games...
2026-08-07 19:57:18   [GPU] 2,850,012 evals (55922 batches, avg 51/batch = 10% of 512, 4955 evals/s, 333 msg/s, 14.9 leaves/msg, 575s)
2026-08-07 19:57:28   [GPU] 2,900,055 evals (56968 batches, avg 51/batch = 10% of 512, 4951 evals/s, 333 msg/s, 14.9 leaves/msg, 586s)
2026-08-07 19:57:38   [GPU] 2,950,067 evals (57919 batches, avg 51/batch = 10% of 512, 4954 evals/s, 333 msg/s, 14.9 leaves/msg, 595s)
2026-08-07 19:57:48   [GPU] 3,000,006 evals (58878 batches, avg 51/batch = 10% of 512, 4956 evals/s, 333 msg/s, 14.9 leaves/msg, 605s)
2026-08-07 19:57:57   [GPU] 3,050,029 evals (59822 batches, avg 51/batch = 10% of 512, 4959 evals/s, 334 msg/s, 14.9 leaves/msg, 615s)
2026-08-07 19:58:06   [GPU] 3,100,023 evals (60671 batches, avg 51/batch = 10% of 512, 4969 evals/s, 334 msg/s, 14.9 leaves/msg, 624s)
2026-08-07 19:58:15   [GPU] 3,150,026 evals (61476 batches, avg 51/batch = 10% of 512, 4981 evals/s, 335 msg/s, 14.9 leaves/msg, 632s)
2026-08-07 19:58:23   [GPU] 3,200,060 evals (62277 batches, avg 51/batch = 10% of 512, 4994 evals/s, 336 msg/s, 14.9 leaves/msg, 641s)
2026-08-07 19:58:32   [GPU] 3,250,003 evals (63074 batches, avg 52/batch = 10% of 512, 5006 evals/s, 337 msg/s, 14.9 leaves/msg, 649s)
2026-08-07 19:58:40   [GPU] 3,300,059 evals (63872 batches, avg 52/batch = 10% of 512, 5018 evals/s, 337 msg/s, 14.9 leaves/msg, 658s)
2026-08-07 19:58:48   [GPU] 3,350,009 evals (64681 batches, avg 52/batch = 10% of 512, 5029 evals/s, 338 msg/s, 14.9 leaves/msg, 666s)
2026-08-07 19:58:52 [iter 1/40] self-play: 70/160 games...
2026-08-07 19:58:58   [GPU] 3,400,052 evals (65592 batches, avg 52/batch = 10% of 512, 5032 evals/s, 338 msg/s, 14.9 leaves/msg, 676s)
2026-08-07 19:59:08   [GPU] 3,450,025 evals (66561 batches, avg 52/batch = 10% of 512, 5032 evals/s, 338 msg/s, 14.9 leaves/msg, 686s)
2026-08-07 19:59:17   [GPU] 3,500,051 evals (67491 batches, avg 52/batch = 10% of 512, 5035 evals/s, 339 msg/s, 14.9 leaves/msg, 695s)
2026-08-07 19:59:28   [GPU] 3,550,037 evals (68581 batches, avg 52/batch = 10% of 512, 5028 evals/s, 338 msg/s, 14.9 leaves/msg, 706s)
2026-08-07 19:59:29 [iter 1/40] self-play: 75/160 games...
2026-08-07 19:59:39   [GPU] 3,600,027 evals (69616 batches, avg 52/batch = 10% of 512, 5023 evals/s, 338 msg/s, 14.9 leaves/msg, 717s)
2026-08-07 19:59:50   [GPU] 3,650,013 evals (70660 batches, avg 52/batch = 10% of 512, 5019 evals/s, 338 msg/s, 14.9 leaves/msg, 727s)
2026-08-07 20:00:00   [GPU] 3,700,008 evals (71702 batches, avg 52/batch = 10% of 512, 5015 evals/s, 337 msg/s, 14.9 leaves/msg, 738s)
2026-08-07 20:00:00 [iter 1/40] self-play: 80/160 games...
2026-08-07 20:00:10   [GPU] 3,750,025 evals (72643 batches, avg 52/batch = 10% of 512, 5016 evals/s, 337 msg/s, 14.9 leaves/msg, 748s)
2026-08-07 20:00:20   [GPU] 3,800,036 evals (73612 batches, avg 52/batch = 10% of 512, 5017 evals/s, 337 msg/s, 14.9 leaves/msg, 757s)
2026-08-07 20:00:30   [GPU] 3,850,001 evals (74621 batches, avg 52/batch = 10% of 512, 5015 evals/s, 337 msg/s, 14.9 leaves/msg, 768s)
2026-08-07 20:00:40   [GPU] 3,900,012 evals (75588 batches, avg 52/batch = 10% of 512, 5016 evals/s, 337 msg/s, 14.9 leaves/msg, 778s)
2026-08-07 20:00:44 [iter 1/40] self-play: 85/160 games...
2026-08-07 20:00:49   [GPU] 3,950,033 evals (76515 batches, avg 52/batch = 10% of 512, 5020 evals/s, 338 msg/s, 14.9 leaves/msg, 787s)
2026-08-07 20:00:59   [GPU] 4,000,010 evals (77458 batches, avg 52/batch = 10% of 512, 5022 evals/s, 338 msg/s, 14.9 leaves/msg, 796s)
2026-08-07 20:01:09   [GPU] 4,050,014 evals (78403 batches, avg 52/batch = 10% of 512, 5023 evals/s, 338 msg/s, 14.9 leaves/msg, 806s)
2026-08-07 20:01:18   [GPU] 4,100,028 evals (79338 batches, avg 52/batch = 10% of 512, 5026 evals/s, 338 msg/s, 14.9 leaves/msg, 816s)
2026-08-07 20:01:27   [GPU] 4,150,021 evals (80210 batches, avg 52/batch = 10% of 512, 5033 evals/s, 338 msg/s, 14.9 leaves/msg, 825s)
2026-08-07 20:01:36   [GPU] 4,200,028 evals (81080 batches, avg 52/batch = 10% of 512, 5039 evals/s, 339 msg/s, 14.9 leaves/msg, 833s)
2026-08-07 20:01:45   [GPU] 4,250,010 evals (81927 batches, avg 52/batch = 10% of 512, 5046 evals/s, 339 msg/s, 14.9 leaves/msg, 842s)
2026-08-07 20:01:53   [GPU] 4,300,040 evals (82727 batches, avg 52/batch = 10% of 512, 5056 evals/s, 340 msg/s, 14.9 leaves/msg, 851s)
2026-08-07 20:02:01   [GPU] 4,350,005 evals (83526 batches, avg 52/batch = 10% of 512, 5064 evals/s, 340 msg/s, 14.9 leaves/msg, 859s)
2026-08-07 20:02:07 [iter 1/40] self-play: 90/160 games...
2026-08-07 20:02:11   [GPU] 4,400,046 evals (84420 batches, avg 52/batch = 10% of 512, 5067 evals/s, 341 msg/s, 14.9 leaves/msg, 868s)
2026-08-07 20:02:21   [GPU] 4,450,019 evals (85393 batches, avg 52/batch = 10% of 512, 5065 evals/s, 341 msg/s, 14.9 leaves/msg, 879s)
2026-08-07 20:02:31   [GPU] 4,500,031 evals (86331 batches, avg 52/batch = 10% of 512, 5066 evals/s, 341 msg/s, 14.9 leaves/msg, 888s)
2026-08-07 20:02:42   [GPU] 4,550,012 evals (87395 batches, avg 52/batch = 10% of 512, 5060 evals/s, 340 msg/s, 14.9 leaves/msg, 899s)
2026-08-07 20:02:46 [iter 1/40] self-play: 95/160 games...
2026-08-07 20:02:52   [GPU] 4,600,012 evals (88404 batches, avg 52/batch = 10% of 512, 5057 evals/s, 340 msg/s, 14.9 leaves/msg, 910s)
2026-08-07 20:03:01   [GPU] 4,650,050 evals (89325 batches, avg 52/batch = 10% of 512, 5060 evals/s, 340 msg/s, 14.9 leaves/msg, 919s)
2026-08-07 20:03:12   [GPU] 4,700,005 evals (90403 batches, avg 52/batch = 10% of 512, 5053 evals/s, 340 msg/s, 14.9 leaves/msg, 930s)
2026-08-07 20:03:17 [iter 1/40] self-play: 100/160 games...
2026-08-07 20:03:23   [GPU] 4,750,065 evals (91480 batches, avg 52/batch = 10% of 512, 5047 evals/s, 339 msg/s, 14.9 leaves/msg, 941s)
2026-08-07 20:03:34   [GPU] 4,800,011 evals (92558 batches, avg 52/batch = 10% of 512, 5043 evals/s, 339 msg/s, 14.9 leaves/msg, 952s)
2026-08-07 20:03:44   [GPU] 4,850,018 evals (93559 batches, avg 52/batch = 10% of 512, 5043 evals/s, 339 msg/s, 14.9 leaves/msg, 962s)
2026-08-07 20:03:53   [GPU] 4,900,026 evals (94471 batches, avg 52/batch = 10% of 512, 5048 evals/s, 339 msg/s, 14.9 leaves/msg, 971s)
2026-08-07 20:04:02   [GPU] 4,950,040 evals (95353 batches, avg 52/batch = 10% of 512, 5052 evals/s, 340 msg/s, 14.9 leaves/msg, 980s)
2026-08-07 20:04:04 [iter 1/40] self-play: 105/160 games...
2026-08-07 20:04:11   [GPU] 5,000,002 evals (96240 batches, avg 52/batch = 10% of 512, 5057 evals/s, 340 msg/s, 14.9 leaves/msg, 989s)
2026-08-07 20:04:20   [GPU] 5,050,051 evals (97123 batches, avg 52/batch = 10% of 512, 5063 evals/s, 340 msg/s, 14.9 leaves/msg, 997s)
2026-08-07 20:04:29   [GPU] 5,100,041 evals (98065 batches, avg 52/batch = 10% of 512, 5066 evals/s, 341 msg/s, 14.9 leaves/msg, 1007s)
2026-08-07 20:04:39   [GPU] 5,150,026 evals (99031 batches, avg 52/batch = 10% of 512, 5067 evals/s, 341 msg/s, 14.9 leaves/msg, 1016s)
2026-08-07 20:04:48   [GPU] 5,200,013 evals (99939 batches, avg 52/batch = 10% of 512, 5072 evals/s, 341 msg/s, 14.9 leaves/msg, 1025s)
2026-08-07 20:04:56   [GPU] 5,250,026 evals (100812 batches, avg 52/batch = 10% of 512, 5078 evals/s, 341 msg/s, 14.9 leaves/msg, 1034s)
2026-08-07 20:05:04   [GPU] 5,300,025 evals (101645 batches, avg 52/batch = 10% of 512, 5087 evals/s, 342 msg/s, 14.9 leaves/msg, 1042s)
2026-08-07 20:05:12   [GPU] 5,350,063 evals (102479 batches, avg 52/batch = 10% of 512, 5094 evals/s, 343 msg/s, 14.9 leaves/msg, 1050s)
2026-08-07 20:05:16 [iter 1/40] self-play: 110/160 games...
2026-08-07 20:05:22   [GPU] 5,400,044 evals (103423 batches, avg 52/batch = 10% of 512, 5097 evals/s, 343 msg/s, 14.9 leaves/msg, 1059s)
2026-08-07 20:05:31   [GPU] 5,450,000 evals (104398 batches, avg 52/batch = 10% of 512, 5098 evals/s, 343 msg/s, 14.9 leaves/msg, 1069s)
2026-08-07 20:05:41 [iter 1/40] self-play: 115/160 games...
2026-08-07 20:05:41   [GPU] 5,500,009 evals (105387 batches, avg 52/batch = 10% of 512, 5097 evals/s, 343 msg/s, 14.9 leaves/msg, 1079s)
2026-08-07 20:05:52   [GPU] 5,550,032 evals (106473 batches, avg 52/batch = 10% of 512, 5092 evals/s, 342 msg/s, 14.9 leaves/msg, 1090s)
2026-08-07 20:06:02   [GPU] 5,600,039 evals (107453 batches, avg 52/batch = 10% of 512, 5091 evals/s, 342 msg/s, 14.9 leaves/msg, 1100s)
2026-08-07 20:06:13   [GPU] 5,650,044 evals (108498 batches, avg 52/batch = 10% of 512, 5087 evals/s, 342 msg/s, 14.9 leaves/msg, 1111s)
2026-08-07 20:06:22 [iter 1/40] self-play: 120/160 games...
2026-08-07 20:06:24   [GPU] 5,700,009 evals (109530 batches, avg 52/batch = 10% of 512, 5083 evals/s, 342 msg/s, 14.9 leaves/msg, 1121s)
2026-08-07 20:06:34   [GPU] 5,750,021 evals (110549 batches, avg 52/batch = 10% of 512, 5081 evals/s, 342 msg/s, 14.9 leaves/msg, 1132s)
2026-08-07 20:06:44   [GPU] 5,800,003 evals (111534 batches, avg 52/batch = 10% of 512, 5080 evals/s, 342 msg/s, 14.9 leaves/msg, 1142s)
2026-08-07 20:06:54   [GPU] 5,850,023 evals (112489 batches, avg 52/batch = 10% of 512, 5080 evals/s, 342 msg/s, 14.9 leaves/msg, 1152s)
2026-08-07 20:07:03   [GPU] 5,900,040 evals (113372 batches, avg 52/batch = 10% of 512, 5082 evals/s, 342 msg/s, 14.9 leaves/msg, 1161s)
2026-08-07 20:07:13   [GPU] 5,950,027 evals (114348 batches, avg 52/batch = 10% of 512, 5082 evals/s, 342 msg/s, 14.9 leaves/msg, 1171s)
2026-08-07 20:07:22   [GPU] 6,000,056 evals (115259 batches, avg 52/batch = 10% of 512, 5085 evals/s, 342 msg/s, 14.9 leaves/msg, 1180s)
2026-08-07 20:07:28 [iter 1/40] self-play: 125/160 games...
2026-08-07 20:07:31   [GPU] 6,050,072 evals (116091 batches, avg 52/batch = 10% of 512, 5091 evals/s, 342 msg/s, 14.9 leaves/msg, 1188s)
2026-08-07 20:07:40   [GPU] 6,100,046 evals (117022 batches, avg 52/batch = 10% of 512, 5093 evals/s, 342 msg/s, 14.9 leaves/msg, 1198s)
2026-08-07 20:07:50   [GPU] 6,150,039 evals (118000 batches, avg 52/batch = 10% of 512, 5092 evals/s, 342 msg/s, 14.9 leaves/msg, 1208s)
2026-08-07 20:07:59   [GPU] 6,200,012 evals (118897 batches, avg 52/batch = 10% of 512, 5094 evals/s, 342 msg/s, 14.9 leaves/msg, 1217s)
2026-08-07 20:08:08   [GPU] 6,250,011 evals (119770 batches, avg 52/batch = 10% of 512, 5097 evals/s, 343 msg/s, 14.9 leaves/msg, 1226s)
2026-08-07 20:08:17   [GPU] 6,300,034 evals (120645 batches, avg 52/batch = 10% of 512, 5101 evals/s, 343 msg/s, 14.9 leaves/msg, 1235s)
2026-08-07 20:08:24 [iter 1/40] self-play: 130/160 games...
2026-08-07 20:08:28   [GPU] 6,350,005 evals (121655 batches, avg 52/batch = 10% of 512, 5098 evals/s, 343 msg/s, 14.9 leaves/msg, 1246s)
2026-08-07 20:08:38   [GPU] 6,400,011 evals (122634 batches, avg 52/batch = 10% of 512, 5097 evals/s, 343 msg/s, 14.9 leaves/msg, 1256s)
2026-08-07 20:08:46 [iter 1/40] self-play: 135/160 games...
2026-08-07 20:08:49   [GPU] 6,450,001 evals (123754 batches, avg 52/batch = 10% of 512, 5091 evals/s, 343 msg/s, 14.9 leaves/msg, 1267s)
2026-08-07 20:09:02   [GPU] 6,500,006 evals (124977 batches, avg 52/batch = 10% of 512, 5080 evals/s, 342 msg/s, 14.9 leaves/msg, 1279s)
2026-08-07 20:09:09 [iter 1/40] self-play: 140/160 games...
2026-08-07 20:09:14   [GPU] 6,550,020 evals (126138 batches, avg 52/batch = 10% of 512, 5072 evals/s, 341 msg/s, 14.9 leaves/msg, 1291s)
2026-08-07 20:09:27   [GPU] 6,600,051 evals (127395 batches, avg 52/batch = 10% of 512, 5060 evals/s, 340 msg/s, 14.9 leaves/msg, 1304s)
2026-08-07 20:09:37 [iter 1/40] self-play: 145/160 games...
2026-08-07 20:09:38   [GPU] 6,650,053 evals (128469 batches, avg 52/batch = 10% of 512, 5055 evals/s, 340 msg/s, 14.9 leaves/msg, 1316s)
2026-08-07 20:09:49   [GPU] 6,700,030 evals (129594 batches, avg 52/batch = 10% of 512, 5048 evals/s, 340 msg/s, 14.9 leaves/msg, 1327s)
2026-08-07 20:10:00   [GPU] 6,750,008 evals (130661 batches, avg 52/batch = 10% of 512, 5044 evals/s, 339 msg/s, 14.9 leaves/msg, 1338s)
2026-08-07 20:10:10   [GPU] 6,800,002 evals (131571 batches, avg 52/batch = 10% of 512, 5046 evals/s, 339 msg/s, 14.9 leaves/msg, 1348s)
2026-08-07 20:10:19   [GPU] 6,850,005 evals (132455 batches, avg 52/batch = 10% of 512, 5049 evals/s, 340 msg/s, 14.9 leaves/msg, 1357s)
2026-08-07 20:10:28   [GPU] 6,900,036 evals (133303 batches, avg 52/batch = 10% of 512, 5053 evals/s, 340 msg/s, 14.9 leaves/msg, 1365s)
2026-08-07 20:10:36   [GPU] 6,950,020 evals (134115 batches, avg 52/batch = 10% of 512, 5059 evals/s, 340 msg/s, 14.9 leaves/msg, 1374s)
2026-08-07 20:10:45 [iter 1/40] self-play: 150/160 games...
2026-08-07 20:10:45   [GPU] 7,000,047 evals (134980 batches, avg 52/batch = 10% of 512, 5062 evals/s, 341 msg/s, 14.9 leaves/msg, 1383s)
2026-08-07 20:10:55   [GPU] 7,050,011 evals (135965 batches, avg 52/batch = 10% of 512, 5062 evals/s, 341 msg/s, 14.9 leaves/msg, 1393s)
2026-08-07 20:11:05   [GPU] 7,100,030 evals (136910 batches, avg 52/batch = 10% of 512, 5062 evals/s, 341 msg/s, 14.9 leaves/msg, 1403s)
2026-08-07 20:11:16   [GPU] 7,150,006 evals (137931 batches, avg 52/batch = 10% of 512, 5058 evals/s, 340 msg/s, 14.9 leaves/msg, 1413s)
2026-08-07 20:11:26   [GPU] 7,200,022 evals (138952 batches, avg 52/batch = 10% of 512, 5056 evals/s, 340 msg/s, 14.9 leaves/msg, 1424s)
2026-08-07 20:11:37   [GPU] 7,250,032 evals (140024 batches, avg 52/batch = 10% of 512, 5052 evals/s, 340 msg/s, 14.9 leaves/msg, 1435s)
2026-08-07 20:11:44 [iter 1/40] self-play: 155/160 games...
2026-08-07 20:11:49   [GPU] 7,300,022 evals (141196 batches, avg 52/batch = 10% of 512, 5045 evals/s, 339 msg/s, 14.9 leaves/msg, 1447s)
2026-08-07 20:12:07   [GPU] 7,350,016 evals (142821 batches, avg 51/batch = 10% of 512, 5018 evals/s, 338 msg/s, 14.9 leaves/msg, 1465s)
2026-08-07 20:12:50   [GPU] 7,400,005 evals (145472 batches, avg 51/batch = 10% of 512, 4907 evals/s, 330 msg/s, 14.9 leaves/msg, 1508s)
2026-08-07 20:13:36 [iter 1/40] self-play: 160/160 games...
2026-08-07 20:13:36 [iter 1/40] self-play done: 160 games (1554s) | wins: P0=24, P1=43, P2=35, P3=22, draw=36 | draw_rate=22% avg_len~35
2026-08-07 20:13:36 [iter 1/40] search: expanded=4.5 actions/node visits/action=133.0 walls/game=6.21 first_wall_ply=1.212 learner_sims/s=4943.79
2026-08-07 20:13:36 [iter 1/40] WARNING: draw_rate 22% > 20% — games timing out at max_game_moves=320 (weak value signal).
2026-08-07 20:13:36 [iter 1/40] training (600 steps, lr=1.00e-03)...
2026-08-07 20:13:42 [iter 1/40] training done: loss_p=1.871 loss_v=0.202 (6s)
2026-08-07 20:13:44 [iter 1/40] data: policy_wall_mass=0.065 walled_states=30% walls_on_board=9.8 value_mae walled=0.147 free=0.266
2026-08-07 20:13:44 [iter 1/40] eval skipped (eval_every=4)
2026-08-07 20:13:44 >>> iter 1 | loss_p=1.871 loss_v=0.202 | vs_best=n/a (not evaluated) | vs_rand=n/a | draw=22% | buf=11136 | rss=2.20GB | sp=1554s train=6s eval_best=0s eval_rand=0s | total=1562s
2026-08-07 20:13:44 [iter 2/40] self-play starting (160 games, 600 sims, MIXED 80/160 race-only)...
2026-08-07 20:13:44 [PARALLEL-MP] 8 workers spawned (160 games, sims=600), GPU batcher starting...
2026-08-07 20:14:01   [GPU] 50,041 evals (1412 batches, avg 35/batch = 7% of 512, 2985 evals/s, 201 msg/s, 14.9 leaves/msg, 17s)
2026-08-07 20:14:05 [iter 2/40] self-play: 5/160 games...
2026-08-07 20:14:15   [GPU] 100,036 evals (2800 batches, avg 36/batch = 7% of 512, 3242 evals/s, 223 msg/s, 14.5 leaves/msg, 31s)
2026-08-07 20:14:20 [iter 2/40] self-play: 10/160 games...
2026-08-07 20:14:31   [GPU] 150,015 evals (4371 batches, avg 34/batch = 7% of 512, 3163 evals/s, 218 msg/s, 14.5 leaves/msg, 47s)
2026-08-07 20:14:48   [GPU] 200,014 evals (5922 batches, avg 34/batch = 7% of 512, 3105 evals/s, 214 msg/s, 14.5 leaves/msg, 64s)
2026-08-07 20:14:59 [iter 2/40] self-play: 15/160 games...
2026-08-07 20:15:04   [GPU] 250,015 evals (7366 batches, avg 34/batch = 7% of 512, 3127 evals/s, 215 msg/s, 14.5 leaves/msg, 80s)
2026-08-07 20:15:18   [GPU] 300,027 evals (8709 batches, avg 34/batch = 7% of 512, 3196 evals/s, 219 msg/s, 14.6 leaves/msg, 94s)
2026-08-07 20:15:31   [GPU] 350,029 evals (9972 batches, avg 35/batch = 7% of 512, 3267 evals/s, 224 msg/s, 14.6 leaves/msg, 107s)
2026-08-07 20:15:33 [iter 2/40] self-play: 20/160 games...
2026-08-07 20:15:42   [GPU] 400,026 evals (11081 batches, avg 36/batch = 7% of 512, 3380 evals/s, 231 msg/s, 14.6 leaves/msg, 118s)
2026-08-07 20:15:54   [GPU] 450,007 evals (12182 batches, avg 37/batch = 7% of 512, 3473 evals/s, 237 msg/s, 14.6 leaves/msg, 130s)
2026-08-07 20:16:06   [GPU] 500,011 evals (13364 batches, avg 37/batch = 7% of 512, 3531 evals/s, 241 msg/s, 14.6 leaves/msg, 142s)
2026-08-07 20:16:16   [GPU] 550,013 evals (14445 batches, avg 38/batch = 7% of 512, 3609 evals/s, 246 msg/s, 14.7 leaves/msg, 152s)
2026-08-07 20:16:27   [GPU] 600,045 evals (15499 batches, avg 39/batch = 8% of 512, 3679 evals/s, 251 msg/s, 14.7 leaves/msg, 163s)
2026-08-07 20:16:38   [GPU] 650,018 evals (16547 batches, avg 39/batch = 8% of 512, 3745 evals/s, 256 msg/s, 14.6 leaves/msg, 174s)
2026-08-07 20:16:38 [iter 2/40] self-play: 25/160 games...
2026-08-07 20:16:50   [GPU] 700,047 evals (17814 batches, avg 39/batch = 8% of 512, 3760 evals/s, 258 msg/s, 14.6 leaves/msg, 186s)
2026-08-07 20:17:01   [GPU] 750,026 evals (18881 batches, avg 40/batch = 8% of 512, 3808 evals/s, 261 msg/s, 14.6 leaves/msg, 197s)
2026-08-07 20:17:06 [iter 2/40] self-play: 30/160 games...
2026-08-07 20:17:13   [GPU] 800,023 evals (20085 batches, avg 40/batch = 8% of 512, 3823 evals/s, 262 msg/s, 14.6 leaves/msg, 209s)
2026-08-07 20:17:25   [GPU] 850,000 evals (21277 batches, avg 40/batch = 8% of 512, 3838 evals/s, 264 msg/s, 14.6 leaves/msg, 221s)
2026-08-07 20:17:37   [GPU] 900,030 evals (22389 batches, avg 40/batch = 8% of 512, 3862 evals/s, 265 msg/s, 14.6 leaves/msg, 233s)
2026-08-07 20:17:44 [iter 2/40] self-play: 35/160 games...
2026-08-07 20:17:49   [GPU] 950,001 evals (23558 batches, avg 40/batch = 8% of 512, 3881 evals/s, 267 msg/s, 14.6 leaves/msg, 245s)
2026-08-07 20:18:00   [GPU] 1,000,049 evals (24685 batches, avg 41/batch = 8% of 512, 3905 evals/s, 268 msg/s, 14.5 leaves/msg, 256s)
2026-08-07 20:18:12   [GPU] 1,050,013 evals (25925 batches, avg 41/batch = 8% of 512, 3911 evals/s, 269 msg/s, 14.5 leaves/msg, 268s)
2026-08-07 20:18:14 [iter 2/40] self-play: 40/160 games...
2026-08-07 20:18:26   [GPU] 1,100,003 evals (27218 batches, avg 40/batch = 8% of 512, 3906 evals/s, 269 msg/s, 14.5 leaves/msg, 282s)
2026-08-07 20:18:35 [iter 2/40] self-play: 45/160 games...
2026-08-07 20:18:38   [GPU] 1,150,002 evals (28398 batches, avg 40/batch = 8% of 512, 3913 evals/s, 270 msg/s, 14.5 leaves/msg, 294s)
2026-08-07 20:18:52   [GPU] 1,200,001 evals (29722 batches, avg 40/batch = 8% of 512, 3899 evals/s, 269 msg/s, 14.5 leaves/msg, 308s)
2026-08-07 20:19:05   [GPU] 1,250,014 evals (30956 batches, avg 40/batch = 8% of 512, 3898 evals/s, 269 msg/s, 14.5 leaves/msg, 321s)
2026-08-07 20:19:18   [GPU] 1,300,013 evals (32211 batches, avg 40/batch = 8% of 512, 3897 evals/s, 269 msg/s, 14.5 leaves/msg, 334s)
2026-08-07 20:19:18 [iter 2/40] self-play: 50/160 games...
2026-08-07 20:19:31   [GPU] 1,350,005 evals (33503 batches, avg 40/batch = 8% of 512, 3894 evals/s, 269 msg/s, 14.5 leaves/msg, 347s)
2026-08-07 20:19:42   [GPU] 1,400,008 evals (34627 batches, avg 40/batch = 8% of 512, 3909 evals/s, 270 msg/s, 14.5 leaves/msg, 358s)
2026-08-07 20:19:53 [iter 2/40] self-play: 55/160 games...
2026-08-07 20:19:54   [GPU] 1,450,012 evals (35788 batches, avg 41/batch = 8% of 512, 3920 evals/s, 271 msg/s, 14.5 leaves/msg, 370s)
2026-08-07 20:20:05   [GPU] 1,500,005 evals (36872 batches, avg 41/batch = 8% of 512, 3939 evals/s, 272 msg/s, 14.5 leaves/msg, 381s)
2026-08-07 20:20:16   [GPU] 1,550,021 evals (37972 batches, avg 41/batch = 8% of 512, 3953 evals/s, 272 msg/s, 14.5 leaves/msg, 392s)
2026-08-07 20:20:27   [GPU] 1,600,035 evals (39030 batches, avg 41/batch = 8% of 512, 3972 evals/s, 274 msg/s, 14.5 leaves/msg, 403s)
2026-08-07 20:20:38   [GPU] 1,650,020 evals (40124 batches, avg 41/batch = 8% of 512, 3987 evals/s, 275 msg/s, 14.5 leaves/msg, 414s)
2026-08-07 20:20:44 [iter 2/40] self-play: 60/160 games...
2026-08-07 20:20:48   [GPU] 1,700,091 evals (41111 batches, avg 41/batch = 8% of 512, 4013 evals/s, 276 msg/s, 14.5 leaves/msg, 424s)
2026-08-07 20:20:58   [GPU] 1,750,040 evals (42128 batches, avg 42/batch = 8% of 512, 4033 evals/s, 278 msg/s, 14.5 leaves/msg, 434s)
2026-08-07 20:21:09   [GPU] 1,800,012 evals (43189 batches, avg 42/batch = 8% of 512, 4048 evals/s, 279 msg/s, 14.5 leaves/msg, 445s)
2026-08-07 20:21:20   [GPU] 1,850,038 evals (44334 batches, avg 42/batch = 8% of 512, 4054 evals/s, 279 msg/s, 14.5 leaves/msg, 456s)
2026-08-07 20:21:31   [GPU] 1,900,006 evals (45390 batches, avg 42/batch = 8% of 512, 4068 evals/s, 280 msg/s, 14.5 leaves/msg, 467s)
2026-08-07 20:21:32 [iter 2/40] self-play: 65/160 games...
2026-08-07 20:21:43   [GPU] 1,950,025 evals (46554 batches, avg 42/batch = 8% of 512, 4074 evals/s, 281 msg/s, 14.5 leaves/msg, 479s)
2026-08-07 20:21:53 [iter 2/40] self-play: 70/160 games...
2026-08-07 20:21:55   [GPU] 2,000,010 evals (47766 batches, avg 42/batch = 8% of 512, 4074 evals/s, 281 msg/s, 14.5 leaves/msg, 491s)
2026-08-07 20:22:07   [GPU] 2,050,003 evals (48949 batches, avg 42/batch = 8% of 512, 4074 evals/s, 281 msg/s, 14.5 leaves/msg, 503s)
2026-08-07 20:22:15 [iter 2/40] self-play: 75/160 games...
2026-08-07 20:22:19   [GPU] 2,100,042 evals (50221 batches, avg 42/batch = 8% of 512, 4074 evals/s, 281 msg/s, 14.5 leaves/msg, 515s)
2026-08-07 20:22:33   [GPU] 2,150,014 evals (51598 batches, avg 42/batch = 8% of 512, 4064 evals/s, 281 msg/s, 14.5 leaves/msg, 529s)
2026-08-07 20:22:43 [iter 2/40] self-play: 80/160 games...
2026-08-07 20:22:45   [GPU] 2,200,013 evals (52853 batches, avg 42/batch = 8% of 512, 4063 evals/s, 280 msg/s, 14.5 leaves/msg, 541s)
2026-08-07 20:23:00   [GPU] 2,250,013 evals (54273 batches, avg 41/batch = 8% of 512, 4050 evals/s, 280 msg/s, 14.5 leaves/msg, 555s)
2026-08-07 20:23:03 [iter 2/40] self-play: 85/160 games...
2026-08-07 20:23:13   [GPU] 2,300,003 evals (55613 batches, avg 41/batch = 8% of 512, 4042 evals/s, 279 msg/s, 14.5 leaves/msg, 569s)
2026-08-07 20:23:27   [GPU] 2,350,075 evals (56999 batches, avg 41/batch = 8% of 512, 4030 evals/s, 278 msg/s, 14.5 leaves/msg, 583s)
2026-08-07 20:23:41   [GPU] 2,400,016 evals (58291 batches, avg 41/batch = 8% of 512, 4021 evals/s, 277 msg/s, 14.5 leaves/msg, 597s)
2026-08-07 20:23:52   [GPU] 2,450,000 evals (59416 batches, avg 41/batch = 8% of 512, 4028 evals/s, 278 msg/s, 14.5 leaves/msg, 608s)
2026-08-07 20:24:03   [GPU] 2,500,006 evals (60430 batches, avg 41/batch = 8% of 512, 4041 evals/s, 279 msg/s, 14.5 leaves/msg, 619s)
2026-08-07 20:24:14   [GPU] 2,550,013 evals (61494 batches, avg 41/batch = 8% of 512, 4051 evals/s, 279 msg/s, 14.5 leaves/msg, 630s)
2026-08-07 20:24:24   [GPU] 2,600,036 evals (62520 batches, avg 42/batch = 8% of 512, 4063 evals/s, 280 msg/s, 14.5 leaves/msg, 640s)
2026-08-07 20:24:30 [iter 2/40] self-play: 90/160 games...
2026-08-07 20:24:35   [GPU] 2,650,009 evals (63598 batches, avg 42/batch = 8% of 512, 4071 evals/s, 280 msg/s, 14.5 leaves/msg, 651s)
2026-08-07 20:24:46   [GPU] 2,700,017 evals (64721 batches, avg 42/batch = 8% of 512, 4076 evals/s, 281 msg/s, 14.5 leaves/msg, 662s)
2026-08-07 20:24:59   [GPU] 2,750,018 evals (65923 batches, avg 42/batch = 8% of 512, 4075 evals/s, 281 msg/s, 14.5 leaves/msg, 675s)
2026-08-07 20:25:00 [iter 2/40] self-play: 95/160 games...
2026-08-07 20:25:10   [GPU] 2,800,000 evals (67029 batches, avg 42/batch = 8% of 512, 4082 evals/s, 281 msg/s, 14.5 leaves/msg, 686s)
2026-08-07 20:25:21   [GPU] 2,850,006 evals (68143 batches, avg 42/batch = 8% of 512, 4089 evals/s, 282 msg/s, 14.5 leaves/msg, 697s)
2026-08-07 20:25:33   [GPU] 2,900,039 evals (69383 batches, avg 42/batch = 8% of 512, 4091 evals/s, 282 msg/s, 14.5 leaves/msg, 709s)
2026-08-07 20:25:35 [iter 2/40] self-play: 100/160 games...
2026-08-07 20:25:45   [GPU] 2,950,009 evals (70689 batches, avg 42/batch = 8% of 512, 4089 evals/s, 282 msg/s, 14.5 leaves/msg, 721s)
2026-08-07 20:25:57   [GPU] 3,000,007 evals (71861 batches, avg 42/batch = 8% of 512, 4091 evals/s, 282 msg/s, 14.5 leaves/msg, 733s)
2026-08-07 20:26:03 [iter 2/40] self-play: 105/160 games...
2026-08-07 20:26:10   [GPU] 3,050,011 evals (73103 batches, avg 42/batch = 8% of 512, 4088 evals/s, 282 msg/s, 14.5 leaves/msg, 746s)
2026-08-07 20:26:24   [GPU] 3,100,021 evals (74410 batches, avg 42/batch = 8% of 512, 4081 evals/s, 282 msg/s, 14.5 leaves/msg, 760s)
2026-08-07 20:26:36 [iter 2/40] self-play: 110/160 games...
2026-08-07 20:26:36   [GPU] 3,150,006 evals (75653 batches, avg 42/batch = 8% of 512, 4080 evals/s, 282 msg/s, 14.5 leaves/msg, 772s)
2026-08-07 20:26:50   [GPU] 3,200,005 evals (76965 batches, avg 42/batch = 8% of 512, 4071 evals/s, 281 msg/s, 14.5 leaves/msg, 786s)
2026-08-07 20:27:02   [GPU] 3,250,024 evals (78167 batches, avg 42/batch = 8% of 512, 4071 evals/s, 281 msg/s, 14.5 leaves/msg, 798s)
2026-08-07 20:27:10 [iter 2/40] self-play: 115/160 games...
2026-08-07 20:27:14   [GPU] 3,300,039 evals (79331 batches, avg 42/batch = 8% of 512, 4076 evals/s, 281 msg/s, 14.5 leaves/msg, 810s)
2026-08-07 20:27:25   [GPU] 3,350,054 evals (80504 batches, avg 42/batch = 8% of 512, 4080 evals/s, 281 msg/s, 14.5 leaves/msg, 821s)
2026-08-07 20:27:37   [GPU] 3,400,034 evals (81758 batches, avg 42/batch = 8% of 512, 4080 evals/s, 282 msg/s, 14.5 leaves/msg, 833s)
2026-08-07 20:27:39 [iter 2/40] self-play: 120/160 games...
2026-08-07 20:27:49   [GPU] 3,450,020 evals (82957 batches, avg 42/batch = 8% of 512, 4083 evals/s, 282 msg/s, 14.5 leaves/msg, 845s)
2026-08-07 20:28:01   [GPU] 3,500,017 evals (84232 batches, avg 42/batch = 8% of 512, 4083 evals/s, 282 msg/s, 14.5 leaves/msg, 857s)
2026-08-07 20:28:06 [iter 2/40] self-play: 125/160 games...
2026-08-07 20:28:12   [GPU] 3,550,008 evals (85363 batches, avg 42/batch = 8% of 512, 4089 evals/s, 282 msg/s, 14.5 leaves/msg, 868s)
2026-08-07 20:28:25   [GPU] 3,600,029 evals (86626 batches, avg 42/batch = 8% of 512, 4086 evals/s, 282 msg/s, 14.5 leaves/msg, 881s)
2026-08-07 20:28:36   [GPU] 3,650,010 evals (87719 batches, avg 42/batch = 8% of 512, 4092 evals/s, 282 msg/s, 14.5 leaves/msg, 892s)
2026-08-07 20:28:39 [iter 2/40] self-play: 130/160 games...
2026-08-07 20:28:48   [GPU] 3,700,015 evals (88932 batches, avg 42/batch = 8% of 512, 4091 evals/s, 283 msg/s, 14.5 leaves/msg, 904s)
2026-08-07 20:28:54 [iter 2/40] self-play: 135/160 games...
2026-08-07 20:29:01   [GPU] 3,750,004 evals (90195 batches, avg 42/batch = 8% of 512, 4089 evals/s, 283 msg/s, 14.5 leaves/msg, 917s)
2026-08-07 20:29:13   [GPU] 3,800,019 evals (91396 batches, avg 42/batch = 8% of 512, 4090 evals/s, 283 msg/s, 14.5 leaves/msg, 929s)
2026-08-07 20:29:25   [GPU] 3,850,033 evals (92645 batches, avg 42/batch = 8% of 512, 4089 evals/s, 283 msg/s, 14.5 leaves/msg, 941s)
2026-08-07 20:29:28 [iter 2/40] self-play: 140/160 games...
2026-08-07 20:29:38   [GPU] 3,900,009 evals (93853 batches, avg 42/batch = 8% of 512, 4090 evals/s, 283 msg/s, 14.5 leaves/msg, 954s)
2026-08-07 20:29:50   [GPU] 3,950,009 evals (95141 batches, avg 42/batch = 8% of 512, 4088 evals/s, 282 msg/s, 14.5 leaves/msg, 966s)
2026-08-07 20:29:52 [iter 2/40] self-play: 145/160 games...
2026-08-07 20:30:02   [GPU] 4,000,025 evals (96292 batches, avg 42/batch = 8% of 512, 4090 evals/s, 283 msg/s, 14.5 leaves/msg, 978s)
2026-08-07 20:30:14   [GPU] 4,050,033 evals (97493 batches, avg 42/batch = 8% of 512, 4089 evals/s, 282 msg/s, 14.5 leaves/msg, 990s)
2026-08-07 20:30:26   [GPU] 4,100,004 evals (98606 batches, avg 42/batch = 8% of 512, 4093 evals/s, 283 msg/s, 14.5 leaves/msg, 1002s)
2026-08-07 20:30:37   [GPU] 4,150,020 evals (99738 batches, avg 42/batch = 8% of 512, 4096 evals/s, 283 msg/s, 14.5 leaves/msg, 1013s)
2026-08-07 20:30:45 [iter 2/40] self-play: 150/160 games...
2026-08-07 20:30:50   [GPU] 4,200,061 evals (100961 batches, avg 42/batch = 8% of 512, 4094 evals/s, 283 msg/s, 14.5 leaves/msg, 1026s)
2026-08-07 20:31:03   [GPU] 4,250,011 evals (102168 batches, avg 42/batch = 8% of 512, 4092 evals/s, 283 msg/s, 14.5 leaves/msg, 1039s)
2026-08-07 20:31:14   [GPU] 4,300,046 evals (103330 batches, avg 42/batch = 8% of 512, 4094 evals/s, 283 msg/s, 14.5 leaves/msg, 1050s)
2026-08-07 20:31:27   [GPU] 4,350,031 evals (104585 batches, avg 42/batch = 8% of 512, 4092 evals/s, 283 msg/s, 14.5 leaves/msg, 1063s)
2026-08-07 20:31:40   [GPU] 4,400,022 evals (105852 batches, avg 42/batch = 8% of 512, 4091 evals/s, 282 msg/s, 14.5 leaves/msg, 1076s)
2026-08-07 20:31:42 [iter 2/40] self-play: 155/160 games...
2026-08-07 20:31:54   [GPU] 4,450,026 evals (107311 batches, avg 41/batch = 8% of 512, 4081 evals/s, 282 msg/s, 14.5 leaves/msg, 1090s)
2026-08-07 20:32:14   [GPU] 4,500,003 evals (109101 batches, avg 41/batch = 8% of 512, 4054 evals/s, 280 msg/s, 14.5 leaves/msg, 1110s)
2026-08-07 20:32:51   [GPU] 4,550,024 evals (111628 batches, avg 41/batch = 8% of 512, 3965 evals/s, 274 msg/s, 14.5 leaves/msg, 1147s)
2026-08-07 20:33:45   [GPU] 4,600,014 evals (114528 batches, avg 40/batch = 8% of 512, 3832 evals/s, 265 msg/s, 14.5 leaves/msg, 1201s)
2026-08-07 20:33:49 [iter 2/40] self-play: 160/160 games...
2026-08-07 20:33:50 [iter 2/40] self-play done: 160 games (1206s) | wins: P0=26, P1=49, P2=33, P3=37, draw=15 | draw_rate=9% avg_len~32
2026-08-07 20:33:50 [iter 2/40] search: expanded=6.8 actions/node visits/action=88.1 walls/game=5.99 first_wall_ply=1.863 learner_sims/s=4047.69
2026-08-07 20:33:50 [iter 2/40] training (600 steps, lr=9.99e-04)...
2026-08-07 20:33:55 [iter 2/40] training done: loss_p=1.728 loss_v=0.133 (5s)
2026-08-07 20:33:56 [iter 2/40] data: policy_wall_mass=0.131 walled_states=62% walls_on_board=20.2 value_mae walled=0.123 free=0.279
2026-08-07 20:33:59 [iter 2/40] eval skipped (eval_every=4)
2026-08-07 20:33:59 >>> iter 2 | loss_p=1.728 loss_v=0.133 | vs_best=n/a (not evaluated) | vs_rand=n/a | draw=9% | buf=21372 | rss=2.29GB | sp=1206s train=5s eval_best=0s eval_rand=0s | total=1215s
2026-08-07 20:33:59 [iter 3/40] self-play starting (160 games, 600 sims, MIXED 80/160 race-only)...
2026-08-07 20:33:59 [PARALLEL-MP] 8 workers spawned (160 games, sims=600), GPU batcher starting...
2026-08-07 20:34:16   [GPU] 50,024 evals (1393 batches, avg 36/batch = 7% of 512, 2936 evals/s, 196 msg/s, 15.0 leaves/msg, 17s)
2026-08-07 20:34:23 [iter 3/40] self-play: 5/160 games...
2026-08-07 20:34:30   [GPU] 100,042 evals (2755 batches, avg 36/batch = 7% of 512, 3250 evals/s, 227 msg/s, 14.3 leaves/msg, 31s)
2026-08-07 20:34:35 [iter 3/40] self-play: 10/160 games...
2026-08-07 20:34:47   [GPU] 150,032 evals (4293 batches, avg 35/batch = 7% of 512, 3134 evals/s, 219 msg/s, 14.3 leaves/msg, 48s)
2026-08-07 20:35:02 [iter 3/40] self-play: 15/160 games...
2026-08-07 20:35:05   [GPU] 200,047 evals (5926 batches, avg 34/batch = 7% of 512, 3048 evals/s, 216 msg/s, 14.1 leaves/msg, 66s)
2026-08-07 20:35:20   [GPU] 250,002 evals (7282 batches, avg 34/batch = 7% of 512, 3100 evals/s, 217 msg/s, 14.3 leaves/msg, 81s)
2026-08-07 20:35:34   [GPU] 300,024 evals (8599 batches, avg 35/batch = 7% of 512, 3159 evals/s, 220 msg/s, 14.4 leaves/msg, 95s)
2026-08-07 20:35:48   [GPU] 350,013 evals (9893 batches, avg 35/batch = 7% of 512, 3210 evals/s, 222 msg/s, 14.5 leaves/msg, 109s)
2026-08-07 20:36:00   [GPU] 400,034 evals (11032 batches, avg 36/batch = 7% of 512, 3323 evals/s, 229 msg/s, 14.5 leaves/msg, 120s)
2026-08-07 20:36:10   [GPU] 450,049 evals (12151 batches, avg 37/batch = 7% of 512, 3435 evals/s, 236 msg/s, 14.5 leaves/msg, 131s)
2026-08-07 20:36:11 [iter 3/40] self-play: 20/160 games...
2026-08-07 20:36:21   [GPU] 500,001 evals (13361 batches, avg 37/batch = 7% of 512, 3531 evals/s, 243 msg/s, 14.5 leaves/msg, 142s)
2026-08-07 20:36:31   [GPU] 550,017 evals (14523 batches, avg 38/batch = 7% of 512, 3613 evals/s, 248 msg/s, 14.6 leaves/msg, 152s)
2026-08-07 20:36:42   [GPU] 600,013 evals (15639 batches, avg 38/batch = 7% of 512, 3689 evals/s, 253 msg/s, 14.6 leaves/msg, 163s)
2026-08-07 20:36:52   [GPU] 650,019 evals (16755 batches, avg 39/batch = 8% of 512, 3762 evals/s, 258 msg/s, 14.6 leaves/msg, 173s)
2026-08-07 20:37:02   [GPU] 700,036 evals (17847 batches, avg 39/batch = 8% of 512, 3829 evals/s, 262 msg/s, 14.6 leaves/msg, 183s)
2026-08-07 20:37:12   [GPU] 750,021 evals (18908 batches, avg 40/batch = 8% of 512, 3898 evals/s, 267 msg/s, 14.6 leaves/msg, 192s)
2026-08-07 20:37:21   [GPU] 800,039 evals (19948 batches, avg 40/batch = 8% of 512, 3962 evals/s, 272 msg/s, 14.6 leaves/msg, 202s)
2026-08-07 20:37:26 [iter 3/40] self-play: 25/160 games...
2026-08-07 20:37:32   [GPU] 850,012 evals (21110 batches, avg 40/batch = 8% of 512, 3993 evals/s, 275 msg/s, 14.5 leaves/msg, 213s)
2026-08-07 20:37:43   [GPU] 900,015 evals (22257 batches, avg 40/batch = 8% of 512, 4019 evals/s, 277 msg/s, 14.5 leaves/msg, 224s)
2026-08-07 20:37:46 [iter 3/40] self-play: 30/160 games...
2026-08-07 20:37:55   [GPU] 950,038 evals (23480 batches, avg 40/batch = 8% of 512, 4025 evals/s, 277 msg/s, 14.5 leaves/msg, 236s)
2026-08-07 20:38:05 [iter 3/40] self-play: 35/160 games...
2026-08-07 20:38:08   [GPU] 1,000,060 evals (24810 batches, avg 40/batch = 8% of 512, 4019 evals/s, 279 msg/s, 14.4 leaves/msg, 249s)
2026-08-07 20:38:21   [GPU] 1,050,024 evals (26203 batches, avg 40/batch = 8% of 512, 4013 evals/s, 278 msg/s, 14.4 leaves/msg, 262s)
2026-08-07 20:38:25 [iter 3/40] self-play: 40/160 games...
2026-08-07 20:38:36   [GPU] 1,100,022 evals (27708 batches, avg 40/batch = 8% of 512, 3976 evals/s, 276 msg/s, 14.4 leaves/msg, 277s)
2026-08-07 20:38:51 [iter 3/40] self-play: 45/160 games...
2026-08-07 20:38:51   [GPU] 1,150,043 evals (29204 batches, avg 39/batch = 8% of 512, 3940 evals/s, 274 msg/s, 14.4 leaves/msg, 292s)
2026-08-07 20:39:07   [GPU] 1,200,052 evals (30709 batches, avg 39/batch = 8% of 512, 3902 evals/s, 272 msg/s, 14.3 leaves/msg, 308s)
2026-08-07 20:39:21   [GPU] 1,250,001 evals (32106 batches, avg 39/batch = 8% of 512, 3885 evals/s, 270 msg/s, 14.4 leaves/msg, 322s)
2026-08-07 20:39:28 [iter 3/40] self-play: 50/160 games...
2026-08-07 20:39:35   [GPU] 1,300,013 evals (33523 batches, avg 39/batch = 8% of 512, 3865 evals/s, 270 msg/s, 14.3 leaves/msg, 336s)
2026-08-07 20:39:48   [GPU] 1,350,014 evals (34806 batches, avg 39/batch = 8% of 512, 3870 evals/s, 270 msg/s, 14.4 leaves/msg, 349s)
2026-08-07 20:40:02   [GPU] 1,400,032 evals (36180 batches, avg 39/batch = 8% of 512, 3856 evals/s, 269 msg/s, 14.4 leaves/msg, 363s)
2026-08-07 20:40:07 [iter 3/40] self-play: 55/160 games...
2026-08-07 20:40:14   [GPU] 1,450,009 evals (37413 batches, avg 39/batch = 8% of 512, 3866 evals/s, 269 msg/s, 14.4 leaves/msg, 375s)
2026-08-07 20:40:24   [GPU] 1,500,011 evals (38517 batches, avg 39/batch = 8% of 512, 3894 evals/s, 271 msg/s, 14.4 leaves/msg, 385s)
2026-08-07 20:40:35   [GPU] 1,550,045 evals (39638 batches, avg 39/batch = 8% of 512, 3918 evals/s, 272 msg/s, 14.4 leaves/msg, 396s)
2026-08-07 20:40:46   [GPU] 1,600,018 evals (40804 batches, avg 39/batch = 8% of 512, 3935 evals/s, 274 msg/s, 14.4 leaves/msg, 407s)
2026-08-07 20:40:47 [iter 3/40] self-play: 60/160 games...
2026-08-07 20:40:57   [GPU] 1,650,007 evals (42035 batches, avg 39/batch = 8% of 512, 3947 evals/s, 275 msg/s, 14.4 leaves/msg, 418s)
2026-08-07 20:41:09   [GPU] 1,700,029 evals (43286 batches, avg 39/batch = 8% of 512, 3955 evals/s, 275 msg/s, 14.4 leaves/msg, 430s)
2026-08-07 20:41:16 [iter 3/40] self-play: 65/160 games...
2026-08-07 20:41:20   [GPU] 1,750,025 evals (44428 batches, avg 39/batch = 8% of 512, 3973 evals/s, 276 msg/s, 14.4 leaves/msg, 440s)
2026-08-07 20:41:30   [GPU] 1,800,001 evals (45595 batches, avg 39/batch = 8% of 512, 3989 evals/s, 278 msg/s, 14.4 leaves/msg, 451s)
2026-08-07 20:41:42   [GPU] 1,850,040 evals (46802 batches, avg 40/batch = 8% of 512, 3999 evals/s, 279 msg/s, 14.3 leaves/msg, 463s)
2026-08-07 20:41:47 [iter 3/40] self-play: 70/160 games...
2026-08-07 20:41:53   [GPU] 1,900,014 evals (48004 batches, avg 40/batch = 8% of 512, 4010 evals/s, 280 msg/s, 14.3 leaves/msg, 474s)
2026-08-07 20:42:04   [GPU] 1,950,029 evals (49238 batches, avg 40/batch = 8% of 512, 4019 evals/s, 280 msg/s, 14.3 leaves/msg, 485s)
2026-08-07 20:42:16   [GPU] 2,000,009 evals (50512 batches, avg 40/batch = 8% of 512, 4023 evals/s, 281 msg/s, 14.3 leaves/msg, 497s)
2026-08-07 20:42:19 [iter 3/40] self-play: 75/160 games...
2026-08-07 20:42:30   [GPU] 2,050,008 evals (51898 batches, avg 40/batch = 8% of 512, 4015 evals/s, 281 msg/s, 14.3 leaves/msg, 511s)
2026-08-07 20:42:43   [GPU] 2,100,011 evals (53261 batches, avg 39/batch = 8% of 512, 4005 evals/s, 280 msg/s, 14.3 leaves/msg, 524s)
2026-08-07 20:42:48 [iter 3/40] self-play: 80/160 games...
2026-08-07 20:42:56   [GPU] 2,150,002 evals (54547 batches, avg 39/batch = 8% of 512, 4005 evals/s, 280 msg/s, 14.3 leaves/msg, 537s)
2026-08-07 20:43:08   [GPU] 2,200,028 evals (55793 batches, avg 39/batch = 8% of 512, 4011 evals/s, 280 msg/s, 14.3 leaves/msg, 548s)
2026-08-07 20:43:08 [iter 3/40] self-play: 85/160 games...
2026-08-07 20:43:20   [GPU] 2,250,029 evals (57053 batches, avg 39/batch = 8% of 512, 4014 evals/s, 280 msg/s, 14.3 leaves/msg, 561s)
2026-08-07 20:43:32   [GPU] 2,300,031 evals (58369 batches, avg 39/batch = 8% of 512, 4014 evals/s, 280 msg/s, 14.3 leaves/msg, 573s)
2026-08-07 20:43:43   [GPU] 2,350,022 evals (59546 batches, avg 39/batch = 8% of 512, 4023 evals/s, 281 msg/s, 14.3 leaves/msg, 584s)
2026-08-07 20:43:49 [iter 3/40] self-play: 90/160 games...
2026-08-07 20:43:55   [GPU] 2,400,036 evals (60799 batches, avg 39/batch = 8% of 512, 4027 evals/s, 281 msg/s, 14.3 leaves/msg, 596s)
2026-08-07 20:44:06   [GPU] 2,450,035 evals (61977 batches, avg 40/batch = 8% of 512, 4036 evals/s, 282 msg/s, 14.3 leaves/msg, 607s)
2026-08-07 20:44:16   [GPU] 2,500,060 evals (63054 batches, avg 40/batch = 8% of 512, 4050 evals/s, 283 msg/s, 14.3 leaves/msg, 617s)
2026-08-07 20:44:27   [GPU] 2,550,009 evals (64200 batches, avg 40/batch = 8% of 512, 4061 evals/s, 283 msg/s, 14.3 leaves/msg, 628s)
2026-08-07 20:44:38   [GPU] 2,600,002 evals (65348 batches, avg 40/batch = 8% of 512, 4070 evals/s, 284 msg/s, 14.3 leaves/msg, 639s)
2026-08-07 20:44:40 [iter 3/40] self-play: 95/160 games...
2026-08-07 20:44:48   [GPU] 2,650,044 evals (66395 batches, avg 40/batch = 8% of 512, 4086 evals/s, 285 msg/s, 14.3 leaves/msg, 649s)
2026-08-07 20:44:59   [GPU] 2,700,024 evals (67619 batches, avg 40/batch = 8% of 512, 4091 evals/s, 285 msg/s, 14.3 leaves/msg, 660s)
2026-08-07 20:45:04 [iter 3/40] self-play: 100/160 games...
2026-08-07 20:45:10   [GPU] 2,750,011 evals (68750 batches, avg 40/batch = 8% of 512, 4101 evals/s, 286 msg/s, 14.3 leaves/msg, 671s)
2026-08-07 20:45:20   [GPU] 2,800,001 evals (69903 batches, avg 40/batch = 8% of 512, 4111 evals/s, 287 msg/s, 14.3 leaves/msg, 681s)
2026-08-07 20:45:32   [GPU] 2,850,020 evals (71143 batches, avg 40/batch = 8% of 512, 4115 evals/s, 287 msg/s, 14.3 leaves/msg, 693s)
2026-08-07 20:45:40 [iter 3/40] self-play: 105/160 games...
2026-08-07 20:45:45   [GPU] 2,900,033 evals (72514 batches, avg 40/batch = 8% of 512, 4110 evals/s, 287 msg/s, 14.3 leaves/msg, 706s)
2026-08-07 20:45:58   [GPU] 2,950,001 evals (73855 batches, avg 40/batch = 8% of 512, 4106 evals/s, 287 msg/s, 14.3 leaves/msg, 718s)
2026-08-07 20:46:02 [iter 3/40] self-play: 110/160 games...
2026-08-07 20:46:11   [GPU] 3,000,028 evals (75152 batches, avg 40/batch = 8% of 512, 4102 evals/s, 287 msg/s, 14.3 leaves/msg, 731s)
2026-08-07 20:46:22   [GPU] 3,050,031 evals (76375 batches, avg 40/batch = 8% of 512, 4103 evals/s, 287 msg/s, 14.3 leaves/msg, 743s)
2026-08-07 20:46:35   [GPU] 3,100,037 evals (77642 batches, avg 40/batch = 8% of 512, 4104 evals/s, 287 msg/s, 14.3 leaves/msg, 755s)
2026-08-07 20:46:40 [iter 3/40] self-play: 115/160 games...
2026-08-07 20:46:48   [GPU] 3,150,001 evals (78980 batches, avg 40/batch = 8% of 512, 4099 evals/s, 287 msg/s, 14.3 leaves/msg, 768s)
2026-08-07 20:46:58 [iter 3/40] self-play: 120/160 games...
2026-08-07 20:47:00   [GPU] 3,200,016 evals (80230 batches, avg 40/batch = 8% of 512, 4099 evals/s, 286 msg/s, 14.3 leaves/msg, 781s)
2026-08-07 20:47:14   [GPU] 3,250,051 evals (81641 batches, avg 40/batch = 8% of 512, 4092 evals/s, 286 msg/s, 14.3 leaves/msg, 794s)
2026-08-07 20:47:21 [iter 3/40] self-play: 125/160 games...
2026-08-07 20:47:25   [GPU] 3,300,023 evals (82850 batches, avg 40/batch = 8% of 512, 4096 evals/s, 286 msg/s, 14.3 leaves/msg, 806s)
2026-08-07 20:47:39   [GPU] 3,350,011 evals (84254 batches, avg 40/batch = 8% of 512, 4086 evals/s, 286 msg/s, 14.3 leaves/msg, 820s)
2026-08-07 20:47:50 [iter 3/40] self-play: 130/160 games...
2026-08-07 20:47:53   [GPU] 3,400,037 evals (85585 batches, avg 40/batch = 8% of 512, 4079 evals/s, 285 msg/s, 14.3 leaves/msg, 833s)
2026-08-07 20:48:07   [GPU] 3,450,023 evals (86938 batches, avg 40/batch = 8% of 512, 4071 evals/s, 285 msg/s, 14.3 leaves/msg, 848s)
2026-08-07 20:48:17   [GPU] 3,500,006 evals (88051 batches, avg 40/batch = 8% of 512, 4079 evals/s, 285 msg/s, 14.3 leaves/msg, 858s)
2026-08-07 20:48:27   [GPU] 3,550,035 evals (89081 batches, avg 40/batch = 8% of 512, 4092 evals/s, 286 msg/s, 14.3 leaves/msg, 868s)
2026-08-07 20:48:36   [GPU] 3,600,010 evals (90108 batches, avg 40/batch = 8% of 512, 4104 evals/s, 287 msg/s, 14.3 leaves/msg, 877s)
2026-08-07 20:48:47   [GPU] 3,650,012 evals (91150 batches, avg 40/batch = 8% of 512, 4112 evals/s, 288 msg/s, 14.3 leaves/msg, 888s)
2026-08-07 20:48:58   [GPU] 3,700,020 evals (92251 batches, avg 40/batch = 8% of 512, 4116 evals/s, 288 msg/s, 14.3 leaves/msg, 899s)
2026-08-07 20:48:59 [iter 3/40] self-play: 135/160 games...
2026-08-07 20:49:07   [GPU] 3,750,030 evals (93218 batches, avg 40/batch = 8% of 512, 4129 evals/s, 289 msg/s, 14.3 leaves/msg, 908s)
2026-08-07 20:49:17   [GPU] 3,800,002 evals (94274 batches, avg 40/batch = 8% of 512, 4142 evals/s, 290 msg/s, 14.3 leaves/msg, 917s)
2026-08-07 20:49:27   [GPU] 3,850,055 evals (95477 batches, avg 40/batch = 8% of 512, 4148 evals/s, 291 msg/s, 14.3 leaves/msg, 928s)
2026-08-07 20:49:33 [iter 3/40] self-play: 140/160 games...
2026-08-07 20:49:37   [GPU] 3,900,041 evals (96590 batches, avg 40/batch = 8% of 512, 4157 evals/s, 291 msg/s, 14.3 leaves/msg, 938s)
2026-08-07 20:49:49   [GPU] 3,950,027 evals (97789 batches, avg 40/batch = 8% of 512, 4161 evals/s, 292 msg/s, 14.3 leaves/msg, 949s)
2026-08-07 20:50:00   [GPU] 4,000,022 evals (99010 batches, avg 40/batch = 8% of 512, 4162 evals/s, 292 msg/s, 14.3 leaves/msg, 961s)
2026-08-07 20:50:05 [iter 3/40] self-play: 145/160 games...
2026-08-07 20:50:11   [GPU] 4,050,039 evals (100145 batches, avg 40/batch = 8% of 512, 4167 evals/s, 292 msg/s, 14.3 leaves/msg, 972s)
2026-08-07 20:50:23   [GPU] 4,100,006 evals (101370 batches, avg 40/batch = 8% of 512, 4168 evals/s, 292 msg/s, 14.3 leaves/msg, 984s)
2026-08-07 20:50:34   [GPU] 4,150,029 evals (102503 batches, avg 40/batch = 8% of 512, 4172 evals/s, 292 msg/s, 14.3 leaves/msg, 995s)
2026-08-07 20:50:38 [iter 3/40] self-play: 150/160 games...
2026-08-07 20:50:46   [GPU] 4,200,008 evals (103771 batches, avg 40/batch = 8% of 512, 4171 evals/s, 292 msg/s, 14.3 leaves/msg, 1007s)
2026-08-07 20:50:58   [GPU] 4,250,030 evals (105015 batches, avg 40/batch = 8% of 512, 4172 evals/s, 292 msg/s, 14.3 leaves/msg, 1019s)
2026-08-07 20:51:11   [GPU] 4,300,030 evals (106446 batches, avg 40/batch = 8% of 512, 4166 evals/s, 292 msg/s, 14.3 leaves/msg, 1032s)
2026-08-07 20:51:15 [iter 3/40] self-play: 155/160 games...
2026-08-07 20:51:29   [GPU] 4,350,012 evals (108159 batches, avg 40/batch = 8% of 512, 4144 evals/s, 291 msg/s, 14.3 leaves/msg, 1050s)
2026-08-07 20:51:58   [GPU] 4,400,036 evals (110366 batches, avg 40/batch = 8% of 512, 4080 evals/s, 286 msg/s, 14.3 leaves/msg, 1078s)
2026-08-07 20:53:04   [GPU] 4,450,007 evals (113161 batches, avg 39/batch = 8% of 512, 3888 evals/s, 272 msg/s, 14.3 leaves/msg, 1145s)
2026-08-07 20:54:59   [GPU] 4,500,013 evals (116516 batches, avg 39/batch = 8% of 512, 3573 evals/s, 250 msg/s, 14.3 leaves/msg, 1259s)
2026-08-07 20:55:34 [iter 3/40] self-play: 160/160 games...
2026-08-07 20:55:35 [iter 3/40] self-play done: 160 games (1296s) | wins: P0=23, P1=49, P2=26, P3=43, draw=19 | draw_rate=12% avg_len~27
2026-08-07 20:55:35 [iter 3/40] search: expanded=7.3 actions/node visits/action=82.4 walls/game=6.02 first_wall_ply=1.575 learner_sims/s=3740.32
2026-08-07 20:55:35 [iter 3/40] training (600 steps, lr=9.94e-04)...
2026-08-07 20:55:40 [iter 3/40] training done: loss_p=1.670 loss_v=0.124 (5s)
2026-08-07 20:55:41 [iter 3/40] data: policy_wall_mass=0.144 walled_states=59% walls_on_board=17.2 value_mae walled=0.140 free=0.287
2026-08-07 20:55:42 [iter 3/40] eval skipped (eval_every=4)
2026-08-07 20:55:42 >>> iter 3 | loss_p=1.670 loss_v=0.124 | vs_best=n/a (not evaluated) | vs_rand=n/a | draw=12% | buf=29888 | rss=2.34GB | sp=1296s train=5s eval_best=0s eval_rand=0s | total=1303s
2026-08-07 20:55:42 [iter 4/40] self-play starting (160 games, 600 sims, MIXED 80/160 race-only)...
2026-08-07 20:55:42 [PARALLEL-MP] 8 workers spawned (160 games, sims=600), GPU batcher starting...
2026-08-07 20:55:58   [GPU] 50,006 evals (1454 batches, avg 34/batch = 7% of 512, 3142 evals/s, 213 msg/s, 14.8 leaves/msg, 16s)
2026-08-07 20:56:01 [iter 4/40] self-play: 5/160 games...
2026-08-07 20:56:11   [GPU] 100,003 evals (2816 batches, avg 36/batch = 7% of 512, 3400 evals/s, 240 msg/s, 14.2 leaves/msg, 29s)
2026-08-07 20:56:16 [iter 4/40] self-play: 10/160 games...
2026-08-07 20:56:27   [GPU] 150,017 evals (4350 batches, avg 34/batch = 7% of 512, 3307 evals/s, 237 msg/s, 13.9 leaves/msg, 45s)
2026-08-07 20:56:45   [GPU] 200,005 evals (5983 batches, avg 33/batch = 7% of 512, 3162 evals/s, 224 msg/s, 14.1 leaves/msg, 63s)
2026-08-07 20:56:48 [iter 4/40] self-play: 15/160 games...
2026-08-07 20:56:59   [GPU] 250,033 evals (7364 batches, avg 34/batch = 7% of 512, 3237 evals/s, 229 msg/s, 14.1 leaves/msg, 77s)
2026-08-07 20:57:12   [GPU] 300,010 evals (8707 batches, avg 34/batch = 7% of 512, 3314 evals/s, 234 msg/s, 14.2 leaves/msg, 91s)
2026-08-07 20:57:26   [GPU] 350,026 evals (10055 batches, avg 35/batch = 7% of 512, 3370 evals/s, 240 msg/s, 14.1 leaves/msg, 104s)
2026-08-07 20:57:36 [iter 4/40] self-play: 20/160 games...
2026-08-07 20:57:38   [GPU] 400,009 evals (11312 batches, avg 35/batch = 7% of 512, 3450 evals/s, 245 msg/s, 14.1 leaves/msg, 116s)
2026-08-07 20:57:49   [GPU] 450,010 evals (12508 batches, avg 36/batch = 7% of 512, 3542 evals/s, 251 msg/s, 14.1 leaves/msg, 127s)
2026-08-07 20:58:00   [GPU] 500,032 evals (13643 batches, avg 37/batch = 7% of 512, 3624 evals/s, 256 msg/s, 14.1 leaves/msg, 138s)
2026-08-07 20:58:10   [GPU] 550,039 evals (14735 batches, avg 37/batch = 7% of 512, 3707 evals/s, 262 msg/s, 14.1 leaves/msg, 148s)
2026-08-07 20:58:20   [GPU] 600,011 evals (15752 batches, avg 38/batch = 7% of 512, 3803 evals/s, 268 msg/s, 14.2 leaves/msg, 158s)
2026-08-07 20:58:29   [GPU] 650,024 evals (16702 batches, avg 39/batch = 8% of 512, 3901 evals/s, 274 msg/s, 14.2 leaves/msg, 167s)
2026-08-07 20:58:38 [iter 4/40] self-play: 25/160 games...
2026-08-07 20:58:38   [GPU] 700,031 evals (17674 batches, avg 40/batch = 8% of 512, 3984 evals/s, 281 msg/s, 14.2 leaves/msg, 176s)
2026-08-07 20:58:49   [GPU] 750,012 evals (18845 batches, avg 40/batch = 8% of 512, 4015 evals/s, 283 msg/s, 14.2 leaves/msg, 187s)
2026-08-07 20:58:59   [GPU] 800,038 evals (19920 batches, avg 40/batch = 8% of 512, 4064 evals/s, 287 msg/s, 14.2 leaves/msg, 197s)
2026-08-07 20:59:05 [iter 4/40] self-play: 30/160 games...
2026-08-07 20:59:10   [GPU] 850,057 evals (21084 batches, avg 40/batch = 8% of 512, 4090 evals/s, 289 msg/s, 14.1 leaves/msg, 208s)
2026-08-07 20:59:21   [GPU] 900,017 evals (22207 batches, avg 41/batch = 8% of 512, 4118 evals/s, 291 msg/s, 14.2 leaves/msg, 219s)
2026-08-07 20:59:32   [GPU] 950,018 evals (23371 batches, avg 41/batch = 8% of 512, 4137 evals/s, 292 msg/s, 14.2 leaves/msg, 230s)
2026-08-07 20:59:44   [GPU] 1,000,021 evals (24645 batches, avg 41/batch = 8% of 512, 4138 evals/s, 292 msg/s, 14.2 leaves/msg, 242s)
2026-08-07 20:59:45 [iter 4/40] self-play: 35/160 games...
2026-08-07 20:59:54   [GPU] 1,050,040 evals (25769 batches, avg 41/batch = 8% of 512, 4167 evals/s, 293 msg/s, 14.2 leaves/msg, 252s)
2026-08-07 21:00:05   [GPU] 1,100,017 evals (26933 batches, avg 41/batch = 8% of 512, 4184 evals/s, 295 msg/s, 14.2 leaves/msg, 263s)
2026-08-07 21:00:16   [GPU] 1,150,034 evals (28114 batches, avg 41/batch = 8% of 512, 4191 evals/s, 295 msg/s, 14.2 leaves/msg, 274s)
2026-08-07 21:00:17 [iter 4/40] self-play: 40/160 games...
2026-08-07 21:00:27   [GPU] 1,200,002 evals (29311 batches, avg 41/batch = 8% of 512, 4205 evals/s, 296 msg/s, 14.2 leaves/msg, 285s)
2026-08-07 21:00:39   [GPU] 1,250,002 evals (30636 batches, avg 41/batch = 8% of 512, 4202 evals/s, 296 msg/s, 14.2 leaves/msg, 298s)
2026-08-07 21:00:48 [iter 4/40] self-play: 45/160 games...
2026-08-07 21:00:50   [GPU] 1,300,017 evals (31798 batches, avg 41/batch = 8% of 512, 4219 evals/s, 297 msg/s, 14.2 leaves/msg, 308s)
2026-08-07 21:01:02   [GPU] 1,350,010 evals (33073 batches, avg 41/batch = 8% of 512, 4221 evals/s, 297 msg/s, 14.2 leaves/msg, 320s)
2026-08-07 21:01:13   [GPU] 1,400,012 evals (34221 batches, avg 41/batch = 8% of 512, 4235 evals/s, 298 msg/s, 14.2 leaves/msg, 331s)
2026-08-07 21:01:23   [GPU] 1,450,023 evals (35375 batches, avg 41/batch = 8% of 512, 4249 evals/s, 300 msg/s, 14.2 leaves/msg, 341s)
2026-08-07 21:01:24 [iter 4/40] self-play: 50/160 games...
2026-08-07 21:01:35   [GPU] 1,500,030 evals (36622 batches, avg 41/batch = 8% of 512, 4249 evals/s, 300 msg/s, 14.2 leaves/msg, 353s)
2026-08-07 21:01:46   [GPU] 1,550,003 evals (37786 batches, avg 41/batch = 8% of 512, 4258 evals/s, 300 msg/s, 14.2 leaves/msg, 364s)
2026-08-07 21:01:58 [iter 4/40] self-play: 55/160 games...
2026-08-07 21:01:58   [GPU] 1,600,025 evals (39036 batches, avg 41/batch = 8% of 512, 4257 evals/s, 301 msg/s, 14.2 leaves/msg, 376s)
2026-08-07 21:02:09   [GPU] 1,650,009 evals (40193 batches, avg 41/batch = 8% of 512, 4265 evals/s, 301 msg/s, 14.1 leaves/msg, 387s)
2026-08-07 21:02:22   [GPU] 1,700,052 evals (41475 batches, avg 41/batch = 8% of 512, 4254 evals/s, 302 msg/s, 14.1 leaves/msg, 400s)
2026-08-07 21:02:28 [iter 4/40] self-play: 60/160 games...
2026-08-07 21:02:33   [GPU] 1,750,002 evals (42615 batches, avg 41/batch = 8% of 512, 4262 evals/s, 302 msg/s, 14.1 leaves/msg, 411s)
2026-08-07 21:02:45   [GPU] 1,800,036 evals (43846 batches, avg 41/batch = 8% of 512, 4255 evals/s, 301 msg/s, 14.1 leaves/msg, 423s)
2026-08-07 21:02:57   [GPU] 1,850,032 evals (45078 batches, avg 41/batch = 8% of 512, 4252 evals/s, 300 msg/s, 14.2 leaves/msg, 435s)
2026-08-07 21:03:07   [GPU] 1,900,039 evals (46174 batches, avg 41/batch = 8% of 512, 4266 evals/s, 301 msg/s, 14.2 leaves/msg, 445s)
2026-08-07 21:03:13 [iter 4/40] self-play: 65/160 games...
2026-08-07 21:03:17   [GPU] 1,950,028 evals (47220 batches, avg 41/batch = 8% of 512, 4288 evals/s, 303 msg/s, 14.2 leaves/msg, 455s)
2026-08-07 21:03:28   [GPU] 2,000,025 evals (48392 batches, avg 41/batch = 8% of 512, 4294 evals/s, 303 msg/s, 14.2 leaves/msg, 466s)
2026-08-07 21:03:38   [GPU] 2,050,026 evals (49431 batches, avg 41/batch = 8% of 512, 4310 evals/s, 304 msg/s, 14.2 leaves/msg, 476s)
2026-08-07 21:03:47   [GPU] 2,100,025 evals (50428 batches, avg 42/batch = 8% of 512, 4332 evals/s, 305 msg/s, 14.2 leaves/msg, 485s)
2026-08-07 21:03:56   [GPU] 2,150,032 evals (51436 batches, avg 42/batch = 8% of 512, 4352 evals/s, 307 msg/s, 14.2 leaves/msg, 494s)
2026-08-07 21:03:57 [iter 4/40] self-play: 70/160 games...
2026-08-07 21:04:07   [GPU] 2,200,019 evals (52627 batches, avg 42/batch = 8% of 512, 4358 evals/s, 308 msg/s, 14.2 leaves/msg, 505s)
2026-08-07 21:04:17   [GPU] 2,250,002 evals (53764 batches, avg 42/batch = 8% of 512, 4367 evals/s, 308 msg/s, 14.2 leaves/msg, 515s)
2026-08-07 21:04:23 [iter 4/40] self-play: 75/160 games...
2026-08-07 21:04:30   [GPU] 2,300,009 evals (55037 batches, avg 42/batch = 8% of 512, 4359 evals/s, 308 msg/s, 14.2 leaves/msg, 528s)
2026-08-07 21:04:42   [GPU] 2,350,013 evals (56256 batches, avg 42/batch = 8% of 512, 4352 evals/s, 307 msg/s, 14.2 leaves/msg, 540s)
2026-08-07 21:04:46 [iter 4/40] self-play: 80/160 games...
2026-08-07 21:04:54   [GPU] 2,400,004 evals (57533 batches, avg 42/batch = 8% of 512, 4346 evals/s, 307 msg/s, 14.1 leaves/msg, 552s)
2026-08-07 21:05:01 [iter 4/40] self-play: 85/160 games...
2026-08-07 21:05:07   [GPU] 2,450,009 evals (58947 batches, avg 42/batch = 8% of 512, 4333 evals/s, 306 msg/s, 14.2 leaves/msg, 565s)
2026-08-07 21:05:21   [GPU] 2,500,034 evals (60372 batches, avg 41/batch = 8% of 512, 4319 evals/s, 305 msg/s, 14.2 leaves/msg, 579s)
2026-08-07 21:05:30 [iter 4/40] self-play: 90/160 games...
2026-08-07 21:05:34   [GPU] 2,550,017 evals (61807 batches, avg 41/batch = 8% of 512, 4309 evals/s, 304 msg/s, 14.2 leaves/msg, 592s)
2026-08-07 21:05:46   [GPU] 2,600,017 evals (63064 batches, avg 41/batch = 8% of 512, 4307 evals/s, 304 msg/s, 14.2 leaves/msg, 604s)
2026-08-07 21:05:58   [GPU] 2,650,037 evals (64381 batches, avg 41/batch = 8% of 512, 4303 evals/s, 304 msg/s, 14.2 leaves/msg, 616s)
2026-08-07 21:06:06 [iter 4/40] self-play: 95/160 games...
2026-08-07 21:06:09   [GPU] 2,700,061 evals (65614 batches, avg 41/batch = 8% of 512, 4303 evals/s, 304 msg/s, 14.2 leaves/msg, 628s)
2026-08-07 21:06:20   [GPU] 2,750,044 evals (66766 batches, avg 41/batch = 8% of 512, 4311 evals/s, 304 msg/s, 14.2 leaves/msg, 638s)
2026-08-07 21:06:32   [GPU] 2,800,052 evals (68025 batches, avg 41/batch = 8% of 512, 4311 evals/s, 304 msg/s, 14.2 leaves/msg, 650s)
2026-08-07 21:06:41 [iter 4/40] self-play: 100/160 games...
2026-08-07 21:06:43   [GPU] 2,850,042 evals (69252 batches, avg 41/batch = 8% of 512, 4314 evals/s, 305 msg/s, 14.2 leaves/msg, 661s)
2026-08-07 21:06:53   [GPU] 2,900,007 evals (70388 batches, avg 41/batch = 8% of 512, 4323 evals/s, 305 msg/s, 14.2 leaves/msg, 671s)
2026-08-07 21:07:04   [GPU] 2,950,024 evals (71657 batches, avg 41/batch = 8% of 512, 4324 evals/s, 305 msg/s, 14.2 leaves/msg, 682s)
2026-08-07 21:07:15   [GPU] 3,000,010 evals (72868 batches, avg 41/batch = 8% of 512, 4328 evals/s, 305 msg/s, 14.2 leaves/msg, 693s)
2026-08-07 21:07:16 [iter 4/40] self-play: 105/160 games...
2026-08-07 21:07:27   [GPU] 3,050,001 evals (74185 batches, avg 41/batch = 8% of 512, 4324 evals/s, 305 msg/s, 14.2 leaves/msg, 705s)
2026-08-07 21:07:36 [iter 4/40] self-play: 110/160 games...
2026-08-07 21:07:40   [GPU] 3,100,013 evals (75530 batches, avg 41/batch = 8% of 512, 4320 evals/s, 305 msg/s, 14.2 leaves/msg, 718s)
2026-08-07 21:07:52   [GPU] 3,150,007 evals (76827 batches, avg 41/batch = 8% of 512, 4316 evals/s, 305 msg/s, 14.2 leaves/msg, 730s)
2026-08-07 21:08:03   [GPU] 3,200,042 evals (78036 batches, avg 41/batch = 8% of 512, 4319 evals/s, 305 msg/s, 14.2 leaves/msg, 741s)
2026-08-07 21:08:12 [iter 4/40] self-play: 115/160 games...
2026-08-07 21:08:15   [GPU] 3,250,060 evals (79301 batches, avg 41/batch = 8% of 512, 4315 evals/s, 305 msg/s, 14.2 leaves/msg, 753s)
2026-08-07 21:08:27   [GPU] 3,300,027 evals (80514 batches, avg 41/batch = 8% of 512, 4314 evals/s, 305 msg/s, 14.2 leaves/msg, 765s)
2026-08-07 21:08:39   [GPU] 3,350,010 evals (81792 batches, avg 41/batch = 8% of 512, 4312 evals/s, 305 msg/s, 14.2 leaves/msg, 777s)
2026-08-07 21:08:42 [iter 4/40] self-play: 120/160 games...
2026-08-07 21:08:51   [GPU] 3,400,014 evals (83115 batches, avg 41/batch = 8% of 512, 4310 evals/s, 304 msg/s, 14.2 leaves/msg, 789s)
2026-08-07 21:09:03   [GPU] 3,450,014 evals (84454 batches, avg 41/batch = 8% of 512, 4306 evals/s, 304 msg/s, 14.2 leaves/msg, 801s)
2026-08-07 21:09:08 [iter 4/40] self-play: 125/160 games...
2026-08-07 21:09:14   [GPU] 3,500,037 evals (85630 batches, avg 41/batch = 8% of 512, 4312 evals/s, 304 msg/s, 14.2 leaves/msg, 812s)
2026-08-07 21:09:24   [GPU] 3,550,020 evals (86822 batches, avg 41/batch = 8% of 512, 4317 evals/s, 304 msg/s, 14.2 leaves/msg, 822s)
2026-08-07 21:09:35   [GPU] 3,600,023 evals (87982 batches, avg 41/batch = 8% of 512, 4322 evals/s, 305 msg/s, 14.2 leaves/msg, 833s)
2026-08-07 21:09:46 [iter 4/40] self-play: 130/160 games...
2026-08-07 21:09:46   [GPU] 3,650,002 evals (89203 batches, avg 41/batch = 8% of 512, 4324 evals/s, 305 msg/s, 14.2 leaves/msg, 844s)
2026-08-07 21:09:57   [GPU] 3,700,024 evals (90429 batches, avg 41/batch = 8% of 512, 4326 evals/s, 306 msg/s, 14.2 leaves/msg, 855s)
2026-08-07 21:10:08   [GPU] 3,750,007 evals (91577 batches, avg 41/batch = 8% of 512, 4330 evals/s, 306 msg/s, 14.1 leaves/msg, 866s)
2026-08-07 21:10:17 [iter 4/40] self-play: 135/160 games...
2026-08-07 21:10:19   [GPU] 3,800,021 evals (92790 batches, avg 41/batch = 8% of 512, 4333 evals/s, 306 msg/s, 14.1 leaves/msg, 877s)
2026-08-07 21:10:29   [GPU] 3,850,027 evals (93930 batches, avg 41/batch = 8% of 512, 4338 evals/s, 306 msg/s, 14.2 leaves/msg, 887s)
2026-08-07 21:10:41   [GPU] 3,900,033 evals (95140 batches, avg 41/batch = 8% of 512, 4340 evals/s, 307 msg/s, 14.2 leaves/msg, 899s)
2026-08-07 21:10:51   [GPU] 3,950,019 evals (96328 batches, avg 41/batch = 8% of 512, 4344 evals/s, 307 msg/s, 14.2 leaves/msg, 909s)
2026-08-07 21:11:00   [GPU] 4,000,062 evals (97314 batches, avg 41/batch = 8% of 512, 4356 evals/s, 307 msg/s, 14.2 leaves/msg, 918s)
2026-08-07 21:11:04 [iter 4/40] self-play: 140/160 games...
2026-08-07 21:11:09   [GPU] 4,050,007 evals (98332 batches, avg 41/batch = 8% of 512, 4367 evals/s, 309 msg/s, 14.2 leaves/msg, 927s)
2026-08-07 21:11:20   [GPU] 4,100,039 evals (99481 batches, avg 41/batch = 8% of 512, 4371 evals/s, 309 msg/s, 14.2 leaves/msg, 938s)
2026-08-07 21:11:27 [iter 4/40] self-play: 145/160 games...
2026-08-07 21:11:30   [GPU] 4,150,010 evals (100630 batches, avg 41/batch = 8% of 512, 4376 evals/s, 309 msg/s, 14.1 leaves/msg, 948s)
2026-08-07 21:11:42   [GPU] 4,200,010 evals (101892 batches, avg 41/batch = 8% of 512, 4375 evals/s, 309 msg/s, 14.1 leaves/msg, 960s)
2026-08-07 21:11:45 [iter 4/40] self-play: 150/160 games...
2026-08-07 21:11:53   [GPU] 4,250,007 evals (103156 batches, avg 41/batch = 8% of 512, 4375 evals/s, 309 msg/s, 14.1 leaves/msg, 971s)
2026-08-07 21:12:04   [GPU] 4,300,016 evals (104343 batches, avg 41/batch = 8% of 512, 4378 evals/s, 309 msg/s, 14.1 leaves/msg, 982s)
2026-08-07 21:12:09 [iter 4/40] self-play: 155/160 games...
2026-08-07 21:12:20   [GPU] 4,350,007 evals (105867 batches, avg 41/batch = 8% of 512, 4358 evals/s, 308 msg/s, 14.1 leaves/msg, 998s)
2026-08-07 21:12:35   [GPU] 4,400,011 evals (107543 batches, avg 41/batch = 8% of 512, 4342 evals/s, 307 msg/s, 14.1 leaves/msg, 1013s)
2026-08-07 21:12:52   [GPU] 4,450,030 evals (109200 batches, avg 41/batch = 8% of 512, 4322 evals/s, 306 msg/s, 14.1 leaves/msg, 1030s)
2026-08-07 21:13:08   [GPU] 4,500,005 evals (110902 batches, avg 41/batch = 8% of 512, 4301 evals/s, 304 msg/s, 14.1 leaves/msg, 1046s)
2026-08-07 21:13:29   [GPU] 4,550,013 evals (112685 batches, avg 40/batch = 8% of 512, 4266 evals/s, 302 msg/s, 14.1 leaves/msg, 1067s)
2026-08-07 21:13:53   [GPU] 4,600,013 evals (114654 batches, avg 40/batch = 8% of 512, 4216 evals/s, 298 msg/s, 14.1 leaves/msg, 1091s)
2026-08-07 21:14:42   [GPU] 4,650,004 evals (117754 batches, avg 39/batch = 8% of 512, 4079 evals/s, 289 msg/s, 14.1 leaves/msg, 1140s)
2026-08-07 21:14:48 [iter 4/40] self-play: 160/160 games...
2026-08-07 21:14:48 [iter 4/40] self-play done: 160 games (1146s) | wins: P0=23, P1=54, P2=29, P3=32, draw=22 | draw_rate=14% avg_len~24
2026-08-07 21:14:48 [iter 4/40] search: expanded=6.4 actions/node visits/action=93.3 walls/game=6.01 first_wall_ply=1.087 learner_sims/s=4357.05
2026-08-07 21:14:48 [iter 4/40] training (600 steps, lr=9.88e-04)...
2026-08-07 21:14:53 [iter 4/40] training done: loss_p=1.627 loss_v=0.119 (5s)
2026-08-07 21:14:55 [iter 4/40] data: policy_wall_mass=0.134 walled_states=56% walls_on_board=16.8 value_mae walled=0.145 free=0.281
2026-08-07 21:14:55 [iter 4/40] eval vs best SKIPPED (gate held until win_vs_greedy > 0.00)
2026-08-07 21:14:55 [iter 4/40] eval vs random (40 games, 600 sims)...
2026-08-07 21:14:55 [EVAL-MP] 8 workers spawned (40 vs_random games, sims=600), GPU batcher starting...
2026-08-07 21:15:15   [GPU] 50,028 evals (1304 batches, avg 38/batch = 7% of 512, 2614 evals/s, 171 msg/s, 15.3 leaves/msg, 19s)
2026-08-07 21:15:25   [GPU] 100,013 evals (2328 batches, avg 43/batch = 8% of 512, 3412 evals/s, 227 msg/s, 15.0 leaves/msg, 29s)
2026-08-07 21:15:35   [GPU] 150,049 evals (3358 batches, avg 45/batch = 9% of 512, 3775 evals/s, 256 msg/s, 14.8 leaves/msg, 40s)
2026-08-07 21:15:44 [iter 4/40] eval vs random: 5/40 games (49s, cand 40%)
2026-08-07 21:15:46   [GPU] 200,033 evals (4446 batches, avg 45/batch = 9% of 512, 3960 evals/s, 269 msg/s, 14.7 leaves/msg, 51s)
2026-08-07 21:15:59   [GPU] 250,042 evals (5712 batches, avg 44/batch = 9% of 512, 3933 evals/s, 266 msg/s, 14.8 leaves/msg, 64s)
2026-08-07 21:16:07 [iter 4/40] eval vs random: 10/40 games (72s, cand 50%)
2026-08-07 21:16:10   [GPU] 300,020 evals (6807 batches, avg 44/batch = 9% of 512, 4017 evals/s, 271 msg/s, 14.8 leaves/msg, 75s)
2026-08-07 21:16:22   [GPU] 350,024 evals (8028 batches, avg 44/batch = 9% of 512, 4038 evals/s, 274 msg/s, 14.7 leaves/msg, 87s)
2026-08-07 21:16:29 [iter 4/40] eval vs random: 15/40 games (94s, cand 56%)
2026-08-07 21:16:35   [GPU] 400,032 evals (9276 batches, avg 43/batch = 8% of 512, 4035 evals/s, 274 msg/s, 14.7 leaves/msg, 99s)
2026-08-07 21:16:44   [GPU] 450,031 evals (10236 batches, avg 44/batch = 9% of 512, 4151 evals/s, 281 msg/s, 14.8 leaves/msg, 108s)
2026-08-07 21:16:54 [iter 4/40] eval vs random: 20/40 games (119s, cand 58%)
2026-08-07 21:16:55   [GPU] 500,040 evals (11366 batches, avg 44/batch = 9% of 512, 4191 evals/s, 285 msg/s, 14.7 leaves/msg, 119s)
2026-08-07 21:17:08   [GPU] 550,021 evals (12751 batches, avg 43/batch = 8% of 512, 4146 evals/s, 283 msg/s, 14.7 leaves/msg, 133s)
2026-08-07 21:17:18   [GPU] 600,035 evals (13818 batches, avg 43/batch = 8% of 512, 4197 evals/s, 286 msg/s, 14.7 leaves/msg, 143s)
2026-08-07 21:17:23 [iter 4/40] eval vs random: 25/40 games (148s, cand 67%)
2026-08-07 21:17:28   [GPU] 650,009 evals (14843 batches, avg 44/batch = 9% of 512, 4260 evals/s, 293 msg/s, 14.6 leaves/msg, 153s)
2026-08-07 21:17:41   [GPU] 700,062 evals (16099 batches, avg 43/batch = 8% of 512, 4240 evals/s, 291 msg/s, 14.6 leaves/msg, 165s)
2026-08-07 21:17:51 [iter 4/40] eval vs random: 30/40 games (175s, cand 69%)
2026-08-07 21:17:51   [GPU] 750,038 evals (17193 batches, avg 44/batch = 9% of 512, 4259 evals/s, 292 msg/s, 14.6 leaves/msg, 176s)
2026-08-07 21:18:03   [GPU] 800,028 evals (18434 batches, avg 43/batch = 8% of 512, 4255 evals/s, 291 msg/s, 14.6 leaves/msg, 188s)
2026-08-07 21:18:13   [GPU] 850,016 evals (19514 batches, avg 44/batch = 9% of 512, 4291 evals/s, 294 msg/s, 14.6 leaves/msg, 198s)
2026-08-07 21:18:18 [iter 4/40] eval vs random: 35/40 games (203s, cand 65%)
2026-08-07 21:18:28   [GPU] 900,028 evals (20967 batches, avg 43/batch = 8% of 512, 4239 evals/s, 291 msg/s, 14.6 leaves/msg, 212s)
2026-08-07 21:19:15 [iter 4/40] eval vs random: 40/40 games (259s, cand 61%)
2026-08-07 21:19:15 [iter 4/40] eval vs random done: 61.1% (260s)
2026-08-07 21:19:15 [iter 4/40] eval vs greedy (80 games, 600 sims)...
2026-08-07 21:19:15 [EVAL-MP] 8 workers spawned (80 vs_greedy games, sims=600), GPU batcher starting...
2026-08-07 21:19:32 [iter 4/40] eval vs greedy: 5/80 games (17s, cand 0%)
2026-08-07 21:19:39   [GPU] 50,024 evals (1742 batches, avg 29/batch = 6% of 512, 2062 evals/s, 137 msg/s, 15.1 leaves/msg, 24s)
2026-08-07 21:19:43 [iter 4/40] eval vs greedy: 10/80 games (28s, cand 0%)
2026-08-07 21:19:50 [iter 4/40] eval vs greedy: 15/80 games (35s, cand 0%)
2026-08-07 21:19:59 [iter 4/40] eval vs greedy: 20/80 games (44s, cand 0%)
2026-08-07 21:20:01   [GPU] 100,029 evals (3498 batches, avg 29/batch = 6% of 512, 2163 evals/s, 144 msg/s, 15.0 leaves/msg, 46s)
2026-08-07 21:20:11 [iter 4/40] eval vs greedy: 25/80 games (56s, cand 0%)
2026-08-07 21:20:22 [iter 4/40] eval vs greedy: 30/80 games (67s, cand 0%)
2026-08-07 21:20:22   [GPU] 150,016 evals (5184 batches, avg 29/batch = 6% of 512, 2229 evals/s, 149 msg/s, 15.0 leaves/msg, 67s)
2026-08-07 21:20:32 [iter 4/40] eval vs greedy: 35/80 games (77s, cand 0%)
2026-08-07 21:20:38 [iter 4/40] eval vs greedy: 40/80 games (83s, cand 0%)
2026-08-07 21:20:44   [GPU] 200,035 evals (6911 batches, avg 29/batch = 6% of 512, 2258 evals/s, 151 msg/s, 14.9 leaves/msg, 89s)
2026-08-07 21:20:48 [iter 4/40] eval vs greedy: 45/80 games (93s, cand 0%)
2026-08-07 21:20:58 [iter 4/40] eval vs greedy: 50/80 games (103s, cand 0%)
2026-08-07 21:21:05   [GPU] 250,019 evals (8633 batches, avg 29/batch = 6% of 512, 2270 evals/s, 152 msg/s, 14.9 leaves/msg, 110s)
2026-08-07 21:21:07 [iter 4/40] eval vs greedy: 55/80 games (112s, cand 0%)
2026-08-07 21:21:16 [iter 4/40] eval vs greedy: 60/80 games (121s, cand 0%)
2026-08-07 21:21:27 [iter 4/40] eval vs greedy: 65/80 games (132s, cand 0%)
2026-08-07 21:21:29   [GPU] 300,014 evals (10421 batches, avg 29/batch = 6% of 512, 2244 evals/s, 150 msg/s, 14.9 leaves/msg, 134s)
2026-08-07 21:21:35 [iter 4/40] eval vs greedy: 70/80 games (140s, cand 0%)
2026-08-07 21:21:55 [iter 4/40] eval vs greedy: 75/80 games (160s, cand 0%)
2026-08-07 21:22:08   [GPU] 350,026 evals (12736 batches, avg 27/batch = 5% of 512, 2022 evals/s, 135 msg/s, 14.9 leaves/msg, 173s)
2026-08-07 21:22:19 [iter 4/40] eval vs greedy: 80/80 games (183s, cand 0%)
2026-08-07 21:22:19 [iter 4/40] eval vs greedy done: 0.0% of 80 decided [seat0:0/20 seat1:0/20 seat2:0/20 seat3:0/20] (184s)
2026-08-07 21:22:19 [iter 4/40] eval vs minimax (depth 2, 80 games)...
2026-08-07 21:22:19 [EVAL-MP] 8 workers spawned (80 vs_minimax games, sims=600), GPU batcher starting...
2026-08-07 21:22:45   [GPU] 50,020 evals (1729 batches, avg 29/batch = 6% of 512, 1942 evals/s, 127 msg/s, 15.3 leaves/msg, 26s)
2026-08-07 21:22:55 [iter 4/40] eval vs minimax: 5/80 games (0%)
2026-08-07 21:22:57   [GPU] 100,020 evals (3011 batches, avg 33/batch = 6% of 512, 2625 evals/s, 180 msg/s, 14.6 leaves/msg, 38s)
2026-08-07 21:23:18   [GPU] 150,005 evals (4691 batches, avg 32/batch = 6% of 512, 2562 evals/s, 175 msg/s, 14.7 leaves/msg, 59s)
2026-08-07 21:23:20 [iter 4/40] eval vs minimax: 10/80 games (0%)
2026-08-07 21:23:32   [GPU] 200,005 evals (6126 batches, avg 33/batch = 6% of 512, 2727 evals/s, 187 msg/s, 14.6 leaves/msg, 73s)
2026-08-07 21:23:34 [iter 4/40] eval vs minimax: 15/80 games (0%)
2026-08-07 21:23:52   [GPU] 250,009 evals (7803 batches, avg 32/batch = 6% of 512, 2694 evals/s, 184 msg/s, 14.6 leaves/msg, 93s)
2026-08-07 21:23:54 [iter 4/40] eval vs minimax: 20/80 games (0%)
2026-08-07 21:24:11   [GPU] 300,031 evals (9429 batches, avg 32/batch = 6% of 512, 2682 evals/s, 183 msg/s, 14.6 leaves/msg, 112s)
2026-08-07 21:24:18 [iter 4/40] eval vs minimax: 25/80 games (0%)
2026-08-07 21:24:30   [GPU] 350,039 evals (11091 batches, avg 32/batch = 6% of 512, 2676 evals/s, 183 msg/s, 14.6 leaves/msg, 131s)
2026-08-07 21:24:37 [iter 4/40] eval vs minimax: 30/80 games (0%)
2026-08-07 21:24:49   [GPU] 400,007 evals (12756 batches, avg 31/batch = 6% of 512, 2672 evals/s, 183 msg/s, 14.6 leaves/msg, 150s)
2026-08-07 21:25:00 [iter 4/40] eval vs minimax: 35/80 games (0%)
2026-08-07 21:25:07   [GPU] 450,016 evals (14368 batches, avg 31/batch = 6% of 512, 2676 evals/s, 183 msg/s, 14.6 leaves/msg, 168s)
2026-08-07 21:25:16 [iter 4/40] eval vs minimax: 40/80 games (0%)
2026-08-07 21:25:25   [GPU] 500,038 evals (15946 batches, avg 31/batch = 6% of 512, 2686 evals/s, 184 msg/s, 14.6 leaves/msg, 186s)
2026-08-07 21:25:40 [iter 4/40] eval vs minimax: 45/80 games (0%)
2026-08-07 21:25:41   [GPU] 550,013 evals (17428 batches, avg 32/batch = 6% of 512, 2726 evals/s, 187 msg/s, 14.6 leaves/msg, 202s)
2026-08-07 21:25:59   [GPU] 600,036 evals (19030 batches, avg 32/batch = 6% of 512, 2729 evals/s, 187 msg/s, 14.6 leaves/msg, 220s)
2026-08-07 21:26:05 [iter 4/40] eval vs minimax: 50/80 games (0%)
2026-08-07 21:26:14   [GPU] 650,022 evals (20479 batches, avg 32/batch = 6% of 512, 2762 evals/s, 189 msg/s, 14.6 leaves/msg, 235s)
2026-08-07 21:26:18 [iter 4/40] eval vs minimax: 55/80 games (0%)
2026-08-07 21:26:33   [GPU] 700,012 evals (22090 batches, avg 32/batch = 6% of 512, 2760 evals/s, 189 msg/s, 14.6 leaves/msg, 254s)
2026-08-07 21:26:42 [iter 4/40] eval vs minimax: 60/80 games (0%)
2026-08-07 21:26:50   [GPU] 750,004 evals (23658 batches, avg 32/batch = 6% of 512, 2765 evals/s, 189 msg/s, 14.6 leaves/msg, 271s)
2026-08-07 21:27:01 [iter 4/40] eval vs minimax: 65/80 games (0%)
2026-08-07 21:27:08   [GPU] 800,084 evals (25278 batches, avg 32/batch = 6% of 512, 2771 evals/s, 190 msg/s, 14.6 leaves/msg, 289s)
2026-08-07 21:27:18 [iter 4/40] eval vs minimax: 70/80 games (0%)
2026-08-07 21:27:24   [GPU] 850,025 evals (26808 batches, avg 32/batch = 6% of 512, 2785 evals/s, 191 msg/s, 14.6 leaves/msg, 305s)
2026-08-07 21:27:41   [GPU] 900,014 evals (28373 batches, avg 32/batch = 6% of 512, 2795 evals/s, 191 msg/s, 14.6 leaves/msg, 322s)
2026-08-07 21:27:43 [iter 4/40] eval vs minimax: 75/80 games (0%)
2026-08-07 21:28:02 [iter 4/40] eval vs minimax: 80/80 games (0%)
2026-08-07 21:28:02 [iter 4/40] eval vs minimax done: 0.0% of 80 decided [seat0:0/20 seat1:0/20 seat2:0/20 seat3:0/20] (343s)
2026-08-07 21:28:02 >>> iter 4 | loss_p=1.627 loss_v=0.119 | vs_best=n/a (not evaluated) | vs_rand=61.1% | draw=14% | buf=37690 | rss=2.46GB | sp=1146s train=5s eval_best=0s eval_rand=260s | total=1940s
2026-08-07 21:28:02 [iter 5/40] self-play starting (160 games, 600 sims, MIXED 80/160 race-only)...
2026-08-07 21:28:02 [PARALLEL-MP] 8 workers spawned (160 games, sims=600), GPU batcher starting...
2026-08-07 21:28:18   [GPU] 50,040 evals (1434 batches, avg 35/batch = 7% of 512, 3195 evals/s, 225 msg/s, 14.2 leaves/msg, 16s)
2026-08-07 21:28:19 [iter 5/40] self-play: 5/160 games...
2026-08-07 21:28:33   [GPU] 100,018 evals (2976 batches, avg 34/batch = 7% of 512, 3292 evals/s, 234 msg/s, 14.0 leaves/msg, 30s)
2026-08-07 21:28:35 [iter 5/40] self-play: 10/160 games...
2026-08-07 21:28:49   [GPU] 150,017 evals (4592 batches, avg 33/batch = 6% of 512, 3231 evals/s, 235 msg/s, 13.8 leaves/msg, 46s)
2026-08-07 21:28:57 [iter 5/40] self-play: 15/160 games...
2026-08-07 21:29:07   [GPU] 200,015 evals (6283 batches, avg 32/batch = 6% of 512, 3095 evals/s, 223 msg/s, 13.9 leaves/msg, 65s)
2026-08-07 21:29:26   [GPU] 250,010 evals (7916 batches, avg 32/batch = 6% of 512, 2984 evals/s, 213 msg/s, 14.0 leaves/msg, 84s)
2026-08-07 21:29:39   [GPU] 300,039 evals (9194 batches, avg 33/batch = 6% of 512, 3108 evals/s, 219 msg/s, 14.2 leaves/msg, 97s)
2026-08-07 21:29:48 [iter 5/40] self-play: 20/160 games...
2026-08-07 21:29:50   [GPU] 350,013 evals (10375 batches, avg 34/batch = 7% of 512, 3238 evals/s, 230 msg/s, 14.1 leaves/msg, 108s)
2026-08-07 21:30:02   [GPU] 400,001 evals (11578 batches, avg 35/batch = 7% of 512, 3335 evals/s, 236 msg/s, 14.1 leaves/msg, 120s)
2026-08-07 21:30:13   [GPU] 450,021 evals (12653 batches, avg 36/batch = 7% of 512, 3450 evals/s, 243 msg/s, 14.2 leaves/msg, 130s)
2026-08-07 21:30:22   [GPU] 500,029 evals (13673 batches, avg 37/batch = 7% of 512, 3572 evals/s, 250 msg/s, 14.3 leaves/msg, 140s)
2026-08-07 21:30:31   [GPU] 550,041 evals (14686 batches, avg 37/batch = 7% of 512, 3683 evals/s, 258 msg/s, 14.3 leaves/msg, 149s)
2026-08-07 21:30:41   [GPU] 600,030 evals (15671 batches, avg 38/batch = 7% of 512, 3785 evals/s, 264 msg/s, 14.3 leaves/msg, 159s)
2026-08-07 21:30:50   [GPU] 650,005 evals (16704 batches, avg 39/batch = 8% of 512, 3865 evals/s, 270 msg/s, 14.3 leaves/msg, 168s)
2026-08-07 21:30:59   [GPU] 700,009 evals (17667 batches, avg 40/batch = 8% of 512, 3954 evals/s, 276 msg/s, 14.3 leaves/msg, 177s)
2026-08-07 21:31:08   [GPU] 750,056 evals (18566 batches, avg 40/batch = 8% of 512, 4044 evals/s, 282 msg/s, 14.3 leaves/msg, 185s)
2026-08-07 21:31:16   [GPU] 800,000 evals (19469 batches, avg 41/batch = 8% of 512, 4125 evals/s, 289 msg/s, 14.3 leaves/msg, 194s)
2026-08-07 21:31:19 [iter 5/40] self-play: 25/160 games...
2026-08-07 21:31:25   [GPU] 850,013 evals (20412 batches, avg 42/batch = 8% of 512, 4194 evals/s, 293 msg/s, 14.3 leaves/msg, 203s)
2026-08-07 21:31:34   [GPU] 900,030 evals (21441 batches, avg 42/batch = 8% of 512, 4243 evals/s, 297 msg/s, 14.3 leaves/msg, 212s)
2026-08-07 21:31:44   [GPU] 950,024 evals (22534 batches, avg 42/batch = 8% of 512, 4276 evals/s, 299 msg/s, 14.3 leaves/msg, 222s)
2026-08-07 21:31:54   [GPU] 1,000,002 evals (23539 batches, avg 42/batch = 8% of 512, 4319 evals/s, 302 msg/s, 14.3 leaves/msg, 232s)
2026-08-07 21:32:00 [iter 5/40] self-play: 30/160 games...
2026-08-07 21:32:04   [GPU] 1,050,015 evals (24627 batches, avg 43/batch = 8% of 512, 4350 evals/s, 305 msg/s, 14.2 leaves/msg, 241s)
2026-08-07 21:32:15   [GPU] 1,100,035 evals (25842 batches, avg 43/batch = 8% of 512, 4357 evals/s, 308 msg/s, 14.1 leaves/msg, 252s)
2026-08-07 21:32:16 [iter 5/40] self-play: 35/160 games...
2026-08-07 21:32:26   [GPU] 1,150,009 evals (27133 batches, avg 42/batch = 8% of 512, 4353 evals/s, 308 msg/s, 14.1 leaves/msg, 264s)
2026-08-07 21:32:34 [iter 5/40] self-play: 40/160 games...
2026-08-07 21:32:39   [GPU] 1,200,056 evals (28512 batches, avg 42/batch = 8% of 512, 4334 evals/s, 308 msg/s, 14.1 leaves/msg, 277s)
2026-08-07 21:32:54   [GPU] 1,250,010 evals (30018 batches, avg 42/batch = 8% of 512, 4289 evals/s, 306 msg/s, 14.0 leaves/msg, 291s)
2026-08-07 21:32:57 [iter 5/40] self-play: 45/160 games...
2026-08-07 21:33:08   [GPU] 1,300,015 evals (31534 batches, avg 41/batch = 8% of 512, 4253 evals/s, 304 msg/s, 14.0 leaves/msg, 306s)
2026-08-07 21:33:20   [GPU] 1,350,024 evals (32901 batches, avg 41/batch = 8% of 512, 4242 evals/s, 303 msg/s, 14.0 leaves/msg, 318s)
2026-08-07 21:33:23 [iter 5/40] self-play: 50/160 games...
2026-08-07 21:33:35   [GPU] 1,400,010 evals (34395 batches, avg 41/batch = 8% of 512, 4205 evals/s, 300 msg/s, 14.0 leaves/msg, 333s)
2026-08-07 21:33:47   [GPU] 1,450,051 evals (35685 batches, avg 41/batch = 8% of 512, 4207 evals/s, 300 msg/s, 14.0 leaves/msg, 345s)
2026-08-07 21:33:58   [GPU] 1,500,045 evals (36884 batches, avg 41/batch = 8% of 512, 4212 evals/s, 300 msg/s, 14.0 leaves/msg, 356s)
2026-08-07 21:34:06 [iter 5/40] self-play: 55/160 games...
2026-08-07 21:34:09   [GPU] 1,550,051 evals (38018 batches, avg 41/batch = 8% of 512, 4227 evals/s, 301 msg/s, 14.1 leaves/msg, 367s)
2026-08-07 21:34:18   [GPU] 1,600,022 evals (38992 batches, avg 41/batch = 8% of 512, 4260 evals/s, 303 msg/s, 14.1 leaves/msg, 376s)
2026-08-07 21:34:27   [GPU] 1,650,027 evals (40056 batches, avg 41/batch = 8% of 512, 4282 evals/s, 305 msg/s, 14.0 leaves/msg, 385s)
2026-08-07 21:34:38   [GPU] 1,700,025 evals (41217 batches, avg 41/batch = 8% of 512, 4293 evals/s, 305 msg/s, 14.1 leaves/msg, 396s)
2026-08-07 21:34:47   [GPU] 1,750,030 evals (42253 batches, avg 41/batch = 8% of 512, 4319 evals/s, 307 msg/s, 14.1 leaves/msg, 405s)
2026-08-07 21:34:52 [iter 5/40] self-play: 60/160 games...
2026-08-07 21:34:56   [GPU] 1,800,016 evals (43254 batches, avg 42/batch = 8% of 512, 4345 evals/s, 309 msg/s, 14.1 leaves/msg, 414s)
2026-08-07 21:35:07   [GPU] 1,850,017 evals (44425 batches, avg 42/batch = 8% of 512, 4355 evals/s, 310 msg/s, 14.1 leaves/msg, 425s)
2026-08-07 21:35:14 [iter 5/40] self-play: 65/160 games...
2026-08-07 21:35:17   [GPU] 1,900,042 evals (45556 batches, avg 42/batch = 8% of 512, 4365 evals/s, 311 msg/s, 14.0 leaves/msg, 435s)
2026-08-07 21:35:29   [GPU] 1,950,003 evals (46814 batches, avg 42/batch = 8% of 512, 4362 evals/s, 311 msg/s, 14.0 leaves/msg, 447s)
2026-08-07 21:35:31 [iter 5/40] self-play: 70/160 games...
2026-08-07 21:35:42   [GPU] 2,000,042 evals (48178 batches, avg 42/batch = 8% of 512, 4351 evals/s, 310 msg/s, 14.0 leaves/msg, 460s)
2026-08-07 21:35:54   [GPU] 2,050,034 evals (49533 batches, avg 41/batch = 8% of 512, 4346 evals/s, 310 msg/s, 14.0 leaves/msg, 472s)
2026-08-07 21:36:06 [iter 5/40] self-play: 75/160 games...
2026-08-07 21:36:07   [GPU] 2,100,010 evals (50901 batches, avg 41/batch = 8% of 512, 4335 evals/s, 309 msg/s, 14.0 leaves/msg, 484s)
2026-08-07 21:36:20   [GPU] 2,150,046 evals (52304 batches, avg 41/batch = 8% of 512, 4318 evals/s, 308 msg/s, 14.0 leaves/msg, 498s)
2026-08-07 21:36:27 [iter 5/40] self-play: 80/160 games...
2026-08-07 21:36:33   [GPU] 2,200,018 evals (53627 batches, avg 41/batch = 8% of 512, 4310 evals/s, 308 msg/s, 14.0 leaves/msg, 510s)
2026-08-07 21:36:45   [GPU] 2,250,017 evals (54971 batches, avg 41/batch = 8% of 512, 4303 evals/s, 307 msg/s, 14.0 leaves/msg, 523s)
2026-08-07 21:36:58   [GPU] 2,300,000 evals (56229 batches, avg 41/batch = 8% of 512, 4296 evals/s, 306 msg/s, 14.0 leaves/msg, 535s)
2026-08-07 21:37:08   [GPU] 2,350,043 evals (57359 batches, avg 41/batch = 8% of 512, 4305 evals/s, 306 msg/s, 14.1 leaves/msg, 546s)
2026-08-07 21:37:16 [iter 5/40] self-play: 85/160 games...
2026-08-07 21:37:19   [GPU] 2,400,002 evals (58494 batches, avg 41/batch = 8% of 512, 4313 evals/s, 307 msg/s, 14.1 leaves/msg, 556s)
2026-08-07 21:37:31   [GPU] 2,450,008 evals (59737 batches, avg 41/batch = 8% of 512, 4310 evals/s, 307 msg/s, 14.1 leaves/msg, 568s)
2026-08-07 21:37:42   [GPU] 2,500,095 evals (60947 batches, avg 41/batch = 8% of 512, 4310 evals/s, 306 msg/s, 14.1 leaves/msg, 580s)
2026-08-07 21:37:51 [iter 5/40] self-play: 90/160 games...
2026-08-07 21:37:53   [GPU] 2,550,027 evals (62113 batches, avg 41/batch = 8% of 512, 4315 evals/s, 307 msg/s, 14.1 leaves/msg, 591s)
2026-08-07 21:38:05   [GPU] 2,600,038 evals (63322 batches, avg 41/batch = 8% of 512, 4315 evals/s, 306 msg/s, 14.1 leaves/msg, 602s)
2026-08-07 21:38:16 [iter 5/40] self-play: 95/160 games...
2026-08-07 21:38:17   [GPU] 2,650,002 evals (64574 batches, avg 41/batch = 8% of 512, 4313 evals/s, 307 msg/s, 14.1 leaves/msg, 614s)
2026-08-07 21:38:29   [GPU] 2,700,006 evals (65913 batches, avg 41/batch = 8% of 512, 4307 evals/s, 307 msg/s, 14.1 leaves/msg, 627s)
2026-08-07 21:38:40 [iter 5/40] self-play: 100/160 games...
2026-08-07 21:38:41   [GPU] 2,750,013 evals (67211 batches, avg 41/batch = 8% of 512, 4305 evals/s, 306 msg/s, 14.1 leaves/msg, 639s)
2026-08-07 21:38:53   [GPU] 2,800,032 evals (68490 batches, avg 41/batch = 8% of 512, 4299 evals/s, 306 msg/s, 14.1 leaves/msg, 651s)
2026-08-07 21:39:06   [GPU] 2,850,043 evals (69771 batches, avg 41/batch = 8% of 512, 4293 evals/s, 305 msg/s, 14.1 leaves/msg, 664s)
2026-08-07 21:39:17   [GPU] 2,900,021 evals (70983 batches, avg 41/batch = 8% of 512, 4296 evals/s, 305 msg/s, 14.1 leaves/msg, 675s)
2026-08-07 21:39:20 [iter 5/40] self-play: 105/160 games...
2026-08-07 21:39:29   [GPU] 2,950,049 evals (72207 batches, avg 41/batch = 8% of 512, 4297 evals/s, 305 msg/s, 14.1 leaves/msg, 687s)
2026-08-07 21:39:41   [GPU] 3,000,056 evals (73471 batches, avg 41/batch = 8% of 512, 4293 evals/s, 305 msg/s, 14.1 leaves/msg, 699s)
2026-08-07 21:39:51 [iter 5/40] self-play: 110/160 games...
2026-08-07 21:39:52   [GPU] 3,050,030 evals (74655 batches, avg 41/batch = 8% of 512, 4295 evals/s, 305 msg/s, 14.1 leaves/msg, 710s)
2026-08-07 21:40:06   [GPU] 3,100,030 evals (75949 batches, avg 41/batch = 8% of 512, 4286 evals/s, 304 msg/s, 14.1 leaves/msg, 723s)
2026-08-07 21:40:17   [GPU] 3,150,036 evals (77055 batches, avg 41/batch = 8% of 512, 4288 evals/s, 304 msg/s, 14.1 leaves/msg, 735s)
2026-08-07 21:40:28   [GPU] 3,200,006 evals (78162 batches, avg 41/batch = 8% of 512, 4290 evals/s, 304 msg/s, 14.1 leaves/msg, 746s)
2026-08-07 21:40:39   [GPU] 3,250,015 evals (79307 batches, avg 41/batch = 8% of 512, 4291 evals/s, 304 msg/s, 14.1 leaves/msg, 757s)
2026-08-07 21:40:50 [iter 5/40] self-play: 115/160 games...
2026-08-07 21:40:50   [GPU] 3,300,003 evals (80481 batches, avg 41/batch = 8% of 512, 4295 evals/s, 304 msg/s, 14.1 leaves/msg, 768s)
2026-08-07 21:41:00   [GPU] 3,350,007 evals (81586 batches, avg 41/batch = 8% of 512, 4305 evals/s, 304 msg/s, 14.1 leaves/msg, 778s)
2026-08-07 21:41:10   [GPU] 3,400,005 evals (82725 batches, avg 41/batch = 8% of 512, 4314 evals/s, 305 msg/s, 14.1 leaves/msg, 788s)
2026-08-07 21:41:19 [iter 5/40] self-play: 120/160 games...
2026-08-07 21:41:21   [GPU] 3,450,031 evals (83928 batches, avg 41/batch = 8% of 512, 4319 evals/s, 306 msg/s, 14.1 leaves/msg, 799s)
2026-08-07 21:41:33   [GPU] 3,500,012 evals (85215 batches, avg 41/batch = 8% of 512, 4319 evals/s, 306 msg/s, 14.1 leaves/msg, 810s)
2026-08-07 21:41:43   [GPU] 3,550,022 evals (86398 batches, avg 41/batch = 8% of 512, 4325 evals/s, 306 msg/s, 14.1 leaves/msg, 821s)
2026-08-07 21:41:45 [iter 5/40] self-play: 125/160 games...
2026-08-07 21:41:54   [GPU] 3,600,007 evals (87616 batches, avg 41/batch = 8% of 512, 4329 evals/s, 307 msg/s, 14.1 leaves/msg, 832s)
2026-08-07 21:42:04 [iter 5/40] self-play: 130/160 games...
2026-08-07 21:42:05   [GPU] 3,650,040 evals (88834 batches, avg 41/batch = 8% of 512, 4332 evals/s, 307 msg/s, 14.1 leaves/msg, 843s)
2026-08-07 21:42:17   [GPU] 3,700,047 evals (90163 batches, avg 41/batch = 8% of 512, 4329 evals/s, 307 msg/s, 14.1 leaves/msg, 855s)
2026-08-07 21:42:27   [GPU] 3,750,064 evals (91335 batches, avg 41/batch = 8% of 512, 4334 evals/s, 307 msg/s, 14.1 leaves/msg, 865s)
2026-08-07 21:42:39   [GPU] 3,800,007 evals (92666 batches, avg 41/batch = 8% of 512, 4333 evals/s, 307 msg/s, 14.1 leaves/msg, 877s)
2026-08-07 21:42:39 [iter 5/40] self-play: 135/160 games...
2026-08-07 21:42:50   [GPU] 3,850,039 evals (93852 batches, avg 41/batch = 8% of 512, 4337 evals/s, 307 msg/s, 14.1 leaves/msg, 888s)
2026-08-07 21:43:01   [GPU] 3,900,032 evals (95126 batches, avg 41/batch = 8% of 512, 4337 evals/s, 307 msg/s, 14.1 leaves/msg, 899s)
2026-08-07 21:43:12 [iter 5/40] self-play: 140/160 games...
2026-08-07 21:43:13   [GPU] 3,950,011 evals (96356 batches, avg 41/batch = 8% of 512, 4338 evals/s, 307 msg/s, 14.1 leaves/msg, 911s)
2026-08-07 21:43:23   [GPU] 4,000,044 evals (97541 batches, avg 41/batch = 8% of 512, 4342 evals/s, 308 msg/s, 14.1 leaves/msg, 921s)
2026-08-07 21:43:35   [GPU] 4,050,006 evals (98795 batches, avg 41/batch = 8% of 512, 4341 evals/s, 308 msg/s, 14.1 leaves/msg, 933s)
2026-08-07 21:43:45   [GPU] 4,100,009 evals (99885 batches, avg 41/batch = 8% of 512, 4348 evals/s, 308 msg/s, 14.1 leaves/msg, 943s)
2026-08-07 21:43:50 [iter 5/40] self-play: 145/160 games...
2026-08-07 21:43:55   [GPU] 4,150,007 evals (100938 batches, avg 41/batch = 8% of 512, 4357 evals/s, 309 msg/s, 14.1 leaves/msg, 952s)
2026-08-07 21:44:05   [GPU] 4,200,023 evals (102104 batches, avg 41/batch = 8% of 512, 4361 evals/s, 309 msg/s, 14.1 leaves/msg, 963s)
2026-08-07 21:44:15   [GPU] 4,250,007 evals (103165 batches, avg 41/batch = 8% of 512, 4369 evals/s, 309 msg/s, 14.1 leaves/msg, 973s)
2026-08-07 21:44:24   [GPU] 4,300,000 evals (104177 batches, avg 41/batch = 8% of 512, 4380 evals/s, 310 msg/s, 14.1 leaves/msg, 982s)
2026-08-07 21:44:33   [GPU] 4,350,031 evals (105196 batches, avg 41/batch = 8% of 512, 4390 evals/s, 311 msg/s, 14.1 leaves/msg, 991s)
2026-08-07 21:44:35 [iter 5/40] self-play: 150/160 games...
2026-08-07 21:44:44   [GPU] 4,400,031 evals (106424 batches, avg 41/batch = 8% of 512, 4392 evals/s, 311 msg/s, 14.1 leaves/msg, 1002s)
2026-08-07 21:44:54   [GPU] 4,450,006 evals (107540 batches, avg 41/batch = 8% of 512, 4398 evals/s, 311 msg/s, 14.1 leaves/msg, 1012s)
2026-08-07 21:45:06   [GPU] 4,500,043 evals (108852 batches, avg 41/batch = 8% of 512, 4396 evals/s, 311 msg/s, 14.1 leaves/msg, 1024s)
2026-08-07 21:45:10 [iter 5/40] self-play: 155/160 games...
2026-08-07 21:45:25   [GPU] 4,550,004 evals (110683 batches, avg 41/batch = 8% of 512, 4362 evals/s, 309 msg/s, 14.1 leaves/msg, 1043s)
2026-08-07 21:45:44   [GPU] 4,600,002 evals (112539 batches, avg 41/batch = 8% of 512, 4331 evals/s, 307 msg/s, 14.1 leaves/msg, 1062s)
2026-08-07 21:46:05   [GPU] 4,650,031 evals (114448 batches, avg 41/batch = 8% of 512, 4292 evals/s, 304 msg/s, 14.1 leaves/msg, 1083s)
2026-08-07 21:46:32   [GPU] 4,700,000 evals (116650 batches, avg 40/batch = 8% of 512, 4235 evals/s, 300 msg/s, 14.1 leaves/msg, 1110s)
2026-08-07 21:47:02   [GPU] 4,750,004 evals (118882 batches, avg 40/batch = 8% of 512, 4167 evals/s, 295 msg/s, 14.1 leaves/msg, 1140s)
2026-08-07 21:47:37   [GPU] 4,800,014 evals (121372 batches, avg 40/batch = 8% of 512, 4085 evals/s, 289 msg/s, 14.1 leaves/msg, 1175s)
2026-08-07 21:47:43 [iter 5/40] self-play: 160/160 games...
2026-08-07 21:47:43 [iter 5/40] self-play done: 160 games (1181s) | wins: P0=16, P1=52, P2=30, P3=37, draw=25 | draw_rate=16% avg_len~23
2026-08-07 21:47:43 [iter 5/40] search: expanded=6.6 actions/node visits/action=90.7 walls/game=5.92 first_wall_ply=1.875 learner_sims/s=4391.52
2026-08-07 21:47:43 [iter 5/40] training (600 steps, lr=9.78e-04)...
2026-08-07 21:47:49 [iter 5/40] training done: loss_p=1.585 loss_v=0.119 (5s)
2026-08-07 21:47:50 [iter 5/40] data: policy_wall_mass=0.126 walled_states=54% walls_on_board=15.8 value_mae walled=0.157 free=0.261
2026-08-07 21:47:50 [iter 5/40] eval skipped (eval_every=4)
2026-08-07 21:47:50 >>> iter 5 | loss_p=1.585 loss_v=0.119 | vs_best=n/a (not evaluated) | vs_rand=n/a | draw=16% | buf=44930 | rss=2.53GB | sp=1181s train=5s eval_best=0s eval_rand=0s | total=1188s
2026-08-07 21:47:50 [iter 6/40] self-play starting (160 games, 600 sims, MIXED 80/160 race-only)...
2026-08-07 21:47:50 [PARALLEL-MP] 8 workers spawned (160 games, sims=600), GPU batcher starting...
2026-08-07 21:48:06   [GPU] 50,011 evals (1439 batches, avg 35/batch = 7% of 512, 3150 evals/s, 219 msg/s, 14.4 leaves/msg, 16s)
2026-08-07 21:48:10 [iter 6/40] self-play: 5/160 games...
2026-08-07 21:48:20   [GPU] 100,005 evals (2867 batches, avg 35/batch = 7% of 512, 3415 evals/s, 248 msg/s, 13.7 leaves/msg, 29s)
2026-08-07 21:48:21 [iter 6/40] self-play: 10/160 games...
2026-08-07 21:48:38 [iter 6/40] self-play: 15/160 games...
2026-08-07 21:48:38   [GPU] 150,049 evals (4612 batches, avg 33/batch = 6% of 512, 3140 evals/s, 230 msg/s, 13.6 leaves/msg, 48s)
2026-08-07 21:48:56   [GPU] 200,040 evals (6244 batches, avg 32/batch = 6% of 512, 3038 evals/s, 220 msg/s, 13.8 leaves/msg, 66s)
2026-08-07 21:49:12   [GPU] 250,026 evals (7733 batches, avg 32/batch = 6% of 512, 3064 evals/s, 218 msg/s, 14.0 leaves/msg, 82s)
2026-08-07 21:49:24   [GPU] 300,018 evals (9024 batches, avg 33/batch = 6% of 512, 3208 evals/s, 227 msg/s, 14.2 leaves/msg, 94s)
2026-08-07 21:49:26 [iter 6/40] self-play: 20/160 games...
2026-08-07 21:49:35   [GPU] 350,025 evals (10210 batches, avg 34/batch = 7% of 512, 3343 evals/s, 236 msg/s, 14.2 leaves/msg, 105s)
2026-08-07 21:49:47   [GPU] 400,015 evals (11459 batches, avg 35/batch = 7% of 512, 3431 evals/s, 243 msg/s, 14.1 leaves/msg, 117s)
2026-08-07 21:49:58   [GPU] 450,004 evals (12641 batches, avg 36/batch = 7% of 512, 3518 evals/s, 248 msg/s, 14.2 leaves/msg, 128s)
2026-08-07 21:50:08   [GPU] 500,024 evals (13675 batches, avg 37/batch = 7% of 512, 3636 evals/s, 255 msg/s, 14.2 leaves/msg, 138s)
2026-08-07 21:50:16 [iter 6/40] self-play: 25/160 games...
2026-08-07 21:50:17   [GPU] 550,022 evals (14686 batches, avg 37/batch = 7% of 512, 3741 evals/s, 263 msg/s, 14.2 leaves/msg, 147s)
2026-08-07 21:50:27   [GPU] 600,019 evals (15728 batches, avg 38/batch = 7% of 512, 3837 evals/s, 269 msg/s, 14.2 leaves/msg, 156s)
2026-08-07 21:50:36   [GPU] 650,024 evals (16795 batches, avg 39/batch = 8% of 512, 3911 evals/s, 275 msg/s, 14.2 leaves/msg, 166s)
2026-08-07 21:50:46   [GPU] 700,027 evals (17888 batches, avg 39/batch = 8% of 512, 3974 evals/s, 280 msg/s, 14.2 leaves/msg, 176s)
2026-08-07 21:50:54 [iter 6/40] self-play: 30/160 games...
2026-08-07 21:50:56   [GPU] 750,016 evals (18974 batches, avg 40/batch = 8% of 512, 4031 evals/s, 285 msg/s, 14.1 leaves/msg, 186s)
2026-08-07 21:51:07   [GPU] 800,014 evals (20145 batches, avg 40/batch = 8% of 512, 4067 evals/s, 287 msg/s, 14.2 leaves/msg, 197s)
2026-08-07 21:51:16 [iter 6/40] self-play: 35/160 games...
2026-08-07 21:51:17   [GPU] 850,007 evals (21228 batches, avg 40/batch = 8% of 512, 4114 evals/s, 291 msg/s, 14.1 leaves/msg, 207s)
2026-08-07 21:51:28   [GPU] 900,058 evals (22431 batches, avg 40/batch = 8% of 512, 4137 evals/s, 293 msg/s, 14.1 leaves/msg, 218s)
2026-08-07 21:51:40   [GPU] 950,003 evals (23741 batches, avg 40/batch = 8% of 512, 4140 evals/s, 293 msg/s, 14.1 leaves/msg, 229s)
2026-08-07 21:51:40 [iter 6/40] self-play: 40/160 games...
2026-08-07 21:51:51   [GPU] 1,000,020 evals (25022 batches, avg 40/batch = 8% of 512, 4146 evals/s, 295 msg/s, 14.1 leaves/msg, 241s)
2026-08-07 21:51:59 [iter 6/40] self-play: 45/160 games...
2026-08-07 21:52:04   [GPU] 1,050,042 evals (26408 batches, avg 40/batch = 8% of 512, 4132 evals/s, 293 msg/s, 14.1 leaves/msg, 254s)
2026-08-07 21:52:17   [GPU] 1,100,046 evals (27744 batches, avg 40/batch = 8% of 512, 4126 evals/s, 293 msg/s, 14.1 leaves/msg, 267s)
2026-08-07 21:52:28 [iter 6/40] self-play: 50/160 games...
2026-08-07 21:52:28   [GPU] 1,150,063 evals (29004 batches, avg 40/batch = 8% of 512, 4134 evals/s, 293 msg/s, 14.1 leaves/msg, 278s)
2026-08-07 21:52:41   [GPU] 1,200,023 evals (30372 batches, avg 40/batch = 8% of 512, 4125 evals/s, 292 msg/s, 14.1 leaves/msg, 291s)
2026-08-07 21:52:52   [GPU] 1,250,019 evals (31518 batches, avg 40/batch = 8% of 512, 4144 evals/s, 293 msg/s, 14.1 leaves/msg, 302s)
2026-08-07 21:53:02   [GPU] 1,300,019 evals (32610 batches, avg 40/batch = 8% of 512, 4172 evals/s, 295 msg/s, 14.2 leaves/msg, 312s)
2026-08-07 21:53:12   [GPU] 1,350,033 evals (33709 batches, avg 40/batch = 8% of 512, 4197 evals/s, 297 msg/s, 14.1 leaves/msg, 322s)
2026-08-07 21:53:22   [GPU] 1,400,009 evals (34852 batches, avg 40/batch = 8% of 512, 4217 evals/s, 298 msg/s, 14.1 leaves/msg, 332s)
2026-08-07 21:53:30 [iter 6/40] self-play: 55/160 games...
2026-08-07 21:53:32   [GPU] 1,450,051 evals (35948 batches, avg 40/batch = 8% of 512, 4241 evals/s, 300 msg/s, 14.1 leaves/msg, 342s)
2026-08-07 21:53:41   [GPU] 1,500,004 evals (36935 batches, avg 41/batch = 8% of 512, 4276 evals/s, 302 msg/s, 14.1 leaves/msg, 351s)
2026-08-07 21:53:51   [GPU] 1,550,028 evals (38022 batches, avg 41/batch = 8% of 512, 4298 evals/s, 305 msg/s, 14.1 leaves/msg, 361s)
2026-08-07 21:54:02   [GPU] 1,600,022 evals (39214 batches, avg 41/batch = 8% of 512, 4307 evals/s, 305 msg/s, 14.1 leaves/msg, 372s)
2026-08-07 21:54:05 [iter 6/40] self-play: 60/160 games...
2026-08-07 21:54:13   [GPU] 1,650,019 evals (40429 batches, avg 41/batch = 8% of 512, 4310 evals/s, 306 msg/s, 14.1 leaves/msg, 383s)
2026-08-07 21:54:22 [iter 6/40] self-play: 65/160 games...
2026-08-07 21:54:26   [GPU] 1,700,011 evals (41794 batches, avg 41/batch = 8% of 512, 4298 evals/s, 305 msg/s, 14.1 leaves/msg, 396s)
2026-08-07 21:54:39   [GPU] 1,750,010 evals (43230 batches, avg 40/batch = 8% of 512, 4277 evals/s, 304 msg/s, 14.1 leaves/msg, 409s)
2026-08-07 21:54:49 [iter 6/40] self-play: 70/160 games...
2026-08-07 21:54:53   [GPU] 1,800,015 evals (44632 batches, avg 40/batch = 8% of 512, 4259 evals/s, 303 msg/s, 14.1 leaves/msg, 423s)
2026-08-07 21:55:06   [GPU] 1,850,010 evals (45973 batches, avg 40/batch = 8% of 512, 4243 evals/s, 301 msg/s, 14.1 leaves/msg, 436s)
2026-08-07 21:55:19   [GPU] 1,900,036 evals (47247 batches, avg 40/batch = 8% of 512, 4237 evals/s, 301 msg/s, 14.1 leaves/msg, 448s)
2026-08-07 21:55:26 [iter 6/40] self-play: 75/160 games...
2026-08-07 21:55:32   [GPU] 1,950,007 evals (48604 batches, avg 40/batch = 8% of 512, 4226 evals/s, 300 msg/s, 14.1 leaves/msg, 461s)
2026-08-07 21:55:45   [GPU] 2,000,042 evals (49955 batches, avg 40/batch = 8% of 512, 4211 evals/s, 299 msg/s, 14.1 leaves/msg, 475s)
2026-08-07 21:55:53 [iter 6/40] self-play: 80/160 games...
2026-08-07 21:55:58   [GPU] 2,050,004 evals (51284 batches, avg 40/batch = 8% of 512, 4202 evals/s, 299 msg/s, 14.1 leaves/msg, 488s)
2026-08-07 21:56:10   [GPU] 2,100,003 evals (52588 batches, avg 40/batch = 8% of 512, 4201 evals/s, 299 msg/s, 14.1 leaves/msg, 500s)
2026-08-07 21:56:13 [iter 6/40] self-play: 85/160 games...
2026-08-07 21:56:22   [GPU] 2,150,047 evals (53862 batches, avg 40/batch = 8% of 512, 4202 evals/s, 299 msg/s, 14.1 leaves/msg, 512s)
2026-08-07 21:56:34   [GPU] 2,200,013 evals (55153 batches, avg 40/batch = 8% of 512, 4200 evals/s, 298 msg/s, 14.1 leaves/msg, 524s)
2026-08-07 21:56:44   [GPU] 2,250,040 evals (56277 batches, avg 40/batch = 8% of 512, 4213 evals/s, 299 msg/s, 14.1 leaves/msg, 534s)
2026-08-07 21:56:55   [GPU] 2,300,025 evals (57431 batches, avg 40/batch = 8% of 512, 4223 evals/s, 300 msg/s, 14.1 leaves/msg, 545s)
2026-08-07 21:57:06   [GPU] 2,350,023 evals (58621 batches, avg 40/batch = 8% of 512, 4231 evals/s, 300 msg/s, 14.1 leaves/msg, 555s)
2026-08-07 21:57:16   [GPU] 2,400,047 evals (59750 batches, avg 40/batch = 8% of 512, 4239 evals/s, 300 msg/s, 14.1 leaves/msg, 566s)
2026-08-07 21:57:27   [GPU] 2,450,052 evals (60841 batches, avg 40/batch = 8% of 512, 4249 evals/s, 300 msg/s, 14.1 leaves/msg, 577s)
2026-08-07 21:57:33 [iter 6/40] self-play: 90/160 games...
2026-08-07 21:57:38   [GPU] 2,500,008 evals (61984 batches, avg 40/batch = 8% of 512, 4253 evals/s, 301 msg/s, 14.1 leaves/msg, 588s)
2026-08-07 21:57:50   [GPU] 2,550,044 evals (63146 batches, avg 40/batch = 8% of 512, 4254 evals/s, 301 msg/s, 14.1 leaves/msg, 600s)
2026-08-07 21:58:00   [GPU] 2,600,011 evals (64221 batches, avg 40/batch = 8% of 512, 4263 evals/s, 301 msg/s, 14.2 leaves/msg, 610s)
2026-08-07 21:58:06 [iter 6/40] self-play: 95/160 games...
2026-08-07 21:58:11   [GPU] 2,650,021 evals (65389 batches, avg 41/batch = 8% of 512, 4270 evals/s, 302 msg/s, 14.2 leaves/msg, 621s)
2026-08-07 21:58:20   [GPU] 2,700,018 evals (66447 batches, avg 41/batch = 8% of 512, 4286 evals/s, 303 msg/s, 14.1 leaves/msg, 630s)
2026-08-07 21:58:28 [iter 6/40] self-play: 100/160 games...
2026-08-07 21:58:31   [GPU] 2,750,043 evals (67676 batches, avg 41/batch = 8% of 512, 4293 evals/s, 304 msg/s, 14.1 leaves/msg, 641s)
2026-08-07 21:58:41 [iter 6/40] self-play: 105/160 games...
2026-08-07 21:58:43   [GPU] 2,800,028 evals (69064 batches, avg 41/batch = 8% of 512, 4288 evals/s, 304 msg/s, 14.1 leaves/msg, 653s)
2026-08-07 21:58:58   [GPU] 2,850,023 evals (70606 batches, avg 40/batch = 8% of 512, 4270 evals/s, 302 msg/s, 14.1 leaves/msg, 668s)
2026-08-07 21:59:03 [iter 6/40] self-play: 110/160 games...
2026-08-07 21:59:15   [GPU] 2,900,020 evals (72232 batches, avg 40/batch = 8% of 512, 4235 evals/s, 300 msg/s, 14.1 leaves/msg, 685s)
2026-08-07 21:59:32   [GPU] 2,950,025 evals (73769 batches, avg 40/batch = 8% of 512, 4205 evals/s, 298 msg/s, 14.1 leaves/msg, 702s)
2026-08-07 21:59:34 [iter 6/40] self-play: 115/160 games...
2026-08-07 21:59:45   [GPU] 3,000,001 evals (75093 batches, avg 40/batch = 8% of 512, 4197 evals/s, 297 msg/s, 14.1 leaves/msg, 715s)
2026-08-07 21:59:58   [GPU] 3,050,042 evals (76424 batches, avg 40/batch = 8% of 512, 4189 evals/s, 296 msg/s, 14.1 leaves/msg, 728s)
2026-08-07 22:00:12   [GPU] 3,100,046 evals (77754 batches, avg 40/batch = 8% of 512, 4178 evals/s, 295 msg/s, 14.2 leaves/msg, 742s)
2026-08-07 22:00:27   [GPU] 3,150,024 evals (79139 batches, avg 40/batch = 8% of 512, 4164 evals/s, 294 msg/s, 14.2 leaves/msg, 756s)
2026-08-07 22:00:32 [iter 6/40] self-play: 120/160 games...
2026-08-07 22:00:37   [GPU] 3,200,020 evals (80297 batches, avg 40/batch = 8% of 512, 4172 evals/s, 295 msg/s, 14.2 leaves/msg, 767s)
2026-08-07 22:00:48   [GPU] 3,250,044 evals (81486 batches, avg 40/batch = 8% of 512, 4179 evals/s, 295 msg/s, 14.2 leaves/msg, 778s)
2026-08-07 22:00:59   [GPU] 3,300,061 evals (82648 batches, avg 40/batch = 8% of 512, 4186 evals/s, 295 msg/s, 14.2 leaves/msg, 788s)
2026-08-07 22:01:08   [GPU] 3,350,009 evals (83694 batches, avg 40/batch = 8% of 512, 4199 evals/s, 296 msg/s, 14.2 leaves/msg, 798s)
2026-08-07 22:01:17   [GPU] 3,400,033 evals (84711 batches, avg 40/batch = 8% of 512, 4215 evals/s, 297 msg/s, 14.2 leaves/msg, 807s)
2026-08-07 22:01:22 [iter 6/40] self-play: 125/160 games...
2026-08-07 22:01:27   [GPU] 3,450,034 evals (85819 batches, avg 40/batch = 8% of 512, 4225 evals/s, 298 msg/s, 14.2 leaves/msg, 817s)
2026-08-07 22:01:38   [GPU] 3,500,040 evals (87035 batches, avg 40/batch = 8% of 512, 4230 evals/s, 298 msg/s, 14.2 leaves/msg, 828s)
2026-08-07 22:01:44 [iter 6/40] self-play: 130/160 games...
2026-08-07 22:01:48   [GPU] 3,550,026 evals (88156 batches, avg 40/batch = 8% of 512, 4239 evals/s, 299 msg/s, 14.2 leaves/msg, 838s)
2026-08-07 22:01:58   [GPU] 3,600,034 evals (89307 batches, avg 40/batch = 8% of 512, 4247 evals/s, 300 msg/s, 14.2 leaves/msg, 848s)
2026-08-07 22:02:09   [GPU] 3,650,032 evals (90551 batches, avg 40/batch = 8% of 512, 4250 evals/s, 300 msg/s, 14.2 leaves/msg, 859s)
2026-08-07 22:02:16 [iter 6/40] self-play: 135/160 games...
2026-08-07 22:02:20   [GPU] 3,700,035 evals (91753 batches, avg 40/batch = 8% of 512, 4256 evals/s, 300 msg/s, 14.2 leaves/msg, 869s)
2026-08-07 22:02:32   [GPU] 3,750,009 evals (93114 batches, avg 40/batch = 8% of 512, 4253 evals/s, 300 msg/s, 14.2 leaves/msg, 882s)
2026-08-07 22:02:35 [iter 6/40] self-play: 140/160 games...
2026-08-07 22:02:43   [GPU] 3,800,025 evals (94374 batches, avg 40/batch = 8% of 512, 4256 evals/s, 301 msg/s, 14.2 leaves/msg, 893s)
2026-08-07 22:02:56   [GPU] 3,850,012 evals (95741 batches, avg 40/batch = 8% of 512, 4251 evals/s, 300 msg/s, 14.2 leaves/msg, 906s)
2026-08-07 22:03:02 [iter 6/40] self-play: 145/160 games...
2026-08-07 22:03:08   [GPU] 3,900,032 evals (97039 batches, avg 40/batch = 8% of 512, 4248 evals/s, 300 msg/s, 14.2 leaves/msg, 918s)
2026-08-07 22:03:20   [GPU] 3,950,043 evals (98276 batches, avg 40/batch = 8% of 512, 4249 evals/s, 300 msg/s, 14.2 leaves/msg, 930s)
2026-08-07 22:03:29   [GPU] 4,000,027 evals (99321 batches, avg 40/batch = 8% of 512, 4260 evals/s, 301 msg/s, 14.2 leaves/msg, 939s)
2026-08-07 22:03:36 [iter 6/40] self-play: 150/160 games...
2026-08-07 22:03:40   [GPU] 4,050,015 evals (100564 batches, avg 40/batch = 8% of 512, 4263 evals/s, 301 msg/s, 14.1 leaves/msg, 950s)
2026-08-07 22:03:53   [GPU] 4,100,059 evals (101936 batches, avg 40/batch = 8% of 512, 4259 evals/s, 301 msg/s, 14.2 leaves/msg, 963s)
2026-08-07 22:03:55 [iter 6/40] self-play: 155/160 games...
2026-08-07 22:04:08   [GPU] 4,150,001 evals (103568 batches, avg 40/batch = 8% of 512, 4245 evals/s, 300 msg/s, 14.2 leaves/msg, 978s)
2026-08-07 22:04:26   [GPU] 4,200,001 evals (105277 batches, avg 40/batch = 8% of 512, 4218 evals/s, 298 msg/s, 14.2 leaves/msg, 996s)
2026-08-07 22:04:45   [GPU] 4,250,012 evals (107052 batches, avg 40/batch = 8% of 512, 4190 evals/s, 296 msg/s, 14.2 leaves/msg, 1014s)
2026-08-07 22:05:03   [GPU] 4,300,006 evals (108845 batches, avg 40/batch = 8% of 512, 4164 evals/s, 294 msg/s, 14.2 leaves/msg, 1033s)
2026-08-07 22:05:19 [iter 6/40] self-play: 160/160 games...
2026-08-07 22:05:19 [iter 6/40] self-play done: 160 games (1049s) | wins: P0=32, P1=45, P2=26, P3=38, draw=19 | draw_rate=12% avg_len~25
2026-08-07 22:05:19 [iter 6/40] search: expanded=7.1 actions/node visits/action=84.4 walls/game=5.86 first_wall_ply=1.688 learner_sims/s=4469.76
2026-08-07 22:05:19 [iter 6/40] training (600 steps, lr=9.66e-04)...
2026-08-07 22:05:24 [iter 6/40] training done: loss_p=1.569 loss_v=0.124 (5s)
2026-08-07 22:05:26 [iter 6/40] data: policy_wall_mass=0.151 walled_states=62% walls_on_board=18.6 value_mae walled=0.163 free=0.341
2026-08-07 22:05:27 [iter 6/40] eval skipped (eval_every=4)
2026-08-07 22:05:27 >>> iter 6 | loss_p=1.569 loss_v=0.124 | vs_best=n/a (not evaluated) | vs_rand=n/a | draw=12% | buf=52920 | rss=2.60GB | sp=1049s train=5s eval_best=0s eval_rand=0s | total=1056s
2026-08-07 22:05:27 [iter 7/40] self-play starting (160 games, 600 sims, MIXED 80/160 race-only)...
2026-08-07 22:05:27 [PARALLEL-MP] 8 workers spawned (160 games, sims=600), GPU batcher starting...
2026-08-07 22:05:42   [GPU] 50,017 evals (1468 batches, avg 34/batch = 7% of 512, 3175 evals/s, 217 msg/s, 14.7 leaves/msg, 16s)
2026-08-07 22:05:47 [iter 7/40] self-play: 5/160 games...
2026-08-07 22:05:56   [GPU] 100,001 evals (2869 batches, avg 35/batch = 7% of 512, 3419 evals/s, 252 msg/s, 13.6 leaves/msg, 29s)
2026-08-07 22:05:59 [iter 7/40] self-play: 10/160 games...
2026-08-07 22:06:12   [GPU] 150,049 evals (4476 batches, avg 34/batch = 7% of 512, 3309 evals/s, 245 msg/s, 13.5 leaves/msg, 45s)
2026-08-07 22:06:19 [iter 7/40] self-play: 15/160 games...
2026-08-07 22:06:29   [GPU] 200,020 evals (6083 batches, avg 33/batch = 6% of 512, 3225 evals/s, 236 msg/s, 13.7 leaves/msg, 62s)
2026-08-07 22:06:43   [GPU] 250,002 evals (7533 batches, avg 33/batch = 6% of 512, 3282 evals/s, 239 msg/s, 13.7 leaves/msg, 76s)
2026-08-07 22:06:55   [GPU] 300,029 evals (8820 batches, avg 34/batch = 7% of 512, 3407 evals/s, 245 msg/s, 13.9 leaves/msg, 88s)
2026-08-07 22:07:05   [GPU] 350,045 evals (9935 batches, avg 35/batch = 7% of 512, 3566 evals/s, 254 msg/s, 14.0 leaves/msg, 98s)
2026-08-07 22:07:15   [GPU] 400,043 evals (11067 batches, avg 36/batch = 7% of 512, 3690 evals/s, 264 msg/s, 14.0 leaves/msg, 108s)
2026-08-07 22:07:16 [iter 7/40] self-play: 20/160 games...
2026-08-07 22:07:26   [GPU] 450,006 evals (12257 batches, avg 37/batch = 7% of 512, 3770 evals/s, 270 msg/s, 14.0 leaves/msg, 119s)
2026-08-07 22:07:37   [GPU] 500,017 evals (13425 batches, avg 37/batch = 7% of 512, 3846 evals/s, 275 msg/s, 14.0 leaves/msg, 130s)
2026-08-07 22:07:39 [iter 7/40] self-play: 25/160 games...
2026-08-07 22:07:47   [GPU] 550,063 evals (14577 batches, avg 38/batch = 7% of 512, 3913 evals/s, 279 msg/s, 14.0 leaves/msg, 141s)
2026-08-07 22:07:59   [GPU] 600,026 evals (15792 batches, avg 38/batch = 7% of 512, 3949 evals/s, 281 msg/s, 14.0 leaves/msg, 152s)
2026-08-07 22:08:09   [GPU] 650,026 evals (16940 batches, avg 38/batch = 7% of 512, 3996 evals/s, 284 msg/s, 14.1 leaves/msg, 163s)
2026-08-07 22:08:19   [GPU] 700,024 evals (17999 batches, avg 39/batch = 8% of 512, 4061 evals/s, 288 msg/s, 14.1 leaves/msg, 172s)
2026-08-07 22:08:26 [iter 7/40] self-play: 30/160 games...
2026-08-07 22:08:30   [GPU] 750,051 evals (19131 batches, avg 39/batch = 8% of 512, 4097 evals/s, 291 msg/s, 14.1 leaves/msg, 183s)
2026-08-07 22:08:41   [GPU] 800,011 evals (20309 batches, avg 39/batch = 8% of 512, 4120 evals/s, 293 msg/s, 14.1 leaves/msg, 194s)
2026-08-07 22:08:52   [GPU] 850,017 evals (21500 batches, avg 40/batch = 8% of 512, 4137 evals/s, 294 msg/s, 14.1 leaves/msg, 205s)
2026-08-07 22:09:03 [iter 7/40] self-play: 35/160 games...
2026-08-07 22:09:04   [GPU] 900,013 evals (22740 batches, avg 40/batch = 8% of 512, 4139 evals/s, 294 msg/s, 14.1 leaves/msg, 217s)
2026-08-07 22:09:15   [GPU] 950,023 evals (23910 batches, avg 40/batch = 8% of 512, 4163 evals/s, 295 msg/s, 14.1 leaves/msg, 228s)
2026-08-07 22:09:26   [GPU] 1,000,028 evals (25121 batches, avg 40/batch = 8% of 512, 4175 evals/s, 297 msg/s, 14.1 leaves/msg, 240s)
2026-08-07 22:09:39 [iter 7/40] self-play: 40/160 games...
2026-08-07 22:09:39   [GPU] 1,050,024 evals (26457 batches, avg 40/batch = 8% of 512, 4158 evals/s, 296 msg/s, 14.0 leaves/msg, 253s)
2026-08-07 22:09:52   [GPU] 1,100,031 evals (27720 batches, avg 40/batch = 8% of 512, 4150 evals/s, 295 msg/s, 14.0 leaves/msg, 265s)
2026-08-07 22:10:05   [GPU] 1,150,005 evals (29053 batches, avg 40/batch = 8% of 512, 4138 evals/s, 294 msg/s, 14.1 leaves/msg, 278s)
2026-08-07 22:10:16   [GPU] 1,200,026 evals (30298 batches, avg 40/batch = 8% of 512, 4150 evals/s, 295 msg/s, 14.1 leaves/msg, 289s)
2026-08-07 22:10:16 [iter 7/40] self-play: 45/160 games...
2026-08-07 22:10:28   [GPU] 1,250,019 evals (31610 batches, avg 40/batch = 8% of 512, 4153 evals/s, 296 msg/s, 14.0 leaves/msg, 301s)
2026-08-07 22:10:39   [GPU] 1,300,027 evals (32827 batches, avg 40/batch = 8% of 512, 4162 evals/s, 296 msg/s, 14.1 leaves/msg, 312s)
2026-08-07 22:10:45 [iter 7/40] self-play: 50/160 games...
2026-08-07 22:10:50   [GPU] 1,350,002 evals (34074 batches, avg 40/batch = 8% of 512, 4169 evals/s, 297 msg/s, 14.0 leaves/msg, 324s)
2026-08-07 22:11:02   [GPU] 1,400,003 evals (35322 batches, avg 40/batch = 8% of 512, 4175 evals/s, 297 msg/s, 14.0 leaves/msg, 335s)
2026-08-07 22:11:10 [iter 7/40] self-play: 55/160 games...
2026-08-07 22:11:14   [GPU] 1,450,020 evals (36583 batches, avg 40/batch = 8% of 512, 4173 evals/s, 298 msg/s, 14.0 leaves/msg, 347s)
2026-08-07 22:11:26   [GPU] 1,500,010 evals (37842 batches, avg 40/batch = 8% of 512, 4171 evals/s, 297 msg/s, 14.0 leaves/msg, 360s)
2026-08-07 22:11:40   [GPU] 1,550,016 evals (39174 batches, avg 40/batch = 8% of 512, 4151 evals/s, 296 msg/s, 14.0 leaves/msg, 373s)
2026-08-07 22:11:52   [GPU] 1,600,013 evals (40417 batches, avg 40/batch = 8% of 512, 4154 evals/s, 295 msg/s, 14.1 leaves/msg, 385s)
2026-08-07 22:12:03   [GPU] 1,650,067 evals (41563 batches, avg 40/batch = 8% of 512, 4168 evals/s, 296 msg/s, 14.1 leaves/msg, 396s)
2026-08-07 22:12:05 [iter 7/40] self-play: 60/160 games...
2026-08-07 22:12:13   [GPU] 1,700,036 evals (42649 batches, avg 40/batch = 8% of 512, 4185 evals/s, 298 msg/s, 14.1 leaves/msg, 406s)
2026-08-07 22:12:22   [GPU] 1,750,032 evals (43689 batches, avg 40/batch = 8% of 512, 4208 evals/s, 299 msg/s, 14.1 leaves/msg, 416s)
2026-08-07 22:12:32   [GPU] 1,800,049 evals (44710 batches, avg 40/batch = 8% of 512, 4233 evals/s, 301 msg/s, 14.1 leaves/msg, 425s)
2026-08-07 22:12:42   [GPU] 1,850,017 evals (45785 batches, avg 40/batch = 8% of 512, 4254 evals/s, 303 msg/s, 14.0 leaves/msg, 435s)
2026-08-07 22:12:43 [iter 7/40] self-play: 65/160 games...
2026-08-07 22:12:52   [GPU] 1,900,024 evals (46959 batches, avg 40/batch = 8% of 512, 4265 evals/s, 304 msg/s, 14.0 leaves/msg, 445s)
2026-08-07 22:12:53 [iter 7/40] self-play: 70/160 games...
2026-08-07 22:13:05   [GPU] 1,950,001 evals (48338 batches, avg 40/batch = 8% of 512, 4255 evals/s, 304 msg/s, 14.0 leaves/msg, 458s)
2026-08-07 22:13:08 [iter 7/40] self-play: 75/160 games...
2026-08-07 22:13:20   [GPU] 2,000,005 evals (49913 batches, avg 40/batch = 8% of 512, 4221 evals/s, 302 msg/s, 14.0 leaves/msg, 474s)
2026-08-07 22:13:23 [iter 7/40] self-play: 80/160 games...
2026-08-07 22:13:36   [GPU] 2,050,009 evals (51470 batches, avg 40/batch = 8% of 512, 4186 evals/s, 299 msg/s, 14.0 leaves/msg, 490s)
2026-08-07 22:13:48 [iter 7/40] self-play: 85/160 games...
2026-08-07 22:13:51   [GPU] 2,100,009 evals (53009 batches, avg 40/batch = 8% of 512, 4161 evals/s, 298 msg/s, 14.0 leaves/msg, 505s)
2026-08-07 22:14:06   [GPU] 2,150,002 evals (54461 batches, avg 39/batch = 8% of 512, 4143 evals/s, 296 msg/s, 14.0 leaves/msg, 519s)
2026-08-07 22:14:20   [GPU] 2,200,041 evals (55810 batches, avg 39/batch = 8% of 512, 4127 evals/s, 295 msg/s, 14.0 leaves/msg, 533s)
2026-08-07 22:14:31   [GPU] 2,250,005 evals (56999 batches, avg 39/batch = 8% of 512, 4130 evals/s, 295 msg/s, 14.0 leaves/msg, 545s)
2026-08-07 22:14:36 [iter 7/40] self-play: 90/160 games...
2026-08-07 22:14:44   [GPU] 2,300,031 evals (58277 batches, avg 39/batch = 8% of 512, 4128 evals/s, 295 msg/s, 14.0 leaves/msg, 557s)
2026-08-07 22:14:55   [GPU] 2,350,038 evals (59457 batches, avg 40/batch = 8% of 512, 4135 evals/s, 295 msg/s, 14.0 leaves/msg, 568s)
2026-08-07 22:15:05   [GPU] 2,400,031 evals (60528 batches, avg 40/batch = 8% of 512, 4153 evals/s, 296 msg/s, 14.0 leaves/msg, 578s)
2026-08-07 22:15:15   [GPU] 2,450,020 evals (61722 batches, avg 40/batch = 8% of 512, 4163 evals/s, 297 msg/s, 14.0 leaves/msg, 589s)
2026-08-07 22:15:21 [iter 7/40] self-play: 95/160 games...
2026-08-07 22:15:26   [GPU] 2,500,011 evals (62996 batches, avg 40/batch = 8% of 512, 4168 evals/s, 298 msg/s, 14.0 leaves/msg, 600s)
2026-08-07 22:15:38   [GPU] 2,550,011 evals (64250 batches, avg 40/batch = 8% of 512, 4174 evals/s, 298 msg/s, 14.0 leaves/msg, 611s)
2026-08-07 22:15:49   [GPU] 2,600,028 evals (65526 batches, avg 40/batch = 8% of 512, 4176 evals/s, 298 msg/s, 14.0 leaves/msg, 623s)
2026-08-07 22:16:00   [GPU] 2,650,022 evals (66732 batches, avg 40/batch = 8% of 512, 4182 evals/s, 298 msg/s, 14.0 leaves/msg, 634s)
2026-08-07 22:16:10   [GPU] 2,700,008 evals (67828 batches, avg 40/batch = 8% of 512, 4196 evals/s, 299 msg/s, 14.0 leaves/msg, 644s)
2026-08-07 22:16:18 [iter 7/40] self-play: 100/160 games...
2026-08-07 22:16:20   [GPU] 2,750,023 evals (68897 batches, avg 40/batch = 8% of 512, 4210 evals/s, 300 msg/s, 14.0 leaves/msg, 653s)
2026-08-07 22:16:31   [GPU] 2,800,046 evals (70050 batches, avg 40/batch = 8% of 512, 4218 evals/s, 300 msg/s, 14.0 leaves/msg, 664s)
2026-08-07 22:16:41   [GPU] 2,850,045 evals (71145 batches, avg 40/batch = 8% of 512, 4229 evals/s, 301 msg/s, 14.0 leaves/msg, 674s)
2026-08-07 22:16:41 [iter 7/40] self-play: 105/160 games...
2026-08-07 22:16:52   [GPU] 2,900,005 evals (72361 batches, avg 40/batch = 8% of 512, 4234 evals/s, 302 msg/s, 14.0 leaves/msg, 685s)
2026-08-07 22:17:04 [iter 7/40] self-play: 110/160 games...
2026-08-07 22:17:04   [GPU] 2,950,016 evals (73653 batches, avg 40/batch = 8% of 512, 4231 evals/s, 302 msg/s, 14.0 leaves/msg, 697s)
2026-08-07 22:17:17   [GPU] 3,000,005 evals (75031 batches, avg 40/batch = 8% of 512, 4221 evals/s, 301 msg/s, 14.0 leaves/msg, 711s)
2026-08-07 22:17:19 [iter 7/40] self-play: 115/160 games...
2026-08-07 22:17:32   [GPU] 3,050,008 evals (76436 batches, avg 40/batch = 8% of 512, 4206 evals/s, 300 msg/s, 14.0 leaves/msg, 725s)
2026-08-07 22:17:47   [GPU] 3,100,028 evals (77917 batches, avg 40/batch = 8% of 512, 4186 evals/s, 299 msg/s, 14.0 leaves/msg, 741s)
2026-08-07 22:17:56 [iter 7/40] self-play: 120/160 games...
2026-08-07 22:17:59   [GPU] 3,150,014 evals (79166 batches, avg 40/batch = 8% of 512, 4186 evals/s, 298 msg/s, 14.0 leaves/msg, 753s)
2026-08-07 22:18:11   [GPU] 3,200,009 evals (80458 batches, avg 40/batch = 8% of 512, 4186 evals/s, 298 msg/s, 14.0 leaves/msg, 765s)
2026-08-07 22:18:23   [GPU] 3,250,024 evals (81691 batches, avg 40/batch = 8% of 512, 4188 evals/s, 298 msg/s, 14.0 leaves/msg, 776s)
2026-08-07 22:18:33   [GPU] 3,300,045 evals (82799 batches, avg 40/batch = 8% of 512, 4197 evals/s, 299 msg/s, 14.1 leaves/msg, 786s)
2026-08-07 22:18:43   [GPU] 3,350,018 evals (83874 batches, avg 40/batch = 8% of 512, 4208 evals/s, 299 msg/s, 14.1 leaves/msg, 796s)
2026-08-07 22:18:44 [iter 7/40] self-play: 125/160 games...
2026-08-07 22:18:54   [GPU] 3,400,030 evals (85030 batches, avg 40/batch = 8% of 512, 4213 evals/s, 300 msg/s, 14.1 leaves/msg, 807s)
2026-08-07 22:19:04   [GPU] 3,450,036 evals (86162 batches, avg 40/batch = 8% of 512, 4221 evals/s, 300 msg/s, 14.1 leaves/msg, 817s)
2026-08-07 22:19:13   [GPU] 3,500,004 evals (87163 batches, avg 40/batch = 8% of 512, 4235 evals/s, 301 msg/s, 14.1 leaves/msg, 826s)
2026-08-07 22:19:21 [iter 7/40] self-play: 130/160 games...
2026-08-07 22:19:23   [GPU] 3,550,000 evals (88229 batches, avg 40/batch = 8% of 512, 4246 evals/s, 302 msg/s, 14.1 leaves/msg, 836s)
2026-08-07 22:19:33   [GPU] 3,600,050 evals (89355 batches, avg 40/batch = 8% of 512, 4253 evals/s, 302 msg/s, 14.1 leaves/msg, 847s)
2026-08-07 22:19:42   [GPU] 3,650,016 evals (90372 batches, avg 40/batch = 8% of 512, 4265 evals/s, 303 msg/s, 14.1 leaves/msg, 856s)
2026-08-07 22:19:50 [iter 7/40] self-play: 135/160 games...
2026-08-07 22:19:53   [GPU] 3,700,009 evals (91515 batches, avg 40/batch = 8% of 512, 4272 evals/s, 304 msg/s, 14.1 leaves/msg, 866s)
2026-08-07 22:20:03   [GPU] 3,750,053 evals (92623 batches, avg 40/batch = 8% of 512, 4280 evals/s, 304 msg/s, 14.1 leaves/msg, 876s)
2026-08-07 22:20:14   [GPU] 3,800,005 evals (93838 batches, avg 40/batch = 8% of 512, 4282 evals/s, 305 msg/s, 14.0 leaves/msg, 887s)
2026-08-07 22:20:20 [iter 7/40] self-play: 140/160 games...
2026-08-07 22:20:24   [GPU] 3,850,030 evals (94950 batches, avg 41/batch = 8% of 512, 4290 evals/s, 306 msg/s, 14.0 leaves/msg, 897s)
2026-08-07 22:20:36   [GPU] 3,900,005 evals (96284 batches, avg 41/batch = 8% of 512, 4287 evals/s, 306 msg/s, 14.0 leaves/msg, 910s)
2026-08-07 22:20:43 [iter 7/40] self-play: 145/160 games...
2026-08-07 22:20:47   [GPU] 3,950,003 evals (97478 batches, avg 41/batch = 8% of 512, 4291 evals/s, 306 msg/s, 14.0 leaves/msg, 921s)
2026-08-07 22:21:00   [GPU] 4,000,029 evals (98785 batches, avg 40/batch = 8% of 512, 4288 evals/s, 306 msg/s, 14.0 leaves/msg, 933s)
2026-08-07 22:21:06 [iter 7/40] self-play: 150/160 games...
2026-08-07 22:21:12   [GPU] 4,050,019 evals (100128 batches, avg 40/batch = 8% of 512, 4284 evals/s, 305 msg/s, 14.0 leaves/msg, 945s)
2026-08-07 22:21:25   [GPU] 4,100,011 evals (101479 batches, avg 40/batch = 8% of 512, 4277 evals/s, 305 msg/s, 14.0 leaves/msg, 959s)
2026-08-07 22:21:40   [GPU] 4,150,001 evals (102979 batches, avg 40/batch = 8% of 512, 4264 evals/s, 304 msg/s, 14.0 leaves/msg, 973s)
2026-08-07 22:21:55   [GPU] 4,200,063 evals (104465 batches, avg 40/batch = 8% of 512, 4247 evals/s, 302 msg/s, 14.0 leaves/msg, 989s)
2026-08-07 22:22:04 [iter 7/40] self-play: 155/160 games...
2026-08-07 22:22:11   [GPU] 4,250,005 evals (105989 batches, avg 40/batch = 8% of 512, 4230 evals/s, 301 msg/s, 14.0 leaves/msg, 1005s)
2026-08-07 22:22:30   [GPU] 4,300,027 evals (107738 batches, avg 40/batch = 8% of 512, 4202 evals/s, 299 msg/s, 14.0 leaves/msg, 1023s)
2026-08-07 22:22:58   [GPU] 4,350,042 evals (109883 batches, avg 40/batch = 8% of 512, 4137 evals/s, 294 msg/s, 14.1 leaves/msg, 1052s)
2026-08-07 22:23:26   [GPU] 4,400,010 evals (112091 batches, avg 39/batch = 8% of 512, 4075 evals/s, 290 msg/s, 14.1 leaves/msg, 1080s)
2026-08-07 22:23:55   [GPU] 4,450,030 evals (114251 batches, avg 39/batch = 8% of 512, 4016 evals/s, 286 msg/s, 14.1 leaves/msg, 1108s)
2026-08-07 22:24:31   [GPU] 4,500,002 evals (116830 batches, avg 39/batch = 8% of 512, 3932 evals/s, 280 msg/s, 14.1 leaves/msg, 1145s)
2026-08-07 22:24:32 [iter 7/40] self-play: 160/160 games...
2026-08-07 22:24:33 [iter 7/40] self-play done: 160 games (1146s) | wins: P0=23, P1=34, P2=34, P3=45, draw=24 | draw_rate=15% avg_len~21
2026-08-07 22:24:33 [iter 7/40] search: expanded=7.1 actions/node visits/action=84.9 walls/game=5.97 first_wall_ply=1.587 learner_sims/s=4264.76
2026-08-07 22:24:33 [iter 7/40] training (600 steps, lr=9.51e-04)...
2026-08-07 22:24:38 [iter 7/40] training done: loss_p=1.552 loss_v=0.126 (5s)
2026-08-07 22:24:39 [iter 7/40] data: policy_wall_mass=0.145 walled_states=54% walls_on_board=15.1 value_mae walled=0.173 free=0.314
2026-08-07 22:24:40 [iter 7/40] eval skipped (eval_every=4)
2026-08-07 22:24:40 >>> iter 7 | loss_p=1.552 loss_v=0.126 | vs_best=n/a (not evaluated) | vs_rand=n/a | draw=15% | buf=59564 | rss=2.66GB | sp=1146s train=5s eval_best=0s eval_rand=0s | total=1153s
2026-08-07 22:24:40 [iter 8/40] self-play starting (160 games, 600 sims, MIXED 80/160 race-only)...
2026-08-07 22:24:40 [PARALLEL-MP] 8 workers spawned (160 games, sims=600), GPU batcher starting...
2026-08-07 22:24:56   [GPU] 50,007 evals (1512 batches, avg 33/batch = 6% of 512, 3130 evals/s, 219 msg/s, 14.3 leaves/msg, 16s)
2026-08-07 22:24:58 [iter 8/40] self-play: 5/160 games...
2026-08-07 22:25:10   [GPU] 100,027 evals (3092 batches, avg 32/batch = 6% of 512, 3252 evals/s, 242 msg/s, 13.5 leaves/msg, 31s)
2026-08-07 22:25:12 [iter 8/40] self-play: 10/160 games...
2026-08-07 22:25:28 [iter 8/40] self-play: 15/160 games...
2026-08-07 22:25:28   [GPU] 150,012 evals (4836 batches, avg 31/batch = 6% of 512, 3081 evals/s, 231 msg/s, 13.4 leaves/msg, 49s)
2026-08-07 22:25:47   [GPU] 200,031 evals (6538 batches, avg 31/batch = 6% of 512, 2977 evals/s, 221 msg/s, 13.5 leaves/msg, 67s)
2026-08-07 22:26:04   [GPU] 250,032 evals (8048 batches, avg 31/batch = 6% of 512, 2976 evals/s, 216 msg/s, 13.8 leaves/msg, 84s)
2026-08-07 22:26:13 [iter 8/40] self-play: 20/160 games...
2026-08-07 22:26:16   [GPU] 300,034 evals (9337 batches, avg 32/batch = 6% of 512, 3105 evals/s, 224 msg/s, 13.9 leaves/msg, 97s)
2026-08-07 22:26:27   [GPU] 350,037 evals (10545 batches, avg 33/batch = 6% of 512, 3248 evals/s, 232 msg/s, 14.0 leaves/msg, 108s)
2026-08-07 22:26:38   [GPU] 400,054 evals (11721 batches, avg 34/batch = 7% of 512, 3385 evals/s, 241 msg/s, 14.0 leaves/msg, 118s)
2026-08-07 22:26:48   [GPU] 450,014 evals (12919 batches, avg 35/batch = 7% of 512, 3491 evals/s, 248 msg/s, 14.1 leaves/msg, 129s)
2026-08-07 22:26:58   [GPU] 500,040 evals (14049 batches, avg 36/batch = 7% of 512, 3599 evals/s, 255 msg/s, 14.1 leaves/msg, 139s)
2026-08-07 22:27:08   [GPU] 550,033 evals (15061 batches, avg 37/batch = 7% of 512, 3717 evals/s, 263 msg/s, 14.1 leaves/msg, 148s)
2026-08-07 22:27:16   [GPU] 600,045 evals (16070 batches, avg 37/batch = 7% of 512, 3823 evals/s, 272 msg/s, 14.0 leaves/msg, 157s)
2026-08-07 22:27:17 [iter 8/40] self-play: 25/160 games...
2026-08-07 22:27:27   [GPU] 650,006 evals (17212 batches, avg 38/batch = 7% of 512, 3890 evals/s, 277 msg/s, 14.0 leaves/msg, 167s)
2026-08-07 22:27:37   [GPU] 700,018 evals (18339 batches, avg 38/batch = 7% of 512, 3954 evals/s, 282 msg/s, 14.0 leaves/msg, 177s)
2026-08-07 22:27:46   [GPU] 750,045 evals (19417 batches, avg 39/batch = 8% of 512, 4019 evals/s, 287 msg/s, 14.0 leaves/msg, 187s)
2026-08-07 22:27:47 [iter 8/40] self-play: 30/160 games...
2026-08-07 22:27:57   [GPU] 800,058 evals (20580 batches, avg 39/batch = 8% of 512, 4057 evals/s, 289 msg/s, 14.0 leaves/msg, 197s)
2026-08-07 22:28:07   [GPU] 850,023 evals (21700 batches, avg 39/batch = 8% of 512, 4103 evals/s, 293 msg/s, 14.0 leaves/msg, 207s)
2026-08-07 22:28:16 [iter 8/40] self-play: 35/160 games...
2026-08-07 22:28:17   [GPU] 900,004 evals (22873 batches, avg 39/batch = 8% of 512, 4138 evals/s, 296 msg/s, 14.0 leaves/msg, 217s)
2026-08-07 22:28:28   [GPU] 950,054 evals (24070 batches, avg 39/batch = 8% of 512, 4167 evals/s, 297 msg/s, 14.0 leaves/msg, 228s)
2026-08-07 22:28:38   [GPU] 1,000,000 evals (25294 batches, avg 40/batch = 8% of 512, 4185 evals/s, 299 msg/s, 14.0 leaves/msg, 239s)
2026-08-07 22:28:48 [iter 8/40] self-play: 40/160 games...
2026-08-07 22:28:50   [GPU] 1,050,031 evals (26581 batches, avg 40/batch = 8% of 512, 4191 evals/s, 300 msg/s, 14.0 leaves/msg, 251s)
2026-08-07 22:29:04   [GPU] 1,100,014 evals (28006 batches, avg 39/batch = 8% of 512, 4157 evals/s, 298 msg/s, 14.0 leaves/msg, 265s)
2026-08-07 22:29:09 [iter 8/40] self-play: 45/160 games...
2026-08-07 22:29:16   [GPU] 1,150,030 evals (29294 batches, avg 39/batch = 8% of 512, 4155 evals/s, 298 msg/s, 14.0 leaves/msg, 277s)
2026-08-07 22:29:31   [GPU] 1,200,042 evals (30721 batches, avg 39/batch = 8% of 512, 4116 evals/s, 294 msg/s, 14.0 leaves/msg, 292s)
2026-08-07 22:29:43   [GPU] 1,250,030 evals (31985 batches, avg 39/batch = 8% of 512, 4116 evals/s, 294 msg/s, 14.0 leaves/msg, 304s)
2026-08-07 22:29:53 [iter 8/40] self-play: 50/160 games...
2026-08-07 22:29:55   [GPU] 1,300,012 evals (33271 batches, avg 39/batch = 8% of 512, 4118 evals/s, 294 msg/s, 14.0 leaves/msg, 316s)
2026-08-07 22:30:07   [GPU] 1,350,015 evals (34620 batches, avg 39/batch = 8% of 512, 4117 evals/s, 293 msg/s, 14.0 leaves/msg, 328s)
2026-08-07 22:30:17   [GPU] 1,400,055 evals (35706 batches, avg 39/batch = 8% of 512, 4147 evals/s, 295 msg/s, 14.1 leaves/msg, 338s)
2026-08-07 22:30:27   [GPU] 1,450,033 evals (36815 batches, avg 39/batch = 8% of 512, 4173 evals/s, 298 msg/s, 14.0 leaves/msg, 347s)
2026-08-07 22:30:38   [GPU] 1,500,001 evals (38022 batches, avg 39/batch = 8% of 512, 4188 evals/s, 298 msg/s, 14.0 leaves/msg, 358s)
2026-08-07 22:30:38 [iter 8/40] self-play: 55/160 games...
2026-08-07 22:30:47   [GPU] 1,550,002 evals (39024 batches, avg 40/batch = 8% of 512, 4222 evals/s, 300 msg/s, 14.1 leaves/msg, 367s)
2026-08-07 22:30:55   [GPU] 1,600,027 evals (39987 batches, avg 40/batch = 8% of 512, 4257 evals/s, 302 msg/s, 14.1 leaves/msg, 376s)
2026-08-07 22:31:05   [GPU] 1,650,018 evals (41111 batches, avg 40/batch = 8% of 512, 4275 evals/s, 304 msg/s, 14.0 leaves/msg, 386s)
2026-08-07 22:31:13 [iter 8/40] self-play: 60/160 games...
2026-08-07 22:31:16   [GPU] 1,700,012 evals (42238 batches, avg 40/batch = 8% of 512, 4292 evals/s, 305 msg/s, 14.1 leaves/msg, 396s)
2026-08-07 22:31:27   [GPU] 1,750,033 evals (43470 batches, avg 40/batch = 8% of 512, 4299 evals/s, 306 msg/s, 14.1 leaves/msg, 407s)
2026-08-07 22:31:38 [iter 8/40] self-play: 65/160 games...
2026-08-07 22:31:38   [GPU] 1,800,032 evals (44720 batches, avg 40/batch = 8% of 512, 4302 evals/s, 306 msg/s, 14.1 leaves/msg, 418s)
2026-08-07 22:31:50   [GPU] 1,850,028 evals (46060 batches, avg 40/batch = 8% of 512, 4296 evals/s, 306 msg/s, 14.0 leaves/msg, 431s)
2026-08-07 22:31:54 [iter 8/40] self-play: 70/160 games...
2026-08-07 22:32:02   [GPU] 1,900,005 evals (47412 batches, avg 40/batch = 8% of 512, 4291 evals/s, 306 msg/s, 14.0 leaves/msg, 443s)
2026-08-07 22:32:13   [GPU] 1,950,038 evals (48619 batches, avg 40/batch = 8% of 512, 4297 evals/s, 306 msg/s, 14.1 leaves/msg, 454s)
2026-08-07 22:32:26   [GPU] 2,000,003 evals (49987 batches, avg 40/batch = 8% of 512, 4287 evals/s, 305 msg/s, 14.1 leaves/msg, 466s)
2026-08-07 22:32:28 [iter 8/40] self-play: 75/160 games...
2026-08-07 22:32:37   [GPU] 2,050,025 evals (51224 batches, avg 40/batch = 8% of 512, 4290 evals/s, 305 msg/s, 14.1 leaves/msg, 478s)
2026-08-07 22:32:48   [GPU] 2,100,025 evals (52385 batches, avg 40/batch = 8% of 512, 4300 evals/s, 306 msg/s, 14.1 leaves/msg, 488s)
2026-08-07 22:32:59   [GPU] 2,150,037 evals (53567 batches, avg 40/batch = 8% of 512, 4309 evals/s, 306 msg/s, 14.1 leaves/msg, 499s)
2026-08-07 22:33:08   [GPU] 2,200,000 evals (54602 batches, avg 40/batch = 8% of 512, 4329 evals/s, 308 msg/s, 14.1 leaves/msg, 508s)
2026-08-07 22:33:17   [GPU] 2,250,021 evals (55597 batches, avg 40/batch = 8% of 512, 4351 evals/s, 309 msg/s, 14.1 leaves/msg, 517s)
2026-08-07 22:33:23 [iter 8/40] self-play: 80/160 games...
2026-08-07 22:33:26   [GPU] 2,300,033 evals (56583 batches, avg 41/batch = 8% of 512, 4371 evals/s, 310 msg/s, 14.1 leaves/msg, 526s)
2026-08-07 22:33:36   [GPU] 2,350,042 evals (57701 batches, avg 41/batch = 8% of 512, 4382 evals/s, 311 msg/s, 14.1 leaves/msg, 536s)
2026-08-07 22:33:47   [GPU] 2,400,010 evals (58862 batches, avg 41/batch = 8% of 512, 4388 evals/s, 311 msg/s, 14.1 leaves/msg, 547s)
2026-08-07 22:33:55   [GPU] 2,450,052 evals (59854 batches, avg 41/batch = 8% of 512, 4407 evals/s, 313 msg/s, 14.1 leaves/msg, 556s)
2026-08-07 22:34:04   [GPU] 2,500,043 evals (60836 batches, avg 41/batch = 8% of 512, 4426 evals/s, 314 msg/s, 14.1 leaves/msg, 565s)
2026-08-07 22:34:07 [iter 8/40] self-play: 85/160 games...
2026-08-07 22:34:14   [GPU] 2,550,048 evals (61940 batches, avg 41/batch = 8% of 512, 4437 evals/s, 315 msg/s, 14.1 leaves/msg, 575s)
2026-08-07 22:34:21 [iter 8/40] self-play: 90/160 games...
2026-08-07 22:34:25   [GPU] 2,600,011 evals (63173 batches, avg 41/batch = 8% of 512, 4440 evals/s, 316 msg/s, 14.0 leaves/msg, 586s)
2026-08-07 22:34:38   [GPU] 2,650,013 evals (64598 batches, avg 41/batch = 8% of 512, 4428 evals/s, 315 msg/s, 14.0 leaves/msg, 598s)
2026-08-07 22:34:40 [iter 8/40] self-play: 95/160 games...
2026-08-07 22:34:52   [GPU] 2,700,003 evals (66042 batches, avg 41/batch = 8% of 512, 4408 evals/s, 314 msg/s, 14.0 leaves/msg, 612s)
2026-08-07 22:34:59 [iter 8/40] self-play: 100/160 games...
2026-08-07 22:35:07   [GPU] 2,750,019 evals (67574 batches, avg 41/batch = 8% of 512, 4382 evals/s, 312 msg/s, 14.0 leaves/msg, 628s)
2026-08-07 22:35:17 [iter 8/40] self-play: 105/160 games...
2026-08-07 22:35:24   [GPU] 2,800,004 evals (69106 batches, avg 41/batch = 8% of 512, 4348 evals/s, 310 msg/s, 14.0 leaves/msg, 644s)
2026-08-07 22:35:37   [GPU] 2,850,020 evals (70439 batches, avg 40/batch = 8% of 512, 4333 evals/s, 309 msg/s, 14.0 leaves/msg, 658s)
2026-08-07 22:35:48   [GPU] 2,900,010 evals (71603 batches, avg 41/batch = 8% of 512, 4339 evals/s, 309 msg/s, 14.1 leaves/msg, 668s)
2026-08-07 22:35:58   [GPU] 2,950,004 evals (72721 batches, avg 41/batch = 8% of 512, 4348 evals/s, 309 msg/s, 14.1 leaves/msg, 678s)
2026-08-07 22:36:08   [GPU] 3,000,042 evals (73858 batches, avg 41/batch = 8% of 512, 4357 evals/s, 310 msg/s, 14.1 leaves/msg, 689s)
2026-08-07 22:36:18   [GPU] 3,050,036 evals (74960 batches, avg 41/batch = 8% of 512, 4368 evals/s, 310 msg/s, 14.1 leaves/msg, 698s)
2026-08-07 22:36:27   [GPU] 3,100,026 evals (75992 batches, avg 41/batch = 8% of 512, 4381 evals/s, 311 msg/s, 14.1 leaves/msg, 708s)
2026-08-07 22:36:36   [GPU] 3,150,044 evals (76975 batches, avg 41/batch = 8% of 512, 4397 evals/s, 312 msg/s, 14.1 leaves/msg, 716s)
2026-08-07 22:36:37 [iter 8/40] self-play: 110/160 games...
2026-08-07 22:36:45   [GPU] 3,200,047 evals (78045 batches, avg 41/batch = 8% of 512, 4408 evals/s, 313 msg/s, 14.1 leaves/msg, 726s)
2026-08-07 22:36:55   [GPU] 3,250,017 evals (79075 batches, avg 41/batch = 8% of 512, 4420 evals/s, 314 msg/s, 14.1 leaves/msg, 735s)
2026-08-07 22:37:03   [GPU] 3,300,049 evals (79981 batches, avg 41/batch = 8% of 512, 4439 evals/s, 315 msg/s, 14.1 leaves/msg, 743s)
2026-08-07 22:37:11   [GPU] 3,350,009 evals (80912 batches, avg 41/batch = 8% of 512, 4457 evals/s, 317 msg/s, 14.1 leaves/msg, 752s)
2026-08-07 22:37:14 [iter 8/40] self-play: 115/160 games...
2026-08-07 22:37:20   [GPU] 3,400,062 evals (81948 batches, avg 41/batch = 8% of 512, 4468 evals/s, 317 msg/s, 14.1 leaves/msg, 761s)
2026-08-07 22:37:30   [GPU] 3,450,009 evals (83035 batches, avg 42/batch = 8% of 512, 4477 evals/s, 318 msg/s, 14.1 leaves/msg, 771s)
2026-08-07 22:37:40   [GPU] 3,500,002 evals (84209 batches, avg 42/batch = 8% of 512, 4482 evals/s, 319 msg/s, 14.1 leaves/msg, 781s)
2026-08-07 22:37:42 [iter 8/40] self-play: 120/160 games...
2026-08-07 22:37:52   [GPU] 3,550,045 evals (85466 batches, avg 42/batch = 8% of 512, 4482 evals/s, 319 msg/s, 14.0 leaves/msg, 792s)
2026-08-07 22:37:56 [iter 8/40] self-play: 125/160 games...
2026-08-07 22:38:04   [GPU] 3,600,012 evals (86896 batches, avg 41/batch = 8% of 512, 4474 evals/s, 319 msg/s, 14.0 leaves/msg, 805s)
2026-08-07 22:38:11 [iter 8/40] self-play: 130/160 games...
2026-08-07 22:38:20   [GPU] 3,650,015 evals (88548 batches, avg 41/batch = 8% of 512, 4446 evals/s, 317 msg/s, 14.0 leaves/msg, 821s)
2026-08-07 22:38:32 [iter 8/40] self-play: 135/160 games...
2026-08-07 22:38:35   [GPU] 3,700,004 evals (90108 batches, avg 41/batch = 8% of 512, 4429 evals/s, 316 msg/s, 14.0 leaves/msg, 835s)
2026-08-07 22:38:48   [GPU] 3,750,040 evals (91502 batches, avg 41/batch = 8% of 512, 4421 evals/s, 316 msg/s, 14.0 leaves/msg, 848s)
2026-08-07 22:39:02 [iter 8/40] self-play: 140/160 games...
2026-08-07 22:39:02   [GPU] 3,800,026 evals (92972 batches, avg 41/batch = 8% of 512, 4407 evals/s, 315 msg/s, 14.0 leaves/msg, 862s)
2026-08-07 22:39:14   [GPU] 3,850,034 evals (94240 batches, avg 41/batch = 8% of 512, 4404 evals/s, 315 msg/s, 14.0 leaves/msg, 874s)
2026-08-07 22:39:25   [GPU] 3,900,047 evals (95478 batches, avg 41/batch = 8% of 512, 4404 evals/s, 314 msg/s, 14.0 leaves/msg, 885s)
2026-08-07 22:39:35 [iter 8/40] self-play: 145/160 games...
2026-08-07 22:39:35   [GPU] 3,950,010 evals (96607 batches, avg 41/batch = 8% of 512, 4411 evals/s, 315 msg/s, 14.0 leaves/msg, 895s)
2026-08-07 22:39:46   [GPU] 4,000,058 evals (97820 batches, avg 41/batch = 8% of 512, 4414 evals/s, 315 msg/s, 14.0 leaves/msg, 906s)
2026-08-07 22:39:57   [GPU] 4,050,025 evals (99049 batches, avg 41/batch = 8% of 512, 4415 evals/s, 315 msg/s, 14.0 leaves/msg, 917s)
2026-08-07 22:40:07   [GPU] 4,100,038 evals (100157 batches, avg 41/batch = 8% of 512, 4423 evals/s, 316 msg/s, 14.0 leaves/msg, 927s)
2026-08-07 22:40:13 [iter 8/40] self-play: 150/160 games...
2026-08-07 22:40:18   [GPU] 4,150,022 evals (101420 batches, avg 41/batch = 8% of 512, 4422 evals/s, 316 msg/s, 14.0 leaves/msg, 938s)
2026-08-07 22:40:28   [GPU] 4,200,012 evals (102606 batches, avg 41/batch = 8% of 512, 4426 evals/s, 316 msg/s, 14.0 leaves/msg, 949s)
2026-08-07 22:40:39   [GPU] 4,250,022 evals (103775 batches, avg 41/batch = 8% of 512, 4432 evals/s, 316 msg/s, 14.0 leaves/msg, 959s)
2026-08-07 22:40:42 [iter 8/40] self-play: 155/160 games...
2026-08-07 22:40:52   [GPU] 4,300,015 evals (105221 batches, avg 41/batch = 8% of 512, 4422 evals/s, 316 msg/s, 14.0 leaves/msg, 972s)
2026-08-07 22:41:14   [GPU] 4,350,000 evals (107209 batches, avg 41/batch = 8% of 512, 4376 evals/s, 312 msg/s, 14.0 leaves/msg, 994s)
2026-08-07 22:41:34   [GPU] 4,400,025 evals (109153 batches, avg 40/batch = 8% of 512, 4336 evals/s, 310 msg/s, 14.0 leaves/msg, 1015s)
2026-08-07 22:42:29   [GPU] 4,450,011 evals (112248 batches, avg 40/batch = 8% of 512, 4160 evals/s, 297 msg/s, 14.0 leaves/msg, 1070s)
2026-08-07 22:42:51 [iter 8/40] self-play: 160/160 games...
2026-08-07 22:42:51 [iter 8/40] self-play done: 160 games (1091s) | wins: P0=40, P1=39, P2=27, P3=33, draw=21 | draw_rate=13% avg_len~24
2026-08-07 22:42:51 [iter 8/40] search: expanded=6.6 actions/node visits/action=90.6 walls/game=5.94 first_wall_ply=1.738 learner_sims/s=4441.93
2026-08-07 22:42:51 [iter 8/40] training (600 steps, lr=9.34e-04)...
2026-08-07 22:42:56 [iter 8/40] training done: loss_p=1.539 loss_v=0.129 (5s)
2026-08-07 22:42:57 [iter 8/40] data: policy_wall_mass=0.137 walled_states=60% walls_on_board=18.3 value_mae walled=0.169 free=0.318
2026-08-07 22:42:59 [iter 8/40] eval vs best SKIPPED (gate held until win_vs_greedy > 0.00)
2026-08-07 22:42:59 [iter 8/40] eval vs random (40 games, 600 sims)...
2026-08-07 22:42:59 [EVAL-MP] 8 workers spawned (40 vs_random games, sims=600), GPU batcher starting...
2026-08-07 22:43:18   [GPU] 50,034 evals (1353 batches, avg 37/batch = 7% of 512, 2700 evals/s, 177 msg/s, 15.2 leaves/msg, 19s)
2026-08-07 22:43:28   [GPU] 100,000 evals (2406 batches, avg 42/batch = 8% of 512, 3477 evals/s, 230 msg/s, 15.1 leaves/msg, 29s)
2026-08-07 22:43:39   [GPU] 150,007 evals (3601 batches, avg 42/batch = 8% of 512, 3739 evals/s, 250 msg/s, 14.9 leaves/msg, 40s)
2026-08-07 22:43:48 [iter 8/40] eval vs random: 5/40 games (48s, cand 100%)
2026-08-07 22:43:49   [GPU] 200,007 evals (4643 batches, avg 43/batch = 8% of 512, 4010 evals/s, 268 msg/s, 14.9 leaves/msg, 50s)
2026-08-07 22:44:02   [GPU] 250,002 evals (5941 batches, avg 42/batch = 8% of 512, 3992 evals/s, 269 msg/s, 14.9 leaves/msg, 63s)
2026-08-07 22:44:11   [GPU] 300,028 evals (6982 batches, avg 43/batch = 8% of 512, 4157 evals/s, 279 msg/s, 14.9 leaves/msg, 72s)
2026-08-07 22:44:15 [iter 8/40] eval vs random: 10/40 games (75s, cand 100%)
2026-08-07 22:44:22   [GPU] 350,030 evals (8084 batches, avg 43/batch = 8% of 512, 4251 evals/s, 288 msg/s, 14.8 leaves/msg, 82s)
2026-08-07 22:44:32 [iter 8/40] eval vs random: 15/40 games (93s, cand 71%)
2026-08-07 22:44:33   [GPU] 400,029 evals (9329 batches, avg 43/batch = 8% of 512, 4251 evals/s, 288 msg/s, 14.8 leaves/msg, 94s)
2026-08-07 22:44:45   [GPU] 450,011 evals (10552 batches, avg 43/batch = 8% of 512, 4257 evals/s, 289 msg/s, 14.7 leaves/msg, 106s)
2026-08-07 22:44:47 [iter 8/40] eval vs random: 20/40 games (108s, cand 82%)
2026-08-07 22:44:57   [GPU] 500,042 evals (11774 batches, avg 42/batch = 8% of 512, 4262 evals/s, 290 msg/s, 14.7 leaves/msg, 117s)
2026-08-07 22:45:07   [GPU] 550,034 evals (12918 batches, avg 43/batch = 8% of 512, 4317 evals/s, 296 msg/s, 14.6 leaves/msg, 127s)
2026-08-07 22:45:08 [iter 8/40] eval vs random: 25/40 games (128s, cand 86%)
2026-08-07 22:45:18   [GPU] 600,072 evals (14136 batches, avg 42/batch = 8% of 512, 4319 evals/s, 297 msg/s, 14.6 leaves/msg, 139s)
2026-08-07 22:45:29   [GPU] 650,016 evals (15326 batches, avg 42/batch = 8% of 512, 4335 evals/s, 297 msg/s, 14.6 leaves/msg, 150s)
2026-08-07 22:45:35 [iter 8/40] eval vs random: 30/40 games (156s, cand 88%)
2026-08-07 22:45:40   [GPU] 700,020 evals (16538 batches, avg 42/batch = 8% of 512, 4350 evals/s, 298 msg/s, 14.6 leaves/msg, 161s)
2026-08-07 22:45:52 [iter 8/40] eval vs random: 35/40 games (172s, cand 89%)
2026-08-07 22:45:52   [GPU] 750,007 evals (17871 batches, avg 42/batch = 8% of 512, 4335 evals/s, 299 msg/s, 14.5 leaves/msg, 173s)
2026-08-07 22:46:17   [GPU] 800,026 evals (19816 batches, avg 40/batch = 8% of 512, 4051 evals/s, 279 msg/s, 14.5 leaves/msg, 197s)
2026-08-07 22:46:46 [iter 8/40] eval vs random: 40/40 games (227s, cand 90%)
2026-08-07 22:46:47 [iter 8/40] eval vs random done: 90.0% (227s)
2026-08-07 22:46:47 [iter 8/40] eval vs greedy (80 games, 600 sims)...
2026-08-07 22:46:47 [EVAL-MP] 8 workers spawned (80 vs_greedy games, sims=600), GPU batcher starting...
2026-08-07 22:47:03 [iter 8/40] eval vs greedy: 5/80 games (17s, cand 0%)
2026-08-07 22:47:11   [GPU] 50,026 evals (1690 batches, avg 30/batch = 6% of 512, 2086 evals/s, 139 msg/s, 15.0 leaves/msg, 24s)
2026-08-07 22:47:16 [iter 8/40] eval vs greedy: 10/80 games (29s, cand 0%)
2026-08-07 22:47:21 [iter 8/40] eval vs greedy: 15/80 games (34s, cand 0%)
2026-08-07 22:47:31   [GPU] 100,024 evals (3367 batches, avg 30/batch = 6% of 512, 2233 evals/s, 149 msg/s, 15.0 leaves/msg, 45s)
2026-08-07 22:47:31 [iter 8/40] eval vs greedy: 20/80 games (45s, cand 0%)
2026-08-07 22:47:45 [iter 8/40] eval vs greedy: 25/80 games (59s, cand 0%)
2026-08-07 22:47:49 [iter 8/40] eval vs greedy: 30/80 games (63s, cand 0%)
2026-08-07 22:47:53   [GPU] 150,033 evals (5121 batches, avg 29/batch = 6% of 512, 2260 evals/s, 151 msg/s, 15.0 leaves/msg, 66s)
2026-08-07 22:48:01 [iter 8/40] eval vs greedy: 35/80 games (74s, cand 0%)
2026-08-07 22:48:10 [iter 8/40] eval vs greedy: 40/80 games (83s, cand 0%)
2026-08-07 22:48:14   [GPU] 200,044 evals (6831 batches, avg 29/batch = 6% of 512, 2298 evals/s, 153 msg/s, 15.0 leaves/msg, 87s)
2026-08-07 22:48:17 [iter 8/40] eval vs greedy: 45/80 games (91s, cand 0%)
2026-08-07 22:48:28 [iter 8/40] eval vs greedy: 50/80 games (102s, cand 0%)
2026-08-07 22:48:35   [GPU] 250,009 evals (8531 batches, avg 29/batch = 6% of 512, 2313 evals/s, 154 msg/s, 15.0 leaves/msg, 108s)
2026-08-07 22:48:35 [iter 8/40] eval vs greedy: 55/80 games (109s, cand 0%)
2026-08-07 22:48:45 [iter 8/40] eval vs greedy: 60/80 games (119s, cand 0%)
2026-08-07 22:48:54 [iter 8/40] eval vs greedy: 65/80 games (127s, cand 2%)
2026-08-07 22:48:56   [GPU] 300,010 evals (10250 batches, avg 29/batch = 6% of 512, 2316 evals/s, 154 msg/s, 15.0 leaves/msg, 130s)
2026-08-07 22:49:04 [iter 8/40] eval vs greedy: 70/80 games (138s, cand 1%)
2026-08-07 22:49:15 [iter 8/40] eval vs greedy: 75/80 games (149s, cand 1%)
2026-08-07 22:49:43   [GPU] 350,000 evals (12533 batches, avg 28/batch = 5% of 512, 1984 evals/s, 132 msg/s, 15.0 leaves/msg, 176s)
2026-08-07 22:49:45 [iter 8/40] eval vs greedy: 80/80 games (179s, cand 1%)
2026-08-07 22:49:46 [iter 8/40] eval vs greedy done: 1.2% of 80 decided [seat0:0/20 seat1:1/20 seat2:0/20 seat3:0/20] (179s)
2026-08-07 22:49:46 [iter 8/40] GATE ARMED: win_vs_greedy=1.2% > 0.00. Champion seeded from this iteration; gating resumes at the next eval.
2026-08-07 22:49:46 [iter 8/40] eval vs minimax (depth 2, 80 games)...
2026-08-07 22:49:46 [EVAL-MP] 8 workers spawned (80 vs_minimax games, sims=600), GPU batcher starting...
2026-08-07 22:50:12   [GPU] 50,012 evals (1732 batches, avg 29/batch = 6% of 512, 1918 evals/s, 125 msg/s, 15.3 leaves/msg, 26s)
2026-08-07 22:50:22 [iter 8/40] eval vs minimax: 5/80 games (0%)
2026-08-07 22:50:24   [GPU] 100,017 evals (2945 batches, avg 34/batch = 7% of 512, 2620 evals/s, 179 msg/s, 14.6 leaves/msg, 38s)
2026-08-07 22:50:46   [GPU] 150,037 evals (4607 batches, avg 33/batch = 6% of 512, 2508 evals/s, 170 msg/s, 14.7 leaves/msg, 60s)
2026-08-07 22:50:50 [iter 8/40] eval vs minimax: 10/80 games (0%)
2026-08-07 22:51:02   [GPU] 200,018 evals (6089 batches, avg 33/batch = 6% of 512, 2630 evals/s, 180 msg/s, 14.6 leaves/msg, 76s)
2026-08-07 22:51:03 [iter 8/40] eval vs minimax: 15/80 games (0%)
2026-08-07 22:51:19   [GPU] 250,019 evals (7608 batches, avg 33/batch = 6% of 512, 2668 evals/s, 182 msg/s, 14.6 leaves/msg, 94s)
2026-08-07 22:51:25 [iter 8/40] eval vs minimax: 20/80 games (0%)
2026-08-07 22:51:37   [GPU] 300,011 evals (9182 batches, avg 33/batch = 6% of 512, 2695 evals/s, 185 msg/s, 14.6 leaves/msg, 111s)
2026-08-07 22:51:51 [iter 8/40] eval vs minimax: 25/80 games (0%)
2026-08-07 22:51:52   [GPU] 350,038 evals (10614 batches, avg 33/batch = 6% of 512, 2771 evals/s, 192 msg/s, 14.5 leaves/msg, 126s)
2026-08-07 22:52:05 [iter 8/40] eval vs minimax: 30/80 games (0%)
2026-08-07 22:52:14   [GPU] 400,010 evals (12337 batches, avg 32/batch = 6% of 512, 2696 evals/s, 186 msg/s, 14.5 leaves/msg, 148s)
2026-08-07 22:52:25 [iter 8/40] eval vs minimax: 35/80 games (0%)
2026-08-07 22:52:26   [GPU] 450,005 evals (13589 batches, avg 33/batch = 6% of 512, 2802 evals/s, 194 msg/s, 14.4 leaves/msg, 161s)
2026-08-07 22:52:49   [GPU] 500,027 evals (15344 batches, avg 33/batch = 6% of 512, 2733 evals/s, 189 msg/s, 14.5 leaves/msg, 183s)
2026-08-07 22:52:57 [iter 8/40] eval vs minimax: 40/80 games (0%)
2026-08-07 22:53:00   [GPU] 550,028 evals (16538 batches, avg 33/batch = 6% of 512, 2824 evals/s, 196 msg/s, 14.4 leaves/msg, 195s)
2026-08-07 22:53:02 [iter 8/40] eval vs minimax: 45/80 games (0%)
2026-08-07 22:53:23   [GPU] 600,004 evals (18293 batches, avg 33/batch = 6% of 512, 2757 evals/s, 191 msg/s, 14.4 leaves/msg, 218s)
2026-08-07 22:53:33 [iter 8/40] eval vs minimax: 50/80 games (0%)
2026-08-07 22:53:35   [GPU] 650,019 evals (19481 batches, avg 33/batch = 7% of 512, 2836 evals/s, 197 msg/s, 14.4 leaves/msg, 229s)
2026-08-07 22:53:57   [GPU] 700,030 evals (21227 batches, avg 33/batch = 6% of 512, 2786 evals/s, 193 msg/s, 14.4 leaves/msg, 251s)
2026-08-07 22:53:59 [iter 8/40] eval vs minimax: 55/80 games (0%)
2026-08-07 22:54:09   [GPU] 750,006 evals (22435 batches, avg 33/batch = 7% of 512, 2847 evals/s, 197 msg/s, 14.4 leaves/msg, 263s)
2026-08-07 22:54:14 [iter 8/40] eval vs minimax: 60/80 games (0%)
2026-08-07 22:54:28   [GPU] 800,015 evals (24090 batches, avg 33/batch = 6% of 512, 2829 evals/s, 196 msg/s, 14.4 leaves/msg, 283s)
2026-08-07 22:54:38 [iter 8/40] eval vs minimax: 65/80 games (0%)
2026-08-07 22:54:45   [GPU] 850,003 evals (25597 batches, avg 33/batch = 6% of 512, 2841 evals/s, 197 msg/s, 14.4 leaves/msg, 299s)
2026-08-07 22:54:51 [iter 8/40] eval vs minimax: 70/80 games (0%)
2026-08-07 22:55:05   [GPU] 900,010 evals (27276 batches, avg 33/batch = 6% of 512, 2816 evals/s, 195 msg/s, 14.5 leaves/msg, 320s)
2026-08-07 22:55:21 [iter 8/40] eval vs minimax: 75/80 games (0%)
2026-08-07 22:55:23   [GPU] 950,016 evals (28828 batches, avg 33/batch = 6% of 512, 2821 evals/s, 195 msg/s, 14.4 leaves/msg, 337s)
2026-08-07 22:56:04 [iter 8/40] eval vs minimax: 80/80 games (0%)
2026-08-07 22:56:05 [iter 8/40] eval vs minimax done: 0.0% of 80 decided [seat0:0/20 seat1:0/20 seat2:0/20 seat3:0/20] (379s)
2026-08-07 22:56:05 >>> iter 8 | loss_p=1.539 loss_v=0.129 | vs_best=n/a (not evaluated) | vs_rand=90.0% | draw=13% | buf=67282 | rss=2.76GB | sp=1091s train=5s eval_best=0s eval_rand=227s | total=1885s
2026-08-07 22:56:05 [iter 9/40] self-play starting (160 games, 600 sims, MIXED 80/160 race-only)...
2026-08-07 22:56:05 [PARALLEL-MP] 8 workers spawned (160 games, sims=600), GPU batcher starting...
2026-08-07 22:56:21   [GPU] 50,040 evals (1534 batches, avg 33/batch = 6% of 512, 3097 evals/s, 234 msg/s, 13.3 leaves/msg, 16s)
2026-08-07 22:56:22 [iter 9/40] self-play: 5/160 games...
2026-08-07 22:56:36   [GPU] 100,014 evals (3073 batches, avg 33/batch = 6% of 512, 3185 evals/s, 237 msg/s, 13.4 leaves/msg, 31s)
2026-08-07 22:56:36 [iter 9/40] self-play: 10/160 games...
2026-08-07 22:56:52 [iter 9/40] self-play: 15/160 games...
2026-08-07 22:56:54   [GPU] 150,002 evals (4787 batches, avg 31/batch = 6% of 512, 3021 evals/s, 226 msg/s, 13.3 leaves/msg, 50s)
2026-08-07 22:57:13   [GPU] 200,008 evals (6454 batches, avg 31/batch = 6% of 512, 2932 evals/s, 216 msg/s, 13.5 leaves/msg, 68s)
2026-08-07 22:57:28   [GPU] 250,021 evals (7851 batches, avg 32/batch = 6% of 512, 3011 evals/s, 218 msg/s, 13.8 leaves/msg, 83s)
2026-08-07 22:57:39   [GPU] 300,043 evals (9087 batches, avg 33/batch = 6% of 512, 3165 evals/s, 227 msg/s, 14.0 leaves/msg, 95s)
2026-08-07 22:57:44 [iter 9/40] self-play: 20/160 games...
2026-08-07 22:57:51   [GPU] 350,015 evals (10292 batches, avg 34/batch = 7% of 512, 3297 evals/s, 238 msg/s, 13.9 leaves/msg, 106s)
2026-08-07 22:58:04   [GPU] 400,038 evals (11598 batches, avg 34/batch = 7% of 512, 3357 evals/s, 240 msg/s, 14.0 leaves/msg, 119s)
2026-08-07 22:58:14   [GPU] 450,026 evals (12719 batches, avg 35/batch = 7% of 512, 3470 evals/s, 248 msg/s, 14.0 leaves/msg, 130s)
2026-08-07 22:58:17 [iter 9/40] self-play: 25/160 games...
2026-08-07 22:58:25   [GPU] 500,005 evals (13893 batches, avg 36/batch = 7% of 512, 3558 evals/s, 255 msg/s, 14.0 leaves/msg, 141s)
2026-08-07 22:58:36   [GPU] 550,036 evals (15063 batches, avg 37/batch = 7% of 512, 3632 evals/s, 259 msg/s, 14.0 leaves/msg, 151s)
2026-08-07 22:58:45   [GPU] 600,037 evals (16059 batches, avg 37/batch = 7% of 512, 3734 evals/s, 265 msg/s, 14.1 leaves/msg, 161s)
2026-08-07 22:58:54   [GPU] 650,073 evals (17032 batches, avg 38/batch = 7% of 512, 3829 evals/s, 271 msg/s, 14.1 leaves/msg, 170s)
2026-08-07 22:59:03 [iter 9/40] self-play: 30/160 games...
2026-08-07 22:59:04   [GPU] 700,029 evals (18079 batches, avg 39/batch = 8% of 512, 3898 evals/s, 278 msg/s, 14.0 leaves/msg, 180s)
2026-08-07 22:59:15   [GPU] 750,032 evals (19291 batches, avg 39/batch = 8% of 512, 3930 evals/s, 282 msg/s, 14.0 leaves/msg, 191s)
2026-08-07 22:59:27   [GPU] 800,031 evals (20503 batches, avg 39/batch = 8% of 512, 3958 evals/s, 283 msg/s, 14.0 leaves/msg, 202s)
2026-08-07 22:59:34 [iter 9/40] self-play: 35/160 games...
2026-08-07 22:59:38   [GPU] 850,001 evals (21673 batches, avg 39/batch = 8% of 512, 3990 evals/s, 285 msg/s, 14.0 leaves/msg, 213s)
2026-08-07 22:59:49   [GPU] 900,040 evals (22922 batches, avg 39/batch = 8% of 512, 4007 evals/s, 287 msg/s, 14.0 leaves/msg, 225s)
2026-08-07 22:59:56 [iter 9/40] self-play: 40/160 games...
2026-08-07 23:00:02   [GPU] 950,022 evals (24330 batches, avg 39/batch = 8% of 512, 3998 evals/s, 289 msg/s, 13.8 leaves/msg, 238s)
2026-08-07 23:00:11 [iter 9/40] self-play: 45/160 games...
2026-08-07 23:00:18   [GPU] 1,000,001 evals (25930 batches, avg 39/batch = 8% of 512, 3943 evals/s, 286 msg/s, 13.8 leaves/msg, 254s)
2026-08-07 23:00:30 [iter 9/40] self-play: 50/160 games...
2026-08-07 23:00:34   [GPU] 1,050,015 evals (27425 batches, avg 38/batch = 7% of 512, 3899 evals/s, 282 msg/s, 13.8 leaves/msg, 269s)
2026-08-07 23:00:47   [GPU] 1,100,028 evals (28799 batches, avg 38/batch = 7% of 512, 3893 evals/s, 281 msg/s, 13.8 leaves/msg, 283s)
2026-08-07 23:01:00 [iter 9/40] self-play: 55/160 games...
2026-08-07 23:01:01   [GPU] 1,150,003 evals (30210 batches, avg 38/batch = 7% of 512, 3876 evals/s, 280 msg/s, 13.9 leaves/msg, 297s)
2026-08-07 23:01:13   [GPU] 1,200,014 evals (31482 batches, avg 38/batch = 7% of 512, 3892 evals/s, 280 msg/s, 13.9 leaves/msg, 308s)
2026-08-07 23:01:24   [GPU] 1,250,008 evals (32743 batches, avg 38/batch = 7% of 512, 3910 evals/s, 282 msg/s, 13.8 leaves/msg, 320s)
2026-08-07 23:01:36   [GPU] 1,300,000 evals (34007 batches, avg 38/batch = 7% of 512, 3924 evals/s, 283 msg/s, 13.8 leaves/msg, 331s)
2026-08-07 23:01:37 [iter 9/40] self-play: 60/160 games...
2026-08-07 23:01:46   [GPU] 1,350,040 evals (35126 batches, avg 38/batch = 8% of 512, 3955 evals/s, 285 msg/s, 13.9 leaves/msg, 341s)
2026-08-07 23:01:56   [GPU] 1,400,031 evals (36289 batches, avg 39/batch = 8% of 512, 3981 evals/s, 287 msg/s, 13.9 leaves/msg, 352s)
2026-08-07 23:02:07   [GPU] 1,450,013 evals (37403 batches, avg 39/batch = 8% of 512, 4007 evals/s, 288 msg/s, 13.9 leaves/msg, 362s)
2026-08-07 23:02:16   [GPU] 1,500,004 evals (38415 batches, avg 39/batch = 8% of 512, 4042 evals/s, 290 msg/s, 13.9 leaves/msg, 371s)
2026-08-07 23:02:25   [GPU] 1,550,041 evals (39385 batches, avg 39/batch = 8% of 512, 4079 evals/s, 293 msg/s, 13.9 leaves/msg, 380s)
2026-08-07 23:02:26 [iter 9/40] self-play: 65/160 games...
2026-08-07 23:02:35   [GPU] 1,600,015 evals (40491 batches, avg 40/batch = 8% of 512, 4101 evals/s, 295 msg/s, 13.9 leaves/msg, 390s)
2026-08-07 23:02:45   [GPU] 1,650,015 evals (41574 batches, avg 40/batch = 8% of 512, 4125 evals/s, 296 msg/s, 13.9 leaves/msg, 400s)
2026-08-07 23:02:55   [GPU] 1,700,044 evals (42674 batches, avg 40/batch = 8% of 512, 4146 evals/s, 297 msg/s, 13.9 leaves/msg, 410s)
2026-08-07 23:03:01 [iter 9/40] self-play: 70/160 games...
2026-08-07 23:03:05   [GPU] 1,750,008 evals (43780 batches, avg 40/batch = 8% of 512, 4162 evals/s, 298 msg/s, 14.0 leaves/msg, 420s)
2026-08-07 23:03:16   [GPU] 1,800,050 evals (44952 batches, avg 40/batch = 8% of 512, 4175 evals/s, 299 msg/s, 14.0 leaves/msg, 431s)
2026-08-07 23:03:26   [GPU] 1,850,054 evals (46041 batches, avg 40/batch = 8% of 512, 4192 evals/s, 300 msg/s, 14.0 leaves/msg, 441s)
2026-08-07 23:03:36   [GPU] 1,900,053 evals (47159 batches, avg 40/batch = 8% of 512, 4208 evals/s, 301 msg/s, 14.0 leaves/msg, 452s)
2026-08-07 23:03:40 [iter 9/40] self-play: 75/160 games...
2026-08-07 23:03:47   [GPU] 1,950,085 evals (48360 batches, avg 40/batch = 8% of 512, 4215 evals/s, 302 msg/s, 13.9 leaves/msg, 463s)
2026-08-07 23:03:59   [GPU] 2,000,008 evals (49588 batches, avg 40/batch = 8% of 512, 4220 evals/s, 303 msg/s, 13.9 leaves/msg, 474s)
2026-08-07 23:03:59 [iter 9/40] self-play: 80/160 games...
2026-08-07 23:04:10   [GPU] 2,050,014 evals (50834 batches, avg 40/batch = 8% of 512, 4224 evals/s, 303 msg/s, 13.9 leaves/msg, 485s)
2026-08-07 23:04:20 [iter 9/40] self-play: 85/160 games...
2026-08-07 23:04:21   [GPU] 2,100,047 evals (52058 batches, avg 40/batch = 8% of 512, 4231 evals/s, 304 msg/s, 13.9 leaves/msg, 496s)
2026-08-07 23:04:32   [GPU] 2,150,018 evals (53308 batches, avg 40/batch = 8% of 512, 4235 evals/s, 304 msg/s, 13.9 leaves/msg, 508s)
2026-08-07 23:04:44   [GPU] 2,200,009 evals (54555 batches, avg 40/batch = 8% of 512, 4239 evals/s, 304 msg/s, 14.0 leaves/msg, 519s)
2026-08-07 23:04:54   [GPU] 2,250,003 evals (55658 batches, avg 40/batch = 8% of 512, 4254 evals/s, 305 msg/s, 14.0 leaves/msg, 529s)
2026-08-07 23:05:02 [iter 9/40] self-play: 90/160 games...
2026-08-07 23:05:04   [GPU] 2,300,040 evals (56771 batches, avg 41/batch = 8% of 512, 4267 evals/s, 306 msg/s, 13.9 leaves/msg, 539s)
2026-08-07 23:05:15   [GPU] 2,350,013 evals (58030 batches, avg 40/batch = 8% of 512, 4268 evals/s, 306 msg/s, 14.0 leaves/msg, 551s)
2026-08-07 23:05:25   [GPU] 2,400,021 evals (59178 batches, avg 41/batch = 8% of 512, 4281 evals/s, 307 msg/s, 14.0 leaves/msg, 561s)
2026-08-07 23:05:35 [iter 9/40] self-play: 95/160 games...
2026-08-07 23:05:36   [GPU] 2,450,012 evals (60395 batches, avg 41/batch = 8% of 512, 4286 evals/s, 307 msg/s, 13.9 leaves/msg, 572s)
2026-08-07 23:05:47   [GPU] 2,500,000 evals (61542 batches, avg 41/batch = 8% of 512, 4296 evals/s, 308 msg/s, 14.0 leaves/msg, 582s)
2026-08-07 23:05:59   [GPU] 2,550,006 evals (62864 batches, avg 41/batch = 8% of 512, 4294 evals/s, 308 msg/s, 14.0 leaves/msg, 594s)
2026-08-07 23:06:01 [iter 9/40] self-play: 100/160 games...
2026-08-07 23:06:11   [GPU] 2,600,020 evals (64231 batches, avg 40/batch = 8% of 512, 4289 evals/s, 308 msg/s, 13.9 leaves/msg, 606s)
2026-08-07 23:06:19 [iter 9/40] self-play: 105/160 games...
2026-08-07 23:06:24   [GPU] 2,650,001 evals (65603 batches, avg 40/batch = 8% of 512, 4282 evals/s, 307 msg/s, 13.9 leaves/msg, 619s)
2026-08-07 23:06:36   [GPU] 2,700,039 evals (66975 batches, avg 40/batch = 8% of 512, 4274 evals/s, 306 msg/s, 13.9 leaves/msg, 632s)
2026-08-07 23:06:48   [GPU] 2,750,041 evals (68260 batches, avg 40/batch = 8% of 512, 4276 evals/s, 306 msg/s, 14.0 leaves/msg, 643s)
2026-08-07 23:06:50 [iter 9/40] self-play: 110/160 games...
2026-08-07 23:07:00   [GPU] 2,800,008 evals (69545 batches, avg 40/batch = 8% of 512, 4274 evals/s, 306 msg/s, 14.0 leaves/msg, 655s)
2026-08-07 23:07:10   [GPU] 2,850,042 evals (70679 batches, avg 40/batch = 8% of 512, 4283 evals/s, 307 msg/s, 14.0 leaves/msg, 665s)
2026-08-07 23:07:19   [GPU] 2,900,008 evals (71704 batches, avg 40/batch = 8% of 512, 4298 evals/s, 308 msg/s, 14.0 leaves/msg, 675s)
2026-08-07 23:07:29   [GPU] 2,950,030 evals (72709 batches, avg 41/batch = 8% of 512, 4314 evals/s, 309 msg/s, 14.0 leaves/msg, 684s)
2026-08-07 23:07:39   [GPU] 3,000,025 evals (73901 batches, avg 41/batch = 8% of 512, 4319 evals/s, 310 msg/s, 13.9 leaves/msg, 695s)
2026-08-07 23:07:39 [iter 9/40] self-play: 115/160 games...
2026-08-07 23:07:49   [GPU] 3,050,023 evals (75041 batches, avg 41/batch = 8% of 512, 4327 evals/s, 311 msg/s, 13.9 leaves/msg, 705s)
2026-08-07 23:08:00   [GPU] 3,100,022 evals (76177 batches, avg 41/batch = 8% of 512, 4334 evals/s, 311 msg/s, 13.9 leaves/msg, 715s)
2026-08-07 23:08:03 [iter 9/40] self-play: 120/160 games...
2026-08-07 23:08:10   [GPU] 3,150,023 evals (77301 batches, avg 41/batch = 8% of 512, 4343 evals/s, 312 msg/s, 13.9 leaves/msg, 725s)
2026-08-07 23:08:22   [GPU] 3,200,015 evals (78593 batches, avg 41/batch = 8% of 512, 4341 evals/s, 312 msg/s, 13.9 leaves/msg, 737s)
2026-08-07 23:08:28 [iter 9/40] self-play: 125/160 games...
2026-08-07 23:08:32   [GPU] 3,250,026 evals (79767 batches, avg 41/batch = 8% of 512, 4346 evals/s, 312 msg/s, 13.9 leaves/msg, 748s)
2026-08-07 23:08:44   [GPU] 3,300,037 evals (81052 batches, avg 41/batch = 8% of 512, 4345 evals/s, 312 msg/s, 13.9 leaves/msg, 759s)
2026-08-07 23:08:48 [iter 9/40] self-play: 130/160 games...
2026-08-07 23:08:56   [GPU] 3,350,028 evals (82299 batches, avg 41/batch = 8% of 512, 4344 evals/s, 312 msg/s, 13.9 leaves/msg, 771s)
2026-08-07 23:09:07   [GPU] 3,400,046 evals (83542 batches, avg 41/batch = 8% of 512, 4344 evals/s, 312 msg/s, 13.9 leaves/msg, 783s)
2026-08-07 23:09:20   [GPU] 3,450,021 evals (84865 batches, avg 41/batch = 8% of 512, 4336 evals/s, 311 msg/s, 13.9 leaves/msg, 796s)
2026-08-07 23:09:26 [iter 9/40] self-play: 135/160 games...
2026-08-07 23:09:32   [GPU] 3,500,029 evals (86087 batches, avg 41/batch = 8% of 512, 4334 evals/s, 311 msg/s, 13.9 leaves/msg, 808s)
2026-08-07 23:09:44   [GPU] 3,550,023 evals (87317 batches, avg 41/batch = 8% of 512, 4333 evals/s, 311 msg/s, 13.9 leaves/msg, 819s)
2026-08-07 23:09:55   [GPU] 3,600,026 evals (88539 batches, avg 41/batch = 8% of 512, 4335 evals/s, 311 msg/s, 14.0 leaves/msg, 830s)
2026-08-07 23:10:05   [GPU] 3,650,050 evals (89615 batches, avg 41/batch = 8% of 512, 4345 evals/s, 311 msg/s, 14.0 leaves/msg, 840s)
2026-08-07 23:10:14   [GPU] 3,700,015 evals (90620 batches, avg 41/batch = 8% of 512, 4357 evals/s, 312 msg/s, 14.0 leaves/msg, 849s)
2026-08-07 23:10:19 [iter 9/40] self-play: 140/160 games...
2026-08-07 23:10:23   [GPU] 3,750,020 evals (91608 batches, avg 41/batch = 8% of 512, 4369 evals/s, 313 msg/s, 14.0 leaves/msg, 858s)
2026-08-07 23:10:32   [GPU] 3,800,024 evals (92658 batches, avg 41/batch = 8% of 512, 4379 evals/s, 314 msg/s, 14.0 leaves/msg, 868s)
2026-08-07 23:10:43   [GPU] 3,850,032 evals (93763 batches, avg 41/batch = 8% of 512, 4386 evals/s, 314 msg/s, 14.0 leaves/msg, 878s)
2026-08-07 23:10:53   [GPU] 3,900,030 evals (94873 batches, avg 41/batch = 8% of 512, 4392 evals/s, 314 msg/s, 14.0 leaves/msg, 888s)
2026-08-07 23:11:01   [GPU] 3,950,039 evals (95830 batches, avg 41/batch = 8% of 512, 4405 evals/s, 315 msg/s, 14.0 leaves/msg, 897s)
2026-08-07 23:11:09 [iter 9/40] self-play: 145/160 games...
2026-08-07 23:11:10   [GPU] 4,000,042 evals (96830 batches, avg 41/batch = 8% of 512, 4416 evals/s, 316 msg/s, 14.0 leaves/msg, 906s)
2026-08-07 23:11:21   [GPU] 4,050,009 evals (98009 batches, avg 41/batch = 8% of 512, 4419 evals/s, 317 msg/s, 13.9 leaves/msg, 916s)
2026-08-07 23:11:23 [iter 9/40] self-play: 150/160 games...
2026-08-07 23:11:33   [GPU] 4,100,012 evals (99248 batches, avg 41/batch = 8% of 512, 4419 evals/s, 317 msg/s, 13.9 leaves/msg, 928s)
2026-08-07 23:11:40 [iter 9/40] self-play: 155/160 games...
2026-08-07 23:11:55   [GPU] 4,150,005 evals (101189 batches, avg 41/batch = 8% of 512, 4369 evals/s, 314 msg/s, 13.9 leaves/msg, 950s)
2026-08-07 23:12:37   [GPU] 4,200,023 evals (104027 batches, avg 40/batch = 8% of 512, 4230 evals/s, 304 msg/s, 13.9 leaves/msg, 993s)
2026-08-07 23:13:32   [GPU] 4,250,004 evals (107427 batches, avg 40/batch = 8% of 512, 4057 evals/s, 292 msg/s, 13.9 leaves/msg, 1047s)
2026-08-07 23:14:30 [iter 9/40] self-play: 160/160 games...
2026-08-07 23:14:30 [iter 9/40] self-play done: 160 games (1106s) | wins: P0=27, P1=35, P2=36, P3=42, draw=20 | draw_rate=12% avg_len~24
2026-08-07 23:14:30 [iter 9/40] search: expanded=6.6 actions/node visits/action=91.1 walls/game=5.94 first_wall_ply=1.613 learner_sims/s=4238.26
2026-08-07 23:14:30 [iter 9/40] training (600 steps, lr=9.14e-04)...
2026-08-07 23:14:36 [iter 9/40] training done: loss_p=1.534 loss_v=0.132 (6s)
2026-08-07 23:14:37 [iter 9/40] data: policy_wall_mass=0.148 walled_states=59% walls_on_board=17.9 value_mae walled=0.177 free=0.385
2026-08-07 23:14:38 [iter 9/40] eval skipped (eval_every=4)
2026-08-07 23:14:38 >>> iter 9 | loss_p=1.534 loss_v=0.132 | vs_best=n/a (not evaluated) | vs_rand=n/a | draw=12% | buf=74862 | rss=2.82GB | sp=1106s train=6s eval_best=0s eval_rand=0s | total=1114s
2026-08-07 23:14:38 [iter 10/40] self-play starting (160 games, 600 sims, MIXED 80/160 race-only)...
2026-08-07 23:14:38 [PARALLEL-MP] 8 workers spawned (160 games, sims=600), GPU batcher starting...
2026-08-07 23:14:55   [GPU] 50,038 evals (1537 batches, avg 33/batch = 6% of 512, 3099 evals/s, 220 msg/s, 14.1 leaves/msg, 16s)
2026-08-07 23:14:57 [iter 10/40] self-play: 5/160 games...
2026-08-07 23:15:10   [GPU] 100,012 evals (3089 batches, avg 32/batch = 6% of 512, 3219 evals/s, 242 msg/s, 13.3 leaves/msg, 31s)
2026-08-07 23:15:12 [iter 10/40] self-play: 10/160 games...
2026-08-07 23:15:27   [GPU] 150,012 evals (4756 batches, avg 32/batch = 6% of 512, 3063 evals/s, 231 msg/s, 13.2 leaves/msg, 49s)
2026-08-07 23:15:30 [iter 10/40] self-play: 15/160 games...
2026-08-07 23:15:44   [GPU] 200,034 evals (6365 batches, avg 31/batch = 6% of 512, 3040 evals/s, 228 msg/s, 13.3 leaves/msg, 66s)
2026-08-07 23:16:00   [GPU] 250,013 evals (7854 batches, avg 32/batch = 6% of 512, 3063 evals/s, 225 msg/s, 13.6 leaves/msg, 82s)
2026-08-07 23:16:12   [GPU] 300,007 evals (9086 batches, avg 33/batch = 6% of 512, 3209 evals/s, 233 msg/s, 13.7 leaves/msg, 93s)
2026-08-07 23:16:22   [GPU] 350,046 evals (10174 batches, avg 34/batch = 7% of 512, 3366 evals/s, 244 msg/s, 13.8 leaves/msg, 104s)
2026-08-07 23:16:24 [iter 10/40] self-play: 20/160 games...
2026-08-07 23:16:32   [GPU] 400,031 evals (11213 batches, avg 36/batch = 7% of 512, 3508 evals/s, 254 msg/s, 13.8 leaves/msg, 114s)
2026-08-07 23:16:43   [GPU] 450,012 evals (12246 batches, avg 37/batch = 7% of 512, 3624 evals/s, 261 msg/s, 13.9 leaves/msg, 124s)
2026-08-07 23:16:53   [GPU] 500,001 evals (13247 batches, avg 38/batch = 7% of 512, 3730 evals/s, 267 msg/s, 14.0 leaves/msg, 134s)
2026-08-07 23:17:02   [GPU] 550,028 evals (14242 batches, avg 39/batch = 8% of 512, 3843 evals/s, 275 msg/s, 14.0 leaves/msg, 143s)
2026-08-07 23:17:10   [GPU] 600,022 evals (15243 batches, avg 39/batch = 8% of 512, 3949 evals/s, 282 msg/s, 14.0 leaves/msg, 152s)
2026-08-07 23:17:18   [GPU] 650,046 evals (16154 batches, avg 40/batch = 8% of 512, 4063 evals/s, 289 msg/s, 14.0 leaves/msg, 160s)
2026-08-07 23:17:26   [GPU] 700,042 evals (17062 batches, avg 41/batch = 8% of 512, 4166 evals/s, 297 msg/s, 14.0 leaves/msg, 168s)
2026-08-07 23:17:27 [iter 10/40] self-play: 25/160 games...
2026-08-07 23:17:36   [GPU] 750,002 evals (18083 batches, avg 41/batch = 8% of 512, 4234 evals/s, 302 msg/s, 14.0 leaves/msg, 177s)
2026-08-07 23:17:45   [GPU] 800,045 evals (19096 batches, avg 42/batch = 8% of 512, 4293 evals/s, 306 msg/s, 14.0 leaves/msg, 186s)
2026-08-07 23:17:54   [GPU] 850,000 evals (20082 batches, avg 42/batch = 8% of 512, 4356 evals/s, 311 msg/s, 14.0 leaves/msg, 195s)
2026-08-07 23:17:54 [iter 10/40] self-play: 30/160 games...
2026-08-07 23:18:04   [GPU] 900,025 evals (21287 batches, avg 42/batch = 8% of 512, 4370 evals/s, 314 msg/s, 13.9 leaves/msg, 206s)
2026-08-07 23:18:16   [GPU] 950,021 evals (22545 batches, avg 42/batch = 8% of 512, 4374 evals/s, 314 msg/s, 13.9 leaves/msg, 217s)
2026-08-07 23:18:19 [iter 10/40] self-play: 35/160 games...
2026-08-07 23:18:28   [GPU] 1,000,005 evals (23872 batches, avg 42/batch = 8% of 512, 4363 evals/s, 316 msg/s, 13.8 leaves/msg, 229s)
2026-08-07 23:18:34 [iter 10/40] self-play: 40/160 games...
2026-08-07 23:18:40   [GPU] 1,050,014 evals (25193 batches, avg 42/batch = 8% of 512, 4349 evals/s, 315 msg/s, 13.8 leaves/msg, 241s)
2026-08-07 23:18:48 [iter 10/40] self-play: 45/160 games...
2026-08-07 23:18:55   [GPU] 1,100,010 evals (26745 batches, avg 41/batch = 8% of 512, 4285 evals/s, 311 msg/s, 13.8 leaves/msg, 257s)
2026-08-07 23:19:08   [GPU] 1,150,030 evals (28117 batches, avg 41/batch = 8% of 512, 4262 evals/s, 309 msg/s, 13.8 leaves/msg, 270s)
2026-08-07 23:19:12 [iter 10/40] self-play: 50/160 games...
2026-08-07 23:19:21   [GPU] 1,200,019 evals (29494 batches, avg 41/batch = 8% of 512, 4243 evals/s, 307 msg/s, 13.8 leaves/msg, 283s)
2026-08-07 23:19:33   [GPU] 1,250,029 evals (30740 batches, avg 41/batch = 8% of 512, 4241 evals/s, 306 msg/s, 13.9 leaves/msg, 295s)
2026-08-07 23:19:44   [GPU] 1,300,033 evals (31864 batches, avg 41/batch = 8% of 512, 4261 evals/s, 307 msg/s, 13.9 leaves/msg, 305s)
2026-08-07 23:19:54   [GPU] 1,350,004 evals (32968 batches, avg 41/batch = 8% of 512, 4283 evals/s, 309 msg/s, 13.9 leaves/msg, 315s)
2026-08-07 23:20:03   [GPU] 1,400,024 evals (33967 batches, avg 41/batch = 8% of 512, 4315 evals/s, 311 msg/s, 13.9 leaves/msg, 324s)
2026-08-07 23:20:12   [GPU] 1,450,051 evals (34981 batches, avg 41/batch = 8% of 512, 4343 evals/s, 312 msg/s, 13.9 leaves/msg, 334s)
2026-08-07 23:20:23   [GPU] 1,500,029 evals (36107 batches, avg 42/batch = 8% of 512, 4359 evals/s, 314 msg/s, 13.9 leaves/msg, 344s)
2026-08-07 23:20:23 [iter 10/40] self-play: 55/160 games...
2026-08-07 23:20:32   [GPU] 1,550,010 evals (37177 batches, avg 42/batch = 8% of 512, 4381 evals/s, 315 msg/s, 13.9 leaves/msg, 354s)
2026-08-07 23:20:42   [GPU] 1,600,038 evals (38259 batches, avg 42/batch = 8% of 512, 4401 evals/s, 316 msg/s, 13.9 leaves/msg, 364s)
2026-08-07 23:20:52   [GPU] 1,650,014 evals (39405 batches, avg 42/batch = 8% of 512, 4413 evals/s, 317 msg/s, 13.9 leaves/msg, 374s)
2026-08-07 23:21:02   [GPU] 1,700,039 evals (40492 batches, avg 42/batch = 8% of 512, 4430 evals/s, 318 msg/s, 13.9 leaves/msg, 384s)
2026-08-07 23:21:02 [iter 10/40] self-play: 60/160 games...
2026-08-07 23:21:12   [GPU] 1,750,020 evals (41586 batches, avg 42/batch = 8% of 512, 4445 evals/s, 319 msg/s, 13.9 leaves/msg, 394s)
2026-08-07 23:21:23   [GPU] 1,800,051 evals (42756 batches, avg 42/batch = 8% of 512, 4452 evals/s, 320 msg/s, 13.9 leaves/msg, 404s)
2026-08-07 23:21:24 [iter 10/40] self-play: 65/160 games...
2026-08-07 23:21:35   [GPU] 1,850,005 evals (44031 batches, avg 42/batch = 8% of 512, 4445 evals/s, 321 msg/s, 13.9 leaves/msg, 416s)
2026-08-07 23:21:39 [iter 10/40] self-play: 70/160 games...
2026-08-07 23:21:46   [GPU] 1,900,000 evals (45274 batches, avg 42/batch = 8% of 512, 4442 evals/s, 320 msg/s, 13.9 leaves/msg, 428s)
2026-08-07 23:21:59   [GPU] 1,950,017 evals (46613 batches, avg 42/batch = 8% of 512, 4428 evals/s, 320 msg/s, 13.9 leaves/msg, 440s)
2026-08-07 23:22:05 [iter 10/40] self-play: 75/160 games...
2026-08-07 23:22:11   [GPU] 2,000,031 evals (47927 batches, avg 42/batch = 8% of 512, 4415 evals/s, 319 msg/s, 13.8 leaves/msg, 453s)
2026-08-07 23:22:24   [GPU] 2,050,018 evals (49220 batches, avg 42/batch = 8% of 512, 4406 evals/s, 318 msg/s, 13.8 leaves/msg, 465s)
2026-08-07 23:22:35   [GPU] 2,100,041 evals (50446 batches, avg 42/batch = 8% of 512, 4403 evals/s, 318 msg/s, 13.9 leaves/msg, 477s)
2026-08-07 23:22:45   [GPU] 2,150,003 evals (51568 batches, avg 42/batch = 8% of 512, 4415 evals/s, 318 msg/s, 13.9 leaves/msg, 487s)
2026-08-07 23:22:55 [iter 10/40] self-play: 80/160 games...
2026-08-07 23:22:55   [GPU] 2,200,035 evals (52666 batches, avg 42/batch = 8% of 512, 4427 evals/s, 319 msg/s, 13.9 leaves/msg, 497s)
2026-08-07 23:23:06   [GPU] 2,250,026 evals (53832 batches, avg 42/batch = 8% of 512, 4431 evals/s, 320 msg/s, 13.9 leaves/msg, 508s)
2026-08-07 23:23:17   [GPU] 2,300,023 evals (54965 batches, avg 42/batch = 8% of 512, 4438 evals/s, 320 msg/s, 13.9 leaves/msg, 518s)
2026-08-07 23:23:26   [GPU] 2,350,037 evals (56003 batches, avg 42/batch = 8% of 512, 4455 evals/s, 321 msg/s, 13.9 leaves/msg, 528s)
2026-08-07 23:23:28 [iter 10/40] self-play: 85/160 games...
2026-08-07 23:23:37   [GPU] 2,400,007 evals (57199 batches, avg 42/batch = 8% of 512, 4459 evals/s, 322 msg/s, 13.9 leaves/msg, 538s)
2026-08-07 23:23:47   [GPU] 2,450,052 evals (58375 batches, avg 42/batch = 8% of 512, 4464 evals/s, 322 msg/s, 13.9 leaves/msg, 549s)
2026-08-07 23:23:52 [iter 10/40] self-play: 90/160 games...
2026-08-07 23:23:59   [GPU] 2,500,023 evals (59629 batches, avg 42/batch = 8% of 512, 4459 evals/s, 322 msg/s, 13.9 leaves/msg, 561s)
2026-08-07 23:24:10   [GPU] 2,550,013 evals (60796 batches, avg 42/batch = 8% of 512, 4462 evals/s, 322 msg/s, 13.9 leaves/msg, 571s)
2026-08-07 23:24:21   [GPU] 2,600,004 evals (62042 batches, avg 42/batch = 8% of 512, 4461 evals/s, 322 msg/s, 13.9 leaves/msg, 583s)
2026-08-07 23:24:25 [iter 10/40] self-play: 95/160 games...
2026-08-07 23:24:35   [GPU] 2,650,015 evals (63536 batches, avg 42/batch = 8% of 512, 4442 evals/s, 322 msg/s, 13.8 leaves/msg, 597s)
2026-08-07 23:24:38 [iter 10/40] self-play: 100/160 games...
2026-08-07 23:24:50   [GPU] 2,700,014 evals (65093 batches, avg 41/batch = 8% of 512, 4414 evals/s, 320 msg/s, 13.8 leaves/msg, 612s)
2026-08-07 23:24:53 [iter 10/40] self-play: 105/160 games...
2026-08-07 23:25:07   [GPU] 2,750,024 evals (66702 batches, avg 41/batch = 8% of 512, 4377 evals/s, 317 msg/s, 13.8 leaves/msg, 628s)
2026-08-07 23:25:16 [iter 10/40] self-play: 110/160 games...
2026-08-07 23:25:23   [GPU] 2,800,002 evals (68218 batches, avg 41/batch = 8% of 512, 4347 evals/s, 315 msg/s, 13.8 leaves/msg, 644s)
2026-08-07 23:25:37   [GPU] 2,850,046 evals (69628 batches, avg 41/batch = 8% of 512, 4328 evals/s, 313 msg/s, 13.8 leaves/msg, 658s)
2026-08-07 23:25:49   [GPU] 2,900,007 evals (70946 batches, avg 41/batch = 8% of 512, 4323 evals/s, 313 msg/s, 13.8 leaves/msg, 671s)
2026-08-07 23:26:01   [GPU] 2,950,016 evals (72229 batches, avg 41/batch = 8% of 512, 4320 evals/s, 313 msg/s, 13.8 leaves/msg, 683s)
2026-08-07 23:26:04 [iter 10/40] self-play: 115/160 games...
2026-08-07 23:26:11   [GPU] 3,000,038 evals (73342 batches, avg 41/batch = 8% of 512, 4331 evals/s, 313 msg/s, 13.8 leaves/msg, 693s)
2026-08-07 23:26:20   [GPU] 3,050,074 evals (74342 batches, avg 41/batch = 8% of 512, 4346 evals/s, 314 msg/s, 13.8 leaves/msg, 702s)
2026-08-07 23:26:29   [GPU] 3,100,047 evals (75342 batches, avg 41/batch = 8% of 512, 4362 evals/s, 316 msg/s, 13.8 leaves/msg, 711s)
2026-08-07 23:26:38   [GPU] 3,150,029 evals (76347 batches, avg 41/batch = 8% of 512, 4377 evals/s, 317 msg/s, 13.8 leaves/msg, 720s)
2026-08-07 23:26:48   [GPU] 3,200,029 evals (77455 batches, avg 41/batch = 8% of 512, 4386 evals/s, 317 msg/s, 13.8 leaves/msg, 730s)
2026-08-07 23:26:55 [iter 10/40] self-play: 120/160 games...
2026-08-07 23:26:57   [GPU] 3,250,013 evals (78463 batches, avg 41/batch = 8% of 512, 4399 evals/s, 318 msg/s, 13.8 leaves/msg, 739s)
2026-08-07 23:27:07   [GPU] 3,300,002 evals (79524 batches, avg 41/batch = 8% of 512, 4410 evals/s, 319 msg/s, 13.8 leaves/msg, 748s)
2026-08-07 23:27:17   [GPU] 3,350,033 evals (80677 batches, avg 42/batch = 8% of 512, 4416 evals/s, 319 msg/s, 13.8 leaves/msg, 759s)
2026-08-07 23:27:25 [iter 10/40] self-play: 125/160 games...
2026-08-07 23:27:27   [GPU] 3,400,021 evals (81756 batches, avg 42/batch = 8% of 512, 4426 evals/s, 320 msg/s, 13.8 leaves/msg, 768s)
2026-08-07 23:27:36   [GPU] 3,450,052 evals (82842 batches, avg 42/batch = 8% of 512, 4435 evals/s, 321 msg/s, 13.8 leaves/msg, 778s)
2026-08-07 23:27:46   [GPU] 3,500,059 evals (83983 batches, avg 42/batch = 8% of 512, 4441 evals/s, 321 msg/s, 13.8 leaves/msg, 788s)
2026-08-07 23:27:56 [iter 10/40] self-play: 130/160 games...
2026-08-07 23:27:56   [GPU] 3,550,026 evals (85063 batches, avg 42/batch = 8% of 512, 4450 evals/s, 322 msg/s, 13.8 leaves/msg, 798s)
2026-08-07 23:28:08   [GPU] 3,600,000 evals (86320 batches, avg 42/batch = 8% of 512, 4449 evals/s, 322 msg/s, 13.8 leaves/msg, 809s)
2026-08-07 23:28:18   [GPU] 3,650,040 evals (87518 batches, avg 42/batch = 8% of 512, 4452 evals/s, 322 msg/s, 13.8 leaves/msg, 820s)
2026-08-07 23:28:20 [iter 10/40] self-play: 135/160 games...
2026-08-07 23:28:32   [GPU] 3,700,028 evals (88960 batches, avg 42/batch = 8% of 512, 4441 evals/s, 321 msg/s, 13.8 leaves/msg, 833s)
2026-08-07 23:28:46   [GPU] 3,750,010 evals (90486 batches, avg 41/batch = 8% of 512, 4425 evals/s, 320 msg/s, 13.8 leaves/msg, 847s)
2026-08-07 23:28:46 [iter 10/40] self-play: 140/160 games...
2026-08-07 23:28:59   [GPU] 3,800,017 evals (91847 batches, avg 41/batch = 8% of 512, 4417 evals/s, 320 msg/s, 13.8 leaves/msg, 860s)
2026-08-07 23:29:10   [GPU] 3,850,013 evals (93065 batches, avg 41/batch = 8% of 512, 4418 evals/s, 320 msg/s, 13.8 leaves/msg, 871s)
2026-08-07 23:29:10 [iter 10/40] self-play: 145/160 games...
2026-08-07 23:29:23   [GPU] 3,900,032 evals (94374 batches, avg 41/batch = 8% of 512, 4411 evals/s, 320 msg/s, 13.8 leaves/msg, 884s)
2026-08-07 23:29:34   [GPU] 3,950,002 evals (95611 batches, avg 41/batch = 8% of 512, 4409 evals/s, 319 msg/s, 13.8 leaves/msg, 896s)
2026-08-07 23:29:35 [iter 10/40] self-play: 150/160 games...
2026-08-07 23:29:48   [GPU] 4,000,031 evals (96979 batches, avg 41/batch = 8% of 512, 4396 evals/s, 318 msg/s, 13.8 leaves/msg, 910s)
2026-08-07 23:30:00   [GPU] 4,050,007 evals (98237 batches, avg 41/batch = 8% of 512, 4396 evals/s, 318 msg/s, 13.8 leaves/msg, 921s)
2026-08-07 23:30:11   [GPU] 4,100,012 evals (99474 batches, avg 41/batch = 8% of 512, 4396 evals/s, 318 msg/s, 13.8 leaves/msg, 933s)
2026-08-07 23:30:26   [GPU] 4,150,002 evals (100957 batches, avg 41/batch = 8% of 512, 4381 evals/s, 317 msg/s, 13.8 leaves/msg, 947s)
2026-08-07 23:30:38   [GPU] 4,200,063 evals (102297 batches, avg 41/batch = 8% of 512, 4376 evals/s, 316 msg/s, 13.8 leaves/msg, 960s)
2026-08-07 23:30:42 [iter 10/40] self-play: 155/160 games...
2026-08-07 23:30:52   [GPU] 4,250,027 evals (103741 batches, avg 41/batch = 8% of 512, 4364 evals/s, 315 msg/s, 13.8 leaves/msg, 974s)
2026-08-07 23:31:12   [GPU] 4,300,017 evals (105596 batches, avg 41/batch = 8% of 512, 4327 evals/s, 313 msg/s, 13.8 leaves/msg, 994s)
2026-08-07 23:31:35   [GPU] 4,350,001 evals (107588 batches, avg 40/batch = 8% of 512, 4280 evals/s, 309 msg/s, 13.8 leaves/msg, 1016s)
2026-08-07 23:31:57   [GPU] 4,400,012 evals (109506 batches, avg 40/batch = 8% of 512, 4239 evals/s, 306 msg/s, 13.9 leaves/msg, 1038s)
2026-08-07 23:32:20   [GPU] 4,450,014 evals (111440 batches, avg 40/batch = 8% of 512, 4192 evals/s, 303 msg/s, 13.8 leaves/msg, 1062s)
2026-08-07 23:32:58 [iter 10/40] self-play: 160/160 games...
2026-08-07 23:32:59 [iter 10/40] self-play done: 160 games (1100s) | wins: P0=29, P1=38, P2=25, P3=46, draw=22 | draw_rate=14% avg_len~24
2026-08-07 23:32:59 [iter 10/40] search: expanded=6.6 actions/node visits/action=90.6 walls/game=6.08 first_wall_ply=1.25 learner_sims/s=4463.58
2026-08-07 23:32:59 [iter 10/40] training (600 steps, lr=8.92e-04)...
2026-08-07 23:33:04 [iter 10/40] training done: loss_p=1.522 loss_v=0.132 (6s)
2026-08-07 23:33:06 [iter 10/40] data: policy_wall_mass=0.146 walled_states=59% walls_on_board=17.7 value_mae walled=0.180 free=0.370
2026-08-07 23:33:07 [iter 10/40] eval skipped (eval_every=4)
2026-08-07 23:33:07 >>> iter 10 | loss_p=1.522 loss_v=0.132 | vs_best=n/a (not evaluated) | vs_rand=n/a | draw=14% | buf=82390 | rss=2.89GB | sp=1100s train=6s eval_best=0s eval_rand=0s | total=1108s
2026-08-07 23:33:07 [iter 11/40] self-play starting (160 games, 600 sims, MIXED 80/160 race-only)...
2026-08-07 23:33:07 [PARALLEL-MP] 8 workers spawned (160 games, sims=600), GPU batcher starting...
2026-08-07 23:33:23   [GPU] 50,017 evals (1533 batches, avg 33/batch = 6% of 512, 3035 evals/s, 233 msg/s, 13.0 leaves/msg, 16s)
2026-08-07 23:33:25 [iter 11/40] self-play: 5/160 games...
2026-08-07 23:33:39   [GPU] 100,015 evals (3073 batches, avg 33/batch = 6% of 512, 3145 evals/s, 237 msg/s, 13.3 leaves/msg, 32s)
2026-08-07 23:33:39 [iter 11/40] self-play: 10/160 games...
2026-08-07 23:33:57   [GPU] 150,011 evals (4726 batches, avg 32/batch = 6% of 512, 3016 evals/s, 225 msg/s, 13.4 leaves/msg, 50s)
2026-08-07 23:34:01 [iter 11/40] self-play: 15/160 games...
2026-08-07 23:34:14   [GPU] 200,041 evals (6372 batches, avg 31/batch = 6% of 512, 2980 evals/s, 221 msg/s, 13.5 leaves/msg, 67s)
2026-08-07 23:34:29   [GPU] 250,019 evals (7813 batches, avg 32/batch = 6% of 512, 3062 evals/s, 224 msg/s, 13.7 leaves/msg, 82s)
2026-08-07 23:34:39   [GPU] 300,060 evals (8999 batches, avg 33/batch = 7% of 512, 3246 evals/s, 235 msg/s, 13.8 leaves/msg, 92s)
2026-08-07 23:34:45 [iter 11/40] self-play: 20/160 games...
2026-08-07 23:34:50   [GPU] 350,020 evals (10179 batches, avg 34/batch = 7% of 512, 3398 evals/s, 246 msg/s, 13.8 leaves/msg, 103s)
2026-08-07 23:35:01   [GPU] 400,017 evals (11423 batches, avg 35/batch = 7% of 512, 3498 evals/s, 255 msg/s, 13.7 leaves/msg, 114s)
2026-08-07 23:35:12   [GPU] 450,018 evals (12594 batches, avg 36/batch = 7% of 512, 3593 evals/s, 261 msg/s, 13.8 leaves/msg, 125s)
2026-08-07 23:35:17 [iter 11/40] self-play: 25/160 games...
2026-08-07 23:35:22   [GPU] 500,023 evals (13647 batches, avg 37/batch = 7% of 512, 3706 evals/s, 268 msg/s, 13.8 leaves/msg, 135s)
2026-08-07 23:35:32   [GPU] 550,006 evals (14774 batches, avg 37/batch = 7% of 512, 3794 evals/s, 274 msg/s, 13.8 leaves/msg, 145s)
2026-08-07 23:35:42   [GPU] 600,005 evals (15930 batches, avg 38/batch = 7% of 512, 3861 evals/s, 278 msg/s, 13.9 leaves/msg, 155s)
2026-08-07 23:35:52   [GPU] 650,027 evals (17002 batches, avg 38/batch = 7% of 512, 3937 evals/s, 285 msg/s, 13.8 leaves/msg, 165s)
2026-08-07 23:36:02   [GPU] 700,040 evals (18087 batches, avg 39/batch = 8% of 512, 4003 evals/s, 289 msg/s, 13.8 leaves/msg, 175s)
2026-08-07 23:36:02 [iter 11/40] self-play: 30/160 games...
2026-08-07 23:36:13   [GPU] 750,030 evals (19326 batches, avg 39/batch = 8% of 512, 4032 evals/s, 293 msg/s, 13.8 leaves/msg, 186s)
2026-08-07 23:36:17 [iter 11/40] self-play: 35/160 games...
2026-08-07 23:36:25   [GPU] 800,017 evals (20676 batches, avg 39/batch = 8% of 512, 4030 evals/s, 293 msg/s, 13.7 leaves/msg, 199s)
2026-08-07 23:36:35 [iter 11/40] self-play: 40/160 games...
2026-08-07 23:36:39   [GPU] 850,016 evals (22122 batches, avg 38/batch = 8% of 512, 4006 evals/s, 293 msg/s, 13.7 leaves/msg, 212s)
2026-08-07 23:36:52   [GPU] 900,001 evals (23520 batches, avg 38/batch = 7% of 512, 3995 evals/s, 292 msg/s, 13.7 leaves/msg, 225s)
2026-08-07 23:37:00 [iter 11/40] self-play: 45/160 games...
2026-08-07 23:37:05   [GPU] 950,008 evals (24854 batches, avg 38/batch = 7% of 512, 3996 evals/s, 292 msg/s, 13.7 leaves/msg, 238s)
2026-08-07 23:37:18   [GPU] 1,000,014 evals (26259 batches, avg 38/batch = 7% of 512, 3989 evals/s, 292 msg/s, 13.7 leaves/msg, 251s)
2026-08-07 23:37:20 [iter 11/40] self-play: 50/160 games...
2026-08-07 23:37:31   [GPU] 1,050,030 evals (27713 batches, avg 38/batch = 7% of 512, 3974 evals/s, 291 msg/s, 13.7 leaves/msg, 264s)
2026-08-07 23:37:44 [iter 11/40] self-play: 55/160 games...
2026-08-07 23:37:45   [GPU] 1,100,022 evals (29231 batches, avg 38/batch = 7% of 512, 3949 evals/s, 290 msg/s, 13.6 leaves/msg, 279s)
2026-08-07 23:37:57   [GPU] 1,150,015 evals (30519 batches, avg 38/batch = 7% of 512, 3968 evals/s, 290 msg/s, 13.7 leaves/msg, 290s)
2026-08-07 23:38:09   [GPU] 1,200,019 evals (31887 batches, avg 38/batch = 7% of 512, 3971 evals/s, 290 msg/s, 13.7 leaves/msg, 302s)
2026-08-07 23:38:20   [GPU] 1,250,000 evals (33077 batches, avg 38/batch = 7% of 512, 3993 evals/s, 291 msg/s, 13.7 leaves/msg, 313s)
2026-08-07 23:38:29   [GPU] 1,300,020 evals (34081 batches, avg 38/batch = 7% of 512, 4036 evals/s, 294 msg/s, 13.7 leaves/msg, 322s)
2026-08-07 23:38:38   [GPU] 1,350,029 evals (35067 batches, avg 38/batch = 8% of 512, 4076 evals/s, 296 msg/s, 13.8 leaves/msg, 331s)
2026-08-07 23:38:45 [iter 11/40] self-play: 60/160 games...
2026-08-07 23:38:48   [GPU] 1,400,048 evals (36103 batches, avg 39/batch = 8% of 512, 4109 evals/s, 299 msg/s, 13.7 leaves/msg, 341s)
2026-08-07 23:38:58   [GPU] 1,450,001 evals (37256 batches, avg 39/batch = 8% of 512, 4128 evals/s, 301 msg/s, 13.7 leaves/msg, 351s)
2026-08-07 23:39:07   [GPU] 1,500,051 evals (38271 batches, avg 39/batch = 8% of 512, 4161 evals/s, 302 msg/s, 13.8 leaves/msg, 361s)
2026-08-07 23:39:09 [iter 11/40] self-play: 65/160 games...
2026-08-07 23:39:18   [GPU] 1,550,007 evals (39399 batches, avg 39/batch = 8% of 512, 4181 evals/s, 304 msg/s, 13.8 leaves/msg, 371s)
2026-08-07 23:39:28   [GPU] 1,600,027 evals (40515 batches, avg 39/batch = 8% of 512, 4199 evals/s, 305 msg/s, 13.8 leaves/msg, 381s)
2026-08-07 23:39:37 [iter 11/40] self-play: 70/160 games...
2026-08-07 23:39:39   [GPU] 1,650,082 evals (41700 batches, avg 40/batch = 8% of 512, 4213 evals/s, 306 msg/s, 13.8 leaves/msg, 392s)
2026-08-07 23:39:50   [GPU] 1,700,002 evals (42915 batches, avg 40/batch = 8% of 512, 4223 evals/s, 306 msg/s, 13.8 leaves/msg, 403s)
2026-08-07 23:39:59 [iter 11/40] self-play: 75/160 games...
2026-08-07 23:40:01   [GPU] 1,750,021 evals (44230 batches, avg 40/batch = 8% of 512, 4223 evals/s, 306 msg/s, 13.8 leaves/msg, 414s)
2026-08-07 23:40:12   [GPU] 1,800,000 evals (45410 batches, avg 40/batch = 8% of 512, 4234 evals/s, 307 msg/s, 13.8 leaves/msg, 425s)
2026-08-07 23:40:24 [iter 11/40] self-play: 80/160 games...
2026-08-07 23:40:24   [GPU] 1,850,013 evals (46796 batches, avg 40/batch = 8% of 512, 4230 evals/s, 307 msg/s, 13.8 leaves/msg, 437s)
2026-08-07 23:40:37   [GPU] 1,900,039 evals (48162 batches, avg 39/batch = 8% of 512, 4223 evals/s, 307 msg/s, 13.8 leaves/msg, 450s)
2026-08-07 23:40:45 [iter 11/40] self-play: 85/160 games...
2026-08-07 23:40:48   [GPU] 1,950,009 evals (49417 batches, avg 39/batch = 8% of 512, 4229 evals/s, 307 msg/s, 13.8 leaves/msg, 461s)
2026-08-07 23:41:00   [GPU] 2,000,003 evals (50730 batches, avg 39/batch = 8% of 512, 4225 evals/s, 307 msg/s, 13.8 leaves/msg, 473s)
2026-08-07 23:41:12   [GPU] 2,050,008 evals (52027 batches, avg 39/batch = 8% of 512, 4224 evals/s, 306 msg/s, 13.8 leaves/msg, 485s)
2026-08-07 23:41:22 [iter 11/40] self-play: 90/160 games...
2026-08-07 23:41:25   [GPU] 2,100,036 evals (53351 batches, avg 39/batch = 8% of 512, 4220 evals/s, 306 msg/s, 13.8 leaves/msg, 498s)
2026-08-07 23:41:37   [GPU] 2,150,004 evals (54662 batches, avg 39/batch = 8% of 512, 4212 evals/s, 305 msg/s, 13.8 leaves/msg, 511s)
2026-08-07 23:41:47   [GPU] 2,200,004 evals (55772 batches, avg 39/batch = 8% of 512, 4228 evals/s, 306 msg/s, 13.8 leaves/msg, 520s)
2026-08-07 23:41:57   [GPU] 2,250,013 evals (56882 batches, avg 40/batch = 8% of 512, 4243 evals/s, 307 msg/s, 13.8 leaves/msg, 530s)
2026-08-07 23:42:07   [GPU] 2,300,024 evals (58018 batches, avg 40/batch = 8% of 512, 4258 evals/s, 308 msg/s, 13.8 leaves/msg, 540s)
2026-08-07 23:42:07 [iter 11/40] self-play: 95/160 games...
2026-08-07 23:42:16   [GPU] 2,350,056 evals (59071 batches, avg 40/batch = 8% of 512, 4276 evals/s, 310 msg/s, 13.8 leaves/msg, 550s)
2026-08-07 23:42:27   [GPU] 2,400,003 evals (60293 batches, avg 40/batch = 8% of 512, 4284 evals/s, 310 msg/s, 13.8 leaves/msg, 560s)
2026-08-07 23:42:33 [iter 11/40] self-play: 100/160 games...
2026-08-07 23:42:37   [GPU] 2,450,052 evals (61385 batches, avg 40/batch = 8% of 512, 4297 evals/s, 311 msg/s, 13.8 leaves/msg, 570s)
2026-08-07 23:42:47   [GPU] 2,500,020 evals (62522 batches, avg 40/batch = 8% of 512, 4309 evals/s, 312 msg/s, 13.8 leaves/msg, 580s)
2026-08-07 23:42:58   [GPU] 2,550,021 evals (63805 batches, avg 40/batch = 8% of 512, 4311 evals/s, 312 msg/s, 13.8 leaves/msg, 592s)
2026-08-07 23:43:03 [iter 11/40] self-play: 105/160 games...
2026-08-07 23:43:10   [GPU] 2,600,003 evals (65052 batches, avg 40/batch = 8% of 512, 4314 evals/s, 312 msg/s, 13.8 leaves/msg, 603s)
2026-08-07 23:43:21 [iter 11/40] self-play: 110/160 games...
2026-08-07 23:43:21   [GPU] 2,650,013 evals (66382 batches, avg 40/batch = 8% of 512, 4313 evals/s, 313 msg/s, 13.8 leaves/msg, 614s)
2026-08-07 23:43:35   [GPU] 2,700,014 evals (67795 batches, avg 40/batch = 8% of 512, 4302 evals/s, 312 msg/s, 13.8 leaves/msg, 628s)
2026-08-07 23:43:48   [GPU] 2,750,008 evals (69111 batches, avg 40/batch = 8% of 512, 4288 evals/s, 311 msg/s, 13.8 leaves/msg, 641s)
2026-08-07 23:43:50 [iter 11/40] self-play: 115/160 games...
2026-08-07 23:44:01   [GPU] 2,800,011 evals (70369 batches, avg 40/batch = 8% of 512, 4281 evals/s, 311 msg/s, 13.8 leaves/msg, 654s)
2026-08-07 23:44:15   [GPU] 2,850,050 evals (71777 batches, avg 40/batch = 8% of 512, 4266 evals/s, 309 msg/s, 13.8 leaves/msg, 668s)
2026-08-07 23:44:16 [iter 11/40] self-play: 120/160 games...
2026-08-07 23:44:28   [GPU] 2,900,016 evals (73073 batches, avg 40/batch = 8% of 512, 4255 evals/s, 309 msg/s, 13.8 leaves/msg, 682s)
2026-08-07 23:44:42   [GPU] 2,950,019 evals (74381 batches, avg 40/batch = 8% of 512, 4245 evals/s, 308 msg/s, 13.8 leaves/msg, 695s)
2026-08-07 23:44:46 [iter 11/40] self-play: 125/160 games...
2026-08-07 23:44:55   [GPU] 3,000,022 evals (75651 batches, avg 40/batch = 8% of 512, 4238 evals/s, 307 msg/s, 13.8 leaves/msg, 708s)
2026-08-07 23:45:09   [GPU] 3,050,033 evals (76970 batches, avg 40/batch = 8% of 512, 4226 evals/s, 306 msg/s, 13.8 leaves/msg, 722s)
2026-08-07 23:45:16 [iter 11/40] self-play: 130/160 games...
2026-08-07 23:45:21   [GPU] 3,100,030 evals (78202 batches, avg 40/batch = 8% of 512, 4223 evals/s, 306 msg/s, 13.8 leaves/msg, 734s)
2026-08-07 23:45:32   [GPU] 3,150,028 evals (79334 batches, avg 40/batch = 8% of 512, 4226 evals/s, 306 msg/s, 13.8 leaves/msg, 745s)
2026-08-07 23:45:42 [iter 11/40] self-play: 135/160 games...
2026-08-07 23:45:45   [GPU] 3,200,021 evals (80594 batches, avg 40/batch = 8% of 512, 4222 evals/s, 306 msg/s, 13.8 leaves/msg, 758s)
2026-08-07 23:45:58   [GPU] 3,250,024 evals (81861 batches, avg 40/batch = 8% of 512, 4216 evals/s, 306 msg/s, 13.8 leaves/msg, 771s)
2026-08-07 23:46:06 [iter 11/40] self-play: 140/160 games...
2026-08-07 23:46:11   [GPU] 3,300,020 evals (83107 batches, avg 40/batch = 8% of 512, 4211 evals/s, 306 msg/s, 13.8 leaves/msg, 784s)
2026-08-07 23:46:24   [GPU] 3,350,021 evals (84442 batches, avg 40/batch = 8% of 512, 4202 evals/s, 305 msg/s, 13.8 leaves/msg, 797s)
2026-08-07 23:46:38   [GPU] 3,400,024 evals (85671 batches, avg 40/batch = 8% of 512, 4193 evals/s, 304 msg/s, 13.8 leaves/msg, 811s)
2026-08-07 23:46:40 [iter 11/40] self-play: 145/160 games...
2026-08-07 23:46:52   [GPU] 3,450,021 evals (86951 batches, avg 40/batch = 8% of 512, 4184 evals/s, 303 msg/s, 13.8 leaves/msg, 825s)
2026-08-07 23:47:04   [GPU] 3,500,024 evals (88143 batches, avg 40/batch = 8% of 512, 4180 evals/s, 303 msg/s, 13.8 leaves/msg, 837s)
2026-08-07 23:47:11 [iter 11/40] self-play: 150/160 games...
2026-08-07 23:47:17   [GPU] 3,550,015 evals (89352 batches, avg 40/batch = 8% of 512, 4177 evals/s, 303 msg/s, 13.8 leaves/msg, 850s)
2026-08-07 23:47:29   [GPU] 3,600,025 evals (90486 batches, avg 40/batch = 8% of 512, 4177 evals/s, 303 msg/s, 13.8 leaves/msg, 862s)
2026-08-07 23:47:41   [GPU] 3,650,021 evals (91668 batches, avg 40/batch = 8% of 512, 4176 evals/s, 303 msg/s, 13.8 leaves/msg, 874s)
2026-08-07 23:47:56   [GPU] 3,700,006 evals (93090 batches, avg 40/batch = 8% of 512, 4163 evals/s, 302 msg/s, 13.8 leaves/msg, 889s)
2026-08-07 23:48:10   [GPU] 3,750,006 evals (94443 batches, avg 40/batch = 8% of 512, 4154 evals/s, 301 msg/s, 13.8 leaves/msg, 903s)
2026-08-07 23:48:23   [GPU] 3,800,039 evals (95738 batches, avg 40/batch = 8% of 512, 4149 evals/s, 300 msg/s, 13.8 leaves/msg, 916s)
2026-08-07 23:48:36   [GPU] 3,850,043 evals (96984 batches, avg 40/batch = 8% of 512, 4146 evals/s, 300 msg/s, 13.8 leaves/msg, 929s)
2026-08-07 23:48:48   [GPU] 3,900,039 evals (98213 batches, avg 40/batch = 8% of 512, 4143 evals/s, 300 msg/s, 13.8 leaves/msg, 941s)
2026-08-07 23:48:53 [iter 11/40] self-play: 155/160 games...
2026-08-07 23:49:04   [GPU] 3,950,003 evals (99735 batches, avg 40/batch = 8% of 512, 4126 evals/s, 299 msg/s, 13.8 leaves/msg, 957s)
2026-08-07 23:49:40 [iter 11/40] self-play: 160/160 games...
2026-08-07 23:49:40 [iter 11/40] self-play done: 160 games (993s) | wins: P0=32, P1=40, P2=23, P3=50, draw=15 | draw_rate=9% avg_len~27
2026-08-07 23:49:40 [iter 11/40] search: expanded=6.8 actions/node visits/action=88.2 walls/game=6.01 first_wall_ply=2.0 learner_sims/s=4404.13
2026-08-07 23:49:40 [iter 11/40] training (600 steps, lr=8.68e-04)...
2026-08-07 23:49:50 [iter 11/40] training done: loss_p=1.516 loss_v=0.135 (10s)
2026-08-07 23:49:54 [iter 11/40] data: policy_wall_mass=0.153 walled_states=63% walls_on_board=19.0 value_mae walled=0.179 free=0.301
2026-08-07 23:49:58 [iter 11/40] eval skipped (eval_every=4)
2026-08-07 23:49:58 >>> iter 11 | loss_p=1.516 loss_v=0.135 | vs_best=n/a (not evaluated) | vs_rand=n/a | draw=9% | buf=90944 | rss=2.97GB | sp=993s train=10s eval_best=0s eval_rand=0s | total=1011s
2026-08-07 23:49:58 [iter 12/40] self-play starting (160 games, 600 sims, MIXED 80/160 race-only)...
2026-08-07 23:49:58 [PARALLEL-MP] 8 workers spawned (160 games, sims=600), GPU batcher starting...
2026-08-07 23:50:16   [GPU] 50,014 evals (1457 batches, avg 34/batch = 7% of 512, 2851 evals/s, 202 msg/s, 14.1 leaves/msg, 18s)
2026-08-07 23:50:18 [iter 12/40] self-play: 5/160 games...
2026-08-07 23:50:32 [iter 12/40] self-play: 10/160 games...
2026-08-07 23:50:32   [GPU] 100,005 evals (3010 batches, avg 33/batch = 6% of 512, 2935 evals/s, 215 msg/s, 13.6 leaves/msg, 34s)
2026-08-07 23:50:51   [GPU] 150,008 evals (4681 batches, avg 32/batch = 6% of 512, 2827 evals/s, 208 msg/s, 13.6 leaves/msg, 53s)
2026-08-07 23:50:57 [iter 12/40] self-play: 15/160 games...
2026-08-07 23:51:08   [GPU] 200,006 evals (6282 batches, avg 32/batch = 6% of 512, 2846 evals/s, 207 msg/s, 13.7 leaves/msg, 70s)
2026-08-07 23:51:21   [GPU] 250,027 evals (7548 batches, avg 33/batch = 6% of 512, 3011 evals/s, 217 msg/s, 13.9 leaves/msg, 83s)
2026-08-07 23:51:34   [GPU] 300,001 evals (8815 batches, avg 34/batch = 7% of 512, 3131 evals/s, 225 msg/s, 13.9 leaves/msg, 96s)
2026-08-07 23:51:46   [GPU] 350,019 evals (9992 batches, avg 35/batch = 7% of 512, 3254 evals/s, 233 msg/s, 14.0 leaves/msg, 108s)
2026-08-07 23:51:50 [iter 12/40] self-play: 20/160 games...
2026-08-07 23:51:58   [GPU] 400,040 evals (11200 batches, avg 36/batch = 7% of 512, 3343 evals/s, 241 msg/s, 13.9 leaves/msg, 120s)
2026-08-07 23:52:10   [GPU] 450,041 evals (12422 batches, avg 36/batch = 7% of 512, 3412 evals/s, 244 msg/s, 14.0 leaves/msg, 132s)
2026-08-07 23:52:21   [GPU] 500,023 evals (13516 batches, avg 37/batch = 7% of 512, 3508 evals/s, 250 msg/s, 14.0 leaves/msg, 143s)
2026-08-07 23:52:31   [GPU] 550,050 evals (14599 batches, avg 38/batch = 7% of 512, 3591 evals/s, 257 msg/s, 14.0 leaves/msg, 153s)
2026-08-07 23:52:36 [iter 12/40] self-play: 25/160 games...
2026-08-07 23:52:43   [GPU] 600,005 evals (15773 batches, avg 38/batch = 7% of 512, 3649 evals/s, 263 msg/s, 13.9 leaves/msg, 164s)
2026-08-07 23:52:55   [GPU] 650,043 evals (17012 batches, avg 38/batch = 7% of 512, 3679 evals/s, 265 msg/s, 13.9 leaves/msg, 177s)
2026-08-07 23:53:06   [GPU] 700,021 evals (18097 batches, avg 39/batch = 8% of 512, 3737 evals/s, 269 msg/s, 13.9 leaves/msg, 187s)
2026-08-07 23:53:10 [iter 12/40] self-play: 30/160 games...
2026-08-07 23:53:18   [GPU] 750,020 evals (19289 batches, avg 39/batch = 8% of 512, 3763 evals/s, 271 msg/s, 13.9 leaves/msg, 199s)
2026-08-07 23:53:28   [GPU] 800,036 evals (20387 batches, avg 39/batch = 8% of 512, 3807 evals/s, 274 msg/s, 13.9 leaves/msg, 210s)
2026-08-07 23:53:40   [GPU] 850,033 evals (21582 batches, avg 39/batch = 8% of 512, 3829 evals/s, 276 msg/s, 13.9 leaves/msg, 222s)
2026-08-07 23:53:41 [iter 12/40] self-play: 35/160 games...
2026-08-07 23:53:53   [GPU] 900,004 evals (22843 batches, avg 39/batch = 8% of 512, 3839 evals/s, 278 msg/s, 13.8 leaves/msg, 234s)
2026-08-07 23:53:58 [iter 12/40] self-play: 40/160 games...
2026-08-07 23:54:07   [GPU] 950,011 evals (24277 batches, avg 39/batch = 8% of 512, 3815 evals/s, 278 msg/s, 13.7 leaves/msg, 249s)
2026-08-07 23:54:11 [iter 12/40] self-play: 45/160 games...
2026-08-07 23:54:23   [GPU] 1,000,028 evals (25759 batches, avg 39/batch = 8% of 512, 3773 evals/s, 275 msg/s, 13.7 leaves/msg, 265s)
2026-08-07 23:54:37 [iter 12/40] self-play: 50/160 games...
2026-08-07 23:54:38   [GPU] 1,050,005 evals (27193 batches, avg 39/batch = 8% of 512, 3747 evals/s, 273 msg/s, 13.7 leaves/msg, 280s)
2026-08-07 23:54:53   [GPU] 1,100,016 evals (28568 batches, avg 39/batch = 8% of 512, 3728 evals/s, 270 msg/s, 13.8 leaves/msg, 295s)
2026-08-07 23:55:05   [GPU] 1,150,024 evals (29740 batches, avg 39/batch = 8% of 512, 3748 evals/s, 271 msg/s, 13.8 leaves/msg, 307s)
2026-08-07 23:55:17   [GPU] 1,200,003 evals (30918 batches, avg 39/batch = 8% of 512, 3770 evals/s, 273 msg/s, 13.8 leaves/msg, 318s)
2026-08-07 23:55:25 [iter 12/40] self-play: 55/160 games...
2026-08-07 23:55:30   [GPU] 1,250,014 evals (32242 batches, avg 39/batch = 8% of 512, 3771 evals/s, 274 msg/s, 13.8 leaves/msg, 331s)
2026-08-07 23:55:45   [GPU] 1,300,088 evals (33691 batches, avg 39/batch = 8% of 512, 3749 evals/s, 272 msg/s, 13.8 leaves/msg, 347s)
2026-08-07 23:55:50 [iter 12/40] self-play: 60/160 games...
2026-08-07 23:56:00   [GPU] 1,350,000 evals (35139 batches, avg 38/batch = 8% of 512, 3728 evals/s, 271 msg/s, 13.7 leaves/msg, 362s)
2026-08-07 23:56:14   [GPU] 1,400,038 evals (36446 batches, avg 38/batch = 8% of 512, 3726 evals/s, 271 msg/s, 13.8 leaves/msg, 376s)
2026-08-07 23:56:16 [iter 12/40] self-play: 65/160 games...
2026-08-07 23:56:29   [GPU] 1,450,023 evals (37831 batches, avg 38/batch = 7% of 512, 3714 evals/s, 269 msg/s, 13.8 leaves/msg, 390s)
2026-08-07 23:56:40   [GPU] 1,500,012 evals (39004 batches, avg 38/batch = 8% of 512, 3732 evals/s, 270 msg/s, 13.8 leaves/msg, 402s)
2026-08-07 23:56:52   [GPU] 1,550,028 evals (40184 batches, avg 39/batch = 8% of 512, 3750 evals/s, 272 msg/s, 13.8 leaves/msg, 413s)
2026-08-07 23:57:03   [GPU] 1,600,010 evals (41363 batches, avg 39/batch = 8% of 512, 3762 evals/s, 272 msg/s, 13.8 leaves/msg, 425s)
2026-08-07 23:57:15   [GPU] 1,650,007 evals (42537 batches, avg 39/batch = 8% of 512, 3780 evals/s, 273 msg/s, 13.9 leaves/msg, 437s)
2026-08-07 23:57:26   [GPU] 1,700,010 evals (43717 batches, avg 39/batch = 8% of 512, 3794 evals/s, 273 msg/s, 13.9 leaves/msg, 448s)
2026-08-07 23:57:37   [GPU] 1,750,024 evals (44849 batches, avg 39/batch = 8% of 512, 3812 evals/s, 274 msg/s, 13.9 leaves/msg, 459s)
2026-08-07 23:57:43 [iter 12/40] self-play: 70/160 games...
2026-08-07 23:57:49   [GPU] 1,800,011 evals (46006 batches, avg 39/batch = 8% of 512, 3825 evals/s, 275 msg/s, 13.9 leaves/msg, 471s)
2026-08-07 23:57:59   [GPU] 1,850,057 evals (47028 batches, avg 39/batch = 8% of 512, 3849 evals/s, 276 msg/s, 13.9 leaves/msg, 481s)
2026-08-07 23:58:08   [GPU] 1,900,073 evals (47979 batches, avg 40/batch = 8% of 512, 3879 evals/s, 279 msg/s, 13.9 leaves/msg, 490s)
2026-08-07 23:58:18   [GPU] 1,950,029 evals (48976 batches, avg 40/batch = 8% of 512, 3904 evals/s, 281 msg/s, 13.9 leaves/msg, 499s)
2026-08-07 23:58:19 [iter 12/40] self-play: 75/160 games...
2026-08-07 23:58:29   [GPU] 2,000,009 evals (50131 batches, avg 40/batch = 8% of 512, 3917 evals/s, 282 msg/s, 13.9 leaves/msg, 511s)
2026-08-07 23:58:40   [GPU] 2,050,035 evals (51312 batches, avg 40/batch = 8% of 512, 3928 evals/s, 283 msg/s, 13.9 leaves/msg, 522s)
2026-08-07 23:58:41 [iter 12/40] self-play: 80/160 games...
2026-08-07 23:58:52   [GPU] 2,100,023 evals (52576 batches, avg 40/batch = 8% of 512, 3932 evals/s, 284 msg/s, 13.9 leaves/msg, 534s)
2026-08-07 23:58:57 [iter 12/40] self-play: 85/160 games...
2026-08-07 23:59:07   [GPU] 2,150,000 evals (54032 batches, avg 40/batch = 8% of 512, 3920 evals/s, 283 msg/s, 13.8 leaves/msg, 549s)
2026-08-07 23:59:12 [iter 12/40] self-play: 90/160 games...
2026-08-07 23:59:21   [GPU] 2,200,016 evals (55473 batches, avg 40/batch = 8% of 512, 3909 evals/s, 283 msg/s, 13.8 leaves/msg, 563s)
2026-08-07 23:59:35 [iter 12/40] self-play: 95/160 games...
2026-08-07 23:59:36   [GPU] 2,250,010 evals (56899 batches, avg 40/batch = 8% of 512, 3897 evals/s, 282 msg/s, 13.8 leaves/msg, 577s)
2026-08-07 23:59:48   [GPU] 2,300,021 evals (58197 batches, avg 40/batch = 8% of 512, 3898 evals/s, 282 msg/s, 13.8 leaves/msg, 590s)
2026-08-08 00:00:03   [GPU] 2,350,006 evals (59660 batches, avg 39/batch = 8% of 512, 3887 evals/s, 281 msg/s, 13.8 leaves/msg, 605s)
2026-08-08 00:00:05 [iter 12/40] self-play: 100/160 games...
2026-08-08 00:00:16   [GPU] 2,400,044 evals (61039 batches, avg 39/batch = 8% of 512, 3883 evals/s, 282 msg/s, 13.8 leaves/msg, 618s)
2026-08-08 00:00:26 [iter 12/40] self-play: 105/160 games...
2026-08-08 00:00:28   [GPU] 2,450,014 evals (62294 batches, avg 39/batch = 8% of 512, 3888 evals/s, 282 msg/s, 13.8 leaves/msg, 630s)
2026-08-08 00:00:42   [GPU] 2,500,021 evals (63658 batches, avg 39/batch = 8% of 512, 3885 evals/s, 282 msg/s, 13.8 leaves/msg, 644s)
2026-08-08 00:00:49 [iter 12/40] self-play: 110/160 games...
2026-08-08 00:00:55   [GPU] 2,550,020 evals (65032 batches, avg 39/batch = 8% of 512, 3882 evals/s, 282 msg/s, 13.8 leaves/msg, 657s)
2026-08-08 00:01:09   [GPU] 2,600,067 evals (66407 batches, avg 39/batch = 8% of 512, 3879 evals/s, 282 msg/s, 13.8 leaves/msg, 670s)
2026-08-08 00:01:22   [GPU] 2,650,024 evals (67681 batches, avg 39/batch = 8% of 512, 3876 evals/s, 281 msg/s, 13.8 leaves/msg, 684s)
2026-08-08 00:01:32 [iter 12/40] self-play: 115/160 games...
2026-08-08 00:01:34   [GPU] 2,700,012 evals (68859 batches, avg 39/batch = 8% of 512, 3881 evals/s, 281 msg/s, 13.8 leaves/msg, 696s)
2026-08-08 00:01:45   [GPU] 2,750,036 evals (69893 batches, avg 39/batch = 8% of 512, 3894 evals/s, 282 msg/s, 13.8 leaves/msg, 706s)
2026-08-08 00:01:55   [GPU] 2,800,033 evals (70926 batches, avg 39/batch = 8% of 512, 3907 evals/s, 283 msg/s, 13.8 leaves/msg, 717s)
2026-08-08 00:02:05   [GPU] 2,850,046 evals (71982 batches, avg 40/batch = 8% of 512, 3922 evals/s, 284 msg/s, 13.8 leaves/msg, 727s)
2026-08-08 00:02:14   [GPU] 2,900,002 evals (73015 batches, avg 40/batch = 8% of 512, 3939 evals/s, 285 msg/s, 13.8 leaves/msg, 736s)
2026-08-08 00:02:24   [GPU] 2,950,012 evals (74045 batches, avg 40/batch = 8% of 512, 3958 evals/s, 286 msg/s, 13.8 leaves/msg, 745s)
2026-08-08 00:02:33   [GPU] 3,000,026 evals (75087 batches, avg 40/batch = 8% of 512, 3975 evals/s, 288 msg/s, 13.8 leaves/msg, 755s)
2026-08-08 00:02:43   [GPU] 3,050,021 evals (76160 batches, avg 40/batch = 8% of 512, 3988 evals/s, 289 msg/s, 13.8 leaves/msg, 765s)
2026-08-08 00:02:52 [iter 12/40] self-play: 120/160 games...
2026-08-08 00:02:53   [GPU] 3,100,036 evals (77210 batches, avg 40/batch = 8% of 512, 4002 evals/s, 290 msg/s, 13.8 leaves/msg, 775s)
2026-08-08 00:03:02   [GPU] 3,150,042 evals (78178 batches, avg 40/batch = 8% of 512, 4020 evals/s, 291 msg/s, 13.8 leaves/msg, 784s)
2026-08-08 00:03:12   [GPU] 3,200,032 evals (79221 batches, avg 40/batch = 8% of 512, 4033 evals/s, 292 msg/s, 13.8 leaves/msg, 793s)
2026-08-08 00:03:21   [GPU] 3,250,027 evals (80256 batches, avg 40/batch = 8% of 512, 4048 evals/s, 293 msg/s, 13.8 leaves/msg, 803s)
2026-08-08 00:03:26 [iter 12/40] self-play: 125/160 games...
2026-08-08 00:03:32   [GPU] 3,300,033 evals (81417 batches, avg 41/batch = 8% of 512, 4054 evals/s, 294 msg/s, 13.8 leaves/msg, 814s)
2026-08-08 00:03:41 [iter 12/40] self-play: 130/160 games...
2026-08-08 00:03:44   [GPU] 3,350,047 evals (82674 batches, avg 41/batch = 8% of 512, 4057 evals/s, 294 msg/s, 13.8 leaves/msg, 826s)
2026-08-08 00:03:57   [GPU] 3,400,001 evals (84084 batches, avg 40/batch = 8% of 512, 4054 evals/s, 295 msg/s, 13.8 leaves/msg, 839s)
2026-08-08 00:03:57 [iter 12/40] self-play: 135/160 games...
2026-08-08 00:04:10   [GPU] 3,450,024 evals (85458 batches, avg 40/batch = 8% of 512, 4049 evals/s, 294 msg/s, 13.8 leaves/msg, 852s)
2026-08-08 00:04:24 [iter 12/40] self-play: 140/160 games...
2026-08-08 00:04:24   [GPU] 3,500,040 evals (86898 batches, avg 40/batch = 8% of 512, 4041 evals/s, 293 msg/s, 13.8 leaves/msg, 866s)
2026-08-08 00:04:36   [GPU] 3,550,018 evals (88133 batches, avg 40/batch = 8% of 512, 4045 evals/s, 294 msg/s, 13.8 leaves/msg, 878s)
2026-08-08 00:04:49   [GPU] 3,600,009 evals (89516 batches, avg 40/batch = 8% of 512, 4043 evals/s, 294 msg/s, 13.8 leaves/msg, 890s)
2026-08-08 00:05:01   [GPU] 3,650,005 evals (90790 batches, avg 40/batch = 8% of 512, 4045 evals/s, 293 msg/s, 13.8 leaves/msg, 902s)
2026-08-08 00:05:01 [iter 12/40] self-play: 145/160 games...
2026-08-08 00:05:13   [GPU] 3,700,026 evals (92092 batches, avg 40/batch = 8% of 512, 4046 evals/s, 294 msg/s, 13.8 leaves/msg, 914s)
2026-08-08 00:05:23   [GPU] 3,750,000 evals (93259 batches, avg 40/batch = 8% of 512, 4054 evals/s, 294 msg/s, 13.8 leaves/msg, 925s)
2026-08-08 00:05:30 [iter 12/40] self-play: 150/160 games...
2026-08-08 00:05:35   [GPU] 3,800,026 evals (94522 batches, avg 40/batch = 8% of 512, 4056 evals/s, 294 msg/s, 13.8 leaves/msg, 937s)
2026-08-08 00:05:46   [GPU] 3,850,075 evals (95710 batches, avg 40/batch = 8% of 512, 4062 evals/s, 294 msg/s, 13.8 leaves/msg, 948s)
2026-08-08 00:05:56   [GPU] 3,900,012 evals (96767 batches, avg 40/batch = 8% of 512, 4073 evals/s, 295 msg/s, 13.8 leaves/msg, 957s)
2026-08-08 00:06:05   [GPU] 3,950,002 evals (97780 batches, avg 40/batch = 8% of 512, 4085 evals/s, 296 msg/s, 13.8 leaves/msg, 967s)
2026-08-08 00:06:14   [GPU] 4,000,014 evals (98704 batches, avg 41/batch = 8% of 512, 4101 evals/s, 297 msg/s, 13.8 leaves/msg, 975s)
2026-08-08 00:06:23   [GPU] 4,050,024 evals (99732 batches, avg 41/batch = 8% of 512, 4113 evals/s, 298 msg/s, 13.8 leaves/msg, 985s)
2026-08-08 00:06:27 [iter 12/40] self-play: 155/160 games...
2026-08-08 00:06:35   [GPU] 4,100,012 evals (101036 batches, avg 41/batch = 8% of 512, 4114 evals/s, 298 msg/s, 13.8 leaves/msg, 996s)
2026-08-08 00:06:47   [GPU] 4,150,006 evals (102436 batches, avg 41/batch = 8% of 512, 4113 evals/s, 298 msg/s, 13.8 leaves/msg, 1009s)
2026-08-08 00:07:09   [GPU] 4,200,015 evals (104441 batches, avg 40/batch = 8% of 512, 4075 evals/s, 295 msg/s, 13.8 leaves/msg, 1031s)
2026-08-08 00:07:40   [GPU] 4,250,005 evals (106834 batches, avg 40/batch = 8% of 512, 4002 evals/s, 290 msg/s, 13.8 leaves/msg, 1062s)
2026-08-08 00:07:57 [iter 12/40] self-play: 160/160 games...
2026-08-08 00:07:57 [iter 12/40] self-play done: 160 games (1079s) | wins: P0=28, P1=39, P2=29, P3=47, draw=17 | draw_rate=11% avg_len~27
2026-08-08 00:07:57 [iter 12/40] search: expanded=6.7 actions/node visits/action=89.8 walls/game=6.01 first_wall_ply=1.688 learner_sims/s=4319.49
2026-08-08 00:07:57 [iter 12/40] training (600 steps, lr=8.42e-04)...
2026-08-08 00:08:03 [iter 12/40] training done: loss_p=1.519 loss_v=0.136 (6s)
2026-08-08 00:08:04 [iter 12/40] data: policy_wall_mass=0.144 walled_states=63% walls_on_board=19.9 value_mae walled=0.194 free=0.350
2026-08-08 00:08:05 [iter 12/40] eval vs best (40 games, 600 sims)...
2026-08-08 00:08:05 [EVAL-MP] 8 workers spawned (40 vs_best games, sims=600), GPU batcher starting...
2026-08-08 00:08:36   [GPU] 50,008 evals (1604 batches, avg 31/batch = 6% of 512, 1645 evals/s, 107 msg/s, 15.4 leaves/msg, 30s)
2026-08-08 00:09:01   [GPU] 100,003 evals (3416 batches, avg 29/batch = 6% of 512, 1782 evals/s, 116 msg/s, 15.4 leaves/msg, 56s)
2026-08-08 00:09:22   [GPU] 150,027 evals (5068 batches, avg 30/batch = 6% of 512, 1960 evals/s, 127 msg/s, 15.4 leaves/msg, 77s)
2026-08-08 00:09:38   [GPU] 200,039 evals (6477 batches, avg 31/batch = 6% of 512, 2162 evals/s, 141 msg/s, 15.3 leaves/msg, 93s)
2026-08-08 00:09:53   [GPU] 250,043 evals (7787 batches, avg 32/batch = 6% of 512, 2331 evals/s, 152 msg/s, 15.3 leaves/msg, 107s)
2026-08-08 00:10:06   [GPU] 300,050 evals (9037 batches, avg 33/batch = 6% of 512, 2476 evals/s, 162 msg/s, 15.2 leaves/msg, 121s)
2026-08-08 00:10:21   [GPU] 350,016 evals (10364 batches, avg 34/batch = 7% of 512, 2572 evals/s, 169 msg/s, 15.2 leaves/msg, 136s)
2026-08-08 00:10:36   [GPU] 400,018 evals (11705 batches, avg 34/batch = 7% of 512, 2651 evals/s, 175 msg/s, 15.1 leaves/msg, 151s)
2026-08-08 00:10:50   [GPU] 450,009 evals (13029 batches, avg 35/batch = 7% of 512, 2729 evals/s, 181 msg/s, 15.1 leaves/msg, 165s)
2026-08-08 00:11:05   [GPU] 500,026 evals (14382 batches, avg 35/batch = 7% of 512, 2786 evals/s, 186 msg/s, 15.0 leaves/msg, 180s)
2026-08-08 00:11:19   [GPU] 550,010 evals (15721 batches, avg 35/batch = 7% of 512, 2836 evals/s, 189 msg/s, 15.0 leaves/msg, 194s)
2026-08-08 00:11:33   [GPU] 600,003 evals (16999 batches, avg 35/batch = 7% of 512, 2889 evals/s, 193 msg/s, 15.0 leaves/msg, 208s)
2026-08-08 00:11:47   [GPU] 650,016 evals (18277 batches, avg 36/batch = 7% of 512, 2933 evals/s, 196 msg/s, 14.9 leaves/msg, 222s)
2026-08-08 00:11:59 [iter 12/40] eval vs best: 5/40 games (233s, cand 25%)
2026-08-08 00:12:03   [GPU] 700,053 evals (19659 batches, avg 36/batch = 7% of 512, 2952 evals/s, 199 msg/s, 14.8 leaves/msg, 237s)
2026-08-08 00:12:19   [GPU] 750,030 evals (21120 batches, avg 36/batch = 7% of 512, 2954 evals/s, 199 msg/s, 14.9 leaves/msg, 254s)
2026-08-08 00:12:36   [GPU] 800,044 evals (22591 batches, avg 35/batch = 7% of 512, 2952 evals/s, 199 msg/s, 14.8 leaves/msg, 271s)
2026-08-08 00:12:55   [GPU] 850,006 evals (24172 batches, avg 35/batch = 7% of 512, 2934 evals/s, 198 msg/s, 14.8 leaves/msg, 290s)
2026-08-08 00:13:16   [GPU] 900,014 evals (25883 batches, avg 35/batch = 7% of 512, 2898 evals/s, 196 msg/s, 14.8 leaves/msg, 311s)
2026-08-08 00:13:35   [GPU] 950,043 evals (27472 batches, avg 35/batch = 7% of 512, 2885 evals/s, 195 msg/s, 14.8 leaves/msg, 329s)
2026-08-08 00:13:51   [GPU] 1,000,005 evals (28931 batches, avg 35/batch = 7% of 512, 2889 evals/s, 195 msg/s, 14.8 leaves/msg, 346s)
2026-08-08 00:14:06   [GPU] 1,050,034 evals (30221 batches, avg 35/batch = 7% of 512, 2910 evals/s, 196 msg/s, 14.8 leaves/msg, 361s)
2026-08-08 00:14:10 [iter 12/40] eval vs best: 10/40 games (365s, cand 40%)
2026-08-08 00:14:20   [GPU] 1,100,038 evals (31515 batches, avg 35/batch = 7% of 512, 2933 evals/s, 198 msg/s, 14.8 leaves/msg, 375s)
2026-08-08 00:14:34   [GPU] 1,150,009 evals (32750 batches, avg 35/batch = 7% of 512, 2961 evals/s, 200 msg/s, 14.8 leaves/msg, 388s)
2026-08-08 00:14:48   [GPU] 1,200,002 evals (34025 batches, avg 35/batch = 7% of 512, 2983 evals/s, 202 msg/s, 14.8 leaves/msg, 402s)
2026-08-08 00:15:01   [GPU] 1,250,034 evals (35279 batches, avg 35/batch = 7% of 512, 3004 evals/s, 203 msg/s, 14.8 leaves/msg, 416s)
2026-08-08 00:15:15   [GPU] 1,300,051 evals (36511 batches, avg 36/batch = 7% of 512, 3022 evals/s, 204 msg/s, 14.8 leaves/msg, 430s)
2026-08-08 00:15:30   [GPU] 1,350,009 evals (37785 batches, avg 36/batch = 7% of 512, 3037 evals/s, 205 msg/s, 14.8 leaves/msg, 445s)
2026-08-08 00:15:44   [GPU] 1,400,030 evals (39075 batches, avg 36/batch = 7% of 512, 3050 evals/s, 206 msg/s, 14.8 leaves/msg, 459s)
2026-08-08 00:15:59   [GPU] 1,450,030 evals (40423 batches, avg 36/batch = 7% of 512, 3060 evals/s, 207 msg/s, 14.8 leaves/msg, 474s)
2026-08-08 00:16:16   [GPU] 1,500,007 evals (41832 batches, avg 36/batch = 7% of 512, 3060 evals/s, 207 msg/s, 14.8 leaves/msg, 490s)
2026-08-08 00:16:32   [GPU] 1,550,002 evals (43223 batches, avg 36/batch = 7% of 512, 3062 evals/s, 207 msg/s, 14.8 leaves/msg, 506s)
2026-08-08 00:16:43 [iter 12/40] eval vs best: 15/40 games (518s, cand 29%)
2026-08-08 00:16:47   [GPU] 1,600,043 evals (44600 batches, avg 36/batch = 7% of 512, 3069 evals/s, 207 msg/s, 14.8 leaves/msg, 521s)
2026-08-08 00:17:03   [GPU] 1,650,019 evals (45988 batches, avg 36/batch = 7% of 512, 3071 evals/s, 207 msg/s, 14.8 leaves/msg, 537s)
2026-08-08 00:17:17   [GPU] 1,700,021 evals (47298 batches, avg 36/batch = 7% of 512, 3080 evals/s, 208 msg/s, 14.8 leaves/msg, 552s)
2026-08-08 00:17:33   [GPU] 1,750,041 evals (48702 batches, avg 36/batch = 7% of 512, 3085 evals/s, 208 msg/s, 14.8 leaves/msg, 567s)
2026-08-08 00:17:49   [GPU] 1,800,004 evals (50139 batches, avg 36/batch = 7% of 512, 3086 evals/s, 208 msg/s, 14.8 leaves/msg, 583s)
2026-08-08 00:18:05   [GPU] 1,850,031 evals (51649 batches, avg 36/batch = 7% of 512, 3083 evals/s, 208 msg/s, 14.8 leaves/msg, 600s)
2026-08-08 00:18:22   [GPU] 1,900,043 evals (53133 batches, avg 36/batch = 7% of 512, 3081 evals/s, 208 msg/s, 14.8 leaves/msg, 617s)
2026-08-08 00:18:38   [GPU] 1,950,010 evals (54563 batches, avg 36/batch = 7% of 512, 3082 evals/s, 208 msg/s, 14.8 leaves/msg, 633s)
2026-08-08 00:18:55   [GPU] 2,000,001 evals (55998 batches, avg 36/batch = 7% of 512, 3079 evals/s, 208 msg/s, 14.8 leaves/msg, 650s)
2026-08-08 00:19:12   [GPU] 2,050,007 evals (57434 batches, avg 36/batch = 7% of 512, 3075 evals/s, 207 msg/s, 14.8 leaves/msg, 667s)
2026-08-08 00:19:28   [GPU] 2,100,002 evals (58784 batches, avg 36/batch = 7% of 512, 3077 evals/s, 207 msg/s, 14.8 leaves/msg, 682s)
2026-08-08 00:19:30 [iter 12/40] eval vs best: 20/40 games (684s, cand 25%)
2026-08-08 00:19:42   [GPU] 2,150,001 evals (60102 batches, avg 36/batch = 7% of 512, 3086 evals/s, 208 msg/s, 14.8 leaves/msg, 697s)
2026-08-08 00:19:56   [GPU] 2,200,028 evals (61413 batches, avg 36/batch = 7% of 512, 3094 evals/s, 209 msg/s, 14.8 leaves/msg, 711s)
2026-08-08 00:20:11   [GPU] 2,250,044 evals (62729 batches, avg 36/batch = 7% of 512, 3102 evals/s, 209 msg/s, 14.8 leaves/msg, 725s)
2026-08-08 00:20:25   [GPU] 2,300,042 evals (64061 batches, avg 36/batch = 7% of 512, 3109 evals/s, 210 msg/s, 14.8 leaves/msg, 740s)
2026-08-08 00:20:38   [GPU] 2,350,079 evals (65335 batches, avg 36/batch = 7% of 512, 3120 evals/s, 210 msg/s, 14.8 leaves/msg, 753s)
2026-08-08 00:20:52   [GPU] 2,400,001 evals (66621 batches, avg 36/batch = 7% of 512, 3131 evals/s, 211 msg/s, 14.8 leaves/msg, 766s)
2026-08-08 00:21:05   [GPU] 2,450,017 evals (67875 batches, avg 36/batch = 7% of 512, 3143 evals/s, 212 msg/s, 14.8 leaves/msg, 779s)
2026-08-08 00:21:18   [GPU] 2,500,007 evals (69125 batches, avg 36/batch = 7% of 512, 3154 evals/s, 213 msg/s, 14.8 leaves/msg, 793s)
2026-08-08 00:21:31   [GPU] 2,550,005 evals (70379 batches, avg 36/batch = 7% of 512, 3164 evals/s, 213 msg/s, 14.8 leaves/msg, 806s)
2026-08-08 00:21:46 [iter 12/40] eval vs best: 25/40 games (821s, cand 25%)
2026-08-08 00:21:47   [GPU] 2,600,023 evals (71839 batches, avg 36/batch = 7% of 512, 3165 evals/s, 214 msg/s, 14.8 leaves/msg, 822s)
2026-08-08 00:22:06   [GPU] 2,650,018 evals (73440 batches, avg 36/batch = 7% of 512, 3153 evals/s, 213 msg/s, 14.8 leaves/msg, 840s)
2026-08-08 00:22:23   [GPU] 2,700,000 evals (74939 batches, avg 36/batch = 7% of 512, 3147 evals/s, 212 msg/s, 14.8 leaves/msg, 858s)
2026-08-08 00:22:41   [GPU] 2,750,011 evals (76488 batches, avg 36/batch = 7% of 512, 3140 evals/s, 212 msg/s, 14.8 leaves/msg, 876s)
2026-08-08 00:22:58   [GPU] 2,800,006 evals (77966 batches, avg 36/batch = 7% of 512, 3136 evals/s, 212 msg/s, 14.8 leaves/msg, 893s)
2026-08-08 00:23:15   [GPU] 2,850,023 evals (79457 batches, avg 36/batch = 7% of 512, 3132 evals/s, 211 msg/s, 14.8 leaves/msg, 910s)
2026-08-08 00:23:31   [GPU] 2,900,028 evals (80845 batches, avg 36/batch = 7% of 512, 3132 evals/s, 211 msg/s, 14.8 leaves/msg, 926s)
2026-08-08 00:23:47   [GPU] 2,950,032 evals (82221 batches, avg 36/batch = 7% of 512, 3132 evals/s, 211 msg/s, 14.8 leaves/msg, 942s)
2026-08-08 00:24:04   [GPU] 3,000,073 evals (83530 batches, avg 36/batch = 7% of 512, 3130 evals/s, 211 msg/s, 14.8 leaves/msg, 958s)
2026-08-08 00:24:20   [GPU] 3,050,002 evals (84843 batches, avg 36/batch = 7% of 512, 3129 evals/s, 211 msg/s, 14.8 leaves/msg, 975s)
2026-08-08 00:24:30 [iter 12/40] eval vs best: 30/40 games (984s, cand 33%)
2026-08-08 00:24:40   [GPU] 3,100,011 evals (86416 batches, avg 36/batch = 7% of 512, 3115 evals/s, 210 msg/s, 14.8 leaves/msg, 995s)
2026-08-08 00:25:03   [GPU] 3,150,014 evals (88106 batches, avg 36/batch = 7% of 512, 3096 evals/s, 209 msg/s, 14.8 leaves/msg, 1018s)
2026-08-08 00:25:24   [GPU] 3,200,031 evals (89714 batches, avg 36/batch = 7% of 512, 3081 evals/s, 208 msg/s, 14.8 leaves/msg, 1039s)
2026-08-08 00:25:44   [GPU] 3,250,009 evals (91287 batches, avg 36/batch = 7% of 512, 3069 evals/s, 207 msg/s, 14.8 leaves/msg, 1059s)
2026-08-08 00:26:03   [GPU] 3,300,007 evals (92793 batches, avg 36/batch = 7% of 512, 3061 evals/s, 206 msg/s, 14.8 leaves/msg, 1078s)
2026-08-08 00:26:22   [GPU] 3,350,043 evals (94262 batches, avg 36/batch = 7% of 512, 3056 evals/s, 206 msg/s, 14.9 leaves/msg, 1096s)
2026-08-08 00:26:39   [GPU] 3,400,019 evals (95698 batches, avg 36/batch = 7% of 512, 3052 evals/s, 205 msg/s, 14.9 leaves/msg, 1114s)
2026-08-08 00:27:02   [GPU] 3,450,031 evals (97429 batches, avg 35/batch = 7% of 512, 3034 evals/s, 204 msg/s, 14.9 leaves/msg, 1137s)
2026-08-08 00:27:31   [GPU] 3,500,002 evals (99426 batches, avg 35/batch = 7% of 512, 3003 evals/s, 202 msg/s, 14.8 leaves/msg, 1166s)
2026-08-08 00:28:00   [GPU] 3,550,029 evals (101455 batches, avg 35/batch = 7% of 512, 2971 evals/s, 200 msg/s, 14.9 leaves/msg, 1195s)
2026-08-08 00:28:29   [GPU] 3,600,041 evals (103441 batches, avg 35/batch = 7% of 512, 2941 evals/s, 198 msg/s, 14.9 leaves/msg, 1224s)
2026-08-08 00:28:59   [GPU] 3,650,012 evals (105472 batches, avg 35/batch = 7% of 512, 2912 evals/s, 196 msg/s, 14.9 leaves/msg, 1254s)
2026-08-08 00:29:25 [iter 12/40] eval vs best: 35/40 games (1280s, cand 33%)
2026-08-08 00:29:32   [GPU] 3,700,002 evals (107630 batches, avg 34/batch = 7% of 512, 2877 evals/s, 194 msg/s, 14.9 leaves/msg, 1286s)
2026-08-08 00:30:30   [GPU] 3,750,014 evals (110286 batches, avg 34/batch = 7% of 512, 2789 evals/s, 188 msg/s, 14.9 leaves/msg, 1345s)
2026-08-08 00:31:27   [GPU] 3,800,002 evals (112939 batches, avg 34/batch = 7% of 512, 2711 evals/s, 182 msg/s, 14.9 leaves/msg, 1402s)
2026-08-08 00:32:30   [GPU] 3,850,011 evals (115638 batches, avg 33/batch = 7% of 512, 2628 evals/s, 177 msg/s, 14.9 leaves/msg, 1465s)
2026-08-08 00:33:22   [GPU] 3,900,026 evals (118170 batches, avg 33/batch = 6% of 512, 2571 evals/s, 173 msg/s, 14.9 leaves/msg, 1517s)
2026-08-08 00:34:11   [GPU] 3,950,005 evals (120672 batches, avg 33/batch = 6% of 512, 2523 evals/s, 170 msg/s, 14.9 leaves/msg, 1566s)
2026-08-08 00:35:05   [GPU] 4,000,004 evals (123350 batches, avg 32/batch = 6% of 512, 2470 evals/s, 166 msg/s, 14.9 leaves/msg, 1619s)
2026-08-08 00:36:43 [iter 12/40] eval vs best: 40/40 games (1718s, cand 33%)
2026-08-08 00:36:43 [iter 12/40] eval vs best done: 33.3% of 9 decided reject (only 9/40 games decided — too few to gate on) (1718s)
2026-08-08 00:36:43 [iter 12/40] eval vs random (40 games, 600 sims)...
2026-08-08 00:36:43 [EVAL-MP] 8 workers spawned (40 vs_random games, sims=600), GPU batcher starting...
2026-08-08 00:37:02   [GPU] 50,010 evals (1340 batches, avg 37/batch = 7% of 512, 2686 evals/s, 175 msg/s, 15.3 leaves/msg, 19s)
2026-08-08 00:37:13   [GPU] 100,071 evals (2543 batches, avg 39/batch = 8% of 512, 3372 evals/s, 229 msg/s, 14.7 leaves/msg, 30s)
2026-08-08 00:37:24   [GPU] 150,012 evals (3676 batches, avg 41/batch = 8% of 512, 3709 evals/s, 254 msg/s, 14.6 leaves/msg, 40s)
2026-08-08 00:37:26 [iter 12/40] eval vs random: 5/40 games (43s, cand 100%)
2026-08-08 00:37:36   [GPU] 200,053 evals (4904 batches, avg 41/batch = 8% of 512, 3790 evals/s, 261 msg/s, 14.5 leaves/msg, 53s)
2026-08-08 00:37:44 [iter 12/40] eval vs random: 10/40 games (61s, cand 86%)
2026-08-08 00:37:48   [GPU] 250,035 evals (6116 batches, avg 41/batch = 8% of 512, 3869 evals/s, 266 msg/s, 14.6 leaves/msg, 65s)
2026-08-08 00:38:01 [iter 12/40] eval vs random: 15/40 games (77s, cand 90%)
2026-08-08 00:38:01   [GPU] 300,018 evals (7405 batches, avg 41/batch = 8% of 512, 3874 evals/s, 266 msg/s, 14.6 leaves/msg, 77s)
2026-08-08 00:38:11   [GPU] 350,028 evals (8509 batches, avg 41/batch = 8% of 512, 3997 evals/s, 274 msg/s, 14.6 leaves/msg, 88s)
2026-08-08 00:38:20   [GPU] 400,023 evals (9467 batches, avg 42/batch = 8% of 512, 4148 evals/s, 284 msg/s, 14.6 leaves/msg, 96s)
2026-08-08 00:38:28 [iter 12/40] eval vs random: 20/40 games (105s, cand 91%)
2026-08-08 00:38:30   [GPU] 450,007 evals (10587 batches, avg 43/batch = 8% of 512, 4212 evals/s, 289 msg/s, 14.6 leaves/msg, 107s)
2026-08-08 00:38:43   [GPU] 500,003 evals (11856 batches, avg 42/batch = 8% of 512, 4188 evals/s, 288 msg/s, 14.6 leaves/msg, 119s)
2026-08-08 00:38:53   [GPU] 550,009 evals (12942 batches, avg 42/batch = 8% of 512, 4252 evals/s, 292 msg/s, 14.5 leaves/msg, 129s)
2026-08-08 00:38:55 [iter 12/40] eval vs random: 25/40 games (132s, cand 80%)
2026-08-08 00:39:03   [GPU] 600,030 evals (14052 batches, avg 43/batch = 8% of 512, 4299 evals/s, 296 msg/s, 14.5 leaves/msg, 140s)
2026-08-08 00:39:14   [GPU] 650,010 evals (15269 batches, avg 43/batch = 8% of 512, 4313 evals/s, 298 msg/s, 14.5 leaves/msg, 151s)
2026-08-08 00:39:23 [iter 12/40] eval vs random: 30/40 games (159s, cand 81%)
2026-08-08 00:39:28   [GPU] 700,044 evals (16729 batches, avg 42/batch = 8% of 512, 4268 evals/s, 294 msg/s, 14.5 leaves/msg, 164s)
2026-08-08 00:39:41   [GPU] 750,028 evals (18096 batches, avg 41/batch = 8% of 512, 4236 evals/s, 293 msg/s, 14.5 leaves/msg, 177s)
2026-08-08 00:39:51 [iter 12/40] eval vs random: 35/40 games (188s, cand 82%)
2026-08-08 00:39:55   [GPU] 800,020 evals (19561 batches, avg 41/batch = 8% of 512, 4178 evals/s, 289 msg/s, 14.5 leaves/msg, 191s)
2026-08-08 00:40:10   [GPU] 850,034 evals (21012 batches, avg 40/batch = 8% of 512, 4126 evals/s, 285 msg/s, 14.5 leaves/msg, 206s)
2026-08-08 00:40:23 [iter 12/40] eval vs random: 40/40 games (220s, cand 85%)
2026-08-08 00:40:24 [iter 12/40] eval vs random done: 85.0% (220s)
2026-08-08 00:40:24 [iter 12/40] eval vs greedy (80 games, 600 sims)...
2026-08-08 00:40:24 [EVAL-MP] 8 workers spawned (80 vs_greedy games, sims=600), GPU batcher starting...
2026-08-08 00:40:41 [iter 12/40] eval vs greedy: 5/80 games (18s, cand 0%)
2026-08-08 00:40:48   [GPU] 50,007 evals (1729 batches, avg 29/batch = 6% of 512, 2058 evals/s, 137 msg/s, 15.1 leaves/msg, 24s)
2026-08-08 00:40:52 [iter 12/40] eval vs greedy: 10/80 games (29s, cand 0%)
2026-08-08 00:41:00 [iter 12/40] eval vs greedy: 15/80 games (36s, cand 0%)
2026-08-08 00:41:09   [GPU] 100,003 evals (3475 batches, avg 29/batch = 6% of 512, 2189 evals/s, 146 msg/s, 15.0 leaves/msg, 46s)
2026-08-08 00:41:10 [iter 12/40] eval vs greedy: 20/80 games (46s, cand 0%)
2026-08-08 00:41:18 [iter 12/40] eval vs greedy: 25/80 games (54s, cand 0%)
2026-08-08 00:41:30   [GPU] 150,003 evals (5123 batches, avg 29/batch = 6% of 512, 2258 evals/s, 150 msg/s, 15.0 leaves/msg, 66s)
2026-08-08 00:41:31 [iter 12/40] eval vs greedy: 30/80 games (67s, cand 0%)
2026-08-08 00:41:37 [iter 12/40] eval vs greedy: 35/80 games (73s, cand 0%)
2026-08-08 00:41:48 [iter 12/40] eval vs greedy: 40/80 games (84s, cand 0%)
2026-08-08 00:41:51   [GPU] 200,063 evals (6878 batches, avg 29/batch = 6% of 512, 2288 evals/s, 153 msg/s, 15.0 leaves/msg, 87s)
2026-08-08 00:41:56 [iter 12/40] eval vs greedy: 45/80 games (93s, cand 0%)
2026-08-08 00:42:04 [iter 12/40] eval vs greedy: 50/80 games (100s, cand 0%)
2026-08-08 00:42:12   [GPU] 250,016 evals (8571 batches, avg 29/batch = 6% of 512, 2299 evals/s, 153 msg/s, 15.0 leaves/msg, 109s)
2026-08-08 00:42:16 [iter 12/40] eval vs greedy: 55/80 games (112s, cand 0%)
2026-08-08 00:42:25 [iter 12/40] eval vs greedy: 60/80 games (121s, cand 0%)
2026-08-08 00:42:33   [GPU] 300,000 evals (10302 batches, avg 29/batch = 6% of 512, 2311 evals/s, 155 msg/s, 15.0 leaves/msg, 130s)
2026-08-08 00:42:36 [iter 12/40] eval vs greedy: 65/80 games (132s, cand 0%)
2026-08-08 00:42:49 [iter 12/40] eval vs greedy: 70/80 games (145s, cand 0%)
2026-08-08 00:43:08   [GPU] 350,004 evals (12451 batches, avg 28/batch = 5% of 512, 2126 evals/s, 142 msg/s, 14.9 leaves/msg, 165s)
2026-08-08 00:43:09 [iter 12/40] eval vs greedy: 75/80 games (165s, cand 0%)
2026-08-08 00:43:39 [iter 12/40] eval vs greedy: 80/80 games (196s, cand 0%)
2026-08-08 00:43:40 [iter 12/40] eval vs greedy done: 0.0% of 80 decided [seat0:0/20 seat1:0/20 seat2:0/20 seat3:0/20] (196s)
2026-08-08 00:43:40 [iter 12/40] eval vs minimax (depth 2, 80 games)...
2026-08-08 00:43:40 [EVAL-MP] 8 workers spawned (80 vs_minimax games, sims=600), GPU batcher starting...
2026-08-08 00:44:05   [GPU] 50,007 evals (1684 batches, avg 30/batch = 6% of 512, 1958 evals/s, 128 msg/s, 15.3 leaves/msg, 26s)
2026-08-08 00:44:15 [iter 12/40] eval vs minimax: 5/80 games (0%)
2026-08-08 00:44:16   [GPU] 100,027 evals (2802 batches, avg 36/batch = 7% of 512, 2740 evals/s, 190 msg/s, 14.5 leaves/msg, 37s)
2026-08-08 00:44:38   [GPU] 150,011 evals (4477 batches, avg 34/batch = 7% of 512, 2561 evals/s, 175 msg/s, 14.7 leaves/msg, 59s)
2026-08-08 00:44:44 [iter 12/40] eval vs minimax: 10/80 games (0%)
2026-08-08 00:44:52   [GPU] 200,000 evals (5815 batches, avg 34/batch = 7% of 512, 2770 evals/s, 190 msg/s, 14.6 leaves/msg, 72s)
2026-08-08 00:44:54 [iter 12/40] eval vs minimax: 15/80 games (0%)
2026-08-08 00:45:11   [GPU] 250,061 evals (7472 batches, avg 33/batch = 7% of 512, 2752 evals/s, 189 msg/s, 14.6 leaves/msg, 91s)
2026-08-08 00:45:18 [iter 12/40] eval vs minimax: 20/80 games (0%)
2026-08-08 00:45:26   [GPU] 300,030 evals (8932 batches, avg 34/batch = 7% of 512, 2831 evals/s, 196 msg/s, 14.5 leaves/msg, 106s)
2026-08-08 00:45:35 [iter 12/40] eval vs minimax: 25/80 games (0%)
2026-08-08 00:45:46   [GPU] 350,019 evals (10667 batches, avg 33/batch = 6% of 512, 2764 evals/s, 191 msg/s, 14.5 leaves/msg, 127s)
2026-08-08 00:45:57 [iter 12/40] eval vs minimax: 30/80 games (0%)
2026-08-08 00:46:02   [GPU] 400,005 evals (12173 batches, avg 33/batch = 6% of 512, 2813 evals/s, 195 msg/s, 14.4 leaves/msg, 142s)
2026-08-08 00:46:21   [GPU] 450,009 evals (13789 batches, avg 33/batch = 6% of 512, 2790 evals/s, 193 msg/s, 14.5 leaves/msg, 161s)
2026-08-08 00:46:22 [iter 12/40] eval vs minimax: 35/80 games (3%)
2026-08-08 00:46:35 [iter 12/40] eval vs minimax: 40/80 games (2%)
2026-08-08 00:46:36   [GPU] 500,032 evals (15253 batches, avg 33/batch = 6% of 512, 2840 evals/s, 197 msg/s, 14.4 leaves/msg, 176s)
2026-08-08 00:46:56   [GPU] 550,054 evals (16908 batches, avg 33/batch = 6% of 512, 2806 evals/s, 194 msg/s, 14.4 leaves/msg, 196s)
2026-08-08 00:47:04 [iter 12/40] eval vs minimax: 45/80 games (2%)
2026-08-08 00:47:08   [GPU] 600,012 evals (18166 batches, avg 33/batch = 6% of 512, 2884 evals/s, 201 msg/s, 14.4 leaves/msg, 208s)
2026-08-08 00:47:24 [iter 12/40] eval vs minimax: 50/80 games (2%)
2026-08-08 00:47:28   [GPU] 650,020 evals (19809 batches, avg 33/batch = 6% of 512, 2851 evals/s, 198 msg/s, 14.4 leaves/msg, 228s)
2026-08-08 00:47:37 [iter 12/40] eval vs minimax: 55/80 games (2%)
2026-08-08 00:47:42   [GPU] 700,016 evals (21195 batches, avg 33/batch = 6% of 512, 2886 evals/s, 201 msg/s, 14.4 leaves/msg, 243s)
2026-08-08 00:48:01   [GPU] 750,060 evals (22805 batches, avg 33/batch = 6% of 512, 2871 evals/s, 199 msg/s, 14.4 leaves/msg, 261s)
2026-08-08 00:48:04 [iter 12/40] eval vs minimax: 60/80 games (2%)
2026-08-08 00:48:15   [GPU] 800,027 evals (24165 batches, avg 33/batch = 6% of 512, 2911 evals/s, 202 msg/s, 14.4 leaves/msg, 275s)
2026-08-08 00:48:16 [iter 12/40] eval vs minimax: 65/80 games (2%)
2026-08-08 00:48:34   [GPU] 850,002 evals (25889 batches, avg 33/batch = 6% of 512, 2892 evals/s, 201 msg/s, 14.4 leaves/msg, 294s)
2026-08-08 00:48:43 [iter 12/40] eval vs minimax: 70/80 games (1%)
2026-08-08 00:48:51   [GPU] 900,004 evals (27509 batches, avg 33/batch = 6% of 512, 2890 evals/s, 201 msg/s, 14.4 leaves/msg, 311s)
2026-08-08 00:49:00 [iter 12/40] eval vs minimax: 75/80 games (1%)
2026-08-08 00:49:19   [GPU] 950,012 evals (29666 batches, avg 32/batch = 6% of 512, 2804 evals/s, 195 msg/s, 14.4 leaves/msg, 339s)
2026-08-08 00:49:30 [iter 12/40] eval vs minimax: 80/80 games (1%)
2026-08-08 00:49:31 [iter 12/40] eval vs minimax done: 1.2% of 80 decided [seat0:1/20 seat1:0/20 seat2:0/20 seat3:0/20] (351s)
2026-08-08 00:49:31 >>> iter 12 | loss_p=1.519 loss_v=0.136 | vs_best=33.3% reject | vs_rand=85.0% | draw=11% | buf=99646 | rss=3.08GB | sp=1079s train=6s eval_best=1718s eval_rand=220s | total=3573s
2026-08-08 00:49:31 [iter 13/40] self-play starting (160 games, 600 sims, MIXED 80/160 race-only)...
2026-08-08 00:49:31 [PARALLEL-MP] 8 workers spawned (160 games, sims=600), GPU batcher starting...
2026-08-08 00:49:47   [GPU] 50,023 evals (1497 batches, avg 33/batch = 7% of 512, 3094 evals/s, 218 msg/s, 14.2 leaves/msg, 16s)
2026-08-08 00:49:50 [iter 13/40] self-play: 5/160 games...
2026-08-08 00:50:02   [GPU] 100,013 evals (3042 batches, avg 33/batch = 6% of 512, 3164 evals/s, 235 msg/s, 13.5 leaves/msg, 32s)
2026-08-08 00:50:04 [iter 13/40] self-play: 10/160 games...
2026-08-08 00:50:20   [GPU] 150,022 evals (4754 batches, avg 32/batch = 6% of 512, 3027 evals/s, 224 msg/s, 13.5 leaves/msg, 50s)
2026-08-08 00:50:24 [iter 13/40] self-play: 15/160 games...
2026-08-08 00:50:35   [GPU] 200,013 evals (6200 batches, avg 32/batch = 6% of 512, 3109 evals/s, 227 msg/s, 13.7 leaves/msg, 64s)
2026-08-08 00:50:47   [GPU] 250,046 evals (7498 batches, avg 33/batch = 7% of 512, 3275 evals/s, 239 msg/s, 13.7 leaves/msg, 76s)
2026-08-08 00:50:58   [GPU] 300,000 evals (8715 batches, avg 34/batch = 7% of 512, 3427 evals/s, 248 msg/s, 13.8 leaves/msg, 88s)
2026-08-08 00:51:01 [iter 13/40] self-play: 20/160 games...
2026-08-08 00:51:10   [GPU] 350,032 evals (9921 batches, avg 35/batch = 7% of 512, 3545 evals/s, 259 msg/s, 13.7 leaves/msg, 99s)
2026-08-08 00:51:22   [GPU] 400,042 evals (11176 batches, avg 36/batch = 7% of 512, 3612 evals/s, 263 msg/s, 13.8 leaves/msg, 111s)
2026-08-08 00:51:26 [iter 13/40] self-play: 25/160 games...
2026-08-08 00:51:33   [GPU] 450,014 evals (12375 batches, avg 36/batch = 7% of 512, 3691 evals/s, 267 msg/s, 13.8 leaves/msg, 122s)
2026-08-08 00:51:45   [GPU] 500,017 evals (13636 batches, avg 37/batch = 7% of 512, 3735 evals/s, 269 msg/s, 13.9 leaves/msg, 134s)
2026-08-08 00:51:55   [GPU] 550,003 evals (14773 batches, avg 37/batch = 7% of 512, 3814 evals/s, 274 msg/s, 13.9 leaves/msg, 144s)
2026-08-08 00:52:05   [GPU] 600,042 evals (15872 batches, avg 38/batch = 7% of 512, 3885 evals/s, 279 msg/s, 13.9 leaves/msg, 154s)
2026-08-08 00:52:10 [iter 13/40] self-play: 30/160 games...
2026-08-08 00:52:18   [GPU] 650,007 evals (17106 batches, avg 38/batch = 7% of 512, 3893 evals/s, 280 msg/s, 13.9 leaves/msg, 167s)
2026-08-08 00:52:30   [GPU] 700,028 evals (18268 batches, avg 38/batch = 7% of 512, 3912 evals/s, 281 msg/s, 13.9 leaves/msg, 179s)
2026-08-08 00:52:41   [GPU] 750,038 evals (19396 batches, avg 39/batch = 8% of 512, 3938 evals/s, 282 msg/s, 14.0 leaves/msg, 190s)
2026-08-08 00:52:53   [GPU] 800,046 evals (20623 batches, avg 39/batch = 8% of 512, 3954 evals/s, 283 msg/s, 14.0 leaves/msg, 202s)
2026-08-08 00:53:01 [iter 13/40] self-play: 35/160 games...
2026-08-08 00:53:04   [GPU] 850,008 evals (21823 batches, avg 39/batch = 8% of 512, 3978 evals/s, 285 msg/s, 13.9 leaves/msg, 214s)
2026-08-08 00:53:16   [GPU] 900,010 evals (23072 batches, avg 39/batch = 8% of 512, 4003 evals/s, 288 msg/s, 13.9 leaves/msg, 225s)
2026-08-08 00:53:20 [iter 13/40] self-play: 40/160 games...
2026-08-08 00:53:26   [GPU] 950,023 evals (24282 batches, avg 39/batch = 8% of 512, 4033 evals/s, 290 msg/s, 13.9 leaves/msg, 236s)
2026-08-08 00:53:38   [GPU] 1,000,019 evals (25579 batches, avg 39/batch = 8% of 512, 4048 evals/s, 291 msg/s, 13.9 leaves/msg, 247s)
2026-08-08 00:53:48 [iter 13/40] self-play: 45/160 games...
2026-08-08 00:53:48   [GPU] 1,050,007 evals (26731 batches, avg 39/batch = 8% of 512, 4080 evals/s, 293 msg/s, 13.9 leaves/msg, 257s)
2026-08-08 00:54:00   [GPU] 1,100,016 evals (28044 batches, avg 39/batch = 8% of 512, 4081 evals/s, 293 msg/s, 13.9 leaves/msg, 270s)
2026-08-08 00:54:11   [GPU] 1,150,011 evals (29231 batches, avg 39/batch = 8% of 512, 4104 evals/s, 294 msg/s, 13.9 leaves/msg, 280s)
2026-08-08 00:54:20   [GPU] 1,200,045 evals (30256 batches, avg 40/batch = 8% of 512, 4144 evals/s, 297 msg/s, 14.0 leaves/msg, 290s)
2026-08-08 00:54:30   [GPU] 1,250,008 evals (31300 batches, avg 40/batch = 8% of 512, 4182 evals/s, 301 msg/s, 13.9 leaves/msg, 299s)
2026-08-08 00:54:31 [iter 13/40] self-play: 50/160 games...
2026-08-08 00:54:40   [GPU] 1,300,005 evals (32446 batches, avg 40/batch = 8% of 512, 4203 evals/s, 302 msg/s, 13.9 leaves/msg, 309s)
2026-08-08 00:54:51   [GPU] 1,350,037 evals (33615 batches, avg 40/batch = 8% of 512, 4221 evals/s, 303 msg/s, 13.9 leaves/msg, 320s)
2026-08-08 00:54:55 [iter 13/40] self-play: 55/160 games...
2026-08-08 00:55:03   [GPU] 1,400,013 evals (34943 batches, avg 40/batch = 8% of 512, 4216 evals/s, 305 msg/s, 13.8 leaves/msg, 332s)
2026-08-08 00:55:10 [iter 13/40] self-play: 60/160 games...
2026-08-08 00:55:17   [GPU] 1,450,040 evals (36442 batches, avg 40/batch = 8% of 512, 4184 evals/s, 303 msg/s, 13.8 leaves/msg, 347s)
2026-08-08 00:55:34   [GPU] 1,500,015 evals (37980 batches, avg 39/batch = 8% of 512, 4133 evals/s, 299 msg/s, 13.8 leaves/msg, 363s)
2026-08-08 00:55:39 [iter 13/40] self-play: 65/160 games...
2026-08-08 00:55:47   [GPU] 1,550,013 evals (39330 batches, avg 39/batch = 8% of 512, 4116 evals/s, 298 msg/s, 13.8 leaves/msg, 377s)
2026-08-08 00:56:00   [GPU] 1,600,019 evals (40596 batches, avg 39/batch = 8% of 512, 4111 evals/s, 297 msg/s, 13.9 leaves/msg, 389s)
2026-08-08 00:56:11   [GPU] 1,650,038 evals (41753 batches, avg 40/batch = 8% of 512, 4121 evals/s, 297 msg/s, 13.9 leaves/msg, 400s)
2026-08-08 00:56:14 [iter 13/40] self-play: 70/160 games...
2026-08-08 00:56:24   [GPU] 1,700,008 evals (43093 batches, avg 39/batch = 8% of 512, 4112 evals/s, 296 msg/s, 13.9 leaves/msg, 413s)
2026-08-08 00:56:38   [GPU] 1,750,015 evals (44523 batches, avg 39/batch = 8% of 512, 4098 evals/s, 296 msg/s, 13.9 leaves/msg, 427s)
2026-08-08 00:56:38 [iter 13/40] self-play: 75/160 games...
2026-08-08 00:56:51   [GPU] 1,800,043 evals (45839 batches, avg 39/batch = 8% of 512, 4094 evals/s, 295 msg/s, 13.9 leaves/msg, 440s)
2026-08-08 00:57:03   [GPU] 1,850,024 evals (47166 batches, avg 39/batch = 8% of 512, 4092 evals/s, 295 msg/s, 13.9 leaves/msg, 452s)
2026-08-08 00:57:16 [iter 13/40] self-play: 80/160 games...
2026-08-08 00:57:16   [GPU] 1,900,028 evals (48554 batches, avg 39/batch = 8% of 512, 4085 evals/s, 294 msg/s, 13.9 leaves/msg, 465s)
2026-08-08 00:57:27   [GPU] 1,950,031 evals (49813 batches, avg 39/batch = 8% of 512, 4093 evals/s, 295 msg/s, 13.9 leaves/msg, 476s)
2026-08-08 00:57:39   [GPU] 2,000,040 evals (51038 batches, avg 39/batch = 8% of 512, 4100 evals/s, 295 msg/s, 13.9 leaves/msg, 488s)
2026-08-08 00:57:50   [GPU] 2,050,001 evals (52230 batches, avg 39/batch = 8% of 512, 4109 evals/s, 296 msg/s, 13.9 leaves/msg, 499s)
2026-08-08 00:57:50 [iter 13/40] self-play: 85/160 games...
2026-08-08 00:58:01   [GPU] 2,100,015 evals (53480 batches, avg 39/batch = 8% of 512, 4113 evals/s, 297 msg/s, 13.9 leaves/msg, 511s)
2026-08-08 00:58:13   [GPU] 2,150,004 evals (54678 batches, avg 39/batch = 8% of 512, 4121 evals/s, 297 msg/s, 13.9 leaves/msg, 522s)
2026-08-08 00:58:16 [iter 13/40] self-play: 90/160 games...
2026-08-08 00:58:25   [GPU] 2,200,007 evals (55925 batches, avg 39/batch = 8% of 512, 4121 evals/s, 297 msg/s, 13.9 leaves/msg, 534s)
2026-08-08 00:58:36   [GPU] 2,250,003 evals (57149 batches, avg 39/batch = 8% of 512, 4129 evals/s, 297 msg/s, 13.9 leaves/msg, 545s)
2026-08-08 00:58:45   [GPU] 2,300,049 evals (58215 batches, avg 40/batch = 8% of 512, 4149 evals/s, 298 msg/s, 13.9 leaves/msg, 554s)
2026-08-08 00:58:55   [GPU] 2,350,047 evals (59286 batches, avg 40/batch = 8% of 512, 4166 evals/s, 300 msg/s, 13.9 leaves/msg, 564s)
2026-08-08 00:59:05   [GPU] 2,400,028 evals (60355 batches, avg 40/batch = 8% of 512, 4182 evals/s, 301 msg/s, 13.9 leaves/msg, 574s)
2026-08-08 00:59:15   [GPU] 2,450,046 evals (61479 batches, avg 40/batch = 8% of 512, 4194 evals/s, 302 msg/s, 13.9 leaves/msg, 584s)
2026-08-08 00:59:25   [GPU] 2,500,013 evals (62563 batches, avg 40/batch = 8% of 512, 4207 evals/s, 302 msg/s, 13.9 leaves/msg, 594s)
2026-08-08 00:59:27 [iter 13/40] self-play: 95/160 games...
2026-08-08 00:59:34   [GPU] 2,550,023 evals (63575 batches, avg 40/batch = 8% of 512, 4226 evals/s, 304 msg/s, 13.9 leaves/msg, 603s)
2026-08-08 00:59:42 [iter 13/40] self-play: 100/160 games...
2026-08-08 00:59:44   [GPU] 2,600,027 evals (64702 batches, avg 40/batch = 8% of 512, 4237 evals/s, 305 msg/s, 13.9 leaves/msg, 614s)
2026-08-08 00:59:55   [GPU] 2,650,038 evals (65895 batches, avg 40/batch = 8% of 512, 4244 evals/s, 306 msg/s, 13.9 leaves/msg, 624s)
2026-08-08 01:00:04 [iter 13/40] self-play: 105/160 games...
2026-08-08 01:00:07   [GPU] 2,700,034 evals (67150 batches, avg 40/batch = 8% of 512, 4246 evals/s, 306 msg/s, 13.9 leaves/msg, 636s)
2026-08-08 01:00:19   [GPU] 2,750,026 evals (68468 batches, avg 40/batch = 8% of 512, 4245 evals/s, 306 msg/s, 13.9 leaves/msg, 648s)
2026-08-08 01:00:29   [GPU] 2,800,010 evals (69629 batches, avg 40/batch = 8% of 512, 4253 evals/s, 307 msg/s, 13.9 leaves/msg, 658s)
2026-08-08 01:00:30 [iter 13/40] self-play: 110/160 games...
2026-08-08 01:00:42   [GPU] 2,850,021 evals (71012 batches, avg 40/batch = 8% of 512, 4247 evals/s, 307 msg/s, 13.8 leaves/msg, 671s)
2026-08-08 01:00:53   [GPU] 2,900,006 evals (72248 batches, avg 40/batch = 8% of 512, 4249 evals/s, 307 msg/s, 13.9 leaves/msg, 682s)
2026-08-08 01:00:55 [iter 13/40] self-play: 115/160 games...
2026-08-08 01:01:07   [GPU] 2,950,053 evals (73645 batches, avg 40/batch = 8% of 512, 4239 evals/s, 306 msg/s, 13.8 leaves/msg, 696s)
2026-08-08 01:01:19   [GPU] 3,000,024 evals (74941 batches, avg 40/batch = 8% of 512, 4237 evals/s, 306 msg/s, 13.9 leaves/msg, 708s)
2026-08-08 01:01:19 [iter 13/40] self-play: 120/160 games...
2026-08-08 01:01:30   [GPU] 3,050,013 evals (76172 batches, avg 40/batch = 8% of 512, 4242 evals/s, 306 msg/s, 13.8 leaves/msg, 719s)
2026-08-08 01:01:42   [GPU] 3,100,035 evals (77519 batches, avg 40/batch = 8% of 512, 4240 evals/s, 306 msg/s, 13.8 leaves/msg, 731s)
2026-08-08 01:01:46 [iter 13/40] self-play: 125/160 games...
2026-08-08 01:01:54   [GPU] 3,150,009 evals (78891 batches, avg 40/batch = 8% of 512, 4236 evals/s, 306 msg/s, 13.8 leaves/msg, 744s)
2026-08-08 01:02:06 [iter 13/40] self-play: 130/160 games...
2026-08-08 01:02:07   [GPU] 3,200,024 evals (80226 batches, avg 40/batch = 8% of 512, 4234 evals/s, 306 msg/s, 13.8 leaves/msg, 756s)
2026-08-08 01:02:18   [GPU] 3,250,060 evals (81443 batches, avg 40/batch = 8% of 512, 4239 evals/s, 306 msg/s, 13.8 leaves/msg, 767s)
2026-08-08 01:02:28   [GPU] 3,300,046 evals (82588 batches, avg 40/batch = 8% of 512, 4245 evals/s, 307 msg/s, 13.8 leaves/msg, 777s)
2026-08-08 01:02:38 [iter 13/40] self-play: 135/160 games...
2026-08-08 01:02:39   [GPU] 3,350,005 evals (83811 batches, avg 40/batch = 8% of 512, 4249 evals/s, 307 msg/s, 13.9 leaves/msg, 788s)
2026-08-08 01:02:49   [GPU] 3,400,008 evals (84893 batches, avg 40/batch = 8% of 512, 4258 evals/s, 307 msg/s, 13.9 leaves/msg, 799s)
2026-08-08 01:03:00   [GPU] 3,450,011 evals (86021 batches, avg 40/batch = 8% of 512, 4265 evals/s, 308 msg/s, 13.9 leaves/msg, 809s)
2026-08-08 01:03:11   [GPU] 3,500,015 evals (87223 batches, avg 40/batch = 8% of 512, 4269 evals/s, 308 msg/s, 13.9 leaves/msg, 820s)
2026-08-08 01:03:20   [GPU] 3,550,054 evals (88256 batches, avg 40/batch = 8% of 512, 4281 evals/s, 309 msg/s, 13.9 leaves/msg, 829s)
2026-08-08 01:03:29   [GPU] 3,600,028 evals (89269 batches, avg 40/batch = 8% of 512, 4294 evals/s, 309 msg/s, 13.9 leaves/msg, 838s)
2026-08-08 01:03:31 [iter 13/40] self-play: 140/160 games...
2026-08-08 01:03:40   [GPU] 3,650,013 evals (90396 batches, avg 40/batch = 8% of 512, 4301 evals/s, 310 msg/s, 13.9 leaves/msg, 849s)
2026-08-08 01:03:50   [GPU] 3,700,004 evals (91567 batches, avg 40/batch = 8% of 512, 4305 evals/s, 311 msg/s, 13.9 leaves/msg, 859s)
2026-08-08 01:03:55 [iter 13/40] self-play: 145/160 games...
2026-08-08 01:04:01   [GPU] 3,750,027 evals (92816 batches, avg 40/batch = 8% of 512, 4307 evals/s, 311 msg/s, 13.9 leaves/msg, 871s)
2026-08-08 01:04:09 [iter 13/40] self-play: 150/160 games...
2026-08-08 01:04:14   [GPU] 3,800,043 evals (94146 batches, avg 40/batch = 8% of 512, 4304 evals/s, 311 msg/s, 13.8 leaves/msg, 883s)
2026-08-08 01:04:27   [GPU] 3,850,026 evals (95550 batches, avg 40/batch = 8% of 512, 4296 evals/s, 310 msg/s, 13.8 leaves/msg, 896s)
2026-08-08 01:04:32 [iter 13/40] self-play: 155/160 games...
2026-08-08 01:04:44   [GPU] 3,900,004 evals (97227 batches, avg 40/batch = 8% of 512, 4273 evals/s, 309 msg/s, 13.8 leaves/msg, 913s)
2026-08-08 01:05:05   [GPU] 3,950,014 evals (99147 batches, avg 40/batch = 8% of 512, 4229 evals/s, 306 msg/s, 13.8 leaves/msg, 934s)
2026-08-08 01:05:27   [GPU] 4,000,009 evals (101102 batches, avg 40/batch = 8% of 512, 4181 evals/s, 302 msg/s, 13.8 leaves/msg, 957s)
2026-08-08 01:05:49   [GPU] 4,050,029 evals (103012 batches, avg 39/batch = 8% of 512, 4140 evals/s, 299 msg/s, 13.8 leaves/msg, 978s)
2026-08-08 01:06:10   [GPU] 4,100,018 evals (104903 batches, avg 39/batch = 8% of 512, 4101 evals/s, 296 msg/s, 13.9 leaves/msg, 1000s)
2026-08-08 01:06:41   [GPU] 4,150,016 evals (107317 batches, avg 39/batch = 8% of 512, 4027 evals/s, 291 msg/s, 13.9 leaves/msg, 1030s)
2026-08-08 01:07:02 [iter 13/40] self-play: 160/160 games...
2026-08-08 01:07:03 [iter 13/40] self-play done: 160 games (1052s) | wins: P0=32, P1=47, P2=23, P3=41, draw=17 | draw_rate=11% avg_len~26
2026-08-08 01:07:03 [iter 13/40] search: expanded=6.7 actions/node visits/action=89.5 walls/game=6.09 first_wall_ply=1.2 learner_sims/s=4332.83
2026-08-08 01:07:03 [iter 13/40] training (600 steps, lr=8.15e-04)...
2026-08-08 01:07:08 [iter 13/40] training done: loss_p=1.498 loss_v=0.136 (6s)
2026-08-08 01:07:10 [iter 13/40] data: policy_wall_mass=0.149 walled_states=64% walls_on_board=19.6 value_mae walled=0.187 free=0.326
2026-08-08 01:07:12 [iter 13/40] eval skipped (eval_every=4)
2026-08-08 01:07:12 >>> iter 13 | loss_p=1.498 loss_v=0.136 | vs_best=n/a (not evaluated) | vs_rand=n/a | draw=11% | buf=100000 | rss=3.13GB | sp=1052s train=6s eval_best=0s eval_rand=0s | total=1061s
2026-08-08 01:07:12 [iter 14/40] self-play starting (160 games, 600 sims, MIXED 80/160 race-only)...
2026-08-08 01:07:12 [PARALLEL-MP] 8 workers spawned (160 games, sims=600), GPU batcher starting...
2026-08-08 01:07:28   [GPU] 50,017 evals (1479 batches, avg 34/batch = 7% of 512, 3088 evals/s, 223 msg/s, 13.9 leaves/msg, 16s)
2026-08-08 01:07:31 [iter 14/40] self-play: 5/160 games...
2026-08-08 01:07:43   [GPU] 100,009 evals (3047 batches, avg 33/batch = 6% of 512, 3217 evals/s, 240 msg/s, 13.4 leaves/msg, 31s)
2026-08-08 01:07:44 [iter 14/40] self-play: 10/160 games...
2026-08-08 01:08:02   [GPU] 150,031 evals (4782 batches, avg 31/batch = 6% of 512, 3016 evals/s, 226 msg/s, 13.3 leaves/msg, 50s)
2026-08-08 01:08:04 [iter 14/40] self-play: 15/160 games...
2026-08-08 01:08:19   [GPU] 200,028 evals (6381 batches, avg 31/batch = 6% of 512, 3000 evals/s, 220 msg/s, 13.6 leaves/msg, 67s)
2026-08-08 01:08:35   [GPU] 250,040 evals (7917 batches, avg 32/batch = 6% of 512, 3011 evals/s, 218 msg/s, 13.8 leaves/msg, 83s)
2026-08-08 01:08:47   [GPU] 300,010 evals (9168 batches, avg 33/batch = 6% of 512, 3166 evals/s, 227 msg/s, 13.9 leaves/msg, 95s)
2026-08-08 01:08:55 [iter 14/40] self-play: 20/160 games...
2026-08-08 01:08:57   [GPU] 350,024 evals (10351 batches, avg 34/batch = 7% of 512, 3328 evals/s, 239 msg/s, 13.9 leaves/msg, 105s)
2026-08-08 01:09:10   [GPU] 400,044 evals (11699 batches, avg 34/batch = 7% of 512, 3399 evals/s, 243 msg/s, 14.0 leaves/msg, 118s)
2026-08-08 01:09:20   [GPU] 450,004 evals (12866 batches, avg 35/batch = 7% of 512, 3514 evals/s, 250 msg/s, 14.1 leaves/msg, 128s)
2026-08-08 01:09:30   [GPU] 500,012 evals (13990 batches, avg 36/batch = 7% of 512, 3625 evals/s, 259 msg/s, 14.0 leaves/msg, 138s)
2026-08-08 01:09:32 [iter 14/40] self-play: 25/160 games...
2026-08-08 01:09:40   [GPU] 550,018 evals (15091 batches, avg 36/batch = 7% of 512, 3722 evals/s, 265 msg/s, 14.1 leaves/msg, 148s)
2026-08-08 01:09:49   [GPU] 600,022 evals (16141 batches, avg 37/batch = 7% of 512, 3823 evals/s, 271 msg/s, 14.1 leaves/msg, 157s)
2026-08-08 01:09:59   [GPU] 650,009 evals (17239 batches, avg 38/batch = 7% of 512, 3894 evals/s, 276 msg/s, 14.1 leaves/msg, 167s)
2026-08-08 01:10:09   [GPU] 700,047 evals (18298 batches, avg 38/batch = 7% of 512, 3955 evals/s, 280 msg/s, 14.1 leaves/msg, 177s)
2026-08-08 01:10:18   [GPU] 750,005 evals (19279 batches, avg 39/batch = 8% of 512, 4025 evals/s, 286 msg/s, 14.1 leaves/msg, 186s)
2026-08-08 01:10:25 [iter 14/40] self-play: 30/160 games...
2026-08-08 01:10:29   [GPU] 800,044 evals (20374 batches, avg 39/batch = 8% of 512, 4066 evals/s, 289 msg/s, 14.1 leaves/msg, 197s)
2026-08-08 01:10:40   [GPU] 850,019 evals (21523 batches, avg 39/batch = 8% of 512, 4097 evals/s, 291 msg/s, 14.1 leaves/msg, 207s)
2026-08-08 01:10:50   [GPU] 900,003 evals (22685 batches, avg 40/batch = 8% of 512, 4123 evals/s, 294 msg/s, 14.0 leaves/msg, 218s)
2026-08-08 01:10:59 [iter 14/40] self-play: 35/160 games...
2026-08-08 01:11:01   [GPU] 950,019 evals (23838 batches, avg 40/batch = 8% of 512, 4149 evals/s, 296 msg/s, 14.0 leaves/msg, 229s)
2026-08-08 01:11:12   [GPU] 1,000,049 evals (24916 batches, avg 40/batch = 8% of 512, 4170 evals/s, 297 msg/s, 14.0 leaves/msg, 240s)
2026-08-08 01:11:23   [GPU] 1,050,034 evals (26111 batches, avg 40/batch = 8% of 512, 4191 evals/s, 299 msg/s, 14.0 leaves/msg, 251s)
2026-08-08 01:11:30 [iter 14/40] self-play: 40/160 games...
2026-08-08 01:11:33   [GPU] 1,100,043 evals (27232 batches, avg 40/batch = 8% of 512, 4224 evals/s, 301 msg/s, 14.0 leaves/msg, 260s)
2026-08-08 01:11:43   [GPU] 1,150,009 evals (28386 batches, avg 41/batch = 8% of 512, 4249 evals/s, 303 msg/s, 14.0 leaves/msg, 271s)
2026-08-08 01:11:54   [GPU] 1,200,042 evals (29662 batches, avg 40/batch = 8% of 512, 4251 evals/s, 305 msg/s, 13.9 leaves/msg, 282s)
2026-08-08 01:11:55 [iter 14/40] self-play: 45/160 games...
2026-08-08 01:12:07   [GPU] 1,250,021 evals (30974 batches, avg 40/batch = 8% of 512, 4245 evals/s, 305 msg/s, 13.9 leaves/msg, 294s)
2026-08-08 01:12:13 [iter 14/40] self-play: 50/160 games...
2026-08-08 01:12:20   [GPU] 1,300,027 evals (32338 batches, avg 40/batch = 8% of 512, 4229 evals/s, 305 msg/s, 13.9 leaves/msg, 307s)
2026-08-08 01:12:29 [iter 14/40] self-play: 55/160 games...
2026-08-08 01:12:32   [GPU] 1,350,012 evals (33709 batches, avg 40/batch = 8% of 512, 4216 evals/s, 304 msg/s, 13.9 leaves/msg, 320s)
2026-08-08 01:12:47   [GPU] 1,400,041 evals (35175 batches, avg 40/batch = 8% of 512, 4182 evals/s, 302 msg/s, 13.9 leaves/msg, 335s)
2026-08-08 01:12:55 [iter 14/40] self-play: 60/160 games...
2026-08-08 01:13:00   [GPU] 1,450,036 evals (36485 batches, avg 40/batch = 8% of 512, 4169 evals/s, 301 msg/s, 13.9 leaves/msg, 348s)
2026-08-08 01:13:14   [GPU] 1,500,010 evals (37892 batches, avg 40/batch = 8% of 512, 4140 evals/s, 298 msg/s, 13.9 leaves/msg, 362s)
2026-08-08 01:13:26   [GPU] 1,550,030 evals (39158 batches, avg 40/batch = 8% of 512, 4143 evals/s, 298 msg/s, 13.9 leaves/msg, 374s)
2026-08-08 01:13:34 [iter 14/40] self-play: 65/160 games...
2026-08-08 01:13:37   [GPU] 1,600,011 evals (40341 batches, avg 40/batch = 8% of 512, 4155 evals/s, 299 msg/s, 13.9 leaves/msg, 385s)
2026-08-08 01:13:49   [GPU] 1,650,037 evals (41587 batches, avg 40/batch = 8% of 512, 4158 evals/s, 300 msg/s, 13.9 leaves/msg, 397s)
2026-08-08 01:13:59   [GPU] 1,700,030 evals (42682 batches, avg 40/batch = 8% of 512, 4177 evals/s, 301 msg/s, 13.9 leaves/msg, 407s)
2026-08-08 01:14:01 [iter 14/40] self-play: 70/160 games...
2026-08-08 01:14:10   [GPU] 1,750,035 evals (43867 batches, avg 40/batch = 8% of 512, 4186 evals/s, 302 msg/s, 13.9 leaves/msg, 418s)
2026-08-08 01:14:20   [GPU] 1,800,015 evals (44982 batches, avg 40/batch = 8% of 512, 4202 evals/s, 303 msg/s, 13.9 leaves/msg, 428s)
2026-08-08 01:14:33   [GPU] 1,850,016 evals (46262 batches, avg 40/batch = 8% of 512, 4201 evals/s, 303 msg/s, 13.9 leaves/msg, 440s)
2026-08-08 01:14:40 [iter 14/40] self-play: 75/160 games...
2026-08-08 01:14:44   [GPU] 1,900,015 evals (47481 batches, avg 40/batch = 8% of 512, 4207 evals/s, 303 msg/s, 13.9 leaves/msg, 452s)
2026-08-08 01:14:54   [GPU] 1,950,028 evals (48586 batches, avg 40/batch = 8% of 512, 4221 evals/s, 304 msg/s, 13.9 leaves/msg, 462s)
2026-08-08 01:15:05   [GPU] 2,000,019 evals (49721 batches, avg 40/batch = 8% of 512, 4232 evals/s, 305 msg/s, 13.9 leaves/msg, 473s)
2026-08-08 01:15:16   [GPU] 2,050,015 evals (50903 batches, avg 40/batch = 8% of 512, 4238 evals/s, 305 msg/s, 13.9 leaves/msg, 484s)
2026-08-08 01:15:26   [GPU] 2,100,046 evals (51964 batches, avg 40/batch = 8% of 512, 4255 evals/s, 306 msg/s, 13.9 leaves/msg, 494s)
2026-08-08 01:15:30 [iter 14/40] self-play: 80/160 games...
2026-08-08 01:15:36   [GPU] 2,150,024 evals (53089 batches, avg 40/batch = 8% of 512, 4266 evals/s, 307 msg/s, 13.9 leaves/msg, 504s)
2026-08-08 01:15:49   [GPU] 2,200,014 evals (54380 batches, avg 40/batch = 8% of 512, 4260 evals/s, 306 msg/s, 13.9 leaves/msg, 516s)
2026-08-08 01:15:54 [iter 14/40] self-play: 85/160 games...
2026-08-08 01:16:01   [GPU] 2,250,003 evals (55681 batches, avg 40/batch = 8% of 512, 4254 evals/s, 306 msg/s, 13.9 leaves/msg, 529s)
2026-08-08 01:16:15   [GPU] 2,300,042 evals (57083 batches, avg 40/batch = 8% of 512, 4234 evals/s, 305 msg/s, 13.9 leaves/msg, 543s)
2026-08-08 01:16:27 [iter 14/40] self-play: 90/160 games...
2026-08-08 01:16:28   [GPU] 2,350,052 evals (58390 batches, avg 40/batch = 8% of 512, 4231 evals/s, 305 msg/s, 13.9 leaves/msg, 555s)
2026-08-08 01:16:41   [GPU] 2,400,021 evals (59751 batches, avg 40/batch = 8% of 512, 4219 evals/s, 304 msg/s, 13.9 leaves/msg, 569s)
2026-08-08 01:16:53 [iter 14/40] self-play: 95/160 games...
2026-08-08 01:16:53   [GPU] 2,450,061 evals (61045 batches, avg 40/batch = 8% of 512, 4215 evals/s, 304 msg/s, 13.9 leaves/msg, 581s)
2026-08-08 01:17:06   [GPU] 2,500,014 evals (62341 batches, avg 40/batch = 8% of 512, 4207 evals/s, 303 msg/s, 13.9 leaves/msg, 594s)
2026-08-08 01:17:20   [GPU] 2,550,012 evals (63741 batches, avg 40/batch = 8% of 512, 4193 evals/s, 302 msg/s, 13.9 leaves/msg, 608s)
2026-08-08 01:17:23 [iter 14/40] self-play: 100/160 games...
2026-08-08 01:17:33   [GPU] 2,600,029 evals (65089 batches, avg 40/batch = 8% of 512, 4186 evals/s, 301 msg/s, 13.9 leaves/msg, 621s)
2026-08-08 01:17:47   [GPU] 2,650,012 evals (66435 batches, avg 40/batch = 8% of 512, 4177 evals/s, 300 msg/s, 13.9 leaves/msg, 634s)
2026-08-08 01:17:59 [iter 14/40] self-play: 105/160 games...
2026-08-08 01:17:59   [GPU] 2,700,024 evals (67718 batches, avg 40/batch = 8% of 512, 4175 evals/s, 300 msg/s, 13.9 leaves/msg, 647s)
2026-08-08 01:18:13   [GPU] 2,750,024 evals (69109 batches, avg 40/batch = 8% of 512, 4162 evals/s, 299 msg/s, 13.9 leaves/msg, 661s)
2026-08-08 01:18:22 [iter 14/40] self-play: 110/160 games...
2026-08-08 01:18:26   [GPU] 2,800,003 evals (70419 batches, avg 40/batch = 8% of 512, 4157 evals/s, 299 msg/s, 13.9 leaves/msg, 674s)
2026-08-08 01:18:39   [GPU] 2,850,030 evals (71881 batches, avg 40/batch = 8% of 512, 4147 evals/s, 299 msg/s, 13.9 leaves/msg, 687s)
2026-08-08 01:18:41 [iter 14/40] self-play: 115/160 games...
2026-08-08 01:18:52   [GPU] 2,900,049 evals (73219 batches, avg 40/batch = 8% of 512, 4143 evals/s, 299 msg/s, 13.9 leaves/msg, 700s)
2026-08-08 01:19:04   [GPU] 2,950,003 evals (74455 batches, avg 40/batch = 8% of 512, 4146 evals/s, 299 msg/s, 13.9 leaves/msg, 711s)
2026-08-08 01:19:16   [GPU] 3,000,064 evals (75732 batches, avg 40/batch = 8% of 512, 4146 evals/s, 299 msg/s, 13.9 leaves/msg, 724s)
2026-08-08 01:19:16 [iter 14/40] self-play: 120/160 games...
2026-08-08 01:19:28   [GPU] 3,050,023 evals (77019 batches, avg 40/batch = 8% of 512, 4145 evals/s, 299 msg/s, 13.9 leaves/msg, 736s)
2026-08-08 01:19:40   [GPU] 3,100,008 evals (78258 batches, avg 40/batch = 8% of 512, 4146 evals/s, 299 msg/s, 13.9 leaves/msg, 748s)
2026-08-08 01:19:43 [iter 14/40] self-play: 125/160 games...
2026-08-08 01:19:51   [GPU] 3,150,028 evals (79414 batches, avg 40/batch = 8% of 512, 4153 evals/s, 299 msg/s, 13.9 leaves/msg, 759s)
2026-08-08 01:20:02   [GPU] 3,200,028 evals (80658 batches, avg 40/batch = 8% of 512, 4156 evals/s, 300 msg/s, 13.9 leaves/msg, 770s)
2026-08-08 01:20:13   [GPU] 3,250,057 evals (81778 batches, avg 40/batch = 8% of 512, 4164 evals/s, 300 msg/s, 13.9 leaves/msg, 781s)
2026-08-08 01:20:23   [GPU] 3,300,000 evals (82851 batches, avg 40/batch = 8% of 512, 4174 evals/s, 301 msg/s, 13.9 leaves/msg, 791s)
2026-08-08 01:20:27 [iter 14/40] self-play: 130/160 games...
2026-08-08 01:20:34   [GPU] 3,350,006 evals (84043 batches, avg 40/batch = 8% of 512, 4177 evals/s, 301 msg/s, 13.9 leaves/msg, 802s)
2026-08-08 01:20:45   [GPU] 3,400,052 evals (85192 batches, avg 40/batch = 8% of 512, 4184 evals/s, 301 msg/s, 13.9 leaves/msg, 813s)
2026-08-08 01:20:56   [GPU] 3,450,028 evals (86407 batches, avg 40/batch = 8% of 512, 4187 evals/s, 302 msg/s, 13.9 leaves/msg, 824s)
2026-08-08 01:21:02 [iter 14/40] self-play: 135/160 games...
2026-08-08 01:21:08   [GPU] 3,500,021 evals (87650 batches, avg 40/batch = 8% of 512, 4189 evals/s, 302 msg/s, 13.9 leaves/msg, 835s)
2026-08-08 01:21:19   [GPU] 3,550,037 evals (88859 batches, avg 40/batch = 8% of 512, 4192 evals/s, 302 msg/s, 13.9 leaves/msg, 847s)
2026-08-08 01:21:29 [iter 14/40] self-play: 140/160 games...
2026-08-08 01:21:31   [GPU] 3,600,013 evals (90087 batches, avg 40/batch = 8% of 512, 4192 evals/s, 302 msg/s, 13.9 leaves/msg, 859s)
2026-08-08 01:21:43   [GPU] 3,650,029 evals (91316 batches, avg 40/batch = 8% of 512, 4192 evals/s, 302 msg/s, 13.9 leaves/msg, 871s)
2026-08-08 01:21:55   [GPU] 3,700,001 evals (92543 batches, avg 40/batch = 8% of 512, 4193 evals/s, 302 msg/s, 13.9 leaves/msg, 882s)
2026-08-08 01:21:59 [iter 14/40] self-play: 145/160 games...
2026-08-08 01:22:06   [GPU] 3,750,008 evals (93768 batches, avg 40/batch = 8% of 512, 4194 evals/s, 302 msg/s, 13.9 leaves/msg, 894s)
2026-08-08 01:22:18   [GPU] 3,800,028 evals (95013 batches, avg 40/batch = 8% of 512, 4195 evals/s, 302 msg/s, 13.9 leaves/msg, 906s)
2026-08-08 01:22:20 [iter 14/40] self-play: 150/160 games...
2026-08-08 01:22:31   [GPU] 3,850,009 evals (96339 batches, avg 40/batch = 8% of 512, 4191 evals/s, 302 msg/s, 13.9 leaves/msg, 919s)
2026-08-08 01:22:42   [GPU] 3,900,014 evals (97521 batches, avg 40/batch = 8% of 512, 4196 evals/s, 302 msg/s, 13.9 leaves/msg, 930s)
2026-08-08 01:22:55   [GPU] 3,950,033 evals (98884 batches, avg 40/batch = 8% of 512, 4191 evals/s, 302 msg/s, 13.9 leaves/msg, 943s)
2026-08-08 01:23:00 [iter 14/40] self-play: 155/160 games...
2026-08-08 01:23:09   [GPU] 4,000,032 evals (100383 batches, avg 40/batch = 8% of 512, 4181 evals/s, 302 msg/s, 13.9 leaves/msg, 957s)
2026-08-08 01:23:24   [GPU] 4,050,050 evals (101912 batches, avg 40/batch = 8% of 512, 4169 evals/s, 301 msg/s, 13.9 leaves/msg, 971s)
2026-08-08 01:23:41   [GPU] 4,100,014 evals (103621 batches, avg 40/batch = 8% of 512, 4147 evals/s, 299 msg/s, 13.9 leaves/msg, 989s)
2026-08-08 01:24:01   [GPU] 4,150,029 evals (105469 batches, avg 39/batch = 8% of 512, 4115 evals/s, 297 msg/s, 13.9 leaves/msg, 1009s)
2026-08-08 01:24:21   [GPU] 4,200,008 evals (107398 batches, avg 39/batch = 8% of 512, 4082 evals/s, 294 msg/s, 13.9 leaves/msg, 1029s)
2026-08-08 01:24:50 [iter 14/40] self-play: 160/160 games...
2026-08-08 01:24:51 [iter 14/40] self-play done: 160 games (1059s) | wins: P0=26, P1=47, P2=32, P3=37, draw=18 | draw_rate=11% avg_len~26
2026-08-08 01:24:51 [iter 14/40] search: expanded=6.9 actions/node visits/action=87.0 walls/game=6.01 first_wall_ply=1.538 learner_sims/s=4366.32
2026-08-08 01:24:51 [iter 14/40] training (600 steps, lr=7.85e-04)...
2026-08-08 01:24:57 [iter 14/40] training done: loss_p=1.483 loss_v=0.134 (6s)
2026-08-08 01:24:58 [iter 14/40] data: policy_wall_mass=0.149 walled_states=62% walls_on_board=18.4 value_mae walled=0.166 free=0.351
2026-08-08 01:24:59 [iter 14/40] eval skipped (eval_every=4)
2026-08-08 01:24:59 >>> iter 14 | loss_p=1.483 loss_v=0.134 | vs_best=n/a (not evaluated) | vs_rand=n/a | draw=11% | buf=100000 | rss=3.16GB | sp=1059s train=6s eval_best=0s eval_rand=0s | total=1067s
2026-08-08 01:24:59 [iter 15/40] self-play starting (160 games, 600 sims, MIXED 80/160 race-only)...
2026-08-08 01:24:59 [PARALLEL-MP] 8 workers spawned (160 games, sims=600), GPU batcher starting...
2026-08-08 01:25:16   [GPU] 50,008 evals (1492 batches, avg 34/batch = 7% of 512, 2990 evals/s, 216 msg/s, 13.8 leaves/msg, 17s)
2026-08-08 01:25:18 [iter 15/40] self-play: 5/160 games...
2026-08-08 01:25:31 [iter 15/40] self-play: 10/160 games...
2026-08-08 01:25:31   [GPU] 100,015 evals (3062 batches, avg 33/batch = 6% of 512, 3112 evals/s, 235 msg/s, 13.3 leaves/msg, 32s)
2026-08-08 01:25:49   [GPU] 150,029 evals (4724 batches, avg 32/batch = 6% of 512, 3001 evals/s, 221 msg/s, 13.6 leaves/msg, 50s)
2026-08-08 01:25:56 [iter 15/40] self-play: 15/160 games...
2026-08-08 01:26:07   [GPU] 200,013 evals (6416 batches, avg 31/batch = 6% of 512, 2960 evals/s, 220 msg/s, 13.4 leaves/msg, 68s)
2026-08-08 01:26:23   [GPU] 250,072 evals (7910 batches, avg 32/batch = 6% of 512, 2991 evals/s, 219 msg/s, 13.6 leaves/msg, 84s)
2026-08-08 01:26:33   [GPU] 300,021 evals (9079 batches, avg 33/batch = 6% of 512, 3175 evals/s, 230 msg/s, 13.8 leaves/msg, 94s)
2026-08-08 01:26:42 [iter 15/40] self-play: 20/160 games...
2026-08-08 01:26:44   [GPU] 350,029 evals (10233 batches, avg 34/batch = 7% of 512, 3330 evals/s, 242 msg/s, 13.8 leaves/msg, 105s)
2026-08-08 01:26:56   [GPU] 400,049 evals (11489 batches, avg 35/batch = 7% of 512, 3423 evals/s, 249 msg/s, 13.8 leaves/msg, 117s)
2026-08-08 01:27:01 [iter 15/40] self-play: 25/160 games...
2026-08-08 01:27:07   [GPU] 450,030 evals (12672 batches, avg 36/batch = 7% of 512, 3519 evals/s, 255 msg/s, 13.8 leaves/msg, 128s)
2026-08-08 01:27:19   [GPU] 500,004 evals (13966 batches, avg 36/batch = 7% of 512, 3559 evals/s, 256 msg/s, 13.9 leaves/msg, 140s)
2026-08-08 01:27:30   [GPU] 550,067 evals (15137 batches, avg 36/batch = 7% of 512, 3631 evals/s, 261 msg/s, 13.9 leaves/msg, 151s)
2026-08-08 01:27:41   [GPU] 600,021 evals (16220 batches, avg 37/batch = 7% of 512, 3712 evals/s, 265 msg/s, 14.0 leaves/msg, 162s)
2026-08-08 01:27:50   [GPU] 650,039 evals (17283 batches, avg 38/batch = 7% of 512, 3799 evals/s, 272 msg/s, 14.0 leaves/msg, 171s)
2026-08-08 01:28:01   [GPU] 700,014 evals (18366 batches, avg 38/batch = 7% of 512, 3848 evals/s, 275 msg/s, 14.0 leaves/msg, 182s)
2026-08-08 01:28:12 [iter 15/40] self-play: 30/160 games...
2026-08-08 01:28:12   [GPU] 750,032 evals (19476 batches, avg 39/batch = 8% of 512, 3893 evals/s, 278 msg/s, 14.0 leaves/msg, 193s)
2026-08-08 01:28:23   [GPU] 800,001 evals (20634 batches, avg 39/batch = 8% of 512, 3920 evals/s, 280 msg/s, 14.0 leaves/msg, 204s)
2026-08-08 01:28:33   [GPU] 850,018 evals (21650 batches, avg 39/batch = 8% of 512, 3976 evals/s, 284 msg/s, 14.0 leaves/msg, 214s)
2026-08-08 01:28:43   [GPU] 900,005 evals (22703 batches, avg 40/batch = 8% of 512, 4020 evals/s, 287 msg/s, 14.0 leaves/msg, 224s)
2026-08-08 01:28:47 [iter 15/40] self-play: 35/160 games...
2026-08-08 01:28:53   [GPU] 950,000 evals (23856 batches, avg 40/batch = 8% of 512, 4056 evals/s, 290 msg/s, 14.0 leaves/msg, 234s)
2026-08-08 01:29:04   [GPU] 1,000,005 evals (25050 batches, avg 40/batch = 8% of 512, 4082 evals/s, 292 msg/s, 14.0 leaves/msg, 245s)
2026-08-08 01:29:13 [iter 15/40] self-play: 40/160 games...
2026-08-08 01:29:14   [GPU] 1,050,003 evals (26210 batches, avg 40/batch = 8% of 512, 4112 evals/s, 294 msg/s, 14.0 leaves/msg, 255s)
2026-08-08 01:29:26   [GPU] 1,100,015 evals (27452 batches, avg 40/batch = 8% of 512, 4123 evals/s, 295 msg/s, 14.0 leaves/msg, 267s)
2026-08-08 01:29:38   [GPU] 1,150,002 evals (28734 batches, avg 40/batch = 8% of 512, 4128 evals/s, 295 msg/s, 14.0 leaves/msg, 279s)
2026-08-08 01:29:39 [iter 15/40] self-play: 45/160 games...
2026-08-08 01:29:49   [GPU] 1,200,009 evals (29992 batches, avg 40/batch = 8% of 512, 4132 evals/s, 296 msg/s, 14.0 leaves/msg, 290s)
2026-08-08 01:30:01   [GPU] 1,250,010 evals (31243 batches, avg 40/batch = 8% of 512, 4134 evals/s, 295 msg/s, 14.0 leaves/msg, 302s)
2026-08-08 01:30:06 [iter 15/40] self-play: 50/160 games...
2026-08-08 01:30:14   [GPU] 1,300,014 evals (32545 batches, avg 40/batch = 8% of 512, 4131 evals/s, 295 msg/s, 14.0 leaves/msg, 315s)
2026-08-08 01:30:24   [GPU] 1,350,047 evals (33666 batches, avg 40/batch = 8% of 512, 4152 evals/s, 297 msg/s, 14.0 leaves/msg, 325s)
2026-08-08 01:30:35   [GPU] 1,400,023 evals (34847 batches, avg 40/batch = 8% of 512, 4165 evals/s, 297 msg/s, 14.0 leaves/msg, 336s)
2026-08-08 01:30:42 [iter 15/40] self-play: 55/160 games...
2026-08-08 01:30:45   [GPU] 1,450,027 evals (35953 batches, avg 40/batch = 8% of 512, 4188 evals/s, 299 msg/s, 14.0 leaves/msg, 346s)
2026-08-08 01:30:55   [GPU] 1,500,029 evals (37038 batches, avg 40/batch = 8% of 512, 4212 evals/s, 301 msg/s, 14.0 leaves/msg, 356s)
2026-08-08 01:31:07   [GPU] 1,550,001 evals (38323 batches, avg 40/batch = 8% of 512, 4213 evals/s, 302 msg/s, 14.0 leaves/msg, 368s)
2026-08-08 01:31:15 [iter 15/40] self-play: 60/160 games...
2026-08-08 01:31:18   [GPU] 1,600,026 evals (39515 batches, avg 40/batch = 8% of 512, 4225 evals/s, 303 msg/s, 14.0 leaves/msg, 379s)
2026-08-08 01:31:29   [GPU] 1,650,014 evals (40760 batches, avg 40/batch = 8% of 512, 4228 evals/s, 303 msg/s, 14.0 leaves/msg, 390s)
2026-08-08 01:31:40   [GPU] 1,700,003 evals (41885 batches, avg 41/batch = 8% of 512, 4243 evals/s, 304 msg/s, 14.0 leaves/msg, 401s)
2026-08-08 01:31:46 [iter 15/40] self-play: 65/160 games...
2026-08-08 01:31:50   [GPU] 1,750,022 evals (42985 batches, avg 41/batch = 8% of 512, 4260 evals/s, 305 msg/s, 14.0 leaves/msg, 411s)
2026-08-08 01:32:01   [GPU] 1,800,011 evals (44233 batches, avg 41/batch = 8% of 512, 4265 evals/s, 307 msg/s, 13.9 leaves/msg, 422s)
2026-08-08 01:32:04 [iter 15/40] self-play: 70/160 games...
2026-08-08 01:32:12   [GPU] 1,850,044 evals (45471 batches, avg 41/batch = 8% of 512, 4268 evals/s, 307 msg/s, 13.9 leaves/msg, 434s)
2026-08-08 01:32:23   [GPU] 1,900,018 evals (46678 batches, avg 41/batch = 8% of 512, 4275 evals/s, 308 msg/s, 13.9 leaves/msg, 444s)
2026-08-08 01:32:28 [iter 15/40] self-play: 75/160 games...
2026-08-08 01:32:37   [GPU] 1,950,003 evals (48106 batches, avg 41/batch = 8% of 512, 4259 evals/s, 307 msg/s, 13.9 leaves/msg, 458s)
2026-08-08 01:32:51   [GPU] 2,000,000 evals (49590 batches, avg 40/batch = 8% of 512, 4234 evals/s, 305 msg/s, 13.9 leaves/msg, 472s)
2026-08-08 01:33:00 [iter 15/40] self-play: 80/160 games...
2026-08-08 01:33:04   [GPU] 2,050,031 evals (50983 batches, avg 40/batch = 8% of 512, 4223 evals/s, 304 msg/s, 13.9 leaves/msg, 485s)
2026-08-08 01:33:18   [GPU] 2,100,032 evals (52329 batches, avg 40/batch = 8% of 512, 4210 evals/s, 303 msg/s, 13.9 leaves/msg, 499s)
2026-08-08 01:33:20 [iter 15/40] self-play: 85/160 games...
2026-08-08 01:33:30   [GPU] 2,150,026 evals (53555 batches, avg 40/batch = 8% of 512, 4209 evals/s, 303 msg/s, 13.9 leaves/msg, 511s)
2026-08-08 01:33:42   [GPU] 2,200,039 evals (54823 batches, avg 40/batch = 8% of 512, 4209 evals/s, 303 msg/s, 13.9 leaves/msg, 523s)
2026-08-08 01:33:48 [iter 15/40] self-play: 90/160 games...
2026-08-08 01:33:53   [GPU] 2,250,030 evals (56031 batches, avg 40/batch = 8% of 512, 4211 evals/s, 303 msg/s, 13.9 leaves/msg, 534s)
2026-08-08 01:34:05   [GPU] 2,300,072 evals (57234 batches, avg 40/batch = 8% of 512, 4211 evals/s, 303 msg/s, 13.9 leaves/msg, 546s)
2026-08-08 01:34:15   [GPU] 2,350,003 evals (58328 batches, avg 40/batch = 8% of 512, 4223 evals/s, 304 msg/s, 13.9 leaves/msg, 556s)
2026-08-08 01:34:27   [GPU] 2,400,018 evals (59562 batches, avg 40/batch = 8% of 512, 4227 evals/s, 304 msg/s, 13.9 leaves/msg, 568s)
2026-08-08 01:34:38   [GPU] 2,450,041 evals (60736 batches, avg 40/batch = 8% of 512, 4233 evals/s, 304 msg/s, 13.9 leaves/msg, 579s)
2026-08-08 01:34:38 [iter 15/40] self-play: 95/160 games...
2026-08-08 01:34:47   [GPU] 2,500,041 evals (61763 batches, avg 40/batch = 8% of 512, 4250 evals/s, 305 msg/s, 13.9 leaves/msg, 588s)
2026-08-08 01:34:57   [GPU] 2,550,041 evals (62794 batches, avg 41/batch = 8% of 512, 4266 evals/s, 306 msg/s, 13.9 leaves/msg, 598s)
2026-08-08 01:35:07   [GPU] 2,600,005 evals (63955 batches, avg 41/batch = 8% of 512, 4273 evals/s, 307 msg/s, 13.9 leaves/msg, 609s)
2026-08-08 01:35:18   [GPU] 2,650,014 evals (65065 batches, avg 41/batch = 8% of 512, 4281 evals/s, 307 msg/s, 13.9 leaves/msg, 619s)
2026-08-08 01:35:27   [GPU] 2,700,009 evals (66060 batches, avg 41/batch = 8% of 512, 4298 evals/s, 308 msg/s, 14.0 leaves/msg, 628s)
2026-08-08 01:35:30 [iter 15/40] self-play: 100/160 games...
2026-08-08 01:35:37   [GPU] 2,750,039 evals (67114 batches, avg 41/batch = 8% of 512, 4311 evals/s, 309 msg/s, 13.9 leaves/msg, 638s)
2026-08-08 01:35:47   [GPU] 2,800,043 evals (68250 batches, avg 41/batch = 8% of 512, 4318 evals/s, 310 msg/s, 13.9 leaves/msg, 649s)
2026-08-08 01:35:51 [iter 15/40] self-play: 105/160 games...
2026-08-08 01:35:57   [GPU] 2,850,055 evals (69318 batches, avg 41/batch = 8% of 512, 4330 evals/s, 311 msg/s, 13.9 leaves/msg, 658s)
2026-08-08 01:36:08   [GPU] 2,900,029 evals (70519 batches, avg 41/batch = 8% of 512, 4332 evals/s, 311 msg/s, 13.9 leaves/msg, 670s)
2026-08-08 01:36:20   [GPU] 2,950,021 evals (71704 batches, avg 41/batch = 8% of 512, 4334 evals/s, 311 msg/s, 13.9 leaves/msg, 681s)
2026-08-08 01:36:21 [iter 15/40] self-play: 110/160 games...
2026-08-08 01:36:32   [GPU] 3,000,005 evals (73057 batches, avg 41/batch = 8% of 512, 4327 evals/s, 311 msg/s, 13.9 leaves/msg, 693s)
2026-08-08 01:36:45   [GPU] 3,050,039 evals (74323 batches, avg 41/batch = 8% of 512, 4322 evals/s, 310 msg/s, 13.9 leaves/msg, 706s)
2026-08-08 01:36:55 [iter 15/40] self-play: 115/160 games...
2026-08-08 01:36:58   [GPU] 3,100,019 evals (75682 batches, avg 41/batch = 8% of 512, 4311 evals/s, 310 msg/s, 13.9 leaves/msg, 719s)
2026-08-08 01:37:11   [GPU] 3,150,039 evals (76966 batches, avg 41/batch = 8% of 512, 4303 evals/s, 309 msg/s, 13.9 leaves/msg, 732s)
2026-08-08 01:37:23   [GPU] 3,200,044 evals (78192 batches, avg 41/batch = 8% of 512, 4299 evals/s, 308 msg/s, 13.9 leaves/msg, 744s)
2026-08-08 01:37:34   [GPU] 3,250,004 evals (79308 batches, avg 41/batch = 8% of 512, 4306 evals/s, 309 msg/s, 13.9 leaves/msg, 755s)
2026-08-08 01:37:35 [iter 15/40] self-play: 120/160 games...
2026-08-08 01:37:46   [GPU] 3,300,003 evals (80546 batches, avg 41/batch = 8% of 512, 4303 evals/s, 309 msg/s, 13.9 leaves/msg, 767s)
2026-08-08 01:37:55 [iter 15/40] self-play: 125/160 games...
2026-08-08 01:37:57   [GPU] 3,350,021 evals (81727 batches, avg 41/batch = 8% of 512, 4306 evals/s, 309 msg/s, 13.9 leaves/msg, 778s)
2026-08-08 01:38:09   [GPU] 3,400,017 evals (82967 batches, avg 41/batch = 8% of 512, 4306 evals/s, 309 msg/s, 13.9 leaves/msg, 790s)
2026-08-08 01:38:19   [GPU] 3,450,001 evals (84105 batches, avg 41/batch = 8% of 512, 4310 evals/s, 309 msg/s, 13.9 leaves/msg, 800s)
2026-08-08 01:38:20 [iter 15/40] self-play: 130/160 games...
2026-08-08 01:38:32   [GPU] 3,500,010 evals (85379 batches, avg 41/batch = 8% of 512, 4306 evals/s, 309 msg/s, 13.9 leaves/msg, 813s)
2026-08-08 01:38:43   [GPU] 3,550,028 evals (86534 batches, avg 41/batch = 8% of 512, 4310 evals/s, 309 msg/s, 14.0 leaves/msg, 824s)
2026-08-08 01:38:53   [GPU] 3,600,020 evals (87629 batches, avg 41/batch = 8% of 512, 4316 evals/s, 309 msg/s, 14.0 leaves/msg, 834s)
2026-08-08 01:39:04   [GPU] 3,650,019 evals (88759 batches, avg 41/batch = 8% of 512, 4319 evals/s, 309 msg/s, 14.0 leaves/msg, 845s)
2026-08-08 01:39:15   [GPU] 3,700,024 evals (89946 batches, avg 41/batch = 8% of 512, 4321 evals/s, 309 msg/s, 14.0 leaves/msg, 856s)
2026-08-08 01:39:24 [iter 15/40] self-play: 135/160 games...
2026-08-08 01:39:25   [GPU] 3,750,055 evals (91016 batches, avg 41/batch = 8% of 512, 4328 evals/s, 310 msg/s, 14.0 leaves/msg, 867s)
2026-08-08 01:39:35   [GPU] 3,800,038 evals (91986 batches, avg 41/batch = 8% of 512, 4340 evals/s, 310 msg/s, 14.0 leaves/msg, 876s)
2026-08-08 01:39:44   [GPU] 3,850,008 evals (92976 batches, avg 41/batch = 8% of 512, 4351 evals/s, 311 msg/s, 14.0 leaves/msg, 885s)
2026-08-08 01:39:50 [iter 15/40] self-play: 140/160 games...
2026-08-08 01:39:54   [GPU] 3,900,005 evals (94117 batches, avg 41/batch = 8% of 512, 4355 evals/s, 312 msg/s, 14.0 leaves/msg, 896s)
2026-08-08 01:40:06   [GPU] 3,950,031 evals (95302 batches, avg 41/batch = 8% of 512, 4356 evals/s, 312 msg/s, 14.0 leaves/msg, 907s)
2026-08-08 01:40:17   [GPU] 4,000,001 evals (96464 batches, avg 41/batch = 8% of 512, 4359 evals/s, 312 msg/s, 14.0 leaves/msg, 918s)
2026-08-08 01:40:18 [iter 15/40] self-play: 145/160 games...
2026-08-08 01:40:28   [GPU] 4,050,029 evals (97732 batches, avg 41/batch = 8% of 512, 4358 evals/s, 312 msg/s, 14.0 leaves/msg, 929s)
2026-08-08 01:40:39 [iter 15/40] self-play: 150/160 games...
2026-08-08 01:40:39   [GPU] 4,100,041 evals (98934 batches, avg 41/batch = 8% of 512, 4359 evals/s, 312 msg/s, 14.0 leaves/msg, 941s)
2026-08-08 01:40:55   [GPU] 4,150,041 evals (100439 batches, avg 41/batch = 8% of 512, 4343 evals/s, 311 msg/s, 14.0 leaves/msg, 956s)
2026-08-08 01:40:58 [iter 15/40] self-play: 155/160 games...
2026-08-08 01:41:17   [GPU] 4,200,017 evals (102344 batches, avg 41/batch = 8% of 512, 4296 evals/s, 307 msg/s, 14.0 leaves/msg, 978s)
2026-08-08 01:41:38   [GPU] 4,250,027 evals (104298 batches, avg 41/batch = 8% of 512, 4253 evals/s, 304 msg/s, 14.0 leaves/msg, 999s)
2026-08-08 01:42:09   [GPU] 4,300,027 evals (106648 batches, avg 40/batch = 8% of 512, 4175 evals/s, 299 msg/s, 14.0 leaves/msg, 1030s)
2026-08-08 01:42:38   [GPU] 4,350,007 evals (108523 batches, avg 40/batch = 8% of 512, 4107 evals/s, 294 msg/s, 14.0 leaves/msg, 1059s)
2026-08-08 01:43:07   [GPU] 4,400,030 evals (110431 batches, avg 40/batch = 8% of 512, 4043 evals/s, 289 msg/s, 14.0 leaves/msg, 1088s)
2026-08-08 01:43:45 [iter 15/40] self-play: 160/160 games...
2026-08-08 01:43:45 [iter 15/40] self-play done: 160 games (1126s) | wins: P0=24, P1=52, P2=31, P3=35, draw=18 | draw_rate=11% avg_len~27
2026-08-08 01:43:45 [iter 15/40] search: expanded=6.6 actions/node visits/action=90.2 walls/game=5.98 first_wall_ply=1.8 learner_sims/s=4267.33
2026-08-08 01:43:45 [iter 15/40] training (600 steps, lr=7.54e-04)...
2026-08-08 01:43:51 [iter 15/40] training done: loss_p=1.464 loss_v=0.136 (6s)
2026-08-08 01:43:52 [iter 15/40] data: policy_wall_mass=0.140 walled_states=66% walls_on_board=20.5 value_mae walled=0.189 free=0.312
2026-08-08 01:43:53 [iter 15/40] eval skipped (eval_every=4)
2026-08-08 01:43:53 >>> iter 15 | loss_p=1.464 loss_v=0.136 | vs_best=n/a (not evaluated) | vs_rand=n/a | draw=11% | buf=100000 | rss=3.18GB | sp=1126s train=6s eval_best=0s eval_rand=0s | total=1134s
2026-08-08 01:43:53 [iter 16/40] self-play starting (160 games, 600 sims, MIXED 80/160 race-only)...
2026-08-08 01:43:53 [PARALLEL-MP] 8 workers spawned (160 games, sims=600), GPU batcher starting...
2026-08-08 01:44:10   [GPU] 50,029 evals (1467 batches, avg 34/batch = 7% of 512, 3007 evals/s, 215 msg/s, 14.0 leaves/msg, 17s)
2026-08-08 01:44:14 [iter 16/40] self-play: 5/160 games...
2026-08-08 01:44:25   [GPU] 100,001 evals (3049 batches, avg 33/batch = 6% of 512, 3149 evals/s, 236 msg/s, 13.3 leaves/msg, 32s)
2026-08-08 01:44:25 [iter 16/40] self-play: 10/160 games...
2026-08-08 01:44:43   [GPU] 150,030 evals (4777 batches, avg 31/batch = 6% of 512, 3030 evals/s, 227 msg/s, 13.3 leaves/msg, 50s)
2026-08-08 01:44:45 [iter 16/40] self-play: 15/160 games...
2026-08-08 01:45:02   [GPU] 200,007 evals (6515 batches, avg 31/batch = 6% of 512, 2920 evals/s, 217 msg/s, 13.4 leaves/msg, 69s)
2026-08-08 01:45:19   [GPU] 250,033 evals (8070 batches, avg 31/batch = 6% of 512, 2914 evals/s, 213 msg/s, 13.7 leaves/msg, 86s)
2026-08-08 01:45:31   [GPU] 300,046 evals (9300 batches, avg 32/batch = 6% of 512, 3082 evals/s, 222 msg/s, 13.9 leaves/msg, 97s)
2026-08-08 01:45:35 [iter 16/40] self-play: 20/160 games...
2026-08-08 01:45:42   [GPU] 350,011 evals (10482 batches, avg 33/batch = 7% of 512, 3228 evals/s, 234 msg/s, 13.8 leaves/msg, 108s)
2026-08-08 01:45:54   [GPU] 400,013 evals (11768 batches, avg 34/batch = 7% of 512, 3318 evals/s, 240 msg/s, 13.9 leaves/msg, 121s)
2026-08-08 01:46:00 [iter 16/40] self-play: 25/160 games...
2026-08-08 01:46:05   [GPU] 450,017 evals (12934 batches, avg 35/batch = 7% of 512, 3424 evals/s, 246 msg/s, 13.9 leaves/msg, 131s)
2026-08-08 01:46:17   [GPU] 500,018 evals (14136 batches, avg 35/batch = 7% of 512, 3489 evals/s, 250 msg/s, 14.0 leaves/msg, 143s)
2026-08-08 01:46:28   [GPU] 550,000 evals (15299 batches, avg 36/batch = 7% of 512, 3562 evals/s, 255 msg/s, 14.0 leaves/msg, 154s)
2026-08-08 01:46:38   [GPU] 600,036 evals (16396 batches, avg 37/batch = 7% of 512, 3650 evals/s, 261 msg/s, 14.0 leaves/msg, 164s)
2026-08-08 01:46:44 [iter 16/40] self-play: 30/160 games...
2026-08-08 01:46:48   [GPU] 650,050 evals (17560 batches, avg 37/batch = 7% of 512, 3712 evals/s, 266 msg/s, 14.0 leaves/msg, 175s)
2026-08-08 01:47:00   [GPU] 700,022 evals (18740 batches, avg 37/batch = 7% of 512, 3759 evals/s, 269 msg/s, 14.0 leaves/msg, 186s)
2026-08-08 01:47:08 [iter 16/40] self-play: 35/160 games...
2026-08-08 01:47:11   [GPU] 750,011 evals (19994 batches, avg 38/batch = 7% of 512, 3790 evals/s, 272 msg/s, 14.0 leaves/msg, 198s)
2026-08-08 01:47:22   [GPU] 800,013 evals (21180 batches, avg 38/batch = 7% of 512, 3832 evals/s, 275 msg/s, 13.9 leaves/msg, 209s)
2026-08-08 01:47:33 [iter 16/40] self-play: 40/160 games...
2026-08-08 01:47:35   [GPU] 850,006 evals (22573 batches, avg 38/batch = 7% of 512, 3830 evals/s, 276 msg/s, 13.9 leaves/msg, 222s)
2026-08-08 01:47:50   [GPU] 900,033 evals (24024 batches, avg 37/batch = 7% of 512, 3810 evals/s, 275 msg/s, 13.9 leaves/msg, 236s)
2026-08-08 01:48:00 [iter 16/40] self-play: 45/160 games...
2026-08-08 01:48:05   [GPU] 950,003 evals (25483 batches, avg 37/batch = 7% of 512, 3782 evals/s, 274 msg/s, 13.8 leaves/msg, 251s)
2026-08-08 01:48:17   [GPU] 1,000,006 evals (26738 batches, avg 37/batch = 7% of 512, 3787 evals/s, 273 msg/s, 13.9 leaves/msg, 264s)
2026-08-08 01:48:22 [iter 16/40] self-play: 50/160 games...
2026-08-08 01:48:30   [GPU] 1,050,032 evals (28021 batches, avg 37/batch = 7% of 512, 3800 evals/s, 275 msg/s, 13.8 leaves/msg, 276s)
2026-08-08 01:48:41   [GPU] 1,100,015 evals (29256 batches, avg 38/batch = 7% of 512, 3829 evals/s, 277 msg/s, 13.8 leaves/msg, 287s)
2026-08-08 01:48:53   [GPU] 1,150,037 evals (30641 batches, avg 38/batch = 7% of 512, 3834 evals/s, 277 msg/s, 13.9 leaves/msg, 300s)
2026-08-08 01:48:57 [iter 16/40] self-play: 55/160 games...
2026-08-08 01:49:05   [GPU] 1,200,029 evals (31955 batches, avg 38/batch = 7% of 512, 3855 evals/s, 278 msg/s, 13.9 leaves/msg, 311s)
2026-08-08 01:49:15   [GPU] 1,250,029 evals (33167 batches, avg 38/batch = 7% of 512, 3881 evals/s, 279 msg/s, 13.9 leaves/msg, 322s)
2026-08-08 01:49:27   [GPU] 1,300,028 evals (34386 batches, avg 38/batch = 7% of 512, 3902 evals/s, 281 msg/s, 13.9 leaves/msg, 333s)
2026-08-08 01:49:37   [GPU] 1,350,012 evals (35568 batches, avg 38/batch = 7% of 512, 3925 evals/s, 282 msg/s, 13.9 leaves/msg, 344s)
2026-08-08 01:49:49   [GPU] 1,400,023 evals (36781 batches, avg 38/batch = 7% of 512, 3942 evals/s, 283 msg/s, 13.9 leaves/msg, 355s)
2026-08-08 01:49:58   [GPU] 1,450,004 evals (37824 batches, avg 38/batch = 7% of 512, 3976 evals/s, 285 msg/s, 14.0 leaves/msg, 365s)
2026-08-08 01:50:01 [iter 16/40] self-play: 60/160 games...
2026-08-08 01:50:08   [GPU] 1,500,018 evals (38870 batches, avg 39/batch = 8% of 512, 4006 evals/s, 288 msg/s, 13.9 leaves/msg, 374s)
2026-08-08 01:50:18 [iter 16/40] self-play: 65/160 games...
2026-08-08 01:50:19   [GPU] 1,550,006 evals (40091 batches, avg 39/batch = 8% of 512, 4016 evals/s, 289 msg/s, 13.9 leaves/msg, 386s)
2026-08-08 01:50:32   [GPU] 1,600,002 evals (41395 batches, avg 39/batch = 8% of 512, 4017 evals/s, 289 msg/s, 13.9 leaves/msg, 398s)
2026-08-08 01:50:43   [GPU] 1,650,001 evals (42626 batches, avg 39/batch = 8% of 512, 4026 evals/s, 289 msg/s, 13.9 leaves/msg, 410s)
2026-08-08 01:50:47 [iter 16/40] self-play: 70/160 games...
2026-08-08 01:50:55   [GPU] 1,700,017 evals (43915 batches, avg 39/batch = 8% of 512, 4029 evals/s, 289 msg/s, 14.0 leaves/msg, 422s)
2026-08-08 01:51:06   [GPU] 1,750,001 evals (45040 batches, avg 39/batch = 8% of 512, 4048 evals/s, 290 msg/s, 14.0 leaves/msg, 432s)
2026-08-08 01:51:16   [GPU] 1,800,001 evals (46155 batches, avg 39/batch = 8% of 512, 4068 evals/s, 291 msg/s, 14.0 leaves/msg, 443s)
2026-08-08 01:51:26   [GPU] 1,850,015 evals (47329 batches, avg 39/batch = 8% of 512, 4084 evals/s, 293 msg/s, 14.0 leaves/msg, 453s)
2026-08-08 01:51:30 [iter 16/40] self-play: 75/160 games...
2026-08-08 01:51:38   [GPU] 1,900,029 evals (48589 batches, avg 39/batch = 8% of 512, 4090 evals/s, 294 msg/s, 13.9 leaves/msg, 465s)
2026-08-08 01:51:48 [iter 16/40] self-play: 80/160 games...
2026-08-08 01:51:51   [GPU] 1,950,004 evals (49942 batches, avg 39/batch = 8% of 512, 4086 evals/s, 294 msg/s, 13.9 leaves/msg, 477s)
2026-08-08 01:52:05   [GPU] 2,000,013 evals (51405 batches, avg 39/batch = 8% of 512, 4070 evals/s, 293 msg/s, 13.9 leaves/msg, 491s)
2026-08-08 01:52:06 [iter 16/40] self-play: 85/160 games...
2026-08-08 01:52:19   [GPU] 2,050,000 evals (52822 batches, avg 39/batch = 8% of 512, 4052 evals/s, 291 msg/s, 13.9 leaves/msg, 506s)
2026-08-08 01:52:25 [iter 16/40] self-play: 90/160 games...
2026-08-08 01:52:33   [GPU] 2,100,002 evals (54181 batches, avg 39/batch = 8% of 512, 4040 evals/s, 290 msg/s, 13.9 leaves/msg, 520s)
2026-08-08 01:52:47   [GPU] 2,150,009 evals (55524 batches, avg 39/batch = 8% of 512, 4029 evals/s, 289 msg/s, 13.9 leaves/msg, 534s)
2026-08-08 01:52:58   [GPU] 2,200,042 evals (56694 batches, avg 39/batch = 8% of 512, 4040 evals/s, 290 msg/s, 13.9 leaves/msg, 545s)
2026-08-08 01:53:10   [GPU] 2,250,014 evals (57884 batches, avg 39/batch = 8% of 512, 4043 evals/s, 290 msg/s, 14.0 leaves/msg, 556s)
2026-08-08 01:53:16 [iter 16/40] self-play: 95/160 games...
2026-08-08 01:53:21   [GPU] 2,300,025 evals (58989 batches, avg 39/batch = 8% of 512, 4053 evals/s, 291 msg/s, 14.0 leaves/msg, 567s)
2026-08-08 01:53:33   [GPU] 2,350,007 evals (60194 batches, avg 39/batch = 8% of 512, 4056 evals/s, 291 msg/s, 13.9 leaves/msg, 579s)
2026-08-08 01:53:40 [iter 16/40] self-play: 100/160 games...
2026-08-08 01:53:44   [GPU] 2,400,009 evals (61340 batches, avg 39/batch = 8% of 512, 4063 evals/s, 291 msg/s, 13.9 leaves/msg, 591s)
2026-08-08 01:53:57   [GPU] 2,450,025 evals (62630 batches, avg 39/batch = 8% of 512, 4061 evals/s, 291 msg/s, 13.9 leaves/msg, 603s)
2026-08-08 01:54:07 [iter 16/40] self-play: 105/160 games...
2026-08-08 01:54:09   [GPU] 2,500,017 evals (63930 batches, avg 39/batch = 8% of 512, 4058 evals/s, 292 msg/s, 13.9 leaves/msg, 616s)
2026-08-08 01:54:23   [GPU] 2,550,044 evals (65247 batches, avg 39/batch = 8% of 512, 4051 evals/s, 291 msg/s, 13.9 leaves/msg, 630s)
2026-08-08 01:54:29 [iter 16/40] self-play: 110/160 games...
2026-08-08 01:54:36   [GPU] 2,600,015 evals (66545 batches, avg 39/batch = 8% of 512, 4045 evals/s, 290 msg/s, 13.9 leaves/msg, 643s)
2026-08-08 01:54:48   [GPU] 2,650,018 evals (67763 batches, avg 39/batch = 8% of 512, 4048 evals/s, 291 msg/s, 13.9 leaves/msg, 655s)
2026-08-08 01:55:01   [GPU] 2,700,002 evals (69034 batches, avg 39/batch = 8% of 512, 4044 evals/s, 290 msg/s, 13.9 leaves/msg, 668s)
2026-08-08 01:55:03 [iter 16/40] self-play: 115/160 games...
2026-08-08 01:55:13   [GPU] 2,750,055 evals (70284 batches, avg 39/batch = 8% of 512, 4045 evals/s, 291 msg/s, 13.9 leaves/msg, 680s)
2026-08-08 01:55:26   [GPU] 2,800,000 evals (71606 batches, avg 39/batch = 8% of 512, 4042 evals/s, 290 msg/s, 13.9 leaves/msg, 693s)
2026-08-08 01:55:29 [iter 16/40] self-play: 120/160 games...
2026-08-08 01:55:39   [GPU] 2,850,018 evals (72938 batches, avg 39/batch = 8% of 512, 4037 evals/s, 291 msg/s, 13.9 leaves/msg, 706s)
2026-08-08 01:55:43 [iter 16/40] self-play: 125/160 games...
2026-08-08 01:55:53   [GPU] 2,900,040 evals (74309 batches, avg 39/batch = 8% of 512, 4028 evals/s, 290 msg/s, 13.9 leaves/msg, 720s)
2026-08-08 01:56:06   [GPU] 2,950,045 evals (75570 batches, avg 39/batch = 8% of 512, 4029 evals/s, 290 msg/s, 13.9 leaves/msg, 732s)
2026-08-08 01:56:08 [iter 16/40] self-play: 130/160 games...
2026-08-08 01:56:19   [GPU] 3,000,029 evals (76972 batches, avg 39/batch = 8% of 512, 4021 evals/s, 289 msg/s, 13.9 leaves/msg, 746s)
2026-08-08 01:56:31   [GPU] 3,050,015 evals (78171 batches, avg 39/batch = 8% of 512, 4025 evals/s, 289 msg/s, 13.9 leaves/msg, 758s)
2026-08-08 01:56:41   [GPU] 3,100,031 evals (79235 batches, avg 39/batch = 8% of 512, 4037 evals/s, 290 msg/s, 13.9 leaves/msg, 768s)
2026-08-08 01:56:52   [GPU] 3,150,035 evals (80328 batches, avg 39/batch = 8% of 512, 4048 evals/s, 291 msg/s, 13.9 leaves/msg, 778s)
2026-08-08 01:57:02   [GPU] 3,200,050 evals (81428 batches, avg 39/batch = 8% of 512, 4057 evals/s, 291 msg/s, 13.9 leaves/msg, 789s)
2026-08-08 01:57:13   [GPU] 3,250,014 evals (82523 batches, avg 39/batch = 8% of 512, 4066 evals/s, 292 msg/s, 13.9 leaves/msg, 799s)
2026-08-08 01:57:23   [GPU] 3,300,001 evals (83651 batches, avg 39/batch = 8% of 512, 4073 evals/s, 292 msg/s, 13.9 leaves/msg, 810s)
2026-08-08 01:57:26 [iter 16/40] self-play: 135/160 games...
2026-08-08 01:57:34   [GPU] 3,350,016 evals (84779 batches, avg 40/batch = 8% of 512, 4081 evals/s, 293 msg/s, 13.9 leaves/msg, 821s)
2026-08-08 01:57:46   [GPU] 3,400,052 evals (85975 batches, avg 40/batch = 8% of 512, 4084 evals/s, 293 msg/s, 13.9 leaves/msg, 832s)
2026-08-08 01:57:54 [iter 16/40] self-play: 140/160 games...
2026-08-08 01:57:57   [GPU] 3,450,024 evals (87098 batches, avg 40/batch = 8% of 512, 4090 evals/s, 294 msg/s, 13.9 leaves/msg, 843s)
2026-08-08 01:58:09   [GPU] 3,500,006 evals (88321 batches, avg 40/batch = 8% of 512, 4090 evals/s, 294 msg/s, 13.9 leaves/msg, 856s)
2026-08-08 01:58:20   [GPU] 3,550,032 evals (89477 batches, avg 40/batch = 8% of 512, 4096 evals/s, 294 msg/s, 13.9 leaves/msg, 867s)
2026-08-08 01:58:24 [iter 16/40] self-play: 145/160 games...
2026-08-08 01:58:32   [GPU] 3,600,017 evals (90701 batches, avg 40/batch = 8% of 512, 4098 evals/s, 294 msg/s, 13.9 leaves/msg, 879s)
2026-08-08 01:58:43   [GPU] 3,650,038 evals (91873 batches, avg 40/batch = 8% of 512, 4102 evals/s, 294 msg/s, 13.9 leaves/msg, 890s)
2026-08-08 01:58:53 [iter 16/40] self-play: 150/160 games...
2026-08-08 01:58:54   [GPU] 3,700,019 evals (93058 batches, avg 40/batch = 8% of 512, 4106 evals/s, 295 msg/s, 13.9 leaves/msg, 901s)
2026-08-08 01:59:07   [GPU] 3,750,010 evals (94289 batches, avg 40/batch = 8% of 512, 4106 evals/s, 294 msg/s, 13.9 leaves/msg, 913s)
2026-08-08 01:59:17   [GPU] 3,800,043 evals (95435 batches, avg 40/batch = 8% of 512, 4113 evals/s, 295 msg/s, 14.0 leaves/msg, 924s)
2026-08-08 01:59:27 [iter 16/40] self-play: 155/160 games...
2026-08-08 01:59:31   [GPU] 3,850,025 evals (96791 batches, avg 40/batch = 8% of 512, 4107 evals/s, 294 msg/s, 13.9 leaves/msg, 938s)
2026-08-08 01:59:50   [GPU] 3,900,016 evals (98559 batches, avg 40/batch = 8% of 512, 4077 evals/s, 292 msg/s, 14.0 leaves/msg, 957s)
2026-08-08 02:00:10   [GPU] 3,950,032 evals (100396 batches, avg 39/batch = 8% of 512, 4044 evals/s, 290 msg/s, 14.0 leaves/msg, 977s)
2026-08-08 02:00:30   [GPU] 4,000,010 evals (102260 batches, avg 39/batch = 8% of 512, 4015 evals/s, 288 msg/s, 13.9 leaves/msg, 996s)
2026-08-08 02:00:57   [GPU] 4,050,000 evals (104436 batches, avg 39/batch = 8% of 512, 3955 evals/s, 284 msg/s, 13.9 leaves/msg, 1024s)
2026-08-08 02:01:38   [GPU] 4,100,015 evals (107234 batches, avg 38/batch = 7% of 512, 3849 evals/s, 276 msg/s, 13.9 leaves/msg, 1065s)
2026-08-08 02:02:56   [GPU] 4,150,014 evals (110602 batches, avg 38/batch = 7% of 512, 3632 evals/s, 260 msg/s, 13.9 leaves/msg, 1143s)
2026-08-08 02:03:07 [iter 16/40] self-play: 160/160 games...
2026-08-08 02:03:07 [iter 16/40] self-play done: 160 games (1154s) | wins: P0=30, P1=53, P2=27, P3=33, draw=17 | draw_rate=11% avg_len~26
2026-08-08 02:03:07 [iter 16/40] search: expanded=7.2 actions/node visits/action=83.7 walls/game=5.98 first_wall_ply=1.238 learner_sims/s=3932.46
2026-08-08 02:03:07 [iter 16/40] training (600 steps, lr=7.22e-04)...
2026-08-08 02:03:14 [iter 16/40] training done: loss_p=1.438 loss_v=0.138 (6s)
2026-08-08 02:03:15 [iter 16/40] data: policy_wall_mass=0.152 walled_states=64% walls_on_board=19.2 value_mae walled=0.195 free=0.310
2026-08-08 02:03:16 [iter 16/40] eval vs best (40 games, 600 sims)...
2026-08-08 02:03:16 [EVAL-MP] 8 workers spawned (40 vs_best games, sims=600), GPU batcher starting...
2026-08-08 02:03:46   [GPU] 50,056 evals (1726 batches, avg 29/batch = 6% of 512, 1640 evals/s, 107 msg/s, 15.4 leaves/msg, 31s)
2026-08-08 02:04:12   [GPU] 100,020 evals (3473 batches, avg 29/batch = 6% of 512, 1787 evals/s, 116 msg/s, 15.4 leaves/msg, 56s)
2026-08-08 02:04:32   [GPU] 150,010 evals (5093 batches, avg 29/batch = 6% of 512, 1967 evals/s, 128 msg/s, 15.4 leaves/msg, 76s)
2026-08-08 02:04:49   [GPU] 200,025 evals (6505 batches, avg 31/batch = 6% of 512, 2159 evals/s, 141 msg/s, 15.3 leaves/msg, 93s)
2026-08-08 02:05:03   [GPU] 250,027 evals (7793 batches, avg 32/batch = 6% of 512, 2331 evals/s, 152 msg/s, 15.3 leaves/msg, 107s)
2026-08-08 02:05:17   [GPU] 300,042 evals (9045 batches, avg 33/batch = 6% of 512, 2468 evals/s, 162 msg/s, 15.2 leaves/msg, 122s)
2026-08-08 02:05:31   [GPU] 350,031 evals (10239 batches, avg 34/batch = 7% of 512, 2592 evals/s, 171 msg/s, 15.2 leaves/msg, 135s)
2026-08-08 02:05:43   [GPU] 400,018 evals (11365 batches, avg 35/batch = 7% of 512, 2711 evals/s, 179 msg/s, 15.1 leaves/msg, 148s)
2026-08-08 02:05:56   [GPU] 450,027 evals (12501 batches, avg 36/batch = 7% of 512, 2814 evals/s, 187 msg/s, 15.1 leaves/msg, 160s)
2026-08-08 02:06:08   [GPU] 500,014 evals (13635 batches, avg 37/batch = 7% of 512, 2902 evals/s, 193 msg/s, 15.1 leaves/msg, 172s)
2026-08-08 02:06:21   [GPU] 550,003 evals (14758 batches, avg 37/batch = 7% of 512, 2977 evals/s, 198 msg/s, 15.0 leaves/msg, 185s)
2026-08-08 02:06:33   [GPU] 600,012 evals (15904 batches, avg 38/batch = 7% of 512, 3044 evals/s, 203 msg/s, 15.0 leaves/msg, 197s)
2026-08-08 02:06:45   [GPU] 650,050 evals (17036 batches, avg 38/batch = 7% of 512, 3104 evals/s, 207 msg/s, 15.0 leaves/msg, 209s)
2026-08-08 02:06:58   [GPU] 700,047 evals (18163 batches, avg 39/batch = 8% of 512, 3156 evals/s, 211 msg/s, 15.0 leaves/msg, 222s)
2026-08-08 02:07:10   [GPU] 750,025 evals (19302 batches, avg 39/batch = 8% of 512, 3203 evals/s, 214 msg/s, 15.0 leaves/msg, 234s)
2026-08-08 02:07:23   [GPU] 800,002 evals (20492 batches, avg 39/batch = 8% of 512, 3236 evals/s, 217 msg/s, 14.9 leaves/msg, 247s)
2026-08-08 02:07:41   [GPU] 850,004 evals (21988 batches, avg 39/batch = 8% of 512, 3210 evals/s, 216 msg/s, 14.9 leaves/msg, 265s)
2026-08-08 02:07:58   [GPU] 900,044 evals (23470 batches, avg 38/batch = 7% of 512, 3186 evals/s, 214 msg/s, 14.9 leaves/msg, 283s)
2026-08-08 02:08:05 [iter 16/40] eval vs best: 5/40 games (289s, cand 0%)
2026-08-08 02:08:20   [GPU] 950,017 evals (25174 batches, avg 38/batch = 7% of 512, 3128 evals/s, 211 msg/s, 14.8 leaves/msg, 304s)
2026-08-08 02:08:42   [GPU] 1,000,002 evals (26912 batches, avg 37/batch = 7% of 512, 3067 evals/s, 207 msg/s, 14.8 leaves/msg, 326s)
2026-08-08 02:09:02   [GPU] 1,050,012 evals (28535 batches, avg 37/batch = 7% of 512, 3030 evals/s, 204 msg/s, 14.9 leaves/msg, 347s)
2026-08-08 02:09:21   [GPU] 1,100,037 evals (30112 batches, avg 37/batch = 7% of 512, 3010 evals/s, 202 msg/s, 14.9 leaves/msg, 365s)
2026-08-08 02:09:38   [GPU] 1,150,028 evals (31553 batches, avg 36/batch = 7% of 512, 3007 evals/s, 202 msg/s, 14.9 leaves/msg, 382s)
2026-08-08 02:09:54   [GPU] 1,200,018 evals (32924 batches, avg 36/batch = 7% of 512, 3012 evals/s, 202 msg/s, 14.9 leaves/msg, 398s)
2026-08-08 02:10:10   [GPU] 1,250,000 evals (34258 batches, avg 36/batch = 7% of 512, 3018 evals/s, 203 msg/s, 14.9 leaves/msg, 414s)
2026-08-08 02:10:25   [GPU] 1,300,020 evals (35552 batches, avg 37/batch = 7% of 512, 3027 evals/s, 203 msg/s, 14.9 leaves/msg, 430s)
2026-08-08 02:10:40   [GPU] 1,350,043 evals (36855 batches, avg 37/batch = 7% of 512, 3037 evals/s, 204 msg/s, 14.9 leaves/msg, 445s)
2026-08-08 02:10:55   [GPU] 1,400,006 evals (38138 batches, avg 37/batch = 7% of 512, 3047 evals/s, 205 msg/s, 14.9 leaves/msg, 459s)
2026-08-08 02:11:10   [GPU] 1,450,006 evals (39414 batches, avg 37/batch = 7% of 512, 3057 evals/s, 205 msg/s, 14.9 leaves/msg, 474s)
2026-08-08 02:11:25   [GPU] 1,500,019 evals (40670 batches, avg 37/batch = 7% of 512, 3068 evals/s, 206 msg/s, 14.9 leaves/msg, 489s)
2026-08-08 02:11:39   [GPU] 1,550,014 evals (41934 batches, avg 37/batch = 7% of 512, 3079 evals/s, 207 msg/s, 14.9 leaves/msg, 503s)
2026-08-08 02:11:54   [GPU] 1,600,026 evals (43187 batches, avg 37/batch = 7% of 512, 3088 evals/s, 207 msg/s, 14.9 leaves/msg, 518s)
2026-08-08 02:12:05 [iter 16/40] eval vs best: 10/40 games (529s, cand 0%)
2026-08-08 02:12:11   [GPU] 1,650,016 evals (44575 batches, avg 37/batch = 7% of 512, 3085 evals/s, 207 msg/s, 14.9 leaves/msg, 535s)
2026-08-08 02:12:28   [GPU] 1,700,043 evals (46090 batches, avg 37/batch = 7% of 512, 3077 evals/s, 207 msg/s, 14.9 leaves/msg, 553s)
2026-08-08 02:12:47   [GPU] 1,750,002 evals (47632 batches, avg 37/batch = 7% of 512, 3065 evals/s, 206 msg/s, 14.9 leaves/msg, 571s)
2026-08-08 02:13:05   [GPU] 1,800,001 evals (49149 batches, avg 37/batch = 7% of 512, 3055 evals/s, 205 msg/s, 14.9 leaves/msg, 589s)
2026-08-08 02:13:24   [GPU] 1,850,043 evals (50696 batches, avg 36/batch = 7% of 512, 3043 evals/s, 205 msg/s, 14.9 leaves/msg, 608s)
2026-08-08 02:13:42   [GPU] 1,900,013 evals (52169 batches, avg 36/batch = 7% of 512, 3036 evals/s, 204 msg/s, 14.9 leaves/msg, 626s)
2026-08-08 02:13:58   [GPU] 1,950,045 evals (53555 batches, avg 36/batch = 7% of 512, 3037 evals/s, 204 msg/s, 14.9 leaves/msg, 642s)
2026-08-08 02:14:13 [iter 16/40] eval vs best: 15/40 games (657s, cand 0%)
2026-08-08 02:14:14   [GPU] 2,000,028 evals (54958 batches, avg 36/batch = 7% of 512, 3037 evals/s, 205 msg/s, 14.9 leaves/msg, 659s)
2026-08-08 02:14:31   [GPU] 2,050,036 evals (56365 batches, avg 36/batch = 7% of 512, 3036 evals/s, 204 msg/s, 14.9 leaves/msg, 675s)
2026-08-08 02:14:47   [GPU] 2,100,018 evals (57713 batches, avg 36/batch = 7% of 512, 3040 evals/s, 205 msg/s, 14.9 leaves/msg, 691s)
2026-08-08 02:15:02   [GPU] 2,150,019 evals (59085 batches, avg 36/batch = 7% of 512, 3043 evals/s, 205 msg/s, 14.8 leaves/msg, 706s)
2026-08-08 02:15:18   [GPU] 2,200,016 evals (60413 batches, avg 36/batch = 7% of 512, 3048 evals/s, 205 msg/s, 14.8 leaves/msg, 722s)
2026-08-08 02:15:33   [GPU] 2,250,043 evals (61753 batches, avg 36/batch = 7% of 512, 3052 evals/s, 206 msg/s, 14.8 leaves/msg, 737s)
2026-08-08 02:15:48   [GPU] 2,300,030 evals (63053 batches, avg 36/batch = 7% of 512, 3058 evals/s, 206 msg/s, 14.8 leaves/msg, 752s)
2026-08-08 02:16:02   [GPU] 2,350,011 evals (64283 batches, avg 37/batch = 7% of 512, 3067 evals/s, 207 msg/s, 14.8 leaves/msg, 766s)
2026-08-08 02:16:16   [GPU] 2,400,025 evals (65503 batches, avg 37/batch = 7% of 512, 3078 evals/s, 208 msg/s, 14.8 leaves/msg, 780s)
2026-08-08 02:16:30   [GPU] 2,450,037 evals (66792 batches, avg 37/batch = 7% of 512, 3083 evals/s, 208 msg/s, 14.8 leaves/msg, 795s)
2026-08-08 02:16:45   [GPU] 2,500,022 evals (68092 batches, avg 37/batch = 7% of 512, 3089 evals/s, 209 msg/s, 14.8 leaves/msg, 809s)
2026-08-08 02:17:00   [GPU] 2,550,038 evals (69435 batches, avg 37/batch = 7% of 512, 3093 evals/s, 209 msg/s, 14.8 leaves/msg, 824s)
2026-08-08 02:17:16   [GPU] 2,600,015 evals (70799 batches, avg 37/batch = 7% of 512, 3095 evals/s, 209 msg/s, 14.8 leaves/msg, 840s)
2026-08-08 02:17:33   [GPU] 2,650,024 evals (72284 batches, avg 37/batch = 7% of 512, 3093 evals/s, 209 msg/s, 14.8 leaves/msg, 857s)
2026-08-08 02:17:49   [GPU] 2,700,000 evals (73731 batches, avg 37/batch = 7% of 512, 3093 evals/s, 209 msg/s, 14.8 leaves/msg, 873s)
2026-08-08 02:17:59 [iter 16/40] eval vs best: 20/40 games (883s, cand 50%)
2026-08-08 02:18:06   [GPU] 2,750,014 evals (75163 batches, avg 37/batch = 7% of 512, 3091 evals/s, 209 msg/s, 14.8 leaves/msg, 890s)
2026-08-08 02:18:23   [GPU] 2,800,013 evals (76619 batches, avg 37/batch = 7% of 512, 3087 evals/s, 209 msg/s, 14.8 leaves/msg, 907s)
2026-08-08 02:18:39   [GPU] 2,850,024 evals (77974 batches, avg 37/batch = 7% of 512, 3089 evals/s, 209 msg/s, 14.8 leaves/msg, 923s)
2026-08-08 02:18:54   [GPU] 2,900,031 evals (79377 batches, avg 37/batch = 7% of 512, 3090 evals/s, 209 msg/s, 14.8 leaves/msg, 939s)
2026-08-08 02:19:04 [iter 16/40] eval vs best: 25/40 games (949s, cand 50%)
2026-08-08 02:19:14   [GPU] 2,950,001 evals (80987 batches, avg 36/batch = 7% of 512, 3079 evals/s, 209 msg/s, 14.8 leaves/msg, 958s)
2026-08-08 02:19:33   [GPU] 3,000,012 evals (82540 batches, avg 36/batch = 7% of 512, 3070 evals/s, 208 msg/s, 14.8 leaves/msg, 977s)
2026-08-08 02:19:51   [GPU] 3,050,006 evals (84034 batches, avg 36/batch = 7% of 512, 3064 evals/s, 207 msg/s, 14.8 leaves/msg, 995s)
2026-08-08 02:20:08   [GPU] 3,100,006 evals (85449 batches, avg 36/batch = 7% of 512, 3064 evals/s, 207 msg/s, 14.8 leaves/msg, 1012s)
2026-08-08 02:20:24   [GPU] 3,150,028 evals (86808 batches, avg 36/batch = 7% of 512, 3065 evals/s, 207 msg/s, 14.8 leaves/msg, 1028s)
2026-08-08 02:20:40   [GPU] 3,200,006 evals (88249 batches, avg 36/batch = 7% of 512, 3065 evals/s, 207 msg/s, 14.8 leaves/msg, 1044s)
2026-08-08 02:21:00   [GPU] 3,250,015 evals (89917 batches, avg 36/batch = 7% of 512, 3053 evals/s, 207 msg/s, 14.8 leaves/msg, 1064s)
2026-08-08 02:21:22   [GPU] 3,300,003 evals (91630 batches, avg 36/batch = 7% of 512, 3037 evals/s, 206 msg/s, 14.8 leaves/msg, 1086s)
2026-08-08 02:21:31 [iter 16/40] eval vs best: 30/40 games (1096s, cand 57%)
2026-08-08 02:21:45   [GPU] 3,350,014 evals (93419 batches, avg 36/batch = 7% of 512, 3019 evals/s, 204 msg/s, 14.8 leaves/msg, 1109s)
2026-08-08 02:22:08   [GPU] 3,400,015 evals (95174 batches, avg 36/batch = 7% of 512, 3003 evals/s, 203 msg/s, 14.8 leaves/msg, 1132s)
2026-08-08 02:22:29   [GPU] 3,450,023 evals (96834 batches, avg 36/batch = 7% of 512, 2991 evals/s, 202 msg/s, 14.8 leaves/msg, 1153s)
2026-08-08 02:22:48   [GPU] 3,500,022 evals (98402 batches, avg 36/batch = 7% of 512, 2986 evals/s, 202 msg/s, 14.8 leaves/msg, 1172s)
2026-08-08 02:23:08   [GPU] 3,550,026 evals (100037 batches, avg 35/batch = 7% of 512, 2978 evals/s, 202 msg/s, 14.8 leaves/msg, 1192s)
2026-08-08 02:23:32   [GPU] 3,600,006 evals (101888 batches, avg 35/batch = 7% of 512, 2960 evals/s, 200 msg/s, 14.8 leaves/msg, 1216s)
2026-08-08 02:23:53   [GPU] 3,650,009 evals (103559 batches, avg 35/batch = 7% of 512, 2951 evals/s, 200 msg/s, 14.8 leaves/msg, 1237s)
2026-08-08 02:24:13   [GPU] 3,700,008 evals (105234 batches, avg 35/batch = 7% of 512, 2942 evals/s, 199 msg/s, 14.8 leaves/msg, 1258s)
2026-08-08 02:24:34   [GPU] 3,750,009 evals (106865 batches, avg 35/batch = 7% of 512, 2935 evals/s, 199 msg/s, 14.8 leaves/msg, 1278s)
2026-08-08 02:24:53   [GPU] 3,800,014 evals (108490 batches, avg 35/batch = 7% of 512, 2929 evals/s, 198 msg/s, 14.8 leaves/msg, 1298s)
2026-08-08 02:25:13   [GPU] 3,850,011 evals (110138 batches, avg 35/batch = 7% of 512, 2922 evals/s, 198 msg/s, 14.8 leaves/msg, 1317s)
2026-08-08 02:25:32   [GPU] 3,900,004 evals (111718 batches, avg 35/batch = 7% of 512, 2919 evals/s, 197 msg/s, 14.8 leaves/msg, 1336s)
2026-08-08 02:25:40 [iter 16/40] eval vs best: 35/40 games (1344s, cand 44%)
2026-08-08 02:25:56   [GPU] 3,950,043 evals (113617 batches, avg 35/batch = 7% of 512, 2904 evals/s, 196 msg/s, 14.8 leaves/msg, 1360s)
2026-08-08 02:26:45   [GPU] 4,000,000 evals (116208 batches, avg 34/batch = 7% of 512, 2839 evals/s, 192 msg/s, 14.8 leaves/msg, 1409s)
2026-08-08 02:27:57   [GPU] 4,050,004 evals (119115 batches, avg 34/batch = 7% of 512, 2734 evals/s, 185 msg/s, 14.8 leaves/msg, 1481s)
2026-08-08 02:29:09   [GPU] 4,100,015 evals (122014 batches, avg 34/batch = 7% of 512, 2639 evals/s, 178 msg/s, 14.8 leaves/msg, 1554s)
2026-08-08 02:30:17 [iter 16/40] eval vs best: 40/40 games (1622s, cand 44%)
2026-08-08 02:30:18 [iter 16/40] eval vs best done: 44.4% of 9 decided reject (only 9/40 games decided — too few to gate on) (1622s)
2026-08-08 02:30:18 [iter 16/40] eval vs random (40 games, 600 sims)...
2026-08-08 02:30:18 [EVAL-MP] 8 workers spawned (40 vs_random games, sims=600), GPU batcher starting...
2026-08-08 02:30:36   [GPU] 50,017 evals (1335 batches, avg 37/batch = 7% of 512, 2683 evals/s, 177 msg/s, 15.2 leaves/msg, 19s)
2026-08-08 02:30:46   [GPU] 100,045 evals (2319 batches, avg 43/batch = 8% of 512, 3529 evals/s, 237 msg/s, 14.9 leaves/msg, 28s)
2026-08-08 02:30:55   [GPU] 150,044 evals (3287 batches, avg 46/batch = 9% of 512, 3993 evals/s, 271 msg/s, 14.7 leaves/msg, 38s)
2026-08-08 02:31:05 [iter 16/40] eval vs random: 5/40 games (47s, cand 100%)
2026-08-08 02:31:05   [GPU] 200,002 evals (4312 batches, avg 46/batch = 9% of 512, 4228 evals/s, 293 msg/s, 14.5 leaves/msg, 47s)
2026-08-08 02:31:21   [GPU] 250,024 evals (5805 batches, avg 43/batch = 8% of 512, 3946 evals/s, 274 msg/s, 14.4 leaves/msg, 63s)
2026-08-08 02:31:31   [GPU] 300,003 evals (6841 batches, avg 44/batch = 9% of 512, 4077 evals/s, 281 msg/s, 14.5 leaves/msg, 74s)
2026-08-08 02:31:41   [GPU] 350,036 evals (7816 batches, avg 45/batch = 9% of 512, 4219 evals/s, 289 msg/s, 14.6 leaves/msg, 83s)
2026-08-08 02:31:45 [iter 16/40] eval vs random: 10/40 games (87s, cand 100%)
2026-08-08 02:31:50   [GPU] 400,014 evals (8824 batches, avg 45/batch = 9% of 512, 4318 evals/s, 296 msg/s, 14.6 leaves/msg, 93s)
2026-08-08 02:32:02   [GPU] 450,061 evals (9966 batches, avg 45/batch = 9% of 512, 4318 evals/s, 296 msg/s, 14.6 leaves/msg, 104s)
2026-08-08 02:32:03 [iter 16/40] eval vs random: 15/40 games (105s, cand 100%)
2026-08-08 02:32:17   [GPU] 500,023 evals (11362 batches, avg 44/batch = 9% of 512, 4207 evals/s, 289 msg/s, 14.6 leaves/msg, 119s)
2026-08-08 02:32:25 [iter 16/40] eval vs random: 20/40 games (128s, cand 100%)
2026-08-08 02:32:27   [GPU] 550,040 evals (12418 batches, avg 44/batch = 9% of 512, 4272 evals/s, 293 msg/s, 14.6 leaves/msg, 129s)
2026-08-08 02:32:37   [GPU] 600,051 evals (13502 batches, avg 44/batch = 9% of 512, 4315 evals/s, 297 msg/s, 14.6 leaves/msg, 139s)
2026-08-08 02:32:47 [iter 16/40] eval vs random: 25/40 games (149s, cand 100%)
2026-08-08 02:32:51   [GPU] 650,040 evals (14846 batches, avg 44/batch = 9% of 512, 4250 evals/s, 293 msg/s, 14.5 leaves/msg, 153s)
2026-08-08 02:33:06   [GPU] 700,001 evals (16247 batches, avg 43/batch = 8% of 512, 4166 evals/s, 287 msg/s, 14.5 leaves/msg, 168s)
2026-08-08 02:33:07 [iter 16/40] eval vs random: 30/40 games (169s, cand 100%)
2026-08-08 02:33:21   [GPU] 750,002 evals (17688 batches, avg 42/batch = 8% of 512, 4087 evals/s, 282 msg/s, 14.5 leaves/msg, 183s)
2026-08-08 02:33:41 [iter 16/40] eval vs random: 35/40 games (203s, cand 100%)
2026-08-08 02:33:41   [GPU] 800,015 evals (19482 batches, avg 41/batch = 8% of 512, 3932 evals/s, 271 msg/s, 14.5 leaves/msg, 203s)
2026-08-08 02:34:06   [GPU] 850,024 evals (21445 batches, avg 40/batch = 8% of 512, 3724 evals/s, 256 msg/s, 14.5 leaves/msg, 228s)
2026-08-08 02:34:34 [iter 16/40] eval vs random: 40/40 games (256s, cand 100%)
2026-08-08 02:34:35 [iter 16/40] eval vs random done: 100.0% (257s)
2026-08-08 02:34:35 [iter 16/40] eval vs greedy (80 games, 600 sims)...
2026-08-08 02:34:35 [EVAL-MP] 8 workers spawned (80 vs_greedy games, sims=600), GPU batcher starting...
2026-08-08 02:34:51 [iter 16/40] eval vs greedy: 5/80 games (16s, cand 0%)
2026-08-08 02:34:59   [GPU] 50,005 evals (1674 batches, avg 30/batch = 6% of 512, 2069 evals/s, 137 msg/s, 15.1 leaves/msg, 24s)
2026-08-08 02:35:03 [iter 16/40] eval vs greedy: 10/80 games (29s, cand 0%)
2026-08-08 02:35:14 [iter 16/40] eval vs greedy: 15/80 games (39s, cand 0%)
2026-08-08 02:35:19 [iter 16/40] eval vs greedy: 20/80 games (44s, cand 0%)
2026-08-08 02:35:20   [GPU] 100,042 evals (3378 batches, avg 30/batch = 6% of 512, 2216 evals/s, 148 msg/s, 15.0 leaves/msg, 45s)
2026-08-08 02:35:31 [iter 16/40] eval vs greedy: 25/80 games (57s, cand 0%)
2026-08-08 02:35:42   [GPU] 150,005 evals (5091 batches, avg 29/batch = 6% of 512, 2238 evals/s, 150 msg/s, 15.0 leaves/msg, 67s)
2026-08-08 02:35:43 [iter 16/40] eval vs greedy: 30/80 games (68s, cand 0%)
2026-08-08 02:35:49 [iter 16/40] eval vs greedy: 35/80 games (75s, cand 0%)
2026-08-08 02:35:57 [iter 16/40] eval vs greedy: 40/80 games (83s, cand 0%)
2026-08-08 02:36:04   [GPU] 200,008 evals (6808 batches, avg 29/batch = 6% of 512, 2249 evals/s, 150 msg/s, 14.9 leaves/msg, 89s)
2026-08-08 02:36:09 [iter 16/40] eval vs greedy: 45/80 games (94s, cand 0%)
2026-08-08 02:36:15 [iter 16/40] eval vs greedy: 50/80 games (101s, cand 0%)
2026-08-08 02:36:25   [GPU] 250,023 evals (8508 batches, avg 29/batch = 6% of 512, 2270 evals/s, 152 msg/s, 14.9 leaves/msg, 110s)
2026-08-08 02:36:27 [iter 16/40] eval vs greedy: 55/80 games (112s, cand 0%)
2026-08-08 02:36:39 [iter 16/40] eval vs greedy: 60/80 games (125s, cand 0%)
2026-08-08 02:36:46 [iter 16/40] eval vs greedy: 65/80 games (131s, cand 0%)
2026-08-08 02:36:46   [GPU] 300,024 evals (10219 batches, avg 29/batch = 6% of 512, 2286 evals/s, 153 msg/s, 14.9 leaves/msg, 131s)
2026-08-08 02:36:56 [iter 16/40] eval vs greedy: 70/80 games (142s, cand 0%)
2026-08-08 02:37:12 [iter 16/40] eval vs greedy: 75/80 games (157s, cand 0%)
2026-08-08 02:37:21   [GPU] 350,019 evals (12369 batches, avg 28/batch = 6% of 512, 2108 evals/s, 141 msg/s, 14.9 leaves/msg, 166s)
2026-08-08 02:37:39 [iter 16/40] eval vs greedy: 80/80 games (184s, cand 0%)
2026-08-08 02:37:39 [iter 16/40] eval vs greedy done: 0.0% of 80 decided [seat0:0/20 seat1:0/20 seat2:0/20 seat3:0/20] (185s)
2026-08-08 02:37:39 [iter 16/40] eval vs minimax (depth 2, 80 games)...
2026-08-08 02:37:39 [EVAL-MP] 8 workers spawned (80 vs_minimax games, sims=600), GPU batcher starting...
2026-08-08 02:38:06   [GPU] 50,008 evals (1698 batches, avg 29/batch = 6% of 512, 1898 evals/s, 124 msg/s, 15.3 leaves/msg, 26s)
2026-08-08 02:38:15 [iter 16/40] eval vs minimax: 5/80 games (0%)
2026-08-08 02:38:20   [GPU] 100,024 evals (3044 batches, avg 33/batch = 6% of 512, 2434 evals/s, 167 msg/s, 14.5 leaves/msg, 41s)
2026-08-08 02:38:40   [GPU] 150,014 evals (4625 batches, avg 32/batch = 6% of 512, 2461 evals/s, 167 msg/s, 14.7 leaves/msg, 61s)
2026-08-08 02:38:41 [iter 16/40] eval vs minimax: 10/80 games (0%)
2026-08-08 02:38:54 [iter 16/40] eval vs minimax: 15/80 games (0%)
2026-08-08 02:38:54   [GPU] 200,030 evals (6019 batches, avg 33/batch = 6% of 512, 2655 evals/s, 183 msg/s, 14.5 leaves/msg, 75s)
2026-08-08 02:39:13   [GPU] 250,002 evals (7604 batches, avg 33/batch = 6% of 512, 2652 evals/s, 183 msg/s, 14.5 leaves/msg, 94s)
2026-08-08 02:39:20 [iter 16/40] eval vs minimax: 20/80 games (0%)
2026-08-08 02:39:30   [GPU] 300,001 evals (9076 batches, avg 33/batch = 6% of 512, 2709 evals/s, 187 msg/s, 14.5 leaves/msg, 111s)
2026-08-08 02:39:43 [iter 16/40] eval vs minimax: 25/80 games (0%)
2026-08-08 02:39:48   [GPU] 350,008 evals (10641 batches, avg 33/batch = 6% of 512, 2727 evals/s, 188 msg/s, 14.5 leaves/msg, 128s)
2026-08-08 02:39:58 [iter 16/40] eval vs minimax: 30/80 games (0%)
2026-08-08 02:40:07   [GPU] 400,001 evals (12329 batches, avg 32/batch = 6% of 512, 2706 evals/s, 187 msg/s, 14.4 leaves/msg, 148s)
2026-08-08 02:40:20 [iter 16/40] eval vs minimax: 35/80 games (0%)
2026-08-08 02:40:21   [GPU] 450,023 evals (13695 batches, avg 33/batch = 6% of 512, 2773 evals/s, 192 msg/s, 14.4 leaves/msg, 162s)
2026-08-08 02:40:41   [GPU] 500,027 evals (15311 batches, avg 33/batch = 6% of 512, 2751 evals/s, 190 msg/s, 14.4 leaves/msg, 182s)
2026-08-08 02:40:44 [iter 16/40] eval vs minimax: 40/80 games (2%)
2026-08-08 02:40:57   [GPU] 550,012 evals (16747 batches, avg 33/batch = 6% of 512, 2785 evals/s, 193 msg/s, 14.4 leaves/msg, 197s)
2026-08-08 02:41:01 [iter 16/40] eval vs minimax: 45/80 games (2%)
2026-08-08 02:41:14   [GPU] 600,043 evals (18317 batches, avg 33/batch = 6% of 512, 2787 evals/s, 193 msg/s, 14.4 leaves/msg, 215s)
2026-08-08 02:41:21 [iter 16/40] eval vs minimax: 50/80 games (2%)
2026-08-08 02:41:32   [GPU] 650,024 evals (19860 batches, avg 33/batch = 6% of 512, 2797 evals/s, 193 msg/s, 14.5 leaves/msg, 232s)
2026-08-08 02:41:47 [iter 16/40] eval vs minimax: 55/80 games (2%)
2026-08-08 02:41:48   [GPU] 700,021 evals (21350 batches, avg 33/batch = 6% of 512, 2810 evals/s, 194 msg/s, 14.5 leaves/msg, 249s)
2026-08-08 02:42:04   [GPU] 750,019 evals (22870 batches, avg 33/batch = 6% of 512, 2833 evals/s, 196 msg/s, 14.4 leaves/msg, 265s)
2026-08-08 02:42:04 [iter 16/40] eval vs minimax: 60/80 games (2%)
2026-08-08 02:42:21   [GPU] 800,000 evals (24407 batches, avg 33/batch = 6% of 512, 2834 evals/s, 196 msg/s, 14.4 leaves/msg, 282s)
2026-08-08 02:42:22 [iter 16/40] eval vs minimax: 65/80 games (2%)
2026-08-08 02:42:40   [GPU] 850,023 evals (25997 batches, avg 33/batch = 6% of 512, 2828 evals/s, 196 msg/s, 14.4 leaves/msg, 301s)
2026-08-08 02:42:51 [iter 16/40] eval vs minimax: 70/80 games (1%)
2026-08-08 02:42:56   [GPU] 900,038 evals (27401 batches, avg 33/batch = 6% of 512, 2841 evals/s, 197 msg/s, 14.4 leaves/msg, 317s)
2026-08-08 02:43:00 [iter 16/40] eval vs minimax: 75/80 games (1%)
2026-08-08 02:43:41   [GPU] 950,000 evals (29928 batches, avg 32/batch = 6% of 512, 2627 evals/s, 183 msg/s, 14.4 leaves/msg, 362s)
2026-08-08 02:44:02 [iter 16/40] eval vs minimax: 80/80 games (1%)
2026-08-08 02:44:02 [iter 16/40] eval vs minimax done: 1.2% of 80 decided [seat0:0/20 seat1:0/20 seat2:0/20 seat3:1/20] (383s)
2026-08-08 02:44:02 >>> iter 16 | loss_p=1.438 loss_v=0.138 | vs_best=44.4% reject | vs_rand=100.0% | draw=11% | buf=100000 | rss=3.24GB | sp=1154s train=6s eval_best=1622s eval_rand=257s | total=3609s
2026-08-08 02:44:02 [iter 17/40] self-play starting (160 games, 600 sims, MIXED 80/160 race-only)...
2026-08-08 02:44:02 [PARALLEL-MP] 8 workers spawned (160 games, sims=600), GPU batcher starting...
2026-08-08 02:44:19   [GPU] 50,011 evals (1502 batches, avg 33/batch = 7% of 512, 2965 evals/s, 215 msg/s, 13.8 leaves/msg, 17s)
2026-08-08 02:44:21 [iter 17/40] self-play: 5/160 games...
2026-08-08 02:44:35   [GPU] 100,029 evals (3082 batches, avg 32/batch = 6% of 512, 3063 evals/s, 226 msg/s, 13.6 leaves/msg, 33s)
2026-08-08 02:44:35 [iter 17/40] self-play: 10/160 games...
2026-08-08 02:44:52   [GPU] 150,019 evals (4636 batches, avg 32/batch = 6% of 512, 3027 evals/s, 224 msg/s, 13.5 leaves/msg, 50s)
2026-08-08 02:44:56 [iter 17/40] self-play: 15/160 games...
2026-08-08 02:45:11   [GPU] 200,005 evals (6345 batches, avg 32/batch = 6% of 512, 2896 evals/s, 214 msg/s, 13.5 leaves/msg, 69s)
2026-08-08 02:45:31   [GPU] 250,007 evals (7956 batches, avg 31/batch = 6% of 512, 2821 evals/s, 206 msg/s, 13.7 leaves/msg, 89s)
2026-08-08 02:45:44 [iter 17/40] self-play: 20/160 games...
2026-08-08 02:45:45   [GPU] 300,037 evals (9242 batches, avg 32/batch = 6% of 512, 2936 evals/s, 212 msg/s, 13.8 leaves/msg, 102s)
2026-08-08 02:45:58   [GPU] 350,022 evals (10536 batches, avg 33/batch = 6% of 512, 3015 evals/s, 216 msg/s, 14.0 leaves/msg, 116s)
2026-08-08 02:46:12   [GPU] 400,014 evals (11773 batches, avg 34/batch = 7% of 512, 3092 evals/s, 220 msg/s, 14.1 leaves/msg, 129s)
2026-08-08 02:46:24   [GPU] 450,046 evals (12935 batches, avg 35/batch = 7% of 512, 3187 evals/s, 225 msg/s, 14.2 leaves/msg, 141s)
2026-08-08 02:46:36   [GPU] 500,010 evals (14107 batches, avg 35/batch = 7% of 512, 3263 evals/s, 230 msg/s, 14.2 leaves/msg, 153s)
2026-08-08 02:46:48   [GPU] 550,019 evals (15252 batches, avg 36/batch = 7% of 512, 3319 evals/s, 234 msg/s, 14.2 leaves/msg, 166s)
2026-08-08 02:46:59   [GPU] 600,011 evals (16270 batches, avg 37/batch = 7% of 512, 3394 evals/s, 239 msg/s, 14.2 leaves/msg, 177s)
2026-08-08 02:47:10   [GPU] 650,038 evals (17273 batches, avg 38/batch = 7% of 512, 3464 evals/s, 244 msg/s, 14.2 leaves/msg, 188s)
2026-08-08 02:47:11 [iter 17/40] self-play: 25/160 games...
2026-08-08 02:47:22   [GPU] 700,003 evals (18383 batches, avg 38/batch = 7% of 512, 3501 evals/s, 248 msg/s, 14.1 leaves/msg, 200s)
2026-08-08 02:47:35   [GPU] 750,029 evals (19582 batches, avg 38/batch = 7% of 512, 3531 evals/s, 249 msg/s, 14.2 leaves/msg, 212s)
2026-08-08 02:47:46   [GPU] 800,023 evals (20665 batches, avg 39/batch = 8% of 512, 3583 evals/s, 252 msg/s, 14.2 leaves/msg, 223s)
2026-08-08 02:47:56   [GPU] 850,013 evals (21706 batches, avg 39/batch = 8% of 512, 3639 evals/s, 256 msg/s, 14.2 leaves/msg, 234s)
2026-08-08 02:48:02 [iter 17/40] self-play: 30/160 games...
2026-08-08 02:48:07   [GPU] 900,022 evals (22855 batches, avg 39/batch = 8% of 512, 3672 evals/s, 260 msg/s, 14.1 leaves/msg, 245s)
2026-08-08 02:48:19   [GPU] 950,047 evals (24014 batches, avg 40/batch = 8% of 512, 3703 evals/s, 262 msg/s, 14.1 leaves/msg, 257s)
2026-08-08 02:48:28 [iter 17/40] self-play: 35/160 games...
2026-08-08 02:48:33   [GPU] 1,000,000 evals (25350 batches, avg 39/batch = 8% of 512, 3700 evals/s, 265 msg/s, 14.0 leaves/msg, 270s)
2026-08-08 02:48:45 [iter 17/40] self-play: 40/160 games...
2026-08-08 02:48:47   [GPU] 1,050,009 evals (26756 batches, avg 39/batch = 8% of 512, 3694 evals/s, 265 msg/s, 13.9 leaves/msg, 284s)
2026-08-08 02:49:03   [GPU] 1,100,043 evals (28254 batches, avg 39/batch = 8% of 512, 3661 evals/s, 263 msg/s, 13.9 leaves/msg, 300s)
2026-08-08 02:49:12 [iter 17/40] self-play: 45/160 games...
2026-08-08 02:49:18   [GPU] 1,150,014 evals (29684 batches, avg 39/batch = 8% of 512, 3641 evals/s, 262 msg/s, 13.9 leaves/msg, 316s)
2026-08-08 02:49:34   [GPU] 1,200,013 evals (31204 batches, avg 38/batch = 8% of 512, 3615 evals/s, 261 msg/s, 13.9 leaves/msg, 332s)
2026-08-08 02:49:47 [iter 17/40] self-play: 50/160 games...
2026-08-08 02:49:48   [GPU] 1,250,034 evals (32539 batches, avg 38/batch = 8% of 512, 3615 evals/s, 260 msg/s, 13.9 leaves/msg, 346s)
2026-08-08 02:50:03   [GPU] 1,300,037 evals (33909 batches, avg 38/batch = 7% of 512, 3610 evals/s, 259 msg/s, 13.9 leaves/msg, 360s)
2026-08-08 02:50:15   [GPU] 1,350,009 evals (35172 batches, avg 38/batch = 7% of 512, 3622 evals/s, 260 msg/s, 13.9 leaves/msg, 373s)
2026-08-08 02:50:28   [GPU] 1,400,000 evals (36460 batches, avg 38/batch = 7% of 512, 3628 evals/s, 260 msg/s, 13.9 leaves/msg, 386s)
2026-08-08 02:50:42   [GPU] 1,450,027 evals (37742 batches, avg 38/batch = 8% of 512, 3632 evals/s, 260 msg/s, 14.0 leaves/msg, 399s)
2026-08-08 02:50:54   [GPU] 1,500,018 evals (38951 batches, avg 39/batch = 8% of 512, 3646 evals/s, 261 msg/s, 14.0 leaves/msg, 411s)
2026-08-08 02:51:05   [GPU] 1,550,007 evals (40114 batches, avg 39/batch = 8% of 512, 3666 evals/s, 262 msg/s, 14.0 leaves/msg, 423s)
2026-08-08 02:51:09 [iter 17/40] self-play: 55/160 games...
2026-08-08 02:51:17   [GPU] 1,600,025 evals (41314 batches, avg 39/batch = 8% of 512, 3678 evals/s, 263 msg/s, 14.0 leaves/msg, 435s)
2026-08-08 02:51:29   [GPU] 1,650,005 evals (42479 batches, avg 39/batch = 8% of 512, 3696 evals/s, 264 msg/s, 14.0 leaves/msg, 446s)
2026-08-08 02:51:40 [iter 17/40] self-play: 60/160 games...
2026-08-08 02:51:42   [GPU] 1,700,015 evals (43762 batches, avg 39/batch = 8% of 512, 3702 evals/s, 266 msg/s, 13.9 leaves/msg, 459s)
2026-08-08 02:51:53   [GPU] 1,750,022 evals (44945 batches, avg 39/batch = 8% of 512, 3715 evals/s, 267 msg/s, 13.9 leaves/msg, 471s)
2026-08-08 02:52:07   [GPU] 1,800,049 evals (46254 batches, avg 39/batch = 8% of 512, 3715 evals/s, 268 msg/s, 13.9 leaves/msg, 485s)
2026-08-08 02:52:08 [iter 17/40] self-play: 65/160 games...
2026-08-08 02:52:20   [GPU] 1,850,027 evals (47568 batches, avg 39/batch = 8% of 512, 3720 evals/s, 268 msg/s, 13.9 leaves/msg, 497s)
2026-08-08 02:52:23 [iter 17/40] self-play: 70/160 games...
2026-08-08 02:52:33   [GPU] 1,900,016 evals (48960 batches, avg 39/batch = 8% of 512, 3717 evals/s, 269 msg/s, 13.8 leaves/msg, 511s)
2026-08-08 02:52:44 [iter 17/40] self-play: 75/160 games...
2026-08-08 02:52:49   [GPU] 1,950,032 evals (50448 batches, avg 39/batch = 8% of 512, 3701 evals/s, 268 msg/s, 13.8 leaves/msg, 527s)
2026-08-08 02:53:05   [GPU] 2,000,015 evals (51921 batches, avg 39/batch = 8% of 512, 3685 evals/s, 266 msg/s, 13.8 leaves/msg, 543s)
2026-08-08 02:53:21   [GPU] 2,050,017 evals (53406 batches, avg 38/batch = 7% of 512, 3670 evals/s, 265 msg/s, 13.8 leaves/msg, 559s)
2026-08-08 02:53:27 [iter 17/40] self-play: 80/160 games...
2026-08-08 02:53:33   [GPU] 2,100,039 evals (54674 batches, avg 38/batch = 8% of 512, 3680 evals/s, 266 msg/s, 13.8 leaves/msg, 571s)
2026-08-08 02:53:45   [GPU] 2,150,027 evals (55878 batches, avg 38/batch = 8% of 512, 3691 evals/s, 267 msg/s, 13.8 leaves/msg, 582s)
2026-08-08 02:53:56   [GPU] 2,200,024 evals (57009 batches, avg 39/batch = 8% of 512, 3708 evals/s, 268 msg/s, 13.9 leaves/msg, 593s)
2026-08-08 02:54:06   [GPU] 2,250,014 evals (58097 batches, avg 39/batch = 8% of 512, 3727 evals/s, 269 msg/s, 13.9 leaves/msg, 604s)
2026-08-08 02:54:11 [iter 17/40] self-play: 85/160 games...
2026-08-08 02:54:17   [GPU] 2,300,002 evals (59219 batches, avg 39/batch = 8% of 512, 3743 evals/s, 270 msg/s, 13.9 leaves/msg, 614s)
2026-08-08 02:54:27   [GPU] 2,350,057 evals (60350 batches, avg 39/batch = 8% of 512, 3759 evals/s, 271 msg/s, 13.9 leaves/msg, 625s)
2026-08-08 02:54:39   [GPU] 2,400,006 evals (61552 batches, avg 39/batch = 8% of 512, 3769 evals/s, 271 msg/s, 13.9 leaves/msg, 637s)
2026-08-08 02:54:50   [GPU] 2,450,039 evals (62692 batches, avg 39/batch = 8% of 512, 3784 evals/s, 272 msg/s, 13.9 leaves/msg, 648s)
2026-08-08 02:55:00   [GPU] 2,500,011 evals (63745 batches, avg 39/batch = 8% of 512, 3802 evals/s, 273 msg/s, 13.9 leaves/msg, 657s)
2026-08-08 02:55:11   [GPU] 2,550,058 evals (64860 batches, avg 39/batch = 8% of 512, 3816 evals/s, 274 msg/s, 13.9 leaves/msg, 668s)
2026-08-08 02:55:11 [iter 17/40] self-play: 90/160 games...
2026-08-08 02:55:22   [GPU] 2,600,014 evals (66060 batches, avg 39/batch = 8% of 512, 3826 evals/s, 275 msg/s, 13.9 leaves/msg, 680s)
2026-08-08 02:55:33   [GPU] 2,650,008 evals (67237 batches, avg 39/batch = 8% of 512, 3837 evals/s, 276 msg/s, 13.9 leaves/msg, 691s)
2026-08-08 02:55:34 [iter 17/40] self-play: 95/160 games...
2026-08-08 02:55:45   [GPU] 2,700,013 evals (68498 batches, avg 39/batch = 8% of 512, 3842 evals/s, 277 msg/s, 13.9 leaves/msg, 703s)
2026-08-08 02:55:53 [iter 17/40] self-play: 100/160 games...
2026-08-08 02:55:59   [GPU] 2,750,032 evals (69877 batches, avg 39/batch = 8% of 512, 3839 evals/s, 276 msg/s, 13.9 leaves/msg, 716s)
2026-08-08 02:56:07 [iter 17/40] self-play: 105/160 games...
2026-08-08 02:56:14   [GPU] 2,800,012 evals (71363 batches, avg 39/batch = 8% of 512, 3828 evals/s, 276 msg/s, 13.9 leaves/msg, 732s)
2026-08-08 02:56:28   [GPU] 2,850,008 evals (72825 batches, avg 39/batch = 8% of 512, 3820 evals/s, 275 msg/s, 13.9 leaves/msg, 746s)
2026-08-08 02:56:36 [iter 17/40] self-play: 110/160 games...
2026-08-08 02:56:42   [GPU] 2,900,023 evals (74222 batches, avg 39/batch = 8% of 512, 3815 evals/s, 275 msg/s, 13.9 leaves/msg, 760s)
2026-08-08 02:56:56   [GPU] 2,950,005 evals (75584 batches, avg 39/batch = 8% of 512, 3812 evals/s, 274 msg/s, 13.9 leaves/msg, 774s)
2026-08-08 02:57:07   [GPU] 3,000,031 evals (76704 batches, avg 39/batch = 8% of 512, 3825 evals/s, 275 msg/s, 13.9 leaves/msg, 784s)
2026-08-08 02:57:17   [GPU] 3,050,034 evals (77832 batches, avg 39/batch = 8% of 512, 3838 evals/s, 276 msg/s, 13.9 leaves/msg, 795s)
2026-08-08 02:57:28   [GPU] 3,100,062 evals (79036 batches, avg 39/batch = 8% of 512, 3846 evals/s, 276 msg/s, 13.9 leaves/msg, 806s)
2026-08-08 02:57:31 [iter 17/40] self-play: 115/160 games...
2026-08-08 02:57:38   [GPU] 3,150,034 evals (80090 batches, avg 39/batch = 8% of 512, 3861 evals/s, 277 msg/s, 13.9 leaves/msg, 816s)
2026-08-08 02:57:48   [GPU] 3,200,062 evals (81126 batches, avg 39/batch = 8% of 512, 3877 evals/s, 279 msg/s, 13.9 leaves/msg, 825s)
2026-08-08 02:57:58   [GPU] 3,250,008 evals (82221 batches, avg 40/batch = 8% of 512, 3890 evals/s, 280 msg/s, 13.9 leaves/msg, 836s)
2026-08-08 02:58:09   [GPU] 3,300,008 evals (83425 batches, avg 40/batch = 8% of 512, 3897 evals/s, 280 msg/s, 13.9 leaves/msg, 847s)
2026-08-08 02:58:10 [iter 17/40] self-play: 120/160 games...
2026-08-08 02:58:20   [GPU] 3,350,008 evals (84587 batches, avg 40/batch = 8% of 512, 3906 evals/s, 281 msg/s, 13.9 leaves/msg, 858s)
2026-08-08 02:58:32   [GPU] 3,400,046 evals (85834 batches, avg 40/batch = 8% of 512, 3911 evals/s, 281 msg/s, 13.9 leaves/msg, 869s)
2026-08-08 02:58:44   [GPU] 3,450,023 evals (87102 batches, avg 40/batch = 8% of 512, 3915 evals/s, 282 msg/s, 13.9 leaves/msg, 881s)
2026-08-08 02:58:53 [iter 17/40] self-play: 125/160 games...
2026-08-08 02:58:54   [GPU] 3,500,016 evals (88213 batches, avg 40/batch = 8% of 512, 3924 evals/s, 283 msg/s, 13.9 leaves/msg, 892s)
2026-08-08 02:59:05   [GPU] 3,550,037 evals (89409 batches, avg 40/batch = 8% of 512, 3931 evals/s, 283 msg/s, 13.9 leaves/msg, 903s)
2026-08-08 02:59:08 [iter 17/40] self-play: 130/160 games...
2026-08-08 02:59:18   [GPU] 3,600,031 evals (90697 batches, avg 40/batch = 8% of 512, 3930 evals/s, 283 msg/s, 13.9 leaves/msg, 916s)
2026-08-08 02:59:23 [iter 17/40] self-play: 135/160 games...
2026-08-08 02:59:31   [GPU] 3,650,062 evals (92058 batches, avg 40/batch = 8% of 512, 3929 evals/s, 284 msg/s, 13.9 leaves/msg, 929s)
2026-08-08 02:59:45   [GPU] 3,700,003 evals (93422 batches, avg 40/batch = 8% of 512, 3926 evals/s, 283 msg/s, 13.9 leaves/msg, 942s)
2026-08-08 02:59:56 [iter 17/40] self-play: 140/160 games...
2026-08-08 02:59:59   [GPU] 3,750,013 evals (94839 batches, avg 40/batch = 8% of 512, 3922 evals/s, 283 msg/s, 13.8 leaves/msg, 956s)
2026-08-08 03:00:14   [GPU] 3,800,010 evals (96326 batches, avg 39/batch = 8% of 512, 3912 evals/s, 282 msg/s, 13.9 leaves/msg, 971s)
2026-08-08 03:00:18 [iter 17/40] self-play: 145/160 games...
2026-08-08 03:00:29   [GPU] 3,850,015 evals (97762 batches, avg 39/batch = 8% of 512, 3900 evals/s, 281 msg/s, 13.9 leaves/msg, 987s)
2026-08-08 03:00:42   [GPU] 3,900,002 evals (99000 batches, avg 39/batch = 8% of 512, 3900 evals/s, 281 msg/s, 13.9 leaves/msg, 1000s)
2026-08-08 03:00:51 [iter 17/40] self-play: 150/160 games...
2026-08-08 03:00:56   [GPU] 3,950,007 evals (100337 batches, avg 39/batch = 8% of 512, 3898 evals/s, 281 msg/s, 13.9 leaves/msg, 1013s)
2026-08-08 03:01:08   [GPU] 4,000,053 evals (101643 batches, avg 39/batch = 8% of 512, 3900 evals/s, 281 msg/s, 13.9 leaves/msg, 1026s)
2026-08-08 03:01:19   [GPU] 4,050,024 evals (102875 batches, avg 39/batch = 8% of 512, 3906 evals/s, 282 msg/s, 13.9 leaves/msg, 1037s)
2026-08-08 03:01:32   [GPU] 4,100,003 evals (104213 batches, avg 39/batch = 8% of 512, 3907 evals/s, 282 msg/s, 13.9 leaves/msg, 1050s)
2026-08-08 03:01:44   [GPU] 4,150,048 evals (105529 batches, avg 39/batch = 8% of 512, 3908 evals/s, 282 msg/s, 13.9 leaves/msg, 1062s)
2026-08-08 03:01:54 [iter 17/40] self-play: 155/160 games...
2026-08-08 03:02:00   [GPU] 4,200,014 evals (107054 batches, avg 39/batch = 8% of 512, 3898 evals/s, 281 msg/s, 13.9 leaves/msg, 1077s)
2026-08-08 03:02:20   [GPU] 4,250,012 evals (108880 batches, avg 39/batch = 8% of 512, 3871 evals/s, 279 msg/s, 13.9 leaves/msg, 1098s)
2026-08-08 03:02:39   [GPU] 4,300,008 evals (110703 batches, avg 39/batch = 8% of 512, 3851 evals/s, 277 msg/s, 13.9 leaves/msg, 1116s)
2026-08-08 03:03:36   [GPU] 4,350,015 evals (113420 batches, avg 38/batch = 7% of 512, 3706 evals/s, 267 msg/s, 13.9 leaves/msg, 1174s)
2026-08-08 03:05:29   [GPU] 4,400,006 evals (116787 batches, avg 38/batch = 7% of 512, 3419 evals/s, 246 msg/s, 13.9 leaves/msg, 1287s)
2026-08-08 03:05:59 [iter 17/40] self-play: 160/160 games...
2026-08-08 03:05:59 [iter 17/40] self-play done: 160 games (1317s) | wins: P0=25, P1=45, P2=27, P3=44, draw=19 | draw_rate=12% avg_len~26
2026-08-08 03:05:59 [iter 17/40] search: expanded=7.6 actions/node visits/action=78.9 walls/game=5.83 first_wall_ply=1.6 learner_sims/s=3642.05
2026-08-08 03:05:59 [iter 17/40] training (600 steps, lr=6.89e-04)...
2026-08-08 03:06:06 [iter 17/40] training done: loss_p=1.425 loss_v=0.136 (7s)
2026-08-08 03:06:08 [iter 17/40] data: policy_wall_mass=0.138 walled_states=63% walls_on_board=18.5 value_mae walled=0.164 free=0.327
2026-08-08 03:06:10 [iter 17/40] eval skipped (eval_every=4)
2026-08-08 03:06:10 >>> iter 17 | loss_p=1.425 loss_v=0.136 | vs_best=n/a (not evaluated) | vs_rand=n/a | draw=12% | buf=100000 | rss=3.25GB | sp=1317s train=7s eval_best=0s eval_rand=0s | total=1327s
2026-08-08 03:06:10 [iter 18/40] self-play starting (160 games, 600 sims, MIXED 80/160 race-only)...
2026-08-08 03:06:10 [PARALLEL-MP] 8 workers spawned (160 games, sims=600), GPU batcher starting...
2026-08-08 03:06:26   [GPU] 50,006 evals (1509 batches, avg 33/batch = 6% of 512, 3046 evals/s, 217 msg/s, 14.0 leaves/msg, 16s)
2026-08-08 03:06:29 [iter 18/40] self-play: 5/160 games...
2026-08-08 03:06:41   [GPU] 100,024 evals (3075 batches, avg 33/batch = 6% of 512, 3167 evals/s, 235 msg/s, 13.5 leaves/msg, 32s)
2026-08-08 03:06:43 [iter 18/40] self-play: 10/160 games...
2026-08-08 03:06:59   [GPU] 150,002 evals (4741 batches, avg 32/batch = 6% of 512, 3044 evals/s, 226 msg/s, 13.5 leaves/msg, 49s)
2026-08-08 03:07:05 [iter 18/40] self-play: 15/160 games...
2026-08-08 03:07:18   [GPU] 200,004 evals (6415 batches, avg 31/batch = 6% of 512, 2926 evals/s, 215 msg/s, 13.6 leaves/msg, 68s)
2026-08-08 03:07:37   [GPU] 250,020 evals (7990 batches, avg 31/batch = 6% of 512, 2878 evals/s, 209 msg/s, 13.8 leaves/msg, 87s)
2026-08-08 03:07:49   [GPU] 300,050 evals (9227 batches, avg 33/batch = 6% of 512, 3022 evals/s, 217 msg/s, 13.9 leaves/msg, 99s)
2026-08-08 03:07:54 [iter 18/40] self-play: 20/160 games...
2026-08-08 03:08:02   [GPU] 350,037 evals (10521 batches, avg 33/batch = 6% of 512, 3106 evals/s, 224 msg/s, 13.9 leaves/msg, 113s)
2026-08-08 03:08:15   [GPU] 400,027 evals (11765 batches, avg 34/batch = 7% of 512, 3204 evals/s, 230 msg/s, 13.9 leaves/msg, 125s)
2026-08-08 03:08:25 [iter 18/40] self-play: 25/160 games...
2026-08-08 03:08:25   [GPU] 450,018 evals (12885 batches, avg 35/batch = 7% of 512, 3314 evals/s, 238 msg/s, 13.9 leaves/msg, 136s)
2026-08-08 03:08:37   [GPU] 500,040 evals (14084 batches, avg 36/batch = 7% of 512, 3398 evals/s, 245 msg/s, 13.9 leaves/msg, 147s)
2026-08-08 03:08:48   [GPU] 550,042 evals (15301 batches, avg 36/batch = 7% of 512, 3470 evals/s, 249 msg/s, 13.9 leaves/msg, 159s)
2026-08-08 03:08:55 [iter 18/40] self-play: 30/160 games...
2026-08-08 03:09:00   [GPU] 600,038 evals (16543 batches, avg 36/batch = 7% of 512, 3523 evals/s, 254 msg/s, 13.9 leaves/msg, 170s)
2026-08-08 03:09:12   [GPU] 650,009 evals (17776 batches, avg 37/batch = 7% of 512, 3573 evals/s, 258 msg/s, 13.9 leaves/msg, 182s)
2026-08-08 03:09:17 [iter 18/40] self-play: 35/160 games...
2026-08-08 03:09:24   [GPU] 700,061 evals (19109 batches, avg 37/batch = 7% of 512, 3595 evals/s, 260 msg/s, 13.8 leaves/msg, 195s)
2026-08-08 03:09:35   [GPU] 750,008 evals (20274 batches, avg 37/batch = 7% of 512, 3643 evals/s, 263 msg/s, 13.9 leaves/msg, 206s)
2026-08-08 03:09:48   [GPU] 800,022 evals (21570 batches, avg 37/batch = 7% of 512, 3664 evals/s, 264 msg/s, 13.9 leaves/msg, 218s)
2026-08-08 03:09:56 [iter 18/40] self-play: 40/160 games...
2026-08-08 03:09:59   [GPU] 850,029 evals (22763 batches, avg 37/batch = 7% of 512, 3703 evals/s, 267 msg/s, 13.9 leaves/msg, 230s)
2026-08-08 03:10:11   [GPU] 900,004 evals (24000 batches, avg 38/batch = 7% of 512, 3722 evals/s, 268 msg/s, 13.9 leaves/msg, 242s)
2026-08-08 03:10:24   [GPU] 950,033 evals (25199 batches, avg 38/batch = 7% of 512, 3740 evals/s, 269 msg/s, 13.9 leaves/msg, 254s)
2026-08-08 03:10:32 [iter 18/40] self-play: 45/160 games...
2026-08-08 03:10:35   [GPU] 1,000,006 evals (26341 batches, avg 38/batch = 7% of 512, 3772 evals/s, 272 msg/s, 13.9 leaves/msg, 265s)
2026-08-08 03:10:47   [GPU] 1,050,007 evals (27536 batches, avg 38/batch = 7% of 512, 3786 evals/s, 273 msg/s, 13.9 leaves/msg, 277s)
2026-08-08 03:10:57   [GPU] 1,100,041 evals (28542 batches, avg 39/batch = 8% of 512, 3834 evals/s, 276 msg/s, 13.9 leaves/msg, 287s)
2026-08-08 03:11:01 [iter 18/40] self-play: 50/160 games...
2026-08-08 03:11:07   [GPU] 1,150,048 evals (29660 batches, avg 39/batch = 8% of 512, 3866 evals/s, 279 msg/s, 13.8 leaves/msg, 298s)
2026-08-08 03:11:17   [GPU] 1,200,005 evals (30731 batches, avg 39/batch = 8% of 512, 3902 evals/s, 281 msg/s, 13.9 leaves/msg, 308s)
2026-08-08 03:11:23 [iter 18/40] self-play: 55/160 games...
2026-08-08 03:11:28   [GPU] 1,250,010 evals (31934 batches, avg 39/batch = 8% of 512, 3920 evals/s, 283 msg/s, 13.8 leaves/msg, 319s)
2026-08-08 03:11:40   [GPU] 1,300,001 evals (33176 batches, avg 39/batch = 8% of 512, 3933 evals/s, 284 msg/s, 13.8 leaves/msg, 331s)
2026-08-08 03:11:52   [GPU] 1,350,006 evals (34446 batches, avg 39/batch = 8% of 512, 3941 evals/s, 285 msg/s, 13.8 leaves/msg, 343s)
2026-08-08 03:11:53 [iter 18/40] self-play: 60/160 games...
2026-08-08 03:12:03   [GPU] 1,400,041 evals (35583 batches, avg 39/batch = 8% of 512, 3964 evals/s, 287 msg/s, 13.8 leaves/msg, 353s)
2026-08-08 03:12:16   [GPU] 1,450,006 evals (36911 batches, avg 39/batch = 8% of 512, 3960 evals/s, 287 msg/s, 13.8 leaves/msg, 366s)
2026-08-08 03:12:21 [iter 18/40] self-play: 65/160 games...
2026-08-08 03:12:27   [GPU] 1,500,008 evals (38125 batches, avg 39/batch = 8% of 512, 3970 evals/s, 287 msg/s, 13.8 leaves/msg, 378s)
2026-08-08 03:12:40   [GPU] 1,550,030 evals (39377 batches, avg 39/batch = 8% of 512, 3968 evals/s, 286 msg/s, 13.8 leaves/msg, 391s)
2026-08-08 03:12:52   [GPU] 1,600,047 evals (40539 batches, avg 39/batch = 8% of 512, 3981 evals/s, 288 msg/s, 13.8 leaves/msg, 402s)
2026-08-08 03:13:01 [iter 18/40] self-play: 70/160 games...
2026-08-08 03:13:03   [GPU] 1,650,026 evals (41720 batches, avg 40/batch = 8% of 512, 3992 evals/s, 288 msg/s, 13.9 leaves/msg, 413s)
2026-08-08 03:13:15   [GPU] 1,700,006 evals (42897 batches, avg 40/batch = 8% of 512, 3998 evals/s, 288 msg/s, 13.9 leaves/msg, 425s)
2026-08-08 03:13:25   [GPU] 1,750,033 evals (43968 batches, avg 40/batch = 8% of 512, 4018 evals/s, 289 msg/s, 13.9 leaves/msg, 436s)
2026-08-08 03:13:34 [iter 18/40] self-play: 75/160 games...
2026-08-08 03:13:36   [GPU] 1,800,022 evals (45075 batches, avg 40/batch = 8% of 512, 4031 evals/s, 290 msg/s, 13.9 leaves/msg, 447s)
2026-08-08 03:13:48   [GPU] 1,850,010 evals (46198 batches, avg 40/batch = 8% of 512, 4034 evals/s, 290 msg/s, 13.9 leaves/msg, 459s)
2026-08-08 03:14:00   [GPU] 1,900,035 evals (47325 batches, avg 40/batch = 8% of 512, 4036 evals/s, 290 msg/s, 13.9 leaves/msg, 471s)
2026-08-08 03:14:06 [iter 18/40] self-play: 80/160 games...
2026-08-08 03:14:12   [GPU] 1,950,000 evals (48518 batches, avg 40/batch = 8% of 512, 4039 evals/s, 291 msg/s, 13.9 leaves/msg, 483s)
2026-08-08 03:14:23 [iter 18/40] self-play: 85/160 games...
2026-08-08 03:14:26   [GPU] 2,000,034 evals (49928 batches, avg 40/batch = 8% of 512, 4028 evals/s, 290 msg/s, 13.9 leaves/msg, 497s)
2026-08-08 03:14:39 [iter 18/40] self-play: 90/160 games...
2026-08-08 03:14:39   [GPU] 2,050,005 evals (51319 batches, avg 40/batch = 8% of 512, 4022 evals/s, 290 msg/s, 13.9 leaves/msg, 510s)
2026-08-08 03:14:53   [GPU] 2,100,025 evals (52761 batches, avg 40/batch = 8% of 512, 4011 evals/s, 289 msg/s, 13.9 leaves/msg, 524s)
2026-08-08 03:15:05   [GPU] 2,150,028 evals (54012 batches, avg 40/batch = 8% of 512, 4015 evals/s, 289 msg/s, 13.9 leaves/msg, 535s)
2026-08-08 03:15:18   [GPU] 2,200,021 evals (55325 batches, avg 40/batch = 8% of 512, 4011 evals/s, 288 msg/s, 13.9 leaves/msg, 549s)
2026-08-08 03:15:21 [iter 18/40] self-play: 95/160 games...
2026-08-08 03:15:30   [GPU] 2,250,007 evals (56624 batches, avg 40/batch = 8% of 512, 4012 evals/s, 289 msg/s, 13.9 leaves/msg, 561s)
2026-08-08 03:15:44   [GPU] 2,300,031 evals (58000 batches, avg 40/batch = 8% of 512, 4004 evals/s, 288 msg/s, 13.9 leaves/msg, 574s)
2026-08-08 03:15:45 [iter 18/40] self-play: 100/160 games...
2026-08-08 03:15:55   [GPU] 2,350,006 evals (59209 batches, avg 40/batch = 8% of 512, 4011 evals/s, 289 msg/s, 13.9 leaves/msg, 586s)
2026-08-08 03:16:08   [GPU] 2,400,014 evals (60428 batches, avg 40/batch = 8% of 512, 4014 evals/s, 289 msg/s, 13.9 leaves/msg, 598s)
2026-08-08 03:16:18   [GPU] 2,450,040 evals (61505 batches, avg 40/batch = 8% of 512, 4027 evals/s, 290 msg/s, 13.9 leaves/msg, 608s)
2026-08-08 03:16:28   [GPU] 2,500,031 evals (62537 batches, avg 40/batch = 8% of 512, 4044 evals/s, 291 msg/s, 13.9 leaves/msg, 618s)
2026-08-08 03:16:33 [iter 18/40] self-play: 105/160 games...
2026-08-08 03:16:39   [GPU] 2,550,041 evals (63691 batches, avg 40/batch = 8% of 512, 4052 evals/s, 292 msg/s, 13.9 leaves/msg, 629s)
2026-08-08 03:16:50   [GPU] 2,600,014 evals (64858 batches, avg 40/batch = 8% of 512, 4061 evals/s, 293 msg/s, 13.9 leaves/msg, 640s)
2026-08-08 03:17:00   [GPU] 2,650,047 evals (65890 batches, avg 40/batch = 8% of 512, 4076 evals/s, 294 msg/s, 13.9 leaves/msg, 650s)
2026-08-08 03:17:09   [GPU] 2,700,023 evals (66877 batches, avg 40/batch = 8% of 512, 4093 evals/s, 295 msg/s, 13.9 leaves/msg, 660s)
2026-08-08 03:17:17 [iter 18/40] self-play: 110/160 games...
2026-08-08 03:17:20   [GPU] 2,750,032 evals (67944 batches, avg 40/batch = 8% of 512, 4104 evals/s, 296 msg/s, 13.9 leaves/msg, 670s)
2026-08-08 03:17:31   [GPU] 2,800,009 evals (69161 batches, avg 40/batch = 8% of 512, 4108 evals/s, 297 msg/s, 13.8 leaves/msg, 682s)
2026-08-08 03:17:40 [iter 18/40] self-play: 115/160 games...
2026-08-08 03:17:42   [GPU] 2,850,019 evals (70358 batches, avg 41/batch = 8% of 512, 4113 evals/s, 298 msg/s, 13.8 leaves/msg, 693s)
2026-08-08 03:17:54   [GPU] 2,900,036 evals (71600 batches, avg 41/batch = 8% of 512, 4115 evals/s, 298 msg/s, 13.8 leaves/msg, 705s)
2026-08-08 03:18:00 [iter 18/40] self-play: 120/160 games...
2026-08-08 03:18:08   [GPU] 2,950,021 evals (72920 batches, avg 40/batch = 8% of 512, 4109 evals/s, 298 msg/s, 13.8 leaves/msg, 718s)
2026-08-08 03:18:22   [GPU] 3,000,038 evals (74297 batches, avg 40/batch = 8% of 512, 4098 evals/s, 297 msg/s, 13.8 leaves/msg, 732s)
2026-08-08 03:18:26 [iter 18/40] self-play: 125/160 games...
2026-08-08 03:18:35   [GPU] 3,050,057 evals (75621 batches, avg 40/batch = 8% of 512, 4091 evals/s, 296 msg/s, 13.8 leaves/msg, 746s)
2026-08-08 03:18:48   [GPU] 3,100,002 evals (76812 batches, avg 40/batch = 8% of 512, 4090 evals/s, 296 msg/s, 13.8 leaves/msg, 758s)
2026-08-08 03:18:59   [GPU] 3,150,078 evals (77916 batches, avg 40/batch = 8% of 512, 4097 evals/s, 296 msg/s, 13.8 leaves/msg, 769s)
2026-08-08 03:19:10   [GPU] 3,200,015 evals (79031 batches, avg 40/batch = 8% of 512, 4103 evals/s, 297 msg/s, 13.8 leaves/msg, 780s)
2026-08-08 03:19:20   [GPU] 3,250,053 evals (80132 batches, avg 41/batch = 8% of 512, 4110 evals/s, 297 msg/s, 13.8 leaves/msg, 791s)
2026-08-08 03:19:28 [iter 18/40] self-play: 130/160 games...
2026-08-08 03:19:31   [GPU] 3,300,017 evals (81257 batches, avg 41/batch = 8% of 512, 4117 evals/s, 297 msg/s, 13.8 leaves/msg, 802s)
2026-08-08 03:19:42   [GPU] 3,350,000 evals (82359 batches, avg 41/batch = 8% of 512, 4126 evals/s, 298 msg/s, 13.8 leaves/msg, 812s)
2026-08-08 03:19:51   [GPU] 3,400,043 evals (83371 batches, avg 41/batch = 8% of 512, 4138 evals/s, 299 msg/s, 13.8 leaves/msg, 822s)
2026-08-08 03:20:00 [iter 18/40] self-play: 135/160 games...
2026-08-08 03:20:02   [GPU] 3,450,048 evals (84532 batches, avg 41/batch = 8% of 512, 4144 evals/s, 300 msg/s, 13.8 leaves/msg, 833s)
2026-08-08 03:20:15   [GPU] 3,500,046 evals (85794 batches, avg 41/batch = 8% of 512, 4142 evals/s, 300 msg/s, 13.8 leaves/msg, 845s)
2026-08-08 03:20:18 [iter 18/40] self-play: 140/160 games...
2026-08-08 03:20:27   [GPU] 3,550,034 evals (87028 batches, avg 41/batch = 8% of 512, 4141 evals/s, 300 msg/s, 13.8 leaves/msg, 857s)
2026-08-08 03:20:39 [iter 18/40] self-play: 145/160 games...
2026-08-08 03:20:40   [GPU] 3,600,031 evals (88366 batches, avg 41/batch = 8% of 512, 4136 evals/s, 300 msg/s, 13.8 leaves/msg, 870s)
2026-08-08 03:20:53   [GPU] 3,650,008 evals (89707 batches, avg 41/batch = 8% of 512, 4131 evals/s, 299 msg/s, 13.8 leaves/msg, 884s)
2026-08-08 03:20:57 [iter 18/40] self-play: 150/160 games...
2026-08-08 03:21:06   [GPU] 3,700,026 evals (91020 batches, avg 41/batch = 8% of 512, 4127 evals/s, 299 msg/s, 13.8 leaves/msg, 896s)
2026-08-08 03:21:18   [GPU] 3,750,020 evals (92284 batches, avg 41/batch = 8% of 512, 4128 evals/s, 299 msg/s, 13.8 leaves/msg, 908s)
2026-08-08 03:21:31   [GPU] 3,800,000 evals (93615 batches, avg 41/batch = 8% of 512, 4124 evals/s, 299 msg/s, 13.8 leaves/msg, 921s)
2026-08-08 03:21:32 [iter 18/40] self-play: 155/160 games...
2026-08-08 03:21:48   [GPU] 3,850,035 evals (95253 batches, avg 40/batch = 8% of 512, 4104 evals/s, 297 msg/s, 13.8 leaves/msg, 938s)
2026-08-08 03:22:02   [GPU] 3,900,021 evals (96711 batches, avg 40/batch = 8% of 512, 4097 evals/s, 296 msg/s, 13.8 leaves/msg, 952s)
2026-08-08 03:22:15   [GPU] 3,950,008 evals (98091 batches, avg 40/batch = 8% of 512, 4093 evals/s, 296 msg/s, 13.8 leaves/msg, 965s)
2026-08-08 03:22:28   [GPU] 4,000,031 evals (99428 batches, avg 40/batch = 8% of 512, 4090 evals/s, 296 msg/s, 13.8 leaves/msg, 978s)
2026-08-08 03:22:42   [GPU] 4,050,020 evals (100922 batches, avg 40/batch = 8% of 512, 4080 evals/s, 295 msg/s, 13.8 leaves/msg, 993s)
2026-08-08 03:23:07   [GPU] 4,100,017 evals (103008 batches, avg 40/batch = 8% of 512, 4031 evals/s, 291 msg/s, 13.8 leaves/msg, 1017s)
2026-08-08 03:24:10 [iter 18/40] self-play: 160/160 games...
2026-08-08 03:24:10 [iter 18/40] self-play done: 160 games (1080s) | wins: P0=25, P1=39, P2=37, P3=41, draw=18 | draw_rate=11% avg_len~24
2026-08-08 03:24:10 [iter 18/40] search: expanded=7.0 actions/node visits/action=86.2 walls/game=5.95 first_wall_ply=1.475 learner_sims/s=4183.04
2026-08-08 03:24:10 [iter 18/40] training (600 steps, lr=6.55e-04)...
2026-08-08 03:24:17 [iter 18/40] training done: loss_p=1.414 loss_v=0.136 (7s)
2026-08-08 03:24:19 [iter 18/40] data: policy_wall_mass=0.153 walled_states=61% walls_on_board=18.0 value_mae walled=0.159 free=0.325
2026-08-08 03:24:31 [iter 18/40] eval skipped (eval_every=4)
2026-08-08 03:24:31 >>> iter 18 | loss_p=1.414 loss_v=0.136 | vs_best=n/a (not evaluated) | vs_rand=n/a | draw=11% | buf=100000 | rss=3.27GB | sp=1080s train=7s eval_best=0s eval_rand=0s | total=1101s
2026-08-08 03:24:31 [iter 19/40] self-play starting (160 games, 600 sims, MIXED 80/160 race-only)...
2026-08-08 03:24:31 [PARALLEL-MP] 8 workers spawned (160 games, sims=600), GPU batcher starting...
2026-08-08 03:24:48   [GPU] 50,006 evals (1520 batches, avg 33/batch = 6% of 512, 2959 evals/s, 214 msg/s, 13.8 leaves/msg, 17s)
2026-08-08 03:24:51 [iter 19/40] self-play: 5/160 games...
2026-08-08 03:25:03   [GPU] 100,008 evals (3061 batches, avg 33/batch = 6% of 512, 3119 evals/s, 236 msg/s, 13.2 leaves/msg, 32s)
2026-08-08 03:25:05 [iter 19/40] self-play: 10/160 games...
2026-08-08 03:25:23   [GPU] 150,019 evals (4834 batches, avg 31/batch = 6% of 512, 2898 evals/s, 219 msg/s, 13.2 leaves/msg, 52s)
2026-08-08 03:25:29 [iter 19/40] self-play: 15/160 games...
2026-08-08 03:25:41   [GPU] 200,002 evals (6474 batches, avg 31/batch = 6% of 512, 2874 evals/s, 214 msg/s, 13.4 leaves/msg, 70s)
2026-08-08 03:25:57   [GPU] 250,014 evals (7999 batches, avg 31/batch = 6% of 512, 2919 evals/s, 215 msg/s, 13.6 leaves/msg, 86s)
2026-08-08 03:26:09   [GPU] 300,000 evals (9232 batches, avg 32/batch = 6% of 512, 3067 evals/s, 224 msg/s, 13.7 leaves/msg, 98s)
2026-08-08 03:26:15 [iter 19/40] self-play: 20/160 games...
2026-08-08 03:26:19   [GPU] 350,062 evals (10345 batches, avg 34/batch = 7% of 512, 3231 evals/s, 235 msg/s, 13.8 leaves/msg, 108s)
2026-08-08 03:26:31   [GPU] 400,005 evals (11500 batches, avg 35/batch = 7% of 512, 3341 evals/s, 241 msg/s, 13.9 leaves/msg, 120s)
2026-08-08 03:26:42   [GPU] 450,002 evals (12626 batches, avg 36/batch = 7% of 512, 3442 evals/s, 247 msg/s, 13.9 leaves/msg, 131s)
2026-08-08 03:26:52   [GPU] 500,018 evals (13694 batches, avg 37/batch = 7% of 512, 3541 evals/s, 253 msg/s, 14.0 leaves/msg, 141s)
2026-08-08 03:27:02   [GPU] 550,045 evals (14703 batches, avg 37/batch = 7% of 512, 3644 evals/s, 260 msg/s, 14.0 leaves/msg, 151s)
2026-08-08 03:27:11   [GPU] 600,046 evals (15697 batches, avg 38/batch = 7% of 512, 3739 evals/s, 266 msg/s, 14.1 leaves/msg, 160s)
2026-08-08 03:27:21   [GPU] 650,014 evals (16673 batches, avg 39/batch = 8% of 512, 3829 evals/s, 273 msg/s, 14.0 leaves/msg, 170s)
2026-08-08 03:27:31   [GPU] 700,057 evals (17666 batches, avg 40/batch = 8% of 512, 3886 evals/s, 277 msg/s, 14.0 leaves/msg, 180s)
2026-08-08 03:27:41   [GPU] 750,055 evals (18608 batches, avg 40/batch = 8% of 512, 3941 evals/s, 281 msg/s, 14.0 leaves/msg, 190s)
2026-08-08 03:27:51   [GPU] 800,013 evals (19512 batches, avg 41/batch = 8% of 512, 3998 evals/s, 285 msg/s, 14.0 leaves/msg, 200s)
2026-08-08 03:27:59 [iter 19/40] self-play: 25/160 games...
2026-08-08 03:28:02   [GPU] 850,006 evals (20531 batches, avg 41/batch = 8% of 512, 4032 evals/s, 289 msg/s, 13.9 leaves/msg, 211s)
2026-08-08 03:28:13   [GPU] 900,018 evals (21636 batches, avg 42/batch = 8% of 512, 4057 evals/s, 291 msg/s, 14.0 leaves/msg, 222s)
2026-08-08 03:28:19 [iter 19/40] self-play: 30/160 games...
2026-08-08 03:28:24   [GPU] 950,001 evals (22874 batches, avg 42/batch = 8% of 512, 4068 evals/s, 294 msg/s, 13.8 leaves/msg, 234s)
2026-08-08 03:28:31 [iter 19/40] self-play: 35/160 games...
2026-08-08 03:28:39   [GPU] 1,000,000 evals (24337 batches, avg 41/batch = 8% of 512, 4037 evals/s, 294 msg/s, 13.7 leaves/msg, 248s)
2026-08-08 03:28:47 [iter 19/40] self-play: 40/160 games...
2026-08-08 03:28:54   [GPU] 1,050,001 evals (25862 batches, avg 41/batch = 8% of 512, 3987 evals/s, 290 msg/s, 13.8 leaves/msg, 263s)
2026-08-08 03:29:11   [GPU] 1,100,035 evals (27441 batches, avg 40/batch = 8% of 512, 3934 evals/s, 286 msg/s, 13.8 leaves/msg, 280s)
2026-08-08 03:29:12 [iter 19/40] self-play: 45/160 games...
2026-08-08 03:29:25   [GPU] 1,150,025 evals (28886 batches, avg 40/batch = 8% of 512, 3906 evals/s, 284 msg/s, 13.8 leaves/msg, 294s)
2026-08-08 03:29:38   [GPU] 1,200,020 evals (30177 batches, avg 40/batch = 8% of 512, 3903 evals/s, 283 msg/s, 13.8 leaves/msg, 308s)
2026-08-08 03:29:49   [GPU] 1,250,006 evals (31302 batches, avg 40/batch = 8% of 512, 3928 evals/s, 284 msg/s, 13.8 leaves/msg, 318s)
2026-08-08 03:29:53 [iter 19/40] self-play: 50/160 games...
2026-08-08 03:30:01   [GPU] 1,300,037 evals (32527 batches, avg 40/batch = 8% of 512, 3939 evals/s, 285 msg/s, 13.8 leaves/msg, 330s)
2026-08-08 03:30:12   [GPU] 1,350,002 evals (33634 batches, avg 40/batch = 8% of 512, 3960 evals/s, 286 msg/s, 13.8 leaves/msg, 341s)
2026-08-08 03:30:23   [GPU] 1,400,056 evals (34807 batches, avg 40/batch = 8% of 512, 3976 evals/s, 288 msg/s, 13.8 leaves/msg, 352s)
2026-08-08 03:30:30 [iter 19/40] self-play: 55/160 games...
2026-08-08 03:30:33   [GPU] 1,450,005 evals (35912 batches, avg 40/batch = 8% of 512, 4000 evals/s, 289 msg/s, 13.8 leaves/msg, 362s)
2026-08-08 03:30:43   [GPU] 1,500,030 evals (36985 batches, avg 41/batch = 8% of 512, 4027 evals/s, 291 msg/s, 13.8 leaves/msg, 373s)
2026-08-08 03:30:55   [GPU] 1,550,039 evals (38218 batches, avg 41/batch = 8% of 512, 4035 evals/s, 292 msg/s, 13.8 leaves/msg, 384s)
2026-08-08 03:31:07   [GPU] 1,600,024 evals (39409 batches, avg 41/batch = 8% of 512, 4045 evals/s, 292 msg/s, 13.8 leaves/msg, 396s)
2026-08-08 03:31:13 [iter 19/40] self-play: 60/160 games...
2026-08-08 03:31:17   [GPU] 1,650,040 evals (40491 batches, avg 41/batch = 8% of 512, 4066 evals/s, 294 msg/s, 13.8 leaves/msg, 406s)
2026-08-08 03:31:28   [GPU] 1,700,004 evals (41676 batches, avg 41/batch = 8% of 512, 4075 evals/s, 295 msg/s, 13.8 leaves/msg, 417s)
2026-08-08 03:31:39   [GPU] 1,750,037 evals (42798 batches, avg 41/batch = 8% of 512, 4088 evals/s, 295 msg/s, 13.8 leaves/msg, 428s)
2026-08-08 03:31:49   [GPU] 1,800,041 evals (43829 batches, avg 41/batch = 8% of 512, 4109 evals/s, 297 msg/s, 13.9 leaves/msg, 438s)
2026-08-08 03:31:58 [iter 19/40] self-play: 65/160 games...
2026-08-08 03:31:59   [GPU] 1,850,067 evals (44841 batches, avg 41/batch = 8% of 512, 4129 evals/s, 298 msg/s, 13.8 leaves/msg, 448s)
2026-08-08 03:32:11   [GPU] 1,900,044 evals (46056 batches, avg 41/batch = 8% of 512, 4133 evals/s, 299 msg/s, 13.8 leaves/msg, 460s)
2026-08-08 03:32:19 [iter 19/40] self-play: 70/160 games...
2026-08-08 03:32:22   [GPU] 1,950,047 evals (47222 batches, avg 41/batch = 8% of 512, 4139 evals/s, 300 msg/s, 13.8 leaves/msg, 471s)
2026-08-08 03:32:34   [GPU] 2,000,043 evals (48451 batches, avg 41/batch = 8% of 512, 4140 evals/s, 300 msg/s, 13.8 leaves/msg, 483s)
2026-08-08 03:32:46   [GPU] 2,050,007 evals (49667 batches, avg 41/batch = 8% of 512, 4139 evals/s, 300 msg/s, 13.8 leaves/msg, 495s)
2026-08-08 03:32:58   [GPU] 2,100,000 evals (50891 batches, avg 41/batch = 8% of 512, 4139 evals/s, 299 msg/s, 13.8 leaves/msg, 507s)
2026-08-08 03:32:58 [iter 19/40] self-play: 75/160 games...
2026-08-08 03:33:09   [GPU] 2,150,029 evals (51942 batches, avg 41/batch = 8% of 512, 4152 evals/s, 300 msg/s, 13.8 leaves/msg, 518s)
2026-08-08 03:33:19   [GPU] 2,200,012 evals (53020 batches, avg 41/batch = 8% of 512, 4164 evals/s, 301 msg/s, 13.8 leaves/msg, 528s)
2026-08-08 03:33:31   [GPU] 2,250,019 evals (54185 batches, avg 42/batch = 8% of 512, 4165 evals/s, 301 msg/s, 13.8 leaves/msg, 540s)
2026-08-08 03:33:37 [iter 19/40] self-play: 80/160 games...
2026-08-08 03:33:42   [GPU] 2,300,008 evals (55298 batches, avg 42/batch = 8% of 512, 4176 evals/s, 302 msg/s, 13.8 leaves/msg, 551s)
2026-08-08 03:33:52   [GPU] 2,350,017 evals (56426 batches, avg 42/batch = 8% of 512, 4186 evals/s, 303 msg/s, 13.8 leaves/msg, 561s)
2026-08-08 03:34:04   [GPU] 2,400,030 evals (57665 batches, avg 42/batch = 8% of 512, 4185 evals/s, 303 msg/s, 13.8 leaves/msg, 574s)
2026-08-08 03:34:11 [iter 19/40] self-play: 85/160 games...
2026-08-08 03:34:16   [GPU] 2,450,004 evals (58828 batches, avg 42/batch = 8% of 512, 4189 evals/s, 303 msg/s, 13.8 leaves/msg, 585s)
2026-08-08 03:34:28   [GPU] 2,500,017 evals (60053 batches, avg 42/batch = 8% of 512, 4190 evals/s, 303 msg/s, 13.8 leaves/msg, 597s)
2026-08-08 03:34:35 [iter 19/40] self-play: 90/160 games...
2026-08-08 03:34:39   [GPU] 2,550,039 evals (61229 batches, avg 42/batch = 8% of 512, 4194 evals/s, 304 msg/s, 13.8 leaves/msg, 608s)
2026-08-08 03:34:51   [GPU] 2,600,003 evals (62504 batches, avg 42/batch = 8% of 512, 4191 evals/s, 304 msg/s, 13.8 leaves/msg, 620s)
2026-08-08 03:35:03   [GPU] 2,650,013 evals (63723 batches, avg 42/batch = 8% of 512, 4192 evals/s, 304 msg/s, 13.8 leaves/msg, 632s)
2026-08-08 03:35:15 [iter 19/40] self-play: 95/160 games...
2026-08-08 03:35:17   [GPU] 2,700,001 evals (65157 batches, avg 41/batch = 8% of 512, 4181 evals/s, 304 msg/s, 13.8 leaves/msg, 646s)
2026-08-08 03:35:29   [GPU] 2,750,005 evals (66424 batches, avg 41/batch = 8% of 512, 4181 evals/s, 304 msg/s, 13.8 leaves/msg, 658s)
2026-08-08 03:35:43   [GPU] 2,800,019 evals (67851 batches, avg 41/batch = 8% of 512, 4167 evals/s, 303 msg/s, 13.7 leaves/msg, 672s)
2026-08-08 03:35:56   [GPU] 2,850,052 evals (69149 batches, avg 41/batch = 8% of 512, 4163 evals/s, 303 msg/s, 13.7 leaves/msg, 685s)
2026-08-08 03:36:04 [iter 19/40] self-play: 100/160 games...
2026-08-08 03:36:06   [GPU] 2,900,008 evals (70268 batches, avg 41/batch = 8% of 512, 4171 evals/s, 304 msg/s, 13.7 leaves/msg, 695s)
2026-08-08 03:36:18   [GPU] 2,950,021 evals (71466 batches, avg 41/batch = 8% of 512, 4172 evals/s, 304 msg/s, 13.7 leaves/msg, 707s)
2026-08-08 03:36:28 [iter 19/40] self-play: 105/160 games...
2026-08-08 03:36:29   [GPU] 3,000,011 evals (72612 batches, avg 41/batch = 8% of 512, 4178 evals/s, 305 msg/s, 13.7 leaves/msg, 718s)
2026-08-08 03:36:42   [GPU] 3,050,004 evals (73956 batches, avg 41/batch = 8% of 512, 4170 evals/s, 305 msg/s, 13.7 leaves/msg, 731s)
2026-08-08 03:36:49 [iter 19/40] self-play: 110/160 games...
2026-08-08 03:36:56   [GPU] 3,100,019 evals (75273 batches, avg 41/batch = 8% of 512, 4163 evals/s, 304 msg/s, 13.7 leaves/msg, 745s)
2026-08-08 03:37:08   [GPU] 3,150,022 evals (76441 batches, avg 41/batch = 8% of 512, 4163 evals/s, 304 msg/s, 13.7 leaves/msg, 757s)
2026-08-08 03:37:21   [GPU] 3,200,025 evals (77682 batches, avg 41/batch = 8% of 512, 4158 evals/s, 304 msg/s, 13.7 leaves/msg, 770s)
2026-08-08 03:37:22 [iter 19/40] self-play: 115/160 games...
2026-08-08 03:37:32   [GPU] 3,250,011 evals (78850 batches, avg 41/batch = 8% of 512, 4162 evals/s, 304 msg/s, 13.7 leaves/msg, 781s)
2026-08-08 03:37:44   [GPU] 3,300,022 evals (80061 batches, avg 41/batch = 8% of 512, 4163 evals/s, 304 msg/s, 13.7 leaves/msg, 793s)
2026-08-08 03:37:56   [GPU] 3,350,036 evals (81306 batches, avg 41/batch = 8% of 512, 4161 evals/s, 304 msg/s, 13.7 leaves/msg, 805s)
2026-08-08 03:38:02 [iter 19/40] self-play: 120/160 games...
2026-08-08 03:38:07   [GPU] 3,400,074 evals (82459 batches, avg 41/batch = 8% of 512, 4165 evals/s, 304 msg/s, 13.7 leaves/msg, 816s)
2026-08-08 03:38:19   [GPU] 3,450,000 evals (83642 batches, avg 41/batch = 8% of 512, 4165 evals/s, 304 msg/s, 13.7 leaves/msg, 828s)
2026-08-08 03:38:31   [GPU] 3,500,016 evals (84809 batches, avg 41/batch = 8% of 512, 4167 evals/s, 304 msg/s, 13.7 leaves/msg, 840s)
2026-08-08 03:38:36 [iter 19/40] self-play: 125/160 games...
2026-08-08 03:38:42   [GPU] 3,550,004 evals (85939 batches, avg 41/batch = 8% of 512, 4173 evals/s, 304 msg/s, 13.7 leaves/msg, 851s)
2026-08-08 03:38:53   [GPU] 3,600,000 evals (87127 batches, avg 41/batch = 8% of 512, 4176 evals/s, 305 msg/s, 13.7 leaves/msg, 862s)
2026-08-08 03:38:55 [iter 19/40] self-play: 130/160 games...
2026-08-08 03:39:04   [GPU] 3,650,016 evals (88347 batches, avg 41/batch = 8% of 512, 4179 evals/s, 305 msg/s, 13.7 leaves/msg, 873s)
2026-08-08 03:39:15   [GPU] 3,700,058 evals (89481 batches, avg 41/batch = 8% of 512, 4186 evals/s, 305 msg/s, 13.7 leaves/msg, 884s)
2026-08-08 03:39:16 [iter 19/40] self-play: 135/160 games...
2026-08-08 03:39:27   [GPU] 3,750,025 evals (90700 batches, avg 41/batch = 8% of 512, 4187 evals/s, 305 msg/s, 13.7 leaves/msg, 896s)
2026-08-08 03:39:38   [GPU] 3,800,076 evals (91870 batches, avg 41/batch = 8% of 512, 4191 evals/s, 305 msg/s, 13.7 leaves/msg, 907s)
2026-08-08 03:39:44 [iter 19/40] self-play: 140/160 games...
2026-08-08 03:39:50   [GPU] 3,850,006 evals (93184 batches, avg 41/batch = 8% of 512, 4189 evals/s, 306 msg/s, 13.7 leaves/msg, 919s)
2026-08-08 03:40:03   [GPU] 3,900,015 evals (94600 batches, avg 41/batch = 8% of 512, 4183 evals/s, 305 msg/s, 13.7 leaves/msg, 932s)
2026-08-08 03:40:15 [iter 19/40] self-play: 145/160 games...
2026-08-08 03:40:15   [GPU] 3,950,043 evals (95832 batches, avg 41/batch = 8% of 512, 4183 evals/s, 305 msg/s, 13.7 leaves/msg, 944s)
2026-08-08 03:40:29   [GPU] 4,000,025 evals (97178 batches, avg 41/batch = 8% of 512, 4176 evals/s, 305 msg/s, 13.7 leaves/msg, 958s)
2026-08-08 03:40:36 [iter 19/40] self-play: 150/160 games...
2026-08-08 03:40:41   [GPU] 4,050,007 evals (98438 batches, avg 41/batch = 8% of 512, 4173 evals/s, 304 msg/s, 13.7 leaves/msg, 970s)
2026-08-08 03:40:54   [GPU] 4,100,027 evals (99736 batches, avg 41/batch = 8% of 512, 4171 evals/s, 304 msg/s, 13.7 leaves/msg, 983s)
2026-08-08 03:41:06   [GPU] 4,150,025 evals (100984 batches, avg 41/batch = 8% of 512, 4171 evals/s, 304 msg/s, 13.7 leaves/msg, 995s)
2026-08-08 03:41:20   [GPU] 4,200,002 evals (102343 batches, avg 41/batch = 8% of 512, 4164 evals/s, 303 msg/s, 13.7 leaves/msg, 1009s)
2026-08-08 03:41:29 [iter 19/40] self-play: 155/160 games...
2026-08-08 03:41:35   [GPU] 4,250,016 evals (103703 batches, avg 41/batch = 8% of 512, 4152 evals/s, 302 msg/s, 13.7 leaves/msg, 1024s)
2026-08-08 03:41:54   [GPU] 4,300,033 evals (105361 batches, avg 41/batch = 8% of 512, 4122 evals/s, 300 msg/s, 13.7 leaves/msg, 1043s)
2026-08-08 03:42:11   [GPU] 4,350,006 evals (106982 batches, avg 41/batch = 8% of 512, 4104 evals/s, 298 msg/s, 13.8 leaves/msg, 1060s)
2026-08-08 03:42:41   [GPU] 4,400,010 evals (109220 batches, avg 40/batch = 8% of 512, 4036 evals/s, 294 msg/s, 13.7 leaves/msg, 1090s)
2026-08-08 03:43:17   [GPU] 4,450,022 evals (111623 batches, avg 40/batch = 8% of 512, 3951 evals/s, 287 msg/s, 13.8 leaves/msg, 1126s)
2026-08-08 03:43:39 [iter 19/40] self-play: 160/160 games...
2026-08-08 03:43:40 [iter 19/40] self-play done: 160 games (1149s) | wins: P0=32, P1=42, P2=25, P3=39, draw=22 | draw_rate=14% avg_len~23
2026-08-08 03:43:40 [iter 19/40] search: expanded=6.7 actions/node visits/action=89.2 walls/game=6.01 first_wall_ply=1.587 learner_sims/s=4249.69
2026-08-08 03:43:40 [iter 19/40] training (600 steps, lr=6.20e-04)...
2026-08-08 03:43:47 [iter 19/40] training done: loss_p=1.391 loss_v=0.136 (7s)
2026-08-08 03:43:49 [iter 19/40] data: policy_wall_mass=0.143 walled_states=59% walls_on_board=17.8 value_mae walled=0.186 free=0.326
2026-08-08 03:43:50 [iter 19/40] eval skipped (eval_every=4)
2026-08-08 03:43:50 >>> iter 19 | loss_p=1.391 loss_v=0.136 | vs_best=n/a (not evaluated) | vs_rand=n/a | draw=14% | buf=100000 | rss=3.28GB | sp=1149s train=7s eval_best=0s eval_rand=0s | total=1159s
2026-08-08 03:43:50 [iter 20/40] self-play starting (160 games, 600 sims, MIXED 80/160 race-only)...
2026-08-08 03:43:50 [PARALLEL-MP] 8 workers spawned (160 games, sims=600), GPU batcher starting...
2026-08-08 03:44:07   [GPU] 50,011 evals (1535 batches, avg 33/batch = 6% of 512, 2934 evals/s, 221 msg/s, 13.3 leaves/msg, 17s)
2026-08-08 03:44:09 [iter 20/40] self-play: 5/160 games...
2026-08-08 03:44:22 [iter 20/40] self-play: 10/160 games...
2026-08-08 03:44:23   [GPU] 100,045 evals (3110 batches, avg 32/batch = 6% of 512, 3037 evals/s, 233 msg/s, 13.1 leaves/msg, 33s)
2026-08-08 03:44:42   [GPU] 150,000 evals (4843 batches, avg 31/batch = 6% of 512, 2895 evals/s, 221 msg/s, 13.1 leaves/msg, 52s)
2026-08-08 03:44:43 [iter 20/40] self-play: 15/160 games...
2026-08-08 03:44:59   [GPU] 200,016 evals (6429 batches, avg 31/batch = 6% of 512, 2895 evals/s, 218 msg/s, 13.3 leaves/msg, 69s)
2026-08-08 03:45:15   [GPU] 250,045 evals (7814 batches, avg 32/batch = 6% of 512, 2954 evals/s, 219 msg/s, 13.5 leaves/msg, 85s)
2026-08-08 03:45:27   [GPU] 300,003 evals (8995 batches, avg 33/batch = 7% of 512, 3114 evals/s, 228 msg/s, 13.7 leaves/msg, 96s)
2026-08-08 03:45:36 [iter 20/40] self-play: 20/160 games...
2026-08-08 03:45:37   [GPU] 350,020 evals (10074 batches, avg 35/batch = 7% of 512, 3274 evals/s, 239 msg/s, 13.7 leaves/msg, 107s)
2026-08-08 03:45:48   [GPU] 400,039 evals (11143 batches, avg 36/batch = 7% of 512, 3409 evals/s, 247 msg/s, 13.8 leaves/msg, 117s)
2026-08-08 03:45:58   [GPU] 450,051 evals (12234 batches, avg 37/batch = 7% of 512, 3516 evals/s, 254 msg/s, 13.9 leaves/msg, 128s)
2026-08-08 03:46:09   [GPU] 500,041 evals (13355 batches, avg 37/batch = 7% of 512, 3592 evals/s, 258 msg/s, 13.9 leaves/msg, 139s)
2026-08-08 03:46:19   [GPU] 550,003 evals (14392 batches, avg 38/batch = 7% of 512, 3687 evals/s, 264 msg/s, 14.0 leaves/msg, 149s)
2026-08-08 03:46:29   [GPU] 600,007 evals (15390 batches, avg 39/batch = 8% of 512, 3781 evals/s, 270 msg/s, 14.0 leaves/msg, 159s)
2026-08-08 03:46:36 [iter 20/40] self-play: 25/160 games...
2026-08-08 03:46:38   [GPU] 650,045 evals (16392 batches, avg 40/batch = 8% of 512, 3865 evals/s, 276 msg/s, 14.0 leaves/msg, 168s)
2026-08-08 03:46:48   [GPU] 700,034 evals (17384 batches, avg 40/batch = 8% of 512, 3943 evals/s, 281 msg/s, 14.1 leaves/msg, 178s)
2026-08-08 03:46:57   [GPU] 750,012 evals (18344 batches, avg 41/batch = 8% of 512, 4018 evals/s, 285 msg/s, 14.1 leaves/msg, 187s)
2026-08-08 03:47:06   [GPU] 800,055 evals (19298 batches, avg 41/batch = 8% of 512, 4087 evals/s, 290 msg/s, 14.1 leaves/msg, 196s)
2026-08-08 03:47:16   [GPU] 850,041 evals (20354 batches, avg 42/batch = 8% of 512, 4136 evals/s, 294 msg/s, 14.1 leaves/msg, 206s)
2026-08-08 03:47:25 [iter 20/40] self-play: 30/160 games...
2026-08-08 03:47:26   [GPU] 900,015 evals (21402 batches, avg 42/batch = 8% of 512, 4174 evals/s, 297 msg/s, 14.1 leaves/msg, 216s)
2026-08-08 03:47:37   [GPU] 950,014 evals (22535 batches, avg 42/batch = 8% of 512, 4198 evals/s, 299 msg/s, 14.0 leaves/msg, 226s)
2026-08-08 03:47:42 [iter 20/40] self-play: 35/160 games...
2026-08-08 03:47:48   [GPU] 1,000,037 evals (23733 batches, avg 42/batch = 8% of 512, 4207 evals/s, 301 msg/s, 14.0 leaves/msg, 238s)
2026-08-08 03:48:01   [GPU] 1,050,030 evals (25066 batches, avg 42/batch = 8% of 512, 4192 evals/s, 301 msg/s, 13.9 leaves/msg, 250s)
2026-08-08 03:48:02 [iter 20/40] self-play: 40/160 games...
2026-08-08 03:48:15   [GPU] 1,100,030 evals (26506 batches, avg 42/batch = 8% of 512, 4155 evals/s, 298 msg/s, 13.9 leaves/msg, 265s)
2026-08-08 03:48:25 [iter 20/40] self-play: 45/160 games...
2026-08-08 03:48:30   [GPU] 1,150,017 evals (27994 batches, avg 41/batch = 8% of 512, 4111 evals/s, 296 msg/s, 13.9 leaves/msg, 280s)
2026-08-08 03:48:45   [GPU] 1,200,027 evals (29456 batches, avg 41/batch = 8% of 512, 4066 evals/s, 293 msg/s, 13.9 leaves/msg, 295s)
2026-08-08 03:48:47 [iter 20/40] self-play: 50/160 games...
2026-08-08 03:49:00   [GPU] 1,250,014 evals (30852 batches, avg 41/batch = 8% of 512, 4030 evals/s, 290 msg/s, 13.9 leaves/msg, 310s)
2026-08-08 03:49:12   [GPU] 1,300,033 evals (32045 batches, avg 41/batch = 8% of 512, 4038 evals/s, 290 msg/s, 13.9 leaves/msg, 322s)
2026-08-08 03:49:24   [GPU] 1,350,018 evals (33276 batches, avg 41/batch = 8% of 512, 4046 evals/s, 291 msg/s, 13.9 leaves/msg, 334s)
2026-08-08 03:49:30 [iter 20/40] self-play: 55/160 games...
2026-08-08 03:49:38   [GPU] 1,400,060 evals (34627 batches, avg 40/batch = 8% of 512, 4031 evals/s, 290 msg/s, 13.9 leaves/msg, 347s)
2026-08-08 03:49:51   [GPU] 1,450,012 evals (35942 batches, avg 40/batch = 8% of 512, 4019 evals/s, 289 msg/s, 13.9 leaves/msg, 361s)
2026-08-08 03:50:04   [GPU] 1,500,003 evals (37226 batches, avg 40/batch = 8% of 512, 4011 evals/s, 288 msg/s, 13.9 leaves/msg, 374s)
2026-08-08 03:50:12 [iter 20/40] self-play: 60/160 games...
2026-08-08 03:50:16   [GPU] 1,550,012 evals (38435 batches, avg 40/batch = 8% of 512, 4018 evals/s, 289 msg/s, 13.9 leaves/msg, 386s)
2026-08-08 03:50:28   [GPU] 1,600,042 evals (39738 batches, avg 40/batch = 8% of 512, 4020 evals/s, 289 msg/s, 13.9 leaves/msg, 398s)
2026-08-08 03:50:33 [iter 20/40] self-play: 65/160 games...
2026-08-08 03:50:39   [GPU] 1,650,020 evals (40890 batches, avg 40/batch = 8% of 512, 4037 evals/s, 290 msg/s, 13.9 leaves/msg, 409s)
2026-08-08 03:50:51   [GPU] 1,700,039 evals (42164 batches, avg 40/batch = 8% of 512, 4040 evals/s, 290 msg/s, 13.9 leaves/msg, 421s)
2026-08-08 03:51:02   [GPU] 1,750,032 evals (43315 batches, avg 40/batch = 8% of 512, 4054 evals/s, 291 msg/s, 13.9 leaves/msg, 432s)
2026-08-08 03:51:10 [iter 20/40] self-play: 70/160 games...
2026-08-08 03:51:14   [GPU] 1,800,030 evals (44567 batches, avg 40/batch = 8% of 512, 4057 evals/s, 292 msg/s, 13.9 leaves/msg, 444s)
2026-08-08 03:51:25   [GPU] 1,850,050 evals (45754 batches, avg 40/batch = 8% of 512, 4067 evals/s, 292 msg/s, 13.9 leaves/msg, 455s)
2026-08-08 03:51:35   [GPU] 1,900,027 evals (46809 batches, avg 41/batch = 8% of 512, 4087 evals/s, 294 msg/s, 13.9 leaves/msg, 465s)
2026-08-08 03:51:45   [GPU] 1,950,008 evals (47888 batches, avg 41/batch = 8% of 512, 4105 evals/s, 296 msg/s, 13.9 leaves/msg, 475s)
2026-08-08 03:51:56   [GPU] 2,000,036 evals (49070 batches, avg 41/batch = 8% of 512, 4114 evals/s, 296 msg/s, 13.9 leaves/msg, 486s)
2026-08-08 03:51:59 [iter 20/40] self-play: 75/160 games...
2026-08-08 03:52:07   [GPU] 2,050,003 evals (50161 batches, avg 41/batch = 8% of 512, 4129 evals/s, 297 msg/s, 13.9 leaves/msg, 497s)
2026-08-08 03:52:17   [GPU] 2,100,034 evals (51290 batches, avg 41/batch = 8% of 512, 4141 evals/s, 298 msg/s, 13.9 leaves/msg, 507s)
2026-08-08 03:52:29   [GPU] 2,150,020 evals (52502 batches, avg 41/batch = 8% of 512, 4144 evals/s, 299 msg/s, 13.9 leaves/msg, 519s)
2026-08-08 03:52:34 [iter 20/40] self-play: 80/160 games...
2026-08-08 03:52:40   [GPU] 2,200,006 evals (53627 batches, avg 41/batch = 8% of 512, 4154 evals/s, 300 msg/s, 13.9 leaves/msg, 530s)
2026-08-08 03:52:51 [iter 20/40] self-play: 85/160 games...
2026-08-08 03:52:52   [GPU] 2,250,007 evals (54871 batches, avg 41/batch = 8% of 512, 4156 evals/s, 300 msg/s, 13.8 leaves/msg, 541s)
2026-08-08 03:53:04 [iter 20/40] self-play: 90/160 games...
2026-08-08 03:53:05   [GPU] 2,300,058 evals (56236 batches, avg 41/batch = 8% of 512, 4146 evals/s, 301 msg/s, 13.8 leaves/msg, 555s)
2026-08-08 03:53:19   [GPU] 2,350,023 evals (57655 batches, avg 41/batch = 8% of 512, 4134 evals/s, 300 msg/s, 13.8 leaves/msg, 569s)
2026-08-08 03:53:23 [iter 20/40] self-play: 95/160 games...
2026-08-08 03:53:33   [GPU] 2,400,019 evals (59128 batches, avg 41/batch = 8% of 512, 4116 evals/s, 299 msg/s, 13.8 leaves/msg, 583s)
2026-08-08 03:53:47   [GPU] 2,450,034 evals (60525 batches, avg 40/batch = 8% of 512, 4105 evals/s, 298 msg/s, 13.8 leaves/msg, 597s)
2026-08-08 03:53:59   [GPU] 2,500,048 evals (61754 batches, avg 40/batch = 8% of 512, 4104 evals/s, 297 msg/s, 13.8 leaves/msg, 609s)
2026-08-08 03:54:09   [GPU] 2,550,042 evals (62805 batches, avg 41/batch = 8% of 512, 4118 evals/s, 298 msg/s, 13.8 leaves/msg, 619s)
2026-08-08 03:54:15 [iter 20/40] self-play: 100/160 games...
2026-08-08 03:54:19   [GPU] 2,600,040 evals (63825 batches, avg 41/batch = 8% of 512, 4133 evals/s, 299 msg/s, 13.8 leaves/msg, 629s)
2026-08-08 03:54:31   [GPU] 2,650,006 evals (64983 batches, avg 41/batch = 8% of 512, 4138 evals/s, 299 msg/s, 13.8 leaves/msg, 640s)
2026-08-08 03:54:41   [GPU] 2,700,013 evals (66099 batches, avg 41/batch = 8% of 512, 4147 evals/s, 300 msg/s, 13.8 leaves/msg, 651s)
2026-08-08 03:54:47 [iter 20/40] self-play: 105/160 games...
2026-08-08 03:54:53   [GPU] 2,750,053 evals (67168 batches, avg 41/batch = 8% of 512, 4152 evals/s, 300 msg/s, 13.8 leaves/msg, 662s)
2026-08-08 03:55:05   [GPU] 2,800,000 evals (68290 batches, avg 41/batch = 8% of 512, 4152 evals/s, 300 msg/s, 13.8 leaves/msg, 674s)
2026-08-08 03:55:17   [GPU] 2,850,026 evals (69447 batches, avg 41/batch = 8% of 512, 4149 evals/s, 300 msg/s, 13.9 leaves/msg, 687s)
2026-08-08 03:55:28   [GPU] 2,900,028 evals (70523 batches, avg 41/batch = 8% of 512, 4157 evals/s, 300 msg/s, 13.9 leaves/msg, 698s)
2026-08-08 03:55:38   [GPU] 2,950,071 evals (71592 batches, avg 41/batch = 8% of 512, 4169 evals/s, 301 msg/s, 13.9 leaves/msg, 708s)
2026-08-08 03:55:41 [iter 20/40] self-play: 110/160 games...
2026-08-08 03:55:49   [GPU] 3,000,014 evals (72808 batches, avg 41/batch = 8% of 512, 4172 evals/s, 301 msg/s, 13.9 leaves/msg, 719s)
2026-08-08 03:56:01   [GPU] 3,050,045 evals (73965 batches, avg 41/batch = 8% of 512, 4177 evals/s, 301 msg/s, 13.9 leaves/msg, 730s)
2026-08-08 03:56:11   [GPU] 3,100,059 evals (75015 batches, avg 41/batch = 8% of 512, 4187 evals/s, 302 msg/s, 13.9 leaves/msg, 740s)
2026-08-08 03:56:16 [iter 20/40] self-play: 115/160 games...
2026-08-08 03:56:22   [GPU] 3,150,039 evals (76234 batches, avg 41/batch = 8% of 512, 4187 evals/s, 303 msg/s, 13.8 leaves/msg, 752s)
2026-08-08 03:56:33 [iter 20/40] self-play: 120/160 games...
2026-08-08 03:56:35   [GPU] 3,200,028 evals (77509 batches, avg 41/batch = 8% of 512, 4186 evals/s, 303 msg/s, 13.8 leaves/msg, 765s)
2026-08-08 03:56:47   [GPU] 3,250,003 evals (78834 batches, avg 41/batch = 8% of 512, 4182 evals/s, 302 msg/s, 13.8 leaves/msg, 777s)
2026-08-08 03:56:52 [iter 20/40] self-play: 125/160 games...
2026-08-08 03:57:01   [GPU] 3,300,019 evals (80256 batches, avg 41/batch = 8% of 512, 4171 evals/s, 302 msg/s, 13.8 leaves/msg, 791s)
2026-08-08 03:57:14   [GPU] 3,350,002 evals (81592 batches, avg 41/batch = 8% of 512, 4166 evals/s, 301 msg/s, 13.8 leaves/msg, 804s)
2026-08-08 03:57:20 [iter 20/40] self-play: 130/160 games...
2026-08-08 03:57:29   [GPU] 3,400,029 evals (82985 batches, avg 41/batch = 8% of 512, 4153 evals/s, 300 msg/s, 13.8 leaves/msg, 819s)
2026-08-08 03:57:40   [GPU] 3,450,013 evals (84098 batches, avg 41/batch = 8% of 512, 4159 evals/s, 301 msg/s, 13.8 leaves/msg, 830s)
2026-08-08 03:57:49   [GPU] 3,500,011 evals (85078 batches, avg 41/batch = 8% of 512, 4173 evals/s, 302 msg/s, 13.8 leaves/msg, 839s)
2026-08-08 03:57:59   [GPU] 3,550,020 evals (86080 batches, avg 41/batch = 8% of 512, 4185 evals/s, 302 msg/s, 13.8 leaves/msg, 848s)
2026-08-08 03:58:08   [GPU] 3,600,023 evals (87108 batches, avg 41/batch = 8% of 512, 4196 evals/s, 303 msg/s, 13.8 leaves/msg, 858s)
2026-08-08 03:58:19   [GPU] 3,650,008 evals (88200 batches, avg 41/batch = 8% of 512, 4203 evals/s, 304 msg/s, 13.8 leaves/msg, 868s)
2026-08-08 03:58:26 [iter 20/40] self-play: 135/160 games...
2026-08-08 03:58:28   [GPU] 3,700,073 evals (89261 batches, avg 41/batch = 8% of 512, 4213 evals/s, 305 msg/s, 13.8 leaves/msg, 878s)
2026-08-08 03:58:38   [GPU] 3,750,010 evals (90292 batches, avg 42/batch = 8% of 512, 4223 evals/s, 306 msg/s, 13.8 leaves/msg, 888s)
2026-08-08 03:58:49   [GPU] 3,800,027 evals (91400 batches, avg 42/batch = 8% of 512, 4230 evals/s, 306 msg/s, 13.8 leaves/msg, 898s)
2026-08-08 03:58:59 [iter 20/40] self-play: 140/160 games...
2026-08-08 03:59:00   [GPU] 3,850,029 evals (92550 batches, avg 42/batch = 8% of 512, 4234 evals/s, 307 msg/s, 13.8 leaves/msg, 909s)
2026-08-08 03:59:10   [GPU] 3,900,009 evals (93639 batches, avg 42/batch = 8% of 512, 4241 evals/s, 307 msg/s, 13.8 leaves/msg, 920s)
2026-08-08 03:59:22   [GPU] 3,950,017 evals (94820 batches, avg 42/batch = 8% of 512, 4242 evals/s, 307 msg/s, 13.8 leaves/msg, 931s)
2026-08-08 03:59:33 [iter 20/40] self-play: 145/160 games...
2026-08-08 03:59:33   [GPU] 4,000,018 evals (96065 batches, avg 42/batch = 8% of 512, 4241 evals/s, 308 msg/s, 13.8 leaves/msg, 943s)
2026-08-08 03:59:46   [GPU] 4,050,038 evals (97370 batches, avg 42/batch = 8% of 512, 4238 evals/s, 308 msg/s, 13.8 leaves/msg, 956s)
2026-08-08 03:59:48 [iter 20/40] self-play: 150/160 games...
2026-08-08 03:59:59   [GPU] 4,100,013 evals (98696 batches, avg 42/batch = 8% of 512, 4233 evals/s, 308 msg/s, 13.8 leaves/msg, 969s)
2026-08-08 04:00:09 [iter 20/40] self-play: 155/160 games...
2026-08-08 04:00:17   [GPU] 4,150,001 evals (100381 batches, avg 41/batch = 8% of 512, 4207 evals/s, 306 msg/s, 13.7 leaves/msg, 986s)
2026-08-08 04:00:35   [GPU] 4,200,014 evals (102121 batches, avg 41/batch = 8% of 512, 4181 evals/s, 304 msg/s, 13.8 leaves/msg, 1004s)
2026-08-08 04:00:52   [GPU] 4,250,005 evals (103858 batches, avg 41/batch = 8% of 512, 4158 evals/s, 302 msg/s, 13.8 leaves/msg, 1022s)
2026-08-08 04:01:16   [GPU] 4,300,010 evals (105910 batches, avg 41/batch = 8% of 512, 4113 evals/s, 299 msg/s, 13.7 leaves/msg, 1045s)
2026-08-08 04:02:22   [GPU] 4,350,006 evals (109310 batches, avg 40/batch = 8% of 512, 3914 evals/s, 285 msg/s, 13.7 leaves/msg, 1111s)
2026-08-08 04:03:10 [iter 20/40] self-play: 160/160 games...
2026-08-08 04:03:11 [iter 20/40] self-play done: 160 games (1160s) | wins: P0=32, P1=44, P2=32, P3=29, draw=23 | draw_rate=14% avg_len~21
2026-08-08 04:03:11 [iter 20/40] search: expanded=6.7 actions/node visits/action=89.2 walls/game=5.90 first_wall_ply=1.55 learner_sims/s=4136.8
2026-08-08 04:03:11 [iter 20/40] training (600 steps, lr=5.85e-04)...
2026-08-08 04:03:18 [iter 20/40] training done: loss_p=1.373 loss_v=0.134 (8s)
2026-08-08 04:03:20 [iter 20/40] data: policy_wall_mass=0.142 walled_states=56% walls_on_board=16.3 value_mae walled=0.189 free=0.354
2026-08-08 04:03:22 [iter 20/40] eval vs best (40 games, 600 sims)...
2026-08-08 04:03:22 [EVAL-MP] 8 workers spawned (40 vs_best games, sims=600), GPU batcher starting...
2026-08-08 04:03:53   [GPU] 50,008 evals (1648 batches, avg 30/batch = 6% of 512, 1607 evals/s, 104 msg/s, 15.4 leaves/msg, 31s)
2026-08-08 04:04:19   [GPU] 100,017 evals (3396 batches, avg 29/batch = 6% of 512, 1758 evals/s, 114 msg/s, 15.4 leaves/msg, 57s)
2026-08-08 04:04:40   [GPU] 150,014 evals (5026 batches, avg 30/batch = 6% of 512, 1926 evals/s, 125 msg/s, 15.4 leaves/msg, 78s)
2026-08-08 04:04:55   [GPU] 200,011 evals (6397 batches, avg 31/batch = 6% of 512, 2132 evals/s, 139 msg/s, 15.3 leaves/msg, 94s)
2026-08-08 04:05:10   [GPU] 250,019 evals (7617 batches, avg 33/batch = 6% of 512, 2314 evals/s, 152 msg/s, 15.3 leaves/msg, 108s)
2026-08-08 04:05:23   [GPU] 300,028 evals (8805 batches, avg 34/batch = 7% of 512, 2463 evals/s, 162 msg/s, 15.2 leaves/msg, 122s)
2026-08-08 04:05:36   [GPU] 350,001 evals (9891 batches, avg 35/batch = 7% of 512, 2611 evals/s, 172 msg/s, 15.1 leaves/msg, 134s)
2026-08-08 04:05:47   [GPU] 400,023 evals (10922 batches, avg 37/batch = 7% of 512, 2743 evals/s, 182 msg/s, 15.1 leaves/msg, 146s)
2026-08-08 04:05:59   [GPU] 450,058 evals (11916 batches, avg 38/batch = 7% of 512, 2861 evals/s, 191 msg/s, 15.0 leaves/msg, 157s)
2026-08-08 04:06:10   [GPU] 500,024 evals (12897 batches, avg 39/batch = 8% of 512, 2967 evals/s, 199 msg/s, 14.9 leaves/msg, 169s)
2026-08-08 04:06:21   [GPU] 550,009 evals (13878 batches, avg 40/batch = 8% of 512, 3059 evals/s, 205 msg/s, 14.9 leaves/msg, 180s)
2026-08-08 04:06:33   [GPU] 600,040 evals (14864 batches, avg 40/batch = 8% of 512, 3141 evals/s, 211 msg/s, 14.9 leaves/msg, 191s)
2026-08-08 04:06:44   [GPU] 650,012 evals (15843 batches, avg 41/batch = 8% of 512, 3212 evals/s, 217 msg/s, 14.8 leaves/msg, 202s)
2026-08-08 04:06:55   [GPU] 700,036 evals (16825 batches, avg 42/batch = 8% of 512, 3280 evals/s, 222 msg/s, 14.8 leaves/msg, 213s)
2026-08-08 04:07:07   [GPU] 750,056 evals (17807 batches, avg 42/batch = 8% of 512, 3335 evals/s, 226 msg/s, 14.8 leaves/msg, 225s)
2026-08-08 04:07:17   [GPU] 800,037 evals (18800 batches, avg 43/batch = 8% of 512, 3393 evals/s, 230 msg/s, 14.7 leaves/msg, 236s)
2026-08-08 04:07:30   [GPU] 850,001 evals (19943 batches, avg 43/batch = 8% of 512, 3424 evals/s, 234 msg/s, 14.6 leaves/msg, 248s)
2026-08-08 04:07:43 [iter 20/40] eval vs best: 5/40 games (261s, cand 0%)
2026-08-08 04:07:49   [GPU] 900,016 evals (21564 batches, avg 42/batch = 8% of 512, 3365 evals/s, 232 msg/s, 14.5 leaves/msg, 267s)
2026-08-08 04:08:12   [GPU] 950,051 evals (23305 batches, avg 41/batch = 8% of 512, 3272 evals/s, 225 msg/s, 14.5 leaves/msg, 290s)
2026-08-08 04:08:34   [GPU] 1,000,019 evals (24967 batches, avg 40/batch = 8% of 512, 3202 evals/s, 220 msg/s, 14.6 leaves/msg, 312s)
2026-08-08 04:08:58   [GPU] 1,050,043 evals (26672 batches, avg 39/batch = 8% of 512, 3126 evals/s, 214 msg/s, 14.6 leaves/msg, 336s)
2026-08-08 04:09:17   [GPU] 1,100,009 evals (28217 batches, avg 39/batch = 8% of 512, 3097 evals/s, 212 msg/s, 14.6 leaves/msg, 355s)
2026-08-08 04:09:33   [GPU] 1,150,019 evals (29643 batches, avg 39/batch = 8% of 512, 3094 evals/s, 212 msg/s, 14.6 leaves/msg, 372s)
2026-08-08 04:09:48   [GPU] 1,200,023 evals (30947 batches, avg 39/batch = 8% of 512, 3103 evals/s, 212 msg/s, 14.6 leaves/msg, 387s)
2026-08-08 04:10:03   [GPU] 1,250,004 evals (32228 batches, avg 39/batch = 8% of 512, 3113 evals/s, 213 msg/s, 14.6 leaves/msg, 402s)
2026-08-08 04:10:17   [GPU] 1,300,030 evals (33477 batches, avg 39/batch = 8% of 512, 3127 evals/s, 213 msg/s, 14.7 leaves/msg, 416s)
2026-08-08 04:10:31   [GPU] 1,350,025 evals (34665 batches, avg 39/batch = 8% of 512, 3145 evals/s, 214 msg/s, 14.7 leaves/msg, 429s)
2026-08-08 04:10:46   [GPU] 1,400,029 evals (35934 batches, avg 39/batch = 8% of 512, 3152 evals/s, 215 msg/s, 14.7 leaves/msg, 444s)
2026-08-08 04:10:55 [iter 20/40] eval vs best: 10/40 games (454s, cand 50%)
2026-08-08 04:11:02   [GPU] 1,450,007 evals (37276 batches, avg 39/batch = 8% of 512, 3153 evals/s, 215 msg/s, 14.7 leaves/msg, 460s)
2026-08-08 04:11:17   [GPU] 1,500,011 evals (38599 batches, avg 39/batch = 8% of 512, 3157 evals/s, 215 msg/s, 14.7 leaves/msg, 475s)
2026-08-08 04:11:34   [GPU] 1,550,015 evals (40032 batches, avg 39/batch = 8% of 512, 3150 evals/s, 215 msg/s, 14.7 leaves/msg, 492s)
2026-08-08 04:11:54   [GPU] 1,600,015 evals (41645 batches, avg 38/batch = 8% of 512, 3126 evals/s, 213 msg/s, 14.7 leaves/msg, 512s)
2026-08-08 04:12:12   [GPU] 1,650,030 evals (43176 batches, avg 38/batch = 7% of 512, 3109 evals/s, 212 msg/s, 14.7 leaves/msg, 531s)
2026-08-08 04:12:30   [GPU] 1,700,003 evals (44679 batches, avg 38/batch = 7% of 512, 3098 evals/s, 211 msg/s, 14.7 leaves/msg, 549s)
2026-08-08 04:12:47   [GPU] 1,750,016 evals (46100 batches, avg 38/batch = 7% of 512, 3095 evals/s, 211 msg/s, 14.7 leaves/msg, 565s)
2026-08-08 04:13:03   [GPU] 1,800,067 evals (47476 batches, avg 38/batch = 7% of 512, 3097 evals/s, 211 msg/s, 14.7 leaves/msg, 581s)
2026-08-08 04:13:18   [GPU] 1,850,019 evals (48793 batches, avg 38/batch = 7% of 512, 3101 evals/s, 211 msg/s, 14.7 leaves/msg, 597s)
2026-08-08 04:13:28 [iter 20/40] eval vs best: 15/40 games (607s, cand 75%)
2026-08-08 04:13:34   [GPU] 1,900,024 evals (50174 batches, avg 38/batch = 7% of 512, 3102 evals/s, 211 msg/s, 14.7 leaves/msg, 613s)
2026-08-08 04:13:51   [GPU] 1,950,022 evals (51613 batches, avg 38/batch = 7% of 512, 3098 evals/s, 211 msg/s, 14.7 leaves/msg, 630s)
2026-08-08 04:14:08   [GPU] 2,000,021 evals (52973 batches, avg 38/batch = 7% of 512, 3096 evals/s, 210 msg/s, 14.7 leaves/msg, 646s)
2026-08-08 04:14:23   [GPU] 2,050,046 evals (54309 batches, avg 38/batch = 7% of 512, 3100 evals/s, 211 msg/s, 14.7 leaves/msg, 661s)
2026-08-08 04:14:39   [GPU] 2,100,014 evals (55683 batches, avg 38/batch = 7% of 512, 3101 evals/s, 211 msg/s, 14.7 leaves/msg, 677s)
2026-08-08 04:14:54   [GPU] 2,150,055 evals (57059 batches, avg 38/batch = 7% of 512, 3104 evals/s, 211 msg/s, 14.7 leaves/msg, 693s)
2026-08-08 04:15:09   [GPU] 2,200,054 evals (58407 batches, avg 38/batch = 7% of 512, 3109 evals/s, 211 msg/s, 14.7 leaves/msg, 708s)
2026-08-08 04:15:25   [GPU] 2,250,023 evals (59760 batches, avg 38/batch = 7% of 512, 3112 evals/s, 211 msg/s, 14.7 leaves/msg, 723s)
2026-08-08 04:15:40   [GPU] 2,300,023 evals (61105 batches, avg 38/batch = 7% of 512, 3117 evals/s, 212 msg/s, 14.7 leaves/msg, 738s)
2026-08-08 04:15:53   [GPU] 2,350,007 evals (62351 batches, avg 38/batch = 7% of 512, 3126 evals/s, 212 msg/s, 14.7 leaves/msg, 752s)
2026-08-08 04:16:04 [iter 20/40] eval vs best: 20/40 games (763s, cand 80%)
2026-08-08 04:16:07   [GPU] 2,400,003 evals (63585 batches, avg 38/batch = 7% of 512, 3134 evals/s, 213 msg/s, 14.7 leaves/msg, 766s)
2026-08-08 04:16:24   [GPU] 2,450,037 evals (65029 batches, avg 38/batch = 7% of 512, 3130 evals/s, 213 msg/s, 14.7 leaves/msg, 783s)
2026-08-08 04:16:42   [GPU] 2,500,001 evals (66464 batches, avg 38/batch = 7% of 512, 3125 evals/s, 212 msg/s, 14.7 leaves/msg, 800s)
2026-08-08 04:17:00   [GPU] 2,550,010 evals (68003 batches, avg 37/batch = 7% of 512, 3115 evals/s, 212 msg/s, 14.7 leaves/msg, 819s)
2026-08-08 04:17:18   [GPU] 2,600,007 evals (69437 batches, avg 37/batch = 7% of 512, 3111 evals/s, 211 msg/s, 14.7 leaves/msg, 836s)
2026-08-08 04:17:34   [GPU] 2,650,004 evals (70861 batches, avg 37/batch = 7% of 512, 3108 evals/s, 211 msg/s, 14.7 leaves/msg, 853s)
2026-08-08 04:17:52   [GPU] 2,700,016 evals (72328 batches, avg 37/batch = 7% of 512, 3103 evals/s, 211 msg/s, 14.7 leaves/msg, 870s)
2026-08-08 04:18:07   [GPU] 2,750,011 evals (73658 batches, avg 37/batch = 7% of 512, 3105 evals/s, 211 msg/s, 14.7 leaves/msg, 886s)
2026-08-08 04:18:22   [GPU] 2,800,055 evals (74952 batches, avg 37/batch = 7% of 512, 3109 evals/s, 211 msg/s, 14.7 leaves/msg, 901s)
2026-08-08 04:18:36   [GPU] 2,850,014 evals (76153 batches, avg 37/batch = 7% of 512, 3117 evals/s, 212 msg/s, 14.7 leaves/msg, 914s)
2026-08-08 04:18:49   [GPU] 2,900,010 evals (77291 batches, avg 38/batch = 7% of 512, 3127 evals/s, 212 msg/s, 14.7 leaves/msg, 927s)
2026-08-08 04:18:54 [iter 20/40] eval vs best: 25/40 games (933s, cand 83%)
2026-08-08 04:19:02   [GPU] 2,950,007 evals (78466 batches, avg 38/batch = 7% of 512, 3136 evals/s, 213 msg/s, 14.7 leaves/msg, 941s)
2026-08-08 04:19:15   [GPU] 3,000,022 evals (79597 batches, avg 38/batch = 7% of 512, 3145 evals/s, 214 msg/s, 14.7 leaves/msg, 954s)
2026-08-08 04:19:28   [GPU] 3,050,022 evals (80738 batches, avg 38/batch = 7% of 512, 3155 evals/s, 214 msg/s, 14.7 leaves/msg, 967s)
2026-08-08 04:19:43   [GPU] 3,100,029 evals (81963 batches, avg 38/batch = 7% of 512, 3161 evals/s, 215 msg/s, 14.7 leaves/msg, 981s)
2026-08-08 04:19:56   [GPU] 3,150,002 evals (83166 batches, avg 38/batch = 7% of 512, 3166 evals/s, 215 msg/s, 14.7 leaves/msg, 995s)
2026-08-08 04:20:10   [GPU] 3,200,017 evals (84363 batches, avg 38/batch = 7% of 512, 3172 evals/s, 215 msg/s, 14.7 leaves/msg, 1009s)
2026-08-08 04:20:24   [GPU] 3,250,029 evals (85585 batches, avg 38/batch = 7% of 512, 3179 evals/s, 216 msg/s, 14.7 leaves/msg, 1022s)
2026-08-08 04:20:39   [GPU] 3,300,010 evals (86872 batches, avg 38/batch = 7% of 512, 3181 evals/s, 216 msg/s, 14.7 leaves/msg, 1037s)
2026-08-08 04:20:56   [GPU] 3,350,039 evals (88308 batches, avg 38/batch = 7% of 512, 3178 evals/s, 216 msg/s, 14.7 leaves/msg, 1054s)
2026-08-08 04:21:05 [iter 20/40] eval vs best: 30/40 games (1063s, cand 83%)
2026-08-08 04:21:14   [GPU] 3,400,043 evals (89795 batches, avg 38/batch = 7% of 512, 3172 evals/s, 215 msg/s, 14.7 leaves/msg, 1072s)
2026-08-08 04:21:33   [GPU] 3,450,015 evals (91349 batches, avg 38/batch = 7% of 512, 3163 evals/s, 215 msg/s, 14.7 leaves/msg, 1091s)
2026-08-08 04:21:51   [GPU] 3,500,052 evals (92888 batches, avg 38/batch = 7% of 512, 3154 evals/s, 214 msg/s, 14.7 leaves/msg, 1110s)
2026-08-08 04:22:10   [GPU] 3,550,000 evals (94468 batches, avg 38/batch = 7% of 512, 3146 evals/s, 214 msg/s, 14.7 leaves/msg, 1128s)
2026-08-08 04:22:30   [GPU] 3,600,005 evals (96034 batches, avg 37/batch = 7% of 512, 3134 evals/s, 213 msg/s, 14.7 leaves/msg, 1149s)
2026-08-08 04:22:51   [GPU] 3,650,002 evals (97591 batches, avg 37/batch = 7% of 512, 3122 evals/s, 212 msg/s, 14.7 leaves/msg, 1169s)
2026-08-08 04:23:09   [GPU] 3,700,041 evals (99131 batches, avg 37/batch = 7% of 512, 3116 evals/s, 211 msg/s, 14.7 leaves/msg, 1187s)
2026-08-08 04:23:27   [GPU] 3,750,012 evals (100648 batches, avg 37/batch = 7% of 512, 3112 evals/s, 211 msg/s, 14.7 leaves/msg, 1205s)
2026-08-08 04:23:45   [GPU] 3,800,000 evals (102150 batches, avg 37/batch = 7% of 512, 3107 evals/s, 211 msg/s, 14.7 leaves/msg, 1223s)
2026-08-08 04:24:03   [GPU] 3,850,031 evals (103680 batches, avg 37/batch = 7% of 512, 3102 evals/s, 210 msg/s, 14.7 leaves/msg, 1241s)
2026-08-08 04:24:22   [GPU] 3,900,019 evals (105284 batches, avg 37/batch = 7% of 512, 3095 evals/s, 210 msg/s, 14.7 leaves/msg, 1260s)
2026-08-08 04:24:46   [GPU] 3,950,015 evals (107171 batches, avg 37/batch = 7% of 512, 3075 evals/s, 209 msg/s, 14.7 leaves/msg, 1285s)
2026-08-08 04:24:56 [iter 20/40] eval vs best: 35/40 games (1294s, cand 83%)
2026-08-08 04:25:14   [GPU] 4,000,007 evals (109156 batches, avg 37/batch = 7% of 512, 3048 evals/s, 207 msg/s, 14.7 leaves/msg, 1312s)
2026-08-08 04:25:44   [GPU] 4,050,006 evals (111291 batches, avg 36/batch = 7% of 512, 3017 evals/s, 205 msg/s, 14.7 leaves/msg, 1342s)
2026-08-08 04:26:26   [GPU] 4,100,029 evals (113856 batches, avg 36/batch = 7% of 512, 2962 evals/s, 201 msg/s, 14.7 leaves/msg, 1384s)
2026-08-08 04:27:14   [GPU] 4,150,007 evals (116659 batches, avg 36/batch = 7% of 512, 2898 evals/s, 197 msg/s, 14.7 leaves/msg, 1432s)
2026-08-08 04:28:01   [GPU] 4,200,005 evals (119391 batches, avg 35/batch = 7% of 512, 2840 evals/s, 193 msg/s, 14.7 leaves/msg, 1479s)
2026-08-08 04:30:08   [GPU] 4,250,001 evals (122738 batches, avg 35/batch = 7% of 512, 2645 evals/s, 180 msg/s, 14.7 leaves/msg, 1607s)
2026-08-08 04:30:35 [iter 20/40] eval vs best: 40/40 games (1634s, cand 83%)
2026-08-08 04:30:36 WARNING: 3 consecutive evals decided fewer than the 10 games the accept gate requires (25% of 40). The gate CANNOT accept at this decided rate regardless of strength — lower eval_games, raise max_game_moves, or check that the champion can reach its goal at all.
2026-08-08 04:30:36 [iter 20/40] eval vs best done: 83.3% of 6 decided reject (only 6/40 games decided — too few to gate on) (1634s)
2026-08-08 04:30:36 [iter 20/40] eval vs random (40 games, 600 sims)...
2026-08-08 04:30:36 [EVAL-MP] 8 workers spawned (40 vs_random games, sims=600), GPU batcher starting...
2026-08-08 04:30:55   [GPU] 50,060 evals (1324 batches, avg 38/batch = 7% of 512, 2625 evals/s, 175 msg/s, 15.0 leaves/msg, 19s)
2026-08-08 04:31:05   [GPU] 100,017 evals (2362 batches, avg 42/batch = 8% of 512, 3427 evals/s, 230 msg/s, 14.9 leaves/msg, 29s)
2026-08-08 04:31:14   [GPU] 150,038 evals (3334 batches, avg 45/batch = 9% of 512, 3893 evals/s, 264 msg/s, 14.8 leaves/msg, 39s)
2026-08-08 04:31:22 [iter 20/40] eval vs random: 5/40 games (46s, cand 100%)
2026-08-08 04:31:25   [GPU] 200,000 evals (4468 batches, avg 45/batch = 9% of 512, 4035 evals/s, 278 msg/s, 14.5 leaves/msg, 50s)
2026-08-08 04:31:35 [iter 20/40] eval vs random: 10/40 games (60s, cand 83%)
2026-08-08 04:31:40   [GPU] 250,005 evals (5871 batches, avg 43/batch = 8% of 512, 3883 evals/s, 267 msg/s, 14.6 leaves/msg, 64s)
2026-08-08 04:31:50   [GPU] 300,033 evals (6877 batches, avg 44/batch = 9% of 512, 4051 evals/s, 279 msg/s, 14.5 leaves/msg, 74s)
2026-08-08 04:31:58 [iter 20/40] eval vs random: 15/40 games (82s, cand 90%)
2026-08-08 04:32:01   [GPU] 350,032 evals (8137 batches, avg 43/batch = 8% of 512, 4080 evals/s, 282 msg/s, 14.5 leaves/msg, 86s)
2026-08-08 04:32:12   [GPU] 400,020 evals (9315 batches, avg 43/batch = 8% of 512, 4134 evals/s, 286 msg/s, 14.4 leaves/msg, 97s)
2026-08-08 04:32:13 [iter 20/40] eval vs random: 20/40 games (98s, cand 92%)
2026-08-08 04:32:25   [GPU] 450,011 evals (10567 batches, avg 43/batch = 8% of 512, 4119 evals/s, 286 msg/s, 14.4 leaves/msg, 109s)
2026-08-08 04:32:36   [GPU] 500,007 evals (11669 batches, avg 43/batch = 8% of 512, 4167 evals/s, 289 msg/s, 14.4 leaves/msg, 120s)
2026-08-08 04:32:46   [GPU] 550,034 evals (12711 batches, avg 43/batch = 8% of 512, 4227 evals/s, 293 msg/s, 14.4 leaves/msg, 130s)
2026-08-08 04:32:52 [iter 20/40] eval vs random: 25/40 games (136s, cand 93%)
2026-08-08 04:32:55   [GPU] 600,015 evals (13653 batches, avg 44/batch = 9% of 512, 4311 evals/s, 300 msg/s, 14.4 leaves/msg, 139s)
2026-08-08 04:33:04 [iter 20/40] eval vs random: 30/40 games (149s, cand 88%)
2026-08-08 04:33:08   [GPU] 650,042 evals (15054 batches, avg 43/batch = 8% of 512, 4256 evals/s, 297 msg/s, 14.4 leaves/msg, 153s)
2026-08-08 04:33:21   [GPU] 700,006 evals (16380 batches, avg 43/batch = 8% of 512, 4223 evals/s, 294 msg/s, 14.4 leaves/msg, 166s)
2026-08-08 04:33:36   [GPU] 750,013 evals (17828 batches, avg 42/batch = 8% of 512, 4157 evals/s, 289 msg/s, 14.4 leaves/msg, 180s)
2026-08-08 04:33:43 [iter 20/40] eval vs random: 35/40 games (187s, cand 85%)
2026-08-08 04:33:50   [GPU] 800,001 evals (19278 batches, avg 41/batch = 8% of 512, 4116 evals/s, 287 msg/s, 14.4 leaves/msg, 194s)
2026-08-08 04:34:02 [iter 20/40] eval vs random: 40/40 games (206s, cand 82%)
2026-08-08 04:34:02 [iter 20/40] eval vs random done: 81.8% (207s)
2026-08-08 04:34:02 [iter 20/40] eval vs greedy (80 games, 600 sims)...
2026-08-08 04:34:02 [EVAL-MP] 8 workers spawned (80 vs_greedy games, sims=600), GPU batcher starting...
2026-08-08 04:34:21 [iter 20/40] eval vs greedy: 5/80 games (19s, cand 0%)
2026-08-08 04:34:26   [GPU] 50,028 evals (1686 batches, avg 30/batch = 6% of 512, 2078 evals/s, 141 msg/s, 14.8 leaves/msg, 24s)
2026-08-08 04:34:32 [iter 20/40] eval vs greedy: 10/80 games (29s, cand 0%)
2026-08-08 04:34:39 [iter 20/40] eval vs greedy: 15/80 games (37s, cand 0%)
2026-08-08 04:34:47   [GPU] 100,010 evals (3402 batches, avg 29/batch = 6% of 512, 2213 evals/s, 149 msg/s, 14.9 leaves/msg, 45s)
2026-08-08 04:34:50 [iter 20/40] eval vs greedy: 20/80 games (48s, cand 0%)
2026-08-08 04:34:57 [iter 20/40] eval vs greedy: 25/80 games (54s, cand 0%)
2026-08-08 04:35:08   [GPU] 150,019 evals (5080 batches, avg 30/batch = 6% of 512, 2266 evals/s, 152 msg/s, 14.9 leaves/msg, 66s)
2026-08-08 04:35:09 [iter 20/40] eval vs greedy: 30/80 games (67s, cand 0%)
2026-08-08 04:35:18 [iter 20/40] eval vs greedy: 35/80 games (76s, cand 0%)
2026-08-08 04:35:27 [iter 20/40] eval vs greedy: 40/80 games (85s, cand 0%)
2026-08-08 04:35:30   [GPU] 200,037 evals (6780 batches, avg 30/batch = 6% of 512, 2291 evals/s, 154 msg/s, 14.9 leaves/msg, 87s)
2026-08-08 04:35:35 [iter 20/40] eval vs greedy: 45/80 games (93s, cand 0%)
2026-08-08 04:35:46 [iter 20/40] eval vs greedy: 50/80 games (103s, cand 0%)
2026-08-08 04:35:50   [GPU] 250,013 evals (8439 batches, avg 30/batch = 6% of 512, 2318 evals/s, 156 msg/s, 14.9 leaves/msg, 108s)
2026-08-08 04:35:54 [iter 20/40] eval vs greedy: 55/80 games (112s, cand 0%)
2026-08-08 04:36:08 [iter 20/40] eval vs greedy: 60/80 games (125s, cand 0%)
2026-08-08 04:36:12   [GPU] 300,010 evals (10116 batches, avg 30/batch = 6% of 512, 2312 evals/s, 155 msg/s, 14.9 leaves/msg, 130s)
2026-08-08 04:36:16 [iter 20/40] eval vs greedy: 65/80 games (133s, cand 0%)
2026-08-08 04:36:26 [iter 20/40] eval vs greedy: 70/80 games (144s, cand 0%)
2026-08-08 04:36:40 [iter 20/40] eval vs greedy: 75/80 games (157s, cand 0%)
2026-08-08 04:36:42   [GPU] 350,007 evals (12108 batches, avg 29/batch = 6% of 512, 2192 evals/s, 147 msg/s, 14.9 leaves/msg, 160s)
2026-08-08 04:37:05 [iter 20/40] eval vs greedy: 80/80 games (183s, cand 0%)
2026-08-08 04:37:05 [iter 20/40] eval vs greedy done: 0.0% of 80 decided [seat0:0/20 seat1:0/20 seat2:0/20 seat3:0/20] (183s)
2026-08-08 04:37:05 [iter 20/40] eval vs minimax (depth 2, 80 games)...
2026-08-08 04:37:05 [EVAL-MP] 8 workers spawned (80 vs_minimax games, sims=600), GPU batcher starting...
2026-08-08 04:37:31   [GPU] 50,022 evals (1699 batches, avg 29/batch = 6% of 512, 1926 evals/s, 126 msg/s, 15.3 leaves/msg, 26s)
2026-08-08 04:37:42 [iter 20/40] eval vs minimax: 5/80 games (0%)
2026-08-08 04:37:43   [GPU] 100,013 evals (2872 batches, avg 35/batch = 7% of 512, 2669 evals/s, 183 msg/s, 14.6 leaves/msg, 37s)
2026-08-08 04:38:04   [GPU] 150,019 evals (4547 batches, avg 33/batch = 6% of 512, 2550 evals/s, 174 msg/s, 14.6 leaves/msg, 59s)
2026-08-08 04:38:10 [iter 20/40] eval vs minimax: 10/80 games (0%)
2026-08-08 04:38:18   [GPU] 200,023 evals (5890 batches, avg 34/batch = 7% of 512, 2761 evals/s, 192 msg/s, 14.4 leaves/msg, 72s)
2026-08-08 04:38:19 [iter 20/40] eval vs minimax: 15/80 games (7%)
2026-08-08 04:38:38   [GPU] 250,008 evals (7554 batches, avg 33/batch = 6% of 512, 2702 evals/s, 187 msg/s, 14.4 leaves/msg, 93s)
2026-08-08 04:38:42 [iter 20/40] eval vs minimax: 20/80 games (10%)
2026-08-08 04:38:55   [GPU] 300,015 evals (9125 batches, avg 33/batch = 6% of 512, 2734 evals/s, 190 msg/s, 14.4 leaves/msg, 110s)
2026-08-08 04:39:04 [iter 20/40] eval vs minimax: 25/80 games (8%)
2026-08-08 04:39:12   [GPU] 350,000 evals (10689 batches, avg 33/batch = 6% of 512, 2756 evals/s, 191 msg/s, 14.4 leaves/msg, 127s)
2026-08-08 04:39:27 [iter 20/40] eval vs minimax: 30/80 games (7%)
2026-08-08 04:39:29   [GPU] 400,030 evals (12212 batches, avg 33/batch = 6% of 512, 2795 evals/s, 194 msg/s, 14.4 leaves/msg, 143s)
2026-08-08 04:39:44 [iter 20/40] eval vs minimax: 35/80 games (6%)
2026-08-08 04:39:47   [GPU] 450,029 evals (13863 batches, avg 32/batch = 6% of 512, 2781 evals/s, 193 msg/s, 14.4 leaves/msg, 162s)
2026-08-08 04:40:02 [iter 20/40] eval vs minimax: 40/80 games (5%)
2026-08-08 04:40:02   [GPU] 500,011 evals (15302 batches, avg 33/batch = 6% of 512, 2825 evals/s, 197 msg/s, 14.4 leaves/msg, 177s)
2026-08-08 04:40:21   [GPU] 550,000 evals (16941 batches, avg 32/batch = 6% of 512, 2810 evals/s, 195 msg/s, 14.4 leaves/msg, 196s)
2026-08-08 04:40:31 [iter 20/40] eval vs minimax: 45/80 games (4%)
2026-08-08 04:40:34   [GPU] 600,006 evals (18220 batches, avg 33/batch = 6% of 512, 2876 evals/s, 200 msg/s, 14.4 leaves/msg, 209s)
2026-08-08 04:40:41 [iter 20/40] eval vs minimax: 50/80 games (6%)
2026-08-08 04:40:53   [GPU] 650,010 evals (19895 batches, avg 33/batch = 6% of 512, 2857 evals/s, 199 msg/s, 14.4 leaves/msg, 228s)
2026-08-08 04:41:08   [GPU] 700,032 evals (21299 batches, avg 33/batch = 6% of 512, 2892 evals/s, 201 msg/s, 14.4 leaves/msg, 242s)
2026-08-08 04:41:11 [iter 20/40] eval vs minimax: 55/80 games (5%)
2026-08-08 04:41:20 [iter 20/40] eval vs minimax: 60/80 games (5%)
2026-08-08 04:41:27   [GPU] 750,006 evals (22982 batches, avg 33/batch = 6% of 512, 2862 evals/s, 199 msg/s, 14.4 leaves/msg, 262s)
2026-08-08 04:41:43   [GPU] 800,015 evals (24444 batches, avg 33/batch = 6% of 512, 2880 evals/s, 201 msg/s, 14.3 leaves/msg, 278s)
2026-08-08 04:41:48 [iter 20/40] eval vs minimax: 65/80 games (5%)
2026-08-08 04:42:03   [GPU] 850,018 evals (26087 batches, avg 33/batch = 6% of 512, 2856 evals/s, 199 msg/s, 14.3 leaves/msg, 298s)
2026-08-08 04:42:09 [iter 20/40] eval vs minimax: 70/80 games (4%)
2026-08-08 04:42:20   [GPU] 900,008 evals (27623 batches, avg 33/batch = 6% of 512, 2863 evals/s, 200 msg/s, 14.3 leaves/msg, 314s)
2026-08-08 04:42:25 [iter 20/40] eval vs minimax: 75/80 games (4%)
2026-08-08 04:43:05   [GPU] 950,005 evals (30167 batches, avg 31/batch = 6% of 512, 2646 evals/s, 185 msg/s, 14.3 leaves/msg, 359s)
2026-08-08 04:43:06 [iter 20/40] eval vs minimax: 80/80 games (4%)
2026-08-08 04:43:06 [iter 20/40] eval vs minimax done: 3.8% of 80 decided [seat0:0/20 seat1:1/20 seat2:1/20 seat3:1/20] (361s)
2026-08-08 04:43:06 >>> iter 20 | loss_p=1.373 loss_v=0.134 | vs_best=83.3% reject | vs_rand=81.8% | draw=14% | buf=100000 | rss=3.34GB | sp=1160s train=8s eval_best=1634s eval_rand=207s | total=3556s
2026-08-08 04:43:06 STOPPING EARLY at iteration 20/40 — never acquired racing: best per-seat greedy rate 0% stayed under the 25% floor for 2 consecutive evals after iteration 12. The curriculum is not delivering at this setting; more iterations will not fix it.
